date,precip_mm
1995-01-01,0.0
1995-01-02,0.0
1995-01-03,0.0
1995-01-04,0.0
1995-01-05,0.0
1995-01-06,0.13
1995-01-07,0.18
1995-01-08,0.43
1995-01-09,5.78
1995-01-10,3.08
1995-01-11,0.16
1995-01-12,0.07
1995-01-13,0.0
1995-01-14,0.01
1995-01-15,0.51
1995-01-16,1.8
1995-01-17,0.27
1995-01-18,0.01
1995-01-19,0.0
1995-01-20,0.17
1995-01-21,0.04
1995-01-22,0.0
1995-01-23,0.0
1995-01-24,0.0
1995-01-25,0.0
1995-01-26,0.0
1995-01-27,0.0
1995-01-28,0.0
1995-01-29,0.0
1995-01-30,0.0
1995-01-31,0.0
1995-02-01,0.0
1995-02-02,0.0
1995-02-03,0.0
1995-02-04,0.0
1995-02-05,0.0
1995-02-06,0.0
1995-02-07,0.0
1995-02-08,0.0
1995-02-09,0.0
1995-02-10,0.0
1995-02-11,0.0
1995-02-12,0.0
1995-02-13,0.0
1995-02-14,0.0
1995-02-15,0.0
1995-02-16,0.0
1995-02-17,0.0
1995-02-18,0.0
1995-02-19,0.0
1995-02-20,0.0
1995-02-21,0.0
1995-02-22,0.0
1995-02-23,0.0
1995-02-24,0.0
1995-02-25,0.0
1995-02-26,0.0
1995-02-27,0.0
1995-02-28,0.0
1995-03-01,0.0
1995-03-02,0.0
1995-03-03,0.0
1995-03-04,0.0
1995-03-05,0.0
1995-03-06,0.0
1995-03-07,0.0
1995-03-08,0.0
1995-03-09,0.06
1995-03-10,0.77
1995-03-11,0.15
1995-03-12,1.92
1995-03-13,3.73
1995-03-14,0.02
1995-03-15,0.02
1995-03-16,0.02
1995-03-17,0.01
1995-03-18,0.0
1995-03-19,0.0
1995-03-20,0.0
1995-03-21,0.0
1995-03-22,0.0
1995-03-23,0.01
1995-03-24,0.02
1995-03-25,0.01
1995-03-26,0.95
1995-03-27,0.48
1995-03-28,0.04
1995-03-29,0.02
1995-03-30,0.12
1995-03-31,0.01
1995-04-01,0.0
1995-04-02,0.0
1995-04-03,0.0
1995-04-04,0.0
1995-04-05,0.23
1995-04-06,4.7
1995-04-07,3.73
1995-04-08,0.75
1995-04-09,0.17
1995-04-10,0.0
1995-04-11,0.1
1995-04-12,0.17
1995-04-13,0.07
1995-04-14,0.02
1995-04-15,1.13
1995-04-16,0.17
1995-04-17,0.09
1995-04-18,0.13
1995-04-19,9.95
1995-04-20,6.56
1995-04-21,0.91
1995-04-22,0.16
1995-04-23,0.04
1995-04-24,0.2
1995-04-25,5.9
1995-04-26,2.33
1995-04-27,0.31
1995-04-28,0.03
1995-04-29,1.41
1995-04-30,3.98
1995-05-01,10.44
1995-05-02,5.44
1995-05-03,1.65
1995-05-04,1.2
1995-05-05,2.01
1995-05-06,8.45
1995-05-07,39.29
1995-05-08,27.6
1995-05-09,5.1
1995-05-10,40.33
1995-05-11,36.76
1995-05-12,4.7
1995-05-13,0.68
1995-05-14,0.22
1995-05-15,0.32
1995-05-16,0.19
1995-05-17,0.06
1995-05-18,0.02
1995-05-19,0.03
1995-05-20,0.0
1995-05-21,4.41
1995-05-22,0.39
1995-05-23,1.32
1995-05-24,0.25
1995-05-25,10.85
1995-05-26,6.05
1995-05-27,1.27
1995-05-28,0.07
1995-05-29,0.32
1995-05-30,0.11
1995-05-31,2.26
1995-06-01,0.7
1995-06-02,6.85
1995-06-03,20.51
1995-06-04,6.15
1995-06-05,4.59
1995-06-06,0.79
1995-06-07,0.06
1995-06-08,1.08
1995-06-09,2.87
1995-06-10,12.78
1995-06-11,33.94
1995-06-12,36.76
1995-06-13,55.64
1995-06-14,29.31
1995-06-15,14.32
1995-06-16,50.61
1995-06-17,16.71
1995-06-18,9.69
1995-06-19,4.04
1995-06-20,1.13
1995-06-21,10.13
1995-06-22,6.9
1995-06-23,3.08
1995-06-24,10.23
1995-06-25,5.39
1995-06-26,11.57
1995-06-27,13.79
1995-06-28,17.63
1995-06-29,18.49
1995-06-30,25.5
1995-07-01,14.74
1995-07-02,18.51
1995-07-03,5.48
1995-07-04,4.26
1995-07-05,4.66
1995-07-06,14.86
1995-07-07,20.82
1995-07-08,6.13
1995-07-09,6.99
1995-07-10,9.27
1995-07-11,38.62
1995-07-12,25.66
1995-07-13,14.8
1995-07-14,17.86
1995-07-15,12.45
1995-07-16,12.28
1995-07-17,30.42
1995-07-18,17.05
1995-07-19,7.24
1995-07-20,5.48
1995-07-21,6.39
1995-07-22,7.28
1995-07-23,17.69
1995-07-24,18.1
1995-07-25,17.78
1995-07-26,7.39
1995-07-27,9.01
1995-07-28,15.17
1995-07-29,7.38
1995-07-30,7.21
1995-07-31,27.45
1995-08-01,9.55
1995-08-02,5.77
1995-08-03,1.96
1995-08-04,3.47
1995-08-05,4.5
1995-08-06,2.55
1995-08-07,5.07
1995-08-08,3.44
1995-08-09,7.53
1995-08-10,8.03
1995-08-11,1.97
1995-08-12,3.94
1995-08-13,1.27
1995-08-14,3.51
1995-08-15,6.86
1995-08-16,3.69
1995-08-17,1.86
1995-08-18,10.77
1995-08-19,8.96
1995-08-20,18.94
1995-08-21,7.35
1995-08-22,2.62
1995-08-23,3.61
1995-08-24,9.05
1995-08-25,2.94
1995-08-26,9.61
1995-08-27,18.17
1995-08-28,10.94
1995-08-29,11.18
1995-08-30,20.72
1995-08-31,37.04
1995-09-01,39.31
1995-09-02,20.61
1995-09-03,6.53
1995-09-04,10.93
1995-09-05,5.62
1995-09-06,9.05
1995-09-07,7.32
1995-09-08,2.53
1995-09-09,0.07
1995-09-10,0.29
1995-09-11,1.52
1995-09-12,1.75
1995-09-13,0.6
1995-09-14,1.92
1995-09-15,7.68
1995-09-16,8.73
1995-09-17,5.61
1995-09-18,3.44
1995-09-19,0.28
1995-09-20,9.04
1995-09-21,4.84
1995-09-22,1.28
1995-09-23,0.76
1995-09-24,0.74
1995-09-25,0.29
1995-09-26,0.06
1995-09-27,0.02
1995-09-28,1.85
1995-09-29,0.26
1995-09-30,3.72
1995-10-01,1.47
1995-10-02,1.27
1995-10-03,0.86
1995-10-04,4.66
1995-10-05,2.19
1995-10-06,2.88
1995-10-07,1.62
1995-10-08,25.41
1995-10-09,11.76
1995-10-10,3.95
1995-10-11,3.72
1995-10-12,4.56
1995-10-13,3.46
1995-10-14,4.96
1995-10-15,0.36
1995-10-16,0.36
1995-10-17,0.0
1995-10-18,0.02
1995-10-19,1.26
1995-10-20,0.41
1995-10-21,8.0
1995-10-22,4.92
1995-10-23,4.38
1995-10-24,1.54
1995-10-25,2.17
1995-10-26,2.07
1995-10-27,5.17
1995-10-28,11.49
1995-10-29,2.11
1995-10-30,0.37
1995-10-31,0.58
1995-11-01,1.47
1995-11-02,6.88
1995-11-03,10.8
1995-11-04,17.38
1995-11-05,7.59
1995-11-06,2.21
1995-11-07,6.55
1995-11-08,2.86
1995-11-09,0.28
1995-11-10,0.45
1995-11-11,0.04
1995-11-12,0.15
1995-11-13,0.3
1995-11-14,0.21
1995-11-15,0.14
1995-11-16,0.08
1995-11-17,0.05
1995-11-18,0.02
1995-11-19,0.0
1995-11-20,0.06
1995-11-21,0.04
1995-11-22,0.41
1995-11-23,0.28
1995-11-24,0.13
1995-11-25,0.81
1995-11-26,0.42
1995-11-27,0.07
1995-11-28,10.43
1995-11-29,5.28
1995-11-30,0.11
1995-12-01,0.02
1995-12-02,0.0
1995-12-03,0.0
1995-12-04,0.49
1995-12-05,3.35
1995-12-06,0.0
1995-12-07,0.0
1995-12-08,0.0
1995-12-09,0.0
1995-12-10,0.0
1995-12-11,0.07
1995-12-12,0.0
1995-12-13,0.0
1995-12-14,0.0
1995-12-15,0.0
1995-12-16,0.0
1995-12-17,0.0
1995-12-18,0.0
1995-12-19,0.0
1995-12-20,0.0
1995-12-21,0.0
1995-12-22,0.0
1995-12-23,0.0
1995-12-24,0.0
1995-12-25,0.0
1995-12-26,0.0
1995-12-27,0.0
1995-12-28,0.0
1995-12-29,0.0
1995-12-30,0.0
1995-12-31,0.0
1996-01-01,0.0
1996-01-02,0.0
1996-01-03,0.0
1996-01-04,0.0
1996-01-05,0.0
1996-01-06,0.0
1996-01-07,0.0
1996-01-08,0.0
1996-01-09,0.0
1996-01-10,0.0
1996-01-11,0.0
1996-01-12,0.0
1996-01-13,0.0
1996-01-14,0.0
1996-01-15,0.0
1996-01-16,0.06
1996-01-17,0.01
1996-01-18,0.0
1996-01-19,0.0
1996-01-20,0.0
1996-01-21,0.0
1996-01-22,0.0
1996-01-23,0.0
1996-01-24,0.0
1996-01-25,0.0
1996-01-26,0.0
1996-01-27,0.0
1996-01-28,0.0
1996-01-29,0.0
1996-01-30,0.0
1996-01-31,0.0
1996-02-01,7.73
1996-02-02,0.0
1996-02-03,0.0
1996-02-04,0.0
1996-02-05,0.0
1996-02-06,0.0
1996-02-07,0.0
1996-02-08,0.0
1996-02-09,0.0
1996-02-10,0.0
1996-02-11,0.0
1996-02-12,0.0
1996-02-13,0.0
1996-02-14,0.0
1996-02-15,0.0
1996-02-16,0.0
1996-02-17,0.0
1996-02-18,0.0
1996-02-19,0.0
1996-02-20,0.0
1996-02-21,0.0
1996-02-22,0.0
1996-02-23,0.01
1996-02-24,0.0
1996-02-25,0.0
1996-02-26,0.0
1996-02-27,0.0
1996-02-28,0.02
1996-02-29,0.0
1996-03-01,0.0
1996-03-02,0.0
1996-03-03,0.0
1996-03-04,0.0
1996-03-05,0.0
1996-03-06,0.0
1996-03-07,0.0
1996-03-08,0.0
1996-03-09,0.0
1996-03-10,0.0
1996-03-11,0.0
1996-03-12,0.0
1996-03-13,0.0
1996-03-14,0.0
1996-03-15,0.0
1996-03-16,0.0
1996-03-17,0.0
1996-03-18,0.0
1996-03-19,0.0
1996-03-20,0.0
1996-03-21,0.0
1996-03-22,0.0
1996-03-23,0.0
1996-03-24,0.0
1996-03-25,0.0
1996-03-26,0.0
1996-03-27,0.04
1996-03-28,20.38
1996-03-29,1.73
1996-03-30,0.79
1996-03-31,0.11
1996-04-01,0.06
1996-04-02,0.04
1996-04-03,0.01
1996-04-04,0.0
1996-04-05,0.01
1996-04-06,0.1
1996-04-07,2.15
1996-04-08,1.01
1996-04-09,0.77
1996-04-10,1.96
1996-04-11,4.67
1996-04-12,2.58
1996-04-13,8.47
1996-04-14,2.6
1996-04-15,8.73
1996-04-16,1.17
1996-04-17,0.57
1996-04-18,3.16
1996-04-19,0.47
1996-04-20,0.06
1996-04-21,7.54
1996-04-22,3.31
1996-04-23,0.28
1996-04-24,0.24
1996-04-25,0.16
1996-04-26,0.48
1996-04-27,2.97
1996-04-28,1.09
1996-04-29,0.37
1996-04-30,2.18
1996-05-01,5.01
1996-05-02,1.87
1996-05-03,1.32
1996-05-04,0.63
1996-05-05,0.09
1996-05-06,0.02
1996-05-07,0.01
1996-05-08,0.0
1996-05-09,0.0
1996-05-10,0.0
1996-05-11,0.0
1996-05-12,0.0
1996-05-13,0.03
1996-05-14,0.01
1996-05-15,0.0
1996-05-16,0.0
1996-05-17,0.01
1996-05-18,0.08
1996-05-19,0.1
1996-05-20,6.89
1996-05-21,2.56
1996-05-22,0.06
1996-05-23,11.5
1996-05-24,2.92
1996-05-25,0.41
1996-05-26,0.16
1996-05-27,10.82
1996-05-28,5.13
1996-05-29,1.64
1996-05-30,3.52
1996-05-31,0.63
1996-06-01,0.72
1996-06-02,0.37
1996-06-03,20.94
1996-06-04,11.53
1996-06-05,7.54
1996-06-06,6.73
1996-06-07,4.37
1996-06-08,4.97
1996-06-09,14.53
1996-06-10,4.65
1996-06-11,8.38
1996-06-12,2.77
1996-06-13,14.22
1996-06-14,47.29
1996-06-15,51.05
1996-06-16,34.56
1996-06-17,23.51
1996-06-18,46.66
1996-06-19,32.93
1996-06-20,41.83
1996-06-21,29.71
1996-06-22,33.86
1996-06-23,3.84
1996-06-24,2.83
1996-06-25,0.92
1996-06-26,0.13
1996-06-27,0.05
1996-06-28,0.01
1996-06-29,0.14
1996-06-30,0.09
1996-07-01,0.0
1996-07-02,0.0
1996-07-03,0.0
1996-07-04,0.19
1996-07-05,0.34
1996-07-06,2.43
1996-07-07,1.89
1996-07-08,26.28
1996-07-09,16.1
1996-07-10,30.19
1996-07-11,24.93
1996-07-12,8.1
1996-07-13,39.86
1996-07-14,15.31
1996-07-15,8.44
1996-07-16,13.79
1996-07-17,24.57
1996-07-18,14.14
1996-07-19,18.89
1996-07-20,33.36
1996-07-21,25.95
1996-07-22,22.04
1996-07-23,22.27
1996-07-24,10.87
1996-07-25,24.1
1996-07-26,23.6
1996-07-27,12.71
1996-07-28,6.5
1996-07-29,12.64
1996-07-30,21.21
1996-07-31,12.12
1996-08-01,13.9
1996-08-02,8.72
1996-08-03,5.15
1996-08-04,1.38
1996-08-05,1.91
1996-08-06,7.91
1996-08-07,23.26
1996-08-08,4.89
1996-08-09,1.43
1996-08-10,2.3
1996-08-11,10.93
1996-08-12,14.0
1996-08-13,9.21
1996-08-14,7.29
1996-08-15,9.53
1996-08-16,7.63
1996-08-17,5.44
1996-08-18,19.92
1996-08-19,4.8
1996-08-20,0.84
1996-08-21,0.23
1996-08-22,17.8
1996-08-23,9.19
1996-08-24,14.33
1996-08-25,8.71
1996-08-26,5.33
1996-08-27,3.86
1996-08-28,1.29
1996-08-29,0.86
1996-08-30,0.99
1996-08-31,0.61
1996-09-01,0.97
1996-09-02,1.27
1996-09-03,1.04
1996-09-04,7.5
1996-09-05,3.17
1996-09-06,0.72
1996-09-07,0.39
1996-09-08,1.45
1996-09-09,0.44
1996-09-10,2.16
1996-09-11,2.02
1996-09-12,16.74
1996-09-13,14.87
1996-09-14,4.08
1996-09-15,2.3
1996-09-16,0.86
1996-09-17,1.86
1996-09-18,6.96
1996-09-19,2.36
1996-09-20,1.75
1996-09-21,7.44
1996-09-22,1.48
1996-09-23,0.14
1996-09-24,2.22
1996-09-25,5.56
1996-09-26,7.24
1996-09-27,4.23
1996-09-28,62.02
1996-09-29,29.6
1996-09-30,8.49
1996-10-01,4.04
1996-10-02,5.19
1996-10-03,6.29
1996-10-04,10.63
1996-10-05,1.49
1996-10-06,0.08
1996-10-07,0.01
1996-10-08,1.62
1996-10-09,2.78
1996-10-10,5.68
1996-10-11,20.4
1996-10-12,4.94
1996-10-13,3.36
1996-10-14,17.34
1996-10-15,18.69
1996-10-16,15.55
1996-10-17,14.05
1996-10-18,23.4
1996-10-19,18.96
1996-10-20,3.89
1996-10-21,0.15
1996-10-22,17.84
1996-10-23,9.34
1996-10-24,1.08
1996-10-25,0.11
1996-10-26,0.92
1996-10-27,1.81
1996-10-28,0.9
1996-10-29,0.2
1996-10-30,0.0
1996-10-31,0.0
1996-11-01,0.0
1996-11-02,0.04
1996-11-03,5.04
1996-11-04,0.26
1996-11-05,1.62
1996-11-06,0.01
1996-11-07,0.02
1996-11-08,0.01
1996-11-09,0.01
1996-11-10,0.0
1996-11-11,0.04
1996-11-12,0.56
1996-11-13,0.1
1996-11-14,0.75
1996-11-15,1.17
1996-11-16,0.27
1996-11-17,0.24
1996-11-18,0.23
1996-11-19,0.15
1996-11-20,6.1
1996-11-21,0.28
1996-11-22,0.03
1996-11-23,0.41
1996-11-24,1.18
1996-11-25,1.47
1996-11-26,0.96
1996-11-27,0.38
1996-11-28,0.73
1996-11-29,1.19
1996-11-30,1.62
1996-12-01,0.0
1996-12-02,0.0
1996-12-03,0.0
1996-12-04,0.0
1996-12-05,0.0
1996-12-06,0.0
1996-12-07,0.25
1996-12-08,4.88
1996-12-09,19.36
1996-12-10,4.82
1996-12-11,1.44
1996-12-12,10.44
1996-12-13,1.1
1996-12-14,4.03
1996-12-15,3.03
1996-12-16,19.77
1996-12-17,12.19
1996-12-18,1.23
1996-12-19,3.43
1996-12-20,0.42
1996-12-21,0.0
1996-12-22,0.0
1996-12-23,0.0
1996-12-24,0.0
1996-12-25,0.0
1996-12-26,0.0
1996-12-27,0.0
1996-12-28,0.0
1996-12-29,0.0
1996-12-30,0.0
1996-12-31,0.0
1997-01-01,0.0
1997-01-02,0.0
1997-01-03,0.0
1997-01-04,0.0
1997-01-05,0.0
1997-01-06,0.0
1997-01-07,0.0
1997-01-08,0.0
1997-01-09,0.0
1997-01-10,0.0
1997-01-11,0.7
1997-01-12,0.59
1997-01-13,0.07
1997-01-14,0.24
1997-01-15,0.06
1997-01-16,0.38
1997-01-17,0.03
1997-01-18,0.03
1997-01-19,0.05
1997-01-20,0.0
1997-01-21,0.0
1997-01-22,0.0
1997-01-23,0.0
1997-01-24,0.0
1997-01-25,0.0
1997-01-26,0.0
1997-01-27,0.0
1997-01-28,0.0
1997-01-29,0.0
1997-01-30,0.0
1997-01-31,0.0
1997-02-01,0.0
1997-02-02,0.0
1997-02-03,0.0
1997-02-04,0.0
1997-02-05,0.0
1997-02-06,0.0
1997-02-07,0.0
1997-02-08,0.0
1997-02-09,0.0
1997-02-10,0.0
1997-02-11,0.01
1997-02-12,0.0
1997-02-13,0.0
1997-02-14,0.0
1997-02-15,0.0
1997-02-16,0.0
1997-02-17,0.0
1997-02-18,0.0
1997-02-19,0.0
1997-02-20,0.0
1997-02-21,0.0
1997-02-22,0.0
1997-02-23,0.0
1997-02-24,0.0
1997-02-25,0.0
1997-02-26,0.0
1997-02-27,0.0
1997-02-28,0.0
1997-03-01,0.0
1997-03-02,0.0
1997-03-03,0.0
1997-03-04,0.16
1997-03-05,0.25
1997-03-06,0.0
1997-03-07,0.0
1997-03-08,0.04
1997-03-09,0.0
1997-03-10,0.05
1997-03-11,0.01
1997-03-12,0.02
1997-03-13,0.0
1997-03-14,0.0
1997-03-15,0.0
1997-03-16,0.4
1997-03-17,0.09
1997-03-18,0.09
1997-03-19,0.15
1997-03-20,0.17
1997-03-21,0.51
1997-03-22,1.47
1997-03-23,0.54
1997-03-24,2.45
1997-03-25,0.13
1997-03-26,0.05
1997-03-27,0.27
1997-03-28,0.51
1997-03-29,0.0
1997-03-30,0.05
1997-03-31,4.81
1997-04-01,3.33
1997-04-02,0.06
1997-04-03,0.9
1997-04-04,1.26
1997-04-05,0.59
1997-04-06,2.17
1997-04-07,2.01
1997-04-08,0.08
1997-04-09,1.19
1997-04-10,0.28
1997-04-11,0.0
1997-04-12,0.0
1997-04-13,0.0
1997-04-14,0.0
1997-04-15,0.0
1997-04-16,0.0
1997-04-17,0.73
1997-04-18,0.2
1997-04-19,0.06
1997-04-20,0.02
1997-04-21,0.02
1997-04-22,0.02
1997-04-23,2.16
1997-04-24,0.75
1997-04-25,0.03
1997-04-26,0.02
1997-04-27,0.01
1997-04-28,0.01
1997-04-29,1.1
1997-04-30,0.47
1997-05-01,0.12
1997-05-02,0.17
1997-05-03,1.46
1997-05-04,7.2
1997-05-05,3.18
1997-05-06,0.42
1997-05-07,0.23
1997-05-08,0.41
1997-05-09,1.19
1997-05-10,0.35
1997-05-11,0.03
1997-05-12,0.09
1997-05-13,0.12
1997-05-14,0.28
1997-05-15,0.17
1997-05-16,3.94
1997-05-17,3.09
1997-05-18,5.82
1997-05-19,0.12
1997-05-20,0.03
1997-05-21,0.0
1997-05-22,0.27
1997-05-23,0.32
1997-05-24,0.12
1997-05-25,0.01
1997-05-26,4.52
1997-05-27,12.29
1997-05-28,2.57
1997-05-29,0.12
1997-05-30,0.03
1997-05-31,0.05
1997-06-01,0.58
1997-06-02,0.29
1997-06-03,0.02
1997-06-04,0.03
1997-06-05,1.79
1997-06-06,0.68
1997-06-07,3.94
1997-06-08,9.24
1997-06-09,3.33
1997-06-10,0.35
1997-06-11,6.61
1997-06-12,5.39
1997-06-13,12.04
1997-06-14,30.18
1997-06-15,23.76
1997-06-16,5.07
1997-06-17,7.01
1997-06-18,18.48
1997-06-19,5.56
1997-06-20,9.51
1997-06-21,5.91
1997-06-22,0.46
1997-06-23,13.97
1997-06-24,19.11
1997-06-25,31.06
1997-06-26,39.35
1997-06-27,50.06
1997-06-28,41.31
1997-06-29,53.34
1997-06-30,109.89
1997-07-01,60.27
1997-07-02,30.97
1997-07-03,20.39
1997-07-04,19.92
1997-07-05,16.41
1997-07-06,19.43
1997-07-07,31.74
1997-07-08,29.33
1997-07-09,32.41
1997-07-10,45.66
1997-07-11,63.25
1997-07-12,54.98
1997-07-13,22.03
1997-07-14,14.95
1997-07-15,7.26
1997-07-16,11.28
1997-07-17,16.61
1997-07-18,7.6
1997-07-19,22.65
1997-07-20,38.32
1997-07-21,14.39
1997-07-22,7.36
1997-07-23,4.03
1997-07-24,20.81
1997-07-25,65.0
1997-07-26,41.58
1997-07-27,22.62
1997-07-28,21.2
1997-07-29,24.21
1997-07-30,8.88
1997-07-31,9.14
1997-08-01,10.7
1997-08-02,13.61
1997-08-03,21.57
1997-08-04,16.55
1997-08-05,3.5
1997-08-06,3.3
1997-08-07,64.99
1997-08-08,32.03
1997-08-09,19.47
1997-08-10,7.39
1997-08-11,5.92
1997-08-12,5.66
1997-08-13,4.3
1997-08-14,1.32
1997-08-15,0.27
1997-08-16,0.4
1997-08-17,2.37
1997-08-18,11.67
1997-08-19,6.23
1997-08-20,7.43
1997-08-21,6.58
1997-08-22,21.77
1997-08-23,16.52
1997-08-24,7.08
1997-08-25,2.69
1997-08-26,14.58
1997-08-27,17.88
1997-08-28,30.92
1997-08-29,28.2
1997-08-30,9.53
1997-08-31,4.54
1997-09-01,1.57
1997-09-02,0.29
1997-09-03,0.85
1997-09-04,0.29
1997-09-05,2.75
1997-09-06,1.05
1997-09-07,2.37
1997-09-08,3.1
1997-09-09,0.97
1997-09-10,2.97
1997-09-11,6.1
1997-09-12,4.83
1997-09-13,3.83
1997-09-14,1.35
1997-09-15,8.19
1997-09-16,4.32
1997-09-17,5.74
1997-09-18,14.08
1997-09-19,16.06
1997-09-20,18.26
1997-09-21,2.33
1997-09-22,2.69
1997-09-23,7.28
1997-09-24,1.51
1997-09-25,0.23
1997-09-26,2.13
1997-09-27,1.55
1997-09-28,0.43
1997-09-29,1.25
1997-09-30,1.84
1997-10-01,1.58
1997-10-02,0.41
1997-10-03,0.5
1997-10-04,2.81
1997-10-05,1.06
1997-10-06,7.26
1997-10-07,3.13
1997-10-08,0.67
1997-10-09,0.33
1997-10-10,0.97
1997-10-11,6.0
1997-10-12,5.25
1997-10-13,6.63
1997-10-14,3.3
1997-10-15,0.85
1997-10-16,13.73
1997-10-17,3.98
1997-10-18,2.81
1997-10-19,1.65
1997-10-20,1.91
1997-10-21,2.49
1997-10-22,16.93
1997-10-23,26.85
1997-10-24,7.42
1997-10-25,15.75
1997-10-26,5.6
1997-10-27,3.62
1997-10-28,0.98
1997-10-29,17.06
1997-10-30,9.06
1997-10-31,5.43
1997-11-01,0.37
1997-11-02,2.85
1997-11-03,12.37
1997-11-04,2.77
1997-11-05,6.55
1997-11-06,0.58
1997-11-07,4.67
1997-11-08,15.99
1997-11-09,3.63
1997-11-10,2.24
1997-11-11,9.07
1997-11-12,2.54
1997-11-13,15.2
1997-11-14,1.32
1997-11-15,1.19
1997-11-16,5.75
1997-11-17,7.85
1997-11-18,14.41
1997-11-19,12.53
1997-11-20,0.72
1997-11-21,0.58
1997-11-22,0.3
1997-11-23,16.72
1997-11-24,37.62
1997-11-25,15.81
1997-11-26,1.22
1997-11-27,0.24
1997-11-28,0.69
1997-11-29,1.24
1997-11-30,0.17
1997-12-01,0.0
1997-12-02,0.0
1997-12-03,0.04
1997-12-04,0.13
1997-12-05,1.95
1997-12-06,7.34
1997-12-07,3.8
1997-12-08,5.11
1997-12-09,14.59
1997-12-10,0.66
1997-12-11,0.64
1997-12-12,0.28
1997-12-13,0.03
1997-12-14,0.03
1997-12-15,3.96
1997-12-16,1.5
1997-12-17,0.07
1997-12-18,0.47
1997-12-19,0.4
1997-12-20,0.79
1997-12-21,1.18
1997-12-22,0.05
1997-12-23,0.0
1997-12-24,0.0
1997-12-25,0.0
1997-12-26,0.0
1997-12-27,0.0
1997-12-28,0.0
1997-12-29,0.0
1997-12-30,0.0
1997-12-31,0.0
1998-01-01,0.01
1998-01-02,0.0
1998-01-03,0.0
1998-01-04,0.0
1998-01-05,0.0
1998-01-06,0.0
1998-01-07,0.0
1998-01-08,0.0
1998-01-09,0.0
1998-01-10,0.0
1998-01-11,0.0
1998-01-12,0.0
1998-01-13,0.0
1998-01-14,0.0
1998-01-15,0.0
1998-01-16,0.0
1998-01-17,0.0
1998-01-18,0.0
1998-01-19,0.0
1998-01-20,0.0
1998-01-21,0.0
1998-01-22,0.0
1998-01-23,0.0
1998-01-24,0.0
1998-01-25,0.0
1998-01-26,0.0
1998-01-27,0.0
1998-01-28,0.0
1998-01-29,0.0
1998-01-30,0.0
1998-01-31,0.0
1998-02-01,0.0
1998-02-02,0.0
1998-02-03,0.0
1998-02-04,0.0
1998-02-05,0.0
1998-02-06,0.0
1998-02-07,0.0
1998-02-08,0.0
1998-02-09,0.0
1998-02-10,0.0
1998-02-11,0.0
1998-02-12,0.0
1998-02-13,0.0
1998-02-14,1.09
1998-02-15,0.14
1998-02-16,0.0
1998-02-17,0.0
1998-02-18,0.28
1998-02-19,0.02
1998-02-20,0.0
1998-02-21,0.11
1998-02-22,0.0
1998-02-23,0.0
1998-02-24,0.0
1998-02-25,0.0
1998-02-26,0.0
1998-02-27,0.0
1998-02-28,0.0
1998-03-01,0.0
1998-03-02,0.0
1998-03-03,0.31
1998-03-04,0.01
1998-03-05,0.0
1998-03-06,0.0
1998-03-07,0.0
1998-03-08,0.0
1998-03-09,0.0
1998-03-10,0.0
1998-03-11,0.0
1998-03-12,0.0
1998-03-13,0.0
1998-03-14,0.0
1998-03-15,0.0
1998-03-16,0.0
1998-03-17,0.0
1998-03-18,0.0
1998-03-19,0.0
1998-03-20,0.0
1998-03-21,0.0
1998-03-22,0.0
1998-03-23,0.0
1998-03-24,0.0
1998-03-25,0.19
1998-03-26,0.03
1998-03-27,0.02
1998-03-28,0.02
1998-03-29,4.89
1998-03-30,0.55
1998-03-31,0.01
1998-04-01,0.04
1998-04-02,0.02
1998-04-03,0.0
1998-04-04,0.0
1998-04-05,0.0
1998-04-06,0.01
1998-04-07,0.18
1998-04-08,0.08
1998-04-09,0.11
1998-04-10,1.69
1998-04-11,0.59
1998-04-12,0.26
1998-04-13,0.42
1998-04-14,0.04
1998-04-15,0.13
1998-04-16,0.14
1998-04-17,0.04
1998-04-18,0.13
1998-04-19,0.13
1998-04-20,0.17
1998-04-21,0.24
1998-04-22,0.96
1998-04-23,2.02
1998-04-24,0.09
1998-04-25,0.16
1998-04-26,0.19
1998-04-27,2.44
1998-04-28,0.8
1998-04-29,1.46
1998-04-30,0.13
1998-05-01,0.45
1998-05-02,0.36
1998-05-03,0.1
1998-05-04,0.01
1998-05-05,0.0
1998-05-06,0.03
1998-05-07,0.02
1998-05-08,0.02
1998-05-09,0.22
1998-05-10,1.28
1998-05-11,9.17
1998-05-12,1.9
1998-05-13,2.52
1998-05-14,3.32
1998-05-15,73.31
1998-05-16,14.9
1998-05-17,0.04
1998-05-18,0.01
1998-05-19,0.01
1998-05-20,0.23
1998-05-21,0.24
1998-05-22,0.32
1998-05-23,0.62
1998-05-24,5.25
1998-05-25,1.48
1998-05-26,2.97
1998-05-27,3.26
1998-05-28,0.93
1998-05-29,0.03
1998-05-30,0.01
1998-05-31,0.25
1998-06-01,5.83
1998-06-02,1.11
1998-06-03,0.36
1998-06-04,0.51
1998-06-05,3.53
1998-06-06,11.0
1998-06-07,4.32
1998-06-08,2.66
1998-06-09,3.39
1998-06-10,21.63
1998-06-11,8.33
1998-06-12,11.22
1998-06-13,7.55
1998-06-14,5.84
1998-06-15,4.62
1998-06-16,11.53
1998-06-17,33.55
1998-06-18,30.02
1998-06-19,35.37
1998-06-20,10.57
1998-06-21,26.21
1998-06-22,15.02
1998-06-23,21.95
1998-06-24,22.85
1998-06-25,39.73
1998-06-26,18.85
1998-06-27,32.17
1998-06-28,37.7
1998-06-29,33.13
1998-06-30,16.55
1998-07-01,26.99
1998-07-02,16.17
1998-07-03,49.51
1998-07-04,26.62
1998-07-05,12.83
1998-07-06,5.86
1998-07-07,3.58
1998-07-08,6.49
1998-07-09,10.41
1998-07-10,20.83
1998-07-11,26.9
1998-07-12,24.29
1998-07-13,11.27
1998-07-14,19.49
1998-07-15,9.95
1998-07-16,1.77
1998-07-17,12.83
1998-07-18,33.67
1998-07-19,22.72
1998-07-20,11.05
1998-07-21,7.34
1998-07-22,4.44
1998-07-23,3.07
1998-07-24,16.81
1998-07-25,19.45
1998-07-26,9.47
1998-07-27,11.43
1998-07-28,10.35
1998-07-29,9.85
1998-07-30,13.39
1998-07-31,3.41
1998-08-01,4.95
1998-08-02,3.25
1998-08-03,7.96
1998-08-04,9.46
1998-08-05,3.63
1998-08-06,1.22
1998-08-07,5.0
1998-08-08,5.17
1998-08-09,6.65
1998-08-10,4.83
1998-08-11,2.57
1998-08-12,6.51
1998-08-13,3.08
1998-08-14,4.02
1998-08-15,4.5
1998-08-16,4.56
1998-08-17,0.43
1998-08-18,3.53
1998-08-19,10.6
1998-08-20,20.79
1998-08-21,13.11
1998-08-22,9.44
1998-08-23,20.5
1998-08-24,27.51
1998-08-25,19.58
1998-08-26,4.27
1998-08-27,2.23
1998-08-28,1.01
1998-08-29,0.13
1998-08-30,0.97
1998-08-31,7.5
1998-09-01,2.7
1998-09-02,2.23
1998-09-03,3.91
1998-09-04,16.83
1998-09-05,49.23
1998-09-06,22.79
1998-09-07,7.77
1998-09-08,18.61
1998-09-09,24.8
1998-09-10,4.43
1998-09-11,14.42
1998-09-12,15.4
1998-09-13,25.28
1998-09-14,16.9
1998-09-15,16.0
1998-09-16,5.75
1998-09-17,3.57
1998-09-18,0.31
1998-09-19,0.81
1998-09-20,2.07
1998-09-21,1.07
1998-09-22,6.2
1998-09-23,22.34
1998-09-24,4.04
1998-09-25,6.5
1998-09-26,11.76
1998-09-27,3.69
1998-09-28,4.96
1998-09-29,10.69
1998-09-30,1.86
1998-10-01,1.24
1998-10-02,8.35
1998-10-03,8.93
1998-10-04,8.96
1998-10-05,11.07
1998-10-06,7.0
1998-10-07,4.58
1998-10-08,4.64
1998-10-09,3.76
1998-10-10,18.94
1998-10-11,46.06
1998-10-12,21.46
1998-10-13,23.0
1998-10-14,17.8
1998-10-15,12.96
1998-10-16,11.42
1998-10-17,18.97
1998-10-18,1.92
1998-10-19,0.0
1998-10-20,0.0
1998-10-21,0.0
1998-10-22,0.0
1998-10-23,0.0
1998-10-24,1.52
1998-10-25,2.98
1998-10-26,1.11
1998-10-27,3.15
1998-10-28,2.07
1998-10-29,1.5
1998-10-30,1.02
1998-10-31,3.37
1998-11-01,0.72
1998-11-02,16.22
1998-11-03,8.1
1998-11-04,0.94
1998-11-05,0.62
1998-11-06,3.61
1998-11-07,4.54
1998-11-08,10.07
1998-11-09,11.07
1998-11-10,9.14
1998-11-11,0.46
1998-11-12,0.03
1998-11-13,0.91
1998-11-14,0.46
1998-11-15,0.0
1998-11-16,0.27
1998-11-17,1.18
1998-11-18,0.77
1998-11-19,0.02
1998-11-20,0.06
1998-11-21,0.08
1998-11-22,0.38
1998-11-23,0.19
1998-11-24,0.0
1998-11-25,0.05
1998-11-26,0.02
1998-11-27,0.02
1998-11-28,0.26
1998-11-29,0.06
1998-11-30,0.73
1998-12-01,2.59
1998-12-02,0.4
1998-12-03,0.01
1998-12-04,0.03
1998-12-05,9.45
1998-12-06,3.0
1998-12-07,0.09
1998-12-08,0.4
1998-12-09,1.61
1998-12-10,20.45
1998-12-11,25.7
1998-12-12,0.8
1998-12-13,5.4
1998-12-14,1.77
1998-12-15,0.02
1998-12-16,0.94
1998-12-17,0.31
1998-12-18,0.0
1998-12-19,0.03
1998-12-20,0.05
1998-12-21,0.06
1998-12-22,0.01
1998-12-23,0.0
1998-12-24,0.0
1998-12-25,0.0
1998-12-26,0.0
1998-12-27,0.0
1998-12-28,0.0
1998-12-29,0.0
1998-12-30,0.0
1998-12-31,0.0
1999-01-01,0.0
1999-01-02,0.0
1999-01-03,0.0
1999-01-04,0.0
1999-01-05,0.0
1999-01-06,0.0
1999-01-07,0.0
1999-01-08,0.0
1999-01-09,0.0
1999-01-10,0.0
1999-01-11,0.0
1999-01-12,0.0
1999-01-13,0.0
1999-01-14,0.0
1999-01-15,0.0
1999-01-16,0.0
1999-01-17,0.0
1999-01-18,0.0
1999-01-19,0.0
1999-01-20,0.0
1999-01-21,0.0
1999-01-22,0.0
1999-01-23,0.0
1999-01-24,0.0
1999-01-25,0.0
1999-01-26,0.0
1999-01-27,0.0
1999-01-28,0.0
1999-01-29,0.01
1999-01-30,0.0
1999-01-31,0.0
1999-02-01,0.0
1999-02-02,0.0
1999-02-03,0.0
1999-02-04,0.03
1999-02-05,0.12
1999-02-06,0.03
1999-02-07,0.3
1999-02-08,2.1
1999-02-09,0.33
1999-02-10,0.01
1999-02-11,0.0
1999-02-12,0.0
1999-02-13,0.0
1999-02-14,0.0
1999-02-15,0.0
1999-02-16,0.0
1999-02-17,0.0
1999-02-18,0.01
1999-02-19,0.01
1999-02-20,0.22
1999-02-21,0.03
1999-02-22,0.03
1999-02-23,0.0
1999-02-24,0.0
1999-02-25,0.0
1999-02-26,0.0
1999-02-27,0.0
1999-02-28,0.0
1999-03-01,0.0
1999-03-02,0.04
1999-03-03,0.01
1999-03-04,0.0
1999-03-05,0.0
1999-03-06,0.12
1999-03-07,0.67
1999-03-08,0.0
1999-03-09,0.0
1999-03-10,0.0
1999-03-11,0.0
1999-03-12,0.0
1999-03-13,0.01
1999-03-14,0.02
1999-03-15,0.54
1999-03-16,0.56
1999-03-17,13.74
1999-03-18,4.98
1999-03-19,0.0
1999-03-20,0.0
1999-03-21,0.0
1999-03-22,0.0
1999-03-23,0.0
1999-03-24,0.88
1999-03-25,0.01
1999-03-26,0.0
1999-03-27,0.0
1999-03-28,0.0
1999-03-29,0.0
1999-03-30,0.0
1999-03-31,0.0
1999-04-01,0.01
1999-04-02,0.03
1999-04-03,0.01
1999-04-04,0.01
1999-04-05,2.9
1999-04-06,1.53
1999-04-07,2.73
1999-04-08,0.78
1999-04-09,0.27
1999-04-10,0.06
1999-04-11,0.03
1999-04-12,0.22
1999-04-13,0.52
1999-04-14,0.05
1999-04-15,0.0
1999-04-16,0.01
1999-04-17,0.02
1999-04-18,1.38
1999-04-19,1.16
1999-04-20,0.62
1999-04-21,0.71
1999-04-22,0.78
1999-04-23,0.45
1999-04-24,0.68
1999-04-25,26.51
1999-04-26,4.16
1999-04-27,0.24
1999-04-28,0.04
1999-04-29,0.03
1999-04-30,0.01
1999-05-01,0.14
1999-05-02,0.16
1999-05-03,0.22
1999-05-04,0.3
1999-05-05,9.81
1999-05-06,7.6
1999-05-07,20.34
1999-05-08,9.52
1999-05-09,5.0
1999-05-10,8.93
1999-05-11,3.39
1999-05-12,7.98
1999-05-13,2.14
1999-05-14,10.55
1999-05-15,2.4
1999-05-16,1.11
1999-05-17,0.92
1999-05-18,0.49
1999-05-19,2.38
1999-05-20,24.46
1999-05-21,16.62
1999-05-22,6.21
1999-05-23,9.15
1999-05-24,14.78
1999-05-25,34.19
1999-05-26,14.31
1999-05-27,17.46
1999-05-28,2.72
1999-05-29,13.17
1999-05-30,10.02
1999-05-31,3.5
1999-06-01,1.79
1999-06-02,1.7
1999-06-03,3.03
1999-06-04,3.71
1999-06-05,7.0
1999-06-06,19.02
1999-06-07,18.55
1999-06-08,26.41
1999-06-09,12.44
1999-06-10,12.92
1999-06-11,6.38
1999-06-12,38.36
1999-06-13,41.83
1999-06-14,19.22
1999-06-15,11.07
1999-06-16,17.48
1999-06-17,22.47
1999-06-18,41.66
1999-06-19,33.14
1999-06-20,14.92
1999-06-21,4.27
1999-06-22,2.29
1999-06-23,5.74
1999-06-24,3.02
1999-06-25,0.27
1999-06-26,4.15
1999-06-27,2.33
1999-06-28,0.44
1999-06-29,0.66
1999-06-30,0.17
1999-07-01,0.31
1999-07-02,0.65
1999-07-03,3.75
1999-07-04,5.05
1999-07-05,31.56
1999-07-06,15.09
1999-07-07,6.28
1999-07-08,5.58
1999-07-09,7.24
1999-07-10,6.26
1999-07-11,2.01
1999-07-12,2.49
1999-07-13,3.54
1999-07-14,10.26
1999-07-15,13.57
1999-07-16,28.99
1999-07-17,56.55
1999-07-18,30.48
1999-07-19,16.41
1999-07-20,21.26
1999-07-21,22.62
1999-07-22,14.57
1999-07-23,7.7
1999-07-24,10.99
1999-07-25,12.45
1999-07-26,17.52
1999-07-27,9.56
1999-07-28,5.0
1999-07-29,3.72
1999-07-30,5.78
1999-07-31,13.15
1999-08-01,7.35
1999-08-02,7.79
1999-08-03,6.56
1999-08-04,1.85
1999-08-05,9.92
1999-08-06,6.56
1999-08-07,6.06
1999-08-08,7.33
1999-08-09,21.94
1999-08-10,7.13
1999-08-11,2.3
1999-08-12,1.95
1999-08-13,1.13
1999-08-14,3.49
1999-08-15,1.67
1999-08-16,2.32
1999-08-17,0.71
1999-08-18,2.93
1999-08-19,1.55
1999-08-20,0.54
1999-08-21,0.45
1999-08-22,0.12
1999-08-23,0.16
1999-08-24,1.57
1999-08-25,4.93
1999-08-26,3.43
1999-08-27,1.12
1999-08-28,3.43
1999-08-29,4.9
1999-08-30,1.9
1999-08-31,0.37
1999-09-01,1.85
1999-09-02,1.43
1999-09-03,2.43
1999-09-04,2.0
1999-09-05,3.37
1999-09-06,1.51
1999-09-07,0.65
1999-09-08,0.98
1999-09-09,0.74
1999-09-10,3.62
1999-09-11,1.45
1999-09-12,4.55
1999-09-13,1.47
1999-09-14,0.31
1999-09-15,0.4
1999-09-16,0.49
1999-09-17,0.1
1999-09-18,0.0
1999-09-19,0.0
1999-09-20,0.0
1999-09-21,0.0
1999-09-22,0.0
1999-09-23,2.84
1999-09-24,0.27
1999-09-25,0.68
1999-09-26,0.54
1999-09-27,0.89
1999-09-28,2.28
1999-09-29,0.95
1999-09-30,3.2
1999-10-01,5.31
1999-10-02,6.09
1999-10-03,5.63
1999-10-04,29.55
1999-10-05,16.24
1999-10-06,33.46
1999-10-07,5.61
1999-10-08,17.44
1999-10-09,2.01
1999-10-10,1.75
1999-10-11,3.88
1999-10-12,8.44
1999-10-13,22.15
1999-10-14,47.05
1999-10-15,26.59
1999-10-16,13.85
1999-10-17,21.97
1999-10-18,14.09
1999-10-19,2.29
1999-10-20,2.9
1999-10-21,1.86
1999-10-22,5.33
1999-10-23,6.2
1999-10-24,4.06
1999-10-25,12.11
1999-10-26,3.76
1999-10-27,11.21
1999-10-28,23.45
1999-10-29,6.82
1999-10-30,1.57
1999-10-31,0.03
1999-11-01,0.01
1999-11-02,0.64
1999-11-03,0.75
1999-11-04,0.11
1999-11-05,7.9
1999-11-06,7.97
1999-11-07,0.79
1999-11-08,0.0
1999-11-09,0.0
1999-11-10,0.0
1999-11-11,0.0
1999-11-12,0.0
1999-11-13,0.0
1999-11-14,0.0
1999-11-15,0.0
1999-11-16,0.0
1999-11-17,0.02
1999-11-18,0.1
1999-11-19,1.16
1999-11-20,2.38
1999-11-21,9.34
1999-11-22,9.74
1999-11-23,1.36
1999-11-24,0.16
1999-11-25,0.02
1999-11-26,0.0
1999-11-27,0.11
1999-11-28,7.22
1999-11-29,6.2
1999-11-30,0.82
1999-12-01,0.09
1999-12-02,3.0
1999-12-03,0.93
1999-12-04,0.02
1999-12-05,0.0
1999-12-06,0.0
1999-12-07,0.0
1999-12-08,0.0
1999-12-09,0.0
1999-12-10,0.0
1999-12-11,0.0
1999-12-12,0.24
1999-12-13,1.31
1999-12-14,0.2
1999-12-15,0.04
1999-12-16,0.01
1999-12-17,0.0
1999-12-18,0.0
1999-12-19,0.01
1999-12-20,0.0
1999-12-21,0.09
1999-12-22,2.48
1999-12-23,1.09
1999-12-24,0.05
1999-12-25,0.16
1999-12-26,0.07
1999-12-27,0.0
1999-12-28,0.0
1999-12-29,0.0
1999-12-30,0.0
1999-12-31,0.0
2000-01-01,0.0
2000-01-02,0.0
2000-01-03,0.0
2000-01-04,0.0
2000-01-05,0.0
2000-01-06,0.04
2000-01-07,0.16
2000-01-08,0.04
2000-01-09,0.04
2000-01-10,0.18
2000-01-11,0.09
2000-01-12,1.13
2000-01-13,0.72
2000-01-14,0.01
2000-01-15,0.01
2000-01-16,0.0
2000-01-17,0.0
2000-01-18,0.0
2000-01-19,0.0
2000-01-20,0.0
2000-01-21,0.0
2000-01-22,0.0
2000-01-23,0.0
2000-01-24,0.0
2000-01-25,0.0
2000-01-26,0.0
2000-01-27,0.0
2000-01-28,0.0
2000-01-29,0.0
2000-01-30,0.0
2000-01-31,0.0
2000-02-01,0.0
2000-02-02,0.0
2000-02-03,0.06
2000-02-04,1.8
2000-02-05,0.25
2000-02-06,1.93
2000-02-07,0.09
2000-02-08,0.0
2000-02-09,0.02
2000-02-10,0.0
2000-02-11,0.03
2000-02-12,0.0
2000-02-13,1.04
2000-02-14,0.06
2000-02-15,0.0
2000-02-16,0.0
2000-02-17,0.0
2000-02-18,0.0
2000-02-19,0.0
2000-02-20,0.0
2000-02-21,0.0
2000-02-22,0.0
2000-02-23,0.12
2000-02-24,8.32
2000-02-25,8.89
2000-02-26,3.8
2000-02-27,6.44
2000-02-28,3.97
2000-02-29,0.2
2000-03-01,0.02
2000-03-02,0.0
2000-03-03,0.0
2000-03-04,0.0
2000-03-05,0.0
2000-03-06,0.0
2000-03-07,0.0
2000-03-08,0.0
2000-03-09,0.0
2000-03-10,0.0
2000-03-11,0.0
2000-03-12,0.0
2000-03-13,0.0
2000-03-14,0.0
2000-03-15,0.0
2000-03-16,0.0
2000-03-17,0.0
2000-03-18,0.0
2000-03-19,0.0
2000-03-20,0.0
2000-03-21,0.0
2000-03-22,0.0
2000-03-23,0.0
2000-03-24,1.2
2000-03-25,0.11
2000-03-26,0.04
2000-03-27,0.03
2000-03-28,0.02
2000-03-29,0.02
2000-03-30,0.32
2000-03-31,0.17
2000-04-01,0.05
2000-04-02,0.04
2000-04-03,0.93
2000-04-04,0.28
2000-04-05,0.49
2000-04-06,0.66
2000-04-07,0.32
2000-04-08,0.02
2000-04-09,0.01
2000-04-10,0.11
2000-04-11,13.29
2000-04-12,1.78
2000-04-13,0.43
2000-04-14,5.21
2000-04-15,0.9
2000-04-16,0.23
2000-04-17,1.62
2000-04-18,0.36
2000-04-19,0.07
2000-04-20,0.05
2000-04-21,5.48
2000-04-22,0.59
2000-04-23,0.32
2000-04-24,0.56
2000-04-25,0.17
2000-04-26,0.03
2000-04-27,0.39
2000-04-28,0.04
2000-04-29,0.01
2000-04-30,0.2
2000-05-01,0.45
2000-05-02,0.11
2000-05-03,1.44
2000-05-04,0.11
2000-05-05,2.34
2000-05-06,0.63
2000-05-07,1.82
2000-05-08,0.2
2000-05-09,0.04
2000-05-10,0.66
2000-05-11,0.13
2000-05-12,0.01
2000-05-13,0.0
2000-05-14,0.0
2000-05-15,0.41
2000-05-16,3.14
2000-05-17,17.78
2000-05-18,0.41
2000-05-19,2.13
2000-05-20,2.22
2000-05-21,0.76
2000-05-22,0.21
2000-05-23,0.17
2000-05-24,0.72
2000-05-25,3.13
2000-05-26,17.71
2000-05-27,7.77
2000-05-28,4.54
2000-05-29,0.31
2000-05-30,1.22
2000-05-31,3.53
2000-06-01,15.39
2000-06-02,9.82
2000-06-03,5.55
2000-06-04,13.24
2000-06-05,20.51
2000-06-06,44.24
2000-06-07,36.91
2000-06-08,12.6
2000-06-09,23.27
2000-06-10,13.82
2000-06-11,7.04
2000-06-12,13.19
2000-06-13,6.45
2000-06-14,6.26
2000-06-15,2.33
2000-06-16,2.74
2000-06-17,1.78
2000-06-18,13.12
2000-06-19,13.66
2000-06-20,14.67
2000-06-21,7.78
2000-06-22,2.71
2000-06-23,1.18
2000-06-24,0.11
2000-06-25,4.47
2000-06-26,11.41
2000-06-27,14.25
2000-06-28,13.4
2000-06-29,19.13
2000-06-30,27.73
2000-07-01,28.33
2000-07-02,8.59
2000-07-03,6.43
2000-07-04,7.83
2000-07-05,7.95
2000-07-06,10.67
2000-07-07,8.0
2000-07-08,10.06
2000-07-09,7.17
2000-07-10,27.99
2000-07-11,26.25
2000-07-12,4.24
2000-07-13,0.45
2000-07-14,7.02
2000-07-15,1.93
2000-07-16,3.67
2000-07-17,4.65
2000-07-18,6.79
2000-07-19,4.59
2000-07-20,0.79
2000-07-21,0.15
2000-07-22,0.14
2000-07-23,0.1
2000-07-24,0.02
2000-07-25,0.13
2000-07-26,0.22
2000-07-27,1.5
2000-07-28,0.78
2000-07-29,1.75
2000-07-30,4.39
2000-07-31,7.57
2000-08-01,8.4
2000-08-02,2.16
2000-08-03,21.41
2000-08-04,6.3
2000-08-05,3.68
2000-08-06,3.86
2000-08-07,5.67
2000-08-08,4.17
2000-08-09,4.12
2000-08-10,15.75
2000-08-11,6.12
2000-08-12,0.94
2000-08-13,3.67
2000-08-14,40.53
2000-08-15,12.78
2000-08-16,0.47
2000-08-17,6.14
2000-08-18,3.6
2000-08-19,7.96
2000-08-20,8.63
2000-08-21,6.64
2000-08-22,13.73
2000-08-23,23.63
2000-08-24,29.42
2000-08-25,28.12
2000-08-26,17.51
2000-08-27,16.08
2000-08-28,7.44
2000-08-29,2.87
2000-08-30,6.56
2000-08-31,4.56
2000-09-01,1.85
2000-09-02,1.58
2000-09-03,2.75
2000-09-04,1.36
2000-09-05,0.39
2000-09-06,0.23
2000-09-07,0.51
2000-09-08,0.39
2000-09-09,0.08
2000-09-10,0.31
2000-09-11,0.18
2000-09-12,0.15
2000-09-13,1.86
2000-09-14,0.25
2000-09-15,0.37
2000-09-16,2.77
2000-09-17,0.68
2000-09-18,1.39
2000-09-19,1.12
2000-09-20,4.17
2000-09-21,2.28
2000-09-22,12.09
2000-09-23,9.46
2000-09-24,12.72
2000-09-25,9.6
2000-09-26,5.87
2000-09-27,1.92
2000-09-28,2.07
2000-09-29,1.7
2000-09-30,6.33
2000-10-01,16.05
2000-10-02,10.47
2000-10-03,13.47
2000-10-04,5.52
2000-10-05,2.25
2000-10-06,8.11
2000-10-07,3.87
2000-10-08,20.78
2000-10-09,9.91
2000-10-10,0.33
2000-10-11,0.14
2000-10-12,9.91
2000-10-13,14.65
2000-10-14,1.48
2000-10-15,4.86
2000-10-16,7.6
2000-10-17,2.46
2000-10-18,0.79
2000-10-19,0.57
2000-10-20,1.3
2000-10-21,7.35
2000-10-22,13.0
2000-10-23,5.08
2000-10-24,0.74
2000-10-25,1.83
2000-10-26,0.05
2000-10-27,0.01
2000-10-28,0.0
2000-10-29,0.04
2000-10-30,0.0
2000-10-31,0.0
2000-11-01,0.0
2000-11-02,0.02
2000-11-03,0.59
2000-11-04,0.17
2000-11-05,0.05
2000-11-06,2.1
2000-11-07,0.22
2000-11-08,0.0
2000-11-09,0.0
2000-11-10,0.02
2000-11-11,0.01
2000-11-12,0.02
2000-11-13,0.01
2000-11-14,0.0
2000-11-15,0.03
2000-11-16,0.0
2000-11-17,0.0
2000-11-18,0.09
2000-11-19,0.4
2000-11-20,33.61
2000-11-21,4.04
2000-11-22,1.73
2000-11-23,29.74
2000-11-24,1.55
2000-11-25,0.1
2000-11-26,0.05
2000-11-27,0.02
2000-11-28,0.0
2000-11-29,2.22
2000-11-30,24.98
2000-12-01,20.58
2000-12-02,0.57
2000-12-03,0.09
2000-12-04,0.16
2000-12-05,0.16
2000-12-06,0.01
2000-12-07,0.0
2000-12-08,0.0
2000-12-09,0.0
2000-12-10,0.0
2000-12-11,0.0
2000-12-12,0.0
2000-12-13,0.0
2000-12-14,0.0
2000-12-15,0.0
2000-12-16,0.0
2000-12-17,0.0
2000-12-18,0.0
2000-12-19,0.0
2000-12-20,0.0
2000-12-21,0.0
2000-12-22,0.0
2000-12-23,0.0
2000-12-24,0.0
2000-12-25,0.0
2000-12-26,0.02
2000-12-27,0.99
2000-12-28,5.23
2000-12-29,0.77
2000-12-30,0.7
2000-12-31,0.11
2001-01-01,0.03
2001-01-02,0.04
2001-01-03,0.02
2001-01-04,0.0
2001-01-05,0.0
2001-01-06,0.0
2001-01-07,0.0
2001-01-08,0.0
2001-01-09,0.0
2001-01-10,0.0
2001-01-11,0.0
2001-01-12,0.0
2001-01-13,0.04
2001-01-14,0.0
2001-01-15,3.05
2001-01-16,9.11
2001-01-17,0.0
2001-01-18,0.0
2001-01-19,0.0
2001-01-20,0.0
2001-01-21,0.0
2001-01-22,0.0
2001-01-23,0.0
2001-01-24,0.0
2001-01-25,0.0
2001-01-26,1.55
2001-01-27,0.22
2001-01-28,0.01
2001-01-29,0.0
2001-01-30,0.0
2001-01-31,0.01
2001-02-01,1.65
2001-02-02,0.82
2001-02-03,0.56
2001-02-04,0.88
2001-02-05,0.2
2001-02-06,0.0
2001-02-07,0.0
2001-02-08,0.0
2001-02-09,0.0
2001-02-10,0.0
2001-02-11,0.0
2001-02-12,0.0
2001-02-13,0.0
2001-02-14,0.0
2001-02-15,0.0
2001-02-16,0.0
2001-02-17,0.01
2001-02-18,0.01
2001-02-19,0.0
2001-02-20,0.01
2001-02-21,0.0
2001-02-22,0.0
2001-02-23,0.0
2001-02-24,0.0
2001-02-25,0.0
2001-02-26,0.0
2001-02-27,0.0
2001-02-28,0.0
2001-03-01,0.0
2001-03-02,0.0
2001-03-03,0.0
2001-03-04,0.0
2001-03-05,0.0
2001-03-06,0.0
2001-03-07,0.0
2001-03-08,0.0
2001-03-09,0.08
2001-03-10,0.0
2001-03-11,0.0
2001-03-12,0.02
2001-03-13,0.0
2001-03-14,0.0
2001-03-15,0.0
2001-03-16,0.0
2001-03-17,0.0
2001-03-18,0.0
2001-03-19,0.0
2001-03-20,0.0
2001-03-21,0.05
2001-03-22,0.02
2001-03-23,0.0
2001-03-24,0.0
2001-03-25,0.0
2001-03-26,0.0
2001-03-27,0.0
2001-03-28,0.0
2001-03-29,0.22
2001-03-30,0.26
2001-03-31,0.01
2001-04-01,0.0
2001-04-02,0.0
2001-04-03,0.0
2001-04-04,0.16
2001-04-05,0.25
2001-04-06,2.09
2001-04-07,1.03
2001-04-08,5.47
2001-04-09,1.05
2001-04-10,0.46
2001-04-11,6.84
2001-04-12,56.94
2001-04-13,29.95
2001-04-14,14.4
2001-04-15,5.08
2001-04-16,8.05
2001-04-17,41.32
2001-04-18,20.55
2001-04-19,4.56
2001-04-20,1.59
2001-04-21,0.62
2001-04-22,4.02
2001-04-23,4.34
2001-04-24,6.9
2001-04-25,2.3
2001-04-26,0.02
2001-04-27,0.02
2001-04-28,0.08
2001-04-29,0.04
2001-04-30,0.31
2001-05-01,0.28
2001-05-02,0.07
2001-05-03,1.23
2001-05-04,0.82
2001-05-05,0.19
2001-05-06,2.35
2001-05-07,3.16
2001-05-08,1.67
2001-05-09,0.3
2001-05-10,0.03
2001-05-11,0.02
2001-05-12,0.09
2001-05-13,0.0
2001-05-14,0.01
2001-05-15,0.0
2001-05-16,0.01
2001-05-17,0.1
2001-05-18,0.28
2001-05-19,1.98
2001-05-20,2.81
2001-05-21,2.82
2001-05-22,5.89
2001-05-23,29.38
2001-05-24,10.3
2001-05-25,15.23
2001-05-26,18.8
2001-05-27,19.49
2001-05-28,11.36
2001-05-29,10.18
2001-05-30,12.11
2001-05-31,3.32
2001-06-01,0.15
2001-06-02,9.17
2001-06-03,2.11
2001-06-04,2.32
2001-06-05,20.12
2001-06-06,40.83
2001-06-07,29.18
2001-06-08,12.02
2001-06-09,7.89
2001-06-10,23.78
2001-06-11,25.59
2001-06-12,16.54
2001-06-13,19.11
2001-06-14,28.68
2001-06-15,9.49
2001-06-16,2.97
2001-06-17,4.22
2001-06-18,4.26
2001-06-19,11.63
2001-06-20,9.68
2001-06-21,13.27
2001-06-22,23.66
2001-06-23,5.68
2001-06-24,1.19
2001-06-25,7.22
2001-06-26,7.24
2001-06-27,16.51
2001-06-28,11.79
2001-06-29,7.93
2001-06-30,3.94
2001-07-01,2.7
2001-07-02,21.12
2001-07-03,23.74
2001-07-04,14.06
2001-07-05,21.27
2001-07-06,17.0
2001-07-07,18.62
2001-07-08,18.87
2001-07-09,11.61
2001-07-10,25.61
2001-07-11,13.65
2001-07-12,5.53
2001-07-13,4.37
2001-07-14,0.91
2001-07-15,3.31
2001-07-16,5.78
2001-07-17,6.91
2001-07-18,3.41
2001-07-19,3.44
2001-07-20,1.21
2001-07-21,0.18
2001-07-22,1.55
2001-07-23,5.78
2001-07-24,9.87
2001-07-25,11.76
2001-07-26,12.24
2001-07-27,17.25
2001-07-28,15.5
2001-07-29,3.76
2001-07-30,18.55
2001-07-31,6.94
2001-08-01,11.64
2001-08-02,21.74
2001-08-03,15.19
2001-08-04,7.72
2001-08-05,5.61
2001-08-06,2.25
2001-08-07,3.04
2001-08-08,2.9
2001-08-09,1.01
2001-08-10,1.67
2001-08-11,1.39
2001-08-12,1.76
2001-08-13,5.04
2001-08-14,2.42
2001-08-15,16.14
2001-08-16,17.83
2001-08-17,13.69
2001-08-18,24.51
2001-08-19,7.25
2001-08-20,11.84
2001-08-21,8.34
2001-08-22,3.4
2001-08-23,7.2
2001-08-24,6.76
2001-08-25,1.84
2001-08-26,1.9
2001-08-27,0.5
2001-08-28,0.3
2001-08-29,1.4
2001-08-30,1.3
2001-08-31,2.52
2001-09-01,0.34
2001-09-02,0.19
2001-09-03,0.08
2001-09-04,0.0
2001-09-05,0.0
2001-09-06,0.0
2001-09-07,0.0
2001-09-08,0.19
2001-09-09,0.17
2001-09-10,0.12
2001-09-11,0.78
2001-09-12,1.44
2001-09-13,2.19
2001-09-14,14.37
2001-09-15,1.95
2001-09-16,1.34
2001-09-17,1.06
2001-09-18,1.11
2001-09-19,0.63
2001-09-20,5.77
2001-09-21,2.32
2001-09-22,9.51
2001-09-23,7.63
2001-09-24,0.92
2001-09-25,7.15
2001-09-26,10.78
2001-09-27,9.4
2001-09-28,1.43
2001-09-29,21.36
2001-09-30,38.44
2001-10-01,4.05
2001-10-02,0.12
2001-10-03,0.09
2001-10-04,0.84
2001-10-05,9.19
2001-10-06,12.4
2001-10-07,14.69
2001-10-08,6.0
2001-10-09,0.62
2001-10-10,4.87
2001-10-11,6.05
2001-10-12,1.64
2001-10-13,15.04
2001-10-14,28.43
2001-10-15,14.08
2001-10-16,2.86
2001-10-17,2.09
2001-10-18,0.26
2001-10-19,8.08
2001-10-20,3.26
2001-10-21,1.06
2001-10-22,0.5
2001-10-23,0.04
2001-10-24,0.77
2001-10-25,24.7
2001-10-26,12.42
2001-10-27,2.25
2001-10-28,0.45
2001-10-29,0.2
2001-10-30,0.24
2001-10-31,0.65
2001-11-01,0.32
2001-11-02,2.73
2001-11-03,1.18
2001-11-04,0.11
2001-11-05,7.16
2001-11-06,9.54
2001-11-07,13.84
2001-11-08,1.35
2001-11-09,0.35
2001-11-10,0.11
2001-11-11,0.54
2001-11-12,0.06
2001-11-13,0.02
2001-11-14,7.96
2001-11-15,13.76
2001-11-16,17.21
2001-11-17,1.09
2001-11-18,8.58
2001-11-19,1.37
2001-11-20,0.09
2001-11-21,0.16
2001-11-22,3.35
2001-11-23,2.38
2001-11-24,0.3
2001-11-25,0.03
2001-11-26,0.01
2001-11-27,0.0
2001-11-28,0.37
2001-11-29,0.47
2001-11-30,0.12
2001-12-01,0.11
2001-12-02,0.2
2001-12-03,0.02
2001-12-04,0.04
2001-12-05,0.0
2001-12-06,0.0
2001-12-07,0.01
2001-12-08,0.0
2001-12-09,0.0
2001-12-10,0.0
2001-12-11,0.0
2001-12-12,0.0
2001-12-13,0.0
2001-12-14,0.0
2001-12-15,0.0
2001-12-16,0.0
2001-12-17,0.21
2001-12-18,0.97
2001-12-19,0.1
2001-12-20,0.06
2001-12-21,1.75
2001-12-22,3.42
2001-12-23,0.45
2001-12-24,0.03
2001-12-25,1.35
2001-12-26,0.34
2001-12-27,0.0
2001-12-28,0.0
2001-12-29,0.0
2001-12-30,0.0
2001-12-31,0.0
2002-01-01,0.0
2002-01-02,0.0
2002-01-03,0.0
2002-01-04,0.01
2002-01-05,0.01
2002-01-06,0.0
2002-01-07,0.01
2002-01-08,0.74
2002-01-09,0.12
2002-01-10,0.0
2002-01-11,0.0
2002-01-12,0.0
2002-01-13,0.0
2002-01-14,0.0
2002-01-15,0.0
2002-01-16,0.0
2002-01-17,0.0
2002-01-18,0.0
2002-01-19,0.0
2002-01-20,0.0
2002-01-21,0.0
2002-01-22,0.0
2002-01-23,0.01
2002-01-24,0.0
2002-01-25,0.0
2002-01-26,0.0
2002-01-27,0.0
2002-01-28,0.0
2002-01-29,0.0
2002-01-30,0.0
2002-01-31,0.07
2002-02-01,0.92
2002-02-02,0.35
2002-02-03,0.04
2002-02-04,0.0
2002-02-05,0.03
2002-02-06,0.57
2002-02-07,0.51
2002-02-08,0.36
2002-02-09,0.03
2002-02-10,0.0
2002-02-11,0.0
2002-02-12,0.0
2002-02-13,0.0
2002-02-14,0.0
2002-02-15,0.0
2002-02-16,0.0
2002-02-17,0.0
2002-02-18,0.0
2002-02-19,0.0
2002-02-20,0.0
2002-02-21,0.0
2002-02-22,0.0
2002-02-23,0.0
2002-02-24,0.0
2002-02-25,0.0
2002-02-26,0.0
2002-02-27,0.0
2002-02-28,0.0
2002-03-01,0.0
2002-03-02,0.0
2002-03-03,0.0
2002-03-04,0.0
2002-03-05,0.0
2002-03-06,0.0
2002-03-07,0.0
2002-03-08,0.0
2002-03-09,0.0
2002-03-10,0.0
2002-03-11,0.0
2002-03-12,0.0
2002-03-13,0.04
2002-03-14,0.32
2002-03-15,0.12
2002-03-16,2.76
2002-03-17,1.14
2002-03-18,0.0
2002-03-19,0.0
2002-03-20,0.0
2002-03-21,0.0
2002-03-22,0.0
2002-03-23,0.0
2002-03-24,0.0
2002-03-25,0.0
2002-03-26,0.0
2002-03-27,0.0
2002-03-28,0.46
2002-03-29,0.32
2002-03-30,0.01
2002-03-31,0.02
2002-04-01,0.15
2002-04-02,0.01
2002-04-03,0.0
2002-04-04,0.53
2002-04-05,0.07
2002-04-06,0.02
2002-04-07,0.93
2002-04-08,0.31
2002-04-09,0.15
2002-04-10,0.23
2002-04-11,0.16
2002-04-12,0.87
2002-04-13,4.18
2002-04-14,0.79
2002-04-15,0.05
2002-04-16,0.02
2002-04-17,0.01
2002-04-18,0.01
2002-04-19,0.53
2002-04-20,0.38
2002-04-21,0.68
2002-04-22,0.72
2002-04-23,3.21
2002-04-24,2.64
2002-04-25,0.02
2002-04-26,0.07
2002-04-27,0.73
2002-04-28,0.6
2002-04-29,0.19
2002-04-30,0.06
2002-05-01,0.03
2002-05-02,0.1
2002-05-03,6.21
2002-05-04,29.57
2002-05-05,0.73
2002-05-06,0.21
2002-05-07,2.54
2002-05-08,2.01
2002-05-09,0.87
2002-05-10,1.58
2002-05-11,1.0
2002-05-12,0.82
2002-05-13,15.27
2002-05-14,6.09
2002-05-15,0.42
2002-05-16,3.85
2002-05-17,6.3
2002-05-18,70.39
2002-05-19,26.08
2002-05-20,5.29
2002-05-21,2.4
2002-05-22,0.81
2002-05-23,0.31
2002-05-24,0.45
2002-05-25,5.74
2002-05-26,1.32
2002-05-27,3.7
2002-05-28,2.48
2002-05-29,4.6
2002-05-30,1.71
2002-05-31,1.08
2002-06-01,31.88
2002-06-02,24.94
2002-06-03,13.93
2002-06-04,4.88
2002-06-05,1.85
2002-06-06,3.22
2002-06-07,1.52
2002-06-08,10.99
2002-06-09,19.41
2002-06-10,19.05
2002-06-11,25.46
2002-06-12,17.93
2002-06-13,17.1
2002-06-14,36.06
2002-06-15,24.3
2002-06-16,5.68
2002-06-17,2.0
2002-06-18,15.55
2002-06-19,16.39
2002-06-20,7.52
2002-06-21,8.26
2002-06-22,3.41
2002-06-23,3.12
2002-06-24,5.92
2002-06-25,3.65
2002-06-26,4.18
2002-06-27,3.41
2002-06-28,2.39
2002-06-29,1.79
2002-06-30,0.75
2002-07-01,5.42
2002-07-02,21.21
2002-07-03,12.2
2002-07-04,11.19
2002-07-05,9.89
2002-07-06,5.45
2002-07-07,1.16
2002-07-08,0.36
2002-07-09,3.12
2002-07-10,7.56
2002-07-11,25.87
2002-07-12,11.78
2002-07-13,2.6
2002-07-14,1.86
2002-07-15,1.3
2002-07-16,1.93
2002-07-17,1.02
2002-07-18,2.1
2002-07-19,2.73
2002-07-20,3.12
2002-07-21,3.83
2002-07-22,2.55
2002-07-23,1.27
2002-07-24,0.33
2002-07-25,7.51
2002-07-26,3.89
2002-07-27,9.88
2002-07-28,6.04
2002-07-29,8.34
2002-07-30,7.39
2002-07-31,6.5
2002-08-01,6.85
2002-08-02,5.55
2002-08-03,3.77
2002-08-04,16.02
2002-08-05,14.02
2002-08-06,3.14
2002-08-07,8.2
2002-08-08,19.22
2002-08-09,11.62
2002-08-10,18.89
2002-08-11,8.88
2002-08-12,1.69
2002-08-13,1.51
2002-08-14,1.04
2002-08-15,14.61
2002-08-16,40.56
2002-08-17,38.88
2002-08-18,6.57
2002-08-19,3.9
2002-08-20,1.68
2002-08-21,1.31
2002-08-22,3.51
2002-08-23,1.78
2002-08-24,5.51
2002-08-25,1.54
2002-08-26,0.1
2002-08-27,0.31
2002-08-28,4.09
2002-08-29,0.21
2002-08-30,0.01
2002-08-31,0.03
2002-09-01,0.1
2002-09-02,1.2
2002-09-03,1.39
2002-09-04,0.9
2002-09-05,5.71
2002-09-06,8.9
2002-09-07,21.64
2002-09-08,7.18
2002-09-09,23.05
2002-09-10,2.24
2002-09-11,1.17
2002-09-12,0.69
2002-09-13,0.01
2002-09-14,0.24
2002-09-15,1.57
2002-09-16,1.41
2002-09-17,0.78
2002-09-18,0.0
2002-09-19,0.03
2002-09-20,0.03
2002-09-21,0.0
2002-09-22,0.0
2002-09-23,0.01
2002-09-24,0.0
2002-09-25,0.01
2002-09-26,0.05
2002-09-27,0.89
2002-09-28,1.13
2002-09-29,0.7
2002-09-30,0.92
2002-10-01,5.17
2002-10-02,1.59
2002-10-03,3.95
2002-10-04,2.07
2002-10-05,12.77
2002-10-06,5.54
2002-10-07,1.54
2002-10-08,29.36
2002-10-09,27.94
2002-10-10,22.41
2002-10-11,28.79
2002-10-12,62.33
2002-10-13,35.85
2002-10-14,44.22
2002-10-15,13.9
2002-10-16,3.03
2002-10-17,0.48
2002-10-18,0.82
2002-10-19,8.89
2002-10-20,1.7
2002-10-21,0.48
2002-10-22,1.12
2002-10-23,0.66
2002-10-24,0.32
2002-10-25,5.11
2002-10-26,12.87
2002-10-27,8.3
2002-10-28,9.5
2002-10-29,17.15
2002-10-30,7.96
2002-10-31,2.75
2002-11-01,5.07
2002-11-02,3.59
2002-11-03,0.77
2002-11-04,13.03
2002-11-05,10.25
2002-11-06,1.25
2002-11-07,1.97
2002-11-08,1.93
2002-11-09,1.86
2002-11-10,1.82
2002-11-11,0.83
2002-11-12,0.13
2002-11-13,1.42
2002-11-14,0.79
2002-11-15,0.22
2002-11-16,0.01
2002-11-17,0.04
2002-11-18,0.05
2002-11-19,2.62
2002-11-20,9.32
2002-11-21,5.22
2002-11-22,9.75
2002-11-23,18.51
2002-11-24,0.13
2002-11-25,0.06
2002-11-26,0.0
2002-11-27,0.75
2002-11-28,0.21
2002-11-29,0.04
2002-11-30,0.01
2002-12-01,0.0
2002-12-02,0.0
2002-12-03,0.0
2002-12-04,0.0
2002-12-05,0.0
2002-12-06,0.46
2002-12-07,0.15
2002-12-08,0.0
2002-12-09,0.0
2002-12-10,0.0
2002-12-11,0.0
2002-12-12,0.0
2002-12-13,0.0
2002-12-14,0.0
2002-12-15,0.0
2002-12-16,0.0
2002-12-17,0.0
2002-12-18,0.0
2002-12-19,0.0
2002-12-20,0.0
2002-12-21,0.0
2002-12-22,0.0
2002-12-23,0.0
2002-12-24,0.0
2002-12-25,0.0
2002-12-26,0.0
2002-12-27,0.0
2002-12-28,0.0
2002-12-29,0.0
2002-12-30,0.0
2002-12-31,0.0
2003-01-01,0.0
2003-01-02,0.0
2003-01-03,0.0
2003-01-04,0.0
2003-01-05,0.0
2003-01-06,0.0
2003-01-07,0.0
2003-01-08,0.0
2003-01-09,0.02
2003-01-10,0.0
2003-01-11,0.0
2003-01-12,0.0
2003-01-13,0.0
2003-01-14,0.0
2003-01-15,0.0
2003-01-16,0.0
2003-01-17,0.0
2003-01-18,0.0
2003-01-19,0.0
2003-01-20,0.0
2003-01-21,0.0
2003-01-22,0.0
2003-01-23,0.0
2003-01-24,0.0
2003-01-25,0.0
2003-01-26,0.0
2003-01-27,0.0
2003-01-28,0.0
2003-01-29,0.0
2003-01-30,0.0
2003-01-31,0.0
2003-02-01,2.18
2003-02-02,1.01
2003-02-03,0.02
2003-02-04,0.08
2003-02-05,0.02
2003-02-06,0.02
2003-02-07,3.25
2003-02-08,3.06
2003-02-09,0.01
2003-02-10,0.0
2003-02-11,0.0
2003-02-12,0.0
2003-02-13,0.01
2003-02-14,1.61
2003-02-15,1.94
2003-02-16,0.09
2003-02-17,0.16
2003-02-18,0.11
2003-02-19,0.0
2003-02-20,0.0
2003-02-21,0.01
2003-02-22,0.01
2003-02-23,0.03
2003-02-24,4.46
2003-02-25,15.02
2003-02-26,2.78
2003-02-27,0.64
2003-02-28,0.01
2003-03-01,0.05
2003-03-02,0.02
2003-03-03,0.0
2003-03-04,0.0
2003-03-05,0.0
2003-03-06,0.0
2003-03-07,0.0
2003-03-08,0.0
2003-03-09,0.0
2003-03-10,0.0
2003-03-11,0.0
2003-03-12,0.0
2003-03-13,0.91
2003-03-14,0.44
2003-03-15,0.83
2003-03-16,0.5
2003-03-17,2.4
2003-03-18,9.62
2003-03-19,11.42
2003-03-20,3.92
2003-03-21,0.36
2003-03-22,0.14
2003-03-23,0.0
2003-03-24,0.0
2003-03-25,0.0
2003-03-26,0.0
2003-03-27,0.0
2003-03-28,0.01
2003-03-29,0.03
2003-03-30,0.04
2003-03-31,0.02
2003-04-01,0.33
2003-04-02,0.67
2003-04-03,8.33
2003-04-04,4.91
2003-04-05,0.39
2003-04-06,0.71
2003-04-07,0.22
2003-04-08,0.07
2003-04-09,24.24
2003-04-10,12.89
2003-04-11,1.04
2003-04-12,0.53
2003-04-13,0.51
2003-04-14,0.11
2003-04-15,0.16
2003-04-16,1.58
2003-04-17,1.61
2003-04-18,0.5
2003-04-19,0.89
2003-04-20,2.03
2003-04-21,0.89
2003-04-22,0.09
2003-04-23,0.02
2003-04-24,1.41
2003-04-25,1.05
2003-04-26,0.38
2003-04-27,0.5
2003-04-28,27.51
2003-04-29,5.28
2003-04-30,1.76
2003-05-01,12.43
2003-05-02,3.23
2003-05-03,0.2
2003-05-04,3.49
2003-05-05,1.82
2003-05-06,16.93
2003-05-07,0.76
2003-05-08,0.05
2003-05-09,0.05
2003-05-10,0.11
2003-05-11,2.84
2003-05-12,1.33
2003-05-13,0.93
2003-05-14,1.5
2003-05-15,0.84
2003-05-16,0.96
2003-05-17,0.28
2003-05-18,0.08
2003-05-19,0.02
2003-05-20,0.0
2003-05-21,0.01
2003-05-22,0.0
2003-05-23,0.04
2003-05-24,0.03
2003-05-25,0.2
2003-05-26,0.31
2003-05-27,0.12
2003-05-28,0.05
2003-05-29,0.02
2003-05-30,0.0
2003-05-31,0.02
2003-06-01,2.3
2003-06-02,1.07
2003-06-03,0.25
2003-06-04,1.89
2003-06-05,1.24
2003-06-06,0.68
2003-06-07,17.84
2003-06-08,19.17
2003-06-09,16.75
2003-06-10,6.41
2003-06-11,11.32
2003-06-12,7.83
2003-06-13,10.44
2003-06-14,10.08
2003-06-15,30.79
2003-06-16,26.86
2003-06-17,27.42
2003-06-18,24.28
2003-06-19,34.41
2003-06-20,25.65
2003-06-21,43.96
2003-06-22,53.05
2003-06-23,48.66
2003-06-24,26.14
2003-06-25,1.58
2003-06-26,0.37
2003-06-27,5.52
2003-06-28,9.29
2003-06-29,3.19
2003-06-30,5.6
2003-07-01,18.24
2003-07-02,10.25
2003-07-03,2.97
2003-07-04,18.26
2003-07-05,32.8
2003-07-06,14.76
2003-07-07,2.03
2003-07-08,5.94
2003-07-09,7.39
2003-07-10,4.12
2003-07-11,8.52
2003-07-12,3.05
2003-07-13,11.89
2003-07-14,15.27
2003-07-15,24.57
2003-07-16,21.69
2003-07-17,5.35
2003-07-18,8.68
2003-07-19,7.84
2003-07-20,1.52
2003-07-21,0.44
2003-07-22,2.56
2003-07-23,7.54
2003-07-24,8.79
2003-07-25,9.72
2003-07-26,9.18
2003-07-27,9.56
2003-07-28,20.84
2003-07-29,10.05
2003-07-30,1.5
2003-07-31,3.55
2003-08-01,7.74
2003-08-02,1.01
2003-08-03,1.7
2003-08-04,3.57
2003-08-05,4.53
2003-08-06,4.38
2003-08-07,8.19
2003-08-08,11.61
2003-08-09,4.68
2003-08-10,0.53
2003-08-11,0.8
2003-08-12,1.88
2003-08-13,3.67
2003-08-14,2.72
2003-08-15,4.48
2003-08-16,2.04
2003-08-17,9.03
2003-08-18,2.21
2003-08-19,0.5
2003-08-20,3.69
2003-08-21,13.14
2003-08-22,21.94
2003-08-23,8.07
2003-08-24,5.69
2003-08-25,3.53
2003-08-26,4.63
2003-08-27,3.35
2003-08-28,0.6
2003-08-29,0.36
2003-08-30,0.89
2003-08-31,6.7
2003-09-01,6.14
2003-09-02,5.08
2003-09-03,0.85
2003-09-04,1.06
2003-09-05,1.83
2003-09-06,6.73
2003-09-07,1.94
2003-09-08,0.44
2003-09-09,1.99
2003-09-10,0.7
2003-09-11,0.35
2003-09-12,0.33
2003-09-13,0.26
2003-09-14,0.47
2003-09-15,0.5
2003-09-16,0.68
2003-09-17,0.73
2003-09-18,1.06
2003-09-19,0.23
2003-09-20,0.01
2003-09-21,0.0
2003-09-22,0.0
2003-09-23,0.01
2003-09-24,0.25
2003-09-25,0.43
2003-09-26,0.21
2003-09-27,0.03
2003-09-28,0.84
2003-09-29,0.31
2003-09-30,1.02
2003-10-01,21.09
2003-10-02,14.76
2003-10-03,8.91
2003-10-04,12.33
2003-10-05,7.42
2003-10-06,8.58
2003-10-07,19.65
2003-10-08,4.49
2003-10-09,2.88
2003-10-10,0.79
2003-10-11,7.9
2003-10-12,8.15
2003-10-13,10.76
2003-10-14,6.31
2003-10-15,1.62
2003-10-16,0.41
2003-10-17,0.14
2003-10-18,5.76
2003-10-19,7.92
2003-10-20,4.4
2003-10-21,11.85
2003-10-22,12.46
2003-10-23,10.08
2003-10-24,1.55
2003-10-25,0.01
2003-10-26,0.01
2003-10-27,0.04
2003-10-28,0.11
2003-10-29,0.01
2003-10-30,2.13
2003-10-31,2.07
2003-11-01,1.7
2003-11-02,11.31
2003-11-03,9.44
2003-11-04,1.83
2003-11-05,0.64
2003-11-06,0.51
2003-11-07,0.56
2003-11-08,7.07
2003-11-09,0.94
2003-11-10,0.13
2003-11-11,0.0
2003-11-12,0.01
2003-11-13,0.19
2003-11-14,1.21
2003-11-15,0.37
2003-11-16,0.09
2003-11-17,0.0
2003-11-18,0.03
2003-11-19,0.04
2003-11-20,0.0
2003-11-21,0.08
2003-11-22,0.2
2003-11-23,0.01
2003-11-24,0.0
2003-11-25,0.0
2003-11-26,0.02
2003-11-27,0.0
2003-11-28,0.1
2003-11-29,4.44
2003-11-30,1.3
2003-12-01,0.3
2003-12-02,0.01
2003-12-03,0.0
2003-12-04,0.0
2003-12-05,0.0
2003-12-06,0.0
2003-12-07,0.0
2003-12-08,0.0
2003-12-09,0.0
2003-12-10,0.0
2003-12-11,0.0
2003-12-12,0.0
2003-12-13,0.0
2003-12-14,0.0
2003-12-15,0.0
2003-12-16,0.0
2003-12-17,0.0
2003-12-18,0.0
2003-12-19,3.02
2003-12-20,3.16
2003-12-21,0.0
2003-12-22,0.0
2003-12-23,0.0
2003-12-24,0.19
2003-12-25,0.11
2003-12-26,0.0
2003-12-27,0.0
2003-12-28,0.0
2003-12-29,0.0
2003-12-30,0.0
2003-12-31,0.0
2004-01-01,0.01
2004-01-02,0.8
2004-01-03,0.58
2004-01-04,0.02
2004-01-05,0.0
2004-01-06,0.1
2004-01-07,0.09
2004-01-08,0.0
2004-01-09,0.0
2004-01-10,0.0
2004-01-11,0.0
2004-01-12,0.0
2004-01-13,0.0
2004-01-14,0.0
2004-01-15,0.0
2004-01-16,0.0
2004-01-17,0.0
2004-01-18,0.0
2004-01-19,0.0
2004-01-20,0.0
2004-01-21,0.0
2004-01-22,0.01
2004-01-23,0.0
2004-01-24,0.0
2004-01-25,0.25
2004-01-26,0.03
2004-01-27,0.07
2004-01-28,0.45
2004-01-29,0.0
2004-01-30,0.04
2004-01-31,1.4
2004-02-01,0.11
2004-02-02,0.0
2004-02-03,0.0
2004-02-04,0.0
2004-02-05,0.0
2004-02-06,0.0
2004-02-07,0.0
2004-02-08,0.26
2004-02-09,0.01
2004-02-10,0.0
2004-02-11,0.0
2004-02-12,0.0
2004-02-13,0.0
2004-02-14,0.0
2004-02-15,0.0
2004-02-16,0.0
2004-02-17,0.0
2004-02-18,0.0
2004-02-19,0.0
2004-02-20,0.0
2004-02-21,0.0
2004-02-22,0.0
2004-02-23,0.0
2004-02-24,0.0
2004-02-25,0.0
2004-02-26,0.0
2004-02-27,0.05
2004-02-28,0.16
2004-02-29,0.0
2004-03-01,0.0
2004-03-02,0.0
2004-03-03,0.0
2004-03-04,0.0
2004-03-05,0.0
2004-03-06,0.0
2004-03-07,0.0
2004-03-08,0.0
2004-03-09,0.0
2004-03-10,0.0
2004-03-11,0.0
2004-03-12,0.0
2004-03-13,0.81
2004-03-14,0.48
2004-03-15,0.02
2004-03-16,0.01
2004-03-17,0.0
2004-03-18,0.0
2004-03-19,0.0
2004-03-20,0.0
2004-03-21,0.0
2004-03-22,0.0
2004-03-23,0.0
2004-03-24,0.0
2004-03-25,0.01
2004-03-26,0.01
2004-03-27,0.07
2004-03-28,0.11
2004-03-29,1.18
2004-03-30,1.68
2004-03-31,5.41
2004-04-01,5.94
2004-04-02,0.31
2004-04-03,0.21
2004-04-04,0.38
2004-04-05,10.03
2004-04-06,6.59
2004-04-07,0.45
2004-04-08,0.23
2004-04-09,0.02
2004-04-10,0.01
2004-04-11,0.18
2004-04-12,0.02
2004-04-13,0.01
2004-04-14,0.0
2004-04-15,0.0
2004-04-16,0.0
2004-04-17,0.0
2004-04-18,0.0
2004-04-19,0.7
2004-04-20,0.33
2004-04-21,0.77
2004-04-22,1.03
2004-04-23,15.3
2004-04-24,4.81
2004-04-25,0.11
2004-04-26,1.26
2004-04-27,3.85
2004-04-28,0.3
2004-04-29,1.3
2004-04-30,7.58
2004-05-01,3.77
2004-05-02,15.0
2004-05-03,12.11
2004-05-04,24.96
2004-05-05,43.66
2004-05-06,53.75
2004-05-07,54.22
2004-05-08,61.15
2004-05-09,11.04
2004-05-10,1.56
2004-05-11,0.24
2004-05-12,0.02
2004-05-13,0.72
2004-05-14,3.88
2004-05-15,18.7
2004-05-16,24.2
2004-05-17,11.09
2004-05-18,22.3
2004-05-19,15.19
2004-05-20,10.37
2004-05-21,7.33
2004-05-22,11.56
2004-05-23,20.82
2004-05-24,11.43
2004-05-25,3.84
2004-05-26,18.93
2004-05-27,10.84
2004-05-28,0.35
2004-05-29,12.73
2004-05-30,7.42
2004-05-31,16.73
2004-06-01,2.58
2004-06-02,1.65
2004-06-03,18.17
2004-06-04,25.83
2004-06-05,49.38
2004-06-06,16.01
2004-06-07,19.88
2004-06-08,19.68
2004-06-09,38.93
2004-06-10,21.53
2004-06-11,13.85
2004-06-12,16.36
2004-06-13,16.9
2004-06-14,18.39
2004-06-15,21.14
2004-06-16,20.44
2004-06-17,6.15
2004-06-18,3.06
2004-06-19,0.67
2004-06-20,0.35
2004-06-21,0.31
2004-06-22,0.58
2004-06-23,6.74
2004-06-24,9.06
2004-06-25,5.49
2004-06-26,3.1
2004-06-27,33.21
2004-06-28,25.7
2004-06-29,4.1
2004-06-30,3.46
2004-07-01,3.7
2004-07-02,7.95
2004-07-03,9.94
2004-07-04,3.23
2004-07-05,1.19
2004-07-06,0.65
2004-07-07,11.15
2004-07-08,18.06
2004-07-09,17.18
2004-07-10,7.91
2004-07-11,7.7
2004-07-12,12.12
2004-07-13,4.93
2004-07-14,16.06
2004-07-15,34.95
2004-07-16,11.49
2004-07-17,1.85
2004-07-18,1.17
2004-07-19,2.84
2004-07-20,3.95
2004-07-21,3.3
2004-07-22,10.61
2004-07-23,10.06
2004-07-24,4.76
2004-07-25,10.42
2004-07-26,13.85
2004-07-27,13.77
2004-07-28,5.69
2004-07-29,10.38
2004-07-30,6.45
2004-07-31,2.53
2004-08-01,1.76
2004-08-02,5.78
2004-08-03,45.38
2004-08-04,50.07
2004-08-05,18.79
2004-08-06,12.2
2004-08-07,13.27
2004-08-08,3.05
2004-08-09,2.75
2004-08-10,1.47
2004-08-11,10.25
2004-08-12,19.65
2004-08-13,15.04
2004-08-14,13.72
2004-08-15,11.78
2004-08-16,9.97
2004-08-17,4.33
2004-08-18,2.78
2004-08-19,4.69
2004-08-20,4.21
2004-08-21,1.32
2004-08-22,2.06
2004-08-23,3.24
2004-08-24,0.69
2004-08-25,0.2
2004-08-26,1.68
2004-08-27,0.47
2004-08-28,0.03
2004-08-29,0.01
2004-08-30,0.01
2004-08-31,0.0
2004-09-01,0.0
2004-09-02,2.3
2004-09-03,2.06
2004-09-04,1.44
2004-09-05,2.75
2004-09-06,1.44
2004-09-07,0.18
2004-09-08,3.0
2004-09-09,2.44
2004-09-10,7.01
2004-09-11,1.92
2004-09-12,1.37
2004-09-13,0.27
2004-09-14,9.09
2004-09-15,5.18
2004-09-16,1.76
2004-09-17,0.53
2004-09-18,0.12
2004-09-19,0.2
2004-09-20,0.13
2004-09-21,0.16
2004-09-22,0.14
2004-09-23,0.55
2004-09-24,32.73
2004-09-25,22.54
2004-09-26,2.51
2004-09-27,14.83
2004-09-28,16.16
2004-09-29,3.88
2004-09-30,0.44
2004-10-01,2.0
2004-10-02,35.84
2004-10-03,38.51
2004-10-04,33.61
2004-10-05,5.2
2004-10-06,0.02
2004-10-07,0.0
2004-10-08,0.0
2004-10-09,0.0
2004-10-10,0.0
2004-10-11,3.11
2004-10-12,1.07
2004-10-13,3.52
2004-10-14,8.83
2004-10-15,11.93
2004-10-16,14.74
2004-10-17,18.03
2004-10-18,5.77
2004-10-19,3.85
2004-10-20,5.73
2004-10-21,5.01
2004-10-22,4.47
2004-10-23,1.49
2004-10-24,0.66
2004-10-25,3.86
2004-10-26,1.62
2004-10-27,1.2
2004-10-28,1.05
2004-10-29,9.73
2004-10-30,8.05
2004-10-31,43.29
2004-11-01,14.17
2004-11-02,1.49
2004-11-03,0.82
2004-11-04,0.05
2004-11-05,0.66
2004-11-06,5.11
2004-11-07,4.85
2004-11-08,11.42
2004-11-09,6.31
2004-11-10,5.53
2004-11-11,3.28
2004-11-12,6.05
2004-11-13,1.56
2004-11-14,0.67
2004-11-15,3.97
2004-11-16,0.15
2004-11-17,0.0
2004-11-18,0.0
2004-11-19,0.0
2004-11-20,0.01
2004-11-21,0.0
2004-11-22,0.0
2004-11-23,0.0
2004-11-24,0.06
2004-11-25,2.66
2004-11-26,2.07
2004-11-27,0.25
2004-11-28,0.0
2004-11-29,0.0
2004-11-30,0.0
2004-12-01,0.0
2004-12-02,0.02
2004-12-03,0.02
2004-12-04,0.0
2004-12-05,0.0
2004-12-06,0.0
2004-12-07,0.0
2004-12-08,0.0
2004-12-09,0.0
2004-12-10,0.0
2004-12-11,0.0
2004-12-12,0.0
2004-12-13,0.02
2004-12-14,0.19
2004-12-15,0.03
2004-12-16,0.0
2004-12-17,0.0
2004-12-18,0.0
2004-12-19,0.0
2004-12-20,0.0
2004-12-21,0.0
2004-12-22,0.0
2004-12-23,0.0
2004-12-24,0.0
2004-12-25,0.0
2004-12-26,0.0
2004-12-27,0.07
2004-12-28,0.07
2004-12-29,0.0
2004-12-30,0.01
2004-12-31,0.06
2005-01-01,0.04
2005-01-02,0.06
2005-01-03,0.15
2005-01-04,0.01
2005-01-05,0.0
2005-01-06,0.0
2005-01-07,0.0
2005-01-08,0.0
2005-01-09,0.0
2005-01-10,0.0
2005-01-11,0.0
2005-01-12,0.0
2005-01-13,0.0
2005-01-14,0.0
2005-01-15,0.0
2005-01-16,0.0
2005-01-17,0.0
2005-01-18,0.0
2005-01-19,0.0
2005-01-20,0.0
2005-01-21,0.0
2005-01-22,0.01
2005-01-23,0.0
2005-01-24,0.0
2005-01-25,0.0
2005-01-26,0.0
2005-01-27,0.47
2005-01-28,0.32
2005-01-29,6.8
2005-01-30,6.19
2005-01-31,2.44
2005-02-01,0.58
2005-02-02,0.18
2005-02-03,0.02
2005-02-04,0.01
2005-02-05,0.01
2005-02-06,0.01
2005-02-07,0.0
2005-02-08,0.0
2005-02-09,0.0
2005-02-10,0.0
2005-02-11,0.0
2005-02-12,0.0
2005-02-13,0.0
2005-02-14,0.0
2005-02-15,0.0
2005-02-16,0.0
2005-02-17,0.0
2005-02-18,0.0
2005-02-19,0.0
2005-02-20,0.0
2005-02-21,0.0
2005-02-22,0.03
2005-02-23,0.02
2005-02-24,0.0
2005-02-25,0.0
2005-02-26,0.0
2005-02-27,0.0
2005-02-28,0.0
2005-03-01,0.0
2005-03-02,0.0
2005-03-03,0.0
2005-03-04,0.63
2005-03-05,0.48
2005-03-06,0.01
2005-03-07,0.0
2005-03-08,0.03
2005-03-09,0.04
2005-03-10,2.48
2005-03-11,0.82
2005-03-12,0.31
2005-03-13,5.1
2005-03-14,6.09
2005-03-15,0.81
2005-03-16,0.11
2005-03-17,0.04
2005-03-18,0.0
2005-03-19,0.0
2005-03-20,0.0
2005-03-21,0.0
2005-03-22,0.0
2005-03-23,0.0
2005-03-24,0.0
2005-03-25,0.0
2005-03-26,0.0
2005-03-27,0.0
2005-03-28,0.02
2005-03-29,0.02
2005-03-30,2.03
2005-03-31,0.16
2005-04-01,0.2
2005-04-02,0.06
2005-04-03,12.63
2005-04-04,4.48
2005-04-05,4.2
2005-04-06,12.8
2005-04-07,5.85
2005-04-08,0.96
2005-04-09,0.3
2005-04-10,0.76
2005-04-11,0.55
2005-04-12,0.68
2005-04-13,0.84
2005-04-14,0.47
2005-04-15,1.37
2005-04-16,0.4
2005-04-17,0.02
2005-04-18,0.22
2005-04-19,1.75
2005-04-20,3.48
2005-04-21,0.93
2005-04-22,0.02
2005-04-23,2.51
2005-04-24,0.72
2005-04-25,0.71
2005-04-26,5.0
2005-04-27,1.68
2005-04-28,0.05
2005-04-29,0.03
2005-04-30,0.38
2005-05-01,3.52
2005-05-02,0.79
2005-05-03,0.13
2005-05-04,0.9
2005-05-05,0.3
2005-05-06,2.56
2005-05-07,1.86
2005-05-08,0.01
2005-05-09,0.06
2005-05-10,0.07
2005-05-11,0.13
2005-05-12,1.02
2005-05-13,0.42
2005-05-14,0.88
2005-05-15,0.16
2005-05-16,0.01
2005-05-17,0.02
2005-05-18,0.03
2005-05-19,0.0
2005-05-20,0.0
2005-05-21,0.58
2005-05-22,0.46
2005-05-23,1.68
2005-05-24,0.09
2005-05-25,0.7
2005-05-26,31.79
2005-05-27,13.05
2005-05-28,2.83
2005-05-29,6.89
2005-05-30,3.68
2005-05-31,10.72
2005-06-01,3.5
2005-06-02,4.89
2005-06-03,0.94
2005-06-04,3.04
2005-06-05,15.52
2005-06-06,10.79
2005-06-07,2.13
2005-06-08,8.14
2005-06-09,11.15
2005-06-10,3.08
2005-06-11,1.21
2005-06-12,13.77
2005-06-13,11.92
2005-06-14,1.88
2005-06-15,2.49
2005-06-16,39.32
2005-06-17,22.74
2005-06-18,18.21
2005-06-19,32.27
2005-06-20,51.14
2005-06-21,46.42
2005-06-22,18.91
2005-06-23,7.11
2005-06-24,12.8
2005-06-25,7.77
2005-06-26,3.71
2005-06-27,3.89
2005-06-28,9.97
2005-06-29,10.81
2005-06-30,20.47
2005-07-01,30.91
2005-07-02,11.66
2005-07-03,13.55
2005-07-04,25.45
2005-07-05,20.41
2005-07-06,11.12
2005-07-07,7.19
2005-07-08,3.69
2005-07-09,6.83
2005-07-10,22.59
2005-07-11,7.45
2005-07-12,3.71
2005-07-13,4.44
2005-07-14,19.67
2005-07-15,14.64
2005-07-16,9.72
2005-07-17,28.36
2005-07-18,9.3
2005-07-19,16.32
2005-07-20,11.76
2005-07-21,5.37
2005-07-22,3.5
2005-07-23,9.9
2005-07-24,13.37
2005-07-25,11.78
2005-07-26,5.91
2005-07-27,7.13
2005-07-28,8.75
2005-07-29,13.83
2005-07-30,20.4
2005-07-31,13.94
2005-08-01,21.68
2005-08-02,18.77
2005-08-03,10.09
2005-08-04,10.07
2005-08-05,4.57
2005-08-06,1.13
2005-08-07,2.22
2005-08-08,7.47
2005-08-09,10.56
2005-08-10,8.77
2005-08-11,6.04
2005-08-12,2.22
2005-08-13,4.47
2005-08-14,4.18
2005-08-15,8.4
2005-08-16,9.8
2005-08-17,4.9
2005-08-18,0.77
2005-08-19,1.74
2005-08-20,0.31
2005-08-21,0.87
2005-08-22,0.67
2005-08-23,11.52
2005-08-24,2.72
2005-08-25,1.93
2005-08-26,2.96
2005-08-27,6.69
2005-08-28,3.08
2005-08-29,0.74
2005-08-30,0.31
2005-08-31,1.66
2005-09-01,2.33
2005-09-02,6.97
2005-09-03,6.0
2005-09-04,18.42
2005-09-05,5.12
2005-09-06,7.8
2005-09-07,22.28
2005-09-08,17.95
2005-09-09,2.59
2005-09-10,31.41
2005-09-11,19.08
2005-09-12,11.3
2005-09-13,5.07
2005-09-14,5.79
2005-09-15,3.68
2005-09-16,0.33
2005-09-17,0.17
2005-09-18,0.04
2005-09-19,1.9
2005-09-20,21.25
2005-09-21,8.47
2005-09-22,1.3
2005-09-23,0.28
2005-09-24,0.09
2005-09-25,0.31
2005-09-26,0.18
2005-09-27,0.16
2005-09-28,0.59
2005-09-29,0.42
2005-09-30,1.08
2005-10-01,0.13
2005-10-02,1.37
2005-10-03,3.09
2005-10-04,23.3
2005-10-05,10.64
2005-10-06,0.41
2005-10-07,5.26
2005-10-08,6.02
2005-10-09,15.17
2005-10-10,17.82
2005-10-11,13.3
2005-10-12,24.06
2005-10-13,16.89
2005-10-14,1.95
2005-10-15,1.09
2005-10-16,2.29
2005-10-17,5.83
2005-10-18,3.12
2005-10-19,3.11
2005-10-20,0.57
2005-10-21,11.17
2005-10-22,32.63
2005-10-23,17.88
2005-10-24,9.29
2005-10-25,14.63
2005-10-26,2.33
2005-10-27,9.28
2005-10-28,1.42
2005-10-29,4.51
2005-10-30,4.13
2005-10-31,0.94
2005-11-01,14.0
2005-11-02,11.5
2005-11-03,5.14
2005-11-04,7.27
2005-11-05,13.91
2005-11-06,2.98
2005-11-07,0.56
2005-11-08,5.15
2005-11-09,0.68
2005-11-10,3.58
2005-11-11,1.44
2005-11-12,36.13
2005-11-13,28.56
2005-11-14,0.96
2005-11-15,0.12
2005-11-16,0.0
2005-11-17,0.0
2005-11-18,0.0
2005-11-19,0.0
2005-11-20,0.01
2005-11-21,0.37
2005-11-22,1.98
2005-11-23,7.7
2005-11-24,7.43
2005-11-25,2.25
2005-11-26,1.32
2005-11-27,8.62
2005-11-28,1.52
2005-11-29,0.09
2005-11-30,0.14
2005-12-01,0.1
2005-12-02,0.36
2005-12-03,3.13
2005-12-04,2.65
2005-12-05,0.86
2005-12-06,0.07
2005-12-07,0.0
2005-12-08,0.0
2005-12-09,0.14
2005-12-10,0.48
2005-12-11,0.73
2005-12-12,6.12
2005-12-13,2.38
2005-12-14,0.33
2005-12-15,0.02
2005-12-16,0.0
2005-12-17,0.03
2005-12-18,0.04
2005-12-19,0.01
2005-12-20,0.0
2005-12-21,0.0
2005-12-22,0.55
2005-12-23,0.04
2005-12-24,0.0
2005-12-25,0.0
2005-12-26,0.0
2005-12-27,0.0
2005-12-28,0.0
2005-12-29,0.0
2005-12-30,0.0
2005-12-31,0.0
2006-01-01,0.0
2006-01-02,0.0
2006-01-03,0.0
2006-01-04,0.0
2006-01-05,0.03
2006-01-06,0.03
2006-01-07,0.02
2006-01-08,5.01
2006-01-09,1.06
2006-01-10,0.17
2006-01-11,0.0
2006-01-12,0.0
2006-01-13,0.0
2006-01-14,0.01
2006-01-15,0.01
2006-01-16,0.07
2006-01-17,0.0
2006-01-18,0.0
2006-01-19,0.0
2006-01-20,0.0
2006-01-21,0.0
2006-01-22,0.0
2006-01-23,0.0
2006-01-24,0.0
2006-01-25,0.0
2006-01-26,0.0
2006-01-27,0.0
2006-01-28,0.0
2006-01-29,0.0
2006-01-30,0.0
2006-01-31,0.0
2006-02-01,0.0
2006-02-02,0.0
2006-02-03,0.0
2006-02-04,0.0
2006-02-05,0.0
2006-02-06,0.0
2006-02-07,0.0
2006-02-08,0.0
2006-02-09,0.0
2006-02-10,0.0
2006-02-11,0.0
2006-02-12,0.0
2006-02-13,0.0
2006-02-14,0.0
2006-02-15,0.0
2006-02-16,0.0
2006-02-17,0.0
2006-02-18,0.0
2006-02-19,0.0
2006-02-20,0.0
2006-02-21,0.0
2006-02-22,0.0
2006-02-23,0.0
2006-02-24,0.0
2006-02-25,0.0
2006-02-26,0.0
2006-02-27,0.0
2006-02-28,0.0
2006-03-01,0.0
2006-03-02,0.02
2006-03-03,18.53
2006-03-04,2.07
2006-03-05,2.88
2006-03-06,2.92
2006-03-07,0.23
2006-03-08,0.08
2006-03-09,4.0
2006-03-10,1.92
2006-03-11,0.54
2006-03-12,0.01
2006-03-13,0.0
2006-03-14,0.0
2006-03-15,0.02
2006-03-16,0.01
2006-03-17,0.0
2006-03-18,0.0
2006-03-19,0.0
2006-03-20,0.0
2006-03-21,0.02
2006-03-22,0.02
2006-03-23,3.31
2006-03-24,2.29
2006-03-25,0.01
2006-03-26,0.13
2006-03-27,0.06
2006-03-28,0.0
2006-03-29,0.0
2006-03-30,0.02
2006-03-31,0.01
2006-04-01,0.0
2006-04-02,0.0
2006-04-03,0.03
2006-04-04,0.0
2006-04-05,0.0
2006-04-06,0.0
2006-04-07,0.0
2006-04-08,0.0
2006-04-09,0.0
2006-04-10,0.0
2006-04-11,0.01
2006-04-12,0.22
2006-04-13,1.17
2006-04-14,1.83
2006-04-15,1.54
2006-04-16,1.75
2006-04-17,1.03
2006-04-18,4.15
2006-04-19,3.43
2006-04-20,0.9
2006-04-21,0.06
2006-04-22,0.0
2006-04-23,0.0
2006-04-24,0.0
2006-04-25,0.35
2006-04-26,0.18
2006-04-27,0.0
2006-04-28,0.0
2006-04-29,0.0
2006-04-30,0.0
2006-05-01,0.0
2006-05-02,0.77
2006-05-03,0.22
2006-05-04,20.28
2006-05-05,6.56
2006-05-06,0.03
2006-05-07,0.38
2006-05-08,0.44
2006-05-09,2.62
2006-05-10,1.66
2006-05-11,0.74
2006-05-12,1.5
2006-05-13,0.33
2006-05-14,0.31
2006-05-15,2.76
2006-05-16,17.04
2006-05-17,5.34
2006-05-18,9.21
2006-05-19,2.72
2006-05-20,0.47
2006-05-21,5.71
2006-05-22,4.76
2006-05-23,24.16
2006-05-24,7.5
2006-05-25,19.84
2006-05-26,27.02
2006-05-27,55.25
2006-05-28,78.66
2006-05-29,30.85
2006-05-30,29.7
2006-05-31,63.96
2006-06-01,22.55
2006-06-02,8.32
2006-06-03,24.29
2006-06-04,9.45
2006-06-05,3.81
2006-06-06,3.0
2006-06-07,3.09
2006-06-08,0.1
2006-06-09,1.24
2006-06-10,0.39
2006-06-11,0.01
2006-06-12,0.0
2006-06-13,0.61
2006-06-14,0.47
2006-06-15,11.96
2006-06-16,10.01
2006-06-17,0.77
2006-06-18,1.75
2006-06-19,25.14
2006-06-20,17.69
2006-06-21,18.87
2006-06-22,38.51
2006-06-23,61.18
2006-06-24,41.62
2006-06-25,35.93
2006-06-26,13.84
2006-06-27,33.06
2006-06-28,24.52
2006-06-29,61.58
2006-06-30,20.67
2006-07-01,9.24
2006-07-02,17.86
2006-07-03,8.82
2006-07-04,6.24
2006-07-05,7.51
2006-07-06,12.41
2006-07-07,17.59
2006-07-08,11.65
2006-07-09,5.87
2006-07-10,15.13
2006-07-11,22.44
2006-07-12,31.62
2006-07-13,43.15
2006-07-14,21.11
2006-07-15,12.35
2006-07-16,4.06
2006-07-17,5.78
2006-07-18,7.95
2006-07-19,7.06
2006-07-20,7.72
2006-07-21,6.75
2006-07-22,3.87
2006-07-23,2.73
2006-07-24,0.59
2006-07-25,4.33
2006-07-26,6.23
2006-07-27,7.46
2006-07-28,6.23
2006-07-29,9.7
2006-07-30,10.01
2006-07-31,5.17
2006-08-01,3.87
2006-08-02,4.98
2006-08-03,7.88
2006-08-04,7.25
2006-08-05,4.59
2006-08-06,4.33
2006-08-07,0.89
2006-08-08,2.31
2006-08-09,10.79
2006-08-10,28.54
2006-08-11,58.34
2006-08-12,27.9
2006-08-13,24.32
2006-08-14,13.73
2006-08-15,30.76
2006-08-16,19.77
2006-08-17,15.43
2006-08-18,5.47
2006-08-19,2.29
2006-08-20,2.91
2006-08-21,1.92
2006-08-22,0.4
2006-08-23,0.04
2006-08-24,0.26
2006-08-25,0.81
2006-08-26,0.33
2006-08-27,0.09
2006-08-28,3.16
2006-08-29,3.64
2006-08-30,1.46
2006-08-31,0.58
2006-09-01,0.31
2006-09-02,6.4
2006-09-03,1.85
2006-09-04,3.82
2006-09-05,0.54
2006-09-06,2.18
2006-09-07,0.8
2006-09-08,2.69
2006-09-09,12.07
2006-09-10,14.58
2006-09-11,37.92
2006-09-12,45.8
2006-09-13,33.9
2006-09-14,22.86
2006-09-15,18.16
2006-09-16,37.07
2006-09-17,11.39
2006-09-18,14.29
2006-09-19,7.37
2006-09-20,8.39
2006-09-21,21.08
2006-09-22,10.77
2006-09-23,4.82
2006-09-24,24.86
2006-09-25,28.92
2006-09-26,8.18
2006-09-27,0.12
2006-09-28,0.88
2006-09-29,5.37
2006-09-30,7.29
2006-10-01,11.76
2006-10-02,1.87
2006-10-03,2.03
2006-10-04,3.78
2006-10-05,7.61
2006-10-06,12.76
2006-10-07,37.21
2006-10-08,20.18
2006-10-09,1.74
2006-10-10,2.29
2006-10-11,0.32
2006-10-12,2.93
2006-10-13,2.91
2006-10-14,9.64
2006-10-15,7.6
2006-10-16,6.24
2006-10-17,1.6
2006-10-18,5.74
2006-10-19,4.83
2006-10-20,6.18
2006-10-21,3.09
2006-10-22,0.94
2006-10-23,5.05
2006-10-24,5.59
2006-10-25,3.42
2006-10-26,5.68
2006-10-27,4.85
2006-10-28,13.12
2006-10-29,8.8
2006-10-30,13.89
2006-10-31,10.72
2006-11-01,7.23
2006-11-02,2.93
2006-11-03,3.64
2006-11-04,4.73
2006-11-05,3.28
2006-11-06,17.81
2006-11-07,3.34
2006-11-08,3.25
2006-11-09,18.55
2006-11-10,5.05
2006-11-11,2.1
2006-11-12,0.39
2006-11-13,0.16
2006-11-14,6.71
2006-11-15,3.42
2006-11-16,0.49
2006-11-17,6.35
2006-11-18,19.31
2006-11-19,2.4
2006-11-20,16.04
2006-11-21,4.86
2006-11-22,2.25
2006-11-23,9.78
2006-11-24,2.81
2006-11-25,0.06
2006-11-26,0.15
2006-11-27,0.22
2006-11-28,5.97
2006-11-29,0.36
2006-11-30,0.0
2006-12-01,0.0
2006-12-02,0.0
2006-12-03,0.0
2006-12-04,0.0
2006-12-05,0.0
2006-12-06,0.0
2006-12-07,0.0
2006-12-08,0.0
2006-12-09,0.0
2006-12-10,0.06
2006-12-11,0.15
2006-12-12,0.04
2006-12-13,0.04
2006-12-14,0.0
2006-12-15,0.0
2006-12-16,0.0
2006-12-17,0.0
2006-12-18,0.0
2006-12-19,0.0
2006-12-20,0.0
2006-12-21,0.0
2006-12-22,0.0
2006-12-23,0.0
2006-12-24,0.0
2006-12-25,0.0
2006-12-26,0.0
2006-12-27,0.0
2006-12-28,0.0
2006-12-29,0.0
2006-12-30,0.0
2006-12-31,0.0
2007-01-01,0.0
2007-01-02,0.0
2007-01-03,0.0
2007-01-04,0.0
2007-01-05,0.0
2007-01-06,0.0
2007-01-07,0.0
2007-01-08,0.0
2007-01-09,0.0
2007-01-10,0.0
2007-01-11,0.0
2007-01-12,0.0
2007-01-13,0.0
2007-01-14,0.0
2007-01-15,0.0
2007-01-16,0.0
2007-01-17,0.0
2007-01-18,0.0
2007-01-19,0.0
2007-01-20,0.0
2007-01-21,0.0
2007-01-22,0.0
2007-01-23,0.0
2007-01-24,0.0
2007-01-25,0.0
2007-01-26,0.0
2007-01-27,3.51
2007-01-28,0.48
2007-01-29,0.08
2007-01-30,0.0
2007-01-31,0.0
2007-02-01,0.0
2007-02-02,0.0
2007-02-03,0.0
2007-02-04,0.0
2007-02-05,0.0
2007-02-06,0.0
2007-02-07,0.0
2007-02-08,0.0
2007-02-09,0.0
2007-02-10,0.0
2007-02-11,0.0
2007-02-12,0.0
2007-02-13,0.0
2007-02-14,0.0
2007-02-15,0.0
2007-02-16,0.0
2007-02-17,0.0
2007-02-18,0.04
2007-02-19,0.13
2007-02-20,0.03
2007-02-21,0.0
2007-02-22,0.0
2007-02-23,0.0
2007-02-24,0.0
2007-02-25,0.0
2007-02-26,0.0
2007-02-27,0.0
2007-02-28,0.0
2007-03-01,0.0
2007-03-02,0.0
2007-03-03,0.0
2007-03-04,0.0
2007-03-05,0.0
2007-03-06,0.0
2007-03-07,3.44
2007-03-08,2.98
2007-03-09,0.0
2007-03-10,0.0
2007-03-11,0.0
2007-03-12,0.0
2007-03-13,0.0
2007-03-14,0.0
2007-03-15,0.0
2007-03-16,0.0
2007-03-17,0.0
2007-03-18,0.0
2007-03-19,0.0
2007-03-20,0.0
2007-03-21,0.0
2007-03-22,0.0
2007-03-23,0.0
2007-03-24,0.0
2007-03-25,0.01
2007-03-26,0.02
2007-03-27,0.0
2007-03-28,0.0
2007-03-29,0.0
2007-03-30,0.0
2007-03-31,0.08
2007-04-01,0.09
2007-04-02,0.0
2007-04-03,0.0
2007-04-04,0.0
2007-04-05,0.0
2007-04-06,0.01
2007-04-07,0.02
2007-04-08,0.13
2007-04-09,0.56
2007-04-10,0.28
2007-04-11,0.09
2007-04-12,5.96
2007-04-13,2.51
2007-04-14,4.2
2007-04-15,2.24
2007-04-16,11.39
2007-04-17,12.46
2007-04-18,0.31
2007-04-19,1.29
2007-04-20,1.75
2007-04-21,8.78
2007-04-22,1.6
2007-04-23,3.66
2007-04-24,1.92
2007-04-25,0.08
2007-04-26,3.23
2007-04-27,0.8
2007-04-28,0.21
2007-04-29,0.34
2007-04-30,7.2
2007-05-01,9.47
2007-05-02,12.54
2007-05-03,23.84
2007-05-04,3.38
2007-05-05,4.29
2007-05-06,9.46
2007-05-07,2.2
2007-05-08,3.36
2007-05-09,27.89
2007-05-10,6.1
2007-05-11,0.01
2007-05-12,0.0
2007-05-13,0.0
2007-05-14,0.0
2007-05-15,0.0
2007-05-16,0.0
2007-05-17,0.0
2007-05-18,0.0
2007-05-19,0.0
2007-05-20,0.0
2007-05-21,0.02
2007-05-22,0.08
2007-05-23,1.2
2007-05-24,7.5
2007-05-25,5.59
2007-05-26,6.85
2007-05-27,34.8
2007-05-28,17.89
2007-05-29,10.57
2007-05-30,19.79
2007-05-31,1.59
2007-06-01,0.15
2007-06-02,0.46
2007-06-03,1.07
2007-06-04,0.19
2007-06-05,16.21
2007-06-06,6.68
2007-06-07,9.34
2007-06-08,5.32
2007-06-09,2.29
2007-06-10,3.42
2007-06-11,40.08
2007-06-12,34.39
2007-06-13,15.44
2007-06-14,33.48
2007-06-15,27.54
2007-06-16,22.52
2007-06-17,18.34
2007-06-18,56.11
2007-06-19,38.3
2007-06-20,46.12
2007-06-21,23.84
2007-06-22,56.63
2007-06-23,48.94
2007-06-24,14.79
2007-06-25,4.11
2007-06-26,10.08
2007-06-27,7.31
2007-06-28,4.23
2007-06-29,11.35
2007-06-30,20.48
2007-07-01,17.99
2007-07-02,61.85
2007-07-03,62.3
2007-07-04,20.94
2007-07-05,10.19
2007-07-06,11.47
2007-07-07,10.01
2007-07-08,19.36
2007-07-09,34.03
2007-07-10,25.7
2007-07-11,21.79
2007-07-12,18.92
2007-07-13,18.64
2007-07-14,5.76
2007-07-15,12.0
2007-07-16,37.69
2007-07-17,63.71
2007-07-18,19.51
2007-07-19,11.35
2007-07-20,20.65
2007-07-21,10.94
2007-07-22,10.3
2007-07-23,2.55
2007-07-24,13.33
2007-07-25,9.31
2007-07-26,7.23
2007-07-27,7.85
2007-07-28,11.48
2007-07-29,3.2
2007-07-30,9.22
2007-07-31,9.32
2007-08-01,10.34
2007-08-02,19.33
2007-08-03,17.29
2007-08-04,14.93
2007-08-05,22.35
2007-08-06,20.03
2007-08-07,12.27
2007-08-08,24.86
2007-08-09,47.87
2007-08-10,23.09
2007-08-11,10.86
2007-08-12,3.51
2007-08-13,1.9
2007-08-14,0.33
2007-08-15,0.18
2007-08-16,0.07
2007-08-17,0.17
2007-08-18,0.07
2007-08-19,6.17
2007-08-20,7.59
2007-08-21,24.95
2007-08-22,7.65
2007-08-23,3.22
2007-08-24,12.99
2007-08-25,6.04
2007-08-26,5.75
2007-08-27,6.68
2007-08-28,24.24
2007-08-29,19.13
2007-08-30,9.09
2007-08-31,14.91
2007-09-01,10.89
2007-09-02,20.81
2007-09-03,7.76
2007-09-04,9.32
2007-09-05,16.27
2007-09-06,17.47
2007-09-07,5.99
2007-09-08,1.27
2007-09-09,19.82
2007-09-10,6.33
2007-09-11,12.03
2007-09-12,8.53
2007-09-13,10.44
2007-09-14,18.38
2007-09-15,25.29
2007-09-16,24.58
2007-09-17,26.87
2007-09-18,17.28
2007-09-19,2.17
2007-09-20,8.25
2007-09-21,5.96
2007-09-22,5.31
2007-09-23,12.26
2007-09-24,50.15
2007-09-25,34.65
2007-09-26,2.46
2007-09-27,2.16
2007-09-28,3.37
2007-09-29,2.33
2007-09-30,2.08
2007-10-01,1.8
2007-10-02,2.56
2007-10-03,0.41
2007-10-04,8.69
2007-10-05,1.01
2007-10-06,3.99
2007-10-07,1.11
2007-10-08,0.0
2007-10-09,0.01
2007-10-10,0.06
2007-10-11,6.95
2007-10-12,3.3
2007-10-13,1.91
2007-10-14,1.89
2007-10-15,5.64
2007-10-16,2.06
2007-10-17,8.18
2007-10-18,6.33
2007-10-19,14.09
2007-10-20,30.16
2007-10-21,20.75
2007-10-22,15.86
2007-10-23,19.87
2007-10-24,24.63
2007-10-25,2.42
2007-10-26,23.52
2007-10-27,21.69
2007-10-28,9.97
2007-10-29,20.17
2007-10-30,2.89
2007-10-31,0.36
2007-11-01,5.11
2007-11-02,10.36
2007-11-03,12.57
2007-11-04,4.87
2007-11-05,0.44
2007-11-06,43.02
2007-11-07,7.01
2007-11-08,0.07
2007-11-09,0.03
2007-11-10,0.8
2007-11-11,0.05
2007-11-12,0.01
2007-11-13,0.12
2007-11-14,0.14
2007-11-15,0.0
2007-11-16,0.0
2007-11-17,0.0
2007-11-18,0.0
2007-11-19,0.06
2007-11-20,0.15
2007-11-21,0.05
2007-11-22,0.0
2007-11-23,0.0
2007-11-24,0.01
2007-11-25,0.0
2007-11-26,0.0
2007-11-27,0.0
2007-11-28,0.0
2007-11-29,2.2
2007-11-30,2.25
2007-12-01,0.0
2007-12-02,0.0
2007-12-03,0.06
2007-12-04,0.03
2007-12-05,0.01
2007-12-06,0.3
2007-12-07,0.11
2007-12-08,0.04
2007-12-09,0.0
2007-12-10,0.0
2007-12-11,0.0
2007-12-12,0.0
2007-12-13,0.02
2007-12-14,0.45
2007-12-15,0.24
2007-12-16,0.0
2007-12-17,0.02
2007-12-18,14.94
2007-12-19,13.87
2007-12-20,5.57
2007-12-21,0.92
2007-12-22,0.15
2007-12-23,0.0
2007-12-24,0.0
2007-12-25,0.0
2007-12-26,0.0
2007-12-27,0.0
2007-12-28,0.0
2007-12-29,0.0
2007-12-30,0.0
2007-12-31,0.0
2008-01-01,0.0
2008-01-02,0.0
2008-01-03,0.0
2008-01-04,0.0
2008-01-05,0.08
2008-01-06,0.01
2008-01-07,0.0
2008-01-08,0.0
2008-01-09,0.0
2008-01-10,0.0
2008-01-11,0.0
2008-01-12,0.0
2008-01-13,0.0
2008-01-14,0.0
2008-01-15,0.0
2008-01-16,0.0
2008-01-17,0.0
2008-01-18,0.0
2008-01-19,0.0
2008-01-20,0.0
2008-01-21,0.0
2008-01-22,0.0
2008-01-23,0.0
2008-01-24,0.0
2008-01-25,0.0
2008-01-26,0.0
2008-01-27,0.0
2008-01-28,0.0
2008-01-29,0.0
2008-01-30,0.0
2008-01-31,0.0
2008-02-01,0.0
2008-02-02,0.0
2008-02-03,0.0
2008-02-04,0.0
2008-02-05,0.0
2008-02-06,0.0
2008-02-07,0.0
2008-02-08,6.09
2008-02-09,2.17
2008-02-10,1.29
2008-02-11,1.25
2008-02-12,1.44
2008-02-13,0.07
2008-02-14,0.01
2008-02-15,0.01
2008-02-16,0.0
2008-02-17,0.0
2008-02-18,0.0
2008-02-19,0.0
2008-02-20,0.0
2008-02-21,0.0
2008-02-22,0.0
2008-02-23,0.0
2008-02-24,0.0
2008-02-25,0.0
2008-02-26,0.0
2008-02-27,0.0
2008-02-28,0.0
2008-02-29,0.0
2008-03-01,0.14
2008-03-02,0.98
2008-03-03,0.79
2008-03-04,0.2
2008-03-05,0.0
2008-03-06,0.03
2008-03-07,0.0
2008-03-08,0.0
2008-03-09,0.0
2008-03-10,0.0
2008-03-11,0.0
2008-03-12,3.79
2008-03-13,29.24
2008-03-14,9.36
2008-03-15,20.27
2008-03-16,5.85
2008-03-17,1.84
2008-03-18,7.18
2008-03-19,3.71
2008-03-20,64.64
2008-03-21,22.07
2008-03-22,26.14
2008-03-23,15.82
2008-03-24,3.61
2008-03-25,0.6
2008-03-26,1.07
2008-03-27,0.04
2008-03-28,1.36
2008-03-29,0.29
2008-03-30,0.56
2008-03-31,0.24
2008-04-01,0.02
2008-04-02,6.48
2008-04-03,0.53
2008-04-04,0.18
2008-04-05,0.1
2008-04-06,0.07
2008-04-07,0.93
2008-04-08,1.16
2008-04-09,0.57
2008-04-10,0.06
2008-04-11,0.06
2008-04-12,0.25
2008-04-13,0.24
2008-04-14,0.26
2008-04-15,1.03
2008-04-16,0.51
2008-04-17,0.03
2008-04-18,1.39
2008-04-19,0.51
2008-04-20,0.14
2008-04-21,0.0
2008-04-22,0.64
2008-04-23,0.76
2008-04-24,1.91
2008-04-25,0.36
2008-04-26,7.75
2008-04-27,46.9
2008-04-28,13.34
2008-04-29,1.15
2008-04-30,0.56
2008-05-01,0.11
2008-05-02,0.45
2008-05-03,0.9
2008-05-04,0.26
2008-05-05,0.14
2008-05-06,0.01
2008-05-07,0.77
2008-05-08,5.0
2008-05-09,2.26
2008-05-10,0.41
2008-05-11,7.85
2008-05-12,4.31
2008-05-13,0.21
2008-05-14,0.03
2008-05-15,0.18
2008-05-16,0.05
2008-05-17,0.05
2008-05-18,0.05
2008-05-19,0.48
2008-05-20,6.9
2008-05-21,6.72
2008-05-22,3.93
2008-05-23,1.24
2008-05-24,0.98
2008-05-25,5.7
2008-05-26,2.25
2008-05-27,0.46
2008-05-28,2.04
2008-05-29,1.1
2008-05-30,5.84
2008-05-31,6.09
2008-06-01,10.57
2008-06-02,3.96
2008-06-03,1.89
2008-06-04,4.32
2008-06-05,11.15
2008-06-06,27.13
2008-06-07,15.42
2008-06-08,28.09
2008-06-09,34.18
2008-06-10,8.18
2008-06-11,8.22
2008-06-12,22.63
2008-06-13,26.32
2008-06-14,7.3
2008-06-15,5.68
2008-06-16,6.57
2008-06-17,6.44
2008-06-18,29.87
2008-06-19,14.38
2008-06-20,2.59
2008-06-21,7.32
2008-06-22,16.2
2008-06-23,2.97
2008-06-24,2.1
2008-06-25,5.95
2008-06-26,4.4
2008-06-27,16.57
2008-06-28,25.0
2008-06-29,25.22
2008-06-30,31.41
2008-07-01,25.28
2008-07-02,2.48
2008-07-03,1.31
2008-07-04,1.51
2008-07-05,3.07
2008-07-06,9.46
2008-07-07,4.38
2008-07-08,5.91
2008-07-09,5.68
2008-07-10,8.15
2008-07-11,6.71
2008-07-12,3.02
2008-07-13,0.44
2008-07-14,4.94
2008-07-15,27.54
2008-07-16,9.09
2008-07-17,4.82
2008-07-18,13.22
2008-07-19,2.69
2008-07-20,7.3
2008-07-21,2.88
2008-07-22,1.07
2008-07-23,7.5
2008-07-24,12.54
2008-07-25,24.67
2008-07-26,15.02
2008-07-27,27.81
2008-07-28,23.03
2008-07-29,24.06
2008-07-30,18.56
2008-07-31,5.98
2008-08-01,3.32
2008-08-02,1.28
2008-08-03,1.47
2008-08-04,1.4
2008-08-05,5.9
2008-08-06,3.46
2008-08-07,0.35
2008-08-08,2.71
2008-08-09,8.86
2008-08-10,17.22
2008-08-11,29.65
2008-08-12,32.84
2008-08-13,13.66
2008-08-14,19.2
2008-08-15,11.79
2008-08-16,2.17
2008-08-17,1.22
2008-08-18,4.36
2008-08-19,1.54
2008-08-20,0.35
2008-08-21,0.89
2008-08-22,0.2
2008-08-23,8.28
2008-08-24,0.87
2008-08-25,1.94
2008-08-26,6.83
2008-08-27,7.06
2008-08-28,2.62
2008-08-29,10.69
2008-08-30,4.82
2008-08-31,24.06
2008-09-01,14.84
2008-09-02,2.24
2008-09-03,5.62
2008-09-04,19.62
2008-09-05,9.73
2008-09-06,15.28
2008-09-07,17.64
2008-09-08,55.46
2008-09-09,18.22
2008-09-10,11.69
2008-09-11,11.07
2008-09-12,5.42
2008-09-13,3.65
2008-09-14,14.55
2008-09-15,5.23
2008-09-16,4.86
2008-09-17,0.09
2008-09-18,0.1
2008-09-19,23.12
2008-09-20,8.62
2008-09-21,0.72
2008-09-22,0.02
2008-09-23,0.01
2008-09-24,0.01
2008-09-25,0.0
2008-09-26,0.0
2008-09-27,0.01
2008-09-28,0.0
2008-09-29,0.0
2008-09-30,0.0
2008-10-01,0.0
2008-10-02,0.32
2008-10-03,0.79
2008-10-04,0.37
2008-10-05,0.23
2008-10-06,4.17
2008-10-07,2.77
2008-10-08,5.4
2008-10-09,1.23
2008-10-10,0.44
2008-10-11,10.03
2008-10-12,6.34
2008-10-13,2.37
2008-10-14,6.24
2008-10-15,11.33
2008-10-16,12.54
2008-10-17,6.38
2008-10-18,3.12
2008-10-19,6.19
2008-10-20,21.39
2008-10-21,16.83
2008-10-22,9.25
2008-10-23,70.83
2008-10-24,96.53
2008-10-25,49.68
2008-10-26,8.09
2008-10-27,0.74
2008-10-28,0.0
2008-10-29,0.0
2008-10-30,0.01
2008-10-31,0.0
2008-11-01,0.0
2008-11-02,0.0
2008-11-03,0.0
2008-11-04,0.0
2008-11-05,0.0
2008-11-06,0.0
2008-11-07,0.0
2008-11-08,0.0
2008-11-09,0.03
2008-11-10,0.01
2008-11-11,1.8
2008-11-12,0.38
2008-11-13,0.0
2008-11-14,0.0
2008-11-15,0.14
2008-11-16,0.15
2008-11-17,0.14
2008-11-18,0.11
2008-11-19,0.3
2008-11-20,3.71
2008-11-21,0.58
2008-11-22,5.31
2008-11-23,3.95
2008-11-24,1.25
2008-11-25,0.22
2008-11-26,1.03
2008-11-27,2.81
2008-11-28,10.25
2008-11-29,2.32
2008-11-30,7.39
2008-12-01,1.21
2008-12-02,0.18
2008-12-03,0.0
2008-12-04,0.0
2008-12-05,0.0
2008-12-06,0.0
2008-12-07,0.0
2008-12-08,0.13
2008-12-09,0.54
2008-12-10,2.3
2008-12-11,0.26
2008-12-12,0.0
2008-12-13,0.18
2008-12-14,0.08
2008-12-15,0.53
2008-12-16,0.09
2008-12-17,0.0
2008-12-18,0.0
2008-12-19,0.0
2008-12-20,0.0
2008-12-21,0.0
2008-12-22,0.0
2008-12-23,0.0
2008-12-24,0.0
2008-12-25,0.0
2008-12-26,0.0
2008-12-27,0.0
2008-12-28,0.0
2008-12-29,0.0
2008-12-30,0.0
2008-12-31,0.0
2009-01-01,0.0
2009-01-02,0.0
2009-01-03,0.0
2009-01-04,0.0
2009-01-05,0.0
2009-01-06,0.0
2009-01-07,0.0
2009-01-08,0.0
2009-01-09,0.0
2009-01-10,0.0
2009-01-11,0.0
2009-01-12,0.0
2009-01-13,0.0
2009-01-14,0.0
2009-01-15,0.01
2009-01-16,0.0
2009-01-17,0.0
2009-01-18,0.0
2009-01-19,0.0
2009-01-20,0.0
2009-01-21,0.0
2009-01-22,0.0
2009-01-23,0.0
2009-01-24,0.0
2009-01-25,0.0
2009-01-26,0.5
2009-01-27,0.37
2009-01-28,0.01
2009-01-29,0.0
2009-01-30,0.0
2009-01-31,0.0
2009-02-01,0.0
2009-02-02,0.0
2009-02-03,0.0
2009-02-04,0.0
2009-02-05,0.0
2009-02-06,0.0
2009-02-07,0.0
2009-02-08,0.0
2009-02-09,0.0
2009-02-10,0.0
2009-02-11,0.0
2009-02-12,0.0
2009-02-13,0.0
2009-02-14,0.0
2009-02-15,0.0
2009-02-16,0.0
2009-02-17,0.0
2009-02-18,0.0
2009-02-19,0.0
2009-02-20,0.0
2009-02-21,0.0
2009-02-22,0.0
2009-02-23,0.0
2009-02-24,0.0
2009-02-25,0.0
2009-02-26,0.0
2009-02-27,0.0
2009-02-28,0.0
2009-03-01,0.0
2009-03-02,0.0
2009-03-03,0.0
2009-03-04,0.0
2009-03-05,0.0
2009-03-06,0.0
2009-03-07,0.01
2009-03-08,0.03
2009-03-09,1.04
2009-03-10,0.03
2009-03-11,4.77
2009-03-12,6.3
2009-03-13,0.25
2009-03-14,0.38
2009-03-15,1.66
2009-03-16,0.58
2009-03-17,0.01
2009-03-18,0.0
2009-03-19,0.0
2009-03-20,0.0
2009-03-21,0.0
2009-03-22,0.69
2009-03-23,5.29
2009-03-24,2.18
2009-03-25,0.04
2009-03-26,0.03
2009-03-27,0.43
2009-03-28,0.07
2009-03-29,0.01
2009-03-30,0.01
2009-03-31,0.0
2009-04-01,0.0
2009-04-02,0.0
2009-04-03,0.0
2009-04-04,0.0
2009-04-05,0.0
2009-04-06,0.64
2009-04-07,1.49
2009-04-08,0.73
2009-04-09,1.51
2009-04-10,0.99
2009-04-11,1.25
2009-04-12,0.98
2009-04-13,2.72
2009-04-14,1.06
2009-04-15,0.22
2009-04-16,0.04
2009-04-17,0.05
2009-04-18,0.05
2009-04-19,1.35
2009-04-20,4.08
2009-04-21,1.22
2009-04-22,1.44
2009-04-23,0.36
2009-04-24,0.22
2009-04-25,0.08
2009-04-26,0.03
2009-04-27,0.02
2009-04-28,0.05
2009-04-29,0.15
2009-04-30,25.36
2009-05-01,6.85
2009-05-02,0.03
2009-05-03,0.01
2009-05-04,2.28
2009-05-05,0.32
2009-05-06,0.1
2009-05-07,0.15
2009-05-08,8.52
2009-05-09,3.45
2009-05-10,0.21
2009-05-11,0.04
2009-05-12,1.24
2009-05-13,0.42
2009-05-14,0.02
2009-05-15,0.7
2009-05-16,2.49
2009-05-17,3.87
2009-05-18,3.28
2009-05-19,8.18
2009-05-20,11.8
2009-05-21,15.07
2009-05-22,3.39
2009-05-23,4.88
2009-05-24,16.82
2009-05-25,6.45
2009-05-26,7.93
2009-05-27,10.21
2009-05-28,1.85
2009-05-29,1.17
2009-05-30,10.88
2009-05-31,8.41
2009-06-01,4.31
2009-06-02,1.08
2009-06-03,0.66
2009-06-04,1.05
2009-06-05,35.36
2009-06-06,53.6
2009-06-07,21.53
2009-06-08,7.96
2009-06-09,1.03
2009-06-10,6.84
2009-06-11,2.11
2009-06-12,3.36
2009-06-13,5.71
2009-06-14,3.04
2009-06-15,4.48
2009-06-16,7.71
2009-06-17,6.56
2009-06-18,8.02
2009-06-19,6.72
2009-06-20,3.54
2009-06-21,4.11
2009-06-22,4.77
2009-06-23,4.13
2009-06-24,7.99
2009-06-25,34.1
2009-06-26,11.35
2009-06-27,3.06
2009-06-28,1.76
2009-06-29,13.62
2009-06-30,56.3
2009-07-01,47.31
2009-07-02,43.84
2009-07-03,34.62
2009-07-04,38.12
2009-07-05,25.56
2009-07-06,25.61
2009-07-07,15.8
2009-07-08,24.62
2009-07-09,20.53
2009-07-10,9.29
2009-07-11,10.83
2009-07-12,10.03
2009-07-13,22.45
2009-07-14,20.24
2009-07-15,17.09
2009-07-16,97.17
2009-07-17,98.34
2009-07-18,39.16
2009-07-19,17.3
2009-07-20,7.71
2009-07-21,6.22
2009-07-22,3.61
2009-07-23,5.44
2009-07-24,2.3
2009-07-25,2.11
2009-07-26,1.49
2009-07-27,10.61
2009-07-28,25.37
2009-07-29,36.78
2009-07-30,12.19
2009-07-31,14.89
2009-08-01,9.62
2009-08-02,3.06
2009-08-03,2.21
2009-08-04,2.41
2009-08-05,1.08
2009-08-06,2.45
2009-08-07,1.94
2009-08-08,5.21
2009-08-09,3.62
2009-08-10,6.18
2009-08-11,7.93
2009-08-12,3.74
2009-08-13,0.51
2009-08-14,2.6
2009-08-15,0.72
2009-08-16,26.03
2009-08-17,16.91
2009-08-18,3.34
2009-08-19,0.83
2009-08-20,5.8
2009-08-21,11.42
2009-08-22,7.29
2009-08-23,19.82
2009-08-24,5.97
2009-08-25,9.86
2009-08-26,8.03
2009-08-27,2.83
2009-08-28,3.54
2009-08-29,7.18
2009-08-30,6.56
2009-08-31,7.01
2009-09-01,27.87
2009-09-02,14.45
2009-09-03,9.9
2009-09-04,31.31
2009-09-05,18.01
2009-09-06,20.8
2009-09-07,10.73
2009-09-08,2.84
2009-09-09,1.56
2009-09-10,0.72
2009-09-11,0.37
2009-09-12,1.49
2009-09-13,16.31
2009-09-14,2.66
2009-09-15,1.22
2009-09-16,0.92
2009-09-17,3.67
2009-09-18,16.99
2009-09-19,6.6
2009-09-20,2.64
2009-09-21,1.47
2009-09-22,13.46
2009-09-23,8.56
2009-09-24,3.77
2009-09-25,7.47
2009-09-26,9.08
2009-09-27,5.03
2009-09-28,6.59
2009-09-29,3.06
2009-09-30,8.62
2009-10-01,31.89
2009-10-02,33.95
2009-10-03,25.59
2009-10-04,5.99
2009-10-05,1.53
2009-10-06,0.66
2009-10-07,0.08
2009-10-08,0.02
2009-10-09,0.0
2009-10-10,0.51
2009-10-11,0.09
2009-10-12,6.68
2009-10-13,3.39
2009-10-14,1.32
2009-10-15,0.03
2009-10-16,0.01
2009-10-17,0.0
2009-10-18,0.0
2009-10-19,0.0
2009-10-20,0.0
2009-10-21,0.0
2009-10-22,0.0
2009-10-23,0.0
2009-10-24,0.0
2009-10-25,0.0
2009-10-26,0.04
2009-10-27,0.03
2009-10-28,3.17
2009-10-29,1.27
2009-10-30,4.98
2009-10-31,0.4
2009-11-01,0.1
2009-11-02,0.08
2009-11-03,0.38
2009-11-04,3.14
2009-11-05,3.64
2009-11-06,10.86
2009-11-07,36.7
2009-11-08,16.0
2009-11-09,22.44
2009-11-10,29.98
2009-11-11,13.87
2009-11-12,1.48
2009-11-13,0.03
2009-11-14,24.19
2009-11-15,22.61
2009-11-16,9.31
2009-11-17,0.4
2009-11-18,0.79
2009-11-19,1.87
2009-11-20,2.57
2009-11-21,1.37
2009-11-22,1.38
2009-11-23,6.11
2009-11-24,1.96
2009-11-25,0.06
2009-11-26,0.04
2009-11-27,0.01
2009-11-28,0.0
2009-11-29,0.0
2009-11-30,0.0
2009-12-01,1.75
2009-12-02,0.18
2009-12-03,0.15
2009-12-04,0.36
2009-12-05,0.06
2009-12-06,0.0
2009-12-07,0.0
2009-12-08,0.0
2009-12-09,0.0
2009-12-10,0.0
2009-12-11,0.0
2009-12-12,0.03
2009-12-13,0.0
2009-12-14,0.0
2009-12-15,0.46
2009-12-16,0.16
2009-12-17,0.04
2009-12-18,0.03
2009-12-19,0.01
2009-12-20,0.01
2009-12-21,3.33
2009-12-22,1.82
2009-12-23,0.67
2009-12-24,0.0
2009-12-25,0.15
2009-12-26,4.0
2009-12-27,13.69
2009-12-28,7.47
2009-12-29,3.9
2009-12-30,0.56
2009-12-31,0.04
2010-01-01,0.02
2010-01-02,0.0
2010-01-03,0.0
2010-01-04,0.0
2010-01-05,0.0
2010-01-06,0.0
2010-01-07,0.0
2010-01-08,0.0
2010-01-09,0.02
2010-01-10,0.04
2010-01-11,0.03
2010-01-12,0.84
2010-01-13,0.38
2010-01-14,0.09
2010-01-15,0.01
2010-01-16,0.0
2010-01-17,0.0
2010-01-18,0.0
2010-01-19,0.0
2010-01-20,0.09
2010-01-21,0.06
2010-01-22,0.0
2010-01-23,0.0
2010-01-24,0.0
2010-01-25,0.0
2010-01-26,0.0
2010-01-27,0.0
2010-01-28,0.0
2010-01-29,0.0
2010-01-30,0.0
2010-01-31,0.0
2010-02-01,0.0
2010-02-02,0.0
2010-02-03,0.0
2010-02-04,0.0
2010-02-05,0.0
2010-02-06,0.0
2010-02-07,0.0
2010-02-08,0.0
2010-02-09,0.0
2010-02-10,0.0
2010-02-11,0.0
2010-02-12,0.0
2010-02-13,0.01
2010-02-14,0.01
2010-02-15,0.0
2010-02-16,0.0
2010-02-17,0.0
2010-02-18,0.0
2010-02-19,0.0
2010-02-20,0.0
2010-02-21,0.0
2010-02-22,0.0
2010-02-23,0.25
2010-02-24,0.0
2010-02-25,0.0
2010-02-26,0.0
2010-02-27,0.0
2010-02-28,0.0
2010-03-01,0.0
2010-03-02,0.0
2010-03-03,0.0
2010-03-04,0.0
2010-03-05,0.0
2010-03-06,0.0
2010-03-07,0.0
2010-03-08,0.0
2010-03-09,0.0
2010-03-10,0.0
2010-03-11,0.0
2010-03-12,0.0
2010-03-13,0.0
2010-03-14,0.0
2010-03-15,0.0
2010-03-16,0.81
2010-03-17,0.23
2010-03-18,0.0
2010-03-19,0.0
2010-03-20,0.0
2010-03-21,0.0
2010-03-22,0.01
2010-03-23,0.02
2010-03-24,0.02
2010-03-25,0.01
2010-03-26,0.45
2010-03-27,0.42
2010-03-28,0.0
2010-03-29,0.01
2010-03-30,0.98
2010-03-31,0.5
2010-04-01,0.01
2010-04-02,0.0
2010-04-03,0.08
2010-04-04,0.04
2010-04-05,1.55
2010-04-06,0.78
2010-04-07,0.12
2010-04-08,4.29
2010-04-09,0.43
2010-04-10,0.04
2010-04-11,0.05
2010-04-12,4.17
2010-04-13,5.39
2010-04-14,3.78
2010-04-15,0.44
2010-04-16,8.49
2010-04-17,17.12
2010-04-18,3.41
2010-04-19,0.29
2010-04-20,1.73
2010-04-21,0.9
2010-04-22,4.49
2010-04-23,10.65
2010-04-24,5.99
2010-04-25,4.06
2010-04-26,4.97
2010-04-27,14.52
2010-04-28,9.57
2010-04-29,1.25
2010-04-30,9.04
2010-05-01,0.62
2010-05-02,8.12
2010-05-03,4.09
2010-05-04,2.5
2010-05-05,0.23
2010-05-06,0.6
2010-05-07,10.18
2010-05-08,8.96
2010-05-09,2.09
2010-05-10,1.07
2010-05-11,5.19
2010-05-12,0.78
2010-05-13,0.03
2010-05-14,0.02
2010-05-15,0.78
2010-05-16,1.42
2010-05-17,9.7
2010-05-18,6.45
2010-05-19,8.11
2010-05-20,4.07
2010-05-21,3.8
2010-05-22,1.29
2010-05-23,7.52
2010-05-24,1.96
2010-05-25,11.73
2010-05-26,4.33
2010-05-27,0.5
2010-05-28,1.2
2010-05-29,3.56
2010-05-30,15.77
2010-05-31,7.63
2010-06-01,0.25
2010-06-02,11.92
2010-06-03,2.36
2010-06-04,6.79
2010-06-05,4.99
2010-06-06,9.35
2010-06-07,9.16
2010-06-08,15.26
2010-06-09,24.45
2010-06-10,14.37
2010-06-11,49.76
2010-06-12,53.18
2010-06-13,37.68
2010-06-14,38.23
2010-06-15,16.86
2010-06-16,5.67
2010-06-17,12.79
2010-06-18,6.56
2010-06-19,6.97
2010-06-20,1.53
2010-06-21,3.37
2010-06-22,14.65
2010-06-23,26.09
2010-06-24,21.34
2010-06-25,15.17
2010-06-26,17.47
2010-06-27,11.83
2010-06-28,17.92
2010-06-29,19.16
2010-06-30,16.68
2010-07-01,13.95
2010-07-02,5.87
2010-07-03,13.71
2010-07-04,16.94
2010-07-05,17.05
2010-07-06,9.78
2010-07-07,4.1
2010-07-08,4.11
2010-07-09,0.43
2010-07-10,10.94
2010-07-11,4.95
2010-07-12,5.69
2010-07-13,6.09
2010-07-14,2.09
2010-07-15,11.17
2010-07-16,35.07
2010-07-17,18.07
2010-07-18,16.14
2010-07-19,32.2
2010-07-20,20.94
2010-07-21,21.31
2010-07-22,9.21
2010-07-23,8.09
2010-07-24,11.72
2010-07-25,10.99
2010-07-26,21.25
2010-07-27,31.87
2010-07-28,15.58
2010-07-29,73.87
2010-07-30,23.99
2010-07-31,11.95
2010-08-01,5.14
2010-08-02,6.73
2010-08-03,14.93
2010-08-04,18.26
2010-08-05,3.72
2010-08-06,7.68
2010-08-07,8.24
2010-08-08,8.43
2010-08-09,1.32
2010-08-10,2.53
2010-08-11,1.78
2010-08-12,2.11
2010-08-13,2.62
2010-08-14,3.43
2010-08-15,16.42
2010-08-16,19.52
2010-08-17,9.98
2010-08-18,7.22
2010-08-19,2.09
2010-08-20,25.05
2010-08-21,7.59
2010-08-22,3.47
2010-08-23,8.84
2010-08-24,24.3
2010-08-25,10.4
2010-08-26,8.14
2010-08-27,6.6
2010-08-28,6.79
2010-08-29,7.32
2010-08-30,25.25
2010-08-31,2.77
2010-09-01,1.63
2010-09-02,2.54
2010-09-03,2.9
2010-09-04,0.73
2010-09-05,2.85
2010-09-06,3.81
2010-09-07,10.24
2010-09-08,14.27
2010-09-09,23.2
2010-09-10,36.06
2010-09-11,9.3
2010-09-12,7.04
2010-09-13,6.32
2010-09-14,8.63
2010-09-15,12.57
2010-09-16,5.56
2010-09-17,1.08
2010-09-18,2.01
2010-09-19,0.73
2010-09-20,0.05
2010-09-21,5.94
2010-09-22,8.21
2010-09-23,10.58
2010-09-24,8.42
2010-09-25,10.04
2010-09-26,4.25
2010-09-27,10.34
2010-09-28,3.62
2010-09-29,0.58
2010-09-30,1.96
2010-10-01,8.69
2010-10-02,39.01
2010-10-03,21.32
2010-10-04,10.52
2010-10-05,5.44
2010-10-06,16.07
2010-10-07,11.35
2010-10-08,1.95
2010-10-09,2.29
2010-10-10,0.66
2010-10-11,0.11
2010-10-12,0.75
2010-10-13,7.14
2010-10-14,10.41
2010-10-15,6.93
2010-10-16,4.52
2010-10-17,3.43
2010-10-18,2.92
2010-10-19,7.06
2010-10-20,4.21
2010-10-21,19.96
2010-10-22,40.86
2010-10-23,12.38
2010-10-24,0.29
2010-10-25,0.07
2010-10-26,2.89
2010-10-27,17.85
2010-10-28,6.63
2010-10-29,3.7
2010-10-30,21.94
2010-10-31,14.24
2010-11-01,10.23
2010-11-02,3.15
2010-11-03,3.82
2010-11-04,4.79
2010-11-05,22.03
2010-11-06,10.08
2010-11-07,5.8
2010-11-08,0.81
2010-11-09,16.41
2010-11-10,10.88
2010-11-11,16.17
2010-11-12,0.78
2010-11-13,1.65
2010-11-14,2.77
2010-11-15,18.29
2010-11-16,19.73
2010-11-17,30.5
2010-11-18,17.14
2010-11-19,5.19
2010-11-20,5.04
2010-11-21,6.64
2010-11-22,11.18
2010-11-23,3.82
2010-11-24,2.19
2010-11-25,0.25
2010-11-26,2.66
2010-11-27,2.03
2010-11-28,4.31
2010-11-29,0.21
2010-11-30,0.0
2010-12-01,1.18
2010-12-02,6.95
2010-12-03,0.58
2010-12-04,0.02
2010-12-05,0.05
2010-12-06,0.01
2010-12-07,0.02
2010-12-08,0.06
2010-12-09,0.08
2010-12-10,0.36
2010-12-11,0.43
2010-12-12,0.11
2010-12-13,0.04
2010-12-14,0.01
2010-12-15,0.54
2010-12-16,1.89
2010-12-17,4.09
2010-12-18,1.31
2010-12-19,0.05
2010-12-20,0.7
2010-12-21,0.12
2010-12-22,0.0
2010-12-23,0.0
2010-12-24,0.0
2010-12-25,0.0
2010-12-26,0.0
2010-12-27,0.0
2010-12-28,0.0
2010-12-29,0.63
2010-12-30,0.1
2010-12-31,0.21
2011-01-01,0.05
2011-01-02,0.0
2011-01-03,0.0
2011-01-04,0.01
2011-01-05,0.01
2011-01-06,0.01
2011-01-07,0.01
2011-01-08,0.01
2011-01-09,0.16
2011-01-10,0.03
2011-01-11,0.0
2011-01-12,0.0
2011-01-13,0.0
2011-01-14,0.0
2011-01-15,0.0
2011-01-16,0.0
2011-01-17,0.0
2011-01-18,0.0
2011-01-19,0.0
2011-01-20,0.0
2011-01-21,0.0
2011-01-22,0.0
2011-01-23,0.0
2011-01-24,0.0
2011-01-25,0.0
2011-01-26,0.0
2011-01-27,0.0
2011-01-28,0.0
2011-01-29,0.0
2011-01-30,0.0
2011-01-31,0.0
2011-02-01,0.0
2011-02-02,0.0
2011-02-03,0.0
2011-02-04,0.0
2011-02-05,0.0
2011-02-06,0.0
2011-02-07,0.0
2011-02-08,0.0
2011-02-09,1.97
2011-02-10,1.4
2011-02-11,0.0
2011-02-12,0.0
2011-02-13,0.0
2011-02-14,0.0
2011-02-15,0.0
2011-02-16,0.0
2011-02-17,0.0
2011-02-18,0.0
2011-02-19,0.0
2011-02-20,0.0
2011-02-21,0.05
2011-02-22,0.85
2011-02-23,1.15
2011-02-24,3.08
2011-02-25,1.17
2011-02-26,4.85
2011-02-27,4.53
2011-02-28,0.01
2011-03-01,0.01
2011-03-02,0.0
2011-03-03,0.0
2011-03-04,0.0
2011-03-05,0.0
2011-03-06,0.0
2011-03-07,0.0
2011-03-08,0.0
2011-03-09,0.0
2011-03-10,0.0
2011-03-11,0.0
2011-03-12,0.0
2011-03-13,0.51
2011-03-14,0.32
2011-03-15,0.01
2011-03-16,0.02
2011-03-17,0.0
2011-03-18,0.0
2011-03-19,0.0
2011-03-20,1.42
2011-03-21,0.16
2011-03-22,0.03
2011-03-23,0.77
2011-03-24,0.36
2011-03-25,1.37
2011-03-26,0.15
2011-03-27,0.01
2011-03-28,0.01
2011-03-29,0.7
2011-03-30,0.18
2011-03-31,0.01
2011-04-01,0.01
2011-04-02,1.01
2011-04-03,0.33
2011-04-04,0.0
2011-04-05,0.0
2011-04-06,0.0
2011-04-07,0.0
2011-04-08,0.52
2011-04-09,0.07
2011-04-10,1.31
2011-04-11,1.51
2011-04-12,0.82
2011-04-13,1.25
2011-04-14,0.57
2011-04-15,1.91
2011-04-16,0.47
2011-04-17,0.33
2011-04-18,4.73
2011-04-19,6.27
2011-04-20,4.57
2011-04-21,25.92
2011-04-22,11.4
2011-04-23,24.66
2011-04-24,11.08
2011-04-25,12.3
2011-04-26,4.13
2011-04-27,0.08
2011-04-28,0.72
2011-04-29,0.2
2011-04-30,1.25
2011-05-01,1.98
2011-05-02,0.39
2011-05-03,2.87
2011-05-04,0.26
2011-05-05,0.05
2011-05-06,0.02
2011-05-07,0.01
2011-05-08,0.0
2011-05-09,0.1
2011-05-10,0.07
2011-05-11,0.55
2011-05-12,0.18
2011-05-13,0.3
2011-05-14,5.0
2011-05-15,0.93
2011-05-16,0.04
2011-05-17,11.82
2011-05-18,2.14
2011-05-19,0.14
2011-05-20,0.02
2011-05-21,1.21
2011-05-22,0.41
2011-05-23,0.25
2011-05-24,2.24
2011-05-25,2.15
2011-05-26,1.41
2011-05-27,11.8
2011-05-28,18.86
2011-05-29,6.79
2011-05-30,8.17
2011-05-31,18.41
2011-06-01,33.05
2011-06-02,42.71
2011-06-03,27.91
2011-06-04,20.15
2011-06-05,22.84
2011-06-06,18.85
2011-06-07,6.77
2011-06-08,7.46
2011-06-09,10.46
2011-06-10,2.34
2011-06-11,0.0
2011-06-12,0.0
2011-06-13,11.75
2011-06-14,20.4
2011-06-15,7.99
2011-06-16,13.94
2011-06-17,22.88
2011-06-18,7.94
2011-06-19,4.29
2011-06-20,3.72
2011-06-21,1.37
2011-06-22,6.99
2011-06-23,10.6
2011-06-24,17.55
2011-06-25,39.52
2011-06-26,20.07
2011-06-27,10.6
2011-06-28,3.54
2011-06-29,2.58
2011-06-30,1.81
2011-07-01,9.06
2011-07-02,2.96
2011-07-03,2.06
2011-07-04,9.58
2011-07-05,12.05
2011-07-06,19.01
2011-07-07,14.36
2011-07-08,10.34
2011-07-09,2.45
2011-07-10,9.87
2011-07-11,15.79
2011-07-12,11.06
2011-07-13,11.92
2011-07-14,13.84
2011-07-15,22.25
2011-07-16,38.14
2011-07-17,37.06
2011-07-18,22.27
2011-07-19,15.1
2011-07-20,9.07
2011-07-21,11.16
2011-07-22,16.6
2011-07-23,9.06
2011-07-24,8.11
2011-07-25,10.41
2011-07-26,12.84
2011-07-27,4.58
2011-07-28,4.96
2011-07-29,22.18
2011-07-30,24.77
2011-07-31,8.82
2011-08-01,4.74
2011-08-02,11.89
2011-08-03,23.53
2011-08-04,12.87
2011-08-05,26.59
2011-08-06,35.85
2011-08-07,21.21
2011-08-08,10.08
2011-08-09,9.55
2011-08-10,10.83
2011-08-11,6.49
2011-08-12,12.1
2011-08-13,3.73
2011-08-14,2.46
2011-08-15,4.08
2011-08-16,3.53
2011-08-17,5.43
2011-08-18,8.72
2011-08-19,7.45
2011-08-20,15.91
2011-08-21,4.56
2011-08-22,3.8
2011-08-23,3.57
2011-08-24,1.32
2011-08-25,3.8
2011-08-26,2.2
2011-08-27,5.12
2011-08-28,7.37
2011-08-29,16.45
2011-08-30,16.25
2011-08-31,47.29
2011-09-01,40.62
2011-09-02,26.2
2011-09-03,16.24
2011-09-04,8.11
2011-09-05,3.56
2011-09-06,4.96
2011-09-07,5.57
2011-09-08,4.31
2011-09-09,10.67
2011-09-10,13.23
2011-09-11,9.16
2011-09-12,24.8
2011-09-13,18.86
2011-09-14,16.69
2011-09-15,18.15
2011-09-16,3.48
2011-09-17,1.07
2011-09-18,6.57
2011-09-19,5.93
2011-09-20,3.21
2011-09-21,2.86
2011-09-22,0.33
2011-09-23,0.01
2011-09-24,0.0
2011-09-25,0.0
2011-09-26,0.03
2011-09-27,0.02
2011-09-28,0.0
2011-09-29,0.04
2011-09-30,1.27
2011-10-01,1.31
2011-10-02,0.38
2011-10-03,0.08
2011-10-04,0.0
2011-10-05,0.0
2011-10-06,0.0
2011-10-07,0.07
2011-10-08,0.02
2011-10-09,2.76
2011-10-10,16.32
2011-10-11,5.97
2011-10-12,16.43
2011-10-13,6.97
2011-10-14,15.08
2011-10-15,10.28
2011-10-16,4.88
2011-10-17,1.61
2011-10-18,3.21
2011-10-19,6.78
2011-10-20,2.25
2011-10-21,6.54
2011-10-22,3.31
2011-10-23,23.77
2011-10-24,9.75
2011-10-25,13.08
2011-10-26,5.08
2011-10-27,21.51
2011-10-28,2.89
2011-10-29,7.05
2011-10-30,3.97
2011-10-31,3.58
2011-11-01,11.65
2011-11-02,15.22
2011-11-03,10.79
2011-11-04,4.54
2011-11-05,5.06
2011-11-06,23.71
2011-11-07,6.13
2011-11-08,0.54
2011-11-09,0.0
2011-11-10,0.0
2011-11-11,0.0
2011-11-12,0.0
2011-11-13,0.0
2011-11-14,0.0
2011-11-15,0.0
2011-11-16,0.0
2011-11-17,0.0
2011-11-18,0.0
2011-11-19,0.0
2011-11-20,0.0
2011-11-21,0.0
2011-11-22,0.0
2011-11-23,0.0
2011-11-24,0.05
2011-11-25,5.93
2011-11-26,19.78
2011-11-27,2.92
2011-11-28,9.84
2011-11-29,2.95
2011-11-30,0.43
2011-12-01,0.16
2011-12-02,0.02
2011-12-03,0.01
2011-12-04,0.09
2011-12-05,0.06
2011-12-06,0.01
2011-12-07,0.0
2011-12-08,0.0
2011-12-09,0.76
2011-12-10,0.16
2011-12-11,0.01
2011-12-12,0.0
2011-12-13,0.0
2011-12-14,0.0
2011-12-15,0.02
2011-12-16,0.01
2011-12-17,0.0
2011-12-18,0.0
2011-12-19,0.0
2011-12-20,0.0
2011-12-21,0.0
2011-12-22,0.0
2011-12-23,0.0
2011-12-24,0.0
2011-12-25,0.0
2011-12-26,0.0
2011-12-27,0.0
2011-12-28,0.0
2011-12-29,0.0
2011-12-30,3.97
2011-12-31,5.6
2012-01-01,0.07
2012-01-02,0.0
2012-01-03,0.0
2012-01-04,0.0
2012-01-05,0.01
2012-01-06,0.0
2012-01-07,0.0
2012-01-08,0.0
2012-01-09,0.0
2012-01-10,0.0
2012-01-11,0.0
2012-01-12,0.0
2012-01-13,0.0
2012-01-14,0.0
2012-01-15,0.0
2012-01-16,0.0
2012-01-17,0.0
2012-01-18,0.0
2012-01-19,0.02
2012-01-20,0.05
2012-01-21,0.0
2012-01-22,0.0
2012-01-23,0.0
2012-01-24,0.0
2012-01-25,0.0
2012-01-26,0.0
2012-01-27,0.0
2012-01-28,0.0
2012-01-29,0.0
2012-01-30,0.0
2012-01-31,0.0
2012-02-01,0.0
2012-02-02,0.0
2012-02-03,0.0
2012-02-04,0.0
2012-02-05,0.0
2012-02-06,0.0
2012-02-07,0.0
2012-02-08,0.0
2012-02-09,0.0
2012-02-10,0.84
2012-02-11,1.48
2012-02-12,0.43
2012-02-13,0.0
2012-02-14,0.01
2012-02-15,0.0
2012-02-16,0.0
2012-02-17,0.0
2012-02-18,0.0
2012-02-19,0.0
2012-02-20,0.0
2012-02-21,0.0
2012-02-22,0.0
2012-02-23,0.0
2012-02-24,0.0
2012-02-25,0.0
2012-02-26,0.0
2012-02-27,0.0
2012-02-28,0.0
2012-02-29,0.0
2012-03-01,0.0
2012-03-02,0.0
2012-03-03,0.0
2012-03-04,0.0
2012-03-05,0.0
2012-03-06,0.0
2012-03-07,0.0
2012-03-08,0.0
2012-03-09,0.0
2012-03-10,0.0
2012-03-11,0.0
2012-03-12,0.0
2012-03-13,0.01
2012-03-14,0.02
2012-03-15,0.01
2012-03-16,0.51
2012-03-17,0.26
2012-03-18,0.0
2012-03-19,0.0
2012-03-20,0.0
2012-03-21,0.0
2012-03-22,0.03
2012-03-23,0.02
2012-03-24,0.0
2012-03-25,0.0
2012-03-26,0.01
2012-03-27,0.13
2012-03-28,0.36
2012-03-29,0.23
2012-03-30,0.1
2012-03-31,0.82
2012-04-01,3.38
2012-04-02,2.36
2012-04-03,0.17
2012-04-04,0.14
2012-04-05,0.03
2012-04-06,2.7
2012-04-07,3.08
2012-04-08,0.16
2012-04-09,0.19
2012-04-10,0.54
2012-04-11,0.3
2012-04-12,0.04
2012-04-13,0.0
2012-04-14,0.0
2012-04-15,0.19
2012-04-16,0.9
2012-04-17,1.58
2012-04-18,12.15
2012-04-19,2.46
2012-04-20,4.82
2012-04-21,2.51
2012-04-22,0.35
2012-04-23,6.32
2012-04-24,16.93
2012-04-25,19.39
2012-04-26,10.3
2012-04-27,14.78
2012-04-28,2.42
2012-04-29,2.36
2012-04-30,2.66
2012-05-01,0.77
2012-05-02,1.39
2012-05-03,10.6
2012-05-04,3.81
2012-05-05,0.21
2012-05-06,0.09
2012-05-07,0.01
2012-05-08,0.59
2012-05-09,0.15
2012-05-10,0.97
2012-05-11,5.81
2012-05-12,5.94
2012-05-13,0.97
2012-05-14,0.39
2012-05-15,1.56
2012-05-16,0.6
2012-05-17,0.26
2012-05-18,0.11
2012-05-19,0.13
2012-05-20,0.02
2012-05-21,1.58
2012-05-22,0.73
2012-05-23,0.02
2012-05-24,0.11
2012-05-25,0.06
2012-05-26,0.07
2012-05-27,0.28
2012-05-28,0.05
2012-05-29,0.02
2012-05-30,0.08
2012-05-31,0.09
2012-06-01,0.25
2012-06-02,0.37
2012-06-03,7.57
2012-06-04,16.99
2012-06-05,15.71
2012-06-06,24.33
2012-06-07,8.47
2012-06-08,3.35
2012-06-09,5.49
2012-06-10,3.99
2012-06-11,7.39
2012-06-12,13.07
2012-06-13,4.71
2012-06-14,14.56
2012-06-15,6.96
2012-06-16,15.35
2012-06-17,38.44
2012-06-18,39.82
2012-06-19,26.7
2012-06-20,17.79
2012-06-21,12.72
2012-06-22,5.44
2012-06-23,1.82
2012-06-24,7.28
2012-06-25,4.28
2012-06-26,4.19
2012-06-27,12.32
2012-06-28,13.1
2012-06-29,16.59
2012-06-30,6.58
2012-07-01,16.3
2012-07-02,15.87
2012-07-03,7.6
2012-07-04,5.5
2012-07-05,3.47
2012-07-06,6.05
2012-07-07,11.0
2012-07-08,6.49
2012-07-09,17.08
2012-07-10,19.08
2012-07-11,8.58
2012-07-12,5.17
2012-07-13,3.5
2012-07-14,6.24
2012-07-15,3.7
2012-07-16,1.42
2012-07-17,4.9
2012-07-18,3.45
2012-07-19,2.18
2012-07-20,7.37
2012-07-21,14.82
2012-07-22,8.49
2012-07-23,1.59
2012-07-24,6.07
2012-07-25,11.51
2012-07-26,11.54
2012-07-27,7.64
2012-07-28,5.07
2012-07-29,2.39
2012-07-30,2.5
2012-07-31,2.14
2012-08-01,0.43
2012-08-02,1.39
2012-08-03,4.16
2012-08-04,2.27
2012-08-05,3.14
2012-08-06,29.43
2012-08-07,20.61
2012-08-08,16.72
2012-08-09,13.48
2012-08-10,25.02
2012-08-11,15.03
2012-08-12,11.42
2012-08-13,1.93
2012-08-14,2.11
2012-08-15,1.3
2012-08-16,6.9
2012-08-17,13.33
2012-08-18,7.35
2012-08-19,1.96
2012-08-20,0.02
2012-08-21,0.36
2012-08-22,0.08
2012-08-23,2.15
2012-08-24,7.96
2012-08-25,7.86
2012-08-26,6.01
2012-08-27,22.05
2012-08-28,23.59
2012-08-29,29.47
2012-08-30,24.58
2012-08-31,19.49
2012-09-01,8.3
2012-09-02,7.78
2012-09-03,23.17
2012-09-04,16.55
2012-09-05,3.72
2012-09-06,5.25
2012-09-07,6.01
2012-09-08,8.8
2012-09-09,6.93
2012-09-10,5.78
2012-09-11,8.99
2012-09-12,8.15
2012-09-13,3.94
2012-09-14,4.95
2012-09-15,7.54
2012-09-16,6.01
2012-09-17,4.66
2012-09-18,6.18
2012-09-19,0.58
2012-09-20,0.01
2012-09-21,0.0
2012-09-22,0.0
2012-09-23,0.0
2012-09-24,0.01
2012-09-25,0.01
2012-09-26,0.01
2012-09-27,2.5
2012-09-28,0.46
2012-09-29,0.87
2012-09-30,11.07
2012-10-01,6.73
2012-10-02,6.86
2012-10-03,0.73
2012-10-04,0.04
2012-10-05,0.0
2012-10-06,0.1
2012-10-07,0.31
2012-10-08,11.26
2012-10-09,8.14
2012-10-10,2.95
2012-10-11,1.43
2012-10-12,1.68
2012-10-13,2.1
2012-10-14,15.51
2012-10-15,5.53
2012-10-16,4.38
2012-10-17,1.12
2012-10-18,1.42
2012-10-19,5.86
2012-10-20,23.37
2012-10-21,7.52
2012-10-22,11.19
2012-10-23,1.18
2012-10-24,0.38
2012-10-25,0.26
2012-10-26,14.17
2012-10-27,2.93
2012-10-28,0.23
2012-10-29,4.38
2012-10-30,0.72
2012-10-31,26.84
2012-11-01,19.55
2012-11-02,10.27
2012-11-03,4.37
2012-11-04,8.45
2012-11-05,6.91
2012-11-06,0.05
2012-11-07,2.41
2012-11-08,2.76
2012-11-09,0.15
2012-11-10,2.55
2012-11-11,1.73
2012-11-12,23.39
2012-11-13,1.87
2012-11-14,0.0
2012-11-15,0.0
2012-11-16,0.0
2012-11-17,0.0
2012-11-18,0.0
2012-11-19,0.0
2012-11-20,0.0
2012-11-21,0.0
2012-11-22,1.7
2012-11-23,0.59
2012-11-24,8.58
2012-11-25,0.57
2012-11-26,0.01
2012-11-27,0.01
2012-11-28,0.0
2012-11-29,0.0
2012-11-30,0.0
2012-12-01,0.0
2012-12-02,0.0
2012-12-03,0.07
2012-12-04,3.28
2012-12-05,0.55
2012-12-06,0.02
2012-12-07,0.0
2012-12-08,0.0
2012-12-09,0.0
2012-12-10,0.0
2012-12-11,0.0
2012-12-12,0.0
2012-12-13,0.0
2012-12-14,0.0
2012-12-15,0.0
2012-12-16,0.0
2012-12-17,0.0
2012-12-18,0.0
2012-12-19,0.0
2012-12-20,0.0
2012-12-21,0.0
2012-12-22,0.0
2012-12-23,0.0
2012-12-24,0.0
2012-12-25,0.0
2012-12-26,0.0
2012-12-27,0.01
2012-12-28,0.01
2012-12-29,1.0
2012-12-30,0.24
2012-12-31,0.6
2013-01-01,0.04
2013-01-02,0.0
2013-01-03,0.0
2013-01-04,0.0
2013-01-05,0.0
2013-01-06,0.0
2013-01-07,0.0
2013-01-08,0.0
2013-01-09,0.0
2013-01-10,0.0
2013-01-11,0.0
2013-01-12,0.0
2013-01-13,0.0
2013-01-14,0.0
2013-01-15,0.0
2013-01-16,0.0
2013-01-17,0.0
2013-01-18,0.0
2013-01-19,0.0
2013-01-20,0.0
2013-01-21,0.0
2013-01-22,0.0
2013-01-23,0.0
2013-01-24,0.0
2013-01-25,0.0
2013-01-26,0.0
2013-01-27,0.0
2013-01-28,0.02
2013-01-29,0.06
2013-01-30,0.0
2013-01-31,0.0
2013-02-01,0.0
2013-02-02,0.0
2013-02-03,0.0
2013-02-04,0.0
2013-02-05,0.01
2013-02-06,0.3
2013-02-07,0.05
2013-02-08,0.02
2013-02-09,0.02
2013-02-10,0.01
2013-02-11,0.0
2013-02-12,0.0
2013-02-13,0.0
2013-02-14,8.6
2013-02-15,4.06
2013-02-16,4.19
2013-02-17,4.38
2013-02-18,3.2
2013-02-19,6.17
2013-02-20,0.03
2013-02-21,0.0
2013-02-22,0.0
2013-02-23,0.0
2013-02-24,0.0
2013-02-25,0.0
2013-02-26,0.0
2013-02-27,0.0
2013-02-28,0.0
2013-03-01,0.0
2013-03-02,0.0
2013-03-03,0.0
2013-03-04,0.0
2013-03-05,1.03
2013-03-06,1.79
2013-03-07,9.27
2013-03-08,1.5
2013-03-09,0.78
2013-03-10,0.27
2013-03-11,9.15
2013-03-12,3.69
2013-03-13,0.0
2013-03-14,0.0
2013-03-15,0.06
2013-03-16,0.47
2013-03-17,0.42
2013-03-18,0.12
2013-03-19,0.03
2013-03-20,0.0
2013-03-21,0.0
2013-03-22,0.0
2013-03-23,0.01
2013-03-24,0.37
2013-03-25,2.73
2013-03-26,2.32
2013-03-27,0.41
2013-03-28,0.23
2013-03-29,0.0
2013-03-30,0.0
2013-03-31,0.24
2013-04-01,0.0
2013-04-02,0.14
2013-04-03,0.02
2013-04-04,0.01
2013-04-05,2.65
2013-04-06,0.18
2013-04-07,0.0
2013-04-08,0.0
2013-04-09,0.0
2013-04-10,0.0
2013-04-11,0.0
2013-04-12,0.0
2013-04-13,0.0
2013-04-14,0.01
2013-04-15,1.51
2013-04-16,0.12
2013-04-17,0.0
2013-04-18,0.0
2013-04-19,0.0
2013-04-20,0.0
2013-04-21,0.0
2013-04-22,0.0
2013-04-23,0.66
2013-04-24,1.26
2013-04-25,0.16
2013-04-26,0.19
2013-04-27,0.1
2013-04-28,2.65
2013-04-29,0.55
2013-04-30,0.03
2013-05-01,0.34
2013-05-02,0.1
2013-05-03,2.22
2013-05-04,3.93
2013-05-05,2.61
2013-05-06,0.47
2013-05-07,0.36
2013-05-08,0.37
2013-05-09,0.34
2013-05-10,2.88
2013-05-11,4.57
2013-05-12,4.7
2013-05-13,0.59
2013-05-14,0.04
2013-05-15,0.1
2013-05-16,0.04
2013-05-17,0.34
2013-05-18,0.25
2013-05-19,2.69
2013-05-20,15.76
2013-05-21,4.09
2013-05-22,0.49
2013-05-23,0.9
2013-05-24,0.27
2013-05-25,13.72
2013-05-26,7.65
2013-05-27,2.17
2013-05-28,3.22
2013-05-29,2.14
2013-05-30,14.87
2013-05-31,28.34
2013-06-01,15.63
2013-06-02,27.42
2013-06-03,12.45
2013-06-04,0.24
2013-06-05,3.42
2013-06-06,13.83
2013-06-07,9.71
2013-06-08,25.53
2013-06-09,13.83
2013-06-10,17.63
2013-06-11,28.21
2013-06-12,19.28
2013-06-13,16.35
2013-06-14,19.26
2013-06-15,26.25
2013-06-16,45.09
2013-06-17,52.11
2013-06-18,28.49
2013-06-19,21.87
2013-06-20,8.43
2013-06-21,15.43
2013-06-22,48.57
2013-06-23,29.04
2013-06-24,39.46
2013-06-25,37.65
2013-06-26,29.09
2013-06-27,16.22
2013-06-28,6.45
2013-06-29,4.43
2013-06-30,5.99
2013-07-01,9.13
2013-07-02,38.82
2013-07-03,38.7
2013-07-04,41.53
2013-07-05,20.72
2013-07-06,28.72
2013-07-07,19.44
2013-07-08,14.64
2013-07-09,21.05
2013-07-10,18.5
2013-07-11,12.22
2013-07-12,28.78
2013-07-13,16.91
2013-07-14,9.73
2013-07-15,10.57
2013-07-16,24.22
2013-07-17,11.49
2013-07-18,21.42
2013-07-19,42.07
2013-07-20,37.93
2013-07-21,41.2
2013-07-22,20.13
2013-07-23,20.76
2013-07-24,28.12
2013-07-25,38.29
2013-07-26,33.07
2013-07-27,27.35
2013-07-28,21.96
2013-07-29,6.15
2013-07-30,8.25
2013-07-31,13.17
2013-08-01,28.25
2013-08-02,19.47
2013-08-03,18.77
2013-08-04,43.01
2013-08-05,31.46
2013-08-06,20.25
2013-08-07,9.62
2013-08-08,9.52
2013-08-09,2.85
2013-08-10,4.66
2013-08-11,7.54
2013-08-12,6.21
2013-08-13,14.82
2013-08-14,4.73
2013-08-15,8.56
2013-08-16,7.34
2013-08-17,4.61
2013-08-18,8.48
2013-08-19,3.51
2013-08-20,9.44
2013-08-21,8.12
2013-08-22,3.0
2013-08-23,1.28
2013-08-24,6.26
2013-08-25,2.26
2013-08-26,0.68
2013-08-27,0.43
2013-08-28,0.88
2013-08-29,2.64
2013-08-30,2.54
2013-08-31,1.49
2013-09-01,6.31
2013-09-02,10.81
2013-09-03,7.05
2013-09-04,0.81
2013-09-05,3.43
2013-09-06,10.37
2013-09-07,9.68
2013-09-08,6.0
2013-09-09,1.45
2013-09-10,2.8
2013-09-11,1.83
2013-09-12,12.1
2013-09-13,7.18
2013-09-14,7.88
2013-09-15,13.52
2013-09-16,5.45
2013-09-17,18.13
2013-09-18,14.94
2013-09-19,6.55
2013-09-20,11.69
2013-09-21,4.48
2013-09-22,1.12
2013-09-23,1.92
2013-09-24,1.34
2013-09-25,1.22
2013-09-26,0.07
2013-09-27,0.01
2013-09-28,0.1
2013-09-29,2.88
2013-09-30,12.44
2013-10-01,6.69
2013-10-02,3.71
2013-10-03,0.87
2013-10-04,0.02
2013-10-05,5.31
2013-10-06,8.13
2013-10-07,3.46
2013-10-08,8.52
2013-10-09,17.35
2013-10-10,5.21
2013-10-11,0.19
2013-10-12,4.13
2013-10-13,4.36
2013-10-14,0.13
2013-10-15,4.43
2013-10-16,19.54
2013-10-17,8.53
2013-10-18,4.95
2013-10-19,17.61
2013-10-20,16.22
2013-10-21,2.68
2013-10-22,3.78
2013-10-23,2.98
2013-10-24,3.83
2013-10-25,1.71
2013-10-26,6.94
2013-10-27,0.84
2013-10-28,0.01
2013-10-29,0.32
2013-10-30,1.39
2013-10-31,1.61
2013-11-01,2.95
2013-11-02,12.29
2013-11-03,3.03
2013-11-04,4.75
2013-11-05,0.37
2013-11-06,0.15
2013-11-07,0.06
2013-11-08,0.01
2013-11-09,0.0
2013-11-10,0.0
2013-11-11,0.4
2013-11-12,1.8
2013-11-13,17.0
2013-11-14,5.48
2013-11-15,0.54
2013-11-16,4.37
2013-11-17,5.43
2013-11-18,4.88
2013-11-19,0.93
2013-11-20,0.08
2013-11-21,0.82
2013-11-22,0.52
2013-11-23,6.7
2013-11-24,7.09
2013-11-25,3.01
2013-11-26,2.26
2013-11-27,1.28
2013-11-28,0.09
2013-11-29,0.8
2013-11-30,0.18
2013-12-01,5.35
2013-12-02,4.85
2013-12-03,0.46
2013-12-04,0.02
2013-12-05,0.0
2013-12-06,0.0
2013-12-07,0.0
2013-12-08,0.0
2013-12-09,0.0
2013-12-10,0.0
2013-12-11,0.0
2013-12-12,3.28
2013-12-13,3.57
2013-12-14,0.34
2013-12-15,0.22
2013-12-16,0.04
2013-12-17,0.0
2013-12-18,0.0
2013-12-19,0.0
2013-12-20,0.0
2013-12-21,0.0
2013-12-22,0.0
2013-12-23,0.0
2013-12-24,0.0
2013-12-25,0.0
2013-12-26,0.0
2013-12-27,0.0
2013-12-28,0.0
2013-12-29,0.0
2013-12-30,0.0
2013-12-31,0.0
2014-01-01,0.0
2014-01-02,0.0
2014-01-03,0.0
2014-01-04,0.0
2014-01-05,0.0
2014-01-06,0.0
2014-01-07,0.0
2014-01-08,0.0
2014-01-09,0.0
2014-01-10,0.0
2014-01-11,0.0
2014-01-12,0.0
2014-01-13,0.0
2014-01-14,0.0
2014-01-15,0.0
2014-01-16,0.0
2014-01-17,0.54
2014-01-18,0.21
2014-01-19,0.0
2014-01-20,0.01
2014-01-21,0.08
2014-01-22,0.0
2014-01-23,0.0
2014-01-24,0.0
2014-01-25,0.0
2014-01-26,0.0
2014-01-27,0.0
2014-01-28,0.0
2014-01-29,0.0
2014-01-30,0.0
2014-01-31,0.0
2014-02-01,0.0
2014-02-02,0.0
2014-02-03,0.0
2014-02-04,0.0
2014-02-05,0.0
2014-02-06,0.0
2014-02-07,0.0
2014-02-08,0.0
2014-02-09,0.0
2014-02-10,0.0
2014-02-11,0.0
2014-02-12,0.0
2014-02-13,0.0
2014-02-14,0.0
2014-02-15,0.0
2014-02-16,0.0
2014-02-17,0.08
2014-02-18,0.13
2014-02-19,0.0
2014-02-20,0.0
2014-02-21,0.36
2014-02-22,0.04
2014-02-23,0.02
2014-02-24,0.01
2014-02-25,0.03
2014-02-26,0.0
2014-02-27,0.0
2014-02-28,0.0
2014-03-01,0.01
2014-03-02,0.16
2014-03-03,0.91
2014-03-04,1.24
2014-03-05,0.43
2014-03-06,0.19
2014-03-07,1.45
2014-03-08,0.09
2014-03-09,1.25
2014-03-10,0.0
2014-03-11,0.0
2014-03-12,0.0
2014-03-13,0.0
2014-03-14,0.0
2014-03-15,0.0
2014-03-16,0.0
2014-03-17,0.0
2014-03-18,0.0
2014-03-19,0.0
2014-03-20,0.16
2014-03-21,0.04
2014-03-22,0.0
2014-03-23,0.0
2014-03-24,0.0
2014-03-25,0.0
2014-03-26,0.0
2014-03-27,0.0
2014-03-28,0.0
2014-03-29,0.0
2014-03-30,0.0
2014-03-31,0.0
2014-04-01,0.41
2014-04-02,0.17
2014-04-03,0.0
2014-04-04,0.0
2014-04-05,0.0
2014-04-06,0.2
2014-04-07,0.61
2014-04-08,16.75
2014-04-09,5.17
2014-04-10,0.09
2014-04-11,1.55
2014-04-12,2.47
2014-04-13,2.47
2014-04-14,5.09
2014-04-15,2.64
2014-04-16,3.77
2014-04-17,1.64
2014-04-18,0.89
2014-04-19,0.87
2014-04-20,0.26
2014-04-21,0.04
2014-04-22,0.16
2014-04-23,0.15
2014-04-24,0.36
2014-04-25,0.16
2014-04-26,2.23
2014-04-27,1.0
2014-04-28,0.03
2014-04-29,0.08
2014-04-30,1.6
2014-05-01,10.77
2014-05-02,18.38
2014-05-03,8.17
2014-05-04,3.64
2014-05-05,0.64
2014-05-06,11.07
2014-05-07,25.88
2014-05-08,85.93
2014-05-09,11.14
2014-05-10,0.5
2014-05-11,11.49
2014-05-12,5.21
2014-05-13,0.92
2014-05-14,0.19
2014-05-15,0.04
2014-05-16,0.06
2014-05-17,0.46
2014-05-18,0.27
2014-05-19,10.01
2014-05-20,8.85
2014-05-21,0.77
2014-05-22,3.91
2014-05-23,1.4
2014-05-24,11.36
2014-05-25,3.3
2014-05-26,0.03
2014-05-27,0.1
2014-05-28,13.17
2014-05-29,13.21
2014-05-30,1.41
2014-05-31,13.78
2014-06-01,4.43
2014-06-02,19.35
2014-06-03,7.25
2014-06-04,2.39
2014-06-05,4.29
2014-06-06,18.18
2014-06-07,9.52
2014-06-08,13.04
2014-06-09,11.28
2014-06-10,19.95
2014-06-11,15.55
2014-06-12,19.31
2014-06-13,10.85
2014-06-14,3.52
2014-06-15,1.95
2014-06-16,13.04
2014-06-17,12.98
2014-06-18,9.18
2014-06-19,12.41
2014-06-20,11.89
2014-06-21,21.9
2014-06-22,12.33
2014-06-23,7.96
2014-06-24,4.26
2014-06-25,1.83
2014-06-26,0.37
2014-06-27,0.04
2014-06-28,0.24
2014-06-29,3.84
2014-06-30,28.37
2014-07-01,14.5
2014-07-02,1.9
2014-07-03,0.62
2014-07-04,2.37
2014-07-05,12.98
2014-07-06,4.53
2014-07-07,9.13
2014-07-08,3.97
2014-07-09,27.82
2014-07-10,30.2
2014-07-11,14.99
2014-07-12,26.65
2014-07-13,58.96
2014-07-14,36.88
2014-07-15,34.91
2014-07-16,14.35
2014-07-17,6.11
2014-07-18,22.32
2014-07-19,27.65
2014-07-20,33.65
2014-07-21,31.38
2014-07-22,33.56
2014-07-23,34.81
2014-07-24,25.46
2014-07-25,16.15
2014-07-26,25.05
2014-07-27,23.08
2014-07-28,7.12
2014-07-29,2.73
2014-07-30,15.48
2014-07-31,45.72
2014-08-01,41.59
2014-08-02,19.79
2014-08-03,18.58
2014-08-04,22.02
2014-08-05,24.9
2014-08-06,16.21
2014-08-07,11.04
2014-08-08,10.46
2014-08-09,8.73
2014-08-10,5.15
2014-08-11,33.82
2014-08-12,4.25
2014-08-13,3.27
2014-08-14,5.14
2014-08-15,2.01
2014-08-16,0.85
2014-08-17,5.42
2014-08-18,3.93
2014-08-19,2.29
2014-08-20,8.66
2014-08-21,15.63
2014-08-22,44.1
2014-08-23,37.8
2014-08-24,5.26
2014-08-25,4.01
2014-08-26,3.37
2014-08-27,15.22
2014-08-28,16.21
2014-08-29,16.47
2014-08-30,32.38
2014-08-31,36.17
2014-09-01,33.19
2014-09-02,13.15
2014-09-03,14.64
2014-09-04,7.25
2014-09-05,8.28
2014-09-06,12.84
2014-09-07,9.73
2014-09-08,10.29
2014-09-09,5.48
2014-09-10,2.47
2014-09-11,0.26
2014-09-12,0.28
2014-09-13,2.36
2014-09-14,17.43
2014-09-15,6.22
2014-09-16,4.06
2014-09-17,1.05
2014-09-18,3.34
2014-09-19,2.56
2014-09-20,1.07
2014-09-21,0.19
2014-09-22,1.33
2014-09-23,6.56
2014-09-24,6.19
2014-09-25,19.86
2014-09-26,9.29
2014-09-27,13.6
2014-09-28,9.4
2014-09-29,7.37
2014-09-30,4.52
2014-10-01,0.49
2014-10-02,0.15
2014-10-03,0.28
2014-10-04,4.53
2014-10-05,5.35
2014-10-06,4.96
2014-10-07,7.68
2014-10-08,3.13
2014-10-09,25.53
2014-10-10,9.31
2014-10-11,9.71
2014-10-12,7.02
2014-10-13,0.82
2014-10-14,2.63
2014-10-15,12.09
2014-10-16,5.36
2014-10-17,10.88
2014-10-18,21.48
2014-10-19,7.48
2014-10-20,9.3
2014-10-21,6.17
2014-10-22,2.47
2014-10-23,8.4
2014-10-24,17.86
2014-10-25,14.96
2014-10-26,4.48
2014-10-27,9.04
2014-10-28,7.04
2014-10-29,2.38
2014-10-30,2.33
2014-10-31,0.15
2014-11-01,13.56
2014-11-02,8.77
2014-11-03,11.56
2014-11-04,2.42
2014-11-05,0.01
2014-11-06,0.01
2014-11-07,0.01
2014-11-08,0.01
2014-11-09,0.01
2014-11-10,0.29
2014-11-11,2.31
2014-11-12,5.68
2014-11-13,17.76
2014-11-14,7.19
2014-11-15,1.57
2014-11-16,0.42
2014-11-17,0.05
2014-11-18,0.01
2014-11-19,0.0
2014-11-20,0.01
2014-11-21,0.02
2014-11-22,2.0
2014-11-23,1.36
2014-11-24,0.27
2014-11-25,0.0
2014-11-26,0.0
2014-11-27,0.0
2014-11-28,0.04
2014-11-29,0.01
2014-11-30,0.03
2014-12-01,0.52
2014-12-02,0.95
2014-12-03,0.0
2014-12-04,0.0
2014-12-05,0.0
2014-12-06,0.0
2014-12-07,0.0
2014-12-08,0.67
2014-12-09,0.66
2014-12-10,5.14
2014-12-11,5.1
2014-12-12,3.89
2014-12-13,0.29
2014-12-14,0.11
2014-12-15,1.3
2014-12-16,0.91
2014-12-17,0.36
2014-12-18,0.19
2014-12-19,0.2
2014-12-20,0.07
2014-12-21,0.0
2014-12-22,0.01
2014-12-23,0.0
2014-12-24,0.0
2014-12-25,0.0
2014-12-26,0.0
2014-12-27,0.0
2014-12-28,0.0
2014-12-29,0.08
2014-12-30,0.12
2014-12-31,0.33
2015-01-01,0.21
2015-01-02,0.0
2015-01-03,0.0
2015-01-04,0.0
2015-01-05,0.0
2015-01-06,0.0
2015-01-07,0.0
2015-01-08,0.0
2015-01-09,0.0
2015-01-10,0.0
2015-01-11,0.0
2015-01-12,0.0
2015-01-13,0.0
2015-01-14,0.0
2015-01-15,0.0
2015-01-16,0.0
2015-01-17,0.0
2015-01-18,0.0
2015-01-19,0.0
2015-01-20,0.0
2015-01-21,0.01
2015-01-22,0.02
2015-01-23,0.0
2015-01-24,0.0
2015-01-25,0.0
2015-01-26,0.0
2015-01-27,0.0
2015-01-28,0.0
2015-01-29,0.0
2015-01-30,0.0
2015-01-31,0.0
2015-02-01,0.0
2015-02-02,0.0
2015-02-03,0.0
2015-02-04,0.0
2015-02-05,0.0
2015-02-06,0.0
2015-02-07,0.01
2015-02-08,0.01
2015-02-09,0.01
2015-02-10,0.0
2015-02-11,0.0
2015-02-12,0.01
2015-02-13,0.09
2015-02-14,0.01
2015-02-15,0.0
2015-02-16,0.0
2015-02-17,0.0
2015-02-18,0.0
2015-02-19,0.0
2015-02-20,0.0
2015-02-21,0.0
2015-02-22,0.0
2015-02-23,0.0
2015-02-24,0.0
2015-02-25,0.0
2015-02-26,0.0
2015-02-27,0.01
2015-02-28,0.39
2015-03-01,0.2
2015-03-02,0.72
2015-03-03,2.73
2015-03-04,0.84
2015-03-05,0.02
2015-03-06,8.45
2015-03-07,1.98
2015-03-08,0.86
2015-03-09,0.8
2015-03-10,0.34
2015-03-11,0.01
2015-03-12,0.01
2015-03-13,0.21
2015-03-14,0.68
2015-03-15,10.99
2015-03-16,8.31
2015-03-17,0.36
2015-03-18,0.0
2015-03-19,0.0
2015-03-20,0.0
2015-03-21,0.0
2015-03-22,0.0
2015-03-23,0.0
2015-03-24,0.0
2015-03-25,0.0
2015-03-26,0.0
2015-03-27,0.04
2015-03-28,0.12
2015-03-29,0.25
2015-03-30,0.48
2015-03-31,1.17
2015-04-01,2.46
2015-04-02,0.79
2015-04-03,3.02
2015-04-04,0.82
2015-04-05,0.07
2015-04-06,0.87
2015-04-07,1.98
2015-04-08,0.85
2015-04-09,4.87
2015-04-10,5.61
2015-04-11,2.16
2015-04-12,3.6
2015-04-13,5.94
2015-04-14,5.84
2015-04-15,8.97
2015-04-16,2.2
2015-04-17,1.76
2015-04-18,0.32
2015-04-19,2.59
2015-04-20,2.14
2015-04-21,8.31
2015-04-22,7.51
2015-04-23,3.91
2015-04-24,3.51
2015-04-25,13.47
2015-04-26,2.6
2015-04-27,0.63
2015-04-28,0.28
2015-04-29,0.64
2015-04-30,1.14
2015-05-01,7.41
2015-05-02,3.97
2015-05-03,0.67
2015-05-04,1.84
2015-05-05,1.03
2015-05-06,1.26
2015-05-07,6.44
2015-05-08,4.33
2015-05-09,3.93
2015-05-10,5.38
2015-05-11,7.78
2015-05-12,14.43
2015-05-13,8.16
2015-05-14,3.89
2015-05-15,19.36
2015-05-16,13.45
2015-05-17,14.98
2015-05-18,5.99
2015-05-19,1.75
2015-05-20,0.34
2015-05-21,0.16
2015-05-22,0.65
2015-05-23,2.58
2015-05-24,3.61
2015-05-25,0.8
2015-05-26,0.31
2015-05-27,8.05
2015-05-28,4.06
2015-05-29,3.31
2015-05-30,1.92
2015-05-31,9.73
2015-06-01,2.23
2015-06-02,0.66
2015-06-03,8.45
2015-06-04,13.96
2015-06-05,1.27
2015-06-06,1.39
2015-06-07,3.65
2015-06-08,3.27
2015-06-09,1.57
2015-06-10,1.01
2015-06-11,9.13
2015-06-12,2.67
2015-06-13,5.87
2015-06-14,0.59
2015-06-15,9.07
2015-06-16,2.45
2015-06-17,11.08
2015-06-18,5.5
2015-06-19,11.97
2015-06-20,15.93
2015-06-21,30.16
2015-06-22,6.16
2015-06-23,28.36
2015-06-24,12.31
2015-06-25,26.38
2015-06-26,26.43
2015-06-27,4.96
2015-06-28,4.64
2015-06-29,11.73
2015-06-30,2.69
2015-07-01,1.2
2015-07-02,0.82
2015-07-03,1.13
2015-07-04,4.67
2015-07-05,3.74
2015-07-06,1.89
2015-07-07,1.86
2015-07-08,7.59
2015-07-09,7.2
2015-07-10,7.03
2015-07-11,6.29
2015-07-12,1.32
2015-07-13,0.72
2015-07-14,2.74
2015-07-15,5.99
2015-07-16,8.92
2015-07-17,20.7
2015-07-18,20.19
2015-07-19,10.29
2015-07-20,10.88
2015-07-21,4.57
2015-07-22,7.25
2015-07-23,10.67
2015-07-24,3.79
2015-07-25,4.52
2015-07-26,2.41
2015-07-27,3.36
2015-07-28,0.69
2015-07-29,0.62
2015-07-30,0.36
2015-07-31,0.55
2015-08-01,0.7
2015-08-02,2.54
2015-08-03,5.09
2015-08-04,4.24
2015-08-05,7.35
2015-08-06,6.95
2015-08-07,7.27
2015-08-08,7.15
2015-08-09,5.02
2015-08-10,8.92
2015-08-11,4.12
2015-08-12,5.69
2015-08-13,8.33
2015-08-14,1.32
2015-08-15,1.53
2015-08-16,9.41
2015-08-17,2.49
2015-08-18,4.36
2015-08-19,4.71
2015-08-20,2.66
2015-08-21,13.58
2015-08-22,9.13
2015-08-23,4.8
2015-08-24,1.57
2015-08-25,0.51
2015-08-26,0.45
2015-08-27,3.24
2015-08-28,0.86
2015-08-29,0.27
2015-08-30,0.23
2015-08-31,1.73
2015-09-01,0.89
2015-09-02,0.23
2015-09-03,0.23
2015-09-04,3.1
2015-09-05,5.02
2015-09-06,3.46
2015-09-07,20.22
2015-09-08,2.76
2015-09-09,1.63
2015-09-10,2.98
2015-09-11,0.99
2015-09-12,0.65
2015-09-13,0.25
2015-09-14,0.88
2015-09-15,1.32
2015-09-16,6.8
2015-09-17,2.8
2015-09-18,1.53
2015-09-19,2.69
2015-09-20,4.11
2015-09-21,0.39
2015-09-22,0.1
2015-09-23,2.2
2015-09-24,14.2
2015-09-25,4.55
2015-09-26,2.43
2015-09-27,10.08
2015-09-28,8.33
2015-09-29,21.48
2015-09-30,7.27
2015-10-01,5.17
2015-10-02,6.0
2015-10-03,1.44
2015-10-04,8.18
2015-10-05,17.83
2015-10-06,2.58
2015-10-07,4.32
2015-10-08,12.57
2015-10-09,7.52
2015-10-10,2.51
2015-10-11,6.86
2015-10-12,4.59
2015-10-13,2.35
2015-10-14,1.35
2015-10-15,1.74
2015-10-16,0.25
2015-10-17,0.69
2015-10-18,0.54
2015-10-19,0.14
2015-10-20,0.26
2015-10-21,0.65
2015-10-22,0.37
2015-10-23,0.38
2015-10-24,0.75
2015-10-25,1.47
2015-10-26,0.1
2015-10-27,2.34
2015-10-28,12.37
2015-10-29,5.55
2015-10-30,2.18
2015-10-31,3.63
2015-11-01,11.15
2015-11-02,9.58
2015-11-03,10.61
2015-11-04,1.73
2015-11-05,19.83
2015-11-06,5.67
2015-11-07,6.39
2015-11-08,9.6
2015-11-09,11.51
2015-11-10,16.63
2015-11-11,7.42
2015-11-12,5.14
2015-11-13,1.48
2015-11-14,0.14
2015-11-15,1.88
2015-11-16,1.12
2015-11-17,0.3
2015-11-18,2.65
2015-11-19,7.37
2015-11-20,2.72
2015-11-21,1.07
2015-11-22,5.92
2015-11-23,4.6
2015-11-24,1.72
2015-11-25,0.45
2015-11-26,0.04
2015-11-27,0.01
2015-11-28,0.22
2015-11-29,8.26
2015-11-30,2.53
2015-12-01,0.39
2015-12-02,1.93
2015-12-03,0.33
2015-12-04,0.08
2015-12-05,4.44
2015-12-06,2.87
2015-12-07,2.93
2015-12-08,3.12
2015-12-09,1.24
2015-12-10,0.94
2015-12-11,0.59
2015-12-12,0.87
2015-12-13,1.06
2015-12-14,2.26
2015-12-15,1.12
2015-12-16,0.31
2015-12-17,0.02
2015-12-18,0.0
2015-12-19,0.07
2015-12-20,0.01
2015-12-21,0.01
2015-12-22,0.0
2015-12-23,0.0
2015-12-24,0.0
2015-12-25,0.0
2015-12-26,0.0
2015-12-27,0.0
2015-12-28,0.0
2015-12-29,0.0
2015-12-30,0.0
2015-12-31,0.0
2016-01-01,0.0
2016-01-02,0.0
2016-01-03,0.0
2016-01-04,0.0
2016-01-05,0.0
2016-01-06,0.0
2016-01-07,0.0
2016-01-08,0.0
2016-01-09,0.0
2016-01-10,0.0
2016-01-11,0.0
2016-01-12,0.0
2016-01-13,0.0
2016-01-14,0.0
2016-01-15,0.0
2016-01-16,0.0
2016-01-17,0.0
2016-01-18,0.03
2016-01-19,0.02
2016-01-20,0.02
2016-01-21,2.59
2016-01-22,2.19
2016-01-23,0.2
2016-01-24,0.09
2016-01-25,0.05
2016-01-26,0.04
2016-01-27,0.02
2016-01-28,0.0
2016-01-29,0.01
2016-01-30,0.0
2016-01-31,0.0
2016-02-01,0.0
2016-02-02,0.0
2016-02-03,0.0
2016-02-04,0.0
2016-02-05,0.0
2016-02-06,0.0
2016-02-07,0.0
2016-02-08,0.03
2016-02-09,0.06
2016-02-10,0.35
2016-02-11,0.33
2016-02-12,0.02
2016-02-13,0.05
2016-02-14,0.02
2016-02-15,0.03
2016-02-16,0.0
2016-02-17,0.0
2016-02-18,0.0
2016-02-19,0.0
2016-02-20,0.01
2016-02-21,0.04
2016-02-22,0.01
2016-02-23,0.04
2016-02-24,0.05
2016-02-25,0.39
2016-02-26,0.11
2016-02-27,0.04
2016-02-28,0.19
2016-02-29,0.33
2016-03-01,0.01
2016-03-02,0.02
2016-03-03,0.08
2016-03-04,0.06
2016-03-05,0.06
2016-03-06,1.87
2016-03-07,1.85
2016-03-08,0.0
2016-03-09,0.0
2016-03-10,0.0
2016-03-11,0.0
2016-03-12,0.15
2016-03-13,0.25
2016-03-14,0.53
2016-03-15,1.9
2016-03-16,0.13
2016-03-17,0.1
2016-03-18,0.0
2016-03-19,0.0
2016-03-20,0.0
2016-03-21,0.0
2016-03-22,0.05
2016-03-23,0.2
2016-03-24,0.04
2016-03-25,0.02
2016-03-26,0.0
2016-03-27,0.0
2016-03-28,0.01
2016-03-29,0.07
2016-03-30,0.08
2016-03-31,0.06
2016-04-01,0.05
2016-04-02,0.15
2016-04-03,0.08
2016-04-04,0.42
2016-04-05,1.3
2016-04-06,1.55
2016-04-07,1.96
2016-04-08,2.06
2016-04-09,4.2
2016-04-10,0.52
2016-04-11,0.06
2016-04-12,0.06
2016-04-13,0.26
2016-04-14,0.16
2016-04-15,0.06
2016-04-16,0.05
2016-04-17,0.02
2016-04-18,0.01
2016-04-19,0.01
2016-04-20,0.04
2016-04-21,2.3
2016-04-22,1.11
2016-04-23,0.18
2016-04-24,0.07
2016-04-25,0.82
2016-04-26,1.56
2016-04-27,0.01
2016-04-28,0.01
2016-04-29,0.01
2016-04-30,0.0
2016-05-01,0.03
2016-05-02,0.44
2016-05-03,2.35
2016-05-04,0.92
2016-05-05,2.07
2016-05-06,13.78
2016-05-07,4.7
2016-05-08,4.27
2016-05-09,1.31
2016-05-10,4.1
2016-05-11,13.94
2016-05-12,3.59
2016-05-13,2.91
2016-05-14,7.43
2016-05-15,5.01
2016-05-16,4.16
2016-05-17,7.97
2016-05-18,0.74
2016-05-19,5.5
2016-05-20,2.27
2016-05-21,0.09
2016-05-22,0.18
2016-05-23,0.13
2016-05-24,0.28
2016-05-25,2.69
2016-05-26,1.24
2016-05-27,3.01
2016-05-28,7.67
2016-05-29,3.45
2016-05-30,6.65
2016-05-31,8.89
2016-06-01,21.66
2016-06-02,9.92
2016-06-03,8.65
2016-06-04,12.23
2016-06-05,14.91
2016-06-06,4.53
2016-06-07,10.99
2016-06-08,18.94
2016-06-09,6.84
2016-06-10,7.72
2016-06-11,13.92
2016-06-12,0.88
2016-06-13,8.39
2016-06-14,5.35
2016-06-15,2.52
2016-06-16,7.45
2016-06-17,12.89
2016-06-18,8.91
2016-06-19,2.18
2016-06-20,5.33
2016-06-21,5.13
2016-06-22,13.06
2016-06-23,12.3
2016-06-24,2.55
2016-06-25,1.5
2016-06-26,6.95
2016-06-27,18.54
2016-06-28,26.46
2016-06-29,14.76
2016-06-30,8.75
2016-07-01,4.05
2016-07-02,2.26
2016-07-03,5.81
2016-07-04,15.42
2016-07-05,7.81
2016-07-06,19.24
2016-07-07,6.39
2016-07-08,8.86
2016-07-09,16.96
2016-07-10,12.17
2016-07-11,8.4
2016-07-12,10.27
2016-07-13,4.95
2016-07-14,5.14
2016-07-15,10.81
2016-07-16,26.4
2016-07-17,13.77
2016-07-18,11.95
2016-07-19,0.8
2016-07-20,2.31
2016-07-21,4.04
2016-07-22,7.38
2016-07-23,4.89
2016-07-24,8.19
2016-07-25,8.09
2016-07-26,5.06
2016-07-27,11.32
2016-07-28,23.58
2016-07-29,3.07
2016-07-30,5.1
2016-07-31,4.72
2016-08-01,3.6
2016-08-02,1.92
2016-08-03,1.91
2016-08-04,2.15
2016-08-05,10.59
2016-08-06,4.87
2016-08-07,3.77
2016-08-08,1.94
2016-08-09,2.25
2016-08-10,2.89
2016-08-11,1.43
2016-08-12,3.34
2016-08-13,2.95
2016-08-14,6.25
2016-08-15,5.75
2016-08-16,5.24
2016-08-17,6.89
2016-08-18,4.56
2016-08-19,1.89
2016-08-20,0.98
2016-08-21,0.68
2016-08-22,1.18
2016-08-23,3.23
2016-08-24,4.92
2016-08-25,4.12
2016-08-26,6.23
2016-08-27,6.0
2016-08-28,3.11
2016-08-29,1.94
2016-08-30,8.99
2016-08-31,3.85
2016-09-01,1.52
2016-09-02,1.34
2016-09-03,1.03
2016-09-04,0.58
2016-09-05,0.19
2016-09-06,1.1
2016-09-07,0.44
2016-09-08,0.26
2016-09-09,0.19
2016-09-10,0.3
2016-09-11,0.15
2016-09-12,0.37
2016-09-13,0.88
2016-09-14,2.94
2016-09-15,3.35
2016-09-16,3.61
2016-09-17,0.77
2016-09-18,1.36
2016-09-19,1.21
2016-09-20,0.58
2016-09-21,3.47
2016-09-22,0.87
2016-09-23,2.07
2016-09-24,3.97
2016-09-25,1.81
2016-09-26,0.9
2016-09-27,0.86
2016-09-28,2.7
2016-09-29,2.83
2016-09-30,0.3
2016-10-01,0.04
2016-10-02,0.01
2016-10-03,0.0
2016-10-04,0.0
2016-10-05,0.01
2016-10-06,0.01
2016-10-07,0.1
2016-10-08,0.57
2016-10-09,0.09
2016-10-10,0.08
2016-10-11,0.77
2016-10-12,0.97
2016-10-13,13.36
2016-10-14,2.25
2016-10-15,1.67
2016-10-16,0.22
2016-10-17,0.04
2016-10-18,0.01
2016-10-19,0.05
2016-10-20,0.23
2016-10-21,0.21
2016-10-22,0.15
2016-10-23,1.08
2016-10-24,0.42
2016-10-25,0.32
2016-10-26,0.52
2016-10-27,0.35
2016-10-28,0.27
2016-10-29,0.12
2016-10-30,4.57
2016-10-31,6.37
2016-11-01,2.54
2016-11-02,2.66
2016-11-03,5.41
2016-11-04,4.57
2016-11-05,0.47
2016-11-06,0.0
2016-11-07,0.0
2016-11-08,0.63
2016-11-09,0.37
2016-11-10,0.03
2016-11-11,0.02
2016-11-12,0.12
2016-11-13,6.69
2016-11-14,10.64
2016-11-15,8.23
2016-11-16,1.02
2016-11-17,0.47
2016-11-18,0.0
2016-11-19,0.0
2016-11-20,0.0
2016-11-21,0.0
2016-11-22,0.0
2016-11-23,0.04
2016-11-24,0.07
2016-11-25,0.01
2016-11-26,0.03
2016-11-27,0.04
2016-11-28,0.0
2016-11-29,0.01
2016-11-30,0.0
2016-12-01,0.53
2016-12-02,9.76
2016-12-03,13.98
2016-12-04,1.51
2016-12-05,0.29
2016-12-06,0.32
2016-12-07,0.02
2016-12-08,0.0
2016-12-09,0.0
2016-12-10,0.0
2016-12-11,0.0
2016-12-12,2.44
2016-12-13,17.66
2016-12-14,12.04
2016-12-15,1.32
2016-12-16,0.04
2016-12-17,0.05
2016-12-18,0.0
2016-12-19,0.0
2016-12-20,0.02
2016-12-21,0.01
2016-12-22,0.0
2016-12-23,0.0
2016-12-24,0.0
2016-12-25,0.0
2016-12-26,0.0
2016-12-27,0.0
2016-12-28,0.02
2016-12-29,0.02
2016-12-30,0.0
2016-12-31,0.0
2017-01-01,0.0
2017-01-02,0.0
2017-01-03,0.0
2017-01-04,0.0
2017-01-05,0.0
2017-01-06,0.0
2017-01-07,0.0
2017-01-08,0.0
2017-01-09,0.0
2017-01-10,0.0
2017-01-11,0.0
2017-01-12,0.0
2017-01-13,0.0
2017-01-14,0.0
2017-01-15,0.0
2017-01-16,0.0
2017-01-17,0.01
2017-01-18,0.0
2017-01-19,0.0
2017-01-20,0.01
2017-01-21,2.87
2017-01-22,0.19
2017-01-23,0.0
2017-01-24,0.0
2017-01-25,0.0
2017-01-26,1.71
2017-01-27,7.7
2017-01-28,6.04
2017-01-29,0.84
2017-01-30,0.14
2017-01-31,0.02
2017-02-01,0.0
2017-02-02,0.0
2017-02-03,0.0
2017-02-04,0.0
2017-02-05,0.0
2017-02-06,0.01
2017-02-07,0.0
2017-02-08,0.0
2017-02-09,0.0
2017-02-10,0.0
2017-02-11,0.01
2017-02-12,0.0
2017-02-13,0.0
2017-02-14,0.01
2017-02-15,0.0
2017-02-16,0.0
2017-02-17,0.0
2017-02-18,0.0
2017-02-19,0.0
2017-02-20,0.0
2017-02-21,0.0
2017-02-22,0.0
2017-02-23,0.0
2017-02-24,0.0
2017-02-25,0.03
2017-02-26,0.01
2017-02-27,0.0
2017-02-28,0.0
2017-03-01,0.0
2017-03-02,0.0
2017-03-03,0.05
2017-03-04,0.85
2017-03-05,1.24
2017-03-06,2.48
2017-03-07,1.81
2017-03-08,1.2
2017-03-09,1.3
2017-03-10,3.16
2017-03-11,0.04
2017-03-12,0.02
2017-03-13,1.84
2017-03-14,16.65
2017-03-15,13.67
2017-03-16,8.11
2017-03-17,0.08
2017-03-18,0.08
2017-03-19,0.14
2017-03-20,1.27
2017-03-21,2.46
2017-03-22,0.08
2017-03-23,0.0
2017-03-24,0.0
2017-03-25,0.0
2017-03-26,0.0
2017-03-27,0.0
2017-03-28,0.01
2017-03-29,0.01
2017-03-30,0.0
2017-03-31,0.01
2017-04-01,0.08
2017-04-02,0.19
2017-04-03,0.16
2017-04-04,1.0
2017-04-05,3.32
2017-04-06,7.63
2017-04-07,5.35
2017-04-08,0.98
2017-04-09,0.88
2017-04-10,1.46
2017-04-11,0.77
2017-04-12,1.69
2017-04-13,1.82
2017-04-14,0.87
2017-04-15,0.1
2017-04-16,1.32
2017-04-17,2.9
2017-04-18,1.3
2017-04-19,1.33
2017-04-20,8.89
2017-04-21,9.8
2017-04-22,0.91
2017-04-23,0.1
2017-04-24,0.09
2017-04-25,0.7
2017-04-26,0.89
2017-04-27,0.55
2017-04-28,0.22
2017-04-29,0.9
2017-04-30,3.24
2017-05-01,23.91
2017-05-02,6.18
2017-05-03,0.73
2017-05-04,0.51
2017-05-05,1.0
2017-05-06,2.44
2017-05-07,7.65
2017-05-08,3.77
2017-05-09,0.81
2017-05-10,6.64
2017-05-11,4.29
2017-05-12,6.31
2017-05-13,5.6
2017-05-14,4.13
2017-05-15,1.78
2017-05-16,1.54
2017-05-17,0.89
2017-05-18,15.79
2017-05-19,3.42
2017-05-20,9.28
2017-05-21,13.88
2017-05-22,14.75
2017-05-23,3.22
2017-05-24,8.87
2017-05-25,3.26
2017-05-26,4.22
2017-05-27,5.46
2017-05-28,2.94
2017-05-29,3.93
2017-05-30,5.56
2017-05-31,3.93
2017-06-01,6.44
2017-06-02,13.07
2017-06-03,11.59
2017-06-04,2.34
2017-06-05,7.49
2017-06-06,4.87
2017-06-07,7.16
2017-06-08,1.87
2017-06-09,4.64
2017-06-10,15.01
2017-06-11,10.56
2017-06-12,13.77
2017-06-13,6.9
2017-06-14,5.16
2017-06-15,2.04
2017-06-16,3.79
2017-06-17,0.55
2017-06-18,1.14
2017-06-19,1.06
2017-06-20,3.51
2017-06-21,3.9
2017-06-22,3.23
2017-06-23,7.57
2017-06-24,15.93
2017-06-25,13.74
2017-06-26,27.15
2017-06-27,15.47
2017-06-28,8.07
2017-06-29,4.7
2017-06-30,5.98
2017-07-01,7.67
2017-07-02,9.21
2017-07-03,9.83
2017-07-04,1.7
2017-07-05,3.65
2017-07-06,3.25
2017-07-07,3.78
2017-07-08,4.24
2017-07-09,4.05
2017-07-10,6.9
2017-07-11,4.23
2017-07-12,0.74
2017-07-13,14.5
2017-07-14,2.53
2017-07-15,5.08
2017-07-16,3.01
2017-07-17,5.81
2017-07-18,16.72
2017-07-19,21.77
2017-07-20,16.3
2017-07-21,6.57
2017-07-22,2.59
2017-07-23,2.01
2017-07-24,2.54
2017-07-25,1.08
2017-07-26,0.59
2017-07-27,4.34
2017-07-28,4.59
2017-07-29,3.71
2017-07-30,3.16
2017-07-31,4.71
2017-08-01,9.24
2017-08-02,3.71
2017-08-03,7.1
2017-08-04,12.79
2017-08-05,11.31
2017-08-06,4.35
2017-08-07,3.81
2017-08-08,13.49
2017-08-09,11.78
2017-08-10,2.84
2017-08-11,3.8
2017-08-12,2.1
2017-08-13,0.37
2017-08-14,4.36
2017-08-15,10.91
2017-08-16,4.6
2017-08-17,6.83
2017-08-18,12.37
2017-08-19,8.29
2017-08-20,13.56
2017-08-21,12.15
2017-08-22,6.63
2017-08-23,5.52
2017-08-24,2.56
2017-08-25,1.25
2017-08-26,8.39
2017-08-27,11.17
2017-08-28,20.84
2017-08-29,15.06
2017-08-30,3.65
2017-08-31,1.15
2017-09-01,12.28
2017-09-02,34.86
2017-09-03,3.58
2017-09-04,12.96
2017-09-05,14.78
2017-09-06,15.95
2017-09-07,9.71
2017-09-08,9.31
2017-09-09,14.55
2017-09-10,23.7
2017-09-11,9.66
2017-09-12,4.86
2017-09-13,8.19
2017-09-14,13.84
2017-09-15,5.55
2017-09-16,27.38
2017-09-17,29.69
2017-09-18,9.21
2017-09-19,7.93
2017-09-20,3.0
2017-09-21,1.36
2017-09-22,0.19
2017-09-23,0.03
2017-09-24,2.28
2017-09-25,8.01
2017-09-26,8.1
2017-09-27,17.31
2017-09-28,9.81
2017-09-29,3.57
2017-09-30,1.77
2017-10-01,6.32
2017-10-02,2.55
2017-10-03,1.28
2017-10-04,5.83
2017-10-05,5.43
2017-10-06,10.71
2017-10-07,2.47
2017-10-08,6.54
2017-10-09,3.29
2017-10-10,5.5
2017-10-11,5.13
2017-10-12,4.88
2017-10-13,15.08
2017-10-14,9.23
2017-10-15,5.06
2017-10-16,1.34
2017-10-17,2.02
2017-10-18,0.71
2017-10-19,0.17
2017-10-20,0.1
2017-10-21,0.77
2017-10-22,0.17
2017-10-23,0.0
2017-10-24,0.0
2017-10-25,4.89
2017-10-26,8.81
2017-10-27,15.27
2017-10-28,6.11
2017-10-29,0.13
2017-10-30,1.01
2017-10-31,1.91
2017-11-01,4.32
2017-11-02,1.11
2017-11-03,2.46
2017-11-04,3.24
2017-11-05,3.57
2017-11-06,14.45
2017-11-07,2.94
2017-11-08,4.44
2017-11-09,2.71
2017-11-10,0.01
2017-11-11,0.01
2017-11-12,0.0
2017-11-13,0.03
2017-11-14,0.12
2017-11-15,0.02
2017-11-16,0.66
2017-11-17,0.31
2017-11-18,0.21
2017-11-19,0.63
2017-11-20,3.48
2017-11-21,1.65
2017-11-22,0.15
2017-11-23,0.17
2017-11-24,0.05
2017-11-25,0.03
2017-11-26,0.22
2017-11-27,0.73
2017-11-28,0.29
2017-11-29,1.69
2017-11-30,16.13
2017-12-01,38.37
2017-12-02,6.25
2017-12-03,0.22
2017-12-04,0.38
2017-12-05,0.45
2017-12-06,0.04
2017-12-07,0.03
2017-12-08,0.0
2017-12-09,0.0
2017-12-10,0.01
2017-12-11,0.04
2017-12-12,0.09
2017-12-13,3.26
2017-12-14,1.64
2017-12-15,0.02
2017-12-16,0.0
2017-12-17,0.0
2017-12-18,0.0
2017-12-19,0.0
2017-12-20,0.01
2017-12-21,0.15
2017-12-22,0.13
2017-12-23,0.0
2017-12-24,0.0
2017-12-25,0.0
2017-12-26,0.0
2017-12-27,0.0
2017-12-28,0.0
2017-12-29,0.0
2017-12-30,0.0
2017-12-31,0.0
2018-01-01,0.0
2018-01-02,0.0
2018-01-03,0.0
2018-01-04,0.0
2018-01-05,0.0
2018-01-06,0.01
2018-01-07,0.01
2018-01-08,0.0
2018-01-09,0.05
2018-01-10,0.92
2018-01-11,0.2
2018-01-12,0.01
2018-01-13,0.0
2018-01-14,0.0
2018-01-15,0.0
2018-01-16,0.0
2018-01-17,0.0
2018-01-18,0.0
2018-01-19,0.0
2018-01-20,0.0
2018-01-21,0.0
2018-01-22,0.0
2018-01-23,0.0
2018-01-24,0.0
2018-01-25,0.0
2018-01-26,0.01
2018-01-27,0.01
2018-01-28,0.04
2018-01-29,0.0
2018-01-30,0.0
2018-01-31,0.0
2018-02-01,0.0
2018-02-02,0.0
2018-02-03,0.0
2018-02-04,0.0
2018-02-05,0.0
2018-02-06,2.05
2018-02-07,4.28
2018-02-08,0.25
2018-02-09,2.37
2018-02-10,0.23
2018-02-11,0.04
2018-02-12,0.1
2018-02-13,0.01
2018-02-14,0.0
2018-02-15,0.0
2018-02-16,0.0
2018-02-17,0.0
2018-02-18,0.0
2018-02-19,0.0
2018-02-20,0.0
2018-02-21,0.0
2018-02-22,0.0
2018-02-23,0.0
2018-02-24,0.0
2018-02-25,0.0
2018-02-26,0.01
2018-02-27,0.03
2018-02-28,0.04
2018-03-01,0.05
2018-03-02,0.01
2018-03-03,0.0
2018-03-04,0.0
2018-03-05,0.0
2018-03-06,0.0
2018-03-07,0.0
2018-03-08,0.0
2018-03-09,0.0
2018-03-10,0.0
2018-03-11,0.0
2018-03-12,0.04
2018-03-13,2.4
2018-03-14,2.69
2018-03-15,5.64
2018-03-16,5.76
2018-03-17,2.14
2018-03-18,7.16
2018-03-19,1.17
2018-03-20,0.05
2018-03-21,0.13
2018-03-22,1.23
2018-03-23,2.01
2018-03-24,1.38
2018-03-25,0.19
2018-03-26,0.11
2018-03-27,0.06
2018-03-28,0.11
2018-03-29,0.13
2018-03-30,0.44
2018-03-31,1.08
2018-04-01,1.87
2018-04-02,3.23
2018-04-03,0.82
2018-04-04,0.35
2018-04-05,0.11
2018-04-06,0.16
2018-04-07,0.18
2018-04-08,0.52
2018-04-09,0.88
2018-04-10,2.71
2018-04-11,3.73
2018-04-12,3.05
2018-04-13,9.15
2018-04-14,7.14
2018-04-15,6.43
2018-04-16,0.68
2018-04-17,0.45
2018-04-18,0.58
2018-04-19,0.69
2018-04-20,1.63
2018-04-21,3.08
2018-04-22,2.51
2018-04-23,1.13
2018-04-24,0.89
2018-04-25,1.53
2018-04-26,5.12
2018-04-27,2.3
2018-04-28,0.4
2018-04-29,0.21
2018-04-30,2.82
2018-05-01,11.01
2018-05-02,8.81
2018-05-03,17.53
2018-05-04,5.16
2018-05-05,4.26
2018-05-06,1.62
2018-05-07,0.66
2018-05-08,8.08
2018-05-09,12.1
2018-05-10,5.91
2018-05-11,10.14
2018-05-12,4.91
2018-05-13,3.3
2018-05-14,4.0
2018-05-15,2.37
2018-05-16,2.68
2018-05-17,2.89
2018-05-18,1.52
2018-05-19,6.41
2018-05-20,4.9
2018-05-21,4.81
2018-05-22,0.67
2018-05-23,6.16
2018-05-24,9.08
2018-05-25,32.81
2018-05-26,12.47
2018-05-27,9.12
2018-05-28,14.07
2018-05-29,13.03
2018-05-30,4.5
2018-05-31,1.53
2018-06-01,0.81
2018-06-02,4.06
2018-06-03,6.07
2018-06-04,9.85
2018-06-05,3.35
2018-06-06,3.31
2018-06-07,18.9
2018-06-08,11.26
2018-06-09,25.81
2018-06-10,16.55
2018-06-11,23.6
2018-06-12,20.8
2018-06-13,16.12
2018-06-14,15.47
2018-06-15,7.58
2018-06-16,4.99
2018-06-17,3.52
2018-06-18,5.18
2018-06-19,9.14
2018-06-20,9.33
2018-06-21,6.75
2018-06-22,3.64
2018-06-23,2.49
2018-06-24,1.11
2018-06-25,5.81
2018-06-26,4.87
2018-06-27,13.96
2018-06-28,17.4
2018-06-29,10.17
2018-06-30,5.77
2018-07-01,2.77
2018-07-02,4.82
2018-07-03,3.37
2018-07-04,0.78
2018-07-05,1.13
2018-07-06,7.81
2018-07-07,11.63
2018-07-08,16.04
2018-07-09,25.47
2018-07-10,35.71
2018-07-11,32.86
2018-07-12,11.88
2018-07-13,17.26
2018-07-14,9.7
2018-07-15,15.93
2018-07-16,20.0
2018-07-17,17.29
2018-07-18,16.67
2018-07-19,8.44
2018-07-20,12.97
2018-07-21,7.94
2018-07-22,3.42
2018-07-23,6.83
2018-07-24,6.23
2018-07-25,12.17
2018-07-26,9.3
2018-07-27,2.28
2018-07-28,4.7
2018-07-29,7.63
2018-07-30,5.97
2018-07-31,13.43
2018-08-01,4.96
2018-08-02,1.94
2018-08-03,5.56
2018-08-04,1.19
2018-08-05,2.23
2018-08-06,5.32
2018-08-07,10.05
2018-08-08,26.71
2018-08-09,24.87
2018-08-10,7.95
2018-08-11,10.66
2018-08-12,20.68
2018-08-13,22.63
2018-08-14,37.05
2018-08-15,66.04
2018-08-16,30.04
2018-08-17,23.36
2018-08-18,7.39
2018-08-19,2.78
2018-08-20,2.61
2018-08-21,2.12
2018-08-22,1.69
2018-08-23,0.97
2018-08-24,1.29
2018-08-25,0.54
2018-08-26,0.46
2018-08-27,3.11
2018-08-28,7.72
2018-08-29,1.14
2018-08-30,4.1
2018-08-31,5.4
2018-09-01,0.8
2018-09-02,0.08
2018-09-03,0.01
2018-09-04,0.0
2018-09-05,0.01
2018-09-06,0.02
2018-09-07,0.16
2018-09-08,0.22
2018-09-09,0.02
2018-09-10,1.13
2018-09-11,4.03
2018-09-12,2.65
2018-09-13,1.06
2018-09-14,2.91
2018-09-15,9.48
2018-09-16,4.67
2018-09-17,1.92
2018-09-18,0.45
2018-09-19,0.13
2018-09-20,0.33
2018-09-21,0.29
2018-09-22,0.14
2018-09-23,6.09
2018-09-24,18.11
2018-09-25,2.63
2018-09-26,15.35
2018-09-27,15.1
2018-09-28,15.38
2018-09-29,7.1
2018-09-30,8.55
2018-10-01,11.65
2018-10-02,3.61
2018-10-03,9.75
2018-10-04,17.24
2018-10-05,19.82
2018-10-06,19.17
2018-10-07,6.56
2018-10-08,19.54
2018-10-09,8.31
2018-10-10,2.15
2018-10-11,0.38
2018-10-12,0.39
2018-10-13,2.51
2018-10-14,9.62
2018-10-15,10.62
2018-10-16,18.19
2018-10-17,6.29
2018-10-18,3.91
2018-10-19,7.23
2018-10-20,16.3
2018-10-21,1.55
2018-10-22,0.5
2018-10-23,0.29
2018-10-24,0.01
2018-10-25,0.0
2018-10-26,0.0
2018-10-27,0.0
2018-10-28,0.0
2018-10-29,0.0
2018-10-30,0.0
2018-10-31,0.48
2018-11-01,3.2
2018-11-02,2.86
2018-11-03,15.25
2018-11-04,3.91
2018-11-05,2.43
2018-11-06,0.49
2018-11-07,0.08
2018-11-08,0.01
2018-11-09,0.51
2018-11-10,0.03
2018-11-11,0.08
2018-11-12,0.02
2018-11-13,0.02
2018-11-14,0.01
2018-11-15,2.28
2018-11-16,10.4
2018-11-17,0.09
2018-11-18,4.8
2018-11-19,3.94
2018-11-20,0.86
2018-11-21,0.63
2018-11-22,2.76
2018-11-23,5.44
2018-11-24,4.32
2018-11-25,0.31
2018-11-26,0.07
2018-11-27,0.01
2018-11-28,0.0
2018-11-29,1.24
2018-11-30,0.19
2018-12-01,0.44
2018-12-02,0.02
2018-12-03,0.0
2018-12-04,2.95
2018-12-05,0.55
2018-12-06,0.54
2018-12-07,0.09
2018-12-08,0.0
2018-12-09,0.0
2018-12-10,0.0
2018-12-11,0.0
2018-12-12,0.0
2018-12-13,0.0
2018-12-14,0.0
2018-12-15,0.0
2018-12-16,0.0
2018-12-17,0.0
2018-12-18,0.0
2018-12-19,0.03
2018-12-20,0.04
2018-12-21,0.0
2018-12-22,0.01
2018-12-23,0.85
2018-12-24,0.5
2018-12-25,0.09
2018-12-26,0.05
2018-12-27,0.03
2018-12-28,2.71
2018-12-29,2.25
2018-12-30,0.74
2018-12-31,0.01
2019-01-01,0.0
2019-01-02,0.0
2019-01-03,0.0
2019-01-04,0.0
2019-01-05,0.0
2019-01-06,0.0
2019-01-07,0.0
2019-01-08,0.0
2019-01-09,0.0
2019-01-10,0.0
2019-01-11,0.0
2019-01-12,0.0
2019-01-13,0.0
2019-01-14,0.0
2019-01-15,0.0
2019-01-16,0.0
2019-01-17,0.0
2019-01-18,0.0
2019-01-19,0.0
2019-01-20,0.0
2019-01-21,0.0
2019-01-22,0.0
2019-01-23,0.0
2019-01-24,0.0
2019-01-25,0.0
2019-01-26,0.0
2019-01-27,0.0
2019-01-28,0.0
2019-01-29,0.04
2019-01-30,0.07
2019-01-31,0.0
2019-02-01,0.0
2019-02-02,0.0
2019-02-03,0.0
2019-02-04,0.0
2019-02-05,0.0
2019-02-06,0.07
2019-02-07,0.2
2019-02-08,0.09
2019-02-09,0.96
2019-02-10,3.91
2019-02-11,0.8
2019-02-12,0.0
2019-02-13,0.0
2019-02-14,0.0
2019-02-15,0.02
2019-02-16,0.01
2019-02-17,0.0
2019-02-18,0.0
2019-02-19,2.87
2019-02-20,1.02
2019-02-21,0.0
2019-02-22,0.0
2019-02-23,0.0
2019-02-24,0.0
2019-02-25,0.0
2019-02-26,0.23
2019-02-27,0.0
2019-02-28,0.04
2019-03-01,1.69
2019-03-02,9.41
2019-03-03,0.03
2019-03-04,0.0
2019-03-05,0.0
2019-03-06,0.03
2019-03-07,0.02
2019-03-08,0.0
2019-03-09,0.27
2019-03-10,1.26
2019-03-11,0.51
2019-03-12,0.04
2019-03-13,0.0
2019-03-14,0.0
2019-03-15,0.0
2019-03-16,0.0
2019-03-17,0.0
2019-03-18,0.02
2019-03-19,0.04
2019-03-20,0.02
2019-03-21,0.0
2019-03-22,0.0
2019-03-23,0.01
2019-03-24,0.0
2019-03-25,0.01
2019-03-26,0.16
2019-03-27,0.46
2019-03-28,0.12
2019-03-29,0.2
2019-03-30,0.41
2019-03-31,0.2
2019-04-01,0.01
2019-04-02,0.15
2019-04-03,0.23
2019-04-04,0.09
2019-04-05,0.1
2019-04-06,0.12
2019-04-07,0.06
2019-04-08,1.01
2019-04-09,1.7
2019-04-10,0.15
2019-04-11,0.41
2019-04-12,0.14
2019-04-13,0.03
2019-04-14,0.03
2019-04-15,0.03
2019-04-16,0.24
2019-04-17,8.44
2019-04-18,11.27
2019-04-19,9.21
2019-04-20,10.36
2019-04-21,20.57
2019-04-22,6.8
2019-04-23,8.59
2019-04-24,0.88
2019-04-25,0.45
2019-04-26,0.12
2019-04-27,0.2
2019-04-28,0.05
2019-04-29,1.0
2019-04-30,3.56
2019-05-01,1.91
2019-05-02,0.39
2019-05-03,0.0
2019-05-04,0.0
2019-05-05,0.01
2019-05-06,0.32
2019-05-07,1.81
2019-05-08,4.21
2019-05-09,4.04
2019-05-10,0.84
2019-05-11,3.09
2019-05-12,2.63
2019-05-13,1.4
2019-05-14,2.19
2019-05-15,10.59
2019-05-16,2.13
2019-05-17,2.31
2019-05-18,0.48
2019-05-19,0.24
2019-05-20,0.12
2019-05-21,4.05
2019-05-22,0.85
2019-05-23,1.32
2019-05-24,1.63
2019-05-25,4.3
2019-05-26,3.11
2019-05-27,0.74
2019-05-28,11.61
2019-05-29,8.72
2019-05-30,2.45
2019-05-31,7.01
2019-06-01,0.55
2019-06-02,4.98
2019-06-03,3.32
2019-06-04,3.65
2019-06-05,12.72
2019-06-06,1.76
2019-06-07,1.48
2019-06-08,1.36
2019-06-09,2.06
2019-06-10,9.65
2019-06-11,11.31
2019-06-12,7.61
2019-06-13,5.6
2019-06-14,13.35
2019-06-15,3.85
2019-06-16,0.86
2019-06-17,0.73
2019-06-18,3.52
2019-06-19,8.62
2019-06-20,7.89
2019-06-21,11.53
2019-06-22,7.37
2019-06-23,6.2
2019-06-24,4.15
2019-06-25,4.83
2019-06-26,1.24
2019-06-27,0.52
2019-06-28,0.29
2019-06-29,0.64
2019-06-30,1.15
2019-07-01,1.57
2019-07-02,5.99
2019-07-03,5.1
2019-07-04,11.62
2019-07-05,9.12
2019-07-06,11.68
2019-07-07,6.2
2019-07-08,5.81
2019-07-09,13.76
2019-07-10,8.82
2019-07-11,5.11
2019-07-12,2.68
2019-07-13,9.45
2019-07-14,13.89
2019-07-15,8.21
2019-07-16,5.42
2019-07-17,4.08
2019-07-18,13.99
2019-07-19,24.85
2019-07-20,17.46
2019-07-21,17.46
2019-07-22,20.3
2019-07-23,8.02
2019-07-24,15.39
2019-07-25,6.22
2019-07-26,3.42
2019-07-27,0.71
2019-07-28,1.67
2019-07-29,2.89
2019-07-30,1.34
2019-07-31,0.4
2019-08-01,1.13
2019-08-02,4.58
2019-08-03,4.38
2019-08-04,18.67
2019-08-05,17.29
2019-08-06,30.34
2019-08-07,34.56
2019-08-08,96.5
2019-08-09,63.76
2019-08-10,30.09
2019-08-11,7.03
2019-08-12,7.13
2019-08-13,17.65
2019-08-14,14.38
2019-08-15,4.84
2019-08-16,7.95
2019-08-17,8.52
2019-08-18,10.83
2019-08-19,5.5
2019-08-20,8.94
2019-08-21,12.78
2019-08-22,8.58
2019-08-23,7.04
2019-08-24,4.49
2019-08-25,6.85
2019-08-26,12.15
2019-08-27,7.7
2019-08-28,5.2
2019-08-29,20.24
2019-08-30,4.62
2019-08-31,4.73
2019-09-01,9.45
2019-09-02,11.35
2019-09-03,9.91
2019-09-04,17.76
2019-09-05,8.32
2019-09-06,8.32
2019-09-07,5.38
2019-09-08,9.96
2019-09-09,5.46
2019-09-10,3.82
2019-09-11,14.37
2019-09-12,9.03
2019-09-13,10.39
2019-09-14,2.59
2019-09-15,5.35
2019-09-16,7.78
2019-09-17,8.25
2019-09-18,6.64
2019-09-19,3.52
2019-09-20,0.34
2019-09-21,0.95
2019-09-22,9.34
2019-09-23,12.18
2019-09-24,14.21
2019-09-25,6.46
2019-09-26,6.78
2019-09-27,2.81
2019-09-28,2.6
2019-09-29,7.8
2019-09-30,9.37
2019-10-01,6.84
2019-10-02,5.46
2019-10-03,3.2
2019-10-04,0.99
2019-10-05,3.32
2019-10-06,3.29
2019-10-07,7.8
2019-10-08,6.11
2019-10-09,1.41
2019-10-10,0.7
2019-10-11,6.78
2019-10-12,20.77
2019-10-13,13.63
2019-10-14,5.78
2019-10-15,6.91
2019-10-16,12.08
2019-10-17,27.25
2019-10-18,34.71
2019-10-19,10.12
2019-10-20,23.39
2019-10-21,20.91
2019-10-22,3.83
2019-10-23,10.04
2019-10-24,9.62
2019-10-25,11.55
2019-10-26,6.6
2019-10-27,4.16
2019-10-28,2.04
2019-10-29,2.58
2019-10-30,30.27
2019-10-31,14.04
2019-11-01,0.68
2019-11-02,0.66
2019-11-03,4.82
2019-11-04,4.75
2019-11-05,0.38
2019-11-06,0.61
2019-11-07,2.13
2019-11-08,4.67
2019-11-09,9.7
2019-11-10,14.71
2019-11-11,10.79
2019-11-12,0.84
2019-11-13,0.18
2019-11-14,1.43
2019-11-15,6.18
2019-11-16,7.81
2019-11-17,0.7
2019-11-18,2.12
2019-11-19,4.23
2019-11-20,6.31
2019-11-21,4.72
2019-11-22,1.42
2019-11-23,1.18
2019-11-24,0.68
2019-11-25,0.38
2019-11-26,0.38
2019-11-27,0.88
2019-11-28,0.58
2019-11-29,3.99
2019-11-30,1.45
2019-12-01,17.93
2019-12-02,16.91
2019-12-03,4.18
2019-12-04,0.28
2019-12-05,0.0
2019-12-06,0.0
2019-12-07,0.67
2019-12-08,0.41
2019-12-09,0.22
2019-12-10,0.14
2019-12-11,0.02
2019-12-12,0.01
2019-12-13,0.03
2019-12-14,11.46
2019-12-15,1.0
2019-12-16,0.01
2019-12-17,0.12
2019-12-18,0.08
2019-12-19,0.01
2019-12-20,0.0
2019-12-21,0.0
2019-12-22,0.0
2019-12-23,0.01
2019-12-24,0.16
2019-12-25,1.62
2019-12-26,0.18
2019-12-27,0.16
2019-12-28,0.07
2019-12-29,0.03
2019-12-30,0.67
2019-12-31,2.31
2020-01-01,0.36
2020-01-02,0.0
2020-01-03,0.0
2020-01-04,0.0
2020-01-05,0.0
2020-01-06,0.01
2020-01-07,0.0
2020-01-08,0.0
2020-01-09,0.0
2020-01-10,0.0
2020-01-11,0.0
2020-01-12,0.0
2020-01-13,0.0
2020-01-14,0.0
2020-01-15,0.0
2020-01-16,0.01
2020-01-17,0.05
2020-01-18,0.89
2020-01-19,3.65
2020-01-20,0.06
2020-01-21,0.02
2020-01-22,0.0
2020-01-23,0.0
2020-01-24,0.0
2020-01-25,0.0
2020-01-26,0.0
2020-01-27,0.0
2020-01-28,0.0
2020-01-29,0.0
2020-01-30,0.0
2020-01-31,0.01
2020-02-01,0.01
2020-02-02,0.01
2020-02-03,0.0
2020-02-04,0.02
2020-02-05,1.32
2020-02-06,0.25
2020-02-07,0.4
2020-02-08,0.0
2020-02-09,0.49
2020-02-10,0.28
2020-02-11,0.0
2020-02-12,0.0
2020-02-13,0.0
2020-02-14,0.0
2020-02-15,0.0
2020-02-16,0.0
2020-02-17,0.0
2020-02-18,0.0
2020-02-19,0.0
2020-02-20,0.0
2020-02-21,0.0
2020-02-22,0.0
2020-02-23,0.0
2020-02-24,0.0
2020-02-25,0.0
2020-02-26,0.0
2020-02-27,0.07
2020-02-28,0.09
2020-02-29,0.24
2020-03-01,0.79
2020-03-02,4.92
2020-03-03,0.55
2020-03-04,0.1
2020-03-05,0.05
2020-03-06,0.01
2020-03-07,0.02
2020-03-08,0.87
2020-03-09,0.39
2020-03-10,0.16
2020-03-11,0.25
2020-03-12,0.23
2020-03-13,0.0
2020-03-14,0.0
2020-03-15,0.0
2020-03-16,0.0
2020-03-17,0.02
2020-03-18,0.06
2020-03-19,0.1
2020-03-20,3.16
2020-03-21,2.55
2020-03-22,0.36
2020-03-23,0.48
2020-03-24,0.3
2020-03-25,0.31
2020-03-26,0.03
2020-03-27,0.06
2020-03-28,0.04
2020-03-29,0.06
2020-03-30,0.11
2020-03-31,0.11
2020-04-01,0.03
2020-04-02,0.09
2020-04-03,0.08
2020-04-04,0.06
2020-04-05,0.39
2020-04-06,1.62
2020-04-07,4.7
2020-04-08,0.24
2020-04-09,3.31
2020-04-10,0.68
2020-04-11,0.85
2020-04-12,0.87
2020-04-13,0.12
2020-04-14,0.11
2020-04-15,0.16
2020-04-16,0.21
2020-04-17,0.15
2020-04-18,0.2
2020-04-19,0.06
2020-04-20,0.15
2020-04-21,0.28
2020-04-22,0.68
2020-04-23,0.88
2020-04-24,4.5
2020-04-25,0.18
2020-04-26,9.89
2020-04-27,2.64
2020-04-28,1.79
2020-04-29,5.67
2020-04-30,0.45
2020-05-01,11.2
2020-05-02,5.14
2020-05-03,1.9
2020-05-04,0.82
2020-05-05,0.63
2020-05-06,1.8
2020-05-07,2.89
2020-05-08,2.14
2020-05-09,0.24
2020-05-10,0.27
2020-05-11,0.24
2020-05-12,0.41
2020-05-13,0.76
2020-05-14,0.52
2020-05-15,1.58
2020-05-16,2.04
2020-05-17,6.09
2020-05-18,7.96
2020-05-19,1.6
2020-05-20,0.75
2020-05-21,1.25
2020-05-22,0.61
2020-05-23,0.98
2020-05-24,4.91
2020-05-25,8.23
2020-05-26,3.07
2020-05-27,4.05
2020-05-28,16.42
2020-05-29,16.23
2020-05-30,7.31
2020-05-31,4.51
2020-06-01,6.98
2020-06-02,14.08
2020-06-03,7.06
2020-06-04,9.89
2020-06-05,4.08
2020-06-06,7.86
2020-06-07,7.83
2020-06-08,1.39
2020-06-09,2.26
2020-06-10,8.41
2020-06-11,1.27
2020-06-12,6.49
2020-06-13,6.47
2020-06-14,11.43
2020-06-15,7.26
2020-06-16,12.18
2020-06-17,6.55
2020-06-18,6.24
2020-06-19,4.1
2020-06-20,1.82
2020-06-21,11.84
2020-06-22,6.69
2020-06-23,0.55
2020-06-24,0.84
2020-06-25,7.38
2020-06-26,7.45
2020-06-27,7.73
2020-06-28,23.96
2020-06-29,14.65
2020-06-30,1.48
2020-07-01,2.54
2020-07-02,12.65
2020-07-03,20.08
2020-07-04,18.36
2020-07-05,9.95
2020-07-06,20.08
2020-07-07,8.43
2020-07-08,8.88
2020-07-09,19.34
2020-07-10,3.56
2020-07-11,12.51
2020-07-12,5.0
2020-07-13,2.18
2020-07-14,2.56
2020-07-15,11.01
2020-07-16,21.08
2020-07-17,16.87
2020-07-18,8.94
2020-07-19,6.88
2020-07-20,22.92
2020-07-21,3.08
2020-07-22,0.88
2020-07-23,7.56
2020-07-24,7.2
2020-07-25,4.19
2020-07-26,2.09
2020-07-27,1.71
2020-07-28,10.72
2020-07-29,25.0
2020-07-30,14.83
2020-07-31,18.64
2020-08-01,9.91
2020-08-02,19.94
2020-08-03,18.18
2020-08-04,30.51
2020-08-05,27.16
2020-08-06,38.06
2020-08-07,55.17
2020-08-08,30.51
2020-08-09,24.18
2020-08-10,5.84
2020-08-11,7.44
2020-08-12,5.12
2020-08-13,4.97
2020-08-14,2.72
2020-08-15,3.38
2020-08-16,3.08
2020-08-17,7.19
2020-08-18,5.62
2020-08-19,1.65
2020-08-20,2.77
2020-08-21,1.15
2020-08-22,4.02
2020-08-23,1.84
2020-08-24,3.6
2020-08-25,2.75
2020-08-26,0.44
2020-08-27,0.1
2020-08-28,0.09
2020-08-29,0.63
2020-08-30,2.17
2020-08-31,6.14
2020-09-01,14.49
2020-09-02,18.18
2020-09-03,2.23
2020-09-04,5.98
2020-09-05,6.55
2020-09-06,19.02
2020-09-07,11.69
2020-09-08,6.01
2020-09-09,15.25
2020-09-10,21.76
2020-09-11,22.79
2020-09-12,13.52
2020-09-13,7.04
2020-09-14,4.99
2020-09-15,9.72
2020-09-16,3.46
2020-09-17,6.03
2020-09-18,11.23
2020-09-19,25.33
2020-09-20,20.93
2020-09-21,11.04
2020-09-22,5.14
2020-09-23,2.58
2020-09-24,1.39
2020-09-25,5.42
2020-09-26,1.18
2020-09-27,2.04
2020-09-28,0.85
2020-09-29,7.97
2020-09-30,3.67
2020-10-01,0.37
2020-10-02,1.5
2020-10-03,1.73
2020-10-04,0.44
2020-10-05,0.2
2020-10-06,0.56
2020-10-07,6.75
2020-10-08,9.27
2020-10-09,32.75
2020-10-10,12.03
2020-10-11,4.93
2020-10-12,13.06
2020-10-13,9.41
2020-10-14,2.41
2020-10-15,4.3
2020-10-16,3.93
2020-10-17,1.23
2020-10-18,3.56
2020-10-19,5.4
2020-10-20,5.79
2020-10-21,5.84
2020-10-22,5.04
2020-10-23,1.76
2020-10-24,0.45
2020-10-25,3.26
2020-10-26,1.02
2020-10-27,9.87
2020-10-28,0.29
2020-10-29,0.49
2020-10-30,0.39
2020-10-31,0.27
2020-11-01,2.86
2020-11-02,10.41
2020-11-03,6.65
2020-11-04,7.65
2020-11-05,12.44
2020-11-06,11.26
2020-11-07,0.84
2020-11-08,1.86
2020-11-09,0.11
2020-11-10,0.0
2020-11-11,0.94
2020-11-12,3.67
2020-11-13,6.4
2020-11-14,2.52
2020-11-15,3.18
2020-11-16,17.64
2020-11-17,13.39
2020-11-18,15.24
2020-11-19,3.26
2020-11-20,0.54
2020-11-21,0.1
2020-11-22,0.0
2020-11-23,0.0
2020-11-24,0.01
2020-11-25,2.12
2020-11-26,2.4
2020-11-27,1.47
2020-11-28,2.86
2020-11-29,1.49
2020-11-30,0.29
2020-12-01,0.02
2020-12-02,0.57
2020-12-03,3.01
2020-12-04,3.16
2020-12-05,1.64
2020-12-06,12.97
2020-12-07,10.38
2020-12-08,7.71
2020-12-09,1.76
2020-12-10,1.23
2020-12-11,0.28
2020-12-12,0.76
2020-12-13,0.03
2020-12-14,0.01
2020-12-15,0.01
2020-12-16,1.41
2020-12-17,1.15
2020-12-18,0.13
2020-12-19,0.01
2020-12-20,0.0
2020-12-21,0.0
2020-12-22,0.07
2020-12-23,0.35
2020-12-24,0.01
2020-12-25,0.02
2020-12-26,0.01
2020-12-27,0.0
2020-12-28,0.0
2020-12-29,0.11
2020-12-30,1.33
2020-12-31,4.17
2021-01-01,0.43
2021-01-02,0.14
2021-01-03,4.8
2021-01-04,5.58
2021-01-05,2.47
2021-01-06,14.99
2021-01-07,20.83
2021-01-08,15.04
2021-01-09,4.25
2021-01-10,1.39
2021-01-11,1.25
2021-01-12,2.91
2021-01-13,8.53
2021-01-14,5.81
2021-01-15,2.85
2021-01-16,0.16
2021-01-17,0.03
2021-01-18,0.0
2021-01-19,0.0
2021-01-20,0.0
2021-01-21,0.07
2021-01-22,0.66
2021-01-23,0.35
2021-01-24,0.06
2021-01-25,0.02
2021-01-26,0.0
2021-01-27,0.0
2021-01-28,0.0
2021-01-29,0.0
2021-01-30,0.0
2021-01-31,0.56
2021-02-01,0.05
2021-02-02,0.0
2021-02-03,0.04
2021-02-04,0.06
2021-02-05,0.0
2021-02-06,0.0
2021-02-07,0.0
2021-02-08,0.0
2021-02-09,0.0
2021-02-10,0.0
2021-02-11,0.0
2021-02-12,0.0
2021-02-13,0.0
2021-02-14,0.0
2021-02-15,0.01
2021-02-16,0.06
2021-02-17,0.26
2021-02-18,1.46
2021-02-19,1.37
2021-02-20,10.87
2021-02-21,8.85
2021-02-22,5.12
2021-02-23,1.78
2021-02-24,0.07
2021-02-25,0.04
2021-02-26,0.0
2021-02-27,0.0
2021-02-28,0.0
2021-03-01,0.0
2021-03-02,0.0
2021-03-03,0.0
2021-03-04,0.0
2021-03-05,0.0
2021-03-06,0.0
2021-03-07,0.16
2021-03-08,0.31
2021-03-09,0.31
2021-03-10,5.62
2021-03-11,18.94
2021-03-12,3.31
2021-03-13,0.0
2021-03-14,0.0
2021-03-15,0.0
2021-03-16,0.0
2021-03-17,0.03
2021-03-18,0.12
2021-03-19,0.18
2021-03-20,0.36
2021-03-21,1.46
2021-03-22,0.49
2021-03-23,0.11
2021-03-24,0.32
2021-03-25,2.56
2021-03-26,0.26
2021-03-27,0.15
2021-03-28,0.29
2021-03-29,1.06
2021-03-30,1.76
2021-03-31,0.55
2021-04-01,0.18
2021-04-02,0.02
2021-04-03,0.36
2021-04-04,1.24
2021-04-05,1.78
2021-04-06,0.52
2021-04-07,0.07
2021-04-08,0.05
2021-04-09,0.02
2021-04-10,0.04
2021-04-11,1.0
2021-04-12,5.22
2021-04-13,4.86
2021-04-14,6.85
2021-04-15,7.9
2021-04-16,2.74
2021-04-17,2.92
2021-04-18,2.41
2021-04-19,3.45
2021-04-20,2.3
2021-04-21,2.73
2021-04-22,0.72
2021-04-23,2.58
2021-04-24,2.5
2021-04-25,3.48
2021-04-26,0.99
2021-04-27,0.11
2021-04-28,0.27
2021-04-29,0.27
2021-04-30,0.17
2021-05-01,0.44
2021-05-02,4.77
2021-05-03,10.14
2021-05-04,2.79
2021-05-05,2.79
2021-05-06,4.32
2021-05-07,9.5
2021-05-08,1.24
2021-05-09,1.07
2021-05-10,2.73
2021-05-11,6.49
2021-05-12,8.59
2021-05-13,8.9
2021-05-14,38.12
2021-05-15,28.23
2021-05-16,22.05
2021-05-17,12.08
2021-05-18,12.22
2021-05-19,25.53
2021-05-20,10.94
2021-05-21,1.74
2021-05-22,4.38
2021-05-23,4.04
2021-05-24,0.58
2021-05-25,10.72
2021-05-26,14.87
2021-05-27,3.42
2021-05-28,0.96
2021-05-29,5.17
2021-05-30,5.33
2021-05-31,4.15
2021-06-01,5.52
2021-06-02,7.99
2021-06-03,21.25
2021-06-04,8.89
2021-06-05,6.53
2021-06-06,4.46
2021-06-07,0.66
2021-06-08,7.67
2021-06-09,4.97
2021-06-10,2.28
2021-06-11,2.72
2021-06-12,11.35
2021-06-13,27.36
2021-06-14,7.89
2021-06-15,23.63
2021-06-16,21.24
2021-06-17,11.47
2021-06-18,4.88
2021-06-19,5.03
2021-06-20,3.98
2021-06-21,2.63
2021-06-22,2.03
2021-06-23,1.91
2021-06-24,0.68
2021-06-25,0.52
2021-06-26,5.62
2021-06-27,4.78
2021-06-28,1.05
2021-06-29,2.64
2021-06-30,0.68
2021-07-01,3.47
2021-07-02,2.91
2021-07-03,4.44
2021-07-04,21.77
2021-07-05,4.57
2021-07-06,7.22
2021-07-07,11.89
2021-07-08,2.32
2021-07-09,8.78
2021-07-10,22.55
2021-07-11,6.5
2021-07-12,14.23
2021-07-13,10.72
2021-07-14,17.5
2021-07-15,13.77
2021-07-16,25.75
2021-07-17,10.96
2021-07-18,15.65
2021-07-19,7.03
2021-07-20,6.67
2021-07-21,14.87
2021-07-22,29.19
2021-07-23,20.23
2021-07-24,13.93
2021-07-25,12.09
2021-07-26,10.69
2021-07-27,5.53
2021-07-28,3.45
2021-07-29,2.72
2021-07-30,2.67
2021-07-31,1.61
2021-08-01,1.35
2021-08-02,2.15
2021-08-03,4.08
2021-08-04,4.04
2021-08-05,5.86
2021-08-06,8.42
2021-08-07,14.88
2021-08-08,10.47
2021-08-09,6.15
2021-08-10,7.67
2021-08-11,2.6
2021-08-12,2.72
2021-08-13,12.32
2021-08-14,5.82
2021-08-15,1.66
2021-08-16,1.57
2021-08-17,2.3
2021-08-18,10.09
2021-08-19,3.37
2021-08-20,0.33
2021-08-21,9.89
2021-08-22,4.33
2021-08-23,7.15
2021-08-24,4.21
2021-08-25,5.16
2021-08-26,16.92
2021-08-27,14.47
2021-08-28,18.58
2021-08-29,13.82
2021-08-30,7.58
2021-08-31,0.77
2021-09-01,1.07
2021-09-02,11.14
2021-09-03,6.56
2021-09-04,6.39
2021-09-05,10.66
2021-09-06,11.17
2021-09-07,9.21
2021-09-08,10.67
2021-09-09,2.62
2021-09-10,1.47
2021-09-11,6.87
2021-09-12,12.72
2021-09-13,9.12
2021-09-14,3.16
2021-09-15,4.59
2021-09-16,4.15
2021-09-17,1.95
2021-09-18,0.39
2021-09-19,0.62
2021-09-20,1.85
2021-09-21,1.58
2021-09-22,1.44
2021-09-23,3.11
2021-09-24,12.86
2021-09-25,8.11
2021-09-26,4.25
2021-09-27,8.99
2021-09-28,10.01
2021-09-29,1.69
2021-09-30,12.53
2021-10-01,11.89
2021-10-02,34.06
2021-10-03,12.31
2021-10-04,3.18
2021-10-05,8.63
2021-10-06,6.37
2021-10-07,1.3
2021-10-08,13.27
2021-10-09,10.27
2021-10-10,8.06
2021-10-11,39.16
2021-10-12,43.07
2021-10-13,2.2
2021-10-14,5.27
2021-10-15,5.14
2021-10-16,36.5
2021-10-17,6.0
2021-10-18,3.57
2021-10-19,0.98
2021-10-20,35.01
2021-10-21,10.7
2021-10-22,10.06
2021-10-23,8.3
2021-10-24,6.05
2021-10-25,15.62
2021-10-26,7.49
2021-10-27,18.55
2021-10-28,4.12
2021-10-29,2.54
2021-10-30,12.34
2021-10-31,4.7
2021-11-01,15.86
2021-11-02,25.24
2021-11-03,7.69
2021-11-04,20.68
2021-11-05,5.85
2021-11-06,4.8
2021-11-07,5.39
2021-11-08,5.32
2021-11-09,1.96
2021-11-10,1.05
2021-11-11,3.26
2021-11-12,11.86
2021-11-13,8.45
2021-11-14,11.22
2021-11-15,30.69
2021-11-16,6.0
2021-11-17,20.54
2021-11-18,8.36
2021-11-19,11.83
2021-11-20,10.26
2021-11-21,3.02
2021-11-22,9.85
2021-11-23,9.36
2021-11-24,2.75
2021-11-25,10.89
2021-11-26,2.27
2021-11-27,1.11
2021-11-28,4.28
2021-11-29,13.89
2021-11-30,7.78
2021-12-01,2.73
2021-12-02,2.82
2021-12-03,3.72
2021-12-04,3.92
2021-12-05,2.24
2021-12-06,0.32
2021-12-07,0.48
2021-12-08,0.18
2021-12-09,1.85
2021-12-10,2.6
2021-12-11,1.72
2021-12-12,0.33
2021-12-13,0.06
2021-12-14,1.34
2021-12-15,1.07
2021-12-16,0.14
2021-12-17,0.0
2021-12-18,0.0
2021-12-19,0.0
2021-12-20,0.0
2021-12-21,0.0
2021-12-22,0.0
2021-12-23,0.0
2021-12-24,0.0
2021-12-25,0.0
2021-12-26,0.0
2021-12-27,0.0
2021-12-28,0.0
2021-12-29,0.0
2021-12-30,0.34
2021-12-31,4.14
2022-01-01,5.44
2022-01-02,0.9
2022-01-03,0.07
2022-01-04,0.01
2022-01-05,0.02
2022-01-06,0.0
2022-01-07,0.03
2022-01-08,0.02
2022-01-09,0.01
2022-01-10,0.0
2022-01-11,0.0
2022-01-12,0.0
2022-01-13,0.0
2022-01-14,0.0
2022-01-15,0.03
2022-01-16,4.75
2022-01-17,3.13
2022-01-18,0.06
2022-01-19,0.03
2022-01-20,0.01
2022-01-21,0.02
2022-01-22,0.0
2022-01-23,0.0
2022-01-24,0.0
2022-01-25,0.0
2022-01-26,0.2
2022-01-27,5.35
2022-01-28,0.99
2022-01-29,0.02
2022-01-30,0.01
2022-01-31,0.02
2022-02-01,0.01
2022-02-02,0.02
2022-02-03,0.01
2022-02-04,0.0
2022-02-05,0.0
2022-02-06,0.0
2022-02-07,0.0
2022-02-08,0.0
2022-02-09,0.0
2022-02-10,0.03
2022-02-11,0.01
2022-02-12,0.23
2022-02-13,0.08
2022-02-14,0.05
2022-02-15,0.05
2022-02-16,0.4
2022-02-17,0.18
2022-02-18,0.02
2022-02-19,0.0
2022-02-20,0.01
2022-02-21,0.0
2022-02-22,0.0
2022-02-23,0.05
2022-02-24,0.01
2022-02-25,0.01
2022-02-26,0.01
2022-02-27,0.05
2022-02-28,0.07
2022-03-01,0.03
2022-03-02,0.0
2022-03-03,0.0
2022-03-04,0.0
2022-03-05,0.0
2022-03-06,0.03
2022-03-07,0.28
2022-03-08,0.81
2022-03-09,0.16
2022-03-10,0.04
2022-03-11,0.02
2022-03-12,0.01
2022-03-13,0.01
2022-03-14,0.01
2022-03-15,0.05
2022-03-16,0.13
2022-03-17,0.08
2022-03-18,0.33
2022-03-19,1.16
2022-03-20,1.75
2022-03-21,3.03
2022-03-22,2.16
2022-03-23,8.84
2022-03-24,5.79
2022-03-25,2.48
2022-03-26,2.24
2022-03-27,1.11
2022-03-28,0.29
2022-03-29,1.79
2022-03-30,2.18
2022-03-31,0.59
2022-04-01,1.25
2022-04-02,0.9
2022-04-03,0.28
2022-04-04,0.15
2022-04-05,0.67
2022-04-06,1.62
2022-04-07,0.45
2022-04-08,5.01
2022-04-09,9.51
2022-04-10,2.35
2022-04-11,2.32
2022-04-12,4.61
2022-04-13,10.25
2022-04-14,16.31
2022-04-15,1.26
2022-04-16,3.92
2022-04-17,4.41
2022-04-18,2.04
2022-04-19,3.55
2022-04-20,0.06
2022-04-21,0.31
2022-04-22,1.67
2022-04-23,10.68
2022-04-24,1.19
2022-04-25,1.11
2022-04-26,0.33
2022-04-27,0.14
2022-04-28,0.28
2022-04-29,4.08
2022-04-30,2.54
2022-05-01,2.32
2022-05-02,3.38
2022-05-03,6.01
2022-05-04,2.38
2022-05-05,3.34
2022-05-06,0.88
2022-05-07,5.69
2022-05-08,6.86
2022-05-09,8.8
2022-05-10,6.4
2022-05-11,3.55
2022-05-12,5.77
2022-05-13,9.2
2022-05-14,20.35
2022-05-15,13.47
2022-05-16,25.05
2022-05-17,26.79
2022-05-18,18.56
2022-05-19,13.56
2022-05-20,8.81
2022-05-21,9.63
2022-05-22,1.32
2022-05-23,3.87
2022-05-24,1.81
2022-05-25,9.98
2022-05-26,5.64
2022-05-27,5.64
2022-05-28,2.79
2022-05-29,6.61
2022-05-30,4.76
2022-05-31,12.84
2022-06-01,7.03
2022-06-02,1.02
2022-06-03,2.6
2022-06-04,1.62
2022-06-05,1.85
2022-06-06,3.06
2022-06-07,1.83
2022-06-08,0.94
2022-06-09,3.55
2022-06-10,9.15
2022-06-11,5.48
2022-06-12,5.76
2022-06-13,13.87
2022-06-14,9.03
2022-06-15,4.86
2022-06-16,13.8
2022-06-17,7.1
2022-06-18,13.46
2022-06-19,10.96
2022-06-20,4.34
2022-06-21,4.18
2022-06-22,3.61
2022-06-23,4.35
2022-06-24,7.55
2022-06-25,7.86
2022-06-26,2.72
2022-06-27,3.42
2022-06-28,8.0
2022-06-29,5.42
2022-06-30,23.31
2022-07-01,5.31
2022-07-02,7.72
2022-07-03,15.35
2022-07-04,13.71
2022-07-05,20.34
2022-07-06,16.96
2022-07-07,18.31
2022-07-08,14.92
2022-07-09,18.18
2022-07-10,19.09
2022-07-11,12.75
2022-07-12,17.8
2022-07-13,19.44
2022-07-14,19.45
2022-07-15,18.92
2022-07-16,20.3
2022-07-17,8.6
2022-07-18,11.36
2022-07-19,6.39
2022-07-20,16.32
2022-07-21,6.41
2022-07-22,3.23
2022-07-23,2.33
2022-07-24,2.52
2022-07-25,0.69
2022-07-26,4.86
2022-07-27,13.66
2022-07-28,7.1
2022-07-29,31.87
2022-07-30,41.6
2022-07-31,7.35
2022-08-01,32.83
2022-08-02,31.25
2022-08-03,22.28
2022-08-04,61.13
2022-08-05,10.94
2022-08-06,15.28
2022-08-07,19.39
2022-08-08,14.77
2022-08-09,12.17
2022-08-10,6.2
2022-08-11,10.57
2022-08-12,3.19
2022-08-13,0.49
2022-08-14,0.29
2022-08-15,0.07
2022-08-16,0.04
2022-08-17,0.15
2022-08-18,29.92
2022-08-19,3.83
2022-08-20,0.59
2022-08-21,8.23
2022-08-22,21.28
2022-08-23,12.22
2022-08-24,8.68
2022-08-25,8.68
2022-08-26,25.03
2022-08-27,9.08
2022-08-28,11.57
2022-08-29,20.89
2022-08-30,24.35
2022-08-31,37.69
2022-09-01,12.2
2022-09-02,2.26
2022-09-03,1.4
2022-09-04,6.15
2022-09-05,36.01
2022-09-06,22.93
2022-09-07,18.24
2022-09-08,4.86
2022-09-09,10.4
2022-09-10,8.8
2022-09-11,10.44
2022-09-12,3.1
2022-09-13,4.05
2022-09-14,9.87
2022-09-15,0.72
2022-09-16,0.22
2022-09-17,0.77
2022-09-18,1.46
2022-09-19,0.62
2022-09-20,0.12
2022-09-21,0.06
2022-09-22,0.07
2022-09-23,0.37
2022-09-24,0.34
2022-09-25,3.11
2022-09-26,2.25
2022-09-27,0.04
2022-09-28,0.18
2022-09-29,0.33
2022-09-30,3.43
2022-10-01,2.79
2022-10-02,12.31
2022-10-03,4.1
2022-10-04,1.34
2022-10-05,1.22
2022-10-06,0.19
2022-10-07,0.05
2022-10-08,0.07
2022-10-09,9.96
2022-10-10,14.17
2022-10-11,1.52
2022-10-12,0.48
2022-10-13,8.51
2022-10-14,7.31
2022-10-15,8.12
2022-10-16,13.84
2022-10-17,6.78
2022-10-18,8.66
2022-10-19,5.78
2022-10-20,14.22
2022-10-21,7.84
2022-10-22,1.33
2022-10-23,2.55
2022-10-24,0.92
2022-10-25,0.04
2022-10-26,0.0
2022-10-27,0.0
2022-10-28,0.19
2022-10-29,2.33
2022-10-30,1.14
2022-10-31,1.16
2022-11-01,3.59
2022-11-02,7.43
2022-11-03,7.78
2022-11-04,4.92
2022-11-05,1.78
2022-11-06,6.19
2022-11-07,0.44
2022-11-08,0.18
2022-11-09,0.58
2022-11-10,1.12
2022-11-11,15.04
2022-11-12,20.78
2022-11-13,3.54
2022-11-14,4.04
2022-11-15,0.69
2022-11-16,0.49
2022-11-17,0.09
2022-11-18,0.0
2022-11-19,0.0
2022-11-20,0.0
2022-11-21,0.0
2022-11-22,0.31
2022-11-23,1.99
2022-11-24,1.01
2022-11-25,0.16
2022-11-26,1.9
2022-11-27,8.25
2022-11-28,4.69
2022-11-29,3.73
2022-11-30,1.23
2022-12-01,0.09
2022-12-02,0.55
2022-12-03,1.0
2022-12-04,5.6
2022-12-05,0.97
2022-12-06,0.05
2022-12-07,0.07
2022-12-08,0.41
2022-12-09,7.67
2022-12-10,10.08
2022-12-11,16.78
2022-12-12,20.36
2022-12-13,27.01
2022-12-14,10.31
2022-12-15,0.81
2022-12-16,0.0
2022-12-17,0.0
2022-12-18,0.0
2022-12-19,0.0
2022-12-20,0.0
2022-12-21,0.0
2022-12-22,0.0
2022-12-23,0.0
2022-12-24,0.0
2022-12-25,8.4
2022-12-26,4.26
2022-12-27,0.97
2022-12-28,0.3
2022-12-29,0.0
2022-12-30,0.0
2022-12-31,0.0
2023-01-01,0.0
2023-01-02,0.0
2023-01-03,0.0
2023-01-04,0.0
2023-01-05,0.0
2023-01-06,0.0
2023-01-07,0.0
2023-01-08,0.01
2023-01-09,0.0
2023-01-10,0.0
2023-01-11,0.0
2023-01-12,0.0
2023-01-13,0.0
2023-01-14,0.0
2023-01-15,0.0
2023-01-16,0.0
2023-01-17,0.0
2023-01-18,0.0
2023-01-19,0.0
2023-01-20,0.0
2023-01-21,0.0
2023-01-22,0.0
2023-01-23,0.45
2023-01-24,5.95
2023-01-25,1.2
2023-01-26,0.01
2023-01-27,0.0
2023-01-28,0.0
2023-01-29,0.0
2023-01-30,0.01
2023-01-31,0.6
2023-02-01,0.01
2023-02-02,0.01
2023-02-03,0.62
2023-02-04,2.3
2023-02-05,0.03
2023-02-06,0.0
2023-02-07,0.0
2023-02-08,0.0
2023-02-09,0.0
2023-02-10,0.0
2023-02-11,0.0
2023-02-12,0.0
2023-02-13,0.0
2023-02-14,0.0
2023-02-15,0.0
2023-02-16,0.0
2023-02-17,0.0
2023-02-18,0.0
2023-02-19,0.0
2023-02-20,0.0
2023-02-21,0.0
2023-02-22,0.0
2023-02-23,0.0
2023-02-24,0.0
2023-02-25,0.0
2023-02-26,0.0
2023-02-27,0.0
2023-02-28,0.0
2023-03-01,0.01
2023-03-02,0.01
2023-03-03,0.0
2023-03-04,0.0
2023-03-05,0.04
2023-03-06,0.02
2023-03-07,0.01
2023-03-08,0.0
2023-03-09,0.0
2023-03-10,0.0
2023-03-11,0.0
2023-03-12,0.0
2023-03-13,0.0
2023-03-14,0.01
2023-03-15,0.06
2023-03-16,0.12
2023-03-17,3.01
2023-03-18,0.99
2023-03-19,0.35
2023-03-20,0.2
2023-03-21,0.0
2023-03-22,0.0
2023-03-23,0.03
2023-03-24,0.49
2023-03-25,2.76
2023-03-26,0.36
2023-03-27,0.16
2023-03-28,0.71
2023-03-29,11.91
2023-03-30,3.8
2023-03-31,0.28
2023-04-01,2.42
2023-04-02,1.22
2023-04-03,4.03
2023-04-04,2.39
2023-04-05,0.3
2023-04-06,0.27
2023-04-07,0.08
2023-04-08,0.04
2023-04-09,0.05
2023-04-10,0.03
2023-04-11,0.03
2023-04-12,0.0
2023-04-13,0.0
2023-04-14,0.0
2023-04-15,0.0
2023-04-16,0.0
2023-04-17,0.0
2023-04-18,0.0
2023-04-19,0.0
2023-04-20,0.0
2023-04-21,0.78
2023-04-22,4.63
2023-04-23,2.52
2023-04-24,5.9
2023-04-25,2.95
2023-04-26,3.26
2023-04-27,1.34
2023-04-28,1.27
2023-04-29,10.13
2023-04-30,6.68
2023-05-01,20.78
2023-05-02,10.79
2023-05-03,2.29
2023-05-04,3.31
2023-05-05,3.59
2023-05-06,5.03
2023-05-07,1.22
2023-05-08,1.75
2023-05-09,2.85
2023-05-10,2.09
2023-05-11,7.31
2023-05-12,2.32
2023-05-13,0.36
2023-05-14,0.05
2023-05-15,0.03
2023-05-16,0.86
2023-05-17,2.54
2023-05-18,0.75
2023-05-19,2.11
2023-05-20,2.21
2023-05-21,5.57
2023-05-22,3.59
2023-05-23,1.14
2023-05-24,5.86
2023-05-25,3.02
2023-05-26,2.08
2023-05-27,0.93
2023-05-28,2.65
2023-05-29,5.18
2023-05-30,1.72
2023-05-31,5.33
2023-06-01,2.99
2023-06-02,5.39
2023-06-03,2.54
2023-06-04,4.45
2023-06-05,1.91
2023-06-06,3.64
2023-06-07,5.34
2023-06-08,8.4
2023-06-09,3.66
2023-06-10,4.1
2023-06-11,3.53
2023-06-12,6.6
2023-06-13,7.3
2023-06-14,3.13
2023-06-15,1.64
2023-06-16,1.47
2023-06-17,8.51
2023-06-18,4.69
2023-06-19,1.03
2023-06-20,9.78
2023-06-21,24.72
2023-06-22,15.73
2023-06-23,1.98
2023-06-24,4.47
2023-06-25,12.03
2023-06-26,0.86
2023-06-27,12.48
2023-06-28,2.4
2023-06-29,3.75
2023-06-30,0.98
2023-07-01,5.09
2023-07-02,7.64
2023-07-03,22.22
2023-07-04,18.98
2023-07-05,41.15
2023-07-06,26.21
2023-07-07,22.62
2023-07-08,5.64
2023-07-09,7.86
2023-07-10,2.15
2023-07-11,2.96
2023-07-12,2.04
2023-07-13,3.6
2023-07-14,1.81
2023-07-15,0.73
2023-07-16,1.98
2023-07-17,2.08
2023-07-18,5.65
2023-07-19,6.48
2023-07-20,4.38
2023-07-21,6.8
2023-07-22,14.51
2023-07-23,25.66
2023-07-24,24.01
2023-07-25,13.86
2023-07-26,14.22
2023-07-27,4.28
2023-07-28,2.02
2023-07-29,0.56
2023-07-30,0.45
2023-07-31,1.06
2023-08-01,0.61
2023-08-02,0.74
2023-08-03,0.91
2023-08-04,1.04
2023-08-05,1.64
2023-08-06,1.62
2023-08-07,0.56
2023-08-08,0.8
2023-08-09,1.34
2023-08-10,11.13
2023-08-11,5.23
2023-08-12,1.89
2023-08-13,0.4
2023-08-14,0.07
2023-08-15,0.04
2023-08-16,0.12
2023-08-17,0.88
2023-08-18,1.07
2023-08-19,2.62
2023-08-20,0.82
2023-08-21,0.33
2023-08-22,5.96
2023-08-23,2.69
2023-08-24,0.4
2023-08-25,0.01
2023-08-26,0.19
2023-08-27,0.5
2023-08-28,0.21
2023-08-29,4.6
2023-08-30,4.72
2023-08-31,3.44
2023-09-01,8.06
2023-09-02,6.99
2023-09-03,3.52
2023-09-04,1.87
2023-09-05,11.32
2023-09-06,15.97
2023-09-07,10.28
2023-09-08,3.56
2023-09-09,4.0
2023-09-10,12.16
2023-09-11,7.09
2023-09-12,2.65
2023-09-13,2.28
2023-09-14,11.9
2023-09-15,10.89
2023-09-16,10.18
2023-09-17,14.42
2023-09-18,11.28
2023-09-19,7.75
2023-09-20,1.76
2023-09-21,5.1
2023-09-22,9.16
2023-09-23,8.88
2023-09-24,2.51
2023-09-25,1.49
2023-09-26,2.42
2023-09-27,1.78
2023-09-28,12.17
2023-09-29,12.26
2023-09-30,15.7
2023-10-01,14.65
2023-10-02,6.07
2023-10-03,0.37
2023-10-04,0.01
2023-10-05,0.01
2023-10-06,0.01
2023-10-07,0.31
2023-10-08,3.89
2023-10-09,10.21
2023-10-10,10.47
2023-10-11,9.3
2023-10-12,5.43
2023-10-13,0.87
2023-10-14,12.04
2023-10-15,22.38
2023-10-16,5.85
2023-10-17,7.98
2023-10-18,1.53
2023-10-19,1.71
2023-10-20,1.74
2023-10-21,1.06
2023-10-22,0.54
2023-10-23,0.63
2023-10-24,0.74
2023-10-25,14.64
2023-10-26,2.77
2023-10-27,0.46
2023-10-28,0.89
2023-10-29,1.96
2023-10-30,4.63
2023-10-31,8.33
2023-11-01,14.16
2023-11-02,13.16
2023-11-03,7.24
2023-11-04,33.58
2023-11-05,6.39
2023-11-06,5.1
2023-11-07,10.08
2023-11-08,25.4
2023-11-09,11.81
2023-11-10,1.96
2023-11-11,0.36
2023-11-12,0.19
2023-11-13,0.07
2023-11-14,0.18
2023-11-15,0.16
2023-11-16,0.08
2023-11-17,0.47
2023-11-18,2.08
2023-11-19,1.44
2023-11-20,0.1
2023-11-21,4.58
2023-11-22,28.19
2023-11-23,9.4
2023-11-24,2.28
2023-11-25,2.62
2023-11-26,2.52
2023-11-27,1.26
2023-11-28,1.08
2023-11-29,1.41
2023-11-30,0.89
2023-12-01,0.21
2023-12-02,0.25
2023-12-03,1.49
2023-12-04,0.28
2023-12-05,0.01
2023-12-06,0.01
2023-12-07,3.88
2023-12-08,14.13
2023-12-09,18.36
2023-12-10,3.26
2023-12-11,2.53
2023-12-12,0.46
2023-12-13,0.05
2023-12-14,0.03
2023-12-15,0.11
2023-12-16,2.47
2023-12-17,5.79
2023-12-18,2.86
2023-12-19,0.75
2023-12-20,0.13
2023-12-21,0.49
2023-12-22,0.03
2023-12-23,0.0
2023-12-24,0.0
2023-12-25,0.15
2023-12-26,0.02
2023-12-27,0.0
2023-12-28,0.04
2023-12-29,0.37
2023-12-30,0.75
2023-12-31,0.0
2024-01-01,0.26
2024-01-02,2.71
2024-01-03,3.64
2024-01-04,20.23
2024-01-05,13.82
2024-01-06,4.15
2024-01-07,1.1
2024-01-08,7.82
2024-01-09,13.33
2024-01-10,0.39
2024-01-11,0.0
2024-01-12,0.0
2024-01-13,0.0
2024-01-14,0.0
2024-01-15,0.0
2024-01-16,0.01
2024-01-17,0.05
2024-01-18,0.02
2024-01-19,0.01
2024-01-20,0.08
2024-01-21,0.02
2024-01-22,0.0
2024-01-23,0.0
2024-01-24,0.08
2024-01-25,0.0
2024-01-26,0.0
2024-01-27,0.0
2024-01-28,0.0
2024-01-29,0.0
2024-01-30,0.0
2024-01-31,0.0
2024-02-01,0.0
2024-02-02,0.01
2024-02-03,0.12
2024-02-04,0.0
2024-02-05,0.0
2024-02-06,0.0
2024-02-07,0.0
2024-02-08,0.0
2024-02-09,0.0
2024-02-10,0.0
2024-02-11,0.0
2024-02-12,0.0
2024-02-13,0.0
2024-02-14,0.0
2024-02-15,0.0
2024-02-16,0.0
2024-02-17,0.0
2024-02-18,0.0
2024-02-19,0.0
2024-02-20,0.01
2024-02-21,0.05
2024-02-22,0.0
2024-02-23,0.0
2024-02-24,0.0
2024-02-25,0.0
2024-02-26,0.0
2024-02-27,0.0
2024-02-28,0.0
2024-02-29,0.0
2024-03-01,0.0
2024-03-02,0.0
2024-03-03,0.0
2024-03-04,0.0
2024-03-05,0.0
2024-03-06,0.0
2024-03-07,0.0
2024-03-08,0.0
2024-03-09,0.0
2024-03-10,0.0
2024-03-11,0.0
2024-03-12,0.0
2024-03-13,0.08
2024-03-14,0.08
2024-03-15,0.03
2024-03-16,0.01
2024-03-17,0.0
2024-03-18,0.03
2024-03-19,0.0
2024-03-20,0.0
2024-03-21,0.05
2024-03-22,0.17
2024-03-23,0.51
2024-03-24,0.11
2024-03-25,0.01
2024-03-26,0.06
2024-03-27,0.02
2024-03-28,0.02
2024-03-29,0.07
2024-03-30,0.03
2024-03-31,0.02
2024-04-01,0.01
2024-04-02,0.05
2024-04-03,0.12
2024-04-04,0.1
2024-04-05,0.13
2024-04-06,0.03
2024-04-07,0.08
2024-04-08,0.03
2024-04-09,0.05
2024-04-10,0.12
2024-04-11,10.43
2024-04-12,5.55
2024-04-13,1.14
2024-04-14,0.29
2024-04-15,0.07
2024-04-16,0.09
2024-04-17,0.0
2024-04-18,0.0
2024-04-19,0.14
2024-04-20,0.15
2024-04-21,0.35
2024-04-22,0.41
2024-04-23,0.1
2024-04-24,0.14
2024-04-25,0.04
2024-04-26,0.05
2024-04-27,0.02
2024-04-28,0.01
2024-04-29,0.01
2024-04-30,0.03
2024-05-01,0.08
2024-05-02,0.12
2024-05-03,1.13
2024-05-04,11.51
2024-05-05,2.1
2024-05-06,0.09
2024-05-07,2.55
2024-05-08,4.24
2024-05-09,6.62
2024-05-10,7.31
2024-05-11,5.75
2024-05-12,6.48
2024-05-13,17.69
2024-05-14,2.56
2024-05-15,5.48
2024-05-16,6.77
2024-05-17,10.52
2024-05-18,15.34
2024-05-19,30.83
2024-05-20,14.86
2024-05-21,22.08
2024-05-22,21.07
2024-05-23,24.26
2024-05-24,12.48
2024-05-25,5.59
2024-05-26,0.92
2024-05-27,0.68
2024-05-28,4.88
2024-05-29,4.39
2024-05-30,3.32
2024-05-31,2.43
2024-06-01,8.24
2024-06-02,11.86
2024-06-03,3.5
2024-06-04,3.05
2024-06-05,6.59
2024-06-06,27.81
2024-06-07,11.69
2024-06-08,9.8
2024-06-09,8.61
2024-06-10,8.27
2024-06-11,6.33
2024-06-12,5.78
2024-06-13,1.69
2024-06-14,2.65
2024-06-15,0.89
2024-06-16,4.64
2024-06-17,8.65
2024-06-18,5.4
2024-06-19,4.62
2024-06-20,3.09
2024-06-21,3.37
2024-06-22,10.18
2024-06-23,24.5
2024-06-24,10.72
2024-06-25,96.72
2024-06-26,12.83
2024-06-27,5.02
2024-06-28,5.7
2024-06-29,10.95
2024-06-30,5.73
2024-07-01,13.64
2024-07-02,3.01
2024-07-03,10.0
2024-07-04,2.93
2024-07-05,2.92
2024-07-06,8.13
2024-07-07,5.8
2024-07-08,12.79
2024-07-09,4.62
2024-07-10,3.73
2024-07-11,1.73
2024-07-12,17.34
2024-07-13,16.86
2024-07-14,22.06
2024-07-15,42.11
2024-07-16,30.15
2024-07-17,28.95
2024-07-18,16.62
2024-07-19,17.68
2024-07-20,5.27
2024-07-21,1.62
2024-07-22,5.97
2024-07-23,5.0
2024-07-24,5.67
2024-07-25,23.33
2024-07-26,15.09
2024-07-27,6.33
2024-07-28,7.63
2024-07-29,52.62
2024-07-30,27.53
2024-07-31,19.56
2024-08-01,14.85
2024-08-02,7.31
2024-08-03,4.53
2024-08-04,6.42
2024-08-05,5.64
2024-08-06,5.68
2024-08-07,3.04
2024-08-08,1.84
2024-08-09,3.21
2024-08-10,8.96
2024-08-11,5.68
2024-08-12,4.34
2024-08-13,23.84
2024-08-14,4.01
2024-08-15,4.24
2024-08-16,3.47
2024-08-17,0.34
2024-08-18,1.37
2024-08-19,5.6
2024-08-20,10.59
2024-08-21,6.45
2024-08-22,1.15
2024-08-23,0.18
2024-08-24,1.77
2024-08-25,2.06
2024-08-26,2.71
2024-08-27,2.7
2024-08-28,6.34
2024-08-29,11.23
2024-08-30,9.57
2024-08-31,7.5
2024-09-01,8.27
2024-09-02,7.03
2024-09-03,5.33
2024-09-04,4.47
2024-09-05,2.86
2024-09-06,1.93
2024-09-07,2.18
2024-09-08,7.01
2024-09-09,5.58
2024-09-10,6.53
2024-09-11,4.76
2024-09-12,2.06
2024-09-13,0.19
2024-09-14,0.78
2024-09-15,0.25
2024-09-16,0.14
2024-09-17,0.2
2024-09-18,0.07
2024-09-19,0.11
2024-09-20,0.38
2024-09-21,0.4
2024-09-22,2.95
2024-09-23,3.92
2024-09-24,6.34
2024-09-25,1.24
2024-09-26,1.38
2024-09-27,1.02
2024-09-28,4.05
2024-09-29,11.38
2024-09-30,2.43
2024-10-01,1.16
2024-10-02,2.87
2024-10-03,0.96
2024-10-04,3.64
2024-10-05,9.7
2024-10-06,10.92
2024-10-07,15.44
2024-10-08,8.07
2024-10-09,10.7
2024-10-10,1.84
2024-10-11,10.42
2024-10-12,6.11
2024-10-13,16.76
2024-10-14,7.39
2024-10-15,20.92
2024-10-16,14.3
2024-10-17,1.88
2024-10-18,3.73
2024-10-19,3.52
2024-10-20,4.86
2024-10-21,4.57
2024-10-22,8.16
2024-10-23,12.46
2024-10-24,8.91
2024-10-25,3.04
2024-10-26,2.15
2024-10-27,0.2
2024-10-28,0.84
2024-10-29,0.36
2024-10-30,0.11
2024-10-31,5.8
2024-11-01,8.39
2024-11-02,8.27
2024-11-03,13.3
2024-11-04,15.49
2024-11-05,1.64
2024-11-06,0.12
2024-11-07,1.79
2024-11-08,1.04
2024-11-09,0.11
2024-11-10,0.04
2024-11-11,0.07
2024-11-12,0.31
2024-11-13,1.78
2024-11-14,5.42
2024-11-15,13.94
2024-11-16,9.33
2024-11-17,3.62
2024-11-18,0.47
2024-11-19,0.99
2024-11-20,0.08
2024-11-21,0.02
2024-11-22,0.01
2024-11-23,0.02
2024-11-24,0.01
2024-11-25,0.0
2024-11-26,1.68
2024-11-27,0.93
2024-11-28,0.02
2024-11-29,0.41
2024-11-30,1.04
2024-12-01,18.56
2024-12-02,40.01
2024-12-03,29.4
2024-12-04,0.74
2024-12-05,1.09
2024-12-06,0.13
2024-12-07,0.72
2024-12-08,0.26
2024-12-09,0.06
2024-12-10,0.23
2024-12-11,0.1
2024-12-12,5.16
2024-12-13,10.07
2024-12-14,0.77
2024-12-15,0.11
2024-12-16,0.0
2024-12-17,0.0
2024-12-18,0.0
2024-12-19,0.0
2024-12-20,0.0
2024-12-21,0.1
2024-12-22,0.02
2024-12-23,0.07
2024-12-24,0.03
2024-12-25,0.01
2024-12-26,4.27
2024-12-27,4.32
2024-12-28,0.08
2024-12-29,0.0
2024-12-30,0.28
2024-12-31,0.05
2025-01-01,0.0
2025-01-02,0.0
2025-01-03,0.0
2025-01-04,0.0
2025-01-05,0.0
2025-01-06,0.0
2025-01-07,0.0
2025-01-08,0.0
2025-01-09,0.0
2025-01-10,0.01
2025-01-11,0.02
2025-01-12,0.02
2025-01-13,3.13
2025-01-14,2.64
2025-01-15,0.15
2025-01-16,0.0
2025-01-17,0.0
2025-01-18,1.11
2025-01-19,2.98
2025-01-20,0.85
2025-01-21,0.03
2025-01-22,0.0
2025-01-23,0.0
2025-01-24,0.0
2025-01-25,0.0
2025-01-26,0.0
2025-01-27,0.0
2025-01-28,0.0
2025-01-29,0.0
2025-01-30,0.0
2025-01-31,0.02
2025-02-01,0.02
2025-02-02,0.01
2025-02-03,0.01
2025-02-04,0.0
2025-02-05,0.0
2025-02-06,0.0
2025-02-07,0.0
2025-02-08,0.0
2025-02-09,0.0
2025-02-10,0.0
2025-02-11,0.0
2025-02-12,0.0
2025-02-13,0.0
2025-02-14,0.0
2025-02-15,0.0
2025-02-16,0.0
2025-02-17,0.0
2025-02-18,0.0
2025-02-19,0.0
2025-02-20,0.0
2025-02-21,0.0
2025-02-22,0.0
2025-02-23,0.0
2025-02-24,0.0
2025-02-25,0.0
2025-02-26,0.0
2025-02-27,0.0
2025-02-28,0.02
2025-03-01,1.12
2025-03-02,1.97
2025-03-03,3.63
2025-03-04,0.1
2025-03-05,0.12
2025-03-06,0.19
2025-03-07,0.75
2025-03-08,0.66
2025-03-09,0.17
2025-03-10,0.06
2025-03-11,11.38
2025-03-12,8.66
2025-03-13,1.73
2025-03-14,0.15
2025-03-15,0.22
2025-03-16,3.43
2025-03-17,7.98
2025-03-18,0.79
2025-03-19,0.7
2025-03-20,0.28
2025-03-21,0.38
2025-03-22,3.85
2025-03-23,3.14
2025-03-24,0.88
2025-03-25,0.99
2025-03-26,2.74
2025-03-27,1.69
2025-03-28,0.04
2025-03-29,0.03
2025-03-30,0.0
2025-03-31,0.01
2025-04-01,0.74
2025-04-02,10.03
2025-04-03,15.88
2025-04-04,11.0
2025-04-05,11.65
2025-04-06,3.51
2025-04-07,1.3
2025-04-08,0.77
2025-04-09,1.82
2025-04-10,1.5
2025-04-11,0.99
2025-04-12,1.17
2025-04-13,1.18
2025-04-14,4.09
2025-04-15,1.3
2025-04-16,0.48
2025-04-17,0.25
2025-04-18,2.93
2025-04-19,2.74
2025-04-20,0.19
2025-04-21,0.38
2025-04-22,4.28
2025-04-23,4.12
2025-04-24,3.51
2025-04-25,1.97
2025-04-26,0.55
2025-04-27,0.65
2025-04-28,0.92
2025-04-29,0.92
2025-04-30,5.55
2025-05-01,5.01
2025-05-02,4.6
2025-05-03,2.42
2025-05-04,0.45
2025-05-05,0.5
2025-05-06,0.73
2025-05-07,3.95
2025-05-08,3.2
2025-05-09,0.01
2025-05-10,0.05
2025-05-11,2.82
2025-05-12,4.15
2025-05-13,4.79
2025-05-14,4.05
2025-05-15,8.19
2025-05-16,4.06
2025-05-17,6.8
2025-05-18,13.23
2025-05-19,15.56
2025-05-20,21.89
2025-05-21,3.34
2025-05-22,1.67
2025-05-23,13.52
2025-05-24,39.62
2025-05-25,48.64
2025-05-26,41.76
2025-05-27,38.54
2025-05-28,23.61
2025-05-29,10.53
2025-05-30,35.35
2025-05-31,2.44
2025-06-01,1.83
2025-06-02,3.69
2025-06-03,5.13
2025-06-04,4.17
2025-06-05,1.33
2025-06-06,0.2
2025-06-07,0.17
2025-06-08,2.25
2025-06-09,1.8
2025-06-10,8.47
2025-06-11,9.27
2025-06-12,5.78
2025-06-13,16.04
2025-06-14,20.87
2025-06-15,30.39
2025-06-16,16.93
2025-06-17,18.55
2025-06-18,8.84
2025-06-19,8.83
2025-06-20,3.47
2025-06-21,2.9
2025-06-22,14.1
2025-06-23,21.3
2025-06-24,9.61
2025-06-25,18.24
2025-06-26,14.42
2025-06-27,16.51
2025-06-28,4.87
2025-06-29,2.88
2025-06-30,3.87
2025-07-01,5.71
2025-07-02,16.34
2025-07-03,3.2
2025-07-04,5.91
2025-07-05,5.03
2025-07-06,10.72
2025-07-07,6.64
2025-07-08,4.43
2025-07-09,4.03
2025-07-10,4.18
2025-07-11,5.65
2025-07-12,4.85
2025-07-13,10.52
2025-07-14,11.51
2025-07-15,6.19
2025-07-16,22.05
2025-07-17,10.75
2025-07-18,6.81
2025-07-19,16.5
2025-07-20,8.32
2025-07-21,10.59
2025-07-22,7.55
2025-07-23,10.0
2025-07-24,10.23
2025-07-25,14.97
2025-07-26,22.38
2025-07-27,7.8
2025-07-28,1.6
2025-07-29,1.83
2025-07-30,3.41
2025-07-31,2.29
2025-08-01,1.99
2025-08-02,12.83
2025-08-03,7.06
2025-08-04,6.9
2025-08-05,11.74
2025-08-06,4.25
2025-08-07,0.4
2025-08-08,0.14
2025-08-09,3.49
2025-08-10,1.25
2025-08-11,1.84
2025-08-12,2.48
2025-08-13,4.45
2025-08-14,9.0
2025-08-15,8.54
2025-08-16,21.88
2025-08-17,17.65
2025-08-18,5.32
2025-08-19,3.75
2025-08-20,0.83
2025-08-21,0.35
2025-08-22,1.52
2025-08-23,0.11
2025-08-24,0.11
2025-08-25,0.03
2025-08-26,2.94
2025-08-27,12.46
2025-08-28,22.26
2025-08-29,9.62
2025-08-30,5.13
2025-08-31,5.25
2025-09-01,1.45
2025-09-02,0.9
2025-09-03,10.04
2025-09-04,10.89
2025-09-05,4.82
2025-09-06,3.26
2025-09-07,0.74
2025-09-08,0.22
2025-09-09,0.75
2025-09-10,3.98
2025-09-11,2.67
2025-09-12,0.25
2025-09-13,0.58
2025-09-14,0.55
2025-09-15,1.1
2025-09-16,1.35
2025-09-17,4.53
2025-09-18,5.22
2025-09-19,3.67
2025-09-20,3.32
2025-09-21,2.3
2025-09-22,2.0
2025-09-23,1.43
2025-09-24,1.75
2025-09-25,2.95
2025-09-26,7.03
2025-09-27,4.84
2025-09-28,8.03
2025-09-29,1.95
2025-09-30,0.38
2025-10-01,0.68
2025-10-02,0.89
2025-10-03,7.09
2025-10-04,0.41
2025-10-05,3.93
2025-10-06,0.94
2025-10-07,0.09
2025-10-08,0.78
2025-10-09,2.83
2025-10-10,5.07
2025-10-11,7.1
2025-10-12,7.77
2025-10-13,5.97
2025-10-14,13.22
2025-10-15,14.97
2025-10-16,10.33
2025-10-17,20.5
2025-10-18,21.25
2025-10-19,24.7
2025-10-20,12.3
2025-10-21,6.27
2025-10-22,15.9
2025-10-23,6.36
2025-10-24,6.89
2025-10-25,1.91
2025-10-26,2.46
2025-10-27,9.89
2025-10-28,4.17
2025-10-29,3.31
2025-10-30,1.29
2025-10-31,0.15
2025-11-01,0.0
2025-11-02,0.01
2025-11-03,0.0
2025-11-04,0.05
2025-11-05,2.75
2025-11-06,1.45
2025-11-07,0.65
2025-11-08,0.27
2025-11-09,0.02
2025-11-10,0.08
2025-11-11,1.77
2025-11-12,1.17
2025-11-13,1.22
2025-11-14,3.56
2025-11-15,0.63
2025-11-16,0.05
2025-11-17,1.21
2025-11-18,8.59
2025-11-19,1.82
2025-11-20,0.42
2025-11-21,0.89
2025-11-22,8.98
2025-11-23,7.66
2025-11-24,5.18
2025-11-25,0.28
2025-11-26,0.08
2025-11-27,0.01
2025-11-28,0.02
2025-11-29,1.19
2025-11-30,0.95
2025-12-01,2.12
2025-12-02,1.72
2025-12-03,4.5
2025-12-04,3.94
2025-12-05,1.22
2025-12-06,0.03
2025-12-07,0.01
2025-12-08,0.0
2025-12-09,0.0
2025-12-10,0.0
2025-12-11,0.0
2025-12-12,0.0
2025-12-13,0.0
2025-12-14,0.0
2025-12-15,0.0
2025-12-16,2.89
2025-12-17,0.61
2025-12-18,0.0
2025-12-19,0.0
2025-12-20,0.0
2025-12-21,0.0
2025-12-22,0.0
2025-12-23,0.0
2025-12-24,0.0
2025-12-25,0.0
2025-12-26,0.0
2025-12-27,0.0
2025-12-28,0.0
2025-12-29,0.0
2025-12-30,0.01
2025-12-31,0.19
