date,rain,T2M,RH2M,PS,WS2M,T2MDEW
1995-01-01,0.0,16.84,22.02,99.58,1.28,-5.7
1995-01-02,0.0,17.12,24.28,99.38,2.28,-3.74
1995-01-03,0.0,14.36,25.07,99.45,2.21,-5.82
1995-01-04,0.0,13.43,25.52,99.77,2.61,-6.46
1995-01-05,0.0,14.37,21.95,99.95,2.39,-7.4
1995-01-06,0.0,14.28,23.87,100.02,3.36,-6.51
1995-01-07,0.0,14.09,24.71,99.85,3.56,-6.41
1995-01-08,0.0,13.77,26.79,99.33,2.87,-5.71
1995-01-09,0.0,14.53,29.34,99.29,2.96,-3.52
1995-01-10,0.56,15.2,34.06,99.7,2.21,-1.58
1995-01-11,0.0,14.4,40.56,99.98,2.42,0.08
1995-01-12,0.0,14.99,35.13,99.89,2.16,-1.3
1995-01-13,0.5,16.71,41.81,99.54,2.84,2.86
1995-01-14,13.67,13.96,80.08,99.53,3.17,10.52
1995-01-15,2.08,12.52,73.34,99.88,2.69,7.32
1995-01-16,1.75,12.12,59.36,100.11,1.8,3.7
1995-01-17,0.0,11.94,48.39,100.39,2.69,0.13
1995-01-18,0.0,12.46,35.4,100.35,1.91,-3.33
1995-01-19,0.0,14.81,30.17,99.94,1.49,-3.6
1995-01-20,0.0,17.41,40.04,99.54,2.39,3.45
1995-01-21,0.0,15.24,26.87,99.54,1.97,-5.22
1995-01-22,0.0,15.6,24.93,99.68,1.74,-5.71
1995-01-23,0.0,18.1,32.69,99.59,2.43,0.14
1995-01-24,0.0,17.22,44.47,99.55,2.4,2.33
1995-01-25,0.0,15.9,31.32,99.76,2.08,-1.92
1995-01-26,0.0,18.24,32.28,99.87,2.1,0.69
1995-01-27,0.0,19.36,32.77,99.76,1.96,1.58
1995-01-28,0.0,19.9,34.44,99.87,1.68,3.42
1995-01-29,0.0,19.47,29.72,99.95,1.32,-0.37
1995-01-30,0.0,20.02,20.73,99.82,1.06,-3.46
1995-01-31,0.0,20.53,24.63,99.75,1.39,-0.67
1995-02-01,0.0,20.52,23.14,99.79,1.26,-1.85
1995-02-02,0.0,20.51,19.07,99.6,1.46,-4.73
1995-02-03,0.0,19.56,20.15,99.49,1.44,-4.44
1995-02-04,0.0,18.47,19.42,99.67,2.35,-6.12
1995-02-05,0.0,19.0,21.53,100.04,2.76,-4.22
1995-02-06,0.0,21.7,18.99,100.01,1.25,-3.5
1995-02-07,0.0,22.95,19.97,99.8,2.27,-1.88
1995-02-08,0.0,23.66,23.42,99.46,2.19,1.0
1995-02-09,0.0,24.94,25.05,99.21,1.52,3.12
1995-02-10,0.0,23.39,31.85,99.08,3.01,4.4
1995-02-11,0.0,22.71,46.75,99.03,3.34,8.74
1995-02-12,0.0,20.93,38.56,99.12,2.4,4.05
1995-02-13,0.08,19.19,49.77,99.08,2.81,7.46
1995-02-14,0.14,19.04,41.93,99.05,3.08,2.93
1995-02-15,0.51,18.12,20.61,99.3,1.93,-5.99
1995-02-16,0.07,20.03,18.3,99.24,2.15,-6.44
1995-02-17,0.0,19.06,26.93,98.99,2.84,-3.52
1995-02-18,0.0,19.48,20.17,99.06,2.62,-5.04
1995-02-19,0.0,19.59,14.89,99.15,1.88,-8.4
1995-02-20,0.18,19.72,20.23,99.37,2.04,-4.42
1995-02-21,0.0,16.78,40.9,99.43,2.26,3.19
1995-02-22,0.0,17.06,36.9,99.24,2.5,-0.33
1995-02-23,3.61,17.81,24.08,99.3,2.06,-3.87
1995-02-24,0.0,19.5,21.48,99.37,2.21,-4.08
1995-02-25,0.0,19.08,38.31,99.25,2.79,3.48
1995-02-26,0.04,19.89,45.78,99.07,2.35,7.07
1995-02-27,0.43,16.85,36.96,99.11,2.92,-0.72
1995-02-28,0.01,16.15,17.73,99.35,1.72,-9.04
1995-03-01,0.0,17.89,19.78,99.6,3.33,-6.0
1995-03-02,0.0,18.57,21.83,99.76,2.18,-4.15
1995-03-03,0.0,19.58,19.38,99.74,1.41,-5.4
1995-03-04,0.0,20.8,13.39,99.41,1.01,-8.33
1995-03-05,0.0,20.74,19.44,99.11,2.77,-4.08
1995-03-06,0.01,20.71,11.6,99.17,1.66,-10.56
1995-03-07,0.0,21.05,10.64,99.28,1.46,-10.86
1995-03-08,0.01,19.16,13.33,99.44,2.18,-10.26
1995-03-09,0.0,17.89,15.01,99.5,2.85,-9.97
1995-03-10,0.0,19.61,18.72,99.63,2.0,-6.81
1995-03-11,0.0,20.36,13.15,99.72,1.43,-9.15
1995-03-12,0.0,21.39,12.58,99.62,2.39,-8.83
1995-03-13,0.0,22.78,14.02,99.43,1.78,-6.43
1995-03-14,0.0,23.47,15.22,99.39,3.25,-4.72
1995-03-15,0.0,22.0,25.74,99.29,3.76,0.35
1995-03-16,0.0,22.74,43.81,99.38,2.65,6.58
1995-03-17,0.0,24.95,21.83,99.35,1.0,0.77
1995-03-18,0.0,24.83,19.74,99.34,1.83,-0.57
1995-03-19,0.0,26.75,30.27,99.44,2.69,7.06
1995-03-20,0.0,27.08,26.8,99.46,2.16,5.59
1995-03-21,0.0,27.98,24.5,99.36,1.25,5.15
1995-03-22,0.0,29.08,23.6,99.11,1.83,5.73
1995-03-23,0.0,27.88,31.46,98.79,2.89,8.53
1995-03-24,0.15,27.2,42.18,98.65,4.45,12.14
1995-03-25,0.26,26.63,31.18,98.58,3.47,4.77
1995-03-26,0.23,26.31,19.24,98.78,2.04,-0.02
1995-03-27,0.01,27.1,25.22,98.83,1.96,4.08
1995-03-28,0.0,26.6,29.76,98.44,4.77,5.75
1995-03-29,0.0,23.99,16.14,98.53,2.9,-4.15
1995-03-30,0.0,24.58,11.53,98.7,2.14,-7.84
1995-03-31,0.0,25.13,10.47,98.9,1.77,-8.6
1995-04-01,0.0,25.5,12.4,99.04,2.55,-5.97
1995-04-02,0.0,25.5,12.79,99.18,1.98,-6.2
1995-04-03,0.0,26.0,11.31,99.37,1.89,-7.22
1995-04-04,0.0,28.39,8.86,99.03,2.02,-7.9
1995-04-05,0.0,28.72,19.01,98.66,2.24,-0.22
1995-04-06,0.0,29.81,15.61,98.75,1.93,-0.24
1995-04-07,0.0,28.45,24.81,98.63,2.99,3.86
1995-04-08,0.0,28.32,34.76,98.22,4.52,9.36
1995-04-09,0.0,27.25,25.78,98.47,4.3,2.67
1995-04-10,0.0,27.49,19.19,99.14,1.47,0.86
1995-04-11,0.01,28.35,20.33,99.34,2.2,2.21
1995-04-12,0.0,29.51,12.95,99.2,1.94,-3.18
1995-04-13,0.0,30.09,8.91,98.7,2.75,-6.77
1995-04-14,0.0,29.28,32.2,98.36,4.39,8.89
1995-04-15,0.0,29.22,40.71,98.59,3.56,12.64
1995-04-16,0.0,28.55,38.25,98.72,2.58,12.15
1995-04-17,0.13,26.91,52.47,98.91,4.47,15.99
1995-04-18,1.13,27.08,46.81,99.14,1.99,14.35
1995-04-19,0.0,28.17,37.22,99.13,1.89,11.11
1995-04-20,0.0,29.76,26.91,98.95,2.07,7.76
1995-04-21,0.0,31.43,22.4,98.69,2.85,6.72
1995-04-22,0.0,31.38,23.99,98.63,4.03,6.03
1995-04-23,0.09,32.46,34.88,98.76,1.58,13.91
1995-04-24,0.0,32.16,31.52,98.63,1.81,12.8
1995-04-25,0.0,32.15,26.67,98.57,3.06,8.79
1995-04-26,0.0,30.75,31.71,98.67,3.88,10.88
1995-04-27,0.01,30.12,37.24,98.83,2.13,12.11
1995-04-28,0.0,32.0,20.38,98.83,2.17,5.64
1995-04-29,0.0,31.92,23.71,98.77,2.1,7.85
1995-04-30,0.22,32.07,22.07,98.7,1.68,7.13
1995-05-01,0.0,33.04,16.7,98.48,1.56,3.71
1995-05-02,0.74,33.64,15.07,98.64,1.27,3.0
1995-05-03,0.0,34.41,12.33,98.72,1.72,0.62
1995-05-04,0.0,35.04,10.95,98.5,2.05,-0.24
1995-05-05,0.0,35.21,15.44,98.24,2.31,3.95
1995-05-06,0.0,35.7,22.23,98.34,3.48,8.79
1995-05-07,0.0,36.2,18.24,98.48,3.86,6.93
1995-05-08,0.0,36.57,14.3,98.42,3.04,3.62
1995-05-09,0.0,37.05,12.97,98.08,3.45,2.87
1995-05-10,0.0,38.28,17.11,97.9,2.37,5.83
1995-05-11,0.0,37.94,11.58,98.03,2.17,2.08
1995-05-12,0.0,37.51,12.37,98.22,2.07,3.01
1995-05-13,0.0,38.59,12.94,97.98,2.2,4.59
1995-05-14,0.0,38.6,11.47,97.58,2.5,1.8
1995-05-15,0.0,37.86,13.36,97.45,3.97,4.18
1995-05-16,0.0,34.68,24.71,97.69,6.96,9.4
1995-05-17,0.0,32.87,38.87,97.73,7.59,15.35
1995-05-18,0.0,33.31,29.88,97.74,5.37,6.06
1995-05-19,0.0,32.21,19.3,98.0,6.14,2.5
1995-05-20,0.0,31.5,36.51,98.47,5.6,12.04
1995-05-21,0.0,32.35,33.02,98.43,5.2,11.99
1995-05-22,0.0,31.54,30.76,98.25,5.09,9.92
1995-05-23,0.0,31.49,29.71,98.48,3.18,9.6
1995-05-24,0.0,32.83,27.92,98.62,3.66,10.36
1995-05-25,0.0,33.12,28.55,98.66,2.32,9.82
1995-05-26,2.29,33.94,16.27,98.78,2.36,3.77
1995-05-27,0.0,34.39,8.69,98.71,1.9,-4.41
1995-05-28,0.0,35.16,13.87,98.52,3.01,2.88
1995-05-29,0.0,35.33,12.9,98.35,2.67,0.69
1995-05-30,0.0,36.09,15.18,98.23,2.49,4.42
1995-05-31,0.0,36.55,18.54,98.21,3.03,8.01
1995-06-01,0.0,36.56,21.62,98.17,4.17,8.9
1995-06-02,0.0,36.71,22.63,98.06,3.21,10.01
1995-06-03,0.0,37.11,10.69,98.03,2.19,0.64
1995-06-04,0.0,38.1,12.58,98.02,2.04,4.01
1995-06-05,0.0,37.49,13.24,97.96,3.08,3.71
1995-06-06,0.0,36.28,25.16,97.87,3.35,10.55
1995-06-07,0.0,37.05,27.04,97.79,4.45,11.79
1995-06-08,0.0,37.66,22.85,97.62,5.47,8.91
1995-06-09,0.0,36.0,33.57,97.57,5.98,14.98
1995-06-10,0.0,35.52,37.83,97.54,7.14,17.06
1995-06-11,0.0,35.58,39.19,97.51,7.15,18.09
1995-06-12,0.0,35.64,38.7,97.52,6.58,17.44
1995-06-13,0.0,36.0,34.67,97.67,5.99,16.11
1995-06-14,0.0,36.01,32.28,97.91,4.29,15.56
1995-06-15,0.0,37.84,30.48,97.87,4.48,16.65
1995-06-16,0.0,36.83,40.53,97.84,7.11,20.86
1995-06-17,0.0,36.68,42.73,97.57,6.82,20.97
1995-06-18,0.0,35.79,45.03,97.59,8.57,20.9
1995-06-19,0.0,35.73,44.65,97.69,8.27,20.79
1995-06-20,0.0,35.17,45.71,97.73,7.71,20.91
1995-06-21,0.09,35.7,37.97,97.74,5.86,17.0
1995-06-22,21.13,31.34,57.51,97.97,3.54,21.68
1995-06-23,2.0,32.32,52.43,98.05,2.62,20.66
1995-06-24,0.28,34.19,42.62,97.97,4.56,18.92
1995-06-25,1.35,34.56,42.92,98.07,3.82,19.33
1995-06-26,0.0,36.5,40.41,97.94,3.86,19.78
1995-06-27,0.0,36.85,34.76,97.75,4.39,17.29
1995-06-28,0.0,37.59,32.58,97.59,4.03,16.66
1995-06-29,0.0,38.96,30.96,97.43,4.84,16.87
1995-06-30,0.0,37.93,34.17,97.3,5.31,16.84
1995-07-01,0.0,36.04,40.65,97.2,7.37,19.04
1995-07-02,0.0,35.54,42.33,97.21,7.9,19.16
1995-07-03,0.0,34.6,44.84,97.49,7.82,19.36
1995-07-04,0.0,34.37,44.36,97.63,7.33,19.37
1995-07-05,0.0,34.48,44.6,97.54,6.11,19.65
1995-07-06,0.0,34.93,43.69,97.65,5.44,19.77
1995-07-07,0.0,35.16,41.31,97.69,6.51,19.06
1995-07-08,0.0,34.76,40.61,97.68,6.09,18.29
1995-07-09,0.0,34.95,41.42,97.7,5.5,19.09
1995-07-10,0.0,35.84,38.82,97.49,5.13,18.85
1995-07-11,0.0,36.54,37.5,97.54,4.34,18.98
1995-07-12,0.03,38.27,33.51,97.62,2.13,18.98
1995-07-13,1.47,38.05,33.81,97.61,3.67,18.88
1995-07-14,0.77,37.35,39.52,97.67,4.32,20.75
1995-07-15,0.25,37.31,41.2,97.53,4.92,21.06
1995-07-16,2.22,35.69,45.66,97.47,3.94,21.72
1995-07-17,0.17,35.28,47.75,97.46,3.88,22.2
1995-07-18,0.03,36.16,45.24,97.48,3.69,21.89
1995-07-19,0.39,33.14,55.33,97.51,3.86,22.91
1995-07-20,3.41,32.69,58.09,97.46,5.13,23.29
1995-07-21,10.04,30.41,70.73,97.71,3.04,24.45
1995-07-22,57.37,29.15,80.28,97.9,3.08,25.36
1995-07-23,2.55,29.96,72.57,98.08,3.15,24.13
1995-07-24,4.06,31.24,64.87,97.98,2.42,23.61
1995-07-25,0.56,32.76,57.62,97.75,1.36,22.9
1995-07-26,43.63,30.93,69.99,97.65,2.88,24.65
1995-07-27,23.1,28.06,86.79,97.84,4.41,25.63
1995-07-28,2.02,30.35,70.92,97.98,2.95,24.07
1995-07-29,0.03,31.87,62.42,97.83,2.15,23.25
1995-07-30,0.02,32.67,58.74,97.69,1.63,23.0
1995-07-31,8.8,32.74,58.18,97.74,1.57,23.08
1995-08-01,0.16,32.21,61.92,97.8,4.0,23.4
1995-08-02,0.25,32.34,58.7,97.56,4.85,22.59
1995-08-03,0.01,32.06,59.28,97.48,3.35,22.43
1995-08-04,0.86,33.11,56.6,97.74,1.63,22.79
1995-08-05,0.12,33.68,55.85,97.88,2.05,23.27
1995-08-06,0.55,33.2,55.41,97.69,5.05,22.32
1995-08-07,0.26,31.87,59.57,97.56,6.09,22.26
1995-08-08,0.0,31.78,59.33,97.55,4.4,22.15
1995-08-09,0.0,31.74,57.39,97.87,2.57,21.7
1995-08-10,0.0,33.92,50.1,98.12,1.39,21.45
1995-08-11,0.02,33.65,52.83,98.33,2.23,22.41
1995-08-12,2.96,32.44,57.66,98.06,6.22,22.65
1995-08-13,1.61,31.11,60.65,97.38,8.54,21.85
1995-08-14,0.0,31.73,57.85,97.42,7.02,21.31
1995-08-15,0.0,31.75,58.43,97.94,5.97,21.78
1995-08-16,0.0,31.29,57.25,98.1,4.85,21.11
1995-08-17,0.0,31.39,55.37,98.28,3.95,20.84
1995-08-18,0.0,31.69,55.09,98.37,3.56,21.09
1995-08-19,0.0,31.9,56.58,98.29,3.6,21.62
1995-08-20,0.0,32.17,57.41,98.14,4.93,22.17
1995-08-21,0.0,31.95,56.9,98.14,3.48,21.7
1995-08-22,0.03,32.31,53.91,98.19,2.98,21.15
1995-08-23,0.01,32.53,50.08,98.18,2.18,20.06
1995-08-24,0.0,33.02,47.48,98.21,2.46,19.52
1995-08-25,0.04,33.92,45.68,98.14,1.99,19.72
1995-08-26,18.49,32.64,57.85,97.97,2.45,22.83
1995-08-27,9.48,31.14,68.76,97.91,2.03,24.36
1995-08-28,12.16,31.57,67.63,97.9,1.53,24.56
1995-08-29,0.73,32.86,58.53,97.74,1.91,22.98
1995-08-30,0.01,33.92,49.06,97.72,2.67,20.86
1995-08-31,0.08,33.77,46.72,97.82,1.91,19.93
1995-09-01,0.05,33.57,46.42,97.88,1.69,19.75
1995-09-02,0.01,33.86,42.77,97.79,2.1,18.53
1995-09-03,0.18,33.7,46.72,97.6,2.02,19.43
1995-09-04,0.04,32.57,36.51,97.62,3.07,14.36
1995-09-05,0.0,30.22,46.43,97.94,4.79,16.18
1995-09-06,0.0,30.45,42.95,98.35,3.62,15.17
1995-09-07,0.0,30.25,40.96,98.42,3.19,14.36
1995-09-08,0.0,31.01,41.52,98.48,3.18,15.45
1995-09-09,0.0,31.02,45.4,98.64,2.92,16.95
1995-09-10,0.0,31.45,44.65,98.72,2.6,17.23
1995-09-11,0.0,32.1,43.04,98.75,1.9,17.26
1995-09-12,0.0,32.71,40.67,98.85,1.22,16.79
1995-09-13,0.0,32.54,39.01,98.75,2.45,15.84
1995-09-14,0.0,32.23,41.32,98.5,3.47,15.72
1995-09-15,0.0,31.59,41.76,98.48,3.62,15.39
1995-09-16,0.0,31.76,38.31,98.5,3.38,13.91
1995-09-17,0.0,32.2,33.13,98.6,2.14,12.25
1995-09-18,0.0,32.21,27.22,98.57,1.96,8.95
1995-09-19,0.0,31.34,33.72,98.44,2.47,11.29
1995-09-20,0.0,31.16,37.86,98.48,2.97,12.62
1995-09-21,0.0,30.88,44.75,98.45,3.29,15.82
1995-09-22,0.0,31.19,46.68,98.34,4.62,16.86
1995-09-23,0.0,30.08,48.88,98.33,3.77,16.88
1995-09-24,0.0,31.29,47.23,98.54,2.71,17.48
1995-09-25,0.0,32.54,41.06,98.62,1.62,16.86
1995-09-26,0.0,33.0,37.9,98.62,1.85,15.85
1995-09-27,0.0,33.03,37.57,98.66,2.34,15.98
1995-09-28,0.0,32.87,38.16,98.58,3.41,15.99
1995-09-29,0.0,31.41,38.51,98.63,2.85,14.43
1995-09-30,0.0,31.27,38.52,98.68,2.24,14.19
1995-10-01,0.0,31.45,32.73,98.73,2.34,11.46
1995-10-02,0.0,31.33,33.51,98.82,2.15,11.71
1995-10-03,0.0,31.51,34.53,98.71,2.77,12.08
1995-10-04,0.0,31.28,40.59,98.63,3.5,14.78
1995-10-05,0.0,31.39,29.68,98.75,1.85,9.88
1995-10-06,0.0,30.84,25.02,98.81,1.8,7.65
1995-10-07,0.0,30.78,30.68,98.85,1.91,10.71
1995-10-08,0.0,31.32,28.12,98.89,1.94,9.89
1995-10-09,0.0,31.51,26.82,98.94,1.4,9.59
1995-10-10,0.0,31.28,22.87,98.83,1.91,6.47
1995-10-11,0.0,30.79,20.8,98.76,1.88,4.94
1995-10-12,0.0,31.01,27.37,98.76,2.25,9.06
1995-10-13,0.0,31.41,27.48,98.72,1.7,9.61
1995-10-14,0.0,32.41,24.47,98.69,1.69,8.58
1995-10-15,6.05,31.21,39.62,98.75,1.62,14.94
1995-10-16,10.14,27.38,66.1,99.0,2.62,20.39
1995-10-17,0.0,26.25,55.71,99.16,2.8,15.48
1995-10-18,0.0,28.12,39.69,99.06,1.52,11.93
1995-10-19,0.0,27.58,28.51,98.8,1.73,6.19
1995-10-20,0.0,27.89,24.89,98.81,1.71,5.14
1995-10-21,0.0,26.72,23.71,99.13,1.62,2.55
1995-10-22,0.63,26.46,24.61,99.39,2.33,3.79
1995-10-23,0.0,26.95,25.28,99.45,1.64,4.32
1995-10-24,0.0,29.25,21.22,99.44,1.11,4.31
1995-10-25,0.0,29.2,22.91,99.3,1.7,5.23
1995-10-26,0.0,28.92,22.62,99.26,1.63,4.73
1995-10-27,0.0,28.1,23.41,99.14,1.38,4.51
1995-10-28,0.0,27.52,20.92,99.05,2.19,2.66
1995-10-29,0.0,26.04,19.18,99.2,1.85,0.24
1995-10-30,0.0,24.8,18.23,99.22,2.09,-2.14
1995-10-31,0.0,25.32,15.14,99.22,1.31,-3.41
1995-11-01,0.0,25.77,14.26,99.29,1.0,-4.0
1995-11-02,0.0,25.07,13.86,99.3,1.74,-5.02
1995-11-03,0.0,24.79,14.79,99.18,2.19,-4.62
1995-11-04,0.0,24.04,28.98,99.0,2.67,3.43
1995-11-05,0.0,25.22,31.51,99.03,1.81,6.31
1995-11-06,0.0,26.08,25.39,99.18,1.1,3.58
1995-11-07,0.0,24.51,20.33,99.31,1.75,-0.57
1995-11-08,0.0,24.45,21.48,99.34,2.16,0.37
1995-11-09,0.0,22.85,21.83,99.21,2.43,-0.9
1995-11-10,0.0,23.57,20.44,99.05,1.56,-1.19
1995-11-11,0.0,23.75,21.12,99.16,2.2,-0.53
1995-11-12,0.0,24.29,30.03,99.3,1.5,4.72
1995-11-13,0.0,24.27,24.98,99.36,2.41,1.64
1995-11-14,0.0,24.08,21.01,99.55,1.98,-1.02
1995-11-15,0.0,23.01,21.98,99.25,2.33,-0.92
1995-11-16,0.0,23.48,28.06,99.01,2.78,3.1
1995-11-17,0.0,22.44,27.66,99.23,1.66,1.18
1995-11-18,0.0,21.56,23.27,99.45,2.54,-1.22
1995-11-19,0.0,23.4,16.79,99.37,0.98,-4.22
1995-11-20,0.0,23.09,14.06,99.32,1.61,-6.12
1995-11-21,0.0,22.28,16.42,99.33,2.14,-4.8
1995-11-22,0.0,21.87,19.52,99.38,1.58,-3.06
1995-11-23,0.0,20.71,17.83,99.56,1.92,-5.3
1995-11-24,0.0,19.61,15.46,99.58,2.31,-8.02
1995-11-25,0.0,20.2,12.32,99.35,1.2,-10.0
1995-11-26,0.0,20.18,23.65,99.17,3.22,-1.84
1995-11-27,0.0,21.43,54.4,99.18,4.36,10.55
1995-11-28,0.0,16.7,11.12,99.4,3.3,-13.83
1995-11-29,0.0,13.08,13.07,99.77,3.04,-14.51
1995-11-30,0.0,13.19,21.0,100.03,3.32,-9.37
1995-12-01,0.0,16.08,13.52,99.86,1.35,-12.48
1995-12-02,0.0,17.36,8.86,99.74,1.23,-15.26
1995-12-03,0.0,16.25,9.67,99.78,1.77,-15.24
1995-12-04,0.0,17.68,9.89,99.77,1.78,-13.93
1995-12-05,0.0,20.19,16.36,99.69,1.42,-6.52
1995-12-06,0.0,21.22,28.15,99.73,1.34,1.8
1995-12-07,0.0,20.57,36.13,99.8,1.82,4.78
1995-12-08,0.0,21.44,41.7,99.81,1.59,7.54
1995-12-09,0.0,18.89,45.9,99.78,2.29,6.78
1995-12-10,0.03,17.64,48.54,99.7,1.71,6.17
1995-12-11,0.0,17.53,34.91,99.95,2.13,0.18
1995-12-12,0.0,16.51,24.72,100.07,2.51,-4.3
1995-12-13,1.27,18.38,27.32,99.86,1.94,-1.32
1995-12-14,0.0,17.89,36.1,99.74,1.94,2.22
1995-12-15,0.02,18.7,43.85,99.65,1.8,5.89
1995-12-16,0.0,18.44,42.26,99.91,1.55,4.02
1995-12-17,0.0,19.06,39.09,100.01,1.63,4.15
1995-12-18,0.0,21.2,42.58,99.93,2.07,7.69
1995-12-19,0.0,21.43,49.67,99.84,1.94,9.94
1995-12-20,0.0,20.25,38.29,99.73,1.82,5.14
1995-12-21,0.6,17.28,33.16,99.7,2.05,-0.05
1995-12-22,0.0,16.89,34.12,99.84,2.37,0.05
1995-12-23,0.0,16.36,34.02,99.89,1.96,-0.24
1995-12-24,0.0,16.53,28.72,99.67,1.38,-2.32
1995-12-25,0.0,15.06,24.92,99.98,2.56,-5.64
1995-12-26,0.0,16.01,22.75,100.17,3.06,-5.43
1995-12-27,0.0,16.1,24.29,100.11,2.46,-4.73
1995-12-28,0.0,17.15,33.04,100.05,3.15,0.13
1995-12-29,0.0,17.38,25.18,99.92,3.82,-3.18
1995-12-30,0.0,17.18,26.62,99.76,3.19,-2.79
1995-12-31,0.0,17.18,31.34,99.81,2.54,-0.5
1996-01-01,0.0,16.31,31.7,99.92,2.52,-1.31
1996-01-02,0.0,16.06,35.05,99.96,2.6,0.08
1996-01-03,0.0,16.18,36.75,100.01,2.35,0.56
1996-01-04,0.0,16.02,33.36,99.79,2.14,-0.72
1996-01-05,0.0,15.29,32.47,99.59,1.94,-1.87
1996-01-06,0.0,15.56,28.21,99.71,2.44,-3.69
1996-01-07,0.0,15.81,24.37,99.8,2.13,-5.18
1996-01-08,0.0,16.32,21.89,99.83,2.07,-6.14
1996-01-09,0.0,16.97,21.26,99.63,1.77,-5.7
1996-01-10,0.0,17.96,26.15,99.44,1.7,-2.07
1996-01-11,0.0,16.63,25.98,99.42,1.8,-3.68
1996-01-12,0.0,16.04,27.55,99.44,2.62,-3.41
1996-01-13,0.0,17.56,30.31,99.3,1.79,-1.54
1996-01-14,0.12,16.61,58.16,98.74,3.14,8.09
1996-01-15,0.0,12.99,52.52,98.78,2.48,1.32
1996-01-16,2.65,11.03,27.29,99.29,1.95,-7.88
1996-01-17,0.0,10.43,35.26,99.94,2.8,-5.02
1996-01-18,0.0,12.27,31.78,99.88,1.75,-5.04
1996-01-19,0.0,15.61,25.85,99.61,1.44,-4.39
1996-01-20,0.0,18.34,35.73,99.31,2.5,2.83
1996-01-21,0.0,19.03,47.49,99.15,2.69,6.67
1996-01-22,0.0,17.03,41.76,99.54,2.21,3.29
1996-01-23,0.0,16.54,29.6,99.95,2.76,-2.51
1996-01-24,0.0,16.02,19.54,99.8,2.6,-7.89
1996-01-25,0.0,17.81,24.64,99.52,2.15,-3.08
1996-01-26,0.0,14.84,26.42,99.41,2.02,-4.88
1996-01-27,0.0,14.91,18.96,99.65,2.81,-8.91
1996-01-28,0.0,13.48,19.15,99.95,3.49,-9.87
1996-01-29,0.0,14.61,14.43,99.92,1.69,-12.67
1996-01-30,0.0,17.06,9.53,99.6,1.17,-15.03
1996-01-31,0.0,19.29,8.94,99.36,1.68,-13.85
1996-02-01,3.79,18.39,19.19,99.34,1.56,-6.08
1996-02-02,0.0,16.64,19.97,99.62,2.98,-7.59
1996-02-03,0.0,18.0,19.29,99.59,1.84,-6.86
1996-02-04,0.0,18.87,17.44,99.5,1.45,-7.21
1996-02-05,0.0,20.17,17.37,99.47,2.12,-6.03
1996-02-06,0.0,21.39,17.36,99.4,1.64,-5.03
1996-02-07,0.0,20.47,19.62,99.2,2.88,-4.62
1996-02-08,0.0,19.89,24.91,99.15,1.62,-1.8
1996-02-09,0.0,18.3,27.64,99.15,1.77,-1.42
1996-02-10,0.0,16.76,39.97,99.64,4.06,2.48
1996-02-11,0.03,16.63,53.43,99.96,3.18,6.33
1996-02-12,0.0,17.42,46.29,99.78,2.09,4.72
1996-02-13,0.0,19.42,32.33,99.33,1.29,1.35
1996-02-14,0.01,20.48,40.56,99.05,3.27,5.4
1996-02-15,0.01,18.05,17.63,99.16,2.04,-7.21
1996-02-16,0.12,18.15,16.71,99.47,3.04,-7.64
1996-02-17,0.0,18.65,24.12,99.65,2.77,-3.51
1996-02-18,0.0,21.05,20.64,99.62,1.6,-3.06
1996-02-19,0.0,23.61,21.84,99.35,1.94,0.02
1996-02-20,0.0,24.15,25.86,98.95,2.31,2.61
1996-02-21,0.0,22.72,25.16,98.88,2.42,0.5
1996-02-22,0.0,24.51,22.45,98.91,2.22,0.62
1996-02-23,0.35,23.96,45.47,98.84,3.54,11.0
1996-02-24,0.01,20.78,43.89,98.99,2.5,6.07
1996-02-25,0.24,19.06,25.5,98.98,2.3,-2.04
1996-02-26,0.0,18.57,28.04,99.34,1.9,-1.47
1996-02-27,0.46,20.54,19.14,99.61,1.23,-4.47
1996-02-28,0.0,20.59,21.84,99.56,1.88,-3.13
1996-02-29,0.0,21.99,20.39,99.48,2.57,-2.76
1996-03-01,0.0,23.3,18.02,99.44,1.81,-3.07
1996-03-02,0.0,22.66,27.76,99.42,2.93,2.52
1996-03-03,0.04,22.68,33.74,99.47,2.8,4.67
1996-03-04,0.0,24.77,25.17,99.47,1.61,2.13
1996-03-05,0.0,26.02,20.01,99.33,1.68,0.44
1996-03-06,0.0,27.13,18.65,99.1,2.42,0.54
1996-03-07,0.0,26.35,25.34,99.12,2.86,3.99
1996-03-08,0.0,27.6,21.85,99.24,1.43,3.17
1996-03-09,0.0,28.27,23.46,99.25,2.56,4.9
1996-03-10,0.0,28.81,23.03,99.17,2.19,4.78
1996-03-11,0.0,28.68,18.08,99.02,2.64,0.93
1996-03-12,0.0,27.2,27.03,99.08,3.72,5.19
1996-03-13,0.0,27.85,22.7,99.02,2.35,3.95
1996-03-14,0.0,27.79,24.95,98.73,4.44,5.17
1996-03-15,0.0,24.87,35.88,98.81,4.13,8.56
1996-03-16,0.0,25.93,37.3,98.71,4.26,9.69
1996-03-17,0.01,24.85,45.13,98.62,4.8,11.04
1996-03-18,0.0,23.51,38.49,98.83,3.81,6.43
1996-03-19,1.0,24.4,28.09,98.9,1.06,3.7
1996-03-20,0.0,25.18,24.89,98.8,1.66,2.95
1996-03-21,0.0,25.86,35.31,98.81,2.33,8.44
1996-03-22,0.0,24.84,30.62,99.13,2.88,6.01
1996-03-23,0.0,26.53,27.6,99.21,1.21,4.98
1996-03-24,0.0,29.54,24.65,98.9,2.37,7.02
1996-03-25,0.0,30.98,28.68,98.62,2.44,9.46
1996-03-26,0.0,30.92,25.74,98.44,2.67,7.9
1996-03-27,0.0,32.51,22.17,98.31,2.36,7.22
1996-03-28,0.0,31.05,22.98,98.21,4.66,5.5
1996-03-29,0.0,26.91,17.05,98.41,5.05,-2.39
1996-03-30,0.0,23.54,10.44,98.77,2.42,-10.33
1996-03-31,0.0,23.75,11.18,98.92,2.62,-8.82
1996-04-01,0.0,26.92,7.99,98.84,2.15,-10.21
1996-04-02,0.0,28.25,11.23,98.7,1.61,-5.4
1996-04-03,0.0,29.59,14.17,98.68,1.32,-2.17
1996-04-04,0.0,29.5,20.49,98.53,3.05,1.48
1996-04-05,0.0,29.46,31.89,98.41,3.45,9.16
1996-04-06,0.0,29.38,16.44,98.6,3.21,0.09
1996-04-07,0.0,26.54,11.17,99.04,4.52,-6.62
1996-04-08,0.09,25.69,9.29,99.15,2.97,-10.45
1996-04-09,0.07,28.04,6.53,98.87,1.12,-11.19
1996-04-10,0.0,29.15,7.34,98.67,2.19,-9.74
1996-04-11,0.0,29.7,14.75,98.55,2.12,-1.07
1996-04-12,0.0,31.12,25.23,98.79,2.0,6.18
1996-04-13,0.0,31.68,15.5,99.12,2.49,1.25
1996-04-14,0.0,32.45,12.03,99.23,2.01,-2.25
1996-04-15,0.0,33.96,6.51,99.02,0.76,-7.37
1996-04-16,0.0,33.76,6.48,98.55,1.45,-7.44
1996-04-17,0.0,32.87,14.59,98.31,3.93,1.47
1996-04-18,0.0,30.91,26.84,98.68,5.78,8.09
1996-04-19,0.0,28.67,32.6,98.93,3.31,9.88
1996-04-20,0.01,29.54,30.91,98.8,2.7,9.33
1996-04-21,0.0,31.53,25.32,98.62,1.32,8.35
1996-04-22,0.05,31.61,26.65,98.65,1.73,8.7
1996-04-23,0.02,32.98,16.11,98.74,1.79,2.89
1996-04-24,0.08,34.24,13.23,98.52,2.43,0.72
1996-04-25,0.0,34.36,12.41,98.27,2.81,0.22
1996-04-26,0.0,35.77,21.01,98.05,2.65,8.43
1996-04-27,0.0,36.54,28.25,98.04,2.97,13.32
1996-04-28,0.0,36.13,30.55,98.1,4.76,14.15
1996-04-29,0.0,34.71,23.53,98.18,6.03,7.02
1996-04-30,0.08,33.01,22.42,98.14,5.08,2.82
1996-05-01,0.0,32.02,8.97,98.06,3.93,-5.81
1996-05-02,0.0,31.09,18.67,98.18,3.39,-1.04
1996-05-03,0.0,32.24,16.27,98.41,3.41,0.64
1996-05-04,0.0,31.97,7.54,98.47,3.68,-8.52
1996-05-05,0.0,30.73,5.74,98.45,2.42,-11.27
1996-05-06,0.0,33.72,4.64,98.53,1.16,-10.98
1996-05-07,0.0,34.82,7.74,98.49,3.03,-4.84
1996-05-08,0.0,34.06,9.92,98.3,4.17,-2.74
1996-05-09,0.0,33.41,9.11,98.1,4.79,-4.12
1996-05-10,0.0,33.55,19.17,98.08,5.89,4.19
1996-05-11,0.0,33.0,11.14,98.39,4.13,-4.13
1996-05-12,0.07,32.67,15.07,98.51,4.07,-2.42
1996-05-13,0.0,34.05,36.93,98.38,4.09,14.74
1996-05-14,0.0,33.94,37.98,98.23,4.33,15.15
1996-05-15,1.02,33.36,37.39,98.39,6.87,14.97
1996-05-16,5.47,31.17,47.04,98.72,3.47,17.39
1996-05-17,0.31,33.21,34.02,98.69,3.86,14.37
1996-05-18,0.0,33.55,33.77,98.35,4.44,13.56
1996-05-19,10.29,30.48,49.46,98.31,3.71,17.25
1996-05-20,0.28,33.17,39.22,98.53,4.07,16.33
1996-05-21,0.0,33.07,40.93,98.46,4.16,16.68
1996-05-22,1.32,34.24,43.96,98.4,3.31,18.98
1996-05-23,7.32,30.26,53.25,98.58,2.9,19.19
1996-05-24,18.51,30.04,56.86,98.58,1.55,19.98
1996-05-25,0.67,32.46,38.85,98.69,0.96,15.69
1996-05-26,0.0,33.88,33.0,98.45,2.25,14.15
1996-05-27,0.0,34.72,30.51,97.97,3.8,12.9
1996-05-28,0.0,35.12,32.42,97.58,4.58,13.42
1996-05-29,0.0,34.47,37.98,97.57,4.56,16.4
1996-05-30,0.0,34.34,34.16,98.01,4.55,15.13
1996-05-31,0.0,34.75,30.96,98.38,3.13,13.04
1996-06-01,0.0,36.0,29.12,98.11,3.98,13.38
1996-06-02,0.0,35.61,36.53,97.9,5.13,15.65
1996-06-03,0.0,36.13,37.23,97.82,6.26,16.25
1996-06-04,0.0,35.63,40.64,97.69,6.13,18.42
1996-06-05,0.0,35.13,46.63,97.7,5.1,20.6
1996-06-06,0.0,35.09,43.09,98.03,5.0,19.13
1996-06-07,0.0,35.41,40.22,98.28,5.21,18.59
1996-06-08,0.0,35.51,32.69,98.15,3.8,15.41
1996-06-09,0.23,36.86,30.0,98.16,3.16,15.43
1996-06-10,3.67,37.24,27.96,98.26,1.71,15.1
1996-06-11,0.06,37.3,31.22,98.24,3.54,16.84
1996-06-12,0.2,37.69,34.77,98.13,3.58,18.98
1996-06-13,3.02,36.03,41.16,98.08,4.07,20.22
1996-06-14,12.96,33.49,55.77,97.98,1.35,23.15
1996-06-15,0.0,35.23,46.44,97.71,1.11,21.5
1996-06-16,0.03,36.24,42.16,97.56,1.56,20.9
1996-06-17,15.62,32.99,53.68,97.6,2.64,22.16
1996-06-18,4.2,31.11,60.15,97.54,5.44,22.27
1996-06-19,0.21,29.45,68.02,97.44,6.51,22.68
1996-06-20,2.8,27.5,71.08,97.3,8.48,21.75
1996-06-21,8.82,29.48,61.31,97.57,4.63,20.82
1996-06-22,12.24,30.61,62.32,97.61,4.45,21.83
1996-06-23,1.25,32.38,51.69,97.55,5.15,19.71
1996-06-24,0.0,33.59,50.48,97.68,5.87,20.44
1996-06-25,0.0,33.81,47.29,97.78,7.01,19.65
1996-06-26,0.0,33.42,46.98,97.98,5.93,19.39
1996-06-27,0.0,33.49,49.22,98.16,5.76,20.57
1996-06-28,0.0,33.79,49.14,98.01,7.47,20.87
1996-06-29,0.0,33.36,50.13,97.83,8.32,20.61
1996-06-30,0.0,34.26,46.2,97.76,6.52,18.41
1996-07-01,0.75,33.42,48.35,97.99,4.43,19.63
1996-07-02,0.95,33.71,46.08,98.1,5.18,19.52
1996-07-03,13.08,32.24,55.41,98.21,5.85,21.53
1996-07-04,0.0,32.97,50.89,98.07,6.04,20.71
1996-07-05,0.01,33.3,47.0,97.9,5.52,19.51
1996-07-06,0.15,33.19,45.96,97.88,4.78,18.86
1996-07-07,0.0,34.1,42.73,98.02,3.2,18.62
1996-07-08,0.0,35.28,37.88,98.13,1.63,17.82
1996-07-09,0.02,37.0,32.27,98.04,1.49,16.67
1996-07-10,0.01,36.27,40.49,97.81,5.35,19.95
1996-07-11,0.0,35.53,45.24,97.45,7.57,21.07
1996-07-12,0.0,34.31,48.74,97.42,6.83,21.17
1996-07-13,0.0,33.97,46.74,97.62,5.87,20.13
1996-07-14,0.0,33.93,44.13,97.76,3.96,19.3
1996-07-15,0.0,35.11,41.83,97.85,2.64,19.75
1996-07-16,0.31,35.56,41.08,97.83,3.48,20.09
1996-07-17,0.35,35.4,43.54,97.81,3.26,20.78
1996-07-18,22.5,32.85,60.97,97.81,1.9,24.03
1996-07-19,0.17,33.31,59.16,97.63,2.75,23.65
1996-07-20,4.9,34.5,52.28,97.55,2.98,22.96
1996-07-21,0.03,34.21,50.22,97.62,3.88,21.78
1996-07-22,0.0,34.89,45.76,97.59,3.44,20.81
1996-07-23,0.0,35.25,43.37,97.52,3.29,20.27
1996-07-24,1.19,34.85,43.4,97.51,3.59,19.89
1996-07-25,0.1,34.94,42.41,97.45,4.63,19.25
1996-07-26,0.05,35.01,44.27,97.56,3.65,20.12
1996-07-27,0.0,34.92,44.57,97.54,4.51,20.4
1996-07-28,0.0,34.8,46.7,97.47,3.81,20.85
1996-07-29,0.0,34.6,48.73,97.53,4.73,21.8
1996-07-30,0.0,33.37,50.67,97.65,5.86,21.12
1996-07-31,0.0,33.85,48.77,97.64,6.16,20.92
1996-08-01,0.0,33.86,47.53,97.78,5.14,20.53
1996-08-02,0.0,34.37,46.87,97.74,4.19,20.89
1996-08-03,0.0,34.43,42.69,97.74,2.97,19.38
1996-08-04,0.23,36.26,38.52,97.78,3.0,19.32
1996-08-05,0.63,36.4,39.4,97.74,2.66,19.88
1996-08-06,6.37,33.17,50.23,97.81,3.28,21.18
1996-08-07,0.88,31.19,55.5,97.85,4.77,20.85
1996-08-08,1.54,32.13,51.65,97.77,7.01,20.04
1996-08-09,0.0,32.1,50.92,97.78,6.27,19.65
1996-08-10,0.0,32.44,49.25,97.99,4.35,19.69
1996-08-11,0.0,33.82,45.91,98.1,3.35,19.99
1996-08-12,0.0,33.93,44.72,98.11,3.71,19.82
1996-08-13,0.0,34.09,44.37,97.78,4.62,19.76
1996-08-14,0.0,34.33,44.4,97.7,4.36,19.89
1996-08-15,0.0,34.08,43.85,98.02,2.99,19.69
1996-08-16,0.79,34.34,41.95,98.13,2.35,19.23
1996-08-17,0.16,35.04,41.15,98.13,2.67,19.51
1996-08-18,0.13,34.72,44.08,98.04,4.13,20.25
1996-08-19,0.03,33.81,47.32,97.93,4.45,20.39
1996-08-20,0.04,34.39,42.66,98.05,2.44,19.25
1996-08-21,0.19,35.22,38.63,98.07,2.37,18.32
1996-08-22,0.05,34.15,41.12,98.17,2.25,18.77
1996-08-23,0.02,33.88,39.78,98.19,4.42,17.56
1996-08-24,0.0,32.47,39.61,98.27,4.42,16.0
1996-08-25,0.16,32.95,35.87,98.37,3.01,14.8
1996-08-26,0.0,34.17,33.1,98.35,1.73,14.43
1996-08-27,0.0,36.04,27.56,98.28,2.56,13.47
1996-08-28,0.17,36.38,34.36,98.28,3.47,17.58
1996-08-29,0.01,35.63,39.09,98.11,3.14,19.12
1996-08-30,0.0,34.72,41.32,98.05,4.35,19.0
1996-08-31,0.0,33.16,40.32,98.28,3.98,17.21
1996-09-01,0.0,33.13,41.9,98.4,4.66,17.79
1996-09-02,0.04,33.27,42.86,98.2,4.22,18.25
1996-09-03,0.0,33.3,41.7,98.22,3.3,17.92
1996-09-04,0.0,33.83,38.69,98.32,2.73,17.19
1996-09-05,0.0,34.78,34.35,98.29,1.79,15.84
1996-09-06,0.0,35.2,32.11,98.21,2.46,15.2
1996-09-07,0.04,34.99,35.44,98.1,3.33,17.05
1996-09-08,0.0,35.19,37.35,98.04,3.27,17.55
1996-09-09,0.0,34.92,37.73,98.1,3.62,17.43
1996-09-10,0.0,33.83,44.05,98.23,3.54,18.83
1996-09-11,0.0,35.33,33.75,98.12,1.4,16.15
1996-09-12,0.0,35.28,33.4,98.19,1.69,16.09
1996-09-13,0.75,35.59,35.21,98.26,2.41,17.29
1996-09-14,2.04,34.98,37.69,98.06,3.16,17.7
1996-09-15,0.0,33.83,39.99,98.01,4.15,17.36
1996-09-16,0.07,32.72,39.26,98.27,2.85,16.04
1996-09-17,0.0,33.28,35.59,98.09,4.3,14.79
1996-09-18,0.0,31.76,42.94,97.97,5.75,16.18
1996-09-19,0.0,30.7,45.72,98.15,4.34,16.37
1996-09-20,0.0,30.76,44.53,98.27,4.31,15.97
1996-09-21,0.0,30.4,41.0,98.53,4.13,14.29
1996-09-22,0.0,30.83,37.08,98.73,3.0,13.39
1996-09-23,0.0,31.6,28.36,98.64,2.38,10.1
1996-09-24,0.01,31.6,27.41,98.7,2.12,9.51
1996-09-25,0.0,32.12,25.13,98.71,2.22,9.05
1996-09-26,0.0,31.67,29.61,98.33,4.29,10.45
1996-09-27,0.0,30.66,41.6,98.29,3.62,14.45
1996-09-28,0.0,31.11,36.56,98.5,2.1,13.37
1996-09-29,0.0,31.37,29.33,98.62,2.55,10.46
1996-09-30,0.0,32.05,27.35,98.66,1.65,9.87
1996-10-01,0.0,32.07,23.45,98.66,1.67,7.48
1996-10-02,0.0,32.46,21.04,98.61,1.11,6.24
1996-10-03,0.0,32.32,24.1,98.25,1.97,8.4
1996-10-04,0.37,31.09,38.76,98.26,3.48,14.91
1996-10-05,0.01,28.91,33.44,98.59,1.85,10.72
1996-10-06,0.0,28.97,27.69,98.67,1.87,7.46
1996-10-07,0.0,28.81,27.51,98.91,2.45,7.14
1996-10-08,0.0,29.19,26.56,99.22,2.02,7.23
1996-10-09,0.0,29.7,24.38,99.14,1.57,6.4
1996-10-10,0.0,29.27,29.14,99.01,2.36,8.43
1996-10-11,0.0,29.31,29.77,99.05,3.01,9.01
1996-10-12,0.0,29.98,29.67,99.28,1.78,9.23
1996-10-13,0.01,30.72,22.53,99.41,1.21,6.22
1996-10-14,0.04,31.24,18.29,99.23,0.95,3.73
1996-10-15,0.0,30.65,16.95,99.06,1.67,2.18
1996-10-16,0.0,30.17,17.49,98.98,1.93,2.14
1996-10-17,0.0,29.76,18.98,99.06,1.49,2.73
1996-10-18,0.0,29.71,19.03,99.06,1.82,2.58
1996-10-19,0.0,29.18,19.52,98.97,1.54,2.43
1996-10-20,0.0,28.12,18.51,98.98,2.02,1.12
1996-10-21,0.0,25.55,26.23,99.17,3.88,3.94
1996-10-22,0.0,23.93,17.77,99.24,2.78,-3.12
1996-10-23,0.0,24.52,16.28,99.33,2.97,-4.06
1996-10-24,0.0,24.19,13.67,99.31,2.63,-6.17
1996-10-25,0.0,23.49,21.15,99.23,2.68,-1.43
1996-10-26,0.0,24.75,25.37,99.12,2.34,2.4
1996-10-27,0.0,24.97,18.51,99.01,2.48,-1.06
1996-10-28,0.0,25.4,14.73,99.16,1.58,-4.06
1996-10-29,0.0,27.3,10.21,99.08,1.24,-7.27
1996-10-30,0.0,26.31,10.2,98.91,2.47,-7.73
1996-10-31,0.0,25.71,24.68,98.85,2.84,2.2
1996-11-01,0.0,25.88,34.39,98.92,3.76,5.85
1996-11-02,0.0,25.84,38.98,98.98,2.47,7.86
1996-11-03,0.0,25.25,32.72,98.96,2.15,6.58
1996-11-04,0.0,25.25,46.07,98.98,2.11,10.97
1996-11-05,1.59,25.22,29.4,99.07,1.59,4.61
1996-11-06,0.0,24.06,18.76,99.17,1.2,-2.77
1996-11-07,0.0,23.83,15.24,99.29,1.44,-5.07
1996-11-08,0.0,23.82,13.13,99.38,1.68,-6.87
1996-11-09,0.0,24.89,9.53,99.32,1.01,-9.63
1996-11-10,0.0,25.12,8.9,99.13,1.26,-9.82
1996-11-11,0.0,23.39,31.25,98.98,2.6,4.14
1996-11-12,0.0,24.02,48.89,99.08,1.83,10.83
1996-11-13,0.0,23.67,31.41,99.19,1.68,4.28
1996-11-14,0.0,19.95,10.92,99.63,2.42,-11.63
1996-11-15,0.0,19.56,8.26,100.06,2.39,-14.85
1996-11-16,0.0,20.98,6.16,99.87,1.31,-16.44
1996-11-17,0.0,21.28,6.62,99.61,2.26,-15.42
1996-11-18,0.0,20.33,10.25,99.58,2.71,-11.56
1996-11-19,0.0,17.37,12.83,99.53,2.9,-12.32
1996-11-20,0.0,16.25,12.48,99.72,2.53,-12.64
1996-11-21,0.0,16.51,22.23,99.78,2.91,-5.35
1996-11-22,0.0,18.02,22.83,99.61,1.92,-4.33
1996-11-23,0.0,19.94,15.78,99.59,1.43,-7.84
1996-11-24,0.0,21.03,14.18,99.41,1.94,-7.46
1996-11-25,0.0,21.43,16.62,99.23,1.98,-5.35
1996-11-26,0.0,18.7,18.1,99.43,2.37,-6.65
1996-11-27,0.0,19.24,15.32,99.43,1.6,-8.26
1996-11-28,0.0,18.15,14.46,99.4,2.21,-9.53
1996-11-29,0.0,17.39,13.63,99.49,2.53,-10.94
1996-11-30,0.0,17.74,12.82,99.49,1.93,-11.24
1996-12-01,0.0,18.77,13.4,99.47,2.03,-9.68
1996-12-02,0.0,19.05,15.85,99.35,1.75,-7.85
1996-12-03,0.0,16.98,30.98,99.49,2.92,-0.95
1996-12-04,0.0,15.67,37.75,99.63,3.16,0.44
1996-12-05,0.0,15.8,31.36,99.54,1.97,-1.99
1996-12-06,0.0,16.63,21.45,99.71,1.43,-6.78
1996-12-07,0.0,14.23,7.22,100.03,1.6,-19.65
1996-12-08,0.0,14.6,6.14,100.06,1.81,-20.78
1996-12-09,0.0,16.53,4.38,99.77,1.37,-21.91
1996-12-10,0.0,15.98,5.24,99.72,1.6,-21.03
1996-12-11,0.0,17.35,5.32,99.66,1.53,-19.77
1996-12-12,0.0,16.91,6.92,99.68,1.96,-17.79
1996-12-13,0.0,17.81,7.64,99.72,1.89,-16.16
1996-12-14,0.0,19.57,9.23,99.63,1.28,-13.07
1996-12-15,0.0,20.11,10.31,99.41,0.8,-11.68
1996-12-16,0.0,19.94,10.91,99.36,1.32,-11.26
1996-12-17,0.0,19.09,12.18,99.69,2.16,-10.67
1996-12-18,0.0,17.09,14.66,99.82,2.18,-10.28
1996-12-19,0.0,18.77,12.19,99.79,1.31,-10.92
1996-12-20,0.0,17.14,13.04,99.85,2.0,-11.47
1996-12-21,0.0,16.52,13.12,99.92,2.12,-11.84
1996-12-22,0.0,16.65,11.6,99.92,1.97,-12.88
1996-12-23,0.0,17.33,11.18,99.87,1.95,-12.78
1996-12-24,0.0,20.48,16.9,99.69,1.06,-5.79
1996-12-25,0.0,20.52,31.48,99.58,1.42,2.63
1996-12-26,0.0,16.91,21.27,99.86,2.71,-5.93
1996-12-27,0.0,17.8,22.63,99.96,1.35,-3.92
1996-12-28,0.0,18.8,21.58,99.93,0.91,-4.27
1996-12-29,0.0,19.57,17.16,99.81,0.99,-6.63
1996-12-30,0.0,18.95,14.78,99.79,1.27,-8.7
1996-12-31,0.0,17.49,15.92,99.86,1.78,-9.14
1997-01-01,0.0,16.13,16.43,99.91,2.0,-9.69
1997-01-02,0.0,17.83,14.97,99.74,1.12,-9.7
1997-01-03,0.0,18.86,12.92,99.49,1.82,-10.0
1997-01-04,0.0,17.87,41.25,99.46,2.22,3.5
1997-01-05,0.0,18.69,36.24,99.63,1.63,2.27
1997-01-06,0.33,16.43,24.11,99.92,2.28,-5.13
1997-01-07,0.0,15.58,19.82,100.02,2.35,-7.97
1997-01-08,0.0,14.95,19.27,100.13,2.37,-8.74
1997-01-09,0.0,14.79,17.34,100.09,1.93,-9.8
1997-01-10,0.0,15.05,15.73,99.96,1.82,-10.69
1997-01-11,0.0,14.83,12.99,99.92,1.79,-12.87
1997-01-12,0.0,14.32,14.34,99.83,1.91,-12.34
1997-01-13,0.0,15.24,14.26,99.71,2.07,-12.19
1997-01-14,0.0,16.3,12.77,99.62,1.39,-11.9
1997-01-15,0.0,15.75,13.89,99.67,1.66,-11.49
1997-01-16,0.0,15.67,14.9,99.8,1.91,-11.15
1997-01-17,0.0,17.34,12.61,99.66,1.87,-11.48
1997-01-18,0.0,18.74,18.41,99.31,4.0,-6.04
1997-01-19,1.06,15.16,44.99,99.08,4.2,0.69
1997-01-20,0.83,11.09,21.56,99.2,2.51,-10.94
1997-01-21,0.0,11.67,18.75,99.57,2.0,-11.59
1997-01-22,0.0,13.45,28.55,99.89,2.33,-5.46
1997-01-23,0.0,15.46,30.36,99.65,2.1,-2.38
1997-01-24,0.0,16.27,35.35,99.51,1.13,-0.69
1997-01-25,0.0,16.72,20.77,99.42,0.96,-6.4
1997-01-26,0.0,17.29,20.95,99.45,2.8,-5.89
1997-01-27,0.0,15.28,26.91,99.7,2.77,-3.99
1997-01-28,0.24,15.23,36.21,99.83,2.59,-0.74
1997-01-29,0.0,16.71,28.52,99.49,1.34,-2.43
1997-01-30,0.0,17.73,26.46,99.33,1.25,-2.27
1997-01-31,0.0,18.69,26.18,99.18,1.1,-1.68
1997-02-01,0.0,20.53,37.51,98.94,4.41,5.23
1997-02-02,0.0,17.84,19.52,98.82,4.18,-7.59
1997-02-03,0.1,15.22,13.45,99.1,1.02,-13.28
1997-02-04,0.0,15.29,18.74,99.37,1.61,-9.85
1997-02-05,0.0,16.03,14.7,99.45,1.89,-11.59
1997-02-06,0.0,18.22,12.16,99.48,2.07,-11.78
1997-02-07,0.0,20.0,19.81,99.22,2.76,-4.23
1997-02-08,0.0,16.61,31.69,98.92,5.08,-7.84
1997-02-09,0.0,15.81,11.32,99.01,1.76,-14.01
1997-02-10,0.0,14.03,9.89,99.3,3.19,-17.06
1997-02-11,0.0,14.29,9.83,99.74,1.92,-16.68
1997-02-12,0.0,17.35,11.23,99.85,1.64,-13.11
1997-02-13,0.0,20.19,16.44,99.54,2.5,-6.55
1997-02-14,0.0,21.26,30.86,99.28,3.13,2.52
1997-02-15,0.0,20.16,16.47,99.03,2.39,-6.6
1997-02-16,0.0,18.85,12.64,99.18,2.27,-10.9
1997-02-17,0.0,19.62,10.51,99.2,1.7,-11.82
1997-02-18,0.0,18.88,9.15,99.15,1.95,-13.98
1997-02-19,0.0,19.2,9.65,99.56,1.87,-13.32
1997-02-20,0.0,19.66,9.94,99.69,1.69,-13.04
1997-02-21,0.0,21.69,9.62,99.67,1.83,-11.41
1997-02-22,0.0,23.82,13.17,99.55,1.75,-6.11
1997-02-23,0.0,25.03,24.06,99.35,2.83,2.44
1997-02-24,0.0,26.42,35.33,99.18,3.74,7.92
1997-02-25,0.0,25.97,25.47,99.19,2.5,3.76
1997-02-26,0.0,24.41,16.62,99.28,2.07,-4.32
1997-02-27,0.0,24.02,10.05,99.42,2.14,-9.91
1997-02-28,0.0,25.9,10.65,99.3,3.51,-7.04
1997-03-01,0.0,23.07,28.6,99.2,5.35,1.29
1997-03-02,0.0,19.73,8.51,99.54,2.51,-14.71
1997-03-03,0.0,20.69,5.86,99.73,2.14,-16.94
1997-03-04,0.0,21.82,6.63,99.55,1.66,-15.19
1997-03-05,0.0,22.98,7.69,99.35,2.21,-13.16
1997-03-06,0.0,25.46,8.78,99.35,2.11,-10.08
1997-03-07,0.0,22.78,27.47,99.53,1.76,2.17
1997-03-08,0.0,25.45,23.1,99.53,2.28,2.49
1997-03-09,0.0,25.54,28.99,99.42,2.36,5.67
1997-03-10,0.0,27.41,26.46,99.29,2.09,5.84
1997-03-11,0.0,26.15,21.48,99.39,2.44,1.08
1997-03-12,0.0,25.52,12.91,99.23,2.28,-5.49
1997-03-13,0.0,24.85,15.53,99.0,2.85,-3.17
1997-03-14,0.46,25.53,25.1,98.87,3.15,3.3
1997-03-15,1.71,24.15,53.65,99.09,4.23,13.72
1997-03-16,0.15,22.21,44.8,99.36,1.81,9.37
1997-03-17,0.35,25.22,43.75,99.12,3.66,11.52
1997-03-18,1.94,23.35,64.71,99.13,4.72,16.16
1997-03-19,0.01,22.72,52.68,99.12,3.93,10.59
1997-03-20,0.09,22.24,45.47,98.94,3.51,8.73
1997-03-21,0.04,23.02,43.39,98.77,2.57,8.13
1997-03-22,0.0,24.59,23.99,99.05,1.4,1.5
1997-03-23,0.33,25.14,20.49,99.08,2.47,0.17
1997-03-24,0.0,25.78,21.23,99.14,1.93,0.47
1997-03-25,0.0,27.51,14.2,99.16,2.46,-2.91
1997-03-26,0.0,27.9,14.72,99.05,2.59,-2.02
1997-03-27,0.0,27.56,37.96,99.1,4.56,11.22
1997-03-28,0.06,26.55,35.37,99.0,3.79,8.09
1997-03-29,0.07,25.15,27.58,99.15,2.65,1.88
1997-03-30,1.67,26.78,16.85,98.94,2.1,-0.79
1997-03-31,0.0,25.16,38.0,98.84,4.19,9.52
1997-04-01,10.13,23.81,58.32,98.7,2.55,14.1
1997-04-02,0.02,23.5,45.95,98.76,2.51,10.17
1997-04-03,0.03,25.09,32.87,98.78,2.26,6.58
1997-04-04,0.11,24.63,26.26,99.0,2.37,2.1
1997-04-05,0.05,24.28,23.5,99.22,2.54,0.89
1997-04-06,0.04,27.32,21.88,99.22,2.04,2.33
1997-04-07,0.0,28.35,20.53,98.9,2.59,2.46
1997-04-08,0.0,29.75,32.02,98.62,3.4,9.49
1997-04-09,0.0,29.16,40.13,98.69,2.45,11.11
1997-04-10,0.04,30.75,19.09,98.79,1.93,3.41
1997-04-11,0.0,28.8,30.83,98.88,3.43,6.61
1997-04-12,0.0,30.41,35.66,98.75,1.98,10.21
1997-04-13,0.0,29.59,26.86,98.45,4.52,3.73
1997-04-14,0.0,26.2,23.46,98.42,5.04,-2.42
1997-04-15,0.0,23.14,9.35,98.85,2.76,-11.05
1997-04-16,0.0,26.07,7.07,99.03,2.08,-11.77
1997-04-17,0.0,27.82,6.65,99.04,0.99,-11.37
1997-04-18,0.0,28.75,11.6,99.02,2.3,-4.23
1997-04-19,0.0,30.04,14.93,99.06,2.08,-0.4
1997-04-20,0.0,29.16,24.77,99.04,1.68,5.81
1997-04-21,0.0,31.23,22.62,98.87,1.84,6.2
1997-04-22,0.0,32.18,17.77,98.84,1.44,4.1
1997-04-23,0.0,31.94,21.58,99.04,3.85,6.15
1997-04-24,0.0,31.5,20.25,98.94,3.25,3.13
1997-04-25,0.0,32.33,23.28,98.61,4.37,7.13
1997-04-26,0.0,31.84,23.21,98.6,6.66,7.17
1997-04-27,0.0,29.4,35.14,98.7,6.63,11.18
1997-04-28,0.0,29.7,37.6,98.84,5.75,12.12
1997-04-29,0.09,28.69,36.65,98.97,3.71,11.72
1997-04-30,0.36,29.95,37.04,98.97,3.58,12.36
1997-05-01,0.2,30.53,32.48,98.9,2.07,11.46
1997-05-02,0.55,30.54,30.59,98.78,2.1,10.67
1997-05-03,4.43,29.84,36.56,98.79,1.97,12.99
1997-05-04,0.23,30.02,37.05,98.67,1.41,13.12
1997-05-05,0.07,31.31,31.81,98.53,1.62,11.66
1997-05-06,0.05,33.34,23.64,98.48,4.42,8.33
1997-05-07,0.0,31.64,23.08,98.36,5.78,3.66
1997-05-08,0.0,29.88,13.6,98.56,2.5,-1.37
1997-05-09,0.0,31.32,15.93,98.69,2.49,1.12
1997-05-10,0.0,32.02,13.74,98.42,3.22,0.19
1997-05-11,0.0,32.74,21.65,98.33,4.32,6.95
1997-05-12,0.0,31.98,20.74,98.44,3.27,3.82
1997-05-13,0.0,32.48,7.94,98.48,2.5,-6.22
1997-05-14,0.0,30.65,9.4,98.79,2.73,-5.78
1997-05-15,0.0,32.52,9.8,98.84,2.41,-4.04
1997-05-16,0.0,33.17,9.0,98.64,2.87,-4.38
1997-05-17,0.0,34.43,12.12,98.35,2.57,0.52
1997-05-18,0.0,35.48,13.26,98.21,3.89,0.91
1997-05-19,0.0,36.09,16.82,98.17,1.96,6.09
1997-05-20,0.0,35.85,20.02,98.05,3.5,5.94
1997-05-21,0.0,35.9,30.34,98.2,5.33,14.37
1997-05-22,1.28,36.02,28.22,98.33,6.21,13.5
1997-05-23,2.44,34.5,30.31,98.3,4.61,10.95
1997-05-24,17.64,32.02,48.99,98.25,4.49,18.15
1997-05-25,0.0,33.67,45.13,98.11,6.2,18.47
1997-05-26,0.1,35.39,38.44,98.02,5.26,15.49
1997-05-27,0.0,35.71,33.19,98.05,5.36,13.04
1997-05-28,0.0,35.34,32.69,98.04,5.03,13.21
1997-05-29,0.0,34.43,32.34,97.96,5.85,9.76
1997-05-30,0.0,33.86,41.61,97.98,7.16,15.82
1997-05-31,0.5,31.78,48.54,98.41,4.89,18.55
1997-06-01,6.29,32.47,44.41,98.46,3.65,18.0
1997-06-02,2.96,31.69,52.94,98.36,3.24,20.25
1997-06-03,2.54,31.87,49.85,98.43,5.4,19.65
1997-06-04,6.9,30.64,55.65,98.66,3.0,20.46
1997-06-05,0.56,31.93,47.82,98.56,2.48,18.65
1997-06-06,2.1,33.06,39.59,98.32,6.09,16.73
1997-06-07,0.31,33.42,43.59,98.3,6.2,18.36
1997-06-08,0.0,34.61,41.63,98.36,6.46,18.59
1997-06-09,0.0,34.28,39.94,98.21,5.83,17.79
1997-06-10,0.03,33.49,44.39,98.25,4.75,18.88
1997-06-11,0.47,34.39,40.7,98.11,5.18,18.05
1997-06-12,0.0,33.85,43.02,98.07,4.94,18.52
1997-06-13,2.0,34.42,39.23,98.36,3.44,17.68
1997-06-14,0.69,35.43,34.01,98.34,1.57,16.49
1997-06-15,0.05,37.1,28.53,98.19,1.81,15.0
1997-06-16,0.0,38.09,24.48,98.08,3.6,13.24
1997-06-17,0.0,36.84,33.25,98.02,6.91,17.58
1997-06-18,0.0,36.53,34.26,97.78,7.63,16.88
1997-06-19,0.0,35.31,39.76,97.68,7.22,18.54
1997-06-20,0.0,35.84,40.21,97.97,5.88,19.01
1997-06-21,0.43,37.16,34.52,98.21,4.52,18.41
1997-06-22,6.84,35.17,43.24,98.05,4.73,20.51
1997-06-23,0.0,34.55,46.76,97.76,2.78,20.74
1997-06-24,0.07,36.71,35.87,97.54,2.12,18.46
1997-06-25,0.0,38.22,32.27,97.41,1.83,17.66
1997-06-26,0.08,38.9,32.79,97.37,4.05,18.65
1997-06-27,0.0,38.22,36.29,97.26,4.97,19.74
1997-06-28,0.03,36.28,39.9,97.17,5.89,19.67
1997-06-29,0.08,35.55,40.34,97.02,5.86,18.38
1997-06-30,0.0,34.62,35.42,97.35,4.45,15.35
1997-07-01,0.0,35.21,35.74,97.61,4.07,16.97
1997-07-02,0.0,36.27,36.53,97.62,4.67,18.37
1997-07-03,0.0,36.35,36.72,97.7,4.2,18.5
1997-07-04,0.0,37.01,36.02,97.7,4.27,18.74
1997-07-05,0.0,37.34,34.51,97.68,5.12,18.15
1997-07-06,0.0,36.86,36.14,97.7,5.86,18.37
1997-07-07,0.0,36.72,37.94,97.61,5.84,19.3
1997-07-08,0.0,35.9,42.33,97.67,5.68,20.47
1997-07-09,0.0,36.53,44.19,97.46,4.9,21.37
1997-07-10,0.0,36.76,39.56,97.18,8.25,19.97
1997-07-11,0.0,35.6,40.23,97.31,6.61,18.65
1997-07-12,0.0,35.42,40.68,97.65,4.74,18.86
1997-07-13,0.0,36.0,38.37,97.72,5.69,18.68
1997-07-14,0.0,35.99,38.78,97.8,5.99,19.04
1997-07-15,0.0,35.44,41.55,97.64,5.82,19.64
1997-07-16,0.0,35.79,41.14,97.5,5.36,19.77
1997-07-17,0.0,35.82,42.66,97.59,4.83,20.65
1997-07-18,0.0,36.47,40.3,97.85,4.31,20.49
1997-07-19,0.01,36.05,42.89,97.98,4.24,21.17
1997-07-20,0.32,35.1,45.75,97.96,4.34,21.45
1997-07-21,0.02,34.91,47.98,98.0,5.38,21.83
1997-07-22,1.12,33.66,52.01,98.08,5.52,22.14
1997-07-23,0.57,33.31,50.83,98.12,4.65,21.45
1997-07-24,0.01,34.38,49.53,97.98,4.58,21.51
1997-07-25,0.05,34.99,50.03,97.88,3.95,22.38
1997-07-26,0.03,35.76,46.02,97.79,3.03,21.85
1997-07-27,0.07,37.25,42.07,97.68,2.42,21.64
1997-07-28,0.06,36.24,45.39,97.77,4.98,22.33
1997-07-29,5.65,34.33,53.0,97.7,4.64,23.0
1997-07-30,1.02,33.44,56.03,97.56,3.88,23.09
1997-07-31,0.26,35.09,48.79,97.51,2.63,21.98
1997-08-01,4.81,35.34,46.96,97.52,2.01,21.98
1997-08-02,2.32,34.49,50.2,97.6,4.46,22.34
1997-08-03,0.05,33.49,48.9,97.68,7.5,20.53
1997-08-04,0.0,32.87,45.69,97.7,5.17,18.32
1997-08-05,0.0,33.89,41.93,97.78,4.61,17.92
1997-08-06,0.0,34.75,38.79,97.9,3.73,17.74
1997-08-07,0.0,35.87,34.08,97.84,3.14,16.63
1997-08-08,6.1,34.21,43.54,98.01,4.71,19.76
1997-08-09,1.0,32.9,49.18,98.38,4.73,20.56
1997-08-10,0.11,32.87,49.2,98.36,5.86,20.27
1997-08-11,0.0,32.94,52.83,98.07,6.87,21.58
1997-08-12,0.0,33.3,50.88,97.99,6.37,21.0
1997-08-13,0.0,33.14,50.44,97.97,6.23,20.65
1997-08-14,0.0,33.27,49.15,98.19,4.66,20.31
1997-08-15,0.0,34.17,43.62,98.38,4.55,19.28
1997-08-16,0.0,34.29,41.88,98.28,5.26,18.54
1997-08-17,0.0,34.19,44.3,98.04,5.95,19.54
1997-08-18,0.0,33.94,46.01,97.95,5.06,19.92
1997-08-19,0.0,34.91,42.96,98.0,3.42,19.85
1997-08-20,0.19,35.79,40.75,98.09,2.52,19.95
1997-08-21,0.07,36.9,38.25,98.11,2.75,19.92
1997-08-22,3.61,35.56,43.74,98.05,2.56,20.95
1997-08-23,1.61,35.0,42.62,98.01,1.87,20.17
1997-08-24,0.0,34.99,39.91,97.86,3.37,19.01
1997-08-25,1.39,34.31,43.41,97.77,3.0,19.74
1997-08-26,9.62,33.46,50.36,97.7,1.78,21.2
1997-08-27,2.63,31.81,54.59,97.88,3.49,20.89
1997-08-28,0.02,32.07,46.7,98.14,2.66,18.64
1997-08-29,0.06,33.01,41.76,98.16,1.76,17.55
1997-08-30,0.06,33.81,35.22,98.21,2.87,15.36
1997-08-31,0.0,33.36,35.39,98.32,4.42,15.0
1997-09-01,0.0,33.23,34.69,98.31,4.68,14.26
1997-09-02,0.0,32.76,38.9,98.24,5.35,15.57
1997-09-03,0.0,32.82,39.4,98.33,3.99,16.03
1997-09-04,0.0,32.75,38.5,98.38,4.83,15.66
1997-09-05,0.0,32.34,40.57,98.43,4.57,16.12
1997-09-06,0.0,32.79,40.56,98.44,4.71,16.83
1997-09-07,0.0,33.49,41.83,98.51,4.16,18.11
1997-09-08,0.0,34.19,40.69,98.54,2.4,18.33
1997-09-09,2.13,34.63,38.64,98.47,2.95,18.27
1997-09-10,0.14,34.03,44.17,98.49,3.16,19.7
1997-09-11,1.03,33.92,46.68,98.43,3.76,20.12
1997-09-12,0.0,32.92,50.33,98.39,2.53,20.45
1997-09-13,0.0,34.15,45.26,98.47,3.1,19.46
1997-09-14,0.0,34.69,41.07,98.57,3.63,18.59
1997-09-15,0.0,34.36,40.42,98.43,3.19,17.88
1997-09-16,0.0,33.62,40.23,98.48,3.36,17.38
1997-09-17,0.0,33.06,41.77,98.77,3.49,17.44
1997-09-18,0.0,33.37,38.73,98.8,3.25,16.54
1997-09-19,0.0,32.91,38.98,98.61,4.17,16.3
1997-09-20,0.0,32.18,40.2,98.68,3.13,16.0
1997-09-21,0.03,32.44,38.07,98.65,2.87,15.49
1997-09-22,6.71,32.23,41.73,98.75,2.05,17.05
1997-09-23,0.03,32.88,39.63,98.76,2.06,16.58
1997-09-24,0.1,33.02,35.69,98.6,2.55,14.49
1997-09-25,0.0,32.24,33.64,98.56,2.74,12.95
1997-09-26,0.0,31.79,35.99,98.48,3.24,13.58
1997-09-27,0.0,30.7,41.2,98.43,3.39,14.86
1997-09-28,0.0,31.01,43.09,98.54,4.26,15.93
1997-09-29,0.0,30.65,46.59,98.72,3.8,16.96
1997-09-30,0.1,30.57,46.06,98.81,3.75,16.68
1997-10-01,0.26,30.54,46.83,98.9,4.07,16.84
1997-10-02,0.18,30.84,45.36,99.05,3.42,16.65
1997-10-03,2.49,31.04,47.06,99.09,3.56,17.67
1997-10-04,7.58,29.33,55.47,99.15,2.54,19.18
1997-10-05,0.89,28.17,56.12,99.08,1.98,18.15
1997-10-06,0.0,28.4,47.93,99.09,2.17,15.68
1997-10-07,0.0,29.38,40.51,99.22,2.13,13.95
1997-10-08,0.0,29.45,36.4,99.38,2.18,12.36
1997-10-09,0.0,30.32,32.23,99.32,1.65,11.0
1997-10-10,0.1,30.83,33.85,99.11,2.41,12.68
1997-10-11,0.49,30.53,42.99,99.08,2.89,15.38
1997-10-12,0.05,30.14,36.58,99.32,2.17,12.36
1997-10-13,0.0,30.24,29.52,99.22,1.96,9.97
1997-10-14,0.0,30.45,32.26,99.07,1.71,11.38
1997-10-15,3.29,29.52,39.82,99.13,3.33,13.95
1997-10-16,0.01,25.79,56.35,99.36,2.24,16.37
1997-10-17,0.0,25.63,51.7,99.42,1.77,13.95
1997-10-18,0.03,26.85,39.56,99.49,2.43,11.52
1997-10-19,13.37,24.43,52.42,99.37,1.67,13.83
1997-10-20,0.01,25.33,44.99,99.3,1.25,11.81
1997-10-21,0.12,25.41,43.41,99.37,1.26,11.03
1997-10-22,0.55,25.07,54.13,99.22,2.31,14.65
1997-10-23,0.09,23.91,54.66,99.28,2.71,13.49
1997-10-24,0.01,21.47,50.02,99.62,2.81,10.12
1997-10-25,0.42,23.24,46.78,99.57,2.74,10.81
1997-10-26,0.15,24.43,46.13,99.52,4.28,11.79
1997-10-27,0.0,23.11,51.84,99.52,3.26,12.14
1997-10-28,0.0,23.32,49.53,99.48,1.99,11.12
1997-10-29,0.0,23.31,40.72,99.51,1.85,8.42
1997-10-30,0.0,22.46,47.08,99.72,3.35,10.21
1997-10-31,0.0,22.6,48.35,99.83,2.91,10.28
1997-11-01,0.0,23.32,39.9,99.73,2.14,8.13
1997-11-02,0.0,23.6,36.36,99.69,2.15,6.97
1997-11-03,0.0,23.93,30.07,99.74,2.33,4.66
1997-11-04,0.0,24.39,27.55,99.9,2.52,3.83
1997-11-05,0.0,23.96,29.06,99.79,1.85,4.23
1997-11-06,0.0,24.1,28.9,99.74,1.9,4.18
1997-11-07,0.0,24.35,26.91,99.74,1.95,3.58
1997-11-08,4.89,24.57,36.5,99.58,1.49,7.99
1997-11-09,0.0,23.56,38.08,99.15,2.38,8.01
1997-11-10,0.0,21.13,37.76,99.42,2.95,5.02
1997-11-11,0.0,19.93,34.2,99.56,2.5,2.78
1997-11-12,0.0,19.44,27.86,99.51,2.41,-0.51
1997-11-13,0.0,19.6,25.11,99.5,2.26,-1.69
1997-11-14,0.0,20.23,25.29,99.46,2.12,-1.07
1997-11-15,0.0,21.24,24.95,99.41,2.28,-0.31
1997-11-16,0.09,21.73,27.56,99.42,1.97,1.65
1997-11-17,0.0,22.8,30.94,99.38,1.46,4.27
1997-11-18,0.0,22.87,32.85,99.31,1.44,5.24
1997-11-19,0.04,21.23,34.01,99.31,1.37,3.93
1997-11-20,0.0,21.18,32.53,99.56,2.41,3.26
1997-11-21,0.0,21.57,31.28,99.69,3.62,3.21
1997-11-22,0.0,20.92,32.27,99.6,3.34,3.29
1997-11-23,0.0,20.0,37.9,99.43,2.58,4.75
1997-11-24,0.51,20.79,50.95,99.13,1.93,9.84
1997-11-25,1.72,18.35,51.6,99.11,2.47,7.71
1997-11-26,0.0,19.17,46.93,99.53,1.48,6.96
1997-11-27,0.0,17.71,36.89,99.72,1.83,2.24
1997-11-28,0.0,17.79,37.3,99.7,2.16,2.23
1997-11-29,0.0,17.77,34.29,99.67,2.47,1.06
1997-11-30,0.0,16.94,35.31,99.77,2.45,0.74
1997-12-01,0.01,16.88,33.26,99.9,1.74,-0.42
1997-12-02,0.0,16.98,30.32,99.78,2.14,-1.64
1997-12-03,0.0,17.47,28.66,99.58,2.22,-1.72
1997-12-04,0.0,16.99,30.81,99.72,2.91,-1.15
1997-12-05,0.0,16.16,34.43,99.81,3.48,-0.29
1997-12-06,0.0,15.88,36.36,99.84,3.85,0.4
1997-12-07,0.06,15.16,39.26,99.57,3.11,0.88
1997-12-08,0.0,15.68,34.18,99.2,2.56,-0.76
1997-12-09,0.0,16.57,37.27,99.25,1.98,1.09
1997-12-10,0.0,18.36,32.83,99.48,2.04,1.21
1997-12-11,0.0,19.19,29.21,99.53,2.33,0.46
1997-12-12,0.0,17.68,40.42,99.44,2.7,3.49
1997-12-13,0.0,15.04,55.19,99.7,2.79,5.18
1997-12-14,0.0,15.33,48.21,99.83,1.89,3.58
1997-12-15,0.0,15.7,45.1,99.74,1.87,2.88
1997-12-16,0.39,15.27,45.88,99.99,3.65,3.2
1997-12-17,0.0,14.22,44.17,100.05,3.39,1.54
1997-12-18,0.0,14.85,41.61,99.81,1.74,1.5
1997-12-19,0.0,14.7,44.57,99.91,2.33,1.98
1997-12-20,0.0,14.55,44.23,100.03,2.39,1.85
1997-12-21,0.0,15.04,39.85,99.86,1.75,0.97
1997-12-22,0.0,16.05,38.93,99.74,1.8,1.66
1997-12-23,0.0,16.71,36.19,99.87,2.85,1.17
1997-12-24,0.09,16.59,38.26,99.71,1.68,1.48
1997-12-25,0.0,15.96,36.25,99.66,1.6,0.01
1997-12-26,0.0,15.19,34.38,99.76,2.84,-1.24
1997-12-27,0.03,14.83,34.45,99.71,2.41,-1.36
1997-12-28,0.0,16.49,33.98,99.79,2.11,0.31
1997-12-29,0.0,13.83,32.82,99.98,2.66,-4.09
1997-12-30,0.0,11.2,45.28,100.21,2.54,-2.02
1997-12-31,0.0,11.11,33.28,100.19,2.34,-5.66
1998-01-01,0.0,11.69,23.69,99.99,2.26,-8.83
1998-01-02,0.0,12.52,25.26,100.04,3.09,-7.94
1998-01-03,0.0,14.22,22.72,100.12,2.66,-7.33
1998-01-04,0.0,16.26,21.17,100.06,1.93,-6.21
1998-01-05,0.0,18.68,26.57,99.74,1.46,-1.03
1998-01-06,0.0,19.49,33.46,99.56,1.09,2.39
1998-01-07,0.0,18.95,33.24,99.47,2.48,1.86
1998-01-08,0.0,19.59,48.45,99.47,1.87,7.88
1998-01-09,0.0,17.73,40.84,99.6,2.55,3.69
1998-01-10,0.0,18.1,42.29,99.5,1.97,4.19
1998-01-11,0.0,19.13,38.29,99.47,1.83,3.85
1998-01-12,0.0,20.02,39.31,99.22,2.62,5.64
1998-01-13,0.0,18.52,40.48,99.28,1.2,3.1
1998-01-14,0.0,20.8,36.66,99.09,3.12,4.59
1998-01-15,0.0,13.71,20.53,99.35,3.61,-10.16
1998-01-16,0.0,13.13,13.17,99.38,1.51,-14.21
1998-01-17,0.0,14.7,11.83,99.45,1.04,-13.83
1998-01-18,0.0,14.42,14.04,99.76,1.17,-12.33
1998-01-19,0.0,14.66,14.85,99.72,1.24,-11.87
1998-01-20,0.0,14.96,15.16,99.68,1.57,-11.08
1998-01-21,0.0,14.09,15.8,99.85,1.92,-11.36
1998-01-22,0.0,15.61,17.26,99.57,2.58,-9.12
1998-01-23,0.0,15.6,26.04,99.55,2.65,-3.95
1998-01-24,0.0,14.9,29.39,99.86,2.22,-3.91
1998-01-25,0.0,14.31,23.94,100.02,2.68,-6.6
1998-01-26,0.0,15.09,22.52,99.87,2.19,-6.82
1998-01-27,0.0,15.51,18.57,99.72,2.2,-8.55
1998-01-28,0.0,15.92,18.79,99.9,2.46,-8.08
1998-01-29,0.0,16.12,21.96,100.06,2.49,-6.05
1998-01-30,0.17,16.99,26.26,100.01,3.62,-3.2
1998-01-31,0.22,17.07,34.26,100.01,3.16,0.19
1998-02-01,0.0,15.68,41.06,99.86,1.44,2.39
1998-02-02,0.0,17.91,40.29,99.83,1.67,3.54
1998-02-03,0.0,18.88,31.26,99.96,1.95,0.09
1998-02-04,0.0,18.7,23.62,99.93,1.76,-3.08
1998-02-05,0.0,18.89,22.66,99.77,1.27,-4.15
1998-02-06,0.0,18.83,20.9,99.56,1.88,-4.32
1998-02-07,0.0,17.13,23.48,99.75,1.6,-4.79
1998-02-08,0.0,18.01,20.85,99.85,2.02,-6.02
1998-02-09,0.0,19.33,16.54,99.95,2.22,-7.44
1998-02-10,0.0,21.51,15.22,99.8,1.08,-6.96
1998-02-11,0.0,23.18,12.11,99.72,1.12,-7.93
1998-02-12,0.0,22.57,13.28,99.58,1.67,-7.37
1998-02-13,0.0,22.93,23.31,99.28,3.66,0.57
1998-02-14,0.03,20.22,39.92,99.05,4.87,4.92
1998-02-15,0.0,18.5,30.73,99.07,2.16,-2.03
1998-02-16,0.0,18.32,41.59,99.0,5.38,3.91
1998-02-17,0.0,19.45,45.28,99.05,4.7,5.15
1998-02-18,0.0,17.42,24.25,99.08,3.57,-7.83
1998-02-19,0.0,17.2,10.2,99.33,1.78,-14.07
1998-02-20,0.0,17.19,8.33,99.44,1.86,-16.2
1998-02-21,0.0,19.1,8.3,99.45,1.82,-14.56
1998-02-22,0.0,19.78,12.36,99.32,1.91,-9.79
1998-02-23,0.04,18.2,48.94,99.08,2.93,6.4
1998-02-24,0.11,16.15,54.47,98.92,3.22,6.0
1998-02-25,0.0,15.99,20.26,99.33,1.3,-7.86
1998-02-26,0.0,16.8,27.97,99.57,2.08,-3.62
1998-02-27,0.0,18.27,18.12,99.57,1.34,-7.61
1998-02-28,0.0,20.52,19.1,99.54,2.67,-4.42
1998-03-01,0.0,22.51,32.55,99.61,1.59,3.58
1998-03-02,0.02,22.74,18.9,99.49,2.6,-2.85
1998-03-03,0.05,24.84,24.02,99.19,5.3,0.33
1998-03-04,2.74,23.02,47.72,99.22,4.72,10.05
1998-03-05,0.0,20.79,40.91,99.13,2.26,6.2
1998-03-06,0.0,19.48,19.75,99.44,2.06,-6.47
1998-03-07,0.0,19.99,12.48,99.44,1.96,-10.13
1998-03-08,0.0,22.11,12.55,99.13,2.26,-8.24
1998-03-09,0.0,22.37,19.57,98.97,2.21,-2.19
1998-03-10,0.0,23.57,28.02,98.9,2.88,3.7
1998-03-11,0.0,23.31,36.9,98.81,4.76,6.19
1998-03-12,0.0,19.96,40.37,99.14,2.48,5.3
1998-03-13,0.0,22.17,24.48,99.33,1.22,-0.28
1998-03-14,0.0,22.75,22.57,99.38,2.02,-0.82
1998-03-15,0.0,23.13,19.5,99.28,2.53,-2.16
1998-03-16,0.0,24.28,19.61,99.37,3.31,-0.94
1998-03-17,0.21,24.36,25.51,99.46,1.99,2.63
1998-03-18,0.01,23.87,26.22,99.58,1.73,2.44
1998-03-19,0.0,27.43,22.95,99.38,1.52,3.87
1998-03-20,0.22,29.74,26.04,99.16,1.98,7.93
1998-03-21,0.41,28.84,31.98,99.2,1.99,10.14
1998-03-22,0.0,28.91,23.96,98.94,3.11,4.13
1998-03-23,0.01,24.97,9.65,98.89,3.8,-8.94
1998-03-24,0.0,24.13,8.69,99.15,1.89,-12.08
1998-03-25,0.0,26.1,6.04,99.2,1.91,-13.69
1998-03-26,0.0,29.55,12.87,99.0,2.56,-2.0
1998-03-27,0.0,30.16,19.87,98.93,2.07,3.25
1998-03-28,0.0,30.65,16.26,98.85,2.18,1.2
1998-03-29,0.0,29.52,17.01,98.98,2.07,0.63
1998-03-30,0.0,29.67,13.91,99.21,2.47,-1.4
1998-03-31,0.0,32.13,11.95,99.21,2.03,-1.55
1998-04-01,0.0,33.12,14.93,99.09,2.28,2.16
1998-04-02,0.0,32.52,17.78,98.96,2.68,3.78
1998-04-03,0.0,33.51,18.01,98.62,2.29,5.15
1998-04-04,0.03,32.28,16.05,98.92,3.53,2.29
1998-04-05,0.0,33.3,15.86,99.18,2.57,3.41
1998-04-06,0.0,34.16,17.16,99.07,1.89,5.2
1998-04-07,0.0,31.39,19.0,98.64,6.2,3.6
1998-04-08,0.0,26.22,19.52,98.35,5.25,0.27
1998-04-09,0.0,26.32,16.75,98.57,2.34,-2.01
1998-04-10,0.0,27.1,15.45,98.94,2.0,-1.9
1998-04-11,0.0,28.48,18.23,99.25,1.85,1.21
1998-04-12,0.0,29.81,16.02,99.04,1.87,0.88
1998-04-13,0.0,30.58,13.44,98.68,0.82,-1.07
1998-04-14,0.0,31.08,12.06,98.82,1.61,-2.21
1998-04-15,0.0,32.04,11.82,98.97,2.29,-1.51
1998-04-16,0.0,33.24,11.4,98.93,1.47,-1.82
1998-04-17,0.0,32.73,11.9,98.74,2.1,-0.96
1998-04-18,0.0,32.66,19.43,98.75,3.11,5.93
1998-04-19,0.0,32.78,28.35,98.68,4.53,9.85
1998-04-20,0.0,31.11,36.62,98.43,3.55,12.45
1998-04-21,0.0,33.15,32.02,98.36,2.71,11.05
1998-04-22,0.0,33.99,32.54,98.5,4.3,13.05
1998-04-23,0.06,33.82,33.91,98.53,3.5,13.83
1998-04-24,0.0,34.57,33.67,98.53,4.45,14.25
1998-04-25,0.0,33.66,40.58,98.47,6.23,17.51
1998-04-26,0.0,33.63,32.95,98.61,2.49,13.54
1998-04-27,0.0,35.0,22.33,98.78,1.5,9.43
1998-04-28,2.04,35.15,20.23,98.66,3.38,8.14
1998-04-29,0.0,34.28,28.4,98.55,4.28,11.57
1998-04-30,0.0,32.62,38.57,98.45,4.38,15.7
1998-05-01,0.0,33.41,34.0,98.64,4.1,14.25
1998-05-02,0.0,33.68,30.27,98.73,3.44,12.63
1998-05-03,0.0,33.58,27.98,98.77,3.39,11.05
1998-05-04,0.0,34.5,27.04,98.58,1.69,11.38
1998-05-05,0.0,35.3,21.84,98.3,1.97,9.87
1998-05-06,0.01,33.75,23.0,98.49,3.05,8.79
1998-05-07,0.0,33.47,22.29,98.71,2.64,8.46
1998-05-08,0.0,30.2,10.08,98.7,3.32,-5.46
1998-05-09,0.0,30.11,18.39,98.71,2.86,2.37
1998-05-10,0.0,32.31,13.08,98.57,1.37,-0.11
1998-05-11,0.0,33.89,11.46,98.67,1.4,-0.56
1998-05-12,0.0,34.31,11.94,98.62,1.87,0.08
1998-05-13,0.0,35.45,13.87,98.49,2.48,2.45
1998-05-14,0.0,36.07,16.39,98.53,2.81,4.66
1998-05-15,0.0,36.09,15.48,98.44,3.57,3.54
1998-05-16,0.0,36.21,18.8,98.36,5.2,6.81
1998-05-17,0.0,36.35,22.21,98.36,3.28,8.96
1998-05-18,0.0,37.53,20.61,98.28,2.81,8.47
1998-05-19,0.0,38.23,13.86,98.1,2.98,5.15
1998-05-20,0.0,39.57,13.16,97.99,2.46,5.84
1998-05-21,0.0,40.12,13.66,98.08,5.31,5.81
1998-05-22,0.0,37.64,19.7,98.33,5.38,8.69
1998-05-23,0.0,35.68,30.27,98.22,4.59,13.49
1998-05-24,0.0,37.37,30.58,98.09,4.0,14.85
1998-05-25,0.0,38.57,20.74,98.06,3.85,8.44
1998-05-26,0.0,38.39,24.87,97.98,4.84,11.53
1998-05-27,0.0,38.22,23.55,98.0,5.28,8.38
1998-05-28,0.0,37.23,6.33,97.88,5.49,-5.9
1998-05-29,0.0,35.77,7.71,97.79,3.97,-4.44
1998-05-30,0.0,36.2,8.72,97.85,3.08,-4.91
1998-05-31,0.0,37.23,35.14,97.97,5.73,16.94
1998-06-01,0.0,36.41,32.43,98.22,3.03,14.32
1998-06-02,0.24,37.46,32.86,98.12,4.51,16.94
1998-06-03,2.89,35.46,36.98,98.17,4.74,17.41
1998-06-04,0.0,36.81,33.08,98.12,4.88,16.7
1998-06-05,0.0,36.92,34.6,98.13,5.5,17.32
1998-06-06,0.0,36.46,35.59,98.02,6.31,17.57
1998-06-07,0.0,35.63,36.27,98.06,4.65,16.93
1998-06-08,0.24,34.52,36.3,98.17,5.85,16.92
1998-06-09,4.39,30.09,58.61,97.87,7.09,20.82
1998-06-10,1.6,32.63,43.01,97.69,4.68,17.32
1998-06-11,0.0,34.31,39.01,97.8,6.67,17.01
1998-06-12,7.25,31.75,50.18,97.96,6.21,19.26
1998-06-13,3.67,31.71,48.83,98.17,3.38,18.92
1998-06-14,0.0,34.14,33.94,98.34,2.26,14.64
1998-06-15,0.0,36.15,21.92,98.35,2.59,10.24
1998-06-16,0.0,36.44,19.59,98.09,2.45,8.48
1998-06-17,0.0,36.3,28.31,97.87,2.43,12.56
1998-06-18,0.0,37.64,22.09,97.86,2.44,11.25
1998-06-19,0.0,38.53,21.53,97.97,1.79,11.54
1998-06-20,0.0,39.03,19.94,97.74,3.93,10.53
1998-06-21,0.0,36.72,32.35,97.46,6.61,15.3
1998-06-22,0.0,35.55,40.0,97.51,6.6,18.35
1998-06-23,0.0,35.95,37.42,97.67,5.02,17.75
1998-06-24,0.0,36.22,34.59,97.71,4.24,17.12
1998-06-25,0.0,36.89,30.91,97.69,2.69,15.85
1998-06-26,0.0,38.59,24.77,97.51,2.78,14.43
1998-06-27,0.0,38.6,27.08,97.43,4.22,15.27
1998-06-28,11.66,36.94,39.4,97.57,2.97,20.21
1998-06-29,1.84,36.68,42.76,97.47,2.34,20.99
1998-06-30,0.04,37.87,36.05,97.23,2.77,19.4
1998-07-01,0.74,37.97,40.49,97.23,3.15,21.9
1998-07-02,0.3,36.86,46.34,97.32,4.75,23.29
1998-07-03,6.95,34.77,53.81,97.53,4.6,23.75
1998-07-04,1.25,33.89,54.97,97.74,4.19,23.1
1998-07-05,0.36,33.66,54.53,97.72,5.63,22.77
1998-07-06,0.01,33.99,53.34,97.54,6.75,22.83
1998-07-07,0.0,35.51,49.69,97.42,5.9,22.36
1998-07-08,0.0,35.03,46.9,97.46,6.04,21.23
1998-07-09,0.0,35.57,45.1,97.61,4.77,21.17
1998-07-10,0.0,36.42,42.24,97.6,4.0,21.07
1998-07-11,0.0,36.06,44.45,97.53,3.8,21.52
1998-07-12,0.58,36.33,43.41,97.53,4.63,21.48
1998-07-13,0.49,35.29,45.68,97.79,4.35,21.25
1998-07-14,0.06,34.77,46.99,97.95,4.49,21.5
1998-07-15,0.0,35.51,46.59,97.89,5.81,21.71
1998-07-16,0.0,35.38,45.52,97.77,6.63,21.13
1998-07-17,0.0,34.76,45.52,97.82,5.69,20.58
1998-07-18,0.0,34.66,46.35,97.94,5.44,20.85
1998-07-19,0.0,34.54,45.56,98.07,5.4,20.34
1998-07-20,0.0,35.45,42.4,97.91,6.18,19.85
1998-07-21,0.0,34.73,43.3,97.95,5.66,19.52
1998-07-22,0.0,34.92,43.43,97.92,6.18,19.8
1998-07-23,0.0,34.59,43.67,97.83,7.27,19.3
1998-07-24,0.0,34.45,43.89,97.8,6.83,19.16
1998-07-25,0.0,34.33,42.96,97.75,6.59,18.65
1998-07-26,0.0,34.21,40.56,97.79,4.94,17.63
1998-07-27,0.0,35.17,40.02,97.86,4.49,18.49
1998-07-28,0.0,36.26,36.08,97.88,4.01,17.77
1998-07-29,0.0,37.43,33.21,97.92,3.17,17.87
1998-07-30,0.0,38.47,29.79,97.87,2.96,16.91
1998-07-31,0.0,38.35,34.87,97.76,3.75,19.76
1998-08-01,20.08,36.07,47.8,97.88,1.93,22.63
1998-08-02,0.3,34.56,54.41,97.86,3.46,23.48
1998-08-03,0.0,35.07,49.5,97.84,5.83,22.45
1998-08-04,0.0,34.44,49.0,97.77,6.98,21.43
1998-08-05,0.0,34.19,49.52,97.69,5.69,21.24
1998-08-06,0.0,34.5,49.19,97.75,4.06,21.42
1998-08-07,0.0,35.55,44.5,97.85,2.26,20.76
1998-08-08,0.06,36.89,38.51,97.84,2.2,19.66
1998-08-09,0.0,37.96,32.44,97.65,2.53,17.33
1998-08-10,0.19,38.35,32.26,97.61,2.86,17.6
1998-08-11,0.03,37.9,37.22,97.62,3.01,20.39
1998-08-12,0.0,38.12,33.84,97.49,3.35,18.76
1998-08-13,0.0,35.69,39.74,97.54,6.46,19.02
1998-08-14,0.0,35.05,41.24,97.82,5.33,18.89
1998-08-15,0.0,34.59,42.36,98.07,4.57,18.94
1998-08-16,0.02,34.97,41.06,98.26,3.69,19.02
1998-08-17,0.0,34.81,41.9,98.09,4.77,19.19
1998-08-18,0.0,34.88,40.86,98.06,5.33,18.52
1998-08-19,0.0,34.84,41.93,98.15,4.38,19.08
1998-08-20,0.0,34.45,42.25,98.07,3.95,19.18
1998-08-21,0.0,34.84,40.98,98.09,3.61,19.07
1998-08-22,0.0,35.47,38.67,98.2,2.86,18.92
1998-08-23,0.0,37.22,34.86,98.3,1.86,18.65
1998-08-24,0.0,37.91,33.4,98.2,3.01,18.5
1998-08-25,0.21,37.79,34.07,98.0,2.65,18.72
1998-08-26,0.02,35.7,39.57,98.01,3.05,19.64
1998-08-27,0.0,36.87,37.4,98.12,3.48,19.51
1998-08-28,0.04,36.36,37.31,98.1,3.28,18.8
1998-08-29,0.0,36.79,39.26,97.98,2.81,19.44
1998-08-30,0.0,35.9,36.79,97.85,5.87,17.73
1998-08-31,0.0,33.78,37.69,98.06,5.07,16.01
1998-09-01,0.0,33.38,39.18,98.19,4.46,16.42
1998-09-02,0.0,33.18,38.97,98.24,4.68,16.23
1998-09-03,0.0,33.05,38.86,98.33,4.65,15.82
1998-09-04,0.0,33.72,37.46,98.55,3.7,16.08
1998-09-05,0.0,34.1,36.29,98.55,3.08,16.32
1998-09-06,0.0,34.28,36.03,98.37,4.11,16.43
1998-09-07,0.0,33.41,38.62,98.29,3.77,16.49
1998-09-08,0.06,35.08,37.14,98.35,1.87,17.2
1998-09-09,0.0,36.63,29.7,98.29,2.16,15.47
1998-09-10,0.0,36.8,29.57,98.11,1.37,15.2
1998-09-11,0.76,35.86,37.16,98.12,3.32,18.17
1998-09-12,0.04,34.73,40.21,98.37,2.32,18.63
1998-09-13,0.0,35.3,33.56,98.28,1.97,16.3
1998-09-14,0.0,34.55,37.07,98.12,3.69,17.1
1998-09-15,0.0,33.59,42.24,98.09,3.89,18.58
1998-09-16,0.02,34.62,38.31,98.1,3.88,17.59
1998-09-17,0.05,32.69,49.13,98.21,4.98,20.33
1998-09-18,10.68,30.41,66.06,98.24,5.66,23.24
1998-09-19,4.31,30.12,69.39,98.18,4.85,23.7
1998-09-20,41.22,28.95,76.72,98.09,4.97,24.36
1998-09-21,10.07,27.25,83.44,97.96,5.13,24.1
1998-09-22,1.24,28.1,72.9,98.2,2.97,22.47
1998-09-23,1.08,30.29,61.74,98.47,2.32,21.7
1998-09-24,0.0,31.11,50.44,98.73,1.74,18.3
1998-09-25,0.0,31.44,38.81,98.87,1.39,14.72
1998-09-26,0.0,31.29,39.56,98.8,1.47,14.67
1998-09-27,0.0,31.88,37.12,98.78,1.66,14.27
1998-09-28,0.0,32.44,44.48,98.75,1.39,17.73
1998-09-29,0.1,33.2,45.94,98.65,1.55,19.13
1998-09-30,0.18,33.93,44.52,98.5,2.1,19.47
1998-10-01,0.0,33.91,46.83,98.56,2.64,20.29
1998-10-02,0.0,32.09,55.2,98.65,2.7,21.46
1998-10-03,0.0,30.97,56.06,98.53,2.82,20.72
1998-10-04,0.01,31.41,47.17,98.62,2.14,17.56
1998-10-05,0.0,32.53,39.08,98.8,1.1,15.78
1998-10-06,0.0,32.6,32.21,98.76,0.92,12.81
1998-10-07,0.0,32.1,33.11,98.74,1.36,12.66
1998-10-08,0.0,32.61,30.99,98.76,1.51,12.18
1998-10-09,0.0,31.6,30.0,98.7,1.41,10.51
1998-10-10,0.0,31.58,26.78,98.7,1.72,8.63
1998-10-11,0.0,31.23,23.53,98.75,1.17,6.16
1998-10-12,0.0,30.14,25.17,98.83,1.78,6.35
1998-10-13,0.02,30.03,31.58,98.87,2.26,10.33
1998-10-14,0.39,30.44,31.25,98.73,1.36,10.16
1998-10-15,10.84,22.44,62.23,98.77,4.8,14.43
1998-10-16,5.67,19.88,81.82,98.62,5.32,16.64
1998-10-17,0.0,23.06,63.38,98.76,2.06,14.43
1998-10-18,0.0,25.47,43.56,98.65,2.18,10.62
1998-10-19,0.0,25.72,44.03,98.58,2.62,10.96
1998-10-20,0.0,26.0,42.49,98.83,1.66,11.12
1998-10-21,0.0,26.43,41.49,98.96,1.61,11.27
1998-10-22,0.0,26.65,39.81,98.97,1.51,11.03
1998-10-23,0.0,27.32,38.98,99.03,1.33,11.33
1998-10-24,0.0,28.09,33.05,99.22,0.88,9.54
1998-10-25,0.0,27.09,32.22,99.22,1.78,8.28
1998-10-26,0.04,26.21,30.76,99.16,2.25,6.0
1998-10-27,0.0,25.75,29.56,99.25,2.05,4.93
1998-10-28,0.0,26.04,24.0,99.34,1.82,2.63
1998-10-29,0.0,25.47,28.85,99.21,2.52,4.66
1998-10-30,0.0,25.05,28.23,99.2,1.81,4.08
1998-10-31,0.0,23.9,24.88,99.39,2.63,0.99
1998-11-01,0.0,23.66,24.5,99.37,1.94,0.71
1998-11-02,0.0,24.7,26.24,99.38,2.32,3.17
1998-11-03,0.0,26.15,36.54,99.33,2.08,8.98
1998-11-04,0.0,26.1,40.76,99.28,1.23,8.88
1998-11-05,0.0,25.17,21.83,99.25,1.63,0.5
1998-11-06,0.0,24.26,18.94,99.31,1.96,-1.85
1998-11-07,0.0,24.61,16.97,99.29,1.83,-2.88
1998-11-08,0.0,24.99,16.12,99.27,1.28,-2.94
1998-11-09,0.0,24.24,16.36,99.44,1.51,-3.53
1998-11-10,0.0,24.19,18.01,99.52,1.33,-2.56
1998-11-11,0.0,24.31,16.75,99.47,1.02,-3.32
1998-11-12,0.0,23.89,19.74,99.5,1.35,-1.57
1998-11-13,0.0,24.05,22.32,99.2,1.38,-0.01
1998-11-14,0.0,22.87,22.4,99.11,1.77,-0.6
1998-11-15,0.0,22.02,22.76,99.32,2.62,-1.06
1998-11-16,0.0,21.68,19.66,99.28,1.9,-3.33
1998-11-17,0.0,22.78,17.14,99.09,0.86,-3.82
1998-11-18,0.0,24.11,18.88,99.08,0.79,-1.25
1998-11-19,0.0,23.1,23.61,99.26,1.46,0.55
1998-11-20,0.0,23.56,16.97,99.49,1.59,-3.69
1998-11-21,0.0,23.58,14.54,99.38,1.5,-5.36
1998-11-22,0.0,22.95,13.82,99.3,1.13,-6.67
1998-11-23,0.0,22.7,14.39,99.37,1.42,-6.44
1998-11-24,0.0,23.11,14.63,99.48,1.46,-5.46
1998-11-25,0.0,22.58,19.28,99.49,1.73,-2.27
1998-11-26,0.0,22.69,20.09,99.46,1.78,-2.66
1998-11-27,0.0,22.25,15.87,99.43,1.78,-5.38
1998-11-28,0.0,21.34,14.09,99.46,1.7,-7.72
1998-11-29,0.0,20.31,13.99,99.5,1.7,-8.5
1998-11-30,0.0,20.9,13.62,99.7,1.78,-7.94
1998-12-01,0.0,21.57,13.66,99.68,1.11,-7.73
1998-12-02,0.0,22.0,13.67,99.58,1.13,-7.36
1998-12-03,0.0,22.77,13.0,99.75,1.17,-7.32
1998-12-04,0.0,22.63,14.03,99.85,1.4,-6.53
1998-12-05,0.0,22.82,14.48,99.67,1.26,-5.85
1998-12-06,0.0,22.54,16.16,99.69,1.53,-4.67
1998-12-07,0.0,22.96,17.2,99.7,1.08,-3.77
1998-12-08,0.0,21.91,15.11,99.62,1.47,-5.99
1998-12-09,0.0,20.23,13.4,99.61,1.31,-9.43
1998-12-10,0.0,21.94,9.25,99.6,1.02,-11.98
1998-12-11,0.0,21.14,9.6,99.68,1.34,-11.74
1998-12-12,0.0,19.08,13.23,99.76,1.87,-10.06
1998-12-13,0.0,18.6,16.07,99.83,1.95,-8.41
1998-12-14,0.0,18.63,17.6,99.91,2.53,-7.38
1998-12-15,0.0,19.49,15.51,99.72,1.57,-7.87
1998-12-16,0.0,19.77,15.37,99.62,1.44,-7.78
1998-12-17,0.0,20.34,14.81,99.64,1.31,-7.83
1998-12-18,0.0,20.48,14.38,99.5,1.51,-7.8
1998-12-19,0.0,19.76,24.22,99.4,2.59,-2.19
1998-12-20,0.0,19.92,52.69,99.2,1.47,8.31
1998-12-21,0.0,18.64,26.13,99.25,1.92,-2.11
1998-12-22,0.0,17.44,21.09,99.45,1.75,-6.06
1998-12-23,0.0,17.3,19.3,99.53,1.77,-7.11
1998-12-24,0.0,16.39,22.59,99.85,2.77,-5.48
1998-12-25,0.0,17.13,21.92,99.96,1.6,-5.45
1998-12-26,0.0,19.24,19.16,99.78,1.31,-5.49
1998-12-27,0.0,19.7,20.47,99.71,2.0,-4.11
1998-12-28,0.0,19.64,26.15,99.73,2.21,-0.72
1998-12-29,0.0,20.88,27.2,99.68,1.31,0.99
1998-12-30,0.0,19.15,34.88,99.57,1.8,2.09
1998-12-31,0.0,16.96,24.58,99.64,2.26,-5.55
1999-01-01,0.0,17.51,22.79,99.76,1.99,-4.92
1999-01-02,0.0,18.43,21.96,99.57,1.4,-4.46
1999-01-03,0.0,19.57,22.32,99.28,1.63,-2.74
1999-01-04,0.01,17.21,26.13,99.18,2.43,-2.74
1999-01-05,0.25,16.38,26.45,99.07,2.45,-3.24
1999-01-06,0.28,14.2,42.34,99.01,2.76,1.28
1999-01-07,0.0,14.26,33.94,99.34,1.45,-2.94
1999-01-08,0.0,15.2,25.97,99.64,2.09,-5.09
1999-01-09,0.0,15.08,22.37,99.61,1.79,-6.95
1999-01-10,0.0,15.19,22.64,99.74,1.66,-6.89
1999-01-11,0.0,16.38,21.47,99.51,2.75,-6.18
1999-01-12,0.0,15.69,31.21,99.49,2.97,-1.94
1999-01-13,0.0,14.59,32.05,99.84,3.02,-2.72
1999-01-14,0.0,14.73,30.31,99.9,2.46,-3.15
1999-01-15,0.0,15.45,29.23,99.89,2.15,-3.32
1999-01-16,0.0,16.9,25.67,99.87,1.77,-3.74
1999-01-17,0.0,16.65,25.21,99.79,1.91,-3.81
1999-01-18,0.0,18.38,23.97,99.58,2.32,-3.42
1999-01-19,0.01,20.04,23.58,99.38,2.33,-2.24
1999-01-20,0.01,19.93,30.66,99.35,2.44,1.71
1999-01-21,0.02,17.61,44.57,99.54,2.54,5.02
1999-01-22,0.0,17.58,45.13,99.44,1.6,4.2
1999-01-23,0.25,17.23,49.82,99.17,2.92,5.6
1999-01-24,0.0,14.91,52.71,99.56,1.82,4.21
1999-01-25,0.0,14.99,39.04,99.93,2.38,-0.4
1999-01-26,0.0,16.22,28.48,99.53,1.59,-3.14
1999-01-27,0.97,15.52,46.94,99.07,2.96,3.79
1999-01-28,0.0,13.54,36.37,99.29,1.85,-1.99
1999-01-29,0.0,16.03,30.75,99.54,1.43,-2.61
1999-01-30,0.0,15.83,24.3,99.23,2.32,-5.37
1999-01-31,0.0,15.69,18.58,99.15,1.66,-8.4
1999-02-01,0.0,15.54,19.34,99.36,1.87,-8.2
1999-02-02,0.0,14.73,26.86,99.78,3.13,-4.95
1999-02-03,0.0,13.93,28.57,100.14,4.23,-5.08
1999-02-04,0.0,13.75,25.31,100.07,3.15,-6.55
1999-02-05,0.0,16.2,19.79,99.92,2.35,-7.35
1999-02-06,0.0,17.13,16.65,99.89,2.73,-8.68
1999-02-07,0.0,16.15,30.29,99.75,2.5,-1.52
1999-02-08,0.0,17.25,37.93,99.73,3.79,2.42
1999-02-09,0.0,17.5,45.65,99.74,2.96,4.6
1999-02-10,0.0,21.0,32.21,99.5,1.0,2.88
1999-02-11,0.0,21.14,33.73,99.59,2.03,4.01
1999-02-12,0.0,20.56,46.16,99.92,2.41,7.0
1999-02-13,0.0,21.48,38.4,99.81,2.17,5.77
1999-02-14,0.0,23.32,27.15,99.53,1.87,2.25
1999-02-15,0.14,21.45,32.48,99.47,2.98,3.5
1999-02-16,0.98,21.83,40.99,99.55,2.91,6.79
1999-02-17,0.13,20.41,54.07,99.68,2.79,9.74
1999-02-18,0.0,20.97,42.94,99.72,1.63,6.48
1999-02-19,0.0,21.64,28.62,99.69,1.27,1.74
1999-02-20,0.0,20.81,23.76,99.69,2.37,-1.51
1999-02-21,0.0,21.3,26.09,99.65,2.23,0.08
1999-02-22,0.0,23.08,22.51,99.56,1.92,-0.26
1999-02-23,0.02,22.87,28.6,99.36,2.29,3.56
1999-02-24,0.02,23.13,29.27,99.33,2.18,3.92
1999-02-25,0.0,21.36,29.11,99.5,2.09,1.18
1999-02-26,0.0,21.32,44.8,99.52,1.93,8.59
1999-02-27,0.0,23.18,29.05,99.51,1.94,3.21
1999-02-28,0.0,25.04,22.88,99.47,1.37,2.08
1999-03-01,0.0,26.21,21.37,99.41,2.08,1.83
1999-03-02,0.0,27.29,20.76,99.23,2.09,2.52
1999-03-03,0.0,27.51,21.56,99.08,2.28,2.81
1999-03-04,0.0,26.47,25.97,98.88,4.05,4.74
1999-03-05,0.0,25.22,32.27,98.72,2.9,6.53
1999-03-06,0.06,24.98,29.48,98.69,2.0,5.58
1999-03-07,0.08,24.06,46.81,98.65,3.95,10.88
1999-03-08,0.0,21.01,23.27,98.61,3.47,-2.53
1999-03-09,0.0,20.98,13.51,98.77,1.76,-8.54
1999-03-10,0.0,23.13,11.4,98.83,1.38,-8.62
1999-03-11,0.0,23.42,11.28,98.91,1.53,-8.59
1999-03-12,0.0,24.34,9.84,98.96,1.56,-9.67
1999-03-13,0.0,23.4,8.44,99.13,2.52,-12.11
1999-03-14,0.0,24.84,6.6,99.11,1.94,-13.74
1999-03-15,0.0,25.36,6.33,98.95,1.92,-13.41
1999-03-16,0.0,24.98,13.89,98.52,4.44,-6.04
1999-03-17,0.0,23.94,19.33,98.51,4.23,-4.88
1999-03-18,0.0,23.59,10.54,98.8,2.32,-9.71
1999-03-19,0.0,24.87,13.67,98.9,1.6,-5.07
1999-03-20,0.0,21.23,11.26,99.11,4.01,-12.04
1999-03-21,0.0,21.13,13.73,99.23,2.0,-8.82
1999-03-22,0.0,25.61,9.26,99.04,1.67,-9.44
1999-03-23,0.0,26.88,17.03,98.88,4.26,-1.69
1999-03-24,0.0,27.8,32.26,98.62,3.83,6.23
1999-03-25,0.0,27.95,26.97,98.68,3.15,2.26
1999-03-26,0.0,28.19,10.67,98.98,1.93,-6.03
1999-03-27,0.0,29.95,10.69,98.95,2.05,-5.38
1999-03-28,0.0,30.87,9.4,98.8,3.25,-5.76
1999-03-29,0.0,30.88,11.04,98.84,4.58,-5.11
1999-03-30,0.0,30.51,14.23,98.78,3.39,-1.16
1999-03-31,0.0,30.38,17.99,98.55,3.89,1.93
1999-04-01,0.0,30.13,13.68,98.51,2.81,-2.09
1999-04-02,0.0,29.03,7.96,98.69,2.2,-9.31
1999-04-03,0.0,29.84,5.76,98.99,1.93,-11.55
1999-04-04,0.0,30.61,5.5,99.09,1.94,-11.38
1999-04-05,0.0,32.51,8.74,98.86,3.27,-5.04
1999-04-06,0.0,33.21,15.21,98.64,3.26,1.89
1999-04-07,0.0,34.25,18.08,98.39,1.99,4.6
1999-04-08,0.0,34.61,13.73,98.49,2.47,1.75
1999-04-09,0.0,35.15,11.19,98.54,3.01,0.08
1999-04-10,0.0,33.61,16.87,98.4,4.44,2.67
1999-04-11,0.0,32.29,25.25,98.31,7.86,5.39
1999-04-12,0.0,28.42,9.16,98.58,3.52,-8.63
1999-04-13,0.0,27.4,6.24,98.65,3.51,-12.91
1999-04-14,0.0,27.72,6.13,98.84,3.32,-12.28
1999-04-15,0.0,30.73,7.91,98.86,2.19,-7.27
1999-04-16,0.0,30.86,14.15,98.8,2.98,-0.66
1999-04-17,0.0,31.61,23.35,98.63,3.59,5.65
1999-04-18,0.0,32.35,19.37,98.54,2.42,3.97
1999-04-19,0.0,32.61,21.81,98.52,2.85,5.8
1999-04-20,0.0,31.92,20.83,98.5,5.34,4.63
1999-04-21,0.0,30.91,30.12,98.59,4.85,7.7
1999-04-22,0.0,31.85,19.29,98.63,2.67,2.78
1999-04-23,0.0,32.62,7.92,98.35,3.18,-6.72
1999-04-24,0.0,33.42,12.98,98.17,3.72,-0.94
1999-04-25,0.0,32.6,6.51,98.21,3.19,-9.13
1999-04-26,0.0,32.84,5.06,98.17,1.75,-10.83
1999-04-27,0.0,33.82,5.02,98.21,2.13,-10.18
1999-04-28,0.0,34.69,9.85,98.34,3.26,-2.44
1999-04-29,0.0,36.22,10.97,98.23,4.35,0.35
1999-04-30,0.0,36.69,12.9,98.12,3.86,2.06
1999-05-01,0.0,36.51,11.65,98.12,3.81,0.57
1999-05-02,0.0,35.59,9.79,98.06,4.19,-4.22
1999-05-03,0.0,35.38,12.71,98.08,3.63,-0.38
1999-05-04,0.0,35.57,27.65,98.24,6.01,11.75
1999-05-05,0.0,34.26,31.13,98.41,3.83,13.03
1999-05-06,0.0,34.12,27.67,98.32,3.9,10.57
1999-05-07,0.01,34.35,26.21,98.08,4.04,10.69
1999-05-08,0.0,34.65,27.94,98.12,4.06,10.22
1999-05-09,0.0,35.18,28.16,98.14,6.03,11.03
1999-05-10,0.0,33.93,34.2,98.01,5.55,12.72
1999-05-11,0.0,33.96,38.42,98.17,5.97,15.57
1999-05-12,0.04,34.59,35.44,98.21,6.27,14.53
1999-05-13,0.0,34.14,33.82,98.14,4.15,12.36
1999-05-14,0.0,34.18,27.9,97.98,3.39,10.01
1999-05-15,0.0,34.89,29.2,98.09,4.59,12.63
1999-05-16,0.0,34.72,26.12,98.24,4.15,9.07
1999-05-17,0.0,34.57,25.22,98.19,5.45,9.12
1999-05-18,0.0,34.85,31.6,98.18,5.63,12.15
1999-05-19,0.0,34.35,36.96,98.28,7.4,16.7
1999-05-20,0.44,32.98,41.8,98.18,4.7,17.83
1999-05-21,3.21,30.55,55.95,97.99,6.52,20.63
1999-05-22,15.9,29.97,61.69,97.8,6.03,21.65
1999-05-23,0.04,31.9,51.03,97.94,3.29,19.61
1999-05-24,0.0,32.29,42.95,97.79,4.13,15.92
1999-05-25,0.0,31.2,29.94,97.74,3.1,9.18
1999-05-26,0.0,32.56,30.82,97.97,2.15,11.1
1999-05-27,0.0,33.68,28.15,98.31,2.96,11.27
1999-05-28,0.0,34.62,30.21,98.11,5.4,13.53
1999-05-29,0.0,32.88,39.77,97.71,6.93,15.34
1999-05-30,0.0,32.19,45.35,97.7,8.23,16.81
1999-05-31,0.0,31.81,45.77,97.96,7.26,16.84
1999-06-01,0.02,32.03,41.77,98.28,5.27,15.58
1999-06-02,0.01,32.89,41.98,98.01,8.56,16.59
1999-06-03,0.02,32.63,45.51,97.96,4.67,17.72
1999-06-04,0.1,33.09,45.68,98.11,5.68,18.36
1999-06-05,0.02,33.9,45.32,98.27,5.58,19.18
1999-06-06,0.0,34.67,42.71,98.2,6.06,18.85
1999-06-07,0.0,35.12,43.43,98.02,6.57,19.44
1999-06-08,0.0,35.08,45.42,97.94,5.49,20.39
1999-06-09,0.0,35.89,39.71,97.69,5.67,17.75
1999-06-10,0.0,36.3,36.11,97.64,5.16,15.36
1999-06-11,0.0,36.11,33.27,97.8,4.45,15.1
1999-06-12,0.0,36.22,29.29,97.74,3.92,13.23
1999-06-13,0.0,35.9,33.83,97.91,4.56,16.36
1999-06-14,0.0,36.4,33.14,98.1,4.17,16.98
1999-06-15,0.0,36.29,33.08,98.03,5.17,16.22
1999-06-16,0.0,35.52,34.75,97.86,5.73,16.42
1999-06-17,0.0,35.48,36.61,97.86,5.56,17.21
1999-06-18,0.0,36.56,33.44,97.9,4.06,17.01
1999-06-19,0.0,38.74,29.54,97.67,2.77,16.36
1999-06-20,6.04,38.24,32.28,97.56,2.46,18.28
1999-06-21,0.23,35.87,41.46,97.6,4.19,20.31
1999-06-22,0.0,36.07,37.5,97.58,4.85,18.71
1999-06-23,0.0,35.82,38.75,97.6,6.66,18.35
1999-06-24,0.0,35.14,44.01,97.68,8.6,19.8
1999-06-25,0.0,35.6,44.02,97.63,8.34,20.22
1999-06-26,0.0,35.64,40.59,97.56,7.23,17.93
1999-06-27,0.0,35.69,39.48,97.63,7.35,17.5
1999-06-28,0.0,34.83,43.29,97.71,7.38,18.88
1999-06-29,0.0,35.03,43.73,97.88,6.83,19.73
1999-06-30,0.0,34.36,44.93,97.89,6.58,19.78
1999-07-01,0.0,34.46,45.39,97.68,7.56,19.87
1999-07-02,0.0,34.5,44.84,97.42,7.81,19.62
1999-07-03,0.0,34.55,46.36,97.48,6.04,20.3
1999-07-04,0.0,34.71,44.88,97.88,4.63,20.19
1999-07-05,0.0,34.97,40.35,98.03,4.18,18.88
1999-07-06,0.01,35.77,36.47,97.97,4.31,17.9
1999-07-07,0.0,35.9,34.09,98.11,4.52,16.95
1999-07-08,0.04,36.5,34.33,98.12,4.6,17.6
1999-07-09,0.0,37.22,36.54,97.87,5.71,19.36
1999-07-10,0.0,35.08,42.01,97.54,8.42,19.51
1999-07-11,0.0,34.03,47.97,97.36,8.99,20.54
1999-07-12,0.18,34.45,47.51,97.41,7.03,20.44
1999-07-13,0.07,34.92,46.62,97.79,5.72,20.9
1999-07-14,0.0,36.16,40.53,97.7,5.76,19.18
1999-07-15,0.0,35.73,38.47,97.57,4.48,17.68
1999-07-16,0.0,37.08,35.28,97.46,3.33,17.88
1999-07-17,0.0,38.01,33.65,97.45,3.18,18.09
1999-07-18,0.55,39.27,33.08,97.49,4.01,19.49
1999-07-19,0.06,37.24,40.6,97.43,5.52,20.84
1999-07-20,0.03,35.01,44.21,97.53,6.28,20.55
1999-07-21,0.01,33.87,42.05,97.62,5.09,18.55
1999-07-22,0.02,35.01,41.68,97.68,4.0,19.32
1999-07-23,0.0,35.46,41.94,97.68,4.45,19.7
1999-07-24,0.0,36.3,38.02,97.56,5.5,18.49
1999-07-25,0.0,35.11,40.31,97.53,5.87,18.16
1999-07-26,0.0,34.89,38.36,97.62,5.27,17.34
1999-07-27,0.0,35.2,41.42,97.6,6.91,19.07
1999-07-28,0.0,35.02,43.29,97.49,6.09,19.35
1999-07-29,0.0,34.4,42.0,97.41,4.87,18.31
1999-07-30,0.18,35.97,39.55,97.48,2.91,18.84
1999-07-31,1.17,34.45,45.95,97.74,4.01,20.81
1999-08-01,10.01,30.17,71.49,97.81,4.63,24.34
1999-08-02,27.6,29.37,78.79,97.71,3.03,25.16
1999-08-03,1.11,31.53,63.77,97.67,2.4,23.56
1999-08-04,0.01,32.12,58.06,97.82,3.28,22.64
1999-08-05,0.0,33.57,52.27,97.78,3.99,22.08
1999-08-06,0.0,33.97,50.04,97.54,4.8,21.53
1999-08-07,0.0,33.39,48.16,97.54,4.67,20.32
1999-08-08,0.0,33.67,48.38,97.6,4.64,20.47
1999-08-09,0.0,33.89,47.67,97.65,4.23,20.67
1999-08-10,0.0,34.04,48.28,97.97,3.51,21.17
1999-08-11,0.0,34.0,47.42,97.96,5.13,20.91
1999-08-12,0.0,33.47,45.08,97.67,6.22,19.15
1999-08-13,0.0,32.92,47.23,97.49,6.03,18.97
1999-08-14,0.0,32.27,47.22,97.84,5.29,18.43
1999-08-15,0.0,32.36,46.64,98.21,4.24,18.54
1999-08-16,0.0,32.73,43.42,98.28,4.53,17.69
1999-08-17,0.02,33.43,42.38,98.27,3.59,18.04
1999-08-18,0.0,33.83,40.39,98.34,3.75,17.73
1999-08-19,0.0,32.8,43.43,98.42,4.46,18.21
1999-08-20,0.0,33.15,41.17,98.3,4.49,17.39
1999-08-21,0.0,33.24,39.28,98.07,4.27,16.59
1999-08-22,0.0,32.81,43.26,98.15,4.57,17.88
1999-08-23,0.0,32.79,43.53,98.33,4.37,18.14
1999-08-24,0.0,33.06,41.88,98.22,4.86,17.49
1999-08-25,0.0,32.5,44.57,97.95,5.88,17.81
1999-08-26,0.0,32.08,43.75,98.01,4.89,17.16
1999-08-27,0.0,32.76,44.23,98.33,3.95,18.38
1999-08-28,0.0,32.92,44.23,98.28,3.98,18.45
1999-08-29,0.0,32.85,41.15,98.33,4.69,17.19
1999-08-30,0.0,33.08,40.34,98.38,4.43,16.97
1999-08-31,0.0,32.73,42.32,98.3,4.64,17.36
1999-09-01,0.0,33.21,41.9,98.2,5.15,17.64
1999-09-02,0.0,33.21,40.95,98.29,4.55,17.18
1999-09-03,0.0,32.94,41.66,98.3,3.73,17.34
1999-09-04,0.0,33.16,41.56,98.31,3.06,17.21
1999-09-05,0.0,33.71,37.6,98.24,2.62,16.32
1999-09-06,0.12,34.23,37.03,98.14,3.15,16.8
1999-09-07,0.01,34.21,40.87,98.23,3.95,18.34
1999-09-08,0.0,34.38,37.83,98.27,3.3,17.21
1999-09-09,0.0,34.3,36.62,98.16,3.29,16.35
1999-09-10,0.0,34.58,34.19,98.14,2.33,15.26
1999-09-11,0.0,35.44,26.71,98.17,2.04,12.19
1999-09-12,0.0,35.16,24.35,98.07,2.23,10.44
1999-09-13,0.0,35.18,24.94,98.08,3.87,9.81
1999-09-14,0.0,33.89,34.32,98.06,2.92,13.62
1999-09-15,0.0,32.56,40.98,98.07,3.88,15.85
1999-09-16,0.0,31.8,44.07,98.08,4.4,16.72
1999-09-17,0.0,31.83,43.09,98.14,4.97,16.51
1999-09-18,0.0,31.56,42.05,98.22,4.44,16.18
1999-09-19,0.0,32.19,41.3,98.54,3.1,16.75
1999-09-20,0.0,33.28,38.25,98.68,2.74,16.42
1999-09-21,0.0,33.58,36.74,98.6,4.12,16.17
1999-09-22,0.0,33.22,36.47,98.53,4.65,15.9
1999-09-23,0.0,32.85,39.32,98.62,3.61,16.47
1999-09-24,0.0,33.35,35.52,98.71,2.42,15.27
1999-09-25,0.0,33.35,30.19,98.59,2.32,12.49
1999-09-26,0.0,33.68,34.53,98.44,2.89,14.45
1999-09-27,0.0,33.8,32.0,98.61,2.49,13.42
1999-09-28,0.0,34.17,28.56,98.65,2.32,11.39
1999-09-29,0.0,34.03,22.79,98.57,2.23,9.24
1999-09-30,0.07,34.22,31.69,98.71,2.7,14.56
1999-10-01,3.08,32.95,38.22,98.76,2.31,16.48
1999-10-02,0.07,31.0,47.1,98.85,2.38,17.72
1999-10-03,0.0,31.16,40.49,98.72,2.15,14.91
1999-10-04,0.0,31.67,35.08,98.74,1.92,12.28
1999-10-05,0.0,31.61,24.09,98.79,1.96,7.8
1999-10-06,0.0,32.29,21.07,98.8,1.66,6.12
1999-10-07,0.0,32.07,16.73,98.66,1.29,2.68
1999-10-08,0.0,32.99,13.51,98.51,0.67,0.83
1999-10-09,0.0,31.35,35.37,98.76,1.81,12.72
1999-10-10,0.0,31.27,36.11,98.93,2.03,13.39
1999-10-11,0.0,30.8,18.61,98.89,1.64,2.25
1999-10-12,0.03,29.62,26.99,98.86,1.98,2.82
1999-10-13,0.0,28.66,31.36,99.0,1.85,5.55
1999-10-14,0.0,29.19,11.76,99.09,2.28,-4.07
1999-10-15,0.0,30.12,13.29,99.08,1.33,-2.15
1999-10-16,0.0,31.02,11.61,98.99,1.08,-2.48
1999-10-17,0.0,30.24,15.02,98.65,2.12,0.3
1999-10-18,0.0,29.78,24.71,98.44,2.58,5.97
1999-10-19,0.0,30.37,18.41,98.62,1.53,2.47
1999-10-20,0.0,30.6,19.3,98.73,1.8,3.81
1999-10-21,0.0,29.75,26.34,98.93,2.25,7.01
1999-10-22,0.0,29.27,23.32,99.16,1.37,5.0
1999-10-23,0.0,29.36,19.24,99.25,1.49,2.61
1999-10-24,0.0,28.98,18.09,99.17,1.54,1.61
1999-10-25,0.0,29.8,15.57,99.06,1.04,0.23
1999-10-26,0.0,29.54,13.72,99.08,1.05,-1.59
1999-10-27,0.0,29.84,11.81,99.04,1.36,-3.25
1999-10-28,0.0,28.92,12.77,98.89,1.91,-2.89
1999-10-29,0.0,29.15,15.55,98.82,1.57,-0.89
1999-10-30,0.0,27.69,20.35,98.7,1.95,1.58
1999-10-31,0.0,28.05,29.57,98.7,2.21,6.37
1999-11-01,0.0,28.31,26.38,99.02,1.31,5.22
1999-11-02,0.0,29.36,16.65,99.2,1.33,1.07
1999-11-03,0.0,29.01,16.8,99.06,2.12,0.86
1999-11-04,0.0,27.65,28.18,98.81,3.71,6.8
1999-11-05,0.07,27.51,43.23,98.98,2.83,11.94
1999-11-06,0.0,26.01,18.32,99.19,1.86,-0.94
1999-11-07,0.0,24.27,11.82,99.3,1.69,-8.19
1999-11-08,0.0,24.76,8.7,99.32,1.41,-10.54
1999-11-09,0.0,24.96,7.89,99.25,1.53,-11.31
1999-11-10,0.0,24.04,18.39,99.14,2.22,-2.17
1999-11-11,0.0,24.17,16.12,99.34,1.56,-3.95
1999-11-12,0.0,24.72,15.33,99.43,1.28,-3.66
1999-11-13,0.0,24.94,21.8,99.53,1.97,1.16
1999-11-14,0.0,25.96,32.29,99.62,1.24,7.26
1999-11-15,0.0,26.33,26.35,99.54,1.97,4.88
1999-11-16,0.0,25.25,12.87,99.58,1.56,-5.93
1999-11-17,0.0,27.18,18.61,99.63,1.36,0.89
1999-11-18,0.0,25.95,16.93,99.6,1.33,-3.07
1999-11-19,0.0,24.55,15.49,99.44,1.45,-3.53
1999-11-20,0.0,24.77,13.58,99.44,1.0,-5.39
1999-11-21,0.0,24.07,15.04,99.41,1.81,-4.37
1999-11-22,0.0,22.65,19.23,99.51,1.57,-2.39
1999-11-23,0.0,22.4,19.19,99.6,2.68,-3.31
1999-11-24,0.0,22.6,18.98,99.53,1.48,-2.62
1999-11-25,0.0,22.76,17.49,99.42,1.13,-3.62
1999-11-26,0.0,22.93,18.5,99.42,1.31,-2.91
1999-11-27,0.0,23.41,17.18,99.59,1.25,-3.31
1999-11-28,0.0,23.38,17.43,99.53,1.8,-3.33
1999-11-29,0.0,24.17,15.71,99.46,1.81,-4.08
1999-11-30,0.0,22.76,17.04,99.38,2.16,-4.0
1999-12-01,0.0,22.99,15.99,99.59,1.08,-4.61
1999-12-02,0.0,21.89,17.47,99.77,1.72,-4.45
1999-12-03,0.0,23.07,15.15,99.63,1.32,-5.31
1999-12-04,0.0,23.2,15.07,99.63,1.13,-5.02
1999-12-05,0.0,21.36,17.02,99.57,1.46,-5.12
1999-12-06,0.0,19.98,19.12,99.31,2.11,-4.64
1999-12-07,0.0,17.5,21.29,99.5,3.32,-5.52
1999-12-08,0.0,16.81,20.93,99.87,2.42,-6.35
1999-12-09,0.0,17.6,18.58,99.85,1.58,-6.97
1999-12-10,0.0,18.37,20.37,99.83,1.63,-5.88
1999-12-11,0.0,19.44,17.38,99.81,1.76,-6.48
1999-12-12,0.0,20.35,16.07,99.69,1.44,-6.53
1999-12-13,0.0,19.58,17.17,99.61,1.58,-6.38
1999-12-14,0.0,20.41,18.28,99.46,1.45,-4.87
1999-12-15,0.0,20.6,16.9,99.5,1.11,-5.82
1999-12-16,0.0,20.15,15.91,99.53,1.56,-6.98
1999-12-17,0.0,21.01,13.34,99.57,1.03,-8.17
1999-12-18,0.0,20.43,13.62,99.51,1.3,-8.34
1999-12-19,0.0,19.08,16.64,99.53,1.47,-6.93
1999-12-20,0.0,18.18,17.49,99.72,2.66,-7.02
1999-12-21,0.0,18.0,15.33,99.76,1.93,-9.14
1999-12-22,0.0,19.18,14.51,99.82,1.63,-8.46
1999-12-23,0.0,19.06,13.3,99.84,1.89,-9.48
1999-12-24,0.0,19.36,12.51,99.88,1.58,-10.22
1999-12-25,0.0,18.67,11.47,99.77,1.24,-12.01
1999-12-26,0.0,16.72,11.56,99.52,1.55,-13.06
1999-12-27,0.0,15.49,13.56,99.83,3.07,-12.11
1999-12-28,0.0,17.02,13.81,99.87,1.5,-11.1
1999-12-29,0.0,17.42,13.6,99.68,1.7,-10.84
1999-12-30,0.0,17.16,15.4,99.43,1.62,-9.61
1999-12-31,0.0,17.32,15.41,99.34,1.64,-9.39
2000-01-01,0.0,16.78,17.3,99.52,2.6,-8.71
2000-01-02,0.0,16.77,18.29,99.57,2.55,-8.01
2000-01-03,0.0,16.77,16.35,99.5,1.81,-9.47
2000-01-04,0.0,18.11,15.64,99.38,1.71,-8.59
2000-01-05,0.0,17.6,20.58,99.51,1.9,-5.51
2000-01-06,0.0,17.89,15.82,99.59,1.38,-9.15
2000-01-07,0.0,18.63,16.22,99.35,2.63,-7.62
2000-01-08,0.0,18.78,45.2,99.18,2.92,5.64
2000-01-09,0.0,19.06,28.25,99.23,1.57,-0.05
2000-01-10,0.0,20.51,28.38,99.12,1.28,1.03
2000-01-11,0.0,18.85,33.08,99.02,2.6,1.9
2000-01-12,0.04,16.59,54.46,99.06,2.94,6.73
2000-01-13,0.0,12.25,37.65,99.42,2.98,-7.4
2000-01-14,0.0,11.06,14.84,99.39,2.6,-14.32
2000-01-15,0.0,12.0,13.8,99.63,1.76,-14.41
2000-01-16,0.0,12.26,14.89,99.94,2.49,-13.55
2000-01-17,0.0,12.48,22.68,100.05,3.56,-8.84
2000-01-18,0.0,14.61,17.93,99.95,2.49,-10.21
2000-01-19,0.0,17.28,13.75,99.7,1.62,-10.88
2000-01-20,0.0,20.21,25.19,99.04,3.42,-1.25
2000-01-21,0.0,20.04,54.38,98.96,2.58,8.2
2000-01-22,0.0,19.53,37.49,99.26,1.71,3.58
2000-01-23,0.0,18.75,31.96,99.55,2.34,0.54
2000-01-24,0.0,20.1,27.36,99.5,1.83,0.05
2000-01-25,0.17,19.89,42.75,99.4,2.76,6.41
2000-01-26,0.0,17.48,41.38,99.84,4.31,2.61
2000-01-27,0.0,15.32,35.38,100.06,3.05,-1.02
2000-01-28,0.0,15.56,26.46,100.08,2.26,-4.53
2000-01-29,0.0,17.63,18.75,99.9,1.42,-7.11
2000-01-30,0.0,18.75,15.21,99.57,2.83,-8.94
2000-01-31,0.0,17.61,37.7,99.12,3.72,-1.21
2000-02-01,0.0,15.92,24.73,99.18,2.3,-5.2
2000-02-02,0.0,16.85,18.85,99.23,1.96,-8.37
2000-02-03,0.0,15.58,23.61,99.48,3.02,-6.24
2000-02-04,0.3,14.76,36.66,99.27,3.08,-1.09
2000-02-05,0.0,12.75,54.45,99.35,2.28,1.97
2000-02-06,0.0,15.31,34.59,99.39,2.08,-1.5
2000-02-07,0.0,15.79,32.37,99.49,2.3,-1.58
2000-02-08,0.0,16.62,33.09,99.38,1.81,-0.86
2000-02-09,0.0,18.8,35.36,99.29,3.37,2.73
2000-02-10,0.04,17.68,43.3,99.07,2.39,4.43
2000-02-11,0.33,15.22,23.63,99.22,2.15,-8.85
2000-02-12,0.0,13.5,12.11,99.38,1.65,-15.06
2000-02-13,0.0,13.84,25.21,99.73,3.09,-6.87
2000-02-14,0.0,14.96,18.6,99.8,2.11,-9.42
2000-02-15,0.0,17.15,16.92,99.58,1.53,-9.16
2000-02-16,0.0,17.83,12.29,99.38,2.6,-11.75
2000-02-17,0.0,17.32,13.64,99.24,2.77,-11.03
2000-02-18,0.0,18.12,14.42,99.12,2.18,-9.42
2000-02-19,0.0,18.47,14.82,99.15,2.46,-9.1
2000-02-20,0.0,18.8,16.54,99.14,2.74,-7.11
2000-02-21,0.0,16.68,18.86,99.45,3.15,-7.68
2000-02-22,0.0,17.0,17.51,99.6,3.21,-8.65
2000-02-23,0.0,18.37,15.21,99.6,2.87,-9.14
2000-02-24,0.0,18.77,13.96,99.68,2.34,-9.68
2000-02-25,0.0,19.94,12.1,99.42,2.51,-10.21
2000-02-26,0.0,20.72,11.39,99.15,2.19,-10.5
2000-02-27,0.0,22.74,25.66,99.06,2.9,1.2
2000-02-28,0.0,25.33,34.08,99.26,1.9,6.61
2000-02-29,0.0,26.34,25.51,99.11,3.25,3.93
2000-03-01,0.0,25.98,19.31,98.9,1.79,0.59
2000-03-02,0.0,23.68,18.15,98.94,2.17,-3.94
2000-03-03,0.0,23.05,17.72,98.79,3.44,-3.28
2000-03-04,0.0,20.29,26.82,98.84,4.64,-4.59
2000-03-05,0.0,17.8,12.27,99.16,2.12,-12.17
2000-03-06,0.0,18.97,10.54,99.0,1.95,-13.02
2000-03-07,0.0,20.88,10.7,99.19,1.62,-10.97
2000-03-08,0.0,20.75,11.55,99.51,2.03,-10.32
2000-03-09,0.0,22.33,8.9,99.13,3.12,-12.13
2000-03-10,0.0,23.89,34.74,98.61,4.45,4.11
2000-03-11,0.0,22.43,8.78,98.6,3.48,-13.71
2000-03-12,0.0,21.98,11.19,98.46,1.64,-13.05
2000-03-13,0.0,21.46,10.76,98.68,2.02,-10.88
2000-03-14,0.0,23.15,9.61,99.1,1.63,-11.06
2000-03-15,0.0,23.97,12.03,99.09,3.23,-7.38
2000-03-16,0.0,24.75,23.24,98.79,3.42,0.75
2000-03-17,0.0,23.3,7.96,98.69,3.13,-13.82
2000-03-18,0.0,21.84,4.86,99.0,2.46,-18.08
2000-03-19,0.0,24.91,5.02,99.16,1.5,-15.99
2000-03-20,0.0,26.22,10.59,98.81,3.6,-7.41
2000-03-21,0.13,23.97,17.47,98.8,2.27,-3.65
2000-03-22,0.19,23.37,19.94,99.08,2.71,-1.74
2000-03-23,0.0,24.61,17.75,99.35,1.65,-2.47
2000-03-24,0.0,25.21,15.81,99.53,2.03,-3.97
2000-03-25,0.0,27.06,12.93,99.42,1.65,-4.61
2000-03-26,0.0,27.97,12.22,99.27,1.66,-4.54
2000-03-27,0.0,28.62,10.86,99.17,1.55,-5.38
2000-03-28,0.0,30.02,8.5,99.08,1.78,-7.12
2000-03-29,0.0,30.52,7.13,99.01,1.82,-9.0
2000-03-30,0.0,31.25,9.11,98.86,2.25,-5.5
2000-03-31,0.0,29.66,15.19,98.78,2.14,0.16
2000-04-01,0.0,29.45,17.48,98.94,1.8,1.73
2000-04-02,0.0,30.12,13.23,98.82,1.44,-2.35
2000-04-03,0.0,29.95,9.03,98.71,2.75,-6.29
2000-04-04,0.0,29.17,7.69,98.65,3.19,-9.62
2000-04-05,0.0,29.19,3.75,98.65,1.61,-15.66
2000-04-06,0.0,29.59,5.85,98.67,1.65,-11.38
2000-04-07,0.0,30.01,9.82,98.7,3.21,-5.21
2000-04-08,0.0,29.83,16.24,98.88,2.36,-0.54
2000-04-09,0.0,32.65,9.67,98.71,2.73,-3.63
2000-04-10,0.0,32.88,12.7,98.5,1.81,-1.93
2000-04-11,0.0,33.38,12.54,98.46,2.07,-1.1
2000-04-12,0.0,33.74,22.65,98.39,3.37,6.49
2000-04-13,0.0,34.12,17.7,98.23,3.81,4.21
2000-04-14,0.0,32.89,16.77,98.1,3.59,-1.68
2000-04-15,0.0,32.75,7.8,98.37,1.46,-7.13
2000-04-16,0.0,33.25,14.08,98.47,2.34,0.72
2000-04-17,0.0,33.18,26.17,98.46,2.88,8.8
2000-04-18,0.0,34.58,18.47,98.43,2.66,5.39
2000-04-19,0.0,34.34,24.44,98.45,4.35,8.08
2000-04-20,0.0,33.35,26.37,98.36,6.97,8.22
2000-04-21,0.0,31.63,39.97,98.26,6.36,14.58
2000-04-22,0.0,34.3,36.48,98.2,4.76,13.52
2000-04-23,0.09,34.41,34.93,98.24,4.63,13.45
2000-04-24,0.0,34.71,33.69,98.15,3.89,11.85
2000-04-25,0.0,35.37,32.34,97.95,5.12,10.12
2000-04-26,0.0,35.88,28.4,97.96,4.78,8.52
2000-04-27,0.0,35.64,24.32,98.08,4.04,5.61
2000-04-28,0.0,34.68,12.22,98.15,4.42,-2.41
2000-04-29,0.0,33.08,7.56,98.34,3.6,-6.77
2000-04-30,0.0,34.53,23.08,98.47,3.38,2.71
2000-05-01,0.0,35.56,28.32,98.36,3.9,10.9
2000-05-02,0.0,36.02,28.53,98.38,5.09,11.87
2000-05-03,0.0,35.66,23.39,98.5,5.7,8.36
2000-05-04,0.0,34.32,27.77,98.44,5.46,10.84
2000-05-05,0.0,35.09,27.45,98.5,2.11,11.77
2000-05-06,0.0,37.76,18.53,98.38,2.65,8.88
2000-05-07,0.17,37.43,18.82,98.33,4.03,8.35
2000-05-08,0.0,36.57,23.19,98.28,2.35,10.45
2000-05-09,0.0,36.49,27.86,98.31,2.17,13.26
2000-05-10,0.0,36.47,30.97,98.26,4.23,15.55
2000-05-11,0.0,35.74,33.31,98.24,5.04,15.93
2000-05-12,0.0,34.42,37.98,98.28,6.23,17.13
2000-05-13,0.0,34.04,43.14,98.38,6.73,18.93
2000-05-14,0.0,34.53,40.72,98.37,6.42,18.22
2000-05-15,0.0,34.75,36.54,98.25,6.89,16.45
2000-05-16,0.0,35.07,37.94,98.15,6.19,17.74
2000-05-17,0.0,35.08,39.54,98.05,5.27,18.44
2000-05-18,0.0,36.01,34.72,97.88,4.8,17.01
2000-05-19,0.0,35.76,33.51,97.8,4.67,15.79
2000-05-20,0.0,36.24,34.95,97.92,5.56,16.8
2000-05-21,0.0,36.05,36.23,98.0,6.75,17.0
2000-05-22,0.0,35.1,39.65,97.95,8.36,17.39
2000-05-23,0.0,35.26,41.15,97.92,7.94,18.53
2000-05-24,0.0,35.44,39.48,97.87,6.92,17.26
2000-05-25,0.0,35.49,40.26,97.77,7.99,16.96
2000-05-26,0.0,35.84,40.18,97.57,7.85,17.21
2000-05-27,0.0,35.09,43.02,97.72,7.91,18.89
2000-05-28,0.0,34.59,41.57,98.0,5.59,18.11
2000-05-29,0.0,35.14,37.06,98.12,6.53,16.67
2000-05-30,0.0,34.7,37.87,98.09,6.82,16.73
2000-05-31,0.0,35.0,38.51,98.0,7.72,17.33
2000-06-01,0.0,35.22,43.89,97.8,7.07,19.69
2000-06-02,0.0,35.8,41.42,97.85,5.54,18.97
2000-06-03,0.0,36.06,39.09,97.83,5.98,18.48
2000-06-04,0.03,36.28,38.22,97.74,3.97,17.89
2000-06-05,0.1,36.78,32.04,97.75,2.47,15.82
2000-06-06,0.0,38.44,12.91,97.59,3.58,3.31
2000-06-07,0.0,37.73,17.35,97.5,3.96,7.89
2000-06-08,0.0,38.36,27.62,97.44,3.96,14.9
2000-06-09,0.02,37.05,33.5,97.58,6.37,15.86
2000-06-10,0.06,35.38,39.23,97.78,4.94,18.11
2000-06-11,0.09,35.5,38.59,97.87,3.71,17.92
2000-06-12,0.01,36.51,37.68,97.77,5.11,18.49
2000-06-13,0.0,35.82,40.67,97.74,6.88,18.75
2000-06-14,0.0,35.74,39.87,97.66,7.25,17.6
2000-06-15,0.0,36.06,38.09,97.62,6.37,15.54
2000-06-16,0.0,35.98,37.07,97.7,6.91,15.61
2000-06-17,0.0,34.93,36.27,97.77,5.38,14.76
2000-06-18,0.0,35.29,29.97,97.66,5.47,9.47
2000-06-19,0.0,34.89,34.21,97.65,6.08,13.57
2000-06-20,0.0,34.73,35.6,97.7,4.32,15.41
2000-06-21,0.0,35.33,35.94,97.83,4.54,16.47
2000-06-22,0.0,35.35,39.49,97.75,7.52,18.31
2000-06-23,0.0,34.3,41.16,97.84,7.34,17.95
2000-06-24,0.0,34.5,41.17,97.77,7.86,17.83
2000-06-25,0.0,34.27,42.7,97.64,9.72,17.83
2000-06-26,0.0,33.51,45.23,97.74,9.0,18.47
2000-06-27,0.0,33.97,45.63,97.81,7.66,19.36
2000-06-28,0.0,34.73,43.4,97.95,6.63,19.28
2000-06-29,0.0,35.54,38.09,97.91,5.11,17.98
2000-06-30,0.0,37.06,34.34,97.69,3.21,17.9
2000-07-01,0.01,38.74,30.43,97.65,3.0,17.54
2000-07-02,0.1,36.54,41.64,97.76,5.16,21.16
2000-07-03,0.17,34.34,48.16,97.85,3.92,21.63
2000-07-04,0.06,35.44,44.13,97.86,3.52,20.87
2000-07-05,0.0,36.71,41.02,97.87,3.44,20.45
2000-07-06,0.0,37.08,40.2,97.71,5.89,20.8
2000-07-07,0.0,36.22,41.9,97.6,6.41,20.32
2000-07-08,0.0,35.75,40.38,97.54,6.17,19.23
2000-07-09,0.0,35.65,41.36,97.39,6.72,19.21
2000-07-10,0.0,35.59,39.01,97.39,6.62,18.37
2000-07-11,0.0,35.59,39.14,97.42,5.67,18.58
2000-07-12,0.59,36.21,38.49,97.5,2.95,18.97
2000-07-13,1.6,35.91,41.84,97.42,4.04,20.58
2000-07-14,27.54,31.49,67.44,97.49,2.02,24.62
2000-07-15,26.87,29.74,78.36,97.56,0.93,25.53
2000-07-16,0.3,31.95,62.18,97.49,3.79,23.27
2000-07-17,0.0,32.27,55.62,97.56,4.96,21.6
2000-07-18,0.0,32.53,51.9,97.53,5.09,20.36
2000-07-19,0.0,31.98,52.08,97.54,4.6,20.05
2000-07-20,0.07,32.25,51.54,97.65,3.6,20.33
2000-07-21,0.74,30.14,59.33,97.82,3.97,21.16
2000-07-22,0.55,28.23,65.95,98.01,4.96,21.16
2000-07-23,0.01,31.48,49.96,97.96,5.68,18.78
2000-07-24,0.0,31.44,49.93,97.83,7.42,18.58
2000-07-25,0.0,31.38,51.91,98.02,6.11,19.12
2000-07-26,0.0,31.46,50.7,98.06,5.4,18.88
2000-07-27,0.0,31.74,49.04,98.0,3.85,18.6
2000-07-28,0.0,32.49,47.94,97.98,4.3,19.14
2000-07-29,0.0,33.04,45.93,98.11,4.01,19.12
2000-07-30,0.0,32.98,44.28,98.15,5.87,18.61
2000-07-31,0.0,31.66,51.03,97.91,6.59,19.46
2000-08-01,0.0,30.94,55.15,97.79,7.6,20.32
2000-08-02,0.0,30.89,54.93,97.88,7.03,20.02
2000-08-03,0.0,31.4,52.95,98.0,6.15,19.93
2000-08-04,0.0,31.68,51.3,98.16,5.52,19.61
2000-08-05,0.0,32.45,47.29,98.14,5.65,18.92
2000-08-06,0.0,32.33,48.02,98.05,5.94,18.86
2000-08-07,0.0,32.41,46.61,98.1,5.25,18.41
2000-08-08,0.0,33.21,46.28,98.09,5.36,19.26
2000-08-09,0.0,33.0,46.89,97.89,4.96,19.34
2000-08-10,0.0,34.27,45.21,97.81,3.42,19.82
2000-08-11,0.29,36.05,37.62,97.82,3.02,18.67
2000-08-12,0.02,36.36,38.49,97.92,3.16,19.39
2000-08-13,1.7,35.14,44.56,98.2,2.18,20.96
2000-08-14,0.12,35.05,44.2,98.16,4.17,20.56
2000-08-15,0.0,33.72,48.06,98.03,5.84,20.48
2000-08-16,0.0,32.87,49.38,97.99,6.56,20.12
2000-08-17,0.0,32.95,46.99,97.84,5.73,18.81
2000-08-18,0.0,32.56,46.03,97.87,4.82,18.13
2000-08-19,0.0,34.05,44.47,98.07,2.79,19.21
2000-08-20,0.0,36.17,36.07,97.96,2.52,17.95
2000-08-21,0.01,36.43,37.04,97.75,3.47,18.13
2000-08-22,0.0,35.24,37.91,97.93,3.19,17.58
2000-08-23,0.0,36.72,31.3,98.02,2.73,16.54
2000-08-24,0.0,37.29,32.16,97.84,2.86,16.52
2000-08-25,0.0,37.88,32.13,97.79,3.62,17.39
2000-08-26,0.16,37.15,38.95,97.9,3.98,20.59
2000-08-27,3.68,35.99,45.05,97.97,3.83,21.67
2000-08-28,0.02,35.25,45.51,97.85,5.09,21.22
2000-08-29,0.0,34.22,48.83,97.7,6.51,21.16
2000-08-30,0.0,33.18,49.66,97.65,6.99,20.31
2000-08-31,0.0,33.2,47.73,97.61,6.6,19.34
2000-09-01,0.0,32.43,48.26,97.76,5.49,19.12
2000-09-02,0.0,33.23,45.82,97.86,4.53,19.02
2000-09-03,0.0,33.62,43.32,97.98,4.66,18.66
2000-09-04,0.0,33.89,40.64,98.15,3.8,17.79
2000-09-05,0.01,33.94,40.58,98.08,5.35,18.01
2000-09-06,0.0,33.04,41.14,97.98,5.41,17.08
2000-09-07,0.0,31.95,44.2,98.12,5.57,17.22
2000-09-08,0.0,31.98,44.83,98.26,5.64,17.44
2000-09-09,0.0,31.97,46.92,98.22,5.81,17.95
2000-09-10,0.0,31.68,45.68,98.14,5.45,16.73
2000-09-11,0.0,31.2,43.79,98.22,5.21,15.99
2000-09-12,0.0,31.18,42.13,98.39,4.26,15.5
2000-09-13,0.0,31.54,39.21,98.61,3.77,14.57
2000-09-14,0.0,32.12,32.75,98.6,2.84,12.17
2000-09-15,0.0,31.88,31.51,98.46,3.76,11.33
2000-09-16,0.0,31.67,35.42,98.49,4.27,13.17
2000-09-17,0.0,30.68,37.01,98.62,4.6,12.26
2000-09-18,0.01,30.02,48.34,98.44,4.79,17.01
2000-09-19,0.0,30.75,47.79,98.5,4.05,17.57
2000-09-20,0.0,31.48,43.9,98.68,2.85,16.84
2000-09-21,0.0,32.8,36.27,98.76,1.37,15.0
2000-09-22,0.0,34.36,27.39,98.8,1.66,12.3
2000-09-23,0.0,33.79,25.69,98.72,2.15,10.86
2000-09-24,0.0,34.93,23.14,98.61,1.09,10.41
2000-09-25,0.0,35.26,22.37,98.48,1.25,9.03
2000-09-26,0.0,34.03,20.86,98.48,2.53,5.9
2000-09-27,0.02,33.53,22.72,98.64,1.8,8.51
2000-09-28,0.0,32.59,20.26,98.68,2.35,5.88
2000-09-29,0.0,33.48,15.17,98.6,1.46,2.19
2000-09-30,0.0,34.15,15.19,98.48,1.15,3.7
2000-10-01,0.0,33.19,22.46,98.62,1.4,7.14
2000-10-02,0.0,33.15,17.82,98.85,1.38,4.42
2000-10-03,0.0,34.35,12.54,98.82,1.13,0.84
2000-10-04,0.0,33.64,12.31,98.74,1.42,0.25
2000-10-05,0.0,32.38,14.99,98.78,1.77,1.68
2000-10-06,0.0,32.53,19.77,98.81,1.49,5.24
2000-10-07,0.0,33.29,23.66,98.79,1.06,8.55
2000-10-08,0.0,33.06,22.94,98.66,1.01,8.88
2000-10-09,0.0,32.69,26.65,98.46,2.18,10.22
2000-10-10,4.01,31.72,22.85,98.6,2.49,7.05
2000-10-11,0.13,31.34,16.76,98.8,1.39,1.58
2000-10-12,0.0,30.8,13.08,98.88,1.4,-1.73
2000-10-13,0.0,30.18,16.42,98.71,2.42,1.6
2000-10-14,0.0,29.14,12.2,98.71,1.49,-4.17
2000-10-15,0.0,30.99,9.13,98.98,0.73,-5.74
2000-10-16,0.0,30.99,8.43,99.07,1.33,-6.6
2000-10-17,0.0,30.63,8.25,98.92,1.41,-7.17
2000-10-18,0.0,30.07,10.23,98.75,1.74,-5.15
2000-10-19,0.0,29.74,18.33,98.66,2.11,1.15
2000-10-20,0.0,30.34,14.83,98.69,2.28,-1.59
2000-10-21,0.0,29.45,14.68,98.71,2.52,-1.27
2000-10-22,0.0,29.03,35.53,98.53,2.9,9.73
2000-10-23,0.0,29.39,37.37,98.5,2.27,11.09
2000-10-24,0.0,30.57,22.86,98.82,0.89,5.65
2000-10-25,0.0,30.39,18.04,99.09,1.06,2.62
2000-10-26,0.0,29.85,15.17,99.13,1.09,-0.14
2000-10-27,0.0,30.06,12.03,99.08,0.83,-3.0
2000-10-28,0.0,30.15,10.5,99.15,1.04,-4.42
2000-10-29,0.0,28.91,13.01,99.18,1.73,-2.77
2000-10-30,0.0,27.43,20.06,99.19,1.89,1.18
2000-10-31,0.0,26.3,29.27,98.97,2.31,5.32
2000-11-01,0.0,26.29,32.25,99.1,2.54,6.49
2000-11-02,0.0,27.47,25.86,99.36,1.15,5.28
2000-11-03,0.0,27.09,19.92,99.56,1.25,1.26
2000-11-04,0.0,27.11,15.04,99.57,1.21,-2.28
2000-11-05,0.0,25.6,17.39,99.24,2.44,-1.74
2000-11-06,0.0,25.34,28.18,98.9,2.37,3.84
2000-11-07,0.0,25.45,41.61,98.98,3.12,9.96
2000-11-08,0.0,26.16,39.86,99.14,2.47,10.61
2000-11-09,0.0,25.47,20.74,99.29,1.76,0.81
2000-11-10,0.0,26.43,19.03,99.37,1.05,0.41
2000-11-11,0.0,27.04,17.44,99.42,1.32,-0.04
2000-11-12,0.0,25.28,20.01,99.13,2.27,0.3
2000-11-13,0.0,21.26,8.77,99.08,2.24,-12.69
2000-11-14,0.0,19.87,11.24,99.42,3.29,-11.41
2000-11-15,0.0,20.98,9.26,99.42,1.71,-12.51
2000-11-16,0.0,22.76,8.58,99.37,1.35,-12.26
2000-11-17,0.0,23.53,10.25,99.31,1.6,-9.82
2000-11-18,0.0,19.79,12.62,99.25,2.75,-10.39
2000-11-19,0.0,19.99,13.91,99.33,2.16,-8.45
2000-11-20,0.0,22.56,12.26,99.2,1.65,-8.59
2000-11-21,0.0,22.23,18.41,99.06,2.78,-3.32
2000-11-22,0.0,23.7,20.26,99.2,1.77,-0.7
2000-11-23,0.0,23.33,22.5,99.49,1.52,0.3
2000-11-24,0.0,21.24,22.53,99.72,2.16,-1.37
2000-11-25,0.0,22.19,28.8,99.53,1.53,2.63
2000-11-26,0.07,22.77,39.22,99.32,2.22,7.56
2000-11-27,0.04,21.37,40.34,99.35,1.79,4.59
2000-11-28,0.0,19.33,32.83,99.6,2.39,1.31
2000-11-29,0.0,19.04,19.6,99.64,1.48,-5.44
2000-11-30,0.0,18.1,16.04,99.76,1.45,-8.43
2000-12-01,0.0,17.48,13.71,99.84,1.91,-11.55
2000-12-02,0.0,18.22,9.55,99.79,1.78,-14.2
2000-12-03,0.0,19.18,7.27,99.8,1.54,-16.18
2000-12-04,0.0,21.17,7.88,99.66,1.38,-13.62
2000-12-05,0.0,20.96,15.59,99.46,2.07,-6.09
2000-12-06,0.0,21.1,14.14,99.46,1.88,-7.88
2000-12-07,0.0,22.59,13.71,99.45,2.54,-6.73
2000-12-08,0.0,19.56,23.59,99.51,2.14,-2.67
2000-12-09,0.0,18.47,19.61,99.49,1.76,-5.56
2000-12-10,0.0,20.67,17.99,99.47,1.01,-4.82
2000-12-11,0.0,20.97,16.94,99.55,1.3,-5.4
2000-12-12,0.0,20.71,16.61,99.56,1.43,-5.71
2000-12-13,0.0,21.56,20.05,99.46,1.94,-2.71
2000-12-14,0.0,21.33,32.11,99.34,2.12,3.67
2000-12-15,0.0,22.03,39.63,99.41,1.97,7.04
2000-12-16,0.0,22.39,40.15,99.52,2.58,7.76
2000-12-17,0.0,20.77,60.62,99.66,2.57,12.13
2000-12-18,0.0,16.62,26.87,99.75,2.06,-4.13
2000-12-19,0.0,16.36,29.74,99.65,2.3,-3.1
2000-12-20,0.0,17.42,16.51,99.66,1.71,-8.58
2000-12-21,0.0,17.42,14.0,99.71,1.8,-10.63
2000-12-22,0.0,18.59,11.11,99.66,1.18,-12.1
2000-12-23,0.0,18.55,10.69,99.51,1.23,-12.5
2000-12-24,0.0,17.28,12.66,99.56,2.06,-11.56
2000-12-25,0.0,18.53,13.65,99.57,1.7,-9.92
2000-12-26,0.0,20.16,14.16,99.57,1.41,-8.15
2000-12-27,0.0,19.88,16.72,99.4,2.59,-6.6
2000-12-28,0.0,18.06,42.9,99.37,2.86,2.66
2000-12-29,0.0,14.91,43.13,99.56,3.43,1.7
2000-12-30,0.0,15.32,37.3,99.26,1.91,-0.23
2000-12-31,0.0,15.65,35.88,99.22,2.23,-0.18
2001-01-01,0.0,14.72,59.63,99.37,1.98,5.31
2001-01-02,0.0,16.51,33.99,99.61,0.99,-0.38
2001-01-03,0.0,15.93,35.8,99.75,1.48,-0.81
2001-01-04,0.0,15.56,29.94,99.79,1.83,-3.17
2001-01-05,0.0,15.91,25.76,99.69,2.14,-5.06
2001-01-06,0.0,16.53,18.36,99.52,1.3,-7.87
2001-01-07,0.0,15.16,22.08,99.48,1.79,-6.58
2001-01-08,0.0,14.2,28.62,99.53,1.84,-4.46
2001-01-09,0.0,14.23,28.25,99.68,1.65,-5.36
2001-01-10,0.0,14.96,18.28,99.63,1.65,-9.68
2001-01-11,0.0,16.31,13.95,99.34,1.26,-11.46
2001-01-12,0.0,17.58,15.47,99.38,1.44,-8.72
2001-01-13,0.0,16.27,17.7,99.65,2.0,-8.43
2001-01-14,0.0,17.04,18.33,99.57,1.37,-7.73
2001-01-15,0.0,17.06,16.78,99.55,1.58,-8.72
2001-01-16,0.0,16.81,16.31,99.72,1.97,-9.79
2001-01-17,0.0,16.12,13.26,99.71,2.19,-12.4
2001-01-18,0.0,15.57,14.35,99.67,2.64,-11.64
2001-01-19,0.0,15.6,15.91,99.62,2.24,-10.45
2001-01-20,0.0,16.45,16.0,99.51,1.64,-9.62
2001-01-21,0.0,17.24,47.83,99.14,2.74,3.6
2001-01-22,0.0,15.07,23.4,99.21,2.95,-6.84
2001-01-23,0.0,13.89,18.26,99.51,2.87,-10.46
2001-01-24,0.0,16.09,16.07,99.67,1.41,-10.69
2001-01-25,0.0,16.7,12.74,99.41,2.57,-12.27
2001-01-26,0.0,18.46,15.64,99.4,1.17,-7.98
2001-01-27,0.0,18.96,20.35,99.43,1.35,-4.84
2001-01-28,0.0,19.4,17.17,99.32,1.65,-6.66
2001-01-29,0.0,18.53,27.93,99.18,3.32,-0.93
2001-01-30,0.0,13.23,12.94,99.4,3.81,-14.52
2001-01-31,0.0,11.96,14.88,99.45,2.36,-14.67
2001-02-01,0.0,14.81,9.08,99.52,1.62,-16.59
2001-02-02,0.0,15.87,8.77,99.5,1.19,-16.58
2001-02-03,0.0,16.62,8.12,99.25,1.87,-16.6
2001-02-04,0.0,17.73,10.8,99.09,1.93,-12.77
2001-02-05,0.0,18.34,11.01,99.24,1.75,-12.3
2001-02-06,0.0,18.14,10.84,99.42,1.62,-12.56
2001-02-07,0.0,18.71,16.83,99.48,1.91,-7.16
2001-02-08,0.0,19.81,16.57,99.58,1.32,-6.67
2001-02-09,0.0,20.72,15.7,99.33,2.49,-6.28
2001-02-10,0.0,18.22,12.31,99.2,2.43,-11.48
2001-02-11,0.0,19.29,10.71,99.11,1.75,-12.68
2001-02-12,0.0,19.33,9.32,99.26,2.44,-13.38
2001-02-13,0.0,20.15,11.12,99.02,3.86,-11.31
2001-02-14,0.0,17.01,28.2,99.08,3.71,-1.83
2001-02-15,0.0,18.76,28.62,99.48,2.15,-1.39
2001-02-16,0.0,19.93,19.67,99.53,1.53,-4.8
2001-02-17,0.0,21.62,16.81,99.47,1.66,-4.98
2001-02-18,0.0,21.09,18.38,99.52,2.11,-4.48
2001-02-19,0.0,23.04,17.84,99.44,1.64,-3.49
2001-02-20,0.0,22.68,25.01,99.13,3.4,1.08
2001-02-21,0.0,22.9,12.53,99.11,1.04,-8.47
2001-02-22,0.0,24.02,20.5,98.98,3.93,-0.52
2001-02-23,0.0,25.72,45.46,98.93,3.99,11.52
2001-02-24,0.27,23.43,44.79,98.9,2.37,9.57
2001-02-25,0.0,22.21,26.12,98.83,3.0,-2.15
2001-02-26,0.0,20.12,11.64,99.15,2.56,-12.25
2001-02-27,0.0,21.33,7.68,99.23,1.94,-14.05
2001-02-28,0.0,21.01,8.66,99.61,2.08,-13.08
2001-03-01,0.0,20.75,10.73,99.88,2.25,-11.18
2001-03-02,0.0,21.31,10.32,99.83,1.76,-11.25
2001-03-03,0.0,21.66,9.64,99.65,1.59,-11.68
2001-03-04,0.0,22.32,9.7,99.63,1.69,-10.98
2001-03-05,0.0,23.11,9.03,99.41,1.86,-11.21
2001-03-06,0.0,23.42,13.07,99.18,3.63,-6.71
2001-03-07,0.0,24.4,27.16,99.22,1.37,0.05
2001-03-08,0.0,26.64,11.03,99.21,0.95,-6.64
2001-03-09,0.0,26.78,10.46,99.16,1.5,-7.12
2001-03-10,0.0,27.36,10.9,99.18,1.69,-6.01
2001-03-11,0.0,27.6,11.38,99.15,1.94,-5.45
2001-03-12,0.0,26.82,12.16,98.95,3.07,-5.5
2001-03-13,0.18,25.45,14.44,98.93,3.38,-4.95
2001-03-14,0.0,24.26,11.7,99.04,2.12,-7.15
2001-03-15,0.0,25.53,12.01,99.33,2.59,-6.06
2001-03-16,0.0,26.07,10.41,99.28,2.24,-7.88
2001-03-17,0.0,27.99,12.45,98.99,2.06,-3.84
2001-03-18,0.0,28.11,20.52,98.93,3.63,1.8
2001-03-19,0.0,28.1,32.33,98.9,2.67,8.78
2001-03-20,0.0,26.46,30.65,98.92,2.98,7.12
2001-03-21,0.0,26.33,26.33,98.72,1.25,4.89
2001-03-22,0.0,28.07,18.19,98.66,1.2,0.67
2001-03-23,0.0,28.43,17.25,98.8,1.41,0.69
2001-03-24,0.0,27.91,19.39,98.75,2.62,1.97
2001-03-25,0.0,27.93,28.15,98.65,2.58,5.58
2001-03-26,0.0,28.95,29.58,98.57,3.1,7.65
2001-03-27,0.17,29.31,39.8,98.41,5.34,13.09
2001-03-28,0.0,26.16,28.28,98.25,6.05,3.18
2001-03-29,0.0,24.8,16.82,98.35,2.79,-2.88
2001-03-30,0.0,24.91,21.42,98.83,2.54,0.89
2001-03-31,0.0,27.01,16.92,99.11,1.83,-1.98
2001-04-01,0.0,28.19,11.51,99.16,1.32,-5.6
2001-04-02,0.0,28.7,10.45,98.85,2.46,-5.66
2001-04-03,0.0,29.11,15.54,98.8,2.86,-1.46
2001-04-04,0.0,29.41,11.48,99.07,3.0,-3.78
2001-04-05,0.0,28.76,12.62,99.03,2.36,-3.62
2001-04-06,0.0,30.55,9.64,98.99,2.77,-5.96
2001-04-07,0.0,30.47,10.0,99.08,2.94,-5.73
2001-04-08,0.0,30.86,12.4,98.63,3.85,-3.01
2001-04-09,0.0,30.71,24.53,98.22,4.44,5.12
2001-04-10,0.0,31.15,28.14,98.35,6.73,5.61
2001-04-11,0.11,31.28,31.82,98.6,4.84,10.39
2001-04-12,0.56,30.87,20.56,98.57,1.89,3.46
2001-04-13,0.79,30.59,20.6,98.66,2.08,4.45
2001-04-14,0.03,30.4,20.2,99.02,2.73,4.65
2001-04-15,0.05,31.58,22.44,99.14,1.2,7.27
2001-04-16,3.49,32.16,25.42,98.84,1.4,9.52
2001-04-17,0.01,30.02,31.87,98.71,2.29,10.9
2001-04-18,1.42,30.59,30.65,98.65,2.79,11.01
2001-04-19,0.48,28.03,37.72,98.77,4.02,12.01
2001-04-20,0.0,28.91,35.18,98.89,2.58,10.85
2001-04-21,0.0,31.91,20.05,98.72,2.31,4.39
2001-04-22,0.0,32.16,18.88,98.63,3.54,4.3
2001-04-23,0.0,32.87,18.78,98.59,3.86,3.91
2001-04-24,0.0,32.91,21.02,98.6,3.95,5.31
2001-04-25,0.0,34.56,27.14,98.47,1.89,10.67
2001-04-26,0.0,34.51,17.27,98.32,4.39,5.02
2001-04-27,0.0,34.19,21.69,98.37,4.85,6.67
2001-04-28,0.0,34.63,31.39,98.12,5.72,12.76
2001-04-29,0.0,34.28,39.32,98.11,4.97,16.31
2001-04-30,0.0,35.63,33.24,98.28,5.91,13.8
2001-05-01,0.01,35.2,31.04,98.37,6.09,12.82
2001-05-02,0.0,35.46,31.12,98.13,4.21,13.07
2001-05-03,0.0,36.31,18.79,98.0,2.78,6.69
2001-05-04,0.0,36.96,20.69,98.12,3.05,7.95
2001-05-05,0.0,37.17,21.93,98.14,4.15,9.75
2001-05-06,0.0,36.87,28.0,97.97,5.35,13.25
2001-05-07,0.0,36.01,32.9,97.95,7.77,15.26
2001-05-08,0.0,35.63,37.39,98.03,7.08,16.2
2001-05-09,0.0,35.03,38.03,98.09,4.24,16.33
2001-05-10,0.0,36.2,29.03,98.07,5.42,10.59
2001-05-11,0.0,35.75,36.76,98.15,7.17,15.34
2001-05-12,0.0,35.32,36.53,98.22,6.06,15.67
2001-05-13,0.0,35.41,31.23,98.14,5.82,13.02
2001-05-14,0.0,34.22,39.53,98.09,5.65,17.1
2001-05-15,1.54,34.8,41.04,98.19,5.01,18.33
2001-05-16,0.74,34.71,42.48,98.31,5.13,18.94
2001-05-17,0.0,34.48,40.94,98.21,6.56,17.83
2001-05-18,1.09,33.33,45.37,98.23,5.36,18.67
2001-05-19,2.25,34.0,42.84,98.15,5.28,18.39
2001-05-20,7.45,31.6,55.15,98.07,5.94,20.97
2001-05-21,0.4,32.68,50.41,98.05,5.44,20.34
2001-05-22,0.01,33.91,45.53,98.18,4.52,19.44
2001-05-23,0.0,35.66,35.63,98.07,4.63,16.72
2001-05-24,0.0,36.8,29.69,97.77,6.18,14.7
2001-05-25,0.0,35.33,33.11,97.69,7.53,15.1
2001-05-26,0.0,35.59,38.47,97.9,5.85,18.14
2001-05-27,0.0,36.59,35.2,98.06,5.22,18.01
2001-05-28,0.0,36.66,36.2,97.95,5.43,18.67
2001-05-29,0.0,36.14,37.55,97.92,4.83,18.88
2001-05-30,0.0,36.02,43.07,97.93,4.1,21.0
2001-05-31,0.0,36.14,40.19,97.86,6.11,19.32
2001-06-01,0.0,35.26,41.4,97.82,7.48,19.03
2001-06-02,0.0,35.0,42.27,97.98,6.65,18.99
2001-06-03,0.0,35.32,40.41,98.02,6.88,18.74
2001-06-04,0.0,35.43,40.82,97.87,7.04,18.89
2001-06-05,0.0,34.48,42.53,97.79,6.43,18.99
2001-06-06,0.0,34.56,39.95,97.8,5.35,17.86
2001-06-07,0.0,34.69,35.6,97.83,4.85,15.68
2001-06-08,0.0,35.29,30.87,97.73,3.59,14.08
2001-06-09,0.0,36.46,28.6,97.65,5.02,14.04
2001-06-10,0.0,36.61,29.16,97.74,3.51,14.46
2001-06-11,0.0,37.5,25.89,97.64,2.14,13.3
2001-06-12,0.0,38.55,23.99,97.57,1.91,13.31
2001-06-13,0.81,37.43,37.49,97.74,4.81,19.6
2001-06-14,2.27,36.02,41.52,97.69,4.1,20.54
2001-06-15,0.12,35.78,44.03,97.56,2.83,21.27
2001-06-16,0.43,33.32,54.03,97.56,5.32,22.6
2001-06-17,0.14,35.45,44.47,97.44,5.66,19.91
2001-06-18,0.07,35.35,44.4,97.8,4.37,20.23
2001-06-19,0.0,36.46,42.07,97.8,5.91,20.37
2001-06-20,0.0,35.7,43.86,97.59,8.33,20.33
2001-06-21,0.0,35.14,44.82,97.49,8.62,19.84
2001-06-22,0.08,35.31,42.47,97.39,6.78,18.63
2001-06-23,0.0,35.54,39.34,97.36,4.65,17.0
2001-06-24,0.16,35.74,35.42,97.65,3.65,17.18
2001-06-25,0.26,35.51,39.8,97.84,5.43,18.85
2001-06-26,0.08,35.43,40.88,97.73,6.51,19.06
2001-06-27,0.0,34.72,42.68,97.81,6.05,18.97
2001-06-28,0.0,34.91,43.87,97.71,5.8,19.68
2001-06-29,0.0,34.58,44.99,97.77,5.63,20.13
2001-06-30,0.0,35.09,43.53,97.91,4.81,20.23
2001-07-01,0.06,34.87,44.89,98.01,4.96,20.76
2001-07-02,0.03,33.44,53.14,97.87,5.58,22.13
2001-07-03,32.15,32.35,63.52,97.63,4.22,24.05
2001-07-04,13.81,30.71,73.41,97.6,2.52,25.13
2001-07-05,0.02,33.79,56.35,97.52,2.54,23.46
2001-07-06,0.0,33.5,56.28,97.59,2.9,23.24
2001-07-07,0.05,34.58,54.88,97.65,3.62,23.74
2001-07-08,10.28,32.67,61.78,97.68,3.44,24.06
2001-07-09,2.87,33.18,57.02,97.61,2.69,23.08
2001-07-10,8.65,33.44,59.08,97.68,2.97,24.01
2001-07-11,1.41,33.58,57.92,97.59,4.33,23.67
2001-07-12,1.96,31.31,64.58,97.68,5.16,23.53
2001-07-13,0.22,30.81,61.2,98.0,5.71,22.07
2001-07-14,0.01,31.77,59.05,98.03,7.38,22.24
2001-07-15,0.0,32.05,60.28,97.73,8.98,22.72
2001-07-16,0.02,31.91,58.26,97.56,8.86,21.9
2001-07-17,0.0,32.21,57.81,97.76,5.8,22.01
2001-07-18,0.0,32.64,55.23,97.93,4.08,21.79
2001-07-19,0.0,33.69,51.43,97.77,4.21,21.32
2001-07-20,0.0,33.53,52.71,97.74,6.02,21.82
2001-07-21,0.05,32.53,55.21,97.72,5.96,21.89
2001-07-22,0.08,32.86,54.8,97.82,4.94,21.93
2001-07-23,0.29,33.45,53.37,97.92,3.19,22.29
2001-07-24,8.45,33.43,56.04,97.79,2.35,23.1
2001-07-25,25.15,30.0,75.43,97.92,2.12,25.06
2001-07-26,2.63,30.52,68.61,98.05,3.26,23.65
2001-07-27,0.0,31.83,59.87,97.92,4.04,22.71
2001-07-28,0.0,31.97,57.45,97.77,6.09,22.11
2001-07-29,0.0,30.82,58.5,97.79,7.17,21.29
2001-07-30,0.0,30.5,59.12,97.92,3.66,21.19
2001-07-31,0.0,31.42,54.41,98.24,2.96,20.73
2001-08-01,0.0,31.99,52.57,98.18,4.39,20.55
2001-08-02,0.0,31.4,54.93,97.83,5.06,20.41
2001-08-03,0.0,31.67,53.1,97.96,3.72,20.01
2001-08-04,0.0,33.56,44.21,98.33,2.17,19.03
2001-08-05,0.1,34.91,42.17,98.31,2.75,19.45
2001-08-06,0.57,34.28,49.62,98.14,2.91,21.75
2001-08-07,0.5,33.47,53.25,98.05,2.82,22.32
2001-08-08,0.41,32.58,57.19,98.12,2.19,22.82
2001-08-09,1.38,32.87,56.05,98.29,2.2,22.62
2001-08-10,10.46,31.79,62.73,98.31,1.91,23.61
2001-08-11,27.76,30.22,76.71,98.23,1.67,25.54
2001-08-12,7.62,30.85,72.24,98.08,1.68,25.0
2001-08-13,0.24,32.03,62.25,98.01,3.69,23.46
2001-08-14,0.0,32.27,62.15,98.05,5.3,23.67
2001-08-15,0.05,32.01,59.96,98.18,3.37,22.83
2001-08-16,0.3,32.3,53.67,98.1,3.43,21.17
2001-08-17,0.03,32.22,49.75,97.94,4.35,19.67
2001-08-18,0.01,31.47,51.65,97.87,4.76,19.32
2001-08-19,0.0,31.65,53.17,97.96,4.55,20.05
2001-08-20,0.0,31.7,53.73,98.15,3.51,20.43
2001-08-21,0.0,32.22,50.39,98.24,3.26,19.87
2001-08-22,0.0,32.64,48.61,97.95,4.62,19.68
2001-08-23,0.0,31.54,51.89,97.92,3.66,19.87
2001-08-24,0.0,31.86,49.1,98.1,3.72,19.3
2001-08-25,0.0,31.94,47.17,98.27,4.39,18.71
2001-08-26,0.0,31.1,46.74,98.21,5.03,17.58
2001-08-27,0.0,30.79,50.96,97.95,6.36,18.33
2001-08-28,0.0,31.32,51.09,97.79,6.87,18.52
2001-08-29,0.0,31.35,52.99,97.68,7.45,19.19
2001-08-30,0.0,31.1,54.3,97.75,5.32,19.64
2001-08-31,0.0,30.96,54.32,97.93,4.1,19.83
2001-09-01,0.0,31.92,50.87,98.14,3.1,19.8
2001-09-02,0.0,32.31,46.4,98.2,3.82,18.75
2001-09-03,0.0,31.6,48.41,98.29,4.9,18.54
2001-09-04,0.0,31.09,52.8,98.34,4.25,19.61
2001-09-05,0.0,31.32,52.89,98.25,3.92,19.84
2001-09-06,0.0,31.35,51.06,98.38,3.53,19.16
2001-09-07,0.0,32.34,46.87,98.58,3.13,18.89
2001-09-08,0.0,32.58,41.76,98.73,2.64,17.23
2001-09-09,0.0,32.95,40.03,98.52,3.93,16.81
2001-09-10,0.0,31.7,42.67,98.29,5.48,16.71
2001-09-11,0.0,31.01,45.77,98.31,5.15,17.06
2001-09-12,0.0,30.77,48.06,98.43,4.34,17.76
2001-09-13,0.0,31.62,45.99,98.47,3.45,17.8
2001-09-14,0.27,31.44,45.29,98.57,3.5,17.63
2001-09-15,0.01,32.54,38.92,98.81,1.49,16.06
2001-09-16,0.03,32.88,32.47,98.76,1.76,13.66
2001-09-17,0.0,32.92,27.85,98.65,2.09,11.18
2001-09-18,0.0,32.09,31.39,98.48,3.36,11.53
2001-09-19,0.0,31.51,37.12,98.48,4.06,13.73
2001-09-20,0.0,30.34,41.44,98.51,4.04,14.12
2001-09-21,0.0,31.98,35.85,98.74,2.18,13.55
2001-09-22,0.0,33.56,25.32,98.73,1.31,10.53
2001-09-23,0.0,33.79,19.17,98.64,1.48,5.05
2001-09-24,0.0,33.61,13.59,98.57,1.07,1.56
2001-09-25,0.0,33.58,16.15,98.54,1.58,4.01
2001-09-26,0.0,34.25,14.17,98.57,1.24,2.05
2001-09-27,0.0,33.96,13.82,98.57,1.28,1.09
2001-09-28,0.0,33.37,13.63,98.47,1.94,0.96
2001-09-29,0.0,32.33,12.86,98.44,2.01,-1.0
2001-09-30,0.0,32.54,11.29,98.48,2.23,-2.01
2001-10-01,0.0,31.45,23.45,98.52,2.97,7.04
2001-10-02,0.0,30.89,46.74,98.58,3.6,16.56
2001-10-03,0.0,31.72,34.37,98.5,2.02,12.37
2001-10-04,0.0,32.36,28.19,98.5,1.61,10.09
2001-10-05,0.0,32.14,22.66,98.47,1.28,6.62
2001-10-06,0.12,32.11,19.7,98.55,1.41,4.86
2001-10-07,0.0,32.01,17.87,98.75,1.77,3.77
2001-10-08,0.0,32.13,14.41,98.81,1.8,0.84
2001-10-09,0.0,32.36,12.49,98.76,1.35,-1.07
2001-10-10,0.0,31.41,19.7,98.63,1.96,4.27
2001-10-11,0.09,30.67,41.25,98.68,3.88,14.95
2001-10-12,2.2,31.02,46.29,98.85,1.94,17.27
2001-10-13,0.21,29.08,22.49,98.98,1.76,3.64
2001-10-14,0.0,29.68,19.39,98.89,1.58,2.96
2001-10-15,0.0,29.8,19.13,98.95,1.47,3.51
2001-10-16,0.0,29.01,18.08,99.04,1.42,1.58
2001-10-17,0.0,29.39,11.77,98.99,1.23,-4.09
2001-10-18,0.0,28.89,11.27,98.9,2.03,-4.87
2001-10-19,0.0,29.3,13.32,99.1,1.72,-2.52
2001-10-20,0.0,28.61,17.06,99.21,1.83,0.3
2001-10-21,0.0,27.81,17.82,99.07,2.02,-0.28
2001-10-22,0.0,28.79,21.09,99.18,1.42,1.84
2001-10-23,0.0,30.5,12.75,99.33,0.9,-1.77
2001-10-24,0.0,30.36,13.51,99.11,1.66,-0.98
2001-10-25,0.0,29.78,15.65,98.81,2.09,-0.42
2001-10-26,0.0,30.65,12.04,98.75,1.45,-2.62
2001-10-27,0.0,29.76,13.59,98.9,1.23,-2.0
2001-10-28,0.0,28.66,15.33,99.04,1.58,-1.13
2001-10-29,0.0,29.08,16.23,98.93,1.45,0.12
2001-10-30,0.0,29.07,15.82,98.97,1.44,-0.34
2001-10-31,0.0,29.96,15.15,99.04,1.4,0.0
2001-11-01,0.0,29.34,18.28,99.04,2.77,2.0
2001-11-02,0.0,28.06,26.9,99.04,3.71,5.83
2001-11-03,0.0,26.08,27.59,98.96,3.09,0.74
2001-11-04,0.0,25.37,9.26,99.13,1.27,-9.28
2001-11-05,0.0,23.32,14.17,99.24,1.76,-5.97
2001-11-06,0.0,23.07,14.38,99.38,2.23,-6.11
2001-11-07,0.0,22.42,16.56,99.49,2.74,-4.84
2001-11-08,0.0,22.11,17.41,99.51,2.21,-4.42
2001-11-09,0.0,23.04,16.45,99.48,1.6,-4.46
2001-11-10,0.0,23.87,14.75,99.31,1.38,-5.35
2001-11-11,0.0,23.71,14.89,99.28,1.54,-5.37
2001-11-12,0.0,23.0,15.83,99.49,2.15,-5.05
2001-11-13,0.0,24.26,13.4,99.56,1.12,-6.18
2001-11-14,0.0,25.39,11.74,99.49,1.15,-6.53
2001-11-15,0.0,24.95,11.83,99.37,1.29,-6.9
2001-11-16,0.0,23.18,14.09,99.37,1.73,-6.25
2001-11-17,0.0,22.15,16.83,99.51,2.25,-4.81
2001-11-18,0.0,23.0,18.41,99.58,1.57,-3.11
2001-11-19,0.0,24.56,15.36,99.55,1.31,-4.01
2001-11-20,0.0,25.7,23.8,99.57,1.81,3.31
2001-11-21,0.0,24.75,27.99,99.57,1.39,4.03
2001-11-22,0.0,23.6,20.34,99.53,1.97,-0.99
2001-11-23,0.0,23.1,17.2,99.56,1.61,-3.72
2001-11-24,0.0,23.85,16.8,99.47,1.46,-3.21
2001-11-25,0.0,22.49,17.63,99.55,1.34,-3.71
2001-11-26,0.0,21.45,18.52,99.49,1.43,-3.97
2001-11-27,0.0,20.65,20.61,99.58,1.78,-3.39
2001-11-28,0.0,21.1,19.74,99.45,1.51,-3.76
2001-11-29,0.0,21.67,16.86,99.48,1.2,-4.94
2001-11-30,0.0,20.31,17.25,99.69,1.47,-6.0
2001-12-01,0.0,21.02,14.94,99.61,1.37,-7.12
2001-12-02,0.0,21.44,13.2,99.47,1.21,-8.06
2001-12-03,0.0,22.23,14.73,99.36,1.48,-5.88
2001-12-04,0.0,21.97,22.49,99.33,1.51,-0.73
2001-12-05,0.0,21.34,24.78,99.36,1.3,-0.02
2001-12-06,0.0,22.49,23.35,99.42,1.24,-0.16
2001-12-07,0.0,23.9,20.12,99.37,1.16,-0.63
2001-12-08,0.0,23.26,23.57,99.4,1.64,0.8
2001-12-09,0.0,23.12,27.11,99.35,2.06,2.46
2001-12-10,0.0,22.67,25.82,99.31,1.38,0.92
2001-12-11,0.0,21.19,21.25,99.54,1.32,-2.43
2001-12-12,0.0,18.05,27.61,99.85,2.56,-1.84
2001-12-13,0.0,18.82,21.25,99.94,1.24,-5.08
2001-12-14,0.0,19.93,17.57,99.78,1.23,-5.65
2001-12-15,0.0,18.35,30.35,99.71,1.95,0.06
2001-12-16,0.0,17.57,30.57,99.86,2.75,-0.72
2001-12-17,0.0,17.99,35.72,99.93,2.06,1.76
2001-12-18,0.0,18.96,36.86,99.97,1.74,3.27
2001-12-19,0.0,18.13,25.57,100.08,2.01,-5.5
2001-12-20,3.87,16.02,25.11,100.14,1.66,-4.81
2001-12-21,0.0,15.81,26.44,100.14,1.74,-4.25
2001-12-22,0.0,15.99,21.92,100.07,1.69,-6.52
2001-12-23,0.0,15.55,19.36,99.97,1.71,-8.27
2001-12-24,0.0,15.54,20.31,99.86,1.86,-7.61
2001-12-25,0.0,17.02,19.57,99.68,1.54,-6.96
2001-12-26,0.0,17.18,21.79,99.81,2.0,-5.22
2001-12-27,0.0,16.73,26.97,100.12,2.31,-2.88
2001-12-28,0.0,17.55,27.53,100.15,1.44,-2.11
2001-12-29,0.0,17.32,25.91,100.01,1.67,-3.06
2001-12-30,0.0,17.34,22.18,99.93,1.66,-5.08
2001-12-31,0.0,18.4,18.14,99.9,1.22,-6.83
2002-01-01,0.0,19.03,16.4,99.9,1.41,-7.4
2002-01-02,0.0,17.76,16.79,100.01,1.67,-8.09
2002-01-03,0.0,17.03,20.24,99.96,2.02,-6.41
2002-01-04,0.0,16.66,23.34,99.87,1.92,-5.05
2002-01-05,0.0,15.8,29.52,99.85,2.32,-2.72
2002-01-06,0.0,15.55,29.04,99.81,1.82,-3.01
2002-01-07,0.0,15.08,28.56,99.95,2.3,-3.61
2002-01-08,0.0,13.59,32.47,100.0,2.37,-3.25
2002-01-09,0.0,14.95,28.9,99.96,1.91,-4.23
2002-01-10,0.0,16.77,22.0,99.9,1.55,-6.14
2002-01-11,0.0,18.6,16.89,99.76,1.34,-7.48
2002-01-12,0.0,21.18,17.02,99.54,1.62,-5.01
2002-01-13,0.0,20.04,39.3,99.05,2.84,4.98
2002-01-14,0.0,21.05,57.94,98.88,2.25,10.43
2002-01-15,0.0,16.95,13.02,98.96,2.65,-11.65
2002-01-16,0.0,14.08,13.13,99.24,1.67,-13.56
2002-01-17,0.0,13.37,14.86,99.31,2.16,-12.45
2002-01-18,0.0,13.61,18.44,99.33,1.65,-10.0
2002-01-19,0.0,14.29,17.08,99.49,0.97,-10.28
2002-01-20,0.0,14.39,17.14,99.72,1.46,-10.03
2002-01-21,0.0,15.17,23.0,99.66,1.12,-6.44
2002-01-22,0.0,15.05,21.59,99.51,1.13,-8.22
2002-01-23,0.0,16.5,17.04,99.53,1.02,-8.72
2002-01-24,0.01,17.91,29.56,99.35,2.61,-0.19
2002-01-25,0.0,17.42,44.32,99.21,2.53,2.71
2002-01-26,0.0,14.89,19.45,99.25,1.9,-8.53
2002-01-27,0.0,15.27,18.35,99.41,1.46,-8.84
2002-01-28,0.0,16.06,17.68,99.65,1.34,-8.78
2002-01-29,0.0,15.45,18.28,99.88,1.95,-8.89
2002-01-30,0.0,15.43,17.39,99.96,1.45,-9.65
2002-01-31,0.0,16.13,15.22,99.87,1.97,-10.53
2002-02-01,0.0,17.79,21.62,99.83,2.01,-5.13
2002-02-02,0.0,18.35,26.25,99.93,2.18,-4.47
2002-02-03,0.0,14.9,10.71,99.86,2.13,-15.21
2002-02-04,0.0,16.12,12.51,99.52,1.53,-13.53
2002-02-05,0.0,17.18,11.29,99.3,2.1,-13.38
2002-02-06,0.0,14.76,18.75,99.33,3.08,-9.49
2002-02-07,0.0,12.3,10.6,99.29,3.22,-17.45
2002-02-08,0.0,11.75,9.17,99.58,1.81,-18.59
2002-02-09,0.0,12.72,12.5,99.97,2.72,-14.97
2002-02-10,0.0,11.7,22.52,99.87,3.54,-9.22
2002-02-11,0.0,13.72,18.28,99.6,2.12,-10.65
2002-02-12,0.0,16.63,12.7,99.83,1.65,-12.34
2002-02-13,0.0,15.77,25.66,100.05,2.76,-4.85
2002-02-14,0.0,17.64,27.54,99.9,1.74,-2.72
2002-02-15,0.0,20.09,19.35,99.73,1.43,-5.1
2002-02-16,0.0,21.49,15.3,99.43,1.62,-6.65
2002-02-17,0.0,22.39,26.61,99.49,1.34,1.45
2002-02-18,0.0,22.58,22.2,99.81,1.72,-1.22
2002-02-19,0.0,21.08,18.54,100.01,2.1,-4.57
2002-02-20,0.0,23.7,18.33,99.6,1.91,-2.12
2002-02-21,0.02,23.41,34.27,99.45,3.1,6.07
2002-02-22,0.24,22.18,53.4,99.5,2.89,11.7
2002-02-23,0.0,22.19,49.06,99.58,2.38,8.71
2002-02-24,0.0,20.66,39.31,99.58,2.47,5.03
2002-02-25,0.0,21.43,24.6,99.56,1.67,-0.99
2002-02-26,0.0,22.69,19.59,99.53,2.94,-2.47
2002-02-27,0.0,21.11,29.07,99.5,2.86,1.52
2002-02-28,0.0,24.12,27.43,99.21,1.75,3.76
2002-03-01,0.13,23.53,43.53,99.02,3.53,9.57
2002-03-02,2.63,20.23,39.13,99.33,3.2,3.87
2002-03-03,0.0,21.16,14.38,99.42,1.85,-7.7
2002-03-04,0.0,23.61,11.36,99.35,1.16,-8.27
2002-03-05,0.0,24.01,13.93,99.32,1.41,-5.49
2002-03-06,0.0,24.37,13.29,99.27,1.43,-5.87
2002-03-07,0.0,25.83,17.66,98.93,2.18,-1.2
2002-03-08,0.0,25.02,42.58,98.76,2.07,9.26
2002-03-09,0.11,23.86,29.66,99.11,3.09,4.55
2002-03-10,0.0,22.84,32.49,99.6,2.59,3.59
2002-03-11,0.0,24.27,21.11,99.65,1.93,-0.12
2002-03-12,0.0,25.34,20.94,99.43,1.88,1.17
2002-03-13,0.0,25.62,19.29,99.52,1.85,-0.66
2002-03-14,0.0,26.26,13.75,99.4,1.29,-4.65
2002-03-15,0.0,27.05,9.48,99.26,1.13,-8.1
2002-03-16,0.0,26.57,11.03,99.11,2.29,-6.46
2002-03-17,0.0,27.21,13.51,99.14,1.97,-4.26
2002-03-18,0.0,29.63,11.08,99.38,1.34,-4.18
2002-03-19,0.0,29.58,14.54,99.38,1.39,-0.71
2002-03-20,0.0,28.24,20.69,99.12,2.65,3.03
2002-03-21,0.0,27.82,30.07,98.83,3.06,5.36
2002-03-22,0.0,28.79,16.71,98.86,1.38,0.59
2002-03-23,0.0,28.97,21.43,98.54,3.0,4.17
2002-03-24,0.0,28.43,28.04,98.24,4.32,2.12
2002-03-25,0.0,25.44,13.22,98.44,3.23,-6.16
2002-03-26,0.0,25.79,10.09,98.8,2.28,-8.54
2002-03-27,0.0,27.96,8.57,98.96,1.5,-8.79
2002-03-28,0.0,29.43,7.55,98.95,1.01,-8.71
2002-03-29,0.0,29.46,10.21,98.95,2.36,-5.18
2002-03-30,0.0,30.66,16.21,98.82,3.28,1.37
2002-03-31,0.0,32.34,20.99,98.64,2.91,5.33
2002-04-01,0.0,30.64,9.34,98.79,3.29,-7.68
2002-04-02,0.0,28.38,8.23,98.88,2.98,-8.82
2002-04-03,0.0,30.06,8.27,98.73,1.58,-8.15
2002-04-04,0.0,30.92,11.48,98.49,3.48,-2.73
2002-04-05,0.0,32.13,26.06,98.54,4.45,8.2
2002-04-06,0.0,29.86,27.91,98.76,2.77,8.39
2002-04-07,0.12,29.51,25.36,98.88,1.99,5.16
2002-04-08,0.04,28.95,18.76,98.99,1.58,1.81
2002-04-09,0.01,29.37,19.16,98.9,1.72,1.81
2002-04-10,0.0,30.93,14.73,98.66,2.2,0.72
2002-04-11,0.0,30.12,21.49,98.7,3.78,2.63
2002-04-12,0.0,30.99,22.7,98.89,3.12,5.09
2002-04-13,0.0,30.63,27.96,98.86,3.53,7.58
2002-04-14,0.0,31.14,34.31,98.64,4.65,11.24
2002-04-15,0.0,31.08,26.48,98.51,4.85,6.11
2002-04-16,0.0,30.32,25.8,98.68,2.62,7.05
2002-04-17,0.0,30.73,24.59,98.7,2.08,7.48
2002-04-18,0.0,31.85,24.4,98.64,1.56,7.15
2002-04-19,0.0,33.31,17.67,98.6,2.7,4.46
2002-04-20,0.0,32.33,22.94,98.64,3.15,5.37
2002-04-21,0.0,33.34,24.24,98.42,2.84,7.84
2002-04-22,0.0,33.81,26.04,98.21,4.46,8.71
2002-04-23,0.0,34.81,21.75,98.18,5.67,6.47
2002-04-24,0.0,32.74,19.5,98.16,3.37,3.92
2002-04-25,0.0,31.62,4.3,98.36,3.9,-13.13
2002-04-26,0.0,31.82,6.24,98.55,2.77,-9.58
2002-04-27,0.0,33.77,10.08,98.33,3.27,-2.81
2002-04-28,0.0,34.2,8.75,98.28,4.19,-4.76
2002-04-29,0.0,34.91,9.01,98.3,2.59,-3.15
2002-04-30,0.0,36.09,12.18,98.02,3.22,0.91
2002-05-01,0.0,33.42,23.37,98.01,2.37,7.18
2002-05-02,0.0,35.31,13.48,98.18,2.21,1.28
2002-05-03,0.0,37.41,11.03,98.42,1.31,1.11
2002-05-04,0.0,37.55,15.06,98.31,1.32,5.2
2002-05-05,0.0,37.28,12.22,98.08,4.24,1.04
2002-05-06,0.0,35.64,13.85,97.95,3.32,2.12
2002-05-07,0.0,35.26,19.34,98.17,4.53,5.04
2002-05-08,0.0,34.19,30.39,98.34,4.95,12.04
2002-05-09,0.0,35.05,33.65,98.49,7.37,12.98
2002-05-10,0.0,35.46,37.71,98.37,5.0,15.91
2002-05-11,0.0,36.55,28.7,98.01,4.64,10.15
2002-05-12,0.0,36.27,40.67,97.77,5.76,17.94
2002-05-13,0.0,36.05,41.2,97.95,7.22,19.05
2002-05-14,0.0,35.64,42.81,98.12,7.58,19.15
2002-05-15,0.0,36.1,39.55,98.21,4.72,18.22
2002-05-16,0.0,37.25,30.83,98.12,2.44,15.77
2002-05-17,0.0,38.21,17.27,97.93,2.29,5.43
2002-05-18,0.0,36.9,15.39,97.64,5.75,4.06
2002-05-19,0.0,34.7,25.47,97.36,5.99,4.23
2002-05-20,0.0,34.4,6.79,97.46,3.63,-9.73
2002-05-21,0.0,35.65,6.03,97.79,2.58,-8.12
2002-05-22,0.0,36.01,26.76,98.08,5.65,11.3
2002-05-23,0.0,35.75,36.8,98.21,6.57,16.82
2002-05-24,0.0,35.89,33.72,98.33,5.94,15.85
2002-05-25,0.0,35.55,38.18,98.17,7.3,17.35
2002-05-26,0.0,35.2,41.75,98.1,6.86,18.31
2002-05-27,0.0,35.01,42.93,97.95,7.84,18.77
2002-05-28,0.02,34.32,43.52,98.0,6.14,18.58
2002-05-29,0.01,34.69,40.06,98.19,4.17,17.87
2002-05-30,2.52,35.28,35.81,98.33,2.98,16.67
2002-05-31,17.8,33.15,48.67,98.33,2.38,19.69
2002-06-01,1.23,33.84,36.16,98.21,2.95,15.32
2002-06-02,0.0,34.98,35.82,98.13,3.44,16.21
2002-06-03,0.0,35.55,35.83,98.1,3.31,16.81
2002-06-04,0.0,35.43,36.26,98.01,4.41,16.24
2002-06-05,0.0,35.33,35.52,97.96,4.94,16.53
2002-06-06,0.0,35.83,36.19,97.87,5.33,17.11
2002-06-07,0.0,35.14,38.8,97.95,6.09,17.42
2002-06-08,0.0,35.45,37.5,97.85,6.08,16.75
2002-06-09,0.0,35.63,35.67,97.83,6.76,15.09
2002-06-10,0.0,36.05,32.02,97.94,5.09,14.58
2002-06-11,0.0,37.12,26.54,98.02,4.1,12.5
2002-06-12,0.0,37.76,25.14,97.87,4.03,12.3
2002-06-13,0.0,37.71,25.41,97.69,4.73,13.04
2002-06-14,0.0,37.12,31.26,97.7,5.27,15.89
2002-06-15,0.0,37.69,31.37,97.67,4.39,16.79
2002-06-16,0.0,37.88,33.85,97.74,3.02,18.43
2002-06-17,0.01,38.17,34.99,97.84,4.95,19.66
2002-06-18,0.02,36.62,40.7,97.87,5.12,20.64
2002-06-19,0.0,36.12,42.49,97.76,5.07,20.47
2002-06-20,0.0,37.78,37.39,97.67,4.09,19.58
2002-06-21,0.0,36.94,32.37,97.67,5.24,16.34
2002-06-22,0.0,37.38,33.86,97.57,5.51,17.2
2002-06-23,0.0,37.28,31.57,97.71,6.41,16.18
2002-06-24,0.0,37.13,33.01,97.83,4.76,16.68
2002-06-25,0.03,38.57,32.54,97.84,2.59,17.58
2002-06-26,1.03,40.32,25.78,97.74,2.44,16.59
2002-06-27,0.84,39.3,31.13,97.93,3.66,18.77
2002-06-28,0.25,38.65,32.78,98.06,2.65,18.94
2002-06-29,1.78,38.18,35.65,97.99,3.31,19.42
2002-06-30,0.17,37.2,38.2,97.85,4.3,19.74
2002-07-01,0.0,36.93,37.99,97.79,6.11,19.39
2002-07-02,0.0,37.01,38.32,97.78,6.54,19.26
2002-07-03,0.0,36.66,41.95,97.68,6.48,20.45
2002-07-04,0.0,36.52,40.28,97.57,4.98,19.78
2002-07-05,0.0,35.83,37.33,97.79,5.66,17.95
2002-07-06,0.0,35.84,37.41,97.87,5.66,17.9
2002-07-07,0.0,35.25,38.73,97.83,5.42,18.15
2002-07-08,0.0,35.33,39.69,97.81,5.83,18.6
2002-07-09,0.0,34.56,42.62,97.91,6.46,19.02
2002-07-10,0.0,34.74,39.55,97.89,5.19,18.08
2002-07-11,0.0,35.43,37.53,97.77,4.76,17.5
2002-07-12,0.0,35.44,39.25,97.8,5.09,18.26
2002-07-13,0.0,35.11,39.39,97.95,4.48,18.02
2002-07-14,0.0,34.83,39.66,97.93,5.48,18.05
2002-07-15,0.0,34.75,39.47,97.97,4.92,17.78
2002-07-16,0.0,35.02,40.8,97.99,5.23,18.43
2002-07-17,0.0,34.89,40.15,97.99,4.8,17.96
2002-07-18,0.0,35.85,36.85,98.09,3.4,17.93
2002-07-19,0.0,37.09,34.78,98.03,4.39,18.09
2002-07-20,0.0,35.31,40.22,97.88,7.57,19.01
2002-07-21,0.0,33.93,45.86,97.71,7.34,19.63
2002-07-22,0.0,33.66,46.66,97.66,7.02,19.7
2002-07-23,0.0,33.46,45.23,97.95,6.14,18.83
2002-07-24,0.0,33.37,45.96,98.03,7.16,18.88
2002-07-25,0.0,33.47,48.83,97.91,6.99,20.04
2002-07-26,0.0,33.55,47.06,97.81,6.75,19.63
2002-07-27,0.0,34.11,43.51,97.85,5.19,18.95
2002-07-28,0.0,34.0,43.84,98.01,5.32,19.07
2002-07-29,0.0,34.46,39.46,97.93,4.35,17.87
2002-07-30,0.0,35.33,37.27,97.78,4.96,17.65
2002-07-31,0.0,35.21,37.09,97.85,3.73,17.5
2002-08-01,0.0,35.71,31.0,98.03,2.31,15.12
2002-08-02,0.0,36.66,26.51,97.96,2.81,13.78
2002-08-03,0.0,36.56,27.09,97.82,4.03,13.79
2002-08-04,0.0,34.47,35.33,97.83,4.24,16.33
2002-08-05,0.01,35.42,38.9,97.82,4.32,18.61
2002-08-06,0.0,35.67,35.98,97.75,4.95,17.41
2002-08-07,0.0,35.77,36.14,97.85,4.42,17.52
2002-08-08,0.1,34.82,39.47,97.83,4.74,17.93
2002-08-09,0.01,34.51,40.65,97.74,5.34,18.17
2002-08-10,0.0,34.48,41.1,97.73,5.47,18.54
2002-08-11,0.0,34.07,45.65,97.69,6.57,19.97
2002-08-12,0.0,33.16,49.05,97.62,6.2,20.18
2002-08-13,0.25,33.4,47.37,97.59,5.77,19.97
2002-08-14,0.02,32.65,47.93,97.75,4.09,19.48
2002-08-15,0.0,33.74,41.23,97.88,2.06,18.29
2002-08-16,0.0,35.16,36.08,97.81,3.38,17.46
2002-08-17,0.0,33.16,37.73,97.77,4.74,16.33
2002-08-18,0.0,32.82,41.32,97.9,4.33,17.0
2002-08-19,0.0,34.19,39.46,98.02,3.43,17.39
2002-08-20,0.0,33.58,37.51,97.91,4.73,16.25
2002-08-21,0.0,33.48,39.72,97.97,4.79,16.99
2002-08-22,0.13,33.72,40.39,98.25,4.35,17.71
2002-08-23,0.05,34.3,38.97,98.39,2.71,17.74
2002-08-24,0.16,36.18,33.54,98.38,2.12,17.19
2002-08-25,0.0,36.56,35.04,98.2,4.35,18.31
2002-08-26,0.21,34.16,45.28,98.22,4.38,20.46
2002-08-27,0.06,31.87,51.3,98.51,5.54,19.93
2002-08-28,0.0,32.02,48.13,98.61,5.33,19.09
2002-08-29,0.0,32.25,46.19,98.59,4.38,18.52
2002-08-30,0.02,33.35,43.21,98.51,3.43,18.38
2002-08-31,0.0,34.42,42.23,98.39,3.52,18.91
2002-09-01,7.82,34.05,47.47,98.38,2.76,20.75
2002-09-02,8.34,32.52,56.62,98.46,2.16,22.5
2002-09-03,0.79,33.13,54.0,98.36,1.17,22.04
2002-09-04,0.01,33.85,45.4,98.17,1.49,19.66
2002-09-05,0.09,33.58,38.73,98.22,2.05,16.77
2002-09-06,0.0,33.54,33.73,98.26,3.56,14.32
2002-09-07,0.0,31.26,39.72,98.29,3.2,14.98
2002-09-08,0.01,31.4,39.38,98.39,3.59,14.45
2002-09-09,0.0,31.17,37.55,98.45,3.36,13.36
2002-09-10,0.0,31.33,35.22,98.36,3.45,12.57
2002-09-11,0.0,31.8,31.33,98.45,2.95,10.74
2002-09-12,0.0,31.84,30.42,98.46,2.98,10.22
2002-09-13,0.0,31.1,38.01,98.53,3.65,13.4
2002-09-14,0.0,30.26,43.24,98.67,4.96,14.58
2002-09-15,0.0,30.03,41.93,98.71,4.7,13.85
2002-09-16,0.0,30.38,44.89,98.63,5.15,15.56
2002-09-17,0.0,30.42,48.79,98.42,6.01,17.0
2002-09-18,0.13,30.88,48.05,98.64,4.42,17.49
2002-09-19,0.29,31.73,43.09,98.99,2.85,16.51
2002-09-20,0.0,32.17,34.01,99.04,1.97,13.55
2002-09-21,0.01,32.58,31.95,98.81,2.82,12.67
2002-09-22,0.0,32.94,30.2,98.63,2.51,11.93
2002-09-23,0.0,32.71,28.56,98.57,3.6,10.79
2002-09-24,0.0,31.21,33.14,98.38,4.59,10.96
2002-09-25,0.0,29.85,44.13,98.57,3.6,14.73
2002-09-26,0.0,30.81,37.64,98.87,2.72,13.15
2002-09-27,0.0,31.14,28.51,98.82,3.03,9.59
2002-09-28,0.0,31.55,27.3,98.82,3.47,8.81
2002-09-29,0.0,31.41,31.26,98.89,3.36,10.75
2002-09-30,0.0,31.48,27.43,98.89,2.97,8.98
2002-10-01,0.0,31.93,24.37,98.98,2.05,6.36
2002-10-02,0.0,32.99,11.42,99.0,1.54,-1.24
2002-10-03,0.0,32.08,15.09,98.85,1.88,1.08
2002-10-04,0.0,32.07,17.28,98.81,1.48,2.55
2002-10-05,0.0,33.14,12.9,98.8,0.81,0.45
2002-10-06,0.0,33.28,12.35,98.95,1.32,0.13
2002-10-07,0.0,31.91,10.33,98.99,2.44,-3.51
2002-10-08,0.0,31.43,10.93,99.0,1.95,-3.19
2002-10-09,0.29,31.05,17.25,99.03,2.02,2.55
2002-10-10,0.0,31.99,19.1,99.05,1.63,4.35
2002-10-11,0.0,31.83,16.54,98.87,1.5,2.27
2002-10-12,0.0,32.6,12.12,98.54,1.22,-1.18
2002-10-13,0.0,31.24,12.78,98.68,1.52,-1.39
2002-10-14,0.0,28.53,19.81,98.91,2.5,2.46
2002-10-15,0.0,28.9,27.26,98.96,1.95,6.81
2002-10-16,0.0,29.83,21.96,98.92,1.25,4.86
2002-10-17,0.0,29.79,20.38,98.83,1.63,3.98
2002-10-18,0.0,30.62,16.34,98.71,0.76,1.31
2002-10-19,0.0,30.34,14.17,98.62,1.68,-0.71
2002-10-20,0.0,29.14,24.6,98.73,2.48,5.53
2002-10-21,0.0,28.56,32.93,98.93,1.72,8.75
2002-10-22,0.0,26.56,22.53,99.15,2.4,2.8
2002-10-23,0.0,27.2,17.77,99.12,1.31,-0.3
2002-10-24,0.0,27.42,15.63,99.16,1.37,-1.61
2002-10-25,0.0,27.47,13.52,99.31,1.32,-3.51
2002-10-26,0.0,29.64,11.43,99.32,0.99,-3.8
2002-10-27,0.0,29.29,13.99,99.11,1.73,-1.12
2002-10-28,0.0,29.0,15.56,98.81,1.6,-0.71
2002-10-29,0.0,27.91,19.13,98.78,2.01,1.5
2002-10-30,0.0,26.75,13.78,99.07,1.52,-3.84
2002-10-31,0.0,26.36,16.42,99.25,1.66,-1.99
2002-11-01,0.0,26.42,15.62,99.26,1.49,-2.44
2002-11-02,0.0,26.24,16.79,99.36,1.49,-1.72
2002-11-03,0.0,26.14,16.79,99.39,1.42,-1.51
2002-11-04,0.0,27.15,15.33,99.35,1.31,-2.2
2002-11-05,0.0,27.04,15.01,99.2,1.78,-2.13
2002-11-06,0.0,25.25,24.28,99.27,3.13,2.97
2002-11-07,0.0,23.56,36.9,99.48,2.17,6.91
2002-11-08,0.0,24.26,31.91,99.54,2.5,5.58
2002-11-09,0.38,24.65,31.8,99.47,1.25,5.96
2002-11-10,0.24,24.6,31.62,99.39,1.85,5.95
2002-11-11,0.13,23.85,38.72,99.33,1.72,8.34
2002-11-12,0.0,21.58,46.3,99.35,2.18,8.86
2002-11-13,0.0,21.84,40.91,99.46,1.84,7.13
2002-11-14,0.0,23.19,30.83,99.33,1.18,4.08
2002-11-15,0.0,23.83,22.31,99.26,1.8,-0.1
2002-11-16,0.0,25.25,20.18,99.47,1.54,0.25
2002-11-17,0.0,25.64,24.91,99.5,1.77,3.27
2002-11-18,0.0,25.05,19.33,99.44,1.94,-0.93
2002-11-19,0.0,23.08,17.23,99.39,2.19,-3.69
2002-11-20,0.0,22.31,14.36,99.4,1.55,-6.77
2002-11-21,0.0,22.37,14.27,99.48,1.86,-6.61
2002-11-22,0.0,21.88,15.83,99.43,1.78,-5.82
2002-11-23,0.0,21.5,15.57,99.37,1.76,-6.28
2002-11-24,0.0,23.03,12.67,99.3,1.45,-7.33
2002-11-25,0.0,23.1,12.6,99.23,1.05,-7.26
2002-11-26,0.0,22.9,12.9,99.31,1.34,-7.31
2002-11-27,0.0,21.03,13.95,99.43,1.56,-7.91
2002-11-28,0.0,20.42,14.54,99.57,1.54,-7.73
2002-11-29,0.0,20.48,15.21,99.69,1.86,-7.33
2002-11-30,0.0,22.29,17.72,99.45,1.37,-3.78
2002-12-01,0.0,20.9,22.93,99.47,1.11,-2.19
2002-12-02,0.0,19.91,15.9,99.5,1.35,-7.44
2002-12-03,0.0,19.45,13.85,99.46,1.35,-9.11
2002-12-04,0.0,19.64,12.76,99.44,1.38,-9.71
2002-12-05,0.0,18.89,14.53,99.46,1.24,-8.71
2002-12-06,0.0,16.2,21.54,99.71,3.71,-6.17
2002-12-07,0.0,14.76,21.92,99.78,2.83,-6.88
2002-12-08,0.0,15.46,23.8,99.89,2.44,-5.64
2002-12-09,0.0,15.6,19.19,99.96,2.0,-8.3
2002-12-10,0.0,17.86,14.48,99.73,1.34,-10.04
2002-12-11,0.0,18.1,12.38,99.69,1.47,-11.55
2002-12-12,0.0,17.73,12.15,99.98,2.13,-11.72
2002-12-13,0.0,18.63,11.05,100.09,1.56,-12.11
2002-12-14,0.0,19.12,12.57,99.97,1.5,-10.35
2002-12-15,0.0,19.87,13.15,99.74,1.7,-9.27
2002-12-16,0.0,21.17,14.57,99.59,1.25,-6.83
2002-12-17,0.0,20.14,18.92,99.44,1.62,-4.79
2002-12-18,0.0,19.98,22.89,99.25,1.33,-2.43
2002-12-19,0.0,21.73,25.75,99.1,1.11,0.98
2002-12-20,0.0,20.82,31.93,99.16,1.05,2.97
2002-12-21,0.0,19.18,35.08,99.35,1.7,2.73
2002-12-22,0.0,20.14,32.42,99.36,1.24,2.13
2002-12-23,0.0,20.14,30.61,99.23,1.36,1.87
2002-12-24,0.0,17.68,39.34,99.32,1.96,3.3
2002-12-25,0.0,14.72,54.03,99.67,2.24,4.59
2002-12-26,0.0,15.62,42.32,99.79,1.48,1.66
2002-12-27,0.0,17.18,35.36,99.78,1.28,1.06
2002-12-28,0.0,18.18,31.69,99.66,0.95,0.62
2002-12-29,0.0,17.79,32.45,99.47,1.79,0.71
2002-12-30,5.54,17.36,50.52,99.39,1.74,6.6
2002-12-31,0.0,14.56,38.93,99.59,2.25,0.11
2003-01-01,0.0,14.18,34.16,99.75,1.9,-2.38
2003-01-02,0.0,13.94,41.77,99.86,1.52,0.38
2003-01-03,0.0,13.88,43.15,100.13,2.56,0.87
2003-01-04,0.0,13.71,37.05,100.07,1.81,-1.46
2003-01-05,0.0,14.78,29.94,99.87,1.0,-3.71
2003-01-06,0.0,15.32,25.71,99.89,1.63,-4.86
2003-01-07,0.0,16.02,24.97,100.01,1.57,-4.4
2003-01-08,0.0,15.02,27.32,99.87,1.75,-4.3
2003-01-09,0.0,14.98,25.51,99.82,2.07,-5.3
2003-01-10,0.0,13.99,26.45,100.07,3.11,-5.53
2003-01-11,0.0,14.56,25.8,99.99,1.97,-5.74
2003-01-12,0.0,14.88,21.84,99.98,2.11,-7.46
2003-01-13,0.0,15.32,20.78,100.08,2.19,-7.66
2003-01-14,0.0,16.66,16.46,100.05,1.4,-9.42
2003-01-15,0.0,16.03,15.57,100.0,1.93,-10.64
2003-01-16,0.0,15.44,17.1,99.94,2.14,-9.89
2003-01-17,0.0,16.04,17.55,99.92,1.7,-9.06
2003-01-18,3.0,16.3,23.46,99.93,2.02,-5.34
2003-01-19,0.0,15.12,23.76,99.87,2.52,-6.16
2003-01-20,0.0,16.1,19.85,99.8,1.85,-7.57
2003-01-21,0.0,17.92,18.14,99.69,1.34,-7.01
2003-01-22,0.0,19.84,21.1,99.52,0.69,-3.15
2003-01-23,0.0,19.02,26.69,99.27,1.76,-1.11
2003-01-24,0.0,19.71,21.74,99.05,1.53,-3.43
2003-01-25,0.0,21.14,25.03,99.09,1.79,-0.1
2003-01-26,0.02,21.96,30.76,99.41,2.46,3.39
2003-01-27,0.78,18.37,43.99,99.65,2.24,5.2
2003-01-28,0.0,17.82,49.53,99.59,1.41,5.42
2003-01-29,0.0,19.39,36.13,99.61,1.31,3.4
2003-01-30,0.05,20.26,47.79,99.27,2.3,8.69
2003-01-31,0.41,17.99,59.68,99.34,2.67,9.58
2003-02-01,0.0,17.24,46.15,99.63,1.7,3.3
2003-02-02,1.94,15.66,39.49,100.12,4.29,1.31
2003-02-03,0.0,13.93,41.38,100.11,2.64,0.06
2003-02-04,0.0,14.91,34.19,99.98,2.13,-1.66
2003-02-05,0.0,16.14,29.24,99.85,1.77,-2.59
2003-02-06,0.0,17.76,25.81,99.49,1.36,-3.25
2003-02-07,0.0,19.78,25.4,99.22,1.62,-0.83
2003-02-08,0.0,18.5,26.18,99.17,2.11,-2.15
2003-02-09,0.0,16.73,22.63,99.26,2.54,-5.42
2003-02-10,0.0,17.07,21.2,99.41,2.6,-5.89
2003-02-11,0.0,17.86,21.22,99.53,1.94,-5.39
2003-02-12,0.0,19.5,18.36,99.53,2.04,-5.77
2003-02-13,0.0,20.64,17.06,99.4,2.02,-5.55
2003-02-14,0.0,22.13,17.27,99.31,1.04,-4.58
2003-02-15,0.0,23.32,16.6,99.24,1.5,-3.73
2003-02-16,0.78,21.23,34.69,99.15,2.52,4.66
2003-02-17,10.31,19.84,70.89,98.75,4.84,14.15
2003-02-18,6.12,19.33,72.9,98.34,4.72,13.74
2003-02-19,0.62,15.34,35.92,98.91,4.41,-1.84
2003-02-20,0.0,16.63,27.86,99.64,2.58,-3.29
2003-02-21,0.0,17.61,29.82,99.92,2.5,-1.25
2003-02-22,0.0,20.55,33.39,99.64,1.27,3.39
2003-02-23,0.0,22.59,38.06,99.33,1.65,6.66
2003-02-24,0.0,22.1,38.19,99.4,2.36,6.39
2003-02-25,0.0,22.97,38.06,99.23,1.66,7.04
2003-02-26,0.04,25.15,32.35,99.09,0.97,6.73
2003-02-27,0.1,26.22,35.04,98.98,1.47,8.97
2003-02-28,0.0,26.5,32.44,99.02,0.98,7.58
2003-03-01,0.01,26.1,37.97,98.69,4.76,9.33
2003-03-02,0.0,20.74,25.89,98.96,4.84,-2.93
2003-03-03,0.0,15.41,10.85,99.56,5.4,-15.23
2003-03-04,0.0,14.43,12.81,99.73,3.15,-14.41
2003-03-05,0.0,19.29,8.95,99.51,1.61,-14.42
2003-03-06,0.0,22.23,9.82,99.46,1.38,-10.99
2003-03-07,0.0,23.27,12.59,99.43,1.22,-7.64
2003-03-08,0.34,23.03,13.88,99.2,2.02,-7.05
2003-03-09,0.0,24.04,22.67,98.96,2.99,0.97
2003-03-10,0.0,22.54,17.26,99.17,2.65,-5.01
2003-03-11,0.0,21.97,19.36,99.16,1.79,-3.64
2003-03-12,0.0,23.8,14.71,99.28,1.53,-5.75
2003-03-13,0.0,24.08,15.45,99.5,1.69,-4.62
2003-03-14,0.0,25.97,14.64,99.37,2.52,-3.92
2003-03-15,0.0,25.41,18.34,98.92,2.45,-1.13
2003-03-16,0.0,24.48,15.51,98.89,1.82,-4.66
2003-03-17,0.0,25.34,11.77,99.17,1.59,-6.93
2003-03-18,0.0,25.99,15.95,99.18,2.46,-2.11
2003-03-19,0.0,25.65,19.98,99.24,2.18,0.06
2003-03-20,0.0,26.68,16.76,99.16,1.75,-1.39
2003-03-21,0.0,29.01,14.3,99.03,1.42,-1.49
2003-03-22,0.0,29.19,15.68,99.15,1.13,-0.8
2003-03-23,0.0,28.2,18.73,99.27,1.91,0.88
2003-03-24,0.0,27.61,27.53,99.27,2.02,5.87
2003-03-25,0.0,29.58,24.43,99.15,1.7,6.46
2003-03-26,0.0,29.12,18.56,99.25,1.45,2.16
2003-03-27,0.0,30.24,18.24,99.04,2.47,3.05
2003-03-28,0.0,30.09,27.85,98.71,3.9,8.13
2003-03-29,0.0,29.16,36.52,98.58,1.77,12.25
2003-03-30,0.0,29.47,37.01,98.69,1.37,11.8
2003-03-31,0.02,31.41,24.17,98.87,1.29,7.52
2003-04-01,0.0,31.76,16.77,98.81,1.9,2.21
2003-04-02,0.0,31.35,16.62,98.45,3.02,1.69
2003-04-03,0.0,30.0,12.59,98.34,2.79,-3.7
2003-04-04,0.0,26.31,12.22,98.57,3.06,-5.29
2003-04-05,0.0,26.98,12.7,98.92,3.1,-4.43
2003-04-06,0.0,27.69,9.27,99.21,3.21,-7.72
2003-04-07,0.0,29.91,9.61,99.38,1.87,-6.04
2003-04-08,0.0,31.46,8.29,99.07,1.48,-6.39
2003-04-09,0.0,31.3,8.4,98.73,2.64,-6.51
2003-04-10,0.0,31.63,14.63,98.75,3.04,-0.11
2003-04-11,0.0,32.36,17.09,98.92,3.19,3.18
2003-04-12,0.0,31.99,23.23,98.85,4.32,7.36
2003-04-13,0.12,28.79,37.16,98.67,4.01,10.5
2003-04-14,0.0,30.0,43.76,98.69,3.24,15.12
2003-04-15,0.0,30.45,42.27,98.65,3.04,15.0
2003-04-16,0.0,31.62,38.03,98.86,1.95,13.32
2003-04-17,0.0,33.59,17.36,98.82,1.02,4.28
2003-04-18,0.0,31.27,26.33,98.49,4.73,9.12
2003-04-19,0.0,29.04,33.32,98.37,4.76,8.09
2003-04-20,0.0,28.17,14.24,98.62,2.58,-2.39
2003-04-21,0.0,29.3,17.65,98.95,2.8,1.45
2003-04-22,0.0,32.03,11.84,98.9,1.32,-2.25
2003-04-23,0.0,33.41,10.16,98.77,2.25,-2.54
2003-04-24,0.0,33.06,22.54,98.52,3.49,6.86
2003-04-25,0.0,32.88,34.77,98.27,3.89,12.33
2003-04-26,0.0,33.27,9.89,98.25,2.94,-2.97
2003-04-27,2.28,33.75,14.39,98.38,2.28,0.85
2003-04-28,0.0,34.07,9.44,98.54,1.38,-3.27
2003-04-29,0.0,34.45,11.61,98.67,1.83,-0.68
2003-04-30,0.0,35.67,13.54,98.58,2.43,2.81
2003-05-01,0.0,34.71,16.57,98.16,4.7,4.07
2003-05-02,0.0,32.14,23.01,97.98,5.76,2.03
2003-05-03,0.0,29.18,5.39,98.22,4.56,-12.86
2003-05-04,0.0,29.45,5.44,98.3,2.57,-12.56
2003-05-05,0.0,31.76,5.63,98.28,2.09,-10.23
2003-05-06,0.0,30.69,8.12,98.4,2.81,-7.47
2003-05-07,0.0,31.73,7.68,98.63,1.3,-7.07
2003-05-08,0.0,33.11,9.72,98.65,2.24,-3.54
2003-05-09,0.0,33.74,16.13,98.7,2.5,3.17
2003-05-10,0.0,34.83,16.15,98.67,3.69,3.25
2003-05-11,0.0,35.72,14.81,98.5,2.33,2.15
2003-05-12,0.0,35.74,17.21,98.25,2.41,5.32
2003-05-13,0.0,34.4,14.16,98.32,2.53,0.72
2003-05-14,0.0,34.96,7.18,98.4,1.97,-6.3
2003-05-15,0.0,35.13,10.73,98.29,1.73,-0.72
2003-05-16,0.0,36.2,18.21,98.24,1.99,6.78
2003-05-17,0.06,36.14,27.91,98.06,3.92,11.63
2003-05-18,0.0,35.91,25.39,97.98,4.1,8.18
2003-05-19,0.0,35.77,28.64,98.05,4.14,10.67
2003-05-20,0.0,35.75,36.19,98.18,5.66,15.62
2003-05-21,0.0,35.44,39.63,98.25,6.94,17.47
2003-05-22,0.0,34.93,39.28,98.09,5.71,15.82
2003-05-23,0.0,35.24,31.28,98.1,4.89,10.94
2003-05-24,0.0,34.89,35.75,98.3,4.36,15.64
2003-05-25,0.14,33.63,36.63,98.43,6.37,14.49
2003-05-26,0.0,34.26,35.72,98.53,4.1,15.61
2003-05-27,0.0,34.91,32.8,98.26,4.92,13.74
2003-05-28,0.0,34.79,32.42,98.23,3.89,14.0
2003-05-29,0.0,36.1,24.06,98.35,3.24,10.74
2003-05-30,0.0,35.33,31.86,98.44,4.81,14.57
2003-05-31,0.0,35.31,35.26,98.44,4.97,15.63
2003-06-01,0.0,35.89,31.15,98.23,3.48,13.91
2003-06-02,0.0,37.35,26.14,98.07,3.38,12.73
2003-06-03,0.0,37.03,30.79,98.0,5.24,15.35
2003-06-04,0.0,37.36,33.19,97.82,5.03,17.22
2003-06-05,0.0,37.18,35.21,97.72,5.88,17.55
2003-06-06,0.08,36.96,39.18,97.64,6.66,19.11
2003-06-07,0.0,36.68,39.08,97.65,7.19,18.7
2003-06-08,0.0,36.08,43.18,97.73,7.66,20.23
2003-06-09,0.0,36.18,39.72,97.83,5.77,17.53
2003-06-10,0.0,36.15,39.05,97.77,5.96,18.13
2003-06-11,0.0,35.69,40.15,97.67,6.93,17.96
2003-06-12,0.0,35.45,40.35,97.78,5.47,18.0
2003-06-13,0.0,35.9,37.3,97.89,4.11,17.3
2003-06-14,0.0,37.07,32.46,97.93,4.36,15.83
2003-06-15,0.0,36.81,32.53,97.83,4.6,15.99
2003-06-16,0.0,37.82,30.67,97.71,4.74,16.72
2003-06-17,1.21,37.98,33.36,97.77,4.57,18.2
2003-06-18,1.37,34.32,41.31,97.97,4.87,18.59
2003-06-19,0.26,33.63,39.82,97.83,2.59,17.19
2003-06-20,0.0,35.91,33.36,97.55,1.74,16.18
2003-06-21,0.0,37.34,34.02,97.42,4.4,18.02
2003-06-22,0.0,37.18,35.02,97.47,3.66,18.45
2003-06-23,0.0,37.15,38.53,97.51,5.29,19.75
2003-06-24,0.0,36.49,40.32,97.71,4.79,20.15
2003-06-25,0.0,36.68,38.63,97.68,4.75,19.82
2003-06-26,0.0,35.81,40.32,97.62,5.97,19.46
2003-06-27,0.0,36.41,39.18,97.65,5.6,19.48
2003-06-28,0.0,36.26,40.47,97.63,5.96,19.96
2003-06-29,0.0,35.35,44.56,97.49,6.61,20.67
2003-06-30,0.0,35.92,43.51,97.46,3.96,20.81
2003-07-01,0.02,36.16,43.28,97.73,3.92,21.08
2003-07-02,0.85,38.4,31.55,97.99,1.64,17.76
2003-07-03,1.82,37.91,37.68,97.97,4.04,20.42
2003-07-04,1.59,36.54,44.0,97.7,4.92,21.74
2003-07-05,4.03,35.43,45.57,97.8,4.65,21.45
2003-07-06,8.81,31.76,65.12,98.09,3.46,24.29
2003-07-07,9.35,31.03,68.47,98.0,2.4,24.37
2003-07-08,2.24,31.81,64.82,97.82,2.69,24.03
2003-07-09,6.5,30.85,68.61,97.72,2.54,24.29
2003-07-10,6.17,30.53,74.77,97.81,2.44,25.29
2003-07-11,0.24,32.37,63.01,97.78,3.41,23.81
2003-07-12,0.03,34.01,54.12,97.7,4.48,22.91
2003-07-13,0.29,34.9,50.17,97.77,4.1,22.52
2003-07-14,0.12,35.19,48.06,97.82,2.55,22.13
2003-07-15,0.63,36.05,46.56,97.87,2.39,22.29
2003-07-16,3.56,35.82,47.69,97.87,3.62,22.33
2003-07-17,2.58,31.81,63.83,98.09,4.49,24.03
2003-07-18,0.5,32.34,63.79,98.25,3.03,24.28
2003-07-19,0.01,31.83,63.18,98.06,3.11,23.85
2003-07-20,0.0,33.98,54.45,97.83,5.7,23.0
2003-07-21,0.08,33.79,54.33,97.88,5.88,22.83
2003-07-22,1.89,32.93,57.21,97.9,3.98,23.02
2003-07-23,5.55,31.82,64.25,97.73,2.55,24.09
2003-07-24,3.34,32.17,64.18,97.53,2.47,24.28
2003-07-25,1.23,33.41,58.89,97.4,3.8,23.69
2003-07-26,0.14,32.16,65.09,97.51,5.44,24.33
2003-07-27,7.28,33.16,61.17,97.84,2.67,24.29
2003-07-28,9.52,33.31,62.38,97.78,2.95,24.8
2003-07-29,7.88,30.41,74.47,97.91,2.5,25.32
2003-07-30,0.22,30.1,68.32,98.06,6.88,23.28
2003-07-31,0.0,30.34,63.79,97.88,8.13,22.2
2003-08-01,0.03,30.63,64.72,98.01,5.89,22.78
2003-08-02,0.0,30.71,63.37,98.09,5.25,22.55
2003-08-03,0.0,31.49,61.67,98.11,4.57,22.75
2003-08-04,0.0,31.33,65.46,98.16,4.85,23.72
2003-08-05,2.41,32.32,60.29,98.19,2.44,23.13
2003-08-06,0.66,32.56,60.03,98.04,1.87,23.31
2003-08-07,0.09,34.14,52.35,97.99,1.33,22.42
2003-08-08,1.27,33.87,53.41,98.02,3.45,22.71
2003-08-09,0.33,32.39,62.47,97.93,4.45,23.89
2003-08-10,0.0,32.48,59.55,97.93,5.38,23.02
2003-08-11,0.01,32.73,57.52,98.14,5.15,22.65
2003-08-12,0.0,32.78,57.09,98.18,4.59,22.63
2003-08-13,0.0,32.54,53.22,98.12,4.68,20.97
2003-08-14,0.0,32.37,51.22,98.11,3.85,20.36
2003-08-15,0.0,32.81,49.81,98.08,3.48,19.9
2003-08-16,0.0,33.17,48.14,98.25,4.04,19.76
2003-08-17,0.0,32.6,49.62,98.23,5.01,19.8
2003-08-18,0.0,32.45,53.69,97.97,6.83,21.05
2003-08-19,0.0,32.61,55.87,97.67,6.07,21.64
2003-08-20,0.4,32.45,53.86,97.71,4.56,21.1
2003-08-21,0.06,33.06,50.54,97.98,2.61,20.72
2003-08-22,7.11,33.59,49.86,98.23,1.52,21.28
2003-08-23,0.59,34.93,44.4,98.2,1.42,20.26
2003-08-24,0.04,34.62,42.35,97.95,3.06,19.36
2003-08-25,5.59,32.79,55.38,97.91,2.36,22.31
2003-08-26,4.04,31.9,61.9,97.87,2.47,23.37
2003-08-27,23.0,31.23,67.03,98.0,2.03,24.12
2003-08-28,12.61,29.88,73.45,98.19,1.76,24.28
2003-08-29,0.31,31.86,61.22,98.19,1.95,23.02
2003-08-30,0.15,31.83,58.32,98.21,3.52,22.23
2003-08-31,0.01,31.78,57.36,98.15,3.27,21.79
2003-09-01,0.0,31.55,58.68,98.09,4.68,21.94
2003-09-02,0.0,31.56,55.94,98.04,4.44,21.02
2003-09-03,0.0,31.32,57.75,98.1,4.03,21.44
2003-09-04,0.0,31.42,55.92,98.17,3.73,20.98
2003-09-05,0.0,30.84,55.17,98.2,3.18,20.15
2003-09-06,0.08,31.16,51.31,98.29,2.01,19.21
2003-09-07,0.01,31.09,49.11,98.38,2.84,18.41
2003-09-08,0.0,30.88,50.08,98.33,3.73,18.4
2003-09-09,0.0,30.5,52.36,98.32,3.16,18.43
2003-09-10,0.0,31.03,55.14,98.25,3.78,19.99
2003-09-11,0.0,31.18,54.46,98.3,3.31,20.0
2003-09-12,0.0,31.36,54.12,98.18,4.03,20.09
2003-09-13,0.0,30.89,53.2,98.31,3.6,19.61
2003-09-14,0.0,31.45,51.48,98.4,3.06,19.44
2003-09-15,0.0,31.7,50.02,98.37,3.67,19.24
2003-09-16,0.0,31.99,48.76,98.43,3.17,19.08
2003-09-17,0.0,32.22,48.31,98.5,3.6,19.19
2003-09-18,0.0,32.67,47.89,98.64,3.69,19.34
2003-09-19,0.0,32.66,45.05,98.73,3.19,18.19
2003-09-20,0.0,32.42,41.73,98.66,3.87,16.46
2003-09-21,0.0,32.56,42.9,98.68,3.37,17.33
2003-09-22,0.0,32.49,44.2,98.61,4.32,17.76
2003-09-23,0.0,31.25,47.04,98.46,4.06,17.82
2003-09-24,0.0,30.64,49.14,98.44,3.87,17.84
2003-09-25,0.13,31.82,46.92,98.69,2.52,18.12
2003-09-26,0.0,32.89,42.31,98.8,1.44,17.87
2003-09-27,0.0,33.53,28.27,98.55,1.14,11.34
2003-09-28,0.0,32.43,16.94,98.34,1.05,3.46
2003-09-29,0.24,31.14,26.14,98.47,1.42,8.86
2003-09-30,0.09,31.89,36.64,98.61,1.84,14.4
2003-10-01,0.0,31.78,33.24,98.74,2.1,12.58
2003-10-02,0.0,31.31,19.13,98.82,1.43,3.56
2003-10-03,0.0,30.95,15.81,98.95,1.27,0.48
2003-10-04,0.0,31.4,14.84,98.98,1.71,-0.01
2003-10-05,0.0,31.05,15.32,98.84,1.38,0.47
2003-10-06,0.0,30.23,17.56,98.74,2.27,1.7
2003-10-07,0.0,30.0,21.29,98.8,1.89,4.31
2003-10-08,0.0,31.2,20.86,98.7,1.4,4.98
2003-10-09,0.0,31.18,19.54,98.61,1.66,4.62
2003-10-10,0.0,29.54,21.92,98.48,2.02,4.39
2003-10-11,0.0,27.94,16.67,98.64,1.31,-1.77
2003-10-12,0.0,28.25,18.07,98.92,1.72,0.99
2003-10-13,0.0,29.25,20.02,99.14,1.1,3.27
2003-10-14,0.0,30.0,18.57,99.21,0.92,2.92
2003-10-15,0.0,29.6,15.17,99.16,0.89,-0.29
2003-10-16,0.0,29.02,17.28,99.14,2.08,1.15
2003-10-17,0.0,28.55,21.71,99.16,2.61,3.69
2003-10-18,0.0,29.24,17.7,99.15,1.34,1.23
2003-10-19,0.0,28.44,17.23,99.11,1.9,0.5
2003-10-20,0.0,28.2,15.63,99.17,1.16,-1.0
2003-10-21,0.0,28.9,14.71,99.06,1.05,-1.6
2003-10-22,0.0,29.28,11.97,99.16,0.81,-3.41
2003-10-23,0.0,28.57,12.17,99.22,0.97,-3.91
2003-10-24,0.0,28.39,12.36,98.99,1.24,-3.95
2003-10-25,0.0,28.1,21.39,98.98,1.72,3.28
2003-10-26,0.0,28.03,22.98,99.12,1.24,3.71
2003-10-27,0.0,28.98,17.92,99.29,1.26,1.64
2003-10-28,0.0,28.54,17.51,99.6,1.45,1.01
2003-10-29,0.0,26.2,18.71,99.63,1.87,-0.39
2003-10-30,0.0,26.7,16.12,99.42,1.31,-2.14
2003-10-31,0.0,26.97,12.53,99.17,1.03,-4.94
2003-11-01,0.0,26.06,13.69,99.12,1.42,-4.25
2003-11-02,0.0,25.32,14.97,99.34,1.74,-3.9
2003-11-03,0.0,25.22,21.52,99.4,1.97,1.25
2003-11-04,0.0,26.52,21.19,99.23,1.29,1.67
2003-11-05,0.0,26.72,19.33,99.12,2.0,1.17
2003-11-06,0.0,24.38,13.59,99.13,1.48,-6.46
2003-11-07,0.0,24.59,12.99,99.01,1.35,-5.89
2003-11-08,0.0,23.97,13.73,99.16,1.73,-5.7
2003-11-09,0.0,23.37,13.99,99.42,1.51,-6.21
2003-11-10,0.0,22.04,14.78,99.53,1.94,-6.63
2003-11-11,0.0,24.0,13.47,99.37,1.55,-5.99
2003-11-12,0.0,23.53,13.6,99.42,1.63,-6.51
2003-11-13,0.0,22.73,14.64,99.43,1.92,-6.08
2003-11-14,3.38,22.22,20.65,99.51,1.57,-2.31
2003-11-15,0.0,22.09,22.04,99.5,1.54,-1.02
2003-11-16,0.0,21.74,32.12,99.33,1.8,4.21
2003-11-17,0.0,19.73,20.21,99.31,2.21,-5.51
2003-11-18,0.0,17.36,19.59,99.52,2.18,-6.48
2003-11-19,0.0,16.61,26.82,99.74,2.45,-3.55
2003-11-20,0.0,16.76,20.68,99.79,2.36,-6.42
2003-11-21,0.0,17.9,19.2,99.72,1.45,-6.43
2003-11-22,0.0,18.56,16.86,99.73,1.67,-7.39
2003-11-23,4.91,17.89,25.43,99.71,1.65,-2.89
2003-11-24,0.0,17.53,25.32,99.93,2.67,-3.4
2003-11-25,0.0,17.06,24.51,99.98,2.39,-3.96
2003-11-26,0.0,19.55,20.93,99.5,1.17,-3.95
2003-11-27,0.0,18.1,19.02,99.36,2.07,-6.48
2003-11-28,0.0,16.16,19.56,99.44,2.38,-7.3
2003-11-29,0.0,16.51,20.45,99.65,2.41,-6.92
2003-11-30,0.0,16.53,21.39,99.68,1.85,-6.38
2003-12-01,0.0,17.39,19.39,99.63,2.11,-6.78
2003-12-02,0.0,18.53,18.22,99.57,1.77,-6.82
2003-12-03,0.0,19.64,16.84,99.37,1.58,-6.58
2003-12-04,0.0,19.92,17.78,99.35,1.43,-5.67
2003-12-05,0.0,19.99,19.82,99.55,1.85,-4.27
2003-12-06,0.0,21.36,21.79,99.72,1.55,-1.76
2003-12-07,0.0,22.98,25.4,99.59,1.52,1.78
2003-12-08,0.0,23.17,31.98,99.3,2.59,4.98
2003-12-09,3.69,19.54,44.0,99.27,2.8,6.17
2003-12-10,0.0,17.44,45.51,99.63,2.73,4.91
2003-12-11,0.0,16.94,51.83,99.53,1.86,6.45
2003-12-12,0.0,17.05,52.53,99.46,1.84,6.32
2003-12-13,0.0,17.25,42.98,99.57,1.52,3.94
2003-12-14,0.0,16.23,26.47,99.63,1.46,-3.72
2003-12-15,0.0,14.95,38.35,99.66,2.43,0.02
2003-12-16,0.0,14.23,15.23,99.65,1.56,-12.37
2003-12-17,0.0,14.7,20.16,99.74,1.5,-8.14
2003-12-18,0.0,14.69,25.71,99.8,1.68,-5.71
2003-12-19,0.0,14.98,24.59,100.0,2.18,-5.62
2003-12-20,0.0,15.53,31.74,100.11,1.98,-1.86
2003-12-21,0.0,15.99,32.42,100.03,1.73,-1.23
2003-12-22,0.0,16.12,34.84,99.87,1.7,-0.14
2003-12-23,0.0,16.6,35.21,99.79,1.44,0.33
2003-12-24,0.0,14.54,33.9,99.94,2.38,-2.0
2003-12-25,0.0,13.24,32.6,99.83,1.57,-3.81
2003-12-26,0.0,13.92,26.89,99.64,1.76,-5.22
2003-12-27,0.0,13.07,30.69,99.82,1.96,-4.48
2003-12-28,0.0,12.66,31.72,100.22,2.0,-4.54
2003-12-29,0.0,13.7,26.52,100.19,1.46,-6.05
2003-12-30,0.0,15.95,22.34,100.03,1.64,-6.2
2003-12-31,0.0,16.49,23.34,99.8,1.64,-4.91
2004-01-01,0.0,14.89,28.15,99.71,2.17,-4.11
2004-01-02,0.0,12.91,25.54,99.84,2.16,-6.55
2004-01-03,3.51,11.88,36.84,99.94,2.48,-3.23
2004-01-04,0.0,13.84,30.6,99.92,3.1,-3.49
2004-01-05,0.0,15.34,27.86,99.83,2.43,-3.48
2004-01-06,0.0,13.04,29.24,99.99,3.91,-5.02
2004-01-07,0.0,13.21,35.53,100.1,3.04,-2.47
2004-01-08,0.0,15.43,32.81,100.15,2.28,-1.67
2004-01-09,0.0,16.7,29.22,100.08,1.49,-1.9
2004-01-10,0.0,18.46,25.84,99.91,1.34,-2.07
2004-01-11,0.0,19.8,23.82,99.85,1.25,-1.99
2004-01-12,0.0,20.53,24.16,99.56,1.78,-1.04
2004-01-13,0.0,19.36,33.36,99.4,1.53,2.32
2004-01-14,0.0,20.61,30.29,99.3,1.33,1.62
2004-01-15,0.0,21.22,27.62,99.29,1.4,1.5
2004-01-16,0.0,20.92,33.72,99.27,2.23,3.95
2004-01-17,0.0,17.53,35.02,99.16,2.31,-0.37
2004-01-18,0.0,16.63,19.96,99.48,1.96,-6.96
2004-01-19,0.0,17.13,38.12,99.35,1.63,1.79
2004-01-20,0.62,15.91,40.85,99.22,2.98,2.36
2004-01-21,0.11,15.02,59.71,99.06,3.42,6.82
2004-01-22,0.36,14.88,57.35,99.27,2.65,5.98
2004-01-23,5.46,14.59,55.05,99.37,1.58,5.06
2004-01-24,0.0,14.82,43.79,99.62,2.12,1.61
2004-01-25,0.0,15.15,36.27,99.62,1.45,-0.71
2004-01-26,0.0,16.58,30.75,99.59,1.39,-1.32
2004-01-27,0.0,16.06,33.06,99.56,1.91,-1.05
2004-01-28,0.0,17.19,29.96,99.29,1.92,-1.33
2004-01-29,0.03,17.23,34.73,99.15,1.72,0.81
2004-01-30,0.0,14.59,58.32,99.29,3.41,5.68
2004-01-31,0.0,15.12,39.21,99.4,1.23,0.43
2004-02-01,0.0,14.86,29.71,99.68,1.69,-3.22
2004-02-02,0.0,14.6,28.75,99.83,1.74,-4.26
2004-02-03,0.0,15.9,21.46,99.7,1.01,-6.75
2004-02-04,0.0,18.02,17.92,99.38,1.55,-6.94
2004-02-05,0.0,17.6,18.9,99.43,2.47,-7.04
2004-02-06,0.0,18.45,14.82,99.69,1.4,-9.59
2004-02-07,0.0,18.73,14.29,99.79,1.67,-9.43
2004-02-08,0.01,20.52,22.01,99.53,3.19,-3.19
2004-02-09,0.0,18.12,39.42,99.35,4.12,1.09
2004-02-10,0.0,16.73,32.45,99.87,2.57,-0.63
2004-02-11,0.0,16.32,43.1,100.0,2.45,2.69
2004-02-12,0.0,18.25,33.2,99.94,1.86,0.82
2004-02-13,0.0,19.15,28.55,99.77,1.4,-0.61
2004-02-14,0.0,19.41,25.66,99.69,2.22,-2.01
2004-02-15,0.0,21.66,19.33,99.5,1.15,-3.92
2004-02-16,0.0,23.59,15.87,99.42,1.59,-4.39
2004-02-17,0.0,20.97,25.33,99.08,2.63,-0.24
2004-02-18,0.0,21.55,33.2,98.91,1.18,2.34
2004-02-19,0.0,22.58,19.71,99.15,1.22,-3.04
2004-02-20,0.0,22.03,18.46,99.35,1.8,-3.58
2004-02-21,0.0,23.26,20.71,99.4,1.74,-0.93
2004-02-22,0.0,22.83,23.44,99.51,2.56,0.06
2004-02-23,0.0,24.14,21.19,99.39,1.27,-0.44
2004-02-24,0.0,26.14,16.32,99.44,0.98,-1.89
2004-02-25,0.0,27.01,17.68,99.28,1.99,-0.05
2004-02-26,0.0,26.03,22.5,98.98,2.03,2.09
2004-02-27,0.0,25.07,27.55,98.88,1.69,3.36
2004-02-28,0.0,24.86,19.07,99.06,1.61,-1.02
2004-02-29,0.0,22.69,12.27,99.29,1.83,-8.72
2004-03-01,0.0,23.06,10.93,99.39,2.03,-9.33
2004-03-02,0.0,24.22,9.17,99.35,1.09,-10.44
2004-03-03,0.0,25.42,8.33,99.24,0.85,-10.47
2004-03-04,0.0,25.83,9.02,99.21,1.69,-9.16
2004-03-05,0.0,25.71,12.77,99.24,2.07,-5.16
2004-03-06,0.0,25.47,13.62,99.34,2.31,-5.94
2004-03-07,0.0,26.93,9.34,99.3,1.37,-8.85
2004-03-08,0.0,28.99,7.92,99.43,2.14,-8.98
2004-03-09,0.0,28.51,8.92,99.45,1.04,-7.68
2004-03-10,0.0,26.59,13.77,99.13,2.11,-4.07
2004-03-11,0.0,27.87,15.17,99.09,1.68,-1.93
2004-03-12,0.0,28.67,13.13,99.14,1.47,-3.61
2004-03-13,0.0,28.78,16.0,99.19,1.46,-1.37
2004-03-14,0.0,30.11,14.34,99.28,1.39,-0.74
2004-03-15,0.0,31.96,13.09,99.12,1.53,-0.58
2004-03-16,0.0,30.58,13.42,98.96,2.46,-2.36
2004-03-17,0.0,29.7,14.94,98.93,2.74,-1.8
2004-03-18,0.0,30.51,15.03,99.01,2.13,0.16
2004-03-19,0.0,31.06,15.99,98.93,1.57,1.49
2004-03-20,0.0,32.4,14.05,98.59,2.1,0.97
2004-03-21,0.0,32.13,14.97,98.44,2.54,1.23
2004-03-22,0.0,31.08,17.3,98.52,3.14,2.21
2004-03-23,0.0,28.44,13.6,98.64,2.67,-2.79
2004-03-24,0.0,24.97,6.49,98.71,2.48,-13.4
2004-03-25,0.0,26.31,5.51,98.69,0.61,-13.81
2004-03-26,0.0,26.56,9.89,98.89,1.9,-7.68
2004-03-27,0.0,27.45,11.69,99.17,1.49,-5.84
2004-03-28,0.0,28.79,9.05,99.14,1.13,-7.43
2004-03-29,4.01,28.75,13.95,98.96,1.56,-2.75
2004-03-30,0.0,29.29,15.31,98.88,1.7,-1.51
2004-03-31,0.0,29.01,17.16,98.84,1.78,0.78
2004-04-01,0.0,28.53,30.26,98.84,4.02,8.09
2004-04-02,0.0,28.91,32.97,98.98,2.48,9.19
2004-04-03,0.0,29.76,35.47,98.98,1.71,11.11
2004-04-04,0.0,31.59,28.72,99.03,1.78,9.89
2004-04-05,0.0,32.5,21.01,98.81,1.83,5.6
2004-04-06,0.0,32.15,19.99,98.61,2.77,5.13
2004-04-07,0.01,32.3,29.36,98.55,3.38,10.48
2004-04-08,0.0,32.7,28.71,98.45,2.7,9.95
2004-04-09,0.0,32.73,28.16,98.36,3.12,9.85
2004-04-10,0.0,32.15,12.58,98.59,1.65,-1.69
2004-04-11,0.0,33.83,15.22,98.73,1.74,2.97
2004-04-12,0.0,32.43,19.9,98.59,2.73,4.37
2004-04-13,0.0,33.06,15.38,98.38,2.53,2.29
2004-04-14,0.0,33.76,15.5,98.28,2.71,3.42
2004-04-15,0.0,34.77,17.46,98.21,2.92,5.01
2004-04-16,0.0,33.85,22.76,98.12,6.31,7.69
2004-04-17,0.0,31.08,21.05,98.25,3.12,3.89
2004-04-18,0.0,30.8,28.27,98.24,2.94,7.91
2004-04-19,0.0,31.89,27.64,98.33,3.76,8.62
2004-04-20,0.0,32.87,26.96,98.55,2.62,10.14
2004-04-21,0.0,33.82,19.8,98.51,1.03,6.67
2004-04-22,0.08,32.85,20.57,98.37,2.6,6.94
2004-04-23,0.0,32.56,16.48,98.52,2.15,2.55
2004-04-24,0.0,32.29,8.99,98.57,1.49,-5.6
2004-04-25,0.0,33.51,11.99,98.57,2.16,-1.09
2004-04-26,0.0,34.98,13.4,98.59,1.97,1.97
2004-04-27,0.0,34.64,21.41,98.42,4.33,7.35
2004-04-28,0.0,33.9,29.57,98.23,2.98,10.05
2004-04-29,0.56,33.55,33.51,98.07,3.65,14.12
2004-04-30,0.03,29.23,8.73,98.23,3.71,-7.32
2004-05-01,0.0,29.54,6.89,98.6,1.91,-10.2
2004-05-02,0.0,29.46,9.08,98.81,2.34,-6.96
2004-05-03,0.0,32.1,10.96,98.67,1.7,-3.18
2004-05-04,0.0,33.85,12.5,98.51,1.88,0.3
2004-05-05,0.0,35.41,12.86,98.43,1.88,1.32
2004-05-06,0.0,36.13,11.23,98.3,1.51,0.14
2004-05-07,0.0,36.67,9.76,98.25,2.71,-0.76
2004-05-08,0.0,35.71,11.2,98.3,2.35,0.0
2004-05-09,0.0,35.3,17.33,98.33,1.59,5.73
2004-05-10,0.0,35.95,23.21,98.36,1.79,9.52
2004-05-11,0.14,34.81,32.35,98.34,4.66,15.09
2004-05-12,0.12,34.28,48.04,98.08,4.93,21.01
2004-05-13,0.0,34.47,36.68,97.95,3.98,16.08
2004-05-14,0.0,34.44,37.63,98.01,4.37,16.41
2004-05-15,0.0,34.77,35.61,97.97,4.2,15.87
2004-05-16,0.0,35.54,29.69,98.06,3.78,13.58
2004-05-17,0.0,36.22,20.01,98.23,3.55,7.08
2004-05-18,0.0,35.69,24.06,98.06,4.17,10.44
2004-05-19,0.0,35.11,33.97,97.62,6.53,14.87
2004-05-20,0.0,34.98,38.13,97.64,6.78,15.63
2004-05-21,0.0,35.06,37.0,97.77,6.5,15.76
2004-05-22,0.0,35.16,37.84,97.71,6.02,16.33
2004-05-23,0.0,35.96,28.13,97.67,5.51,7.76
2004-05-24,0.0,34.88,38.33,98.07,5.26,16.29
2004-05-25,0.0,34.87,39.94,98.19,5.54,17.76
2004-05-26,0.0,34.27,41.39,98.26,4.87,18.25
2004-05-27,0.0,34.36,36.83,98.4,4.54,15.74
2004-05-28,0.0,35.36,34.48,98.56,3.02,15.81
2004-05-29,0.0,35.79,35.03,98.39,3.66,16.3
2004-05-30,0.0,36.18,29.05,98.25,4.04,13.41
2004-05-31,0.0,36.01,33.15,98.26,3.79,15.67
2004-06-01,0.28,37.05,33.39,98.32,3.93,17.11
2004-06-02,0.27,36.91,30.96,98.31,3.88,15.04
2004-06-03,0.0,35.83,33.08,98.1,3.98,15.32
2004-06-04,0.0,35.78,33.08,98.0,5.86,13.98
2004-06-05,0.0,35.09,36.23,98.07,5.88,15.21
2004-06-06,0.0,34.98,39.61,98.01,7.05,17.17
2004-06-07,0.0,34.31,42.45,98.02,6.3,17.78
2004-06-08,0.61,34.51,37.35,98.1,3.26,16.42
2004-06-09,1.96,35.73,30.98,98.22,1.9,15.68
2004-06-10,0.11,36.69,31.62,98.13,2.2,16.52
2004-06-11,0.0,37.79,21.36,98.0,1.69,11.17
2004-06-12,1.41,39.17,20.81,97.96,1.46,12.23
2004-06-13,0.13,39.36,20.57,97.79,1.55,11.83
2004-06-14,0.33,39.33,20.39,97.57,1.9,11.83
2004-06-15,1.64,38.11,32.54,97.57,1.95,18.61
2004-06-16,0.03,38.19,33.87,97.58,2.27,19.21
2004-06-17,0.34,38.54,33.07,97.31,4.32,18.58
2004-06-18,0.16,36.63,36.37,97.35,5.76,18.19
2004-06-19,0.0,36.26,41.01,97.43,6.16,19.92
2004-06-20,0.0,36.37,41.65,97.5,6.81,19.88
2004-06-21,0.0,36.27,39.49,97.7,7.14,18.27
2004-06-22,0.0,35.15,43.55,97.94,7.47,19.67
2004-06-23,0.01,34.78,43.1,97.75,7.47,18.87
2004-06-24,0.0,35.29,43.32,97.74,6.94,19.69
2004-06-25,0.01,35.13,43.17,98.02,4.47,19.87
2004-06-26,0.75,35.49,43.22,98.04,5.31,20.24
2004-06-27,0.88,34.94,43.17,98.13,4.05,19.84
2004-06-28,0.0,36.11,36.59,98.15,3.53,18.36
2004-06-29,0.0,36.32,34.96,98.11,4.53,17.55
2004-06-30,0.0,35.94,35.69,97.92,5.55,17.45
2004-07-01,0.0,36.85,36.83,97.86,5.46,18.74
2004-07-02,0.0,36.44,33.14,97.76,5.34,16.4
2004-07-03,0.0,36.13,34.05,97.78,4.62,17.18
2004-07-04,0.0,36.98,34.38,97.85,3.95,17.92
2004-07-05,0.27,37.17,36.07,97.81,4.32,18.93
2004-07-06,0.01,37.42,37.33,97.87,5.43,19.91
2004-07-07,0.0,36.15,42.9,97.81,7.06,20.85
2004-07-08,0.0,34.59,49.0,97.78,7.68,21.72
2004-07-09,0.0,34.8,44.19,97.81,6.1,19.97
2004-07-10,0.0,33.99,44.58,97.78,5.47,19.65
2004-07-11,0.0,34.38,43.02,97.8,6.87,19.02
2004-07-12,0.0,34.85,44.36,97.87,5.71,20.11
2004-07-13,0.0,34.53,44.85,97.92,6.6,20.01
2004-07-14,0.0,34.54,44.93,97.82,5.76,19.99
2004-07-15,0.0,35.83,42.51,97.76,4.37,20.42
2004-07-16,0.0,36.85,38.07,97.87,3.55,19.41
2004-07-17,0.02,36.99,36.1,97.88,4.11,18.98
2004-07-18,0.0,36.32,36.68,97.81,4.39,18.57
2004-07-19,0.0,35.23,35.62,97.69,5.41,16.79
2004-07-20,0.0,34.77,36.53,97.72,5.6,16.78
2004-07-21,0.06,34.44,40.95,97.82,5.92,18.21
2004-07-22,0.0,33.84,40.26,97.99,5.69,17.28
2004-07-23,0.0,34.03,38.38,98.21,4.69,16.61
2004-07-24,0.0,35.67,34.34,98.13,3.39,16.73
2004-07-25,0.0,36.14,34.94,97.97,4.12,17.49
2004-07-26,0.0,34.91,38.11,97.83,5.39,17.57
2004-07-27,0.0,34.17,42.02,97.81,6.75,18.44
2004-07-28,0.0,34.41,42.55,97.86,6.26,18.68
2004-07-29,0.14,35.39,38.84,97.93,4.61,18.47
2004-07-30,1.62,35.69,40.24,97.97,4.52,19.5
2004-07-31,4.96,32.77,53.22,98.01,4.8,21.64
2004-08-01,0.34,32.66,54.25,97.84,5.04,21.65
2004-08-02,0.21,33.86,47.1,97.68,3.27,20.44
2004-08-03,0.61,34.82,45.17,97.7,2.63,20.68
2004-08-04,0.06,35.6,40.92,97.72,2.52,19.84
2004-08-05,0.43,36.67,39.55,97.66,2.6,20.13
2004-08-06,0.31,37.28,39.52,97.63,2.45,20.97
2004-08-07,3.73,35.06,47.99,97.78,3.58,22.25
2004-08-08,0.05,33.82,50.69,97.85,4.05,21.67
2004-08-09,0.37,33.89,49.92,97.89,3.84,21.64
2004-08-10,0.13,34.7,44.38,97.97,3.3,20.31
2004-08-11,2.1,35.5,41.8,97.87,2.83,20.18
2004-08-12,0.22,35.21,41.11,97.97,2.53,19.65
2004-08-13,0.0,36.08,38.43,98.04,2.06,19.18
2004-08-14,0.0,37.22,35.58,97.91,3.43,18.97
2004-08-15,0.35,35.53,38.81,97.88,4.76,18.94
2004-08-16,1.74,35.23,43.79,97.84,4.72,20.53
2004-08-17,0.32,34.29,46.78,98.05,4.08,20.97
2004-08-18,0.03,34.4,46.33,98.18,4.17,20.89
2004-08-19,0.0,34.45,47.03,97.98,4.86,21.06
2004-08-20,0.0,34.29,46.51,97.82,4.62,20.6
2004-08-21,0.0,34.16,43.13,98.07,4.17,19.37
2004-08-22,0.0,34.37,39.02,98.21,2.99,17.71
2004-08-23,0.01,35.63,37.8,98.18,2.1,18.3
2004-08-24,1.97,36.4,36.5,98.1,2.33,18.62
2004-08-25,0.03,34.66,40.27,98.14,4.05,18.6
2004-08-26,0.0,33.49,41.8,98.06,5.07,17.94
2004-08-27,0.0,32.69,44.2,97.97,4.41,18.13
2004-08-28,0.0,33.29,41.31,98.03,3.61,17.12
2004-08-29,0.0,33.6,38.69,98.11,3.93,16.35
2004-08-30,0.0,32.88,40.2,98.14,4.14,16.38
2004-08-31,0.0,32.22,41.81,98.24,4.89,16.4
2004-09-01,0.0,31.99,40.78,98.22,4.71,15.99
2004-09-02,0.0,32.37,40.3,98.54,3.11,16.45
2004-09-03,0.0,32.85,37.38,98.7,3.45,15.53
2004-09-04,0.0,32.38,39.55,98.51,4.25,16.13
2004-09-05,0.0,32.81,38.67,98.43,3.06,16.16
2004-09-06,0.0,33.6,35.68,98.57,2.48,15.66
2004-09-07,0.0,34.76,29.64,98.5,2.73,13.53
2004-09-08,0.0,33.8,28.19,98.25,5.28,11.59
2004-09-09,0.0,31.71,43.48,98.08,5.01,16.43
2004-09-10,0.0,32.01,44.68,98.15,3.82,17.46
2004-09-11,0.0,32.23,44.13,98.2,4.32,17.52
2004-09-12,0.0,31.94,41.68,98.36,3.51,16.49
2004-09-13,0.0,32.49,41.96,98.67,3.32,17.44
2004-09-14,0.0,32.79,43.25,98.61,4.17,17.97
2004-09-15,0.0,33.05,44.05,98.31,4.08,18.51
2004-09-16,0.0,32.31,47.33,98.5,3.91,19.13
2004-09-17,0.0,33.26,43.39,98.77,2.0,18.75
2004-09-18,2.67,34.56,36.32,98.68,1.57,16.93
2004-09-19,0.02,34.64,34.05,98.56,2.4,15.96
2004-09-20,0.01,34.9,33.84,98.59,2.21,16.13
2004-09-21,0.01,35.05,31.39,98.62,1.25,14.51
2004-09-22,0.1,34.8,28.43,98.59,1.14,13.13
2004-09-23,0.0,34.86,31.93,98.59,1.66,14.94
2004-09-24,0.63,34.5,32.89,98.63,2.3,14.72
2004-09-25,0.07,34.65,32.51,98.69,2.06,14.96
2004-09-26,0.0,32.14,44.97,98.98,1.77,18.49
2004-09-27,0.27,32.21,46.74,98.96,2.64,19.11
2004-09-28,0.0,32.93,40.81,98.65,2.67,17.18
2004-09-29,0.0,32.66,39.09,98.71,2.57,16.37
2004-09-30,8.54,31.34,39.43,99.04,4.17,14.55
2004-10-01,1.29,28.56,62.91,99.13,2.44,20.58
2004-10-02,6.62,26.28,73.12,99.02,2.54,21.05
2004-10-03,2.0,26.87,65.65,98.96,4.3,19.61
2004-10-04,0.09,29.25,52.26,98.9,2.85,17.77
2004-10-05,0.0,30.72,35.26,98.7,0.68,12.27
2004-10-06,0.0,30.85,25.84,98.7,1.3,7.67
2004-10-07,0.0,30.1,27.23,98.63,2.12,8.1
2004-10-08,0.0,28.4,34.5,98.61,3.51,10.28
2004-10-09,0.0,27.83,45.3,98.67,3.88,13.7
2004-10-10,0.04,26.26,15.4,98.89,1.63,-3.95
2004-10-11,0.0,25.61,12.96,99.12,1.73,-5.68
2004-10-12,0.0,25.83,16.76,99.25,1.4,-2.13
2004-10-13,0.0,26.35,22.59,99.38,1.62,2.23
2004-10-14,0.0,26.28,24.1,99.47,1.79,3.26
2004-10-15,0.0,26.96,23.04,99.37,1.17,2.75
2004-10-16,0.0,27.56,20.64,99.23,1.63,2.11
2004-10-17,0.0,28.17,30.35,99.29,1.41,8.18
2004-10-18,0.0,28.48,29.37,99.27,1.8,8.28
2004-10-19,0.0,28.5,34.89,99.18,1.87,10.67
2004-10-20,0.0,27.96,32.29,99.21,1.45,9.08
2004-10-21,0.0,27.7,25.87,99.4,1.97,5.69
2004-10-22,0.0,26.87,24.06,99.56,2.19,3.41
2004-10-23,0.0,27.76,16.78,99.39,1.25,-0.69
2004-10-24,0.0,27.27,15.85,99.33,1.66,-1.71
2004-10-25,0.0,28.04,19.17,99.46,1.87,1.65
2004-10-26,0.14,27.72,22.22,99.49,1.52,3.98
2004-10-27,0.0,25.44,24.52,99.5,2.09,3.16
2004-10-28,0.0,25.07,22.51,99.39,1.56,1.27
2004-10-29,0.0,24.27,27.36,99.55,2.62,3.75
2004-10-30,0.0,22.85,27.25,99.64,2.2,2.09
2004-10-31,0.0,22.5,25.11,99.55,1.48,0.08
2004-11-01,0.0,23.21,19.82,99.51,1.75,-2.09
2004-11-02,0.0,23.99,15.97,99.54,1.66,-4.07
2004-11-03,0.0,23.71,15.25,99.59,1.52,-5.01
2004-11-04,0.0,24.21,15.07,99.52,1.32,-4.9
2004-11-05,0.0,24.6,13.77,99.43,1.33,-5.42
2004-11-06,0.0,23.19,13.45,99.45,1.96,-6.69
2004-11-07,0.0,22.9,12.8,99.41,1.74,-7.83
2004-11-08,0.0,23.49,10.22,99.35,1.43,-9.61
2004-11-09,0.0,23.04,11.4,99.28,1.43,-8.68
2004-11-10,0.0,23.72,11.84,99.2,1.43,-7.7
2004-11-11,0.0,23.69,14.24,99.3,1.67,-5.71
2004-11-12,0.0,23.23,16.14,99.47,1.69,-4.42
2004-11-13,0.0,23.93,22.84,99.6,1.4,0.65
2004-11-14,0.0,24.03,20.49,99.57,1.49,-0.66
2004-11-15,0.0,25.62,17.14,99.48,1.36,-1.52
2004-11-16,0.0,26.33,16.89,99.41,1.02,-1.0
2004-11-17,0.0,26.8,21.21,99.41,0.9,2.7
2004-11-18,0.0,25.42,24.33,99.47,1.55,2.85
2004-11-19,0.0,25.17,20.58,99.47,1.19,0.44
2004-11-20,0.0,25.86,18.8,99.42,1.04,-0.07
2004-11-21,0.0,26.61,16.95,99.46,0.89,-0.99
2004-11-22,0.0,24.66,23.14,99.32,2.14,1.85
2004-11-23,0.0,24.34,28.94,99.38,1.53,4.18
2004-11-24,0.0,23.59,25.96,99.32,0.95,2.51
2004-11-25,0.0,22.78,27.61,99.52,1.13,2.39
2004-11-26,0.0,22.67,30.62,99.66,1.94,3.98
2004-11-27,0.0,21.93,37.82,99.76,1.66,6.15
2004-11-28,0.0,21.91,39.33,99.92,1.46,6.4
2004-11-29,0.0,21.89,31.26,99.68,1.97,3.62
2004-11-30,0.0,21.74,33.74,99.38,1.5,4.49
2004-12-01,0.0,18.95,43.54,99.57,2.71,5.53
2004-12-02,0.0,17.42,34.75,99.99,2.35,1.04
2004-12-03,0.0,17.0,37.37,100.11,1.76,1.61
2004-12-04,0.0,19.42,28.61,99.96,1.43,0.19
2004-12-05,0.0,20.18,26.11,99.82,1.42,-0.28
2004-12-06,0.0,20.59,25.94,99.79,1.18,-0.04
2004-12-07,0.0,20.38,23.3,99.88,1.65,-1.83
2004-12-08,0.0,19.09,20.46,99.93,1.91,-4.87
2004-12-09,0.0,20.22,15.06,99.74,1.4,-7.47
2004-12-10,0.0,21.49,14.1,99.66,1.5,-7.08
2004-12-11,0.0,20.92,16.49,99.76,1.35,-5.71
2004-12-12,0.0,19.95,16.51,99.9,1.91,-6.54
2004-12-13,0.0,19.42,20.55,99.87,1.6,-4.43
2004-12-14,0.0,20.51,19.03,99.62,1.13,-4.5
2004-12-15,0.0,21.3,18.07,99.46,1.36,-4.47
2004-12-16,0.0,21.69,18.15,99.53,1.07,-4.26
2004-12-17,0.0,22.24,18.14,99.65,1.4,-3.72
2004-12-18,0.0,21.24,19.72,99.46,2.15,-3.49
2004-12-19,0.0,17.89,30.28,98.95,3.52,-2.11
2004-12-20,0.0,16.37,16.85,99.07,1.38,-9.14
2004-12-21,0.0,15.41,25.54,99.18,2.28,-4.63
2004-12-22,0.0,14.89,29.05,99.23,2.03,-3.71
2004-12-23,0.0,15.51,28.6,99.38,1.75,-3.7
2004-12-24,0.0,16.3,26.67,99.7,1.95,-3.36
2004-12-25,0.0,15.43,28.06,100.02,2.22,-3.59
2004-12-26,0.0,14.2,27.3,99.79,2.05,-4.92
2004-12-27,0.0,15.92,22.53,99.43,2.04,-6.46
2004-12-28,0.0,16.99,20.76,99.47,1.78,-5.87
2004-12-29,0.0,17.97,37.3,99.46,1.71,2.74
2004-12-30,0.09,18.46,55.27,99.24,2.11,8.93
2004-12-31,1.11,14.08,61.58,98.95,4.17,5.72
2005-01-01,0.0,13.65,48.72,99.3,1.72,1.32
2005-01-02,0.0,13.04,52.65,99.66,2.36,2.59
2005-01-03,0.0,14.04,48.91,99.85,2.01,2.71
2005-01-04,0.0,12.98,47.88,100.1,2.41,1.5
2005-01-05,0.0,14.37,45.55,99.88,1.7,1.74
2005-01-06,0.0,16.17,40.08,99.88,1.68,2.19
2005-01-07,0.0,16.92,39.84,99.92,1.27,2.39
2005-01-08,0.0,18.46,36.65,99.69,1.64,3.13
2005-01-09,0.0,17.78,37.81,99.51,1.65,2.16
2005-01-10,0.0,15.84,24.99,99.22,2.0,-5.92
2005-01-11,0.0,14.89,25.82,99.53,1.95,-5.67
2005-01-12,0.0,14.94,24.73,99.77,1.8,-5.91
2005-01-13,0.0,17.01,23.39,99.63,1.7,-4.67
2005-01-14,0.0,17.17,26.31,99.54,2.16,-2.72
2005-01-15,0.0,16.31,37.85,99.49,2.66,1.39
2005-01-16,0.0,15.41,27.18,99.41,2.41,-3.74
2005-01-17,0.09,14.31,32.87,99.48,2.11,-2.83
2005-01-18,0.0,15.04,20.52,99.72,1.1,-7.66
2005-01-19,0.0,14.48,20.98,99.88,1.95,-8.43
2005-01-20,0.0,16.24,16.14,99.87,1.69,-9.95
2005-01-21,0.11,16.33,31.24,99.77,2.1,-1.51
2005-01-22,0.0,15.33,42.06,99.63,2.24,1.96
2005-01-23,0.0,14.25,28.81,99.73,1.38,-5.33
2005-01-24,0.0,15.62,21.54,99.74,1.79,-6.3
2005-01-25,0.35,12.3,61.15,99.86,2.88,4.71
2005-01-26,0.0,13.98,60.09,99.45,1.41,5.01
2005-01-27,0.0,15.69,38.54,99.08,2.28,0.46
2005-01-28,0.0,13.55,19.5,99.35,1.68,-9.79
2005-01-29,0.0,11.85,41.61,99.64,3.45,-1.49
2005-01-30,0.0,12.52,34.4,99.68,2.84,-3.9
2005-01-31,0.0,12.73,26.54,99.93,3.05,-7.09
2005-02-01,0.0,14.24,22.58,99.99,1.57,-7.68
2005-02-02,0.0,16.17,18.33,99.73,1.32,-8.61
2005-02-03,0.0,17.33,20.42,99.41,1.8,-6.06
2005-02-04,0.04,18.4,34.76,99.28,1.61,2.07
2005-02-05,0.47,19.33,44.8,99.17,2.01,6.84
2005-02-06,0.0,17.87,58.02,99.13,1.85,9.02
2005-02-07,1.27,19.42,57.78,99.22,2.82,10.59
2005-02-08,0.1,18.97,57.44,99.57,2.57,9.58
2005-02-09,0.03,20.3,48.82,99.72,1.69,8.51
2005-02-10,0.53,21.06,43.89,99.53,2.91,7.85
2005-02-11,0.0,19.82,57.42,99.63,2.55,9.74
2005-02-12,0.0,22.12,44.88,99.61,2.13,9.16
2005-02-13,0.17,22.9,36.32,99.57,1.75,6.07
2005-02-14,0.14,20.86,37.86,99.23,2.1,5.55
2005-02-15,0.37,21.66,43.52,98.82,4.55,6.28
2005-02-16,0.0,16.75,22.96,98.91,2.38,-5.88
2005-02-17,0.0,15.68,18.8,98.94,1.47,-8.35
2005-02-18,0.0,12.41,17.46,99.14,3.14,-12.3
2005-02-19,0.0,11.74,18.17,99.5,1.83,-11.72
2005-02-20,0.0,13.74,20.63,99.81,1.99,-8.89
2005-02-21,0.0,14.27,18.83,99.88,1.92,-9.46
2005-02-22,0.0,16.77,16.51,99.83,1.15,-9.11
2005-02-23,0.0,17.56,16.66,99.69,1.36,-8.58
2005-02-24,0.0,19.68,19.4,99.56,1.43,-4.77
2005-02-25,0.0,21.26,24.66,99.55,1.5,-0.41
2005-02-26,0.0,20.54,35.23,99.59,2.43,4.1
2005-02-27,0.0,23.23,35.11,99.33,1.9,6.45
2005-02-28,0.03,22.01,41.49,99.32,2.27,7.96
2005-03-01,0.0,21.75,43.72,99.4,3.35,8.12
2005-03-02,0.02,22.7,44.98,99.48,3.25,8.86
2005-03-03,0.0,22.07,48.35,99.43,2.37,9.39
2005-03-04,0.0,22.56,41.25,99.44,2.07,7.61
2005-03-05,0.0,22.8,35.43,99.63,1.45,5.72
2005-03-06,0.0,21.19,39.8,99.74,2.24,6.59
2005-03-07,0.0,23.12,35.95,99.55,1.8,6.52
2005-03-08,0.26,23.22,32.94,99.51,1.87,5.36
2005-03-09,0.8,23.3,41.2,99.36,2.28,8.82
2005-03-10,0.01,22.03,47.15,99.52,2.18,9.05
2005-03-11,0.01,24.83,30.72,99.41,0.98,5.29
2005-03-12,0.0,25.32,25.85,99.42,1.69,3.04
2005-03-13,0.0,27.19,19.99,99.39,1.5,1.18
2005-03-14,0.0,28.21,19.68,99.2,2.0,2.42
2005-03-15,0.0,28.61,21.54,98.96,1.85,3.61
2005-03-16,0.0,30.12,24.14,98.95,0.97,5.79
2005-03-17,0.0,30.35,24.2,99.01,1.36,6.74
2005-03-18,0.0,29.32,30.16,98.83,2.77,8.5
2005-03-19,0.01,28.51,34.87,98.84,1.6,10.38
2005-03-20,0.1,29.37,30.87,98.79,1.65,9.47
2005-03-21,0.2,25.96,36.97,98.68,3.85,8.63
2005-03-22,0.01,25.23,19.23,98.68,1.29,-1.1
2005-03-23,0.0,24.5,23.89,98.74,2.32,1.03
2005-03-24,0.0,26.02,18.47,98.92,1.78,-1.7
2005-03-25,0.0,27.15,19.0,98.9,3.18,1.09
2005-03-26,0.0,28.23,36.08,98.77,2.15,10.35
2005-03-27,0.0,28.0,26.35,98.77,1.85,5.14
2005-03-28,0.0,27.84,14.45,98.88,1.99,-2.35
2005-03-29,0.0,26.08,14.31,98.93,2.2,-4.79
2005-03-30,0.0,26.13,9.46,99.06,1.68,-8.98
2005-03-31,0.0,26.58,10.7,99.16,1.15,-7.59
2005-04-01,0.0,28.85,7.93,99.01,1.57,-9.08
2005-04-02,0.0,30.37,6.6,99.04,1.41,-9.58
2005-04-03,0.0,31.52,7.59,99.16,1.09,-7.29
2005-04-04,0.0,31.66,8.73,99.03,1.92,-6.35
2005-04-05,0.0,30.81,8.16,98.84,3.35,-7.24
2005-04-06,0.0,31.36,12.18,98.36,5.83,-2.14
2005-04-07,0.0,28.01,14.84,98.29,5.01,-6.04
2005-04-08,0.0,24.91,7.24,98.73,3.53,-13.07
2005-04-09,0.0,23.01,7.5,99.01,3.18,-13.73
2005-04-10,0.0,23.28,8.6,99.21,2.32,-12.57
2005-04-11,0.0,25.49,5.82,99.34,1.79,-14.04
2005-04-12,0.0,27.3,7.56,99.27,1.55,-10.68
2005-04-13,0.0,29.95,7.16,99.16,2.0,-9.15
2005-04-14,0.0,30.1,11.71,99.1,1.86,-3.13
2005-04-15,0.0,29.65,12.03,99.16,1.63,-3.74
2005-04-16,0.0,31.48,9.01,99.15,1.32,-5.66
2005-04-17,0.0,32.02,7.14,99.11,1.24,-8.16
2005-04-18,0.0,32.46,6.36,99.02,1.34,-8.58
2005-04-19,0.0,33.15,11.98,99.03,1.8,-0.98
2005-04-20,0.0,34.3,13.21,99.07,1.91,1.58
2005-04-21,0.0,32.42,20.26,98.96,0.98,6.34
2005-04-22,0.01,32.19,22.88,98.72,1.35,7.68
2005-04-23,0.49,32.04,31.07,98.77,2.77,12.28
2005-04-24,0.34,32.65,29.04,98.77,1.77,11.58
2005-04-25,0.07,32.58,27.95,98.67,2.48,11.03
2005-04-26,0.0,31.92,26.74,98.67,1.26,9.53
2005-04-27,0.0,31.7,24.84,98.54,2.71,8.56
2005-04-28,2.54,31.25,25.61,98.5,2.57,8.81
2005-04-29,0.27,31.37,33.64,98.4,1.47,12.92
2005-04-30,20.06,33.06,37.91,98.31,2.13,15.31
2005-05-01,6.29,30.37,50.55,98.48,1.74,17.75
2005-05-02,3.81,29.26,43.88,98.63,2.14,15.11
2005-05-03,3.1,30.39,43.43,98.56,2.17,16.03
2005-05-04,0.33,31.18,41.15,98.53,1.38,15.71
2005-05-05,0.0,32.19,36.44,98.44,1.49,14.08
2005-05-06,0.0,32.97,38.35,98.23,4.4,15.91
2005-05-07,0.0,32.84,41.95,98.15,5.09,16.32
2005-05-08,0.0,30.91,34.45,98.35,3.79,11.93
2005-05-09,0.0,30.88,21.81,98.54,2.53,3.59
2005-05-10,0.0,30.97,14.51,98.43,2.63,-1.14
2005-05-11,0.0,30.88,22.49,98.38,3.98,5.87
2005-05-12,0.0,31.97,29.17,98.42,3.48,9.46
2005-05-13,0.0,33.35,26.08,98.29,3.28,7.69
2005-05-14,0.0,33.38,21.81,98.35,2.0,5.51
2005-05-15,0.0,34.71,18.05,98.36,2.47,5.0
2005-05-16,0.0,35.15,25.5,98.35,3.51,10.69
2005-05-17,0.0,34.24,34.73,98.35,4.01,14.58
2005-05-18,0.0,35.5,31.12,98.34,3.78,12.72
2005-05-19,0.0,36.22,14.78,98.33,2.4,2.3
2005-05-20,0.0,36.24,17.64,98.24,2.25,4.84
2005-05-21,0.0,35.88,23.37,98.13,3.21,9.85
2005-05-22,0.0,33.3,29.56,98.36,2.2,12.15
2005-05-23,0.0,34.07,26.47,98.47,1.32,11.05
2005-05-24,0.0,36.02,21.43,98.48,0.91,9.87
2005-05-25,0.0,34.91,26.14,98.38,3.36,12.05
2005-05-26,0.0,34.88,21.54,98.35,3.82,6.28
2005-05-27,0.0,35.69,10.44,98.47,1.22,-0.58
2005-05-28,1.07,35.92,16.52,98.39,2.73,5.18
2005-05-29,0.72,34.31,26.51,98.48,1.73,11.64
2005-05-30,2.33,34.03,33.56,98.57,3.12,14.45
2005-05-31,0.15,35.02,26.93,98.44,2.86,11.54
2005-06-01,0.0,35.96,27.23,98.18,4.66,13.03
2005-06-02,0.0,36.06,29.59,98.01,6.11,14.0
2005-06-03,0.0,35.52,32.11,98.0,5.32,13.1
2005-06-04,0.0,35.8,32.59,97.86,4.41,13.7
2005-06-05,0.0,36.88,28.97,97.71,4.84,12.46
2005-06-06,0.0,36.73,34.75,97.72,5.23,17.55
2005-06-07,0.0,36.12,31.69,97.85,3.96,15.23
2005-06-08,0.0,36.75,31.04,97.79,5.42,14.69
2005-06-09,0.0,36.59,28.12,97.8,5.7,13.53
2005-06-10,0.25,34.85,37.11,97.91,5.42,16.69
2005-06-11,0.33,34.66,39.17,98.06,6.18,18.14
2005-06-12,2.67,34.32,40.77,98.06,3.91,18.11
2005-06-13,0.09,34.38,30.17,98.09,2.77,13.67
2005-06-14,0.0,35.04,30.27,98.2,1.59,13.93
2005-06-15,0.0,36.21,26.73,98.07,2.46,12.94
2005-06-16,0.0,35.65,28.2,97.9,4.6,12.9
2005-06-17,0.0,35.83,32.13,97.79,3.27,14.96
2005-06-18,0.0,35.71,30.58,97.66,4.37,14.05
2005-06-19,0.0,36.91,28.66,97.62,2.09,14.43
2005-06-20,0.33,37.3,29.1,97.65,2.29,15.95
2005-06-21,11.47,35.32,49.47,97.78,2.62,22.8
2005-06-22,0.54,35.93,49.17,97.91,2.16,23.22
2005-06-23,0.0,37.19,41.26,97.77,3.31,21.36
2005-06-24,0.0,37.62,40.73,97.57,3.8,21.33
2005-06-25,0.0,37.91,40.5,97.56,4.17,21.68
2005-06-26,0.0,38.5,39.21,97.56,5.62,21.51
2005-06-27,0.0,36.97,44.6,97.49,5.59,22.14
2005-06-28,0.14,36.22,45.71,97.45,5.42,21.96
2005-06-29,1.36,37.42,42.41,97.45,3.04,22.05
2005-06-30,0.96,36.66,45.65,97.5,2.89,22.86
2005-07-01,0.09,35.07,51.05,97.58,3.54,23.34
2005-07-02,1.23,35.85,46.17,97.61,4.27,22.0
2005-07-03,0.06,35.45,46.83,97.66,5.58,21.75
2005-07-04,0.01,35.73,43.38,97.53,4.56,20.74
2005-07-05,3.24,35.84,44.07,97.51,3.15,21.22
2005-07-06,0.15,36.22,39.15,97.78,2.19,19.74
2005-07-07,0.06,36.49,39.1,97.91,1.23,20.01
2005-07-08,0.05,37.67,35.53,97.89,1.66,19.51
2005-07-09,0.0,37.04,35.27,97.82,3.91,18.78
2005-07-10,0.0,37.13,36.88,97.76,4.34,19.59
2005-07-11,0.0,36.43,40.08,97.95,5.93,20.22
2005-07-12,0.0,35.68,44.85,98.0,5.15,21.27
2005-07-13,0.0,35.89,42.78,97.98,4.34,20.7
2005-07-14,0.0,35.7,43.08,98.11,5.1,20.63
2005-07-15,0.05,35.65,42.51,98.19,4.63,20.51
2005-07-16,0.07,34.62,45.34,98.1,4.32,20.6
2005-07-17,0.0,35.13,43.26,97.98,4.6,20.39
2005-07-18,0.0,34.92,42.95,98.05,5.77,19.94
2005-07-19,0.0,35.02,44.57,98.13,5.77,20.69
2005-07-20,0.0,34.71,45.56,97.89,7.0,20.44
2005-07-21,0.0,34.36,46.41,97.85,5.86,20.38
2005-07-22,0.0,34.83,44.67,97.73,6.01,19.99
2005-07-23,0.0,35.08,42.37,97.73,5.58,19.23
2005-07-24,0.0,34.83,42.39,97.81,4.14,19.26
2005-07-25,0.0,36.58,39.38,97.65,3.66,19.62
2005-07-26,0.06,36.73,38.88,97.55,4.43,19.54
2005-07-27,0.68,35.15,40.79,97.64,5.42,19.39
2005-07-28,13.31,34.8,47.46,97.65,1.58,21.69
2005-07-29,6.86,32.48,60.35,97.63,1.5,23.56
2005-07-30,5.41,32.55,59.92,97.66,2.11,23.48
2005-07-31,0.79,33.72,56.31,97.63,1.8,23.41
2005-08-01,2.42,34.06,52.72,97.58,1.06,22.73
2005-08-02,0.91,34.32,51.75,97.55,1.56,22.74
2005-08-03,0.15,36.98,45.45,97.56,1.48,22.61
2005-08-04,1.09,36.41,46.93,97.68,3.13,22.87
2005-08-05,0.0,34.73,51.59,97.64,6.1,22.9
2005-08-06,0.0,33.57,50.44,97.5,6.27,21.15
2005-08-07,0.0,32.62,51.78,97.47,6.56,20.72
2005-08-08,0.0,32.05,51.84,97.89,3.92,20.34
2005-08-09,0.0,32.5,48.23,98.17,3.88,19.75
2005-08-10,0.0,33.06,45.75,98.03,4.64,19.46
2005-08-11,0.0,33.36,45.98,97.89,4.96,19.52
2005-08-12,0.0,33.73,45.91,97.92,4.65,19.86
2005-08-13,0.0,34.55,44.37,98.02,3.96,20.15
2005-08-14,0.0,34.69,43.74,97.95,4.65,19.98
2005-08-15,0.0,34.84,42.32,97.79,5.44,19.38
2005-08-16,0.0,34.61,42.44,97.92,3.51,19.35
2005-08-17,0.0,34.74,43.15,98.02,4.02,19.98
2005-08-18,0.0,34.31,45.68,98.08,4.41,20.51
2005-08-19,0.0,34.86,46.73,97.99,4.83,21.28
2005-08-20,0.0,34.44,43.38,97.95,4.46,19.38
2005-08-21,0.0,33.9,39.66,98.03,4.8,17.29
2005-08-22,0.0,33.18,40.74,98.22,5.33,16.88
2005-08-23,0.0,32.92,42.53,98.33,5.49,17.55
2005-08-24,0.0,32.55,45.73,98.28,6.14,18.39
2005-08-25,0.0,32.78,45.91,98.25,5.87,18.67
2005-08-26,0.0,33.01,45.51,98.31,5.68,18.7
2005-08-27,0.0,33.09,44.44,98.32,5.66,18.53
2005-08-28,0.0,33.1,40.98,98.43,3.93,17.18
2005-08-29,0.0,33.26,38.24,98.56,2.75,16.36
2005-08-30,0.0,33.41,38.65,98.36,3.49,16.9
2005-08-31,0.0,32.51,39.04,98.29,4.12,16.1
2005-09-01,0.0,32.49,38.13,98.4,3.5,15.4
2005-09-02,0.0,33.29,33.16,98.51,3.55,13.74
2005-09-03,0.0,33.6,31.04,98.4,3.1,12.52
2005-09-04,0.0,34.52,32.58,98.17,3.09,14.34
2005-09-05,0.0,35.22,34.54,98.14,2.55,15.84
2005-09-06,0.0,37.07,28.3,98.17,1.89,15.02
2005-09-07,9.68,37.03,34.39,98.27,2.29,18.1
2005-09-08,46.53,33.19,57.92,98.33,1.57,23.27
2005-09-09,12.2,30.02,72.21,98.48,1.68,24.19
2005-09-10,0.13,28.85,74.1,98.3,1.63,23.68
2005-09-11,0.1,30.97,60.43,98.1,2.06,21.68
2005-09-12,0.45,31.4,57.36,98.13,3.76,21.5
2005-09-13,0.44,30.92,61.86,98.25,4.65,22.27
2005-09-14,2.15,30.4,61.47,98.33,5.35,21.69
2005-09-15,0.44,29.6,62.92,98.34,5.36,21.46
2005-09-16,0.16,30.9,58.78,98.28,1.8,21.46
2005-09-17,0.09,31.97,58.8,98.27,2.08,22.56
2005-09-18,0.49,32.65,54.22,98.46,1.5,21.66
2005-09-19,0.03,32.75,51.48,98.6,2.5,20.83
2005-09-20,0.0,32.87,43.13,98.37,1.98,17.73
2005-09-21,0.0,33.57,36.92,98.35,1.98,16.06
2005-09-22,0.0,32.73,37.07,98.42,2.27,15.28
2005-09-23,1.69,32.97,47.09,98.31,1.92,19.48
2005-09-24,0.73,32.84,49.75,98.32,2.13,19.95
2005-09-25,0.0,31.1,49.78,98.4,3.74,18.59
2005-09-26,0.0,29.72,49.91,98.47,3.47,17.27
2005-09-27,0.0,29.94,50.72,98.66,3.18,18.0
2005-09-28,0.0,30.33,47.5,98.83,2.82,17.09
2005-09-29,0.0,29.91,40.15,98.73,2.66,13.6
2005-09-30,0.0,29.48,41.25,98.82,3.14,13.89
2005-10-01,0.0,29.0,39.3,98.96,3.02,12.69
2005-10-02,0.0,29.09,43.96,98.91,3.44,14.46
2005-10-03,0.0,29.08,41.35,98.76,3.45,13.21
2005-10-04,0.0,28.28,43.25,98.86,3.37,13.15
2005-10-05,0.0,28.99,41.04,99.1,2.19,13.25
2005-10-06,0.0,28.91,37.6,99.11,2.25,11.89
2005-10-07,0.0,28.78,35.68,99.06,2.42,10.56
2005-10-08,0.0,28.51,38.49,98.99,2.56,10.88
2005-10-09,0.0,29.13,37.64,99.08,1.96,11.05
2005-10-10,0.0,29.09,31.73,99.06,1.75,9.06
2005-10-11,0.0,29.2,32.06,99.1,2.49,9.7
2005-10-12,0.0,29.85,30.93,99.14,1.34,10.05
2005-10-13,0.0,31.11,25.59,99.0,1.51,8.44
2005-10-14,0.0,31.27,24.6,98.97,1.08,8.1
2005-10-15,0.0,31.87,21.43,98.97,0.59,6.67
2005-10-16,0.0,30.01,19.12,98.98,1.24,2.95
2005-10-17,0.0,27.76,24.72,99.14,2.4,4.87
2005-10-18,0.0,27.85,21.02,99.15,1.82,2.47
2005-10-19,0.0,26.68,22.11,99.08,2.17,2.21
2005-10-20,0.0,26.68,24.74,99.09,1.97,3.99
2005-10-21,0.0,26.48,20.54,99.22,1.98,0.61
2005-10-22,0.0,27.75,13.72,99.19,0.92,-3.07
2005-10-23,0.0,28.55,14.4,99.12,1.29,-1.98
2005-10-24,0.0,27.99,14.7,99.13,1.4,-2.02
2005-10-25,0.0,27.61,15.15,99.11,1.7,-1.75
2005-10-26,0.0,28.32,13.83,99.13,0.95,-2.36
2005-10-27,0.0,26.22,20.8,99.21,1.64,1.24
2005-10-28,0.0,26.59,20.06,99.35,1.65,1.06
2005-10-29,0.0,27.03,15.87,99.29,1.47,-1.9
2005-10-30,0.0,27.57,11.35,98.98,1.51,-5.85
2005-10-31,0.0,26.83,13.18,98.83,1.34,-4.34
2005-11-01,0.0,26.39,22.22,98.92,1.09,2.2
2005-11-02,0.0,26.32,24.96,99.12,0.91,4.1
2005-11-03,0.0,24.74,25.71,99.3,1.76,3.26
2005-11-04,0.0,24.05,28.23,99.43,2.3,3.7
2005-11-05,0.0,23.57,28.39,99.5,2.0,3.27
2005-11-06,0.0,23.08,25.43,99.47,1.33,1.37
2005-11-07,0.0,23.43,22.33,99.36,1.32,-0.34
2005-11-08,0.0,24.28,18.57,99.35,1.43,-2.12
2005-11-09,0.0,24.45,16.46,99.42,1.5,-3.48
2005-11-10,0.0,25.19,14.67,99.3,1.56,-4.29
2005-11-11,0.0,24.77,14.97,99.29,1.15,-3.8
2005-11-12,0.0,23.85,21.22,99.43,1.35,-0.01
2005-11-13,0.0,23.44,28.26,99.53,1.38,3.28
2005-11-14,0.0,24.51,28.98,99.45,1.3,4.15
2005-11-15,0.0,25.12,24.72,99.4,1.36,3.09
2005-11-16,0.0,23.97,21.68,99.41,1.77,0.26
2005-11-17,0.0,22.72,18.73,99.51,1.62,-3.81
2005-11-18,0.0,24.38,14.12,99.3,1.9,-5.05
2005-11-19,0.0,24.8,20.2,99.36,1.67,-0.07
2005-11-20,0.0,24.82,19.0,99.49,1.04,-1.2
2005-11-21,0.0,24.42,17.56,99.51,1.15,-2.06
2005-11-22,0.0,23.07,18.38,99.5,1.43,-2.77
2005-11-23,0.0,22.96,21.82,99.47,1.45,-0.3
2005-11-24,0.0,22.08,21.58,99.45,1.96,-1.42
2005-11-25,0.0,21.86,19.57,99.4,1.45,-2.73
2005-11-26,3.43,21.26,24.69,99.34,1.41,-0.61
2005-11-27,0.0,20.46,22.09,99.4,1.8,-2.42
2005-11-28,0.0,17.28,33.1,99.67,2.86,0.35
2005-11-29,0.0,16.47,40.9,99.69,2.55,2.46
2005-11-30,0.0,17.0,23.73,99.32,1.55,-5.73
2005-12-01,0.0,16.08,14.75,99.39,1.56,-11.3
2005-12-02,0.0,14.9,18.13,99.71,2.25,-9.56
2005-12-03,0.0,16.11,16.85,99.7,1.84,-9.43
2005-12-04,0.0,17.68,14.05,99.57,1.51,-10.33
2005-12-05,0.0,18.39,14.08,99.45,1.51,-9.8
2005-12-06,0.0,19.6,14.82,99.46,1.2,-8.18
2005-12-07,0.0,19.24,17.87,99.5,1.57,-6.11
2005-12-08,0.0,20.31,19.61,99.42,1.21,-4.11
2005-12-09,0.0,20.22,21.19,99.3,1.22,-3.2
2005-12-10,0.0,17.74,25.64,99.55,2.26,-2.95
2005-12-11,0.0,15.98,24.2,99.7,1.81,-5.4
2005-12-12,0.0,15.98,19.6,99.71,1.76,-7.78
2005-12-13,0.0,15.33,18.24,99.78,1.81,-8.97
2005-12-14,0.0,16.2,16.15,99.58,1.42,-9.85
2005-12-15,0.0,15.28,17.33,99.65,1.96,-9.65
2005-12-16,0.0,14.28,18.77,99.87,2.46,-9.52
2005-12-17,0.0,13.99,19.32,99.84,1.98,-9.38
2005-12-18,0.0,14.65,18.35,99.67,1.7,-9.29
2005-12-19,0.0,15.25,16.62,99.31,1.45,-9.97
2005-12-20,0.0,14.97,18.74,99.32,1.85,-8.87
2005-12-21,0.0,14.24,21.55,99.61,2.15,-7.85
2005-12-22,0.0,13.24,22.12,99.67,2.03,-8.21
2005-12-23,0.0,13.07,22.02,99.65,2.03,-8.37
2005-12-24,0.0,14.05,23.74,99.8,1.79,-6.59
2005-12-25,0.0,15.98,24.36,99.81,1.38,-5.68
2005-12-26,0.0,17.96,17.83,99.64,1.66,-7.04
2005-12-27,0.0,18.97,42.2,99.47,3.04,4.81
2005-12-28,0.0,17.7,34.28,99.67,2.71,0.78
2005-12-29,0.0,17.64,25.96,99.64,1.4,-2.57
2005-12-30,0.0,17.03,25.81,99.58,1.49,-3.1
2005-12-31,0.0,15.59,30.81,99.56,1.3,-2.22
2006-01-01,0.01,15.13,34.6,99.51,1.72,-0.62
2006-01-02,0.08,12.31,43.16,99.54,2.24,-1.85
2006-01-03,0.0,9.93,14.07,99.78,1.89,-15.82
2006-01-04,0.0,10.45,20.18,99.94,2.41,-11.57
2006-01-05,0.0,11.38,18.15,99.86,1.99,-12.18
2006-01-06,0.0,10.39,16.6,99.91,2.54,-14.21
2006-01-07,0.0,9.43,13.56,99.9,2.6,-16.63
2006-01-08,0.0,10.5,16.1,99.82,2.04,-14.1
2006-01-09,0.0,12.24,15.47,99.64,1.55,-12.86
2006-01-10,0.0,14.19,14.69,99.62,1.92,-12.16
2006-01-11,0.0,13.63,16.12,99.58,2.4,-11.65
2006-01-12,0.0,15.45,14.65,99.58,1.77,-11.28
2006-01-13,0.0,18.6,13.22,99.46,0.98,-9.91
2006-01-14,0.0,19.76,14.5,99.34,1.46,-8.14
2006-01-15,0.0,19.62,24.35,99.06,2.73,-1.71
2006-01-16,2.22,18.19,51.86,99.02,1.72,7.85
2006-01-17,0.09,18.95,61.01,99.03,2.47,10.56
2006-01-18,0.0,18.32,45.2,99.29,1.56,5.38
2006-01-19,0.0,16.8,37.01,99.55,2.06,1.64
2006-01-20,0.0,15.21,36.38,99.71,2.08,-0.42
2006-01-21,0.0,14.81,30.86,99.84,1.18,-3.09
2006-01-22,0.0,15.22,26.65,99.54,1.31,-4.29
2006-01-23,0.0,16.6,26.0,99.57,1.71,-3.21
2006-01-24,0.0,16.36,24.17,99.94,1.51,-4.78
2006-01-25,0.0,16.99,20.48,99.95,1.49,-6.67
2006-01-26,0.0,17.43,18.76,100.09,1.72,-7.21
2006-01-27,0.0,18.29,17.76,99.86,1.71,-7.26
2006-01-28,0.0,20.44,14.86,99.54,1.27,-7.35
2006-01-29,0.0,19.21,18.16,99.54,1.59,-5.79
2006-01-30,0.0,18.94,18.73,99.63,1.63,-5.89
2006-01-31,0.0,20.05,18.64,99.71,1.41,-4.89
2006-02-01,0.0,19.79,20.18,99.83,1.91,-3.97
2006-02-02,0.0,19.21,25.17,99.87,2.39,-2.01
2006-02-03,0.0,21.01,22.84,99.98,1.72,-1.95
2006-02-04,0.0,22.74,17.41,99.94,1.41,-3.96
2006-02-05,0.0,23.03,14.4,99.6,1.91,-5.92
2006-02-06,0.0,22.18,19.53,99.44,1.72,-2.52
2006-02-07,0.0,21.06,20.8,99.41,1.39,-3.2
2006-02-08,0.0,20.75,18.65,99.62,2.4,-4.63
2006-02-09,0.0,21.21,20.09,99.85,2.36,-3.4
2006-02-10,0.0,23.08,18.55,99.75,1.0,-3.04
2006-02-11,0.0,23.27,18.39,99.43,1.97,-2.71
2006-02-12,0.0,25.02,21.48,99.32,1.74,0.6
2006-02-13,0.0,25.76,24.93,99.28,0.96,3.61
2006-02-14,0.0,24.02,28.26,99.0,2.47,3.76
2006-02-15,0.0,22.84,43.74,98.81,2.68,8.06
2006-02-16,0.0,24.09,45.18,98.86,1.61,9.87
2006-02-17,0.0,24.97,32.8,99.14,1.21,6.78
2006-02-18,0.0,25.05,32.44,99.29,1.25,6.91
2006-02-19,0.0,26.13,33.83,99.17,2.27,8.42
2006-02-20,0.0,26.23,24.4,99.19,1.13,2.64
2006-02-21,0.0,24.45,27.31,99.18,1.87,3.2
2006-02-22,0.0,25.75,24.79,99.08,1.63,3.62
2006-02-23,0.0,24.63,30.28,99.2,2.31,5.06
2006-02-24,0.0,25.54,26.79,99.05,1.57,4.22
2006-02-25,0.0,26.0,28.05,99.0,2.64,5.62
2006-02-26,0.0,23.86,33.96,99.08,2.34,5.95
2006-02-27,0.0,21.9,15.14,99.28,2.0,-6.68
2006-02-28,0.0,23.23,13.98,99.26,1.41,-6.74
2006-03-01,0.0,24.12,11.71,99.12,1.6,-8.16
2006-03-02,0.0,25.97,9.11,99.15,1.04,-9.18
2006-03-03,0.0,25.67,9.91,99.12,1.41,-8.55
2006-03-04,0.0,25.61,12.31,99.01,1.47,-5.75
2006-03-05,0.0,23.99,19.87,99.08,0.9,-2.0
2006-03-06,0.0,23.26,18.31,99.13,2.06,-2.75
2006-03-07,0.0,24.38,20.35,99.24,2.93,-0.81
2006-03-08,0.02,23.38,26.29,99.17,4.26,2.17
2006-03-09,4.2,22.14,41.36,99.43,3.7,7.83
2006-03-10,6.34,20.55,64.05,99.33,2.44,13.05
2006-03-11,0.0,22.57,47.82,99.13,1.31,9.74
2006-03-12,0.0,23.98,36.04,98.92,2.37,6.94
2006-03-13,3.96,23.55,45.16,98.82,1.88,10.57
2006-03-14,0.03,24.01,48.11,98.97,1.22,11.69
2006-03-15,0.0,22.85,40.94,99.15,2.02,7.54
2006-03-16,0.0,22.72,36.12,99.23,2.1,5.75
2006-03-17,0.0,23.51,28.29,99.33,2.36,2.88
2006-03-18,0.0,24.42,22.51,99.26,1.94,0.77
2006-03-19,0.0,27.01,18.56,99.09,1.63,-0.24
2006-03-20,0.0,24.65,31.25,99.05,2.24,5.57
2006-03-21,0.0,24.84,31.55,99.13,1.82,5.46
2006-03-22,0.0,26.89,22.95,98.83,1.7,2.96
2006-03-23,0.07,27.95,30.16,98.59,1.77,8.06
2006-03-24,0.38,25.65,33.06,98.74,2.57,7.6
2006-03-25,0.07,25.87,28.57,98.82,2.64,4.88
2006-03-26,0.16,24.39,31.92,99.11,2.6,4.09
2006-03-27,0.0,26.25,15.92,99.02,1.42,-2.36
2006-03-28,0.0,25.08,20.1,99.25,2.38,-1.18
2006-03-29,0.0,26.2,20.55,99.32,1.48,-0.12
2006-03-30,0.0,28.05,14.89,99.12,2.05,-2.89
2006-03-31,0.0,28.39,12.08,98.91,2.69,-4.53
2006-04-01,0.0,28.35,30.71,98.7,3.15,5.89
2006-04-02,0.0,28.65,12.0,98.78,1.63,-4.26
2006-04-03,0.0,30.2,12.36,98.78,1.66,-3.0
2006-04-04,0.0,30.91,14.51,98.74,0.94,-0.39
2006-04-05,0.0,32.31,22.79,98.64,2.2,7.38
2006-04-06,0.0,32.97,17.69,98.67,2.18,4.0
2006-04-07,0.0,33.61,16.66,98.56,2.01,3.83
2006-04-08,0.0,32.79,22.5,98.31,4.52,7.12
2006-04-09,0.0,30.76,26.99,98.16,5.67,7.68
2006-04-10,0.0,29.23,12.18,98.62,2.12,-4.76
2006-04-11,0.0,27.19,7.68,98.68,3.02,-10.37
2006-04-12,0.0,26.86,5.96,98.67,2.18,-13.14
2006-04-13,0.0,28.73,6.14,98.62,2.26,-11.45
2006-04-14,0.0,29.3,11.06,98.66,3.29,-4.2
2006-04-15,0.0,28.58,13.41,98.82,2.8,-2.76
2006-04-16,0.19,30.24,14.43,98.54,1.54,-0.55
2006-04-17,3.69,29.06,20.07,98.77,1.68,2.99
2006-04-18,0.0,29.94,20.84,98.73,2.72,4.73
2006-04-19,0.0,30.77,30.97,98.68,2.46,9.97
2006-04-20,0.0,31.54,37.22,98.84,2.27,12.84
2006-04-21,0.02,31.8,27.45,98.88,0.94,9.73
2006-04-22,0.0,32.43,28.41,98.72,2.5,10.93
2006-04-23,0.0,32.52,27.9,98.56,2.41,9.71
2006-04-24,0.0,32.9,32.53,98.51,3.89,11.78
2006-04-25,0.0,33.58,25.27,98.46,3.84,8.43
2006-04-26,0.0,32.1,31.67,98.53,3.46,10.7
2006-04-27,0.0,33.14,33.21,98.53,2.85,12.37
2006-04-28,0.0,34.21,31.16,98.44,3.41,12.76
2006-04-29,0.0,34.76,28.97,98.41,3.08,12.49
2006-04-30,0.28,34.21,27.47,98.5,2.11,11.8
2006-05-01,0.0,34.42,20.98,98.55,2.61,7.54
2006-05-02,0.0,33.48,20.49,98.6,2.19,6.78
2006-05-03,0.0,35.04,24.92,98.62,2.03,9.81
2006-05-04,0.0,36.43,22.65,98.61,2.34,9.11
2006-05-05,0.0,36.21,19.87,98.5,3.64,7.46
2006-05-06,0.0,35.88,25.55,98.33,4.07,10.83
2006-05-07,0.0,35.45,32.22,98.09,5.44,14.61
2006-05-08,0.0,35.55,34.32,98.09,5.51,15.51
2006-05-09,0.0,36.03,27.37,98.22,3.17,12.27
2006-05-10,0.0,36.12,25.24,98.17,3.05,11.67
2006-05-11,0.05,37.05,23.72,98.12,4.45,11.31
2006-05-12,0.0,36.6,26.01,98.3,3.78,11.73
2006-05-13,0.0,36.03,27.86,98.18,4.66,12.56
2006-05-14,0.0,34.83,32.77,98.28,5.01,14.48
2006-05-15,0.0,34.97,36.89,98.33,4.74,17.32
2006-05-16,0.0,35.46,32.27,98.31,3.93,15.5
2006-05-17,0.0,35.58,29.32,98.53,3.55,14.14
2006-05-18,0.0,34.84,31.7,98.46,4.01,14.87
2006-05-19,0.0,34.45,34.74,98.17,4.98,15.36
2006-05-20,0.0,34.6,41.66,98.03,5.12,18.93
2006-05-21,0.0,35.07,40.4,98.0,4.3,18.45
2006-05-22,0.06,35.75,38.79,98.02,5.33,18.28
2006-05-23,0.0,35.22,41.68,98.05,5.61,18.94
2006-05-24,0.0,35.09,38.61,97.97,5.09,17.62
2006-05-25,0.0,36.01,35.81,97.96,4.21,16.98
2006-05-26,0.0,36.44,32.48,98.1,4.16,15.8
2006-05-27,0.0,38.09,28.85,98.02,4.75,14.83
2006-05-28,0.0,37.97,30.61,97.75,5.72,14.81
2006-05-29,0.0,37.85,25.68,97.48,4.08,9.44
2006-05-30,0.0,37.52,29.24,97.42,3.59,14.4
2006-05-31,0.0,37.0,32.08,97.64,4.77,14.98
2006-06-01,0.0,37.29,29.7,97.83,3.42,15.87
2006-06-02,5.4,35.83,34.38,97.8,4.99,17.28
2006-06-03,0.06,35.15,34.57,97.76,2.9,16.66
2006-06-04,0.0,34.62,34.8,97.84,4.58,15.7
2006-06-05,0.0,33.5,38.44,98.03,3.81,16.05
2006-06-06,0.14,33.51,37.93,98.06,4.44,15.97
2006-06-07,0.02,34.15,35.86,98.17,4.11,15.63
2006-06-08,0.0,34.54,34.68,98.24,3.51,15.19
2006-06-09,0.0,35.65,28.47,98.07,3.1,11.98
2006-06-10,0.0,35.47,29.73,97.95,4.29,12.72
2006-06-11,0.0,34.66,37.43,97.95,5.47,15.98
2006-06-12,0.0,34.58,41.88,97.91,6.89,18.16
2006-06-13,0.03,34.04,42.38,98.05,6.1,17.88
2006-06-14,0.07,34.15,41.72,98.19,6.03,18.09
2006-06-15,0.0,34.4,42.57,98.23,6.18,18.57
2006-06-16,0.0,34.69,39.43,98.11,6.11,17.55
2006-06-17,0.05,33.72,41.76,98.29,3.94,17.86
2006-06-18,3.7,34.44,38.74,98.31,3.22,17.81
2006-06-19,0.1,34.53,37.02,98.28,2.75,16.93
2006-06-20,0.0,35.55,32.95,98.19,1.65,16.0
2006-06-21,0.0,36.85,27.34,98.11,1.22,14.1
2006-06-22,0.0,37.94,20.9,97.92,2.27,11.15
2006-06-23,0.0,38.91,19.58,97.78,2.63,10.75
2006-06-24,0.12,40.19,20.89,97.75,2.91,12.95
2006-06-25,2.93,39.13,28.77,97.72,3.08,17.18
2006-06-26,0.04,37.85,36.68,97.8,3.16,19.65
2006-06-27,20.32,34.16,56.53,97.78,3.83,23.91
2006-06-28,4.52,32.83,62.73,97.86,3.4,24.3
2006-06-29,2.19,35.11,51.22,97.73,3.82,22.88
2006-06-30,0.16,35.57,48.26,97.66,3.15,22.33
2006-07-01,0.02,36.53,46.34,97.71,3.3,22.79
2006-07-02,0.14,38.57,39.16,97.48,3.61,21.58
2006-07-03,0.0,39.22,35.32,97.46,2.32,20.26
2006-07-04,0.0,39.66,34.26,97.47,2.4,20.44
2006-07-05,0.69,40.19,31.88,97.36,2.91,19.74
2006-07-06,2.23,37.66,38.57,97.59,3.49,20.72
2006-07-07,0.13,34.42,56.09,97.68,6.35,23.99
2006-07-08,0.0,34.78,52.88,97.51,7.22,23.19
2006-07-09,0.0,34.18,51.52,97.4,7.45,22.05
2006-07-10,0.0,33.49,52.27,97.56,6.55,21.9
2006-07-11,0.0,34.09,51.82,97.54,6.33,22.12
2006-07-12,0.0,33.31,52.48,97.54,5.84,21.95
2006-07-13,0.0,33.51,51.24,97.47,6.42,21.46
2006-07-14,0.0,33.31,49.18,97.59,4.04,20.48
2006-07-15,0.0,34.18,42.2,97.72,3.12,18.44
2006-07-16,0.0,34.91,40.34,97.77,3.07,18.95
2006-07-17,0.0,36.12,36.48,97.74,3.55,18.4
2006-07-18,0.0,35.32,38.04,97.78,4.32,18.47
2006-07-19,0.01,35.56,42.88,97.82,5.95,20.58
2006-07-20,0.05,35.01,44.71,97.97,5.48,20.48
2006-07-21,0.02,35.19,41.04,97.92,4.07,19.48
2006-07-22,0.19,37.4,36.9,97.78,3.76,19.51
2006-07-23,0.17,38.5,34.92,97.77,2.21,19.69
2006-07-24,0.3,36.6,44.13,97.95,3.95,22.15
2006-07-25,0.21,32.24,60.62,98.04,4.94,23.6
2006-07-26,0.0,33.95,52.24,97.92,5.71,22.15
2006-07-27,0.02,33.14,50.41,97.79,5.16,21.1
2006-07-28,0.15,34.66,47.32,97.44,4.31,20.99
2006-07-29,1.45,35.29,46.16,97.5,3.89,21.44
2006-07-30,5.12,33.62,50.14,97.84,4.59,21.68
2006-07-31,0.05,35.49,44.53,97.78,3.6,21.16
2006-08-01,1.62,36.15,41.7,97.7,2.9,20.69
2006-08-02,1.63,34.68,47.97,97.6,2.9,21.84
2006-08-03,0.24,33.3,52.57,97.83,3.85,21.82
2006-08-04,0.07,32.42,56.68,98.03,2.94,22.44
2006-08-05,71.52,30.66,69.28,98.16,1.19,24.3
2006-08-06,39.02,29.8,80.0,98.1,2.09,25.8
2006-08-07,11.66,30.53,74.8,97.99,1.39,25.29
2006-08-08,7.18,30.38,71.74,97.99,1.62,24.5
2006-08-09,4.2,31.3,64.38,97.98,1.56,23.39
2006-08-10,15.11,31.47,66.48,97.84,2.2,24.05
2006-08-11,3.86,32.02,65.13,97.83,2.06,24.27
2006-08-12,2.36,33.37,58.06,97.73,2.66,23.56
2006-08-13,1.54,32.61,62.49,97.76,3.16,24.17
2006-08-14,0.88,31.28,67.94,97.79,2.43,24.21
2006-08-15,0.31,31.57,62.06,97.77,1.49,22.98
2006-08-16,1.6,32.16,60.36,97.78,2.56,23.09
2006-08-17,5.63,32.17,61.93,97.83,2.79,23.79
2006-08-18,42.14,31.93,68.81,98.1,1.31,25.22
2006-08-19,7.13,31.24,71.69,98.08,2.08,25.12
2006-08-20,59.54,29.39,82.6,97.98,2.05,26.02
2006-08-21,72.88,27.67,89.93,97.97,2.44,25.85
2006-08-22,14.66,28.44,83.99,97.88,2.52,25.33
2006-08-23,2.75,27.73,83.1,98.03,3.49,24.44
2006-08-24,0.2,28.57,78.93,98.18,2.45,24.3
2006-08-25,0.0,28.37,76.82,98.37,4.15,23.7
2006-08-26,0.0,27.93,75.4,98.23,4.96,22.92
2006-08-27,0.0,27.94,75.12,97.86,5.42,22.8
2006-08-28,0.0,28.21,75.17,97.93,3.66,23.09
2006-08-29,0.0,27.13,74.91,98.31,3.18,22.02
2006-08-30,2.31,28.06,73.78,98.5,2.21,22.65
2006-08-31,0.07,29.8,63.66,98.26,1.54,21.72
2006-09-01,0.01,30.37,62.16,98.03,1.97,21.77
2006-09-02,0.0,29.33,66.04,98.25,3.47,21.87
2006-09-03,0.0,27.88,69.61,98.65,3.08,21.45
2006-09-04,0.0,28.21,68.72,98.62,1.83,21.5
2006-09-05,0.0,30.05,58.69,98.51,1.39,20.31
2006-09-06,0.0,30.58,55.01,98.31,2.16,19.91
2006-09-07,3.81,29.93,67.08,98.26,2.38,22.97
2006-09-08,3.62,29.67,70.74,98.24,1.12,23.58
2006-09-09,1.01,28.1,77.58,98.51,3.66,23.61
2006-09-10,0.0,28.53,73.93,98.6,3.64,23.14
2006-09-11,0.0,28.5,72.09,98.35,3.96,22.65
2006-09-12,0.0,28.36,71.15,98.38,3.28,22.23
2006-09-13,0.0,28.14,70.95,98.58,3.14,21.93
2006-09-14,0.0,28.16,68.11,98.62,2.39,21.18
2006-09-15,0.0,29.22,59.79,98.63,1.34,20.05
2006-09-16,0.0,31.59,48.36,98.69,0.72,18.72
2006-09-17,2.03,31.57,44.84,98.51,1.3,17.16
2006-09-18,0.65,30.74,54.48,98.36,1.63,19.38
2006-09-19,0.0,30.88,58.48,98.3,2.11,20.69
2006-09-20,0.0,31.53,62.39,98.41,2.71,22.43
2006-09-21,0.02,31.48,55.16,98.38,2.01,20.12
2006-09-22,0.12,30.09,61.89,98.35,3.05,21.36
2006-09-23,0.26,28.73,68.75,98.6,2.38,22.04
2006-09-24,0.0,29.32,57.11,98.67,2.06,18.84
2006-09-25,1.2,29.12,65.27,98.76,2.4,20.98
2006-09-26,0.79,29.53,66.28,98.75,3.0,21.94
2006-09-27,0.07,28.97,64.69,98.68,2.62,20.8
2006-09-28,0.0,29.31,61.4,98.84,2.16,20.36
2006-09-29,0.0,29.74,61.16,98.88,1.9,20.88
2006-09-30,0.0,30.13,55.1,98.91,1.82,19.17
2006-10-01,0.0,30.51,49.06,98.87,1.52,17.9
2006-10-02,0.0,30.31,47.55,98.73,1.3,16.57
2006-10-03,0.0,30.49,44.6,98.64,1.78,15.7
2006-10-04,0.0,29.79,49.25,98.65,2.74,16.78
2006-10-05,0.0,28.69,59.26,98.5,3.48,18.88
2006-10-06,0.0,28.52,64.73,98.43,3.48,20.43
2006-10-07,0.0,28.21,65.73,98.6,3.45,20.45
2006-10-08,0.0,27.67,65.51,98.81,3.73,19.98
2006-10-09,0.0,27.36,64.9,99.03,3.1,19.42
2006-10-10,0.0,27.85,61.4,99.1,2.5,19.08
2006-10-11,0.0,27.56,59.0,99.21,2.57,18.19
2006-10-12,2.5,27.28,63.34,99.1,3.37,19.28
2006-10-13,0.22,27.18,63.2,99.2,2.81,19.04
2006-10-14,0.0,28.48,55.45,99.43,1.07,17.69
2006-10-15,0.0,29.37,44.84,99.37,1.02,15.54
2006-10-16,0.0,29.63,41.76,99.33,1.23,14.65
2006-10-17,0.0,28.95,42.93,99.32,2.39,14.0
2006-10-18,0.0,28.63,42.44,99.14,3.31,13.52
2006-10-19,0.03,28.37,55.33,98.91,3.21,17.78
2006-10-20,0.75,27.56,61.37,99.16,2.32,18.55
2006-10-21,0.09,25.91,55.04,99.46,1.85,15.58
2006-10-22,0.0,26.32,49.77,99.41,1.88,14.27
2006-10-23,0.0,26.22,48.85,99.47,1.46,13.94
2006-10-24,0.0,26.29,47.15,99.5,1.74,13.71
2006-10-25,0.0,26.78,42.37,99.57,1.62,12.14
2006-10-26,0.0,26.46,44.71,99.51,1.74,12.67
2006-10-27,0.0,26.42,44.28,99.47,1.86,12.44
2006-10-28,0.0,26.29,43.03,99.41,1.75,11.95
2006-10-29,0.08,25.42,42.83,99.44,1.74,11.1
2006-10-30,0.0,26.62,36.25,99.39,1.04,9.41
2006-10-31,0.0,28.2,28.36,99.39,0.87,7.47
2006-11-01,0.0,26.48,33.38,99.28,1.26,8.37
2006-11-02,0.0,24.66,39.14,99.26,1.91,8.84
2006-11-03,0.0,24.38,39.53,99.4,1.94,8.67
2006-11-04,0.0,25.53,33.86,99.42,1.08,7.35
2006-11-05,0.0,26.65,27.27,99.39,0.87,5.78
2006-11-06,0.0,24.87,33.11,99.26,1.83,6.65
2006-11-07,0.0,24.66,46.29,99.23,1.62,11.51
2006-11-08,0.0,25.9,38.38,99.43,1.08,9.93
2006-11-09,0.0,26.28,34.63,99.65,0.73,8.92
2006-11-10,0.0,26.44,35.52,99.73,0.97,9.52
2006-11-11,0.0,26.53,37.14,99.65,1.3,10.05
2006-11-12,0.0,26.01,31.67,99.51,0.8,7.2
2006-11-13,0.0,24.54,34.92,99.51,1.06,7.4
2006-11-14,0.0,23.51,45.85,99.47,1.4,10.46
2006-11-15,0.0,23.84,42.04,99.49,1.35,9.35
2006-11-16,0.0,23.78,42.33,99.45,1.26,9.66
2006-11-17,0.0,23.55,39.81,99.3,1.16,8.72
2006-11-18,0.02,21.32,54.94,99.46,2.73,11.32
2006-11-19,0.03,21.22,54.87,99.49,2.04,11.26
2006-11-20,0.0,22.92,48.54,99.36,1.04,10.69
2006-11-21,0.0,24.23,41.02,99.1,1.33,9.66
2006-11-22,0.19,22.01,48.14,99.14,2.01,10.05
2006-11-23,0.0,20.05,42.6,99.27,1.5,5.75
2006-11-24,0.0,18.76,34.72,99.34,1.58,2.13
2006-11-25,0.0,18.09,31.14,99.44,1.59,-0.07
2006-11-26,0.0,19.54,24.8,99.4,0.9,-1.86
2006-11-27,0.0,19.95,24.73,99.24,1.36,-1.41
2006-11-28,0.0,19.2,27.44,99.34,1.33,-0.67
2006-11-29,0.0,17.55,28.43,99.59,1.72,-1.82
2006-11-30,0.0,16.79,34.4,99.71,2.47,0.29
2006-12-01,0.0,17.54,34.84,99.66,2.29,1.02
2006-12-02,0.0,18.46,35.63,99.49,1.54,2.04
2006-12-03,0.27,18.17,38.22,99.44,2.42,3.1
2006-12-04,15.35,15.9,77.06,99.44,3.71,11.65
2006-12-05,0.24,14.45,64.46,99.63,2.1,6.63
2006-12-06,0.0,11.67,39.75,99.81,1.55,-2.56
2006-12-07,0.0,12.33,45.24,99.88,2.18,0.25
2006-12-08,0.0,13.46,40.99,99.88,1.83,-0.07
2006-12-09,0.0,15.0,40.59,99.85,1.62,1.2
2006-12-10,0.0,16.27,38.42,99.61,1.7,1.5
2006-12-11,0.0,14.06,47.22,99.63,1.65,2.08
2006-12-12,0.0,14.08,48.82,99.82,1.94,2.84
2006-12-13,0.0,15.01,49.25,99.84,1.53,3.81
2006-12-14,0.0,15.53,46.65,99.97,2.0,3.38
2006-12-15,0.0,16.98,39.54,99.8,1.26,2.25
2006-12-16,0.0,18.64,38.99,99.99,1.54,3.87
2006-12-17,0.0,17.06,50.19,99.99,1.76,5.69
2006-12-18,0.0,19.45,37.21,99.66,0.63,3.79
2006-12-19,0.0,18.91,37.47,99.52,1.75,3.41
2006-12-20,0.0,18.06,37.21,99.56,1.27,2.67
2006-12-21,0.0,15.01,48.23,99.75,2.67,3.48
2006-12-22,0.0,14.19,61.89,99.75,3.12,6.3
2006-12-23,0.0,14.89,60.22,99.64,2.23,6.53
2006-12-24,0.0,17.23,47.76,99.46,1.81,4.83
2006-12-25,0.0,17.18,46.75,99.35,1.96,5.27
2006-12-26,0.07,14.29,54.94,99.49,2.52,4.79
2006-12-27,0.0,13.6,57.69,99.82,2.97,4.83
2006-12-28,0.0,15.0,45.88,99.77,0.97,2.11
2006-12-29,0.0,14.9,38.6,99.73,1.28,0.25
2006-12-30,0.0,15.14,39.36,99.65,1.27,0.75
2006-12-31,0.0,15.92,41.72,99.56,1.6,2.39
2007-01-01,0.0,15.73,42.69,99.73,1.88,2.43
2007-01-02,0.0,14.18,43.33,99.88,1.9,1.14
2007-01-03,0.0,14.35,40.4,99.83,1.4,0.49
2007-01-04,0.0,14.16,35.07,99.79,1.67,-1.36
2007-01-05,0.0,11.99,27.16,99.94,1.87,-6.93
2007-01-06,0.0,12.0,27.82,100.01,2.28,-6.7
2007-01-07,0.0,11.01,26.26,100.02,2.72,-7.96
2007-01-08,0.0,11.95,28.2,99.79,1.79,-6.67
2007-01-09,0.0,13.39,25.37,99.83,2.31,-6.72
2007-01-10,0.0,13.36,29.82,100.0,2.08,-4.41
2007-01-11,0.0,14.12,32.81,99.85,1.42,-2.78
2007-01-12,0.0,15.58,27.78,99.83,1.12,-3.45
2007-01-13,0.0,15.78,24.57,99.88,1.2,-4.95
2007-01-14,0.0,16.94,21.04,99.57,1.39,-6.03
2007-01-15,0.0,16.3,22.06,99.42,1.52,-5.78
2007-01-16,0.0,15.57,24.08,99.57,1.73,-5.5
2007-01-17,0.0,18.02,22.15,99.85,1.51,-4.42
2007-01-18,0.0,17.8,25.7,99.78,2.22,-2.5
2007-01-19,0.0,16.52,35.5,99.82,2.26,0.92
2007-01-20,0.0,15.58,36.33,99.72,1.84,0.17
2007-01-21,0.0,15.75,23.61,99.87,1.51,-5.7
2007-01-22,0.0,15.79,19.98,99.9,1.41,-7.76
2007-01-23,0.0,16.56,17.89,99.92,1.68,-8.5
2007-01-24,0.0,18.72,16.04,99.86,1.91,-8.13
2007-01-25,0.0,18.38,18.16,99.73,1.61,-7.0
2007-01-26,0.0,17.03,22.02,99.63,2.33,-5.43
2007-01-27,0.0,18.74,34.66,99.67,1.88,2.17
2007-01-28,0.0,18.39,36.13,99.72,1.9,2.09
2007-01-29,0.0,18.03,35.12,99.68,1.97,1.34
2007-01-30,0.0,18.77,36.36,99.79,1.64,2.47
2007-01-31,0.0,20.02,27.8,99.92,1.7,0.01
2007-02-01,0.0,21.84,21.48,99.74,0.6,-2.03
2007-02-02,0.0,21.48,18.73,99.55,1.41,-3.97
2007-02-03,0.0,20.57,25.21,99.42,1.92,-0.81
2007-02-04,0.0,19.61,27.71,99.42,2.19,-0.29
2007-02-05,0.0,20.83,28.17,99.17,2.26,1.01
2007-02-06,0.07,21.12,47.61,99.16,1.76,8.37
2007-02-07,0.18,21.54,36.34,99.34,1.88,5.06
2007-02-08,0.02,21.68,34.09,99.41,2.27,4.41
2007-02-09,1.3,21.33,41.27,99.17,2.08,7.17
2007-02-10,29.26,17.57,76.47,98.85,2.92,13.38
2007-02-11,0.0,17.59,57.64,98.94,2.2,7.94
2007-02-12,0.01,18.76,43.8,99.15,1.19,5.61
2007-02-13,0.0,16.88,59.26,99.13,2.3,8.1
2007-02-14,0.0,18.15,46.9,99.24,1.61,5.51
2007-02-15,0.0,18.41,43.54,99.29,2.13,4.83
2007-02-16,0.0,17.78,50.74,99.33,2.14,6.26
2007-02-17,0.0,18.92,45.34,99.32,2.29,5.94
2007-02-18,0.5,19.78,44.05,99.34,2.44,6.57
2007-02-19,0.0,17.88,50.84,99.69,3.8,6.68
2007-02-20,0.0,18.46,49.63,99.67,2.75,6.46
2007-02-21,0.0,19.29,43.42,99.48,2.09,5.59
2007-02-22,0.0,18.86,52.14,99.47,3.33,7.97
2007-02-23,0.0,19.31,50.9,99.3,3.2,7.93
2007-02-24,0.0,20.24,37.13,99.1,2.79,4.42
2007-02-25,0.05,19.93,40.12,99.18,2.15,5.12
2007-02-26,0.0,21.38,40.24,98.99,2.09,6.51
2007-02-27,0.69,22.79,59.13,98.68,3.78,13.64
2007-02-28,3.37,21.12,65.79,98.78,1.86,14.15
2007-03-01,0.0,20.25,50.64,99.19,1.66,7.97
2007-03-02,0.0,19.88,40.82,99.4,1.54,4.82
2007-03-03,0.0,21.68,30.75,99.3,2.32,2.63
2007-03-04,0.0,22.25,33.54,99.44,1.42,4.56
2007-03-05,0.0,21.03,37.67,99.67,2.6,5.08
2007-03-06,0.0,21.61,33.68,99.5,1.74,2.95
2007-03-07,0.0,22.5,24.64,99.12,1.53,0.08
2007-03-08,0.0,23.38,24.2,98.86,2.45,0.8
2007-03-09,0.0,23.6,49.98,98.78,3.26,10.94
2007-03-10,0.35,22.37,37.01,99.15,2.83,6.03
2007-03-11,8.92,20.11,55.35,99.01,3.42,10.02
2007-03-12,4.28,18.49,70.0,98.9,2.37,12.46
2007-03-13,0.0,19.37,54.88,99.17,1.91,8.98
2007-03-14,0.0,19.92,39.8,99.45,1.45,4.51
2007-03-15,0.0,20.99,36.67,99.51,2.07,4.6
2007-03-16,0.0,23.23,34.57,99.28,1.47,5.61
2007-03-17,0.0,25.44,32.85,99.12,1.48,6.83
2007-03-18,0.0,27.42,27.85,98.82,2.71,6.26
2007-03-19,0.13,25.45,41.82,98.83,4.61,10.35
2007-03-20,0.05,25.1,45.54,98.99,4.21,9.83
2007-03-21,0.0,23.06,38.64,99.03,3.23,6.36
2007-03-22,0.0,23.44,38.54,99.37,3.14,6.87
2007-03-23,0.0,24.44,31.55,99.52,2.11,5.5
2007-03-24,0.0,27.2,24.47,99.39,1.34,4.36
2007-03-25,0.0,28.22,19.09,99.19,0.82,1.65
2007-03-26,0.0,29.22,16.81,99.09,1.72,1.0
2007-03-27,0.0,30.2,17.34,99.18,1.32,2.22
2007-03-28,0.0,30.76,17.91,99.16,1.45,3.0
2007-03-29,0.38,31.01,17.28,99.0,2.05,2.31
2007-03-30,0.0,28.75,20.87,98.84,3.18,1.96
2007-03-31,0.0,29.42,31.44,98.81,3.91,9.3
2007-04-01,0.0,28.78,27.03,99.04,4.85,5.11
2007-04-02,0.0,25.94,14.4,99.13,2.41,-4.26
2007-04-03,0.0,28.77,11.89,99.01,1.03,-4.55
2007-04-04,0.0,30.91,13.28,98.97,1.86,-1.01
2007-04-05,0.0,32.01,17.82,98.97,1.08,3.92
2007-04-06,0.0,32.25,20.88,98.84,1.63,6.07
2007-04-07,0.02,32.43,24.44,98.73,2.26,8.13
2007-04-08,0.54,31.85,22.52,98.72,2.59,7.08
2007-04-09,0.02,31.93,21.47,98.9,1.46,6.14
2007-04-10,0.0,32.49,17.25,98.81,2.59,3.65
2007-04-11,0.0,31.11,20.53,98.68,3.37,3.87
2007-04-12,0.0,31.47,24.74,98.6,2.94,6.23
2007-04-13,0.01,31.98,25.45,98.69,2.52,7.48
2007-04-14,0.0,33.42,18.33,98.85,2.19,5.11
2007-04-15,0.0,35.18,15.4,98.82,1.71,4.42
2007-04-16,0.14,34.27,21.73,98.76,2.9,7.01
2007-04-17,0.0,34.25,18.11,98.57,3.2,4.49
2007-04-18,0.0,34.65,20.68,98.62,3.33,6.23
2007-04-19,0.0,33.74,20.54,98.71,2.8,6.75
2007-04-20,0.47,33.55,25.66,98.77,2.34,9.62
2007-04-21,0.15,32.95,20.66,98.59,2.11,6.33
2007-04-22,0.0,33.43,28.6,98.43,4.08,10.92
2007-04-23,0.0,33.13,33.18,98.4,5.17,12.0
2007-04-24,3.89,32.67,30.6,98.53,3.86,11.6
2007-04-25,0.0,33.47,28.02,98.5,4.07,10.73
2007-04-26,0.0,33.62,26.3,98.64,4.03,9.17
2007-04-27,0.0,33.62,21.99,98.75,3.66,6.39
2007-04-28,0.0,33.44,23.61,98.61,3.28,7.63
2007-04-29,0.0,34.31,29.21,98.56,1.97,10.87
2007-04-30,0.0,34.68,26.29,98.68,2.04,10.35
2007-05-01,0.0,35.93,19.8,98.79,1.33,7.88
2007-05-02,0.0,36.56,19.88,98.53,2.62,8.24
2007-05-03,0.0,36.23,19.47,98.23,3.04,6.89
2007-05-04,0.0,36.77,19.02,98.34,1.05,7.57
2007-05-05,0.0,37.8,15.61,98.49,0.9,6.58
2007-05-06,0.0,36.91,17.46,98.33,2.93,7.48
2007-05-07,0.13,36.17,20.91,98.13,4.12,9.2
2007-05-08,0.0,35.72,22.07,98.18,4.91,9.17
2007-05-09,0.0,36.2,24.87,98.25,3.17,11.47
2007-05-10,3.12,36.56,21.73,98.31,2.13,10.01
2007-05-11,0.0,35.55,15.16,98.18,2.06,3.31
2007-05-12,0.0,34.09,31.39,98.2,3.03,12.59
2007-05-13,0.0,34.55,34.99,98.3,3.77,14.81
2007-05-14,0.0,34.59,34.83,98.17,4.15,15.33
2007-05-15,0.0,34.63,41.94,98.08,5.87,18.61
2007-05-16,0.0,34.02,42.53,98.18,5.03,18.27
2007-05-17,0.0,35.3,38.49,98.3,4.16,17.38
2007-05-18,0.0,35.75,35.91,98.2,5.74,16.65
2007-05-19,0.03,35.13,39.46,98.3,5.32,17.71
2007-05-20,3.87,35.01,43.09,98.25,4.72,20.07
2007-05-21,0.0,34.15,33.8,98.01,4.73,13.66
2007-05-22,0.0,32.87,31.24,98.08,3.34,10.67
2007-05-23,0.0,33.94,22.43,98.28,2.08,7.28
2007-05-24,0.0,33.82,20.12,98.19,2.17,4.8
2007-05-25,0.0,33.09,18.85,98.04,2.39,2.59
2007-05-26,0.0,33.29,13.48,98.31,0.97,0.49
2007-05-27,0.0,33.24,16.83,98.5,2.36,3.94
2007-05-28,0.0,34.54,16.97,98.46,1.66,5.09
2007-05-29,0.88,33.57,25.56,98.56,2.52,10.28
2007-05-30,0.0,34.2,28.95,98.56,2.41,12.71
2007-05-31,0.0,35.23,27.74,98.56,2.15,13.02
2007-06-01,0.0,36.03,24.83,98.37,2.87,11.49
2007-06-02,0.0,36.25,22.14,98.18,3.1,10.03
2007-06-03,0.04,36.39,28.67,98.18,4.82,14.18
2007-06-04,1.79,34.36,42.22,98.52,5.22,18.94
2007-06-05,0.09,33.91,46.36,98.44,4.74,20.34
2007-06-06,0.0,35.83,39.74,98.29,5.02,19.47
2007-06-07,0.0,36.55,36.74,98.19,5.36,18.59
2007-06-08,0.0,36.86,38.2,97.99,5.1,18.9
2007-06-09,0.0,38.04,34.82,97.84,5.21,18.39
2007-06-10,0.0,37.47,37.8,97.57,6.55,19.29
2007-06-11,0.0,37.2,40.27,97.4,6.9,20.41
2007-06-12,0.0,37.0,42.89,97.51,6.23,21.32
2007-06-13,0.0,36.98,41.94,97.65,5.87,21.12
2007-06-14,0.0,37.2,39.68,97.53,6.5,20.0
2007-06-15,0.0,36.95,41.31,97.48,7.03,20.82
2007-06-16,0.0,36.53,42.23,97.6,5.55,21.04
2007-06-17,0.0,37.48,38.93,97.55,4.97,20.49
2007-06-18,0.0,35.84,47.26,97.69,4.32,22.47
2007-06-19,0.09,37.02,42.33,97.73,4.23,21.55
2007-06-20,0.07,37.29,40.19,97.74,2.46,21.09
2007-06-21,0.49,35.97,42.3,97.85,2.03,20.81
2007-06-22,0.08,36.5,31.52,97.79,3.95,16.62
2007-06-23,0.67,38.01,35.12,97.74,6.07,19.52
2007-06-24,0.49,38.06,35.68,97.75,7.25,19.93
2007-06-25,2.64,33.68,52.4,97.84,7.37,22.16
2007-06-26,1.62,32.69,57.61,97.94,6.19,22.84
2007-06-27,0.68,32.95,57.97,97.85,5.35,23.21
2007-06-28,0.04,34.82,49.87,97.68,4.82,22.18
2007-06-29,0.76,36.04,43.98,97.7,2.07,21.53
2007-06-30,4.11,35.66,47.08,97.72,1.56,22.52
2007-07-01,0.11,38.31,38.82,97.32,3.37,21.22
2007-07-02,0.25,39.19,33.01,97.16,4.17,19.69
2007-07-03,0.81,38.45,33.22,97.39,3.0,19.01
2007-07-04,1.65,37.37,39.11,97.48,2.11,20.75
2007-07-05,0.28,35.41,48.92,97.52,5.99,22.5
2007-07-06,0.0,36.15,46.42,97.45,5.4,21.8
2007-07-07,0.12,35.89,46.85,97.53,5.81,21.75
2007-07-08,10.41,33.73,56.44,97.64,4.07,23.54
2007-07-09,1.99,34.21,52.98,97.77,2.24,22.65
2007-07-10,0.24,35.79,43.18,97.63,1.12,20.66
2007-07-11,1.24,35.63,46.97,97.7,4.03,22.14
2007-07-12,0.07,35.89,47.57,97.67,5.35,22.61
2007-07-13,0.03,36.2,46.76,97.53,5.81,22.33
2007-07-14,0.0,36.03,46.09,97.49,5.13,22.01
2007-07-15,0.33,35.05,47.4,97.58,4.66,21.67
2007-07-16,0.1,35.72,43.74,97.77,3.09,21.04
2007-07-17,0.0,36.44,38.44,97.82,3.28,19.47
2007-07-18,0.0,36.1,38.92,97.94,4.87,19.29
2007-07-19,0.0,35.19,42.56,97.99,5.93,20.12
2007-07-20,0.0,34.42,45.41,97.87,6.91,20.35
2007-07-21,0.06,33.34,50.81,97.68,7.22,21.37
2007-07-22,8.05,32.98,51.93,97.85,4.62,21.37
2007-07-23,2.14,34.11,48.35,98.04,3.22,21.17
2007-07-24,0.35,35.39,43.4,98.16,3.12,20.56
2007-07-25,0.03,35.44,43.92,98.11,5.33,20.85
2007-07-26,0.0,35.29,44.48,97.94,6.72,20.61
2007-07-27,0.0,35.33,48.64,97.75,6.26,22.16
2007-07-28,0.08,35.14,47.37,97.8,4.92,21.54
2007-07-29,0.0,33.91,50.24,97.95,3.65,21.86
2007-07-30,0.56,35.23,45.71,98.11,2.82,21.53
2007-07-31,0.51,34.99,47.46,98.11,4.37,21.89
2007-08-01,0.13,35.08,47.05,97.9,5.7,21.51
2007-08-02,0.0,34.86,50.75,97.78,6.28,22.51
2007-08-03,0.0,35.42,45.17,97.86,3.17,21.0
2007-08-04,2.98,35.6,42.59,97.76,3.14,20.43
2007-08-05,1.47,34.52,47.2,97.69,3.11,21.33
2007-08-06,12.43,33.46,55.31,97.76,1.32,22.99
2007-08-07,6.19,31.82,65.74,97.85,2.28,24.4
2007-08-08,0.53,34.39,52.56,97.58,2.76,22.76
2007-08-09,0.89,35.13,47.77,97.39,4.23,21.93
2007-08-10,0.76,34.04,55.68,97.58,2.86,23.68
2007-08-11,0.02,34.2,53.91,97.71,2.93,23.19
2007-08-12,0.0,33.96,55.97,97.56,6.02,23.3
2007-08-13,0.0,33.26,52.77,97.57,6.44,21.57
2007-08-14,0.0,32.77,50.15,97.71,5.44,20.23
2007-08-15,0.0,32.49,48.99,97.85,4.77,19.59
2007-08-16,0.0,32.27,47.88,97.91,4.77,19.04
2007-08-17,0.0,32.64,47.38,97.95,4.76,19.04
2007-08-18,0.0,32.82,46.33,98.03,4.69,18.46
2007-08-19,0.0,33.28,42.74,98.1,4.11,17.61
2007-08-20,0.0,33.21,44.37,98.3,3.58,18.55
2007-08-21,1.98,33.85,41.36,98.16,2.22,18.62
2007-08-22,5.66,32.54,54.23,98.13,2.2,21.62
2007-08-23,39.94,30.01,71.05,98.23,2.31,24.04
2007-08-24,5.63,29.93,72.77,98.35,2.52,24.14
2007-08-25,0.0,32.5,58.27,98.4,2.4,22.8
2007-08-26,0.0,33.75,51.73,98.2,2.2,21.81
2007-08-27,0.16,34.19,50.84,98.15,2.5,21.93
2007-08-28,0.1,34.25,50.11,98.19,2.64,21.69
2007-08-29,0.01,34.21,49.36,98.14,2.03,21.42
2007-08-30,0.44,32.77,52.97,98.1,1.76,21.58
2007-08-31,0.02,34.92,46.66,97.92,1.54,20.84
2007-09-01,1.67,34.24,50.34,97.94,2.24,21.86
2007-09-02,0.59,34.81,48.8,97.96,1.21,21.84
2007-09-03,0.26,34.86,48.48,98.01,1.22,21.79
2007-09-04,0.0,35.16,45.2,97.8,2.3,20.82
2007-09-05,0.0,34.64,45.72,97.66,4.62,20.36
2007-09-06,0.0,32.86,52.08,97.63,4.09,20.94
2007-09-07,0.0,31.81,54.41,97.85,2.87,21.06
2007-09-08,0.03,31.95,51.31,98.13,3.18,20.27
2007-09-09,0.0,32.08,51.01,98.35,2.8,20.25
2007-09-10,0.0,32.55,46.43,98.34,2.68,18.8
2007-09-11,0.0,31.67,48.98,98.37,3.39,18.82
2007-09-12,0.0,31.62,46.63,98.3,3.62,17.78
2007-09-13,0.0,31.75,46.39,98.33,3.34,17.77
2007-09-14,0.0,31.74,47.88,98.42,3.39,18.25
2007-09-15,0.07,32.25,48.49,98.28,3.17,19.05
2007-09-16,0.02,32.82,46.4,98.27,2.69,19.11
2007-09-17,0.0,33.53,45.43,98.43,1.95,19.61
2007-09-18,0.0,34.6,40.98,98.4,0.94,18.85
2007-09-19,0.0,35.6,36.67,98.26,0.61,17.9
2007-09-20,0.0,36.41,33.21,98.26,1.02,17.16
2007-09-21,0.0,36.47,29.28,98.23,1.4,15.13
2007-09-22,9.16,34.76,40.12,98.12,1.62,18.48
2007-09-23,0.79,31.32,52.78,98.24,3.48,20.27
2007-09-24,1.21,30.76,54.27,98.26,2.3,20.08
2007-09-25,0.26,31.76,46.79,98.33,1.08,18.24
2007-09-26,0.0,32.58,33.92,98.42,0.83,12.83
2007-09-27,0.0,32.7,22.1,98.47,0.94,7.29
2007-09-28,0.0,31.4,23.14,98.44,1.63,6.93
2007-09-29,0.0,32.05,22.76,98.68,1.17,6.98
2007-09-30,0.0,31.79,23.58,98.95,1.01,7.7
2007-10-01,0.0,31.9,20.05,98.75,1.7,5.34
2007-10-02,0.0,30.45,23.09,98.56,2.41,5.31
2007-10-03,0.0,29.81,26.63,98.53,1.46,6.59
2007-10-04,0.0,29.83,23.26,98.61,1.17,5.0
2007-10-05,0.0,29.36,19.01,98.67,1.2,2.54
2007-10-06,0.0,29.74,19.49,98.64,1.72,3.64
2007-10-07,0.0,29.13,14.25,98.58,1.89,-1.8
2007-10-08,0.0,28.77,7.69,98.65,1.57,-9.73
2007-10-09,0.0,28.27,10.53,98.74,1.65,-6.11
2007-10-10,0.0,28.72,16.3,98.78,1.33,-0.87
2007-10-11,0.0,28.41,29.53,99.02,1.55,7.18
2007-10-12,0.0,29.91,17.58,99.25,1.11,1.71
2007-10-13,0.0,29.63,12.27,99.21,1.29,-3.21
2007-10-14,0.0,29.23,10.19,99.08,0.8,-5.4
2007-10-15,0.0,28.52,11.53,99.17,1.44,-4.5
2007-10-16,0.0,29.16,11.01,99.12,1.3,-4.69
2007-10-17,0.0,29.03,11.35,99.11,1.24,-4.45
2007-10-18,0.0,27.77,12.95,99.32,1.32,-3.84
2007-10-19,0.0,28.29,13.93,99.39,1.7,-2.27
2007-10-20,0.0,26.93,19.24,99.16,2.88,0.15
2007-10-21,0.0,27.39,36.1,98.97,2.78,8.95
2007-10-22,0.0,27.73,38.01,99.13,1.83,10.68
2007-10-23,0.01,28.04,24.97,99.19,1.11,5.4
2007-10-24,0.0,28.68,19.99,99.29,0.97,2.72
2007-10-25,0.0,29.25,19.42,99.31,1.22,2.76
2007-10-26,0.0,30.14,18.05,99.23,1.07,2.73
2007-10-27,0.0,29.28,19.62,99.2,1.52,3.17
2007-10-28,0.0,28.81,16.53,99.02,1.5,0.03
2007-10-29,0.0,27.61,13.73,98.89,1.34,-3.3
2007-10-30,0.0,26.72,16.95,99.07,2.53,-1.26
2007-10-31,0.0,25.7,15.26,99.25,2.29,-3.5
2007-11-01,0.0,25.28,14.69,99.24,1.93,-4.26
2007-11-02,0.0,26.98,11.78,99.04,1.34,-5.56
2007-11-03,0.0,27.61,11.34,98.94,1.39,-5.49
2007-11-04,0.0,26.78,11.6,99.19,1.18,-5.74
2007-11-05,0.0,26.6,12.99,99.21,1.31,-4.49
2007-11-06,0.0,28.11,12.02,98.96,1.35,-4.5
2007-11-07,0.0,27.88,14.57,98.89,1.68,-1.7
2007-11-08,0.0,24.01,20.03,99.03,1.82,-1.04
2007-11-09,0.0,24.87,19.17,99.06,1.52,-1.04
2007-11-10,0.0,25.42,17.29,99.09,1.26,-1.83
2007-11-11,0.0,24.59,20.29,99.26,1.51,-0.48
2007-11-12,0.0,24.67,22.08,99.24,1.36,0.47
2007-11-13,0.0,25.67,18.73,99.15,1.25,-0.46
2007-11-14,0.0,25.94,17.73,99.19,1.15,-0.89
2007-11-15,0.0,25.5,18.77,99.38,1.15,-0.58
2007-11-16,0.0,23.93,23.09,99.57,1.53,0.45
2007-11-17,0.0,24.04,21.31,99.41,1.52,-0.63
2007-11-18,0.0,23.93,18.55,99.33,1.43,-1.86
2007-11-19,0.0,23.41,20.34,99.64,1.18,-0.97
2007-11-20,0.0,22.08,22.91,99.88,1.76,-0.92
2007-11-21,0.0,24.27,19.75,99.66,1.41,-0.71
2007-11-22,0.0,24.25,22.11,99.62,1.56,0.51
2007-11-23,0.0,23.41,21.29,99.6,1.42,-0.9
2007-11-24,0.18,23.81,19.06,99.5,1.72,-2.0
2007-11-25,0.0,23.4,18.93,99.54,1.5,-2.31
2007-11-26,0.0,22.9,20.53,99.61,1.47,-1.75
2007-11-27,0.0,22.44,22.76,99.45,1.33,-0.84
2007-11-28,0.0,22.54,21.15,99.21,1.48,-1.27
2007-11-29,0.0,21.01,30.15,99.22,1.33,2.03
2007-11-30,0.0,19.61,34.45,99.58,2.48,2.8
2007-12-01,0.0,18.59,39.83,99.65,2.88,3.99
2007-12-02,0.0,17.8,44.66,99.72,2.52,4.87
2007-12-03,0.0,16.68,44.29,99.97,2.66,3.89
2007-12-04,0.0,17.76,34.78,99.96,1.4,1.13
2007-12-05,0.0,17.52,29.42,99.99,1.89,-1.2
2007-12-06,0.0,17.74,28.36,99.97,2.1,-1.34
2007-12-07,0.0,17.95,25.54,99.76,1.69,-2.93
2007-12-08,0.0,17.87,23.61,99.57,1.79,-3.83
2007-12-09,0.0,18.03,24.41,99.37,1.88,-3.37
2007-12-10,0.81,18.03,32.6,99.23,3.41,-0.17
2007-12-11,1.0,14.96,61.35,99.46,3.06,6.84
2007-12-12,0.0,14.58,52.85,99.59,2.47,4.4
2007-12-13,0.0,15.51,43.37,99.64,1.33,2.15
2007-12-14,0.0,15.48,35.43,99.84,1.62,-0.61
2007-12-15,0.0,14.79,34.11,99.82,1.63,-1.94
2007-12-16,0.0,15.4,27.56,99.88,1.71,-4.14
2007-12-17,0.0,14.44,27.35,99.92,2.23,-4.93
2007-12-18,0.0,14.12,25.36,99.67,1.68,-6.32
2007-12-19,0.0,14.78,22.81,99.59,1.77,-6.78
2007-12-20,0.0,15.19,23.55,99.71,1.98,-6.11
2007-12-21,0.0,15.77,27.19,99.84,2.03,-3.93
2007-12-22,0.0,16.18,27.25,99.78,2.04,-3.33
2007-12-23,0.27,18.89,26.59,99.5,1.34,-1.03
2007-12-24,0.59,18.82,35.23,99.42,1.83,2.3
2007-12-25,0.0,17.26,22.65,99.45,1.24,-5.33
2007-12-26,0.0,17.18,19.61,99.54,1.11,-6.74
2007-12-27,0.0,15.69,20.55,99.67,1.4,-7.33
2007-12-28,0.0,14.6,19.64,99.47,1.62,-8.85
2007-12-29,0.0,12.99,16.03,99.47,2.04,-12.32
2007-12-30,0.0,12.59,17.61,99.72,1.95,-11.43
2007-12-31,0.0,12.44,20.85,99.7,2.0,-9.75
2008-01-01,0.0,13.48,14.34,99.68,1.57,-13.29
2008-01-02,0.0,13.54,12.49,99.85,1.83,-14.38
2008-01-03,0.0,12.27,16.77,99.98,2.43,-12.26
2008-01-04,0.0,12.95,15.85,99.95,2.3,-12.37
2008-01-05,0.0,15.54,12.45,99.81,2.51,-13.12
2008-01-06,0.0,16.29,20.25,99.84,2.89,-6.78
2008-01-07,0.26,16.52,33.54,99.7,2.35,-0.22
2008-01-08,2.29,16.72,45.2,99.57,3.19,3.83
2008-01-09,0.63,15.49,68.91,99.55,1.84,9.42
2008-01-10,0.0,14.57,51.42,99.54,2.8,3.31
2008-01-11,0.0,12.27,25.81,99.87,2.49,-7.52
2008-01-12,0.0,12.76,28.61,99.94,2.51,-5.8
2008-01-13,0.0,15.96,22.66,99.88,1.96,-5.74
2008-01-14,0.0,16.8,28.93,99.82,2.11,-1.8
2008-01-15,0.0,17.38,25.66,99.76,2.23,-2.97
2008-01-16,0.01,19.1,25.83,99.75,2.19,-1.39
2008-01-17,0.0,16.49,45.03,99.6,2.74,4.13
2008-01-18,0.0,12.66,22.38,99.39,2.65,-9.88
2008-01-19,0.0,12.45,16.45,99.36,1.97,-12.51
2008-01-20,0.0,11.11,20.28,99.52,1.7,-11.73
2008-01-21,0.0,11.52,19.04,99.56,2.16,-11.66
2008-01-22,0.0,12.19,18.01,99.39,2.08,-11.21
2008-01-23,0.0,11.81,19.22,99.41,1.92,-10.94
2008-01-24,0.0,11.29,18.54,99.53,2.56,-11.94
2008-01-25,0.0,11.12,17.08,99.46,3.22,-12.8
2008-01-26,0.0,10.53,21.5,99.59,2.36,-10.68
2008-01-27,0.0,10.92,23.89,99.74,2.31,-9.31
2008-01-28,0.0,13.74,20.52,99.51,1.65,-8.52
2008-01-29,0.0,16.07,33.63,99.25,1.67,-0.16
2008-01-30,0.0,14.74,24.09,99.16,1.77,-7.36
2008-01-31,0.0,14.69,20.52,99.42,1.93,-8.57
2008-02-01,0.0,15.12,17.41,99.29,1.95,-9.96
2008-02-02,1.06,15.05,29.34,98.99,2.87,-3.63
2008-02-03,0.01,11.52,54.16,99.27,3.24,1.69
2008-02-04,0.0,12.42,47.32,99.34,1.63,0.41
2008-02-05,0.0,13.66,35.39,99.32,1.71,-1.87
2008-02-06,0.01,12.7,37.65,99.3,2.14,-1.77
2008-02-07,0.0,11.09,32.03,99.48,2.08,-6.39
2008-02-08,0.0,11.52,23.29,99.68,1.46,-9.25
2008-02-09,0.0,12.77,24.24,99.85,1.69,-8.01
2008-02-10,0.0,14.96,15.42,99.62,1.34,-11.53
2008-02-11,0.0,13.81,17.89,99.65,2.26,-10.91
2008-02-12,0.0,13.94,19.03,99.89,2.45,-10.53
2008-02-13,0.0,15.25,15.89,99.81,1.76,-11.16
2008-02-14,0.0,18.53,11.59,99.64,1.76,-12.22
2008-02-15,0.0,19.59,10.2,99.66,1.88,-12.36
2008-02-16,0.0,20.18,12.71,99.62,1.65,-9.73
2008-02-17,0.0,23.59,13.73,99.43,1.22,-5.73
2008-02-18,0.0,22.49,15.7,99.4,1.9,-5.89
2008-02-19,0.0,22.11,12.57,99.42,1.35,-9.84
2008-02-20,0.0,22.26,9.59,99.41,2.01,-11.66
2008-02-21,0.0,23.16,15.08,99.27,4.43,-5.87
2008-02-22,0.0,21.25,22.74,99.12,3.38,-3.3
2008-02-23,0.0,17.88,13.16,99.29,1.77,-10.81
2008-02-24,0.0,19.38,11.52,99.46,1.48,-11.54
2008-02-25,0.0,20.25,7.69,99.55,1.7,-14.95
2008-02-26,0.0,22.74,7.4,99.55,0.93,-13.58
2008-02-27,0.0,24.23,7.66,99.59,1.7,-12.28
2008-02-28,0.0,26.17,7.65,99.49,1.26,-10.81
2008-02-29,0.0,25.14,10.51,99.16,2.33,-8.41
2008-03-01,0.0,24.44,15.27,98.93,2.6,-5.6
2008-03-02,0.0,26.25,19.72,99.0,1.58,-0.78
2008-03-03,0.0,27.61,10.93,99.12,0.8,-5.92
2008-03-04,0.0,26.93,12.39,98.91,2.32,-4.94
2008-03-05,0.0,25.72,17.68,98.96,1.85,-2.62
2008-03-06,0.0,25.02,21.83,99.08,2.75,-0.38
2008-03-07,0.0,23.94,25.84,99.27,1.46,1.49
2008-03-08,0.0,25.09,24.73,99.27,1.5,2.46
2008-03-09,0.0,26.67,19.61,99.23,1.31,0.32
2008-03-10,0.0,26.35,17.19,99.31,2.09,-1.36
2008-03-11,0.0,26.13,18.96,99.28,2.28,-0.09
2008-03-12,0.03,25.51,30.28,99.21,1.54,4.96
2008-03-13,0.0,26.4,22.58,99.18,1.34,2.64
2008-03-14,0.0,27.89,16.14,99.2,1.21,-1.09
2008-03-15,0.0,27.67,14.27,99.09,1.39,-2.59
2008-03-16,0.0,27.65,16.46,98.94,2.68,-0.92
2008-03-17,0.0,27.94,19.82,98.76,3.46,0.73
2008-03-18,0.0,27.6,23.9,98.55,3.0,3.18
2008-03-19,0.0,26.11,8.35,98.56,2.13,-10.4
2008-03-20,0.0,28.3,8.75,98.67,1.26,-7.92
2008-03-21,0.0,28.79,10.02,98.66,1.79,-6.48
2008-03-22,0.0,27.96,11.34,98.68,1.95,-5.44
2008-03-23,0.0,28.36,14.53,98.81,2.71,-2.32
2008-03-24,0.0,28.59,12.39,98.82,2.27,-3.89
2008-03-25,0.0,29.22,12.3,98.73,1.74,-3.43
2008-03-26,0.0,29.99,13.16,98.81,2.45,-1.87
2008-03-27,0.0,30.63,13.48,98.76,1.56,-0.99
2008-03-28,0.0,30.6,13.6,98.65,2.95,-1.48
2008-03-29,0.0,29.79,18.73,98.64,2.65,1.93
2008-03-30,0.0,30.44,24.87,98.63,2.46,5.98
2008-03-31,0.03,29.54,26.4,98.49,3.28,6.16
2008-04-01,0.02,28.56,38.83,98.6,3.21,11.91
2008-04-02,0.01,28.96,37.56,98.7,2.73,11.67
2008-04-03,3.13,27.2,39.07,98.76,3.07,10.43
2008-04-04,2.86,23.61,63.2,98.65,3.5,16.0
2008-04-05,0.16,25.46,55.31,98.88,2.44,14.59
2008-04-06,0.01,26.83,44.97,99.45,2.18,13.14
2008-04-07,0.0,27.59,34.8,99.36,1.87,9.51
2008-04-08,0.0,30.18,23.39,99.1,1.21,6.26
2008-04-09,0.0,30.79,20.93,99.0,1.1,5.19
2008-04-10,0.0,31.72,18.4,98.97,2.36,3.7
2008-04-11,0.0,31.62,29.5,98.61,2.89,10.3
2008-04-12,0.03,32.4,30.78,98.44,2.29,11.23
2008-04-13,0.01,33.11,20.37,98.47,1.33,6.9
2008-04-14,0.0,31.92,23.66,98.3,2.2,7.85
2008-04-15,0.0,30.67,24.94,98.51,1.44,7.62
2008-04-16,0.0,29.18,18.88,98.76,3.07,2.61
2008-04-17,0.0,28.43,17.48,98.93,2.61,0.18
2008-04-18,0.0,31.06,12.18,98.64,1.73,-2.49
2008-04-19,0.0,30.49,14.22,98.59,2.72,-0.55
2008-04-20,0.0,30.64,27.24,98.72,2.39,7.51
2008-04-21,0.0,32.57,18.86,98.53,1.61,4.99
2008-04-22,0.0,31.36,23.19,98.68,3.05,5.41
2008-04-23,0.0,32.32,17.02,98.85,1.35,1.92
2008-04-24,0.0,34.24,12.27,98.78,1.15,0.93
2008-04-25,0.0,35.74,13.07,98.65,0.91,2.78
2008-04-26,0.0,35.65,10.02,98.59,1.2,-1.22
2008-04-27,0.0,34.58,7.13,98.29,1.5,-6.11
2008-04-28,0.0,35.12,7.85,98.05,1.97,-4.84
2008-04-29,0.0,34.48,16.57,98.12,2.92,3.72
2008-04-30,0.0,33.53,20.74,98.37,2.76,6.56
2008-05-01,0.0,34.28,20.87,98.29,2.84,7.76
2008-05-02,0.0,34.74,22.87,98.04,3.56,8.09
2008-05-03,0.0,35.03,28.52,97.88,4.69,11.15
2008-05-04,0.0,34.06,32.97,97.99,5.21,13.53
2008-05-05,0.0,33.33,32.47,98.17,3.15,12.69
2008-05-06,0.0,34.57,27.63,98.1,3.99,8.39
2008-05-07,0.03,34.58,32.06,98.24,3.78,13.52
2008-05-08,1.34,33.95,28.4,98.47,3.36,11.57
2008-05-09,2.85,33.73,30.85,98.43,2.39,13.71
2008-05-10,0.36,33.23,33.59,98.42,3.07,13.63
2008-05-11,0.02,33.82,34.39,98.33,3.42,14.11
2008-05-12,0.0,34.64,38.66,98.24,4.69,16.81
2008-05-13,0.0,34.09,36.91,98.35,4.72,16.27
2008-05-14,0.01,34.56,37.44,98.34,4.95,16.53
2008-05-15,0.03,34.25,40.51,98.32,5.21,17.11
2008-05-16,0.0,34.64,38.09,98.31,4.49,16.53
2008-05-17,0.0,35.11,37.34,98.07,6.54,16.35
2008-05-18,0.0,34.59,41.83,97.72,7.85,17.52
2008-05-19,0.0,33.98,42.59,97.9,5.86,17.55
2008-05-20,0.0,33.92,41.14,98.11,5.71,17.65
2008-05-21,0.01,34.23,41.72,98.01,6.05,18.23
2008-05-22,0.0,33.52,45.04,98.0,5.33,18.9
2008-05-23,0.13,34.13,38.81,98.12,4.22,17.13
2008-05-24,0.01,34.55,34.62,98.17,3.52,15.43
2008-05-25,0.0,34.61,32.17,98.09,3.34,14.36
2008-05-26,0.0,35.21,31.13,98.3,2.94,14.67
2008-05-27,0.0,35.76,26.87,98.3,2.69,12.41
2008-05-28,0.01,35.94,29.77,98.02,2.48,14.32
2008-05-29,0.24,35.36,32.91,97.97,3.17,15.24
2008-05-30,0.07,35.38,35.17,98.13,4.49,16.32
2008-05-31,0.0,35.35,38.2,98.01,5.06,17.74
2008-06-01,0.0,35.79,41.31,98.0,4.55,19.63
2008-06-02,7.24,34.47,45.93,98.08,4.95,20.56
2008-06-03,0.24,34.3,44.84,98.28,1.69,19.44
2008-06-04,1.13,35.63,39.6,98.37,3.79,19.26
2008-06-05,0.0,35.82,38.98,98.07,6.47,18.98
2008-06-06,0.0,35.69,40.66,97.71,6.39,19.65
2008-06-07,0.0,35.52,45.01,97.74,5.87,21.21
2008-06-08,0.12,36.77,39.08,97.85,3.23,19.7
2008-06-09,0.01,37.62,32.96,97.88,3.71,18.16
2008-06-10,1.05,36.74,36.53,97.93,3.02,19.19
2008-06-11,0.42,36.91,39.08,97.89,2.7,20.5
2008-06-12,4.9,36.04,43.91,97.78,3.66,21.71
2008-06-13,0.34,34.75,47.1,97.63,4.06,21.53
2008-06-14,0.0,35.91,44.79,97.35,4.61,21.42
2008-06-15,0.0,36.11,39.31,97.22,6.4,19.18
2008-06-16,0.0,35.99,42.45,97.34,4.73,20.29
2008-06-17,0.0,36.02,44.08,97.37,5.43,21.45
2008-06-18,0.0,35.67,43.68,97.4,5.56,20.62
2008-06-19,0.0,35.26,43.61,97.58,5.4,20.4
2008-06-20,0.0,35.04,44.04,97.85,6.02,20.41
2008-06-21,0.0,35.2,46.3,97.92,4.89,21.51
2008-06-22,0.0,35.74,43.34,97.88,6.2,20.37
2008-06-23,0.0,35.16,43.14,97.87,5.48,19.96
2008-06-24,0.0,35.93,42.65,97.78,5.64,20.75
2008-06-25,0.0,36.05,41.11,97.89,4.52,19.96
2008-06-26,0.0,36.58,40.07,97.92,4.66,20.13
2008-06-27,0.0,36.4,38.42,97.76,5.34,19.07
2008-06-28,0.0,36.41,38.69,97.65,5.1,19.29
2008-06-29,0.16,37.21,37.57,97.67,3.29,19.91
2008-06-30,0.12,37.57,36.65,97.72,3.81,19.94
2008-07-01,2.24,35.83,45.25,97.87,5.05,21.66
2008-07-02,0.01,36.6,39.97,97.9,5.69,19.74
2008-07-03,0.0,36.52,37.6,97.76,6.67,18.74
2008-07-04,0.0,35.27,44.03,97.7,7.06,20.39
2008-07-05,0.0,35.33,43.07,97.65,6.0,20.32
2008-07-06,0.0,35.46,40.41,97.62,5.26,19.23
2008-07-07,0.0,35.64,42.63,97.66,4.7,20.03
2008-07-08,0.03,35.39,43.08,97.67,5.07,20.48
2008-07-09,4.48,34.67,44.33,97.87,4.46,20.16
2008-07-10,1.81,34.66,46.19,97.97,2.1,21.08
2008-07-11,14.53,33.03,57.6,97.71,2.92,23.39
2008-07-12,0.49,32.83,54.16,97.56,4.47,21.95
2008-07-13,0.0,33.59,49.4,97.81,4.94,21.25
2008-07-14,0.0,33.74,47.64,98.0,5.05,20.5
2008-07-15,0.0,33.72,47.71,97.93,5.92,20.5
2008-07-16,0.0,33.5,48.4,97.73,6.17,20.38
2008-07-17,0.0,33.93,44.66,97.71,5.55,19.4
2008-07-18,0.0,33.94,45.8,97.78,5.48,19.97
2008-07-19,0.0,34.66,44.0,97.79,5.55,20.11
2008-07-20,0.0,34.56,43.14,97.84,5.66,19.59
2008-07-21,0.0,34.83,43.62,97.97,4.63,20.15
2008-07-22,0.0,35.29,41.75,97.85,4.75,19.86
2008-07-23,0.0,35.44,41.04,97.87,4.74,19.85
2008-07-24,0.0,35.13,40.24,97.82,4.85,19.0
2008-07-25,0.0,35.31,42.4,97.63,4.96,20.06
2008-07-26,0.0,35.36,40.6,97.68,4.15,19.26
2008-07-27,1.42,36.4,39.21,97.73,2.97,19.67
2008-07-28,2.69,36.38,38.67,97.67,2.68,19.65
2008-07-29,2.24,33.96,51.3,97.69,2.47,22.3
2008-07-30,0.16,35.69,45.6,97.61,1.57,21.71
2008-07-31,0.06,36.06,45.45,97.71,3.73,22.08
2008-08-01,25.67,32.88,62.51,97.87,3.78,24.43
2008-08-02,15.48,28.26,85.07,97.97,3.03,25.5
2008-08-03,18.26,29.8,71.18,98.01,0.61,23.84
2008-08-04,1.09,29.64,73.39,98.07,1.32,24.26
2008-08-05,0.44,30.17,66.89,98.12,1.99,23.13
2008-08-06,0.1,29.96,66.08,97.98,3.26,22.82
2008-08-07,0.0,31.75,59.65,97.64,4.69,22.36
2008-08-08,0.0,32.13,58.8,97.57,4.8,22.45
2008-08-09,0.0,32.27,56.62,97.63,3.43,21.95
2008-08-10,0.38,34.42,51.32,97.56,1.85,22.19
2008-08-11,1.57,34.53,52.44,97.4,1.62,22.98
2008-08-12,9.92,34.07,57.41,97.44,1.83,23.96
2008-08-13,2.82,31.71,66.68,97.72,2.18,24.33
2008-08-14,0.1,32.36,61.73,97.8,2.42,23.52
2008-08-15,0.0,32.72,57.73,97.73,4.1,22.64
2008-08-16,0.0,32.42,55.0,97.83,3.82,21.46
2008-08-17,0.0,32.02,54.1,98.06,4.44,20.92
2008-08-18,0.0,31.38,52.36,98.17,4.45,19.74
2008-08-19,0.0,31.05,53.95,98.27,4.53,19.95
2008-08-20,0.0,30.83,53.98,98.39,4.39,19.75
2008-08-21,0.0,30.46,54.49,98.31,4.48,19.52
2008-08-22,0.0,30.96,52.98,98.3,4.32,19.34
2008-08-23,0.0,31.57,53.38,98.38,3.19,20.09
2008-08-24,0.0,32.53,51.41,98.46,2.69,20.62
2008-08-25,0.09,33.58,46.17,98.42,2.74,19.8
2008-08-26,0.02,33.87,47.08,98.34,3.45,20.45
2008-08-27,0.0,33.2,50.32,98.27,4.53,20.98
2008-08-28,0.0,32.99,50.28,98.24,4.88,20.68
2008-08-29,0.0,32.05,50.96,98.14,5.23,19.93
2008-08-30,0.0,31.64,52.05,98.25,4.65,19.78
2008-08-31,0.0,31.09,50.23,98.51,3.39,18.98
2008-09-01,0.0,31.82,49.02,98.63,2.38,19.21
2008-09-02,0.0,32.8,43.91,98.62,2.53,18.34
2008-09-03,0.0,32.94,41.85,98.46,3.68,17.44
2008-09-04,0.0,33.08,42.15,98.41,4.02,17.44
2008-09-05,0.0,32.04,46.67,98.27,5.41,18.25
2008-09-06,1.49,31.43,50.65,98.3,2.95,19.27
2008-09-07,0.54,30.97,50.9,98.6,2.2,19.42
2008-09-08,0.0,30.63,46.0,98.64,2.21,16.81
2008-09-09,0.0,31.31,33.8,98.59,2.0,12.52
2008-09-10,0.0,32.91,29.59,98.45,2.0,11.77
2008-09-11,0.0,33.09,26.71,98.37,2.58,10.38
2008-09-12,0.0,33.33,28.71,98.3,2.9,12.35
2008-09-13,0.91,34.31,36.87,98.25,2.26,17.17
2008-09-14,0.55,34.91,39.42,98.25,2.13,18.27
2008-09-15,0.09,34.05,41.7,98.26,1.96,18.15
2008-09-16,0.0,33.85,40.98,98.12,2.18,17.37
2008-09-17,0.72,33.96,43.78,98.17,2.94,18.64
2008-09-18,0.12,33.71,42.41,98.26,2.42,18.48
2008-09-19,0.0,32.41,41.49,98.27,2.55,16.75
2008-09-20,0.0,32.88,38.08,98.22,3.09,15.56
2008-09-21,0.0,32.07,41.48,98.39,2.58,15.98
2008-09-22,0.0,31.29,44.0,98.5,3.39,16.48
2008-09-23,0.0,30.53,43.98,98.67,3.26,16.1
2008-09-24,0.0,30.69,41.92,98.75,3.57,15.3
2008-09-25,0.0,30.75,41.32,98.72,3.61,14.88
2008-09-26,0.0,30.92,47.54,98.58,4.22,17.47
2008-09-27,0.0,30.68,48.23,98.52,4.77,17.32
2008-09-28,0.0,30.47,51.1,98.59,3.96,18.19
2008-09-29,0.0,30.84,47.58,98.65,3.62,17.42
2008-09-30,0.0,31.44,43.37,98.7,3.17,16.32
2008-10-01,0.0,32.51,36.16,98.71,2.19,14.33
2008-10-02,0.0,32.58,34.24,98.72,1.76,13.93
2008-10-03,0.0,32.86,31.75,98.86,2.02,12.85
2008-10-04,0.22,32.81,27.78,98.76,2.3,10.26
2008-10-05,0.0,32.58,30.46,98.68,3.27,11.53
2008-10-06,0.0,31.26,36.64,98.65,3.64,13.42
2008-10-07,0.0,30.69,43.12,98.7,3.29,15.31
2008-10-08,0.0,30.59,43.12,98.75,2.79,15.08
2008-10-09,0.0,30.68,40.71,98.97,2.57,14.65
2008-10-10,0.0,30.79,32.68,99.27,2.01,11.6
2008-10-11,0.0,31.5,23.7,99.34,1.81,7.65
2008-10-12,0.0,31.94,20.81,99.25,1.85,6.04
2008-10-13,0.0,30.96,19.57,99.04,2.46,3.99
2008-10-14,0.0,30.15,22.98,98.94,2.62,5.25
2008-10-15,0.0,30.38,29.12,99.03,2.94,8.58
2008-10-16,0.08,28.54,29.38,99.27,1.93,8.26
2008-10-17,0.0,28.05,37.88,99.25,1.94,11.05
2008-10-18,0.0,29.63,24.14,99.23,1.2,5.61
2008-10-19,0.0,29.78,17.37,99.19,1.42,1.55
2008-10-20,0.0,29.44,16.72,99.01,1.39,1.08
2008-10-21,0.0,30.02,16.9,99.06,0.95,1.77
2008-10-22,0.0,30.26,17.56,99.1,0.89,2.53
2008-10-23,0.0,30.28,16.33,99.12,1.09,1.04
2008-10-24,0.0,30.58,12.86,99.06,1.03,-1.66
2008-10-25,0.0,29.68,12.55,98.94,1.19,-2.59
2008-10-26,0.0,27.76,15.6,98.93,1.41,-1.64
2008-10-27,0.0,28.04,16.7,98.89,1.77,-0.28
2008-10-28,0.0,26.76,27.98,98.9,3.09,5.59
2008-10-29,0.0,26.57,38.0,99.04,2.9,9.38
2008-10-30,0.0,27.62,44.53,99.26,1.45,13.23
2008-10-31,0.0,28.78,30.39,99.39,0.94,8.81
2008-11-01,0.0,28.57,27.11,99.26,1.55,7.34
2008-11-02,0.0,27.84,26.91,99.17,2.11,6.04
2008-11-03,0.0,27.15,16.68,99.21,2.05,-1.45
2008-11-04,0.0,27.88,13.06,99.16,1.24,-4.06
2008-11-05,0.0,28.02,16.57,98.98,1.77,-0.14
2008-11-06,0.0,27.77,29.77,99.03,1.58,7.26
2008-11-07,0.0,28.34,22.13,99.28,0.97,3.87
2008-11-08,0.0,27.4,17.59,99.37,1.41,0.0
2008-11-09,0.0,27.51,17.22,99.3,1.23,0.0
2008-11-10,0.0,26.89,16.96,99.29,1.4,-0.73
2008-11-11,0.0,26.03,16.95,99.17,1.49,-1.79
2008-11-12,0.0,25.34,18.3,99.01,1.27,-0.82
2008-11-13,0.0,22.64,21.07,98.96,1.77,-1.41
2008-11-14,0.0,20.63,20.21,99.17,1.97,-3.85
2008-11-15,0.0,19.85,28.15,99.32,2.67,0.03
2008-11-16,0.0,19.17,25.78,99.33,2.0,-1.29
2008-11-17,0.0,19.59,27.59,99.25,1.86,-0.31
2008-11-18,0.0,20.43,29.73,99.27,1.63,1.28
2008-11-19,0.0,20.62,24.07,99.42,1.94,-1.81
2008-11-20,0.0,17.9,15.32,99.72,2.55,-9.36
2008-11-21,0.0,17.56,19.36,99.86,2.56,-6.78
2008-11-22,0.0,17.92,20.58,99.78,1.66,-5.83
2008-11-23,0.0,19.51,19.04,99.75,1.74,-5.56
2008-11-24,0.0,21.79,14.81,99.57,1.31,-6.83
2008-11-25,0.0,22.04,13.99,99.44,1.28,-7.03
2008-11-26,0.0,19.83,17.82,99.51,1.45,-5.88
2008-11-27,0.0,19.46,23.9,99.66,1.74,-2.92
2008-11-28,0.0,19.33,30.12,99.78,2.01,0.07
2008-11-29,0.0,20.62,26.61,99.84,1.83,-0.76
2008-11-30,0.0,22.22,18.46,99.68,1.16,-4.18
2008-12-01,0.0,22.95,14.08,99.57,1.13,-6.1
2008-12-02,0.0,21.79,15.48,99.43,1.51,-5.87
2008-12-03,0.07,22.17,17.29,99.32,1.31,-4.03
2008-12-04,0.88,23.89,24.66,99.33,1.12,2.1
2008-12-05,0.97,24.94,36.22,99.59,1.17,8.59
2008-12-06,7.88,22.96,49.68,99.67,1.92,11.53
2008-12-07,0.17,19.96,56.82,99.46,2.44,10.96
2008-12-08,0.11,20.62,52.39,99.42,2.18,10.14
2008-12-09,0.02,18.38,57.49,99.66,2.67,9.39
2008-12-10,0.0,17.93,48.35,99.7,2.06,5.89
2008-12-11,0.0,16.87,27.32,99.63,1.47,-3.42
2008-12-12,0.0,16.18,26.48,99.52,1.9,-3.65
2008-12-13,0.0,15.96,26.92,99.67,2.06,-3.9
2008-12-14,0.0,15.55,25.52,99.78,2.47,-4.96
2008-12-15,6.25,16.24,33.7,99.51,1.71,-0.68
2008-12-16,6.25,15.36,56.17,99.38,2.0,6.41
2008-12-17,0.53,16.91,61.26,99.63,3.39,9.12
2008-12-18,5.39,15.05,76.17,99.74,3.13,10.84
2008-12-19,9.14,16.65,86.58,99.58,3.11,14.31
2008-12-20,0.7,16.98,75.26,99.58,2.59,12.09
2008-12-21,0.01,14.19,47.13,99.82,2.55,2.66
2008-12-22,0.0,14.01,41.96,99.93,2.0,0.45
2008-12-23,0.0,15.92,31.23,99.8,1.13,-1.81
2008-12-24,0.0,18.01,28.62,99.6,0.96,-1.23
2008-12-25,0.0,18.15,30.1,99.53,1.59,-0.77
2008-12-26,0.0,16.36,41.35,99.42,1.55,2.39
2008-12-27,0.0,15.92,47.13,99.38,1.36,3.91
2008-12-28,0.0,15.81,46.54,99.39,1.45,3.39
2008-12-29,0.0,16.18,43.73,99.47,1.49,3.07
2008-12-30,0.0,15.7,47.77,99.64,1.84,4.03
2008-12-31,0.0,16.22,45.48,99.74,1.65,3.58
2009-01-01,0.0,16.93,40.99,99.65,1.42,2.53
2009-01-02,0.16,17.43,36.72,99.52,1.42,1.59
2009-01-03,0.0,19.09,38.43,99.43,1.36,4.34
2009-01-04,0.0,16.32,49.71,99.46,2.85,5.23
2009-01-05,0.0,14.45,62.73,99.52,2.85,6.7
2009-01-06,0.0,13.25,48.65,99.54,2.03,1.92
2009-01-07,0.0,13.74,42.52,99.79,1.59,0.35
2009-01-08,0.0,12.87,42.43,100.06,2.23,-0.48
2009-01-09,0.0,13.42,47.02,100.08,2.13,1.71
2009-01-10,0.0,13.17,44.26,100.06,2.61,0.28
2009-01-11,0.0,12.42,47.71,100.04,2.37,0.95
2009-01-12,0.0,14.4,41.24,100.09,2.01,0.46
2009-01-13,0.0,15.2,34.26,100.12,2.67,-1.34
2009-01-14,0.0,16.29,35.25,100.09,2.92,0.33
2009-01-15,1.82,18.29,45.87,99.87,1.86,5.99
2009-01-16,4.76,15.32,74.6,99.85,2.46,10.75
2009-01-17,0.0,15.61,77.56,99.84,2.35,11.28
2009-01-18,0.01,15.41,63.27,99.74,1.95,7.37
2009-01-19,0.0,14.2,40.18,99.91,2.2,0.08
2009-01-20,0.0,14.03,52.41,99.88,2.34,3.68
2009-01-21,0.0,17.05,35.4,99.73,1.19,0.44
2009-01-22,0.0,18.53,32.02,99.55,1.07,1.04
2009-01-23,0.0,17.81,35.31,99.53,2.33,1.79
2009-01-24,0.0,19.11,31.9,99.21,2.05,1.26
2009-01-25,0.0,17.6,54.22,99.07,2.39,7.39
2009-01-26,0.0,17.16,49.12,99.32,1.57,5.59
2009-01-27,0.0,17.15,38.15,99.47,1.79,1.39
2009-01-28,0.0,16.19,44.81,99.5,1.52,2.69
2009-01-29,0.0,17.8,36.35,99.47,1.52,2.0
2009-01-30,0.0,18.59,34.54,99.6,1.53,1.52
2009-01-31,0.0,17.65,34.37,99.59,1.73,0.29
2009-02-01,0.0,18.84,28.59,99.49,1.82,-1.18
2009-02-02,0.0,20.19,24.16,99.42,1.74,-2.04
2009-02-03,0.0,20.28,24.24,99.35,1.58,-1.63
2009-02-04,0.0,19.0,30.85,99.28,2.0,0.6
2009-02-05,0.0,20.19,33.04,99.35,1.29,2.7
2009-02-06,0.0,17.51,30.59,99.69,3.01,-1.6
2009-02-07,0.0,15.54,30.77,99.83,2.85,-2.17
2009-02-08,0.0,16.58,24.87,99.77,1.83,-4.54
2009-02-09,0.0,18.74,21.28,99.51,1.4,-4.4
2009-02-10,0.0,17.51,30.41,99.29,2.54,-0.38
2009-02-11,0.02,18.81,31.02,99.5,1.14,0.16
2009-02-12,0.0,19.64,28.89,99.37,2.13,0.26
2009-02-13,0.14,19.6,54.26,99.02,3.32,9.5
2009-02-14,0.0,18.77,31.32,99.31,1.88,-0.16
2009-02-15,0.0,16.98,43.17,99.55,2.63,3.08
2009-02-16,0.0,18.21,34.43,99.54,1.59,1.16
2009-02-17,0.0,19.85,27.87,99.54,1.75,-0.23
2009-02-18,0.0,20.94,24.1,99.51,1.89,-1.29
2009-02-19,0.0,23.21,22.28,99.26,1.64,-0.46
2009-02-20,0.0,23.11,23.79,99.39,1.98,0.45
2009-02-21,0.0,21.85,33.82,99.47,3.03,4.12
2009-02-22,0.0,21.47,32.48,99.07,1.7,3.45
2009-02-23,0.0,23.94,27.82,98.9,1.58,3.24
2009-02-24,0.0,26.17,26.27,98.92,1.47,4.79
2009-02-25,0.0,25.12,23.88,98.94,1.69,1.16
2009-02-26,0.0,24.93,20.43,98.95,2.15,0.37
2009-02-27,0.0,25.33,22.7,99.11,1.94,1.89
2009-02-28,0.0,25.41,23.86,99.18,1.74,2.47
2009-03-01,0.0,26.92,20.92,98.98,2.94,1.89
2009-03-02,0.0,27.38,21.68,98.99,2.04,2.37
2009-03-03,0.0,26.36,30.75,98.85,3.56,6.66
2009-03-04,0.0,25.24,32.75,98.86,2.06,4.04
2009-03-05,0.0,26.23,13.76,98.97,1.26,-4.39
2009-03-06,0.0,24.04,19.06,98.83,2.93,-1.48
2009-03-07,0.0,23.19,25.62,99.07,1.54,0.88
2009-03-08,0.0,23.26,20.85,99.04,1.85,-1.02
2009-03-09,0.0,24.14,18.27,99.25,1.56,-2.23
2009-03-10,0.0,24.28,17.21,99.46,2.66,-3.05
2009-03-11,0.0,24.46,16.38,99.54,2.64,-3.57
2009-03-12,0.0,25.71,14.51,99.29,1.59,-4.47
2009-03-13,0.0,27.5,11.53,99.22,1.23,-5.6
2009-03-14,0.0,25.91,12.33,99.29,2.3,-6.05
2009-03-15,0.0,26.13,13.72,99.17,2.14,-4.86
2009-03-16,0.0,27.46,13.0,98.94,2.37,-4.17
2009-03-17,0.0,26.81,16.99,98.95,1.64,-1.37
2009-03-18,0.0,28.58,15.03,98.97,1.5,-1.33
2009-03-19,0.0,28.86,16.99,98.92,1.2,0.62
2009-03-20,0.05,27.76,28.16,98.81,2.1,6.46
2009-03-21,0.04,28.01,23.18,98.9,2.11,4.08
2009-03-22,2.79,26.14,26.05,99.06,2.22,4.64
2009-03-23,0.0,26.83,31.09,99.09,1.68,7.59
2009-03-24,0.39,27.23,32.41,99.11,2.94,8.48
2009-03-25,0.0,25.58,35.96,99.22,2.46,7.5
2009-03-26,0.01,27.64,24.65,98.98,1.91,4.49
2009-03-27,0.63,28.51,26.81,98.73,2.06,7.15
2009-03-28,1.29,27.07,41.48,98.88,3.59,12.14
2009-03-29,1.19,25.28,51.17,99.06,3.36,13.75
2009-03-30,0.02,26.87,36.47,99.12,1.94,9.82
2009-03-31,0.0,29.04,31.56,98.92,1.59,9.84
2009-04-01,0.0,29.94,27.24,98.88,2.26,8.46
2009-04-02,0.0,29.02,33.38,98.81,3.44,10.82
2009-04-03,0.0,27.91,25.47,98.94,2.26,5.32
2009-04-04,0.0,28.63,19.24,99.08,1.86,2.06
2009-04-05,0.01,29.9,25.23,98.99,3.54,7.38
2009-04-06,0.0,28.23,27.56,98.81,3.06,6.3
2009-04-07,1.13,27.81,27.12,98.57,1.88,6.13
2009-04-08,0.35,25.05,35.67,98.75,3.91,7.09
2009-04-09,0.0,25.76,21.71,99.17,2.2,1.25
2009-04-10,0.0,26.67,23.23,99.28,2.1,2.91
2009-04-11,0.0,29.99,17.26,99.0,0.92,1.28
2009-04-12,0.01,32.35,12.82,98.79,0.94,-0.24
2009-04-13,0.0,32.22,13.19,98.54,1.65,-0.4
2009-04-14,0.0,30.91,28.39,98.34,3.77,8.52
2009-04-15,0.0,29.93,32.85,98.56,2.64,10.15
2009-04-16,0.01,29.44,31.3,98.79,3.58,9.57
2009-04-17,0.0,29.99,11.42,98.77,1.91,-4.22
2009-04-18,0.0,33.44,9.67,98.75,0.96,-3.07
2009-04-19,0.0,34.49,12.49,98.66,2.75,0.89
2009-04-20,0.0,34.02,21.36,98.27,4.27,6.81
2009-04-21,0.0,30.43,14.39,98.29,3.37,-2.04
2009-04-22,0.0,29.89,7.83,98.59,2.48,-8.21
2009-04-23,0.0,30.82,10.73,98.78,2.99,-3.49
2009-04-24,0.0,30.23,13.97,98.94,2.77,-1.59
2009-04-25,0.0,32.31,9.62,99.01,2.04,-4.32
2009-04-26,0.0,33.94,7.32,98.99,1.77,-6.11
2009-04-27,0.0,35.57,7.49,98.82,1.92,-4.77
2009-04-28,0.0,35.83,10.9,98.67,2.13,-0.37
2009-04-29,0.0,36.14,15.48,98.63,1.77,4.03
2009-04-30,0.0,35.49,18.83,98.5,2.08,6.57
2009-05-01,0.0,36.32,16.86,98.47,1.95,5.99
2009-05-02,0.3,36.5,15.42,98.53,2.5,4.89
2009-05-03,0.0,35.58,19.11,98.41,3.09,7.05
2009-05-04,0.01,32.98,24.79,98.34,3.33,9.58
2009-05-05,0.0,32.37,24.63,98.63,2.54,8.9
2009-05-06,0.0,33.76,20.66,98.86,2.24,7.27
2009-05-07,0.0,34.93,18.08,98.62,1.73,6.22
2009-05-08,0.0,35.18,17.76,98.42,3.58,5.53
2009-05-09,0.0,34.77,25.99,98.27,3.14,11.08
2009-05-10,0.0,35.91,32.98,98.07,4.53,15.79
2009-05-11,0.0,35.97,26.53,98.12,4.14,9.34
2009-05-12,0.0,36.21,19.75,98.17,3.06,6.78
2009-05-13,0.0,36.96,23.05,98.02,2.64,9.06
2009-05-14,0.0,37.85,26.25,97.82,4.44,12.74
2009-05-15,0.0,38.35,21.68,97.88,3.21,10.32
2009-05-16,0.0,38.3,24.98,98.08,4.03,11.88
2009-05-17,0.0,38.21,24.8,98.27,3.19,12.78
2009-05-18,0.0,37.98,23.81,98.25,4.51,12.57
2009-05-19,0.0,36.1,29.01,98.22,4.22,13.82
2009-05-20,0.0,36.87,25.82,98.11,3.12,12.28
2009-05-21,0.0,36.86,17.11,98.17,2.41,6.27
2009-05-22,0.0,38.33,14.65,98.04,1.82,4.97
2009-05-23,0.0,38.23,11.97,97.88,0.69,2.91
2009-05-24,0.0,37.42,14.12,97.72,2.41,4.39
2009-05-25,0.0,36.97,21.49,97.6,4.14,9.4
2009-05-26,0.0,35.91,32.08,97.65,3.56,15.09
2009-05-27,0.0,36.36,36.43,97.85,5.6,17.19
2009-05-28,0.0,36.64,36.41,97.92,5.96,17.77
2009-05-29,0.0,36.46,39.92,97.89,5.55,19.33
2009-05-30,0.37,35.88,42.95,97.87,5.24,20.22
2009-05-31,0.03,36.29,39.05,97.93,5.27,19.11
2009-06-01,0.01,35.16,44.11,98.04,5.32,20.37
2009-06-02,0.0,35.13,44.42,98.1,5.07,20.54
2009-06-03,0.0,35.53,42.13,98.19,4.74,19.79
2009-06-04,0.0,35.49,38.1,98.01,6.09,17.37
2009-06-05,0.05,34.78,36.4,97.79,4.91,15.14
2009-06-06,0.0,34.6,18.66,97.73,3.26,2.44
2009-06-07,0.0,34.14,12.43,97.79,2.16,-0.89
2009-06-08,0.0,34.92,19.36,97.9,2.9,5.36
2009-06-09,0.0,35.49,29.1,98.08,4.41,13.53
2009-06-10,0.0,36.39,33.37,98.07,5.0,16.49
2009-06-11,0.0,35.92,33.7,98.1,4.75,15.83
2009-06-12,0.03,35.61,34.52,98.12,4.69,16.04
2009-06-13,0.04,35.96,36.84,98.17,5.02,17.4
2009-06-14,0.02,36.98,29.74,98.09,5.88,14.57
2009-06-15,1.95,35.57,32.48,97.97,4.82,15.55
2009-06-16,9.42,33.48,42.29,98.17,1.9,18.58
2009-06-17,2.37,33.78,44.6,98.17,3.42,19.4
2009-06-18,0.0,35.28,35.6,98.12,2.5,16.83
2009-06-19,0.01,36.2,29.96,98.08,2.93,14.93
2009-06-20,0.01,36.77,26.28,98.08,2.42,13.05
2009-06-21,0.0,37.19,25.93,98.07,2.73,13.4
2009-06-22,0.0,36.21,27.69,98.0,3.94,13.55
2009-06-23,0.0,35.89,32.25,97.99,4.74,16.04
2009-06-24,8.17,34.35,40.83,98.08,2.49,18.49
2009-06-25,1.11,34.01,48.19,98.06,2.28,20.84
2009-06-26,0.05,35.96,41.21,97.91,2.73,19.91
2009-06-27,0.03,37.3,37.79,97.77,3.95,19.75
2009-06-28,0.19,37.77,37.62,97.68,4.75,20.33
2009-06-29,0.0,37.75,39.93,97.65,5.31,21.17
2009-06-30,0.0,37.68,39.98,97.65,5.59,21.03
2009-07-01,0.0,36.83,42.63,97.77,4.76,21.36
2009-07-02,0.21,37.1,40.68,97.59,3.88,20.99
2009-07-03,4.06,36.45,39.73,97.56,2.82,20.28
2009-07-04,0.0,36.62,38.9,97.7,2.23,19.88
2009-07-05,0.0,38.15,32.17,97.78,1.84,18.12
2009-07-06,0.0,40.66,24.6,97.66,0.85,15.86
2009-07-07,0.0,40.73,20.83,97.56,1.22,13.21
2009-07-08,2.09,39.39,28.47,97.47,2.13,16.19
2009-07-09,4.24,36.66,40.79,97.54,3.23,20.7
2009-07-10,0.76,34.47,50.34,97.75,3.59,22.52
2009-07-11,0.52,33.31,51.83,97.87,3.52,21.68
2009-07-12,0.02,34.65,49.0,97.72,3.29,21.91
2009-07-13,0.11,35.54,47.28,97.58,5.42,22.2
2009-07-14,2.67,35.41,47.62,97.6,3.22,22.11
2009-07-15,0.05,37.0,40.0,97.64,1.73,20.57
2009-07-16,0.06,37.68,32.66,97.6,3.17,17.59
2009-07-17,3.15,37.4,41.59,97.46,3.46,21.73
2009-07-18,6.16,35.03,55.93,97.58,2.84,24.49
2009-07-19,0.83,31.55,66.85,97.88,3.09,24.5
2009-07-20,0.01,33.86,56.04,97.74,4.74,23.26
2009-07-21,0.01,34.76,52.83,97.85,4.62,23.22
2009-07-22,5.47,34.03,53.31,97.83,3.73,22.62
2009-07-23,7.28,33.99,54.97,97.74,1.81,23.04
2009-07-24,6.65,32.81,61.0,97.84,2.32,24.02
2009-07-25,1.38,33.63,57.7,97.86,1.46,23.75
2009-07-26,0.06,34.54,52.88,97.71,4.52,22.74
2009-07-27,0.0,33.17,56.35,97.49,7.05,22.41
2009-07-28,0.0,33.19,58.07,97.4,6.64,22.97
2009-07-29,0.0,33.47,56.36,97.71,6.2,22.88
2009-07-30,0.0,33.43,53.76,98.0,5.46,21.99
2009-07-31,0.0,32.92,55.18,97.97,6.31,22.12
2009-08-01,0.0,33.24,54.56,97.93,6.21,21.93
2009-08-02,0.0,33.99,52.59,97.96,5.34,22.07
2009-08-03,0.0,33.82,52.33,97.89,5.52,22.0
2009-08-04,0.0,33.67,51.98,97.79,5.37,21.66
2009-08-05,0.0,33.71,52.05,97.73,5.37,21.73
2009-08-06,0.0,34.12,49.42,97.7,5.85,21.14
2009-08-07,0.0,33.79,51.87,97.79,4.78,21.77
2009-08-08,0.01,34.21,49.64,97.84,4.58,21.44
2009-08-09,0.0,34.86,48.0,97.82,4.47,21.42
2009-08-10,0.0,35.03,47.35,97.86,4.51,21.17
2009-08-11,0.0,35.61,45.09,98.13,3.54,21.0
2009-08-12,0.0,36.27,42.62,98.11,4.0,20.95
2009-08-13,0.0,34.59,45.34,98.1,5.48,20.47
2009-08-14,0.0,33.97,49.7,98.07,6.04,21.28
2009-08-15,0.0,34.24,46.81,98.08,4.93,20.47
2009-08-16,0.0,34.65,48.53,98.09,4.97,21.55
2009-08-17,0.0,34.7,46.93,98.25,5.36,21.07
2009-08-18,0.0,34.07,48.39,98.28,5.16,20.97
2009-08-19,0.0,34.13,48.29,98.32,5.16,21.08
2009-08-20,0.0,34.54,46.48,98.38,4.41,20.83
2009-08-21,0.0,34.01,47.64,98.21,5.17,20.66
2009-08-22,0.0,33.65,46.14,98.21,4.37,19.69
2009-08-23,0.1,34.61,46.3,98.14,4.27,20.45
2009-08-24,0.01,34.72,46.14,98.26,3.63,20.7
2009-08-25,0.03,34.68,42.8,98.29,3.38,19.07
2009-08-26,0.32,34.86,40.41,98.29,3.17,18.31
2009-08-27,7.19,35.08,43.29,98.25,1.65,20.07
2009-08-28,2.11,34.87,47.74,98.29,2.01,21.64
2009-08-29,0.24,35.8,43.22,98.18,2.18,20.9
2009-08-30,4.91,33.18,53.38,98.18,3.06,22.04
2009-08-31,1.09,31.28,64.45,98.35,2.23,23.41
2009-09-01,0.04,32.84,56.18,98.45,1.79,22.57
2009-09-02,0.0,33.91,51.25,98.22,2.73,21.85
2009-09-03,0.01,34.0,49.8,98.05,3.54,21.31
2009-09-04,0.42,34.12,46.27,98.14,2.06,20.25
2009-09-05,0.0,34.27,36.35,98.07,1.29,16.41
2009-09-06,0.0,34.51,28.93,97.98,1.11,12.72
2009-09-07,0.0,34.86,27.02,98.15,0.88,11.76
2009-09-08,0.0,34.81,29.71,98.3,1.67,13.18
2009-09-09,0.0,34.62,29.05,98.28,1.54,12.46
2009-09-10,0.0,34.03,26.24,98.19,1.16,10.95
2009-09-11,0.0,33.4,35.74,98.38,2.63,14.91
2009-09-12,0.0,32.87,38.27,98.78,4.1,15.17
2009-09-13,0.0,32.44,35.38,98.84,4.02,13.67
2009-09-14,0.0,31.92,39.86,98.7,4.61,15.02
2009-09-15,0.0,30.79,51.24,98.43,4.99,18.38
2009-09-16,0.0,31.03,50.58,98.55,3.76,18.69
2009-09-17,0.0,32.26,43.85,98.78,3.03,17.47
2009-09-18,0.0,32.67,37.87,98.86,3.58,15.13
2009-09-19,0.19,32.97,36.42,98.72,3.59,14.15
2009-09-20,0.0,33.07,40.52,98.6,3.8,16.15
2009-09-21,0.0,32.5,40.51,98.63,3.97,15.21
2009-09-22,0.0,32.95,34.06,98.58,4.23,12.18
2009-09-23,0.0,32.61,34.88,98.53,4.43,12.56
2009-09-24,0.0,31.98,36.96,98.67,4.42,12.89
2009-09-25,0.0,31.29,40.99,98.64,4.31,14.22
2009-09-26,0.0,30.23,46.27,98.66,3.7,15.83
2009-09-27,0.0,31.13,42.13,98.64,2.91,15.3
2009-09-28,0.0,31.69,41.0,98.66,2.4,15.24
2009-09-29,0.0,32.76,30.05,98.59,2.05,12.01
2009-09-30,0.0,33.76,31.15,98.52,2.33,12.93
2009-10-01,0.0,34.46,25.62,98.51,1.48,9.67
2009-10-02,0.0,34.31,18.67,98.51,2.26,6.38
2009-10-03,0.0,33.61,31.91,98.38,2.7,14.11
2009-10-04,0.06,33.49,38.01,98.39,3.15,16.62
2009-10-05,0.0,31.99,38.55,98.53,2.61,15.46
2009-10-06,0.0,32.14,27.16,98.46,1.04,8.98
2009-10-07,0.0,31.0,17.83,98.38,1.84,2.88
2009-10-08,0.0,29.03,28.58,98.37,2.93,7.24
2009-10-09,0.0,29.07,37.16,98.5,3.02,11.17
2009-10-10,0.0,29.45,37.83,98.78,2.82,12.64
2009-10-11,0.0,30.23,31.24,98.99,1.94,10.23
2009-10-12,0.0,30.29,31.68,99.07,1.56,10.62
2009-10-13,0.0,30.42,26.65,99.12,1.25,8.01
2009-10-14,0.0,29.94,20.96,99.15,1.15,4.51
2009-10-15,0.0,30.26,19.67,99.13,0.74,3.49
2009-10-16,0.0,30.37,20.09,99.1,1.06,4.46
2009-10-17,0.0,29.75,21.05,98.98,1.6,3.65
2009-10-18,0.0,28.27,19.11,98.89,1.58,0.71
2009-10-19,0.0,28.58,15.14,99.09,1.18,-1.21
2009-10-20,0.0,28.17,11.89,99.17,1.25,-4.64
2009-10-21,0.0,27.97,9.18,99.3,1.25,-7.66
2009-10-22,0.0,27.6,8.94,99.47,1.56,-8.11
2009-10-23,0.0,26.33,8.15,99.43,1.71,-10.03
2009-10-24,0.0,27.95,10.0,99.17,1.31,-6.34
2009-10-25,0.0,27.99,11.76,99.17,1.19,-4.71
2009-10-26,0.0,26.64,13.0,99.3,1.48,-4.6
2009-10-27,0.0,26.88,13.46,99.27,1.38,-4.27
2009-10-28,0.0,27.55,11.89,99.3,1.23,-4.82
2009-10-29,0.0,27.02,13.57,99.53,1.81,-3.7
2009-10-30,0.0,27.16,14.56,99.56,1.6,-2.8
2009-10-31,0.0,28.36,14.29,99.3,1.98,-1.84
2009-11-01,0.0,28.14,15.48,99.18,1.44,-1.25
2009-11-02,0.0,28.19,16.96,99.34,1.52,0.38
2009-11-03,0.0,26.14,21.42,99.52,2.26,1.6
2009-11-04,0.0,25.76,30.69,99.6,2.31,6.51
2009-11-05,0.0,25.84,27.65,99.5,2.17,4.59
2009-11-06,0.0,25.32,25.91,99.4,1.88,3.63
2009-11-07,0.0,25.99,22.93,99.18,1.21,2.42
2009-11-08,0.0,26.5,21.15,99.05,1.87,1.88
2009-11-09,0.0,24.35,20.36,99.0,2.0,-0.48
2009-11-10,0.0,21.59,14.82,99.01,2.4,-7.03
2009-11-11,0.0,18.9,22.33,99.04,3.32,-3.99
2009-11-12,0.0,19.44,15.01,98.99,3.0,-8.57
2009-11-13,0.0,21.01,39.97,99.24,2.48,5.57
2009-11-14,0.0,22.14,62.51,99.26,1.99,14.1
2009-11-15,0.0,21.92,34.5,99.05,1.16,1.6
2009-11-16,0.0,22.04,14.13,98.99,0.99,-6.73
2009-11-17,0.0,20.93,13.77,99.26,1.28,-7.93
2009-11-18,0.0,19.51,15.79,99.51,2.03,-7.48
2009-11-19,0.0,19.61,16.89,99.69,1.64,-6.99
2009-11-20,0.0,20.38,14.43,99.7,1.53,-8.06
2009-11-21,0.01,21.32,12.9,99.63,1.21,-8.46
2009-11-22,0.0,20.26,14.82,99.55,1.44,-7.53
2009-11-23,0.0,20.28,16.36,99.61,1.33,-6.26
2009-11-24,0.0,19.64,21.04,99.5,1.56,-3.91
2009-11-25,0.0,21.84,21.73,99.5,1.02,-1.34
2009-11-26,0.0,20.46,26.19,99.48,1.41,-0.3
2009-11-27,0.0,18.69,25.56,99.58,1.79,-2.17
2009-11-28,0.0,18.95,23.88,99.69,1.83,-2.68
2009-11-29,0.0,19.34,19.18,99.72,1.79,-5.18
2009-11-30,0.0,19.63,17.11,99.62,1.35,-6.32
2009-12-01,0.0,20.56,18.18,99.65,1.19,-4.58
2009-12-02,0.0,20.42,22.15,99.63,1.89,-2.54
2009-12-03,0.0,19.91,26.81,99.49,1.4,-0.68
2009-12-04,0.0,20.21,27.05,99.4,1.54,0.2
2009-12-05,0.0,19.14,23.95,99.38,1.93,-3.01
2009-12-06,0.0,17.0,17.72,99.44,2.19,-8.02
2009-12-07,0.0,15.42,13.92,99.61,2.6,-11.62
2009-12-08,0.0,15.57,14.75,99.54,2.07,-11.23
2009-12-09,0.0,16.22,13.19,99.42,1.84,-11.71
2009-12-10,0.0,17.19,21.34,99.5,2.67,-5.22
2009-12-11,0.0,17.59,31.63,99.56,2.45,0.17
2009-12-12,0.0,18.41,38.05,99.51,2.42,3.4
2009-12-13,0.0,18.17,42.88,99.54,2.26,4.58
2009-12-14,0.05,18.73,33.91,99.62,2.84,2.03
2009-12-15,0.0,17.26,32.67,99.73,2.3,0.23
2009-12-16,0.0,17.03,32.75,99.8,2.51,-0.07
2009-12-17,0.0,16.95,31.64,99.79,1.96,-0.72
2009-12-18,0.01,16.42,30.87,99.92,1.95,-1.82
2009-12-19,0.0,16.24,26.42,99.98,1.86,-4.11
2009-12-20,0.0,16.08,26.47,99.97,2.2,-4.25
2009-12-21,0.0,16.87,28.15,100.02,2.97,-2.01
2009-12-22,0.0,17.93,27.67,99.87,1.69,-1.47
2009-12-23,0.0,19.51,29.07,99.75,1.13,0.65
2009-12-24,0.0,18.59,27.82,99.76,1.38,-1.41
2009-12-25,0.0,18.59,19.12,99.53,1.1,-6.01
2009-12-26,0.0,17.72,17.82,99.34,1.46,-7.18
2009-12-27,0.0,16.6,20.05,99.32,1.26,-6.63
2009-12-28,0.0,15.66,24.18,99.46,2.21,-5.26
2009-12-29,0.0,16.24,27.99,99.36,1.62,-3.06
2009-12-30,0.07,17.05,30.19,99.48,2.01,-0.9
2009-12-31,0.0,17.31,29.81,99.57,1.62,-0.97
2010-01-01,0.0,17.6,29.03,99.54,1.47,-1.48
2010-01-02,0.05,17.14,31.35,99.56,1.8,-0.44
2010-01-03,0.05,16.94,30.4,99.7,2.44,-0.77
2010-01-04,0.01,15.55,35.02,99.83,1.77,-0.15
2010-01-05,0.0,17.28,34.59,99.5,1.78,0.69
2010-01-06,0.0,18.67,28.35,99.4,1.44,-0.98
2010-01-07,0.0,16.77,29.57,99.49,1.66,-2.18
2010-01-08,0.0,14.54,33.85,99.67,3.1,-2.09
2010-01-09,0.0,13.63,30.37,99.7,2.34,-4.36
2010-01-10,0.0,13.45,26.29,99.7,2.21,-6.21
2010-01-11,0.0,13.18,26.62,99.7,2.25,-6.43
2010-01-12,2.12,13.66,27.88,99.68,2.23,-5.06
2010-01-13,0.0,13.1,31.07,99.92,1.97,-4.29
2010-01-14,0.0,14.34,32.56,100.28,2.19,-2.46
2010-01-15,0.0,14.93,32.04,100.25,1.95,-2.25
2010-01-16,0.0,15.64,26.24,100.23,2.32,-4.72
2010-01-17,0.0,17.21,20.34,100.03,1.42,-6.36
2010-01-18,0.0,16.35,20.57,99.91,2.05,-6.91
2010-01-19,0.0,16.21,19.98,99.83,1.73,-7.39
2010-01-20,0.0,16.43,20.07,99.87,1.87,-7.15
2010-01-21,0.0,16.17,20.31,99.85,1.88,-7.11
2010-01-22,0.0,18.66,16.76,99.62,1.46,-7.49
2010-01-23,0.0,17.24,18.18,99.55,1.81,-7.79
2010-01-24,0.22,16.07,26.76,99.51,2.88,-3.7
2010-01-25,0.0,16.81,23.66,99.73,2.11,-4.56
2010-01-26,0.0,17.78,27.29,99.68,1.83,-2.2
2010-01-27,0.0,18.66,28.42,99.53,1.33,-1.16
2010-01-28,0.0,20.61,26.35,99.46,1.38,0.25
2010-01-29,0.0,20.39,31.94,99.59,1.42,2.76
2010-01-30,0.0,18.29,31.37,99.79,2.83,0.3
2010-01-31,0.0,18.73,22.36,99.62,1.53,-3.55
2010-02-01,0.0,19.56,20.63,99.49,1.69,-4.12
2010-02-02,0.0,18.53,22.71,99.54,2.3,-3.88
2010-02-03,0.0,18.93,22.89,99.58,2.98,-3.44
2010-02-04,0.0,20.17,20.83,99.58,2.08,-3.72
2010-02-05,0.0,21.55,20.42,99.54,1.51,-2.73
2010-02-06,0.0,23.02,21.12,99.5,1.94,-0.81
2010-02-07,0.0,22.44,27.17,99.43,2.23,1.96
2010-02-08,0.76,20.0,43.08,99.03,3.64,6.13
2010-02-09,0.0,15.08,18.35,99.14,2.63,-11.63
2010-02-10,0.0,14.29,10.12,99.6,2.14,-16.3
2010-02-11,0.01,13.33,20.36,99.83,2.7,-9.32
2010-02-12,0.0,15.63,18.62,99.74,2.25,-8.86
2010-02-13,0.0,16.72,16.85,99.64,1.97,-8.86
2010-02-14,0.0,18.25,17.58,99.44,1.45,-6.98
2010-02-15,0.0,18.83,18.57,99.24,2.19,-6.04
2010-02-16,0.0,17.24,15.1,99.56,2.38,-9.99
2010-02-17,0.0,15.02,14.0,99.91,2.74,-13.02
2010-02-18,0.0,18.38,9.05,99.68,1.09,-14.66
2010-02-19,0.0,20.81,9.72,99.57,1.58,-11.94
2010-02-20,0.0,21.88,14.5,99.54,1.71,-7.0
2010-02-21,0.0,23.66,14.23,99.34,1.44,-6.17
2010-02-22,0.03,22.7,15.57,99.06,2.57,-5.05
2010-02-23,0.0,21.55,23.56,99.06,1.48,-0.51
2010-02-24,0.0,22.96,25.5,99.08,1.0,1.16
2010-02-25,0.0,23.88,21.88,99.14,1.86,-0.55
2010-02-26,0.0,25.56,24.43,99.27,1.15,2.87
2010-02-27,0.0,26.51,21.8,99.25,1.22,1.92
2010-02-28,0.0,25.75,22.84,99.14,2.25,2.01
2010-03-01,0.0,26.74,37.78,99.11,2.47,9.89
2010-03-02,0.06,27.17,33.67,99.08,1.22,8.88
2010-03-03,0.02,27.19,30.54,98.76,2.97,7.42
2010-03-04,0.0,24.36,47.18,98.81,2.44,11.25
2010-03-05,0.0,24.78,36.36,99.04,1.54,8.19
2010-03-06,0.0,24.25,32.61,99.08,1.76,6.25
2010-03-07,0.0,22.47,39.51,99.53,2.88,6.87
2010-03-08,0.0,24.19,24.91,99.55,1.66,1.42
2010-03-09,0.0,25.28,16.74,99.57,1.29,-2.96
2010-03-10,0.0,26.35,15.39,99.59,1.45,-2.5
2010-03-11,0.0,27.58,14.21,99.55,1.22,-3.27
2010-03-12,0.0,28.71,11.12,99.56,1.35,-4.84
2010-03-13,0.0,30.56,10.9,99.31,1.46,-3.68
2010-03-14,0.0,29.34,13.25,99.0,1.93,-2.34
2010-03-15,0.0,30.82,12.63,98.93,1.72,-2.46
2010-03-16,0.0,31.47,10.56,98.99,1.15,-3.47
2010-03-17,0.0,29.93,13.53,99.3,2.79,-1.73
2010-03-18,0.0,29.79,14.38,99.57,3.19,-0.93
2010-03-19,0.0,31.17,12.91,99.37,1.9,-1.51
2010-03-20,0.0,33.01,10.97,99.06,1.81,-1.84
2010-03-21,0.0,30.77,12.53,98.89,2.93,-2.73
2010-03-22,0.0,30.01,20.13,98.44,2.49,2.09
2010-03-23,0.0,29.87,24.07,98.28,3.1,4.85
2010-03-24,0.0,30.15,18.85,98.43,2.15,0.84
2010-03-25,0.0,31.43,10.67,98.59,1.11,-3.14
2010-03-26,0.0,30.14,16.67,98.64,2.27,1.05
2010-03-27,0.0,30.4,17.02,98.82,1.21,0.6
2010-03-28,0.0,31.17,14.58,98.9,1.21,-0.05
2010-03-29,0.0,30.64,20.08,98.74,3.77,2.84
2010-03-30,0.0,30.59,26.7,98.53,3.94,4.71
2010-03-31,0.0,31.14,17.42,98.51,2.27,-0.32
2010-04-01,0.0,31.1,16.89,98.52,2.13,1.43
2010-04-02,0.0,30.52,20.87,98.41,2.39,4.79
2010-04-03,0.0,30.52,17.65,98.72,1.44,2.56
2010-04-04,0.0,31.57,16.88,98.93,1.77,2.74
2010-04-05,0.0,30.92,14.51,99.02,2.19,-0.54
2010-04-06,0.0,31.33,8.57,99.04,1.61,-6.25
2010-04-07,0.0,32.56,8.98,99.03,1.4,-4.41
2010-04-08,0.0,32.99,11.54,99.07,2.17,-1.15
2010-04-09,0.0,32.48,12.97,98.78,1.53,-0.78
2010-04-10,0.0,32.21,18.58,98.42,2.6,3.56
2010-04-11,0.0,31.91,32.95,98.29,3.42,11.63
2010-04-12,0.02,32.85,23.65,98.45,1.96,7.85
2010-04-13,0.0,35.29,13.86,98.65,1.08,2.41
2010-04-14,0.0,35.23,11.69,98.6,2.07,0.43
2010-04-15,0.0,34.77,14.73,98.75,2.3,3.14
2010-04-16,0.01,35.0,17.98,98.67,2.6,4.97
2010-04-17,0.0,35.16,22.92,98.48,3.03,9.43
2010-04-18,0.0,35.02,27.3,98.25,5.36,11.76
2010-04-19,0.0,34.9,24.31,98.07,4.7,9.12
2010-04-20,0.0,33.98,27.32,97.99,5.85,9.17
2010-04-21,0.0,32.72,25.28,98.25,3.87,6.84
2010-04-22,0.0,33.09,13.15,98.65,2.38,-0.34
2010-04-23,0.0,33.01,15.98,98.71,2.34,3.06
2010-04-24,0.0,33.72,24.94,98.54,3.25,8.73
2010-04-25,0.0,34.67,26.99,98.4,3.36,10.07
2010-04-26,0.0,34.78,29.62,98.67,4.57,11.76
2010-04-27,0.0,36.05,22.24,98.79,2.02,10.23
2010-04-28,0.0,35.67,22.71,98.7,1.9,10.08
2010-04-29,0.64,34.25,21.59,98.53,2.07,8.8
2010-04-30,2.07,33.5,24.11,98.68,2.28,9.46
2010-05-01,0.0,33.86,26.44,98.88,2.38,10.78
2010-05-02,0.0,36.26,18.95,98.66,2.13,8.18
2010-05-03,0.0,36.48,19.43,98.27,4.39,8.29
2010-05-04,0.0,36.24,24.55,98.18,5.6,11.11
2010-05-05,0.0,35.69,34.47,98.1,4.61,16.38
2010-05-06,0.06,34.77,31.9,98.18,3.01,14.2
2010-05-07,0.02,34.42,27.45,98.3,1.14,12.27
2010-05-08,0.04,34.79,25.06,98.41,2.05,11.24
2010-05-09,0.32,34.0,25.19,98.29,1.85,9.85
2010-05-10,0.0,34.48,20.62,98.25,3.06,7.71
2010-05-11,0.0,35.9,23.42,98.29,2.35,10.23
2010-05-12,0.0,36.57,19.82,98.2,3.44,7.28
2010-05-13,0.0,36.45,13.72,98.1,2.92,2.48
2010-05-14,0.0,35.74,18.83,97.99,3.3,3.38
2010-05-15,0.0,35.84,21.98,98.07,2.88,9.21
2010-05-16,0.0,37.38,26.95,98.01,5.54,13.11
2010-05-17,0.0,36.47,26.79,98.13,5.19,12.96
2010-05-18,0.0,35.59,25.22,98.28,2.39,11.41
2010-05-19,0.0,37.07,20.68,98.25,2.0,9.93
2010-05-20,0.0,37.98,12.54,98.09,1.94,2.6
2010-05-21,0.0,38.73,9.4,98.07,1.46,0.09
2010-05-22,0.0,39.1,16.98,98.01,3.94,7.9
2010-05-23,0.0,38.43,23.4,97.97,4.55,12.43
2010-05-24,0.0,38.86,27.01,97.88,4.16,15.17
2010-05-25,0.0,38.5,28.97,97.73,5.62,13.62
2010-05-26,0.0,37.74,36.7,97.65,6.26,17.74
2010-05-27,0.0,37.26,36.69,97.64,6.57,15.76
2010-05-28,0.0,38.03,28.1,97.78,6.66,10.37
2010-05-29,0.0,35.81,24.8,98.08,4.27,3.99
2010-05-30,0.0,35.28,18.62,98.22,1.65,4.38
2010-05-31,0.0,36.1,29.49,98.21,4.39,12.69
2010-06-01,0.0,36.17,33.5,98.25,5.82,15.85
2010-06-02,0.01,35.48,37.49,98.39,6.76,18.06
2010-06-03,0.02,34.29,44.31,98.51,5.94,19.97
2010-06-04,0.0,34.71,41.99,98.37,8.08,18.74
2010-06-05,0.02,34.3,43.13,98.28,7.8,18.42
2010-06-06,52.46,29.39,72.13,98.19,5.06,23.71
2010-06-07,23.98,28.31,72.15,97.96,5.16,22.47
2010-06-08,0.0,30.9,56.1,98.37,2.03,20.52
2010-06-09,0.0,32.34,46.73,98.33,2.05,18.27
2010-06-10,0.0,33.08,43.65,98.29,2.34,17.75
2010-06-11,0.0,34.31,39.7,98.18,2.74,16.57
2010-06-12,0.0,35.58,34.38,98.0,1.7,15.56
2010-06-13,0.0,35.72,35.18,97.84,2.11,15.69
2010-06-14,0.18,34.69,39.92,97.78,2.99,17.69
2010-06-15,0.95,33.18,45.01,97.97,2.38,18.59
2010-06-16,0.67,34.83,40.09,97.96,1.58,18.78
2010-06-17,0.0,35.67,38.85,98.01,2.37,18.55
2010-06-18,0.0,36.28,37.77,98.14,1.7,18.15
2010-06-19,0.0,37.24,32.39,98.09,2.65,15.69
2010-06-20,0.0,37.48,30.21,97.94,3.3,14.99
2010-06-21,0.0,36.65,37.07,97.91,5.81,17.13
2010-06-22,0.0,35.4,43.18,97.79,7.79,19.5
2010-06-23,0.0,34.43,50.89,97.79,6.66,21.9
2010-06-24,0.0,34.76,51.27,97.65,4.74,22.38
2010-06-25,0.0,35.19,50.23,97.68,4.43,22.64
2010-06-26,0.0,36.76,43.37,97.78,3.18,21.6
2010-06-27,0.03,36.32,40.97,97.79,5.12,20.09
2010-06-28,0.0,34.8,45.09,97.69,6.43,19.83
2010-06-29,0.0,34.34,49.63,97.65,6.42,21.36
2010-06-30,0.0,34.55,49.4,97.7,3.62,21.76
2010-07-01,0.0,35.65,44.53,97.72,3.85,20.93
2010-07-02,0.0,36.09,39.85,97.9,3.29,19.17
2010-07-03,0.0,37.42,34.95,97.91,2.44,18.32
2010-07-04,0.0,38.32,30.99,97.81,3.65,17.64
2010-07-05,1.32,35.22,44.83,97.93,3.67,21.19
2010-07-06,0.12,34.7,45.51,98.05,2.57,20.57
2010-07-07,13.39,33.77,52.02,98.19,2.74,22.15
2010-07-08,2.03,33.18,58.93,98.34,1.6,23.62
2010-07-09,0.01,34.75,52.08,98.2,3.02,23.05
2010-07-10,0.0,35.67,48.7,98.03,4.97,22.68
2010-07-11,0.0,34.97,51.62,97.88,7.04,22.65
2010-07-12,0.0,34.15,52.34,97.65,7.84,22.21
2010-07-13,0.25,33.95,52.12,97.93,3.8,22.05
2010-07-14,1.96,34.05,50.74,98.21,2.69,22.07
2010-07-15,0.03,35.69,44.51,98.17,1.94,21.17
2010-07-16,0.08,37.02,38.85,97.91,1.94,20.03
2010-07-17,0.0,38.62,33.94,97.73,2.08,18.83
2010-07-18,0.0,38.34,35.84,97.72,3.83,20.05
2010-07-19,0.0,36.66,45.33,97.55,6.6,22.45
2010-07-20,0.0,35.85,48.59,97.56,5.6,22.45
2010-07-21,0.16,36.6,42.09,97.71,4.1,20.9
2010-07-22,2.81,36.11,42.55,97.74,3.31,20.92
2010-07-23,9.8,33.39,56.35,97.87,1.94,23.43
2010-07-24,21.28,30.53,71.11,97.75,1.9,24.65
2010-07-25,1.0,31.69,62.65,97.56,2.62,23.03
2010-07-26,6.46,32.55,61.9,97.56,2.37,23.95
2010-07-27,1.87,32.41,64.06,97.64,2.85,24.34
2010-07-28,2.66,32.43,61.45,97.75,2.62,23.81
2010-07-29,0.25,33.23,54.16,97.91,3.22,22.17
2010-07-30,0.02,34.13,50.69,97.99,2.61,21.82
2010-07-31,5.03,32.31,58.26,98.08,4.04,22.64
2010-08-01,3.82,28.55,75.36,98.14,1.67,23.73
2010-08-02,4.02,29.79,70.26,97.94,2.45,23.63
2010-08-03,27.02,28.14,83.12,97.72,2.45,24.97
2010-08-04,7.21,29.91,77.56,97.63,2.12,25.27
2010-08-05,8.1,30.63,73.73,97.96,1.38,25.15
2010-08-06,1.91,30.02,72.12,98.25,0.97,24.35
2010-08-07,1.73,32.07,64.2,98.15,1.56,24.09
2010-08-08,24.45,32.21,66.69,97.99,1.79,25.09
2010-08-09,5.45,32.1,65.4,98.01,1.31,24.32
2010-08-10,0.73,31.51,68.44,98.13,2.85,24.63
2010-08-11,0.09,31.94,64.51,98.17,3.35,24.02
2010-08-12,0.01,32.74,61.03,98.14,3.96,23.78
2010-08-13,0.27,31.23,63.47,98.2,4.15,23.12
2010-08-14,0.83,30.68,65.17,98.17,2.95,22.98
2010-08-15,2.12,30.87,65.88,98.23,2.21,23.45
2010-08-16,0.32,31.27,63.3,98.32,2.08,23.17
2010-08-17,0.03,32.29,59.55,98.06,2.7,22.98
2010-08-18,0.14,32.85,55.59,97.92,3.84,22.16
2010-08-19,0.0,31.81,56.63,98.17,4.65,21.63
2010-08-20,0.0,31.1,62.96,98.41,3.86,22.89
2010-08-21,0.0,31.46,62.46,98.25,4.78,22.99
2010-08-22,0.0,31.5,60.79,98.08,5.71,22.35
2010-08-23,0.0,32.31,58.67,97.97,5.46,22.32
2010-08-24,0.0,32.26,59.9,97.86,4.78,22.83
2010-08-25,0.04,32.3,57.33,98.04,2.93,22.2
2010-08-26,0.13,33.38,50.61,98.24,1.36,21.1
2010-08-27,0.0,32.58,52.8,98.33,2.41,21.15
2010-08-28,0.0,34.27,43.21,98.21,0.98,18.84
2010-08-29,0.0,34.62,41.26,98.11,1.39,17.61
2010-08-30,0.0,33.97,41.58,97.86,1.91,17.91
2010-08-31,0.0,33.86,50.16,97.87,2.54,21.31
2010-09-01,10.7,32.95,59.9,98.11,2.41,23.76
2010-09-02,0.56,32.54,62.77,98.25,1.56,23.9
2010-09-03,15.6,31.26,70.62,98.15,2.32,24.97
2010-09-04,1.24,31.17,64.73,98.01,2.87,23.27
2010-09-05,0.34,31.65,59.51,98.21,3.35,22.32
2010-09-06,0.02,32.34,59.0,98.2,2.25,22.59
2010-09-07,0.17,33.08,52.97,98.04,2.85,21.43
2010-09-08,3.15,32.98,54.12,98.1,2.32,21.74
2010-09-09,0.86,32.58,58.43,98.21,3.07,22.8
2010-09-10,15.71,31.33,66.16,98.07,2.43,23.89
2010-09-11,11.14,28.05,83.58,98.2,1.89,24.94
2010-09-12,4.74,27.82,83.46,98.24,2.57,24.67
2010-09-13,2.44,29.98,69.55,98.25,1.94,23.04
2010-09-14,0.83,30.76,60.38,98.27,1.51,21.4
2010-09-15,9.23,29.91,60.17,98.43,1.02,20.95
2010-09-16,1.03,30.14,56.44,98.4,1.75,19.88
2010-09-17,0.3,30.22,54.61,98.32,3.09,19.06
2010-09-18,0.0,29.14,53.5,98.29,2.27,17.91
2010-09-19,0.0,29.73,48.74,98.52,1.09,17.1
2010-09-20,0.0,30.65,35.88,98.6,1.35,12.57
2010-09-21,0.0,30.61,28.68,98.65,1.3,9.62
2010-09-22,0.0,28.96,34.32,98.61,3.04,9.99
2010-09-23,0.0,28.77,38.38,98.59,2.9,11.84
2010-09-24,0.0,28.09,49.72,98.66,2.41,14.83
2010-09-25,0.0,28.3,46.59,98.82,2.6,14.38
2010-09-26,0.0,28.92,42.62,98.95,2.2,13.37
2010-09-27,0.0,29.24,44.24,99.0,1.83,14.51
2010-09-28,0.0,29.44,46.51,98.93,2.32,15.67
2010-09-29,0.0,29.94,42.09,98.94,1.86,14.5
2010-09-30,0.0,31.12,47.91,98.95,1.62,17.2
2010-10-01,0.0,31.5,44.06,98.86,1.62,16.46
2010-10-02,0.0,31.91,41.73,98.78,1.35,15.79
2010-10-03,0.0,31.93,42.96,98.76,1.89,16.23
2010-10-04,0.05,31.82,39.17,98.69,2.51,13.97
2010-10-05,0.0,31.43,33.71,98.58,2.37,10.97
2010-10-06,0.0,30.84,28.44,98.59,1.17,8.69
2010-10-07,0.0,30.81,26.19,98.56,1.56,7.74
2010-10-08,0.0,29.84,29.84,98.5,1.78,8.57
2010-10-09,0.0,29.17,38.95,98.31,3.85,11.96
2010-10-10,0.0,28.37,54.28,98.3,4.18,16.94
2010-10-11,0.0,28.67,57.51,98.66,3.05,18.36
2010-10-12,0.0,28.9,53.93,99.0,1.7,17.63
2010-10-13,0.0,29.71,43.31,99.02,1.79,14.93
2010-10-14,0.0,29.21,39.8,98.82,2.43,12.73
2010-10-15,0.0,29.04,35.11,98.8,2.23,10.43
2010-10-16,0.0,29.6,34.43,98.73,1.97,10.69
2010-10-17,0.0,30.44,27.18,98.62,1.47,8.42
2010-10-18,0.0,29.47,35.27,98.78,2.48,11.21
2010-10-19,0.0,29.83,37.68,98.87,2.07,12.85
2010-10-20,0.0,31.47,30.96,98.82,1.23,11.37
2010-10-21,0.0,31.13,25.1,98.51,1.58,7.69
2010-10-22,0.0,29.32,25.55,98.18,2.43,5.35
2010-10-23,0.0,26.91,27.33,98.54,1.85,5.35
2010-10-24,0.0,25.79,27.19,98.79,2.39,4.72
2010-10-25,0.0,26.74,31.56,98.93,1.71,7.69
2010-10-26,0.0,27.25,31.63,99.12,1.17,8.41
2010-10-27,0.0,27.37,29.9,99.25,1.11,7.64
2010-10-28,0.0,27.06,28.33,99.22,1.6,5.95
2010-10-29,0.34,26.78,32.36,99.24,1.8,8.32
2010-10-30,3.74,25.8,46.08,99.48,1.89,12.6
2010-10-31,0.0,24.48,39.51,99.61,2.0,9.18
2010-11-01,0.0,24.46,35.61,99.35,1.51,7.38
2010-11-02,0.0,24.6,30.11,99.33,1.76,5.1
2010-11-03,0.0,25.66,26.18,99.48,1.25,3.77
2010-11-04,0.0,26.29,24.3,99.36,1.15,3.55
2010-11-05,0.0,25.86,27.39,99.27,1.17,4.8
2010-11-06,0.0,24.83,26.4,99.2,2.01,3.4
2010-11-07,0.0,24.21,28.96,99.35,2.36,4.24
2010-11-08,0.0,23.45,29.08,99.46,2.4,3.53
2010-11-09,0.0,23.88,33.74,99.57,3.2,6.63
2010-11-10,0.07,25.25,42.58,99.44,2.36,11.26
2010-11-11,0.85,26.17,42.3,99.12,1.23,11.96
2010-11-12,10.71,23.63,57.74,98.84,1.5,13.66
2010-11-13,0.02,22.8,44.76,98.9,1.52,9.54
2010-11-14,1.04,22.37,51.29,99.36,2.36,11.39
2010-11-15,0.01,22.81,44.4,99.54,2.24,9.57
2010-11-16,0.13,21.44,35.13,99.33,1.63,4.53
2010-11-17,0.0,21.29,34.09,99.33,1.69,3.88
2010-11-18,0.0,20.82,28.52,99.44,2.05,0.86
2010-11-19,0.0,22.11,23.58,99.4,1.48,-0.45
2010-11-20,0.0,21.77,21.74,99.15,1.11,-1.85
2010-11-21,0.0,21.96,22.41,99.0,1.01,-1.32
2010-11-22,0.95,20.4,31.88,98.99,1.76,1.67
2010-11-23,0.0,19.19,74.1,99.16,2.45,14.27
2010-11-24,0.0,20.23,55.94,99.26,2.27,10.42
2010-11-25,0.0,20.26,49.51,99.39,1.78,8.47
2010-11-26,0.0,21.05,28.65,99.35,1.17,0.94
2010-11-27,0.0,20.87,21.62,99.22,1.01,-2.48
2010-11-28,0.0,19.23,23.39,99.39,1.75,-2.95
2010-11-29,0.0,18.29,23.82,99.56,1.96,-3.61
2010-11-30,0.0,19.61,18.78,99.4,1.07,-5.63
2010-12-01,0.0,18.64,20.32,99.28,1.51,-5.45
2010-12-02,0.0,17.75,22.3,99.48,2.18,-4.81
2010-12-03,0.0,16.87,26.36,99.54,1.82,-3.47
2010-12-04,0.0,16.37,28.87,99.42,2.29,-2.72
2010-12-05,0.0,16.06,29.46,99.27,2.28,-2.5
2010-12-06,0.0,15.58,35.9,99.33,2.4,-0.24
2010-12-07,0.0,15.76,44.3,99.44,2.58,3.03
2010-12-08,0.0,15.81,39.78,99.31,1.83,1.21
2010-12-09,0.0,15.77,30.02,99.21,1.4,-2.89
2010-12-10,0.0,15.98,23.19,99.18,1.34,-6.64
2010-12-11,0.0,17.12,14.0,99.09,0.99,-10.36
2010-12-12,0.0,16.77,16.13,98.86,1.89,-9.26
2010-12-13,0.0,16.93,23.03,99.04,1.55,-5.03
2010-12-14,0.0,17.68,28.91,99.41,1.24,-1.58
2010-12-15,0.0,18.21,25.69,99.43,1.13,-2.51
2010-12-16,0.0,17.92,22.42,99.43,1.08,-4.5
2010-12-17,0.0,16.92,14.93,99.44,1.5,-10.73
2010-12-18,0.0,15.57,14.74,99.57,1.79,-11.25
2010-12-19,0.0,15.21,19.63,99.79,1.96,-8.56
2010-12-20,0.0,15.77,18.99,99.9,1.66,-8.48
2010-12-21,0.0,16.2,17.52,99.47,1.71,-8.56
2010-12-22,0.0,16.81,17.55,98.96,1.92,-8.13
2010-12-23,0.0,16.72,18.8,99.04,1.34,-7.61
2010-12-24,0.0,13.01,28.27,99.45,2.27,-5.5
2010-12-25,0.0,13.67,32.33,99.43,1.75,-3.48
2010-12-26,0.0,14.3,35.1,99.36,1.77,-2.06
2010-12-27,0.0,13.62,38.81,99.43,2.78,-1.04
2010-12-28,0.23,14.22,36.95,99.43,3.39,-0.9
2010-12-29,0.07,15.75,67.55,99.36,2.97,8.96
2010-12-30,0.0,14.08,53.52,99.33,2.01,3.38
2010-12-31,0.0,14.61,31.99,99.38,1.92,-3.46
2011-01-01,0.0,14.24,21.13,99.53,1.35,-8.19
2011-01-02,0.0,12.93,27.46,99.49,1.53,-6.65
2011-01-03,0.0,12.86,30.46,99.62,2.01,-5.24
2011-01-04,0.0,11.62,36.03,99.68,2.12,-3.84
2011-01-05,0.0,10.5,35.79,99.63,2.35,-4.87
2011-01-06,0.0,10.59,28.84,99.69,1.98,-7.34
2011-01-07,0.0,11.64,24.98,99.55,1.73,-8.36
2011-01-08,0.0,12.98,22.55,99.41,1.64,-8.22
2011-01-09,0.0,12.42,24.36,99.63,2.26,-7.81
2011-01-10,0.0,13.12,25.71,99.65,1.73,-6.73
2011-01-11,0.0,16.04,20.13,99.37,1.11,-7.6
2011-01-12,0.0,17.69,20.05,99.15,1.36,-5.65
2011-01-13,0.0,17.73,27.86,99.08,1.82,-1.29
2011-01-14,0.0,15.32,25.73,99.18,2.6,-4.86
2011-01-15,0.0,12.23,16.41,99.57,2.3,-13.99
2011-01-16,0.0,14.86,7.89,99.67,1.15,-17.98
2011-01-17,0.0,16.22,8.71,99.27,1.73,-16.14
2011-01-18,0.0,17.12,19.18,99.38,1.92,-6.87
2011-01-19,0.0,17.03,18.15,99.44,1.32,-8.25
2011-01-20,0.0,19.16,17.55,99.43,1.61,-6.12
2011-01-21,0.0,18.76,30.57,99.54,1.96,0.18
2011-01-22,0.0,18.12,44.93,99.59,2.18,4.82
2011-01-23,0.0,17.79,33.41,99.7,2.07,0.64
2011-01-24,0.0,16.85,24.81,99.71,2.04,-3.92
2011-01-25,0.0,16.06,23.49,99.71,1.96,-5.39
2011-01-26,0.0,15.12,27.15,100.01,2.2,-4.51
2011-01-27,0.0,14.51,24.23,100.0,2.32,-6.4
2011-01-28,0.0,15.68,19.99,99.63,1.74,-8.04
2011-01-29,0.02,16.91,20.89,99.35,2.91,-6.41
2011-01-30,0.0,15.32,32.03,99.75,3.16,-1.83
2011-01-31,0.0,15.62,34.17,99.88,2.42,-0.91
2011-02-01,0.0,17.49,32.6,99.76,1.74,-0.42
2011-02-02,0.0,20.38,24.41,99.63,1.52,-2.05
2011-02-03,0.0,21.66,21.27,99.48,1.68,-2.5
2011-02-04,0.0,21.85,21.26,99.35,2.89,-1.91
2011-02-05,0.0,21.53,27.16,99.16,1.56,1.18
2011-02-06,0.0,19.64,44.7,98.93,2.46,6.56
2011-02-07,0.0,19.25,42.2,98.92,3.55,1.0
2011-02-08,0.0,18.11,13.55,99.13,1.4,-10.32
2011-02-09,0.0,16.04,16.84,99.17,2.08,-9.69
2011-02-10,0.0,18.9,17.15,99.28,2.02,-7.17
2011-02-11,0.0,20.49,18.17,99.34,2.61,-5.07
2011-02-12,0.01,19.46,27.62,99.06,2.11,-0.59
2011-02-13,3.02,15.97,55.21,98.99,2.35,6.35
2011-02-14,1.93,16.97,63.39,98.93,1.53,8.83
2011-02-15,0.0,17.69,49.56,98.99,1.8,6.36
2011-02-16,0.0,17.42,34.89,99.25,1.31,1.03
2011-02-17,0.07,18.48,32.51,99.44,1.57,1.2
2011-02-18,0.0,19.27,35.28,99.28,2.74,3.06
2011-02-19,0.0,18.16,46.77,99.48,2.31,5.38
2011-02-20,0.15,19.26,38.28,99.67,2.12,4.05
2011-02-21,0.02,16.78,41.92,99.9,3.04,2.73
2011-02-22,0.0,18.26,37.66,99.56,1.52,2.16
2011-02-23,0.0,19.53,32.68,99.49,1.95,1.94
2011-02-24,0.0,20.39,36.41,99.43,1.73,4.2
2011-02-25,1.39,20.14,42.19,99.18,3.13,5.91
2011-02-26,0.21,18.73,47.91,99.35,2.73,5.99
2011-02-27,0.0,18.68,32.38,99.72,3.34,0.68
2011-02-28,0.0,19.49,31.97,99.59,2.89,1.55
2011-03-01,0.09,19.07,44.46,99.47,3.98,5.74
2011-03-02,0.1,21.34,44.2,99.28,2.57,8.17
2011-03-03,0.27,20.25,53.19,99.25,2.27,9.59
2011-03-04,0.0,20.01,51.02,99.22,3.39,8.71
2011-03-05,0.0,21.64,47.67,99.33,2.28,9.11
2011-03-06,0.0,21.06,40.43,99.6,3.09,6.63
2011-03-07,0.0,22.72,35.03,99.68,2.5,5.51
2011-03-08,0.0,23.21,29.74,99.37,2.43,3.74
2011-03-09,0.0,21.5,13.08,99.25,1.8,-8.93
2011-03-10,0.0,22.87,12.0,99.47,1.34,-8.24
2011-03-11,0.0,23.87,13.61,99.47,0.96,-7.07
2011-03-12,0.0,25.68,10.89,99.32,1.73,-7.58
2011-03-13,0.0,28.23,10.26,99.19,0.92,-6.19
2011-03-14,0.0,28.64,13.54,99.03,1.5,-2.82
2011-03-15,0.0,28.96,16.26,99.06,2.26,-0.15
2011-03-16,0.0,29.42,15.47,98.99,1.66,-0.57
2011-03-17,0.0,30.51,15.52,98.78,2.3,0.84
2011-03-18,0.0,28.85,21.03,98.56,3.0,2.82
2011-03-19,0.0,27.99,21.38,98.32,4.23,2.59
2011-03-20,0.0,26.56,10.23,98.55,1.74,-8.34
2011-03-21,0.0,27.16,8.08,98.77,1.36,-9.94
2011-03-22,0.0,26.54,9.65,98.76,1.58,-8.4
2011-03-23,0.0,27.37,10.99,98.82,1.68,-5.91
2011-03-24,0.04,28.47,13.48,99.0,1.54,-2.52
2011-03-25,0.0,29.14,13.79,99.05,1.2,-2.13
2011-03-26,0.0,29.83,14.86,99.03,2.27,-0.41
2011-03-27,0.0,30.19,21.54,98.86,3.29,4.03
2011-03-28,0.0,29.59,22.9,98.64,3.81,3.74
2011-03-29,0.0,28.55,16.21,98.82,1.43,-0.48
2011-03-30,0.0,29.16,15.05,98.97,1.46,-0.64
2011-03-31,0.0,28.5,18.08,98.93,1.54,1.24
2011-04-01,0.0,28.56,14.87,98.86,2.39,-2.3
2011-04-02,0.0,26.24,7.47,98.93,2.34,-11.25
2011-04-03,0.0,26.27,12.37,99.16,2.03,-5.26
2011-04-04,0.0,27.42,11.26,99.15,2.04,-7.17
2011-04-05,0.0,27.81,7.58,99.09,1.54,-9.96
2011-04-06,0.0,26.57,15.08,99.07,2.32,-3.28
2011-04-07,0.0,27.05,20.25,99.15,3.04,1.73
2011-04-08,0.0,28.66,20.0,99.13,2.02,2.61
2011-04-09,0.0,30.93,18.88,99.01,1.78,4.17
2011-04-10,0.0,30.2,21.33,98.98,2.3,4.98
2011-04-11,0.0,27.16,31.14,99.09,3.06,8.27
2011-04-12,0.0,27.41,38.91,99.11,2.32,11.29
2011-04-13,0.01,30.12,30.75,99.03,1.49,10.42
2011-04-14,0.0,31.95,23.28,98.85,1.15,7.54
2011-04-15,0.08,32.63,27.5,98.66,2.02,10.41
2011-04-16,0.43,30.94,32.29,98.75,3.91,11.39
2011-04-17,0.25,27.99,34.26,98.95,3.27,9.03
2011-04-18,0.0,29.84,14.61,98.82,2.16,-1.34
2011-04-19,0.0,28.66,14.13,98.77,2.18,-2.45
2011-04-20,0.0,30.1,16.59,98.78,2.11,0.34
2011-04-21,0.0,32.08,9.59,98.83,1.33,-4.77
2011-04-22,0.0,32.32,8.51,98.77,1.3,-5.49
2011-04-23,0.0,32.7,9.45,98.61,2.27,-4.2
2011-04-24,0.0,32.65,11.85,98.51,2.5,-2.03
2011-04-25,0.0,32.98,14.91,98.54,2.84,0.69
2011-04-26,0.0,33.56,18.07,98.6,2.93,3.72
2011-04-27,0.0,33.89,17.72,98.54,3.16,4.84
2011-04-28,0.0,33.05,27.97,98.39,5.0,11.01
2011-04-29,0.0,31.75,36.96,98.39,5.06,12.85
2011-04-30,0.0,30.93,41.24,98.57,3.84,14.75
2011-05-01,0.0,32.94,30.69,98.6,2.45,11.59
2011-05-02,0.0,34.06,28.68,98.34,3.13,11.92
2011-05-03,0.0,33.88,36.4,98.21,5.53,15.36
2011-05-04,0.0,33.13,38.47,98.3,5.23,15.41
2011-05-05,0.0,33.76,30.55,98.3,4.33,10.81
2011-05-06,0.01,33.4,28.75,98.45,1.98,11.28
2011-05-07,0.5,34.77,19.7,98.46,1.46,7.36
2011-05-08,0.0,35.12,20.29,98.16,3.86,7.57
2011-05-09,0.0,35.29,26.09,98.14,5.71,10.89
2011-05-10,0.0,34.25,32.94,98.15,4.36,13.27
2011-05-11,0.0,34.53,33.31,98.13,5.39,12.6
2011-05-12,0.04,34.76,34.16,98.18,4.01,14.49
2011-05-13,0.0,35.22,34.15,98.28,3.95,14.87
2011-05-14,0.0,36.02,29.1,98.35,2.79,13.88
2011-05-15,0.03,36.64,27.25,98.46,3.5,13.38
2011-05-16,0.0,37.55,22.22,98.59,2.17,10.14
2011-05-17,0.06,38.02,19.02,98.61,2.43,9.92
2011-05-18,0.0,37.27,23.67,98.39,4.26,12.03
2011-05-19,0.0,36.75,29.97,98.01,5.34,14.86
2011-05-20,0.0,35.9,37.13,97.65,4.65,17.76
2011-05-21,0.0,35.85,36.88,97.62,5.7,17.34
2011-05-22,0.0,35.25,42.34,97.89,5.69,19.01
2011-05-23,0.0,34.97,42.02,98.3,3.98,19.02
2011-05-24,0.0,35.46,38.4,98.27,6.0,17.75
2011-05-25,0.0,34.77,42.46,98.16,4.91,19.36
2011-05-26,0.0,35.09,40.62,98.26,5.23,18.55
2011-05-27,0.06,35.49,37.98,98.36,3.82,17.6
2011-05-28,0.01,36.06,32.71,98.28,3.54,16.12
2011-05-29,0.05,36.32,30.45,98.28,4.91,14.44
2011-05-30,0.0,35.83,35.99,98.1,5.03,16.76
2011-05-31,0.0,36.24,38.16,97.74,6.31,17.95
2011-06-01,0.0,34.72,42.94,97.63,6.44,18.78
2011-06-02,0.49,35.18,40.95,98.13,2.98,18.77
2011-06-03,0.0,37.04,28.75,98.3,1.87,15.16
2011-06-04,0.0,37.46,22.68,98.15,2.12,11.78
2011-06-05,0.0,38.83,16.88,97.99,2.16,8.3
2011-06-06,0.0,39.87,13.9,97.97,2.14,6.36
2011-06-07,0.0,39.53,15.78,97.8,3.17,7.25
2011-06-08,0.0,39.12,16.15,97.58,5.52,6.95
2011-06-09,0.0,36.92,30.02,97.53,6.17,14.49
2011-06-10,0.0,36.25,37.65,97.59,6.77,17.87
2011-06-11,0.0,36.02,40.1,97.63,6.07,18.32
2011-06-12,0.01,36.36,39.1,97.84,4.71,19.35
2011-06-13,0.0,36.56,41.85,98.02,4.32,21.25
2011-06-14,0.0,37.61,38.36,97.92,5.1,20.01
2011-06-15,0.0,36.42,39.05,97.69,6.76,19.11
2011-06-16,0.0,36.03,43.3,97.57,6.2,20.66
2011-06-17,0.0,36.15,41.23,97.43,5.26,19.93
2011-06-18,0.0,36.29,40.59,97.5,4.76,19.44
2011-06-19,0.0,37.15,41.11,97.51,4.82,20.88
2011-06-20,0.0,37.38,37.01,97.61,5.24,19.4
2011-06-21,0.06,36.96,39.42,97.76,4.52,19.86
2011-06-22,0.0,37.48,36.79,97.55,3.66,19.33
2011-06-23,0.0,37.49,37.49,97.51,5.26,19.59
2011-06-24,0.0,37.29,38.04,97.53,6.55,19.72
2011-06-25,0.0,36.65,41.32,97.4,6.35,20.11
2011-06-26,0.0,36.36,40.87,97.44,5.07,20.06
2011-06-27,0.0,35.76,42.33,97.5,3.97,20.1
2011-06-28,0.0,37.03,40.15,97.41,5.24,20.66
2011-06-29,0.0,35.04,43.99,97.52,5.29,19.97
2011-06-30,0.0,35.33,45.18,97.65,5.94,20.96
2011-07-01,0.0,34.37,46.03,97.72,6.08,20.49
2011-07-02,0.0,34.77,43.51,97.81,5.66,19.81
2011-07-03,0.0,34.94,42.49,97.83,5.7,19.73
2011-07-04,0.0,34.76,40.74,98.15,3.59,18.75
2011-07-05,0.09,36.27,34.35,98.15,2.56,17.6
2011-07-06,0.07,37.54,31.29,98.05,1.71,17.19
2011-07-07,0.0,37.94,30.73,97.88,2.37,16.99
2011-07-08,9.87,37.36,36.24,97.93,3.23,19.27
2011-07-09,2.22,32.37,58.05,98.05,4.0,22.92
2011-07-10,12.8,31.02,64.92,98.01,3.89,23.56
2011-07-11,0.36,31.63,59.05,97.99,3.69,22.23
2011-07-12,0.0,33.56,47.85,97.82,4.05,20.12
2011-07-13,0.0,34.74,43.34,97.74,3.62,19.51
2011-07-14,0.04,35.94,43.64,97.58,3.94,20.72
2011-07-15,15.86,34.11,54.42,97.6,3.75,23.19
2011-07-16,3.29,33.0,60.58,97.69,2.14,23.95
2011-07-17,0.09,34.63,51.76,97.63,1.66,22.85
2011-07-18,0.06,36.45,42.28,97.59,1.65,20.89
2011-07-19,0.0,35.67,42.62,97.56,2.85,20.28
2011-07-20,0.0,34.93,42.69,97.4,5.48,19.35
2011-07-21,0.0,33.93,45.95,97.52,5.97,19.72
2011-07-22,0.0,33.8,44.31,97.64,4.94,19.11
2011-07-23,0.01,33.98,46.05,97.69,4.57,20.05
2011-07-24,0.03,35.72,40.87,97.82,2.3,19.69
2011-07-25,1.62,36.05,40.8,98.04,2.88,20.5
2011-07-26,0.48,35.37,47.74,98.18,2.85,22.39
2011-07-27,0.24,35.04,50.94,98.06,3.27,23.25
2011-07-28,0.83,35.57,46.45,97.89,4.28,21.88
2011-07-29,0.0,34.67,47.87,97.93,4.25,21.44
2011-07-30,0.0,35.21,45.98,97.85,3.96,21.43
2011-07-31,0.15,35.82,43.12,97.72,4.55,20.68
2011-08-01,0.01,34.99,45.5,97.78,4.8,20.99
2011-08-02,0.0,36.19,40.95,97.72,3.98,20.36
2011-08-03,0.0,36.5,41.69,97.74,4.61,20.68
2011-08-04,0.0,36.56,40.18,97.73,4.49,20.13
2011-08-05,0.0,36.18,41.34,97.68,5.04,20.44
2011-08-06,0.0,35.79,39.54,97.63,4.46,19.23
2011-08-07,0.05,36.0,40.12,97.57,4.22,19.61
2011-08-08,1.43,36.22,42.81,97.61,3.61,21.0
2011-08-09,3.59,35.07,46.81,97.69,3.11,21.7
2011-08-10,9.61,32.64,61.25,97.69,2.21,24.05
2011-08-11,1.62,33.52,57.28,97.57,1.66,23.57
2011-08-12,10.05,32.07,61.69,97.56,1.95,23.62
2011-08-13,15.22,28.93,76.72,97.77,3.88,24.36
2011-08-14,23.87,28.65,81.82,98.02,3.37,25.12
2011-08-15,8.68,29.62,74.48,98.04,1.9,24.32
2011-08-16,0.21,31.44,64.25,97.93,3.9,23.23
2011-08-17,0.0,31.01,62.28,98.01,3.77,22.37
2011-08-18,0.0,32.15,58.29,98.1,3.15,22.36
2011-08-19,0.0,32.27,57.13,98.17,3.28,22.1
2011-08-20,3.61,32.71,54.17,98.32,1.36,21.68
2011-08-21,0.07,33.3,53.28,98.28,2.39,22.07
2011-08-22,0.09,33.52,54.05,98.29,1.43,22.53
2011-08-23,0.0,33.95,53.01,98.19,3.31,22.53
2011-08-24,0.02,31.83,58.68,98.08,4.77,22.39
2011-08-25,0.03,31.47,59.79,98.26,3.08,22.18
2011-08-26,0.04,32.3,56.99,98.28,2.52,22.26
2011-08-27,1.97,32.76,56.35,98.16,1.83,22.54
2011-08-28,0.45,32.69,59.44,98.12,1.91,23.34
2011-08-29,1.29,33.44,57.12,98.15,1.79,23.3
2011-08-30,22.11,30.81,71.35,98.18,3.24,24.84
2011-08-31,19.72,29.32,80.37,98.19,2.52,25.44
2011-09-01,30.35,28.18,86.13,98.12,2.04,25.59
2011-09-02,15.62,28.25,82.37,98.09,2.66,24.83
2011-09-03,1.8,29.49,72.16,98.03,3.46,23.65
2011-09-04,3.68,30.95,64.58,97.97,4.65,23.18
2011-09-05,7.9,28.9,75.75,98.03,4.02,24.04
2011-09-06,5.02,28.62,76.84,97.91,2.69,23.86
2011-09-07,4.72,28.69,81.25,97.73,3.13,25.05
2011-09-08,1.94,28.15,83.93,97.65,3.65,25.15
2011-09-09,3.24,28.21,83.94,97.88,3.15,25.16
2011-09-10,1.16,29.93,73.46,98.34,2.25,24.27
2011-09-11,0.17,31.35,64.03,98.18,1.48,23.23
2011-09-12,2.47,31.73,63.37,98.06,2.21,23.37
2011-09-13,3.29,29.96,71.76,98.08,2.04,24.16
2011-09-14,0.02,29.94,72.28,98.22,2.38,24.11
2011-09-15,0.0,30.12,68.14,98.12,3.46,23.15
2011-09-16,0.03,29.54,67.05,98.13,4.37,22.2
2011-09-17,0.6,29.59,71.29,98.16,1.62,23.42
2011-09-18,0.0,29.79,67.7,98.28,3.74,22.56
2011-09-19,0.0,28.56,66.25,98.56,3.73,20.82
2011-09-20,0.0,28.82,64.31,98.72,2.5,20.39
2011-09-21,0.0,28.71,64.67,98.55,3.24,20.47
2011-09-22,0.0,28.51,65.0,98.56,3.16,20.45
2011-09-23,0.0,28.84,62.6,98.61,2.76,20.09
2011-09-24,0.0,28.82,61.36,98.6,3.73,19.85
2011-09-25,0.0,28.36,66.41,98.7,4.53,20.77
2011-09-26,0.0,28.42,66.11,98.79,4.38,20.58
2011-09-27,0.0,28.15,66.15,98.73,4.76,20.25
2011-09-28,0.0,28.11,66.14,98.68,4.33,20.15
2011-09-29,0.0,27.77,66.83,98.76,3.81,20.14
2011-09-30,0.0,27.92,63.01,98.85,3.69,19.14
2011-10-01,0.0,27.87,62.62,98.79,4.09,18.84
2011-10-02,0.0,27.5,64.07,98.69,4.34,19.05
2011-10-03,0.0,27.48,66.52,98.66,4.54,19.76
2011-10-04,0.0,26.94,65.61,98.7,4.01,18.93
2011-10-05,0.0,27.13,63.92,99.0,3.31,18.69
2011-10-06,0.0,27.35,58.24,99.19,2.96,16.93
2011-10-07,0.01,26.99,56.08,99.12,2.69,16.25
2011-10-08,0.01,28.07,55.34,99.13,2.78,17.03
2011-10-09,0.0,28.87,50.48,99.19,1.91,16.51
2011-10-10,0.0,29.13,46.68,99.25,1.33,15.33
2011-10-11,0.0,29.21,42.75,99.31,1.12,14.03
2011-10-12,0.0,29.2,39.4,99.22,2.02,12.58
2011-10-13,0.0,28.32,36.97,99.01,2.38,10.2
2011-10-14,0.0,27.78,32.16,98.98,1.9,8.57
2011-10-15,0.0,28.34,33.77,98.91,1.42,9.38
2011-10-16,0.0,28.93,31.2,98.86,1.07,8.91
2011-10-17,0.0,29.26,27.77,98.94,0.81,7.61
2011-10-18,0.0,29.48,29.12,99.06,0.91,9.01
2011-10-19,0.0,29.33,31.33,98.85,1.43,9.71
2011-10-20,0.0,28.41,35.25,98.75,1.79,10.71
2011-10-21,0.01,27.4,44.57,98.91,1.79,13.01
2011-10-22,0.0,27.18,42.16,99.0,2.36,12.03
2011-10-23,0.0,27.14,35.25,99.17,1.81,8.5
2011-10-24,0.0,25.86,37.26,99.31,1.2,9.46
2011-10-25,0.0,24.99,39.88,99.28,1.6,9.31
2011-10-26,0.0,24.71,35.14,99.42,1.87,7.06
2011-10-27,0.0,25.22,27.41,99.4,1.23,3.71
2011-10-28,0.0,26.33,23.05,99.27,1.38,2.94
2011-10-29,0.0,26.7,24.0,99.23,0.96,3.62
2011-10-30,0.0,26.83,22.34,99.08,0.86,3.04
2011-10-31,0.0,26.62,26.68,99.08,1.11,5.43
2011-11-01,0.0,25.87,35.68,99.15,1.69,8.59
2011-11-02,0.0,26.42,43.45,99.07,2.12,12.36
2011-11-03,0.0,26.55,58.31,99.04,1.94,17.35
2011-11-04,0.0,27.38,52.06,99.14,1.52,15.99
2011-11-05,0.0,27.56,40.18,99.3,0.84,11.82
2011-11-06,0.0,27.35,34.34,99.24,0.79,9.43
2011-11-07,0.0,27.56,32.83,99.17,1.43,9.16
2011-11-08,0.0,27.84,35.9,99.21,1.59,10.83
2011-11-09,0.0,27.17,40.59,99.27,1.07,12.16
2011-11-10,0.0,27.54,40.51,99.28,2.01,12.49
2011-11-11,0.0,26.97,42.83,99.32,1.79,12.6
2011-11-12,0.0,27.29,35.12,99.25,0.79,9.79
2011-11-13,0.0,27.25,31.62,99.28,1.4,7.96
2011-11-14,0.0,26.52,36.16,99.34,1.84,9.82
2011-11-15,0.0,26.44,37.19,99.47,1.12,10.06
2011-11-16,0.0,25.73,35.38,99.44,1.4,8.44
2011-11-17,0.0,25.82,31.18,99.35,1.71,6.81
2011-11-18,0.0,25.38,38.86,99.3,1.8,9.14
2011-11-19,0.0,26.06,33.38,99.33,1.36,7.54
2011-11-20,0.0,25.43,28.39,99.57,1.45,4.78
2011-11-21,0.0,24.72,25.87,99.7,1.54,3.0
2011-11-22,0.0,24.86,25.14,99.58,1.22,2.61
2011-11-23,0.0,23.51,27.01,99.5,1.53,2.69
2011-11-24,0.0,21.86,33.68,99.52,1.81,4.33
2011-11-25,0.0,21.43,44.31,99.47,1.66,7.83
2011-11-26,0.0,21.21,41.11,99.31,1.36,6.55
2011-11-27,0.0,20.96,39.4,99.32,1.43,5.92
2011-11-28,0.0,20.89,37.97,99.36,2.15,5.19
2011-11-29,0.0,21.08,34.61,99.41,2.0,4.12
2011-11-30,0.0,23.78,29.54,99.32,0.75,4.63
2011-12-01,0.0,24.24,30.06,99.28,0.9,5.23
2011-12-02,0.0,23.6,29.61,99.32,1.93,4.56
2011-12-03,0.0,24.6,32.19,99.09,1.37,6.65
2011-12-04,0.0,24.86,37.72,99.0,1.28,8.71
2011-12-05,0.0,23.62,28.87,99.07,1.45,3.92
2011-12-06,0.0,20.52,23.18,99.2,1.68,-1.92
2011-12-07,0.0,18.44,37.75,99.4,2.19,3.22
2011-12-08,0.0,17.55,40.5,99.4,1.97,3.51
2011-12-09,0.0,18.43,23.41,99.53,1.37,-4.63
2011-12-10,0.0,17.56,13.45,99.63,1.37,-11.4
2011-12-11,0.0,17.93,11.07,99.5,1.56,-12.54
2011-12-12,0.0,18.18,17.31,99.55,1.98,-7.27
2011-12-13,0.0,17.49,22.32,99.67,1.8,-4.95
2011-12-14,0.0,15.57,23.42,99.7,1.6,-6.15
2011-12-15,0.0,16.72,18.85,99.69,1.41,-7.71
2011-12-16,0.0,15.92,20.05,99.68,1.74,-7.84
2011-12-17,0.0,15.75,20.53,99.6,1.72,-7.66
2011-12-18,0.0,16.16,19.82,99.58,1.56,-7.4
2011-12-19,0.0,16.27,22.96,99.53,1.62,-5.76
2011-12-20,0.0,15.09,25.26,99.5,1.94,-5.26
2011-12-21,0.0,13.58,27.29,99.76,3.07,-5.44
2011-12-22,0.0,12.11,29.13,99.81,3.17,-6.13
2011-12-23,0.0,10.91,22.76,99.69,2.79,-10.0
2011-12-24,0.0,11.51,20.09,99.53,2.27,-10.78
2011-12-25,0.0,12.79,19.72,99.49,2.46,-9.74
2011-12-26,0.0,13.91,18.53,99.45,1.76,-9.59
2011-12-27,0.0,13.69,21.06,99.5,2.35,-8.39
2011-12-28,0.0,13.55,26.63,99.68,2.6,-5.35
2011-12-29,0.0,13.1,27.61,99.82,2.58,-5.69
2011-12-30,0.0,11.72,27.42,99.82,2.02,-6.78
2011-12-31,0.01,13.32,25.8,99.74,1.8,-6.41
2012-01-01,0.0,12.82,24.52,99.73,2.28,-7.46
2012-01-02,0.0,15.37,18.25,99.64,0.81,-9.08
2012-01-03,0.0,15.37,17.48,99.49,1.37,-9.63
2012-01-04,0.0,16.39,31.0,99.25,2.15,-1.86
2012-01-05,0.0,14.34,33.44,99.46,2.46,-1.99
2012-01-06,0.0,13.83,32.19,99.51,2.05,-3.63
2012-01-07,0.0,10.51,16.69,99.71,2.14,-13.79
2012-01-08,0.0,11.25,30.6,100.05,3.22,-5.87
2012-01-09,0.0,12.29,31.86,99.93,1.27,-4.71
2012-01-10,0.0,12.09,29.97,100.01,2.25,-5.77
2012-01-11,0.0,14.11,26.5,100.01,1.38,-5.66
2012-01-12,0.0,15.94,25.31,99.9,1.12,-4.35
2012-01-13,0.0,17.4,32.76,99.78,1.67,0.58
2012-01-14,0.0,18.79,43.39,99.45,1.6,5.65
2012-01-15,0.0,19.8,63.74,99.02,2.81,12.14
2012-01-16,0.03,16.52,38.38,99.02,2.3,-1.21
2012-01-17,0.0,14.88,29.41,99.13,1.52,-4.11
2012-01-18,0.0,14.56,26.05,99.04,1.5,-5.58
2012-01-19,0.0,13.75,25.26,99.16,1.43,-6.51
2012-01-20,0.0,13.2,26.8,99.53,2.11,-6.28
2012-01-21,0.0,13.47,26.12,99.53,2.5,-6.41
2012-01-22,0.0,14.27,31.73,99.49,2.3,-2.46
2012-01-23,0.0,13.41,30.44,99.65,2.81,-4.39
2012-01-24,0.0,12.83,41.24,99.63,2.92,-0.71
2012-01-25,0.0,14.65,47.33,99.58,1.71,2.92
2012-01-26,0.0,15.41,33.54,99.71,1.74,-1.55
2012-01-27,0.0,15.54,28.49,99.56,1.28,-3.32
2012-01-28,0.0,15.88,25.28,99.48,1.49,-4.68
2012-01-29,0.0,14.95,23.12,99.71,2.1,-6.83
2012-01-30,0.0,15.16,22.21,99.78,1.53,-7.17
2012-01-31,0.0,16.77,21.94,99.94,1.47,-5.35
2012-02-01,0.0,15.99,22.99,99.97,1.52,-5.95
2012-02-02,0.0,17.6,20.12,99.76,1.58,-6.48
2012-02-03,0.0,18.27,19.0,99.55,2.2,-6.34
2012-02-04,0.0,15.85,34.88,99.33,2.46,-0.15
2012-02-05,0.0,14.37,25.26,99.64,1.66,-6.84
2012-02-06,0.0,13.74,36.53,99.75,2.86,-1.97
2012-02-07,0.0,11.87,19.27,99.6,2.45,-11.65
2012-02-08,0.0,10.36,13.05,99.64,2.23,-17.01
2012-02-09,0.0,14.05,8.35,99.77,1.49,-18.02
2012-02-10,0.0,16.14,8.85,99.61,1.43,-16.14
2012-02-11,0.0,18.31,10.77,99.3,1.81,-12.4
2012-02-12,0.0,17.43,17.18,99.1,2.39,-7.89
2012-02-13,0.0,14.57,35.57,99.34,2.94,-3.4
2012-02-14,0.0,15.13,13.46,99.59,1.73,-13.03
2012-02-15,0.0,14.01,23.18,99.57,2.31,-7.68
2012-02-16,0.0,14.67,13.72,99.5,1.58,-12.76
2012-02-17,0.0,15.87,12.96,99.63,3.14,-12.58
2012-02-18,0.0,15.67,16.03,99.77,3.26,-10.17
2012-02-19,0.0,17.98,19.85,99.57,1.46,-5.8
2012-02-20,0.0,21.29,20.88,99.15,1.27,-2.64
2012-02-21,0.0,22.1,34.44,98.83,1.7,5.25
2012-02-22,0.0,18.13,19.17,99.05,2.82,-6.73
2012-02-23,0.0,14.68,12.04,99.29,2.07,-13.99
2012-02-24,0.0,15.43,12.36,99.36,1.97,-13.47
2012-02-25,0.0,15.65,12.38,99.36,2.73,-13.3
2012-02-26,0.0,17.18,10.73,99.31,2.07,-13.83
2012-02-27,0.0,19.99,10.76,99.09,1.61,-11.54
2012-02-28,0.0,21.46,16.32,98.82,2.53,-5.33
2012-02-29,0.0,22.3,16.87,98.59,2.28,-4.57
2012-03-01,0.0,21.27,30.74,98.67,1.73,0.14
2012-03-02,0.0,22.96,18.88,98.73,1.6,-2.77
2012-03-03,0.0,24.07,31.36,98.62,2.24,5.44
2012-03-04,0.0,26.01,43.39,98.55,5.79,9.98
2012-03-05,0.0,23.31,36.73,98.64,4.1,0.69
2012-03-06,0.0,21.76,9.72,98.77,1.32,-12.57
2012-03-07,0.0,19.39,7.8,98.76,3.81,-15.82
2012-03-08,0.0,18.34,9.39,98.88,4.47,-14.82
2012-03-09,0.0,18.75,9.64,99.08,1.63,-14.19
2012-03-10,0.0,20.63,9.04,98.99,2.31,-12.88
2012-03-11,0.0,20.44,11.09,98.98,1.98,-10.82
2012-03-12,0.0,22.1,17.8,99.13,2.09,-3.64
2012-03-13,0.0,20.73,21.47,99.62,1.94,-3.79
2012-03-14,0.0,23.24,13.36,99.53,1.91,-7.49
2012-03-15,0.0,23.75,14.06,99.32,1.64,-6.0
2012-03-16,0.0,26.56,14.52,99.07,2.1,-3.05
2012-03-17,0.0,26.38,31.72,98.95,1.27,5.78
2012-03-18,0.0,28.84,16.5,98.94,1.07,-0.17
2012-03-19,0.0,27.21,27.2,98.85,4.49,2.98
2012-03-20,0.0,21.51,5.43,99.16,4.42,-17.72
2012-03-21,0.0,21.31,7.08,99.27,1.77,-15.53
2012-03-22,0.0,24.15,6.32,99.32,1.34,-14.51
2012-03-23,0.0,25.2,7.27,99.32,1.76,-12.07
2012-03-24,1.2,27.39,10.3,99.31,1.45,-6.76
2012-03-25,0.0,28.67,12.82,99.05,1.88,-3.3
2012-03-26,0.0,27.98,20.73,99.06,3.52,2.38
2012-03-27,0.0,26.85,23.63,99.16,2.24,3.7
2012-03-28,0.0,26.02,23.61,99.47,3.69,2.93
2012-03-29,0.0,28.21,21.29,99.38,1.66,3.15
2012-03-30,0.0,30.84,19.28,98.87,2.7,3.86
2012-03-31,0.0,33.32,16.38,98.79,1.59,3.31
2012-04-01,0.0,32.86,15.56,98.85,1.71,2.55
2012-04-02,0.0,29.09,23.93,99.01,2.57,5.71
2012-04-03,0.0,30.27,27.14,99.15,2.6,7.8
2012-04-04,0.0,32.4,22.18,99.0,1.06,7.12
2012-04-05,0.03,33.61,16.97,98.7,0.97,4.33
2012-04-06,0.0,32.55,12.68,98.57,3.13,-0.41
2012-04-07,0.0,31.79,13.27,98.62,1.79,-0.28
2012-04-08,0.0,33.0,15.29,98.56,2.28,2.66
2012-04-09,0.0,33.1,21.01,98.54,2.43,6.47
2012-04-10,0.0,32.28,23.34,98.56,2.67,8.16
2012-04-11,0.0,32.69,16.24,98.41,2.14,0.78
2012-04-12,0.0,31.46,10.94,98.38,1.6,-3.34
2012-04-13,1.49,31.01,16.99,98.39,1.27,2.81
2012-04-14,13.17,28.09,42.91,98.8,3.71,13.61
2012-04-15,0.0,27.39,47.48,99.04,1.4,14.04
2012-04-16,0.0,31.05,32.8,98.68,1.88,11.83
2012-04-17,0.19,29.62,39.58,98.5,2.76,13.6
2012-04-18,0.19,29.46,38.92,98.51,2.5,13.12
2012-04-19,0.41,28.52,42.09,98.75,4.11,13.52
2012-04-20,0.13,27.63,34.82,98.98,4.11,9.61
2012-04-21,0.0,28.43,35.75,98.99,3.31,10.92
2012-04-22,0.0,29.23,32.25,98.64,2.12,10.17
2012-04-23,2.42,30.01,33.72,98.49,2.2,11.57
2012-04-24,0.44,30.46,34.73,98.63,1.91,12.0
2012-04-25,0.7,31.51,26.48,98.66,1.42,9.5
2012-04-26,3.08,30.66,30.03,98.79,1.31,10.59
2012-04-27,0.0,31.07,28.52,98.76,1.84,9.86
2012-04-28,0.0,31.92,19.75,98.48,3.42,3.9
2012-04-29,0.0,30.42,14.87,98.33,3.55,-0.45
2012-04-30,0.0,29.87,14.36,98.28,3.48,-0.64
2012-05-01,0.0,29.72,11.14,98.44,2.16,-4.51
2012-05-02,0.0,32.24,10.29,98.59,1.32,-3.5
2012-05-03,0.0,32.89,13.02,98.37,2.79,0.09
2012-05-04,0.0,34.52,11.75,98.19,1.77,-0.06
2012-05-05,0.0,35.11,13.72,98.26,2.29,2.5
2012-05-06,0.0,34.02,30.3,98.5,3.61,12.37
2012-05-07,0.0,33.75,33.68,98.51,4.0,13.79
2012-05-08,0.0,33.93,35.05,98.56,3.81,15.16
2012-05-09,0.02,34.2,36.91,98.62,4.59,15.77
2012-05-10,0.0,33.68,38.08,98.7,4.11,15.98
2012-05-11,0.25,33.04,43.03,98.48,4.05,17.59
2012-05-12,0.01,33.25,38.14,98.27,3.41,15.71
2012-05-13,0.11,33.41,36.72,98.35,3.54,15.28
2012-05-14,0.04,33.5,32.48,98.45,3.8,13.15
2012-05-15,0.0,34.79,30.56,98.38,5.02,12.77
2012-05-16,0.13,34.68,36.21,98.16,5.96,15.55
2012-05-17,0.77,34.38,37.47,98.23,4.05,16.66
2012-05-18,0.04,34.46,34.11,98.48,3.39,15.4
2012-05-19,0.01,35.11,30.27,98.51,4.09,13.3
2012-05-20,0.04,35.65,29.86,98.37,3.91,13.53
2012-05-21,0.0,34.75,27.53,98.26,3.35,10.36
2012-05-22,0.0,35.24,22.97,98.26,2.45,9.22
2012-05-23,0.0,35.63,22.84,98.3,2.36,9.01
2012-05-24,0.0,35.96,28.98,98.13,4.61,13.27
2012-05-25,0.0,35.22,34.39,98.0,5.85,13.79
2012-05-26,0.0,34.34,36.22,98.24,3.62,15.04
2012-05-27,0.0,35.64,25.92,98.24,2.4,11.84
2012-05-28,0.0,35.78,23.26,98.15,3.89,10.04
2012-05-29,0.0,35.98,31.01,98.23,5.59,13.93
2012-05-30,0.0,36.8,29.13,98.08,6.39,14.29
2012-05-31,0.0,36.34,32.59,97.78,6.03,15.98
2012-06-01,0.0,36.95,35.98,97.76,5.22,18.23
2012-06-02,0.0,35.46,35.57,97.82,5.13,15.91
2012-06-03,0.0,35.18,37.32,97.7,6.38,16.71
2012-06-04,0.0,35.16,41.15,97.71,6.42,18.46
2012-06-05,0.06,35.0,41.32,97.69,6.67,18.37
2012-06-06,5.93,33.62,41.85,97.77,3.55,18.15
2012-06-07,0.09,33.19,42.95,97.99,2.53,18.39
2012-06-08,0.0,34.99,36.62,98.15,3.13,17.27
2012-06-09,0.0,35.22,34.1,98.07,5.53,15.71
2012-06-10,0.0,33.77,40.85,97.88,5.44,17.71
2012-06-11,0.0,34.29,37.37,97.82,3.89,16.66
2012-06-12,0.08,35.87,35.25,97.96,3.4,17.05
2012-06-13,0.0,37.24,27.25,98.03,2.01,14.52
2012-06-14,0.0,37.59,29.89,98.06,3.72,16.15
2012-06-15,0.02,37.93,30.2,97.92,4.89,16.69
2012-06-16,0.0,37.17,32.26,97.68,4.67,17.09
2012-06-17,0.0,36.12,37.77,97.51,5.05,17.98
2012-06-18,0.0,36.13,35.88,97.6,4.41,16.94
2012-06-19,0.0,35.99,36.07,97.7,4.58,16.89
2012-06-20,0.0,35.89,39.25,97.63,6.48,18.32
2012-06-21,0.0,35.66,42.13,97.66,6.48,19.43
2012-06-22,0.0,35.66,42.29,97.75,6.61,19.43
2012-06-23,0.0,35.78,42.23,97.69,6.22,20.02
2012-06-24,0.0,36.07,39.44,97.51,6.93,19.05
2012-06-25,0.0,34.98,41.5,97.66,6.8,18.64
2012-06-26,0.0,34.87,42.44,97.71,6.62,19.07
2012-06-27,0.0,34.8,43.25,97.75,6.74,19.24
2012-06-28,0.0,34.69,43.97,97.91,5.76,19.62
2012-06-29,0.0,35.31,41.19,97.94,4.69,19.12
2012-06-30,0.0,36.35,34.67,97.8,5.69,17.2
2012-07-01,0.0,36.29,33.35,97.68,6.07,16.26
2012-07-02,0.0,36.98,34.61,97.68,5.37,17.31
2012-07-03,0.0,37.75,29.52,97.48,5.27,15.61
2012-07-04,0.0,37.84,33.81,97.26,6.39,17.92
2012-07-05,0.0,36.23,41.13,97.52,7.96,20.38
2012-07-06,0.0,35.72,44.02,97.52,6.95,20.86
2012-07-07,0.0,35.83,45.85,97.39,7.22,21.58
2012-07-08,0.0,36.39,41.4,97.58,4.57,20.13
2012-07-09,0.03,37.35,37.31,97.73,3.07,19.86
2012-07-10,1.08,38.42,35.55,97.72,3.51,19.79
2012-07-11,1.88,35.06,50.59,97.8,4.25,22.75
2012-07-12,0.25,35.38,47.41,97.85,5.06,22.17
2012-07-13,0.0,35.88,45.2,97.74,6.95,21.4
2012-07-14,2.2,34.16,50.26,97.71,5.59,21.76
2012-07-15,1.77,34.05,48.07,97.78,5.7,20.97
2012-07-16,0.14,34.31,47.57,98.05,4.19,21.04
2012-07-17,0.0,35.91,42.74,98.1,3.95,20.85
2012-07-18,0.0,35.63,43.1,97.81,6.47,20.31
2012-07-19,0.0,34.88,46.95,97.53,6.7,20.99
2012-07-20,1.42,36.05,43.64,97.59,4.3,21.01
2012-07-21,0.34,35.91,42.38,97.93,2.67,20.88
2012-07-22,0.26,37.73,34.83,97.84,1.17,18.96
2012-07-23,0.0,37.05,34.52,97.52,4.29,18.06
2012-07-24,0.0,35.49,41.82,97.41,5.78,19.64
2012-07-25,0.0,35.54,42.19,97.57,5.13,19.72
2012-07-26,0.0,35.91,40.47,97.68,4.38,19.59
2012-07-27,0.0,35.89,38.53,97.67,3.16,19.01
2012-07-28,0.03,35.64,35.91,97.71,3.29,17.76
2012-07-29,0.0,34.82,38.31,97.76,5.8,17.48
2012-07-30,0.0,32.87,46.71,97.82,5.43,19.43
2012-07-31,0.0,33.66,45.91,97.72,5.59,19.51
2012-08-01,0.0,34.63,43.3,97.8,5.89,19.3
2012-08-02,0.0,32.92,46.03,97.83,6.69,19.11
2012-08-03,0.0,33.82,42.98,97.46,6.64,18.14
2012-08-04,0.0,33.89,47.5,97.48,5.48,20.29
2012-08-05,0.0,34.04,45.49,97.88,3.25,19.94
2012-08-06,0.11,35.09,39.2,98.01,1.51,18.9
2012-08-07,1.74,36.12,36.46,98.01,1.46,18.56
2012-08-08,7.93,34.15,48.45,98.04,3.62,21.38
2012-08-09,0.0,33.07,47.8,97.86,4.15,19.93
2012-08-10,0.52,34.03,43.95,97.82,3.46,19.29
2012-08-11,0.07,34.54,43.28,97.97,3.34,19.63
2012-08-12,3.46,33.69,49.75,98.03,2.22,21.21
2012-08-13,10.47,32.74,57.94,97.93,1.85,23.07
2012-08-14,41.17,30.85,66.26,97.97,2.82,23.73
2012-08-15,11.1,30.03,69.41,98.1,2.59,23.55
2012-08-16,0.97,29.88,65.97,98.21,2.22,22.47
2012-08-17,3.54,30.64,61.06,98.19,2.79,21.99
2012-08-18,0.0,32.32,52.38,98.08,3.71,20.87
2012-08-19,0.0,32.7,51.22,97.97,3.59,20.9
2012-08-20,0.0,31.54,58.47,98.02,2.98,21.97
2012-08-21,0.0,30.85,59.78,98.02,3.87,21.67
2012-08-22,0.17,32.07,55.93,98.02,4.39,21.68
2012-08-23,0.22,32.31,55.6,98.22,4.16,21.98
2012-08-24,0.0,31.03,57.52,98.25,3.87,21.46
2012-08-25,0.0,32.4,53.42,98.15,3.51,21.09
2012-08-26,0.09,32.21,55.5,98.21,2.62,21.69
2012-08-27,3.12,33.44,50.67,98.04,1.11,21.23
2012-08-28,6.64,32.68,56.34,98.13,1.52,22.5
2012-08-29,1.75,32.68,55.91,98.23,1.86,22.26
2012-08-30,1.11,32.31,58.95,98.23,2.74,22.84
2012-08-31,0.38,32.95,56.94,98.09,2.08,22.73
2012-09-01,2.03,33.34,53.75,98.05,1.91,21.87
2012-09-02,0.06,33.2,53.52,98.1,1.76,21.97
2012-09-03,14.02,32.85,60.0,98.0,2.19,23.64
2012-09-04,2.05,31.8,65.02,98.09,2.56,23.97
2012-09-05,0.32,30.21,65.04,98.26,2.81,22.62
2012-09-06,2.1,30.75,62.99,98.24,3.85,22.59
2012-09-07,7.55,31.12,59.68,98.19,4.78,22.12
2012-09-08,20.61,28.72,75.06,98.07,5.1,23.72
2012-09-09,26.84,26.96,88.52,98.08,5.05,24.89
2012-09-10,5.02,29.51,74.47,98.29,4.13,24.14
2012-09-11,6.23,30.19,71.54,98.25,2.77,24.18
2012-09-12,0.55,30.82,68.43,98.23,1.86,23.71
2012-09-13,0.11,30.87,66.67,98.23,3.11,23.33
2012-09-14,0.02,31.82,59.32,98.03,3.47,22.1
2012-09-15,0.0,30.78,57.57,97.94,4.08,20.69
2012-09-16,0.01,29.85,60.1,98.07,3.61,20.7
2012-09-17,0.01,29.81,58.59,98.27,2.97,20.19
2012-09-18,14.17,28.49,65.78,98.5,2.04,21.0
2012-09-19,2.71,28.76,63.43,98.66,1.47,20.5
2012-09-20,0.0,30.39,52.7,98.65,1.35,18.89
2012-09-21,0.0,30.24,48.07,98.6,3.06,16.5
2012-09-22,0.0,29.27,43.28,98.67,2.7,13.42
2012-09-23,0.0,28.17,49.4,98.61,3.13,15.1
2012-09-24,0.0,27.99,51.06,98.62,3.34,15.01
2012-09-25,0.0,27.62,55.46,98.69,3.09,17.06
2012-09-26,0.0,28.75,56.71,98.99,2.59,18.46
2012-09-27,0.0,28.9,51.83,99.15,2.23,17.09
2012-09-28,0.0,29.62,47.88,99.04,2.37,16.23
2012-09-29,0.0,29.78,43.56,98.98,2.38,14.81
2012-09-30,0.0,30.54,35.98,98.97,1.4,12.12
2012-10-01,0.0,30.88,33.16,98.91,1.52,11.34
2012-10-02,0.0,31.3,32.13,98.72,1.5,11.62
2012-10-03,0.0,30.7,37.65,98.51,1.62,12.84
2012-10-04,0.0,29.67,28.59,98.47,1.42,7.95
2012-10-05,0.0,27.94,38.01,98.69,2.68,10.5
2012-10-06,0.0,27.65,41.37,98.95,2.93,11.71
2012-10-07,0.0,27.97,35.02,99.09,1.62,9.06
2012-10-08,0.0,29.0,22.67,99.04,0.87,4.41
2012-10-09,0.0,29.24,20.35,98.89,0.87,3.62
2012-10-10,0.0,28.21,29.46,98.94,1.74,7.43
2012-10-11,0.0,27.73,31.75,98.98,2.24,8.29
2012-10-12,0.0,27.0,38.01,98.84,3.48,10.17
2012-10-13,0.0,27.77,51.59,98.89,2.41,15.75
2012-10-14,0.0,28.08,50.31,99.06,1.72,15.75
2012-10-15,0.0,28.12,49.29,99.18,2.45,15.57
2012-10-16,0.0,27.06,47.62,99.4,1.55,14.16
2012-10-17,0.0,25.83,43.76,99.44,1.86,11.84
2012-10-18,0.0,25.65,42.22,99.4,2.12,10.96
2012-10-19,0.0,26.22,37.09,99.34,1.8,9.54
2012-10-20,0.51,25.99,36.13,99.38,1.91,9.04
2012-10-21,0.02,25.49,38.92,99.48,2.11,9.68
2012-10-22,0.0,25.48,38.78,99.45,2.48,9.64
2012-10-23,0.0,24.65,34.54,99.38,1.96,6.85
2012-10-24,0.0,24.19,33.0,99.33,1.58,5.96
2012-10-25,0.0,24.12,27.78,99.16,1.77,3.08
2012-10-26,0.0,23.98,27.23,99.15,1.93,2.8
2012-10-27,0.0,23.97,28.35,99.31,1.75,3.44
2012-10-28,0.0,24.16,27.18,99.4,1.44,2.89
2012-10-29,0.0,24.63,25.11,99.36,1.54,2.63
2012-10-30,0.0,25.31,23.64,99.29,1.26,1.91
2012-10-31,0.0,25.49,21.94,99.33,0.93,1.16
2012-11-01,0.0,24.72,23.45,99.3,1.36,1.45
2012-11-02,0.0,24.47,24.88,99.19,1.55,2.12
2012-11-03,0.0,25.02,24.97,99.15,1.23,2.96
2012-11-04,0.0,25.81,23.64,99.14,1.13,2.69
2012-11-05,0.0,24.3,27.22,99.11,2.12,3.5
2012-11-06,0.0,24.35,26.84,99.25,1.33,3.39
2012-11-07,0.0,24.4,25.63,99.28,1.25,2.66
2012-11-08,0.0,24.91,24.43,99.06,1.9,2.65
2012-11-09,0.0,24.83,35.72,99.09,2.01,7.49
2012-11-10,0.0,25.03,29.09,99.25,1.32,4.42
2012-11-11,0.0,23.24,25.52,99.33,1.58,1.43
2012-11-12,0.0,24.02,26.03,99.32,1.29,2.49
2012-11-13,0.0,23.5,28.33,99.49,1.47,3.1
2012-11-14,0.0,23.38,22.87,99.41,1.06,-0.15
2012-11-15,0.0,23.41,20.49,99.4,1.28,-1.24
2012-11-16,0.0,23.16,24.16,99.51,1.58,0.46
2012-11-17,0.0,23.27,23.21,99.49,1.41,0.42
2012-11-18,0.0,21.31,29.56,99.45,1.81,2.16
2012-11-19,0.0,20.36,29.58,99.52,2.21,1.02
2012-11-20,0.0,19.49,26.18,99.58,1.97,-1.47
2012-11-21,0.0,19.96,24.57,99.47,1.29,-2.04
2012-11-22,0.0,19.79,23.67,99.35,1.58,-2.69
2012-11-23,0.0,21.23,21.63,99.31,1.51,-1.93
2012-11-24,0.0,20.86,27.39,99.35,1.37,0.9
2012-11-25,0.0,19.43,27.26,99.54,1.97,-0.6
2012-11-26,0.0,18.89,29.11,99.55,1.63,-0.47
2012-11-27,0.0,19.72,27.54,99.44,1.41,-0.5
2012-11-28,0.0,21.26,26.34,99.27,1.73,0.44
2012-11-29,0.0,20.5,36.91,99.24,2.67,4.85
2012-11-30,0.0,18.13,26.62,99.6,2.14,-3.27
2012-12-01,0.0,17.61,20.26,99.55,1.28,-5.72
2012-12-02,0.0,17.41,20.41,99.58,1.86,-5.97
2012-12-03,0.0,17.03,22.91,99.67,2.33,-4.89
2012-12-04,0.0,17.16,21.11,99.64,2.13,-5.75
2012-12-05,0.0,19.22,22.46,99.6,1.55,-2.88
2012-12-06,0.0,20.38,24.51,99.62,1.25,-1.16
2012-12-07,0.0,20.23,22.65,99.48,0.89,-2.49
2012-12-08,0.0,21.42,22.36,99.36,1.2,-1.28
2012-12-09,0.0,21.57,28.79,99.2,0.95,2.1
2012-12-10,0.0,19.73,30.23,99.08,1.33,1.1
2012-12-11,0.0,20.07,24.69,99.22,1.34,-1.41
2012-12-12,0.0,19.26,24.55,99.22,1.88,-2.36
2012-12-13,0.1,16.79,46.41,99.08,3.2,4.89
2012-12-14,0.0,15.49,56.27,99.53,3.21,6.13
2012-12-15,0.0,15.82,51.34,99.89,3.96,5.42
2012-12-16,0.0,15.35,47.86,100.09,2.98,3.44
2012-12-17,0.0,16.07,39.23,100.03,2.6,1.47
2012-12-18,0.0,17.0,46.63,100.0,1.85,5.12
2012-12-19,0.0,16.47,45.32,99.9,1.99,3.35
2012-12-20,0.0,17.97,28.37,99.55,0.93,-1.4
2012-12-21,0.0,16.79,23.41,99.54,1.54,-5.23
2012-12-22,0.0,16.24,24.2,99.62,1.82,-5.25
2012-12-23,0.0,16.08,23.92,99.53,1.62,-5.74
2012-12-24,0.0,15.84,21.8,99.57,2.39,-6.68
2012-12-25,0.0,15.85,26.69,99.62,2.06,-3.96
2012-12-26,0.0,17.17,28.8,99.46,1.25,-2.05
2012-12-27,0.0,18.59,25.11,99.18,1.93,-2.36
2012-12-28,0.0,14.07,22.77,99.05,2.81,-7.61
2012-12-29,0.0,12.03,22.72,99.43,2.45,-9.0
2012-12-30,0.0,11.77,38.99,99.58,2.25,-2.59
2012-12-31,0.0,13.2,37.43,99.48,1.98,-1.83
2013-01-01,0.0,14.48,30.57,99.36,1.36,-4.18
2013-01-02,0.0,13.28,27.2,99.6,1.32,-6.39
2013-01-03,0.0,12.9,26.91,99.63,1.57,-6.67
2013-01-04,0.0,12.29,27.76,99.59,2.49,-6.4
2013-01-05,0.0,11.09,26.41,99.5,2.04,-8.18
2013-01-06,0.0,11.27,24.54,99.63,2.01,-8.62
2013-01-07,0.0,11.79,24.2,99.8,1.86,-8.55
2013-01-08,0.0,13.21,23.51,99.79,1.52,-7.54
2013-01-09,0.0,13.8,26.42,99.78,2.09,-5.59
2013-01-10,0.0,15.25,32.47,99.69,1.62,-1.47
2013-01-11,0.0,18.78,40.25,99.58,1.5,4.29
2013-01-12,0.0,19.74,49.6,99.42,3.23,8.15
2013-01-13,0.0,17.12,32.32,99.47,2.19,-0.14
2013-01-14,0.0,15.66,30.58,99.38,1.65,-2.45
2013-01-15,0.0,14.59,26.0,99.38,1.55,-5.15
2013-01-16,0.06,13.92,30.43,99.47,1.73,-3.72
2013-01-17,1.03,13.29,36.64,99.45,1.81,-1.88
2013-01-18,0.14,12.35,25.62,99.63,2.55,-7.8
2013-01-19,0.0,12.96,21.68,99.97,1.75,-9.08
2013-01-20,0.0,12.45,25.94,100.04,2.11,-7.52
2013-01-21,0.0,12.51,24.0,100.04,1.86,-8.03
2013-01-22,0.0,13.1,23.98,100.02,2.12,-7.87
2013-01-23,0.0,14.03,22.18,99.95,1.7,-8.07
2013-01-24,0.0,13.74,24.88,99.99,2.39,-6.6
2013-01-25,0.0,15.13,24.84,99.98,1.81,-5.44
2013-01-26,0.0,16.94,23.38,99.92,1.48,-5.03
2013-01-27,0.0,17.37,22.21,99.79,1.55,-4.96
2013-01-28,0.0,18.75,20.94,99.65,1.69,-4.62
2013-01-29,0.0,18.51,20.4,99.58,1.9,-5.46
2013-01-30,0.0,19.22,20.02,99.43,1.97,-5.08
2013-01-31,0.0,18.08,25.91,99.61,2.28,-2.17
2013-02-01,0.0,18.11,28.27,99.62,2.57,-1.01
2013-02-02,0.0,19.62,28.07,99.56,2.65,0.17
2013-02-03,1.14,18.57,52.67,99.36,2.12,8.27
2013-02-04,4.8,18.36,60.06,99.02,2.65,9.69
2013-02-05,3.7,14.46,60.24,99.28,2.16,5.92
2013-02-06,0.0,14.51,52.64,99.99,3.34,3.71
2013-02-07,0.0,15.12,42.98,99.92,1.47,1.36
2013-02-08,0.0,15.55,35.83,99.79,1.66,-0.86
2013-02-09,0.0,16.45,29.19,99.6,1.51,-2.88
2013-02-10,0.0,16.25,26.66,99.51,2.63,-4.25
2013-02-11,0.0,15.46,28.8,99.58,3.19,-3.32
2013-02-12,0.0,17.0,27.85,99.58,3.21,-2.95
2013-02-13,0.0,18.18,28.3,99.46,3.05,-1.1
2013-02-14,0.0,19.35,35.9,99.24,2.73,3.55
2013-02-15,3.17,18.17,50.25,99.0,4.04,6.76
2013-02-16,0.74,16.66,62.48,98.92,2.96,8.75
2013-02-17,0.06,17.65,47.36,99.12,1.98,4.88
2013-02-18,0.0,18.97,38.48,99.33,2.58,3.75
2013-02-19,0.1,20.91,34.84,99.4,1.51,4.21
2013-02-20,0.08,20.93,35.71,99.5,2.12,4.57
2013-02-21,6.96,20.49,47.0,99.24,3.26,8.02
2013-02-22,2.14,21.05,52.79,99.35,2.07,10.18
2013-02-23,2.71,18.03,60.55,99.65,3.39,9.81
2013-02-24,0.0,17.02,52.69,99.9,2.56,6.16
2013-02-25,0.0,18.11,44.21,99.7,2.16,4.55
2013-02-26,0.01,19.07,38.83,99.37,3.14,3.32
2013-02-27,0.0,18.27,44.84,99.44,2.47,3.34
2013-02-28,0.0,18.13,28.73,99.82,2.34,-1.67
2013-03-01,0.0,17.3,37.24,99.96,2.87,1.78
2013-03-02,0.0,21.39,25.93,99.81,0.93,-1.3
2013-03-03,0.0,24.16,15.75,99.64,0.95,-4.85
2013-03-04,0.0,25.0,12.78,99.47,1.11,-6.13
2013-03-05,0.0,24.04,17.82,99.53,2.2,-2.84
2013-03-06,0.0,24.06,21.77,99.64,2.27,-0.3
2013-03-07,0.0,26.06,18.32,99.53,1.31,-1.43
2013-03-08,0.0,27.58,14.17,99.35,1.96,-2.89
2013-03-09,0.0,24.98,19.68,98.97,3.97,-0.39
2013-03-10,0.0,23.25,18.46,98.89,1.33,-3.02
2013-03-11,0.0,24.88,19.85,99.12,1.35,-0.63
2013-03-12,0.0,27.24,16.42,99.08,1.44,-1.28
2013-03-13,0.08,25.05,26.18,99.06,2.69,3.85
2013-03-14,0.0,23.18,36.03,99.27,2.02,4.96
2013-03-15,0.0,24.32,27.29,99.57,3.17,3.08
2013-03-16,0.0,24.66,31.15,99.6,2.36,5.43
2013-03-17,0.0,25.91,23.42,99.5,1.51,1.92
2013-03-18,0.0,27.19,17.26,99.18,2.1,-0.41
2013-03-19,0.0,27.66,16.28,98.96,2.41,-1.0
2013-03-20,0.0,26.46,18.11,99.02,3.14,-0.93
2013-03-21,0.0,26.57,29.9,99.06,1.58,4.36
2013-03-22,0.0,27.14,23.45,98.69,1.87,3.53
2013-03-23,1.73,25.5,36.3,98.6,4.87,8.08
2013-03-24,0.0,24.36,32.5,99.11,1.87,6.01
2013-03-25,0.0,24.03,29.62,99.29,2.48,4.13
2013-03-26,0.0,25.11,27.77,98.96,1.48,4.52
2013-03-27,5.95,24.84,33.45,98.81,3.58,7.02
2013-03-28,12.69,22.63,61.82,98.95,2.57,14.55
2013-03-29,0.0,23.03,54.3,99.13,2.25,12.59
2013-03-30,0.0,26.18,38.37,99.01,1.87,9.79
2013-03-31,0.0,27.65,27.65,98.87,1.4,5.51
2013-04-01,0.0,27.83,28.7,98.79,1.75,6.54
2013-04-02,0.0,27.72,33.63,98.75,2.22,8.75
2013-04-03,0.11,26.87,33.76,98.95,1.55,8.55
2013-04-04,0.06,28.11,28.98,99.03,1.87,6.88
2013-04-05,0.0,28.56,19.0,98.87,1.78,1.06
2013-04-06,0.0,29.25,19.33,98.66,3.34,2.79
2013-04-07,0.0,28.0,23.26,98.64,2.93,3.31
2013-04-08,0.0,26.34,41.59,98.73,3.69,10.74
2013-04-09,0.18,27.09,41.9,98.8,3.35,11.47
2013-04-10,0.07,26.75,34.57,98.88,1.87,9.07
2013-04-11,0.0,28.18,34.0,98.92,1.57,10.24
2013-04-12,0.0,30.91,26.15,98.91,0.76,8.56
2013-04-13,0.01,31.66,23.58,98.85,2.41,7.75
2013-04-14,0.0,32.19,14.5,98.82,1.66,0.57
2013-04-15,0.0,32.87,14.71,98.56,2.94,1.85
2013-04-16,0.0,30.97,20.8,98.36,4.47,1.29
2013-04-17,0.0,29.08,13.17,98.29,2.91,-2.9
2013-04-18,0.0,30.93,12.12,98.32,2.48,-1.98
2013-04-19,0.37,31.56,22.67,98.4,2.0,5.9
2013-04-20,2.98,29.85,37.28,98.4,4.51,13.16
2013-04-21,0.72,30.32,39.5,98.58,3.03,13.85
2013-04-22,0.4,28.83,43.74,98.91,2.05,14.97
2013-04-23,0.0,28.34,48.31,99.04,1.72,15.76
2013-04-24,0.0,30.43,42.39,99.0,1.62,15.29
2013-04-25,0.15,32.23,34.6,98.85,1.55,13.76
2013-04-26,0.0,31.43,35.43,98.88,2.45,13.44
2013-04-27,0.0,32.3,26.3,98.86,2.17,9.45
2013-04-28,0.0,31.39,33.49,98.73,3.61,12.47
2013-04-29,0.0,31.35,29.43,98.72,2.18,10.22
2013-04-30,0.0,31.48,14.84,98.74,2.35,0.09
2013-05-01,0.0,30.52,8.75,98.64,3.01,-6.75
2013-05-02,0.0,30.8,8.35,98.34,2.52,-7.27
2013-05-03,0.0,32.57,9.74,98.11,2.49,-3.93
2013-05-04,0.0,34.28,15.79,98.02,2.41,3.49
2013-05-05,0.15,33.25,16.91,98.24,2.33,3.56
2013-05-06,0.0,33.67,14.54,98.39,1.58,1.7
2013-05-07,0.0,34.67,21.3,98.38,3.51,8.24
2013-05-08,0.0,32.95,22.51,98.43,4.35,6.64
2013-05-09,0.0,33.19,28.96,98.37,3.55,10.82
2013-05-10,0.0,32.96,32.61,98.2,4.48,12.37
2013-05-11,5.15,32.6,29.73,98.06,1.99,11.87
2013-05-12,0.01,33.65,27.82,98.21,1.88,11.52
2013-05-13,1.88,33.39,30.81,98.38,2.2,12.71
2013-05-14,0.0,34.69,25.82,98.26,2.84,10.9
2013-05-15,0.0,35.95,24.63,98.15,3.0,10.44
2013-05-16,0.0,35.81,23.29,98.12,2.9,9.38
2013-05-17,0.0,36.74,23.34,98.13,3.77,10.42
2013-05-18,0.0,36.98,20.44,98.15,5.8,7.12
2013-05-19,0.0,35.74,17.15,98.15,5.24,5.38
2013-05-20,0.0,35.93,25.23,98.13,3.85,10.06
2013-05-21,0.0,35.99,21.21,98.21,4.42,7.69
2013-05-22,0.0,35.86,24.99,98.21,4.21,10.24
2013-05-23,0.0,36.19,30.85,98.07,4.44,13.21
2013-05-24,0.0,36.46,31.59,97.97,6.61,14.43
2013-05-25,0.0,35.32,40.6,97.97,7.77,17.77
2013-05-26,0.0,34.95,38.29,97.97,4.84,16.11
2013-05-27,0.0,35.06,30.3,98.16,4.73,11.6
2013-05-28,0.0,34.62,29.61,98.26,3.54,12.63
2013-05-29,0.0,34.67,33.43,98.25,3.44,14.09
2013-05-30,0.0,35.74,30.46,98.14,2.77,13.55
2013-05-31,0.0,36.06,31.28,98.0,4.81,14.22
2013-06-01,0.0,36.28,32.3,98.02,5.38,14.99
2013-06-02,0.0,36.87,29.65,98.01,4.48,14.31
2013-06-03,0.0,37.81,25.71,98.01,3.66,13.77
2013-06-04,0.0,38.24,27.04,98.11,3.4,15.18
2013-06-05,0.01,37.94,33.38,98.19,6.11,18.22
2013-06-06,0.0,38.19,31.39,97.88,6.19,17.15
2013-06-07,0.02,37.58,36.41,97.78,4.8,18.85
2013-06-08,0.0,37.07,37.19,97.78,5.61,19.11
2013-06-09,0.02,37.35,35.89,97.7,6.02,19.04
2013-06-10,0.46,37.55,36.25,97.66,5.67,19.33
2013-06-11,0.59,34.8,45.37,97.77,6.16,20.85
2013-06-12,6.01,33.49,52.12,97.69,2.69,22.26
2013-06-13,1.26,33.82,52.81,97.71,2.33,22.7
2013-06-14,0.03,36.22,43.02,97.65,2.51,20.92
2013-06-15,10.15,34.76,49.13,97.6,1.72,22.26
2013-06-16,3.48,33.26,55.91,97.53,3.74,22.83
2013-06-17,11.08,32.79,51.69,97.47,2.24,21.37
2013-06-18,2.71,33.41,52.91,97.64,1.83,21.71
2013-06-19,2.11,33.69,49.55,97.89,3.12,20.93
2013-06-20,0.0,35.2,39.69,97.97,4.29,18.43
2013-06-21,0.0,35.26,40.63,97.83,5.9,18.81
2013-06-22,0.0,34.86,42.39,97.79,6.29,19.06
2013-06-23,0.0,35.29,41.42,97.73,5.52,19.28
2013-06-24,0.0,35.49,41.57,97.64,5.79,19.35
2013-06-25,0.0,36.08,42.51,97.75,5.38,20.66
2013-06-26,0.0,36.42,41.0,97.83,6.84,20.29
2013-06-27,0.0,35.43,45.06,97.66,7.67,20.9
2013-06-28,0.0,35.62,45.86,97.65,7.28,21.4
2013-06-29,0.0,35.28,46.34,97.73,6.96,21.39
2013-06-30,0.0,35.01,48.89,97.86,5.6,21.96
2013-07-01,0.64,35.41,46.55,97.74,4.21,21.69
2013-07-02,0.01,36.18,41.0,97.61,3.74,20.29
2013-07-03,2.55,36.89,38.1,97.69,1.83,19.46
2013-07-04,0.74,37.96,31.82,97.6,2.26,17.48
2013-07-05,0.03,37.36,36.26,97.58,1.81,19.23
2013-07-06,0.0,35.8,46.38,97.81,4.96,22.15
2013-07-07,0.33,35.52,46.07,97.93,5.27,21.92
2013-07-08,0.01,35.7,44.65,97.76,5.85,21.14
2013-07-09,0.0,35.36,46.49,97.58,6.17,21.6
2013-07-10,0.0,35.13,45.76,97.54,4.98,20.98
2013-07-11,0.01,36.06,40.16,97.7,3.42,19.76
2013-07-12,3.92,37.46,36.4,97.82,1.9,19.46
2013-07-13,1.35,36.14,41.71,97.81,1.64,20.78
2013-07-14,0.03,35.0,46.38,97.78,3.69,21.43
2013-07-15,0.0,35.42,46.53,97.8,6.09,21.57
2013-07-16,0.0,35.49,44.21,97.8,5.02,20.68
2013-07-17,0.1,36.39,41.21,97.81,4.59,20.63
2013-07-18,0.0,35.4,45.01,97.64,6.45,21.3
2013-07-19,0.0,34.85,47.85,97.41,7.22,21.57
2013-07-20,0.0,34.93,46.99,97.65,6.27,21.39
2013-07-21,0.21,35.82,42.19,97.64,3.17,20.34
2013-07-22,0.17,36.65,39.63,97.48,4.56,20.2
2013-07-23,0.09,37.58,38.02,97.64,2.91,20.03
2013-07-24,0.01,38.65,34.85,97.52,2.38,19.79
2013-07-25,14.5,34.65,55.08,97.48,4.03,23.76
2013-07-26,0.32,32.24,63.27,97.47,3.53,24.18
2013-07-27,2.17,33.5,56.39,97.68,2.61,23.33
2013-07-28,2.79,31.99,61.92,97.88,3.86,23.69
2013-07-29,0.02,31.15,62.92,97.85,5.11,23.01
2013-07-30,0.0,32.72,57.78,97.74,4.56,22.86
2013-07-31,0.0,33.78,51.48,97.66,4.6,21.93
2013-08-01,0.15,33.82,50.72,97.69,4.22,21.87
2013-08-02,0.79,32.27,57.8,97.77,3.13,22.86
2013-08-03,4.96,33.44,55.56,97.9,3.55,22.88
2013-08-04,5.87,31.28,64.86,98.09,2.07,23.66
2013-08-05,0.08,32.36,55.62,98.09,3.82,21.93
2013-08-06,0.0,33.44,47.46,98.1,4.61,20.19
2013-08-07,0.0,32.24,53.82,98.21,3.42,21.52
2013-08-08,0.0,33.35,50.05,98.08,4.65,21.04
2013-08-09,0.0,33.59,51.06,97.94,5.8,21.45
2013-08-10,0.06,34.18,49.11,97.95,4.01,21.37
2013-08-11,0.41,34.42,48.43,98.1,3.45,21.54
2013-08-12,0.25,33.46,52.79,98.12,3.24,22.39
2013-08-13,7.46,32.52,61.37,97.88,2.44,23.82
2013-08-14,12.62,30.34,74.27,97.88,1.48,25.2
2013-08-15,47.32,28.68,80.5,98.11,1.66,24.94
2013-08-16,1.27,30.39,65.01,98.08,2.57,22.39
2013-08-17,0.11,32.1,56.2,98.0,3.26,21.73
2013-08-18,0.0,32.15,53.88,97.97,4.41,21.07
2013-08-19,0.0,32.05,52.66,98.06,3.68,20.41
2013-08-20,0.0,32.25,52.53,97.97,3.65,20.31
2013-08-21,0.0,32.9,50.75,97.92,4.12,20.26
2013-08-22,0.0,32.24,53.19,98.11,3.9,20.85
2013-08-23,0.02,33.16,48.57,98.15,2.61,19.8
2013-08-24,0.0,34.34,44.67,98.11,1.18,19.71
2013-08-25,0.0,34.23,46.79,98.02,2.21,20.63
2013-08-26,0.0,33.49,49.25,97.97,4.84,20.82
2013-08-27,0.0,32.12,51.25,98.01,5.57,20.26
2013-08-28,0.0,31.46,51.47,98.25,4.52,19.68
2013-08-29,0.0,31.14,51.72,98.43,4.03,19.63
2013-08-30,0.0,31.67,50.2,98.38,4.33,19.35
2013-08-31,0.0,31.64,49.49,98.39,4.59,19.17
2013-09-01,0.0,31.1,50.19,98.46,4.42,18.82
2013-09-02,0.0,31.64,48.83,98.48,4.64,18.78
2013-09-03,0.0,31.16,50.12,98.39,4.43,18.79
2013-09-04,0.0,31.06,49.74,98.36,4.72,18.52
2013-09-05,0.0,30.99,48.64,98.29,5.13,17.84
2013-09-06,0.0,30.73,49.87,98.4,4.55,18.0
2013-09-07,0.0,30.51,49.33,98.54,4.16,17.89
2013-09-08,0.0,30.85,48.35,98.65,4.0,17.94
2013-09-09,0.0,31.41,47.14,98.79,3.05,18.06
2013-09-10,0.0,31.85,42.6,98.6,3.55,16.82
2013-09-11,0.0,32.01,40.5,98.55,3.28,16.12
2013-09-12,0.0,32.96,38.65,98.71,2.52,16.08
2013-09-13,0.0,34.52,36.13,98.75,1.13,16.36
2013-09-14,0.0,34.85,34.59,98.5,1.88,16.07
2013-09-15,0.0,34.61,32.7,98.15,3.04,14.94
2013-09-16,0.0,33.44,36.9,98.15,2.58,15.67
2013-09-17,0.0,33.47,30.94,98.29,1.2,13.11
2013-09-18,0.0,34.53,25.88,98.31,1.29,11.16
2013-09-19,0.0,34.07,22.15,98.31,1.24,8.69
2013-09-20,0.0,34.01,21.02,98.21,1.54,7.64
2013-09-21,0.0,32.85,30.49,98.23,2.88,12.81
2013-09-22,0.18,32.98,46.29,98.19,3.37,18.88
2013-09-23,0.57,33.73,45.15,98.08,2.42,19.57
2013-09-24,2.04,33.81,47.13,98.2,2.85,20.46
2013-09-25,0.0,33.83,42.74,98.32,3.25,18.74
2013-09-26,0.04,31.91,53.93,98.43,4.95,20.8
2013-09-27,1.76,30.06,62.59,98.52,4.5,21.74
2013-09-28,4.08,28.84,65.83,98.47,4.09,21.18
2013-09-29,0.46,30.24,57.62,98.37,2.06,19.81
2013-09-30,2.22,31.02,53.1,98.37,2.51,19.71
2013-10-01,1.15,31.43,54.54,98.58,2.19,20.3
2013-10-02,0.0,31.92,47.25,98.78,2.68,18.75
2013-10-03,0.0,32.06,47.63,98.74,2.94,18.95
2013-10-04,0.0,31.83,42.74,98.57,1.72,16.69
2013-10-05,0.0,32.02,39.21,98.47,1.46,15.39
2013-10-06,0.0,31.88,39.82,98.5,2.52,15.62
2013-10-07,0.0,32.33,43.15,98.79,1.63,17.39
2013-10-08,0.0,33.03,41.42,98.87,1.34,17.59
2013-10-09,0.0,33.14,40.73,98.84,1.63,17.52
2013-10-10,0.0,32.5,44.82,98.94,1.75,18.31
2013-10-11,0.0,32.48,43.49,98.88,1.31,17.83
2013-10-12,0.0,32.34,39.21,98.72,2.21,16.34
2013-10-13,0.0,30.8,40.81,98.79,1.99,15.38
2013-10-14,0.0,31.47,34.58,98.83,1.33,13.44
2013-10-15,0.0,30.79,34.58,98.85,2.09,12.05
2013-10-16,0.0,30.71,39.82,98.89,3.43,14.12
2013-10-17,0.0,30.31,41.42,99.0,3.51,14.55
2013-10-18,0.0,30.39,34.02,99.13,2.3,11.39
2013-10-19,0.0,30.14,25.64,99.12,1.91,7.29
2013-10-20,0.0,29.29,22.49,99.01,2.09,3.78
2013-10-21,0.0,29.51,15.65,98.88,0.85,-0.37
2013-10-22,0.0,28.17,29.1,99.02,2.04,7.61
2013-10-23,0.0,28.58,28.6,99.23,1.61,7.68
2013-10-24,0.0,28.97,21.74,99.22,1.28,4.2
2013-10-25,0.0,27.08,22.68,99.11,1.36,3.11
2013-10-26,0.0,27.97,19.97,99.06,1.29,2.16
2013-10-27,0.0,27.24,19.95,99.07,1.76,0.88
2013-10-28,0.0,27.33,18.46,99.04,1.62,0.69
2013-10-29,0.0,25.38,34.3,99.06,3.05,7.24
2013-10-30,0.0,26.31,44.36,99.17,2.15,12.17
2013-10-31,0.0,26.44,45.34,99.27,2.17,12.85
2013-11-01,0.0,24.94,24.7,99.38,2.35,2.79
2013-11-02,0.0,23.97,21.73,99.45,1.99,-0.26
2013-11-03,0.0,23.95,21.56,99.48,1.38,-0.31
2013-11-04,0.0,24.4,22.21,99.58,1.75,0.74
2013-11-05,0.02,24.83,26.38,99.44,2.01,3.74
2013-11-06,0.06,23.81,36.2,99.33,2.33,7.08
2013-11-07,0.02,20.98,49.41,99.46,3.7,9.5
2013-11-08,0.0,20.52,44.19,99.57,2.88,7.21
2013-11-09,0.0,20.2,42.14,99.66,2.15,6.23
2013-11-10,0.0,20.28,36.0,99.75,2.11,3.76
2013-11-11,0.0,21.19,28.24,99.44,1.19,1.35
2013-11-12,0.0,22.0,23.26,99.3,1.19,-0.77
2013-11-13,0.0,20.95,23.71,99.34,1.49,-1.66
2013-11-14,0.0,20.81,22.62,99.45,2.0,-2.24
2013-11-15,0.0,20.7,21.81,99.58,1.91,-2.82
2013-11-16,0.0,21.12,24.15,99.69,1.51,-0.84
2013-11-17,0.0,21.43,26.65,99.73,1.59,0.82
2013-11-18,0.0,22.22,25.6,99.75,1.35,0.65
2013-11-19,0.0,23.27,22.78,99.59,1.64,0.22
2013-11-20,0.0,23.82,19.75,99.27,1.63,-1.59
2013-11-21,0.0,23.92,20.24,99.02,1.81,-0.91
2013-11-22,0.0,22.8,22.39,99.28,1.48,-0.43
2013-11-23,0.0,22.27,27.1,99.34,1.72,1.73
2013-11-24,0.0,22.98,26.18,99.43,1.26,1.94
2013-11-25,0.0,23.25,25.49,99.33,1.19,1.52
2013-11-26,0.0,23.55,24.01,99.26,1.21,1.25
2013-11-27,0.0,24.2,23.28,99.33,0.92,1.48
2013-11-28,0.0,22.78,25.07,99.55,1.41,1.08
2013-11-29,0.0,21.73,28.73,99.71,1.66,2.03
2013-11-30,0.0,22.86,26.71,99.61,1.31,2.01
2013-12-01,0.0,22.56,23.62,99.47,1.96,-0.08
2013-12-02,0.0,22.03,21.76,99.41,1.67,-1.91
2013-12-03,0.0,20.57,21.24,99.53,1.6,-2.87
2013-12-04,0.0,18.84,25.64,99.69,2.1,-1.9
2013-12-05,0.0,20.03,24.74,99.59,1.23,-1.71
2013-12-06,0.0,21.28,19.51,99.36,1.24,-3.42
2013-12-07,0.0,21.31,19.66,99.24,1.84,-3.49
2013-12-08,0.0,20.19,25.55,99.28,1.79,-1.03
2013-12-09,0.0,18.94,27.75,99.25,1.63,-0.74
2013-12-10,0.0,19.91,30.16,99.22,1.42,1.14
2013-12-11,0.0,20.23,31.32,99.35,1.57,1.93
2013-12-12,0.0,18.82,39.05,99.54,1.73,4.03
2013-12-13,0.0,19.53,38.54,99.44,1.65,4.29
2013-12-14,0.0,19.96,32.88,99.25,2.26,1.98
2013-12-15,0.0,20.36,44.04,99.28,2.25,6.64
2013-12-16,0.0,21.04,37.5,99.43,0.82,5.16
2013-12-17,0.0,20.94,30.79,99.39,1.02,2.35
2013-12-18,0.0,19.89,24.84,99.28,1.59,-2.18
2013-12-19,0.0,15.99,21.77,99.37,1.97,-6.89
2013-12-20,0.0,14.3,23.19,99.58,1.74,-7.01
2013-12-21,0.0,14.11,26.88,99.54,1.82,-5.28
2013-12-22,0.0,13.63,27.37,99.82,2.33,-5.27
2013-12-23,0.0,12.4,34.19,100.09,2.4,-3.37
2013-12-24,0.0,13.37,30.17,100.16,2.0,-4.46
2013-12-25,0.0,14.5,23.32,100.08,1.6,-6.73
2013-12-26,0.0,14.23,20.69,99.89,1.66,-8.72
2013-12-27,0.0,14.18,14.34,99.76,1.61,-12.99
2013-12-28,0.0,13.85,11.61,99.8,1.09,-15.05
2013-12-29,0.0,12.6,13.19,99.72,1.52,-14.49
2013-12-30,0.0,11.06,14.34,99.62,2.04,-14.65
2013-12-31,0.0,8.85,11.96,99.98,2.42,-18.04
2014-01-01,0.0,8.67,19.37,100.15,3.24,-13.49
2014-01-02,0.0,9.67,27.97,100.07,2.54,-8.76
2014-01-03,0.0,12.08,16.66,99.81,1.76,-12.57
2014-01-04,0.0,14.32,10.56,99.57,1.18,-15.73
2014-01-05,0.0,14.6,16.11,99.52,1.46,-10.69
2014-01-06,0.0,14.21,16.13,99.64,1.29,-11.1
2014-01-07,0.0,13.86,16.02,99.64,2.37,-11.53
2014-01-08,0.0,13.9,25.59,99.51,3.35,-6.83
2014-01-09,0.0,11.76,48.74,99.73,2.94,0.51
2014-01-10,0.0,11.99,39.47,99.74,2.43,-2.25
2014-01-11,0.0,12.13,37.37,100.0,2.17,-2.96
2014-01-12,0.0,13.36,28.41,100.02,1.6,-5.63
2014-01-13,0.0,14.77,22.54,99.87,1.77,-6.79
2014-01-14,0.0,14.12,27.9,99.71,2.22,-4.63
2014-01-15,0.0,14.82,28.46,99.83,2.01,-4.42
2014-01-16,0.0,15.25,32.97,99.78,1.73,-1.79
2014-01-17,0.0,14.18,35.61,99.62,2.25,-1.39
2014-01-18,0.0,14.06,35.48,99.82,1.99,-1.97
2014-01-19,0.0,14.52,50.13,100.23,3.75,3.51
2014-01-20,0.0,13.99,51.59,99.93,2.33,3.41
2014-01-21,0.0,15.43,45.48,99.79,2.71,2.58
2014-01-22,0.0,15.2,37.33,99.79,2.09,0.14
2014-01-23,0.0,15.77,37.24,99.97,2.41,0.36
2014-01-24,0.0,13.92,52.38,99.94,2.21,3.38
2014-01-25,0.0,15.67,40.45,99.86,1.68,0.97
2014-01-26,0.0,17.5,28.44,99.86,1.59,-1.92
2014-01-27,0.0,17.8,26.0,99.89,1.99,-2.91
2014-01-28,0.0,18.27,26.25,99.69,1.77,-2.15
2014-01-29,0.0,19.83,23.23,99.58,1.45,-2.49
2014-01-30,0.0,20.25,21.15,99.68,1.72,-3.37
2014-01-31,0.0,19.58,22.91,99.67,1.74,-2.98
2014-02-01,0.0,19.88,25.72,99.55,1.67,-1.11
2014-02-02,0.0,20.03,27.31,99.44,1.72,0.03
2014-02-03,0.0,19.14,31.96,99.27,1.94,1.55
2014-02-04,0.01,18.76,37.62,99.18,1.98,3.28
2014-02-05,0.03,19.01,44.24,99.07,2.14,5.81
2014-02-06,0.13,20.08,46.19,98.85,3.56,7.59
2014-02-07,0.0,18.24,52.8,98.97,1.98,7.49
2014-02-08,0.0,15.86,28.48,99.19,2.56,-3.71
2014-02-09,0.0,15.27,17.57,99.24,1.4,-9.37
2014-02-10,0.0,15.24,15.97,99.05,2.22,-10.3
2014-02-11,0.0,15.81,13.25,99.22,1.76,-12.22
2014-02-12,0.0,15.56,17.94,99.24,3.68,-8.82
2014-02-13,0.0,16.19,20.45,99.07,4.26,-6.59
2014-02-14,0.0,17.81,20.2,99.06,1.75,-5.63
2014-02-15,0.0,16.89,19.33,99.0,1.93,-6.76
2014-02-16,0.0,16.55,16.89,99.45,1.7,-9.11
2014-02-17,0.0,18.29,21.05,99.83,1.16,-6.31
2014-02-18,0.0,19.26,14.4,99.64,1.91,-8.68
2014-02-19,0.0,20.04,14.09,99.28,1.93,-8.8
2014-02-20,0.0,19.33,14.88,99.17,1.85,-8.32
2014-02-21,0.0,17.97,26.4,99.28,2.94,-2.49
2014-02-22,0.0,17.12,40.09,99.63,2.78,1.61
2014-02-23,0.0,17.05,27.05,99.87,2.84,-3.07
2014-02-24,0.0,17.56,22.57,99.82,2.41,-4.91
2014-02-25,0.0,18.34,22.44,99.62,2.63,-4.41
2014-02-26,0.0,19.68,19.99,99.37,2.79,-4.67
2014-02-27,0.0,19.88,22.46,99.27,3.37,-2.8
2014-02-28,0.0,18.96,38.82,99.3,3.07,3.57
2014-03-01,0.01,19.83,27.05,99.41,0.79,-0.86
2014-03-02,0.0,20.62,22.87,99.47,1.84,-2.78
2014-03-03,0.01,19.86,40.46,99.46,2.03,5.66
2014-03-04,0.0,20.04,32.57,99.58,2.34,1.85
2014-03-05,0.0,20.96,37.26,99.58,2.87,4.88
2014-03-06,0.0,22.0,34.73,99.56,2.06,4.63
2014-03-07,0.0,23.53,28.46,99.56,1.77,3.44
2014-03-08,0.0,24.65,24.19,99.6,1.57,2.15
2014-03-09,0.0,25.29,24.65,99.35,1.8,2.88
2014-03-10,0.0,25.3,26.08,99.02,3.29,2.74
2014-03-11,0.0,20.02,12.15,99.27,2.62,-11.08
2014-03-12,0.0,20.46,15.13,99.62,3.48,-7.31
2014-03-13,0.0,21.41,18.43,99.7,2.82,-4.2
2014-03-14,0.0,24.17,17.24,99.48,1.44,-2.84
2014-03-15,0.0,26.27,16.98,99.43,1.69,-1.59
2014-03-16,0.0,28.16,14.4,99.43,2.4,-2.12
2014-03-17,0.0,26.24,30.77,99.21,4.66,6.15
2014-03-18,0.0,24.68,16.61,99.43,1.94,-4.08
2014-03-19,0.0,26.29,10.58,99.41,1.7,-7.64
2014-03-20,0.0,27.11,9.26,99.03,2.31,-8.29
2014-03-21,0.0,25.13,31.18,98.69,2.81,4.88
2014-03-22,0.09,26.88,18.59,98.68,2.3,-0.03
2014-03-23,1.21,28.69,24.35,98.73,3.22,5.54
2014-03-24,0.2,25.42,44.89,99.02,4.07,11.19
2014-03-25,0.0,25.53,34.77,99.1,2.34,8.0
2014-03-26,0.0,26.05,26.13,99.18,3.03,4.9
2014-03-27,0.01,26.59,24.93,99.16,1.94,4.59
2014-03-28,0.0,27.47,25.92,99.09,2.5,5.78
2014-03-29,0.0,27.48,29.72,99.17,3.07,7.78
2014-03-30,0.0,27.48,27.29,99.15,2.91,6.38
2014-03-31,0.0,29.04,23.17,98.93,1.21,5.55
2014-04-01,0.0,29.13,23.96,98.64,2.85,5.2
2014-04-02,0.0,28.75,30.03,98.64,2.68,7.79
2014-04-03,0.0,30.02,17.85,98.97,1.15,2.23
2014-04-04,0.0,30.96,23.01,98.96,1.61,6.52
2014-04-05,0.0,31.47,19.33,98.85,2.14,4.53
2014-04-06,0.0,30.75,28.24,98.76,3.31,9.0
2014-04-07,0.13,27.7,24.48,99.1,3.52,4.0
2014-04-08,0.0,28.12,12.97,99.18,1.31,-4.07
2014-04-09,0.0,28.11,7.6,99.13,1.57,-9.62
2014-04-10,0.0,30.58,8.25,99.11,0.98,-6.93
2014-04-11,0.0,31.46,8.53,98.94,1.65,-6.07
2014-04-12,0.0,30.36,18.37,98.75,3.59,1.46
2014-04-13,0.0,30.94,28.82,98.72,2.81,8.04
2014-04-14,0.0,31.35,21.33,98.96,2.07,5.21
2014-04-15,0.0,32.74,17.34,98.97,1.97,4.11
2014-04-16,0.84,33.36,21.79,98.74,2.84,7.34
2014-04-17,2.36,33.01,21.26,98.51,2.07,6.32
2014-04-18,5.32,26.64,47.93,98.96,2.93,14.12
2014-04-19,0.01,28.33,41.93,99.03,2.64,13.2
2014-04-20,0.0,29.68,30.49,98.98,3.07,9.39
2014-04-21,5.02,29.69,31.5,99.01,2.75,10.26
2014-04-22,1.7,27.64,46.88,99.32,2.41,14.48
2014-04-23,0.0,29.8,36.6,99.14,1.5,11.85
2014-04-24,0.0,32.6,24.31,98.72,2.74,8.45
2014-04-25,0.0,33.19,27.02,98.71,2.06,10.08
2014-04-26,0.3,33.6,25.99,98.76,1.63,10.13
2014-04-27,0.0,35.4,17.38,98.85,1.32,5.62
2014-04-28,0.0,35.91,14.72,98.73,1.73,4.19
2014-04-29,0.0,35.06,18.82,98.53,2.85,6.32
2014-04-30,0.0,35.19,20.66,98.49,4.08,7.02
2014-05-01,0.0,34.25,29.45,98.44,3.59,12.08
2014-05-02,0.0,35.53,27.7,98.25,2.73,12.16
2014-05-03,1.8,33.89,32.26,98.31,3.62,13.92
2014-05-04,3.96,32.31,35.37,98.38,1.9,14.56
2014-05-05,0.0,34.44,27.9,98.58,1.14,12.46
2014-05-06,0.01,35.51,23.73,98.66,1.76,11.03
2014-05-07,0.0,35.5,20.84,98.52,1.78,8.89
2014-05-08,0.0,34.64,16.74,98.42,3.13,4.16
2014-05-09,0.03,34.52,20.28,98.19,1.67,7.44
2014-05-10,0.28,34.33,20.41,98.08,2.99,7.98
2014-05-11,1.09,34.24,28.63,98.36,3.71,12.43
2014-05-12,0.61,32.06,39.57,98.45,5.85,15.79
2014-05-13,0.24,32.75,44.68,98.35,5.85,16.64
2014-05-14,15.53,30.7,58.17,98.58,2.96,21.2
2014-05-15,0.35,29.82,56.68,98.6,2.86,19.76
2014-05-16,0.59,30.3,49.59,98.46,3.42,17.75
2014-05-17,3.31,30.18,47.17,98.71,4.25,17.25
2014-05-18,0.06,30.18,38.63,98.82,3.53,13.05
2014-05-19,0.04,31.78,27.52,98.81,1.68,9.66
2014-05-20,0.0,33.15,26.46,98.68,1.35,10.62
2014-05-21,0.0,33.95,31.0,98.46,2.66,12.65
2014-05-22,0.0,35.5,27.05,98.15,4.57,11.49
2014-05-23,0.0,35.07,35.55,98.07,2.82,15.4
2014-05-24,0.0,35.8,30.41,98.25,2.49,14.12
2014-05-25,0.0,36.2,20.85,98.42,1.56,9.14
2014-05-26,0.0,37.45,18.46,98.52,1.9,8.46
2014-05-27,0.0,37.23,18.64,98.45,2.72,8.53
2014-05-28,0.0,37.95,18.19,98.25,4.79,8.42
2014-05-29,0.0,37.17,30.24,98.15,6.23,15.43
2014-05-30,0.0,36.51,39.16,98.05,5.56,18.47
2014-05-31,0.0,36.84,35.91,98.07,4.77,17.63
2014-06-01,0.0,37.0,31.78,98.26,2.94,15.35
2014-06-02,0.0,37.66,28.73,98.41,3.05,15.04
2014-06-03,2.08,38.25,23.93,98.17,2.56,12.96
2014-06-04,0.0,39.38,19.53,97.96,4.16,10.47
2014-06-05,0.0,38.94,18.46,97.89,3.42,9.22
2014-06-06,0.0,38.69,20.23,97.83,5.36,9.9
2014-06-07,0.0,37.79,26.03,97.77,4.51,13.09
2014-06-08,0.0,37.36,30.62,97.6,4.67,15.38
2014-06-09,0.0,37.01,26.75,97.74,4.4,11.74
2014-06-10,0.0,35.8,29.97,97.84,6.04,12.91
2014-06-11,0.0,35.32,35.66,97.84,6.53,16.59
2014-06-12,0.0,35.99,40.47,97.88,7.09,19.49
2014-06-13,0.0,35.63,42.55,97.93,6.88,20.39
2014-06-14,0.0,35.37,45.02,97.88,7.25,20.66
2014-06-15,0.0,35.91,44.76,97.84,6.42,20.95
2014-06-16,0.0,37.27,38.64,97.78,5.7,19.81
2014-06-17,0.0,37.05,37.82,97.69,7.25,19.12
2014-06-18,0.0,35.8,42.49,97.58,7.03,20.18
2014-06-19,0.0,36.22,35.59,97.58,5.43,17.34
2014-06-20,0.0,36.31,36.5,97.53,5.79,17.64
2014-06-21,0.0,36.53,39.59,97.47,6.96,19.05
2014-06-22,0.88,36.47,41.17,97.6,6.25,17.98
2014-06-23,0.06,35.48,45.14,97.71,5.67,19.93
2014-06-24,0.53,35.46,44.93,97.56,8.49,19.47
2014-06-25,0.0,35.29,47.65,97.64,8.35,20.88
2014-06-26,0.0,34.83,46.39,98.06,7.36,20.45
2014-06-27,0.0,35.2,43.0,98.34,6.81,19.65
2014-06-28,0.0,35.23,40.84,98.14,8.26,18.4
2014-06-29,0.0,33.8,46.93,97.91,9.19,19.69
2014-06-30,0.0,33.54,49.67,97.79,9.6,20.43
2014-07-01,0.0,33.53,49.19,97.95,8.4,20.55
2014-07-02,0.03,34.36,48.83,98.08,6.76,21.4
2014-07-03,0.04,34.22,46.54,97.9,6.6,20.23
2014-07-04,0.01,33.87,48.74,97.86,6.31,21.02
2014-07-05,0.0,34.77,43.58,98.0,5.6,19.61
2014-07-06,0.0,34.78,40.56,98.16,5.7,18.6
2014-07-07,0.0,35.2,40.71,98.07,6.15,18.96
2014-07-08,0.0,34.59,42.24,97.92,7.51,18.71
2014-07-09,0.0,34.75,41.37,97.88,6.54,18.52
2014-07-10,0.0,34.99,40.56,97.94,5.63,18.47
2014-07-11,0.0,35.37,41.19,97.91,5.35,19.18
2014-07-12,0.0,35.9,40.87,97.81,4.85,19.5
2014-07-13,0.0,36.56,39.55,97.85,4.42,19.98
2014-07-14,0.0,36.89,37.63,97.83,4.45,19.65
2014-07-15,0.0,37.48,34.15,97.6,4.59,18.37
2014-07-16,1.21,37.41,37.65,97.6,4.72,20.11
2014-07-17,0.94,35.08,46.32,97.67,3.83,21.73
2014-07-18,4.75,34.77,49.54,97.58,3.21,22.14
2014-07-19,0.92,34.41,48.99,97.6,5.61,21.45
2014-07-20,0.0,34.36,43.36,97.77,4.88,19.23
2014-07-21,0.0,34.77,41.77,97.77,5.4,18.53
2014-07-22,0.0,34.91,41.98,97.77,5.07,18.96
2014-07-23,0.0,36.12,39.89,97.66,4.03,19.46
2014-07-24,4.7,34.96,48.91,97.63,3.34,21.9
2014-07-25,0.66,33.78,55.12,97.87,3.37,23.13
2014-07-26,0.09,34.56,49.61,98.18,4.31,22.27
2014-07-27,0.11,35.41,48.19,98.16,4.74,22.26
2014-07-28,0.19,35.22,48.01,97.83,5.52,22.02
2014-07-29,9.35,33.15,58.25,97.79,4.54,23.64
2014-07-30,7.99,30.34,70.68,98.01,2.08,24.36
2014-07-31,3.24,32.66,60.29,97.96,1.29,23.5
2014-08-01,14.73,32.1,64.86,97.83,2.36,24.43
2014-08-02,0.91,31.91,64.41,97.81,2.11,23.98
2014-08-03,0.09,33.59,53.7,97.65,2.9,22.53
2014-08-04,0.0,33.44,48.98,97.64,4.87,20.42
2014-08-05,0.0,32.73,50.9,97.78,4.19,20.77
2014-08-06,0.37,33.06,49.95,97.86,4.3,20.68
2014-08-07,1.16,32.57,53.51,97.77,4.5,21.42
2014-08-08,1.25,32.42,55.0,97.85,4.42,21.84
2014-08-09,0.0,33.57,52.01,98.09,4.05,21.9
2014-08-10,0.0,33.99,49.46,98.19,3.81,21.52
2014-08-11,0.03,33.99,47.97,98.08,4.79,20.94
2014-08-12,0.0,33.61,49.22,98.03,5.0,20.92
2014-08-13,0.0,33.27,49.81,97.97,6.24,20.7
2014-08-14,0.0,33.53,48.61,97.83,6.39,20.38
2014-08-15,0.0,32.72,51.85,97.77,7.23,21.04
2014-08-16,0.18,32.36,52.75,97.99,4.85,20.87
2014-08-17,0.16,32.07,51.82,98.4,2.4,20.56
2014-08-18,0.0,33.44,45.78,98.63,2.49,19.79
2014-08-19,0.0,34.31,40.75,98.7,4.1,18.49
2014-08-20,0.0,33.95,39.68,98.5,4.31,17.44
2014-08-21,0.0,33.24,40.29,98.25,5.16,16.74
2014-08-22,0.0,33.12,41.29,98.31,4.53,17.28
2014-08-23,0.0,33.51,41.92,98.48,3.96,18.27
2014-08-24,0.0,33.95,42.44,98.49,4.06,19.09
2014-08-25,0.0,33.65,41.61,98.47,4.06,18.33
2014-08-26,0.0,33.43,45.4,98.35,4.26,19.47
2014-08-27,0.15,33.55,45.14,98.26,3.72,19.34
2014-08-28,0.11,33.85,41.71,98.37,1.63,18.64
2014-08-29,0.02,34.52,38.36,98.38,1.74,17.69
2014-08-30,0.0,35.52,33.05,98.25,2.11,16.14
2014-08-31,0.0,35.47,35.39,98.02,2.38,17.2
2014-09-01,14.5,33.23,50.13,97.93,2.47,20.88
2014-09-02,3.53,31.15,57.48,98.12,4.51,21.52
2014-09-03,4.45,31.7,56.77,98.1,3.75,21.71
2014-09-04,0.79,30.51,62.8,97.92,1.95,22.21
2014-09-05,0.0,32.35,49.01,97.87,4.04,19.45
2014-09-06,0.0,30.85,53.09,98.16,4.05,19.54
2014-09-07,0.0,31.54,50.66,98.42,2.76,19.27
2014-09-08,0.0,33.35,41.92,98.4,1.37,17.57
2014-09-09,0.12,33.96,38.32,98.23,1.41,16.93
2014-09-10,7.51,32.9,50.23,98.26,1.47,20.73
2014-09-11,3.01,31.52,55.59,98.46,2.23,21.19
2014-09-12,0.0,32.1,51.81,98.5,3.22,20.43
2014-09-13,0.0,32.0,49.89,98.46,3.81,19.75
2014-09-14,0.0,31.42,48.33,98.48,3.77,18.67
2014-09-15,0.0,31.31,47.84,98.54,3.67,18.28
2014-09-16,0.0,31.43,46.35,98.45,3.68,17.84
2014-09-17,0.0,31.6,43.06,98.36,4.3,16.36
2014-09-18,0.0,31.6,39.66,98.5,4.56,14.8
2014-09-19,0.0,31.39,39.59,98.54,4.62,14.2
2014-09-20,0.0,31.25,39.89,98.44,4.79,14.38
2014-09-21,0.0,30.94,44.13,98.51,4.72,15.74
2014-09-22,0.0,31.36,42.13,98.65,4.33,15.68
2014-09-23,0.0,30.87,43.22,98.65,4.18,15.69
2014-09-24,0.0,30.05,45.31,98.65,4.78,15.7
2014-09-25,0.0,30.44,46.54,98.75,3.86,16.54
2014-09-26,0.0,30.66,44.09,98.91,3.68,16.18
2014-09-27,0.0,30.74,40.98,98.96,4.13,14.51
2014-09-28,0.0,30.98,41.02,99.01,3.62,15.2
2014-09-29,0.0,31.09,39.11,98.96,3.81,14.39
2014-09-30,0.0,31.09,37.74,98.92,4.07,13.33
2014-10-01,0.0,30.96,36.93,99.07,4.02,12.89
2014-10-02,0.0,31.33,34.37,99.06,3.47,12.57
2014-10-03,0.0,31.46,31.73,98.87,3.25,11.39
2014-10-04,0.0,30.76,31.39,98.92,3.51,10.46
2014-10-05,0.0,30.28,33.3,99.05,3.35,10.47
2014-10-06,0.0,30.83,36.17,99.14,2.86,12.7
2014-10-07,0.0,30.74,32.28,98.88,2.41,10.79
2014-10-08,0.0,31.53,29.01,98.93,1.85,10.46
2014-10-09,0.0,30.15,28.65,99.08,2.29,9.37
2014-10-10,0.0,30.96,26.64,98.95,1.18,8.23
2014-10-11,0.0,30.69,17.83,98.83,1.74,2.18
2014-10-12,0.0,29.77,14.55,98.84,1.85,-1.38
2014-10-13,0.0,28.87,19.59,98.85,2.97,2.05
2014-10-14,0.02,25.72,33.26,99.12,3.61,7.59
2014-10-15,0.0,25.78,34.56,99.41,2.01,7.67
2014-10-16,0.0,25.43,30.4,99.42,2.13,5.63
2014-10-17,0.0,25.79,23.8,99.35,1.64,2.0
2014-10-18,0.0,26.33,18.76,99.26,1.35,-0.45
2014-10-19,0.0,27.62,17.69,99.17,1.65,0.05
2014-10-20,0.0,29.2,18.19,99.24,1.13,1.86
2014-10-21,0.0,30.25,17.32,99.36,1.15,2.4
2014-10-22,0.0,30.13,20.91,99.4,1.71,4.86
2014-10-23,0.0,29.45,21.7,99.28,1.55,4.65
2014-10-24,0.0,29.81,21.56,99.12,1.42,5.2
2014-10-25,0.0,28.59,24.54,99.15,1.53,5.72
2014-10-26,0.0,28.5,25.4,99.31,1.29,6.12
2014-10-27,0.0,28.44,25.62,99.29,1.2,6.35
2014-10-28,0.0,28.08,26.21,99.17,1.81,6.32
2014-10-29,0.0,27.17,31.12,99.21,1.56,7.68
2014-10-30,0.0,25.92,36.84,99.26,1.19,9.41
2014-10-31,0.08,25.25,53.58,99.39,1.87,14.65
2014-11-01,0.0,26.04,40.62,99.42,1.27,10.88
2014-11-02,0.0,27.43,35.87,99.42,0.86,10.24
2014-11-03,0.0,27.67,32.63,99.34,1.55,9.25
2014-11-04,0.0,25.55,34.01,99.26,1.34,7.92
2014-11-05,0.0,25.47,34.9,99.34,1.36,8.42
2014-11-06,0.0,26.12,35.11,99.17,1.95,8.82
2014-11-07,0.0,26.64,43.94,99.15,2.51,12.71
2014-11-08,0.0,24.47,41.38,99.52,2.65,10.19
2014-11-09,0.0,23.23,33.2,99.71,3.03,5.79
2014-11-10,0.0,21.94,15.23,99.56,1.61,-6.33
2014-11-11,0.0,23.19,12.01,99.43,1.27,-7.86
2014-11-12,0.0,22.05,14.13,99.49,1.94,-6.85
2014-11-13,0.0,21.16,13.99,99.62,2.17,-7.62
2014-11-14,0.0,22.14,14.81,99.69,1.74,-6.03
2014-11-15,0.0,23.23,14.06,99.49,1.2,-5.92
2014-11-16,0.0,22.34,13.88,99.41,1.36,-7.15
2014-11-17,0.0,21.41,13.25,99.5,1.48,-8.22
2014-11-18,0.0,21.06,13.33,99.58,1.44,-8.56
2014-11-19,0.0,21.73,13.78,99.56,1.78,-7.68
2014-11-20,0.0,22.32,14.42,99.45,1.27,-6.09
2014-11-21,0.0,22.78,17.18,99.36,1.39,-3.46
2014-11-22,0.0,21.95,18.33,99.28,1.41,-3.76
2014-11-23,0.0,20.61,18.1,99.43,2.24,-5.11
2014-11-24,0.0,19.68,18.78,99.51,1.6,-5.45
2014-11-25,0.0,20.88,16.92,99.47,1.7,-5.66
2014-11-26,0.0,22.17,16.43,99.18,1.53,-4.89
2014-11-27,0.0,23.4,28.06,99.02,2.25,3.36
2014-11-28,0.0,23.56,41.51,99.12,2.04,8.81
2014-11-29,0.0,21.77,31.47,99.28,1.66,3.72
2014-11-30,0.0,21.55,30.55,99.43,1.65,2.73
2014-12-01,0.0,21.43,30.74,99.56,2.06,2.91
2014-12-02,0.0,22.53,29.91,99.52,1.13,3.49
2014-12-03,0.0,23.35,26.23,99.5,1.09,2.4
2014-12-04,0.0,23.0,25.21,99.53,1.0,1.67
2014-12-05,0.0,21.5,25.03,99.66,1.54,-0.14
2014-12-06,0.0,20.4,25.11,99.71,1.76,-0.89
2014-12-07,0.0,21.31,22.07,99.55,1.05,-1.92
2014-12-08,0.0,20.84,18.76,99.47,1.56,-4.4
2014-12-09,0.0,19.55,17.48,99.62,1.64,-6.13
2014-12-10,0.0,17.21,17.34,99.7,2.01,-8.25
2014-12-11,0.0,15.66,13.55,99.63,2.34,-12.16
2014-12-12,0.0,15.71,17.05,99.46,3.52,-9.21
2014-12-13,0.0,15.41,16.66,99.47,3.05,-9.83
2014-12-14,0.0,15.29,15.09,99.68,1.7,-10.87
2014-12-15,0.0,16.01,19.46,99.91,1.17,-7.42
2014-12-16,0.0,14.96,29.64,100.04,1.88,-4.04
2014-12-17,0.0,15.02,26.62,100.01,1.68,-4.94
2014-12-18,0.0,15.84,24.36,99.91,1.49,-5.12
2014-12-19,0.0,15.81,23.43,100.04,1.81,-5.57
2014-12-20,0.0,13.97,24.55,99.94,2.61,-6.58
2014-12-21,0.0,14.9,19.65,99.58,1.73,-8.94
2014-12-22,0.0,14.11,18.14,99.38,1.81,-9.85
2014-12-23,0.0,13.69,20.28,99.59,2.11,-8.6
2014-12-24,0.0,13.53,26.25,99.94,2.39,-5.71
2014-12-25,0.0,15.43,28.28,99.95,1.59,-3.38
2014-12-26,0.0,16.25,26.48,99.85,1.61,-3.3
2014-12-27,0.0,16.96,25.02,99.64,1.55,-4.06
2014-12-28,0.0,15.8,24.25,99.71,1.67,-5.43
2014-12-29,0.0,14.8,18.61,99.56,1.92,-8.98
2014-12-30,0.0,13.13,20.29,99.35,2.54,-9.46
2014-12-31,0.0,12.13,22.29,99.49,3.03,-9.16
2015-01-01,0.0,11.97,28.43,99.72,3.5,-6.12
2015-01-02,0.0,15.26,32.31,99.72,2.74,-1.69
2015-01-03,0.0,16.79,60.17,99.68,1.42,7.69
2015-01-04,0.0,17.21,47.49,99.82,1.97,4.9
2015-01-05,0.0,17.82,36.68,99.77,1.51,2.04
2015-01-06,0.0,18.17,36.6,99.55,1.88,2.26
2015-01-07,0.0,18.51,32.21,99.52,1.15,0.75
2015-01-08,0.0,17.88,27.89,99.66,1.62,-2.06
2015-01-09,0.0,17.52,23.01,99.75,1.87,-4.13
2015-01-10,0.0,15.65,26.84,99.87,1.93,-3.7
2015-01-11,0.0,17.48,27.06,99.83,1.24,-2.19
2015-01-12,0.0,18.99,26.71,99.61,1.26,-1.33
2015-01-13,0.0,18.1,31.53,99.4,2.07,0.41
2015-01-14,0.0,15.14,35.38,99.62,2.26,-1.07
2015-01-15,0.0,13.51,49.25,99.95,2.67,2.42
2015-01-16,0.0,13.57,49.57,99.96,2.05,2.34
2015-01-17,0.0,14.21,44.87,99.92,1.77,1.34
2015-01-18,0.0,14.8,32.93,99.79,1.79,-2.48
2015-01-19,0.0,15.49,25.92,99.6,2.23,-5.17
2015-01-20,0.01,16.17,22.05,99.43,2.03,-6.63
2015-01-21,0.39,17.66,27.06,99.58,1.94,-2.03
2015-01-22,0.01,14.02,53.36,99.86,2.99,3.36
2015-01-23,0.0,12.93,50.3,99.97,2.58,1.97
2015-01-24,0.0,12.77,47.61,100.0,1.77,1.19
2015-01-25,0.0,13.82,42.94,99.95,2.18,0.42
2015-01-26,0.0,14.21,39.75,99.9,2.02,-0.28
2015-01-27,0.0,12.77,34.97,99.92,1.9,-3.29
2015-01-28,0.0,12.13,32.57,99.86,2.2,-4.92
2015-01-29,0.0,14.02,22.45,99.87,1.74,-7.85
2015-01-30,0.0,15.1,21.64,100.05,2.0,-7.62
2015-01-31,0.0,17.73,16.39,99.7,1.63,-8.72
2015-02-01,0.0,17.65,17.35,99.36,1.88,-7.69
2015-02-02,0.13,16.87,24.01,99.47,2.34,-4.37
2015-02-03,0.0,16.37,43.11,100.0,2.24,2.31
2015-02-04,0.0,16.52,41.14,100.21,3.04,1.85
2015-02-05,0.0,16.73,34.32,99.89,1.36,-0.16
2015-02-06,0.0,17.94,25.79,99.63,2.1,-2.31
2015-02-07,0.0,18.01,24.83,99.51,2.38,-2.8
2015-02-08,0.0,16.35,42.17,99.74,3.79,2.88
2015-02-09,0.0,16.83,43.0,99.93,3.77,3.16
2015-02-10,0.0,17.25,32.0,99.98,2.0,-0.56
2015-02-11,0.0,18.39,26.42,99.74,1.4,-2.06
2015-02-12,0.0,21.45,21.78,99.6,1.19,-1.93
2015-02-13,0.0,22.37,24.97,99.27,2.65,0.56
2015-02-14,0.0,23.41,43.33,99.12,2.05,7.31
2015-02-15,0.0,24.68,28.67,99.03,2.52,4.56
2015-02-16,0.0,24.21,38.87,99.02,2.69,7.46
2015-02-17,0.0,22.48,34.39,99.25,2.75,5.42
2015-02-18,0.0,22.96,33.49,99.11,1.44,5.16
2015-02-19,0.0,24.37,28.45,98.97,1.91,3.54
2015-02-20,0.0,24.24,29.59,99.23,1.49,4.39
2015-02-21,0.0,22.8,36.55,99.53,3.13,6.27
2015-02-22,0.0,22.97,37.12,99.47,1.7,6.59
2015-02-23,0.0,25.84,27.94,99.21,2.92,4.69
2015-02-24,0.0,24.07,32.78,98.87,4.22,5.68
2015-02-25,0.0,17.92,15.6,98.95,3.91,-9.37
2015-02-26,0.0,16.08,14.83,99.05,1.81,-10.9
2015-02-27,0.0,17.68,17.73,99.19,2.3,-7.93
2015-02-28,0.03,17.63,23.73,99.17,3.28,-4.78
2015-03-01,6.85,16.16,54.68,98.9,4.17,6.61
2015-03-02,0.0,16.27,56.61,99.2,1.56,6.52
2015-03-03,0.0,18.77,40.14,99.28,2.01,3.8
2015-03-04,0.0,19.9,31.83,99.24,1.74,1.29
2015-03-05,8.55,20.33,46.68,99.31,1.93,8.08
2015-03-06,0.93,18.79,55.64,99.63,3.34,9.17
2015-03-07,0.66,19.39,58.74,99.38,1.9,10.27
2015-03-08,0.0,17.6,31.41,99.53,2.87,-2.53
2015-03-09,0.0,18.22,20.07,99.97,2.12,-6.32
2015-03-10,0.0,17.24,32.36,100.03,3.09,-0.37
2015-03-11,0.0,19.32,29.27,99.72,1.91,-0.53
2015-03-12,0.0,21.9,23.5,99.61,2.68,-0.84
2015-03-13,0.04,22.15,27.93,99.29,2.08,2.04
2015-03-14,0.92,22.71,39.06,99.13,3.12,7.27
2015-03-15,0.32,20.59,47.77,99.18,2.42,8.09
2015-03-16,0.0,20.92,44.46,99.51,1.73,7.42
2015-03-17,0.0,21.34,41.89,99.77,2.86,6.99
2015-03-18,0.0,23.58,35.28,99.45,1.58,6.13
2015-03-19,0.0,26.04,26.43,99.3,1.52,4.3
2015-03-20,0.01,27.28,25.45,99.35,2.14,5.19
2015-03-21,0.0,27.67,24.25,99.44,2.4,4.74
2015-03-22,0.0,28.71,25.19,99.37,1.89,6.42
2015-03-23,0.0,31.0,24.5,99.05,2.0,7.51
2015-03-24,0.0,31.12,19.75,98.9,2.09,3.83
2015-03-25,0.0,30.8,22.53,99.01,2.05,5.71
2015-03-26,0.0,29.94,25.92,99.2,2.88,7.34
2015-03-27,0.0,30.31,24.54,99.21,2.84,6.34
2015-03-28,0.0,31.37,21.15,98.87,2.13,5.5
2015-03-29,0.01,28.95,24.49,98.66,3.26,6.16
2015-03-30,0.0,26.47,38.46,98.88,2.84,9.67
2015-03-31,0.0,27.75,28.82,98.95,1.97,6.97
2015-04-01,0.0,29.6,24.74,98.64,3.26,6.0
2015-04-02,2.65,30.6,41.71,98.38,3.39,14.88
2015-04-03,7.45,27.1,47.3,98.44,4.06,13.84
2015-04-04,1.01,24.9,60.56,98.5,2.68,15.82
2015-04-05,0.31,26.8,42.26,98.62,2.13,12.0
2015-04-06,3.47,27.91,39.39,98.67,2.07,12.33
2015-04-07,0.07,27.11,41.35,98.85,2.75,11.91
2015-04-08,0.0,26.69,33.43,99.18,3.23,7.98
2015-04-09,0.0,27.62,29.97,99.09,1.95,7.09
2015-04-10,0.0,30.35,22.03,98.85,1.38,5.21
2015-04-11,1.78,29.85,26.45,98.77,1.81,7.43
2015-04-12,0.31,28.54,36.18,99.1,1.89,11.09
2015-04-13,0.0,29.62,34.65,99.2,2.2,11.5
2015-04-14,0.0,30.13,33.4,99.13,2.33,11.15
2015-04-15,0.0,31.09,31.61,99.14,2.01,11.22
2015-04-16,0.0,33.18,25.67,99.22,1.57,9.94
2015-04-17,0.0,33.92,22.55,98.89,2.02,8.69
2015-04-18,0.0,34.88,18.57,98.37,2.87,5.83
2015-04-19,0.0,35.35,18.47,98.28,4.55,5.67
2015-04-20,0.0,32.43,25.2,98.6,3.5,8.49
2015-04-21,0.0,32.72,11.51,98.73,2.06,-2.12
2015-04-22,0.0,33.77,9.91,98.52,1.69,-2.54
2015-04-23,0.0,33.45,12.65,98.47,1.78,-0.5
2015-04-24,0.0,33.9,14.05,98.55,3.25,1.23
2015-04-25,0.0,34.81,19.81,98.45,4.05,6.35
2015-04-26,0.0,35.14,23.11,98.47,4.03,8.13
2015-04-27,0.0,34.66,29.13,98.48,4.78,12.3
2015-04-28,0.0,33.4,16.95,98.59,2.63,1.53
2015-04-29,0.0,35.46,10.11,98.44,2.34,-2.16
2015-04-30,0.0,33.86,16.41,98.44,4.51,1.59
2015-05-01,0.0,32.26,17.71,98.71,2.61,3.2
2015-05-02,0.0,34.06,13.05,98.63,1.99,0.16
2015-05-03,0.0,34.87,9.59,98.62,1.65,-2.96
2015-05-04,0.0,35.01,10.2,98.68,1.43,-1.6
2015-05-05,0.0,35.2,13.0,98.62,2.02,2.01
2015-05-06,0.0,34.8,15.96,98.5,3.45,3.76
2015-05-07,0.0,33.38,27.94,98.58,3.68,10.94
2015-05-08,0.0,34.46,32.84,98.44,4.13,14.49
2015-05-09,0.07,34.98,30.5,98.36,3.91,13.89
2015-05-10,0.09,35.69,27.76,98.4,2.87,13.1
2015-05-11,2.45,34.97,34.7,98.42,2.97,16.49
2015-05-12,6.93,32.99,37.76,98.59,2.4,16.19
2015-05-13,0.29,32.83,35.04,98.61,2.33,14.46
2015-05-14,1.02,33.58,33.76,98.73,2.53,14.8
2015-05-15,0.0,35.09,26.67,98.69,1.91,11.5
2015-05-16,0.0,36.08,23.19,98.31,2.65,10.55
2015-05-17,0.0,36.14,32.14,98.09,4.04,15.23
2015-05-18,0.02,36.65,35.79,98.13,3.31,17.76
2015-05-19,0.05,37.39,32.57,98.27,2.19,17.01
2015-05-20,0.06,36.67,31.38,98.38,2.79,15.65
2015-05-21,0.0,37.23,27.6,98.22,3.64,13.97
2015-05-22,0.0,36.92,25.63,98.11,4.59,11.84
2015-05-23,0.0,36.76,28.84,97.95,4.37,12.86
2015-05-24,0.0,36.99,19.85,97.98,4.69,5.41
2015-05-25,0.0,36.74,23.9,98.07,4.96,9.18
2015-05-26,0.0,36.48,24.0,98.22,2.85,6.54
2015-05-27,0.18,36.44,28.59,98.28,4.44,13.36
2015-05-28,1.02,35.96,33.82,98.17,3.97,16.46
2015-05-29,0.2,36.29,27.18,98.38,1.92,13.75
2015-05-30,0.0,36.67,21.24,98.43,2.1,9.93
2015-05-31,0.01,36.65,27.06,98.15,2.97,13.22
2015-06-01,0.0,37.23,26.14,97.85,3.55,13.62
2015-06-02,25.38,31.45,60.09,98.26,3.14,22.42
2015-06-03,4.15,31.32,48.15,98.41,1.4,18.02
2015-06-04,1.03,31.17,48.18,98.67,2.33,17.92
2015-06-05,0.0,33.36,34.8,98.62,1.59,14.56
2015-06-06,0.0,35.23,26.86,98.35,1.83,12.25
2015-06-07,0.0,35.23,31.78,98.11,2.24,14.42
2015-06-08,0.0,36.22,30.06,98.14,3.41,14.55
2015-06-09,0.0,33.53,42.28,98.32,5.36,18.88
2015-06-10,0.02,33.35,46.4,98.24,5.18,19.9
2015-06-11,0.39,34.38,43.74,98.28,3.3,19.85
2015-06-12,0.0,35.73,36.86,98.12,3.71,17.89
2015-06-13,0.0,35.38,39.95,97.88,5.19,19.03
2015-06-14,0.21,35.46,42.77,97.79,5.18,20.13
2015-06-15,0.07,34.86,45.01,97.91,3.93,20.35
2015-06-16,0.05,35.88,40.44,98.01,2.09,19.72
2015-06-17,0.08,36.81,35.83,97.91,1.78,18.83
2015-06-18,0.13,38.35,32.71,97.84,1.99,18.4
2015-06-19,0.02,38.68,33.73,97.72,2.44,19.0
2015-06-20,0.16,38.92,32.11,97.61,3.39,18.53
2015-06-21,1.76,38.37,29.91,97.63,1.82,17.27
2015-06-22,0.28,37.91,35.34,97.54,2.27,19.62
2015-06-23,0.62,37.39,38.81,97.45,2.42,20.7
2015-06-24,0.15,36.44,40.06,97.5,2.54,20.38
2015-06-25,3.61,35.79,44.06,97.53,2.68,21.43
2015-06-26,2.45,35.49,45.99,97.57,5.49,21.34
2015-06-27,0.0,35.32,41.98,97.73,5.19,19.13
2015-06-28,0.0,36.32,41.05,98.05,4.97,19.65
2015-06-29,0.0,36.62,36.74,98.23,5.29,18.25
2015-06-30,0.1,36.29,36.95,98.14,4.39,18.66
2015-07-01,1.01,35.31,41.06,98.15,4.66,19.34
2015-07-02,0.94,34.79,46.27,98.23,4.36,21.12
2015-07-03,0.0,35.59,42.6,98.13,5.41,20.04
2015-07-04,0.0,36.01,42.78,97.92,7.22,20.01
2015-07-05,0.0,35.46,48.88,97.67,7.8,22.04
2015-07-06,0.05,35.55,46.42,97.53,6.69,21.29
2015-07-07,0.48,35.37,44.51,97.65,4.29,20.49
2015-07-08,0.74,35.76,43.34,97.88,2.88,20.91
2015-07-09,0.07,35.78,43.19,97.88,4.32,20.62
2015-07-10,0.01,35.47,42.45,97.59,4.94,19.95
2015-07-11,13.79,32.75,57.24,97.9,2.93,22.93
2015-07-12,1.87,33.31,55.58,98.11,1.45,22.76
2015-07-13,2.27,32.69,58.18,98.19,4.34,23.13
2015-07-14,0.0,33.35,50.26,98.04,5.02,20.86
2015-07-15,0.0,34.33,46.99,97.6,6.78,20.63
2015-07-16,0.0,34.12,49.17,97.33,5.75,21.14
2015-07-17,0.0,34.5,46.23,97.55,4.96,20.58
2015-07-18,0.06,34.74,46.03,97.78,3.8,20.91
2015-07-19,0.06,35.82,42.29,97.76,2.98,20.62
2015-07-20,0.03,35.24,44.6,97.82,3.45,20.93
2015-07-21,28.93,32.76,60.67,98.0,2.52,23.95
2015-07-22,16.46,31.65,68.97,98.1,1.76,24.99
2015-07-23,2.98,31.16,70.15,98.12,1.14,24.84
2015-07-24,7.66,31.41,67.85,98.16,1.46,24.56
2015-07-25,7.59,29.77,77.45,98.01,2.42,25.29
2015-07-26,28.53,29.46,79.12,97.86,1.93,25.38
2015-07-27,10.86,30.42,73.81,97.67,3.57,24.84
2015-07-28,6.92,30.19,68.35,97.61,4.17,23.45
2015-07-29,19.46,28.31,76.87,97.82,2.73,23.78
2015-07-30,32.24,28.89,80.54,97.92,3.51,25.03
2015-07-31,3.17,29.67,73.25,97.89,4.76,23.98
2015-08-01,0.13,30.43,66.61,98.08,5.43,22.95
2015-08-02,0.01,30.42,65.75,98.3,3.72,22.72
2015-08-03,0.0,30.9,62.56,98.33,3.11,22.28
2015-08-04,0.0,31.17,59.14,98.17,4.13,21.49
2015-08-05,0.01,31.08,61.0,97.97,3.6,22.01
2015-08-06,0.0,31.37,61.21,97.91,4.11,22.52
2015-08-07,0.0,32.18,58.68,98.02,4.39,22.33
2015-08-08,0.0,32.25,57.71,98.09,4.48,22.08
2015-08-09,0.0,31.14,57.7,98.01,4.19,21.07
2015-08-10,0.0,30.89,60.36,98.07,3.51,21.85
2015-08-11,0.05,32.06,57.83,98.3,3.02,22.09
2015-08-12,8.63,31.46,63.63,98.37,2.9,23.4
2015-08-13,11.45,30.33,70.35,98.32,2.67,24.14
2015-08-14,5.48,30.08,71.27,98.28,3.14,24.1
2015-08-15,18.46,29.74,74.74,98.35,3.56,24.67
2015-08-16,4.95,30.09,71.11,98.44,3.32,24.02
2015-08-17,0.0,31.28,62.58,98.28,3.64,22.79
2015-08-18,0.0,31.87,58.32,98.35,4.55,22.1
2015-08-19,0.0,31.27,59.64,98.37,5.98,21.93
2015-08-20,0.0,30.62,60.58,98.21,5.58,21.42
2015-08-21,0.0,30.25,62.03,98.15,4.93,21.52
2015-08-22,0.0,31.04,62.8,98.1,5.13,22.53
2015-08-23,0.0,30.96,62.23,98.15,4.8,22.31
2015-08-24,0.0,30.69,63.43,98.3,3.55,22.46
2015-08-25,0.0,30.74,60.02,98.35,3.9,21.54
2015-08-26,0.0,31.35,57.93,98.24,4.15,21.34
2015-08-27,0.0,31.32,58.56,98.25,3.69,21.61
2015-08-28,0.0,31.32,58.4,98.4,3.37,21.62
2015-08-29,0.0,31.5,55.83,98.34,3.59,20.88
2015-08-30,0.0,31.46,55.12,98.28,4.39,20.6
2015-08-31,0.0,30.54,56.11,98.38,3.62,20.15
2015-09-01,0.0,29.82,52.78,98.33,4.16,18.36
2015-09-02,0.0,29.04,53.03,98.34,4.34,17.73
2015-09-03,0.0,29.27,51.1,98.58,4.33,17.08
2015-09-04,0.0,30.22,49.56,98.95,2.7,17.6
2015-09-05,0.0,30.12,47.81,98.94,3.36,16.89
2015-09-06,0.0,29.96,48.06,98.8,3.42,16.98
2015-09-07,0.0,30.25,50.69,98.71,3.1,18.1
2015-09-08,0.0,30.62,50.63,98.77,2.52,18.46
2015-09-09,0.0,31.42,45.8,98.76,2.22,17.28
2015-09-10,0.0,31.63,44.61,98.85,2.29,17.33
2015-09-11,0.0,31.91,42.99,98.79,2.24,16.83
2015-09-12,0.0,32.45,40.93,98.7,2.21,16.33
2015-09-13,0.0,33.11,41.16,98.68,2.3,17.32
2015-09-14,0.0,32.27,40.32,98.51,3.04,15.98
2015-09-15,0.0,31.69,45.57,98.43,3.0,17.18
2015-09-16,3.33,31.58,48.14,98.46,1.96,18.47
2015-09-17,0.01,32.81,39.51,98.48,1.51,16.38
2015-09-18,0.0,32.86,34.27,98.47,2.41,14.32
2015-09-19,1.01,31.13,47.02,98.35,4.03,17.49
2015-09-20,36.03,28.61,73.32,98.22,2.57,23.3
2015-09-21,38.8,26.83,82.74,98.2,2.78,23.54
2015-09-22,12.03,27.47,74.24,98.23,2.82,21.99
2015-09-23,0.0,27.01,52.27,98.6,3.35,14.97
2015-09-24,0.0,26.98,54.71,98.67,2.62,16.12
2015-09-25,0.0,27.59,55.34,98.46,3.99,17.04
2015-09-26,0.0,28.01,59.67,98.54,3.97,18.62
2015-09-27,0.0,28.31,54.31,98.79,2.16,17.2
2015-09-28,0.0,28.18,48.61,98.9,1.92,15.46
2015-09-29,0.0,28.78,38.56,99.11,1.67,12.06
2015-09-30,0.0,29.6,36.1,99.27,1.31,12.0
2015-10-01,0.0,30.63,35.04,99.22,1.08,12.36
2015-10-02,0.0,30.43,34.17,99.16,1.85,11.39
2015-10-03,0.0,29.97,34.22,98.9,2.79,11.13
2015-10-04,0.0,28.57,45.16,98.86,3.24,14.42
2015-10-05,0.0,28.6,49.44,99.0,2.75,15.43
2015-10-06,0.0,29.29,44.07,98.98,2.3,14.96
2015-10-07,0.0,30.25,32.96,99.02,1.69,11.08
2015-10-08,0.0,29.99,34.43,98.97,1.8,11.67
2015-10-09,0.0,28.86,37.91,98.62,3.38,12.33
2015-10-10,0.0,28.79,51.94,98.5,4.41,16.97
2015-10-11,0.0,27.88,55.93,98.82,3.86,17.36
2015-10-12,0.0,27.84,46.86,99.11,3.01,14.08
2015-10-13,0.0,28.06,44.51,99.12,3.05,13.88
2015-10-14,0.0,29.07,45.06,99.25,2.46,15.0
2015-10-15,0.0,29.23,48.24,99.33,1.2,16.19
2015-10-16,0.0,29.58,40.12,99.32,1.14,13.41
2015-10-17,0.0,29.45,38.66,99.29,1.34,13.04
2015-10-18,0.0,29.27,36.34,99.26,1.91,11.74
2015-10-19,0.0,29.09,38.18,99.23,1.42,12.54
2015-10-20,0.0,28.5,41.03,99.1,1.19,13.37
2015-10-21,0.0,26.4,42.94,99.2,2.12,12.09
2015-10-22,0.0,26.04,33.86,99.29,1.61,7.78
2015-10-23,0.0,27.36,33.46,99.2,1.79,8.92
2015-10-24,0.0,27.58,33.98,99.01,2.66,9.43
2015-10-25,0.29,26.69,40.05,99.09,1.42,11.28
2015-10-26,0.01,23.36,48.1,99.53,3.16,11.19
2015-10-27,0.0,22.19,48.24,99.62,2.36,10.04
2015-10-28,0.06,22.43,41.95,99.59,2.19,8.08
2015-10-29,0.0,21.78,39.24,99.64,1.88,6.54
2015-10-30,0.0,22.61,44.56,99.62,1.89,9.11
2015-10-31,0.0,22.66,43.56,99.58,1.94,8.84
2015-11-01,0.0,22.55,43.07,99.54,2.08,8.75
2015-11-02,0.0,23.84,47.57,99.48,2.02,11.56
2015-11-03,0.0,24.14,43.83,99.45,2.0,10.42
2015-11-04,0.0,25.05,39.24,99.22,1.78,9.47
2015-11-05,0.0,24.12,37.14,99.21,1.76,7.67
2015-11-06,0.0,21.51,31.36,99.39,2.69,2.83
2015-11-07,0.0,20.73,34.33,99.5,2.34,3.44
2015-11-08,0.0,21.01,29.34,99.58,2.46,1.83
2015-11-09,0.0,21.29,32.18,99.52,2.37,3.56
2015-11-10,0.0,21.5,35.57,99.46,2.67,5.17
2015-11-11,0.0,22.01,39.44,99.52,2.36,7.12
2015-11-12,0.0,23.45,39.38,99.55,1.32,8.22
2015-11-13,0.0,24.35,40.07,99.52,1.45,9.24
2015-11-14,0.0,22.98,45.23,99.3,1.66,9.98
2015-11-15,0.0,22.8,45.11,99.24,1.44,9.6
2015-11-16,0.0,22.55,38.44,99.45,2.31,6.9
2015-11-17,0.0,22.78,25.31,99.44,1.22,1.04
2015-11-18,0.0,21.54,23.55,99.58,1.54,-1.0
2015-11-19,0.0,20.69,22.4,99.67,1.53,-2.63
2015-11-20,0.0,20.73,22.87,99.54,1.68,-2.02
2015-11-21,0.0,20.19,26.84,99.42,2.1,-0.28
2015-11-22,0.0,20.57,27.03,99.38,2.0,-0.15
2015-11-23,0.0,20.24,29.0,99.46,1.97,0.99
2015-11-24,0.0,20.05,33.9,99.57,2.9,2.85
2015-11-25,0.0,20.16,31.05,99.57,1.9,1.93
2015-11-26,0.0,18.67,22.57,99.48,2.47,-4.23
2015-11-27,0.0,19.05,21.55,99.38,1.56,-3.79
2015-11-28,0.0,19.39,25.66,99.56,1.7,-1.37
2015-11-29,0.0,18.77,32.11,99.76,2.13,1.39
2015-11-30,0.0,19.0,43.12,99.77,2.25,5.53
2015-12-01,0.0,19.86,37.5,99.62,1.64,3.94
2015-12-02,0.0,21.39,26.31,99.63,1.28,0.49
2015-12-03,0.0,21.52,19.25,99.71,1.09,-3.56
2015-12-04,0.0,20.5,20.01,99.47,2.13,-4.09
2015-12-05,0.0,20.88,20.0,99.51,1.29,-3.73
2015-12-06,0.0,20.91,20.57,99.51,1.24,-2.94
2015-12-07,0.0,19.57,25.3,99.57,1.49,-1.53
2015-12-08,0.0,19.54,27.0,99.5,1.52,-0.72
2015-12-09,0.0,20.37,33.17,99.28,2.47,3.29
2015-12-10,0.0,17.18,36.39,99.32,2.16,1.68
2015-12-11,0.0,13.36,20.6,99.32,2.63,-9.6
2015-12-12,0.0,13.73,20.3,99.49,1.93,-8.82
2015-12-13,0.0,14.67,23.36,99.55,1.47,-6.83
2015-12-14,0.0,13.88,22.27,99.78,2.12,-7.93
2015-12-15,0.0,15.45,18.71,99.62,1.4,-8.88
2015-12-16,0.0,16.41,16.3,99.4,1.57,-9.51
2015-12-17,0.0,15.55,19.33,99.63,2.34,-7.94
2015-12-18,0.0,14.15,22.23,99.9,1.91,-7.55
2015-12-19,0.0,15.0,20.61,99.78,1.49,-7.9
2015-12-20,0.0,14.65,23.65,99.78,1.91,-6.24
2015-12-21,0.0,15.16,25.97,99.76,1.56,-4.9
2015-12-22,0.0,15.66,26.11,99.88,1.46,-4.52
2015-12-23,0.0,15.12,25.59,100.07,1.89,-4.72
2015-12-24,0.0,12.19,29.78,100.27,2.24,-5.91
2015-12-25,0.0,13.9,22.51,100.13,1.5,-7.89
2015-12-26,0.0,15.99,18.98,100.05,1.68,-8.13
2015-12-27,0.0,17.85,16.71,100.08,1.49,-8.25
2015-12-28,0.0,17.95,21.14,100.15,1.86,-5.24
2015-12-29,0.0,18.4,26.35,99.89,1.76,-2.05
2015-12-30,0.0,19.29,24.95,99.64,1.5,-1.86
2015-12-31,0.0,16.91,34.3,99.9,2.93,0.26
2016-01-01,0.0,16.83,27.15,100.05,2.22,-2.78
2016-01-02,0.0,17.61,26.32,100.07,1.87,-2.84
2016-01-03,0.0,19.04,20.78,99.83,1.06,-4.45
2016-01-04,0.0,21.16,27.07,99.68,1.79,1.18
2016-01-05,0.0,18.51,30.66,99.69,2.03,0.16
2016-01-06,0.0,17.3,36.09,99.62,1.19,1.81
2016-01-07,0.0,17.69,39.78,99.82,1.59,3.51
2016-01-08,0.0,17.0,42.8,99.93,1.36,3.57
2016-01-09,0.0,17.85,38.13,99.67,1.74,2.61
2016-01-10,0.0,18.46,34.31,99.57,2.06,1.66
2016-01-11,0.0,18.96,39.2,99.59,1.26,4.25
2016-01-12,0.0,18.71,46.61,99.44,1.53,6.62
2016-01-13,0.0,16.13,49.95,99.58,2.5,4.6
2016-01-14,0.0,15.58,38.9,99.61,1.53,1.37
2016-01-15,0.0,15.49,43.29,99.62,2.23,2.43
2016-01-16,0.0,16.29,35.24,99.44,1.2,-0.26
2016-01-17,0.0,16.17,29.43,99.29,1.73,-2.47
2016-01-18,0.0,15.31,29.32,99.36,2.81,-3.27
2016-01-19,0.0,14.54,32.28,99.51,2.41,-2.38
2016-01-20,0.0,16.16,27.5,99.79,1.28,-4.56
2016-01-21,0.0,17.06,18.5,99.85,1.41,-7.41
2016-01-22,0.0,17.42,18.85,99.73,1.21,-6.72
2016-01-23,0.0,15.4,21.45,99.87,2.01,-7.06
2016-01-24,0.0,14.25,23.62,99.84,1.97,-6.84
2016-01-25,0.0,14.29,21.87,99.63,1.83,-7.79
2016-01-26,0.0,15.77,21.12,99.42,1.56,-6.75
2016-01-27,0.0,15.14,22.61,99.54,2.24,-6.28
2016-01-28,0.0,18.76,25.64,99.52,1.43,-1.62
2016-01-29,0.0,21.01,45.16,99.46,2.84,8.45
2016-01-30,0.0,21.55,52.92,99.5,1.5,11.01
2016-01-31,0.0,18.76,44.21,99.62,2.84,6.05
2016-02-01,0.0,17.97,25.64,99.72,1.54,-3.08
2016-02-02,0.0,17.65,16.95,99.76,1.37,-8.23
2016-02-03,0.0,17.26,17.75,99.8,1.88,-8.38
2016-02-04,0.0,18.28,14.98,99.68,1.12,-9.25
2016-02-05,0.0,17.85,16.29,99.47,2.04,-8.65
2016-02-06,0.0,17.73,17.05,99.22,2.11,-8.08
2016-02-07,0.0,18.61,17.29,99.52,1.51,-7.31
2016-02-08,0.0,18.49,18.87,99.64,1.41,-6.65
2016-02-09,0.0,19.37,19.76,99.42,1.42,-5.56
2016-02-10,0.0,19.55,21.09,99.08,2.87,-3.91
2016-02-11,0.0,16.94,13.13,99.12,2.57,-12.16
2016-02-12,0.0,16.66,12.79,99.19,1.97,-12.17
2016-02-13,0.0,15.81,27.32,99.53,2.33,-3.95
2016-02-14,0.0,16.32,23.37,99.72,2.14,-5.47
2016-02-15,0.0,16.07,19.28,99.82,2.87,-8.02
2016-02-16,0.0,15.96,20.5,99.89,3.22,-7.42
2016-02-17,0.03,18.15,18.52,99.82,4.36,-6.41
2016-02-18,1.12,21.02,28.62,99.59,4.32,1.83
2016-02-19,1.3,20.89,50.32,99.45,3.62,9.76
2016-02-20,0.01,20.07,51.29,99.71,2.34,7.1
2016-02-21,0.0,22.26,23.83,99.66,1.07,-1.31
2016-02-22,0.0,23.63,14.08,99.61,1.42,-5.93
2016-02-23,0.0,24.5,12.68,99.43,1.07,-6.49
2016-02-24,0.0,25.43,11.12,99.22,1.04,-7.47
2016-02-25,0.0,25.33,11.4,99.31,1.58,-7.09
2016-02-26,0.0,23.58,12.52,99.65,2.59,-7.45
2016-02-27,0.0,23.11,14.11,99.73,1.76,-6.42
2016-02-28,0.0,24.45,15.49,99.7,1.84,-4.45
2016-02-29,0.0,25.07,17.03,99.64,2.49,-2.45
2016-03-01,0.0,25.47,19.31,99.41,2.38,-0.34
2016-03-02,0.0,26.46,19.97,99.27,1.63,0.54
2016-03-03,0.0,26.84,22.34,99.37,1.59,2.96
2016-03-04,1.42,25.27,37.66,99.28,2.58,8.68
2016-03-05,0.39,23.38,49.15,99.13,2.68,10.39
2016-03-06,0.0,22.58,44.28,99.36,3.53,8.9
2016-03-07,0.0,22.06,43.2,99.46,2.45,8.22
2016-03-08,0.0,24.05,36.76,99.27,1.03,7.68
2016-03-09,0.0,25.9,35.77,99.17,1.48,9.24
2016-03-10,0.01,26.18,40.68,99.17,2.69,11.09
2016-03-11,0.63,25.11,46.53,99.11,3.67,12.49
2016-03-12,0.74,23.62,48.37,98.92,2.82,10.69
2016-03-13,0.0,23.06,40.85,99.0,1.72,7.75
2016-03-14,0.0,23.77,37.39,99.35,2.77,6.64
2016-03-15,0.0,25.08,25.4,99.37,2.53,2.96
2016-03-16,0.0,26.0,24.66,99.17,2.65,3.55
2016-03-17,0.56,26.81,40.19,98.88,3.17,11.81
2016-03-18,0.03,26.69,37.57,98.94,2.16,10.68
2016-03-19,0.0,27.89,31.63,98.81,2.65,7.74
2016-03-20,0.0,26.35,34.59,98.99,1.55,6.8
2016-03-21,0.0,26.94,21.59,99.25,2.58,2.44
2016-03-22,0.0,26.53,21.1,99.21,1.99,-0.44
2016-03-23,0.0,29.2,15.25,98.98,2.45,-0.42
2016-03-24,0.0,29.63,23.31,99.09,2.11,6.02
2016-03-25,0.07,26.04,32.41,99.38,5.25,7.83
2016-03-26,0.0,25.14,35.24,99.54,3.81,6.11
2016-03-27,0.0,26.05,17.97,99.41,1.76,-1.14
2016-03-28,0.0,27.91,15.46,99.28,1.41,-1.58
2016-03-29,0.0,29.64,13.63,99.15,1.34,-1.97
2016-03-30,0.0,29.53,16.29,99.07,2.54,-0.56
2016-03-31,0.0,30.2,32.05,98.9,2.06,9.9
2016-04-01,0.0,32.03,28.46,98.71,1.95,10.89
2016-04-02,0.0,31.67,33.29,98.75,3.77,12.06
2016-04-03,0.0,30.54,34.61,98.84,4.4,12.2
2016-04-04,0.0,29.11,27.79,98.84,2.08,7.66
2016-04-05,0.0,28.54,23.99,98.73,2.01,5.62
2016-04-06,0.0,28.49,25.65,98.84,1.14,5.77
2016-04-07,0.0,29.96,25.0,98.9,1.72,7.36
2016-04-08,0.14,30.17,23.96,98.83,2.44,6.58
2016-04-09,0.0,27.73,30.37,99.01,2.8,8.0
2016-04-10,0.25,28.81,27.71,99.1,2.04,7.8
2016-04-11,0.12,29.06,33.29,99.09,2.24,9.66
2016-04-12,0.0,30.74,22.48,98.98,1.35,6.09
2016-04-13,0.0,31.71,20.44,98.68,2.75,5.71
2016-04-14,0.0,32.17,25.01,98.54,3.44,7.69
2016-04-15,0.0,33.46,32.27,98.58,3.56,12.66
2016-04-16,0.0,33.04,38.87,98.4,4.2,16.0
2016-04-17,0.0,32.88,33.26,98.28,3.32,12.46
2016-04-18,0.0,29.59,31.0,98.62,3.41,9.17
2016-04-19,0.0,29.81,31.49,98.7,3.42,10.12
2016-04-20,0.0,32.56,24.01,98.93,1.2,7.82
2016-04-21,0.0,32.55,21.02,98.63,2.32,6.83
2016-04-22,0.0,31.47,12.1,98.4,3.93,-5.43
2016-04-23,0.0,30.88,6.23,98.35,1.9,-10.32
2016-04-24,0.0,31.33,7.32,98.32,1.61,-8.35
2016-04-25,0.0,32.69,13.6,98.38,2.32,-1.56
2016-04-26,0.0,32.17,19.32,98.67,2.83,3.53
2016-04-27,0.0,33.16,16.39,98.69,2.38,1.6
2016-04-28,0.0,34.66,11.42,98.6,1.46,-0.7
2016-04-29,0.0,34.89,16.22,98.57,2.58,4.24
2016-04-30,0.0,34.89,16.58,98.56,2.46,4.56
2016-05-01,0.0,35.05,21.05,98.41,3.81,8.02
2016-05-02,0.0,35.64,25.5,98.2,5.46,10.59
2016-05-03,0.0,33.84,28.64,98.24,5.46,11.45
2016-05-04,1.62,32.51,29.76,98.55,2.35,12.13
2016-05-05,5.0,30.24,36.09,98.7,1.93,13.23
2016-05-06,0.0,32.3,32.29,98.73,1.06,12.28
2016-05-07,0.0,34.19,26.17,98.57,2.95,11.45
2016-05-08,0.0,35.13,28.78,98.56,4.48,12.99
2016-05-09,0.0,35.9,28.29,98.54,4.97,12.7
2016-05-10,0.0,35.73,29.89,98.5,5.15,13.22
2016-05-11,0.0,35.47,28.07,98.51,3.82,12.6
2016-05-12,0.0,35.35,29.64,98.33,2.75,13.71
2016-05-13,0.0,36.79,25.09,98.22,3.66,12.47
2016-05-14,0.0,36.32,27.77,98.38,3.47,13.57
2016-05-15,0.0,36.58,24.19,98.46,2.19,11.99
2016-05-16,0.0,36.91,27.74,98.26,3.1,14.04
2016-05-17,0.0,37.95,19.97,98.06,3.14,9.58
2016-05-18,0.0,38.69,18.45,97.91,4.0,8.45
2016-05-19,0.0,38.83,19.29,97.79,3.97,8.99
2016-05-20,0.0,38.51,24.15,97.73,3.7,12.76
2016-05-21,0.07,37.45,33.45,97.76,5.73,16.91
2016-05-22,0.0,36.62,43.0,97.87,7.1,20.63
2016-05-23,0.02,36.71,39.94,97.87,5.93,18.33
2016-05-24,0.0,36.61,30.07,98.01,4.9,12.2
2016-05-25,0.0,36.05,35.93,97.9,7.15,16.51
2016-05-26,0.0,35.38,38.03,97.96,8.19,17.15
2016-05-27,0.0,34.67,40.51,98.2,7.21,17.45
2016-05-28,0.0,35.01,44.31,98.16,7.09,19.98
2016-05-29,0.0,35.06,44.54,97.95,7.17,19.77
2016-05-30,0.0,34.68,42.36,97.96,6.41,18.55
2016-05-31,0.0,34.96,41.34,98.26,5.45,18.65
2016-06-01,0.0,34.74,40.92,98.38,4.65,18.49
2016-06-02,0.0,34.6,37.59,98.3,4.63,16.73
2016-06-03,0.0,35.25,31.72,98.37,3.89,13.89
2016-06-04,0.0,35.85,22.16,98.43,3.23,7.66
2016-06-05,0.0,36.65,18.41,98.32,1.79,6.78
2016-06-06,0.0,37.92,16.77,98.13,2.77,7.09
2016-06-07,0.0,37.97,26.86,98.03,4.71,13.62
2016-06-08,0.0,37.63,29.84,97.92,5.3,15.32
2016-06-09,0.0,36.8,36.03,97.79,5.26,18.44
2016-06-10,0.0,36.63,38.24,97.82,6.05,19.21
2016-06-11,0.06,36.27,41.38,97.88,6.48,19.94
2016-06-12,0.14,36.49,42.75,97.87,6.35,20.37
2016-06-13,0.0,35.59,45.35,97.93,7.35,20.96
2016-06-14,0.0,35.92,44.15,97.8,5.91,20.65
2016-06-15,0.0,35.74,42.37,97.63,6.43,19.65
2016-06-16,0.0,36.87,36.23,97.69,4.99,18.19
2016-06-17,0.0,36.41,32.11,97.9,5.23,16.37
2016-06-18,0.0,35.47,37.52,98.08,4.66,17.39
2016-06-19,0.0,37.15,33.04,98.05,2.83,16.89
2016-06-20,0.0,38.53,29.82,97.83,2.31,16.58
2016-06-21,0.0,38.25,31.84,97.72,3.83,17.89
2016-06-22,0.21,37.56,36.39,97.95,5.04,19.16
2016-06-23,0.0,36.08,38.68,98.11,5.18,19.15
2016-06-24,0.01,37.35,36.05,97.94,4.21,19.24
2016-06-25,3.01,37.49,37.25,98.02,3.61,20.25
2016-06-26,0.21,36.45,39.96,98.03,3.47,20.49
2016-06-27,13.97,34.29,53.92,97.97,3.05,23.33
2016-06-28,8.35,33.01,59.34,98.06,2.53,23.67
2016-06-29,0.8,34.13,54.31,98.11,1.86,23.32
2016-06-30,1.16,36.06,49.23,97.94,1.99,23.39
2016-07-01,0.0,35.23,47.95,97.65,4.88,22.28
2016-07-02,0.0,35.25,50.89,97.51,5.53,23.09
2016-07-03,1.09,34.32,55.41,97.67,3.84,23.82
2016-07-04,0.33,35.57,47.28,97.72,3.75,22.06
2016-07-05,0.0,35.58,45.54,97.66,5.87,21.35
2016-07-06,0.0,35.56,45.74,97.67,6.08,21.23
2016-07-07,0.0,35.53,46.92,97.78,4.67,21.86
2016-07-08,0.0,36.16,46.23,97.73,4.65,22.21
2016-07-09,0.0,36.12,46.23,97.6,5.31,22.03
2016-07-10,0.04,35.94,45.92,97.65,4.52,21.87
2016-07-11,0.01,36.13,41.97,97.66,4.28,20.56
2016-07-12,0.04,35.76,44.29,97.79,4.7,21.18
2016-07-13,0.02,36.61,42.48,97.79,4.09,21.48
2016-07-14,0.0,35.37,45.59,97.79,4.39,21.66
2016-07-15,0.01,35.45,47.45,97.82,6.21,22.29
2016-07-16,0.0,34.85,49.44,97.84,6.98,22.23
2016-07-17,0.0,34.33,49.16,98.0,6.84,21.58
2016-07-18,0.21,34.27,46.57,98.06,5.81,20.72
2016-07-19,0.01,34.67,45.93,98.07,4.67,20.7
2016-07-20,0.0,34.79,43.89,98.06,5.55,19.89
2016-07-21,0.0,34.9,44.16,97.96,5.79,20.06
2016-07-22,0.0,35.1,44.76,97.84,5.73,20.44
2016-07-23,0.0,35.13,42.1,97.94,4.86,19.55
2016-07-24,0.0,36.01,38.85,98.13,2.53,19.36
2016-07-25,3.68,36.72,37.29,98.1,2.91,19.53
2016-07-26,7.8,34.94,48.4,98.1,5.16,22.07
2016-07-27,3.54,32.62,57.16,98.2,4.71,22.71
2016-07-28,1.38,30.94,61.24,98.28,2.19,22.41
2016-07-29,0.43,33.37,51.77,98.07,3.12,21.83
2016-07-30,0.12,34.25,49.97,97.99,3.79,21.85
2016-07-31,0.01,34.85,46.51,98.01,3.55,21.22
2016-08-01,0.0,35.19,45.26,97.81,4.3,20.96
2016-08-02,0.34,34.84,47.41,97.63,3.74,21.38
2016-08-03,4.63,34.31,45.95,97.72,2.15,20.78
2016-08-04,3.69,31.05,62.01,97.93,2.2,22.85
2016-08-05,14.95,31.19,67.9,97.86,1.81,24.4
2016-08-06,5.19,31.35,68.47,97.85,2.06,24.68
2016-08-07,2.92,32.64,61.64,97.92,2.45,23.86
2016-08-08,10.53,30.57,70.45,98.09,3.19,24.38
2016-08-09,8.1,30.71,70.32,97.95,3.88,24.42
2016-08-10,0.33,30.74,65.26,97.93,4.36,23.0
2016-08-11,0.34,31.86,58.95,98.11,3.87,22.28
2016-08-12,0.04,33.24,50.94,98.21,4.18,20.98
2016-08-13,0.0,32.69,51.09,98.13,3.91,20.44
2016-08-14,0.0,32.58,51.47,98.02,4.63,20.46
2016-08-15,0.0,32.48,52.3,97.96,4.81,20.63
2016-08-16,0.0,32.07,53.63,97.82,4.66,20.67
2016-08-17,0.0,32.13,53.15,97.82,4.43,20.53
2016-08-18,0.02,32.43,48.52,98.04,3.09,19.26
2016-08-19,0.0,33.38,43.41,98.03,3.31,18.56
2016-08-20,0.02,33.98,45.52,97.95,3.3,19.6
2016-08-21,2.77,34.32,47.08,97.97,2.07,20.82
2016-08-22,1.9,34.53,49.07,98.12,2.04,21.41
2016-08-23,1.61,33.23,49.61,98.21,2.76,20.69
2016-08-24,6.99,32.11,56.11,98.18,1.43,21.96
2016-08-25,1.56,31.97,58.58,98.3,2.75,22.29
2016-08-26,0.21,32.5,58.45,98.35,2.73,22.8
2016-08-27,32.12,31.3,67.58,98.43,1.6,24.39
2016-08-28,30.44,29.61,74.98,98.55,2.02,24.54
2016-08-29,0.06,31.26,62.13,98.32,1.28,22.63
2016-08-30,0.34,32.4,54.84,98.14,1.29,21.49
2016-08-31,1.36,31.91,57.83,98.17,1.97,22.01
2016-09-01,0.52,31.58,54.86,98.27,2.3,20.85
2016-09-02,0.0,31.04,52.53,98.25,3.57,19.66
2016-09-03,0.0,30.52,52.9,98.2,4.7,19.03
2016-09-04,0.0,30.33,55.86,98.29,5.04,19.76
2016-09-05,0.0,30.54,58.27,98.37,5.02,20.66
2016-09-06,0.0,29.78,58.57,98.44,4.81,20.06
2016-09-07,0.0,30.0,56.69,98.42,4.59,19.67
2016-09-08,0.0,29.23,54.75,98.58,3.84,18.41
2016-09-09,0.0,29.59,53.47,98.66,3.82,18.47
2016-09-10,0.0,29.51,54.57,98.55,4.03,18.68
2016-09-11,0.0,29.24,55.51,98.45,3.93,18.72
2016-09-12,0.01,29.62,54.43,98.47,3.36,18.63
2016-09-13,0.35,30.42,52.21,98.63,3.23,18.62
2016-09-14,0.36,31.5,46.74,98.72,1.73,17.86
2016-09-15,0.0,32.76,39.25,98.6,1.09,16.38
2016-09-16,0.0,33.2,37.13,98.5,1.17,15.71
2016-09-17,0.0,33.31,34.95,98.36,1.34,14.46
2016-09-18,0.0,33.76,35.79,98.39,1.5,14.79
2016-09-19,0.0,33.16,35.22,98.4,1.34,14.19
2016-09-20,0.0,32.47,39.97,98.31,3.29,15.58
2016-09-21,0.0,31.57,47.23,98.47,3.77,17.5
2016-09-22,0.0,31.88,44.78,98.64,2.58,17.25
2016-09-23,0.0,31.8,41.84,98.47,2.14,16.12
2016-09-24,0.0,30.98,45.31,98.32,2.69,16.81
2016-09-25,0.0,31.03,46.1,98.4,1.97,16.94
2016-09-26,0.0,31.28,45.99,98.58,2.91,17.02
2016-09-27,0.0,30.97,43.62,98.63,3.97,15.69
2016-09-28,0.0,30.44,45.45,98.54,3.81,15.89
2016-09-29,0.0,30.24,49.67,98.5,2.99,17.3
2016-09-30,0.0,30.67,47.4,98.6,2.08,17.19
2016-10-01,0.0,32.4,36.94,98.62,1.18,15.19
2016-10-02,0.03,32.97,37.52,98.78,1.65,15.76
2016-10-03,1.18,32.55,50.09,98.68,1.59,20.28
2016-10-04,2.46,32.91,47.73,98.51,1.57,19.82
2016-10-05,0.08,31.6,53.76,98.47,2.85,20.23
2016-10-06,0.0,31.98,49.31,98.6,2.5,18.82
2016-10-07,0.0,31.89,43.72,98.72,2.44,16.94
2016-10-08,0.0,32.18,42.12,98.65,3.86,16.8
2016-10-09,0.0,31.28,39.95,98.6,3.34,15.19
2016-10-10,0.01,29.55,34.69,98.63,1.42,8.47
2016-10-11,0.0,28.73,32.84,98.71,2.16,9.17
2016-10-12,0.0,28.22,38.67,98.71,3.43,11.48
2016-10-13,0.0,28.57,45.11,98.85,3.92,13.83
2016-10-14,0.0,28.81,40.63,98.95,2.97,12.88
2016-10-15,0.0,28.85,37.79,99.04,2.59,11.49
2016-10-16,0.0,29.07,29.2,99.12,2.01,8.09
2016-10-17,0.0,28.63,29.06,99.09,2.11,7.95
2016-10-18,0.0,28.2,27.69,98.96,2.28,6.89
2016-10-19,0.0,27.66,33.74,98.82,3.15,8.87
2016-10-20,0.0,27.37,34.32,98.69,2.54,8.45
2016-10-21,0.0,27.57,29.26,98.77,2.26,4.94
2016-10-22,0.0,27.69,33.23,98.96,1.89,7.45
2016-10-23,0.0,27.49,36.39,98.96,1.97,10.0
2016-10-24,0.0,27.33,43.9,98.85,2.97,12.82
2016-10-25,0.0,27.85,31.31,98.87,2.24,5.87
2016-10-26,0.0,27.5,22.83,99.13,2.0,2.21
2016-10-27,0.0,27.74,20.15,99.45,1.56,1.26
2016-10-28,0.0,28.82,14.35,99.24,1.22,-1.4
2016-10-29,0.0,27.72,11.59,99.1,1.08,-5.25
2016-10-30,0.0,26.77,17.9,99.29,1.38,-0.21
2016-10-31,0.0,26.25,18.07,99.58,1.49,-0.49
2016-11-01,0.0,26.21,19.16,99.55,1.25,0.26
2016-11-02,0.0,26.35,19.6,99.48,1.26,0.38
2016-11-03,0.0,26.0,19.59,99.53,1.56,0.11
2016-11-04,0.0,26.23,20.58,99.3,1.6,1.0
2016-11-05,0.0,27.23,18.63,99.06,1.15,0.79
2016-11-06,0.0,25.88,16.43,99.09,1.73,-2.45
2016-11-07,0.0,25.53,11.99,99.36,1.5,-6.42
2016-11-08,0.0,25.54,11.56,99.4,1.71,-6.8
2016-11-09,0.0,24.41,18.53,99.45,1.72,-1.74
2016-11-10,0.0,24.91,21.02,99.32,1.78,-0.03
2016-11-11,0.0,23.83,28.98,99.19,2.1,3.8
2016-11-12,0.0,22.33,18.6,99.44,1.52,-3.47
2016-11-13,0.0,20.95,23.57,99.74,2.19,-1.0
2016-11-14,0.0,21.66,23.09,99.67,1.24,-0.81
2016-11-15,0.0,20.88,23.83,99.6,1.35,-1.65
2016-11-16,0.0,20.93,24.53,99.67,1.85,-1.42
2016-11-17,0.0,20.98,23.46,99.73,1.88,-1.92
2016-11-18,0.0,22.64,18.71,99.5,1.37,-3.29
2016-11-19,0.0,23.85,15.39,99.18,1.49,-4.58
2016-11-20,0.0,23.04,26.34,99.12,2.33,2.3
2016-11-21,0.0,23.33,36.12,99.22,1.77,6.27
2016-11-22,0.0,22.69,28.05,99.26,1.5,2.39
2016-11-23,0.0,22.01,27.17,99.28,1.53,1.11
2016-11-24,0.0,22.97,21.97,99.43,1.42,-0.88
2016-11-25,0.0,22.16,22.48,99.5,2.12,-1.22
2016-11-26,0.0,23.46,19.84,99.49,1.28,-1.47
2016-11-27,0.0,24.23,19.04,99.49,1.04,-1.49
2016-11-28,0.0,24.76,15.43,99.39,0.99,-3.63
2016-11-29,0.0,24.38,16.02,99.36,1.35,-3.48
2016-11-30,0.0,22.84,19.84,99.41,1.41,-2.0
2016-12-01,0.0,21.01,23.43,99.62,2.83,-1.34
2016-12-02,0.0,20.19,25.59,99.81,2.23,-0.93
2016-12-03,0.0,21.05,22.52,99.84,1.8,-2.44
2016-12-04,0.0,21.85,18.88,99.83,1.38,-3.87
2016-12-05,0.0,23.03,19.09,99.69,1.07,-2.38
2016-12-06,0.0,23.03,20.61,99.67,1.23,-1.3
2016-12-07,0.0,23.35,20.79,99.62,1.1,-1.03
2016-12-08,0.0,23.92,19.72,99.43,1.38,-1.37
2016-12-09,0.0,22.94,24.77,99.18,1.67,1.34
2016-12-10,0.0,21.89,37.87,99.1,2.37,6.0
2016-12-11,0.0,20.68,35.95,99.26,1.72,4.49
2016-12-12,0.0,20.59,36.19,99.28,1.33,4.42
2016-12-13,0.0,20.05,35.9,99.47,2.04,3.96
2016-12-14,0.0,19.06,36.09,99.68,2.47,2.94
2016-12-15,0.0,19.57,30.03,99.62,1.31,0.95
2016-12-16,0.0,20.35,27.81,99.67,1.05,0.47
2016-12-17,0.0,19.66,29.46,99.69,1.4,0.76
2016-12-18,0.0,18.7,32.9,99.68,1.64,1.02
2016-12-19,0.0,18.64,29.7,99.75,1.65,-0.5
2016-12-20,0.0,18.53,26.25,99.73,2.02,-2.05
2016-12-21,0.0,19.64,21.27,99.74,1.14,-4.19
2016-12-22,0.0,21.4,19.12,99.61,1.32,-3.23
2016-12-23,0.0,22.02,20.03,99.36,1.12,-2.34
2016-12-24,0.0,18.57,19.05,99.13,2.66,-6.53
2016-12-25,0.0,16.36,16.7,99.53,2.19,-9.27
2016-12-26,0.0,18.39,12.99,99.77,1.27,-10.46
2016-12-27,0.0,20.66,12.8,99.62,1.26,-9.03
2016-12-28,0.0,22.53,13.19,99.53,0.92,-7.12
2016-12-29,0.0,22.35,17.04,99.49,1.54,-4.1
2016-12-30,0.0,20.91,23.41,99.42,1.37,-1.32
2016-12-31,0.0,17.8,30.28,99.45,2.47,-0.53
2017-01-01,0.0,16.25,30.04,99.61,1.95,-2.1
2017-01-02,0.0,17.11,32.12,99.79,1.92,-0.49
2017-01-03,0.0,17.99,34.82,99.69,1.82,1.27
2017-01-04,0.0,19.81,30.85,99.46,1.05,1.78
2017-01-05,0.0,17.84,40.72,99.39,1.22,3.97
2017-01-06,0.0,18.32,38.97,99.21,1.89,3.83
2017-01-07,0.0,14.03,19.35,99.15,2.31,-9.67
2017-01-08,0.0,13.99,24.42,99.43,2.73,-6.72
2017-01-09,0.0,12.13,32.83,99.67,2.79,-4.64
2017-01-10,0.0,12.7,26.4,99.73,1.46,-6.94
2017-01-11,0.0,14.31,19.26,99.66,1.39,-9.46
2017-01-12,0.0,14.52,16.79,99.5,1.77,-10.39
2017-01-13,0.0,14.86,16.22,99.48,1.94,-10.59
2017-01-14,0.16,15.35,17.98,99.46,2.74,-9.53
2017-01-15,2.27,12.3,42.23,99.69,2.42,-1.2
2017-01-16,0.04,12.34,49.9,99.78,1.85,1.1
2017-01-17,0.0,13.99,37.97,99.79,1.8,-1.24
2017-01-18,0.0,14.6,34.58,99.97,2.11,-1.45
2017-01-19,0.0,13.51,33.91,100.27,4.16,-2.95
2017-01-20,0.0,13.6,33.91,100.22,3.34,-2.53
2017-01-21,0.0,15.35,29.66,99.98,2.14,-2.86
2017-01-22,0.0,16.81,31.59,100.02,2.35,-0.65
2017-01-23,0.0,17.67,39.19,99.86,2.19,3.15
2017-01-24,0.0,16.58,43.77,99.71,3.18,3.92
2017-01-25,0.1,15.34,58.93,99.76,3.24,6.88
2017-01-26,2.76,16.03,60.48,99.8,1.59,7.88
2017-01-27,0.0,16.36,44.07,99.9,1.33,2.89
2017-01-28,0.0,16.49,39.8,99.89,2.1,1.81
2017-01-29,0.0,17.07,39.84,99.74,1.59,2.22
2017-01-30,0.0,19.47,30.68,99.5,1.43,0.55
2017-01-31,0.0,19.54,31.16,99.51,2.06,1.61
2017-02-01,0.0,18.73,29.52,99.61,2.02,-0.47
2017-02-02,0.0,18.73,26.5,99.68,2.0,-1.89
2017-02-03,0.0,19.15,36.52,99.47,1.59,2.76
2017-02-04,0.02,17.8,38.2,99.01,3.78,3.06
2017-02-05,0.0,14.64,36.59,99.4,1.92,-2.72
2017-02-06,0.0,14.4,20.55,99.73,1.46,-8.73
2017-02-07,0.0,15.52,23.98,99.67,1.98,-5.68
2017-02-08,0.0,17.55,22.7,99.55,1.37,-4.52
2017-02-09,0.0,15.63,24.22,99.69,2.04,-5.96
2017-02-10,0.0,16.46,21.83,99.59,1.93,-6.41
2017-02-11,0.0,17.54,18.65,99.55,2.11,-7.25
2017-02-12,0.0,17.24,19.63,99.86,2.89,-6.96
2017-02-13,0.0,17.83,20.24,100.15,3.31,-6.07
2017-02-14,0.0,19.8,19.14,100.13,2.59,-5.33
2017-02-15,0.0,22.42,14.53,99.97,2.0,-6.97
2017-02-16,0.0,23.14,15.19,99.78,1.91,-5.45
2017-02-17,0.0,23.16,21.92,99.71,2.23,-0.53
2017-02-18,0.0,24.65,24.31,99.7,1.47,1.97
2017-02-19,0.0,25.58,24.96,99.37,3.09,3.26
2017-02-20,0.0,20.99,17.0,98.96,2.57,-6.62
2017-02-21,0.0,19.28,10.48,98.87,2.33,-13.99
2017-02-22,0.0,20.25,7.11,99.17,1.44,-15.5
2017-02-23,0.0,19.47,10.37,99.56,2.07,-12.69
2017-02-24,0.0,22.3,10.3,99.71,1.85,-10.87
2017-02-25,0.0,24.66,15.3,99.6,1.97,-4.26
2017-02-26,0.0,24.26,27.09,99.29,1.87,2.99
2017-02-27,0.0,24.72,24.12,99.2,1.92,2.35
2017-02-28,0.01,24.14,25.32,99.38,1.9,2.68
2017-03-01,0.0,23.64,24.17,99.34,2.16,1.65
2017-03-02,0.0,22.3,22.18,99.29,2.14,-1.33
2017-03-03,0.0,21.71,20.29,99.14,2.38,-2.95
2017-03-04,0.0,22.42,18.73,99.04,1.79,-3.37
2017-03-05,0.0,24.0,15.47,99.08,1.53,-4.59
2017-03-06,0.0,24.14,15.77,98.93,2.48,-3.97
2017-03-07,0.68,23.77,20.76,98.69,1.95,-0.51
2017-03-08,2.91,21.56,32.45,98.89,2.7,3.78
2017-03-09,0.0,23.09,28.91,98.72,1.93,3.57
2017-03-10,0.0,20.58,18.9,98.68,2.88,-5.63
2017-03-11,0.0,19.44,14.34,99.05,2.25,-9.73
2017-03-12,0.0,18.21,11.22,99.35,1.5,-12.88
2017-03-13,0.0,20.51,11.58,99.38,1.85,-10.85
2017-03-14,0.0,21.89,14.05,99.37,2.31,-7.11
2017-03-15,0.0,23.88,17.58,99.28,2.67,-2.61
2017-03-16,0.0,23.44,22.33,99.24,2.35,0.3
2017-03-17,0.0,25.73,26.81,99.06,1.61,4.62
2017-03-18,1.02,26.87,31.61,98.87,1.42,8.23
2017-03-19,3.04,27.08,28.52,99.18,1.51,6.67
2017-03-20,0.0,27.1,22.64,99.27,1.44,2.33
2017-03-21,0.0,28.23,20.98,99.18,2.74,2.69
2017-03-22,0.0,28.06,23.35,99.06,2.77,4.32
2017-03-23,0.0,27.77,30.38,99.07,1.52,7.42
2017-03-24,0.0,27.99,25.3,99.14,2.32,5.47
2017-03-25,0.0,29.92,21.21,99.07,1.45,4.55
2017-03-26,0.0,31.85,18.13,99.17,1.48,3.89
2017-03-27,0.0,32.81,17.43,99.11,2.12,4.36
2017-03-28,0.0,31.6,18.39,99.0,2.67,3.03
2017-03-29,0.0,31.77,20.7,98.87,1.29,4.58
2017-03-30,0.0,31.8,22.18,98.81,1.8,5.03
2017-03-31,0.0,31.88,20.01,98.88,2.73,4.67
2017-04-01,0.0,31.69,23.4,98.81,1.96,5.89
2017-04-02,0.0,32.4,19.46,98.63,1.91,5.19
2017-04-03,0.0,32.02,26.52,98.56,3.29,8.77
2017-04-04,0.0,32.81,29.11,98.47,5.31,10.63
2017-04-05,0.0,32.28,30.66,98.12,6.72,8.93
2017-04-06,0.0,26.4,15.44,98.45,4.84,-4.91
2017-04-07,0.0,25.25,7.12,98.87,2.07,-12.87
2017-04-08,0.0,25.96,7.0,99.17,1.61,-12.24
2017-04-09,0.0,27.12,9.49,99.29,2.15,-8.13
2017-04-10,0.0,30.21,9.17,99.09,1.71,-6.19
2017-04-11,0.0,32.25,8.58,98.94,1.94,-5.72
2017-04-12,0.0,33.14,7.9,98.8,2.2,-6.21
2017-04-13,0.0,32.99,12.83,98.71,2.21,-2.05
2017-04-14,0.0,33.77,13.28,98.53,3.1,0.38
2017-04-15,0.0,34.33,17.54,98.44,1.97,4.19
2017-04-16,0.0,34.29,20.97,98.48,2.74,6.83
2017-04-17,0.0,34.08,20.9,98.62,3.76,6.44
2017-04-18,0.0,33.38,20.23,98.56,2.95,4.71
2017-04-19,0.0,33.73,27.22,98.27,3.08,10.08
2017-04-20,0.0,35.04,26.21,98.1,4.22,11.12
2017-04-21,0.0,34.12,29.05,98.12,5.85,11.63
2017-04-22,0.0,32.56,30.61,98.31,5.59,10.54
2017-04-23,0.51,31.38,26.6,98.41,3.99,7.02
2017-04-24,1.69,30.39,35.61,98.56,3.03,11.59
2017-04-25,0.1,31.28,29.03,98.63,3.66,8.3
2017-04-26,0.0,30.78,31.84,98.57,3.95,10.32
2017-04-27,0.0,31.53,38.53,98.7,3.78,13.78
2017-04-28,0.05,32.79,32.86,98.64,3.05,12.6
2017-04-29,0.3,32.93,24.72,98.56,3.63,6.64
2017-04-30,0.0,33.0,14.65,98.61,0.88,1.05
2017-05-01,0.0,33.54,16.81,98.69,2.78,4.33
2017-05-02,0.0,33.92,18.76,98.72,2.61,6.35
2017-05-03,0.0,34.02,20.72,98.73,2.38,7.52
2017-05-04,0.0,34.4,19.52,98.82,1.79,7.1
2017-05-05,0.0,35.87,19.16,98.69,1.72,8.24
2017-05-06,0.0,35.97,24.85,98.67,2.81,11.25
2017-05-07,0.0,36.65,22.5,98.65,3.4,10.16
2017-05-08,0.0,36.2,22.23,98.58,3.89,9.55
2017-05-09,0.0,35.94,24.04,98.38,4.02,10.73
2017-05-10,7.29,34.01,34.43,98.35,3.77,15.69
2017-05-11,13.4,31.23,52.22,98.66,2.52,20.01
2017-05-12,0.19,34.27,38.76,98.71,2.4,17.21
2017-05-13,6.49,34.1,38.5,98.59,1.85,16.91
2017-05-14,0.0,33.72,31.71,98.38,2.71,13.63
2017-05-15,0.01,33.14,37.54,98.19,3.59,15.73
2017-05-16,2.14,33.56,36.68,98.17,2.44,15.93
2017-05-17,3.62,33.4,36.5,98.23,2.02,15.73
2017-05-18,0.09,33.81,32.92,98.26,3.35,14.34
2017-05-19,0.0,34.96,36.35,98.23,4.87,16.46
2017-05-20,1.11,33.44,43.75,98.18,5.42,18.58
2017-05-21,1.02,33.84,41.2,98.1,4.04,18.14
2017-05-22,2.3,33.66,42.94,98.4,3.94,18.55
2017-05-23,0.02,35.05,36.47,98.42,2.51,17.17
2017-05-24,0.0,36.51,29.85,98.28,2.17,15.3
2017-05-25,0.0,36.87,27.69,98.13,2.91,13.68
2017-05-26,0.0,36.97,28.13,98.03,4.33,13.97
2017-05-27,0.0,36.89,31.77,97.88,4.76,15.44
2017-05-28,0.0,37.05,37.82,97.82,4.94,19.09
2017-05-29,0.0,36.57,42.78,97.74,4.28,20.92
2017-05-30,0.0,37.76,33.3,97.7,3.98,17.63
2017-05-31,0.0,37.3,33.07,97.66,5.07,16.96
2017-06-01,0.01,35.97,38.54,98.09,2.84,18.79
2017-06-02,0.0,37.64,25.68,98.18,2.9,13.92
2017-06-03,0.0,38.21,24.51,98.16,3.93,13.05
2017-06-04,0.0,38.36,34.69,98.03,7.59,19.12
2017-06-05,0.0,36.62,41.51,98.06,8.53,20.51
2017-06-06,0.04,35.54,43.99,98.09,8.57,20.51
2017-06-07,4.54,35.13,47.9,98.26,5.9,21.74
2017-06-08,0.22,34.75,46.74,98.29,4.13,21.27
2017-06-09,1.25,35.78,41.7,98.14,3.26,20.04
2017-06-10,0.56,36.1,37.19,98.07,4.54,18.24
2017-06-11,0.06,36.59,35.78,98.0,3.37,17.89
2017-06-12,0.0,37.14,33.13,97.87,4.09,17.33
2017-06-13,0.0,35.81,42.55,97.87,5.44,20.34
2017-06-14,0.0,36.33,42.76,98.07,5.66,20.84
2017-06-15,0.0,35.94,42.04,98.07,6.39,19.95
2017-06-16,0.0,35.57,45.71,97.86,6.89,21.26
2017-06-17,2.45,35.02,46.6,97.99,4.72,21.24
2017-06-18,0.58,35.79,46.04,97.96,5.9,21.74
2017-06-19,0.02,35.37,46.84,97.75,7.3,21.58
2017-06-20,1.53,34.87,50.08,97.69,7.26,22.34
2017-06-21,1.94,34.07,54.33,97.75,5.37,23.2
2017-06-22,0.08,34.75,49.17,97.92,4.52,22.15
2017-06-23,0.04,35.25,46.85,98.01,2.8,21.78
2017-06-24,0.0,36.81,39.9,97.76,2.93,20.46
2017-06-25,0.36,37.64,37.31,97.66,2.82,20.07
2017-06-26,2.49,37.76,39.5,97.79,4.3,21.24
2017-06-27,8.31,34.93,55.03,97.81,3.76,24.08
2017-06-28,16.11,31.41,69.01,97.86,2.12,24.83
2017-06-29,1.17,32.0,59.37,97.78,2.39,22.79
2017-06-30,4.89,30.76,59.23,97.68,1.69,21.71
2017-07-01,0.14,33.12,51.57,97.61,2.09,21.14
2017-07-02,0.51,35.26,49.43,97.56,2.96,22.33
2017-07-03,0.18,34.89,50.65,97.73,5.28,22.78
2017-07-04,0.0,34.62,51.03,97.65,6.46,22.38
2017-07-05,0.0,33.52,53.63,97.7,7.29,21.96
2017-07-06,0.0,33.89,50.39,97.86,5.89,21.41
2017-07-07,0.0,33.67,50.38,98.05,4.59,21.34
2017-07-08,0.0,34.17,45.8,98.16,4.96,20.16
2017-07-09,0.0,34.05,45.52,98.03,5.89,19.92
2017-07-10,0.0,34.28,46.99,98.01,6.62,20.72
2017-07-11,0.01,33.99,51.28,97.91,6.61,21.92
2017-07-12,0.01,33.72,52.13,97.94,5.23,22.03
2017-07-13,11.89,33.12,57.11,98.03,2.6,23.31
2017-07-14,8.85,32.82,61.8,97.98,1.4,24.14
2017-07-15,1.57,34.51,51.58,97.86,2.31,22.29
2017-07-16,12.88,32.08,65.07,97.9,2.82,24.43
2017-07-17,15.96,30.95,72.67,97.95,2.79,25.33
2017-07-18,36.53,29.89,80.88,97.95,2.24,26.14
2017-07-19,6.6,29.33,80.6,97.94,1.98,25.57
2017-07-20,4.8,30.86,68.63,97.78,1.4,24.13
2017-07-21,4.3,31.08,67.55,97.82,2.44,24.09
2017-07-22,1.77,32.89,60.38,97.77,1.73,23.43
2017-07-23,3.39,32.98,60.12,97.73,2.18,23.68
2017-07-24,4.47,32.82,60.53,97.65,2.66,23.61
2017-07-25,6.53,31.06,69.6,97.68,2.47,24.52
2017-07-26,7.24,31.24,70.32,97.85,1.96,24.84
2017-07-27,12.96,31.37,71.17,98.04,2.24,25.25
2017-07-28,14.08,29.78,78.3,98.13,3.34,25.51
2017-07-29,17.32,28.53,81.13,98.18,3.93,24.88
2017-07-30,0.84,30.14,74.0,98.13,3.95,24.63
2017-07-31,0.0,30.64,68.27,98.04,5.38,23.71
2017-08-01,0.0,30.76,66.71,98.11,5.43,23.38
2017-08-02,0.0,30.59,65.65,98.06,5.74,22.92
2017-08-03,0.0,30.75,64.08,97.84,5.47,22.52
2017-08-04,0.0,30.44,64.31,97.68,5.18,22.31
2017-08-05,0.0,30.45,64.04,97.89,4.02,22.28
2017-08-06,0.0,30.58,62.82,98.1,3.86,22.17
2017-08-07,0.0,30.62,63.38,98.21,3.92,22.43
2017-08-08,0.03,30.82,61.01,98.25,4.03,22.05
2017-08-09,0.01,32.01,57.85,98.12,4.23,22.07
2017-08-10,0.0,31.72,59.29,98.01,4.66,22.37
2017-08-11,0.0,30.94,62.78,97.97,5.92,22.64
2017-08-12,0.0,31.36,61.31,97.9,6.39,22.42
2017-08-13,0.0,31.03,61.14,97.98,5.96,22.02
2017-08-14,0.0,30.56,61.72,98.31,4.39,21.85
2017-08-15,0.01,31.18,58.13,98.43,3.24,21.49
2017-08-16,0.0,31.46,53.64,98.22,4.32,20.15
2017-08-17,0.0,31.04,57.45,98.03,4.42,20.78
2017-08-18,0.0,31.11,56.35,98.07,4.06,20.69
2017-08-19,0.0,32.17,54.97,98.24,2.81,21.09
2017-08-20,0.0,33.38,47.21,98.19,1.89,19.43
2017-08-21,1.15,33.7,47.93,97.99,2.76,20.61
2017-08-22,2.14,33.51,56.25,98.02,2.55,22.99
2017-08-23,13.89,31.96,65.31,98.24,1.86,24.38
2017-08-24,0.79,31.17,64.28,98.25,4.1,23.29
2017-08-25,0.0,32.16,57.51,98.08,3.72,22.06
2017-08-26,0.0,32.74,54.84,98.01,2.13,21.82
2017-08-27,0.0,33.17,51.72,98.0,1.36,21.23
2017-08-28,0.0,34.26,45.92,97.97,2.14,20.11
2017-08-29,0.03,32.53,48.21,97.98,4.48,19.77
2017-08-30,8.97,31.06,62.89,98.0,4.99,23.03
2017-08-31,9.4,29.19,73.95,98.15,3.74,23.91
2017-09-01,0.66,28.41,74.02,98.18,4.14,23.1
2017-09-02,0.17,30.75,63.93,98.22,2.9,22.47
2017-09-03,0.01,31.5,57.81,98.31,3.25,21.48
2017-09-04,0.0,30.92,57.15,98.55,3.45,20.85
2017-09-05,0.0,30.8,54.88,98.52,4.04,19.95
2017-09-06,0.0,30.4,54.76,98.47,3.61,19.55
2017-09-07,0.0,29.97,56.38,98.59,3.34,19.84
2017-09-08,0.0,30.63,56.3,98.65,2.77,20.19
2017-09-09,0.0,31.51,50.55,98.54,2.65,19.13
2017-09-10,0.0,31.44,49.89,98.5,3.18,18.97
2017-09-11,0.02,32.06,48.79,98.65,1.66,19.08
2017-09-12,0.05,33.04,45.15,98.69,1.28,18.64
2017-09-13,0.05,32.86,45.96,98.62,2.17,18.99
2017-09-14,0.15,32.5,46.82,98.58,2.13,18.85
2017-09-15,0.0,32.66,47.37,98.56,2.04,18.97
2017-09-16,0.0,33.0,44.14,98.52,1.81,18.01
2017-09-17,0.0,32.58,43.69,98.56,1.55,16.93
2017-09-18,0.0,33.47,33.42,98.51,1.17,13.97
2017-09-19,0.0,32.99,40.72,98.37,2.06,16.23
2017-09-20,0.0,34.13,33.56,98.22,1.14,14.26
2017-09-21,0.0,33.05,30.55,98.2,1.23,11.81
2017-09-22,0.0,32.01,42.79,98.36,2.32,16.65
2017-09-23,0.0,31.11,43.89,98.57,3.93,16.25
2017-09-24,0.0,30.34,45.44,98.73,3.75,16.18
2017-09-25,0.0,30.07,47.31,98.62,3.0,16.86
2017-09-26,0.0,30.19,44.62,98.66,2.71,15.7
2017-09-27,0.0,30.81,43.23,98.72,2.59,15.48
2017-09-28,0.0,30.78,39.39,98.65,2.36,13.7
2017-09-29,0.0,30.57,37.57,98.65,2.72,12.67
2017-09-30,0.0,30.92,33.82,98.81,2.49,11.47
2017-10-01,0.0,30.48,31.76,98.79,2.99,10.18
2017-10-02,0.0,29.95,34.96,98.7,2.89,10.75
2017-10-03,0.0,30.62,41.17,98.78,2.45,14.25
2017-10-04,0.0,30.4,37.19,98.9,2.3,12.86
2017-10-05,0.0,31.13,31.46,98.87,1.78,10.98
2017-10-06,0.0,31.7,24.39,98.89,1.25,7.95
2017-10-07,0.0,32.38,19.76,98.83,0.71,5.64
2017-10-08,0.0,32.0,19.05,98.66,1.17,4.46
2017-10-09,0.0,31.94,19.89,98.65,1.14,5.21
2017-10-10,0.0,31.47,18.91,98.62,1.64,4.14
2017-10-11,0.0,31.28,18.7,98.63,1.62,3.72
2017-10-12,0.0,30.81,17.74,98.7,1.63,2.32
2017-10-13,0.0,31.81,15.07,98.52,1.54,1.07
2017-10-14,0.0,30.83,22.47,98.49,2.01,4.77
2017-10-15,0.0,30.04,26.02,98.55,2.95,5.94
2017-10-16,0.0,30.32,29.84,98.65,2.06,7.84
2017-10-17,0.0,30.77,25.55,98.76,1.54,6.91
2017-10-18,0.0,30.9,23.04,98.85,1.7,5.56
2017-10-19,0.0,31.42,18.02,98.81,1.65,3.23
2017-10-20,0.0,30.21,15.78,98.76,1.63,0.19
2017-10-21,0.0,29.69,15.3,98.71,1.32,-0.18
2017-10-22,0.0,28.67,13.95,98.66,2.12,-2.74
2017-10-23,0.0,27.91,10.93,98.85,1.97,-6.57
2017-10-24,0.0,28.44,15.38,99.15,1.46,-1.98
2017-10-25,0.0,28.24,19.84,99.26,1.53,1.79
2017-10-26,0.0,27.99,29.16,99.19,2.06,6.58
2017-10-27,0.0,27.01,35.71,99.24,2.09,9.43
2017-10-28,0.0,27.3,16.28,99.3,1.1,-1.21
2017-10-29,0.0,27.72,18.11,99.4,1.34,0.91
2017-10-30,0.0,27.6,18.42,99.51,1.31,1.07
2017-10-31,0.0,27.86,20.93,99.27,1.55,2.96
2017-11-01,0.0,27.41,21.62,99.32,1.32,2.62
2017-11-02,0.0,27.43,21.5,99.3,1.58,2.67
2017-11-03,0.0,26.91,22.96,99.27,1.38,3.07
2017-11-04,0.0,26.81,20.92,99.46,1.48,1.95
2017-11-05,0.0,24.93,25.63,99.53,2.17,3.12
2017-11-06,0.0,24.78,26.11,99.44,1.84,2.76
2017-11-07,0.0,25.31,21.77,99.33,1.16,0.87
2017-11-08,0.0,25.67,20.61,99.32,1.12,0.66
2017-11-09,0.0,24.37,24.89,99.25,1.29,2.26
2017-11-10,0.0,24.03,25.88,99.34,1.43,2.54
2017-11-11,0.0,23.87,27.47,99.42,1.49,3.31
2017-11-12,0.0,24.12,27.56,99.21,1.28,3.61
2017-11-13,0.22,23.44,30.03,98.92,1.95,4.16
2017-11-14,0.72,21.31,40.8,98.9,2.22,6.39
2017-11-15,0.0,19.51,44.44,99.23,2.38,6.34
2017-11-16,0.0,18.89,47.14,99.49,2.87,6.71
2017-11-17,0.0,18.5,42.85,99.57,2.37,4.58
2017-11-18,0.0,18.13,34.58,99.62,2.34,1.31
2017-11-19,0.0,18.54,29.68,99.74,2.03,-0.34
2017-11-20,0.0,18.76,27.27,99.77,1.77,-1.42
2017-11-21,0.0,18.29,23.77,99.62,1.66,-3.63
2017-11-22,0.0,18.61,21.09,99.52,1.99,-5.05
2017-11-23,0.0,19.98,15.5,99.4,1.26,-7.54
2017-11-24,0.0,19.79,14.14,99.49,1.56,-8.81
2017-11-25,0.0,20.62,13.16,99.51,1.24,-9.07
2017-11-26,0.0,21.41,15.83,99.65,1.49,-5.92
2017-11-27,0.0,21.77,19.76,99.48,1.52,-2.58
2017-11-28,0.0,21.94,21.15,99.27,1.39,-1.85
2017-11-29,0.0,20.37,22.26,99.44,1.69,-2.66
2017-11-30,0.0,19.38,22.98,99.56,1.94,-3.0
2017-12-01,0.0,19.07,22.06,99.49,2.13,-3.99
2017-12-02,0.0,19.6,22.64,99.49,1.68,-2.92
2017-12-03,0.0,18.89,26.97,99.51,2.11,-1.26
2017-12-04,0.0,18.3,24.03,99.39,1.44,-3.37
2017-12-05,0.0,16.87,25.58,99.45,3.29,-3.31
2017-12-06,0.0,15.55,25.92,99.55,2.84,-4.41
2017-12-07,0.0,16.15,19.31,99.62,2.11,-7.55
2017-12-08,0.0,16.8,18.05,99.59,1.53,-7.63
2017-12-09,0.0,18.32,17.2,99.41,1.6,-7.27
2017-12-10,1.97,18.8,40.71,99.37,2.21,3.56
2017-12-11,2.06,15.91,62.38,99.39,2.69,7.76
2017-12-12,0.0,15.23,33.26,99.45,1.45,-2.36
2017-12-13,0.0,14.98,29.69,99.6,1.86,-3.28
2017-12-14,0.0,13.49,35.03,99.9,3.17,-2.19
2017-12-15,0.0,13.45,40.48,100.06,2.88,-0.44
2017-12-16,0.0,12.87,38.79,100.25,3.25,-1.74
2017-12-17,0.0,13.63,27.87,100.22,2.88,-5.62
2017-12-18,0.01,15.38,25.44,100.17,2.02,-4.84
2017-12-19,0.27,18.17,23.41,100.08,1.45,-3.43
2017-12-20,0.02,20.31,32.17,100.08,1.12,2.46
2017-12-21,0.0,20.03,30.03,100.09,1.38,1.32
2017-12-22,0.0,19.45,30.67,99.96,1.81,1.03
2017-12-23,0.0,19.49,26.17,99.62,1.2,-0.96
2017-12-24,0.0,17.98,27.11,99.5,1.91,-1.89
2017-12-25,0.0,17.72,26.99,99.79,1.82,-2.5
2017-12-26,0.0,19.32,22.32,99.71,1.59,-3.72
2017-12-27,0.0,20.79,18.54,99.56,0.97,-4.27
2017-12-28,0.0,18.53,25.23,99.57,2.23,-2.44
2017-12-29,0.0,16.43,28.53,99.71,2.35,-2.81
2017-12-30,0.0,15.88,21.18,99.74,2.04,-7.11
2017-12-31,0.0,16.9,17.62,99.56,1.26,-8.13
2018-01-01,0.0,16.38,17.99,99.39,1.49,-8.28
2018-01-02,0.0,16.4,17.71,99.38,1.64,-8.87
2018-01-03,0.0,16.73,17.83,99.39,1.61,-8.38
2018-01-04,0.0,17.15,21.47,99.32,1.8,-5.56
2018-01-05,0.0,15.15,25.85,99.36,2.21,-4.65
2018-01-06,0.0,13.56,32.04,99.46,2.0,-3.16
2018-01-07,0.0,14.34,31.57,99.55,1.74,-3.34
2018-01-08,0.0,15.21,25.94,99.6,1.6,-5.04
2018-01-09,0.0,15.37,24.13,99.8,2.34,-5.68
2018-01-10,0.0,16.56,23.67,99.84,1.81,-4.75
2018-01-11,0.0,18.62,21.14,99.75,1.26,-4.36
2018-01-12,0.0,19.75,27.3,99.6,1.53,0.22
2018-01-13,0.0,19.72,19.66,99.57,1.37,-5.09
2018-01-14,0.0,20.17,13.92,99.54,1.63,-8.17
2018-01-15,0.0,18.47,17.6,99.62,1.58,-7.3
2018-01-16,0.0,18.99,19.69,99.23,2.15,-5.01
2018-01-17,0.0,18.92,41.25,99.22,1.47,3.62
2018-01-18,0.0,17.71,28.74,99.54,2.64,-1.32
2018-01-19,0.0,15.58,21.08,99.7,2.13,-7.11
2018-01-20,0.0,17.08,18.7,99.62,1.64,-7.65
2018-01-21,0.0,17.99,16.1,99.31,1.64,-8.56
2018-01-22,0.0,17.82,23.99,99.02,1.83,-3.34
2018-01-23,0.0,17.39,22.8,99.11,1.99,-4.61
2018-01-24,0.0,17.95,23.64,99.32,1.48,-3.83
2018-01-25,0.0,17.16,27.75,99.26,2.16,-2.39
2018-01-26,0.0,19.07,27.22,99.26,1.32,-1.39
2018-01-27,0.0,19.58,18.76,99.24,0.76,-5.48
2018-01-28,0.0,19.61,17.65,99.31,1.37,-6.2
2018-01-29,0.0,20.27,17.77,99.49,1.53,-5.42
2018-01-30,0.0,21.25,22.77,99.6,1.5,-1.02
2018-01-31,0.0,21.24,26.27,99.5,1.92,0.74
2018-02-01,0.0,19.55,29.84,99.42,2.08,0.76
2018-02-02,0.0,18.33,21.55,99.38,2.27,-4.59
2018-02-03,0.0,18.91,15.59,99.47,1.2,-8.83
2018-02-04,0.0,17.5,15.72,99.55,2.52,-9.43
2018-02-05,0.0,17.26,12.14,99.68,2.39,-11.81
2018-02-06,0.0,17.08,13.3,99.73,3.26,-11.46
2018-02-07,0.0,18.06,11.07,99.51,1.7,-12.85
2018-02-08,0.0,19.61,10.12,99.29,0.96,-12.09
2018-02-09,0.0,20.39,11.56,99.22,0.83,-10.08
2018-02-10,0.0,20.11,13.85,99.24,1.84,-8.45
2018-02-11,0.0,17.72,23.63,99.25,2.94,-3.63
2018-02-12,0.0,17.42,47.29,99.58,2.16,4.14
2018-02-13,0.0,19.78,33.34,100.02,2.19,2.38
2018-02-14,0.0,19.38,30.15,100.22,2.77,0.86
2018-02-15,0.0,21.05,30.74,100.04,1.33,2.4
2018-02-16,0.0,22.94,29.54,99.83,1.39,3.48
2018-02-17,0.0,24.13,25.19,99.38,2.11,1.98
2018-02-18,0.0,24.74,19.32,99.12,1.9,-0.58
2018-02-19,0.0,25.09,20.04,99.16,1.26,-0.13
2018-02-20,0.0,25.72,22.48,99.16,1.87,1.91
2018-02-21,0.0,25.69,23.68,99.07,1.24,2.31
2018-02-22,0.0,26.79,19.36,98.97,1.08,1.17
2018-02-23,0.0,26.27,26.29,98.9,1.71,5.06
2018-02-24,0.41,22.44,36.52,99.22,2.03,6.47
2018-02-25,0.0,23.36,34.3,99.64,3.0,6.12
2018-02-26,0.0,24.19,33.11,99.5,1.77,6.44
2018-02-27,0.0,26.27,30.67,99.3,1.11,6.75
2018-02-28,0.0,27.73,24.67,99.14,1.2,5.04
2018-03-01,0.0,27.22,25.74,98.98,2.17,5.57
2018-03-02,0.0,27.01,26.8,98.95,1.68,5.34
2018-03-03,0.05,25.65,28.18,98.88,1.43,5.39
2018-03-04,0.0,24.88,34.14,98.94,1.91,7.39
2018-03-05,0.0,25.22,27.37,99.26,1.84,3.49
2018-03-06,0.0,25.2,18.56,99.39,1.66,-1.14
2018-03-07,0.0,25.61,16.67,99.2,1.65,-2.63
2018-03-08,0.0,26.49,13.79,99.14,1.75,-3.81
2018-03-09,0.0,26.8,16.0,99.16,2.03,-1.59
2018-03-10,0.0,26.01,18.33,99.17,2.64,-0.49
2018-03-11,0.0,27.12,18.19,99.11,1.44,0.17
2018-03-12,0.0,27.97,16.96,99.08,1.27,-0.06
2018-03-13,0.0,26.31,27.1,98.9,3.63,3.62
2018-03-14,0.4,26.21,44.98,98.7,3.46,11.16
2018-03-15,0.09,27.48,23.22,98.89,1.47,3.23
2018-03-16,0.0,27.36,14.27,98.97,1.99,-2.92
2018-03-17,0.0,27.55,13.6,99.0,1.56,-3.15
2018-03-18,0.0,27.58,18.94,99.04,2.53,1.22
2018-03-19,0.0,26.42,29.57,99.18,2.85,6.75
2018-03-20,0.01,25.73,35.35,99.02,3.41,8.06
2018-03-21,0.02,24.37,26.66,98.99,2.24,3.13
2018-03-22,0.0,25.27,26.64,99.09,1.39,4.2
2018-03-23,0.0,26.57,24.66,99.1,1.43,3.49
2018-03-24,0.0,28.64,18.14,99.35,1.23,1.22
2018-03-25,0.0,30.28,14.21,99.46,1.29,-0.77
2018-03-26,0.0,30.27,11.43,99.32,1.57,-3.55
2018-03-27,0.0,29.87,12.27,98.86,2.66,-2.99
2018-03-28,0.0,30.84,11.25,98.86,2.23,-4.28
2018-03-29,0.0,31.73,8.3,98.9,2.05,-6.62
2018-03-30,0.0,31.86,6.0,98.63,2.73,-9.63
2018-03-31,0.0,31.19,15.31,98.53,1.73,-1.05
2018-04-01,0.0,31.24,25.54,98.59,2.35,6.58
2018-04-02,0.0,31.16,24.83,98.71,3.46,6.76
2018-04-03,0.0,31.37,25.93,98.72,2.2,7.54
2018-04-04,0.0,31.87,23.5,98.57,1.52,7.11
2018-04-05,0.0,31.9,20.9,98.43,1.86,6.01
2018-04-06,0.03,33.03,22.59,98.5,1.36,7.99
2018-04-07,0.0,33.23,21.17,98.69,1.42,7.0
2018-04-08,0.0,33.34,20.9,98.64,2.82,7.12
2018-04-09,1.03,34.1,24.58,98.7,4.1,9.92
2018-04-10,0.46,32.32,28.81,98.73,2.87,10.91
2018-04-11,0.0,32.96,22.36,98.62,1.81,8.15
2018-04-12,0.05,31.04,21.78,98.68,2.25,5.86
2018-04-13,0.0,31.94,21.07,98.73,2.3,5.85
2018-04-14,0.0,32.45,18.17,98.65,2.48,4.52
2018-04-15,0.0,32.87,17.75,98.59,1.79,4.75
2018-04-16,0.0,31.8,26.39,98.81,1.89,9.05
2018-04-17,0.0,31.91,19.94,99.0,1.28,5.3
2018-04-18,0.0,33.46,16.12,98.9,2.19,3.59
2018-04-19,0.0,32.15,18.04,98.55,2.79,4.32
2018-04-20,0.06,28.86,15.17,98.53,5.25,-3.35
2018-04-21,0.0,27.73,7.24,98.89,2.03,-10.36
2018-04-22,0.0,28.37,10.02,99.03,2.01,-6.47
2018-04-23,0.0,31.2,8.53,98.97,1.42,-6.59
2018-04-24,0.0,32.08,9.51,98.74,2.33,-4.47
2018-04-25,0.0,33.01,21.76,98.51,3.07,5.54
2018-04-26,0.0,34.04,26.32,98.4,3.22,8.52
2018-04-27,0.0,35.3,30.25,98.48,4.07,13.43
2018-04-28,0.0,35.89,25.4,98.47,3.42,9.59
2018-04-29,0.0,36.39,25.76,98.29,4.14,10.46
2018-04-30,0.0,36.73,22.64,98.08,4.27,7.9
2018-05-01,0.0,36.82,26.19,98.22,4.37,12.13
2018-05-02,0.0,35.53,27.86,98.27,4.17,11.86
2018-05-03,0.0,35.87,21.86,98.34,2.1,7.89
2018-05-04,0.0,36.16,19.62,98.47,0.99,8.1
2018-05-05,0.0,35.87,15.36,98.43,3.16,4.07
2018-05-06,0.0,33.76,20.45,98.51,4.57,6.7
2018-05-07,2.2,32.77,32.25,98.48,3.36,13.26
2018-05-08,1.91,32.7,35.9,98.46,3.0,14.99
2018-05-09,0.0,34.4,30.64,98.52,2.71,13.74
2018-05-10,0.0,35.65,25.34,98.63,1.91,11.78
2018-05-11,0.0,35.91,26.09,98.47,4.11,12.54
2018-05-12,0.11,34.21,24.79,98.42,4.17,10.32
2018-05-13,0.0,35.15,30.9,98.43,2.08,13.88
2018-05-14,0.0,35.16,27.17,98.44,1.93,11.95
2018-05-15,0.0,37.44,21.86,98.25,2.14,11.04
2018-05-16,0.0,36.41,17.77,98.26,1.37,6.87
2018-05-17,0.0,36.75,21.61,98.16,2.36,9.92
2018-05-18,0.01,35.49,16.38,98.21,1.81,5.36
2018-05-19,0.0,36.12,15.51,98.22,1.32,5.51
2018-05-20,0.0,35.51,17.11,98.38,2.46,6.31
2018-05-21,0.0,36.09,15.87,98.37,2.44,5.54
2018-05-22,0.0,34.89,6.56,98.44,2.9,-6.66
2018-05-23,0.0,35.19,7.6,98.4,1.46,-6.07
2018-05-24,0.0,36.26,5.64,98.24,1.48,-7.49
2018-05-25,0.0,35.97,18.82,98.23,2.85,5.3
2018-05-26,0.0,36.93,9.56,98.16,3.19,-1.44
2018-05-27,0.0,37.54,7.71,98.1,2.27,-2.99
2018-05-28,0.0,37.62,7.66,97.9,1.6,-3.58
2018-05-29,0.0,37.03,20.51,97.69,4.97,8.96
2018-05-30,0.0,36.55,35.49,97.8,4.31,16.87
2018-05-31,0.0,37.87,21.26,97.98,3.52,10.23
2018-06-01,0.0,37.92,24.86,98.12,5.56,12.36
2018-06-02,0.0,37.51,22.23,98.19,5.71,10.19
2018-06-03,0.0,36.28,26.69,98.03,5.56,11.71
2018-06-04,0.0,35.91,36.81,97.89,6.03,17.07
2018-06-05,0.0,36.24,38.43,98.04,5.69,17.98
2018-06-06,0.0,37.38,33.4,98.18,4.42,17.53
2018-06-07,0.0,37.83,36.75,97.82,4.52,19.42
2018-06-08,0.0,36.38,42.62,97.58,5.39,20.36
2018-06-09,0.03,36.19,45.27,97.41,5.93,21.64
2018-06-10,0.13,36.24,44.41,97.54,3.26,21.52
2018-06-11,0.0,38.18,33.81,97.53,5.48,17.64
2018-06-12,0.02,37.24,39.82,97.35,8.37,19.33
2018-06-13,0.0,34.77,45.46,97.41,10.22,19.32
2018-06-14,0.0,33.93,48.42,97.47,10.24,20.22
2018-06-15,0.0,34.41,49.44,97.56,10.2,21.23
2018-06-16,0.0,34.73,47.31,97.74,9.42,20.95
2018-06-17,0.11,35.14,46.66,97.74,7.73,21.01
2018-06-18,0.43,35.04,44.8,97.87,5.41,20.52
2018-06-19,0.0,36.27,36.29,97.88,4.8,17.93
2018-06-20,0.01,35.65,36.54,97.94,4.55,16.97
2018-06-21,0.02,36.52,36.02,97.97,3.73,17.7
2018-06-22,0.0,37.25,35.19,97.86,4.87,18.09
2018-06-23,0.0,36.86,37.86,97.87,5.04,19.01
2018-06-24,0.47,36.32,39.51,97.88,4.73,19.34
2018-06-25,0.09,36.0,37.26,97.69,4.79,18.01
2018-06-26,18.33,32.9,55.37,97.54,4.5,22.57
2018-06-27,11.8,31.86,60.41,97.72,2.57,22.99
2018-06-28,0.69,32.61,50.93,97.89,3.84,20.44
2018-06-29,10.93,29.92,66.84,97.91,2.39,22.91
2018-06-30,20.25,29.68,73.89,98.06,1.88,24.45
2018-07-01,0.0,32.44,58.33,97.98,4.37,22.75
2018-07-02,0.0,33.84,52.68,97.67,6.79,22.21
2018-07-03,0.0,33.58,55.05,97.51,8.11,22.63
2018-07-04,0.31,32.98,55.33,97.59,6.64,22.28
2018-07-05,1.66,32.8,57.78,97.86,3.88,22.98
2018-07-06,0.0,33.28,52.87,98.01,3.61,21.98
2018-07-07,0.0,33.54,49.21,97.92,4.59,20.54
2018-07-08,0.0,33.93,47.13,97.8,5.08,20.08
2018-07-09,0.0,34.34,46.02,97.7,5.53,19.99
2018-07-10,0.0,34.66,47.99,97.73,5.75,21.24
2018-07-11,0.0,34.18,48.76,97.65,6.03,21.19
2018-07-12,0.0,33.75,49.49,97.57,6.02,20.94
2018-07-13,0.01,34.68,48.18,97.62,5.31,21.35
2018-07-14,0.05,35.63,44.12,97.61,3.7,20.82
2018-07-15,12.27,33.78,54.97,97.53,3.77,23.2
2018-07-16,7.08,32.03,64.01,97.65,2.04,24.15
2018-07-17,0.28,32.42,61.35,97.72,1.13,23.86
2018-07-18,2.47,33.82,57.02,97.79,1.72,23.75
2018-07-19,8.43,33.77,57.82,97.79,1.88,24.06
2018-07-20,0.74,33.48,54.51,97.69,3.75,22.58
2018-07-21,0.58,32.96,52.41,97.74,5.25,21.48
2018-07-22,0.11,33.63,52.79,97.68,5.17,22.15
2018-07-23,0.08,33.44,52.68,97.68,3.89,21.88
2018-07-24,0.07,33.94,51.87,97.86,4.38,22.3
2018-07-25,0.0,33.51,50.17,97.77,6.27,21.03
2018-07-26,0.0,32.67,55.64,97.67,6.6,21.97
2018-07-27,0.0,32.65,53.49,97.65,5.25,21.2
2018-07-28,0.0,32.71,51.63,97.75,5.52,20.63
2018-07-29,0.0,32.65,53.23,97.83,5.1,21.12
2018-07-30,0.0,32.93,49.23,97.86,4.96,20.08
2018-07-31,0.0,32.99,48.94,97.81,6.0,20.0
2018-08-01,0.0,32.95,47.97,97.78,6.44,19.42
2018-08-02,0.0,32.51,49.96,97.94,6.53,19.82
2018-08-03,0.0,32.69,49.53,98.04,6.54,19.89
2018-08-04,0.0,32.49,52.21,97.94,6.92,20.75
2018-08-05,0.0,32.26,53.06,97.87,6.37,20.78
2018-08-06,0.0,33.19,49.06,97.68,6.08,20.1
2018-08-07,0.0,33.0,48.91,97.72,4.41,19.9
2018-08-08,0.48,33.45,47.24,97.92,3.73,20.26
2018-08-09,6.29,32.28,54.53,98.25,2.35,21.86
2018-08-10,0.26,33.36,51.84,98.22,3.23,21.72
2018-08-11,0.0,32.88,51.23,97.87,6.22,20.95
2018-08-12,0.0,33.01,51.3,97.48,6.43,20.75
2018-08-13,0.0,33.09,50.26,97.54,4.57,20.59
2018-08-14,0.0,34.08,48.61,97.77,4.43,21.16
2018-08-15,0.04,33.54,48.41,97.91,4.15,20.69
2018-08-16,0.79,34.04,44.99,98.08,2.99,20.09
2018-08-17,18.86,31.68,60.06,97.92,1.63,22.74
2018-08-18,29.6,30.51,72.37,97.87,1.78,24.72
2018-08-19,0.79,31.77,63.91,97.94,3.79,23.74
2018-08-20,0.0,32.46,57.02,98.02,4.28,22.4
2018-08-21,0.0,32.19,55.04,98.03,4.44,21.63
2018-08-22,0.0,32.71,50.13,97.98,4.61,20.27
2018-08-23,0.01,31.98,53.56,98.0,5.89,20.95
2018-08-24,0.0,31.75,53.65,97.99,5.57,20.59
2018-08-25,0.0,31.73,53.7,97.93,5.09,20.7
2018-08-26,0.0,31.2,52.93,97.9,4.16,19.95
2018-08-27,0.0,31.83,51.7,98.12,3.03,20.19
2018-08-28,0.09,32.32,49.02,98.19,2.51,19.59
2018-08-29,0.04,32.43,50.36,98.26,3.28,20.41
2018-08-30,0.0,32.47,50.81,98.14,5.03,20.52
2018-08-31,0.0,31.45,52.8,98.11,5.33,20.04
2018-09-01,0.0,31.41,53.13,98.28,4.36,20.22
2018-09-02,0.0,31.4,52.12,98.26,3.84,19.95
2018-09-03,0.0,31.47,50.32,98.28,4.12,19.2
2018-09-04,0.0,31.15,48.21,98.39,3.73,18.3
2018-09-05,0.0,30.45,46.63,98.36,3.94,17.04
2018-09-06,0.0,30.28,45.85,98.33,3.36,16.24
2018-09-07,0.0,31.15,48.76,98.4,3.68,18.46
2018-09-08,1.27,32.46,43.65,98.39,2.24,18.04
2018-09-09,0.24,32.93,44.19,98.44,2.28,18.55
2018-09-10,0.39,32.97,48.44,98.66,3.22,20.14
2018-09-11,0.0,32.79,49.41,98.69,4.68,20.23
2018-09-12,0.0,31.08,50.81,98.49,5.29,18.86
2018-09-13,0.0,30.59,51.08,98.35,5.05,18.3
2018-09-14,0.0,30.82,52.17,98.51,5.09,19.19
2018-09-15,0.0,30.15,50.28,98.73,4.28,17.9
2018-09-16,0.0,30.26,45.61,98.74,3.18,16.36
2018-09-17,0.0,30.34,42.0,98.67,3.02,15.25
2018-09-18,0.0,30.99,38.56,98.66,3.55,14.22
2018-09-19,0.0,31.05,37.62,98.63,3.72,13.48
2018-09-20,0.0,30.91,37.65,98.58,3.23,13.1
2018-09-21,0.0,32.63,30.65,98.61,1.43,11.67
2018-09-22,0.0,32.08,37.68,98.65,3.14,15.47
2018-09-23,0.0,30.82,48.66,98.77,2.7,17.75
2018-09-24,0.0,32.43,35.1,98.75,0.95,14.19
2018-09-25,0.0,31.38,33.88,98.74,2.87,12.24
2018-09-26,0.0,30.63,34.87,98.69,2.71,11.64
2018-09-27,0.0,30.72,34.93,98.75,2.47,11.64
2018-09-28,0.0,31.39,35.08,98.83,2.62,13.18
2018-09-29,0.0,31.84,27.13,98.91,2.11,10.08
2018-09-30,0.19,32.27,28.6,98.9,2.04,11.0
2018-10-01,0.11,31.82,26.36,98.84,2.49,9.34
2018-10-02,0.0,31.35,24.6,98.88,2.33,7.54
2018-10-03,0.0,30.99,25.91,98.8,2.02,7.9
2018-10-04,0.0,30.7,22.94,98.89,1.76,6.21
2018-10-05,0.0,30.83,21.99,99.04,1.5,5.78
2018-10-06,0.0,31.4,20.13,99.05,1.12,5.28
2018-10-07,0.0,31.16,19.29,98.96,1.23,4.19
2018-10-08,0.0,31.58,16.84,98.76,1.58,2.55
2018-10-09,0.0,29.68,21.64,98.72,1.81,4.84
2018-10-10,0.0,27.93,28.73,98.88,1.89,6.48
2018-10-11,0.0,28.23,19.92,98.96,1.57,2.06
2018-10-12,0.0,27.66,19.24,99.11,2.42,1.1
2018-10-13,0.0,27.3,19.97,99.2,1.87,1.48
2018-10-14,0.0,28.6,18.49,99.14,1.64,1.14
2018-10-15,0.0,29.25,18.73,99.08,1.67,2.56
2018-10-16,0.0,29.22,19.48,99.1,1.48,2.77
2018-10-17,0.0,28.89,18.97,99.05,1.13,2.44
2018-10-18,0.0,28.87,17.7,99.04,1.32,1.24
2018-10-19,0.0,28.19,15.25,99.15,1.8,-1.57
2018-10-20,0.0,27.89,14.18,99.33,1.41,-2.28
2018-10-21,0.0,27.0,18.9,99.45,1.55,0.26
2018-10-22,0.0,27.03,17.81,99.33,1.71,-0.94
2018-10-23,0.0,27.82,14.59,99.15,1.7,-2.23
2018-10-24,0.0,28.02,17.14,99.14,1.73,0.21
2018-10-25,0.01,28.67,26.24,99.31,1.31,6.86
2018-10-26,0.07,28.16,27.57,99.5,1.66,6.83
2018-10-27,0.0,28.21,23.18,99.54,1.42,4.46
2018-10-28,0.0,27.75,21.62,99.53,1.52,3.11
2018-10-29,0.0,28.09,22.13,99.41,1.58,3.42
2018-10-30,0.0,27.87,19.81,99.35,1.63,1.87
2018-10-31,0.0,27.6,17.63,99.41,1.58,0.24
2018-11-01,0.0,27.65,19.08,99.31,1.72,1.44
2018-11-02,0.0,26.28,25.16,99.16,1.69,3.72
2018-11-03,0.0,24.85,21.08,99.18,1.93,0.32
2018-11-04,0.0,22.58,22.13,99.46,2.56,-1.44
2018-11-05,0.0,21.9,12.48,99.5,1.85,-8.58
2018-11-06,0.0,22.02,12.99,99.58,1.67,-7.96
2018-11-07,0.0,22.79,13.13,99.47,1.66,-7.36
2018-11-08,0.0,24.07,13.19,99.33,1.49,-6.51
2018-11-09,0.0,24.55,12.55,99.22,1.19,-6.47
2018-11-10,0.0,24.6,13.64,99.29,1.3,-5.28
2018-11-11,0.0,25.56,15.46,99.35,1.32,-2.96
2018-11-12,0.0,25.31,21.71,99.22,1.22,1.53
2018-11-13,0.0,24.57,28.33,98.98,1.26,4.71
2018-11-14,0.0,23.61,26.41,99.14,1.64,2.65
2018-11-15,0.0,22.89,22.75,99.53,1.84,-0.35
2018-11-16,0.0,22.92,23.77,99.52,1.62,0.15
2018-11-17,0.0,24.07,21.08,99.2,1.77,-0.04
2018-11-18,0.0,25.44,23.2,99.11,1.68,2.66
2018-11-19,0.0,24.86,27.89,99.4,1.3,4.51
2018-11-20,0.0,22.85,29.3,99.67,2.31,3.46
2018-11-21,0.0,22.18,26.58,99.65,1.47,1.23
2018-11-22,0.0,22.48,27.2,99.6,1.55,1.84
2018-11-23,0.0,22.08,24.82,99.9,2.33,0.51
2018-11-24,0.0,22.12,26.65,99.88,1.41,1.16
2018-11-25,0.0,23.59,22.62,99.65,1.63,0.39
2018-11-26,0.0,23.37,19.79,99.54,1.32,-1.57
2018-11-27,0.0,22.57,19.6,99.57,1.34,-1.99
2018-11-28,0.0,21.71,24.48,99.66,1.54,-0.21
2018-11-29,0.0,21.37,30.94,99.85,1.77,2.77
2018-11-30,0.0,22.0,28.91,99.87,1.44,2.43
2018-12-01,0.0,21.53,25.34,99.55,1.45,0.09
2018-12-02,0.0,20.07,22.46,99.32,2.03,-2.84
2018-12-03,0.0,19.78,21.03,99.48,1.78,-3.6
2018-12-04,0.0,19.82,21.88,99.64,1.82,-3.24
2018-12-05,0.0,20.13,21.59,99.46,1.11,-2.86
2018-12-06,0.0,19.88,22.29,99.33,1.29,-2.8
2018-12-07,0.0,19.33,25.25,99.41,1.47,-2.07
2018-12-08,0.0,19.47,22.8,99.44,1.35,-2.97
2018-12-09,0.0,19.95,23.37,99.37,1.38,-2.12
2018-12-10,0.13,19.92,33.91,99.25,1.24,3.36
2018-12-11,0.02,18.07,41.56,99.47,2.75,4.28
2018-12-12,0.0,16.09,51.16,99.79,2.4,5.39
2018-12-13,0.0,16.06,43.84,100.08,1.75,2.89
2018-12-14,0.0,14.43,39.73,100.28,2.39,-0.12
2018-12-15,0.0,13.62,41.27,100.27,2.29,-0.1
2018-12-16,0.0,13.46,35.55,100.26,2.3,-2.64
2018-12-17,0.0,13.95,29.03,100.11,2.09,-4.82
2018-12-18,0.0,16.48,19.36,99.97,1.09,-7.97
2018-12-19,0.0,16.98,13.53,99.76,1.46,-11.3
2018-12-20,0.0,17.51,12.31,99.76,1.24,-11.58
2018-12-21,0.0,15.47,16.42,99.69,1.63,-10.09
2018-12-22,0.0,15.2,17.4,99.58,1.58,-9.85
2018-12-23,0.0,14.61,17.83,99.63,1.8,-9.9
2018-12-24,0.0,13.02,26.98,99.78,2.49,-5.94
2018-12-25,0.0,14.49,24.47,99.74,1.51,-6.35
2018-12-26,0.0,15.03,21.08,99.59,2.31,-6.92
2018-12-27,0.0,14.61,18.06,99.72,1.75,-9.7
2018-12-28,0.0,15.45,17.82,99.7,1.66,-9.0
2018-12-29,0.0,17.29,15.7,99.78,1.65,-9.29
2018-12-30,0.0,17.85,13.3,99.93,1.2,-10.46
2018-12-31,0.0,15.52,16.23,100.03,1.72,-10.03
2019-01-01,0.0,16.18,17.98,99.89,1.4,-8.44
2019-01-02,0.0,17.12,27.2,99.94,1.8,-2.22
2019-01-03,0.0,16.35,27.93,100.07,1.75,-3.1
2019-01-04,0.0,17.08,24.35,99.79,1.59,-3.94
2019-01-05,0.0,16.99,28.48,99.64,2.15,-1.82
2019-01-06,0.0,13.61,45.11,99.91,2.92,1.05
2019-01-07,0.0,13.87,42.56,99.97,1.7,0.37
2019-01-08,0.0,14.25,39.27,99.85,1.8,-0.25
2019-01-09,0.0,16.71,33.79,99.83,1.25,0.18
2019-01-10,0.0,17.41,33.39,99.56,1.88,0.23
2019-01-11,0.95,18.01,33.56,99.53,1.64,1.58
2019-01-12,3.78,16.97,46.81,99.56,1.77,5.32
2019-01-13,0.02,15.64,43.19,99.93,2.67,2.51
2019-01-14,0.0,13.69,37.85,100.1,2.92,-1.44
2019-01-15,0.0,15.36,25.98,99.84,1.32,-5.0
2019-01-16,0.0,17.06,20.29,99.62,1.41,-6.15
2019-01-17,0.0,16.65,22.26,99.66,2.64,-5.49
2019-01-18,0.0,17.62,26.14,99.59,1.89,-2.55
2019-01-19,0.0,16.75,30.5,99.54,1.93,-1.12
2019-01-20,0.01,17.12,31.64,99.46,2.13,-0.2
2019-01-21,6.77,14.82,71.47,99.3,2.01,9.49
2019-01-22,0.01,13.48,50.8,99.34,1.91,1.59
2019-01-23,0.0,13.49,36.64,99.69,1.94,-2.13
2019-01-24,0.0,12.85,42.89,99.97,2.72,-0.37
2019-01-25,0.0,13.11,40.36,100.01,1.31,-1.55
2019-01-26,0.0,12.88,33.85,100.2,1.92,-3.61
2019-01-27,0.01,13.9,35.61,100.31,1.84,-1.53
2019-01-28,0.0,14.96,34.55,100.3,1.3,-1.18
2019-01-29,0.0,16.1,31.75,100.09,1.41,-1.5
2019-01-30,0.76,17.17,25.65,99.69,2.1,-3.25
2019-01-31,8.72,14.46,56.42,99.66,2.89,5.38
2019-02-01,0.0,12.53,60.84,100.0,2.94,4.58
2019-02-02,0.0,13.12,56.91,99.99,2.61,4.03
2019-02-03,0.0,14.33,47.55,99.96,2.18,2.48
2019-02-04,0.0,15.98,37.15,99.85,2.06,0.24
2019-02-05,0.0,17.7,30.27,99.65,1.77,-0.8
2019-02-06,0.0,15.54,33.24,99.26,3.03,-1.41
2019-02-07,0.01,11.62,33.72,99.16,2.76,-4.69
2019-02-08,0.25,12.75,27.75,99.63,2.39,-6.53
2019-02-09,0.0,13.45,33.53,99.99,1.38,-3.87
2019-02-10,0.0,16.37,27.5,99.89,1.66,-3.46
2019-02-11,0.0,16.79,24.05,99.9,2.7,-4.27
2019-02-12,0.0,18.49,23.53,99.82,3.39,-3.97
2019-02-13,0.0,17.94,29.43,99.67,2.52,-1.29
2019-02-14,0.0,17.46,39.89,99.52,3.15,2.74
2019-02-15,0.0,17.37,25.79,99.64,1.82,-3.53
2019-02-16,0.0,17.58,28.47,99.77,1.77,-2.61
2019-02-17,0.0,19.24,21.64,99.4,2.18,-4.07
2019-02-18,0.0,21.62,30.67,98.81,2.95,3.21
2019-02-19,1.86,20.47,47.55,99.09,2.34,8.64
2019-02-20,1.11,21.71,54.93,99.24,3.62,11.39
2019-02-21,2.57,18.3,54.72,99.68,2.86,8.28
2019-02-22,0.0,16.13,33.0,99.83,1.99,-1.57
2019-02-23,0.0,17.13,24.14,99.65,1.22,-4.3
2019-02-24,0.0,19.57,19.84,99.25,1.88,-4.54
2019-02-25,0.0,18.07,23.59,99.07,2.48,-4.07
2019-02-26,0.0,18.42,24.98,99.04,1.9,-2.14
2019-02-27,0.0,16.93,28.64,99.18,2.31,-1.96
2019-02-28,0.0,18.79,21.89,99.38,1.76,-4.81
2019-03-01,0.41,20.85,18.19,99.26,2.83,-4.6
2019-03-02,1.61,21.77,32.97,98.99,3.22,3.16
2019-03-03,2.67,17.86,53.43,99.16,4.56,7.6
2019-03-04,0.0,17.84,50.8,99.2,2.56,6.77
2019-03-05,0.0,21.25,41.54,99.1,1.41,7.1
2019-03-06,0.0,22.73,33.17,99.16,1.14,4.98
2019-03-07,0.22,23.5,28.91,99.04,1.27,3.9
2019-03-08,0.53,22.26,36.38,99.19,3.05,6.02
2019-03-09,0.0,21.06,39.21,99.53,2.82,5.47
2019-03-10,1.04,22.73,32.61,99.18,2.74,4.9
2019-03-11,0.51,20.27,46.88,99.29,2.29,7.05
2019-03-12,0.0,20.29,35.58,99.61,2.51,3.87
2019-03-13,0.09,21.89,34.44,99.52,2.0,4.99
2019-03-14,0.0,20.86,38.62,99.68,2.95,5.36
2019-03-15,0.0,20.98,32.77,99.83,2.53,2.65
2019-03-16,0.0,20.9,31.5,99.71,2.51,2.87
2019-03-17,0.0,23.5,30.63,99.5,1.73,4.6
2019-03-18,0.06,22.74,35.51,99.43,1.81,6.22
2019-03-19,0.0,23.96,30.39,98.89,3.34,4.01
2019-03-20,0.06,23.95,37.93,98.9,1.82,7.51
2019-03-21,0.0,24.83,30.83,99.27,2.57,5.51
2019-03-22,0.0,26.1,23.54,99.44,2.54,2.91
2019-03-23,0.0,26.98,23.06,99.26,3.31,3.4
2019-03-24,0.03,25.25,35.18,99.28,3.4,8.45
2019-03-25,0.12,26.42,35.8,99.32,2.12,9.39
2019-03-26,0.0,27.83,29.24,99.43,1.36,6.46
2019-03-27,0.0,30.55,19.95,99.31,1.97,4.42
2019-03-28,0.0,31.0,20.99,99.1,2.27,4.36
2019-03-29,0.0,31.04,26.7,98.87,2.07,8.65
2019-03-30,0.0,30.16,24.21,98.85,3.2,5.4
2019-03-31,0.0,29.75,11.34,98.97,2.16,-4.48
2019-04-01,0.0,31.29,10.92,98.97,1.84,-3.07
2019-04-02,0.0,32.27,12.52,98.87,1.66,-0.76
2019-04-03,0.0,33.6,14.02,98.8,1.42,1.94
2019-04-04,0.0,34.09,17.29,98.79,2.6,4.88
2019-04-05,0.0,34.0,15.66,98.74,3.69,3.14
2019-04-06,0.0,33.29,20.96,98.74,2.54,6.12
2019-04-07,0.0,33.28,23.71,98.54,2.66,8.37
2019-04-08,0.0,32.71,17.5,98.53,1.41,3.1
2019-04-09,0.0,33.31,17.13,98.56,2.87,4.48
2019-04-10,0.0,33.27,26.31,98.73,1.27,10.25
2019-04-11,0.0,34.11,24.97,98.68,3.28,10.68
2019-04-12,0.29,32.52,32.18,98.78,4.37,12.05
2019-04-13,0.02,32.33,36.02,98.82,2.13,13.39
2019-04-14,0.0,32.75,32.08,98.9,3.25,12.86
2019-04-15,0.28,30.2,31.41,98.86,3.33,11.16
2019-04-16,1.5,26.21,35.12,98.73,4.61,9.37
2019-04-17,0.33,25.1,37.02,98.97,2.69,8.79
2019-04-18,0.0,26.44,36.69,99.28,2.99,9.82
2019-04-19,0.0,29.05,31.33,99.04,1.48,9.34
2019-04-20,0.0,31.31,22.1,98.64,2.07,5.97
2019-04-21,0.0,31.93,29.84,98.53,2.95,10.23
2019-04-22,0.0,33.45,26.35,98.59,3.22,9.48
2019-04-23,0.0,34.27,22.83,98.66,4.7,7.81
2019-04-24,0.0,33.76,30.59,98.71,4.74,11.36
2019-04-25,0.0,34.39,32.23,98.75,3.19,14.27
2019-04-26,0.0,34.15,20.09,98.75,2.83,6.29
2019-04-27,0.0,34.75,12.68,98.71,1.78,1.14
2019-04-28,0.0,34.76,13.08,98.53,2.13,1.61
2019-04-29,0.0,35.11,12.6,98.31,2.17,1.4
2019-04-30,0.0,32.83,21.04,98.1,2.49,6.3
2019-05-01,0.0,33.39,17.11,98.22,2.2,4.09
2019-05-02,0.0,32.9,10.73,98.34,2.41,-2.46
2019-05-03,0.0,32.76,9.74,98.5,1.85,-3.63
2019-05-04,0.0,33.22,12.96,98.73,2.32,0.35
2019-05-05,0.0,34.4,11.34,98.75,2.39,-0.64
2019-05-06,0.0,33.79,23.46,98.52,4.51,8.02
2019-05-07,0.0,33.85,29.53,98.36,5.24,11.48
2019-05-08,0.0,33.38,38.3,98.42,6.04,15.21
2019-05-09,0.0,32.71,42.8,98.39,6.23,16.59
2019-05-10,3.53,32.24,43.91,98.41,4.85,17.23
2019-05-11,10.44,31.05,53.17,98.55,5.24,19.9
2019-05-12,2.03,31.43,46.89,98.57,2.43,17.76
2019-05-13,0.06,33.38,35.38,98.36,3.83,14.61
2019-05-14,1.09,32.55,40.36,98.26,3.77,16.41
2019-05-15,0.29,34.09,32.18,98.46,2.91,14.39
2019-05-16,3.85,31.79,39.95,98.67,2.87,16.04
2019-05-17,4.57,29.64,50.86,98.7,1.96,18.03
2019-05-18,0.0,31.55,37.82,98.65,1.59,14.45
2019-05-19,0.0,32.91,38.66,98.63,3.16,15.99
2019-05-20,0.0,32.53,40.19,98.72,2.12,15.95
2019-05-21,0.0,34.98,29.36,98.58,1.48,13.87
2019-05-22,0.0,35.57,27.96,98.45,1.69,13.79
2019-05-23,0.06,34.3,34.01,98.32,2.91,15.51
2019-05-24,0.11,34.32,28.61,98.48,1.69,12.64
2019-05-25,0.0,36.02,20.99,98.46,1.04,9.92
2019-05-26,0.0,36.77,17.98,98.25,1.6,7.61
2019-05-27,0.0,35.99,24.57,98.28,2.9,11.29
2019-05-28,0.0,36.81,22.36,98.22,1.88,10.65
2019-05-29,0.0,37.94,20.48,98.14,2.8,10.17
2019-05-30,0.0,37.58,26.76,98.07,2.65,13.21
2019-05-31,0.05,38.26,24.25,98.04,3.78,12.88
2019-06-01,0.55,39.0,23.17,98.11,4.94,12.42
2019-06-02,0.0,39.19,21.1,98.07,4.82,11.15
2019-06-03,0.0,38.5,25.06,98.04,6.05,13.07
2019-06-04,0.0,36.49,34.96,98.1,5.84,17.55
2019-06-05,0.0,37.61,25.35,98.1,3.31,10.09
2019-06-06,0.0,37.17,23.24,98.14,2.37,9.15
2019-06-07,0.48,36.57,18.13,98.25,2.11,6.87
2019-06-08,0.0,38.88,15.86,98.15,1.09,7.26
2019-06-09,0.0,38.66,18.59,97.97,2.42,8.67
2019-06-10,0.0,38.2,25.35,97.85,4.83,13.47
2019-06-11,0.0,37.35,31.99,97.69,6.11,16.4
2019-06-12,0.05,37.93,31.43,97.75,4.23,15.71
2019-06-13,0.29,36.3,35.51,98.02,4.48,18.31
2019-06-14,0.0,35.68,39.66,98.05,4.39,19.04
2019-06-15,0.0,35.89,38.43,98.03,5.47,18.77
2019-06-16,0.0,35.97,41.82,98.09,5.71,20.46
2019-06-17,0.0,35.55,38.38,98.05,6.24,18.71
2019-06-18,0.17,34.76,42.31,97.85,4.2,19.45
2019-06-19,0.21,36.22,38.72,97.91,2.46,19.17
2019-06-20,3.4,35.89,42.43,98.08,4.37,20.63
2019-06-21,1.16,35.44,42.78,98.17,3.37,20.43
2019-06-22,0.06,37.58,36.02,98.08,1.85,19.38
2019-06-23,5.19,36.86,40.92,97.99,2.58,21.17
2019-06-24,11.56,33.71,55.42,98.2,2.79,23.37
2019-06-25,33.87,33.43,61.27,98.32,1.43,24.72
2019-06-26,0.02,34.51,49.39,98.12,3.54,21.48
2019-06-27,0.0,35.22,46.2,97.82,5.49,21.07
2019-06-28,0.0,34.78,47.59,97.68,5.25,20.99
2019-06-29,0.0,35.27,47.81,97.69,5.51,21.49
2019-06-30,0.0,35.03,47.71,97.7,6.25,21.28
2019-07-01,0.0,34.73,49.82,97.8,4.86,21.89
2019-07-02,0.0,35.99,45.82,97.9,3.83,21.52
2019-07-03,0.79,36.41,43.23,97.85,4.16,21.0
2019-07-04,0.0,36.62,39.77,97.67,4.83,19.51
2019-07-05,0.0,35.83,46.5,97.49,5.54,21.78
2019-07-06,0.0,35.23,46.91,97.42,5.47,21.45
2019-07-07,0.0,35.94,44.27,97.52,5.48,21.16
2019-07-08,0.0,36.11,43.1,97.59,6.34,20.7
2019-07-09,0.0,35.55,44.62,97.42,7.77,20.77
2019-07-10,0.0,35.97,44.62,97.44,7.69,20.87
2019-07-11,0.0,35.79,45.69,97.51,9.14,20.82
2019-07-12,0.0,35.0,46.71,97.74,8.56,20.94
2019-07-13,0.0,35.04,46.49,97.87,8.85,20.95
2019-07-14,0.0,34.75,48.22,97.66,9.06,21.28
2019-07-15,0.0,34.08,49.63,97.52,9.1,21.02
2019-07-16,0.0,34.34,49.29,97.75,7.56,21.39
2019-07-17,0.02,34.3,48.63,97.94,5.3,21.24
2019-07-18,0.02,34.69,46.1,97.92,5.56,20.82
2019-07-19,0.3,35.68,42.98,97.97,3.77,20.57
2019-07-20,0.13,37.24,37.21,98.03,1.99,19.86
2019-07-21,5.15,37.45,38.26,97.92,1.67,20.58
2019-07-22,0.44,37.52,39.34,97.85,1.6,20.96
2019-07-23,0.49,36.55,43.8,97.87,3.14,21.97
2019-07-24,0.0,37.11,42.95,97.74,5.6,21.97
2019-07-25,0.01,34.9,51.1,97.68,8.27,22.53
2019-07-26,0.07,34.66,50.77,97.55,5.21,21.95
2019-07-27,4.15,34.24,53.87,97.62,4.89,23.01
2019-07-28,19.67,30.79,71.83,97.9,1.99,25.06
2019-07-29,6.51,32.03,68.01,97.86,2.96,25.09
2019-07-30,1.82,34.08,57.61,97.83,2.59,24.14
2019-07-31,0.25,34.83,55.16,97.81,2.63,23.96
2019-08-01,0.61,32.92,57.65,97.82,5.06,23.01
2019-08-02,0.01,32.75,58.0,97.78,3.27,22.97
2019-08-03,2.36,33.5,58.53,97.79,2.99,23.92
2019-08-04,0.06,33.33,60.07,97.75,3.16,24.17
2019-08-05,0.15,34.04,53.24,97.58,4.47,22.57
2019-08-06,0.0,34.29,52.4,97.52,4.6,22.31
2019-08-07,0.19,34.79,51.2,97.48,3.4,22.46
2019-08-08,5.03,33.08,57.27,97.51,2.4,23.21
2019-08-09,9.57,32.94,61.98,97.6,2.06,24.32
2019-08-10,1.74,33.2,55.94,97.5,5.02,22.94
2019-08-11,0.96,32.48,61.97,97.63,4.56,23.92
2019-08-12,0.1,31.42,60.46,98.02,5.11,22.32
2019-08-13,0.0,32.63,54.05,98.06,4.23,21.39
2019-08-14,0.04,32.51,55.46,98.14,4.65,21.84
2019-08-15,0.48,33.2,55.22,98.12,3.79,22.31
2019-08-16,1.3,32.5,56.67,98.01,4.83,22.17
2019-08-17,0.39,32.58,56.96,97.97,4.7,22.33
2019-08-18,0.0,33.04,54.55,98.23,4.85,21.88
2019-08-19,0.0,33.3,52.2,98.5,3.45,21.59
2019-08-20,0.0,33.42,50.2,98.52,3.58,20.93
2019-08-21,0.0,33.48,48.53,98.34,4.4,20.15
2019-08-22,0.0,33.31,49.44,98.3,3.67,20.1
2019-08-23,0.0,33.77,45.12,98.33,4.01,19.25
2019-08-24,0.0,33.39,43.98,98.31,4.23,18.22
2019-08-25,0.0,33.1,46.55,98.25,3.5,19.08
2019-08-26,0.04,34.56,43.7,98.19,2.2,19.31
2019-08-27,11.3,33.69,50.96,98.14,2.62,21.55
2019-08-28,15.89,31.2,69.67,98.24,2.55,24.78
2019-08-29,9.79,30.59,70.96,98.33,1.76,24.52
2019-08-30,3.81,30.5,68.92,98.18,2.1,23.93
2019-08-31,3.48,31.46,60.97,97.99,2.0,22.7
2019-09-01,17.31,30.94,69.27,98.09,1.32,24.45
2019-09-02,5.43,30.84,71.88,98.16,1.17,24.93
2019-09-03,0.27,31.27,69.36,98.11,1.48,24.73
2019-09-04,19.17,30.76,75.25,98.03,1.41,25.76
2019-09-05,2.35,31.87,66.96,98.0,1.62,24.44
2019-09-06,0.14,33.67,58.3,97.9,1.56,23.7
2019-09-07,0.46,33.58,58.28,97.9,2.49,23.76
2019-09-08,0.01,33.43,56.87,98.08,2.43,22.69
2019-09-09,0.0,34.86,49.39,98.01,1.39,21.72
2019-09-10,0.0,35.59,47.78,97.97,2.75,21.61
2019-09-11,0.0,35.02,53.75,98.16,4.2,23.4
2019-09-12,0.0,34.05,56.8,98.28,4.64,23.33
2019-09-13,0.0,33.47,56.73,98.36,3.94,22.9
2019-09-14,0.0,34.16,52.02,98.36,3.1,21.65
2019-09-15,0.0,33.75,53.46,98.44,3.63,22.05
2019-09-16,0.0,32.93,53.51,98.33,3.46,21.23
2019-09-17,0.0,32.38,55.69,98.35,3.54,21.14
2019-09-18,0.0,32.82,48.96,98.66,3.1,19.31
2019-09-19,0.0,32.8,43.15,98.71,1.12,17.19
2019-09-20,0.0,32.68,51.14,98.62,2.19,20.19
2019-09-21,0.0,32.53,49.91,98.56,2.12,19.83
2019-09-22,0.0,32.79,51.65,98.63,1.68,20.53
2019-09-23,0.05,32.67,52.54,98.78,2.21,20.88
2019-09-24,0.06,32.47,50.92,98.81,2.24,20.3
2019-09-25,0.08,31.99,53.16,98.92,2.93,20.79
2019-09-26,0.34,31.89,54.85,99.03,3.25,21.03
2019-09-27,2.83,30.57,60.56,98.95,2.65,21.58
2019-09-28,0.27,30.79,61.79,98.82,2.8,21.74
2019-09-29,0.3,30.97,58.35,98.9,2.38,21.13
2019-09-30,0.05,30.8,56.94,98.84,1.69,20.58
2019-10-01,2.0,30.58,58.06,98.76,2.02,21.04
2019-10-02,3.85,28.06,71.58,98.97,1.85,22.33
2019-10-03,9.8,26.95,78.69,98.92,2.42,22.89
2019-10-04,4.11,26.05,73.07,99.08,1.38,20.63
2019-10-05,5.25,26.68,65.82,99.07,1.21,19.44
2019-10-06,5.07,24.85,73.03,99.2,2.07,19.51
2019-10-07,0.0,25.53,63.67,99.36,2.21,17.06
2019-10-08,0.0,27.86,42.9,99.26,0.94,13.21
2019-10-09,0.0,28.98,36.32,99.09,1.16,11.33
2019-10-10,0.0,28.88,38.48,99.06,1.51,12.21
2019-10-11,0.0,29.13,39.14,98.98,1.47,12.73
2019-10-12,0.0,29.39,41.48,99.06,1.62,13.92
2019-10-13,0.0,30.45,37.98,99.19,1.06,13.51
2019-10-14,0.0,30.68,36.49,99.21,1.54,12.99
2019-10-15,0.0,30.41,33.64,99.22,1.24,11.77
2019-10-16,0.0,30.03,36.05,99.25,0.69,12.52
2019-10-17,0.0,30.77,30.72,99.17,0.43,10.88
2019-10-18,0.0,29.9,32.91,99.13,1.2,10.87
2019-10-19,0.0,27.17,41.16,99.39,2.87,11.91
2019-10-20,0.0,27.38,37.64,99.43,1.83,10.64
2019-10-21,0.0,27.4,33.31,99.25,1.75,8.83
2019-10-22,0.0,27.49,38.5,99.04,1.51,10.97
2019-10-23,0.0,27.95,36.18,98.9,2.09,10.65
2019-10-24,0.0,28.25,32.01,98.94,1.66,9.09
2019-10-25,0.0,28.04,30.42,99.03,1.1,8.21
2019-10-26,0.0,27.04,31.27,99.15,2.2,7.46
2019-10-27,0.0,26.54,37.2,99.23,2.14,9.06
2019-10-28,0.0,26.84,33.49,99.23,1.85,8.4
2019-10-29,0.0,27.14,48.39,99.34,1.53,14.89
2019-10-30,0.24,28.82,43.8,99.23,0.84,14.78
2019-10-31,0.93,29.62,39.39,99.14,0.79,13.81
2019-11-01,14.89,27.97,50.3,99.1,1.06,15.88
2019-11-02,4.95,25.09,60.3,99.31,2.17,16.4
2019-11-03,0.04,25.3,59.56,99.48,1.81,16.34
2019-11-04,0.0,26.31,46.9,99.51,0.85,13.11
2019-11-05,0.0,26.28,36.2,99.21,1.47,9.39
2019-11-06,0.0,24.41,40.34,98.86,2.09,9.51
2019-11-07,0.0,20.55,31.74,98.99,2.29,1.76
2019-11-08,0.0,20.07,42.41,99.41,3.23,5.57
2019-11-09,0.0,19.31,43.91,99.56,2.54,5.8
2019-11-10,0.0,20.84,37.96,99.43,1.53,5.29
2019-11-11,0.0,22.32,33.13,99.26,1.19,4.67
2019-11-12,0.17,22.94,48.27,99.24,1.5,11.2
2019-11-13,1.54,24.69,54.69,99.37,1.51,14.43
2019-11-14,29.81,20.4,75.46,99.51,2.46,15.76
2019-11-15,9.23,19.15,84.86,99.55,3.45,16.42
2019-11-16,0.64,18.88,81.56,99.65,3.54,15.51
2019-11-17,0.0,20.36,73.47,99.78,2.2,14.98
2019-11-18,0.0,21.22,55.87,99.62,1.19,11.56
2019-11-19,0.0,22.15,47.71,99.43,0.9,10.09
2019-11-20,0.0,21.33,50.77,99.34,1.34,10.13
2019-11-21,0.0,21.68,52.91,99.44,1.72,11.07
2019-11-22,0.07,21.49,59.79,99.56,2.77,12.81
2019-11-23,0.01,20.12,58.1,99.71,2.79,11.41
2019-11-24,0.0,20.19,56.88,99.64,1.9,10.92
2019-11-25,0.0,19.86,48.03,99.57,1.95,7.85
2019-11-26,0.0,18.95,47.36,99.52,2.02,6.81
2019-11-27,0.01,18.52,50.02,99.53,1.85,7.24
2019-11-28,0.0,18.15,46.53,99.65,1.41,5.61
2019-11-29,0.0,17.08,58.31,99.78,2.25,8.07
2019-11-30,0.0,15.89,49.23,99.78,2.6,4.48
2019-12-01,0.0,15.98,44.29,99.75,2.37,2.84
2019-12-02,0.0,17.02,39.19,99.77,1.74,2.21
2019-12-03,0.0,17.66,38.03,99.74,1.77,1.98
2019-12-04,0.0,17.46,37.02,99.78,1.97,1.52
2019-12-05,0.0,17.39,36.24,99.93,2.02,1.27
2019-12-06,0.0,16.42,40.67,100.04,2.28,2.23
2019-12-07,0.0,16.33,38.48,99.94,2.0,1.38
2019-12-08,0.0,15.97,41.97,99.89,2.13,2.26
2019-12-09,0.0,17.05,45.55,99.78,1.74,4.38
2019-12-10,0.0,17.83,41.07,99.54,1.44,3.45
2019-12-11,0.59,17.69,45.9,99.29,1.78,5.22
2019-12-12,0.73,16.59,71.54,99.16,2.46,11.05
2019-12-13,0.02,15.47,65.88,99.41,1.62,8.11
2019-12-14,0.0,15.44,54.57,99.85,2.12,5.5
2019-12-15,0.0,14.33,56.87,100.01,2.45,5.33
2019-12-16,0.0,13.2,60.06,100.08,2.18,5.08
2019-12-17,0.0,12.68,55.89,100.15,2.26,3.43
2019-12-18,0.0,13.88,50.02,99.99,1.62,2.95
2019-12-19,0.0,15.81,44.53,99.72,1.75,3.13
2019-12-20,0.0,18.16,44.25,99.52,1.66,5.27
2019-12-21,0.0,16.84,45.43,99.67,2.34,4.47
2019-12-22,0.0,13.91,46.46,99.83,2.82,1.77
2019-12-23,0.0,13.81,43.64,99.68,2.35,0.54
2019-12-24,0.0,14.21,38.25,99.73,2.58,-0.68
2019-12-25,0.0,12.34,40.06,99.83,2.46,-1.72
2019-12-26,0.0,14.12,35.14,99.79,1.33,-1.99
2019-12-27,0.0,13.92,35.98,99.7,1.63,-1.99
2019-12-28,0.0,12.92,36.75,99.74,2.17,-2.44
2019-12-29,0.0,11.24,39.05,99.82,2.68,-2.89
2019-12-30,0.0,10.05,42.0,99.75,2.44,-3.16
2019-12-31,0.0,9.7,43.18,99.79,2.94,-3.08
2020-01-01,0.0,10.19,49.28,99.9,3.47,-0.39
2020-01-02,0.0,11.32,56.02,100.07,3.24,2.68
2020-01-03,0.0,13.19,46.37,99.97,2.06,1.35
2020-01-04,0.0,16.56,39.41,99.74,1.21,2.2
2020-01-05,0.01,17.34,41.64,99.63,1.42,3.54
2020-01-06,0.25,15.95,51.62,99.67,2.1,5.33
2020-01-07,0.32,12.75,74.52,99.72,2.62,8.12
2020-01-08,0.0,11.5,51.61,99.64,2.24,-0.61
2020-01-09,0.0,11.36,45.64,99.95,2.0,-1.19
2020-01-10,0.0,11.39,43.8,100.02,3.08,-1.39
2020-01-11,0.0,13.37,36.09,99.85,2.81,-2.26
2020-01-12,0.1,13.84,41.63,99.44,2.17,0.5
2020-01-13,11.1,11.09,69.94,99.26,3.25,5.57
2020-01-14,0.15,11.46,59.96,99.51,1.48,2.92
2020-01-15,0.0,10.13,58.03,99.68,2.35,1.44
2020-01-16,0.0,11.55,52.72,99.68,2.32,1.55
2020-01-17,0.0,13.54,39.91,99.68,1.19,-0.62
2020-01-18,0.0,13.34,32.86,99.79,1.33,-3.47
2020-01-19,0.0,12.33,44.91,99.92,1.94,-0.13
2020-01-20,0.0,13.27,45.26,99.73,1.69,1.1
2020-01-21,0.0,14.4,44.26,99.7,2.03,1.56
2020-01-22,0.0,14.12,53.51,100.11,3.32,4.01
2020-01-23,0.0,14.05,56.02,100.08,2.11,4.83
2020-01-24,0.0,15.4,49.3,99.82,1.33,4.0
2020-01-25,0.0,18.53,39.11,99.59,1.63,3.68
2020-01-26,0.0,19.76,36.72,99.33,1.16,3.97
2020-01-27,0.56,18.37,47.78,99.06,1.39,6.88
2020-01-28,0.0,15.18,57.58,99.16,2.56,5.89
2020-01-29,0.0,15.71,35.05,99.55,1.67,-0.6
2020-01-30,0.0,14.35,37.45,99.83,1.82,-0.81
2020-01-31,0.0,14.8,37.34,99.58,1.84,-0.74
2020-02-01,0.0,15.15,31.43,99.77,1.27,-2.6
2020-02-02,0.0,14.93,33.18,99.94,1.68,-2.03
2020-02-03,0.0,15.78,32.67,99.75,1.69,-1.77
2020-02-04,0.0,14.95,36.84,99.58,2.03,-0.18
2020-02-05,0.0,14.22,45.97,99.8,3.02,1.93
2020-02-06,0.0,15.58,38.07,99.64,1.68,0.41
2020-02-07,0.0,16.47,27.03,99.79,1.49,-3.88
2020-02-08,0.0,15.84,31.19,100.05,2.19,-2.33
2020-02-09,0.0,16.78,26.61,100.03,2.17,-4.09
2020-02-10,0.0,16.68,23.78,99.81,2.0,-5.08
2020-02-11,0.0,17.9,24.28,99.76,2.1,-3.97
2020-02-12,0.0,18.68,27.06,99.9,2.46,-1.61
2020-02-13,0.0,20.92,33.05,99.76,2.1,3.3
2020-02-14,0.0,18.37,21.85,99.64,2.03,-5.45
2020-02-15,0.0,21.46,12.97,99.49,0.97,-8.47
2020-02-16,0.0,23.27,11.07,99.61,0.88,-8.81
2020-02-17,0.0,23.61,12.8,99.71,1.32,-7.1
2020-02-18,0.0,23.1,14.69,99.51,1.88,-6.15
2020-02-19,0.0,22.96,17.26,99.11,2.21,-3.51
2020-02-20,0.0,19.99,29.07,99.17,4.01,0.89
2020-02-21,0.0,18.74,37.31,99.75,2.7,3.14
2020-02-22,0.0,19.57,40.61,99.98,2.63,5.38
2020-02-23,0.0,20.21,47.16,99.8,2.68,7.81
2020-02-24,0.0,22.0,39.45,99.51,1.25,6.39
2020-02-25,0.0,24.14,29.58,99.34,1.88,4.46
2020-02-26,0.0,25.58,24.63,99.3,1.03,2.86
2020-02-27,0.0,25.26,25.68,99.13,2.1,3.6
2020-02-28,0.0,25.5,31.9,98.88,3.17,6.54
2020-02-29,0.0,22.81,45.72,99.02,2.89,9.67
2020-03-01,0.0,22.45,44.55,99.3,3.42,8.99
2020-03-02,0.0,22.51,43.81,99.33,2.07,8.39
2020-03-03,0.0,23.54,35.75,99.15,1.53,6.56
2020-03-04,0.01,23.7,31.62,98.84,2.17,5.01
2020-03-05,3.72,21.71,44.5,98.65,3.5,7.96
2020-03-06,3.71,18.3,54.9,98.88,3.12,7.85
2020-03-07,0.0,20.72,40.35,99.23,1.95,5.84
2020-03-08,0.0,21.13,34.38,99.41,2.73,3.81
2020-03-09,0.0,21.74,35.88,99.29,1.91,5.02
2020-03-10,1.12,23.12,33.68,98.88,2.05,5.41
2020-03-11,2.93,19.38,55.21,98.77,3.03,9.73
2020-03-12,0.0,17.73,34.81,98.99,3.45,0.18
2020-03-13,0.0,18.91,29.58,99.5,1.82,-0.22
2020-03-14,0.0,20.13,38.78,99.58,1.91,4.4
2020-03-15,0.0,20.03,43.52,99.64,2.88,6.53
2020-03-16,0.0,21.98,37.73,99.62,2.15,6.05
2020-03-17,0.0,24.93,28.1,99.55,1.59,4.21
2020-03-18,0.0,26.2,26.52,99.4,1.58,4.47
2020-03-19,0.0,27.86,25.19,99.01,1.8,5.03
2020-03-20,0.0,26.73,25.29,98.81,2.23,4.1
2020-03-21,0.01,26.19,36.1,98.98,1.71,8.14
2020-03-22,8.04,27.41,33.9,99.14,2.22,8.7
2020-03-23,1.03,25.79,55.42,99.1,2.1,15.45
2020-03-24,0.0,25.25,50.04,99.0,2.01,13.87
2020-03-25,0.44,26.8,46.21,99.0,2.55,13.63
2020-03-26,6.99,23.66,54.58,99.26,1.93,13.71
2020-03-27,4.18,21.72,62.14,99.39,2.34,13.5
2020-03-28,0.0,24.69,40.36,99.32,2.27,8.87
2020-03-29,0.0,26.21,31.3,99.24,1.48,7.24
2020-03-30,0.0,26.2,34.76,99.14,2.15,8.24
2020-03-31,0.02,26.88,36.5,98.99,2.32,10.01
2020-04-01,0.0,25.74,46.62,99.19,2.54,11.99
2020-04-02,0.0,26.48,39.47,99.13,1.93,10.47
2020-04-03,0.0,27.83,28.26,99.15,1.88,6.95
2020-04-04,0.0,29.88,25.56,99.1,1.49,7.1
2020-04-05,0.01,29.6,26.9,99.05,2.25,7.83
2020-04-06,0.0,30.4,26.43,99.05,1.3,7.01
2020-04-07,0.0,29.01,28.59,98.85,2.83,8.2
2020-04-08,0.0,27.62,37.1,99.03,2.87,9.59
2020-04-09,0.0,29.77,25.68,98.98,2.19,6.74
2020-04-10,0.0,29.76,32.67,99.03,2.69,10.91
2020-04-11,0.0,30.59,39.04,99.31,2.2,13.13
2020-04-12,0.0,33.42,27.74,99.11,1.88,11.16
2020-04-13,0.0,30.98,20.24,98.9,4.0,4.73
2020-04-14,0.0,29.64,26.73,98.81,4.2,8.14
2020-04-15,0.0,30.92,34.9,98.88,3.77,12.5
2020-04-16,7.0,30.52,34.6,98.81,3.17,11.67
2020-04-17,0.03,29.76,42.33,98.73,2.82,14.43
2020-04-18,0.0,29.32,39.04,98.85,3.14,12.88
2020-04-19,0.79,31.39,32.69,98.78,2.59,12.13
2020-04-20,2.15,29.64,38.7,98.8,3.07,13.44
2020-04-21,0.0,30.49,36.3,98.91,2.6,12.59
2020-04-22,10.21,31.27,35.65,98.68,2.57,13.04
2020-04-23,1.99,30.65,51.2,98.61,2.49,18.67
2020-04-24,0.0,33.34,33.98,98.44,1.56,14.11
2020-04-25,0.01,32.61,33.66,98.43,2.4,12.96
2020-04-26,0.0,33.86,30.86,98.56,1.89,12.87
2020-04-27,1.83,34.61,26.29,98.64,2.03,10.82
2020-04-28,0.14,33.27,33.9,98.77,3.33,13.73
2020-04-29,0.0,34.53,26.8,98.76,2.01,11.17
2020-04-30,0.01,34.25,28.15,98.81,2.07,11.54
2020-05-01,0.0,34.79,20.6,98.65,4.11,7.07
2020-05-02,0.0,35.0,30.51,98.38,3.38,13.41
2020-05-03,0.31,35.34,32.27,98.42,3.71,14.69
2020-05-04,0.0,34.13,28.98,98.69,2.66,12.68
2020-05-05,10.39,33.75,35.4,98.69,1.78,15.24
2020-05-06,0.01,33.7,28.0,98.47,3.13,10.78
2020-05-07,0.0,34.78,20.22,98.49,2.08,7.15
2020-05-08,0.0,35.73,20.9,98.39,2.18,8.59
2020-05-09,0.0,35.16,29.24,98.5,3.83,12.54
2020-05-10,0.0,34.75,28.81,98.54,3.78,12.13
2020-05-11,0.0,35.34,30.92,98.55,4.54,13.96
2020-05-12,0.01,35.36,34.25,98.52,3.33,16.0
2020-05-13,0.0,34.65,34.43,98.47,2.33,15.75
2020-05-14,0.2,34.08,36.36,98.52,2.79,15.97
2020-05-15,0.03,34.6,33.97,98.57,2.14,15.72
2020-05-16,0.0,35.11,27.53,98.48,2.63,12.23
2020-05-17,0.0,34.23,16.77,98.39,2.59,4.8
2020-05-18,0.29,33.24,25.3,98.3,3.13,7.4
2020-05-19,0.0,33.12,36.52,98.27,3.17,13.13
2020-05-20,0.0,34.47,25.3,98.27,3.41,10.62
2020-05-21,0.0,34.86,33.16,98.19,4.99,13.03
2020-05-22,0.0,35.52,39.23,98.15,5.12,15.4
2020-05-23,0.0,36.15,34.47,98.27,4.14,14.62
2020-05-24,0.0,36.07,37.34,98.39,4.66,16.6
2020-05-25,0.0,36.24,35.97,98.32,4.99,16.73
2020-05-26,0.0,35.51,37.94,98.18,5.44,15.04
2020-05-27,0.0,35.69,37.86,97.94,5.5,12.77
2020-05-28,0.0,35.84,37.7,97.75,6.42,13.96
2020-05-29,0.18,35.14,45.15,97.86,5.24,18.95
2020-05-30,8.62,33.2,48.34,98.31,3.07,20.18
2020-05-31,1.27,33.64,43.5,98.45,3.33,19.07
2020-06-01,0.42,33.97,41.97,98.51,3.94,18.48
2020-06-02,0.07,34.22,40.29,98.37,2.83,18.08
2020-06-03,0.92,34.78,42.46,98.21,2.35,19.48
2020-06-04,1.58,33.49,41.13,98.2,2.65,17.69
2020-06-05,1.38,35.0,41.17,98.05,4.33,19.27
2020-06-06,1.77,33.57,45.93,98.12,4.81,19.73
2020-06-07,0.0,34.07,43.52,98.14,4.26,19.25
2020-06-08,0.0,35.42,40.72,98.15,4.53,19.45
2020-06-09,0.0,36.1,41.74,98.19,4.88,20.24
2020-06-10,0.0,36.4,42.4,98.13,4.83,20.34
2020-06-11,0.0,36.88,42.15,97.92,5.28,20.66
2020-06-12,0.02,37.64,38.29,97.78,4.12,19.61
2020-06-13,1.26,37.45,39.4,97.84,4.16,20.26
2020-06-14,0.15,38.72,34.67,97.97,2.19,19.1
2020-06-15,0.47,39.24,31.61,97.79,3.2,17.96
2020-06-16,0.0,39.06,28.7,97.57,4.8,15.15
2020-06-17,0.0,38.5,32.42,97.48,5.64,16.02
2020-06-18,0.0,36.68,39.72,97.67,7.4,19.36
2020-06-19,0.0,36.93,42.19,97.83,7.63,20.77
2020-06-20,0.0,36.23,44.93,98.01,6.19,21.42
2020-06-21,0.0,36.86,42.71,97.94,5.14,21.17
2020-06-22,0.0,36.96,38.0,97.86,4.14,19.02
2020-06-23,1.79,37.35,41.68,98.03,4.8,21.27
2020-06-24,0.36,37.93,38.11,98.08,4.32,20.94
2020-06-25,0.58,37.37,40.37,97.97,6.1,21.05
2020-06-26,0.21,34.61,47.7,97.95,6.38,21.55
2020-06-27,0.0,35.99,47.23,97.88,6.78,22.22
2020-06-28,0.0,36.28,47.5,97.8,7.16,22.17
2020-06-29,0.0,36.13,46.62,97.86,6.38,21.67
2020-06-30,0.04,37.2,40.72,97.99,3.72,20.75
2020-07-01,1.14,37.71,37.33,97.96,3.83,20.31
2020-07-02,0.0,36.89,43.67,97.84,5.64,21.95
2020-07-03,0.0,37.55,40.91,97.7,6.33,20.71
2020-07-04,0.0,37.79,41.69,97.53,6.44,21.13
2020-07-05,6.54,35.58,51.23,97.55,3.78,23.53
2020-07-06,1.13,33.77,54.93,97.66,2.33,23.2
2020-07-07,0.0,35.35,45.1,97.79,2.32,20.8
2020-07-08,0.09,34.98,47.21,97.94,4.18,21.75
2020-07-09,0.01,34.92,47.3,97.87,3.99,21.34
2020-07-10,0.14,34.77,53.6,97.75,6.16,23.38
2020-07-11,0.37,34.71,55.87,97.62,6.12,23.97
2020-07-12,2.46,33.89,54.33,97.71,6.71,22.81
2020-07-13,2.29,33.78,51.63,97.86,4.06,21.73
2020-07-14,0.0,35.95,44.96,97.95,4.03,21.4
2020-07-15,0.68,36.66,43.93,97.9,3.3,21.78
2020-07-16,6.15,37.07,44.11,97.67,2.26,22.29
2020-07-17,0.61,36.15,47.01,97.7,3.27,22.32
2020-07-18,6.3,34.59,54.32,97.94,2.53,23.87
2020-07-19,0.61,35.01,51.13,97.94,4.34,23.11
2020-07-20,0.01,34.71,54.11,97.63,7.14,23.53
2020-07-21,15.56,31.94,66.79,97.82,6.45,24.82
2020-07-22,2.48,31.84,63.78,98.21,4.01,23.67
2020-07-23,0.0,34.79,50.16,97.97,4.58,22.26
2020-07-24,0.0,35.35,48.77,98.13,4.26,22.2
2020-07-25,0.61,35.55,47.54,98.26,2.68,22.3
2020-07-26,1.57,32.94,56.81,98.41,3.75,22.96
2020-07-27,0.03,33.48,53.97,98.31,4.32,22.4
2020-07-28,0.0,34.75,51.71,98.01,5.69,22.49
2020-07-29,0.0,35.04,52.36,97.85,5.94,23.04
2020-07-30,0.0,35.87,48.32,98.01,4.63,22.56
2020-07-31,0.21,35.92,48.46,98.01,5.02,22.85
2020-08-01,0.06,35.86,46.5,97.99,3.66,22.24
2020-08-02,0.01,35.77,47.39,97.91,4.35,22.42
2020-08-03,0.0,36.3,45.13,97.52,5.09,21.72
2020-08-04,0.0,36.24,45.81,97.29,5.38,21.86
2020-08-05,0.37,37.82,41.71,97.32,1.77,21.98
2020-08-06,10.33,35.6,49.28,97.46,4.03,23.03
2020-08-07,22.55,31.22,71.08,97.69,3.31,25.31
2020-08-08,4.23,30.81,72.31,97.88,2.7,25.03
2020-08-09,0.05,33.31,60.2,97.74,3.3,23.9
2020-08-10,0.01,33.27,59.48,97.82,4.11,23.9
2020-08-11,0.01,33.27,58.24,97.9,4.81,23.54
2020-08-12,0.0,33.54,61.46,97.79,6.2,24.6
2020-08-13,0.0,34.58,58.67,97.54,5.7,24.31
2020-08-14,0.18,34.6,57.03,97.51,4.74,24.18
2020-08-15,14.32,31.18,72.79,97.63,3.48,25.66
2020-08-16,3.08,33.01,65.36,97.65,3.06,25.17
2020-08-17,1.51,33.82,61.39,97.65,3.78,24.88
2020-08-18,2.26,31.74,71.86,97.78,4.25,25.94
2020-08-19,0.02,31.69,68.28,97.7,5.11,24.81
2020-08-20,0.0,31.5,66.33,97.82,3.96,24.12
2020-08-21,0.73,32.65,59.7,98.09,1.21,23.36
2020-08-22,0.77,34.47,51.55,98.07,2.05,22.4
2020-08-23,0.78,34.28,47.97,97.9,3.05,20.95
2020-08-24,2.18,34.22,50.13,97.83,3.04,21.84
2020-08-25,22.85,30.97,75.39,97.97,2.76,25.85
2020-08-26,5.18,29.61,74.91,98.21,5.89,24.38
2020-08-27,0.89,30.67,67.83,98.21,4.17,23.53
2020-08-28,0.16,31.34,64.31,98.08,3.24,23.24
2020-08-29,7.47,31.87,67.14,98.04,1.46,24.65
2020-08-30,28.44,30.73,74.44,97.98,1.5,25.47
2020-08-31,72.66,27.51,89.07,98.04,3.07,25.54
2020-09-01,2.46,29.01,75.85,98.36,4.13,23.95
2020-09-02,0.02,29.64,69.24,98.62,2.58,22.83
2020-09-03,2.02,30.89,63.56,98.61,1.11,22.65
2020-09-04,18.03,28.64,81.74,98.59,1.97,25.13
2020-09-05,2.35,28.76,78.31,98.48,1.5,24.37
2020-09-06,0.09,30.73,66.97,98.34,2.54,23.37
2020-09-07,0.0,30.6,66.06,98.41,3.21,22.83
2020-09-08,0.0,30.65,64.9,98.47,2.41,22.52
2020-09-09,0.0,30.52,65.48,98.5,2.79,22.57
2020-09-10,0.0,31.19,63.12,98.28,2.4,22.68
2020-09-11,0.0,31.55,60.35,98.21,2.74,22.32
2020-09-12,0.11,31.76,57.88,98.49,2.03,21.81
2020-09-13,0.04,31.89,58.69,98.5,1.5,22.03
2020-09-14,0.01,31.91,61.28,98.41,2.03,23.02
2020-09-15,0.48,31.42,63.8,98.39,2.31,23.29
2020-09-16,0.2,30.98,63.98,98.43,2.91,22.58
2020-09-17,0.0,30.68,67.1,98.41,3.57,23.3
2020-09-18,0.0,30.66,61.85,98.3,3.53,21.49
2020-09-19,0.07,30.21,63.7,98.23,2.47,21.89
2020-09-20,0.0,31.63,57.1,98.18,1.71,21.19
2020-09-21,0.0,32.88,50.59,98.03,1.45,20.26
2020-09-22,0.0,33.2,44.73,98.0,1.37,17.99
2020-09-23,0.0,33.0,38.95,97.98,1.59,14.86
2020-09-24,0.0,31.57,43.67,98.26,3.11,16.79
2020-09-25,0.0,30.4,58.39,98.35,4.86,20.12
2020-09-26,0.0,28.89,57.46,98.29,3.18,18.11
2020-09-27,0.0,27.92,60.17,98.57,3.35,18.46
2020-09-28,0.0,29.0,60.96,98.72,3.44,19.92
2020-09-29,0.0,28.6,58.76,98.69,2.96,18.71
2020-09-30,0.0,29.12,57.99,98.63,2.66,18.86
2020-10-01,0.0,29.54,51.14,98.61,3.14,16.63
2020-10-02,0.0,28.58,47.36,98.64,2.78,14.0
2020-10-03,0.0,28.86,57.45,98.65,2.78,18.04
2020-10-04,0.0,29.21,56.46,98.78,2.45,18.42
2020-10-05,0.0,29.28,50.09,98.77,2.45,16.41
2020-10-06,0.0,28.58,45.75,98.81,2.3,14.14
2020-10-07,0.0,28.69,44.33,98.93,1.99,13.78
2020-10-08,0.0,29.47,40.15,98.95,1.14,13.33
2020-10-09,0.0,30.47,33.09,98.94,0.93,11.83
2020-10-10,0.0,30.86,28.9,98.86,0.84,10.01
2020-10-11,0.0,30.65,25.44,98.68,0.93,7.82
2020-10-12,0.0,28.74,27.6,98.48,1.5,6.75
2020-10-13,0.0,27.68,24.43,98.52,1.25,3.88
2020-10-14,0.0,27.64,28.27,98.69,2.18,6.68
2020-10-15,0.0,27.72,31.32,98.75,2.08,8.22
2020-10-16,0.0,27.71,31.87,98.66,2.34,8.61
2020-10-17,0.0,28.6,30.87,98.69,2.2,9.08
2020-10-18,0.14,28.88,54.74,98.76,1.86,18.49
2020-10-19,0.01,29.56,53.33,98.74,0.93,17.55
2020-10-20,0.0,29.18,41.78,98.64,1.53,12.7
2020-10-21,0.0,28.39,23.89,98.75,1.31,4.89
2020-10-22,0.0,25.77,26.25,98.75,1.96,3.51
2020-10-23,0.15,27.97,19.89,98.7,0.9,1.46
2020-10-24,0.0,26.93,21.2,98.72,1.14,1.89
2020-10-25,0.0,25.87,32.75,98.97,2.24,6.93
2020-10-26,0.0,25.79,25.02,99.27,1.53,3.27
2020-10-27,0.0,25.6,23.66,99.21,1.51,2.26
2020-10-28,0.0,24.8,27.39,99.15,2.06,3.75
2020-10-29,0.0,25.22,31.41,99.2,2.04,5.86
2020-10-30,0.0,25.29,31.32,99.32,1.13,5.88
2020-10-31,0.0,25.28,26.06,99.36,1.3,3.6
2020-11-01,0.0,25.06,23.97,99.41,1.35,2.22
2020-11-02,0.0,25.49,20.74,99.46,1.35,0.7
2020-11-03,0.0,24.33,21.9,99.37,1.78,0.28
2020-11-04,0.0,23.02,30.1,99.23,2.32,3.39
2020-11-05,0.0,23.41,39.3,99.24,2.02,7.36
2020-11-06,0.0,24.5,32.23,99.58,0.97,5.8
2020-11-07,0.0,25.18,28.31,99.7,1.17,4.73
2020-11-08,0.0,25.65,25.87,99.68,1.34,3.6
2020-11-09,0.0,26.01,21.89,99.53,0.9,2.08
2020-11-10,0.0,24.39,22.99,99.39,1.25,1.24
2020-11-11,0.0,22.5,27.64,99.58,2.51,2.0
2020-11-12,0.0,21.39,31.74,99.77,2.3,3.34
2020-11-13,0.0,21.86,33.91,99.64,1.86,4.49
2020-11-14,0.0,23.69,31.98,99.27,2.01,5.38
2020-11-15,0.0,22.95,37.46,99.18,1.99,7.23
2020-11-16,0.0,20.15,45.16,99.55,2.98,7.34
2020-11-17,0.0,18.54,48.74,99.6,3.26,6.72
2020-11-18,0.0,18.96,38.27,99.38,1.49,3.74
2020-11-19,0.0,19.71,30.17,99.38,1.6,0.88
2020-11-20,0.0,18.51,25.1,99.55,1.41,-2.73
2020-11-21,0.0,18.78,25.16,99.64,1.3,-2.36
2020-11-22,0.0,19.56,25.38,99.54,1.52,-1.84
2020-11-23,0.0,19.8,24.77,99.44,1.64,-1.59
2020-11-24,0.01,17.39,32.89,99.47,2.96,0.47
2020-11-25,1.01,16.5,57.57,99.59,3.85,7.56
2020-11-26,0.0,15.85,68.73,99.96,4.56,9.24
2020-11-27,0.0,16.17,60.75,100.2,3.64,7.25
2020-11-28,0.0,16.39,44.36,100.03,2.2,3.17
2020-11-29,0.0,18.64,31.45,99.75,1.41,-0.24
2020-11-30,0.0,20.13,22.32,99.63,1.46,-3.02
2020-12-01,0.0,21.0,22.69,99.63,1.43,-2.25
2020-12-02,0.0,22.27,22.24,99.55,1.24,-1.22
2020-12-03,0.0,23.16,20.63,99.37,1.4,-1.07
2020-12-04,0.0,22.84,27.27,99.15,1.94,2.39
2020-12-05,0.0,21.51,37.87,99.18,1.6,5.35
2020-12-06,0.0,21.15,37.97,99.48,2.53,4.99
2020-12-07,0.0,21.66,34.16,99.61,1.42,4.17
2020-12-08,0.0,22.34,36.67,99.53,1.65,6.38
2020-12-09,0.0,19.79,47.44,99.47,2.82,7.67
2020-12-10,0.1,19.06,59.97,99.46,3.69,9.97
2020-12-11,0.52,18.8,52.78,99.41,3.43,8.4
2020-12-12,0.18,16.59,49.71,99.55,1.62,4.55
2020-12-13,0.0,14.73,40.6,99.57,1.87,0.3
2020-12-14,0.0,14.63,38.63,99.59,2.16,-0.76
2020-12-15,0.0,13.7,36.87,99.78,2.43,-1.54
2020-12-16,0.0,12.78,42.02,100.08,3.14,-1.13
2020-12-17,0.0,11.89,34.68,100.07,2.4,-4.69
2020-12-18,0.0,13.69,26.36,99.88,1.76,-6.21
2020-12-19,0.0,15.25,25.47,99.9,2.11,-5.23
2020-12-20,0.0,16.65,24.62,99.9,2.08,-4.36
2020-12-21,0.0,17.89,22.62,99.69,1.3,-4.18
2020-12-22,0.0,17.74,25.24,99.5,1.82,-3.15
2020-12-23,0.0,16.08,34.61,99.4,2.2,-0.49
2020-12-24,0.0,15.81,36.22,99.47,2.77,-0.16
2020-12-25,0.0,16.41,37.67,99.5,2.83,1.22
2020-12-26,0.0,17.23,35.88,99.46,1.46,1.1
2020-12-27,0.0,13.79,23.85,99.48,3.8,-7.52
2020-12-28,0.0,10.93,28.39,99.52,1.78,-7.63
2020-12-29,0.0,12.03,26.26,99.75,2.42,-7.63
2020-12-30,0.0,12.21,43.05,99.89,2.67,-1.13
2020-12-31,0.0,12.01,37.28,99.8,2.92,-3.05
2021-01-01,0.0,12.55,37.35,99.58,2.88,-2.66
2021-01-02,0.0,12.55,38.25,99.5,3.12,-1.89
2021-01-03,0.0,12.23,43.77,99.4,2.21,-0.67
2021-01-04,0.0,14.0,60.63,99.4,2.5,6.09
2021-01-05,0.0,14.4,66.35,99.46,3.09,7.29
2021-01-06,0.0,15.68,45.23,99.6,1.46,2.52
2021-01-07,0.0,13.82,52.99,99.51,2.38,2.96
2021-01-08,0.0,13.29,32.36,99.41,1.5,-4.72
2021-01-09,0.0,12.86,46.96,99.63,3.26,0.93
2021-01-10,0.0,12.98,43.49,99.65,2.6,-0.36
2021-01-11,0.0,13.99,36.05,99.71,1.72,-2.6
2021-01-12,0.0,16.72,19.0,99.69,1.08,-8.47
2021-01-13,0.0,17.69,12.82,99.52,1.11,-11.66
2021-01-14,0.0,18.61,11.24,99.38,1.48,-12.14
2021-01-15,0.0,16.67,17.57,99.29,2.29,-8.82
2021-01-16,0.0,15.29,23.68,99.27,2.83,-6.33
2021-01-17,0.0,15.39,24.33,99.2,1.99,-6.56
2021-01-18,0.0,13.09,45.47,99.49,3.5,1.03
2021-01-19,0.0,13.79,45.86,99.53,2.23,1.07
2021-01-20,0.0,16.73,30.02,99.54,1.43,-2.28
2021-01-21,0.0,18.76,23.45,99.38,1.51,-3.14
2021-01-22,0.0,19.41,45.96,99.05,3.57,6.55
2021-01-23,0.0,16.29,14.39,99.29,2.88,-11.36
2021-01-24,0.0,14.38,14.9,99.58,1.7,-12.4
2021-01-25,0.0,14.12,19.29,99.75,1.68,-9.79
2021-01-26,0.0,14.97,16.79,99.68,1.5,-10.66
2021-01-27,0.0,14.6,22.45,99.67,1.79,-7.63
2021-01-28,0.0,15.79,19.71,99.74,1.55,-7.98
2021-01-29,0.0,17.01,15.83,99.79,1.33,-9.89
2021-01-30,0.0,18.2,12.52,99.65,1.56,-11.24
2021-01-31,0.0,19.04,13.04,99.52,2.42,-10.17
2021-02-01,0.0,20.38,25.32,99.67,1.61,-0.75
2021-02-02,0.0,20.11,26.91,99.57,1.48,0.1
2021-02-03,0.0,19.57,23.43,99.45,1.99,-2.24
2021-02-04,0.0,17.18,30.84,99.63,3.37,-1.14
2021-02-05,0.0,17.45,32.01,99.76,1.57,-0.36
2021-02-06,0.0,18.28,30.54,99.77,1.54,-0.87
2021-02-07,0.0,19.74,23.74,99.71,1.28,-2.92
2021-02-08,0.0,21.51,18.09,99.67,0.98,-4.26
2021-02-09,0.0,21.78,16.86,99.37,2.2,-5.06
2021-02-10,0.0,20.71,20.9,99.28,1.85,-3.53
2021-02-11,0.0,21.91,19.28,99.25,1.29,-3.82
2021-02-12,0.0,22.75,16.35,99.26,1.35,-4.9
2021-02-13,0.0,23.23,16.2,99.26,1.18,-4.49
2021-02-14,0.0,23.41,16.36,99.26,1.46,-3.95
2021-02-15,0.0,22.7,19.46,99.15,1.42,-2.36
2021-02-16,0.0,23.01,18.3,99.16,1.49,-3.35
2021-02-17,0.0,23.22,16.92,99.27,1.28,-4.16
2021-02-18,0.0,23.04,17.68,99.5,1.6,-3.59
2021-02-19,0.0,22.62,17.93,99.73,2.45,-4.1
2021-02-20,0.0,23.67,15.78,99.69,1.66,-4.58
2021-02-21,0.0,24.31,16.18,99.63,1.29,-4.11
2021-02-22,0.0,25.16,15.4,99.44,1.89,-3.42
2021-02-23,0.0,24.19,18.98,99.19,2.66,-1.92
2021-02-24,0.0,24.58,37.86,98.97,2.85,7.44
2021-02-25,0.0,25.65,36.39,98.97,2.11,7.66
2021-02-26,0.0,25.99,38.96,98.79,3.84,8.9
2021-02-27,0.0,24.1,23.96,98.87,3.66,1.83
2021-02-28,0.0,23.13,15.94,98.99,1.94,-4.32
2021-03-01,0.0,24.7,14.37,99.35,1.23,-4.85
2021-03-02,0.0,24.48,13.29,99.5,1.59,-6.46
2021-03-03,0.0,26.58,13.24,99.16,2.05,-4.2
2021-03-04,0.0,27.73,16.15,99.13,1.56,-0.89
2021-03-05,0.0,28.32,16.57,99.22,1.71,-0.06
2021-03-06,0.0,29.26,20.55,98.93,3.84,3.53
2021-03-07,0.0,27.64,34.49,98.67,3.43,8.82
2021-03-08,0.0,27.58,37.57,98.88,2.17,10.25
2021-03-09,0.0,27.13,25.84,99.16,2.66,5.03
2021-03-10,0.0,28.23,20.5,99.13,1.13,2.76
2021-03-11,0.0,26.12,22.96,99.03,2.71,2.49
2021-03-12,0.0,25.26,33.29,99.31,1.78,6.26
2021-03-13,0.0,24.57,31.91,99.56,2.46,5.81
2021-03-14,0.0,27.35,27.93,99.25,1.34,6.55
2021-03-15,0.0,28.62,25.42,99.07,1.49,6.26
2021-03-16,0.0,29.43,23.27,99.04,1.71,5.34
2021-03-17,0.0,29.79,22.05,98.9,1.25,5.31
2021-03-18,0.0,28.63,25.17,98.89,1.85,6.25
2021-03-19,0.0,28.4,29.9,99.01,3.05,8.15
2021-03-20,0.0,29.57,20.38,98.87,1.18,3.51
2021-03-21,0.0,29.58,23.04,98.58,2.84,5.65
2021-03-22,2.0,28.73,30.38,98.79,2.73,8.86
2021-03-23,0.02,26.24,34.66,99.12,2.49,7.58
2021-03-24,0.0,26.43,24.08,99.4,2.36,2.95
2021-03-25,0.0,27.29,24.69,99.38,2.25,4.4
2021-03-26,0.0,29.32,20.42,99.16,1.96,3.27
2021-03-27,0.0,31.15,15.25,98.88,1.61,0.19
2021-03-28,0.0,31.36,19.87,98.58,4.22,3.78
2021-03-29,0.0,32.08,34.62,98.38,4.45,12.06
2021-03-30,0.0,31.01,16.03,98.47,4.71,-1.65
2021-03-31,0.0,27.96,10.18,98.47,3.55,-7.04
2021-04-01,0.0,28.02,10.93,98.46,3.14,-7.29
2021-04-02,0.0,28.37,11.27,98.52,3.39,-6.21
2021-04-03,0.0,30.52,9.12,98.6,2.02,-5.78
2021-04-04,0.0,31.7,10.8,98.69,2.2,-3.31
2021-04-05,0.0,30.79,26.82,98.63,2.89,8.53
2021-04-06,0.02,30.85,30.5,98.6,2.62,10.18
2021-04-07,0.0,29.96,26.48,98.87,2.62,6.64
2021-04-08,0.0,29.0,12.09,98.92,2.24,-4.32
2021-04-09,0.0,30.28,9.53,98.84,1.45,-5.7
2021-04-10,0.0,30.8,10.12,98.95,1.87,-4.76
2021-04-11,0.0,32.57,10.12,98.98,1.63,-3.59
2021-04-12,0.0,33.64,9.26,99.02,1.13,-3.47
2021-04-13,0.0,32.34,15.59,98.95,1.41,1.92
2021-04-14,0.0,31.7,18.08,98.82,3.66,2.88
2021-04-15,0.04,31.05,25.95,98.74,3.53,6.44
2021-04-16,0.14,30.34,34.0,98.74,3.26,11.64
2021-04-17,0.0,31.36,27.16,98.91,2.33,8.89
2021-04-18,0.0,33.41,18.76,98.96,1.97,5.74
2021-04-19,0.06,31.66,23.89,98.7,2.41,6.59
2021-04-20,0.34,29.4,33.73,98.56,3.34,11.19
2021-04-21,0.92,28.67,36.38,98.86,2.41,10.46
2021-04-22,0.0,31.48,24.77,98.72,2.95,8.02
2021-04-23,0.0,30.78,30.96,98.68,3.72,9.69
2021-04-24,0.0,30.64,16.73,98.96,3.43,-0.32
2021-04-25,0.0,32.36,11.12,98.93,2.17,-2.64
2021-04-26,0.0,34.21,8.93,98.71,1.01,-3.9
2021-04-27,0.0,34.05,16.99,98.66,1.98,3.81
2021-04-28,0.0,34.48,20.75,98.8,2.86,6.55
2021-04-29,0.01,34.75,21.95,98.75,2.8,8.75
2021-04-30,0.04,33.92,24.34,98.6,2.9,9.72
2021-05-01,0.0,34.7,26.34,98.5,3.34,11.31
2021-05-02,0.39,33.74,23.18,98.55,3.12,9.16
2021-05-03,0.0,33.48,25.74,98.54,3.87,10.32
2021-05-04,0.0,33.77,30.81,98.39,3.74,13.28
2021-05-05,0.0,34.18,28.32,98.47,2.24,11.99
2021-05-06,1.48,33.37,25.48,98.58,3.51,10.08
2021-05-07,0.37,32.67,31.39,98.82,3.18,12.03
2021-05-08,0.0,34.61,22.85,98.63,2.11,9.66
2021-05-09,0.24,36.16,25.36,98.38,2.48,12.06
2021-05-10,0.08,35.68,24.15,98.26,3.41,11.38
2021-05-11,7.96,33.66,39.69,98.25,3.0,17.43
2021-05-12,0.14,33.77,35.37,98.03,3.29,15.2
2021-05-13,0.41,33.29,41.71,97.97,4.06,16.89
2021-05-14,0.24,34.2,33.25,98.08,1.82,14.79
2021-05-15,0.28,35.19,28.2,98.17,1.35,13.18
2021-05-16,1.15,35.78,25.5,98.31,3.9,12.19
2021-05-17,0.26,34.52,34.07,98.43,4.82,14.71
2021-05-18,1.32,32.55,35.23,98.33,5.23,14.36
2021-05-19,0.01,32.21,38.61,98.21,2.86,15.04
2021-05-20,0.01,34.98,29.52,98.12,4.92,12.92
2021-05-21,0.0,34.0,41.28,98.07,6.45,17.01
2021-05-22,6.5,32.58,49.9,98.25,4.07,19.98
2021-05-23,13.0,30.28,59.11,98.53,2.55,21.02
2021-05-24,0.0,32.74,43.85,98.57,2.98,17.75
2021-05-25,0.01,34.58,39.64,98.23,3.58,17.36
2021-05-26,0.59,34.83,45.88,97.97,4.43,19.87
2021-05-27,0.12,36.0,40.52,97.96,5.22,18.18
2021-05-28,0.0,36.4,39.57,98.05,6.36,18.37
2021-05-29,0.0,35.39,41.27,98.16,6.67,18.53
2021-05-30,0.0,36.07,41.75,98.08,5.28,19.1
2021-05-31,0.0,35.47,40.41,97.86,5.0,18.53
2021-06-01,0.0,35.4,46.0,97.91,5.89,20.51
2021-06-02,8.81,33.06,55.03,98.21,4.34,22.49
2021-06-03,12.09,31.43,59.59,98.41,4.58,22.26
2021-06-04,8.53,31.16,60.32,98.47,2.33,22.26
2021-06-05,0.67,33.29,51.47,98.29,3.74,21.28
2021-06-06,0.78,34.26,47.7,98.32,3.66,20.89
2021-06-07,0.0,34.97,44.7,98.18,5.85,20.2
2021-06-08,0.0,34.44,48.15,98.0,7.05,20.81
2021-06-09,0.0,34.58,50.28,97.78,7.5,21.77
2021-06-10,0.0,34.84,49.71,97.64,7.56,21.9
2021-06-11,0.0,34.69,50.19,97.62,7.54,22.01
2021-06-12,0.0,35.54,51.3,97.68,6.26,23.2
2021-06-13,0.0,36.04,47.84,97.67,5.9,22.25
2021-06-14,0.0,35.48,46.95,97.63,5.81,21.62
2021-06-15,0.88,35.81,46.37,97.39,5.96,21.72
2021-06-16,7.93,33.57,56.48,97.55,4.59,23.4
2021-06-17,7.11,32.67,58.12,97.83,2.58,23.06
2021-06-18,3.16,33.76,49.33,97.96,1.13,21.0
2021-06-19,1.68,34.64,44.77,97.93,3.14,19.97
2021-06-20,0.82,33.53,51.26,98.01,5.21,21.31
2021-06-21,0.02,34.08,46.43,98.17,4.36,20.16
2021-06-22,0.0,34.72,43.61,98.18,5.02,19.72
2021-06-23,0.0,35.15,40.92,98.13,4.75,18.74
2021-06-24,0.0,34.99,41.04,98.05,5.03,18.6
2021-06-25,0.0,34.91,42.35,97.94,5.97,18.96
2021-06-26,0.67,34.75,44.41,98.05,5.26,20.05
2021-06-27,2.04,34.88,43.7,98.4,4.34,19.95
2021-06-28,0.18,36.43,37.86,98.3,3.22,19.18
2021-06-29,0.0,36.28,38.95,98.15,5.39,19.4
2021-06-30,0.0,35.86,40.99,97.9,6.77,19.51
2021-07-01,0.0,36.02,40.85,97.51,6.22,17.54
2021-07-02,0.0,34.87,47.67,97.63,7.11,21.17
2021-07-03,0.0,34.7,47.66,97.89,6.75,21.04
2021-07-04,0.01,34.43,46.88,98.15,6.09,20.76
2021-07-05,0.0,34.48,46.8,98.25,5.17,21.01
2021-07-06,0.0,35.4,41.17,98.1,4.81,19.52
2021-07-07,0.0,35.06,42.0,98.01,5.84,19.46
2021-07-08,0.0,35.43,43.35,97.87,6.16,20.08
2021-07-09,0.0,34.99,46.67,97.83,5.14,21.1
2021-07-10,6.11,35.38,46.5,97.89,3.94,21.44
2021-07-11,8.65,34.28,56.63,97.87,2.37,24.27
2021-07-12,34.07,30.63,80.96,97.9,3.04,26.93
2021-07-13,10.16,31.07,79.13,97.95,3.01,26.83
2021-07-14,14.9,31.57,73.26,98.01,1.39,26.07
2021-07-15,5.91,30.93,77.92,98.05,3.51,26.51
2021-07-16,0.53,33.82,61.25,98.09,3.22,24.84
2021-07-17,0.36,35.08,54.99,98.09,2.65,24.17
2021-07-18,0.0,33.49,62.02,97.8,5.92,24.73
2021-07-19,0.0,33.05,62.49,97.51,6.74,24.41
2021-07-20,0.01,32.36,61.14,97.58,6.65,23.2
2021-07-21,6.18,31.99,63.05,97.54,3.65,23.3
2021-07-22,26.35,31.7,67.87,97.53,2.3,24.55
2021-07-23,6.68,32.12,62.69,97.63,2.62,23.72
2021-07-24,1.63,32.86,59.28,97.77,2.03,23.39
2021-07-25,0.03,34.2,56.79,97.67,3.73,23.96
2021-07-26,0.03,32.93,62.0,97.49,5.09,24.25
2021-07-27,0.0,31.57,63.61,97.39,5.45,23.4
2021-07-28,0.01,32.83,59.67,97.39,7.03,23.21
2021-07-29,0.02,32.1,61.77,97.56,5.57,23.38
2021-07-30,0.02,32.46,59.76,97.68,5.06,22.88
2021-07-31,0.08,32.76,57.68,97.78,4.66,22.56
2021-08-01,0.01,32.7,58.0,97.7,5.71,22.51
2021-08-02,0.0,32.45,58.47,97.77,5.82,22.56
2021-08-03,0.05,32.71,56.89,97.95,5.33,22.43
2021-08-04,0.86,33.07,55.64,97.97,4.64,22.32
2021-08-05,0.04,32.91,54.57,97.93,4.0,21.88
2021-08-06,0.0,33.52,51.47,97.93,4.04,21.46
2021-08-07,0.0,33.39,50.81,98.07,4.07,21.17
2021-08-08,0.0,32.67,50.99,98.25,4.24,20.56
2021-08-09,0.0,32.49,49.88,98.3,4.98,19.95
2021-08-10,0.0,31.96,51.06,98.19,5.35,19.91
2021-08-11,0.0,31.99,53.55,98.12,5.34,20.67
2021-08-12,0.0,31.96,53.98,98.25,4.82,20.77
2021-08-13,0.0,32.34,54.07,98.1,5.44,21.21
2021-08-14,0.0,31.96,53.92,97.86,6.01,20.78
2021-08-15,0.0,32.04,53.56,97.98,5.17,20.72
2021-08-16,0.0,32.29,51.27,98.38,3.59,20.2
2021-08-17,0.0,32.7,47.4,98.41,3.38,19.34
2021-08-18,0.0,32.44,46.29,98.19,4.08,18.67
2021-08-19,0.0,32.82,43.89,98.09,4.33,17.79
2021-08-20,0.0,33.01,45.41,98.17,4.14,18.5
2021-08-21,0.65,34.05,45.98,98.35,3.13,19.82
2021-08-22,0.12,34.57,43.8,98.33,2.24,19.64
2021-08-23,0.0,33.99,41.12,98.24,4.18,18.21
2021-08-24,0.0,33.65,45.34,98.13,6.21,19.2
2021-08-25,0.0,32.64,48.56,97.93,6.62,19.27
2021-08-26,0.0,32.38,46.83,97.76,5.88,18.11
2021-08-27,0.0,31.51,51.39,97.92,4.7,19.61
2021-08-28,0.0,32.14,47.04,98.04,4.28,18.63
2021-08-29,0.0,32.47,46.89,98.15,3.06,19.29
2021-08-30,0.03,32.84,46.67,98.35,2.8,19.67
2021-08-31,0.06,34.92,41.7,98.39,3.84,19.41
2021-09-01,0.06,33.85,45.3,98.42,3.65,20.03
2021-09-02,0.05,33.37,45.84,98.24,3.7,19.48
2021-09-03,5.11,32.22,52.87,98.15,2.94,20.66
2021-09-04,1.94,32.43,53.63,98.18,2.02,21.2
2021-09-05,0.0,34.13,48.18,98.14,2.01,20.98
2021-09-06,0.8,34.77,47.53,98.24,2.83,21.43
2021-09-07,0.0,34.94,47.94,98.25,2.36,21.87
2021-09-08,0.31,35.16,47.74,98.1,2.12,22.09
2021-09-09,5.56,33.88,52.04,98.07,2.18,22.42
2021-09-10,5.52,32.54,59.06,98.09,1.14,23.23
2021-09-11,2.75,30.41,68.33,98.1,2.56,23.78
2021-09-12,0.52,31.23,62.43,98.0,4.86,22.65
2021-09-13,0.14,32.04,58.48,98.0,3.62,22.27
2021-09-14,0.29,32.72,56.89,98.18,3.95,22.57
2021-09-15,0.11,33.39,51.82,98.29,3.91,21.66
2021-09-16,0.0,34.23,47.09,98.25,2.22,20.72
2021-09-17,11.67,32.85,55.09,98.2,2.09,22.42
2021-09-18,1.86,33.23,50.96,98.35,1.55,20.99
2021-09-19,3.25,32.49,52.99,98.55,1.88,21.2
2021-09-20,3.48,32.83,54.98,98.42,1.99,22.12
2021-09-21,11.87,31.44,63.29,98.29,1.66,23.33
2021-09-22,16.31,29.85,72.1,98.22,2.27,23.95
2021-09-23,4.45,30.04,68.36,98.35,2.49,23.09
2021-09-24,0.72,29.23,74.58,98.57,4.0,24.07
2021-09-25,0.03,31.35,60.37,98.52,0.9,21.98
2021-09-26,0.0,31.51,54.66,98.42,1.65,20.4
2021-09-27,27.67,30.47,65.9,98.4,2.43,23.06
2021-09-28,18.33,29.85,74.1,98.49,2.44,24.47
2021-09-29,0.17,30.27,66.79,98.48,4.23,23.05
2021-09-30,0.75,28.37,76.38,98.67,3.25,23.77
2021-10-01,2.02,29.51,70.22,98.82,1.2,23.22
2021-10-02,0.13,30.33,60.81,98.74,2.56,21.35
2021-10-03,0.0,30.27,60.93,98.58,3.13,21.25
2021-10-04,0.04,30.47,62.37,98.42,2.95,21.85
2021-10-05,0.0,30.12,50.5,98.65,2.22,17.88
2021-10-06,0.0,30.72,51.62,98.75,1.49,19.15
2021-10-07,0.17,31.79,43.88,98.63,0.96,17.11
2021-10-08,0.0,31.0,44.77,98.51,2.25,16.69
2021-10-09,0.0,30.25,48.37,98.56,2.62,16.98
2021-10-10,0.0,29.29,50.28,98.61,3.44,16.73
2021-10-11,0.0,29.22,54.14,98.54,2.3,17.67
2021-10-12,0.0,29.24,45.49,98.66,1.19,14.24
2021-10-13,0.0,29.9,23.67,98.75,0.83,5.97
2021-10-14,0.0,27.69,17.98,98.8,1.35,-0.72
2021-10-15,0.0,27.52,18.86,98.58,1.19,0.18
2021-10-16,0.0,28.47,16.55,98.5,0.6,-0.17
2021-10-17,0.0,27.53,22.35,98.57,1.51,2.95
2021-10-18,0.0,26.68,35.95,98.59,1.87,8.26
2021-10-19,0.0,26.79,27.51,98.84,1.76,5.03
2021-10-20,0.0,25.68,46.48,99.11,3.72,11.84
2021-10-21,0.0,25.81,53.38,99.13,4.19,14.2
2021-10-22,0.0,26.32,62.29,98.92,4.89,17.81
2021-10-23,0.0,25.78,46.34,98.9,2.81,10.93
2021-10-24,0.01,24.58,45.33,99.17,1.93,11.06
2021-10-25,0.0,23.42,48.53,99.45,2.89,11.21
2021-10-26,0.0,24.33,43.17,99.33,1.19,9.89
2021-10-27,0.0,25.21,38.97,99.44,1.43,9.46
2021-10-28,0.0,25.41,36.18,99.48,1.37,8.41
2021-10-29,0.0,26.31,30.4,99.63,1.22,6.39
2021-10-30,0.0,26.19,28.58,99.66,1.34,5.46
2021-10-31,0.0,24.82,25.38,99.34,2.5,2.1
2021-11-01,0.0,24.12,33.68,99.01,2.75,5.32
2021-11-02,0.0,24.14,43.08,99.24,1.17,9.57
2021-11-03,0.0,23.02,37.37,99.44,2.35,6.9
2021-11-04,0.0,23.53,31.07,99.35,1.57,4.29
2021-11-05,0.0,24.38,27.08,99.22,1.77,3.2
2021-11-06,0.0,24.83,28.91,99.18,1.26,4.81
2021-11-07,0.0,25.22,32.31,99.15,1.25,6.66
2021-11-08,0.0,25.86,30.36,99.32,1.27,6.16
2021-11-09,0.0,27.18,24.16,99.4,1.06,4.38
2021-11-10,0.0,25.93,23.27,99.33,0.97,2.8
2021-11-11,0.0,24.98,23.22,99.25,1.35,1.79
2021-11-12,0.0,23.63,23.46,99.32,1.87,0.72
2021-11-13,0.0,23.54,22.56,99.33,1.4,0.07
2021-11-14,0.0,23.9,19.16,99.19,1.24,-1.73
2021-11-15,0.0,21.23,19.7,99.09,1.35,-3.8
2021-11-16,0.0,21.5,21.66,99.15,1.92,-2.38
2021-11-17,0.0,20.75,31.0,99.31,2.48,2.09
2021-11-18,0.0,19.94,30.1,99.22,2.51,0.77
2021-11-19,0.0,19.76,28.21,99.05,2.39,0.08
2021-11-20,0.0,20.23,31.92,99.04,2.32,2.28
2021-11-21,0.0,21.69,50.91,99.3,2.54,9.08
2021-11-22,0.0,21.5,26.07,99.4,1.61,0.01
2021-11-23,0.0,21.26,15.68,99.16,2.22,-6.3
2021-11-24,0.0,22.57,21.44,99.11,1.89,-1.59
2021-11-25,0.0,22.7,23.45,99.33,1.46,0.27
2021-11-26,0.0,21.83,24.57,99.35,1.64,0.01
2021-11-27,0.0,22.5,25.59,99.3,1.19,1.1
2021-11-28,0.0,21.14,31.0,99.49,2.56,2.65
2021-11-29,0.0,21.05,31.47,99.65,2.85,2.82
2021-11-30,0.0,20.87,28.04,99.57,2.24,1.03
2021-12-01,0.0,20.43,44.98,99.52,2.2,7.75
2021-12-02,0.0,20.09,41.85,99.58,3.1,5.83
2021-12-03,0.0,19.05,32.76,99.65,2.17,1.38
2021-12-04,0.0,18.88,33.84,99.53,2.49,1.91
2021-12-05,0.0,19.71,29.13,99.5,1.59,0.48
2021-12-06,0.0,19.18,30.66,99.64,1.95,0.86
2021-12-07,0.0,18.28,37.68,99.75,1.97,2.78
2021-12-08,0.0,17.94,32.05,99.72,1.87,0.02
2021-12-09,0.0,17.37,29.24,99.92,2.23,-1.61
2021-12-10,0.0,17.07,27.78,100.0,2.37,-2.63
2021-12-11,0.0,18.29,24.52,99.82,1.2,-3.21
2021-12-12,0.0,16.83,25.93,99.71,1.85,-3.6
2021-12-13,0.0,16.31,30.86,99.62,2.08,-1.52
2021-12-14,0.0,16.02,24.59,99.63,1.69,-5.26
2021-12-15,0.0,15.37,22.77,99.71,1.43,-6.76
2021-12-16,0.0,12.75,19.89,99.82,2.12,-10.25
2021-12-17,0.0,12.75,26.03,100.09,2.41,-7.14
2021-12-18,0.0,13.18,19.35,100.05,1.85,-10.26
2021-12-19,0.0,15.58,13.7,99.94,1.47,-12.38
2021-12-20,0.0,17.66,12.4,99.75,1.44,-11.31
2021-12-21,0.0,18.21,20.59,99.6,1.52,-5.05
2021-12-22,0.0,18.22,26.5,99.37,0.95,-1.93
2021-12-23,0.0,18.84,30.75,99.24,1.25,1.09
2021-12-24,0.0,17.77,29.07,99.37,1.82,-1.06
2021-12-25,0.0,17.41,28.61,99.48,1.73,-1.67
2021-12-26,0.11,15.84,55.2,99.65,2.13,6.32
2021-12-27,0.08,16.97,60.96,99.71,2.27,8.05
2021-12-28,0.68,15.79,53.59,99.77,2.42,6.08
2021-12-29,0.0,14.63,53.15,99.93,1.92,4.08
2021-12-30,0.0,15.62,36.01,100.13,2.53,-0.04
2021-12-31,0.0,15.23,29.33,100.19,3.1,-3.07
2022-01-01,0.0,15.49,25.12,100.04,2.05,-5.04
2022-01-02,0.0,16.46,26.37,99.87,3.0,-3.34
2022-01-03,0.0,18.15,32.38,99.66,2.41,0.94
2022-01-04,4.42,19.01,37.84,99.53,1.88,3.72
2022-01-05,10.06,15.87,79.14,99.42,2.46,12.2
2022-01-06,5.03,13.79,78.65,99.46,2.53,9.94
2022-01-07,13.2,12.65,84.91,99.28,3.07,10.11
2022-01-08,0.07,12.73,70.69,99.5,1.44,6.91
2022-01-09,0.0,13.46,57.39,99.64,1.2,4.77
2022-01-10,0.0,14.0,49.62,99.75,0.88,3.2
2022-01-11,0.0,13.6,54.18,99.85,1.75,3.85
2022-01-12,0.0,13.25,54.65,99.75,1.2,3.85
2022-01-13,0.0,14.7,46.1,99.66,0.91,2.7
2022-01-14,0.0,13.81,49.34,99.76,2.25,2.71
2022-01-15,0.0,13.78,55.38,99.85,2.28,4.21
2022-01-16,0.0,13.83,53.63,99.88,2.35,3.96
2022-01-17,0.0,15.77,44.92,99.9,1.73,2.96
2022-01-18,0.0,16.55,45.21,99.84,2.3,3.99
2022-01-19,0.0,18.67,44.03,99.4,2.79,5.36
2022-01-20,0.0,17.05,54.07,99.1,2.15,7.01
2022-01-21,0.16,18.02,52.41,98.79,2.61,7.43
2022-01-22,0.15,14.1,66.96,98.55,4.13,7.15
2022-01-23,0.0,13.38,52.38,99.05,1.18,2.25
2022-01-24,0.0,13.2,33.45,99.36,1.14,-3.93
2022-01-25,0.0,14.8,28.67,99.46,0.9,-4.04
2022-01-26,0.0,15.46,25.12,99.53,1.01,-5.07
2022-01-27,0.0,16.02,24.58,99.66,1.11,-4.93
2022-01-28,0.0,16.57,25.83,99.66,1.89,-4.14
2022-01-29,0.0,17.53,26.68,99.56,2.07,-2.65
2022-01-30,0.0,19.12,32.03,99.29,1.62,1.66
2022-01-31,0.0,19.27,49.46,99.08,2.07,7.65
2022-02-01,0.0,17.24,34.42,99.17,2.08,0.3
2022-02-02,0.0,19.57,31.25,98.87,3.7,1.37
2022-02-03,0.0,15.93,39.93,98.91,3.47,1.45
2022-02-04,0.0,14.69,30.8,98.93,1.82,-4.59
2022-02-05,0.0,17.51,23.39,99.08,2.4,-4.76
2022-02-06,0.0,18.56,51.77,99.25,2.91,7.38
2022-02-07,0.0,19.8,49.66,99.35,1.21,8.4
2022-02-08,0.28,19.28,47.51,99.29,1.89,7.38
2022-02-09,0.02,18.61,44.72,99.47,2.08,5.11
2022-02-10,0.01,19.24,33.39,99.72,1.4,1.6
2022-02-11,0.0,19.86,24.83,99.65,1.23,-1.92
2022-02-12,0.0,20.33,21.14,99.39,1.89,-3.29
2022-02-13,0.0,19.79,22.98,99.11,2.23,-2.93
2022-02-14,0.0,20.56,22.95,99.1,1.19,-2.1
2022-02-15,0.0,21.21,22.75,99.13,1.4,-1.68
2022-02-16,0.0,21.7,26.85,99.01,1.54,1.05
2022-02-17,0.0,22.12,26.9,98.92,2.16,1.42
2022-02-18,0.0,22.1,22.33,99.08,1.53,-0.97
2022-02-19,0.0,21.44,25.13,99.38,1.83,-0.51
2022-02-20,0.0,21.49,23.25,99.12,2.88,-1.7
2022-02-21,0.0,23.05,22.08,98.73,2.68,-0.91
2022-02-22,0.0,22.58,44.15,98.64,5.47,7.04
2022-02-23,0.0,20.46,36.39,99.24,2.49,3.7
2022-02-24,0.0,23.44,24.95,99.45,1.82,0.69
2022-02-25,0.0,23.08,22.15,99.24,3.08,-0.29
2022-02-26,0.0,20.61,32.46,99.4,3.27,2.72
2022-02-27,0.0,20.02,41.23,99.77,4.1,4.74
2022-02-28,0.0,21.32,29.55,99.64,2.24,1.75
2022-03-01,0.0,23.92,24.33,99.47,1.5,1.66
2022-03-02,0.37,22.06,37.19,99.44,3.15,5.7
2022-03-03,0.0,20.29,49.44,99.62,2.63,7.31
2022-03-04,0.0,22.29,33.22,99.66,1.49,4.21
2022-03-05,0.0,24.04,30.33,99.48,1.17,4.23
2022-03-06,0.0,24.66,24.25,99.12,2.16,2.43
2022-03-07,0.0,24.55,25.27,99.22,2.09,2.27
2022-03-08,0.0,24.55,30.97,99.32,3.18,5.32
2022-03-09,0.0,25.37,29.24,99.24,2.41,5.26
2022-03-10,0.0,25.93,31.06,99.26,1.8,6.9
2022-03-11,0.0,28.15,25.44,99.26,1.1,5.7
2022-03-12,0.0,29.64,21.64,99.12,1.03,4.78
2022-03-13,0.0,30.07,21.19,99.05,1.89,4.54
2022-03-14,0.0,30.31,24.71,99.0,2.88,6.44
2022-03-15,0.0,30.6,28.79,98.88,3.43,8.43
2022-03-16,0.0,31.01,27.95,98.73,2.97,7.9
2022-03-17,0.0,31.14,25.13,98.65,3.5,5.91
2022-03-18,0.0,30.61,24.21,98.51,4.49,5.11
2022-03-19,0.0,29.84,30.09,98.37,4.0,9.21
2022-03-20,0.0,30.07,26.21,98.4,1.9,7.48
2022-03-21,0.0,30.24,22.11,98.72,1.62,5.16
2022-03-22,0.0,28.96,25.43,98.85,3.84,4.57
2022-03-23,0.0,27.13,34.27,98.69,3.7,8.31
2022-03-24,0.0,29.32,29.51,98.56,3.75,5.43
2022-03-25,0.0,30.67,12.22,98.68,1.52,-2.78
2022-03-26,0.0,31.83,10.0,98.93,1.91,-4.03
2022-03-27,0.0,31.27,12.68,98.81,3.31,-2.4
2022-03-28,0.0,31.12,17.35,98.67,3.58,1.68
2022-03-29,0.0,31.84,25.28,98.52,3.46,7.2
2022-03-30,0.0,30.82,11.24,98.52,2.4,-4.59
2022-03-31,0.0,30.09,8.22,98.74,1.52,-8.43
2022-04-01,0.0,32.39,7.34,98.77,1.71,-7.6
2022-04-02,0.0,31.59,7.67,98.73,3.47,-7.59
2022-04-03,0.0,31.07,10.72,98.77,2.69,-4.57
2022-04-04,0.0,31.9,16.5,98.79,2.31,1.63
2022-04-05,0.0,32.56,15.87,98.94,2.93,2.0
2022-04-06,0.0,33.61,14.77,98.93,2.51,-0.24
2022-04-07,0.0,34.08,18.7,98.81,2.36,4.27
2022-04-08,0.0,33.42,18.5,98.62,2.79,4.04
2022-04-09,0.0,33.45,16.02,98.48,2.83,1.88
2022-04-10,0.0,33.72,21.99,98.43,2.72,6.09
2022-04-11,0.0,33.88,19.55,98.35,4.27,6.33
2022-04-12,0.0,32.27,30.34,98.21,5.55,10.75
2022-04-13,0.0,32.07,37.35,98.24,3.02,13.47
2022-04-14,0.0,33.59,19.37,98.24,2.55,4.48
2022-04-15,0.0,32.59,12.3,98.2,2.77,-2.97
2022-04-16,0.0,32.51,25.68,98.09,2.74,5.97
2022-04-17,0.0,33.79,30.84,98.19,4.43,11.67
2022-04-18,0.0,33.38,33.28,98.53,5.98,12.27
2022-04-19,0.0,33.73,28.58,98.8,4.77,11.37
2022-04-20,0.0,32.69,25.73,98.69,4.35,9.92
2022-04-21,0.0,32.9,22.02,98.54,3.67,6.6
2022-04-22,0.0,33.05,21.82,98.65,2.08,6.93
2022-04-23,0.0,33.9,19.44,98.72,1.62,5.68
2022-04-24,0.0,33.64,23.7,98.61,2.65,8.88
2022-04-25,0.0,34.4,23.95,98.45,4.07,9.09
2022-04-26,0.0,34.8,30.49,98.44,3.51,12.73
2022-04-27,0.0,35.83,27.59,98.41,3.73,11.61
2022-04-28,0.0,35.79,17.85,98.46,4.44,5.36
2022-04-29,0.0,35.69,26.09,98.43,3.01,10.96
2022-04-30,0.0,37.37,17.67,98.08,2.26,7.88
2022-05-01,0.0,37.78,20.02,97.9,4.92,9.58
2022-05-02,0.0,35.87,24.04,97.94,7.18,9.53
2022-05-03,0.33,33.51,33.66,98.04,7.37,14.36
2022-05-04,0.15,33.22,35.19,98.38,5.32,13.77
2022-05-05,0.46,34.7,27.62,98.54,2.52,12.43
2022-05-06,1.46,35.59,24.91,98.46,2.64,11.53
2022-05-07,0.0,36.16,21.9,98.45,4.76,9.73
2022-05-08,0.0,35.78,26.44,98.27,5.82,10.9
2022-05-09,0.0,35.46,25.49,98.18,5.38,9.04
2022-05-10,0.0,35.97,28.46,98.21,3.64,11.34
2022-05-11,0.0,37.51,21.45,98.14,2.76,9.83
2022-05-12,0.0,38.05,18.55,97.95,3.76,8.62
2022-05-13,0.0,37.84,14.75,97.76,4.16,2.2
2022-05-14,0.0,37.96,15.11,97.76,4.6,4.51
2022-05-15,0.0,36.27,19.57,97.89,7.0,7.27
2022-05-16,0.0,34.74,27.9,97.86,6.22,8.13
2022-05-17,0.0,33.64,31.48,97.91,4.02,11.75
2022-05-18,0.0,36.54,21.29,98.07,3.15,9.33
2022-05-19,0.0,37.65,20.35,98.12,4.68,9.9
2022-05-20,0.0,35.93,33.67,97.92,7.12,15.92
2022-05-21,0.0,35.23,31.21,97.69,5.43,9.41
2022-05-22,0.0,35.04,27.35,97.48,3.4,6.58
2022-05-23,0.0,35.61,27.78,97.4,5.05,6.7
2022-05-24,0.0,34.51,30.26,98.02,2.81,12.85
2022-05-25,0.0,34.65,36.11,98.38,3.48,15.97
2022-05-26,0.0,35.51,40.23,98.16,5.68,18.65
2022-05-27,0.0,35.28,42.78,97.95,6.42,19.5
2022-05-28,0.0,35.59,37.33,97.83,4.75,15.18
2022-05-29,0.0,35.96,30.63,97.87,6.0,10.13
2022-05-30,0.0,36.14,27.64,97.94,4.35,8.8
2022-05-31,0.0,36.03,26.45,97.97,2.76,10.52
2022-06-01,0.0,36.03,28.84,98.01,4.6,11.92
2022-06-02,0.0,35.85,22.81,98.02,3.79,6.36
2022-06-03,0.0,34.87,21.91,97.95,3.86,3.44
2022-06-04,0.0,34.76,28.99,97.95,3.74,10.71
2022-06-05,0.0,34.9,34.19,98.0,4.98,14.53
2022-06-06,0.0,35.76,32.92,97.97,5.52,13.69
2022-06-07,0.0,35.05,32.98,97.95,6.72,12.51
2022-06-08,0.0,34.07,38.7,97.92,7.01,15.25
2022-06-09,0.0,34.52,43.36,97.78,7.68,18.26
2022-06-10,0.0,34.57,45.32,97.91,7.46,19.26
2022-06-11,0.0,34.97,45.52,97.96,7.4,19.99
2022-06-12,0.0,35.08,43.75,98.02,6.53,19.41
2022-06-13,10.92,33.79,52.03,98.29,5.2,22.12
2022-06-14,3.23,32.47,58.22,98.25,4.46,22.94
2022-06-15,0.0,34.97,46.73,97.96,5.21,21.04
2022-06-16,0.0,34.84,46.98,97.86,6.82,21.0
2022-06-17,0.19,35.24,47.6,97.81,6.42,21.73
2022-06-18,0.63,35.19,46.04,97.87,5.7,21.16
2022-06-19,1.72,35.11,47.05,97.89,3.37,21.68
2022-06-20,2.45,34.08,48.26,97.72,5.18,21.25
2022-06-21,5.64,32.25,54.51,97.49,5.2,21.27
2022-06-22,4.44,31.42,56.68,98.2,1.58,21.1
2022-06-23,1.0,32.78,47.52,98.52,2.77,19.38
2022-06-24,0.0,35.57,33.92,98.16,1.09,16.44
2022-06-25,0.0,37.57,31.46,97.71,2.29,16.4
2022-06-26,0.0,37.62,32.03,97.72,2.53,16.01
2022-06-27,0.0,37.94,26.88,97.8,1.94,14.75
2022-06-28,0.0,37.87,37.1,97.79,6.47,19.94
2022-06-29,0.0,36.94,43.03,97.56,7.84,21.56
2022-06-30,0.0,36.65,43.61,97.52,6.79,21.22
2022-07-01,0.24,35.87,46.49,97.64,5.43,22.11
2022-07-02,1.75,34.05,53.7,97.59,4.13,23.21
2022-07-03,0.11,33.37,55.32,97.67,3.6,22.94
2022-07-04,4.88,33.23,58.79,97.69,2.17,23.89
2022-07-05,3.18,34.14,56.74,97.68,2.15,24.08
2022-07-06,17.16,34.12,61.55,97.78,3.3,25.48
2022-07-07,29.6,31.38,75.67,98.11,1.2,26.46
2022-07-08,11.96,31.61,75.94,97.9,2.53,26.57
2022-07-09,5.5,31.29,72.21,97.68,2.39,25.4
2022-07-10,3.03,30.59,72.2,97.87,2.96,24.84
2022-07-11,4.48,31.35,68.51,97.98,2.96,24.54
2022-07-12,1.33,32.63,63.15,97.94,3.12,24.32
2022-07-13,0.01,33.23,59.55,97.68,3.42,23.74
2022-07-14,20.06,31.67,70.81,97.65,2.0,25.6
2022-07-15,19.01,29.53,84.22,97.82,4.08,26.53
2022-07-16,2.75,30.05,75.75,97.79,4.64,25.03
2022-07-17,5.59,31.17,69.51,98.0,2.6,24.69
2022-07-18,19.19,29.65,79.65,98.15,2.22,25.69
2022-07-19,0.57,31.58,69.64,97.98,3.17,25.04
2022-07-20,0.02,31.99,67.45,97.92,5.66,24.79
2022-07-21,4.17,30.87,72.18,97.94,6.05,25.07
2022-07-22,1.44,31.09,70.92,98.13,3.79,24.9
2022-07-23,10.87,30.65,74.1,97.96,2.57,25.23
2022-07-24,14.14,29.27,85.13,97.82,1.87,26.45
2022-07-25,8.33,29.09,78.91,98.1,3.49,24.79
2022-07-26,9.52,29.33,78.74,98.34,2.89,25.02
2022-07-27,15.0,28.16,84.6,98.35,3.73,25.26
2022-07-28,1.53,29.29,76.34,98.44,5.06,24.47
2022-07-29,0.94,29.81,72.03,98.38,5.36,23.88
2022-07-30,2.74,30.04,72.26,98.18,5.71,24.19
2022-07-31,1.46,29.36,77.24,97.94,5.09,24.77
2022-08-01,0.04,31.19,71.11,97.96,4.86,24.87
2022-08-02,0.01,31.94,67.73,97.97,3.86,24.64
2022-08-03,0.0,32.38,63.68,98.08,3.79,23.96
2022-08-04,0.65,31.75,65.17,98.12,2.75,24.03
2022-08-05,1.77,31.13,66.74,97.97,1.9,23.94
2022-08-06,10.49,29.54,78.71,97.87,2.41,25.37
2022-08-07,0.89,31.66,66.92,97.78,0.97,24.3
2022-08-08,4.6,29.78,78.03,97.72,2.47,25.49
2022-08-09,9.36,31.13,76.5,97.71,2.3,26.25
2022-08-10,4.31,32.17,69.05,97.59,2.66,25.4
2022-08-11,0.27,32.39,62.5,97.53,4.34,23.86
2022-08-12,2.08,31.6,65.77,97.67,5.09,24.01
2022-08-13,19.08,28.94,80.96,97.72,2.67,25.25
2022-08-14,11.63,27.57,82.19,97.97,4.24,24.14
2022-08-15,1.54,29.77,72.53,98.13,2.72,23.92
2022-08-16,8.66,30.3,72.76,97.99,3.27,24.6
2022-08-17,21.95,27.84,86.55,97.6,4.64,25.34
2022-08-18,34.07,26.87,88.65,97.61,7.89,24.83
2022-08-19,5.71,27.83,81.15,97.95,7.57,24.11
2022-08-20,21.99,27.48,84.18,98.09,6.11,24.43
2022-08-21,4.74,27.82,81.48,98.08,4.62,24.17
2022-08-22,7.96,28.57,83.92,97.92,2.99,25.44
2022-08-23,36.44,29.26,83.54,97.81,3.13,26.09
2022-08-24,30.25,27.78,89.14,97.74,4.52,25.79
2022-08-25,4.97,27.16,82.44,98.15,5.78,23.73
2022-08-26,0.64,27.19,80.0,98.4,3.94,23.21
2022-08-27,0.05,27.25,78.65,98.4,4.03,23.0
2022-08-28,0.0,27.84,78.46,98.37,4.14,23.53
2022-08-29,0.0,28.74,76.78,98.6,3.39,23.95
2022-08-30,0.01,28.8,76.02,98.78,2.75,23.83
2022-08-31,0.0,28.48,74.04,98.63,3.19,23.06
2022-09-01,0.05,28.82,76.09,98.53,3.55,23.82
2022-09-02,0.09,29.31,75.46,98.65,3.63,24.09
2022-09-03,0.0,28.72,76.68,98.46,4.92,23.84
2022-09-04,0.0,28.46,78.42,98.16,5.24,24.02
2022-09-05,0.0,28.29,76.51,98.3,4.13,23.42
2022-09-06,0.0,28.8,72.87,98.54,2.79,22.98
2022-09-07,0.0,29.77,67.72,98.69,1.87,22.61
2022-09-08,0.0,30.75,66.04,98.72,1.36,22.98
2022-09-09,0.0,31.94,63.56,98.57,1.75,23.45
2022-09-10,0.51,33.05,58.98,98.39,0.95,23.17
2022-09-11,1.42,32.49,63.4,98.17,1.12,23.92
2022-09-12,2.22,30.84,71.24,98.08,1.82,24.76
2022-09-13,0.01,30.55,68.45,98.21,1.77,23.82
2022-09-14,0.37,31.26,63.36,98.27,2.13,23.18
2022-09-15,0.15,32.09,58.82,98.2,1.38,22.52
2022-09-16,0.0,29.78,70.31,98.01,4.43,23.15
2022-09-17,0.0,28.56,74.25,98.16,5.06,23.02
2022-09-18,0.0,28.99,72.01,98.6,3.19,22.81
2022-09-19,0.0,28.74,70.32,98.64,3.76,22.16
2022-09-20,0.0,28.16,69.57,98.57,3.96,21.3
2022-09-21,0.0,28.5,71.28,98.56,2.67,22.09
2022-09-22,0.0,29.53,68.35,98.5,2.14,22.24
2022-09-23,0.0,30.07,67.34,98.39,2.54,22.56
2022-09-24,0.0,29.26,70.39,98.32,3.52,22.68
2022-09-25,0.0,28.5,71.62,98.39,4.28,22.35
2022-09-26,0.0,28.45,69.37,98.82,3.41,21.63
2022-09-27,0.0,27.85,66.32,98.74,3.08,20.26
2022-09-28,0.0,28.0,66.63,98.64,3.22,20.41
2022-09-29,0.0,28.93,64.22,98.62,2.89,20.64
2022-09-30,0.0,28.75,60.98,98.68,2.92,19.68
2022-10-01,0.0,27.93,61.07,98.62,3.7,18.51
2022-10-02,0.0,27.67,66.68,98.64,3.6,20.13
2022-10-03,0.0,28.4,63.35,98.78,2.75,19.95
2022-10-04,0.0,28.89,56.17,98.88,1.76,18.1
2022-10-05,0.0,28.64,53.81,98.81,2.21,17.21
2022-10-06,0.0,29.2,49.87,98.66,1.47,16.49
2022-10-07,0.0,29.76,42.18,98.66,2.44,14.47
2022-10-08,0.0,28.23,52.21,98.74,3.46,16.92
2022-10-09,0.0,27.99,58.69,98.85,2.3,18.18
2022-10-10,0.0,28.73,49.48,98.97,1.51,16.43
2022-10-11,0.0,29.12,39.95,98.86,1.13,13.12
2022-10-12,0.0,28.82,35.16,98.95,1.24,10.99
2022-10-13,0.0,28.14,34.3,99.07,1.38,10.05
2022-10-14,0.0,27.12,37.92,99.13,1.42,10.38
2022-10-15,0.0,27.49,34.18,99.08,1.11,8.99
2022-10-16,0.0,28.06,32.78,99.19,1.23,8.78
2022-10-17,0.0,27.59,32.04,99.24,1.3,8.45
2022-10-18,0.0,26.32,38.65,99.06,2.1,9.8
2022-10-19,0.0,26.1,42.4,99.01,2.1,11.12
2022-10-20,0.0,26.21,50.3,99.09,2.68,13.96
2022-10-21,0.0,26.43,46.31,99.47,1.46,13.19
2022-10-22,0.0,26.7,41.73,99.6,1.5,11.48
2022-10-23,0.0,26.82,35.72,99.48,1.51,9.71
2022-10-24,0.0,26.51,37.6,99.13,1.07,10.27
2022-10-25,0.0,25.32,47.69,98.95,2.15,12.6
2022-10-26,0.0,25.84,52.35,99.17,2.59,14.75
2022-10-27,0.0,26.27,57.65,99.24,2.9,16.55
2022-10-28,0.0,25.96,51.97,99.3,2.26,14.64
2022-10-29,0.0,27.0,49.07,99.31,1.26,14.72
2022-10-30,0.0,27.95,40.58,99.35,0.99,12.48
2022-10-31,0.0,26.8,38.14,99.33,1.71,10.52
2022-11-01,0.0,26.37,43.56,99.33,1.98,12.06
2022-11-02,0.0,26.7,49.18,99.3,1.7,14.43
2022-11-03,0.0,26.65,48.37,99.12,2.54,14.1
2022-11-04,0.0,26.06,49.05,99.2,2.75,12.84
2022-11-05,0.0,25.55,43.28,99.32,3.47,10.07
2022-11-06,0.0,25.27,44.73,99.39,3.05,11.33
2022-11-07,0.0,23.78,50.21,99.39,2.06,11.8
2022-11-08,0.0,24.42,46.46,99.41,1.65,11.42
2022-11-09,0.0,24.98,46.04,99.4,1.29,11.98
2022-11-10,0.0,24.44,43.7,99.59,1.57,10.63
2022-11-11,0.0,24.0,41.99,99.68,1.55,9.37
2022-11-12,0.0,24.23,42.13,99.62,1.46,9.68
2022-11-13,0.0,24.53,35.11,99.37,1.67,7.45
2022-11-14,0.01,23.81,48.19,99.28,3.46,11.94
2022-11-15,0.0,21.77,52.74,99.54,3.23,11.12
2022-11-16,0.0,22.05,45.24,99.52,1.73,8.92
2022-11-17,0.0,22.63,48.5,99.5,1.41,10.18
2022-11-18,0.0,22.95,40.82,99.45,1.53,8.21
2022-11-19,0.0,23.32,37.57,99.46,1.7,7.61
2022-11-20,0.0,22.92,33.64,99.46,1.59,5.48
2022-11-21,0.0,21.85,33.16,99.43,1.71,4.2
2022-11-22,0.0,22.58,32.61,99.42,1.3,4.83
2022-11-23,0.0,22.33,28.3,99.49,0.79,2.53
2022-11-24,0.0,22.13,26.26,99.4,1.48,1.38
2022-11-25,0.0,22.18,27.64,99.5,1.48,1.94
2022-11-26,0.0,21.35,30.33,99.36,1.45,2.23
2022-11-27,0.0,20.97,31.76,99.08,1.2,2.38
2022-11-28,0.0,20.54,27.45,99.18,1.53,0.22
2022-11-29,0.0,19.61,27.15,99.44,1.81,-0.55
2022-11-30,0.0,19.49,29.8,99.54,2.02,0.41
2022-12-01,0.0,20.26,29.07,99.43,1.47,0.72
2022-12-02,0.0,20.76,28.92,99.26,1.19,1.47
2022-12-03,0.0,19.31,33.44,99.33,1.51,1.82
2022-12-04,0.0,18.98,32.53,99.47,1.78,1.17
2022-12-05,0.0,19.44,29.34,99.62,1.55,0.21
2022-12-06,0.0,19.21,27.82,99.63,1.69,-0.58
2022-12-07,0.0,20.61,27.6,99.58,1.08,0.71
2022-12-08,0.0,22.04,29.04,99.48,1.19,2.52
2022-12-09,0.0,21.99,27.77,99.35,0.72,1.67
2022-12-10,0.0,20.07,29.78,99.37,2.66,0.88
2022-12-11,0.0,19.06,39.7,99.49,3.29,4.33
2022-12-12,0.0,19.37,36.57,99.45,2.96,3.15
2022-12-13,0.0,19.39,33.22,99.62,3.01,2.02
2022-12-14,0.0,18.66,38.09,99.66,2.26,3.2
2022-12-15,0.0,19.23,34.63,99.5,1.18,2.28
2022-12-16,0.0,20.18,32.59,99.33,1.49,2.44
2022-12-17,0.0,20.95,26.12,99.44,1.44,-0.59
2022-12-18,0.0,20.37,22.49,99.45,1.9,-2.46
2022-12-19,0.0,19.75,23.38,99.34,1.37,-2.49
2022-12-20,0.0,18.49,26.21,99.29,1.22,-2.1
2022-12-21,0.0,17.42,28.34,99.37,1.86,-1.92
2022-12-22,0.0,15.35,29.96,99.41,2.65,-3.08
2022-12-23,0.0,14.96,25.17,99.35,1.91,-5.64
2022-12-24,0.0,14.94,27.64,99.6,1.96,-4.29
2022-12-25,0.0,15.38,27.01,99.64,1.51,-4.29
2022-12-26,0.0,15.1,24.64,99.75,2.24,-5.54
2022-12-27,0.0,15.41,24.62,99.86,2.32,-5.32
2022-12-28,0.0,18.95,24.78,99.73,1.64,-1.86
2022-12-29,0.0,19.75,48.69,99.64,2.4,7.99
2022-12-30,0.0,17.24,53.84,99.94,2.55,6.59
2022-12-31,0.0,16.38,46.44,100.08,1.42,3.66
2023-01-01,0.0,17.55,35.02,99.91,1.41,0.98
2023-01-02,0.0,17.12,27.32,99.93,1.26,-2.71
2023-01-03,0.0,15.11,27.51,100.05,2.02,-4.21
2023-01-04,0.0,13.17,28.88,100.17,2.54,-5.29
2023-01-05,0.0,12.52,29.91,100.18,2.55,-5.4
2023-01-06,0.0,13.29,26.64,100.15,2.61,-6.59
2023-01-07,0.0,15.83,31.57,100.0,2.22,-1.21
2023-01-08,0.0,16.88,26.26,99.83,1.65,-2.82
2023-01-09,0.0,18.42,28.84,99.88,1.61,-0.41
2023-01-10,0.0,18.01,27.62,99.82,1.48,-1.38
2023-01-11,0.0,19.13,38.48,99.29,3.6,4.38
2023-01-12,0.0,15.22,39.47,99.16,2.32,0.75
2023-01-13,0.0,12.22,32.57,99.43,2.17,-4.33
2023-01-14,0.0,12.48,20.82,99.76,1.15,-10.29
2023-01-15,0.0,12.21,15.67,99.64,1.68,-13.02
2023-01-16,0.0,13.53,17.71,99.6,1.34,-10.89
2023-01-17,0.0,13.98,16.65,99.67,1.58,-11.22
2023-01-18,0.0,14.93,16.48,99.69,2.06,-10.46
2023-01-19,0.0,15.07,26.56,99.65,4.08,-5.64
2023-01-20,0.61,13.97,53.63,99.62,3.1,3.17
2023-01-21,0.0,13.88,50.4,99.67,2.53,2.94
2023-01-22,0.0,13.49,50.04,99.65,2.0,2.47
2023-01-23,0.0,12.98,47.07,99.61,3.03,1.41
2023-01-24,0.0,12.39,32.35,99.52,2.62,-4.61
2023-01-25,0.0,11.86,23.64,99.67,1.97,-9.36
2023-01-26,0.0,12.48,21.06,99.93,2.58,-9.53
2023-01-27,0.0,12.76,23.56,99.92,2.71,-8.42
2023-01-28,0.0,13.88,21.42,99.53,2.0,-8.56
2023-01-29,0.0,15.51,20.6,99.13,1.71,-7.36
2023-01-30,0.04,16.61,26.56,99.62,1.61,-3.45
2023-01-31,0.0,15.16,41.88,100.0,2.85,1.39
2023-02-01,0.0,15.58,37.7,99.91,2.22,0.1
2023-02-02,0.0,18.69,30.9,99.73,1.39,-0.41
2023-02-03,0.0,20.22,23.25,99.62,1.85,-2.55
2023-02-04,0.0,21.94,22.87,99.43,1.15,-0.67
2023-02-05,0.0,21.13,30.57,99.16,2.54,2.0
2023-02-06,0.0,20.42,43.22,99.22,1.99,5.04
2023-02-07,0.0,20.49,22.28,99.35,1.68,-3.46
2023-02-08,0.0,21.42,18.49,99.28,2.61,-4.17
2023-02-09,0.0,21.92,34.48,99.03,3.57,4.8
2023-02-10,0.0,21.36,35.39,99.08,2.8,2.09
2023-02-11,0.0,19.86,18.49,99.49,2.35,-5.72
2023-02-12,0.0,17.28,18.83,99.92,2.77,-7.68
2023-02-13,0.0,18.59,14.92,99.83,1.78,-9.23
2023-02-14,0.0,22.87,16.08,99.57,2.08,-4.72
2023-02-15,0.0,25.1,18.0,99.4,1.23,-1.33
2023-02-16,0.0,25.91,21.52,99.38,1.8,0.4
2023-02-17,0.0,27.21,15.63,99.43,1.44,-2.0
2023-02-18,0.0,26.82,15.26,99.42,1.24,-3.06
2023-02-19,0.0,25.98,16.11,99.23,2.9,-3.03
2023-02-20,0.0,24.39,27.56,99.04,2.69,2.91
2023-02-21,0.0,23.62,20.24,99.15,2.0,-1.08
2023-02-22,0.0,25.0,17.85,99.15,1.83,-1.82
2023-02-23,0.0,25.15,29.01,99.24,0.87,4.18
2023-02-24,0.0,25.71,28.12,99.33,1.32,5.35
2023-02-25,0.0,25.06,28.41,99.49,2.01,4.34
2023-02-26,0.0,26.12,22.71,99.66,1.2,2.69
2023-02-27,0.0,27.17,22.67,99.56,1.83,3.33
2023-02-28,0.0,26.87,24.63,99.43,1.98,3.99
2023-03-01,0.0,25.18,28.27,99.6,2.81,4.2
2023-03-02,0.01,23.76,45.41,99.86,4.1,9.73
2023-03-03,0.0,25.75,35.21,99.84,3.17,8.16
2023-03-04,0.01,25.39,36.17,99.82,3.06,8.46
2023-03-05,0.0,25.95,32.04,99.74,1.69,7.06
2023-03-06,0.0,26.64,27.44,99.5,1.67,5.31
2023-03-07,0.0,27.7,25.27,99.41,1.37,5.5
2023-03-08,0.56,26.64,27.28,99.5,1.78,5.48
2023-03-09,0.0,26.1,25.72,99.55,1.76,3.87
2023-03-10,0.0,27.12,19.71,99.49,1.59,0.99
2023-03-11,0.0,27.51,18.58,99.36,2.35,0.87
2023-03-12,0.0,27.21,22.05,99.31,1.81,3.17
2023-03-13,0.0,28.52,21.38,99.25,1.24,3.71
2023-03-14,0.0,29.11,20.14,98.98,1.59,3.34
2023-03-15,0.0,25.87,23.51,98.8,1.85,2.97
2023-03-16,1.78,26.88,37.07,98.8,3.1,9.69
2023-03-17,0.94,25.06,42.17,99.0,3.27,10.86
2023-03-18,0.55,23.95,48.28,99.04,3.26,11.55
2023-03-19,0.82,24.19,45.9,98.9,1.83,11.45
2023-03-20,0.0,24.3,43.39,98.73,1.81,10.29
2023-03-21,0.06,26.47,33.97,98.69,2.3,8.57
2023-03-22,0.13,26.4,36.92,98.85,2.49,10.21
2023-03-23,0.45,26.45,39.22,98.75,2.5,11.16
2023-03-24,0.54,24.68,46.81,98.67,4.03,11.25
2023-03-25,0.0,24.86,37.29,98.96,2.23,8.26
2023-03-26,0.0,24.65,38.45,99.19,3.19,8.51
2023-03-27,0.0,26.36,29.72,99.04,1.79,6.22
2023-03-28,0.0,27.96,25.36,98.87,2.19,5.58
2023-03-29,0.23,26.69,41.79,98.82,4.23,11.4
2023-03-30,1.67,24.67,46.25,98.79,2.92,11.78
2023-03-31,0.2,24.93,45.5,98.76,2.26,11.26
2023-04-01,0.22,27.98,35.54,98.77,1.73,10.67
2023-04-02,0.01,27.78,36.27,98.68,3.77,9.21
2023-04-03,0.08,27.74,44.61,98.52,3.56,12.92
2023-04-04,0.07,28.2,37.54,98.87,1.27,10.73
2023-04-05,0.0,28.89,22.87,98.86,1.72,4.43
2023-04-06,0.0,27.86,22.8,99.04,1.76,3.62
2023-04-07,0.0,28.61,22.28,99.29,4.04,3.9
2023-04-08,0.0,29.57,19.75,99.35,2.41,3.32
2023-04-09,0.0,31.32,16.3,99.26,1.61,1.98
2023-04-10,0.01,29.9,29.11,99.16,2.75,8.72
2023-04-11,1.52,30.25,33.29,99.15,1.84,11.49
2023-04-12,5.06,30.05,36.13,99.06,1.9,12.2
2023-04-13,0.0,31.43,28.38,98.97,1.86,9.69
2023-04-14,0.0,32.79,23.86,98.85,1.68,8.76
2023-04-15,0.0,33.23,23.65,98.72,2.79,8.55
2023-04-16,0.0,32.81,29.41,98.63,4.26,11.61
2023-04-17,0.01,32.88,33.64,98.67,4.38,13.32
2023-04-18,0.25,32.89,31.23,98.85,3.68,12.82
2023-04-19,0.0,28.52,40.07,98.71,3.34,12.85
2023-04-20,0.0,28.48,18.71,98.43,2.97,-0.11
2023-04-21,0.0,29.56,11.12,98.39,2.32,-5.22
2023-04-22,0.0,30.63,11.32,98.49,2.04,-3.95
2023-04-23,0.0,30.1,22.93,98.66,3.17,5.03
2023-04-24,0.0,29.58,15.18,98.85,2.73,-0.64
2023-04-25,0.0,31.73,18.03,98.83,2.64,4.05
2023-04-26,1.17,30.92,20.51,98.63,2.44,5.17
2023-04-27,6.74,30.03,33.22,98.62,2.66,11.04
2023-04-28,4.83,28.65,45.01,98.78,3.3,15.1
2023-04-29,37.94,24.76,70.05,98.79,1.96,18.63
2023-04-30,7.17,24.58,69.86,98.63,1.44,18.26
2023-05-01,0.34,27.06,56.61,98.52,1.83,16.81
2023-05-02,0.96,29.17,46.66,98.63,1.89,15.72
2023-05-03,0.42,28.3,50.5,98.86,1.69,16.57
2023-05-04,0.77,31.34,42.25,98.7,1.79,15.95
2023-05-05,0.18,32.82,36.38,98.61,1.53,15.07
2023-05-06,0.24,32.9,35.36,98.55,2.13,14.41
2023-05-07,0.6,31.39,26.44,98.5,3.29,7.02
2023-05-08,0.0,30.11,21.65,98.46,3.12,3.29
2023-05-09,0.0,31.66,27.79,98.63,2.57,9.47
2023-05-10,0.0,33.54,25.81,98.62,2.04,9.93
2023-05-11,0.0,34.85,19.97,98.59,1.25,6.83
2023-05-12,0.0,34.58,27.95,98.47,4.1,11.7
2023-05-13,0.0,34.77,26.43,98.4,4.4,11.29
2023-05-14,0.23,34.4,35.32,98.23,2.79,15.67
2023-05-15,0.1,34.27,34.25,98.18,5.8,14.61
2023-05-16,2.12,33.37,44.43,98.44,4.89,18.49
2023-05-17,0.01,33.41,44.69,98.5,5.53,18.19
2023-05-18,0.02,31.99,46.42,98.85,2.46,17.86
2023-05-19,0.0,34.95,31.33,98.7,2.51,14.52
2023-05-20,0.0,35.11,26.47,98.5,5.58,11.17
2023-05-21,0.0,34.48,37.02,98.5,6.78,16.17
2023-05-22,0.0,33.65,45.9,98.56,6.13,19.45
2023-05-23,0.0,33.21,49.46,98.59,5.61,20.65
2023-05-24,0.1,34.31,45.17,98.32,4.93,19.19
2023-05-25,1.96,34.67,40.89,98.13,5.44,16.86
2023-05-26,3.99,34.11,47.1,98.13,4.85,19.56
2023-05-27,0.0,34.08,42.34,98.21,4.01,16.37
2023-05-28,14.18,34.46,40.92,98.35,2.36,18.02
2023-05-29,52.28,29.14,68.78,98.68,2.58,22.51
2023-05-30,3.87,27.18,72.06,98.8,2.15,21.35
2023-05-31,1.39,28.97,59.1,98.62,2.7,19.5
2023-06-01,0.13,30.68,58.74,98.44,3.18,21.18
2023-06-02,0.0,31.75,58.96,98.5,1.54,22.35
2023-06-03,7.01,32.49,56.9,98.42,2.74,22.53
2023-06-04,3.58,31.84,52.43,98.51,2.79,20.3
2023-06-05,0.44,33.55,45.78,98.37,2.73,19.49
2023-06-06,0.22,33.47,46.36,98.27,4.21,19.71
2023-06-07,1.11,34.08,47.37,98.29,2.65,20.46
2023-06-08,0.0,34.25,49.26,98.29,4.64,21.13
2023-06-09,0.0,34.07,45.87,98.1,5.76,19.81
2023-06-10,0.0,33.52,45.34,97.92,6.53,19.01
2023-06-11,0.0,34.0,47.35,97.94,5.45,20.71
2023-06-12,0.0,35.03,41.91,97.92,5.6,19.57
2023-06-13,0.04,34.68,46.14,97.97,5.05,20.84
2023-06-14,0.0,33.27,51.57,98.02,5.97,21.56
2023-06-15,1.8,32.51,52.52,98.04,5.39,21.03
2023-06-16,4.25,31.6,60.56,97.88,5.43,22.57
2023-06-17,7.61,31.93,61.2,97.87,3.31,22.86
2023-06-18,0.73,34.52,54.4,98.01,1.91,23.24
2023-06-19,0.03,34.54,52.07,97.99,4.41,22.55
2023-06-20,0.0,34.16,52.31,97.97,6.5,22.27
2023-06-21,0.0,33.86,53.04,98.03,6.45,21.96
2023-06-22,0.0,33.73,52.99,98.07,6.08,21.96
2023-06-23,0.0,34.29,51.08,98.03,5.47,21.8
2023-06-24,0.0,34.57,51.89,97.91,5.97,22.38
2023-06-25,0.01,34.31,54.4,97.88,5.86,23.35
2023-06-26,1.02,33.26,57.43,97.98,4.27,23.29
2023-06-27,22.01,32.4,66.26,97.99,2.66,25.03
2023-06-28,8.07,30.64,79.85,98.07,3.27,26.65
2023-06-29,12.08,31.4,75.29,97.97,3.54,26.24
2023-06-30,0.8,31.38,72.41,97.86,4.18,25.64
2023-07-01,0.87,32.52,65.27,97.95,4.42,24.71
2023-07-02,0.39,33.52,58.89,98.07,4.87,23.68
2023-07-03,0.0,34.38,51.94,98.0,4.82,21.98
2023-07-04,0.0,35.07,52.95,97.74,6.46,23.29
2023-07-05,0.0,35.14,52.92,97.55,5.4,23.35
2023-07-06,3.56,34.77,55.07,97.86,4.06,23.83
2023-07-07,49.99,31.6,72.58,98.0,3.02,25.92
2023-07-08,10.21,30.32,73.42,98.01,1.51,24.71
2023-07-09,0.09,32.21,62.92,98.02,1.95,23.79
2023-07-10,0.0,33.87,56.52,98.04,2.1,23.05
2023-07-11,0.01,34.48,54.36,98.1,4.21,23.22
2023-07-12,0.0,34.19,52.75,98.0,5.12,22.22
2023-07-13,0.04,34.43,52.55,97.96,5.3,22.38
2023-07-14,0.0,33.67,54.53,98.03,5.51,22.44
2023-07-15,0.0,33.74,56.74,97.97,6.13,23.25
2023-07-16,0.0,32.99,59.24,98.0,5.53,23.44
2023-07-17,0.69,33.33,57.62,97.99,4.33,23.22
2023-07-18,0.63,34.0,57.78,97.83,4.3,24.0
2023-07-19,1.49,34.1,56.71,97.75,4.5,23.81
2023-07-20,12.2,30.07,76.27,97.92,1.76,25.37
2023-07-21,3.91,31.69,70.97,98.06,1.7,25.56
2023-07-22,9.22,31.26,76.55,98.19,1.49,26.52
2023-07-23,6.43,32.04,71.81,98.1,3.63,26.0
2023-07-24,20.72,30.51,81.13,97.96,2.16,26.79
2023-07-25,15.53,30.03,79.9,98.1,3.11,26.01
2023-07-26,0.16,30.9,73.64,98.23,3.07,25.32
2023-07-27,6.96,30.22,76.04,98.22,3.84,25.43
2023-07-28,0.74,30.51,73.32,98.02,5.58,24.87
2023-07-29,3.76,31.04,70.31,97.94,5.52,24.64
2023-07-30,0.51,31.51,68.01,97.93,4.1,24.46
2023-07-31,0.25,32.32,65.12,97.85,4.29,24.41
2023-08-01,0.02,32.52,64.11,97.83,5.08,24.29
2023-08-02,0.0,32.27,65.32,97.8,6.42,24.32
2023-08-03,0.0,31.97,63.68,97.81,5.43,23.56
2023-08-04,0.0,31.85,64.12,97.97,5.71,23.68
2023-08-05,0.0,32.11,63.12,98.17,5.08,23.6
2023-08-06,0.0,31.55,64.14,97.97,6.2,23.45
2023-08-07,0.0,31.81,62.57,97.66,6.91,22.8
2023-08-08,0.0,31.34,63.75,97.8,6.29,22.99
2023-08-09,0.0,31.59,62.87,98.13,6.57,23.0
2023-08-10,0.0,30.87,64.63,98.26,5.81,22.92
2023-08-11,0.0,31.16,62.29,98.32,5.09,22.48
2023-08-12,0.0,31.28,61.48,98.2,5.41,22.36
2023-08-13,0.0,31.22,61.49,97.9,6.01,22.16
2023-08-14,0.0,31.28,61.84,98.06,5.93,22.41
2023-08-15,0.0,31.55,62.19,98.28,4.31,22.87
2023-08-16,0.0,31.34,61.4,98.42,4.29,22.56
2023-08-17,0.0,30.89,58.55,98.33,5.18,21.06
2023-08-18,0.0,30.54,57.75,98.28,4.49,20.38
2023-08-19,0.0,31.37,56.42,98.29,3.12,20.57
2023-08-20,0.33,31.0,59.5,98.34,2.7,21.86
2023-08-21,0.12,32.69,55.7,98.24,2.92,21.95
2023-08-22,0.0,32.88,52.87,98.13,5.16,21.38
2023-08-23,0.0,31.29,57.16,97.92,6.44,21.05
2023-08-24,0.0,30.98,58.63,97.79,5.76,20.95
2023-08-25,0.0,30.87,58.7,97.89,5.57,21.01
2023-08-26,0.0,30.58,58.7,98.11,5.13,20.9
2023-08-27,0.0,30.93,60.35,98.2,4.96,21.79
2023-08-28,0.0,30.94,58.29,98.1,5.93,20.95
2023-08-29,0.0,30.91,59.56,98.31,4.57,21.45
2023-08-30,0.0,31.61,54.04,98.55,3.84,20.43
2023-08-31,0.0,31.43,52.79,98.63,4.11,19.73
2023-09-01,0.0,31.02,51.43,98.66,4.61,19.02
2023-09-02,0.0,30.33,50.51,98.54,5.39,17.8
2023-09-03,0.0,30.0,51.88,98.42,5.18,18.16
2023-09-04,0.0,30.68,52.49,98.31,4.02,19.0
2023-09-05,0.0,32.06,50.0,98.4,3.36,19.52
2023-09-06,0.0,33.48,43.74,98.43,1.57,18.45
2023-09-07,0.0,34.52,37.97,98.35,1.82,17.02
2023-09-08,0.0,35.68,30.53,98.26,1.44,14.74
2023-09-09,0.33,35.59,34.42,98.16,1.24,15.96
2023-09-10,0.0,35.31,36.41,98.02,2.54,16.27
2023-09-11,0.0,33.96,40.44,98.08,3.92,16.84
2023-09-12,0.0,33.13,46.74,98.2,4.96,18.49
2023-09-13,0.0,32.48,49.42,98.2,4.19,19.45
2023-09-14,0.0,33.58,49.42,98.32,3.48,20.78
2023-09-15,0.08,34.01,48.84,98.37,2.94,21.22
2023-09-16,0.31,33.79,49.96,98.31,2.13,21.56
2023-09-17,0.56,33.76,52.13,98.08,3.88,22.07
2023-09-18,0.6,32.1,58.21,98.0,4.77,22.45
2023-09-19,2.49,32.77,55.32,98.24,3.55,22.26
2023-09-20,1.65,31.98,61.43,98.43,3.76,23.45
2023-09-21,0.01,32.34,59.34,98.49,2.84,22.71
2023-09-22,0.0,32.88,57.54,98.5,3.25,22.72
2023-09-23,0.0,33.03,53.26,98.51,3.38,21.54
2023-09-24,0.0,33.73,48.62,98.44,3.19,20.53
2023-09-25,0.0,32.4,45.13,98.5,2.83,18.12
2023-09-26,0.01,32.75,39.15,98.65,1.08,16.04
2023-09-27,0.41,34.19,33.73,98.65,0.85,15.43
2023-09-28,0.08,34.51,28.85,98.57,1.28,12.78
2023-09-29,0.01,33.32,23.94,98.53,2.11,8.16
2023-09-30,0.03,31.98,22.54,98.6,1.16,6.92
2023-10-01,0.0,31.73,24.77,98.56,1.48,8.29
2023-10-02,0.0,32.43,18.63,98.63,1.3,4.18
2023-10-03,0.0,30.72,14.83,98.78,2.11,-0.37
2023-10-04,0.0,30.44,39.4,98.82,3.12,12.74
2023-10-05,0.0,30.81,44.49,98.74,4.04,15.64
2023-10-06,0.0,31.23,49.67,98.61,4.85,17.98
2023-10-07,0.0,31.02,53.36,98.69,4.42,19.44
2023-10-08,0.0,31.38,53.51,98.78,4.65,19.91
2023-10-09,0.0,30.64,47.19,98.82,4.34,15.88
2023-10-10,0.0,30.15,46.28,98.93,2.61,14.31
2023-10-11,0.0,30.82,39.42,99.06,1.29,14.28
2023-10-12,0.0,30.65,40.62,99.09,2.76,14.97
2023-10-13,0.0,30.13,40.55,99.19,3.47,14.09
2023-10-14,0.0,29.77,41.17,99.09,3.93,13.46
2023-10-15,0.12,29.64,47.39,98.93,2.91,16.22
2023-10-16,2.8,29.35,44.48,98.88,2.71,13.82
2023-10-17,41.49,25.85,74.22,99.2,2.57,20.7
2023-10-18,0.0,25.52,61.48,99.55,2.41,16.78
2023-10-19,0.0,26.6,49.32,99.43,1.37,14.32
2023-10-20,0.0,27.88,45.26,99.4,1.34,14.21
2023-10-21,0.04,28.89,43.04,99.39,1.55,14.32
2023-10-22,0.37,28.87,43.87,99.44,1.41,14.55
2023-10-23,0.0,28.09,42.52,99.38,1.32,13.21
2023-10-24,0.0,27.87,40.98,99.27,1.42,12.34
2023-10-25,0.0,28.19,37.55,99.39,1.38,11.11
2023-10-26,0.26,28.76,32.55,99.37,1.5,9.65
2023-10-27,0.0,27.65,39.13,99.21,2.25,11.94
2023-10-28,0.04,27.13,43.6,99.24,2.1,13.49
2023-10-29,0.01,27.78,41.3,99.31,1.62,12.34
2023-10-30,0.0,28.4,39.16,99.33,1.08,12.53
2023-10-31,0.0,28.55,37.39,99.41,1.67,11.77
2023-11-01,0.0,28.28,37.31,99.46,1.62,11.44
2023-11-02,0.0,28.45,33.25,99.36,0.94,9.73
2023-11-03,0.0,28.41,31.55,99.13,1.4,9.25
2023-11-04,0.0,27.41,35.89,99.09,1.09,10.28
2023-11-05,0.0,26.76,37.51,99.25,1.04,10.31
2023-11-06,0.0,27.83,32.66,99.36,0.62,9.18
2023-11-07,0.0,27.14,32.34,99.4,0.78,8.6
2023-11-08,0.03,26.91,35.88,99.34,0.83,10.24
2023-11-09,0.62,26.25,42.01,99.34,1.57,11.89
2023-11-10,0.06,23.17,37.75,99.5,2.4,6.71
2023-11-11,0.0,21.66,44.03,99.83,2.09,7.19
2023-11-12,0.0,22.56,33.45,99.82,1.4,4.41
2023-11-13,0.0,22.32,35.67,99.7,1.37,5.82
2023-11-14,0.0,22.96,37.9,99.65,2.18,7.12
2023-11-15,0.0,21.51,36.56,99.68,1.94,5.17
2023-11-16,0.0,21.19,32.45,99.73,1.96,3.19
2023-11-17,0.0,19.89,36.49,99.76,2.45,3.86
2023-11-18,0.0,19.46,44.35,99.6,1.43,6.26
2023-11-19,0.0,20.36,44.36,99.59,1.62,7.13
2023-11-20,0.0,20.8,44.27,99.69,2.49,7.33
2023-11-21,0.0,21.1,40.46,99.69,2.01,6.39
2023-11-22,0.0,21.83,38.12,99.43,1.79,6.03
2023-11-23,0.0,23.58,34.75,99.18,1.74,6.61
2023-11-24,0.0,23.29,35.68,99.42,1.82,6.73
2023-11-25,0.0,21.32,36.83,99.59,2.67,5.57
2023-11-26,3.14,19.82,48.29,99.53,1.77,7.98
2023-11-27,0.31,17.68,70.13,99.48,2.44,11.66
2023-11-28,0.0,17.77,55.08,99.5,2.22,8.1
2023-11-29,0.0,18.73,54.77,99.51,1.68,9.04
2023-11-30,0.0,19.95,51.04,99.56,1.91,9.04
2023-12-01,0.0,19.43,54.33,99.69,2.92,9.34
2023-12-02,0.0,18.78,51.01,99.71,2.48,7.8
2023-12-03,0.0,18.55,42.7,99.72,2.28,4.66
2023-12-04,0.0,19.54,34.6,99.69,1.65,3.05
2023-12-05,0.0,18.63,34.18,99.6,1.97,1.94
2023-12-06,0.0,17.76,41.56,99.65,2.42,3.8
2023-12-07,0.0,17.99,43.16,99.63,2.02,4.44
2023-12-08,0.0,19.53,31.22,99.54,1.26,1.35
2023-12-09,0.0,19.88,27.41,99.59,1.45,0.04
2023-12-10,0.0,19.42,23.48,99.5,1.24,-2.75
2023-12-11,0.0,19.47,22.66,99.42,1.64,-2.97
2023-12-12,0.0,18.14,25.05,99.3,1.83,-2.64
2023-12-13,0.0,17.77,28.69,99.51,1.59,-1.5
2023-12-14,0.0,18.38,27.54,99.59,1.41,-1.54
2023-12-15,0.0,18.89,27.89,99.61,1.41,-0.66
2023-12-16,0.0,18.3,30.78,99.62,1.65,0.34
2023-12-17,0.0,17.05,33.49,99.72,1.39,-0.22
2023-12-18,0.0,16.61,37.54,100.0,2.16,1.11
2023-12-19,0.0,17.1,32.4,100.02,1.48,-0.6
2023-12-20,0.0,17.5,26.35,99.92,1.28,-2.85
2023-12-21,0.0,18.02,23.63,99.74,1.68,-3.8
2023-12-22,0.0,19.06,25.94,99.61,2.17,-1.43
2023-12-23,0.0,18.15,22.59,99.72,2.64,-4.18
2023-12-24,0.0,16.79,32.25,99.93,2.78,-0.63
2023-12-25,0.0,17.51,36.68,99.86,2.02,1.68
2023-12-26,0.0,18.4,35.87,99.77,1.5,2.14
2023-12-27,0.0,18.3,36.08,99.9,2.53,2.21
2023-12-28,0.0,17.4,37.87,99.75,2.19,1.8
2023-12-29,0.0,18.67,33.25,99.65,2.21,1.37
2023-12-30,0.0,17.03,34.74,99.67,2.96,0.74
2023-12-31,0.0,15.86,35.77,99.74,2.82,-0.15
2024-01-01,0.0,15.45,34.92,99.77,2.58,-0.52
2024-01-02,0.0,15.03,36.51,99.68,2.46,-0.68
2024-01-03,0.0,14.53,32.8,99.66,2.51,-2.3
2024-01-04,0.0,13.47,38.57,99.78,2.71,-0.91
2024-01-05,0.02,13.67,39.93,99.77,2.17,-0.33
2024-01-06,0.05,14.76,39.78,99.85,2.11,0.61
2024-01-07,0.0,14.33,45.28,99.88,2.61,1.81
2024-01-08,0.0,13.72,55.84,99.87,2.49,4.02
2024-01-09,0.0,13.66,53.3,100.01,2.79,3.65
2024-01-10,0.46,13.19,48.58,99.92,2.26,1.6
2024-01-11,0.0,15.1,35.59,99.83,1.39,-1.03
2024-01-12,0.0,15.89,29.29,99.68,1.59,-3.21
2024-01-13,0.0,17.96,23.6,99.59,1.15,-3.58
2024-01-14,0.0,16.56,26.98,99.71,1.62,-3.03
2024-01-15,0.0,16.83,26.19,99.62,1.06,-3.55
2024-01-16,0.0,17.29,26.38,99.32,1.2,-2.48
2024-01-17,0.0,16.53,30.11,99.32,2.38,-1.68
2024-01-18,0.0,16.05,31.18,99.6,2.13,-1.54
2024-01-19,0.0,16.21,32.29,99.66,2.02,-1.31
2024-01-20,0.0,16.86,31.68,99.71,1.72,-0.96
2024-01-21,0.0,17.79,30.0,99.77,1.64,-0.74
2024-01-22,0.0,18.85,33.59,99.67,2.09,2.27
2024-01-23,0.0,17.2,37.31,99.72,1.9,1.3
2024-01-24,0.0,14.81,30.5,99.79,1.49,-3.59
2024-01-25,0.0,15.98,27.87,99.82,1.89,-3.66
2024-01-26,0.0,16.58,27.83,99.95,1.77,-2.95
2024-01-27,0.0,17.66,28.48,99.93,1.58,-1.23
2024-01-28,0.0,19.21,30.83,99.65,1.6,1.51
2024-01-29,0.0,20.26,37.26,99.67,1.23,4.7
2024-01-30,0.15,20.22,44.57,99.57,1.42,7.58
2024-01-31,0.07,21.66,43.06,99.34,1.48,8.09
2024-02-01,0.08,19.51,21.19,99.43,1.99,-4.46
2024-02-02,0.0,19.67,19.11,99.68,1.91,-5.35
2024-02-03,1.61,19.83,34.21,99.55,2.3,3.2
2024-02-04,0.86,18.59,64.84,99.58,2.55,11.31
2024-02-05,0.0,17.12,50.32,99.71,1.73,5.52
2024-02-06,0.65,18.37,34.73,99.75,2.35,1.94
2024-02-07,0.47,19.07,34.23,99.97,2.42,2.58
2024-02-08,0.01,17.21,35.0,100.1,1.36,0.74
2024-02-09,0.0,18.4,23.97,99.81,1.6,-3.54
2024-02-10,0.0,17.91,20.11,99.97,2.22,-6.09
2024-02-11,0.0,17.47,20.81,100.03,1.9,-6.01
2024-02-12,0.0,17.09,20.44,99.9,2.04,-6.3
2024-02-13,0.0,17.67,20.36,99.87,2.3,-5.61
2024-02-14,0.0,18.51,21.57,99.91,1.93,-4.25
2024-02-15,0.0,19.09,19.02,99.88,1.7,-5.61
2024-02-16,0.0,19.89,19.35,99.86,2.05,-5.09
2024-02-17,0.0,20.96,18.24,99.46,1.81,-5.16
2024-02-18,0.0,21.98,25.2,98.94,4.12,0.22
2024-02-19,16.62,22.21,61.22,98.73,5.7,13.13
2024-02-20,2.28,18.35,39.37,99.1,1.91,2.83
2024-02-21,0.0,19.41,30.4,99.07,1.89,0.59
2024-02-22,0.0,18.1,27.74,99.32,2.15,-2.17
2024-02-23,0.0,18.69,24.48,99.51,1.68,-3.31
2024-02-24,0.0,17.62,19.44,99.47,2.19,-6.8
2024-02-25,0.0,17.76,27.04,99.57,2.51,-2.43
2024-02-26,0.06,18.84,39.84,99.56,3.49,3.79
2024-02-27,0.8,17.67,53.41,99.75,4.2,7.3
2024-02-28,0.0,19.86,47.83,99.63,2.08,7.46
2024-02-29,0.05,23.22,38.4,99.27,2.03,7.37
2024-03-01,0.54,21.91,43.12,99.02,3.11,8.05
2024-03-02,0.07,16.61,40.57,98.96,4.88,0.08
2024-03-03,0.0,12.96,25.46,99.31,2.74,-7.67
2024-03-04,0.0,14.78,23.45,99.64,1.59,-7.38
2024-03-05,0.0,15.75,20.91,99.77,2.58,-7.16
2024-03-06,0.0,18.6,23.5,99.51,2.0,-3.13
2024-03-07,0.0,20.0,30.11,99.41,1.97,1.14
2024-03-08,0.0,19.85,29.48,99.63,2.52,0.09
2024-03-09,0.0,21.45,23.35,99.59,2.02,-1.37
2024-03-10,0.12,23.29,21.42,99.49,1.85,-0.96
2024-03-11,0.0,24.29,30.89,99.52,1.61,5.4
2024-03-12,0.14,24.92,32.2,99.46,1.44,5.88
2024-03-13,0.26,23.34,36.87,99.2,2.81,7.17
2024-03-14,0.0,22.38,25.55,99.4,1.44,0.14
2024-03-15,0.0,23.45,27.33,99.44,2.16,2.57
2024-03-16,0.0,24.74,22.41,99.43,1.62,0.77
2024-03-17,0.0,25.03,18.96,99.43,2.01,-0.88
2024-03-18,0.0,26.48,16.1,99.32,1.62,-1.85
2024-03-19,0.0,27.95,18.71,99.18,2.41,1.24
2024-03-20,0.0,28.11,19.08,99.28,2.19,1.34
2024-03-21,0.0,30.26,17.88,98.97,2.63,2.59
2024-03-22,0.0,28.6,24.68,98.78,1.69,5.46
2024-03-23,0.0,29.82,25.6,98.77,1.72,7.11
2024-03-24,0.0,30.52,30.18,98.88,1.82,9.65
2024-03-25,0.0,30.5,26.41,99.14,2.31,8.23
2024-03-26,0.0,31.56,26.74,98.99,2.75,9.79
2024-03-27,0.0,31.82,31.76,99.07,3.5,11.98
2024-03-28,0.0,30.6,33.01,99.03,2.53,11.28
2024-03-29,0.0,29.2,33.11,98.89,3.61,9.49
2024-03-30,0.15,27.18,31.85,98.98,4.61,7.65
2024-03-31,0.0,27.1,26.13,99.2,2.35,5.54
2024-04-01,0.0,27.48,20.62,99.01,2.21,1.72
2024-04-02,0.0,30.34,14.5,98.68,1.68,-0.37
2024-04-03,0.0,29.09,23.58,98.72,1.93,5.33
2024-04-04,0.0,29.12,27.2,98.83,1.7,7.25
2024-04-05,0.0,29.95,23.11,98.84,1.45,6.16
2024-04-06,0.0,30.71,25.93,98.79,0.92,6.89
2024-04-07,0.21,31.94,14.68,98.77,1.41,1.04
2024-04-08,0.0,32.1,13.75,98.8,1.78,0.0
2024-04-09,0.0,32.79,17.22,98.76,2.12,3.66
2024-04-10,0.0,32.84,14.77,98.75,1.65,1.66
2024-04-11,0.0,32.87,17.45,98.82,1.34,3.17
2024-04-12,0.0,32.09,24.91,98.74,2.61,8.96
2024-04-13,2.07,31.5,32.4,98.7,2.97,12.44
2024-04-14,1.18,26.26,51.12,99.12,3.52,15.21
2024-04-15,0.0,27.36,49.13,99.21,2.14,15.55
2024-04-16,0.02,28.97,38.09,99.2,1.72,12.58
2024-04-17,0.16,30.91,26.96,98.96,1.54,8.84
2024-04-18,0.1,30.83,31.18,98.67,4.72,11.52
2024-04-19,0.06,28.91,40.3,98.38,5.33,12.29
2024-04-20,0.38,29.46,39.06,98.54,2.28,13.01
2024-04-21,0.0,30.91,28.71,98.59,1.55,9.76
2024-04-22,0.0,31.53,22.32,98.64,1.93,6.88
2024-04-23,0.0,31.89,16.61,98.56,1.99,2.09
2024-04-24,0.0,33.16,15.36,98.49,1.3,2.47
2024-04-25,0.0,32.0,27.65,98.52,2.36,10.21
2024-04-26,0.02,31.94,28.14,98.43,4.3,10.19
2024-04-27,1.06,31.71,29.81,98.59,3.15,11.09
2024-04-28,0.0,32.49,26.28,98.62,2.1,10.05
2024-04-29,0.0,29.71,14.22,98.75,4.26,-2.85
2024-04-30,0.0,27.5,11.35,98.74,3.76,-6.5
2024-05-01,0.0,27.68,20.02,98.53,2.31,1.18
2024-05-02,0.0,31.21,14.05,98.55,1.28,-0.51
2024-05-03,0.0,32.55,14.17,98.5,2.84,1.08
2024-05-04,0.0,32.88,31.2,98.54,3.4,12.11
2024-05-05,0.0,33.46,26.88,98.42,1.6,10.68
2024-05-06,0.0,35.37,22.54,98.39,2.23,9.9
2024-05-07,0.0,36.47,21.53,98.47,2.58,9.71
2024-05-08,0.0,36.88,22.11,98.43,3.82,10.08
2024-05-09,0.0,37.03,22.89,98.36,4.37,11.1
2024-05-10,0.0,36.46,26.58,98.5,5.79,13.14
2024-05-11,0.01,34.44,34.78,98.77,3.73,15.51
2024-05-12,0.0,34.93,30.16,98.75,3.78,13.52
2024-05-13,0.04,35.18,28.9,98.77,3.03,12.89
2024-05-14,0.01,35.75,28.92,98.84,3.18,14.29
2024-05-15,0.34,36.83,25.67,98.79,3.49,12.78
2024-05-16,0.0,37.73,20.96,98.76,3.22,10.15
2024-05-17,0.0,38.1,17.61,98.53,3.4,8.29
2024-05-18,0.0,37.95,16.67,98.29,5.31,7.22
2024-05-19,0.0,37.68,18.13,98.16,4.83,8.07
2024-05-20,0.0,36.5,20.15,98.19,4.79,8.74
2024-05-21,0.0,38.04,28.85,98.15,2.85,14.22
2024-05-22,0.0,40.1,14.26,98.04,1.34,6.76
2024-05-23,0.0,39.48,13.41,97.92,1.43,5.59
2024-05-24,0.0,40.22,14.78,97.87,1.19,7.52
2024-05-25,0.0,39.8,19.12,97.93,1.42,10.66
2024-05-26,0.0,40.57,20.03,97.86,4.22,11.05
2024-05-27,0.0,39.91,14.55,97.66,4.64,5.12
2024-05-28,0.0,39.64,10.69,97.46,4.82,1.32
2024-05-29,0.0,37.01,12.65,97.53,3.53,1.88
2024-05-30,0.0,37.27,27.81,97.85,5.3,11.35
2024-05-31,0.0,36.84,38.4,98.05,6.46,18.11
2024-06-01,0.0,36.19,36.05,98.11,4.89,16.86
2024-06-02,0.0,36.28,34.89,98.28,4.87,16.61
2024-06-03,0.0,36.78,29.76,98.27,4.95,15.05
2024-06-04,0.0,36.06,36.25,98.24,6.45,17.41
2024-06-05,0.0,35.76,43.64,98.21,7.16,20.4
2024-06-06,0.07,35.33,45.7,98.38,4.9,21.1
2024-06-07,0.73,36.24,40.79,98.31,3.95,19.88
2024-06-08,17.83,32.82,53.85,98.27,2.29,21.98
2024-06-09,0.07,33.6,46.02,98.25,2.54,19.28
2024-06-10,0.0,35.04,38.41,98.24,2.04,17.92
2024-06-11,0.0,35.98,35.07,98.15,3.0,16.96
2024-06-12,0.0,35.64,37.78,98.18,5.27,17.61
2024-06-13,0.0,35.4,40.42,98.11,5.62,18.73
2024-06-14,0.0,35.37,43.55,98.03,5.77,20.02
2024-06-15,0.0,35.72,42.72,98.06,4.49,20.22
2024-06-16,0.0,36.91,39.95,98.09,4.7,20.32
2024-06-17,0.0,37.28,37.76,98.12,5.48,19.79
2024-06-18,0.0,36.72,37.04,97.91,6.49,18.6
2024-06-19,0.0,37.01,41.04,97.56,6.9,19.97
2024-06-20,0.83,36.64,41.45,97.53,6.06,20.22
2024-06-21,1.43,36.01,43.56,97.8,3.53,20.8
2024-06-22,0.0,37.47,34.68,97.83,0.92,18.68
2024-06-23,0.0,39.11,26.19,97.84,1.5,15.5
2024-06-24,0.08,39.77,20.98,97.68,1.86,12.91
2024-06-25,0.0,40.28,21.07,97.5,2.16,12.96
2024-06-26,0.3,39.84,28.36,97.53,2.55,17.3
2024-06-27,15.33,35.63,53.84,97.79,3.9,23.86
2024-06-28,4.36,32.3,70.67,97.85,2.32,26.05
2024-06-29,0.03,33.05,63.33,97.8,3.25,24.79
2024-06-30,0.32,35.19,53.04,97.72,4.77,23.68
2024-07-01,0.11,35.43,55.24,97.47,5.11,24.4
2024-07-02,0.0,36.38,47.1,97.35,4.93,22.61
2024-07-03,0.0,36.77,45.52,97.49,5.32,22.17
2024-07-04,0.05,36.06,48.0,97.74,5.29,22.89
2024-07-05,0.09,34.57,50.76,97.62,5.62,22.6
2024-07-06,0.66,35.48,46.58,97.35,6.94,21.45
2024-07-07,0.6,35.37,50.26,97.55,3.35,22.86
2024-07-08,1.47,34.04,55.9,97.93,2.17,23.88
2024-07-09,0.73,36.93,45.88,98.0,1.65,22.96
2024-07-10,0.24,37.7,42.68,98.07,3.67,22.27
2024-07-11,0.27,37.29,44.63,97.88,5.9,22.68
2024-07-12,0.02,35.75,49.76,97.53,7.66,22.92
2024-07-13,0.21,35.57,49.56,97.6,3.99,22.6
2024-07-14,0.34,36.5,45.79,97.62,3.46,22.21
2024-07-15,1.06,38.01,39.34,97.78,2.09,21.28
2024-07-16,0.02,38.8,37.59,97.79,3.47,21.02
2024-07-17,1.22,36.44,46.47,97.82,3.26,22.85
2024-07-18,16.14,34.49,61.51,97.77,3.09,25.6
2024-07-19,6.79,33.0,68.88,97.67,2.39,26.17
2024-07-20,0.34,35.71,53.2,97.72,2.18,24.15
2024-07-21,1.52,36.29,49.86,97.74,1.78,23.86
2024-07-22,6.15,35.51,55.1,97.73,3.5,24.92
2024-07-23,8.37,32.66,66.09,97.73,3.63,25.42
2024-07-24,0.21,33.57,59.14,97.45,4.36,24.03
2024-07-25,0.0,34.55,52.98,97.38,4.26,22.84
2024-07-26,0.0,35.67,52.48,97.49,3.95,23.58
2024-07-27,0.02,35.42,50.66,97.65,5.55,23.02
2024-07-28,0.53,35.48,49.55,97.65,3.3,22.63
2024-07-29,21.04,34.62,58.71,97.57,2.05,25.16
2024-07-30,8.87,34.11,64.17,97.72,2.22,26.07
2024-07-31,0.35,32.98,64.22,97.91,4.8,24.98
2024-08-01,0.65,31.65,67.21,97.74,5.91,24.64
2024-08-02,37.4,30.06,82.4,97.7,3.48,26.7
2024-08-03,35.92,29.53,84.39,97.75,2.71,26.5
2024-08-04,6.76,30.16,81.18,97.84,2.7,26.39
2024-08-05,69.45,30.25,78.99,98.07,1.77,26.02
2024-08-06,3.74,29.1,80.77,97.94,5.15,25.33
2024-08-07,0.03,30.28,70.48,97.96,5.41,24.06
2024-08-08,0.0,31.17,67.61,98.12,4.19,24.15
2024-08-09,0.02,32.14,65.95,98.21,4.34,24.62
2024-08-10,0.08,31.87,68.33,98.13,4.78,25.01
2024-08-11,0.0,32.26,65.64,97.89,5.17,24.59
2024-08-12,0.34,32.23,66.29,98.08,3.52,24.71
2024-08-13,0.45,32.47,66.87,98.24,2.96,25.19
2024-08-14,1.37,30.59,73.33,98.31,2.96,25.23
2024-08-15,3.91,32.11,66.89,98.15,3.82,24.96
2024-08-16,31.99,27.57,86.67,98.02,4.45,25.14
2024-08-17,22.23,28.5,83.89,98.14,4.92,25.4
2024-08-18,10.98,28.96,81.25,98.36,5.28,25.27
2024-08-19,2.35,29.78,73.16,98.36,4.21,24.12
2024-08-20,0.02,30.95,68.91,98.27,4.32,24.27
2024-08-21,0.05,31.51,65.74,98.35,3.85,23.89
2024-08-22,0.01,31.39,68.6,98.32,3.14,24.63
2024-08-23,8.45,31.45,69.65,98.3,2.66,25.0
2024-08-24,4.34,31.3,70.52,98.28,1.81,25.01
2024-08-25,0.89,31.69,68.13,98.1,2.04,24.7
2024-08-26,3.92,30.75,68.93,97.89,2.99,24.27
2024-08-27,16.03,28.09,82.68,97.83,6.61,24.83
2024-08-28,5.0,28.64,80.19,97.9,5.43,24.78
2024-08-29,1.02,29.75,73.95,97.91,4.18,24.36
2024-08-30,2.36,29.48,71.5,98.3,4.72,23.36
2024-08-31,2.18,30.03,67.34,98.59,1.17,22.8
2024-09-01,0.0,30.53,65.68,98.52,2.37,23.0
2024-09-02,2.12,31.2,66.25,98.42,1.84,23.8
2024-09-03,15.13,28.46,82.2,98.46,1.51,25.11
2024-09-04,10.79,28.1,81.29,98.37,0.9,24.43
2024-09-05,0.12,30.19,71.77,98.11,1.45,24.01
2024-09-06,0.04,30.94,68.25,98.24,3.08,23.8
2024-09-07,0.04,30.92,67.53,98.39,2.62,23.64
2024-09-08,0.26,31.36,65.47,98.41,2.84,23.51
2024-09-09,0.04,31.27,66.2,98.2,3.03,23.66
2024-09-10,0.0,31.45,63.16,98.11,2.88,22.9
2024-09-11,0.0,31.63,62.03,98.13,2.74,22.56
2024-09-12,0.03,31.95,61.17,98.1,4.41,22.74
2024-09-13,0.01,29.17,67.47,98.15,5.89,21.96
2024-09-14,0.0,28.38,68.54,98.18,4.93,21.45
2024-09-15,0.0,28.84,68.08,98.38,3.8,21.81
2024-09-16,0.0,29.26,65.82,98.54,3.53,21.58
2024-09-17,0.0,29.28,63.61,98.65,3.23,20.94
2024-09-18,0.0,30.38,59.35,98.51,2.1,20.79
2024-09-19,0.05,31.07,56.09,98.48,2.62,20.45
2024-09-20,0.0,31.93,53.86,98.47,1.29,20.56
2024-09-21,0.0,32.76,54.96,98.49,1.7,21.74
2024-09-22,0.0,32.46,57.95,98.49,2.81,22.57
2024-09-23,0.0,32.8,58.45,98.5,2.68,22.98
2024-09-24,0.0,33.47,53.91,98.36,2.1,21.99
2024-09-25,0.0,33.51,54.13,98.26,1.72,21.95
2024-09-26,0.0,34.14,47.94,98.18,1.81,20.47
2024-09-27,0.0,34.59,48.35,98.09,1.82,21.04
2024-09-28,0.0,33.5,57.88,98.36,2.81,23.29
2024-09-29,0.0,32.57,55.54,98.74,2.17,21.75
2024-09-30,0.01,31.84,57.0,98.83,2.18,21.7
2024-10-01,0.0,30.99,52.0,98.62,3.49,18.92
2024-10-02,0.0,31.38,54.79,98.56,3.95,20.07
2024-10-03,0.0,30.9,57.57,98.43,4.63,20.06
2024-10-04,0.0,30.09,62.06,98.46,4.38,21.28
2024-10-05,0.0,29.55,61.96,98.68,3.62,20.69
2024-10-06,0.0,30.34,54.76,99.02,2.04,18.94
2024-10-07,0.05,30.69,46.23,99.2,0.97,16.87
2024-10-08,0.96,31.66,41.86,99.17,0.85,16.46
2024-10-09,0.11,31.2,43.85,98.99,0.97,16.81
2024-10-10,0.0,30.64,39.18,98.89,1.12,14.1
2024-10-11,0.0,29.98,37.95,98.9,1.24,12.44
2024-10-12,0.0,30.2,37.89,98.93,1.03,12.82
2024-10-13,0.0,29.78,46.66,98.96,1.41,15.62
2024-10-14,0.0,30.08,50.81,99.08,1.24,17.22
2024-10-15,0.0,31.74,31.42,99.06,0.73,11.99
2024-10-16,0.0,30.97,30.42,98.89,1.35,10.96
2024-10-17,0.0,30.97,36.17,98.84,1.46,13.3
2024-10-18,0.0,31.01,42.69,98.89,1.01,15.39
2024-10-19,0.0,31.64,34.41,98.99,0.91,13.32
2024-10-20,0.0,30.86,38.14,99.03,1.27,14.13
2024-10-21,0.1,30.07,46.85,99.09,1.89,16.53
2024-10-22,0.01,29.2,49.84,99.19,1.44,16.47
2024-10-23,0.0,29.59,37.23,99.24,1.24,12.51
2024-10-24,0.0,29.44,34.08,99.21,1.53,11.2
2024-10-25,0.0,30.64,31.56,99.09,1.4,11.14
2024-10-26,0.0,30.51,32.51,99.03,1.93,11.31
2024-10-27,0.0,30.32,32.59,98.84,2.15,10.94
2024-10-28,0.0,30.05,28.94,98.65,1.85,8.9
2024-10-29,0.0,29.5,28.91,98.74,1.94,8.37
2024-10-30,0.0,28.76,30.19,98.93,2.02,8.65
2024-10-31,0.0,29.33,31.42,99.18,0.95,9.88
2024-11-01,0.0,29.1,32.49,99.23,1.87,10.33
2024-11-02,0.0,28.03,39.59,99.19,2.21,12.08
2024-11-03,0.0,28.29,43.74,99.27,2.25,13.75
2024-11-04,0.0,28.2,38.43,99.22,1.7,11.82
2024-11-05,0.0,28.66,41.36,99.3,2.18,13.54
2024-11-06,0.0,28.95,39.85,99.42,1.53,13.12
2024-11-07,0.0,27.97,38.24,99.32,2.13,11.36
2024-11-08,0.0,27.62,44.69,99.28,2.25,13.33
2024-11-09,0.0,27.18,41.33,99.31,1.96,11.96
2024-11-10,0.0,26.8,37.99,99.38,1.87,10.45
2024-11-11,0.0,26.86,34.68,99.32,1.97,9.25
2024-11-12,0.0,26.49,31.93,99.29,1.44,7.48
2024-11-13,0.0,26.47,31.29,99.21,1.24,7.9
2024-11-14,0.0,27.0,32.97,99.28,1.26,8.89
2024-11-15,0.0,25.77,36.02,99.38,1.09,9.2
2024-11-16,0.0,24.95,35.65,99.28,1.67,8.32
2024-11-17,0.0,22.81,33.29,99.38,1.82,4.68
2024-11-18,0.0,22.46,33.95,99.5,1.83,4.71
2024-11-19,0.0,22.76,27.58,99.58,1.32,2.31
2024-11-20,0.0,22.83,26.22,99.51,1.32,1.78
2024-11-21,0.0,23.22,25.94,99.43,1.53,1.89
2024-11-22,0.0,22.74,28.58,99.37,1.96,3.02
2024-11-23,0.0,23.06,28.15,99.38,1.75,2.98
2024-11-24,0.0,22.93,30.03,99.48,1.53,3.97
2024-11-25,0.0,22.17,35.04,99.55,1.53,5.3
2024-11-26,0.0,23.8,33.57,99.46,1.73,6.4
2024-11-27,0.0,23.53,32.94,99.37,1.32,5.37
2024-11-28,0.0,22.64,28.52,99.43,1.6,2.61
2024-11-29,0.0,22.26,29.1,99.51,1.66,2.6
2024-11-30,0.04,21.43,32.43,99.48,1.97,3.73
2024-12-01,0.0,21.85,34.88,99.28,1.45,5.13
2024-12-02,0.01,22.29,39.07,99.25,1.43,7.04
2024-12-03,0.01,21.88,47.16,99.49,2.7,9.43
2024-12-04,0.0,20.89,48.5,99.61,2.52,8.83
2024-12-05,0.0,20.76,42.99,99.48,1.65,7.41
2024-12-06,0.0,18.64,26.5,99.34,2.01,-2.51
2024-12-07,0.0,17.02,20.79,99.19,1.67,-6.35
2024-12-08,0.0,14.82,22.18,99.26,3.65,-7.37
2024-12-09,0.0,14.58,27.92,99.65,1.67,-4.73
2024-12-10,0.0,15.15,29.03,99.73,1.75,-3.77
2024-12-11,0.0,15.55,25.32,99.67,1.48,-4.99
2024-12-12,0.0,13.62,31.06,99.67,2.33,-4.08
2024-12-13,0.0,14.5,27.8,99.91,2.7,-4.97
2024-12-14,0.0,15.21,21.75,99.84,1.49,-7.34
2024-12-15,0.0,15.9,20.61,99.8,1.55,-7.31
2024-12-16,0.0,15.47,21.08,99.64,1.99,-7.43
2024-12-17,0.0,15.56,21.97,99.56,2.06,-6.29
2024-12-18,0.0,14.4,24.92,99.53,2.44,-6.05
2024-12-19,0.0,14.04,33.34,99.42,2.35,-2.62
2024-12-20,0.0,12.75,32.51,99.57,3.11,-4.02
2024-12-21,0.0,13.13,34.72,99.51,2.76,-2.38
2024-12-22,0.0,14.82,41.68,99.29,2.06,1.37
2024-12-23,0.0,13.49,39.17,99.41,2.78,-0.9
2024-12-24,0.0,13.46,65.68,99.75,3.43,6.41
2024-12-25,0.0,13.81,55.87,99.89,2.8,4.25
2024-12-26,0.0,14.33,50.47,99.94,2.59,3.7
2024-12-27,0.0,14.47,39.63,99.91,3.0,0.24
2024-12-28,0.0,14.71,30.22,99.94,1.19,-3.74
2024-12-29,0.0,13.89,39.52,100.05,2.62,-0.54
2024-12-30,0.0,14.08,38.32,99.95,1.58,-0.86
2024-12-31,0.0,15.4,31.81,99.9,2.15,-2.51
2025-01-01,0.0,16.41,27.35,99.78,2.28,-3.41
2025-01-02,0.0,18.03,24.48,99.67,1.35,-3.1
2025-01-03,0.0,19.6,26.78,99.56,1.37,-0.52
2025-01-04,0.0,18.18,36.04,99.38,2.02,2.32
2025-01-05,0.0,15.14,32.45,99.49,2.08,-1.67
2025-01-06,0.0,14.74,26.0,99.76,1.57,-5.85
2025-01-07,0.0,15.2,22.9,99.89,1.43,-6.68
2025-01-08,0.0,16.91,16.51,99.63,1.67,-9.33
2025-01-09,0.0,18.55,13.86,99.52,1.41,-9.72
2025-01-10,0.01,16.53,28.0,99.51,2.35,-3.11
2025-01-11,1.25,16.12,28.67,99.56,2.17,-2.56
2025-01-12,0.01,14.38,46.92,99.91,2.67,2.16
2025-01-13,0.0,13.63,55.93,99.97,2.25,4.54
2025-01-14,0.0,14.75,51.09,99.82,1.58,4.06
2025-01-15,0.0,15.26,47.19,99.84,2.48,3.23
2025-01-16,0.0,15.47,34.78,99.95,1.88,-1.06
2025-01-17,0.0,14.61,34.98,99.93,3.14,-1.68
2025-01-18,0.0,15.72,30.23,99.6,1.82,-2.47
2025-01-19,0.0,16.34,28.67,99.59,1.9,-2.68
2025-01-20,0.0,17.19,32.77,99.6,2.26,-0.11
2025-01-21,0.0,16.63,35.48,99.49,2.13,0.71
2025-01-22,0.0,17.0,40.25,99.39,1.86,2.7
2025-01-23,0.0,16.64,36.84,99.63,2.0,0.97
2025-01-24,0.0,16.0,33.2,99.72,2.17,-1.47
2025-01-25,0.0,17.44,16.2,99.65,1.32,-9.15
2025-01-26,0.0,18.9,12.0,99.51,0.82,-11.13
2025-01-27,0.0,19.86,10.52,99.33,1.04,-11.65
2025-01-28,0.0,20.64,11.4,99.16,1.3,-10.26
2025-01-29,0.0,19.76,20.25,99.15,2.69,-4.06
2025-01-30,0.0,17.17,27.54,99.16,2.52,-2.45
2025-01-31,0.0,17.05,27.16,99.07,1.37,-2.73
2025-02-01,0.0,16.84,31.58,99.3,2.13,-0.85
2025-02-02,0.0,16.74,26.4,99.54,2.97,-3.56
2025-02-03,0.0,16.88,25.1,99.4,1.8,-3.98
2025-02-04,0.0,18.02,24.81,99.47,1.46,-2.81
2025-02-05,0.0,16.63,21.22,99.59,1.64,-6.9
2025-02-06,0.0,17.13,12.59,99.74,1.7,-12.05
2025-02-07,0.0,17.41,14.06,99.76,1.97,-10.62
2025-02-08,0.0,20.17,12.58,99.54,1.08,-9.53
2025-02-09,0.0,20.11,14.35,99.34,1.42,-8.29
2025-02-10,0.0,22.35,16.91,99.29,1.96,-4.63
2025-02-11,0.0,22.41,28.01,99.32,1.63,2.47
2025-02-12,0.0,20.13,19.59,99.57,1.79,-5.74
2025-02-13,0.0,21.63,18.55,99.56,2.05,-4.08
2025-02-14,0.0,24.17,19.87,99.29,1.75,-0.7
2025-02-15,0.0,23.84,29.64,99.03,2.7,4.67
2025-02-16,0.0,24.14,26.27,99.07,2.37,2.92
2025-02-17,0.0,23.79,26.63,99.34,1.95,2.87
2025-02-18,0.0,23.73,26.6,99.39,1.8,2.87
2025-02-19,0.29,23.64,31.16,99.1,2.29,4.99
2025-02-20,0.14,20.73,39.79,99.25,2.28,4.4
2025-02-21,0.0,21.33,22.73,99.59,2.69,-2.25
2025-02-22,0.0,21.25,33.68,99.67,2.35,3.59
2025-02-23,0.01,22.88,31.17,99.6,1.68,4.07
2025-02-24,0.0,24.56,31.12,99.62,2.22,5.56
2025-02-25,0.0,26.39,32.0,99.58,2.83,8.0
2025-02-26,0.0,26.96,27.04,99.56,2.53,5.68
2025-02-27,0.33,24.17,39.86,99.28,1.58,8.98
2025-02-28,0.14,23.93,47.09,99.05,2.69,10.43
2025-03-01,0.0,24.0,40.51,99.12,2.35,8.84
2025-03-02,0.0,24.13,34.35,99.18,2.2,6.67
2025-03-03,0.0,23.76,32.49,99.06,4.81,5.23
2025-03-04,0.0,18.79,13.45,99.65,3.61,-11.29
2025-03-05,0.0,19.76,10.94,99.74,1.77,-12.28
2025-03-06,0.0,23.61,13.14,99.35,3.36,-6.48
2025-03-07,0.0,25.16,24.67,99.1,3.2,2.55
2025-03-08,0.0,25.99,26.91,98.84,2.17,3.6
2025-03-09,0.0,27.82,16.94,99.0,1.8,-0.55
2025-03-10,0.0,31.45,15.34,99.25,1.6,1.51
2025-03-11,0.0,29.97,19.65,99.27,1.83,3.81
2025-03-12,0.0,27.88,23.67,99.04,1.76,4.93
2025-03-13,0.0,28.44,25.15,98.75,1.93,6.05
2025-03-14,0.09,28.26,24.27,98.69,2.48,5.26
2025-03-15,0.21,25.63,37.83,99.03,3.77,9.37
2025-03-16,0.0,25.79,28.77,99.25,2.21,5.31
2025-03-17,0.01,26.87,16.12,99.25,1.2,-1.97
2025-03-18,0.0,26.75,15.51,99.17,1.65,-2.58
2025-03-19,0.0,27.8,14.29,99.11,1.49,-2.52
2025-03-20,0.0,27.78,18.54,99.26,1.5,0.88
2025-03-21,0.0,28.67,19.46,99.38,1.71,2.29
2025-03-22,0.0,30.32,15.04,99.21,1.79,-0.13
2025-03-23,0.0,29.65,16.92,99.22,2.28,0.92
2025-03-24,0.0,29.44,17.61,99.15,2.65,0.81
2025-03-25,0.0,28.65,17.1,98.84,4.72,0.39
2025-03-26,0.0,28.21,29.27,98.54,5.47,5.75
2025-03-27,0.0,25.12,14.83,98.86,5.29,-6.52
2025-03-28,0.0,22.83,9.49,99.2,2.45,-11.67
2025-03-29,0.0,25.31,7.48,99.16,1.54,-11.52
2025-03-30,0.0,26.95,9.04,99.07,1.84,-8.49
2025-03-31,0.0,29.81,9.09,99.03,1.37,-6.44
2025-04-01,0.0,30.47,9.09,98.89,1.65,-6.1
2025-04-02,0.0,31.39,8.49,98.83,1.32,-6.07
2025-04-03,0.0,32.95,8.79,98.9,1.61,-4.43
2025-04-04,0.0,30.6,13.11,99.1,2.1,-1.46
2025-04-05,0.0,32.33,13.15,98.94,2.0,-0.42
2025-04-06,0.0,33.67,13.67,98.61,2.72,1.29
2025-04-07,0.0,34.48,17.73,98.6,2.32,4.72
2025-04-08,0.0,34.32,20.91,98.81,4.27,6.47
2025-04-09,0.0,33.72,16.58,98.8,4.32,3.32
2025-04-10,0.0,33.16,21.33,98.31,3.75,7.07
2025-04-11,0.01,33.01,22.67,98.11,3.33,5.07
2025-04-12,0.03,32.33,20.8,98.41,2.04,4.67
2025-04-13,0.0,32.87,27.9,98.64,1.86,9.83
2025-04-14,0.0,33.97,27.01,98.61,1.77,10.3
2025-04-15,0.0,36.65,18.58,98.52,1.19,7.33
2025-04-16,0.0,36.04,23.99,98.39,2.52,9.96
2025-04-17,0.0,35.74,28.53,98.27,2.37,11.7
2025-04-18,0.0,35.13,25.11,98.19,6.51,8.72
2025-04-19,0.0,32.52,27.42,98.11,5.43,5.72
2025-04-20,0.0,31.4,8.23,98.41,4.1,-7.0
2025-04-21,0.0,30.4,7.64,98.77,3.3,-8.52
2025-04-22,0.0,31.24,6.92,98.91,3.14,-8.94
2025-04-23,0.0,32.21,7.6,98.69,3.58,-7.19
2025-04-24,0.0,33.33,10.27,98.41,3.45,-2.7
2025-04-25,0.0,33.82,12.9,98.39,3.85,-1.53
2025-04-26,0.0,34.53,9.33,98.42,2.34,-3.53
2025-04-27,0.0,35.74,11.56,98.47,1.92,0.35
2025-04-28,0.0,37.37,14.16,98.28,1.41,3.88
2025-04-29,0.0,37.39,14.59,98.22,1.69,4.79
2025-04-30,0.0,36.71,22.09,98.27,3.15,9.67
2025-05-01,4.55,34.94,30.35,98.37,3.93,13.92
2025-05-02,3.89,34.21,35.8,98.46,2.55,16.05
2025-05-03,0.25,34.56,32.55,98.35,2.3,14.83
2025-05-04,2.84,33.55,34.63,98.22,3.53,15.09
2025-05-05,1.64,31.41,43.23,98.39,2.26,16.47
2025-05-06,0.63,31.59,42.15,98.44,2.35,16.52
2025-05-07,0.01,33.15,35.3,98.35,1.68,14.54
2025-05-08,1.68,34.82,32.47,98.33,2.03,15.13
2025-05-09,7.82,31.81,51.63,98.67,2.12,20.05
2025-05-10,0.0,33.14,43.11,98.64,1.56,17.99
2025-05-11,0.0,35.34,32.89,98.43,3.51,15.66
2025-05-12,0.0,34.92,34.77,98.31,5.39,15.97
2025-05-13,0.0,34.95,32.87,98.32,5.47,14.82
2025-05-14,0.0,35.83,30.21,98.38,5.07,14.05
2025-05-15,0.0,36.51,26.85,98.4,5.26,12.46
2025-05-16,0.0,36.49,26.94,98.3,6.07,12.88
2025-05-17,0.0,36.45,33.47,98.26,6.65,16.62
2025-05-18,0.61,35.94,37.65,98.24,6.79,18.58
2025-05-19,0.0,36.47,36.69,98.11,7.65,17.4
2025-05-20,0.0,35.87,35.21,98.12,5.3,16.16
2025-05-21,0.0,36.9,33.73,98.08,5.54,15.63
2025-05-22,0.0,36.86,32.14,97.99,5.93,15.11
2025-05-23,0.0,36.61,30.68,97.76,4.68,13.58
2025-05-24,0.0,37.81,26.02,97.71,3.65,13.15
2025-05-25,0.03,38.43,27.59,97.9,2.78,15.03
2025-05-26,0.0,38.07,32.13,98.0,4.02,17.19
2025-05-27,0.0,39.45,23.32,97.75,1.87,14.18
2025-05-28,0.02,39.28,25.55,97.67,2.64,15.31
2025-05-29,7.09,35.38,34.79,97.57,3.61,16.86
2025-05-30,0.24,33.95,29.4,97.42,3.64,12.08
2025-05-31,0.0,34.18,28.82,97.66,5.31,10.84
2025-06-01,0.0,33.42,45.98,97.85,4.83,18.23
2025-06-02,0.0,34.05,40.04,97.8,5.64,16.73
2025-06-03,0.01,33.93,40.63,97.92,6.24,16.91
2025-06-04,0.0,33.79,39.26,98.17,5.16,16.95
2025-06-05,0.0,34.83,38.99,98.47,5.6,17.69
2025-06-06,0.0,35.48,34.74,98.57,5.73,15.99
2025-06-07,0.0,35.35,38.84,98.44,6.47,16.9
2025-06-08,0.0,35.44,34.59,98.41,6.36,13.74
2025-06-09,0.0,35.43,33.45,98.35,5.75,14.5
2025-06-10,0.0,36.02,33.08,98.15,5.52,14.57
2025-06-11,0.0,35.9,35.43,98.09,4.06,15.87
2025-06-12,0.0,37.64,31.88,97.95,3.46,16.12
2025-06-13,0.0,38.83,26.86,97.82,3.27,14.42
2025-06-14,1.21,37.99,33.25,97.79,4.39,18.04
2025-06-15,1.65,35.9,37.5,97.76,2.96,18.92
2025-06-16,0.55,33.56,43.75,97.72,3.07,19.45
2025-06-17,0.3,35.53,43.45,97.71,3.16,20.51
2025-06-18,0.03,37.82,35.2,97.58,2.07,18.89
2025-06-19,0.01,37.85,39.72,97.44,4.87,20.92
2025-06-20,0.0,36.92,43.01,97.62,5.95,21.21
2025-06-21,0.24,35.09,48.69,97.83,6.36,22.4
2025-06-22,0.03,35.51,48.44,97.75,4.88,22.55
2025-06-23,0.0,35.4,47.21,97.66,4.98,21.98
2025-06-24,0.0,36.91,42.05,97.48,5.75,21.2
2025-06-25,0.48,34.7,47.68,97.68,5.23,21.41
2025-06-26,18.58,33.06,60.51,97.9,2.0,24.17
2025-06-27,66.56,31.0,80.92,97.81,2.45,27.29
2025-06-28,0.13,31.93,64.4,97.75,2.64,23.84
2025-06-29,0.03,33.34,58.99,97.6,4.7,23.86
2025-06-30,0.0,33.74,57.66,97.57,5.33,23.54
2025-07-01,0.01,34.2,56.24,97.7,5.92,23.63
2025-07-02,0.15,34.3,53.5,97.72,4.03,22.78
2025-07-03,5.34,33.66,58.46,97.77,3.0,24.09
2025-07-04,5.18,33.07,60.71,97.86,2.6,24.23
2025-07-05,0.0,33.14,59.48,97.8,4.55,23.92
2025-07-06,0.0,32.36,61.59,97.73,4.59,23.83
2025-07-07,0.15,30.66,67.53,97.83,4.23,23.78
2025-07-08,0.02,33.16,58.88,97.9,4.42,23.4
2025-07-09,0.08,32.93,57.28,97.9,5.4,22.99
2025-07-10,0.02,33.57,54.35,97.95,4.75,22.46
2025-07-11,2.2,33.61,55.22,98.06,4.02,23.06
2025-07-12,5.52,32.77,59.44,98.14,3.09,23.53
2025-07-13,1.77,34.08,54.4,98.03,2.92,23.13
2025-07-14,2.72,33.56,55.63,97.87,2.81,23.08
2025-07-15,2.53,33.24,56.01,97.82,2.43,22.87
2025-07-16,0.03,33.89,53.56,97.9,3.17,22.66
2025-07-17,0.01,33.65,50.71,98.04,4.27,21.44
2025-07-18,10.07,31.31,61.51,98.14,3.89,22.91
2025-07-19,13.42,29.49,72.15,97.78,3.07,23.87
2025-07-20,17.49,30.69,75.04,97.57,2.1,25.45
2025-07-21,0.25,32.34,65.23,97.8,3.7,24.67
2025-07-22,0.0,32.76,59.2,97.87,4.96,23.29
2025-07-23,0.0,32.75,60.82,97.57,6.56,23.69
2025-07-24,0.0,32.52,59.46,97.55,5.17,23.08
2025-07-25,0.0,33.55,57.47,97.57,4.13,23.49
2025-07-26,0.07,34.05,55.33,97.63,4.04,23.31
2025-07-27,7.3,32.42,59.9,97.67,4.08,23.44
2025-07-28,0.08,33.36,57.2,97.64,5.29,23.24
2025-07-29,0.0,33.6,55.11,97.59,5.98,22.54
2025-07-30,0.0,32.79,55.69,97.64,4.89,21.93
2025-07-31,0.0,31.69,59.95,97.89,4.52,22.67
2025-08-01,0.0,30.98,61.91,98.02,4.68,22.5
2025-08-02,0.0,31.51,57.3,98.03,5.64,21.5
2025-08-03,0.0,32.22,54.26,98.14,5.28,21.13
2025-08-04,0.0,32.7,54.32,98.22,6.02,21.7
2025-08-05,0.01,31.73,57.77,98.16,6.66,21.79
2025-08-06,0.0,31.54,58.29,98.24,5.63,21.73
2025-08-07,0.0,31.86,53.7,98.25,5.41,20.58
2025-08-08,0.0,31.61,54.34,98.26,5.72,20.5
2025-08-09,0.0,31.92,55.02,98.45,4.57,21.09
2025-08-10,0.0,32.41,51.79,98.33,4.9,20.54
2025-08-11,0.0,32.24,52.83,98.23,5.53,20.71
2025-08-12,0.0,32.29,53.92,98.09,5.65,21.08
2025-08-13,0.03,32.19,55.11,98.0,4.79,21.47
2025-08-14,0.01,32.02,55.67,98.21,4.07,21.66
2025-08-15,0.03,33.49,51.29,98.17,2.11,21.58
2025-08-16,0.66,34.72,48.7,97.95,1.43,22.0
2025-08-17,1.3,34.75,52.43,97.95,2.14,23.31
2025-08-18,1.81,33.85,56.2,98.12,2.42,23.62
2025-08-19,1.12,33.57,54.54,98.03,2.91,22.73
2025-08-20,1.15,33.0,54.09,97.99,3.34,22.39
2025-08-21,1.73,32.91,56.59,98.1,1.83,22.92
2025-08-22,0.88,32.11,63.42,98.01,4.57,23.85
2025-08-23,0.01,32.7,59.81,97.88,5.33,23.11
2025-08-24,1.71,32.26,58.84,97.99,3.85,22.56
2025-08-25,1.73,32.39,59.55,98.05,2.41,23.08
2025-08-26,3.18,32.08,61.88,98.15,3.73,23.67
2025-08-27,4.31,31.19,64.45,98.24,2.92,23.45
2025-08-28,0.01,32.6,57.49,98.13,2.76,22.68
2025-08-29,5.28,32.76,56.29,98.11,3.55,22.48
2025-08-30,17.0,31.86,65.6,98.25,3.31,24.32
2025-08-31,7.62,31.05,68.26,98.17,3.11,24.12
2025-09-01,0.47,31.28,63.14,97.92,2.53,23.03
2025-09-02,0.02,31.9,58.97,98.0,2.93,22.4
2025-09-03,0.07,32.8,54.97,98.2,2.5,21.98
2025-09-04,0.07,33.27,53.92,98.3,2.15,22.19
2025-09-05,0.26,32.88,54.1,98.3,3.22,21.77
2025-09-06,0.78,32.33,56.93,98.25,4.66,22.15
2025-09-07,5.37,28.86,70.81,98.01,4.45,22.93
2025-09-08,7.1,28.36,75.01,98.03,5.49,23.31
2025-09-09,9.74,26.98,73.4,98.63,5.7,21.51
2025-09-10,0.08,28.38,68.48,98.77,3.53,21.53
2025-09-11,0.0,29.31,65.09,98.63,4.83,21.48
2025-09-12,0.0,30.33,63.44,98.67,4.56,22.06
2025-09-13,0.0,30.37,61.14,98.7,4.01,21.38
2025-09-14,0.0,30.7,57.8,98.65,4.19,20.38
2025-09-15,0.0,30.59,62.38,98.42,4.38,21.84
2025-09-16,0.0,31.03,61.86,98.37,4.08,22.07
2025-09-17,0.0,31.99,57.93,98.47,3.28,21.83
2025-09-18,0.0,31.87,57.35,98.48,3.38,21.7
2025-09-19,0.0,31.77,53.96,98.59,3.15,20.5
2025-09-20,0.0,31.07,52.15,98.6,3.38,19.22
2025-09-21,0.0,30.28,52.9,98.58,3.5,18.36
2025-09-22,0.0,29.97,50.62,98.6,3.42,16.95
2025-09-23,0.0,30.23,55.43,98.53,3.86,18.76
2025-09-24,0.0,29.95,56.54,98.4,3.86,19.17
2025-09-25,0.0,30.63,53.58,98.46,3.56,18.98
2025-09-26,0.0,31.31,47.35,98.65,2.43,17.79
2025-09-27,0.0,32.94,36.92,98.72,1.23,14.86
2025-09-28,0.0,33.96,29.58,98.51,2.97,13.05
2025-09-29,0.24,34.09,46.07,98.27,3.34,20.29
2025-09-30,1.78,31.83,57.77,98.19,2.79,22.18
2025-10-01,0.15,31.15,55.47,98.25,2.55,20.33
2025-10-02,0.0,31.27,53.33,98.54,2.49,20.0
2025-10-03,0.14,31.22,53.5,98.86,2.06,20.28
2025-10-04,0.02,31.86,50.51,98.84,2.77,19.5
2025-10-05,0.26,31.11,55.6,98.62,4.82,20.5
2025-10-06,1.55,28.49,51.1,98.59,4.87,14.98
2025-10-07,0.01,26.28,55.78,98.95,2.18,15.87
2025-10-08,0.0,27.18,45.99,99.16,1.61,13.63
2025-10-09,0.0,27.71,37.08,99.26,1.32,10.54
2025-10-10,0.0,27.89,32.05,99.08,1.62,8.77
2025-10-11,0.0,27.79,40.2,99.13,1.58,11.45
2025-10-12,0.0,28.14,31.57,99.1,1.49,8.38
2025-10-13,0.0,27.8,29.83,99.15,1.5,7.52
2025-10-14,0.0,28.6,27.23,98.99,0.96,6.38
2025-10-15,0.0,28.79,23.85,98.94,1.15,5.04
2025-10-16,0.0,28.74,28.89,99.02,1.08,6.96
2025-10-17,0.0,29.56,22.63,99.14,1.16,5.42
2025-10-18,0.0,28.97,25.69,99.07,1.43,6.62
2025-10-19,0.0,28.01,25.89,98.97,2.08,5.8
2025-10-20,0.0,27.57,26.66,98.94,1.86,5.85
2025-10-21,0.0,27.64,29.62,99.13,2.03,7.34
2025-10-22,0.0,27.87,32.26,99.28,2.19,8.7
2025-10-23,0.0,28.27,26.88,99.16,1.45,6.18
2025-10-24,0.0,28.4,25.98,99.1,1.43,5.4
2025-10-25,0.0,28.14,22.7,99.02,1.57,3.7
2025-10-26,0.0,27.4,28.63,99.04,2.79,6.4
2025-10-27,0.0,27.0,34.43,99.09,3.57,9.21
2025-10-28,0.0,26.21,53.86,99.17,4.23,14.18
2025-10-29,0.0,25.99,51.7,99.12,3.61,13.93
2025-10-30,0.0,26.31,39.71,99.06,3.19,10.51
2025-10-31,0.0,26.22,41.75,99.09,1.35,9.56
2025-11-01,0.0,27.38,25.87,99.07,1.16,5.01
2025-11-02,0.0,28.05,22.17,99.09,1.33,3.7
2025-11-03,0.15,26.78,40.23,98.89,2.1,9.8
2025-11-04,0.15,24.86,18.86,98.79,3.03,-2.73
2025-11-05,0.0,23.49,16.24,99.03,1.98,-4.52
2025-11-06,0.0,23.19,21.68,99.24,1.92,-1.37
2025-11-07,0.0,23.33,20.89,99.37,1.83,-1.61
2025-11-08,0.0,24.26,16.03,99.44,1.61,-3.69
2025-11-09,0.0,24.21,15.91,99.34,1.03,-3.58
2025-11-10,0.0,23.57,15.82,99.26,1.35,-4.46
2025-11-11,0.0,23.55,19.37,99.38,1.34,-1.93
2025-11-12,0.0,23.64,16.09,99.51,1.31,-3.94
2025-11-13,0.0,23.28,14.39,99.65,1.03,-5.88
2025-11-14,0.0,23.02,16.06,99.6,1.08,-4.61
2025-11-15,0.0,22.99,17.59,99.68,1.08,-3.41
2025-11-16,0.0,22.99,18.58,99.87,1.18,-3.01
2025-11-17,0.0,22.76,18.89,99.76,1.19,-3.17
2025-11-18,0.0,22.8,17.54,99.61,1.19,-3.96
2025-11-19,0.0,23.77,15.16,99.51,0.86,-4.68
2025-11-20,0.0,23.23,17.37,99.59,1.0,-3.46
2025-11-21,0.0,21.53,20.13,99.69,1.44,-3.09
2025-11-22,0.0,19.84,25.58,99.62,1.97,-1.51
2025-11-23,0.0,19.59,24.29,99.57,1.77,-2.45
2025-11-24,0.0,19.4,26.59,99.62,1.95,-1.2
2025-11-25,0.0,19.73,40.98,99.65,2.19,4.85
2025-11-26,0.0,19.25,26.85,99.59,2.56,-0.99
2025-11-27,0.0,19.29,42.08,99.69,3.25,5.29
2025-11-28,0.0,18.43,30.65,99.73,3.34,0.46
2025-11-29,0.0,18.47,31.94,99.6,2.37,0.83
2025-11-30,0.0,18.7,26.33,99.5,1.47,-1.54
2025-12-01,0.0,18.44,15.96,99.41,1.6,-8.15
2025-12-02,0.0,18.03,13.67,99.47,1.26,-10.15
2025-12-03,0.0,17.37,19.12,99.74,2.06,-7.0
2025-12-04,0.0,17.93,20.22,99.84,1.63,-6.1
2025-12-05,0.0,19.19,19.54,99.91,1.4,-5.33
2025-12-06,0.0,17.89,18.69,99.94,1.66,-6.5
2025-12-07,0.0,19.61,16.54,99.85,1.39,-6.77
2025-12-08,0.0,21.0,18.82,99.88,1.08,-3.89
2025-12-09,0.0,21.39,19.86,99.82,0.9,-3.28
2025-12-10,0.0,21.16,17.76,99.76,1.26,-4.61
2025-12-11,0.0,22.04,16.16,99.65,0.96,-5.13
2025-12-12,0.0,22.02,15.37,99.5,1.23,-5.82
2025-12-13,0.0,20.98,18.19,99.52,1.53,-4.28
2025-12-14,0.0,19.39,23.36,99.69,1.15,-2.31
2025-12-15,0.0,17.96,27.01,99.76,1.54,-2.14
2025-12-16,0.0,17.93,24.64,99.74,1.93,-3.43
2025-12-17,0.0,19.85,21.13,99.78,1.24,-4.35
2025-12-18,0.0,20.43,19.9,99.77,1.36,-3.61
2025-12-19,0.0,21.01,20.48,99.57,1.31,-3.05
2025-12-20,0.0,23.46,24.84,99.31,1.23,1.87
2025-12-21,0.0,22.56,39.57,99.38,1.57,7.85
2025-12-22,0.0,20.06,43.07,99.6,1.91,6.68
2025-12-23,0.0,18.0,50.06,99.69,2.34,6.61
2025-12-24,0.0,17.74,34.57,99.63,1.1,-0.18
2025-12-25,0.0,17.7,21.79,99.56,1.44,-5.2
2025-12-26,0.0,18.29,20.7,99.54,1.57,-5.15
2025-12-27,0.0,18.75,29.33,99.55,1.66,0.16
2025-12-28,0.0,18.35,32.99,99.57,1.42,1.13
2025-12-29,0.0,20.12,26.97,99.51,1.38,-0.16
2025-12-30,0.0,20.34,26.03,99.28,1.38,-0.18
2025-12-31,9.02,16.89,66.66,99.04,2.28,10.3
