date,rain,T2M,RH2M,PS,WS2M,T2MDEW
1995-01-01,0.0,-10.04,31.85,63.82,1.36,-23.13
1995-01-02,0.0,-9.06,33.41,63.87,1.45,-22.01
1995-01-03,0.0,-9.26,53.63,63.76,1.35,-16.75
1995-01-04,0.1,-10.47,66.17,63.83,1.26,-15.84
1995-01-05,0.0,-9.81,57.6,64.05,1.37,-17.21
1995-01-06,0.0,-9.34,62.49,64.17,1.19,-16.02
1995-01-07,0.0,-8.19,49.31,64.24,1.52,-17.61
1995-01-08,1.0,-8.45,64.87,63.79,0.86,-14.35
1995-01-09,13.0,-9.86,85.83,63.56,1.82,-12.27
1995-01-10,7.22,-12.34,74.9,63.88,1.51,-16.17
1995-01-11,0.52,-14.13,62.75,63.91,1.51,-19.68
1995-01-12,0.0,-13.7,73.04,63.8,1.21,-17.74
1995-01-13,0.0,-14.86,76.71,63.63,1.36,-18.37
1995-01-14,0.05,-13.05,81.5,63.76,1.37,-15.97
1995-01-15,1.53,-11.73,97.55,63.75,2.15,-12.58
1995-01-16,1.45,-12.16,96.96,63.9,2.69,-13.04
1995-01-17,0.02,-13.46,73.8,64.04,1.05,-17.73
1995-01-18,0.06,-9.46,60.05,64.25,1.04,-15.94
1995-01-19,0.0,-9.0,93.77,63.97,1.44,-10.47
1995-01-20,0.0,-10.13,92.39,63.55,1.85,-11.66
1995-01-21,0.0,-13.12,81.99,63.5,1.25,-16.43
1995-01-22,0.0,-14.38,59.14,63.6,1.68,-21.26
1995-01-23,0.0,-11.19,42.59,63.84,1.62,-21.2
1995-01-24,0.0,-10.4,66.37,63.86,1.28,-15.72
1995-01-25,0.0,-12.54,56.17,64.0,1.75,-20.19
1995-01-26,0.0,-10.05,40.18,64.19,1.7,-21.02
1995-01-27,0.0,-6.6,61.96,64.25,1.5,-13.38
1995-01-28,0.0,-7.61,84.39,64.21,1.35,-10.55
1995-01-29,0.0,-9.47,63.62,64.11,1.49,-16.33
1995-01-30,0.0,-8.69,45.41,64.19,1.76,-19.2
1995-01-31,0.0,-8.26,40.34,64.31,1.76,-19.99
1995-02-01,0.0,-7.89,38.98,64.28,1.6,-19.85
1995-02-02,0.0,-6.89,43.91,64.18,1.49,-17.68
1995-02-03,0.0,-6.92,53.48,64.04,1.6,-15.09
1995-02-04,0.0,-8.99,63.99,64.15,1.4,-15.26
1995-02-05,0.0,-8.87,58.04,64.21,1.38,-16.49
1995-02-06,0.0,-6.7,44.14,64.36,1.8,-18.17
1995-02-07,0.0,-3.64,57.93,64.45,1.49,-11.72
1995-02-08,0.0,-3.92,58.57,64.18,1.73,-12.17
1995-02-09,0.0,-2.36,50.98,64.14,1.34,-11.32
1995-02-10,0.0,-2.82,75.11,64.21,1.45,-6.93
1995-02-11,0.63,-4.52,92.63,64.19,1.97,-6.12
1995-02-12,2.47,-5.53,89.02,64.12,2.03,-7.51
1995-02-13,0.6,-5.04,73.44,64.17,1.82,-10.12
1995-02-14,10.42,-5.88,95.85,63.77,4.12,-7.03
1995-02-15,13.71,-9.21,92.31,63.63,1.88,-10.88
1995-02-16,0.0,-11.35,68.68,63.71,1.66,-16.48
1995-02-17,0.0,-9.82,73.14,63.62,1.97,-14.26
1995-02-18,0.0,-11.67,86.66,63.65,2.26,-14.13
1995-02-19,0.84,-10.78,92.19,63.7,2.35,-12.41
1995-02-20,0.09,-11.23,84.39,63.76,2.02,-13.87
1995-02-21,0.0,-10.74,66.48,63.71,1.37,-16.84
1995-02-22,0.14,-10.78,85.94,63.31,1.55,-13.26
1995-02-23,5.68,-11.29,86.25,63.45,1.4,-13.67
1995-02-24,0.03,-12.28,61.8,63.69,1.61,-18.8
1995-02-25,0.0,-8.69,60.77,63.82,1.34,-15.59
1995-02-26,0.0,-8.32,88.45,63.75,1.56,-10.56
1995-02-27,0.44,-9.26,86.61,63.76,1.77,-11.82
1995-02-28,2.59,-9.82,91.64,63.77,1.99,-11.71
1995-03-01,0.77,-9.61,74.05,64.01,1.81,-14.38
1995-03-02,2.7,-7.74,82.97,64.08,2.14,-10.73
1995-03-03,0.0,-8.08,69.0,64.07,1.67,-13.83
1995-03-04,0.0,-6.86,64.37,63.99,1.66,-13.82
1995-03-05,0.0,-7.5,76.0,63.88,2.25,-11.97
1995-03-06,0.0,-7.77,80.0,63.94,1.72,-11.66
1995-03-07,0.0,-7.61,71.32,63.97,1.79,-12.89
1995-03-08,0.0,-7.58,61.05,64.07,1.61,-14.68
1995-03-09,0.0,-6.98,59.11,64.03,1.78,-14.11
1995-03-10,0.18,-7.91,80.89,63.99,2.21,-11.23
1995-03-11,0.02,-7.87,73.54,64.08,1.69,-13.07
1995-03-12,0.0,-7.84,56.36,64.16,2.1,-15.81
1995-03-13,0.0,-7.21,49.58,64.0,1.93,-16.93
1995-03-14,0.0,-5.98,48.86,64.22,1.92,-16.16
1995-03-15,0.0,-5.39,67.78,64.51,1.19,-11.03
1995-03-16,0.19,-3.03,78.03,64.38,1.71,-6.98
1995-03-17,0.03,-3.69,80.95,64.26,1.53,-7.36
1995-03-18,0.04,-2.34,63.01,64.45,1.77,-9.94
1995-03-19,0.02,-2.15,74.84,64.6,1.68,-6.63
1995-03-20,0.0,-0.87,72.95,64.54,1.38,-6.03
1995-03-21,0.0,0.88,49.71,64.56,1.86,-9.84
1995-03-22,0.0,2.83,52.11,64.54,1.84,-6.4
1995-03-23,0.0,2.24,59.56,64.46,1.59,-5.3
1995-03-24,0.0,1.58,68.79,64.43,1.33,-4.01
1995-03-25,0.08,-0.59,76.67,64.33,1.37,-4.69
1995-03-26,2.93,-2.23,83.25,64.1,1.37,-5.14
1995-03-27,0.87,-1.79,82.88,64.07,1.5,-4.89
1995-03-28,0.03,-1.23,72.07,63.98,2.29,-6.35
1995-03-29,2.72,-2.73,85.42,63.8,3.85,-5.16
1995-03-30,4.71,-4.27,77.68,63.87,2.06,-8.19
1995-03-31,1.64,-4.77,63.92,64.0,2.15,-11.28
1995-04-01,0.04,-5.29,50.01,64.02,1.96,-15.01
1995-04-02,0.0,-4.74,43.38,64.13,2.15,-16.05
1995-04-03,0.0,-4.11,45.59,64.21,2.03,-15.21
1995-04-04,0.0,-5.01,63.65,63.98,2.28,-11.31
1995-04-05,0.0,-5.39,58.81,64.06,1.78,-12.84
1995-04-06,0.0,-2.31,52.64,64.32,1.95,-11.67
1995-04-07,0.0,1.17,52.51,64.16,1.95,-8.28
1995-04-08,0.0,1.95,56.39,64.11,2.11,-6.52
1995-04-09,0.0,2.07,52.34,64.39,2.26,-7.23
1995-04-10,0.32,1.13,65.27,64.72,2.65,-5.25
1995-04-11,6.17,-1.03,84.06,64.55,2.59,-3.94
1995-04-12,0.19,-3.24,69.65,64.19,1.67,-8.78
1995-04-13,0.0,-0.23,47.52,64.01,2.0,-11.21
1995-04-14,0.0,-0.12,50.36,64.18,1.81,-9.72
1995-04-15,0.0,-0.41,59.2,64.45,1.51,-7.48
1995-04-16,0.0,1.01,63.3,64.41,2.15,-5.64
1995-04-17,0.33,1.16,63.74,64.47,1.74,-5.63
1995-04-18,0.08,1.9,70.33,64.6,2.24,-3.45
1995-04-19,0.51,1.78,62.21,64.49,1.91,-5.34
1995-04-20,0.0,0.17,70.13,64.18,1.94,-5.06
1995-04-21,0.0,1.84,61.34,64.19,2.16,-6.13
1995-04-22,0.0,2.49,72.64,64.39,2.5,-2.58
1995-04-23,0.67,1.55,78.98,64.42,2.43,-2.26
1995-04-24,0.0,3.65,54.6,64.31,1.99,-5.85
1995-04-25,0.08,3.84,59.18,64.48,1.93,-3.86
1995-04-26,0.01,3.88,60.6,64.47,2.16,-3.99
1995-04-27,0.0,4.24,72.39,64.56,2.07,-1.32
1995-04-28,0.0,5.72,44.88,64.63,2.13,-7.28
1995-04-29,0.0,5.53,42.19,64.65,1.87,-7.05
1995-04-30,0.0,4.94,48.88,64.42,2.17,-5.63
1995-05-01,0.0,3.76,58.97,64.3,2.38,-4.44
1995-05-02,0.0,3.11,62.98,64.45,1.99,-4.2
1995-05-03,0.0,2.96,66.54,64.49,1.91,-3.36
1995-05-04,0.0,4.82,47.26,64.37,2.02,-6.48
1995-05-05,0.03,4.36,53.2,64.3,1.79,-4.99
1995-05-06,0.0,5.15,59.53,64.45,1.54,-2.6
1995-05-07,0.0,7.17,52.57,64.63,1.38,-2.54
1995-05-08,0.0,7.21,58.96,64.67,1.85,-1.7
1995-05-09,0.0,7.5,61.37,64.52,1.44,-0.5
1995-05-10,0.0,8.08,58.93,64.48,1.85,-0.56
1995-05-11,0.0,8.1,59.84,64.53,1.97,-0.22
1995-05-12,0.0,9.06,60.28,64.52,1.74,0.45
1995-05-13,0.0,9.2,58.44,64.41,1.86,0.52
1995-05-14,0.0,9.71,57.46,64.21,1.78,0.48
1995-05-15,0.0,9.92,49.86,64.16,2.1,-1.38
1995-05-16,0.0,9.78,40.51,64.18,1.93,-4.49
1995-05-17,0.0,9.55,43.85,64.2,2.15,-3.37
1995-05-18,0.0,7.92,56.37,64.16,2.86,-1.5
1995-05-19,0.0,6.54,71.91,64.31,3.04,1.07
1995-05-20,0.0,6.27,57.27,64.49,2.37,-2.77
1995-05-21,0.0,5.41,44.95,64.32,2.46,-6.42
1995-05-22,0.0,4.84,49.48,64.27,2.5,-5.77
1995-05-23,0.0,4.81,47.61,64.42,2.27,-6.57
1995-05-24,0.0,5.31,41.05,64.51,2.29,-8.7
1995-05-25,0.0,5.34,50.61,64.58,2.13,-4.87
1995-05-26,0.0,7.13,35.91,64.59,1.94,-9.71
1995-05-27,0.0,8.67,21.5,64.59,2.29,-13.31
1995-05-28,0.0,8.8,23.4,64.54,2.25,-12.19
1995-05-29,0.0,8.98,24.65,64.52,2.02,-11.17
1995-05-30,0.0,9.71,25.68,64.54,2.26,-9.74
1995-05-31,0.0,10.33,33.83,64.59,2.33,-5.68
1995-06-01,0.0,10.74,32.37,64.6,2.25,-6.46
1995-06-02,0.0,10.39,28.12,64.51,2.4,-9.37
1995-06-03,0.0,10.03,34.53,64.49,2.31,-5.78
1995-06-04,0.0,10.43,30.64,64.44,2.1,-8.46
1995-06-05,0.0,11.32,21.16,64.41,2.05,-11.8
1995-06-06,0.0,11.82,18.43,64.38,1.97,-12.28
1995-06-07,0.0,11.73,23.97,64.37,2.16,-9.64
1995-06-08,0.0,12.53,29.34,64.32,2.16,-6.01
1995-06-09,0.0,12.76,30.8,64.26,2.12,-5.04
1995-06-10,0.0,12.89,31.33,64.23,2.35,-4.89
1995-06-11,0.0,11.7,40.0,64.19,2.24,-2.22
1995-06-12,0.0,11.43,42.81,64.22,2.32,-2.14
1995-06-13,0.0,11.25,47.87,64.36,2.21,-0.54
1995-06-14,0.0,11.75,44.5,64.44,2.06,-1.72
1995-06-15,0.0,12.45,40.68,64.4,1.99,-2.54
1995-06-16,0.0,12.32,40.19,64.32,2.11,-2.38
1995-06-17,0.0,11.55,48.03,64.21,2.38,-0.47
1995-06-18,0.04,10.56,65.97,64.25,2.74,3.42
1995-06-19,3.54,10.42,69.99,64.24,2.81,4.02
1995-06-20,5.51,8.39,77.25,64.23,2.92,3.93
1995-06-21,8.11,6.82,66.72,64.25,2.42,0.06
1995-06-22,5.19,5.99,75.94,64.2,2.24,1.35
1995-06-23,4.41,5.94,70.1,64.14,1.89,-0.21
1995-06-24,0.02,8.12,66.02,64.19,1.87,0.72
1995-06-25,0.0,9.72,71.81,64.35,2.0,3.82
1995-06-26,1.43,10.71,67.9,64.39,2.05,3.63
1995-06-27,3.88,11.0,68.78,64.38,2.18,4.15
1995-06-28,1.78,10.95,64.63,64.31,2.21,3.04
1995-06-29,0.0,10.92,60.09,64.22,2.18,1.94
1995-06-30,0.43,11.18,62.29,64.11,2.11,3.05
1995-07-01,0.13,10.68,66.5,63.93,2.24,3.67
1995-07-02,1.37,10.7,66.44,63.9,2.25,3.58
1995-07-03,1.64,10.5,69.47,64.12,2.3,4.24
1995-07-04,4.64,10.36,77.17,64.15,2.47,5.84
1995-07-05,1.09,11.11,74.72,64.12,2.28,5.89
1995-07-06,0.0,11.31,74.81,64.15,2.19,6.15
1995-07-07,2.41,11.61,72.56,64.22,2.08,5.77
1995-07-08,3.93,11.79,75.33,64.3,2.13,6.73
1995-07-09,4.54,11.07,79.5,64.22,2.39,7.01
1995-07-10,1.61,10.48,78.49,64.1,2.73,6.31
1995-07-11,5.0,10.73,75.67,64.14,2.49,5.76
1995-07-12,6.62,10.98,74.29,64.21,2.18,5.59
1995-07-13,2.13,11.53,75.23,64.22,2.38,6.43
1995-07-14,0.07,11.88,76.43,64.27,2.36,6.95
1995-07-15,0.0,12.2,77.08,64.15,2.31,7.48
1995-07-16,7.76,12.72,78.62,64.04,2.08,8.38
1995-07-17,7.27,13.37,79.79,64.1,2.21,9.28
1995-07-18,13.29,12.76,85.28,64.22,1.92,9.89
1995-07-19,3.85,11.31,79.89,64.34,1.96,7.48
1995-07-20,4.13,11.29,80.46,64.35,2.47,7.63
1995-07-21,4.96,10.37,84.95,64.34,2.2,7.55
1995-07-22,2.85,9.77,87.26,64.27,1.96,7.5
1995-07-23,3.63,10.71,81.45,64.37,1.99,7.15
1995-07-24,1.0,11.3,84.57,64.44,2.62,8.36
1995-07-25,1.56,11.36,83.45,64.42,2.54,8.16
1995-07-26,0.2,11.39,76.09,64.25,2.12,6.6
1995-07-27,3.03,9.16,84.62,64.24,2.66,6.44
1995-07-28,19.64,10.08,82.82,64.35,1.87,6.92
1995-07-29,7.26,11.06,86.02,64.26,2.29,8.39
1995-07-30,0.98,10.73,86.76,64.19,2.27,8.19
1995-07-31,0.23,11.97,78.51,64.22,2.06,7.67
1995-08-01,8.19,12.41,81.8,64.22,2.3,8.89
1995-08-02,6.64,10.51,86.09,64.08,2.49,8.01
1995-08-03,4.48,9.9,85.14,64.07,1.92,7.15
1995-08-04,8.08,9.84,88.95,64.28,1.49,7.86
1995-08-05,1.67,10.76,85.07,64.33,1.98,8.0
1995-08-06,1.19,10.69,89.33,64.18,2.5,8.76
1995-08-07,1.35,10.16,83.09,64.07,1.7,7.05
1995-08-08,3.53,9.3,89.69,64.06,1.67,7.44
1995-08-09,9.37,9.49,83.27,64.3,1.61,6.5
1995-08-10,3.31,10.88,80.52,64.57,1.85,7.33
1995-08-11,3.24,10.76,88.01,64.59,1.7,8.58
1995-08-12,2.32,11.45,88.9,64.18,1.54,9.36
1995-08-13,8.24,9.61,86.55,63.78,1.52,7.08
1995-08-14,9.3,10.88,75.47,63.92,1.72,5.62
1995-08-15,3.91,11.77,76.58,64.24,1.8,6.37
1995-08-16,1.32,11.14,87.09,64.37,1.87,8.55
1995-08-17,12.66,10.36,88.08,64.51,1.72,8.19
1995-08-18,8.35,9.86,88.3,64.52,1.97,7.73
1995-08-19,10.33,8.81,87.47,64.41,1.19,6.62
1995-08-20,10.04,10.31,87.75,64.36,1.96,7.97
1995-08-21,3.77,9.62,87.27,64.37,1.86,7.25
1995-08-22,13.46,10.03,87.79,64.38,2.15,7.73
1995-08-23,7.12,10.06,85.88,64.41,1.78,7.44
1995-08-24,0.15,10.64,83.87,64.51,1.82,7.68
1995-08-25,6.79,10.24,89.22,64.53,1.75,8.29
1995-08-26,3.46,9.88,87.07,64.39,1.77,7.5
1995-08-27,5.8,10.05,88.72,64.3,1.95,7.9
1995-08-28,3.89,8.99,90.59,64.23,1.75,7.25
1995-08-29,5.61,8.67,85.79,64.15,1.62,6.02
1995-08-30,5.82,8.17,88.82,64.2,1.86,6.11
1995-08-31,4.65,7.92,90.13,64.22,2.12,6.08
1995-09-01,4.41,7.7,86.5,64.26,1.73,5.22
1995-09-02,0.56,7.7,82.95,64.33,1.72,4.62
1995-09-03,2.48,7.65,89.26,64.1,1.6,5.74
1995-09-04,9.18,8.11,90.45,63.97,2.01,6.37
1995-09-05,22.52,7.48,92.49,64.04,2.18,6.15
1995-09-06,1.05,7.07,88.19,64.31,1.7,4.9
1995-09-07,0.0,7.87,85.09,64.44,1.61,4.93
1995-09-08,0.1,8.35,86.98,64.49,1.45,5.94
1995-09-09,6.35,8.29,89.48,64.5,1.88,6.42
1995-09-10,0.19,8.76,88.52,64.53,2.01,6.68
1995-09-11,6.63,8.07,89.08,64.65,1.9,6.14
1995-09-12,0.52,7.3,86.02,64.73,1.87,4.67
1995-09-13,2.6,6.5,78.1,64.65,1.58,2.02
1995-09-14,0.13,6.21,70.28,64.51,1.5,-0.05
1995-09-15,5.85,5.07,69.9,64.46,1.59,-1.3
1995-09-16,0.26,5.43,64.2,64.47,1.4,-1.7
1995-09-17,0.01,6.08,63.7,64.62,1.49,-1.73
1995-09-18,0.0,6.8,71.01,64.57,1.52,0.7
1995-09-19,0.0,6.53,65.58,64.49,1.65,-0.72
1995-09-20,0.0,6.1,54.9,64.47,1.63,-3.59
1995-09-21,0.0,6.29,58.55,64.37,1.65,-2.68
1995-09-22,0.0,8.0,69.17,64.31,1.51,1.8
1995-09-23,0.0,8.15,75.22,64.34,1.57,3.25
1995-09-24,0.0,6.48,68.15,64.48,1.65,-0.69
1995-09-25,0.0,5.35,67.41,64.49,1.64,-1.26
1995-09-26,0.1,6.37,76.9,64.5,1.39,1.94
1995-09-27,0.0,7.6,79.9,64.51,1.41,3.42
1995-09-28,0.04,6.55,84.74,64.46,1.64,3.69
1995-09-29,2.6,5.12,71.93,64.5,1.51,-0.61
1995-09-30,12.77,5.36,65.03,64.43,1.68,-1.71
1995-10-01,0.71,5.5,63.3,64.51,1.58,-1.67
1995-10-02,0.0,5.16,60.28,64.59,1.65,-2.55
1995-10-03,0.0,4.67,58.47,64.52,1.58,-3.53
1995-10-04,0.0,2.7,61.86,64.42,1.57,-4.32
1995-10-05,0.0,3.33,53.29,64.42,1.64,-6.09
1995-10-06,0.0,4.38,57.82,64.45,1.57,-4.28
1995-10-07,0.0,5.08,70.16,64.57,1.52,-0.99
1995-10-08,0.0,5.51,66.72,64.65,1.57,-1.14
1995-10-09,0.0,4.65,64.96,64.72,1.46,-2.51
1995-10-10,0.0,3.97,63.99,64.57,1.53,-3.44
1995-10-11,0.0,4.28,66.51,64.56,1.51,-2.55
1995-10-12,0.0,5.16,51.94,64.55,1.49,-5.58
1995-10-13,0.0,5.44,40.12,64.61,1.51,-7.56
1995-10-14,0.0,3.99,46.64,64.57,1.51,-7.54
1995-10-15,0.0,3.08,64.84,64.59,1.56,-3.85
1995-10-16,0.28,2.99,62.46,64.62,1.52,-4.55
1995-10-17,0.78,1.49,77.58,64.48,1.43,-2.51
1995-10-18,0.0,0.48,66.0,64.43,1.7,-5.79
1995-10-19,0.0,-0.3,54.67,64.35,1.63,-9.24
1995-10-20,0.03,-1.34,64.84,64.39,1.78,-7.76
1995-10-21,0.0,-1.62,79.16,64.42,1.69,-5.54
1995-10-22,0.0,-2.08,59.11,64.44,1.39,-10.26
1995-10-23,0.0,-0.71,45.98,64.51,1.63,-11.75
1995-10-24,0.0,-0.21,35.05,64.56,1.56,-14.52
1995-10-25,0.0,0.38,46.71,64.54,1.62,-10.03
1995-10-26,0.0,-0.41,53.3,64.61,1.72,-9.83
1995-10-27,0.0,0.32,41.48,64.57,1.55,-12.53
1995-10-28,0.0,0.45,41.84,64.55,1.51,-11.95
1995-10-29,0.0,-0.43,63.34,64.47,1.44,-7.1
1995-10-30,0.0,-1.61,77.94,64.32,1.38,-5.69
1995-10-31,0.38,-2.67,78.86,64.23,1.38,-6.57
1995-11-01,0.21,-2.26,64.68,64.18,1.42,-8.98
1995-11-02,0.0,0.08,45.49,64.27,1.42,-10.89
1995-11-03,0.0,0.2,44.81,64.28,1.52,-11.02
1995-11-04,0.0,0.21,47.05,64.31,1.47,-10.33
1995-11-05,0.0,-0.81,58.14,64.37,1.43,-8.73
1995-11-06,0.0,-1.44,54.62,64.44,1.45,-10.65
1995-11-07,0.0,-1.25,47.05,64.53,1.53,-11.79
1995-11-08,0.0,-0.31,44.58,64.61,1.29,-11.81
1995-11-09,0.0,0.16,44.15,64.51,1.39,-11.6
1995-11-10,0.91,1.07,42.61,64.21,1.21,-11.09
1995-11-11,0.13,0.54,53.0,64.33,1.45,-8.35
1995-11-12,0.01,2.07,32.96,64.38,1.56,-13.32
1995-11-13,0.0,2.8,27.54,64.62,1.68,-14.5
1995-11-14,0.0,4.41,22.42,64.83,1.42,-14.99
1995-11-15,0.0,2.91,23.21,64.59,1.5,-15.91
1995-11-16,0.0,-0.67,36.87,64.37,1.43,-14.13
1995-11-17,0.0,-3.35,70.97,64.4,1.46,-8.51
1995-11-18,0.0,-4.16,61.22,64.29,1.3,-11.64
1995-11-19,0.0,-3.34,41.51,64.27,1.6,-15.08
1995-11-20,0.0,-2.69,34.3,64.25,1.53,-16.87
1995-11-21,0.0,-2.42,30.02,64.3,1.56,-17.49
1995-11-22,0.0,-3.97,33.99,64.32,1.43,-17.22
1995-11-23,0.0,-4.54,36.37,64.41,1.29,-17.22
1995-11-24,0.0,-5.0,42.19,64.27,1.41,-16.41
1995-11-25,0.0,-5.01,34.28,64.0,1.47,-18.84
1995-11-26,0.0,-3.04,26.93,64.04,1.32,-18.99
1995-11-27,0.0,-4.42,38.39,64.1,1.55,-16.85
1995-11-28,0.03,-7.46,71.83,64.01,1.82,-12.37
1995-11-29,0.58,-7.72,77.69,64.19,1.82,-11.59
1995-11-30,0.0,-7.33,55.64,64.28,1.43,-15.57
1995-12-01,0.0,-6.36,39.54,64.16,1.27,-19.32
1995-12-02,0.0,-4.77,29.22,64.24,1.51,-19.53
1995-12-03,0.0,-4.3,36.78,64.31,1.25,-16.43
1995-12-04,0.0,-5.4,39.17,64.24,1.47,-17.04
1995-12-05,0.0,-4.73,30.86,64.28,1.29,-19.58
1995-12-06,0.0,-3.23,44.96,64.38,1.02,-13.57
1995-12-07,0.0,-2.37,46.32,64.49,1.2,-12.36
1995-12-08,0.03,-4.04,78.85,64.46,1.3,-7.77
1995-12-09,0.1,-5.53,81.28,64.29,1.28,-8.88
1995-12-10,0.0,-6.19,78.26,64.15,2.24,-9.97
1995-12-11,0.05,-7.63,81.67,64.26,2.35,-10.89
1995-12-12,0.0,-6.01,26.41,64.33,1.09,-22.33
1995-12-13,0.0,-5.24,66.41,64.28,1.33,-11.07
1995-12-14,0.0,-5.14,91.48,64.12,1.86,-6.7
1995-12-15,0.0,-6.41,80.24,64.14,1.9,-10.19
1995-12-16,0.0,-7.29,60.96,64.3,1.07,-14.31
1995-12-17,0.0,-3.63,47.46,64.42,1.15,-13.29
1995-12-18,0.0,-5.21,88.89,64.37,1.39,-7.13
1995-12-19,0.0,-4.92,56.86,64.31,1.2,-13.04
1995-12-20,0.0,-6.24,62.17,64.2,1.89,-12.85
1995-12-21,0.04,-7.54,80.92,64.09,1.61,-11.1
1995-12-22,0.01,-8.55,86.64,64.1,1.61,-11.0
1995-12-23,1.41,-8.66,55.11,64.01,1.28,-17.33
1995-12-24,1.93,-8.5,53.59,64.0,1.34,-16.62
1995-12-25,0.0,-9.01,61.82,64.14,1.26,-16.02
1995-12-26,0.0,-7.39,41.48,64.37,1.45,-18.44
1995-12-27,0.0,-5.86,49.63,64.48,1.15,-14.64
1995-12-28,0.0,-7.29,79.47,64.46,1.13,-10.83
1995-12-29,0.0,-8.45,63.11,64.35,1.49,-14.84
1995-12-30,0.0,-7.72,57.25,64.22,1.44,-15.36
1995-12-31,0.0,-7.36,73.73,64.18,1.01,-12.1
1996-01-01,0.0,-7.37,50.38,64.15,1.02,-16.63
1996-01-02,0.0,-7.13,51.89,64.22,1.33,-16.78
1996-01-03,0.02,-7.07,73.7,64.19,1.29,-12.17
1996-01-04,0.08,-5.91,54.65,64.05,1.12,-14.08
1996-01-05,0.0,-6.48,47.3,64.03,1.11,-15.81
1996-01-06,0.0,-6.55,42.54,64.08,1.35,-17.05
1996-01-07,0.0,-5.56,40.46,64.17,1.19,-17.18
1996-01-08,0.0,-4.39,36.76,64.32,1.07,-16.47
1996-01-09,0.0,-6.01,46.1,64.19,1.5,-15.89
1996-01-10,0.05,-8.79,71.41,63.84,1.75,-13.44
1996-01-11,0.01,-10.17,81.69,63.7,2.43,-13.46
1996-01-12,0.0,-10.49,48.08,63.72,0.98,-20.45
1996-01-13,0.01,-8.82,83.56,63.77,1.86,-11.67
1996-01-14,0.27,-8.3,94.03,63.59,2.58,-9.58
1996-01-15,4.0,-7.22,97.97,63.21,6.34,-7.85
1996-01-16,10.55,-10.84,93.0,63.4,3.67,-12.29
1996-01-17,5.05,-14.73,74.25,63.75,1.5,-18.7
1996-01-18,2.07,-11.83,43.82,63.89,1.32,-21.81
1996-01-19,0.37,-10.78,81.68,63.82,1.14,-13.74
1996-01-20,0.0,-11.63,90.28,63.69,1.47,-13.25
1996-01-21,0.0,-11.67,82.82,63.75,1.38,-14.52
1996-01-22,0.78,-10.09,95.51,63.88,3.01,-11.22
1996-01-23,0.86,-11.66,84.25,63.92,1.89,-14.38
1996-01-24,0.03,-9.24,53.34,63.95,1.22,-17.73
1996-01-25,0.0,-8.03,83.3,63.88,1.62,-11.16
1996-01-26,0.0,-10.79,72.92,63.77,1.79,-16.09
1996-01-27,0.0,-11.16,50.09,64.01,1.72,-19.96
1996-01-28,0.0,-10.1,32.65,64.12,1.24,-23.39
1996-01-29,0.0,-9.09,28.72,64.04,1.07,-23.84
1996-01-30,0.0,-6.77,36.17,64.06,1.59,-19.19
1996-01-31,0.0,-6.9,45.27,64.09,1.45,-16.66
1996-02-01,0.0,-6.55,51.1,64.07,1.24,-15.1
1996-02-02,0.0,-6.9,53.52,64.12,1.41,-15.58
1996-02-03,0.0,-5.99,44.35,64.27,1.79,-16.9
1996-02-04,0.0,-3.17,56.13,64.27,1.52,-11.0
1996-02-05,0.0,-5.5,54.6,64.19,1.72,-14.08
1996-02-06,0.0,-4.17,48.44,64.24,1.56,-14.1
1996-02-07,0.0,-3.68,67.99,64.24,1.5,-9.41
1996-02-08,0.0,-6.53,85.16,64.06,1.6,-9.31
1996-02-09,0.14,-6.56,81.45,63.94,1.91,-9.95
1996-02-10,15.62,-7.13,82.97,63.93,1.56,-10.2
1996-02-11,1.67,-8.29,76.87,64.08,1.43,-12.49
1996-02-12,1.1,-7.3,68.45,64.16,1.58,-12.85
1996-02-13,0.0,-6.79,65.53,64.04,1.73,-13.06
1996-02-14,0.0,-7.3,78.22,63.88,2.17,-11.36
1996-02-15,0.97,-8.21,92.52,63.73,3.71,-9.86
1996-02-16,0.01,-9.0,61.32,64.01,1.42,-16.27
1996-02-17,0.0,-7.29,46.31,64.18,1.56,-17.3
1996-02-18,0.0,-3.88,62.17,64.22,1.51,-10.36
1996-02-19,0.03,-6.46,69.42,63.97,1.63,-12.06
1996-02-20,0.01,-7.71,69.31,63.76,2.04,-13.88
1996-02-21,0.0,-7.18,72.92,63.87,1.47,-12.47
1996-02-22,0.0,-6.21,63.89,63.91,1.28,-13.13
1996-02-23,0.0,-5.12,89.4,64.0,2.34,-7.03
1996-02-24,3.84,-4.6,95.57,63.83,6.48,-5.56
1996-02-25,3.17,-5.84,88.58,63.95,2.59,-8.13
1996-02-26,9.39,-6.95,94.18,63.73,1.88,-8.4
1996-02-27,6.51,-7.78,71.26,64.07,1.39,-12.93
1996-02-28,0.02,-7.03,72.78,64.21,1.73,-11.61
1996-02-29,0.0,-6.43,55.13,64.39,1.82,-15.06
1996-03-01,0.0,-4.83,71.55,64.56,0.95,-9.51
1996-03-02,0.0,-5.2,84.93,64.37,1.31,-7.9
1996-03-03,0.0,-4.76,67.53,64.32,1.71,-11.14
1996-03-04,2.0,-4.76,66.73,64.46,1.81,-11.17
1996-03-05,0.08,-4.18,67.03,64.4,1.69,-10.48
1996-03-06,0.0,-2.86,65.57,64.25,1.73,-9.4
1996-03-07,0.12,-4.91,84.13,64.19,1.99,-7.59
1996-03-08,0.0,-4.67,60.5,64.26,1.71,-12.52
1996-03-09,0.0,-1.24,73.89,64.35,1.77,-6.03
1996-03-10,0.0,-0.48,66.94,64.41,1.51,-6.38
1996-03-11,0.0,-0.3,62.83,64.33,1.97,-7.5
1996-03-12,0.0,-2.02,76.64,64.42,1.46,-6.05
1996-03-13,0.0,-0.06,53.07,64.16,1.79,-10.11
1996-03-14,0.0,0.44,55.88,64.07,2.0,-7.83
1996-03-15,0.06,-2.24,90.29,64.14,2.92,-3.85
1996-03-16,0.71,-3.34,91.11,64.09,2.2,-4.89
1996-03-17,0.41,-3.47,91.46,63.97,1.92,-5.07
1996-03-18,5.4,-3.85,90.35,64.05,3.45,-5.5
1996-03-19,5.81,-4.48,77.03,63.95,2.05,-8.45
1996-03-20,0.0,-3.92,63.68,63.94,2.06,-10.79
1996-03-21,0.24,-4.74,85.5,64.1,1.89,-7.52
1996-03-22,3.83,-4.54,82.3,64.02,2.11,-7.86
1996-03-23,0.42,-3.15,55.07,64.03,1.61,-12.17
1996-03-24,0.04,-1.35,55.26,64.0,1.69,-9.76
1996-03-25,0.0,-1.53,71.58,64.01,1.65,-6.39
1996-03-26,0.01,-0.38,54.92,63.9,1.84,-9.9
1996-03-27,0.03,2.23,40.7,64.03,1.9,-10.83
1996-03-28,0.02,1.42,82.14,64.17,3.21,-1.77
1996-03-29,1.08,0.68,81.58,63.96,4.87,-2.54
1996-03-30,0.81,-2.18,64.04,63.79,3.89,-8.92
1996-03-31,0.24,-4.92,51.85,63.75,2.49,-13.96
1996-04-01,0.0,-3.02,41.47,63.82,1.92,-15.33
1996-04-02,0.0,-1.75,38.28,64.02,2.18,-15.32
1996-04-03,0.0,-1.81,52.63,64.16,2.2,-10.77
1996-04-04,0.0,-0.84,53.61,64.23,2.13,-10.29
1996-04-05,0.0,-0.75,60.8,64.31,2.41,-8.17
1996-04-06,0.03,-0.72,69.72,64.39,2.55,-6.5
1996-04-07,1.84,-1.06,79.93,64.36,4.07,-4.84
1996-04-08,1.32,-1.4,54.04,64.28,2.28,-10.59
1996-04-09,0.69,-1.63,50.68,64.08,2.08,-11.59
1996-04-10,0.0,-0.97,50.07,64.07,2.23,-11.28
1996-04-11,0.0,-0.36,51.34,64.23,2.16,-10.27
1996-04-12,0.0,-0.07,52.33,64.5,2.05,-9.61
1996-04-13,0.0,1.56,46.27,64.57,1.5,-9.52
1996-04-14,0.0,4.17,35.09,64.73,1.82,-10.84
1996-04-15,0.0,5.28,39.16,64.79,1.94,-8.16
1996-04-16,0.0,5.05,50.04,64.57,2.0,-5.25
1996-04-17,0.0,4.36,54.43,64.43,1.93,-4.65
1996-04-18,0.0,5.38,52.21,64.52,1.77,-4.28
1996-04-19,0.0,5.89,51.3,64.5,1.73,-4.31
1996-04-20,0.03,3.36,60.46,64.45,1.94,-4.33
1996-04-21,0.0,2.35,68.2,64.35,2.29,-3.64
1996-04-22,0.01,2.0,73.23,64.42,2.25,-2.98
1996-04-23,0.67,2.19,67.29,64.29,1.97,-4.38
1996-04-24,3.34,2.24,77.29,64.12,2.12,-1.98
1996-04-25,0.0,3.57,53.86,64.16,2.14,-6.32
1996-04-26,0.0,5.6,43.41,64.33,2.07,-7.14
1996-04-27,0.0,5.37,53.59,64.39,2.24,-3.9
1996-04-28,0.0,5.32,52.32,64.4,2.38,-4.82
1996-04-29,0.0,6.04,47.35,64.42,1.94,-5.97
1996-04-30,0.0,5.74,52.74,64.36,2.41,-4.11
1996-05-01,1.39,5.0,52.56,64.28,2.16,-4.81
1996-05-02,0.02,4.83,48.69,64.33,2.38,-5.9
1996-05-03,0.0,4.58,48.02,64.46,2.71,-5.75
1996-05-04,23.79,2.95,52.06,64.54,2.26,-6.27
1996-05-05,10.83,2.14,66.54,64.43,1.83,-3.74
1996-05-06,0.0,4.12,49.88,64.42,2.04,-6.82
1996-05-07,0.0,5.27,43.89,64.43,2.26,-6.91
1996-05-08,0.0,5.48,38.12,64.26,2.16,-8.42
1996-05-09,0.0,5.03,38.62,64.15,2.23,-8.36
1996-05-10,0.0,4.7,41.18,64.2,2.25,-7.78
1996-05-11,0.0,1.34,73.28,64.3,2.49,-3.36
1996-05-12,0.01,3.1,53.51,64.32,2.11,-7.43
1996-05-13,0.04,3.8,56.8,64.26,2.42,-4.34
1996-05-14,0.0,3.55,61.52,64.22,2.03,-3.97
1996-05-15,0.0,3.82,68.23,64.37,2.19,-2.52
1996-05-16,0.0,2.82,71.79,64.48,2.34,-2.28
1996-05-17,0.07,3.42,62.09,64.39,2.05,-4.13
1996-05-18,0.0,3.79,55.77,64.25,2.1,-5.17
1996-05-19,0.04,3.67,60.61,64.32,1.68,-3.83
1996-05-20,0.0,4.95,60.98,64.45,1.9,-3.19
1996-05-21,0.0,3.93,68.74,64.57,1.63,-1.57
1996-05-22,0.0,6.28,62.4,64.58,2.02,-1.37
1996-05-23,0.0,5.87,73.57,64.5,2.03,1.0
1996-05-24,0.0,7.78,65.85,64.56,2.36,0.91
1996-05-25,0.02,8.03,53.54,64.59,2.27,-2.89
1996-05-26,0.0,7.66,47.88,64.43,2.32,-4.52
1996-05-27,0.0,8.48,53.86,64.21,2.23,-1.83
1996-05-28,0.0,7.62,56.21,64.07,2.26,-1.75
1996-05-29,0.0,7.0,54.87,64.17,2.62,-2.12
1996-05-30,2.42,7.48,53.86,64.45,1.9,-2.14
1996-05-31,0.0,7.78,44.81,64.57,2.32,-5.4
1996-06-01,0.0,7.57,44.64,64.45,2.26,-4.54
1996-06-02,0.0,7.64,46.91,64.28,1.94,-3.72
1996-06-03,0.0,8.24,38.0,64.31,2.23,-6.08
1996-06-04,0.0,7.22,44.8,64.22,2.58,-4.98
1996-06-05,1.2,4.99,68.27,64.18,2.04,-1.16
1996-06-06,0.35,6.54,56.33,64.28,1.95,-2.84
1996-06-07,0.0,8.42,43.07,64.47,2.03,-4.8
1996-06-08,0.05,10.24,40.17,64.57,1.95,-3.91
1996-06-09,10.05,9.1,58.16,64.69,1.82,0.34
1996-06-10,0.35,9.95,65.86,64.71,1.78,2.75
1996-06-11,0.17,10.42,69.67,64.75,1.88,4.12
1996-06-12,0.11,11.14,70.71,64.65,2.07,4.94
1996-06-13,0.08,10.79,75.36,64.57,2.24,5.84
1996-06-14,1.59,10.21,66.77,64.43,2.11,2.81
1996-06-15,0.71,9.32,66.52,64.3,2.09,1.75
1996-06-16,1.12,9.73,61.13,64.31,2.01,0.42
1996-06-17,0.71,10.49,63.74,64.36,1.89,2.36
1996-06-18,0.02,11.49,61.87,64.31,1.96,3.02
1996-06-19,8.22,11.95,63.82,64.21,2.02,3.56
1996-06-20,2.42,10.45,76.56,64.18,1.99,5.87
1996-06-21,3.23,11.23,71.96,64.19,2.3,5.38
1996-06-22,19.35,11.62,78.19,64.09,2.59,7.23
1996-06-23,5.97,11.84,80.79,64.07,2.74,8.09
1996-06-24,0.92,11.56,84.13,64.13,2.7,8.53
1996-06-25,2.14,11.43,83.6,64.17,2.27,8.19
1996-06-26,11.79,11.51,82.78,64.29,2.41,8.25
1996-06-27,4.33,11.18,78.19,64.38,2.17,6.84
1996-06-28,3.78,10.97,80.49,64.29,2.39,7.13
1996-06-29,8.5,10.31,76.67,64.27,2.36,5.59
1996-06-30,3.09,8.87,67.79,64.24,2.16,2.11
1996-07-01,0.78,7.87,64.64,64.2,1.85,0.47
1996-07-02,0.62,9.16,75.57,64.21,2.16,4.27
1996-07-03,0.01,10.32,79.89,64.36,2.13,6.42
1996-07-04,0.01,9.72,80.0,64.38,2.39,5.88
1996-07-05,4.42,8.37,77.63,64.19,2.15,3.96
1996-07-06,0.26,8.45,68.84,64.22,2.02,1.85
1996-07-07,0.0,9.9,69.88,64.43,1.93,3.32
1996-07-08,0.0,12.36,68.34,64.59,1.87,5.3
1996-07-09,2.95,13.06,76.4,64.54,2.1,8.03
1996-07-10,1.14,12.86,78.85,64.21,2.27,8.55
1996-07-11,3.0,12.12,78.48,64.0,2.54,7.79
1996-07-12,2.17,11.06,75.84,64.07,2.46,6.16
1996-07-13,2.09,11.12,74.99,64.19,2.23,5.81
1996-07-14,0.14,10.6,66.5,64.31,2.07,3.32
1996-07-15,1.63,10.25,64.22,64.38,2.02,2.26
1996-07-16,1.33,10.25,71.52,64.31,2.19,4.48
1996-07-17,6.14,11.66,74.45,64.32,2.11,6.38
1996-07-18,8.56,11.63,76.73,64.25,2.27,6.88
1996-07-19,0.96,10.78,67.7,64.13,2.27,3.36
1996-07-20,1.08,11.28,73.96,64.13,2.01,5.8
1996-07-21,10.72,11.97,74.31,64.16,2.05,6.25
1996-07-22,8.03,11.57,81.18,64.13,2.16,7.84
1996-07-23,3.57,10.33,83.69,64.08,1.87,7.24
1996-07-24,0.86,10.13,84.53,64.03,2.01,7.23
1996-07-25,2.48,10.09,84.08,64.08,2.18,7.18
1996-07-26,2.36,11.4,79.18,64.2,1.93,7.37
1996-07-27,0.05,12.83,80.29,64.13,1.99,8.85
1996-07-28,2.83,12.85,83.92,64.1,1.69,9.69
1996-07-29,1.32,13.62,79.22,64.06,2.07,9.26
1996-07-30,5.79,13.13,80.67,64.1,1.96,9.2
1996-07-31,10.51,12.46,84.06,64.14,1.4,9.26
1996-08-01,5.46,10.67,83.25,64.26,2.0,7.48
1996-08-02,5.07,9.98,84.33,64.24,1.77,7.12
1996-08-03,3.69,10.23,84.8,64.26,1.62,7.47
1996-08-04,2.18,11.3,83.91,64.31,2.11,8.26
1996-08-05,18.42,10.25,88.08,64.29,1.88,8.08
1996-08-06,1.95,10.71,80.49,64.21,1.95,7.0
1996-08-07,5.44,11.22,84.66,64.1,2.02,8.31
1996-08-08,9.83,11.28,85.63,64.09,2.11,8.57
1996-08-09,6.5,10.98,83.31,64.17,2.11,7.85
1996-08-10,1.8,11.46,85.64,64.28,2.02,8.8
1996-08-11,1.76,11.36,87.68,64.37,1.93,9.19
1996-08-12,2.78,11.37,89.61,64.33,1.87,9.45
1996-08-13,3.93,10.82,87.53,64.1,1.38,8.44
1996-08-14,18.45,10.23,88.22,64.15,1.9,8.04
1996-08-15,7.17,9.58,89.66,64.37,1.87,7.62
1996-08-16,4.66,10.12,87.68,64.39,2.14,7.8
1996-08-17,2.42,9.03,89.66,64.39,1.54,7.21
1996-08-18,0.68,10.28,81.34,64.29,1.75,6.53
1996-08-19,23.72,9.35,77.06,64.28,1.73,4.73
1996-08-20,12.71,8.61,82.19,64.34,1.95,5.17
1996-08-21,10.02,7.53,83.73,64.38,1.46,4.61
1996-08-22,7.01,8.19,87.97,64.37,1.77,6.02
1996-08-23,4.81,7.72,89.68,64.33,1.88,5.85
1996-08-24,12.42,6.77,87.36,64.39,1.46,4.62
1996-08-25,0.49,8.57,82.05,64.48,1.75,5.41
1996-08-26,0.0,9.51,79.77,64.62,1.6,5.49
1996-08-27,0.0,10.01,78.96,64.68,1.66,5.84
1996-08-28,3.32,10.85,87.82,64.58,1.72,8.7
1996-08-29,2.47,10.89,88.07,64.35,1.77,8.67
1996-08-30,6.28,10.31,84.99,64.4,1.8,7.41
1996-08-31,6.33,9.46,78.86,64.46,1.74,5.15
1996-09-01,7.98,9.52,79.56,64.44,1.59,5.19
1996-09-02,4.24,8.88,79.02,64.42,1.53,4.52
1996-09-03,6.34,7.71,76.53,64.42,1.83,2.79
1996-09-04,11.58,8.24,83.88,64.44,1.69,5.14
1996-09-05,3.58,8.26,80.71,64.5,1.55,4.43
1996-09-06,5.67,7.54,91.74,64.45,1.25,5.9
1996-09-07,4.11,7.68,87.24,64.39,1.45,5.32
1996-09-08,2.63,7.6,83.74,64.4,1.46,4.61
1996-09-09,15.22,7.49,90.0,64.42,1.27,5.72
1996-09-10,8.88,8.05,87.8,64.4,1.32,5.89
1996-09-11,1.18,10.14,81.07,64.38,1.35,5.97
1996-09-12,0.16,10.64,80.53,64.5,1.5,6.33
1996-09-13,0.95,9.74,85.34,64.45,1.55,6.84
1996-09-14,0.92,9.73,84.76,64.2,1.49,6.68
1996-09-15,0.3,8.22,86.24,64.22,1.72,5.64
1996-09-16,0.54,6.77,78.32,64.29,1.5,2.43
1996-09-17,0.12,6.05,72.38,64.09,1.54,0.67
1996-09-18,0.79,5.22,74.37,64.02,1.38,0.41
1996-09-19,2.95,6.17,72.61,64.01,1.41,0.81
1996-09-20,0.0,7.45,71.61,64.19,1.54,1.58
1996-09-21,0.0,7.28,76.55,64.38,1.47,2.4
1996-09-22,0.0,7.15,76.28,64.5,1.58,2.31
1996-09-23,0.0,6.91,70.82,64.49,1.68,0.5
1996-09-24,0.0,7.11,69.49,64.61,1.68,0.79
1996-09-25,0.0,7.15,62.42,64.53,1.62,-0.59
1996-09-26,0.0,7.14,65.06,64.27,1.56,-0.02
1996-09-27,0.47,6.23,70.53,64.34,1.57,0.04
1996-09-28,0.3,5.8,76.74,64.41,1.51,1.11
1996-09-29,0.0,5.61,69.64,64.44,1.55,-0.38
1996-09-30,9.3,5.58,70.54,64.43,1.44,-0.01
1996-10-01,0.06,5.14,80.28,64.54,1.52,1.66
1996-10-02,0.0,4.16,71.05,64.57,1.54,-1.57
1996-10-03,0.0,3.71,72.12,64.41,1.45,-1.94
1996-10-04,9.85,3.12,84.16,64.16,1.85,0.37
1996-10-05,8.48,0.84,84.21,64.06,1.5,-1.98
1996-10-06,0.07,1.09,66.19,64.14,1.66,-5.73
1996-10-07,0.02,0.47,53.36,64.33,1.75,-8.85
1996-10-08,0.0,0.79,52.52,64.52,1.69,-8.82
1996-10-09,0.0,1.64,56.25,64.47,1.67,-7.03
1996-10-10,0.0,2.59,58.0,64.42,1.56,-5.9
1996-10-11,0.0,1.87,56.4,64.48,1.53,-6.76
1996-10-12,0.0,1.53,64.36,64.59,1.42,-5.34
1996-10-13,0.0,1.05,69.94,64.67,1.38,-4.53
1996-10-14,0.0,0.6,62.96,64.5,1.46,-6.21
1996-10-15,0.0,0.96,62.16,64.37,1.57,-6.41
1996-10-16,0.0,2.5,57.4,64.43,1.45,-6.18
1996-10-17,0.0,2.35,56.03,64.6,1.53,-6.3
1996-10-18,0.0,2.95,51.02,64.65,1.64,-6.71
1996-10-19,0.0,2.03,52.99,64.6,1.67,-7.27
1996-10-20,0.0,-0.35,73.56,64.51,1.69,-5.36
1996-10-21,0.68,-1.2,75.83,64.42,1.51,-5.56
1996-10-22,0.63,-1.41,62.59,64.42,1.59,-8.32
1996-10-23,0.03,-0.55,63.66,64.55,1.54,-7.97
1996-10-24,0.0,-0.58,47.89,64.57,1.62,-11.67
1996-10-25,0.0,0.75,43.9,64.51,1.4,-10.8
1996-10-26,0.0,0.89,57.11,64.42,1.45,-7.95
1996-10-27,0.01,1.2,64.6,64.31,1.49,-5.54
1996-10-28,0.0,1.25,59.99,64.4,1.44,-6.55
1996-10-29,0.0,2.85,42.67,64.31,1.38,-9.38
1996-10-30,0.0,3.26,34.94,64.26,1.59,-11.16
1996-10-31,0.0,3.19,30.96,64.4,1.65,-12.69
1996-11-01,0.0,2.0,34.66,64.46,1.65,-12.22
1996-11-02,0.0,0.7,34.4,64.29,1.5,-13.69
1996-11-03,0.0,1.78,34.89,64.29,1.46,-12.85
1996-11-04,0.0,1.17,48.56,64.39,1.87,-9.7
1996-11-05,0.0,-1.82,70.01,64.24,1.5,-7.6
1996-11-06,0.0,-2.01,52.14,64.28,1.53,-11.88
1996-11-07,0.0,-0.36,42.46,64.46,1.66,-12.55
1996-11-08,0.0,0.67,36.04,64.54,1.57,-13.03
1996-11-09,0.0,0.65,32.92,64.48,1.47,-14.16
1996-11-10,0.0,0.39,24.99,64.37,1.46,-17.36
1996-11-11,0.0,-0.89,25.45,64.29,1.42,-17.86
1996-11-12,0.0,-2.71,36.75,64.26,1.26,-15.5
1996-11-13,0.0,-3.82,42.11,64.22,1.55,-15.55
1996-11-14,0.0,-3.73,37.55,64.45,1.47,-16.49
1996-11-15,0.0,-2.65,34.63,64.58,1.27,-17.05
1996-11-16,0.0,-1.46,30.06,64.46,1.47,-16.96
1996-11-17,0.0,-1.83,38.31,64.48,1.29,-14.0
1996-11-18,0.0,-3.17,69.4,64.54,1.07,-8.41
1996-11-19,0.0,-4.62,68.45,64.44,1.62,-9.95
1996-11-20,0.0,-5.25,78.24,64.4,2.49,-9.2
1996-11-21,0.0,-3.73,59.0,64.42,1.41,-11.81
1996-11-22,0.0,-3.07,36.34,64.32,1.39,-16.59
1996-11-23,0.0,-2.12,41.6,64.28,1.21,-13.43
1996-11-24,0.0,-4.01,51.64,64.13,1.47,-12.65
1996-11-25,0.0,-4.46,45.68,64.1,1.33,-14.41
1996-11-26,0.0,-5.46,56.95,64.2,1.35,-13.1
1996-11-27,0.0,-5.91,56.14,64.1,1.28,-13.67
1996-11-28,0.0,-7.07,48.01,64.03,1.47,-16.89
1996-11-29,0.0,-5.56,35.92,64.08,1.24,-19.15
1996-11-30,0.0,-4.34,36.13,64.14,1.52,-17.12
1996-12-01,0.0,-5.7,38.2,64.17,1.37,-17.41
1996-12-02,0.0,-5.98,54.73,64.08,1.53,-13.75
1996-12-03,0.0,-7.27,61.55,64.17,1.77,-13.77
1996-12-04,0.0,-6.65,40.24,64.2,1.43,-18.25
1996-12-05,0.0,-7.03,51.92,64.07,1.45,-15.6
1996-12-06,0.0,-7.54,52.13,64.15,1.47,-16.57
1996-12-07,0.0,-7.38,32.42,64.29,1.61,-21.3
1996-12-08,0.0,-7.18,19.67,64.23,1.36,-26.01
1996-12-09,0.0,-5.93,18.57,64.21,1.36,-25.03
1996-12-10,0.0,-4.71,18.44,64.29,1.11,-24.44
1996-12-11,0.0,-3.65,19.87,64.38,1.23,-22.41
1996-12-12,0.0,-3.47,29.2,64.46,1.26,-18.06
1996-12-13,0.0,-4.53,33.63,64.43,1.46,-17.93
1996-12-14,0.0,-5.09,30.36,64.23,1.47,-19.33
1996-12-15,0.0,-3.99,21.88,64.11,1.12,-21.97
1996-12-16,0.0,-3.64,21.93,64.28,1.48,-21.31
1996-12-17,0.0,-4.92,27.59,64.41,1.31,-20.19
1996-12-18,0.0,-3.92,27.42,64.51,1.57,-19.62
1996-12-19,0.0,-3.14,22.88,64.56,1.39,-20.68
1996-12-20,0.0,-3.94,22.72,64.51,1.34,-21.34
1996-12-21,0.0,-4.37,22.24,64.45,1.18,-21.95
1996-12-22,0.0,-4.47,22.23,64.43,1.24,-21.93
1996-12-23,0.0,-4.49,23.8,64.4,1.28,-21.15
1996-12-24,0.0,-3.62,26.11,64.38,1.36,-19.68
1996-12-25,0.0,-4.9,88.59,64.37,1.58,-6.86
1996-12-26,0.12,-5.14,73.36,64.28,1.24,-9.68
1996-12-27,0.0,-6.67,48.29,64.24,1.4,-16.96
1996-12-28,0.0,-5.35,27.99,64.3,1.56,-20.61
1996-12-29,0.0,-3.77,27.9,64.36,1.54,-19.29
1996-12-30,0.0,-3.21,24.91,64.49,1.57,-19.95
1996-12-31,0.0,-2.91,22.12,64.58,1.42,-21.04
1997-01-01,0.0,-4.09,23.96,64.53,1.49,-21.19
1997-01-02,0.0,-3.15,22.6,64.37,1.37,-20.56
1997-01-03,0.0,-2.79,25.39,64.26,1.26,-19.23
1997-01-04,0.0,-4.12,34.39,64.2,1.08,-17.26
1997-01-05,0.0,-7.16,62.98,64.08,1.54,-13.59
1997-01-06,0.0,-8.62,48.56,64.14,1.42,-18.81
1997-01-07,0.0,-8.22,40.61,64.16,1.62,-19.47
1997-01-08,0.0,-8.88,48.35,64.23,1.47,-18.92
1997-01-09,0.0,-7.15,34.71,64.28,1.37,-20.08
1997-01-10,0.0,-6.85,28.2,64.31,1.36,-21.79
1997-01-11,0.0,-6.56,31.73,64.18,1.47,-20.12
1997-01-12,0.0,-7.61,33.3,64.14,1.59,-20.65
1997-01-13,0.0,-7.83,29.8,64.04,1.59,-21.69
1997-01-14,0.0,-8.84,38.34,63.96,1.55,-20.16
1997-01-15,0.0,-9.77,50.6,63.9,1.63,-18.33
1997-01-16,0.0,-9.66,45.38,63.81,1.53,-19.92
1997-01-17,0.0,-7.34,32.9,63.98,1.6,-20.55
1997-01-18,0.0,-7.41,66.18,64.1,1.16,-13.23
1997-01-19,0.2,-9.21,96.33,63.43,3.0,-10.26
1997-01-20,9.25,-10.94,90.47,63.18,1.93,-12.76
1997-01-21,2.94,-12.52,79.31,63.42,1.29,-15.91
1997-01-22,0.12,-13.62,48.94,63.59,1.36,-22.04
1997-01-23,0.0,-10.0,53.49,63.64,1.57,-18.53
1997-01-24,0.0,-10.72,66.18,63.54,1.49,-16.5
1997-01-25,0.0,-11.71,42.39,63.71,1.47,-21.97
1997-01-26,0.0,-6.97,33.96,64.06,1.15,-19.93
1997-01-27,0.12,-8.4,90.63,63.97,2.12,-10.24
1997-01-28,0.0,-9.12,54.15,63.94,1.75,-17.6
1997-01-29,0.0,-6.5,43.63,63.94,1.63,-17.2
1997-01-30,0.0,-7.53,65.4,63.81,1.78,-13.76
1997-01-31,0.0,-9.24,61.4,63.56,1.83,-16.01
1997-02-01,0.0,-10.65,56.78,63.55,1.8,-18.21
1997-02-02,0.15,-8.28,86.42,63.4,2.57,-10.67
1997-02-03,1.06,-9.36,86.65,63.45,1.94,-11.97
1997-02-04,0.0,-9.94,66.79,63.53,1.67,-16.13
1997-02-05,0.0,-11.28,50.0,63.6,1.69,-20.49
1997-02-06,0.0,-9.75,36.73,63.63,1.49,-22.1
1997-02-07,0.0,-10.67,42.48,63.62,1.75,-21.26
1997-02-08,0.01,-10.29,54.61,63.45,1.95,-18.51
1997-02-09,0.96,-9.29,78.91,63.47,2.36,-13.14
1997-02-10,1.33,-10.45,82.8,63.51,2.43,-13.53
1997-02-11,1.33,-10.02,53.5,63.8,1.68,-19.1
1997-02-12,1.77,-7.26,34.11,64.03,1.54,-20.08
1997-02-13,0.0,-6.88,67.22,64.08,1.72,-12.54
1997-02-14,0.0,-8.17,70.2,63.81,2.01,-13.46
1997-02-15,0.02,-9.23,50.11,63.61,1.84,-18.66
1997-02-16,0.01,-9.53,54.91,63.61,1.83,-18.02
1997-02-17,0.0,-8.9,50.61,63.71,1.82,-18.48
1997-02-18,0.0,-9.2,60.35,63.78,2.26,-15.63
1997-02-19,0.94,-9.32,53.82,63.84,1.44,-17.9
1997-02-20,0.0,-8.09,46.19,64.06,1.85,-18.28
1997-02-21,0.0,-7.35,49.28,64.04,1.73,-16.42
1997-02-22,0.0,-7.93,54.52,63.95,2.07,-16.38
1997-02-23,0.0,-5.61,45.55,64.09,1.69,-16.03
1997-02-24,0.0,-4.2,68.81,64.3,1.78,-9.87
1997-02-25,0.0,-3.83,85.48,64.23,3.18,-6.22
1997-02-26,0.0,-5.94,68.34,64.11,2.0,-11.44
1997-02-27,0.0,-5.8,43.45,64.07,1.86,-17.4
1997-02-28,0.0,-2.8,35.29,64.34,1.84,-16.61
1997-03-01,0.0,-1.22,46.25,64.47,1.98,-11.88
1997-03-02,0.11,-3.47,79.07,64.34,3.27,-7.4
1997-03-03,0.0,-4.1,59.07,64.3,1.6,-12.39
1997-03-04,0.0,-3.34,47.33,64.3,1.88,-13.63
1997-03-05,0.0,-3.43,43.1,64.37,1.85,-15.7
1997-03-06,0.0,-2.02,40.22,64.47,1.79,-13.72
1997-03-07,0.0,-1.97,59.16,64.63,1.76,-9.51
1997-03-08,0.0,-1.29,59.64,64.56,2.02,-8.9
1997-03-09,0.0,-0.8,53.15,64.44,1.95,-10.07
1997-03-10,0.0,-2.17,50.82,64.46,1.76,-12.7
1997-03-11,0.0,-1.47,71.94,64.49,2.6,-6.67
1997-03-12,0.0,-3.15,52.08,64.31,2.1,-12.67
1997-03-13,0.01,-3.87,53.4,64.08,1.81,-12.72
1997-03-14,0.02,-3.92,52.75,64.03,1.64,-13.46
1997-03-15,0.67,-3.29,85.28,64.11,2.52,-5.79
1997-03-16,3.74,-3.72,80.77,64.15,2.28,-7.0
1997-03-17,2.56,-2.26,55.46,64.15,1.51,-10.91
1997-03-18,5.21,-3.11,83.17,64.15,1.63,-5.88
1997-03-19,2.21,-3.91,84.02,63.97,2.32,-6.81
1997-03-20,0.51,-5.0,74.1,63.74,2.15,-9.56
1997-03-21,0.21,-5.01,63.66,63.76,2.05,-12.31
1997-03-22,0.17,-5.95,76.42,63.8,2.01,-10.25
1997-03-23,0.0,-5.76,58.99,63.88,2.06,-13.23
1997-03-24,0.33,-4.68,47.8,64.01,2.01,-15.43
1997-03-25,0.4,-3.11,51.67,64.16,2.05,-13.03
1997-03-26,0.0,-2.34,49.84,64.3,1.94,-12.57
1997-03-27,0.0,-0.41,48.66,64.43,1.84,-10.58
1997-03-28,0.02,-2.14,81.4,64.32,1.38,-5.25
1997-03-29,1.03,-2.96,87.02,63.94,1.35,-5.09
1997-03-30,6.49,-0.57,73.92,63.97,1.55,-6.08
1997-03-31,0.47,-1.06,74.32,64.2,1.61,-5.73
1997-04-01,0.31,-1.85,81.21,63.98,2.0,-5.35
1997-04-02,1.87,-2.4,71.72,63.95,1.77,-7.74
1997-04-03,9.86,-3.4,82.92,63.85,1.99,-6.39
1997-04-04,29.49,-6.27,87.58,64.02,1.62,-8.64
1997-04-05,0.91,-9.04,82.31,63.98,1.74,-12.15
1997-04-06,3.3,-6.79,73.46,64.06,1.79,-11.46
1997-04-07,0.0,-3.53,63.79,64.06,1.92,-10.59
1997-04-08,0.0,-2.21,74.68,64.15,1.87,-6.99
1997-04-09,0.38,-1.74,85.61,64.18,1.73,-4.39
1997-04-10,3.39,-1.7,65.21,64.2,1.45,-8.71
1997-04-11,0.23,-1.48,65.92,64.37,2.03,-8.11
1997-04-12,0.0,-0.6,69.18,64.34,1.99,-6.68
1997-04-13,0.0,0.55,56.62,64.22,1.95,-8.21
1997-04-14,0.0,0.49,65.99,64.35,2.02,-5.92
1997-04-15,0.0,0.11,72.72,64.34,2.6,-5.24
1997-04-16,11.49,-2.06,78.99,64.12,2.26,-6.08
1997-04-17,0.03,-2.44,75.6,64.1,1.48,-7.0
1997-04-18,0.0,-3.18,71.46,64.32,1.55,-8.35
1997-04-19,0.0,-1.0,71.54,64.41,1.59,-5.96
1997-04-20,0.0,1.04,62.07,64.41,1.71,-6.52
1997-04-21,0.0,2.33,61.78,64.42,1.68,-4.89
1997-04-22,0.0,2.78,66.37,64.51,1.48,-3.59
1997-04-23,0.0,3.83,60.5,64.62,1.83,-3.76
1997-04-24,0.0,4.57,58.81,64.57,1.81,-3.6
1997-04-25,0.0,4.36,58.94,64.45,1.94,-3.71
1997-04-26,0.0,3.86,59.52,64.55,1.67,-4.16
1997-04-27,0.03,3.11,68.52,64.57,1.64,-2.69
1997-04-28,0.03,3.18,69.87,64.57,1.73,-3.01
1997-04-29,0.44,3.24,67.46,64.52,1.93,-3.87
1997-04-30,0.15,2.5,70.46,64.58,1.85,-3.21
1997-05-01,0.0,2.97,72.25,64.5,1.94,-2.47
1997-05-02,1.78,2.37,75.43,64.46,1.98,-1.99
1997-05-03,30.47,2.49,77.35,64.36,1.86,-1.51
1997-05-04,0.7,1.49,76.16,64.26,1.42,-2.94
1997-05-05,3.43,2.45,78.12,64.2,1.45,-1.4
1997-05-06,0.17,3.52,78.0,64.24,1.67,-0.32
1997-05-07,0.06,3.6,77.13,64.25,2.23,-0.61
1997-05-08,3.51,0.69,80.11,64.27,2.56,-2.95
1997-05-09,16.78,-0.48,59.64,64.22,2.15,-8.84
1997-05-10,7.27,-0.7,54.58,64.08,1.97,-9.45
1997-05-11,0.0,0.89,47.65,64.23,2.17,-9.56
1997-05-12,0.0,1.23,64.27,64.28,2.32,-4.98
1997-05-13,0.0,1.27,59.6,64.34,2.12,-6.49
1997-05-14,0.0,1.58,61.35,64.46,2.4,-5.57
1997-05-15,0.0,2.8,51.06,64.48,2.05,-7.0
1997-05-16,0.0,3.4,52.5,64.36,2.1,-6.25
1997-05-17,0.0,3.5,47.91,64.32,2.22,-7.08
1997-05-18,0.0,2.24,48.65,64.31,1.82,-7.89
1997-05-19,0.0,3.78,47.1,64.12,1.87,-7.47
1997-05-20,0.0,4.27,41.8,64.12,2.25,-8.28
1997-05-21,0.0,4.46,38.13,64.26,1.99,-8.87
1997-05-22,0.0,5.25,44.11,64.42,1.98,-6.43
1997-05-23,0.0,4.67,53.45,64.44,1.9,-4.48
1997-05-24,0.0,3.9,64.22,64.41,1.62,-2.55
1997-05-25,2.77,4.35,63.03,64.32,1.73,-2.47
1997-05-26,0.03,5.95,60.81,64.36,2.01,-1.79
1997-05-27,0.0,6.0,59.68,64.4,2.23,-2.19
1997-05-28,0.01,5.98,62.55,64.47,2.07,-1.84
1997-05-29,0.83,5.28,64.18,64.37,2.08,-1.6
1997-05-30,0.15,4.63,72.69,64.35,2.22,-0.39
1997-05-31,1.92,5.12,67.68,64.42,1.92,-1.62
1997-06-01,1.05,5.17,70.42,64.32,2.02,-0.43
1997-06-02,0.69,4.45,73.36,64.26,1.78,-0.48
1997-06-03,0.72,5.01,78.97,64.35,2.01,1.16
1997-06-04,0.06,6.41,82.77,64.52,2.14,3.22
1997-06-05,15.04,6.68,81.77,64.42,1.89,3.3
1997-06-06,0.2,6.33,79.54,64.28,1.86,2.6
1997-06-07,8.87,6.48,82.59,64.33,1.91,3.21
1997-06-08,0.09,7.13,76.16,64.43,2.03,2.53
1997-06-09,0.0,7.3,70.36,64.41,1.95,1.3
1997-06-10,0.14,6.6,63.36,64.32,2.01,-1.1
1997-06-11,0.0,7.14,63.79,64.29,1.99,0.19
1997-06-12,0.0,6.62,69.74,64.38,2.04,0.77
1997-06-13,3.38,7.46,69.67,64.52,2.3,1.48
1997-06-14,0.0,7.91,70.89,64.46,2.08,2.12
1997-06-15,0.0,8.69,61.73,64.48,2.03,0.22
1997-06-16,0.0,9.23,62.49,64.47,1.89,1.39
1997-06-17,0.0,9.18,57.96,64.32,2.0,0.08
1997-06-18,0.0,9.33,56.91,64.28,2.17,-0.16
1997-06-19,2.64,8.86,68.8,64.26,2.04,2.49
1997-06-20,4.58,8.57,71.77,64.34,1.86,2.61
1997-06-21,11.55,10.7,73.75,64.36,1.91,5.05
1997-06-22,0.88,10.55,78.43,64.36,2.19,6.32
1997-06-23,0.0,10.84,74.81,64.27,2.25,5.73
1997-06-24,6.04,10.8,75.65,64.2,2.15,5.79
1997-06-25,1.43,11.05,72.93,64.13,2.01,5.36
1997-06-26,5.86,10.42,69.98,64.13,2.09,4.22
1997-06-27,2.95,9.65,70.0,64.02,2.02,3.5
1997-06-28,1.01,9.21,70.73,63.82,2.12,3.08
1997-06-29,1.02,8.86,66.87,63.79,1.97,1.69
1997-06-30,10.76,8.73,66.3,63.93,2.17,1.4
1997-07-01,0.95,9.01,64.05,64.06,2.07,0.88
1997-07-02,0.43,10.31,70.27,64.08,2.15,3.98
1997-07-03,0.0,10.98,65.72,64.21,1.87,3.57
1997-07-04,0.0,11.57,61.82,64.27,1.91,3.12
1997-07-05,0.4,12.0,65.75,64.31,2.05,4.29
1997-07-06,13.03,11.97,68.65,64.32,1.88,5.13
1997-07-07,2.51,12.11,69.78,64.22,1.79,5.63
1997-07-08,17.7,12.59,77.8,64.19,1.86,7.93
1997-07-09,1.74,12.44,79.89,64.07,2.25,8.37
1997-07-10,5.05,12.23,79.56,63.9,2.33,8.12
1997-07-11,22.1,10.86,76.52,63.95,2.14,6.01
1997-07-12,1.37,11.06,83.81,64.08,2.01,8.01
1997-07-13,1.09,11.84,83.78,64.17,2.14,8.79
1997-07-14,0.99,12.38,80.47,64.26,2.07,8.48
1997-07-15,12.12,12.79,77.01,64.14,1.96,7.76
1997-07-16,7.99,13.71,77.51,64.11,1.71,8.73
1997-07-17,5.63,14.84,65.07,64.23,1.41,5.26
1997-07-18,1.39,14.61,74.08,64.43,1.71,8.14
1997-07-19,0.73,13.54,82.06,64.51,1.55,9.7
1997-07-20,3.39,12.28,85.54,64.43,1.42,9.43
1997-07-21,16.01,10.8,89.87,64.4,1.45,8.94
1997-07-22,1.58,9.89,80.03,64.45,1.51,6.15
1997-07-23,2.44,10.91,77.57,64.4,1.96,6.62
1997-07-24,0.71,12.06,84.86,64.32,2.06,9.19
1997-07-25,0.59,11.02,86.23,64.32,1.6,8.57
1997-07-26,0.44,12.29,80.26,64.32,1.81,8.36
1997-07-27,4.17,12.45,84.92,64.35,1.54,9.5
1997-07-28,10.78,12.33,85.63,64.36,1.96,9.56
1997-07-29,5.97,9.96,92.11,64.21,1.71,8.51
1997-07-30,2.8,10.92,83.64,64.16,1.89,7.76
1997-07-31,1.76,10.01,86.48,64.17,1.91,7.59
1997-08-01,2.33,9.91,82.43,64.18,1.88,6.67
1997-08-02,13.28,9.15,86.43,64.04,1.5,6.68
1997-08-03,10.1,9.21,88.07,64.0,2.16,6.97
1997-08-04,0.21,8.31,71.8,64.01,1.87,2.46
1997-08-05,0.0,8.43,71.89,64.19,1.93,2.49
1997-08-06,0.52,10.21,71.92,64.35,1.83,4.18
1997-08-07,1.93,11.76,76.66,64.41,1.75,7.05
1997-08-08,8.33,12.55,83.81,64.5,1.66,9.29
1997-08-09,6.88,13.19,85.06,64.52,1.54,10.22
1997-08-10,4.76,12.93,86.97,64.47,1.81,10.43
1997-08-11,1.01,12.14,86.33,64.33,2.12,9.55
1997-08-12,19.57,10.14,88.36,64.29,2.36,7.98
1997-08-13,9.48,7.6,83.04,64.29,1.53,4.52
1997-08-14,4.53,7.86,79.3,64.34,1.91,4.05
1997-08-15,0.6,9.0,82.9,64.43,1.53,5.75
1997-08-16,0.08,10.29,77.04,64.46,1.66,5.82
1997-08-17,0.0,11.32,79.08,64.38,1.71,7.17
1997-08-18,0.21,12.56,78.13,64.32,1.66,7.75
1997-08-19,5.19,12.98,66.0,64.37,1.29,3.89
1997-08-20,2.52,12.6,62.6,64.53,1.41,2.94
1997-08-21,0.25,12.51,73.01,64.56,1.72,5.82
1997-08-22,0.27,10.64,87.13,64.48,1.65,8.2
1997-08-23,2.11,10.36,86.04,64.38,1.87,7.76
1997-08-24,5.45,8.57,89.22,64.33,1.49,6.72
1997-08-25,2.03,7.76,79.53,64.27,1.03,4.22
1997-08-26,1.79,8.61,84.12,64.23,2.02,5.78
1997-08-27,4.11,7.87,86.95,64.36,2.28,5.58
1997-08-28,11.78,7.65,85.81,64.41,1.62,5.17
1997-08-29,1.65,7.93,83.0,64.35,1.63,4.78
1997-08-30,0.21,8.31,74.04,64.36,1.71,3.18
1997-08-31,4.51,7.94,68.91,64.38,1.75,1.49
1997-09-01,0.24,7.44,65.29,64.45,1.83,-0.19
1997-09-02,0.79,8.88,71.38,64.44,1.51,3.42
1997-09-03,1.59,9.46,82.09,64.45,1.68,6.13
1997-09-04,0.02,10.05,81.14,64.48,1.69,6.5
1997-09-05,0.0,10.63,80.72,64.53,1.83,7.03
1997-09-06,0.3,10.91,85.31,64.55,1.96,8.23
1997-09-07,2.46,10.16,85.97,64.65,1.85,7.64
1997-09-08,2.73,9.91,83.63,64.73,1.71,6.69
1997-09-09,0.02,9.49,86.34,64.69,2.12,6.89
1997-09-10,0.54,9.22,81.49,64.65,1.83,5.62
1997-09-11,6.88,9.07,75.56,64.56,1.54,3.86
1997-09-12,2.53,7.84,74.51,64.47,1.7,2.48
1997-09-13,0.07,8.35,71.61,64.53,1.72,2.28
1997-09-14,1.11,8.55,75.34,64.54,1.62,3.52
1997-09-15,0.03,9.46,79.29,64.49,1.59,5.3
1997-09-16,7.11,8.92,79.34,64.53,1.57,4.78
1997-09-17,0.72,7.95,74.57,64.68,1.52,2.79
1997-09-18,0.64,7.73,69.57,64.6,1.46,1.09
1997-09-19,2.21,8.69,66.11,64.53,1.56,1.29
1997-09-20,3.63,8.0,80.15,64.62,1.45,4.1
1997-09-21,3.22,6.15,78.61,64.61,1.65,2.02
1997-09-22,0.0,5.38,63.06,64.53,1.65,-2.08
1997-09-23,0.0,5.56,65.12,64.48,1.63,-1.36
1997-09-24,0.0,6.71,51.87,64.43,1.51,-3.69
1997-09-25,0.0,6.77,48.68,64.43,1.63,-3.93
1997-09-26,0.0,5.13,51.82,64.37,1.63,-5.03
1997-09-27,0.0,4.15,59.32,64.28,1.78,-3.83
1997-09-28,0.09,2.96,60.62,64.33,1.78,-4.43
1997-09-29,0.0,2.41,71.83,64.38,1.53,-2.69
1997-09-30,3.23,1.39,78.59,64.25,1.54,-2.38
1997-10-01,0.47,1.67,76.63,64.35,1.53,-2.45
1997-10-02,0.31,2.44,75.44,64.44,1.33,-2.36
1997-10-03,0.5,2.47,76.93,64.52,1.6,-1.89
1997-10-04,0.64,2.5,79.55,64.55,1.49,-1.42
1997-10-05,0.8,0.89,79.82,64.48,1.32,-2.42
1997-10-06,1.12,1.15,78.76,64.45,1.47,-2.63
1997-10-07,1.13,1.43,80.72,64.56,1.49,-1.98
1997-10-08,0.01,1.95,73.06,64.67,1.22,-2.93
1997-10-09,0.0,2.1,73.57,64.7,1.51,-2.61
1997-10-10,0.0,0.85,76.35,64.63,1.36,-3.39
1997-10-11,1.94,0.32,66.76,64.51,1.52,-5.86
1997-10-12,0.02,0.63,72.86,64.61,1.42,-4.35
1997-10-13,0.0,0.78,65.77,64.52,1.74,-5.87
1997-10-14,0.0,0.51,56.43,64.52,1.47,-8.45
1997-10-15,0.0,0.18,57.5,64.46,1.57,-8.24
1997-10-16,0.0,1.14,67.87,64.58,1.37,-4.98
1997-10-17,0.01,0.59,70.92,64.68,1.17,-4.56
1997-10-18,0.0,0.9,64.87,64.65,1.41,-5.88
1997-10-19,0.23,-0.45,71.59,64.5,1.14,-5.41
1997-10-20,1.93,-1.1,85.1,64.42,1.9,-3.67
1997-10-21,0.08,-0.8,77.06,64.43,1.43,-5.21
1997-10-22,0.0,-1.62,74.18,64.33,1.47,-6.4
1997-10-23,0.0,-2.55,72.0,64.28,1.08,-7.39
1997-10-24,2.62,-1.61,73.97,64.39,1.34,-6.19
1997-10-25,0.25,-0.46,76.84,64.51,1.44,-5.14
1997-10-26,0.0,-1.4,70.47,64.55,1.55,-6.76
1997-10-27,0.0,-1.26,81.42,64.46,1.41,-4.65
1997-10-28,0.32,-2.04,80.93,64.34,1.79,-5.27
1997-10-29,0.15,-2.67,88.48,64.36,1.76,-4.69
1997-10-30,0.02,-1.17,73.84,64.58,1.39,-6.04
1997-10-31,0.0,-1.31,67.21,64.65,1.36,-7.43
1997-11-01,0.0,-2.01,59.42,64.61,1.65,-10.21
1997-11-02,0.0,-1.73,41.85,64.63,1.57,-13.95
1997-11-03,0.0,-0.9,44.4,64.72,1.53,-11.96
1997-11-04,0.0,0.11,50.3,64.82,1.36,-9.64
1997-11-05,0.0,0.98,47.5,64.81,1.42,-9.58
1997-11-06,0.0,-0.02,48.15,64.81,1.14,-10.2
1997-11-07,0.0,0.2,53.15,64.8,1.34,-8.73
1997-11-08,0.0,-2.29,64.66,64.6,1.29,-8.98
1997-11-09,3.46,-3.84,87.9,64.19,2.8,-5.99
1997-11-10,1.65,-4.2,90.5,64.21,2.68,-5.77
1997-11-11,0.0,-4.7,77.5,64.23,1.32,-8.65
1997-11-12,0.0,-4.78,55.24,64.19,1.48,-13.29
1997-11-13,0.0,-3.39,47.05,64.29,1.37,-14.25
1997-11-14,0.0,-2.06,44.27,64.37,1.45,-13.17
1997-11-15,0.0,-2.17,42.69,64.32,1.44,-14.14
1997-11-16,0.0,-2.29,50.64,64.31,1.38,-11.54
1997-11-17,0.0,-3.8,81.18,64.31,1.46,-7.11
1997-11-18,0.0,-4.62,79.29,64.13,1.27,-8.3
1997-11-19,0.0,-5.54,85.73,64.06,1.34,-8.27
1997-11-20,0.0,-5.23,72.47,64.26,1.11,-10.37
1997-11-21,0.0,-5.25,59.73,64.42,1.44,-12.98
1997-11-22,0.0,-4.22,56.34,64.42,1.29,-12.16
1997-11-23,0.0,-5.19,88.39,64.15,1.46,-7.35
1997-11-24,0.09,-4.22,83.89,64.04,1.48,-7.31
1997-11-25,5.53,-4.12,92.86,63.93,2.8,-5.45
1997-11-26,9.75,-5.79,95.34,63.95,3.42,-6.65
1997-11-27,0.27,-7.56,76.74,64.17,1.18,-11.6
1997-11-28,0.0,-5.24,49.91,64.36,1.26,-13.81
1997-11-29,0.0,-4.95,46.09,64.39,1.41,-14.46
1997-11-30,9.4,-5.78,59.24,64.17,1.43,-13.35
1997-12-01,4.93,-7.25,83.03,64.03,0.89,-10.61
1997-12-02,0.02,-7.42,57.59,64.34,1.43,-14.69
1997-12-03,0.0,-7.23,85.91,64.19,1.27,-9.97
1997-12-04,0.0,-8.61,87.56,64.17,1.17,-11.13
1997-12-05,0.0,-8.54,79.14,64.35,1.24,-12.43
1997-12-06,0.01,-6.62,64.91,64.47,1.2,-12.87
1997-12-07,0.0,-6.55,56.21,64.3,1.32,-14.56
1997-12-08,2.13,-5.41,76.81,64.1,1.41,-9.49
1997-12-09,15.81,-5.93,96.68,63.77,0.88,-7.04
1997-12-10,5.01,-8.63,91.53,63.92,1.08,-10.12
1997-12-11,0.04,-7.88,75.48,64.15,1.23,-11.9
1997-12-12,0.06,-6.32,77.46,64.2,1.16,-10.12
1997-12-13,3.97,-7.96,92.97,63.9,1.32,-9.77
1997-12-14,1.14,-10.66,82.25,63.88,1.21,-13.95
1997-12-15,0.0,-11.42,70.0,64.09,1.79,-16.44
1997-12-16,0.0,-8.56,90.31,64.17,1.16,-10.59
1997-12-17,0.02,-11.67,72.92,64.31,1.96,-16.43
1997-12-18,0.08,-10.76,59.43,64.3,1.74,-17.83
1997-12-19,0.01,-10.17,61.99,64.25,1.53,-16.83
1997-12-20,0.0,-8.47,52.82,64.26,1.32,-16.62
1997-12-21,0.02,-9.35,55.05,64.33,1.58,-17.32
1997-12-22,0.17,-8.82,56.48,64.29,1.74,-16.4
1997-12-23,0.0,-7.72,68.33,64.12,1.16,-13.01
1997-12-24,0.0,-10.38,61.37,64.06,1.72,-17.29
1997-12-25,0.0,-10.18,55.07,64.13,1.55,-18.02
1997-12-26,0.0,-9.21,48.84,64.15,1.32,-18.28
1997-12-27,0.0,-10.28,61.43,63.98,1.34,-16.72
1997-12-28,0.0,-10.33,86.97,64.03,1.71,-12.72
1997-12-29,0.03,-11.35,92.14,63.96,2.12,-12.82
1997-12-30,0.56,-10.98,89.67,63.85,1.4,-13.19
1997-12-31,0.0,-13.58,63.77,64.05,1.69,-19.95
1998-01-01,0.0,-10.85,44.88,64.12,1.45,-20.86
1998-01-02,0.0,-9.17,43.97,64.23,1.33,-19.42
1998-01-03,0.0,-8.53,49.32,64.55,1.73,-17.91
1998-01-04,0.0,-6.01,71.1,64.52,0.92,-11.02
1998-01-05,0.0,-6.31,77.53,64.12,1.19,-10.25
1998-01-06,0.0,-6.52,60.24,64.19,1.23,-13.86
1998-01-07,0.0,-4.18,83.7,64.34,1.01,-7.12
1998-01-08,0.0,-6.3,86.42,64.24,1.5,-9.11
1998-01-09,0.0,-7.37,84.67,64.08,1.38,-10.29
1998-01-10,0.0,-6.31,48.03,64.18,1.15,-16.06
1998-01-11,0.0,-7.4,92.33,64.11,1.38,-9.08
1998-01-12,0.56,-8.31,88.32,63.75,1.72,-10.35
1998-01-13,0.05,-8.4,71.55,63.67,1.36,-13.63
1998-01-14,0.07,-9.15,63.15,63.85,1.22,-15.94
1998-01-15,0.16,-8.45,94.86,63.59,3.96,-9.39
1998-01-16,0.0,-11.47,49.47,63.6,1.49,-20.8
1998-01-17,0.0,-11.38,60.9,63.66,1.61,-18.22
1998-01-18,0.0,-13.59,64.14,63.73,1.8,-19.71
1998-01-19,0.0,-11.94,51.72,63.8,1.65,-20.39
1998-01-20,0.0,-10.87,55.91,63.81,1.61,-18.43
1998-01-21,0.0,-12.1,60.96,63.8,1.55,-19.36
1998-01-22,0.0,-9.19,48.04,63.84,2.05,-19.06
1998-01-23,0.0,-10.53,69.82,63.84,1.54,-15.85
1998-01-24,0.0,-11.38,53.29,64.04,1.79,-19.64
1998-01-25,0.0,-9.26,48.25,64.16,1.55,-18.7
1998-01-26,0.0,-9.45,48.09,64.12,1.65,-18.93
1998-01-27,0.0,-8.41,45.64,64.2,1.38,-18.23
1998-01-28,0.1,-7.25,72.26,64.27,1.22,-11.98
1998-01-29,0.5,-6.76,87.63,64.2,1.3,-9.23
1998-01-30,0.0,-8.59,72.03,64.41,1.14,-13.42
1998-01-31,0.0,-6.51,81.09,64.41,0.96,-9.99
1998-02-01,0.01,-5.83,85.8,64.32,1.51,-8.57
1998-02-02,0.08,-6.7,92.07,64.09,2.04,-8.51
1998-02-03,0.0,-8.62,81.51,64.04,1.65,-11.88
1998-02-04,0.0,-10.45,62.93,63.97,1.52,-17.33
1998-02-05,0.0,-9.87,45.12,63.95,1.48,-20.45
1998-02-06,0.0,-9.4,49.13,63.85,1.58,-18.41
1998-02-07,0.02,-8.15,53.57,64.02,1.59,-16.37
1998-02-08,0.01,-7.04,50.97,64.24,1.58,-15.92
1998-02-09,0.0,-4.61,50.45,64.38,1.59,-13.92
1998-02-10,0.0,-3.24,55.07,64.56,1.7,-11.53
1998-02-11,0.0,-3.87,62.83,64.47,1.53,-10.71
1998-02-12,0.0,-2.73,62.14,64.41,1.82,-9.9
1998-02-13,0.0,-1.89,55.69,64.45,1.51,-10.31
1998-02-14,0.46,-4.74,70.2,64.31,2.38,-10.12
1998-02-15,0.13,-5.3,82.85,64.1,1.76,-8.32
1998-02-16,0.0,-5.99,69.77,64.0,2.35,-11.72
1998-02-17,0.03,-5.63,86.56,63.88,3.12,-7.84
1998-02-18,1.04,-7.01,88.02,63.69,3.26,-9.27
1998-02-19,0.16,-6.96,73.58,63.69,1.74,-11.91
1998-02-20,0.0,-5.61,47.93,63.95,1.96,-16.08
1998-02-21,0.0,-6.63,73.29,63.98,1.63,-11.45
1998-02-22,0.0,-7.86,74.11,63.86,2.21,-12.82
1998-02-23,0.29,-7.68,76.91,63.82,2.22,-11.57
1998-02-24,3.77,-6.13,90.65,63.65,3.99,-7.93
1998-02-25,6.72,-6.75,86.85,63.71,2.79,-9.09
1998-02-26,0.54,-7.22,79.73,63.86,1.44,-10.72
1998-02-27,0.0,-7.56,65.99,63.99,1.89,-13.76
1998-02-28,0.0,-7.27,74.48,64.09,2.09,-11.89
1998-03-01,0.0,-6.91,62.78,64.08,1.7,-13.69
1998-03-02,0.0,-4.14,49.59,64.27,1.65,-14.0
1998-03-03,0.47,-3.69,81.72,64.36,1.78,-6.63
1998-03-04,1.77,-4.91,92.61,64.27,2.28,-6.21
1998-03-05,11.79,-5.79,85.29,64.01,2.09,-8.63
1998-03-06,0.51,-8.01,86.09,63.74,1.95,-10.71
1998-03-07,0.12,-8.95,55.59,63.71,2.0,-16.99
1998-03-08,0.0,-7.17,49.2,63.67,1.67,-16.52
1998-03-09,0.0,-5.28,52.15,63.86,1.75,-13.73
1998-03-10,0.0,-5.13,63.84,63.92,1.64,-11.38
1998-03-11,0.58,-5.5,72.24,64.02,1.72,-10.65
1998-03-12,10.79,-5.96,85.79,63.92,2.05,-8.79
1998-03-13,5.78,-8.44,90.54,63.85,1.9,-10.52
1998-03-14,0.0,-7.87,64.04,64.02,1.91,-14.23
1998-03-15,0.0,-5.81,68.27,64.21,1.81,-11.56
1998-03-16,0.0,-4.78,60.54,64.45,1.97,-12.23
1998-03-17,0.0,-4.78,73.2,64.36,1.27,-9.66
1998-03-18,0.0,-3.73,79.22,64.23,1.46,-7.57
1998-03-19,0.06,-4.18,70.9,64.24,1.39,-9.6
1998-03-20,0.0,0.22,56.61,64.26,1.76,-8.31
1998-03-21,0.0,-0.52,70.29,64.37,1.44,-6.15
1998-03-22,0.0,-2.26,83.47,64.06,2.72,-5.33
1998-03-23,0.06,-4.25,65.3,63.81,2.82,-11.02
1998-03-24,0.06,-4.44,55.85,63.86,1.37,-12.6
1998-03-25,0.0,-2.45,38.23,63.96,1.65,-16.15
1998-03-26,0.0,0.19,32.9,64.24,1.57,-14.94
1998-03-27,0.0,0.0,44.76,64.5,1.73,-10.89
1998-03-28,0.2,-2.12,73.9,64.43,1.72,-6.53
1998-03-29,5.47,-3.09,82.13,64.19,2.2,-6.37
1998-03-30,0.0,-0.46,51.99,64.36,1.7,-11.15
1998-03-31,0.0,3.3,38.16,64.66,1.61,-10.17
1998-04-01,0.0,3.58,51.41,64.76,1.95,-6.11
1998-04-02,0.0,3.24,61.16,64.68,1.99,-4.02
1998-04-03,11.21,0.34,75.65,64.53,1.74,-3.78
1998-04-04,0.07,-0.46,59.27,64.52,1.82,-8.23
1998-04-05,0.0,0.14,58.33,64.65,1.94,-7.96
1998-04-06,0.0,2.63,54.03,64.61,1.87,-6.99
1998-04-07,0.0,2.74,58.3,64.54,1.76,-5.37
1998-04-08,1.71,1.04,81.62,64.27,2.8,-2.2
1998-04-09,2.59,-1.17,85.08,64.12,3.11,-3.82
1998-04-10,0.03,-0.9,54.86,64.28,2.03,-9.96
1998-04-11,0.0,-0.85,65.56,64.46,2.11,-7.0
1998-04-12,0.0,-0.7,61.48,64.22,2.02,-8.39
1998-04-13,0.0,0.12,63.85,64.05,1.75,-6.58
1998-04-14,0.0,1.17,59.55,64.39,2.02,-6.7
1998-04-15,0.0,1.55,53.67,64.58,1.89,-7.97
1998-04-16,0.0,2.74,51.25,64.52,1.76,-7.35
1998-04-17,0.0,4.48,42.31,64.52,1.99,-8.27
1998-04-18,0.0,4.18,42.44,64.6,2.04,-8.15
1998-04-19,0.0,4.24,46.96,64.5,1.97,-6.61
1998-04-20,0.0,4.05,46.38,64.4,2.07,-7.37
1998-04-21,0.0,4.57,46.82,64.42,1.92,-6.44
1998-04-22,0.0,4.84,54.92,64.46,2.08,-4.57
1998-04-23,0.0,5.59,54.11,64.4,2.02,-4.26
1998-04-24,0.0,5.59,53.43,64.57,1.88,-4.02
1998-04-25,1.81,5.94,60.89,64.71,2.21,-1.83
1998-04-26,3.61,2.83,73.88,64.65,2.51,-1.73
1998-04-27,0.0,4.82,40.82,64.62,2.19,-8.66
1998-04-28,0.0,4.87,38.89,64.54,2.25,-9.59
1998-04-29,0.0,5.74,38.8,64.49,2.08,-8.29
1998-04-30,0.0,3.98,59.08,64.54,1.61,-3.63
1998-05-01,0.0,6.09,59.99,64.61,2.07,-1.98
1998-05-02,0.0,6.39,61.92,64.72,1.98,-1.01
1998-05-03,0.0,6.48,61.64,64.78,2.07,-1.04
1998-05-04,0.0,6.74,43.99,64.54,2.23,-6.62
1998-05-05,0.0,7.05,35.49,64.47,2.04,-7.86
1998-05-06,10.06,4.23,47.8,64.62,1.63,-7.04
1998-05-07,15.26,1.22,84.21,64.59,1.81,-1.49
1998-05-08,0.56,0.14,76.6,64.43,2.26,-4.08
1998-05-09,0.0,-0.24,66.95,64.23,2.5,-5.91
1998-05-10,0.0,1.01,65.63,64.2,1.94,-5.75
1998-05-11,0.0,1.72,70.54,64.38,1.97,-3.85
1998-05-12,0.0,4.45,57.28,64.4,2.05,-4.65
1998-05-13,0.0,6.37,53.21,64.58,2.01,-3.3
1998-05-14,0.0,6.36,56.47,64.68,2.07,-2.31
1998-05-15,0.0,8.52,48.96,64.55,1.72,-2.82
1998-05-16,0.0,8.93,46.29,64.68,1.99,-2.73
1998-05-17,0.0,8.63,45.48,64.78,2.01,-3.76
1998-05-18,1.59,7.45,53.33,64.67,2.25,-2.64
1998-05-19,0.0,7.49,49.74,64.47,2.23,-3.77
1998-05-20,0.0,8.62,44.18,64.39,1.99,-4.23
1998-05-21,0.0,8.75,35.11,64.54,2.39,-7.52
1998-05-22,0.0,8.99,37.08,64.62,2.27,-5.99
1998-05-23,0.0,10.78,34.36,64.55,1.99,-6.5
1998-05-24,0.0,11.21,30.05,64.61,2.27,-7.16
1998-05-25,0.0,10.73,36.61,64.66,2.26,-4.48
1998-05-26,3.06,10.05,43.69,64.56,2.41,-3.39
1998-05-27,0.0,9.38,40.69,64.57,2.29,-5.1
1998-05-28,0.0,8.83,38.2,64.5,2.28,-5.96
1998-05-29,0.0,7.21,44.34,64.37,2.45,-4.76
1998-05-30,0.0,7.84,35.85,64.33,2.12,-8.06
1998-05-31,0.0,9.53,29.14,64.51,2.31,-8.72
1998-06-01,0.0,9.86,35.71,64.55,2.22,-5.16
1998-06-02,0.0,9.14,37.89,64.43,2.22,-6.25
1998-06-03,0.0,8.5,37.99,64.4,2.21,-7.02
1998-06-04,0.0,7.5,44.59,64.5,2.33,-4.58
1998-06-05,0.0,7.09,46.45,64.5,1.97,-5.47
1998-06-06,0.0,8.17,44.37,64.48,2.05,-4.63
1998-06-07,0.01,8.75,43.36,64.4,2.16,-4.3
1998-06-08,0.0,8.32,44.43,64.33,2.15,-5.14
1998-06-09,0.0,8.18,45.2,64.28,2.0,-4.71
1998-06-10,13.93,5.66,73.82,64.18,1.3,1.17
1998-06-11,9.64,7.24,87.91,64.1,3.13,5.16
1998-06-12,0.54,7.73,61.4,64.3,2.16,-0.65
1998-06-13,0.0,6.68,56.07,64.3,2.17,-3.0
1998-06-14,0.0,7.6,59.79,64.57,2.08,-0.99
1998-06-15,0.11,8.68,58.65,64.72,2.07,-0.72
1998-06-16,3.65,8.94,62.96,64.56,1.72,0.84
1998-06-17,2.67,8.12,80.24,64.38,1.69,4.59
1998-06-18,0.39,10.75,76.08,64.41,2.1,5.99
1998-06-19,0.0,12.1,64.49,64.49,2.12,4.44
1998-06-20,0.0,11.61,50.83,64.32,2.14,-0.25
1998-06-21,0.0,10.91,54.63,64.26,2.23,0.64
1998-06-22,0.01,10.88,54.83,64.28,2.08,0.62
1998-06-23,0.82,10.78,49.98,64.29,2.13,-1.26
1998-06-24,1.49,11.46,49.62,64.34,1.93,-0.86
1998-06-25,0.0,12.3,50.52,64.3,2.03,0.76
1998-06-26,0.16,12.1,57.64,64.29,2.26,2.63
1998-06-27,1.89,11.76,63.63,64.31,2.23,3.49
1998-06-28,0.46,12.09,66.38,64.4,2.16,4.29
1998-06-29,0.06,12.68,69.57,64.31,2.16,6.02
1998-06-30,11.55,11.71,85.41,64.23,2.31,9.0
1998-07-01,6.57,12.05,84.54,64.24,2.79,9.1
1998-07-02,1.4,11.8,82.2,64.3,2.26,8.41
1998-07-03,0.52,12.07,76.4,64.33,2.11,7.46
1998-07-04,19.25,12.92,77.36,64.3,2.14,8.23
1998-07-05,13.85,12.9,81.51,64.17,2.21,9.23
1998-07-06,13.8,12.53,77.3,64.08,2.24,7.88
1998-07-07,2.79,11.75,81.41,64.02,1.92,8.15
1998-07-08,0.67,13.91,74.46,64.1,2.0,7.93
1998-07-09,2.25,14.34,75.71,64.25,1.96,8.62
1998-07-10,7.83,14.21,78.47,64.23,1.75,9.41
1998-07-11,1.04,12.94,80.11,64.17,2.09,8.82
1998-07-12,15.55,11.85,79.86,64.19,2.39,7.76
1998-07-13,1.72,11.7,82.75,64.27,2.59,8.43
1998-07-14,14.33,10.83,85.16,64.32,1.79,8.11
1998-07-15,15.84,10.94,87.49,64.32,1.42,8.66
1998-07-16,6.25,11.19,85.86,64.29,1.84,8.53
1998-07-17,1.14,11.41,81.2,64.25,1.94,7.76
1998-07-18,1.48,11.87,80.02,64.42,1.94,7.95
1998-07-19,11.01,11.09,78.41,64.42,1.98,6.84
1998-07-20,5.66,11.32,79.98,64.28,1.86,7.18
1998-07-21,0.17,11.12,78.83,64.25,2.05,6.92
1998-07-22,0.0,11.3,77.01,64.19,1.99,6.52
1998-07-23,10.63,11.0,80.99,64.25,2.07,7.34
1998-07-24,3.82,10.37,77.11,64.19,1.95,5.61
1998-07-25,2.15,11.23,80.54,64.19,1.88,7.35
1998-07-26,1.34,12.14,81.05,64.23,1.82,8.29
1998-07-27,1.16,12.14,70.5,64.28,1.88,5.31
1998-07-28,5.26,11.11,73.08,64.36,1.83,5.35
1998-07-29,0.37,11.65,71.86,64.47,1.97,5.61
1998-07-30,1.74,12.08,84.5,64.51,2.03,9.18
1998-07-31,0.82,12.52,84.69,64.51,2.16,9.6
1998-08-01,13.51,12.62,83.92,64.47,2.11,9.56
1998-08-02,9.45,12.45,80.77,64.39,1.89,8.56
1998-08-03,1.93,11.38,82.66,64.32,1.86,8.05
1998-08-04,0.14,11.93,80.64,64.18,1.95,8.17
1998-08-05,8.8,11.67,86.4,64.25,2.33,9.14
1998-08-06,5.48,11.29,76.22,64.3,1.83,6.34
1998-08-07,0.36,11.89,82.21,64.41,1.99,8.45
1998-08-08,0.33,12.49,81.38,64.46,1.87,8.9
1998-08-09,4.16,12.74,82.03,64.36,1.88,9.3
1998-08-10,7.33,12.67,85.94,64.39,2.29,10.06
1998-08-11,8.05,12.25,84.46,64.33,2.06,9.31
1998-08-12,2.83,11.87,80.79,64.16,1.82,8.07
1998-08-13,3.95,11.68,84.77,64.15,2.19,8.77
1998-08-14,14.05,11.13,83.32,64.33,1.98,7.96
1998-08-15,13.86,11.27,87.2,64.49,2.36,8.91
1998-08-16,12.33,10.67,87.89,64.52,1.81,8.43
1998-08-17,2.21,11.35,82.81,64.32,1.7,8.07
1998-08-18,0.26,11.16,80.18,64.37,1.75,7.27
1998-08-19,1.51,10.85,80.93,64.49,1.63,7.24
1998-08-20,11.03,11.04,82.49,64.43,1.75,7.7
1998-08-21,10.25,10.64,80.11,64.43,1.61,6.49
1998-08-22,21.73,9.92,79.09,64.53,1.72,5.89
1998-08-23,3.84,10.59,79.25,64.66,1.63,6.25
1998-08-24,0.3,10.34,81.77,64.6,1.63,6.62
1998-08-25,10.69,9.59,80.21,64.5,1.61,5.58
1998-08-26,10.85,9.59,82.49,64.52,1.55,6.26
1998-08-27,8.6,9.71,88.13,64.58,1.77,7.53
1998-08-28,3.72,9.26,85.96,64.54,1.33,6.71
1998-08-29,0.14,10.54,78.03,64.36,1.54,6.02
1998-08-30,1.71,10.04,81.05,64.24,1.7,6.27
1998-08-31,0.23,8.84,73.65,64.33,1.73,3.51
1998-09-01,0.01,7.51,69.01,64.36,1.78,0.97
1998-09-02,0.32,8.03,77.72,64.37,1.67,3.57
1998-09-03,1.13,8.17,84.09,64.51,1.7,5.21
1998-09-04,0.18,8.87,75.82,64.67,1.56,4.05
1998-09-05,0.0,8.48,69.19,64.66,1.65,1.66
1998-09-06,0.34,8.79,68.23,64.52,1.7,1.61
1998-09-07,0.09,8.95,77.78,64.56,1.77,4.62
1998-09-08,0.01,8.55,79.06,64.72,1.56,4.75
1998-09-09,1.38,8.95,71.45,64.62,1.75,3.18
1998-09-10,1.64,8.22,87.19,64.44,1.2,5.86
1998-09-11,0.44,7.92,77.79,64.45,1.5,3.68
1998-09-12,0.91,7.94,79.1,64.59,1.69,4.02
1998-09-13,5.91,7.35,82.67,64.55,1.27,4.26
1998-09-14,1.1,7.73,84.02,64.43,1.72,4.72
1998-09-15,0.8,8.28,79.7,64.38,1.66,4.15
1998-09-16,0.15,8.43,82.17,64.47,1.89,5.02
1998-09-17,0.04,9.11,72.76,64.69,1.26,3.85
1998-09-18,0.2,9.57,71.57,64.67,1.69,3.71
1998-09-19,0.05,9.29,78.46,64.61,1.84,5.18
1998-09-20,1.37,8.53,89.16,64.55,2.21,6.42
1998-09-21,12.86,6.81,90.94,64.45,1.41,5.14
1998-09-22,13.24,7.11,86.36,64.51,1.71,4.67
1998-09-23,8.12,6.81,83.58,64.59,1.55,3.85
1998-09-24,10.89,6.47,87.65,64.67,1.44,4.34
1998-09-25,1.37,8.1,81.46,64.78,1.55,4.58
1998-09-26,3.43,8.67,76.15,64.8,1.7,4.0
1998-09-27,0.28,8.92,79.43,64.83,1.5,4.98
1998-09-28,0.0,8.57,74.58,64.76,1.57,3.45
1998-09-29,0.0,8.15,72.13,64.64,1.61,2.41
1998-09-30,2.2,6.69,67.98,64.6,1.6,-0.19
1998-10-01,1.71,5.35,65.42,64.54,1.47,-1.74
1998-10-02,1.94,4.45,66.75,64.5,1.55,-1.77
1998-10-03,0.0,4.74,63.45,64.37,1.59,-2.27
1998-10-04,1.81,4.54,62.52,64.55,1.47,-2.8
1998-10-05,0.3,4.28,62.01,64.65,1.51,-3.35
1998-10-06,0.01,4.6,64.14,64.68,1.63,-2.64
1998-10-07,0.0,4.57,68.22,64.69,1.53,-1.94
1998-10-08,0.0,5.27,68.65,64.66,1.48,-1.36
1998-10-09,0.0,4.94,70.6,64.61,1.65,-1.16
1998-10-10,0.0,3.87,61.02,64.6,1.63,-4.32
1998-10-11,0.0,3.93,55.18,64.58,1.44,-5.22
1998-10-12,0.0,4.48,43.39,64.71,1.52,-7.78
1998-10-13,0.0,4.28,35.0,64.72,1.35,-10.34
1998-10-14,0.0,3.58,34.59,64.56,1.46,-10.84
1998-10-15,1.09,1.3,66.44,64.35,0.79,-4.57
1998-10-16,21.49,0.69,91.58,64.28,1.2,-0.62
1998-10-17,46.81,0.48,97.38,64.27,2.44,0.07
1998-10-18,8.87,1.5,88.54,64.25,1.1,-0.39
1998-10-19,0.04,-0.91,83.2,64.3,1.54,-4.29
1998-10-20,0.09,-0.07,79.51,64.43,1.41,-4.08
1998-10-21,0.0,-0.46,66.08,64.5,1.57,-6.89
1998-10-22,0.0,1.22,60.16,64.55,1.5,-6.32
1998-10-23,0.0,0.92,65.06,64.58,1.56,-5.64
1998-10-24,0.62,0.93,73.12,64.65,1.66,-3.95
1998-10-25,0.04,-0.06,78.46,64.56,1.53,-3.82
1998-10-26,0.0,-1.91,65.05,64.48,1.64,-8.67
1998-10-27,0.0,-1.95,53.31,64.44,1.62,-11.28
1998-10-28,0.0,0.1,48.7,64.63,1.55,-10.01
1998-10-29,0.0,-0.26,48.62,64.57,1.55,-10.46
1998-10-30,0.0,-1.61,60.49,64.56,1.65,-9.19
1998-10-31,0.0,-1.51,51.38,64.58,1.16,-11.49
1998-11-01,0.0,1.33,40.2,64.67,1.34,-11.41
1998-11-02,0.0,2.0,39.55,64.77,1.51,-10.6
1998-11-03,0.0,1.21,42.89,64.72,1.4,-10.52
1998-11-04,0.0,0.53,50.58,64.62,1.46,-9.34
1998-11-05,0.0,-1.15,69.73,64.56,1.47,-6.86
1998-11-06,0.18,-1.44,75.38,64.54,1.36,-6.52
1998-11-07,0.06,-2.52,76.77,64.4,1.32,-6.91
1998-11-08,0.18,-3.01,75.83,64.29,1.29,-7.43
1998-11-09,0.01,-3.24,71.79,64.35,1.46,-8.22
1998-11-10,0.0,-0.65,46.05,64.44,1.29,-11.87
1998-11-11,0.0,1.24,37.38,64.65,1.39,-12.28
1998-11-12,0.0,1.93,36.92,64.73,1.43,-11.36
1998-11-13,0.0,0.42,38.33,64.5,1.41,-12.35
1998-11-14,0.0,-1.23,40.63,64.47,1.51,-12.97
1998-11-15,0.0,-0.89,35.93,64.59,1.43,-14.41
1998-11-16,0.0,-0.96,35.46,64.51,1.36,-14.5
1998-11-17,0.0,-0.88,41.48,64.35,1.36,-12.52
1998-11-18,0.02,-1.86,53.2,64.28,1.42,-10.7
1998-11-19,0.04,-3.12,65.99,64.32,1.5,-9.34
1998-11-20,0.0,-3.64,60.93,64.39,1.42,-11.21
1998-11-21,0.0,-2.82,61.13,64.36,1.42,-10.16
1998-11-22,0.0,-2.4,66.94,64.4,1.39,-8.39
1998-11-23,0.0,-3.42,75.67,64.4,1.45,-8.07
1998-11-24,0.0,-3.9,67.39,64.44,1.59,-10.22
1998-11-25,0.0,-3.78,51.76,64.37,1.6,-13.39
1998-11-26,0.0,-3.78,47.38,64.35,1.47,-14.08
1998-11-27,0.0,-3.67,40.53,64.41,1.46,-15.94
1998-11-28,0.0,-2.31,29.46,64.44,1.1,-17.27
1998-11-29,0.0,-4.15,37.59,64.5,1.42,-16.9
1998-11-30,0.0,-4.0,34.77,64.56,1.16,-17.11
1998-12-01,0.0,-3.5,33.58,64.46,1.34,-17.2
1998-12-02,0.0,-2.82,38.88,64.47,1.31,-15.35
1998-12-03,0.0,-1.49,34.42,64.69,1.27,-15.09
1998-12-04,0.0,-0.78,38.64,64.7,1.31,-13.02
1998-12-05,0.0,-0.56,40.56,64.64,1.32,-12.62
1998-12-06,0.0,-0.4,38.03,64.79,1.36,-13.17
1998-12-07,0.0,-1.34,31.78,64.76,1.5,-15.92
1998-12-08,0.0,-3.48,34.14,64.48,1.46,-17.39
1998-12-09,0.0,-4.52,38.32,64.29,1.19,-16.83
1998-12-10,0.0,-5.23,32.98,64.42,1.7,-19.32
1998-12-11,0.0,-4.99,35.06,64.4,1.56,-18.47
1998-12-12,0.0,-2.68,31.19,64.54,1.49,-17.46
1998-12-13,0.0,-2.22,33.27,64.7,1.32,-16.39
1998-12-14,0.0,-1.88,37.77,64.69,1.29,-14.63
1998-12-15,0.0,-2.18,41.66,64.49,1.31,-13.59
1998-12-16,0.0,-3.14,41.33,64.38,1.17,-15.44
1998-12-17,0.0,-2.84,34.37,64.3,1.39,-16.46
1998-12-18,0.0,-2.23,29.75,64.32,1.43,-17.65
1998-12-19,0.0,-1.68,36.55,64.51,1.27,-14.69
1998-12-20,0.0,-3.25,67.52,64.23,0.93,-9.16
1998-12-21,0.0,-4.87,68.33,64.03,1.28,-10.49
1998-12-22,0.0,-5.88,59.63,64.08,1.54,-13.6
1998-12-23,0.0,-6.71,50.69,64.1,1.21,-15.57
1998-12-24,0.0,-7.09,47.8,64.23,1.26,-17.48
1998-12-25,0.0,-4.44,31.22,64.51,1.4,-19.01
1998-12-26,0.0,-2.43,31.21,64.37,1.25,-16.93
1998-12-27,0.0,-2.09,30.11,64.44,1.34,-17.16
1998-12-28,0.0,-2.68,35.56,64.48,1.16,-15.56
1998-12-29,0.0,-4.23,41.73,64.35,1.34,-15.24
1998-12-30,0.0,-6.5,66.99,64.0,1.97,-12.18
1998-12-31,0.0,-6.63,47.36,64.04,1.39,-18.31
1999-01-01,0.0,-4.44,30.96,64.33,1.62,-18.87
1999-01-02,0.0,-1.73,42.72,64.47,1.48,-12.71
1999-01-03,0.0,-2.62,53.18,64.33,1.47,-10.86
1999-01-04,0.0,-4.57,53.07,64.15,1.71,-12.77
1999-01-05,0.61,-6.0,59.46,63.97,2.05,-13.07
1999-01-06,4.41,-7.43,79.27,63.66,2.26,-10.97
1999-01-07,1.18,-9.02,92.53,63.48,1.56,-10.75
1999-01-08,0.19,-9.76,77.02,63.67,1.43,-13.72
1999-01-09,0.0,-10.05,68.33,63.53,1.06,-15.8
1999-01-10,0.0,-8.34,35.56,63.98,1.41,-20.74
1999-01-11,0.0,-4.97,60.72,64.1,1.48,-12.0
1999-01-12,0.0,-7.9,81.55,63.83,1.74,-11.09
1999-01-13,0.0,-8.23,70.52,63.92,1.4,-13.62
1999-01-14,0.0,-7.86,49.97,64.21,1.51,-16.97
1999-01-15,0.0,-7.08,41.65,64.26,1.47,-18.37
1999-01-16,0.0,-6.34,41.1,64.19,1.62,-17.46
1999-01-17,0.0,-5.95,38.42,64.27,1.43,-18.31
1999-01-18,0.0,-5.14,43.86,64.14,1.17,-15.57
1999-01-19,0.0,-5.61,62.47,64.15,1.56,-12.49
1999-01-20,0.05,-5.63,88.6,64.2,1.62,-7.76
1999-01-21,0.24,-6.56,92.16,64.15,2.0,-8.02
1999-01-22,0.0,-7.4,83.96,64.05,1.67,-10.43
1999-01-23,0.14,-7.5,83.34,64.01,1.85,-10.62
1999-01-24,0.11,-7.57,86.1,64.07,2.26,-10.21
1999-01-25,0.0,-7.77,69.38,64.07,1.57,-13.26
1999-01-26,0.0,-7.67,42.94,63.9,1.89,-18.65
1999-01-27,1.1,-7.59,76.55,63.69,2.37,-11.67
1999-01-28,12.49,-9.01,87.17,63.41,1.75,-11.46
1999-01-29,0.63,-10.79,79.2,63.63,1.43,-14.33
1999-01-30,0.0,-12.08,79.3,63.47,2.04,-15.28
1999-01-31,0.0,-11.23,80.22,63.54,1.56,-14.6
1999-02-01,0.0,-11.16,63.73,63.75,1.8,-17.07
1999-02-02,0.0,-10.96,76.31,64.01,2.14,-14.8
1999-02-03,0.0,-10.44,83.49,64.14,1.79,-13.32
1999-02-04,0.0,-9.75,61.2,64.19,1.58,-16.31
1999-02-05,0.0,-8.48,55.16,64.32,1.68,-16.8
1999-02-06,0.0,-6.28,45.31,64.48,1.4,-16.44
1999-02-07,0.04,-4.21,59.23,64.47,1.61,-11.42
1999-02-08,0.04,-4.14,84.18,64.35,1.48,-7.06
1999-02-09,0.0,-3.65,77.76,64.33,1.28,-8.04
1999-02-10,0.0,-3.62,79.63,64.41,1.55,-7.27
1999-02-11,0.0,-2.67,67.47,64.58,1.44,-8.66
1999-02-12,0.0,-2.38,72.18,64.78,1.57,-7.36
1999-02-13,0.0,-2.86,65.58,64.54,1.67,-9.21
1999-02-14,0.0,-3.01,42.79,64.5,1.76,-15.07
1999-02-15,0.0,-1.69,33.87,64.62,1.66,-15.6
1999-02-16,0.01,-1.12,35.98,64.7,1.13,-13.83
1999-02-17,0.0,-2.68,56.0,64.61,1.75,-11.24
1999-02-18,0.0,-3.95,60.68,64.46,1.82,-11.98
1999-02-19,0.0,-5.88,65.97,64.31,2.47,-12.55
1999-02-20,0.0,-4.56,39.63,64.37,1.68,-17.3
1999-02-21,0.0,-2.36,33.57,64.42,1.43,-16.25
1999-02-22,0.0,-1.76,52.21,64.54,1.54,-11.22
1999-02-23,0.9,-3.64,87.03,64.34,1.67,-5.88
1999-02-24,0.37,-4.91,87.14,64.09,3.26,-7.03
1999-02-25,0.01,-5.48,75.8,64.09,2.03,-10.2
1999-02-26,0.0,-5.43,69.92,64.08,1.86,-11.12
1999-02-27,0.0,-4.88,62.91,64.14,1.85,-12.03
1999-02-28,0.0,-4.89,64.01,64.21,1.96,-11.88
1999-03-01,0.0,-3.32,44.98,64.23,1.86,-15.14
1999-03-02,0.0,-0.47,42.99,64.25,1.67,-12.29
1999-03-03,0.0,0.4,49.48,64.41,1.83,-9.5
1999-03-04,0.09,-0.43,51.91,64.3,1.79,-9.58
1999-03-05,0.0,-1.25,50.95,64.19,1.46,-11.03
1999-03-06,0.0,-0.68,54.15,64.17,1.66,-9.74
1999-03-07,0.0,-1.66,80.86,64.17,2.87,-4.99
1999-03-08,0.57,-2.59,85.73,63.97,3.75,-4.78
1999-03-09,0.17,-2.95,71.18,63.86,3.12,-8.36
1999-03-10,0.0,-3.25,66.48,63.93,2.12,-9.12
1999-03-11,0.0,-3.2,59.27,63.9,2.42,-10.62
1999-03-12,0.0,-4.96,51.88,63.8,2.48,-14.21
1999-03-13,0.0,-4.0,38.3,63.86,1.45,-17.32
1999-03-14,0.0,-0.37,26.47,64.2,1.94,-17.16
1999-03-15,0.0,-0.94,35.86,64.29,2.01,-14.17
1999-03-16,0.0,-0.93,37.85,64.06,2.66,-13.85
1999-03-17,0.0,-2.36,44.94,63.91,3.66,-13.0
1999-03-18,0.0,-3.45,52.65,63.98,2.45,-12.02
1999-03-19,0.0,-3.77,46.15,64.01,2.41,-14.71
1999-03-20,0.0,-5.15,53.1,63.93,2.62,-13.79
1999-03-21,0.0,-2.42,38.66,63.92,2.05,-16.43
1999-03-22,0.0,-1.6,38.88,64.1,2.42,-14.22
1999-03-23,0.0,-2.78,53.66,64.18,1.97,-11.27
1999-03-24,0.0,-2.02,61.59,64.18,2.96,-8.91
1999-03-25,0.0,-2.24,76.85,64.1,2.9,-6.28
1999-03-26,0.07,-2.87,54.71,63.94,2.32,-12.07
1999-03-27,0.0,-1.2,22.9,64.01,2.34,-20.07
1999-03-28,0.0,2.07,28.43,64.21,1.91,-14.31
1999-03-29,0.0,3.76,33.94,64.64,1.87,-10.82
1999-03-30,0.0,3.18,35.91,64.62,1.88,-10.59
1999-03-31,0.0,1.55,40.04,64.46,2.03,-11.0
1999-04-01,0.14,0.4,55.94,64.4,2.22,-7.4
1999-04-02,0.4,1.04,56.6,64.46,3.42,-6.96
1999-04-03,0.0,1.0,44.42,64.56,2.16,-10.62
1999-04-04,0.0,2.04,34.87,64.46,2.04,-12.66
1999-04-05,0.0,3.14,30.85,64.45,2.13,-12.63
1999-04-06,0.0,2.96,31.54,64.4,2.02,-12.9
1999-04-07,0.0,4.23,34.42,64.24,1.97,-10.92
1999-04-08,0.07,3.3,44.15,64.37,1.98,-7.89
1999-04-09,0.0,3.14,36.86,64.41,2.11,-11.66
1999-04-10,0.0,4.88,37.79,64.53,2.11,-8.8
1999-04-11,0.0,4.88,36.73,64.61,2.42,-9.46
1999-04-12,0.0,3.97,36.33,64.59,2.99,-9.64
1999-04-13,0.0,3.05,29.36,64.4,2.67,-13.6
1999-04-14,0.0,2.02,24.13,64.26,2.6,-16.62
1999-04-15,0.0,1.62,21.1,64.25,2.21,-17.96
1999-04-16,0.0,2.61,21.17,64.32,2.01,-18.02
1999-04-17,0.0,3.11,24.14,64.31,2.3,-15.42
1999-04-18,0.0,2.83,32.79,64.3,2.23,-12.57
1999-04-19,0.0,4.88,30.12,64.4,1.89,-12.67
1999-04-20,0.0,5.97,21.57,64.58,2.28,-14.76
1999-04-21,0.0,6.24,26.35,64.75,2.5,-12.27
1999-04-22,0.0,5.01,30.29,64.55,2.26,-12.47
1999-04-23,0.0,5.71,25.88,64.27,2.16,-13.62
1999-04-24,0.0,5.69,30.94,64.25,2.52,-10.22
1999-04-25,0.0,5.22,27.94,64.32,2.3,-12.8
1999-04-26,0.0,5.62,22.67,64.33,2.29,-15.3
1999-04-27,0.0,5.78,20.38,64.38,2.29,-15.87
1999-04-28,0.0,5.84,17.43,64.45,2.41,-17.62
1999-04-29,0.0,7.1,18.81,64.41,2.19,-15.59
1999-04-30,0.0,7.8,23.15,64.43,2.37,-11.89
1999-05-01,0.0,6.54,37.87,64.52,2.7,-7.16
1999-05-02,0.32,6.6,34.69,64.49,2.22,-8.68
1999-05-03,0.03,6.6,30.5,64.52,2.34,-9.97
1999-05-04,0.01,7.43,31.11,64.63,1.98,-8.78
1999-05-05,0.0,7.65,38.4,64.59,2.38,-5.93
1999-05-06,0.0,8.09,31.52,64.47,2.02,-10.85
1999-05-07,0.0,7.67,26.02,64.32,2.35,-11.21
1999-05-08,0.18,5.26,54.42,64.4,1.85,-4.1
1999-05-09,0.0,5.38,57.31,64.41,1.75,-2.99
1999-05-10,0.34,5.11,56.84,64.4,1.89,-3.22
1999-05-11,0.01,5.0,53.46,64.41,1.87,-4.36
1999-05-12,0.27,5.37,54.15,64.4,2.16,-4.2
1999-05-13,0.0,4.02,56.23,64.18,2.42,-5.3
1999-05-14,0.0,3.85,57.56,64.01,2.33,-4.8
1999-05-15,0.0,6.43,41.62,64.26,2.39,-7.7
1999-05-16,0.0,7.6,33.51,64.37,1.98,-8.67
1999-05-17,0.0,8.46,31.98,64.45,2.31,-7.85
1999-05-18,0.0,7.48,38.79,64.5,2.01,-6.07
1999-05-19,0.0,7.85,37.23,64.43,1.95,-6.62
1999-05-20,0.0,8.2,38.01,64.42,2.08,-6.1
1999-05-21,0.24,7.9,54.53,64.35,2.11,-1.62
1999-05-22,0.03,8.6,67.57,64.28,2.11,2.15
1999-05-23,0.04,8.47,66.71,64.24,2.28,1.5
1999-05-24,0.01,8.63,76.75,64.01,2.83,4.11
1999-05-25,0.0,8.7,71.38,64.01,2.55,2.94
1999-05-26,0.0,8.79,46.93,64.2,2.04,-4.2
1999-05-27,0.0,9.12,35.01,64.42,2.35,-7.6
1999-05-28,0.0,8.52,23.32,64.31,2.38,-12.86
1999-05-29,0.0,7.33,20.13,64.05,2.28,-14.04
1999-05-30,0.0,6.76,37.33,64.05,2.32,-7.84
1999-05-31,1.21,5.77,50.06,64.18,2.47,-4.87
1999-06-01,2.03,3.74,58.92,64.2,2.01,-4.52
1999-06-02,0.65,3.3,66.86,64.06,2.21,-2.73
1999-06-03,0.88,2.53,64.8,64.03,2.21,-4.02
1999-06-04,0.77,2.87,75.16,64.2,2.04,-1.64
1999-06-05,0.01,5.06,58.09,64.19,2.05,-3.57
1999-06-06,0.0,8.07,41.32,64.26,2.0,-5.75
1999-06-07,0.29,9.69,35.46,64.37,2.06,-5.97
1999-06-08,0.0,10.23,37.4,64.34,2.11,-4.9
1999-06-09,0.01,10.08,53.78,64.38,2.26,0.11
1999-06-10,0.78,9.99,57.02,64.4,2.36,0.65
1999-06-11,3.94,9.07,52.98,64.37,2.1,-1.48
1999-06-12,5.36,8.52,60.54,64.25,1.95,0.16
1999-06-13,0.0,8.41,60.78,64.26,2.2,0.08
1999-06-14,0.0,8.94,48.28,64.32,2.02,-3.25
1999-06-15,0.09,10.31,41.16,64.33,2.07,-3.92
1999-06-16,17.07,10.74,50.17,64.35,2.05,-0.92
1999-06-17,12.55,9.92,62.16,64.43,1.88,1.79
1999-06-18,0.01,10.75,67.95,64.51,2.19,4.02
1999-06-19,0.26,11.63,74.78,64.45,2.22,6.38
1999-06-20,2.55,10.19,76.85,64.31,1.7,5.6
1999-06-21,0.25,10.36,60.66,64.19,2.18,0.73
1999-06-22,0.07,9.88,59.69,64.12,2.22,0.45
1999-06-23,0.0,9.14,70.48,64.09,2.25,3.1
1999-06-24,0.0,9.6,67.92,64.12,2.14,3.0
1999-06-25,0.0,10.84,54.48,64.07,1.93,-0.07
1999-06-26,12.59,10.4,60.63,64.19,2.19,1.84
1999-06-27,5.9,10.04,68.75,64.31,2.21,3.42
1999-06-28,1.1,10.91,70.76,64.35,2.08,3.94
1999-06-29,0.14,11.23,75.45,64.3,2.2,5.89
1999-06-30,0.13,11.46,68.2,64.28,2.13,4.21
1999-07-01,2.77,11.26,73.14,64.14,2.33,5.49
1999-07-02,0.74,11.19,77.03,64.0,2.73,6.59
1999-07-03,0.01,10.58,72.26,64.1,2.71,4.69
1999-07-04,3.17,9.67,72.93,64.26,2.48,4.13
1999-07-05,0.49,10.14,70.26,64.31,2.17,4.05
1999-07-06,0.09,10.73,72.64,64.36,2.19,5.2
1999-07-07,3.33,11.09,69.53,64.46,2.13,4.45
1999-07-08,0.37,12.0,71.07,64.48,1.93,5.76
1999-07-09,0.29,13.06,65.9,64.34,2.06,4.88
1999-07-10,0.01,12.89,62.07,64.16,2.38,4.02
1999-07-11,2.59,11.32,73.68,64.05,2.59,5.77
1999-07-12,2.9,10.42,72.64,64.06,2.64,4.57
1999-07-13,0.1,10.19,63.6,64.05,2.08,2.34
1999-07-14,0.0,10.97,69.18,64.11,2.15,4.48
1999-07-15,0.52,12.05,70.29,64.24,2.14,5.9
1999-07-16,0.11,13.17,69.75,64.23,2.26,6.49
1999-07-17,0.3,12.97,72.9,64.22,2.34,7.19
1999-07-18,0.35,12.89,78.38,64.24,2.29,8.56
1999-07-19,1.09,11.56,81.01,64.13,1.82,7.95
1999-07-20,8.69,10.75,85.16,64.13,2.48,7.93
1999-07-21,14.17,9.51,87.92,64.12,1.92,7.23
1999-07-22,2.34,10.36,81.14,64.14,2.04,6.76
1999-07-23,1.67,11.61,78.8,64.15,2.1,7.44
1999-07-24,0.03,12.21,75.02,64.14,2.27,6.97
1999-07-25,0.0,12.24,74.23,64.1,2.28,6.78
1999-07-26,0.22,12.18,70.61,64.08,2.11,5.71
1999-07-27,6.8,11.25,71.62,64.11,2.28,5.08
1999-07-28,4.72,11.5,80.04,64.08,2.3,7.51
1999-07-29,1.39,11.13,80.2,64.15,2.41,7.33
1999-07-30,12.62,10.0,81.71,64.21,1.73,6.68
1999-07-31,13.6,10.55,88.13,64.31,2.35,8.31
1999-08-01,5.76,10.91,78.37,64.39,1.92,6.63
1999-08-02,0.82,11.78,72.48,64.33,2.08,6.11
1999-08-03,2.93,10.84,83.88,64.25,2.01,7.81
1999-08-04,2.16,9.74,84.45,64.31,1.02,6.88
1999-08-05,2.46,12.09,78.46,64.14,1.89,7.83
1999-08-06,6.77,12.05,84.71,64.02,2.25,9.04
1999-08-07,6.4,10.62,87.93,64.07,1.86,8.46
1999-08-08,2.24,11.66,85.02,64.11,2.23,8.81
1999-08-09,7.93,12.15,84.74,64.18,2.25,9.27
1999-08-10,4.75,9.81,86.86,64.4,1.51,7.35
1999-08-11,3.57,10.96,78.61,64.25,2.03,7.05
1999-08-12,9.61,10.05,81.32,64.09,1.86,6.44
1999-08-13,0.67,7.85,71.59,63.96,1.7,2.07
1999-08-14,0.0,8.52,70.26,64.1,2.01,2.2
1999-08-15,0.03,9.39,70.44,64.32,1.83,2.77
1999-08-16,0.95,9.96,79.58,64.47,1.78,5.85
1999-08-17,0.04,10.17,74.78,64.46,1.94,5.13
1999-08-18,1.55,10.02,80.58,64.52,1.86,6.28
1999-08-19,7.82,10.68,81.99,64.52,1.96,7.16
1999-08-20,1.32,10.63,82.61,64.47,1.96,7.3
1999-08-21,0.07,11.19,81.82,64.29,1.95,7.66
1999-08-22,0.0,10.98,81.09,64.36,1.94,7.28
1999-08-23,0.0,11.21,74.22,64.41,1.84,5.79
1999-08-24,0.19,11.09,75.79,64.36,1.82,6.19
1999-08-25,1.01,10.17,79.23,64.23,2.1,6.12
1999-08-26,0.87,9.02,78.44,64.32,2.09,4.7
1999-08-27,0.5,8.25,65.31,64.41,1.79,0.54
1999-08-28,0.04,7.79,62.72,64.38,1.91,-0.78
1999-08-29,0.0,8.2,69.85,64.42,1.77,1.81
1999-08-30,0.0,8.35,75.51,64.38,1.63,3.58
1999-08-31,1.78,9.45,75.51,64.38,1.74,4.49
1999-09-01,0.2,9.46,77.56,64.41,1.79,4.93
1999-09-02,0.02,9.3,74.39,64.46,2.02,3.89
1999-09-03,0.59,9.24,71.98,64.43,1.78,3.2
1999-09-04,0.04,9.76,71.09,64.51,1.91,3.49
1999-09-05,0.2,8.8,73.98,64.5,2.01,3.65
1999-09-06,0.45,7.85,78.42,64.45,1.41,3.84
1999-09-07,0.68,9.41,79.36,64.42,1.99,5.54
1999-09-08,3.12,9.65,81.61,64.43,2.03,6.04
1999-09-09,3.03,8.75,81.67,64.4,1.99,5.31
1999-09-10,0.21,8.65,80.63,64.39,1.95,5.0
1999-09-11,0.16,9.21,82.26,64.4,1.85,5.74
1999-09-12,12.52,8.96,73.71,64.37,1.78,3.17
1999-09-13,7.47,8.64,75.54,64.42,1.66,3.39
1999-09-14,3.65,9.17,76.99,64.37,1.7,4.73
1999-09-15,2.35,10.03,78.47,64.32,1.76,5.72
1999-09-16,2.74,10.27,80.51,64.26,1.71,6.15
1999-09-17,14.81,10.25,77.44,64.26,1.62,5.28
1999-09-18,6.26,9.96,75.99,64.39,1.65,5.08
1999-09-19,4.82,8.41,81.56,64.64,1.43,5.04
1999-09-20,0.31,9.04,76.57,64.65,1.65,4.52
1999-09-21,0.0,9.32,77.4,64.55,1.68,4.71
1999-09-22,0.08,8.36,78.3,64.56,1.79,4.06
1999-09-23,1.11,7.89,80.62,64.68,1.76,4.23
1999-09-24,0.9,7.09,83.8,64.68,1.56,4.02
1999-09-25,0.01,7.51,70.53,64.53,1.6,1.24
1999-09-26,2.69,6.93,70.28,64.52,1.6,0.59
1999-09-27,1.26,6.69,63.87,64.67,1.63,-1.04
1999-09-28,0.03,6.98,58.7,64.74,1.61,-2.22
1999-09-29,0.9,7.12,62.21,64.77,1.52,-1.09
1999-09-30,0.68,6.0,69.98,64.77,1.65,-0.14
1999-10-01,0.01,5.77,66.46,64.67,1.67,-1.0
1999-10-02,10.26,4.45,58.87,64.61,1.33,-4.2
1999-10-03,0.54,3.75,57.52,64.56,1.57,-5.0
1999-10-04,0.47,3.54,53.56,64.62,1.65,-6.33
1999-10-05,2.99,3.88,67.72,64.64,1.65,-2.45
1999-10-06,2.91,3.35,81.98,64.59,1.64,0.11
1999-10-07,0.01,2.23,73.98,64.43,1.49,-2.77
1999-10-08,0.0,2.0,61.17,64.34,1.63,-5.99
1999-10-09,0.0,2.36,47.01,64.4,1.67,-8.78
1999-10-10,0.0,2.1,42.83,64.48,1.68,-10.31
1999-10-11,0.0,1.2,39.43,64.44,1.71,-11.63
1999-10-12,0.0,0.21,43.86,64.38,1.56,-11.32
1999-10-13,0.0,0.59,49.48,64.48,1.55,-9.39
1999-10-14,0.0,1.38,50.58,64.56,1.49,-8.6
1999-10-15,0.0,1.78,50.97,64.59,1.7,-7.97
1999-10-16,0.0,1.55,47.13,64.53,1.67,-9.66
1999-10-17,0.0,1.01,48.14,64.33,1.65,-9.68
1999-10-18,0.0,0.85,56.76,64.26,1.42,-7.81
1999-10-19,0.0,1.0,64.44,64.17,1.1,-5.76
1999-10-20,0.0,1.19,58.05,64.32,1.59,-6.85
1999-10-21,0.0,1.43,53.77,64.45,1.54,-7.99
1999-10-22,0.0,1.34,54.64,64.65,1.48,-7.6
1999-10-23,0.0,1.21,47.79,64.65,1.49,-9.71
1999-10-24,0.0,1.82,39.36,64.59,1.61,-11.2
1999-10-25,0.0,2.07,38.71,64.58,1.62,-11.04
1999-10-26,0.0,2.34,35.5,64.6,1.69,-11.85
1999-10-27,0.0,2.14,36.8,64.53,1.69,-12.07
1999-10-28,0.0,3.04,32.01,64.5,1.64,-12.32
1999-10-29,0.0,2.45,34.28,64.46,1.53,-12.1
1999-10-30,0.0,1.6,36.31,64.28,1.61,-12.38
1999-10-31,0.0,0.84,38.93,64.35,1.59,-11.98
1999-11-01,0.0,0.3,46.55,64.51,1.43,-10.43
1999-11-02,0.0,0.97,42.34,64.57,1.55,-10.88
1999-11-03,0.0,0.05,44.13,64.46,1.42,-11.44
1999-11-04,0.0,-0.58,63.69,64.44,1.56,-6.91
1999-11-05,0.0,-1.37,64.13,64.56,1.34,-8.2
1999-11-06,0.31,-1.71,61.9,64.48,1.48,-9.17
1999-11-07,0.0,-2.6,60.83,64.35,1.54,-10.56
1999-11-08,0.0,-2.94,51.64,64.26,1.54,-12.64
1999-11-09,0.0,-2.96,42.43,64.23,1.69,-15.21
1999-11-10,0.0,-2.3,48.1,64.29,1.75,-12.18
1999-11-11,0.0,-2.76,49.92,64.42,1.62,-13.12
1999-11-12,0.0,-2.14,36.43,64.46,1.56,-15.73
1999-11-13,0.0,-0.61,38.0,64.54,1.55,-13.26
1999-11-14,0.0,0.18,40.26,64.6,1.53,-12.14
1999-11-15,0.0,-1.56,39.85,64.51,1.81,-13.68
1999-11-16,0.0,-3.09,36.28,64.48,1.52,-16.88
1999-11-17,0.0,-2.17,25.96,64.61,1.62,-19.08
1999-11-18,0.0,-2.75,26.84,64.47,1.56,-18.78
1999-11-19,0.0,-3.18,29.19,64.28,1.53,-18.63
1999-11-20,0.0,-4.0,32.82,64.23,1.25,-17.81
1999-11-21,0.0,-2.91,28.34,64.41,1.6,-18.72
1999-11-22,0.0,-3.42,33.5,64.51,1.51,-16.98
1999-11-23,0.0,-1.82,28.77,64.56,1.35,-17.36
1999-11-24,0.0,-1.52,31.64,64.56,1.16,-15.76
1999-11-25,0.0,-1.57,32.28,64.35,1.33,-15.8
1999-11-26,0.0,-3.61,52.19,64.23,1.4,-12.56
1999-11-27,0.0,-3.08,34.82,64.32,1.4,-17.3
1999-11-28,0.0,-0.32,29.99,64.51,1.6,-15.54
1999-11-29,0.0,-0.08,26.16,64.6,1.55,-17.49
1999-11-30,0.0,-0.5,18.1,64.56,1.38,-21.08
1999-12-01,0.0,-1.1,17.6,64.61,1.32,-21.79
1999-12-02,0.0,-1.65,21.71,64.55,1.39,-20.1
1999-12-03,0.0,-1.71,24.14,64.51,1.45,-19.12
1999-12-04,0.0,-3.39,28.07,64.43,1.5,-19.15
1999-12-05,0.0,-4.14,28.59,64.3,1.48,-19.32
1999-12-06,0.0,-5.18,33.97,64.16,1.43,-18.66
1999-12-07,0.18,-7.32,60.59,64.03,1.36,-14.18
1999-12-08,0.45,-6.27,65.57,64.15,0.78,-12.68
1999-12-09,0.0,-6.11,42.78,64.24,1.4,-16.75
1999-12-10,0.0,-6.97,45.42,64.15,1.36,-16.93
1999-12-11,0.0,-4.78,29.88,64.38,1.45,-19.31
1999-12-12,0.0,-3.61,36.77,64.38,1.38,-15.78
1999-12-13,0.0,-3.97,29.12,64.34,1.33,-19.58
1999-12-14,0.0,-4.3,31.79,64.17,1.3,-17.98
1999-12-15,0.0,-4.61,32.49,64.17,1.47,-19.27
1999-12-16,0.0,-2.81,21.38,64.4,1.63,-21.39
1999-12-17,0.0,-1.44,20.81,64.53,1.36,-20.62
1999-12-18,0.0,-1.43,19.58,64.51,1.35,-20.72
1999-12-19,0.0,-2.12,25.25,64.46,1.6,-18.92
1999-12-20,0.0,-4.8,35.43,64.36,1.6,-17.38
1999-12-21,0.0,-4.41,22.63,64.4,1.5,-22.5
1999-12-22,0.0,-3.2,19.8,64.52,1.44,-22.27
1999-12-23,0.0,-2.27,22.28,64.53,1.3,-20.05
1999-12-24,0.0,-4.38,23.31,64.48,1.53,-21.78
1999-12-25,0.0,-4.4,23.69,64.35,1.46,-21.44
1999-12-26,0.0,-5.1,32.07,64.14,1.45,-18.49
1999-12-27,0.0,-5.91,30.35,64.21,1.28,-21.11
1999-12-28,0.0,-3.1,22.36,64.48,1.49,-20.74
1999-12-29,0.0,-3.32,27.27,64.29,1.48,-19.1
1999-12-30,0.0,-5.35,29.79,63.99,1.42,-20.4
1999-12-31,0.0,-4.93,28.47,64.03,1.44,-20.02
2000-01-01,0.0,-3.96,25.6,64.21,1.37,-20.26
2000-01-02,0.0,-4.1,26.75,64.22,1.52,-19.88
2000-01-03,0.0,-3.91,24.97,64.1,1.5,-20.34
2000-01-04,0.0,-4.44,24.64,64.09,1.56,-21.15
2000-01-05,0.0,-5.64,23.72,64.1,1.49,-22.42
2000-01-06,0.0,-4.92,23.77,64.08,1.4,-21.83
2000-01-07,0.0,-4.78,45.94,64.13,1.19,-15.22
2000-01-08,0.0,-5.43,85.11,64.04,1.08,-8.15
2000-01-09,0.0,-6.28,91.85,63.83,2.37,-7.62
2000-01-10,0.0,-7.42,67.16,63.89,1.41,-13.09
2000-01-11,0.1,-7.5,84.59,64.03,1.79,-10.24
2000-01-12,6.26,-6.75,91.18,63.91,2.92,-8.37
2000-01-13,4.82,-7.69,93.88,63.58,3.53,-8.67
2000-01-14,0.23,-11.18,88.5,63.4,3.75,-13.13
2000-01-15,0.0,-13.33,77.44,63.46,2.48,-16.85
2000-01-16,0.0,-13.05,45.36,63.77,1.26,-22.29
2000-01-17,0.0,-9.17,44.5,64.22,1.35,-19.15
2000-01-18,0.0,-5.07,61.68,64.47,1.23,-11.45
2000-01-19,0.0,-5.41,82.05,64.08,1.94,-8.57
2000-01-20,0.0,-7.26,49.39,63.65,1.31,-17.6
2000-01-21,0.0,-8.0,52.19,63.85,1.43,-16.4
2000-01-22,0.0,-8.3,89.4,63.88,1.93,-10.29
2000-01-23,0.0,-9.45,58.64,63.87,1.65,-17.16
2000-01-24,0.0,-9.14,52.29,64.02,1.74,-17.79
2000-01-25,7.72,-9.56,73.59,64.13,1.82,-13.85
2000-01-26,1.69,-9.28,90.49,64.11,1.5,-10.98
2000-01-27,0.09,-10.28,86.21,63.96,1.34,-12.9
2000-01-28,0.0,-11.36,54.89,63.93,1.7,-19.63
2000-01-29,0.0,-7.5,34.81,64.12,1.64,-20.39
2000-01-30,0.0,-5.52,41.0,64.31,1.78,-16.79
2000-01-31,0.08,-6.62,63.8,64.02,2.1,-12.71
2000-02-01,0.18,-9.15,83.85,63.58,2.51,-12.05
2000-02-02,0.01,-9.45,73.37,63.74,1.74,-13.92
2000-02-03,0.0,-9.19,60.53,64.02,1.53,-16.18
2000-02-04,2.64,-8.78,70.12,63.77,1.89,-13.77
2000-02-05,6.53,-10.08,91.81,63.39,1.6,-11.83
2000-02-06,0.23,-10.87,83.04,63.62,1.59,-13.66
2000-02-07,0.13,-9.94,73.66,63.76,1.6,-14.63
2000-02-08,0.0,-10.97,72.34,63.72,1.89,-15.91
2000-02-09,0.01,-10.19,61.6,63.77,1.78,-16.78
2000-02-10,2.24,-8.9,88.54,63.58,2.87,-11.3
2000-02-11,2.62,-9.76,91.09,63.36,2.54,-11.61
2000-02-12,1.25,-11.06,89.97,63.52,2.13,-13.21
2000-02-13,0.01,-12.05,74.52,63.65,1.7,-16.35
2000-02-14,0.0,-10.89,63.08,63.84,1.64,-17.71
2000-02-15,0.0,-7.38,48.5,64.08,1.51,-16.45
2000-02-16,0.0,-8.11,65.33,63.71,3.35,-13.98
2000-02-17,0.0,-11.35,81.55,63.38,1.8,-14.73
2000-02-18,0.0,-12.7,67.69,63.41,1.74,-18.32
2000-02-19,0.0,-12.66,63.14,63.52,1.85,-18.63
2000-02-20,0.01,-12.4,78.45,63.56,1.75,-15.99
2000-02-21,0.01,-11.01,83.03,63.71,1.93,-14.04
2000-02-22,0.0,-11.04,72.02,63.88,1.9,-15.79
2000-02-23,0.0,-10.87,48.05,63.92,1.74,-20.42
2000-02-24,0.0,-9.71,40.71,63.87,1.7,-21.14
2000-02-25,0.0,-9.74,45.36,63.7,1.77,-19.96
2000-02-26,0.0,-9.5,53.63,63.62,1.71,-18.07
2000-02-27,0.0,-8.02,51.28,63.8,1.93,-16.78
2000-02-28,0.0,-5.0,43.49,64.03,1.76,-15.93
2000-02-29,0.0,-4.68,71.86,64.1,1.5,-9.51
2000-03-01,0.0,-6.39,68.72,63.85,1.71,-12.31
2000-03-02,0.0,-7.74,56.64,63.74,1.87,-16.33
2000-03-03,0.0,-6.65,42.83,63.9,1.78,-18.69
2000-03-04,0.02,-5.92,67.04,63.88,3.03,-11.78
2000-03-05,0.01,-5.17,81.59,63.87,3.12,-8.6
2000-03-06,0.0,-5.45,63.06,63.93,2.55,-13.83
2000-03-07,0.0,-6.92,65.66,63.89,2.59,-13.01
2000-03-08,0.0,-6.23,46.78,63.83,1.8,-16.73
2000-03-09,0.0,-5.22,38.94,63.72,2.05,-18.22
2000-03-10,0.0,-4.32,43.24,63.83,2.09,-15.61
2000-03-11,0.0,-4.44,70.36,63.8,2.84,-9.79
2000-03-12,2.03,-6.11,78.28,63.66,2.0,-10.06
2000-03-13,0.26,-6.78,58.4,63.64,1.74,-14.37
2000-03-14,0.0,-5.82,51.63,63.85,1.96,-15.65
2000-03-15,0.0,-4.74,50.33,63.85,1.98,-15.07
2000-03-16,0.0,-4.77,49.35,63.85,2.4,-14.89
2000-03-17,0.0,-4.81,52.96,63.84,2.44,-14.56
2000-03-18,0.0,-5.29,67.01,63.84,3.1,-11.25
2000-03-19,0.0,-5.46,43.94,63.93,2.02,-16.71
2000-03-20,0.0,-4.54,37.62,63.94,2.19,-17.92
2000-03-21,1.06,-5.54,79.43,64.05,2.46,-9.21
2000-03-22,8.19,-5.27,78.94,64.04,2.33,-9.03
2000-03-23,0.65,-5.89,74.82,63.95,1.55,-10.29
2000-03-24,0.0,-3.95,54.27,64.17,1.23,-13.47
2000-03-25,0.0,-1.69,26.56,64.47,1.76,-18.81
2000-03-26,0.0,0.18,26.86,64.59,1.71,-17.44
2000-03-27,0.0,1.15,32.84,64.59,2.03,-14.51
2000-03-28,0.0,1.39,38.65,64.6,1.94,-12.62
2000-03-29,0.0,2.19,41.06,64.68,2.05,-10.47
2000-03-30,0.0,2.21,42.45,64.63,2.02,-10.37
2000-03-31,0.0,1.91,38.18,64.54,1.92,-11.11
2000-04-01,0.0,1.47,45.06,64.4,2.03,-9.62
2000-04-02,0.0,1.73,31.26,64.22,1.94,-15.95
2000-04-03,0.0,1.28,26.3,64.21,2.04,-15.76
2000-04-04,0.0,0.6,27.58,64.25,2.12,-16.41
2000-04-05,0.0,0.19,29.75,64.22,2.01,-15.67
2000-04-06,0.0,0.54,23.88,64.15,2.0,-18.63
2000-04-07,0.0,1.34,29.58,64.46,2.37,-14.41
2000-04-08,0.0,1.37,40.98,64.42,2.18,-10.93
2000-04-09,0.57,0.97,42.11,64.06,1.69,-11.1
2000-04-10,0.0,2.85,28.05,64.24,1.65,-14.94
2000-04-11,0.0,4.34,17.53,64.45,2.11,-18.41
2000-04-12,0.0,4.9,21.66,64.51,2.03,-15.16
2000-04-13,0.0,4.99,25.96,64.36,1.93,-13.21
2000-04-14,0.02,3.53,36.78,64.27,1.64,-9.76
2000-04-15,0.01,2.95,51.81,64.35,2.27,-6.56
2000-04-16,0.0,3.05,44.3,64.39,2.35,-9.38
2000-04-17,0.0,3.83,42.08,64.37,2.26,-9.45
2000-04-18,0.0,4.43,45.93,64.53,2.36,-6.93
2000-04-19,0.0,5.62,43.37,64.62,2.2,-7.73
2000-04-20,0.04,5.67,52.11,64.52,2.02,-4.81
2000-04-21,0.0,5.22,47.89,64.38,1.9,-5.89
2000-04-22,0.0,3.88,57.64,64.43,1.85,-4.56
2000-04-23,0.0,3.89,58.91,64.32,1.87,-4.58
2000-04-24,0.0,3.7,60.37,64.15,2.02,-4.18
2000-04-25,0.0,5.62,38.59,64.11,2.41,-9.23
2000-04-26,0.0,5.35,38.54,64.3,2.31,-8.62
2000-04-27,2.62,4.94,46.91,64.3,2.29,-6.39
2000-04-28,0.02,3.76,43.41,64.15,2.58,-9.01
2000-04-29,0.0,3.13,33.82,64.21,2.37,-12.12
2000-04-30,0.0,4.53,26.82,64.4,2.24,-13.6
2000-05-01,0.0,6.11,23.69,64.37,1.96,-14.43
2000-05-02,0.0,7.58,17.27,64.55,2.15,-16.49
2000-05-03,0.0,8.46,18.67,64.78,2.06,-14.28
2000-05-04,0.0,7.19,31.37,64.73,2.42,-9.19
2000-05-05,9.09,5.28,58.51,64.7,2.06,-2.56
2000-05-06,3.67,4.31,65.21,64.57,1.59,-2.07
2000-05-07,0.72,6.26,57.87,64.45,1.21,-2.66
2000-05-08,0.0,7.76,48.46,64.52,1.82,-4.64
2000-05-09,0.0,8.52,48.86,64.57,1.94,-4.49
2000-05-10,0.0,10.02,51.21,64.6,1.9,-1.84
2000-05-11,0.0,10.39,52.99,64.59,2.01,-0.67
2000-05-12,0.14,10.45,53.73,64.61,2.09,0.22
2000-05-13,0.06,9.79,57.93,64.59,2.06,-0.08
2000-05-14,0.0,9.75,57.16,64.46,2.32,0.02
2000-05-15,2.62,9.84,61.99,64.49,2.16,1.63
2000-05-16,0.13,9.84,59.14,64.37,2.18,0.33
2000-05-17,0.0,9.24,44.36,64.28,2.16,-4.12
2000-05-18,0.0,9.66,43.11,64.19,1.9,-3.25
2000-05-19,0.0,10.03,44.15,64.26,2.13,-2.63
2000-05-20,1.92,9.21,47.13,64.37,2.01,-2.38
2000-05-21,0.0,9.48,44.86,64.3,2.14,-3.56
2000-05-22,0.0,9.64,45.19,64.34,2.37,-4.08
2000-05-23,0.0,8.78,59.6,64.39,2.56,-0.06
2000-05-24,0.0,9.45,51.37,64.26,2.2,-2.49
2000-05-25,0.6,9.19,46.38,64.19,2.47,-3.51
2000-05-26,0.0,9.5,40.03,64.12,2.36,-5.73
2000-05-27,0.53,9.18,39.92,64.29,2.25,-5.92
2000-05-28,0.22,9.48,44.97,64.35,2.15,-4.18
2000-05-29,0.25,9.8,45.34,64.45,2.18,-2.52
2000-05-30,1.04,8.69,50.46,64.44,2.53,-2.0
2000-05-31,0.06,7.61,55.32,64.34,2.44,-2.66
2000-06-01,0.02,7.92,55.03,64.18,2.5,-2.61
2000-06-02,0.0,9.85,48.37,64.3,2.21,-2.64
2000-06-03,0.2,9.58,51.69,64.38,2.36,-1.43
2000-06-04,3.01,8.19,51.21,64.41,1.99,-3.24
2000-06-05,0.38,8.06,39.54,64.37,2.02,-6.99
2000-06-06,5.0,9.28,53.33,64.32,2.15,-1.68
2000-06-07,15.8,8.24,71.0,64.18,1.97,2.56
2000-06-08,6.04,8.29,86.21,63.97,2.56,5.94
2000-06-09,3.33,7.93,66.18,64.21,2.36,0.55
2000-06-10,0.14,7.52,58.51,64.24,2.21,-1.61
2000-06-11,0.01,7.88,60.39,64.19,1.96,-0.59
2000-06-12,0.0,9.35,65.28,64.15,1.91,2.03
2000-06-13,0.05,10.14,65.73,64.16,2.07,2.79
2000-06-14,0.01,10.6,58.94,64.25,2.01,1.62
2000-06-15,5.81,10.77,68.26,64.24,2.21,4.17
2000-06-16,0.51,10.67,74.88,64.27,2.1,5.64
2000-06-17,0.0,11.23,71.8,64.31,2.15,5.41
2000-06-18,0.0,11.5,68.52,64.32,2.02,5.0
2000-06-19,0.0,11.11,64.96,64.34,2.29,3.59
2000-06-20,6.48,10.99,72.32,64.34,2.14,5.23
2000-06-21,12.06,10.78,73.95,64.27,2.36,5.17
2000-06-22,3.18,8.39,73.71,64.2,2.5,3.07
2000-06-23,0.01,8.73,72.26,64.15,2.32,2.97
2000-06-24,1.1,9.88,73.98,64.02,2.22,4.45
2000-06-25,0.11,10.62,72.73,64.07,2.3,4.68
2000-06-26,0.22,11.37,71.94,64.17,2.13,5.13
2000-06-27,0.42,11.58,74.87,64.27,2.14,6.2
2000-06-28,2.14,12.28,74.85,64.35,2.23,6.89
2000-06-29,0.14,11.64,77.68,64.37,2.34,7.16
2000-06-30,0.35,11.39,81.14,64.32,2.7,7.7
2000-07-01,3.82,10.77,75.61,64.32,2.25,5.79
2000-07-02,1.07,10.01,75.94,64.28,2.3,5.23
2000-07-03,13.07,10.37,73.51,64.31,2.17,5.12
2000-07-04,0.17,10.85,75.22,64.32,2.13,5.82
2000-07-05,0.0,12.14,69.92,64.32,2.02,5.58
2000-07-06,0.01,12.34,70.84,64.23,2.23,6.06
2000-07-07,5.16,12.2,74.83,64.23,2.34,6.99
2000-07-08,4.3,12.26,75.8,64.11,2.3,7.27
2000-07-09,2.23,11.82,77.91,64.0,2.39,7.34
2000-07-10,3.55,11.4,82.63,63.97,2.34,7.96
2000-07-11,1.13,12.02,78.95,64.1,2.24,7.79
2000-07-12,4.71,11.28,78.86,64.25,2.15,7.23
2000-07-13,0.58,11.56,79.08,64.26,2.12,7.53
2000-07-14,7.17,10.76,81.31,64.22,1.71,7.34
2000-07-15,14.5,10.19,86.34,64.11,1.67,7.76
2000-07-16,7.25,10.31,86.51,64.09,2.06,7.81
2000-07-17,7.43,10.15,86.22,64.12,2.18,7.58
2000-07-18,2.09,9.74,86.22,64.04,1.98,7.27
2000-07-19,5.21,9.88,82.07,64.09,1.61,6.64
2000-07-20,0.2,11.86,73.16,64.19,2.23,6.61
2000-07-21,6.06,10.49,86.03,64.24,1.8,7.89
2000-07-22,10.82,8.42,87.7,64.3,1.33,6.25
2000-07-23,8.19,10.68,81.98,64.23,1.84,7.28
2000-07-24,10.11,10.99,84.83,64.17,2.22,8.13
2000-07-25,1.51,9.66,91.14,64.28,1.95,8.17
2000-07-26,7.9,10.76,84.59,64.29,1.99,7.94
2000-07-27,4.87,10.96,84.8,64.25,2.13,8.14
2000-07-28,4.29,9.92,87.66,64.26,1.81,7.69
2000-07-29,2.79,10.68,80.57,64.39,2.1,7.08
2000-07-30,3.55,10.52,88.83,64.34,2.0,8.56
2000-07-31,2.93,10.35,87.05,64.19,2.11,8.03
2000-08-01,4.58,9.5,85.76,64.1,2.44,6.83
2000-08-02,0.71,7.84,83.12,64.15,2.09,4.63
2000-08-03,0.02,8.17,68.99,64.15,1.97,2.06
2000-08-04,0.0,8.8,72.64,64.25,1.9,3.42
2000-08-05,0.0,10.91,74.07,64.27,1.81,5.57
2000-08-06,0.92,11.29,76.9,64.36,1.79,6.59
2000-08-07,0.02,12.35,70.96,64.41,1.68,5.74
2000-08-08,0.0,11.73,71.37,64.4,1.86,5.57
2000-08-09,0.0,11.21,78.74,64.32,1.91,6.83
2000-08-10,0.7,10.1,67.66,64.4,1.86,2.62
2000-08-11,0.61,9.94,79.61,64.35,1.61,5.9
2000-08-12,1.05,10.47,82.18,64.45,1.65,7.1
2000-08-13,0.26,11.44,80.17,64.55,1.81,7.51
2000-08-14,13.17,11.52,82.13,64.4,1.94,8.09
2000-08-15,12.58,10.56,81.9,64.32,2.0,7.06
2000-08-16,2.09,10.99,77.8,64.22,1.75,6.41
2000-08-17,0.1,11.05,81.08,64.17,1.85,7.36
2000-08-18,1.71,10.27,80.68,64.36,2.13,6.7
2000-08-19,0.56,9.28,84.62,64.45,1.83,6.54
2000-08-20,0.02,11.22,73.3,64.38,1.82,5.74
2000-08-21,0.01,11.06,70.44,64.29,1.88,4.41
2000-08-22,1.56,9.79,75.23,64.43,1.94,4.64
2000-08-23,12.84,8.83,84.39,64.52,1.77,6.03
2000-08-24,0.8,10.61,75.95,64.47,1.6,6.01
2000-08-25,0.22,11.78,74.05,64.52,1.74,6.35
2000-08-26,0.0,11.5,82.72,64.51,1.55,8.07
2000-08-27,1.11,11.98,83.94,64.4,1.9,8.97
2000-08-28,2.52,12.39,80.53,64.21,1.72,8.27
2000-08-29,4.03,11.38,80.78,64.12,1.79,7.54
2000-08-30,1.82,10.66,83.3,63.98,1.96,7.45
2000-08-31,3.57,10.15,83.46,63.97,1.98,7.0
2000-09-01,0.18,9.79,72.37,64.1,1.71,4.11
2000-09-02,0.46,9.47,79.1,64.18,1.71,5.39
2000-09-03,1.92,10.15,80.4,64.33,2.07,6.34
2000-09-04,0.41,10.61,83.79,64.45,2.04,7.46
2000-09-05,20.97,10.64,80.14,64.31,1.83,6.57
2000-09-06,2.66,10.02,79.31,64.24,1.71,5.8
2000-09-07,4.1,9.23,74.51,64.3,1.82,3.74
2000-09-08,0.36,8.29,77.71,64.4,1.87,3.74
2000-09-09,0.81,7.21,75.3,64.33,1.97,2.08
2000-09-10,0.09,5.94,61.25,64.22,1.74,-2.58
2000-09-11,0.0,6.01,65.55,64.13,1.65,-1.05
2000-09-12,0.04,7.22,70.09,64.3,1.75,1.19
2000-09-13,0.0,7.97,72.11,64.55,1.79,2.07
2000-09-14,0.25,7.7,74.39,64.59,1.72,2.43
2000-09-15,1.1,7.96,70.28,64.49,1.8,1.65
2000-09-16,0.01,9.01,66.56,64.46,1.72,2.27
2000-09-17,0.0,8.92,70.31,64.49,1.72,2.84
2000-09-18,5.16,8.48,72.88,64.41,1.74,2.76
2000-09-19,3.18,7.29,80.63,64.47,1.7,3.65
2000-09-20,4.44,5.72,79.76,64.53,1.64,1.86
2000-09-21,0.19,5.93,68.59,64.62,1.61,-0.57
2000-09-22,0.01,5.89,69.05,64.66,1.5,-0.62
2000-09-23,0.0,4.5,67.12,64.56,1.59,-1.85
2000-09-24,0.0,4.01,55.37,64.45,1.8,-5.27
2000-09-25,2.27,3.89,58.31,64.42,1.68,-4.56
2000-09-26,1.06,2.72,65.61,64.47,1.65,-3.81
2000-09-27,0.01,2.98,65.19,64.47,1.66,-4.03
2000-09-28,0.0,3.28,68.65,64.37,1.48,-3.23
2000-09-29,0.0,4.76,59.22,64.37,1.49,-3.92
2000-09-30,0.0,5.05,51.53,64.43,1.75,-5.12
2000-10-01,0.0,5.13,50.41,64.56,1.74,-5.25
2000-10-02,0.0,4.88,49.05,64.63,1.82,-6.02
2000-10-03,0.0,6.44,39.9,64.62,1.58,-7.13
2000-10-04,0.0,6.92,38.67,64.63,1.55,-7.09
2000-10-05,0.0,6.76,42.17,64.69,1.64,-6.2
2000-10-06,0.0,5.84,43.48,64.77,1.61,-6.62
2000-10-07,0.0,5.23,43.52,64.71,1.59,-7.39
2000-10-08,0.05,4.38,50.0,64.54,1.59,-6.29
2000-10-09,0.0,3.47,55.66,64.41,1.48,-5.17
2000-10-10,0.0,2.68,43.35,64.45,1.62,-10.06
2000-10-11,0.0,2.47,35.76,64.51,1.75,-12.3
2000-10-12,0.0,1.88,34.54,64.47,1.78,-12.98
2000-10-13,0.0,1.79,35.03,64.28,1.63,-12.9
2000-10-14,0.0,1.35,40.92,64.22,1.54,-10.98
2000-10-15,0.0,2.98,32.32,64.54,1.65,-12.79
2000-10-16,0.0,4.88,30.86,64.75,1.7,-11.73
2000-10-17,0.0,5.45,33.45,64.71,1.69,-10.0
2000-10-18,0.0,5.26,37.03,64.58,1.86,-9.27
2000-10-19,0.0,4.58,37.16,64.5,1.96,-9.9
2000-10-20,0.0,3.93,32.28,64.47,1.64,-11.94
2000-10-21,0.0,3.98,31.83,64.42,1.75,-12.59
2000-10-22,0.0,2.39,36.92,64.33,1.68,-11.56
2000-10-23,0.0,1.74,39.51,64.33,1.68,-11.49
2000-10-24,0.0,1.15,38.0,64.45,1.66,-12.75
2000-10-25,0.0,1.06,38.2,64.5,1.87,-12.87
2000-10-26,0.0,1.55,37.77,64.46,1.73,-12.34
2000-10-27,0.0,2.9,25.55,64.49,1.09,-15.19
2000-10-28,0.0,3.25,18.71,64.72,1.83,-18.14
2000-10-29,0.0,3.33,22.41,64.76,1.76,-16.46
2000-10-30,0.0,4.22,28.59,64.58,1.56,-12.5
2000-10-31,0.0,4.06,31.3,64.43,1.51,-12.03
2000-11-01,0.0,2.9,40.38,64.54,1.54,-9.99
2000-11-02,0.0,1.69,50.35,64.65,1.54,-8.5
2000-11-03,0.0,1.74,44.8,64.72,1.56,-10.2
2000-11-04,0.0,1.92,34.62,64.72,1.57,-12.36
2000-11-05,0.0,1.58,34.41,64.47,1.32,-12.42
2000-11-06,0.0,0.31,40.21,64.25,1.47,-11.92
2000-11-07,0.0,0.81,42.31,64.44,1.56,-11.26
2000-11-08,0.1,0.39,41.28,64.58,0.93,-11.02
2000-11-09,0.06,0.47,39.85,64.46,1.33,-11.81
2000-11-10,0.0,2.63,26.45,64.6,1.35,-15.17
2000-11-11,0.0,3.1,23.99,64.68,1.13,-15.09
2000-11-12,0.0,-1.1,59.37,64.42,1.29,-8.57
2000-11-13,0.03,-3.48,70.65,64.21,1.88,-9.07
2000-11-14,0.01,-2.44,40.74,64.3,1.5,-16.44
2000-11-15,0.0,-0.63,22.35,64.48,1.5,-19.13
2000-11-16,0.0,0.25,23.26,64.59,1.27,-17.73
2000-11-17,0.0,-1.16,36.88,64.47,1.51,-14.41
2000-11-18,0.09,-4.19,79.42,64.15,2.18,-8.05
2000-11-19,0.0,-2.75,57.85,64.12,1.02,-11.27
2000-11-20,0.0,-2.35,40.07,64.19,1.68,-14.57
2000-11-21,0.0,-3.4,50.07,64.31,1.08,-12.3
2000-11-22,0.0,-3.23,64.82,64.42,1.47,-9.21
2000-11-23,0.04,-3.54,81.97,64.55,1.79,-6.69
2000-11-24,0.0,-3.62,72.81,64.4,1.39,-8.4
2000-11-25,0.0,-4.2,42.93,64.2,1.68,-16.33
2000-11-26,0.06,-4.49,48.39,64.23,1.25,-13.9
2000-11-27,0.11,-5.99,78.09,64.1,1.91,-9.77
2000-11-28,0.04,-6.55,59.29,64.08,1.18,-14.55
2000-11-29,0.0,-7.0,42.75,64.1,1.77,-18.15
2000-11-30,0.0,-7.98,57.87,64.05,1.73,-15.03
2000-12-01,0.0,-8.66,37.45,64.01,1.57,-21.76
2000-12-02,0.0,-6.09,18.25,64.39,1.72,-25.96
2000-12-03,0.0,-2.71,27.93,64.57,1.24,-18.19
2000-12-04,0.0,-3.15,29.67,64.3,1.15,-18.29
2000-12-05,0.0,-5.47,32.17,64.08,1.65,-18.88
2000-12-06,0.0,-6.53,28.38,64.14,1.48,-22.06
2000-12-07,0.0,-4.75,30.26,64.29,1.44,-19.45
2000-12-08,0.0,-4.81,57.91,64.25,1.06,-13.04
2000-12-09,0.0,-4.9,35.26,64.03,1.44,-18.3
2000-12-10,0.0,-5.85,33.33,64.04,1.23,-19.11
2000-12-11,0.0,-5.78,35.11,64.08,1.27,-19.4
2000-12-12,0.0,-3.81,19.32,64.26,1.51,-23.36
2000-12-13,0.0,-3.04,31.11,64.25,1.31,-17.1
2000-12-14,0.0,-3.67,36.64,64.18,1.35,-16.09
2000-12-15,0.0,-2.57,28.02,64.39,1.33,-18.39
2000-12-16,0.0,-1.34,41.11,64.6,0.82,-12.53
2000-12-17,0.0,-2.08,74.78,64.61,1.94,-6.23
2000-12-18,0.0,-4.85,72.98,64.32,1.71,-9.63
2000-12-19,0.0,-4.06,27.35,64.23,1.46,-22.6
2000-12-20,0.0,-2.83,13.22,64.45,1.28,-25.85
2000-12-21,0.0,-2.02,14.24,64.57,1.47,-24.71
2000-12-22,0.0,-0.22,13.67,64.58,1.45,-23.63
2000-12-23,0.0,-1.37,14.11,64.49,1.34,-23.92
2000-12-24,0.0,-3.21,18.05,64.39,1.45,-22.78
2000-12-25,0.0,-3.74,19.74,64.33,1.35,-22.44
2000-12-26,0.0,-3.97,19.62,64.32,1.35,-22.67
2000-12-27,0.0,-4.77,21.89,64.28,1.45,-22.4
2000-12-28,0.0,-6.31,31.64,64.24,1.53,-19.8
2000-12-29,0.0,-6.54,33.97,64.28,1.41,-20.14
2000-12-30,0.01,-4.12,16.47,64.28,1.45,-24.81
2000-12-31,2.56,-5.79,58.44,64.01,1.4,-13.35
2001-01-01,6.86,-7.65,84.92,63.58,1.27,-10.38
2001-01-02,0.42,-7.65,84.53,63.83,1.21,-10.66
2001-01-03,0.03,-9.34,75.96,63.95,1.69,-13.19
2001-01-04,0.0,-11.04,59.84,63.82,1.34,-18.28
2001-01-05,0.0,-8.9,29.77,64.06,1.62,-22.83
2001-01-06,0.0,-8.21,29.97,64.08,1.41,-21.93
2001-01-07,0.0,-9.68,42.26,63.77,1.46,-19.87
2001-01-08,0.0,-10.77,58.92,63.58,1.29,-17.5
2001-01-09,0.0,-9.97,51.95,63.84,1.53,-18.57
2001-01-10,0.0,-7.74,33.14,64.0,1.41,-21.02
2001-01-11,0.0,-6.66,30.19,63.96,1.44,-20.9
2001-01-12,1.06,-7.58,51.7,63.93,1.43,-16.5
2001-01-13,0.15,-8.45,57.34,63.94,1.47,-16.33
2001-01-14,0.01,-7.65,41.11,64.01,1.66,-19.29
2001-01-15,0.0,-7.9,33.1,64.06,1.59,-21.51
2001-01-16,0.0,-7.94,32.07,64.11,1.61,-21.74
2001-01-17,0.0,-6.28,33.03,64.26,1.34,-19.83
2001-01-18,0.0,-6.49,42.54,64.22,1.66,-17.03
2001-01-19,0.0,-6.32,35.32,64.26,1.71,-18.84
2001-01-20,0.0,-6.62,36.45,64.19,1.72,-19.01
2001-01-21,0.0,-8.46,51.52,63.82,2.37,-17.15
2001-01-22,5.42,-10.69,87.79,63.45,3.0,-13.03
2001-01-23,0.63,-11.97,78.37,63.38,1.94,-15.44
2001-01-24,0.0,-9.22,37.5,63.69,1.5,-21.35
2001-01-25,0.0,-6.62,36.93,63.85,1.36,-18.76
2001-01-26,0.0,-6.46,38.34,64.01,1.33,-19.0
2001-01-27,0.0,-4.96,23.68,64.16,1.25,-21.82
2001-01-28,0.0,-3.55,25.28,64.32,1.49,-20.26
2001-01-29,0.0,-4.14,36.97,64.32,2.27,-16.91
2001-01-30,0.0,-4.47,64.76,64.32,2.37,-10.62
2001-01-31,0.0,-5.36,67.56,64.14,2.61,-11.32
2001-02-01,0.0,-6.89,45.43,64.0,2.51,-17.15
2001-02-02,0.0,-7.96,30.57,63.84,1.39,-22.56
2001-02-03,0.0,-7.22,25.95,63.8,1.89,-23.51
2001-02-04,0.0,-9.12,39.97,63.77,1.92,-20.38
2001-02-05,0.0,-9.49,37.36,63.87,1.62,-21.93
2001-02-06,0.0,-8.5,31.78,64.05,1.79,-22.34
2001-02-07,0.0,-6.82,28.2,64.06,1.97,-22.04
2001-02-08,0.0,-5.36,24.94,64.09,1.75,-22.97
2001-02-09,0.0,-3.75,18.94,64.08,1.85,-23.68
2001-02-10,0.0,-5.05,19.35,63.95,1.75,-24.23
2001-02-11,0.0,-6.66,19.83,63.87,2.09,-25.73
2001-02-12,0.0,-7.05,24.63,64.08,1.91,-23.31
2001-02-13,0.0,-5.14,33.68,64.22,1.64,-18.26
2001-02-14,0.49,-5.04,85.14,64.18,1.81,-7.61
2001-02-15,1.16,-5.47,67.13,64.15,1.1,-11.47
2001-02-16,0.0,-4.82,42.56,64.35,1.77,-15.75
2001-02-17,0.0,-4.29,73.7,64.33,1.83,-8.82
2001-02-18,0.0,-4.41,56.01,64.25,1.66,-13.51
2001-02-19,0.0,-3.53,36.05,64.21,1.78,-17.58
2001-02-20,0.09,-5.01,57.92,63.98,1.57,-13.28
2001-02-21,0.0,-5.67,60.07,63.82,1.34,-13.36
2001-02-22,0.0,-3.64,42.28,64.03,1.65,-15.12
2001-02-23,0.0,-2.88,69.83,64.06,1.81,-8.83
2001-02-24,0.02,-3.95,74.31,63.96,2.34,-8.82
2001-02-25,0.15,-5.33,84.5,63.55,3.47,-8.29
2001-02-26,0.01,-7.34,59.84,63.65,1.84,-14.71
2001-02-27,0.0,-5.93,41.77,64.0,2.46,-18.42
2001-02-28,0.0,-7.21,48.08,64.18,2.24,-16.51
2001-03-01,0.0,-7.09,32.46,64.2,1.73,-21.13
2001-03-02,0.0,-4.57,26.97,64.28,1.26,-20.95
2001-03-03,0.0,-4.19,28.69,64.38,1.88,-19.29
2001-03-04,0.0,-4.6,27.97,64.29,1.99,-20.16
2001-03-05,0.02,-4.05,32.36,64.06,1.51,-18.08
2001-03-06,0.0,-2.54,27.56,64.18,1.86,-18.8
2001-03-07,0.0,-4.03,30.96,64.21,2.23,-18.51
2001-03-08,0.0,-4.16,35.54,64.2,1.92,-17.62
2001-03-09,0.0,-4.24,42.54,64.15,1.75,-15.26
2001-03-10,0.0,-3.06,43.09,64.19,1.86,-14.65
2001-03-11,0.0,-1.85,38.15,64.3,1.93,-14.76
2001-03-12,0.0,-2.37,35.85,64.29,1.86,-15.79
2001-03-13,0.07,-3.63,61.37,64.27,1.9,-10.29
2001-03-14,0.12,-3.93,78.25,64.24,1.95,-8.06
2001-03-15,0.0,-3.32,52.71,64.34,1.85,-13.74
2001-03-16,0.0,-3.24,32.0,64.15,1.99,-20.22
2001-03-17,0.0,-2.52,26.29,64.0,2.07,-19.4
2001-03-18,0.0,-1.9,29.06,64.22,1.9,-17.78
2001-03-19,0.0,-0.89,44.56,64.41,1.82,-11.81
2001-03-20,0.32,-2.58,84.74,64.27,2.77,-5.14
2001-03-21,0.25,-2.22,77.1,64.06,2.12,-6.33
2001-03-22,0.12,-3.55,82.64,63.92,2.27,-6.57
2001-03-23,0.0,-2.67,59.88,64.0,1.91,-10.5
2001-03-24,0.0,-1.4,37.34,64.01,2.03,-15.32
2001-03-25,0.0,-0.32,36.64,63.93,1.97,-13.77
2001-03-26,0.0,0.99,37.49,64.01,2.0,-12.69
2001-03-27,0.0,1.88,34.87,64.06,2.08,-13.44
2001-03-28,0.25,0.8,53.98,64.05,2.39,-8.66
2001-03-29,0.91,-0.72,79.06,63.96,3.5,-4.68
2001-03-30,4.99,-2.64,78.81,63.85,2.91,-6.48
2001-03-31,0.04,-3.3,70.15,64.11,1.68,-9.22
2001-04-01,0.0,-2.42,66.37,64.13,1.63,-8.94
2001-04-02,0.0,-1.09,66.55,64.15,1.99,-7.55
2001-04-03,0.0,-0.95,60.06,64.34,2.34,-8.98
2001-04-04,0.0,0.0,50.91,64.55,1.61,-9.67
2001-04-05,0.0,0.14,46.48,64.4,1.5,-10.54
2001-04-06,0.0,1.09,52.63,64.54,1.77,-8.38
2001-04-07,0.0,3.09,35.84,64.63,2.0,-12.04
2001-04-08,0.0,3.24,34.44,64.35,2.26,-11.21
2001-04-09,0.0,2.57,41.09,64.31,2.23,-9.46
2001-04-10,0.0,2.7,48.25,64.55,1.73,-7.36
2001-04-11,0.0,3.22,48.66,64.63,1.78,-7.27
2001-04-12,0.0,1.45,57.13,64.43,1.58,-6.3
2001-04-13,2.94,0.48,74.2,64.41,1.74,-4.06
2001-04-14,0.87,0.3,76.03,64.51,1.87,-3.98
2001-04-15,0.02,1.01,68.18,64.57,1.69,-4.84
2001-04-16,7.0,0.27,71.62,64.35,1.77,-4.79
2001-04-17,14.14,-0.37,79.15,64.18,2.23,-4.2
2001-04-18,3.26,-1.25,84.44,64.14,1.72,-4.1
2001-04-19,0.06,-1.03,76.39,64.2,1.79,-5.31
2001-04-20,0.0,-0.53,76.28,64.05,1.99,-4.9
2001-04-21,0.0,0.9,61.88,64.03,2.31,-7.21
2001-04-22,0.0,2.5,47.34,64.17,1.89,-9.68
2001-04-23,0.0,4.47,33.36,64.44,2.09,-11.53
2001-04-24,0.0,3.5,46.33,64.62,2.01,-8.12
2001-04-25,0.0,4.01,65.26,64.44,1.89,-2.88
2001-04-26,0.0,4.1,56.39,64.41,2.49,-5.39
2001-04-27,0.0,5.23,56.19,64.44,2.23,-3.76
2001-04-28,0.0,4.31,55.31,64.31,2.58,-4.76
2001-04-29,0.0,5.15,46.64,64.34,2.08,-7.06
2001-04-30,0.0,5.86,41.89,64.57,2.2,-7.3
2001-05-01,0.0,6.06,40.89,64.69,2.06,-6.96
2001-05-02,0.0,5.15,56.68,64.48,2.34,-3.41
2001-05-03,3.93,3.73,59.0,64.3,2.07,-4.28
2001-05-04,0.76,6.23,47.61,64.36,2.02,-5.33
2001-05-05,0.0,7.67,42.76,64.47,2.15,-5.8
2001-05-06,0.0,7.78,43.54,64.47,2.61,-4.64
2001-05-07,0.18,7.74,47.34,64.51,2.36,-4.39
2001-05-08,0.0,6.96,50.51,64.42,2.44,-3.59
2001-05-09,0.0,8.14,45.38,64.25,2.4,-4.65
2001-05-10,0.0,9.45,38.41,64.31,1.99,-6.72
2001-05-11,0.0,11.07,28.71,64.58,2.25,-7.76
2001-05-12,0.0,10.31,34.87,64.63,1.99,-5.91
2001-05-13,0.0,9.55,37.24,64.52,2.15,-5.75
2001-05-14,0.08,8.6,43.73,64.51,2.24,-4.08
2001-05-15,12.16,6.46,60.93,64.51,2.48,-2.09
2001-05-16,10.69,3.96,75.41,64.42,1.9,-0.4
2001-05-17,0.14,4.94,64.58,64.29,1.89,-1.71
2001-05-18,5.49,6.65,64.73,64.25,1.29,-0.56
2001-05-19,0.48,5.71,82.25,64.23,1.68,2.45
2001-05-20,0.01,6.01,81.1,64.22,2.51,2.42
2001-05-21,0.0,5.5,69.14,64.21,2.42,-0.51
2001-05-22,0.0,7.1,63.26,64.28,2.1,-1.27
2001-05-23,0.0,7.57,61.37,64.26,2.19,-1.01
2001-05-24,0.0,7.97,53.06,64.15,2.38,-2.79
2001-05-25,0.0,7.93,43.69,64.18,2.28,-4.81
2001-05-26,0.4,6.72,52.21,64.34,1.93,-3.44
2001-05-27,18.64,7.42,50.54,64.38,1.79,-3.28
2001-05-28,3.0,7.5,56.6,64.24,2.0,-1.93
2001-05-29,0.44,6.35,67.17,64.18,2.11,-0.29
2001-05-30,0.03,7.33,70.36,64.11,2.08,1.11
2001-05-31,0.19,9.19,63.91,64.08,1.99,1.37
2001-06-01,51.18,9.25,72.81,64.23,1.97,3.48
2001-06-02,0.86,9.45,81.68,64.38,2.01,5.84
2001-06-03,0.2,9.0,82.13,64.37,2.44,5.5
2001-06-04,1.67,8.5,79.65,64.24,2.66,4.44
2001-06-05,0.29,6.3,80.69,64.09,2.25,2.77
2001-06-06,0.98,6.15,78.29,63.98,2.35,2.2
2001-06-07,0.55,5.4,82.03,64.07,2.15,2.25
2001-06-08,0.01,7.66,76.87,64.03,2.06,3.25
2001-06-09,0.28,7.78,81.16,64.1,1.91,4.28
2001-06-10,0.02,8.77,79.31,64.18,1.75,4.83
2001-06-11,0.64,11.31,71.66,64.28,1.75,5.28
2001-06-12,1.06,11.56,76.9,64.39,1.87,6.9
2001-06-13,11.11,11.29,82.3,64.42,2.08,7.82
2001-06-14,10.55,8.83,84.23,64.29,1.76,5.94
2001-06-15,6.44,8.66,88.14,64.11,2.27,6.51
2001-06-16,1.59,9.71,81.6,63.99,2.25,6.21
2001-06-17,0.95,8.86,79.12,64.07,1.81,4.85
2001-06-18,0.86,8.59,68.25,64.19,2.04,2.13
2001-06-19,0.01,8.85,67.15,64.1,1.94,1.88
2001-06-20,0.95,9.7,76.74,64.07,2.24,5.14
2001-06-21,0.5,10.21,76.45,64.13,2.16,5.42
2001-06-22,1.65,9.65,70.82,64.14,2.0,3.59
2001-06-23,3.57,9.03,69.2,64.19,2.13,2.1
2001-06-24,4.68,9.62,73.62,64.23,2.04,4.19
2001-06-25,10.4,10.03,72.4,64.26,1.97,4.4
2001-06-26,3.57,10.27,71.59,64.22,2.09,4.28
2001-06-27,1.67,10.62,73.72,64.19,1.93,5.08
2001-06-28,13.35,12.58,63.84,64.2,1.7,3.68
2001-06-29,5.31,13.19,60.28,64.32,2.04,3.45
2001-06-30,2.73,12.54,81.99,64.37,1.96,8.86
2001-07-01,6.69,11.14,81.78,64.38,1.13,7.66
2001-07-02,0.89,11.6,81.01,64.33,2.08,8.07
2001-07-03,0.71,11.66,83.59,64.27,2.06,8.56
2001-07-04,1.89,10.84,75.84,64.29,1.61,6.23
2001-07-05,24.13,11.46,73.26,64.23,1.94,6.05
2001-07-06,1.62,12.2,83.31,64.18,2.26,9.01
2001-07-07,5.83,11.32,87.43,64.23,2.06,9.01
2001-07-08,2.31,11.05,81.2,64.25,1.68,7.59
2001-07-09,1.66,11.38,77.24,64.33,2.04,7.01
2001-07-10,2.73,12.28,79.34,64.33,2.13,8.27
2001-07-11,18.85,10.44,88.3,64.26,1.59,8.44
2001-07-12,5.6,10.28,84.86,64.35,1.91,7.59
2001-07-13,4.53,11.0,85.71,64.32,2.03,8.41
2001-07-14,14.24,11.28,87.84,64.21,2.07,9.04
2001-07-15,19.04,10.81,90.69,64.07,2.46,9.05
2001-07-16,10.69,10.69,88.64,64.1,2.48,8.64
2001-07-17,4.53,9.47,77.65,64.22,1.97,5.07
2001-07-18,3.98,10.74,80.03,64.26,1.71,6.74
2001-07-19,1.29,12.19,79.86,64.2,1.92,8.28
2001-07-20,6.9,12.31,87.67,64.25,1.89,10.08
2001-07-21,2.52,12.55,90.25,64.21,1.83,10.83
2001-07-22,2.59,11.49,92.41,64.35,1.7,10.17
2001-07-23,0.37,11.3,86.7,64.45,1.56,8.79
2001-07-24,3.26,11.25,89.76,64.39,2.44,9.5
2001-07-25,19.03,11.36,84.32,64.4,1.78,8.39
2001-07-26,11.9,11.48,86.09,64.39,1.81,8.87
2001-07-27,5.75,11.46,88.72,64.25,2.15,9.39
2001-07-28,4.7,10.78,82.56,64.19,1.8,7.51
2001-07-29,1.69,9.77,74.91,64.24,1.72,4.82
2001-07-30,4.26,8.79,81.27,64.27,1.82,5.51
2001-07-31,0.54,9.51,71.85,64.41,1.75,4.05
2001-08-01,0.0,9.46,68.53,64.27,1.76,2.45
2001-08-02,1.58,10.64,71.65,64.15,1.85,5.01
2001-08-03,4.07,11.09,82.16,64.44,1.82,7.56
2001-08-04,0.81,10.7,86.47,64.69,2.05,8.2
2001-08-05,5.36,10.92,86.01,64.64,2.19,8.31
2001-08-06,1.58,10.6,86.71,64.5,2.0,8.14
2001-08-07,0.54,10.49,86.58,64.46,2.0,7.93
2001-08-08,2.07,10.4,85.11,64.47,1.95,7.67
2001-08-09,1.58,10.46,87.88,64.57,2.07,8.22
2001-08-10,0.84,10.84,85.35,64.67,2.05,8.1
2001-08-11,2.88,11.28,81.67,64.66,1.62,7.73
2001-08-12,9.81,12.11,80.71,64.48,1.62,8.27
2001-08-13,10.97,10.73,91.41,64.33,1.64,9.09
2001-08-14,15.42,9.67,92.15,64.48,1.58,8.22
2001-08-15,1.27,10.69,88.0,64.58,1.99,8.5
2001-08-16,1.75,11.14,88.79,64.39,2.1,9.13
2001-08-17,11.22,11.2,80.93,64.29,1.63,7.5
2001-08-18,14.72,11.07,82.28,64.25,1.64,7.66
2001-08-19,2.38,10.42,74.13,64.35,1.51,4.92
2001-08-20,2.23,9.97,72.06,64.5,1.66,4.15
2001-08-21,0.35,10.06,72.63,64.51,1.7,4.63
2001-08-22,3.54,9.05,76.41,64.26,1.96,4.29
2001-08-23,0.73,8.39,79.94,64.21,1.73,4.68
2001-08-24,0.01,8.56,78.26,64.25,1.71,4.25
2001-08-25,0.05,8.94,77.28,64.33,1.67,4.52
2001-08-26,3.32,9.07,74.85,64.27,1.71,3.99
2001-08-27,1.37,9.29,75.72,64.17,1.77,4.51
2001-08-28,7.72,9.73,78.51,64.05,1.74,5.18
2001-08-29,6.42,9.46,82.2,64.05,1.75,5.8
2001-08-30,16.59,9.0,77.66,64.12,1.77,4.12
2001-08-31,4.22,9.01,82.0,64.28,1.69,5.38
2001-09-01,0.19,8.26,75.11,64.32,1.69,3.34
2001-09-02,2.53,8.91,79.84,64.36,1.78,5.06
2001-09-03,7.73,9.19,85.97,64.42,1.7,6.47
2001-09-04,0.92,8.45,80.69,64.4,1.61,4.61
2001-09-05,0.26,6.72,67.89,64.32,1.71,0.16
2001-09-06,0.0,7.13,74.78,64.37,1.77,2.35
2001-09-07,0.04,8.14,77.35,64.53,1.67,3.68
2001-09-08,0.0,7.76,70.51,64.62,1.62,1.6
2001-09-09,4.44,7.61,74.1,64.42,1.62,2.49
2001-09-10,1.0,7.45,82.59,64.29,1.62,4.22
2001-09-11,0.0,7.9,79.3,64.33,1.95,3.9
2001-09-12,0.41,7.31,76.76,64.44,1.76,2.5
2001-09-13,0.49,5.83,64.43,64.42,1.65,-1.36
2001-09-14,4.36,5.41,58.45,64.57,1.44,-3.02
2001-09-15,0.03,5.28,49.84,64.67,1.62,-5.39
2001-09-16,0.0,5.21,61.27,64.6,1.68,-2.29
2001-09-17,0.0,5.39,71.73,64.42,1.48,-0.49
2001-09-18,0.0,5.69,65.65,64.36,1.63,-1.23
2001-09-19,0.0,5.38,55.31,64.35,1.58,-4.24
2001-09-20,0.0,4.94,52.22,64.46,1.81,-5.19
2001-09-21,0.0,4.93,56.41,64.61,1.7,-4.08
2001-09-22,0.0,5.43,55.31,64.64,1.64,-4.2
2001-09-23,0.0,5.13,58.79,64.62,1.62,-3.66
2001-09-24,0.0,5.49,59.99,64.63,1.72,-3.36
2001-09-25,0.0,5.06,69.2,64.58,1.64,-1.13
2001-09-26,0.0,4.16,65.29,64.48,1.68,-2.79
2001-09-27,0.0,4.79,60.26,64.46,1.66,-3.05
2001-09-28,0.0,5.71,56.69,64.54,1.66,-2.81
2001-09-29,5.94,5.29,62.21,64.6,1.48,-2.73
2001-09-30,0.87,5.45,69.68,64.67,1.56,-0.55
2001-10-01,0.01,5.87,70.61,64.63,1.43,0.06
2001-10-02,0.0,6.49,72.83,64.53,1.47,0.82
2001-10-03,0.6,5.74,67.97,64.48,1.56,-0.81
2001-10-04,0.11,4.33,75.37,64.51,1.68,-0.18
2001-10-05,0.0,3.91,61.83,64.41,1.52,-4.18
2001-10-06,0.0,3.94,55.28,64.48,1.59,-5.59
2001-10-07,0.0,5.36,53.66,64.64,1.57,-4.47
2001-10-08,0.0,5.78,52.81,64.7,1.63,-4.57
2001-10-09,0.0,5.21,56.88,64.62,1.52,-4.12
2001-10-10,0.0,3.09,56.42,64.51,1.69,-5.88
2001-10-11,0.0,1.6,46.51,64.53,1.65,-9.23
2001-10-12,0.0,0.82,45.98,64.56,1.54,-10.1
2001-10-13,0.0,1.55,50.76,64.46,1.57,-8.8
2001-10-14,0.0,1.57,56.05,64.36,1.46,-6.89
2001-10-15,0.0,1.66,52.24,64.43,1.56,-7.94
2001-10-16,0.0,1.76,45.84,64.48,1.71,-9.48
2001-10-17,0.0,1.58,45.96,64.36,1.64,-9.6
2001-10-18,0.0,2.3,38.55,64.35,1.62,-10.85
2001-10-19,0.0,2.62,38.96,64.6,1.64,-10.52
2001-10-20,0.0,3.55,38.35,64.72,1.7,-9.79
2001-10-21,0.0,2.76,48.18,64.63,1.62,-7.85
2001-10-22,0.0,1.81,50.49,64.67,1.63,-8.17
2001-10-23,0.0,2.33,45.27,64.65,1.45,-9.49
2001-10-24,0.0,3.29,34.48,64.58,1.59,-11.44
2001-10-25,0.0,2.26,40.78,64.35,1.44,-10.34
2001-10-26,0.0,3.57,35.04,64.43,1.46,-10.97
2001-10-27,0.0,3.34,39.11,64.64,1.53,-9.54
2001-10-28,0.0,2.44,41.66,64.6,1.43,-10.05
2001-10-29,0.0,1.74,46.31,64.55,1.53,-8.94
2001-10-30,0.0,1.48,51.65,64.53,1.7,-8.17
2001-10-31,0.0,1.31,49.94,64.54,1.52,-8.58
2001-11-01,0.0,0.71,47.82,64.65,1.7,-10.43
2001-11-02,0.0,1.26,55.99,64.72,1.54,-6.9
2001-11-03,0.16,-0.76,67.19,64.54,1.96,-6.61
2001-11-04,0.09,-2.17,75.83,64.44,1.53,-6.62
2001-11-05,0.0,-1.88,55.31,64.47,1.7,-10.81
2001-11-06,0.21,-3.8,75.1,64.51,1.49,-8.22
2001-11-07,0.0,-3.45,65.65,64.34,1.5,-10.26
2001-11-08,0.0,-3.86,45.67,64.29,1.59,-15.4
2001-11-09,0.0,-1.74,33.58,64.46,1.53,-15.79
2001-11-10,0.0,-2.29,37.42,64.41,1.57,-14.94
2001-11-11,0.0,-2.82,36.91,64.38,1.56,-15.91
2001-11-12,0.0,-1.44,35.35,64.5,1.44,-15.23
2001-11-13,0.0,1.88,26.74,64.71,1.57,-15.67
2001-11-14,0.0,3.81,22.4,64.86,1.64,-15.62
2001-11-15,0.0,2.82,19.72,64.78,1.5,-17.57
2001-11-16,0.0,1.05,20.02,64.72,1.41,-18.74
2001-11-17,0.0,-0.96,22.57,64.64,1.47,-19.39
2001-11-18,0.0,0.52,22.75,64.65,1.49,-18.27
2001-11-19,0.0,1.47,20.98,64.68,1.51,-18.12
2001-11-20,0.0,1.51,23.98,64.75,1.45,-16.54
2001-11-21,0.0,-0.12,27.38,64.68,1.45,-16.48
2001-11-22,0.0,-2.06,28.71,64.53,1.57,-17.91
2001-11-23,0.0,-1.63,23.24,64.46,1.4,-20.12
2001-11-24,0.0,-0.76,18.89,64.61,1.52,-20.99
2001-11-25,0.0,-0.32,22.17,64.66,1.3,-18.82
2001-11-26,0.0,-2.63,36.37,64.48,1.51,-15.49
2001-11-27,0.0,-4.42,57.43,64.37,1.46,-12.0
2001-11-28,0.0,-5.48,43.62,64.18,1.32,-16.72
2001-11-29,0.0,-4.87,36.28,64.23,1.54,-17.32
2001-11-30,0.0,-4.36,29.94,64.42,1.44,-19.99
2001-12-01,0.0,-2.97,29.36,64.37,1.18,-17.67
2001-12-02,0.0,-3.17,32.81,64.3,1.27,-17.22
2001-12-03,0.0,-2.34,55.89,64.38,1.21,-9.89
2001-12-04,0.0,-3.06,73.35,64.3,1.42,-7.65
2001-12-05,0.0,-2.87,42.95,64.22,1.23,-15.09
2001-12-06,0.0,-1.92,26.49,64.32,0.97,-17.8
2001-12-07,0.0,-2.64,47.54,64.25,1.3,-12.4
2001-12-08,0.0,-5.56,52.35,64.11,1.56,-14.2
2001-12-09,0.0,-5.13,32.8,64.18,1.63,-19.06
2001-12-10,0.01,-6.13,44.49,64.23,1.44,-16.1
2001-12-11,0.05,-6.08,81.13,64.3,2.49,-9.45
2001-12-12,0.0,-5.1,54.39,64.4,1.12,-14.47
2001-12-13,0.0,-1.98,37.32,64.55,1.15,-14.54
2001-12-14,0.0,-4.37,66.02,64.47,0.96,-10.15
2001-12-15,2.86,-6.33,91.21,64.25,1.38,-8.19
2001-12-16,0.01,-6.59,58.32,64.33,1.22,-14.56
2001-12-17,0.0,-4.43,46.12,64.47,1.06,-14.25
2001-12-18,1.08,-4.54,75.8,64.44,1.87,-8.88
2001-12-19,1.73,-6.34,63.51,64.29,1.8,-13.11
2001-12-20,0.0,-6.6,31.8,64.52,1.41,-20.65
2001-12-21,0.0,-4.19,26.97,64.7,1.43,-20.02
2001-12-22,0.0,-2.76,28.21,64.78,1.43,-18.14
2001-12-23,0.0,-3.06,35.59,64.68,1.33,-15.74
2001-12-24,0.0,-4.24,39.98,64.55,1.22,-15.73
2001-12-25,0.0,-4.74,42.71,64.45,1.25,-15.47
2001-12-26,0.0,-6.59,51.87,64.47,1.18,-14.74
2001-12-27,0.0,-7.73,54.0,64.49,1.56,-16.2
2001-12-28,0.0,-8.0,45.13,64.42,1.4,-17.86
2001-12-29,0.0,-7.77,38.47,64.3,1.5,-19.61
2001-12-30,0.0,-6.72,34.14,64.18,1.15,-19.57
2001-12-31,0.0,-6.68,22.06,64.26,1.5,-24.28
2002-01-01,0.0,-5.35,22.47,64.47,1.54,-22.73
2002-01-02,0.0,-4.79,25.74,64.48,1.2,-20.73
2002-01-03,0.0,-4.74,29.12,64.47,1.35,-19.92
2002-01-04,0.0,-4.91,38.99,64.42,1.49,-16.62
2002-01-05,0.0,-4.28,40.29,64.36,1.39,-15.54
2002-01-06,0.0,-4.73,45.5,64.31,1.42,-14.57
2002-01-07,0.0,-6.33,55.54,64.35,1.37,-13.93
2002-01-08,0.0,-5.85,40.06,64.34,1.21,-18.45
2002-01-09,0.0,-4.56,18.8,64.48,1.38,-24.13
2002-01-10,0.0,-3.57,25.54,64.44,1.23,-19.92
2002-01-11,0.0,-3.66,37.22,64.33,1.51,-17.0
2002-01-12,0.0,-2.05,33.87,64.35,1.36,-15.94
2002-01-13,0.14,-3.74,78.69,64.19,1.88,-7.33
2002-01-14,2.15,-5.57,89.04,63.86,3.04,-7.81
2002-01-15,4.33,-5.96,92.59,63.62,3.74,-7.64
2002-01-16,0.08,-8.45,80.33,63.73,2.0,-12.4
2002-01-17,0.0,-9.09,86.26,63.69,1.85,-11.75
2002-01-18,0.85,-8.9,88.48,63.58,1.88,-11.12
2002-01-19,0.69,-9.84,85.45,63.76,1.69,-12.13
2002-01-20,0.37,-10.7,67.65,63.84,1.49,-15.86
2002-01-21,0.0,-10.13,49.09,63.89,1.76,-19.49
2002-01-22,0.0,-9.96,52.36,63.83,1.65,-18.36
2002-01-23,0.0,-9.64,60.04,63.8,1.46,-16.54
2002-01-24,0.0,-10.24,54.87,63.65,1.64,-17.96
2002-01-25,0.0,-11.11,66.41,63.51,2.34,-16.54
2002-01-26,0.44,-11.54,75.56,63.54,1.46,-15.55
2002-01-27,8.06,-11.06,88.59,63.4,1.67,-13.24
2002-01-28,0.03,-11.85,68.85,63.68,1.35,-16.74
2002-01-29,0.0,-12.47,62.73,63.9,1.55,-18.56
2002-01-30,0.0,-10.61,48.47,64.07,1.7,-19.48
2002-01-31,0.0,-9.2,44.92,64.2,1.53,-18.92
2002-02-01,0.0,-8.11,48.07,64.29,1.59,-17.1
2002-02-02,0.0,-9.29,59.64,64.13,2.19,-16.02
2002-02-03,0.0,-8.52,36.98,64.03,1.61,-21.87
2002-02-04,0.0,-7.51,27.72,64.13,1.68,-23.29
2002-02-05,0.12,-7.53,48.9,63.99,2.42,-17.48
2002-02-06,0.27,-7.92,88.23,63.76,3.23,-9.92
2002-02-07,4.35,-7.93,86.43,63.73,3.73,-10.23
2002-02-08,11.47,-8.46,90.33,63.78,3.57,-10.32
2002-02-09,8.57,-12.54,99.13,63.89,3.33,-12.83
2002-02-10,0.04,-11.11,70.0,64.21,1.41,-15.84
2002-02-11,18.38,-9.96,79.77,63.89,1.26,-13.28
2002-02-12,2.59,-10.6,97.37,64.0,2.14,-11.42
2002-02-13,0.0,-14.33,65.53,64.34,1.85,-19.67
2002-02-14,0.0,-11.57,65.43,64.49,1.85,-17.04
2002-02-15,0.0,-9.22,62.54,64.43,1.81,-15.3
2002-02-16,0.0,-5.18,75.02,64.43,1.44,-9.28
2002-02-17,0.0,-5.96,82.56,64.43,1.3,-9.02
2002-02-18,0.0,-7.75,72.18,64.52,1.61,-12.9
2002-02-19,0.0,-7.93,57.01,64.53,1.91,-16.38
2002-02-20,0.0,-6.88,70.27,64.32,1.45,-12.47
2002-02-21,0.01,-7.41,72.01,64.37,1.52,-12.43
2002-02-22,1.03,-5.93,85.48,64.52,1.8,-8.57
2002-02-23,4.87,-5.65,90.2,64.43,1.87,-7.35
2002-02-24,0.83,-6.55,84.28,64.22,1.8,-9.52
2002-02-25,1.17,-8.52,80.98,63.96,2.06,-12.13
2002-02-26,0.05,-9.35,59.93,64.12,2.09,-16.36
2002-02-27,0.02,-6.49,70.13,64.04,1.48,-11.95
2002-02-28,0.05,-6.18,62.49,64.13,1.92,-13.45
2002-03-01,3.04,-5.19,93.66,64.03,2.46,-6.62
2002-03-02,10.86,-6.6,97.84,63.75,3.44,-7.43
2002-03-03,0.28,-7.57,71.64,63.9,1.2,-12.49
2002-03-04,0.0,-7.78,64.83,64.0,1.91,-14.46
2002-03-05,0.0,-7.75,60.05,64.07,1.83,-15.49
2002-03-06,0.0,-5.9,51.07,64.22,1.82,-15.63
2002-03-07,0.0,-5.96,60.44,64.18,1.59,-13.21
2002-03-08,0.0,-5.32,75.3,64.19,1.2,-9.46
2002-03-09,0.4,-4.62,82.33,64.38,1.88,-8.09
2002-03-10,0.57,-4.62,88.86,64.45,2.57,-6.62
2002-03-11,0.0,-4.9,50.1,64.46,1.91,-15.12
2002-03-12,0.0,-2.51,57.35,64.42,1.75,-10.12
2002-03-13,0.0,-4.31,70.88,64.46,1.61,-9.79
2002-03-14,0.0,-4.46,61.35,64.37,1.87,-12.07
2002-03-15,0.0,-3.39,63.48,64.28,1.72,-10.21
2002-03-16,0.0,-3.68,59.77,64.28,1.96,-11.76
2002-03-17,0.0,-2.23,55.84,64.43,1.7,-10.95
2002-03-18,0.0,-0.92,52.45,64.68,1.66,-10.8
2002-03-19,0.0,0.78,43.01,64.75,1.5,-11.28
2002-03-20,0.0,0.88,47.99,64.62,1.84,-9.57
2002-03-21,0.0,0.47,62.71,64.42,1.57,-6.25
2002-03-22,0.0,0.88,55.77,64.22,1.66,-8.4
2002-03-23,0.0,0.61,64.66,64.11,1.99,-6.01
2002-03-24,0.48,-1.45,71.63,64.01,2.11,-7.31
2002-03-25,0.33,-2.6,80.65,63.93,2.82,-6.15
2002-03-26,0.01,-2.4,48.79,64.12,2.07,-13.46
2002-03-27,0.0,-1.18,49.94,64.26,1.83,-11.43
2002-03-28,0.0,0.0,51.86,64.3,1.71,-9.68
2002-03-29,0.0,0.86,46.93,64.35,1.91,-10.2
2002-03-30,0.0,1.1,49.67,64.4,1.99,-9.33
2002-03-31,0.01,1.36,57.17,64.44,2.11,-7.12
2002-04-01,1.98,-0.64,73.18,64.4,2.81,-5.57
2002-04-02,0.06,-1.85,67.0,64.23,1.98,-8.02
2002-04-03,0.0,-0.82,40.14,64.2,2.26,-14.26
2002-04-04,0.0,2.54,40.67,64.33,1.93,-9.84
2002-04-05,0.0,2.91,47.7,64.57,1.73,-7.44
2002-04-06,0.0,1.62,57.45,64.69,1.63,-6.03
2002-04-07,0.56,1.52,58.92,64.68,1.73,-6.16
2002-04-08,0.06,0.56,65.05,64.45,2.15,-5.76
2002-04-09,1.66,0.01,63.35,64.25,1.76,-7.56
2002-04-10,0.0,-0.77,72.81,64.03,1.59,-5.87
2002-04-11,0.0,1.04,63.38,64.24,1.69,-5.96
2002-04-12,0.0,3.75,45.16,64.58,1.88,-8.43
2002-04-13,0.0,4.78,44.55,64.71,1.96,-7.02
2002-04-14,0.0,5.86,49.22,64.56,2.17,-4.69
2002-04-15,0.0,5.96,42.61,64.65,1.97,-6.46
2002-04-16,0.0,6.23,39.08,64.6,1.74,-8.12
2002-04-17,0.0,3.43,58.99,64.59,1.42,-4.06
2002-04-18,0.0,4.61,40.36,64.44,1.94,-10.12
2002-04-19,0.0,6.05,32.96,64.53,2.15,-9.83
2002-04-20,0.0,5.76,37.04,64.68,1.87,-8.56
2002-04-21,0.0,5.25,42.36,64.51,1.72,-6.97
2002-04-22,0.0,6.2,44.69,64.43,2.11,-6.19
2002-04-23,0.08,5.7,48.89,64.56,2.22,-4.97
2002-04-24,0.49,4.35,67.95,64.49,3.12,-1.81
2002-04-25,15.72,2.46,79.22,64.27,3.92,-1.39
2002-04-26,0.45,0.67,70.39,64.17,2.01,-4.93
2002-04-27,0.0,1.83,52.38,64.16,2.89,-7.48
2002-04-28,4.45,1.26,61.57,64.16,3.46,-5.88
2002-04-29,0.03,1.19,47.96,64.09,2.82,-9.02
2002-04-30,0.0,2.16,44.27,64.17,2.42,-9.26
2002-05-01,0.0,2.53,64.9,64.33,2.49,-3.87
2002-05-02,1.42,3.21,61.25,64.42,1.95,-4.22
2002-05-03,0.01,4.75,41.86,64.52,2.06,-7.89
2002-05-04,0.0,6.41,43.82,64.47,2.21,-6.22
2002-05-05,0.0,6.87,43.78,64.43,2.19,-6.03
2002-05-06,0.0,6.43,45.94,64.45,2.17,-5.14
2002-05-07,0.36,6.32,45.12,64.58,2.22,-5.27
2002-05-08,0.0,7.37,40.45,64.53,2.03,-6.88
2002-05-09,0.0,8.56,36.55,64.64,2.2,-6.71
2002-05-10,0.0,8.5,34.83,64.51,2.35,-7.27
2002-05-11,0.0,9.43,29.02,64.3,1.87,-9.5
2002-05-12,0.0,9.59,24.07,64.42,2.34,-10.75
2002-05-13,0.0,9.81,29.53,64.64,2.21,-8.7
2002-05-14,0.09,10.05,44.87,64.72,2.1,-3.0
2002-05-15,0.01,10.26,55.17,64.67,2.06,0.56
2002-05-16,0.0,10.13,50.79,64.47,2.04,-1.55
2002-05-17,0.0,9.91,40.89,64.31,2.32,-4.34
2002-05-18,0.0,8.26,32.46,64.07,2.56,-8.82
2002-05-19,2.99,7.41,31.12,63.9,2.97,-9.58
2002-05-20,1.42,6.08,36.3,63.93,2.67,-8.47
2002-05-21,0.0,6.53,27.74,64.17,1.85,-11.1
2002-05-22,0.0,8.11,25.73,64.4,2.53,-11.12
2002-05-23,0.0,8.34,30.66,64.56,2.51,-8.21
2002-05-24,0.0,8.63,33.49,64.6,2.05,-7.33
2002-05-25,1.18,7.39,41.38,64.54,2.05,-5.16
2002-05-26,0.14,7.06,41.52,64.4,1.83,-6.29
2002-05-27,1.43,7.85,32.06,64.28,2.36,-9.64
2002-05-28,0.92,6.83,39.7,64.31,2.22,-7.4
2002-05-29,0.2,6.01,54.43,64.38,2.42,-3.35
2002-05-30,1.43,5.24,69.79,64.36,2.02,-0.54
2002-05-31,0.0,6.69,64.9,64.44,1.95,-0.31
2002-06-01,4.07,6.91,68.33,64.43,1.81,0.63
2002-06-02,1.45,7.01,62.98,64.4,1.94,-0.37
2002-06-03,0.0,7.72,55.97,64.38,1.96,-1.36
2002-06-04,0.08,7.69,59.73,64.34,2.07,-0.28
2002-06-05,5.64,8.09,61.01,64.34,2.11,0.2
2002-06-06,0.94,8.54,55.26,64.33,2.26,-1.04
2002-06-07,0.0,9.44,45.7,64.34,2.17,-3.14
2002-06-08,0.32,11.58,33.24,64.35,1.79,-6.08
2002-06-09,1.39,10.8,41.74,64.46,2.02,-3.2
2002-06-10,1.84,10.52,49.47,64.49,2.08,-1.25
2002-06-11,5.83,9.81,55.3,64.52,2.03,-0.52
2002-06-12,2.39,8.75,64.24,64.38,2.0,1.33
2002-06-13,0.0,9.1,57.75,64.23,2.07,0.05
2002-06-14,1.03,9.01,50.68,64.26,2.05,-1.47
2002-06-15,0.61,9.43,49.78,64.23,2.03,-1.37
2002-06-16,1.43,8.88,50.81,64.36,1.78,-1.81
2002-06-17,0.87,8.41,52.04,64.42,2.2,-1.93
2002-06-18,1.01,8.45,44.33,64.25,2.06,-4.98
2002-06-19,0.0,8.08,50.85,64.2,2.05,-2.68
2002-06-20,0.0,8.78,55.88,64.11,2.2,-0.65
2002-06-21,0.0,9.45,56.18,64.08,2.06,-0.2
2002-06-22,0.0,11.82,47.42,64.16,1.89,-1.55
2002-06-23,1.34,12.82,50.76,64.47,2.19,0.97
2002-06-24,1.56,12.34,58.33,64.56,2.3,2.77
2002-06-25,0.3,10.86,59.08,64.56,2.3,0.86
2002-06-26,0.28,10.59,64.17,64.54,2.0,2.72
2002-06-27,0.24,11.55,71.08,64.55,2.36,5.14
2002-06-28,0.54,11.36,79.8,64.54,1.96,7.35
2002-06-29,5.48,11.52,73.26,64.5,2.34,6.08
2002-06-30,3.89,11.42,71.26,64.35,2.21,5.49
2002-07-01,0.0,11.87,60.6,64.28,2.2,3.06
2002-07-02,0.38,12.37,53.32,64.35,2.13,1.98
2002-07-03,2.26,11.4,51.29,64.36,2.23,0.63
2002-07-04,6.03,10.29,54.29,64.32,2.13,0.37
2002-07-05,0.27,10.06,55.07,64.32,2.11,-0.57
2002-07-06,0.0,10.12,59.74,64.25,2.02,1.24
2002-07-07,0.0,10.41,56.71,64.14,2.03,0.9
2002-07-08,0.0,10.54,53.29,64.19,2.14,-0.24
2002-07-09,0.0,10.86,49.34,64.3,2.01,-1.32
2002-07-10,3.35,10.69,50.22,64.25,2.0,-1.26
2002-07-11,6.85,9.61,51.48,64.13,2.08,-2.06
2002-07-12,1.01,9.62,54.63,64.23,2.19,-0.61
2002-07-13,0.41,10.63,56.07,64.3,1.98,0.99
2002-07-14,0.2,10.45,50.54,64.31,2.07,-1.05
2002-07-15,0.0,10.63,50.35,64.33,2.0,-0.6
2002-07-16,0.19,10.88,54.56,64.37,2.12,0.87
2002-07-17,0.01,11.09,59.85,64.51,2.09,2.65
2002-07-18,1.7,11.58,65.59,64.55,2.17,4.46
2002-07-19,8.66,11.64,71.09,64.5,2.05,5.7
2002-07-20,0.52,11.82,65.2,64.32,2.22,4.15
2002-07-21,0.02,10.85,68.02,64.16,2.1,4.17
2002-07-22,2.08,9.95,71.96,64.14,2.27,4.13
2002-07-23,0.2,10.42,66.14,64.2,2.04,3.03
2002-07-24,1.19,10.45,67.01,64.18,2.15,3.45
2002-07-25,0.0,10.36,72.16,64.21,2.22,4.53
2002-07-26,2.43,10.39,73.06,64.18,2.11,4.77
2002-07-27,0.34,10.33,74.19,64.23,2.06,5.09
2002-07-28,0.31,10.44,76.3,64.32,2.56,5.72
2002-07-29,0.17,10.54,66.83,64.27,2.14,3.57
2002-07-30,0.0,10.15,63.9,64.25,2.11,2.27
2002-07-31,7.76,10.01,68.4,64.39,1.85,3.16
2002-08-01,0.03,10.9,58.87,64.48,1.97,1.11
2002-08-02,15.26,11.05,66.75,64.4,2.05,4.1
2002-08-03,10.33,10.49,74.69,64.27,2.01,5.45
2002-08-04,6.06,10.58,83.57,64.27,2.12,7.48
2002-08-05,4.28,9.73,83.85,64.33,1.46,6.83
2002-08-06,4.46,11.1,79.46,64.29,2.14,7.23
2002-08-07,4.44,11.1,80.65,64.37,1.99,7.39
2002-08-08,0.44,11.35,85.12,64.28,1.9,8.55
2002-08-09,3.15,12.25,79.87,64.3,2.07,8.27
2002-08-10,11.24,12.85,81.27,64.17,1.93,9.06
2002-08-11,3.89,13.09,76.9,64.13,1.93,8.15
2002-08-12,7.43,11.96,82.98,64.13,1.99,8.39
2002-08-13,18.56,9.46,90.52,64.13,1.44,7.59
2002-08-14,7.77,8.73,85.88,64.24,1.69,6.17
2002-08-15,8.18,9.49,84.52,64.22,1.98,6.68
2002-08-16,0.08,9.81,77.74,64.17,1.79,5.14
2002-08-17,0.0,9.68,72.33,64.13,1.81,4.02
2002-08-18,0.19,9.71,72.67,64.27,1.95,4.24
2002-08-19,0.39,10.38,77.93,64.28,1.87,5.84
2002-08-20,1.83,9.83,76.27,64.21,1.83,4.98
2002-08-21,6.0,9.1,82.64,64.3,1.92,5.87
2002-08-22,3.67,9.94,83.19,64.51,1.84,6.76
2002-08-23,2.95,9.84,88.57,64.57,1.38,7.79
2002-08-24,0.91,9.26,89.0,64.71,1.38,7.35
2002-08-25,6.42,10.66,81.08,64.66,1.67,7.11
2002-08-26,6.19,9.94,88.78,64.6,1.9,7.91
2002-08-27,0.88,10.75,86.22,64.5,1.62,8.18
2002-08-28,4.67,10.79,88.41,64.49,1.28,8.55
2002-08-29,1.69,8.03,85.7,64.66,0.88,5.51
2002-08-30,0.76,9.26,82.12,64.65,1.79,6.02
2002-08-31,2.94,9.59,85.98,64.57,2.14,6.98
2002-09-01,2.15,9.47,80.25,64.59,1.93,5.55
2002-09-02,3.29,9.49,83.28,64.64,1.97,6.2
2002-09-03,3.53,8.44,81.27,64.59,1.85,4.75
2002-09-04,3.2,6.89,68.36,64.45,1.76,0.49
2002-09-05,7.48,6.03,65.59,64.4,1.75,-0.97
2002-09-06,14.2,5.85,76.45,64.36,1.95,1.23
2002-09-07,6.94,5.56,81.76,64.33,1.83,2.14
2002-09-08,0.45,6.71,81.61,64.37,1.86,3.28
2002-09-09,0.03,6.75,80.48,64.36,1.74,3.06
2002-09-10,0.93,5.83,78.76,64.35,1.64,1.9
2002-09-11,4.26,5.76,81.6,64.45,1.75,2.39
2002-09-12,15.19,6.36,83.46,64.53,1.57,3.44
2002-09-13,14.49,6.93,88.53,64.57,1.6,4.87
2002-09-14,0.9,7.74,84.49,64.54,1.85,4.91
2002-09-15,0.02,7.62,85.34,64.47,1.81,4.89
2002-09-16,4.39,7.01,88.16,64.39,1.97,4.88
2002-09-17,2.09,5.01,78.04,64.33,1.61,0.81
2002-09-18,0.72,4.34,65.8,64.5,1.62,-2.23
2002-09-19,0.02,4.25,67.14,64.65,1.75,-2.11
2002-09-20,0.06,4.2,70.89,64.7,1.77,-1.5
2002-09-21,2.47,4.96,67.28,64.63,1.54,-1.44
2002-09-22,0.2,6.1,76.57,64.58,1.46,1.7
2002-09-23,0.01,5.93,73.73,64.49,1.55,0.87
2002-09-24,0.16,4.73,73.58,64.37,1.69,-0.42
2002-09-25,0.0,3.67,61.01,64.43,1.66,-4.63
2002-09-26,0.0,4.03,63.71,64.48,1.64,-3.38
2002-09-27,0.0,4.41,60.77,64.52,1.74,-3.54
2002-09-28,0.0,3.54,61.38,64.59,1.72,-4.46
2002-09-29,0.0,3.42,60.34,64.63,1.69,-4.8
2002-09-30,0.0,4.22,61.04,64.65,1.64,-3.69
2002-10-01,0.0,3.88,54.78,64.74,1.8,-5.85
2002-10-02,0.0,4.26,51.02,64.74,1.68,-6.64
2002-10-03,0.0,4.71,44.98,64.63,1.67,-7.33
2002-10-04,0.0,4.26,47.46,64.67,1.72,-6.82
2002-10-05,0.0,3.85,54.42,64.7,1.78,-5.85
2002-10-06,0.0,3.19,61.48,64.79,1.72,-4.8
2002-10-07,0.0,2.32,68.56,64.75,1.52,-3.62
2002-10-08,0.0,3.03,64.05,64.78,1.6,-3.55
2002-10-09,0.0,4.55,56.74,64.79,1.33,-4.12
2002-10-10,0.11,4.58,57.98,64.81,1.53,-3.68
2002-10-11,0.57,3.33,67.74,64.57,1.39,-2.58
2002-10-12,4.57,2.8,77.1,64.31,1.2,-1.23
2002-10-13,0.19,1.83,82.02,64.43,1.42,-1.4
2002-10-14,0.09,1.93,70.72,64.46,1.27,-3.45
2002-10-15,0.0,3.09,70.08,64.57,1.35,-2.49
2002-10-16,0.0,3.49,70.13,64.56,1.47,-2.85
2002-10-17,0.0,2.1,74.53,64.43,1.56,-2.82
2002-10-18,0.0,1.01,74.03,64.2,1.29,-3.83
2002-10-19,0.0,1.14,68.88,64.22,1.5,-4.63
2002-10-20,0.0,0.27,59.79,64.43,1.52,-7.21
2002-10-21,0.0,0.57,57.84,64.53,1.47,-7.46
2002-10-22,0.0,-0.21,67.02,64.41,1.47,-6.28
2002-10-23,0.0,-0.59,61.56,64.32,1.49,-8.24
2002-10-24,0.0,-1.1,53.26,64.37,1.55,-10.47
2002-10-25,0.0,0.99,46.37,64.53,1.52,-10.09
2002-10-26,0.0,0.46,45.15,64.56,1.42,-11.12
2002-10-27,0.0,-0.05,48.72,64.35,1.56,-10.27
2002-10-28,0.0,0.06,51.5,64.23,1.54,-9.63
2002-10-29,0.0,-0.76,51.68,64.31,1.58,-10.4
2002-10-30,0.0,-1.56,52.69,64.4,1.4,-10.66
2002-10-31,0.0,-1.76,60.93,64.43,1.42,-9.15
2002-11-01,0.08,-1.33,67.86,64.47,1.21,-7.45
2002-11-02,0.03,-1.59,78.99,64.47,1.07,-5.79
2002-11-03,0.0,-1.44,69.68,64.52,1.41,-7.62
2002-11-04,0.0,-1.27,66.49,64.57,1.4,-7.64
2002-11-05,0.0,-1.43,73.48,64.49,1.41,-6.25
2002-11-06,0.0,-2.31,68.28,64.48,1.28,-7.92
2002-11-07,0.0,-2.53,70.89,64.59,1.34,-7.91
2002-11-08,0.0,-1.71,55.48,64.6,1.39,-10.57
2002-11-09,0.0,-2.16,49.82,64.58,1.01,-11.57
2002-11-10,0.0,-2.2,65.64,64.52,1.27,-8.26
2002-11-11,0.0,-2.37,58.02,64.41,1.57,-10.92
2002-11-12,0.0,-2.92,66.27,64.22,1.36,-9.05
2002-11-13,0.0,-3.19,70.26,64.1,1.43,-8.56
2002-11-14,0.0,-1.27,34.83,64.19,1.35,-15.69
2002-11-15,0.0,-1.27,38.41,64.35,1.64,-14.61
2002-11-16,0.0,-1.9,36.57,64.47,1.52,-15.95
2002-11-17,0.0,-1.54,31.52,64.47,1.54,-16.55
2002-11-18,0.0,-2.07,29.73,64.42,1.41,-17.62
2002-11-19,0.0,-4.04,38.49,64.23,1.52,-16.45
2002-11-20,0.0,-2.76,28.98,64.31,1.57,-18.64
2002-11-21,0.0,-0.88,24.23,64.58,1.36,-18.45
2002-11-22,0.0,-0.16,27.33,64.59,1.23,-16.19
2002-11-23,0.0,0.67,30.16,64.58,1.33,-14.33
2002-11-24,0.0,-0.78,54.12,64.52,0.99,-9.0
2002-11-25,0.0,-1.41,45.76,64.33,1.19,-11.97
2002-11-26,0.0,-1.66,32.27,64.39,1.36,-16.35
2002-11-27,0.0,-1.45,23.88,64.55,1.53,-19.36
2002-11-28,0.0,-1.26,19.39,64.65,1.3,-20.53
2002-11-29,0.0,-1.69,21.77,64.66,1.49,-20.24
2002-11-30,0.0,-3.41,27.94,64.42,1.7,-19.37
2002-12-01,0.0,-4.19,29.71,64.27,0.95,-19.17
2002-12-02,0.0,-1.48,24.36,64.5,1.35,-18.38
2002-12-03,0.0,-2.9,31.5,64.43,1.5,-17.27
2002-12-04,0.0,-5.59,37.26,64.23,1.56,-17.4
2002-12-05,0.0,-6.81,49.88,64.16,1.55,-15.78
2002-12-06,0.0,-6.42,54.55,64.26,1.86,-14.34
2002-12-07,0.0,-6.63,38.16,64.38,1.47,-19.19
2002-12-08,0.0,-4.7,27.5,64.47,1.21,-20.08
2002-12-09,0.0,-3.49,20.77,64.5,1.35,-22.47
2002-12-10,0.0,-2.7,23.04,64.53,1.09,-20.11
2002-12-11,0.0,-2.2,27.1,64.58,0.95,-17.88
2002-12-12,0.0,-2.61,43.44,64.75,1.25,-13.1
2002-12-13,0.0,-2.0,48.9,64.85,1.37,-11.77
2002-12-14,0.0,-1.67,56.83,64.79,1.26,-9.45
2002-12-15,0.0,-1.59,43.52,64.63,1.09,-12.31
2002-12-16,0.0,-3.04,56.63,64.5,0.95,-10.56
2002-12-17,0.0,-3.87,48.65,64.31,1.13,-14.36
2002-12-18,0.0,-4.85,35.0,64.11,1.29,-17.94
2002-12-19,0.0,-5.59,70.02,64.03,1.57,-10.71
2002-12-20,0.0,-5.94,72.24,63.99,1.39,-10.94
2002-12-21,0.0,-5.73,36.75,64.01,1.51,-18.97
2002-12-22,0.0,-4.84,27.26,64.13,1.43,-20.61
2002-12-23,0.01,-4.87,30.57,64.12,1.27,-19.44
2002-12-24,0.8,-6.75,53.66,63.93,1.13,-14.73
2002-12-25,0.05,-7.48,50.75,63.98,1.27,-15.97
2002-12-26,0.0,-7.03,38.08,64.08,1.3,-18.69
2002-12-27,0.0,-7.63,41.07,63.94,1.35,-19.09
2002-12-28,0.0,-7.17,30.95,63.92,1.33,-20.95
2002-12-29,0.0,-8.58,27.12,63.97,1.3,-23.7
2002-12-30,0.02,-9.65,36.98,63.93,1.59,-21.87
2002-12-31,3.16,-9.78,60.52,63.6,1.31,-16.11
2003-01-01,0.0,-7.02,39.71,63.96,1.43,-18.84
2003-01-02,0.0,-5.48,30.63,64.4,1.7,-19.91
2003-01-03,0.0,-7.14,52.59,64.21,2.0,-15.55
2003-01-04,0.0,-7.55,48.87,64.13,1.24,-17.92
2003-01-05,0.0,-5.93,25.99,64.44,1.75,-21.93
2003-01-06,0.0,-5.08,22.18,64.42,1.78,-23.14
2003-01-07,0.0,-8.4,39.48,64.19,1.64,-19.66
2003-01-08,0.0,-8.8,29.02,64.1,1.5,-23.9
2003-01-09,0.0,-8.38,22.31,64.23,1.68,-25.48
2003-01-10,0.0,-9.61,32.57,64.18,1.38,-22.51
2003-01-11,0.0,-8.19,29.42,64.22,1.51,-22.35
2003-01-12,0.0,-8.25,32.05,64.22,1.73,-21.45
2003-01-13,0.0,-9.33,35.53,64.18,1.56,-22.81
2003-01-14,0.0,-5.74,24.25,64.43,1.46,-22.51
2003-01-15,0.0,-4.28,25.01,64.61,1.3,-20.58
2003-01-16,0.0,-2.91,25.6,64.62,1.41,-19.63
2003-01-17,0.0,-0.63,24.97,64.71,1.37,-17.7
2003-01-18,0.0,-1.45,24.74,64.82,1.33,-18.49
2003-01-19,0.0,-2.08,19.94,64.67,1.51,-21.9
2003-01-20,0.0,-2.51,17.18,64.44,1.42,-23.5
2003-01-21,0.0,-3.39,19.3,64.32,1.37,-22.9
2003-01-22,0.0,-3.4,24.97,64.11,1.28,-19.84
2003-01-23,0.0,-6.63,40.72,63.83,1.83,-17.65
2003-01-24,0.0,-7.18,29.23,63.69,1.52,-22.0
2003-01-25,0.0,-7.14,42.52,63.98,1.62,-17.69
2003-01-26,0.0,-6.69,57.39,64.28,1.45,-14.13
2003-01-27,0.99,-5.94,70.55,64.21,1.47,-11.0
2003-01-28,6.17,-7.01,93.64,63.92,2.33,-8.44
2003-01-29,0.5,-6.89,76.71,63.94,1.37,-11.11
2003-01-30,3.67,-8.27,86.15,63.78,1.7,-10.85
2003-01-31,17.86,-9.37,92.88,63.69,1.72,-10.75
2003-02-01,6.54,-10.7,98.08,63.88,2.48,-11.41
2003-02-02,0.05,-12.6,77.28,64.32,1.23,-16.19
2003-02-03,0.0,-14.03,64.77,64.37,1.68,-19.72
2003-02-04,0.0,-13.52,55.38,64.31,1.84,-20.6
2003-02-05,0.0,-10.5,53.91,64.33,1.89,-18.53
2003-02-06,0.0,-6.74,59.71,64.32,1.36,-13.53
2003-02-07,0.0,-6.25,80.73,63.98,1.74,-9.7
2003-02-08,0.0,-9.05,82.11,63.77,1.54,-12.48
2003-02-09,0.0,-10.35,68.65,63.83,1.66,-16.34
2003-02-10,0.0,-10.33,59.89,63.96,1.87,-17.77
2003-02-11,0.0,-8.83,72.74,63.97,1.53,-13.94
2003-02-12,0.0,-10.11,67.62,63.95,1.41,-15.92
2003-02-13,0.0,-10.18,68.16,63.8,1.81,-15.64
2003-02-14,0.0,-8.41,48.65,63.89,1.53,-17.9
2003-02-15,0.0,-5.8,60.17,64.15,1.38,-12.77
2003-02-16,0.0,-5.75,87.63,64.21,1.4,-8.14
2003-02-17,2.03,-5.79,94.3,63.97,2.02,-7.12
2003-02-18,6.66,-6.55,97.73,63.64,3.53,-7.31
2003-02-19,3.65,-7.89,97.43,63.3,4.52,-8.71
2003-02-20,0.01,-10.73,73.68,63.9,1.56,-15.27
2003-02-21,0.0,-9.07,59.42,64.14,1.64,-16.51
2003-02-22,0.0,-6.39,58.18,64.21,1.56,-13.74
2003-02-23,5.13,-5.07,70.99,64.23,1.27,-10.06
2003-02-24,0.01,-6.38,78.98,64.17,1.54,-10.45
2003-02-25,0.0,-7.12,69.12,64.03,1.71,-13.11
2003-02-26,0.0,-6.57,70.19,64.08,1.9,-12.18
2003-02-27,0.01,-5.3,71.43,64.28,1.7,-10.63
2003-02-28,0.53,-4.58,89.34,64.35,1.82,-6.56
2003-03-01,5.43,-4.2,83.01,64.19,2.9,-6.8
2003-03-02,7.9,-3.48,94.65,63.9,5.65,-4.21
2003-03-03,1.14,-6.79,91.89,63.61,6.63,-8.33
2003-03-04,0.0,-10.74,63.37,63.53,2.0,-17.56
2003-03-05,0.0,-8.73,51.4,63.81,1.86,-18.22
2003-03-06,0.0,-8.28,60.29,63.89,1.58,-15.25
2003-03-07,0.0,-9.94,57.95,63.9,2.59,-18.08
2003-03-08,0.0,-7.14,40.58,64.01,2.09,-18.96
2003-03-09,0.0,-4.76,69.96,64.16,1.43,-9.98
2003-03-10,0.0,-5.79,81.62,64.1,2.08,-9.26
2003-03-11,0.0,-6.18,64.89,64.01,1.63,-12.8
2003-03-12,0.0,-6.48,76.17,64.15,1.67,-10.85
2003-03-13,0.0,-4.63,72.18,64.35,1.7,-9.99
2003-03-14,0.0,-2.84,63.5,64.42,1.86,-9.88
2003-03-15,0.0,-2.87,70.4,64.22,1.73,-8.11
2003-03-16,0.0,-5.46,74.4,64.14,1.85,-9.9
2003-03-17,0.0,-4.57,81.82,64.31,1.51,-8.0
2003-03-18,0.0,-4.6,64.34,64.37,1.9,-11.6
2003-03-19,0.0,-4.41,58.86,64.22,1.92,-12.36
2003-03-20,0.0,-2.95,56.75,64.13,2.08,-11.8
2003-03-21,0.0,-2.05,48.29,64.27,2.11,-12.95
2003-03-22,0.0,-0.38,50.14,64.57,1.75,-10.71
2003-03-23,0.0,1.03,57.68,64.6,1.81,-7.05
2003-03-24,0.0,-0.26,76.12,64.51,1.55,-4.47
2003-03-25,0.37,-1.78,78.14,64.41,1.78,-5.64
2003-03-26,0.0,-0.18,69.66,64.43,1.71,-6.59
2003-03-27,0.0,1.91,54.12,64.47,1.76,-8.47
2003-03-28,0.05,2.22,59.6,64.44,2.01,-5.64
2003-03-29,0.23,-1.19,80.98,64.21,2.0,-4.53
2003-03-30,0.24,-1.12,71.85,64.16,2.42,-6.04
2003-03-31,0.0,0.45,47.44,64.19,2.06,-11.05
2003-04-01,0.0,0.67,45.42,64.14,2.16,-10.68
2003-04-02,0.0,-0.09,48.92,64.12,2.11,-10.68
2003-04-03,0.32,-1.44,69.21,64.09,2.02,-6.95
2003-04-04,0.5,-1.42,83.35,64.13,4.53,-4.36
2003-04-05,0.09,-1.14,68.99,64.35,2.35,-6.85
2003-04-06,0.0,0.52,36.96,64.5,2.05,-13.55
2003-04-07,0.0,2.0,38.97,64.64,1.74,-11.83
2003-04-08,0.0,4.07,37.08,64.54,1.97,-10.28
2003-04-09,0.0,4.4,44.33,64.51,1.8,-7.27
2003-04-10,0.0,3.49,55.27,64.57,1.93,-5.58
2003-04-11,0.0,3.0,61.82,64.6,1.86,-4.84
2003-04-12,0.0,4.3,54.42,64.5,1.94,-5.86
2003-04-13,0.0,4.75,48.42,64.42,1.81,-6.62
2003-04-14,0.0,3.27,64.26,64.56,1.87,-3.69
2003-04-15,0.0,3.15,70.09,64.5,2.13,-3.03
2003-04-16,0.0,1.97,75.25,64.53,2.9,-2.57
2003-04-17,0.0,4.56,41.59,64.5,2.07,-9.88
2003-04-18,0.0,5.21,38.96,64.45,2.26,-9.54
2003-04-19,3.29,1.28,75.53,64.21,3.56,-3.2
2003-04-20,0.96,0.46,73.84,64.15,3.2,-4.47
2003-04-21,0.0,2.14,48.14,64.38,2.05,-9.75
2003-04-22,0.0,4.93,33.92,64.55,2.12,-10.92
2003-04-23,0.0,6.62,36.12,64.64,2.09,-8.52
2003-04-24,0.0,6.78,42.7,64.68,1.95,-5.81
2003-04-25,0.0,6.19,46.89,64.67,2.26,-4.9
2003-04-26,0.6,5.33,47.71,64.55,2.39,-5.76
2003-04-27,4.15,3.19,62.71,64.41,2.39,-3.66
2003-04-28,0.62,1.63,71.86,64.37,1.59,-3.29
2003-04-29,0.0,3.01,66.79,64.52,1.67,-2.93
2003-04-30,0.0,4.9,67.45,64.57,2.17,-1.44
2003-05-01,0.07,4.94,70.56,64.37,2.79,-1.06
2003-05-02,0.04,4.25,77.23,64.1,5.4,-0.08
2003-05-03,0.04,1.83,53.78,63.72,6.83,-7.36
2003-05-04,0.0,-0.35,27.49,63.84,2.81,-16.54
2003-05-05,0.0,0.61,28.77,63.98,2.51,-15.6
2003-05-06,0.0,0.92,33.95,64.11,2.01,-13.11
2003-05-07,0.0,2.04,33.88,64.22,1.71,-12.66
2003-05-08,0.0,3.39,36.08,64.38,1.62,-10.55
2003-05-09,0.0,3.69,40.65,64.51,1.78,-8.74
2003-05-10,0.03,4.37,39.32,64.6,2.34,-8.97
2003-05-11,0.01,4.23,41.71,64.55,2.38,-7.91
2003-05-12,0.33,5.03,33.27,64.46,2.2,-11.07
2003-05-13,3.2,4.39,53.21,64.54,2.08,-4.63
2003-05-14,0.2,4.87,40.24,64.46,1.91,-8.89
2003-05-15,0.01,4.32,39.6,64.28,2.22,-8.77
2003-05-16,0.0,5.96,35.36,64.25,2.18,-10.01
2003-05-17,0.0,6.24,31.08,64.22,2.4,-10.46
2003-05-18,0.0,6.17,32.68,64.23,2.19,-9.73
2003-05-19,0.0,6.84,34.72,64.32,2.21,-8.32
2003-05-20,0.0,7.14,36.89,64.49,2.28,-7.64
2003-05-21,0.0,7.75,35.43,64.52,2.15,-7.99
2003-05-22,5.34,6.55,51.51,64.44,2.21,-3.39
2003-05-23,0.32,5.39,67.1,64.41,2.25,-0.92
2003-05-24,2.81,5.06,59.92,64.4,2.11,-3.61
2003-05-25,0.0,5.66,58.09,64.41,2.18,-3.2
2003-05-26,0.38,5.88,61.33,64.35,2.22,-2.4
2003-05-27,0.0,6.33,52.79,64.22,2.31,-3.95
2003-05-28,0.0,5.25,39.07,64.29,2.56,-9.17
2003-05-29,0.0,6.43,30.65,64.44,2.25,-10.98
2003-05-30,0.0,8.16,29.16,64.5,2.05,-9.82
2003-05-31,0.0,9.27,33.19,64.58,2.06,-7.22
2003-06-01,0.0,9.22,35.08,64.51,2.24,-6.53
2003-06-02,0.0,9.77,38.05,64.45,2.1,-4.69
2003-06-03,0.0,10.62,38.06,64.45,2.26,-4.04
2003-06-04,0.63,10.26,36.6,64.4,2.27,-4.75
2003-06-05,0.0,9.77,33.92,64.24,2.22,-6.07
2003-06-06,0.0,10.19,30.3,64.15,2.22,-7.64
2003-06-07,0.0,10.72,25.99,64.24,2.27,-8.72
2003-06-08,0.0,10.64,27.64,64.38,2.19,-8.2
2003-06-09,0.11,10.3,37.91,64.39,2.32,-5.75
2003-06-10,5.62,8.67,54.9,64.24,2.19,-1.24
2003-06-11,2.37,7.66,51.66,64.21,1.93,-2.65
2003-06-12,0.0,8.39,48.82,64.29,1.97,-2.84
2003-06-13,0.0,8.47,49.46,64.33,2.12,-2.45
2003-06-14,0.0,9.29,50.43,64.41,1.99,-1.23
2003-06-15,0.0,9.68,48.29,64.34,2.01,-1.81
2003-06-16,5.71,9.87,52.17,64.32,1.95,-0.29
2003-06-17,4.17,9.69,52.62,64.42,1.95,-0.53
2003-06-18,0.62,9.18,58.21,64.39,1.94,0.16
2003-06-19,0.37,8.46,68.52,64.18,1.53,2.32
2003-06-20,0.0,9.49,67.5,64.06,2.24,2.48
2003-06-21,1.24,10.45,70.37,64.06,2.11,4.19
2003-06-22,3.66,10.04,64.48,64.13,2.13,1.67
2003-06-23,1.59,9.92,69.75,64.23,2.15,3.57
2003-06-24,4.78,9.42,71.69,64.25,2.06,3.83
2003-06-25,3.09,11.11,74.09,64.17,2.06,5.56
2003-06-26,0.4,12.01,76.21,64.15,2.39,7.15
2003-06-27,2.96,11.23,78.41,64.21,2.55,6.94
2003-06-28,0.48,11.25,66.19,64.11,2.16,3.46
2003-06-29,2.26,10.35,65.67,64.07,2.17,3.01
2003-06-30,0.53,10.23,62.12,64.06,2.12,1.65
2003-07-01,0.05,10.21,67.54,64.24,2.2,3.21
2003-07-02,0.4,10.91,70.73,64.54,2.0,4.86
2003-07-03,0.83,12.61,69.22,64.54,2.16,5.78
2003-07-04,17.74,12.85,72.69,64.35,2.27,6.67
2003-07-05,20.37,9.8,85.86,64.44,1.92,7.28
2003-07-06,1.84,10.04,79.22,64.5,2.11,6.15
2003-07-07,0.11,10.07,80.37,64.31,1.9,6.34
2003-07-08,0.84,9.82,82.51,64.17,1.79,6.58
2003-07-09,4.45,10.09,79.36,64.19,2.27,6.02
2003-07-10,8.13,8.54,80.55,64.24,1.65,4.92
2003-07-11,6.96,8.89,80.53,64.08,1.88,5.34
2003-07-12,1.19,10.26,80.08,64.15,2.4,6.54
2003-07-13,1.84,10.38,80.19,64.23,2.25,6.49
2003-07-14,2.41,11.47,73.98,64.3,1.95,6.06
2003-07-15,7.88,11.83,84.16,64.42,2.02,8.71
2003-07-16,2.08,10.78,84.37,64.54,2.1,7.85
2003-07-17,5.03,10.09,83.26,64.66,1.48,7.05
2003-07-18,3.92,10.45,87.55,64.63,1.82,8.18
2003-07-19,2.0,12.84,80.21,64.3,1.76,8.78
2003-07-20,12.44,13.56,79.61,64.27,1.63,8.8
2003-07-21,7.43,9.42,84.31,64.4,1.37,6.61
2003-07-22,0.19,11.72,81.23,64.29,1.95,8.05
2003-07-23,0.06,12.52,82.77,64.25,2.29,9.3
2003-07-24,0.03,12.42,78.85,64.28,2.01,8.16
2003-07-25,4.31,11.79,83.78,64.21,1.73,8.75
2003-07-26,0.73,12.16,85.65,64.28,2.77,9.46
2003-07-27,0.43,11.73,79.11,64.54,2.04,7.78
2003-07-28,4.53,11.64,82.53,64.58,2.06,8.32
2003-07-29,5.15,9.42,84.5,64.46,1.05,6.59
2003-07-30,2.18,12.57,76.41,64.19,1.87,7.82
2003-07-31,13.72,12.62,85.8,64.2,2.47,9.96
2003-08-01,6.13,11.65,83.55,64.36,1.59,8.24
2003-08-02,6.78,11.5,85.94,64.38,2.31,8.93
2003-08-03,2.88,10.16,89.21,64.43,2.21,8.22
2003-08-04,5.49,10.52,85.03,64.5,2.09,7.74
2003-08-05,5.16,10.84,82.95,64.5,2.09,7.65
2003-08-06,0.6,11.44,84.04,64.43,2.02,8.39
2003-08-07,0.56,11.87,82.79,64.45,2.1,8.59
2003-08-08,8.15,12.04,85.48,64.41,2.38,9.23
2003-08-09,5.31,10.95,80.25,64.29,1.91,7.2
2003-08-10,3.76,10.85,81.54,64.24,2.0,7.37
2003-08-11,2.88,9.57,78.94,64.37,1.95,5.6
2003-08-12,4.64,10.07,74.45,64.4,1.9,4.92
2003-08-13,6.1,9.98,78.13,64.36,1.94,5.62
2003-08-14,0.84,9.78,81.3,64.36,1.93,6.35
2003-08-15,1.11,10.35,83.69,64.42,1.9,7.34
2003-08-16,2.51,11.38,81.69,64.55,1.76,7.94
2003-08-17,8.01,12.25,85.04,64.44,1.92,9.42
2003-08-18,2.69,11.36,85.68,64.31,2.23,8.66
2003-08-19,5.4,9.47,81.05,64.15,2.0,5.88
2003-08-20,1.4,8.68,73.97,64.09,1.9,3.84
2003-08-21,0.19,8.77,72.9,64.29,1.83,3.49
2003-08-22,0.0,9.6,76.66,64.51,1.84,5.04
2003-08-23,2.93,10.11,77.32,64.62,2.01,5.7
2003-08-24,2.51,10.96,83.28,64.5,1.89,7.79
2003-08-25,13.61,11.26,83.55,64.41,1.72,8.23
2003-08-26,6.59,11.41,84.89,64.36,2.08,8.51
2003-08-27,6.96,10.6,85.37,64.44,2.02,7.87
2003-08-28,11.88,9.95,85.47,64.47,1.62,7.32
2003-08-29,0.57,10.45,84.69,64.56,2.05,7.68
2003-08-30,7.73,10.74,87.43,64.52,2.05,8.36
2003-08-31,3.5,10.16,81.21,64.39,1.7,6.66
2003-09-01,8.44,10.8,80.04,64.3,1.65,6.8
2003-09-02,8.22,10.12,75.51,64.34,1.6,4.86
2003-09-03,1.67,9.55,82.01,64.38,1.69,6.29
2003-09-04,13.02,9.4,79.87,64.4,1.59,5.35
2003-09-05,7.7,8.0,77.22,64.41,1.74,3.33
2003-09-06,2.41,8.03,78.24,64.47,1.69,3.64
2003-09-07,0.93,7.87,86.48,64.42,1.6,5.35
2003-09-08,8.79,8.84,88.2,64.34,2.06,6.69
2003-09-09,1.24,7.73,87.46,64.37,1.87,5.5
2003-09-10,0.65,7.61,83.25,64.42,1.65,4.7
2003-09-11,0.2,8.84,84.92,64.4,1.67,6.11
2003-09-12,0.25,9.17,84.25,64.35,1.85,6.33
2003-09-13,0.01,8.73,81.86,64.5,1.68,5.33
2003-09-14,0.15,8.6,72.15,64.56,1.67,2.81
2003-09-15,8.63,7.81,72.4,64.5,1.64,2.17
2003-09-16,0.76,7.37,76.67,64.5,1.64,2.8
2003-09-17,0.02,7.81,75.13,64.51,1.72,2.62
2003-09-18,16.22,8.31,78.92,64.65,1.52,3.97
2003-09-19,0.88,7.95,72.15,64.66,1.58,2.14
2003-09-20,0.0,9.37,72.59,64.65,1.71,3.8
2003-09-21,1.37,10.5,82.47,64.69,1.56,6.93
2003-09-22,2.56,9.78,85.0,64.61,1.74,6.72
2003-09-23,1.58,7.89,90.95,64.49,2.07,6.16
2003-09-24,5.44,6.26,86.2,64.5,1.78,3.69
2003-09-25,0.91,4.95,58.7,64.67,1.51,-3.35
2003-09-26,0.0,4.5,45.59,64.63,1.54,-7.1
2003-09-27,0.0,3.64,47.81,64.46,1.69,-7.04
2003-09-28,0.06,2.99,61.69,64.4,1.66,-4.58
2003-09-29,0.0,2.55,65.83,64.45,1.76,-4.38
2003-09-30,0.0,2.65,60.58,64.43,1.72,-5.12
2003-10-01,0.0,2.45,41.44,64.41,1.67,-10.3
2003-10-02,0.0,2.76,40.87,64.47,1.67,-9.9
2003-10-03,0.0,2.82,45.76,64.63,1.62,-8.53
2003-10-04,0.0,4.06,52.28,64.63,1.5,-5.73
2003-10-05,0.0,5.2,53.67,64.62,1.58,-4.5
2003-10-06,0.0,4.78,58.97,64.63,1.57,-3.62
2003-10-07,0.0,4.36,54.33,64.66,1.51,-5.42
2003-10-08,0.0,4.14,55.69,64.53,1.48,-4.92
2003-10-09,0.0,2.68,55.91,64.36,1.68,-5.67
2003-10-10,0.0,1.84,42.88,64.22,1.69,-10.44
2003-10-11,0.0,0.42,39.6,64.3,1.52,-12.44
2003-10-12,0.0,0.37,38.23,64.42,1.53,-13.06
2003-10-13,0.0,1.39,38.79,64.58,1.67,-12.1
2003-10-14,0.0,2.61,39.11,64.65,1.54,-10.47
2003-10-15,0.1,2.39,37.25,64.73,1.58,-11.61
2003-10-16,10.03,2.54,43.86,64.81,1.27,-8.86
2003-10-17,0.0,2.35,49.37,64.78,1.49,-7.74
2003-10-18,0.0,2.3,54.67,64.7,1.65,-6.17
2003-10-19,0.0,1.46,54.59,64.63,1.63,-7.36
2003-10-20,0.0,0.1,52.61,64.58,1.63,-9.67
2003-10-21,0.09,0.26,54.68,64.49,1.6,-8.71
2003-10-22,0.06,1.44,57.39,64.58,1.5,-7.1
2003-10-23,1.02,1.32,60.05,64.62,1.44,-6.25
2003-10-24,0.0,0.33,56.47,64.53,1.42,-8.68
2003-10-25,0.0,-0.46,64.82,64.41,1.55,-7.39
2003-10-26,0.0,-0.97,66.51,64.35,1.45,-7.21
2003-10-27,0.0,1.17,55.02,64.57,1.46,-7.68
2003-10-28,0.0,2.03,49.65,64.92,1.51,-8.59
2003-10-29,0.0,2.25,41.41,64.91,1.55,-10.53
2003-10-30,0.0,2.46,43.14,64.68,1.57,-9.67
2003-10-31,0.0,3.41,42.31,64.49,1.33,-9.37
2003-11-01,0.0,2.48,50.35,64.55,1.42,-7.59
2003-11-02,0.0,1.3,50.13,64.64,1.5,-9.15
2003-11-03,0.0,2.92,39.94,64.72,1.47,-9.94
2003-11-04,0.0,2.05,39.3,64.61,1.48,-10.86
2003-11-05,0.0,-0.48,41.94,64.5,1.59,-12.29
2003-11-06,0.0,-1.77,47.17,64.35,1.43,-12.05
2003-11-07,0.0,-2.85,46.36,64.28,1.63,-13.55
2003-11-08,0.0,-3.58,50.3,64.39,1.45,-12.81
2003-11-09,0.0,-2.26,39.22,64.44,1.45,-14.91
2003-11-10,0.0,-0.97,29.78,64.42,1.35,-16.55
2003-11-11,0.0,-1.56,40.93,64.42,1.55,-13.57
2003-11-12,0.0,-1.95,42.99,64.49,1.4,-13.99
2003-11-13,0.0,-1.62,39.63,64.58,1.22,-13.39
2003-11-14,0.0,-2.19,54.86,64.63,1.09,-10.18
2003-11-15,0.06,-2.42,58.63,64.5,1.34,-10.35
2003-11-16,0.99,-3.78,71.01,64.26,1.74,-8.92
2003-11-17,2.75,-4.91,90.32,64.07,3.37,-6.75
2003-11-18,0.09,-5.75,71.01,64.24,1.68,-10.79
2003-11-19,0.0,-4.96,48.42,64.35,1.51,-15.31
2003-11-20,0.0,-3.52,32.25,64.42,1.2,-18.34
2003-11-21,0.0,-1.44,26.59,64.58,1.48,-18.05
2003-11-22,0.0,-1.93,29.01,64.6,1.13,-17.82
2003-11-23,0.0,-2.28,23.5,64.56,1.4,-19.89
2003-11-24,0.0,-2.62,24.83,64.72,1.09,-19.33
2003-11-25,0.0,-2.9,20.9,64.63,1.25,-21.94
2003-11-26,0.0,-3.33,20.63,64.38,1.29,-22.01
2003-11-27,0.0,-3.97,21.16,64.24,1.07,-22.33
2003-11-28,0.0,-4.67,25.8,64.23,1.42,-21.25
2003-11-29,0.0,-4.18,23.2,64.38,1.24,-21.62
2003-11-30,0.0,-2.66,26.87,64.43,1.27,-18.63
2003-12-01,0.0,-1.66,30.98,64.45,1.04,-16.1
2003-12-02,0.0,-3.63,53.96,64.37,1.21,-11.68
2003-12-03,0.0,-4.6,53.24,64.2,0.95,-13.02
2003-12-04,0.0,-4.42,53.48,64.16,1.16,-12.62
2003-12-05,0.0,-3.71,40.48,64.33,1.32,-15.17
2003-12-06,0.0,-2.49,32.86,64.31,1.35,-16.88
2003-12-07,0.0,-0.6,27.02,64.42,1.24,-17.03
2003-12-08,0.0,-1.52,51.09,64.46,1.27,-10.65
2003-12-09,0.05,-4.02,75.17,64.34,1.4,-8.37
2003-12-10,0.0,-4.66,64.89,64.34,1.19,-10.63
2003-12-11,0.01,-3.58,40.94,64.4,1.39,-15.92
2003-12-12,1.61,-3.84,46.24,64.44,1.39,-13.74
2003-12-13,3.37,-6.21,72.57,64.49,1.59,-10.65
2003-12-14,0.18,-6.04,71.34,64.52,1.51,-10.99
2003-12-15,2.47,-5.66,72.68,64.32,1.72,-10.48
2003-12-16,1.68,-6.9,87.25,64.01,2.41,-9.46
2003-12-17,0.0,-7.66,72.86,64.05,1.2,-12.74
2003-12-18,0.0,-7.41,67.04,64.1,1.42,-13.15
2003-12-19,0.0,-7.14,84.76,64.21,1.16,-10.1
2003-12-20,0.0,-8.27,62.68,64.31,1.51,-15.18
2003-12-21,0.0,-6.91,47.87,64.37,1.44,-16.45
2003-12-22,0.0,-7.14,46.71,64.32,1.41,-16.78
2003-12-23,0.0,-8.99,61.08,64.11,1.79,-15.65
2003-12-24,0.0,-9.23,57.12,64.06,1.25,-16.91
2003-12-25,0.0,-8.17,38.2,64.07,1.52,-20.13
2003-12-26,0.03,-10.39,65.38,63.92,1.1,-16.27
2003-12-27,2.26,-10.87,84.24,63.77,1.9,-13.79
2003-12-28,0.1,-10.21,42.52,63.89,1.45,-21.2
2003-12-29,0.0,-5.84,46.16,64.37,1.26,-15.86
2003-12-30,0.0,-5.31,75.01,64.44,1.48,-9.63
2003-12-31,0.0,-6.6,88.4,64.3,1.83,-8.72
2004-01-01,0.0,-7.99,86.25,64.05,2.25,-10.42
2004-01-02,0.0,-9.15,73.04,64.05,1.52,-13.64
2004-01-03,0.0,-9.77,45.36,64.03,1.6,-19.54
2004-01-04,0.0,-10.17,45.11,64.05,1.31,-20.1
2004-01-05,0.0,-9.59,53.78,64.15,1.21,-17.25
2004-01-06,0.0,-8.42,66.65,64.19,1.13,-14.22
2004-01-07,0.0,-8.63,47.96,64.23,1.26,-17.79
2004-01-08,0.0,-7.68,48.41,64.29,1.3,-16.83
2004-01-09,0.0,-4.14,53.68,64.32,1.39,-12.94
2004-01-10,0.0,-2.63,42.08,64.46,1.21,-13.81
2004-01-11,0.0,-2.44,52.9,64.33,1.18,-11.14
2004-01-12,0.0,-3.25,46.75,64.24,1.64,-13.74
2004-01-13,0.0,-5.66,74.22,64.02,1.67,-10.43
2004-01-14,0.0,-4.81,41.24,63.92,1.45,-16.73
2004-01-15,0.0,-3.36,40.06,64.18,1.45,-15.15
2004-01-16,0.0,-3.71,69.01,64.37,1.11,-8.84
2004-01-17,0.97,-5.17,80.84,64.07,2.17,-8.51
2004-01-18,0.48,-6.7,80.23,63.84,1.45,-10.2
2004-01-19,0.0,-5.94,39.49,63.98,1.33,-17.97
2004-01-20,0.0,-4.18,45.6,64.07,1.29,-15.18
2004-01-21,9.68,-6.26,90.19,63.78,1.82,-8.06
2004-01-22,5.24,-7.61,79.49,63.8,1.6,-11.14
2004-01-23,20.11,-9.71,97.3,63.63,1.72,-10.65
2004-01-24,1.28,-13.19,88.78,63.62,1.14,-15.21
2004-01-25,0.0,-15.3,75.36,63.65,1.51,-18.86
2004-01-26,0.0,-14.77,87.89,63.67,1.46,-16.76
2004-01-27,0.0,-18.17,82.38,63.8,1.98,-20.82
2004-01-28,0.0,-14.98,70.38,63.82,1.8,-19.53
2004-01-29,0.09,-11.74,79.24,63.76,1.38,-14.96
2004-01-30,3.94,-11.54,91.64,63.58,1.5,-13.21
2004-01-31,8.95,-12.45,98.42,63.47,2.06,-12.93
2004-02-01,0.22,-14.53,83.13,63.67,1.3,-16.88
2004-02-02,0.0,-18.16,69.67,63.77,1.81,-22.7
2004-02-03,0.0,-14.86,60.31,63.89,1.75,-21.14
2004-02-04,0.0,-10.84,59.39,63.76,1.25,-17.47
2004-02-05,0.0,-16.47,76.16,63.73,1.82,-20.0
2004-02-06,0.0,-15.36,64.98,63.85,2.13,-20.95
2004-02-07,0.0,-12.11,48.27,64.28,2.11,-20.91
2004-02-08,0.0,-6.78,49.02,64.38,1.38,-16.14
2004-02-09,1.32,-6.67,87.11,64.22,2.2,-8.96
2004-02-10,0.17,-6.92,85.1,64.25,1.66,-9.68
2004-02-11,0.0,-8.5,63.56,64.37,1.99,-15.39
2004-02-12,0.0,-7.27,47.63,64.56,2.23,-17.58
2004-02-13,0.0,-7.17,56.43,64.47,1.72,-15.92
2004-02-14,0.0,-8.52,64.89,64.21,1.63,-15.42
2004-02-15,0.0,-8.45,56.01,64.15,2.19,-17.04
2004-02-16,0.0,-5.18,45.34,64.45,2.29,-15.79
2004-02-17,0.0,-4.49,54.97,64.33,1.32,-12.54
2004-02-18,0.0,-6.15,88.12,63.93,2.63,-8.35
2004-02-19,0.0,-7.18,70.46,63.93,1.37,-12.76
2004-02-20,0.0,-7.13,50.1,64.18,1.59,-16.67
2004-02-21,0.0,-6.15,48.06,64.41,1.7,-16.31
2004-02-22,0.0,-6.29,54.89,64.24,1.9,-14.98
2004-02-23,0.0,-3.58,35.11,64.34,1.71,-17.5
2004-02-24,0.0,-2.48,37.28,64.54,1.67,-15.77
2004-02-25,0.0,-1.64,36.94,64.59,1.77,-15.27
2004-02-26,0.0,-0.41,40.08,64.4,1.59,-12.43
2004-02-27,0.0,-3.46,70.01,64.28,2.2,-8.94
2004-02-28,0.0,-3.83,68.15,64.21,1.62,-9.97
2004-02-29,0.0,-4.72,52.92,64.16,1.58,-14.19
2004-03-01,0.0,-4.13,39.42,64.2,1.79,-17.03
2004-03-02,0.0,-3.43,39.21,64.26,1.88,-15.8
2004-03-03,0.0,-3.08,38.77,64.22,2.06,-16.18
2004-03-04,0.0,-3.23,37.98,64.28,2.01,-16.41
2004-03-05,0.0,-3.41,40.65,64.21,1.94,-15.44
2004-03-06,0.0,-3.85,42.68,64.15,1.62,-15.47
2004-03-07,0.0,-0.43,24.95,64.65,2.52,-18.26
2004-03-08,0.0,2.0,28.72,64.97,1.52,-14.66
2004-03-09,0.0,2.54,47.78,64.78,1.57,-8.04
2004-03-10,0.0,-0.44,68.87,64.48,1.83,-6.2
2004-03-11,0.0,-0.97,60.13,64.43,1.76,-8.91
2004-03-12,0.0,-0.5,50.64,64.51,1.75,-10.48
2004-03-13,0.0,0.02,44.46,64.58,1.81,-12.36
2004-03-14,0.0,1.46,36.38,64.66,1.76,-12.46
2004-03-15,0.0,2.27,43.54,64.56,1.88,-9.96
2004-03-16,0.0,2.95,40.26,64.5,1.94,-11.14
2004-03-17,0.0,4.55,29.28,64.67,2.0,-12.42
2004-03-18,0.0,2.88,38.73,64.66,2.09,-11.24
2004-03-19,0.0,2.25,38.62,64.45,1.92,-11.72
2004-03-20,0.0,4.07,29.93,64.3,1.95,-12.25
2004-03-21,0.0,3.84,40.22,64.39,2.36,-8.66
2004-03-22,0.0,1.53,65.48,64.44,3.0,-4.55
2004-03-23,0.0,1.04,62.26,64.32,3.24,-5.95
2004-03-24,0.0,0.3,65.05,64.19,3.78,-6.05
2004-03-25,0.0,-0.83,49.49,64.12,2.26,-11.44
2004-03-26,0.0,-0.33,33.58,64.31,1.9,-14.61
2004-03-27,0.0,0.35,40.16,64.45,1.7,-11.83
2004-03-28,0.0,0.52,49.92,64.45,2.06,-10.01
2004-03-29,0.0,0.06,44.41,64.34,2.0,-11.83
2004-03-30,0.0,1.41,40.42,64.35,1.81,-11.12
2004-03-31,0.0,2.17,40.41,64.4,1.63,-10.47
2004-04-01,0.0,1.55,44.8,64.58,1.84,-9.75
2004-04-02,0.0,1.46,51.31,64.61,1.75,-7.93
2004-04-03,0.0,2.8,46.55,64.57,1.91,-8.58
2004-04-04,0.0,3.99,45.91,64.65,1.77,-7.41
2004-04-05,0.0,4.56,50.67,64.52,1.49,-5.62
2004-04-06,0.0,4.43,53.95,64.41,1.53,-4.62
2004-04-07,0.0,3.75,53.66,64.49,1.87,-5.16
2004-04-08,0.94,2.76,54.45,64.43,1.88,-5.85
2004-04-09,0.81,2.58,56.12,64.36,2.19,-6.12
2004-04-10,0.01,2.7,52.61,64.53,1.87,-6.74
2004-04-11,0.0,4.17,39.63,64.56,2.01,-9.77
2004-04-12,0.0,4.05,41.5,64.39,2.26,-8.58
2004-04-13,0.0,3.74,49.3,64.23,2.6,-6.41
2004-04-14,0.0,4.26,46.25,64.14,2.51,-6.88
2004-04-15,0.0,4.16,32.28,64.15,2.16,-12.29
2004-04-16,0.0,5.92,26.82,64.29,1.93,-12.48
2004-04-17,0.0,4.44,50.36,64.22,2.99,-5.31
2004-04-18,0.0,5.89,41.76,64.2,2.01,-7.61
2004-04-19,0.0,7.02,37.38,64.51,2.29,-7.6
2004-04-20,0.0,5.36,48.81,64.79,1.91,-5.11
2004-04-21,0.03,5.41,50.77,64.62,2.16,-4.96
2004-04-22,1.47,3.08,68.72,64.34,2.17,-3.14
2004-04-23,0.05,0.53,69.28,64.15,1.97,-4.97
2004-04-24,0.05,1.77,65.63,64.21,1.62,-4.89
2004-04-25,0.0,5.22,47.62,64.4,1.82,-7.62
2004-04-26,0.0,6.47,47.23,64.55,2.13,-5.5
2004-04-27,0.72,5.27,63.37,64.55,2.35,-1.83
2004-04-28,0.62,4.57,59.88,64.42,2.49,-5.06
2004-04-29,2.36,2.81,80.32,64.29,3.18,-0.77
2004-04-30,14.55,1.58,79.3,64.05,3.76,-2.1
2004-05-01,3.86,-2.25,84.0,63.99,2.91,-5.17
2004-05-02,0.0,-1.64,55.48,64.18,2.2,-10.5
2004-05-03,0.0,1.33,43.22,64.3,2.32,-10.89
2004-05-04,0.0,2.23,44.99,64.34,2.1,-9.59
2004-05-05,0.0,3.7,44.69,64.4,1.77,-8.77
2004-05-06,0.0,6.64,37.55,64.59,2.21,-7.72
2004-05-07,0.0,6.92,44.43,64.76,2.12,-5.45
2004-05-08,0.0,6.05,56.03,64.68,2.38,-3.56
2004-05-09,0.0,6.6,54.83,64.55,2.21,-3.45
2004-05-10,0.0,6.79,49.54,64.46,1.96,-4.6
2004-05-11,0.0,7.57,44.15,64.41,2.35,-5.18
2004-05-12,0.0,6.93,43.83,64.28,2.41,-6.2
2004-05-13,0.0,8.07,44.16,64.18,2.08,-5.03
2004-05-14,0.0,9.01,38.47,64.31,2.11,-5.99
2004-05-15,0.0,9.9,38.03,64.39,1.94,-5.22
2004-05-16,0.0,10.72,41.83,64.49,2.0,-3.49
2004-05-17,0.0,10.42,49.42,64.5,2.18,-1.26
2004-05-18,0.0,9.6,53.37,64.23,1.91,-0.51
2004-05-19,0.0,9.87,47.51,64.02,2.19,-1.75
2004-05-20,0.0,9.63,35.48,64.11,2.49,-6.09
2004-05-21,0.0,9.76,32.41,64.18,2.3,-7.15
2004-05-22,10.5,9.28,37.32,64.18,2.44,-6.53
2004-05-23,11.64,6.28,62.51,64.25,2.21,-0.96
2004-05-24,1.6,4.94,70.05,64.3,2.18,-0.89
2004-05-25,2.63,6.37,68.26,64.33,2.29,-0.51
2004-05-26,1.61,6.4,64.35,64.42,2.4,-1.08
2004-05-27,1.08,6.17,67.07,64.52,2.5,-1.11
2004-05-28,0.06,5.64,58.18,64.57,2.45,-3.34
2004-05-29,0.0,6.53,51.08,64.39,2.21,-4.28
2004-05-30,0.0,8.04,46.9,64.5,2.16,-3.83
2004-05-31,0.03,8.99,49.93,64.61,2.11,-2.1
2004-06-01,0.65,8.15,58.24,64.63,2.42,-1.14
2004-06-02,0.01,7.09,61.48,64.54,2.34,-0.8
2004-06-03,0.0,7.44,53.85,64.32,2.09,-2.52
2004-06-04,0.3,7.24,60.97,64.36,2.15,-0.5
2004-06-05,0.15,6.55,66.21,64.48,2.0,-0.17
2004-06-06,5.57,7.09,65.31,64.46,2.01,0.28
2004-06-07,0.13,6.73,67.06,64.46,2.03,0.16
2004-06-08,5.07,5.72,73.53,64.45,2.11,0.46
2004-06-09,0.01,6.82,61.9,64.5,2.26,-0.99
2004-06-10,0.19,6.69,70.05,64.36,1.9,0.63
2004-06-11,0.08,7.57,71.14,64.38,1.96,1.71
2004-06-12,0.0,9.68,65.06,64.46,1.82,1.98
2004-06-13,18.63,10.94,71.08,64.45,1.87,4.35
2004-06-14,3.71,10.88,75.96,64.33,2.17,5.8
2004-06-15,0.03,10.95,79.99,64.3,1.95,7.1
2004-06-16,13.79,10.63,82.15,64.21,2.05,7.19
2004-06-17,33.9,11.5,81.27,63.95,2.1,7.64
2004-06-18,5.25,10.13,87.95,63.95,2.45,7.97
2004-06-19,8.94,9.06,82.88,63.96,1.71,5.9
2004-06-20,4.4,9.88,85.57,64.03,2.45,7.12
2004-06-21,0.87,8.88,83.09,64.13,2.49,5.73
2004-06-22,0.08,7.9,79.11,64.2,2.44,3.98
2004-06-23,0.01,7.67,71.36,64.09,2.22,1.87
2004-06-24,0.03,7.57,68.12,64.18,2.08,1.13
2004-06-25,0.0,6.93,68.68,64.27,2.13,0.91
2004-06-26,0.0,7.15,79.49,64.27,2.39,3.19
2004-06-27,0.0,7.94,65.9,64.27,2.0,0.63
2004-06-28,0.0,9.51,68.75,64.39,1.84,3.16
2004-06-29,0.0,10.45,67.29,64.35,1.87,3.65
2004-06-30,0.0,11.04,68.15,64.27,1.97,4.56
2004-07-01,0.0,11.33,70.54,64.34,2.0,5.28
2004-07-02,17.07,11.32,76.22,64.29,1.99,6.6
2004-07-03,3.22,11.04,79.57,64.32,2.08,7.0
2004-07-04,1.18,11.65,80.42,64.38,2.19,7.85
2004-07-05,6.53,11.48,85.18,64.35,2.44,8.69
2004-07-06,19.17,11.8,83.24,64.28,2.21,8.51
2004-07-07,2.73,11.78,76.08,64.25,2.05,6.8
2004-07-08,4.83,11.64,80.12,64.26,2.17,7.58
2004-07-09,0.17,10.58,77.68,64.16,2.11,6.27
2004-07-10,0.03,9.61,71.05,64.02,2.15,3.66
2004-07-11,0.76,9.92,78.25,64.1,2.1,5.63
2004-07-12,4.71,9.8,81.14,64.19,2.09,6.13
2004-07-13,4.02,10.24,82.71,64.21,2.12,6.92
2004-07-14,7.93,9.99,82.24,64.12,2.01,6.55
2004-07-15,1.34,10.75,80.02,64.19,1.97,6.74
2004-07-16,1.42,10.95,76.71,64.32,1.97,6.22
2004-07-17,7.22,10.88,78.36,64.3,2.04,6.46
2004-07-18,2.88,9.68,70.75,64.12,2.09,3.4
2004-07-19,0.11,7.95,55.86,64.05,2.05,-2.14
2004-07-20,0.0,7.2,70.29,63.99,2.09,1.6
2004-07-21,2.15,8.0,79.76,64.09,2.25,4.19
2004-07-22,2.62,7.84,77.84,64.29,2.03,3.6
2004-07-23,0.35,8.61,68.35,64.46,1.76,1.84
2004-07-24,5.13,9.86,73.53,64.44,1.92,4.44
2004-07-25,15.52,11.46,74.9,64.35,1.88,6.11
2004-07-26,22.57,11.91,81.69,64.24,1.92,8.21
2004-07-27,4.25,12.26,84.68,64.23,2.21,9.31
2004-07-28,3.33,11.76,84.37,64.27,2.09,8.74
2004-07-29,2.12,10.96,86.42,64.37,2.05,8.5
2004-07-30,3.11,10.72,86.05,64.43,2.45,8.18
2004-07-31,0.58,10.23,84.62,64.35,2.19,7.33
2004-08-01,8.58,9.88,85.94,64.21,2.09,7.33
2004-08-02,20.67,8.06,85.8,64.21,1.47,5.61
2004-08-03,8.33,8.82,87.06,64.26,1.69,6.59
2004-08-04,0.31,10.92,81.95,64.28,1.87,7.61
2004-08-05,0.98,12.34,81.95,64.3,1.77,8.88
2004-08-06,7.46,11.97,86.96,64.32,2.21,9.58
2004-08-07,13.12,11.19,88.18,64.35,2.35,9.01
2004-08-08,8.01,10.26,90.71,64.33,2.35,8.56
2004-08-09,1.23,10.48,86.21,64.26,1.96,7.89
2004-08-10,0.27,10.15,84.73,64.32,2.28,7.32
2004-08-11,9.47,10.58,82.35,64.31,1.94,7.09
2004-08-12,4.73,9.68,90.21,64.38,1.84,7.89
2004-08-13,2.02,10.22,86.83,64.4,1.54,7.79
2004-08-14,0.86,11.5,85.39,64.37,1.37,8.56
2004-08-15,1.35,11.52,86.9,64.35,1.19,9.01
2004-08-16,9.68,10.81,89.44,64.34,1.25,8.86
2004-08-17,7.61,9.8,84.3,64.47,1.38,7.05
2004-08-18,7.99,9.75,86.27,64.37,1.82,7.27
2004-08-19,1.67,9.94,86.35,64.19,2.11,7.34
2004-08-20,7.36,8.78,81.26,64.19,1.7,5.11
2004-08-21,3.21,8.65,78.04,64.37,1.66,4.34
2004-08-22,4.9,8.6,82.11,64.53,1.8,5.39
2004-08-23,7.39,9.06,83.12,64.52,1.6,5.92
2004-08-24,9.0,8.61,81.84,64.47,1.63,5.42
2004-08-25,4.29,9.08,85.1,64.41,1.75,6.4
2004-08-26,0.08,9.34,85.5,64.21,1.67,6.66
2004-08-27,0.39,8.67,76.73,64.15,1.67,3.86
2004-08-28,0.0,8.12,72.47,64.28,1.72,2.44
2004-08-29,0.38,7.88,67.19,64.33,1.74,0.88
2004-08-30,2.38,7.45,70.93,64.35,1.78,1.5
2004-08-31,0.02,7.7,73.16,64.32,1.64,2.36
2004-09-01,0.0,7.27,72.13,64.33,1.73,1.41
2004-09-02,0.0,7.16,62.89,64.54,1.73,-0.94
2004-09-03,0.0,7.28,59.1,64.59,1.66,-1.82
2004-09-04,0.0,7.98,60.83,64.5,1.68,-0.48
2004-09-05,0.0,7.43,64.61,64.49,1.71,-0.23
2004-09-06,0.0,6.89,56.9,64.65,1.84,-2.93
2004-09-07,0.0,8.52,54.5,64.6,1.84,-1.82
2004-09-08,0.0,10.5,47.51,64.45,1.73,-1.38
2004-09-09,0.0,9.91,62.53,64.3,1.57,2.09
2004-09-10,3.5,8.97,77.76,64.35,1.67,4.37
2004-09-11,0.06,10.24,65.96,64.32,1.6,1.89
2004-09-12,1.88,11.06,51.67,64.52,1.59,-1.32
2004-09-13,1.08,10.55,55.98,64.72,1.64,-0.31
2004-09-14,3.01,9.87,77.08,64.62,1.55,5.23
2004-09-15,1.69,9.12,86.61,64.35,1.82,6.53
2004-09-16,1.45,8.06,88.83,64.47,2.13,6.01
2004-09-17,2.79,7.89,83.5,64.58,1.64,4.67
2004-09-18,0.23,7.39,67.82,64.55,1.58,0.55
2004-09-19,0.0,6.51,60.15,64.56,1.61,-1.72
2004-09-20,2.79,5.54,62.25,64.64,1.63,-2.65
2004-09-21,0.38,5.72,66.49,64.67,1.62,-0.95
2004-09-22,0.43,5.62,77.36,64.59,1.82,1.59
2004-09-23,0.0,5.8,61.01,64.6,1.62,-2.03
2004-09-24,0.0,5.15,56.48,64.58,1.56,-4.36
2004-09-25,0.0,5.29,47.18,64.69,1.63,-6.51
2004-09-26,0.0,6.81,43.2,64.83,1.58,-5.86
2004-09-27,0.0,8.31,46.29,64.75,1.54,-3.35
2004-09-28,0.38,7.79,57.89,64.58,1.62,-0.4
2004-09-29,0.29,6.91,64.23,64.65,1.42,0.13
2004-09-30,0.06,7.64,50.62,64.8,1.24,-2.92
2004-10-01,0.03,7.12,54.02,64.84,1.38,-2.31
2004-10-02,2.88,5.77,74.38,64.72,2.14,1.08
2004-10-03,2.36,2.71,87.03,64.6,0.92,0.62
2004-10-04,0.03,5.03,73.3,64.52,1.57,-0.27
2004-10-05,0.0,5.81,60.11,64.38,1.5,-2.93
2004-10-06,0.0,5.66,70.99,64.47,1.54,-0.18
2004-10-07,0.0,5.14,67.3,64.41,1.59,-1.54
2004-10-08,0.0,3.97,53.65,64.37,1.7,-6.05
2004-10-09,0.1,3.19,44.05,64.59,1.61,-8.94
2004-10-10,5.94,1.21,71.84,64.65,1.53,-3.7
2004-10-11,6.5,-0.23,88.31,64.44,2.84,-2.26
2004-10-12,6.07,-2.44,66.47,64.46,1.72,-8.44
2004-10-13,0.36,-2.27,73.96,64.51,1.32,-6.64
2004-10-14,1.59,-1.58,74.95,64.41,1.13,-6.28
2004-10-15,0.0,-0.16,58.61,64.44,1.42,-8.13
2004-10-16,0.0,1.08,52.43,64.55,1.68,-8.1
2004-10-17,0.0,1.08,50.09,64.64,1.61,-8.88
2004-10-18,0.0,1.28,55.67,64.65,1.49,-7.35
2004-10-19,0.0,0.28,59.62,64.61,1.48,-8.01
2004-10-20,0.0,-0.73,57.74,64.58,1.59,-9.41
2004-10-21,0.0,-0.99,54.31,64.61,1.5,-10.3
2004-10-22,0.0,-0.57,50.62,64.6,1.37,-10.92
2004-10-23,0.0,0.99,44.59,64.56,1.53,-11.27
2004-10-24,0.0,-0.67,60.09,64.58,1.53,-8.5
2004-10-25,0.0,-0.86,61.19,64.65,1.53,-8.47
2004-10-26,0.0,-1.58,72.05,64.59,1.56,-6.66
2004-10-27,0.0,-2.8,76.0,64.44,1.37,-7.13
2004-10-28,0.02,-3.54,70.03,64.4,1.41,-9.12
2004-10-29,0.0,-4.03,71.62,64.37,1.3,-9.53
2004-10-30,0.0,-2.57,62.92,64.44,1.46,-10.02
2004-10-31,0.0,-1.72,53.01,64.46,1.53,-10.77
2004-11-01,0.0,-3.06,49.99,64.42,1.62,-13.26
2004-11-02,0.0,-4.1,54.82,64.37,1.68,-13.4
2004-11-03,0.0,-2.4,52.21,64.42,1.49,-12.04
2004-11-04,0.0,0.06,40.21,64.5,1.4,-12.92
2004-11-05,0.0,0.95,36.13,64.59,1.37,-13.05
2004-11-06,0.0,-0.95,41.04,64.58,1.38,-13.44
2004-11-07,0.0,-1.83,44.42,64.42,1.48,-13.43
2004-11-08,0.0,-1.71,42.0,64.41,1.55,-13.64
2004-11-09,0.0,-1.28,41.24,64.34,1.52,-13.6
2004-11-10,0.0,-1.4,41.24,64.37,1.38,-13.11
2004-11-11,0.0,-2.32,50.28,64.4,1.39,-11.59
2004-11-12,0.0,-3.11,52.5,64.51,1.44,-12.2
2004-11-13,0.0,-2.11,51.07,64.57,1.34,-11.06
2004-11-14,0.0,-2.03,40.36,64.51,1.53,-14.81
2004-11-15,0.0,-1.45,31.23,64.51,1.37,-16.52
2004-11-16,0.0,-1.09,27.94,64.49,1.31,-17.24
2004-11-17,0.0,-0.91,29.59,64.58,0.92,-15.93
2004-11-18,0.0,-1.96,46.35,64.44,1.37,-11.88
2004-11-19,0.0,-1.53,38.83,64.45,1.46,-14.57
2004-11-20,0.0,-0.55,34.23,64.55,1.38,-14.39
2004-11-21,0.0,0.03,40.65,64.54,1.49,-11.8
2004-11-22,0.0,-0.84,52.71,64.47,1.38,-9.82
2004-11-23,0.0,-2.41,69.29,64.36,1.34,-8.21
2004-11-24,0.0,-2.52,62.91,64.34,1.44,-9.48
2004-11-25,0.0,-3.47,65.04,64.49,1.35,-10.62
2004-11-26,0.0,-3.79,64.08,64.46,1.31,-10.6
2004-11-27,0.0,-4.53,72.25,64.45,1.15,-9.46
2004-11-28,0.0,-3.66,43.08,64.51,1.34,-15.65
2004-11-29,0.0,-1.58,33.42,64.5,1.36,-15.4
2004-11-30,0.03,-4.89,79.61,64.25,1.26,-8.53
2004-12-01,3.09,-6.27,74.5,64.25,1.29,-10.76
2004-12-02,0.02,-6.69,43.29,64.51,1.65,-17.85
2004-12-03,0.0,-3.39,31.63,64.74,1.28,-17.45
2004-12-04,0.0,-3.13,39.55,64.63,1.26,-14.69
2004-12-05,0.0,-3.28,37.3,64.5,1.21,-15.98
2004-12-06,0.0,-2.71,26.15,64.6,1.44,-19.74
2004-12-07,0.0,-0.6,26.62,64.78,0.89,-16.75
2004-12-08,0.0,-1.69,29.91,64.74,1.32,-16.55
2004-12-09,0.0,-1.6,25.52,64.58,1.3,-18.81
2004-12-10,0.0,-1.01,22.92,64.66,1.41,-19.05
2004-12-11,0.0,-0.29,26.65,64.74,1.16,-16.63
2004-12-12,0.0,-1.26,29.43,64.79,1.23,-16.37
2004-12-13,0.0,-2.0,33.12,64.72,1.37,-15.96
2004-12-14,0.0,-2.26,34.71,64.42,1.28,-16.06
2004-12-15,0.0,-2.11,30.77,64.35,1.56,-16.6
2004-12-16,0.0,-1.79,28.06,64.54,1.65,-17.87
2004-12-17,0.0,-0.19,28.26,64.74,1.59,-16.09
2004-12-18,0.0,0.14,20.04,64.59,1.38,-19.47
2004-12-19,0.45,-4.5,44.86,64.01,2.25,-15.5
2004-12-20,0.37,-6.94,85.58,63.72,1.99,-9.76
2004-12-21,0.0,-7.11,84.54,63.78,1.55,-10.04
2004-12-22,0.0,-7.3,68.24,63.88,1.68,-13.16
2004-12-23,0.0,-8.13,79.2,63.89,1.71,-12.2
2004-12-24,0.0,-8.76,69.66,64.01,1.56,-14.4
2004-12-25,0.0,-9.87,56.8,63.95,1.4,-17.36
2004-12-26,0.0,-8.69,32.92,63.74,1.42,-23.02
2004-12-27,0.0,-5.0,40.79,64.13,1.37,-17.59
2004-12-28,0.0,-2.29,75.39,64.46,1.19,-6.49
2004-12-29,0.0,-1.66,36.41,64.53,1.37,-15.26
2004-12-30,0.15,-3.1,59.62,64.48,0.68,-10.29
2004-12-31,1.95,-3.91,91.73,64.33,1.04,-5.3
2005-01-01,1.2,-4.38,87.93,64.23,3.31,-6.31
2005-01-02,0.1,-6.02,86.73,64.13,2.09,-8.36
2005-01-03,0.01,-9.24,84.31,63.98,1.98,-11.8
2005-01-04,0.0,-6.45,48.31,64.35,1.29,-15.78
2005-01-05,0.0,-4.54,45.78,64.29,1.64,-14.23
2005-01-06,0.0,-6.98,45.03,64.18,1.48,-16.74
2005-01-07,0.0,-6.83,36.33,64.21,1.45,-19.72
2005-01-08,0.0,-6.66,42.64,64.09,1.59,-17.19
2005-01-09,0.01,-8.58,70.68,63.84,1.6,-13.36
2005-01-10,0.0,-10.43,71.66,63.46,1.93,-15.23
2005-01-11,0.0,-8.02,47.18,63.8,1.34,-19.57
2005-01-12,0.0,-4.66,34.57,64.24,1.18,-17.64
2005-01-13,0.0,-4.84,53.72,64.2,1.47,-13.37
2005-01-14,0.0,-6.41,50.99,64.07,1.28,-15.57
2005-01-15,0.0,-6.11,43.74,64.0,1.39,-17.12
2005-01-16,0.38,-7.08,60.61,63.95,1.4,-14.05
2005-01-17,4.84,-8.24,83.29,63.6,2.23,-11.26
2005-01-18,0.31,-10.95,86.24,63.59,1.27,-13.46
2005-01-19,0.0,-12.41,51.54,63.75,1.59,-20.54
2005-01-20,0.0,-9.99,36.44,63.95,1.54,-21.92
2005-01-21,1.39,-7.88,67.07,64.08,1.62,-13.49
2005-01-22,9.24,-10.36,92.57,63.63,2.76,-12.06
2005-01-23,2.23,-10.34,75.78,63.51,1.16,-14.43
2005-01-24,0.0,-9.96,77.24,63.94,1.16,-13.58
2005-01-25,0.0,-10.01,76.55,63.95,1.09,-13.8
2005-01-26,0.0,-11.31,74.19,63.76,1.53,-15.69
2005-01-27,2.37,-11.46,82.9,63.62,2.02,-14.35
2005-01-28,6.89,-12.03,90.68,63.55,2.27,-13.77
2005-01-29,0.04,-12.33,86.49,63.74,1.08,-14.79
2005-01-30,0.0,-11.81,86.6,63.88,1.67,-14.29
2005-01-31,0.0,-10.13,84.57,64.01,1.24,-13.05
2005-02-01,0.0,-12.68,67.0,64.0,1.49,-18.21
2005-02-02,0.0,-11.12,52.9,63.94,1.64,-18.9
2005-02-03,0.0,-10.45,71.43,63.9,1.39,-15.1
2005-02-04,0.01,-10.75,88.7,63.78,1.4,-12.86
2005-02-05,0.37,-10.8,91.24,63.76,1.43,-12.65
2005-02-06,7.68,-9.78,93.68,63.7,1.5,-11.14
2005-02-07,5.95,-8.62,98.38,63.81,3.22,-9.23
2005-02-08,2.25,-9.3,92.05,64.11,2.22,-10.91
2005-02-09,1.63,-8.9,95.0,64.34,2.22,-10.04
2005-02-10,0.32,-7.84,89.49,64.49,1.14,-9.78
2005-02-11,0.5,-6.32,96.97,64.39,2.16,-6.99
2005-02-12,1.0,-7.21,93.59,64.27,2.23,-8.41
2005-02-13,0.01,-7.64,75.16,64.07,1.33,-11.86
2005-02-14,0.01,-6.7,82.06,63.81,1.13,-9.83
2005-02-15,8.78,-6.12,94.99,63.37,4.89,-7.19
2005-02-16,0.83,-9.86,89.61,63.39,2.33,-11.78
2005-02-17,1.02,-10.04,91.8,63.48,2.57,-11.64
2005-02-18,2.27,-9.84,93.3,63.61,3.19,-11.12
2005-02-19,1.39,-7.95,95.14,63.73,4.44,-8.95
2005-02-20,0.08,-9.01,91.55,63.92,2.79,-10.28
2005-02-21,0.54,-9.12,82.92,64.04,1.86,-12.25
2005-02-22,1.71,-9.2,70.73,64.01,1.27,-14.31
2005-02-23,0.0,-8.6,68.66,64.28,1.73,-14.2
2005-02-24,0.0,-5.64,89.93,64.19,1.84,-7.75
2005-02-25,0.0,-6.26,75.06,64.15,1.32,-10.8
2005-02-26,0.0,-5.91,58.09,64.2,1.54,-13.65
2005-02-27,0.0,-4.86,73.05,64.2,1.27,-9.59
2005-02-28,0.0,-4.8,90.05,64.24,1.9,-6.76
2005-03-01,0.05,-4.3,90.36,64.32,1.23,-6.28
2005-03-02,0.0,-2.83,79.01,64.5,1.31,-6.88
2005-03-03,0.02,-1.98,71.99,64.64,1.24,-7.28
2005-03-04,0.34,-4.73,75.72,64.63,1.44,-9.16
2005-03-05,1.55,-3.1,78.89,64.66,1.2,-7.18
2005-03-06,0.11,-2.7,72.54,64.57,1.48,-7.84
2005-03-07,0.0,-3.24,57.22,64.57,1.42,-11.03
2005-03-08,0.13,-4.1,71.3,64.63,1.59,-9.29
2005-03-09,5.51,-3.59,82.32,64.41,1.08,-6.88
2005-03-10,1.64,-3.85,83.78,64.14,1.56,-7.0
2005-03-11,2.36,-4.24,77.55,64.06,1.28,-8.61
2005-03-12,0.0,-2.28,43.53,64.41,2.01,-14.46
2005-03-13,0.0,-0.23,40.02,64.67,1.71,-13.31
2005-03-14,0.0,0.55,53.74,64.52,1.83,-9.06
2005-03-15,0.0,1.65,67.82,64.36,1.76,-4.9
2005-03-16,0.0,1.07,72.86,64.52,2.03,-4.35
2005-03-17,0.24,0.67,60.23,64.64,1.67,-7.19
2005-03-18,0.16,-0.11,68.35,64.5,2.15,-6.0
2005-03-19,1.57,-0.93,86.97,64.36,2.81,-3.34
2005-03-20,0.77,-0.99,68.63,64.32,2.04,-6.6
2005-03-21,11.61,-1.99,83.62,63.96,3.36,-4.65
2005-03-22,1.33,-4.72,78.4,63.86,1.96,-8.64
2005-03-23,0.0,-4.45,78.55,63.81,1.79,-8.44
2005-03-24,0.0,-4.47,71.73,63.93,1.85,-10.06
2005-03-25,0.25,-2.41,60.63,64.07,2.0,-10.46
2005-03-26,0.06,-0.75,54.45,64.09,1.85,-10.09
2005-03-27,0.04,-2.74,64.57,64.16,2.68,-9.29
2005-03-28,0.0,-3.31,54.85,64.13,1.99,-12.52
2005-03-29,0.0,-3.33,53.69,64.14,2.45,-12.79
2005-03-30,0.0,-4.11,64.23,64.09,2.2,-10.57
2005-03-31,0.0,-2.23,46.47,64.14,1.82,-13.84
2005-04-01,0.0,-0.54,47.51,64.25,1.94,-11.6
2005-04-02,0.0,-1.26,54.92,64.35,2.11,-10.15
2005-04-03,0.0,0.12,46.65,64.43,1.77,-11.44
2005-04-04,0.0,2.23,41.12,64.6,2.12,-10.93
2005-04-05,0.0,2.57,53.27,64.66,2.16,-6.88
2005-04-06,0.0,0.86,60.57,64.45,2.57,-7.0
2005-04-07,0.0,-0.44,76.15,64.11,4.96,-4.74
2005-04-08,0.08,-1.52,62.97,64.08,4.79,-8.4
2005-04-09,0.03,-4.04,51.92,63.98,4.26,-12.92
2005-04-10,0.18,-5.24,55.98,63.99,2.71,-13.07
2005-04-11,0.01,-3.67,43.41,64.15,1.98,-16.24
2005-04-12,0.0,0.51,34.07,64.4,2.11,-13.97
2005-04-13,0.0,1.96,38.85,64.59,2.17,-10.99
2005-04-14,0.0,1.75,48.12,64.64,2.03,-8.23
2005-04-15,0.0,1.49,54.21,64.69,1.82,-7.17
2005-04-16,0.0,1.37,53.68,64.6,1.89,-8.11
2005-04-17,0.0,1.61,53.8,64.48,1.99,-7.69
2005-04-18,0.0,2.45,46.86,64.5,1.1,-8.52
2005-04-19,0.0,4.0,36.81,64.69,1.63,-10.76
2005-04-20,0.0,3.95,44.61,64.86,1.93,-7.58
2005-04-21,0.0,4.47,49.05,64.71,1.93,-6.15
2005-04-22,0.0,3.5,62.24,64.71,1.7,-3.53
2005-04-23,0.0,2.71,64.77,64.71,1.27,-3.55
2005-04-24,0.1,2.97,71.66,64.6,1.88,-2.13
2005-04-25,1.47,2.89,79.33,64.53,1.97,-0.85
2005-04-26,0.03,2.79,69.95,64.42,1.79,-3.31
2005-04-27,0.24,2.37,55.54,64.24,2.37,-7.17
2005-04-28,0.07,-0.07,68.14,64.09,1.82,-5.5
2005-04-29,0.06,2.33,59.85,64.09,1.84,-5.6
2005-04-30,1.66,1.84,74.03,64.14,2.17,-3.05
2005-05-01,0.17,1.94,79.59,64.24,1.85,-1.76
2005-05-02,4.28,3.17,77.02,64.27,2.0,-1.12
2005-05-03,0.71,2.77,78.61,64.18,1.92,-0.91
2005-05-04,0.67,3.08,71.92,64.18,1.98,-1.99
2005-05-05,0.01,3.6,72.42,64.1,2.03,-1.56
2005-05-06,0.19,3.6,76.31,64.1,2.31,-0.79
2005-05-07,0.0,5.57,60.85,64.2,2.24,-3.03
2005-05-08,0.0,5.06,60.77,64.32,2.29,-3.14
2005-05-09,0.0,4.13,56.4,64.23,2.52,-6.0
2005-05-10,0.03,1.93,63.61,64.0,2.08,-5.06
2005-05-11,0.0,3.59,48.6,64.15,2.48,-7.0
2005-05-12,0.0,3.89,43.39,64.24,2.3,-8.59
2005-05-13,0.76,4.06,45.85,64.23,2.6,-7.39
2005-05-14,0.01,4.14,41.11,64.27,2.15,-8.85
2005-05-15,0.0,5.23,39.35,64.32,2.53,-9.19
2005-05-16,0.0,5.36,46.6,64.44,2.65,-6.3
2005-05-17,0.01,5.21,50.74,64.47,2.29,-5.38
2005-05-18,0.0,5.05,49.85,64.52,2.38,-5.29
2005-05-19,0.16,5.59,41.91,64.47,2.24,-7.85
2005-05-20,0.0,5.39,47.61,64.4,2.66,-5.31
2005-05-21,0.0,5.03,58.65,64.44,2.78,-2.74
2005-05-22,0.0,4.46,67.85,64.45,2.72,-1.4
2005-05-23,0.0,5.79,56.49,64.49,2.33,-3.19
2005-05-24,0.0,6.01,44.26,64.51,2.29,-6.84
2005-05-25,0.0,6.08,33.95,64.49,2.29,-10.26
2005-05-26,0.02,5.66,47.75,64.55,2.71,-5.07
2005-05-27,0.02,5.7,49.51,64.56,2.14,-5.07
2005-05-28,0.0,7.15,40.28,64.47,2.3,-7.17
2005-05-29,0.0,7.61,38.94,64.62,2.36,-6.05
2005-05-30,0.1,6.59,57.07,64.64,2.3,-2.06
2005-05-31,0.0,6.17,62.78,64.42,1.96,-1.48
2005-06-01,0.0,6.88,43.14,64.18,2.39,-7.12
2005-06-02,0.0,7.27,35.06,64.19,2.36,-8.24
2005-06-03,0.0,6.98,47.0,64.24,1.98,-4.02
2005-06-04,1.4,8.02,48.47,64.27,1.96,-2.9
2005-06-05,0.55,8.0,53.47,64.38,2.22,-1.38
2005-06-06,0.29,7.32,54.35,64.41,2.05,-2.01
2005-06-07,0.05,7.31,50.58,64.33,2.27,-3.45
2005-06-08,0.12,6.43,59.39,64.18,2.22,-1.42
2005-06-09,0.47,7.48,57.65,64.14,2.11,-1.49
2005-06-10,0.0,8.72,44.67,64.2,2.21,-4.06
2005-06-11,0.0,9.12,35.21,64.31,2.32,-6.86
2005-06-12,0.0,9.4,36.51,64.28,2.46,-5.93
2005-06-13,0.0,8.51,47.59,64.36,2.24,-3.3
2005-06-14,0.0,9.13,40.51,64.44,2.22,-5.58
2005-06-15,0.0,9.56,45.3,64.34,2.03,-3.27
2005-06-16,0.0,9.55,55.74,64.27,1.92,0.19
2005-06-17,0.18,9.63,53.81,64.22,1.96,-0.24
2005-06-18,0.1,9.43,63.79,64.2,2.17,2.13
2005-06-19,0.0,10.74,57.6,64.27,2.03,1.54
2005-06-20,0.0,11.37,45.69,64.37,2.09,-1.54
2005-06-21,1.96,11.83,44.24,64.51,2.07,-1.36
2005-06-22,0.81,11.66,55.79,64.53,2.02,2.35
2005-06-23,0.07,12.48,49.05,64.38,1.7,0.78
2005-06-24,0.03,13.86,33.08,64.31,1.96,-5.97
2005-06-25,9.97,12.66,57.72,64.38,1.98,2.12
2005-06-26,3.3,13.32,71.49,64.29,2.19,6.91
2005-06-27,4.92,12.97,77.16,64.24,2.44,8.12
2005-06-28,1.74,12.53,76.9,64.16,2.45,7.68
2005-06-29,7.48,11.28,82.12,64.19,2.09,7.83
2005-06-30,3.38,11.09,78.49,64.18,1.49,6.83
2005-07-01,0.64,10.41,82.64,64.2,2.27,7.24
2005-07-02,0.59,11.11,70.47,64.2,2.35,4.83
2005-07-03,2.88,9.91,69.54,64.21,2.15,3.45
2005-07-04,8.33,9.26,72.02,64.11,2.07,3.66
2005-07-05,8.7,7.48,81.75,64.1,1.79,4.34
2005-07-06,6.12,8.59,85.6,64.24,1.96,5.97
2005-07-07,3.18,9.59,82.07,64.34,1.69,6.29
2005-07-08,0.63,11.89,77.49,64.42,2.06,7.33
2005-07-09,5.53,13.33,79.09,64.35,2.02,9.1
2005-07-10,4.51,13.62,82.99,64.32,1.87,10.17
2005-07-11,12.58,10.97,86.03,64.44,1.57,8.29
2005-07-12,8.52,10.74,84.84,64.43,1.94,7.91
2005-07-13,5.03,11.01,86.09,64.37,2.57,8.43
2005-07-14,6.89,10.7,86.08,64.47,2.49,8.12
2005-07-15,3.22,10.19,88.02,64.52,2.1,8.0
2005-07-16,1.05,10.26,86.95,64.44,2.44,7.86
2005-07-17,15.49,10.5,84.4,64.35,2.18,7.45
2005-07-18,11.23,10.41,79.56,64.36,1.96,6.55
2005-07-19,0.63,11.04,76.81,64.33,2.0,6.16
2005-07-20,1.45,11.34,83.78,64.28,2.2,8.19
2005-07-21,1.49,11.74,80.14,64.23,1.97,7.69
2005-07-22,16.14,12.07,84.25,64.21,1.93,9.03
2005-07-23,2.78,11.75,83.88,64.24,2.06,8.62
2005-07-24,4.67,11.81,83.89,64.23,2.01,8.74
2005-07-25,2.2,11.97,84.27,64.23,2.18,9.04
2005-07-26,2.07,12.02,84.55,64.23,2.31,9.09
2005-07-27,1.09,11.5,84.78,64.27,2.21,8.65
2005-07-28,0.57,11.93,85.17,64.24,2.2,9.17
2005-07-29,10.61,11.69,84.62,64.21,2.13,8.77
2005-07-30,1.8,11.39,83.64,64.2,1.78,8.38
2005-07-31,18.77,12.06,79.99,64.24,1.71,8.4
2005-08-01,2.11,12.36,84.06,64.27,1.65,9.33
2005-08-02,3.56,12.74,85.82,64.24,2.09,10.04
2005-08-03,2.76,11.99,86.64,64.35,1.76,9.49
2005-08-04,0.48,12.61,82.47,64.35,1.8,9.3
2005-08-05,11.48,11.7,85.97,64.18,2.29,9.14
2005-08-06,2.17,10.0,72.69,64.03,1.91,4.41
2005-08-07,1.07,8.76,78.88,63.97,1.91,4.9
2005-08-08,0.51,9.15,74.36,64.15,1.86,4.18
2005-08-09,0.01,9.4,77.98,64.24,1.82,5.08
2005-08-10,0.0,10.28,80.5,64.14,1.81,6.47
2005-08-11,0.05,11.32,78.73,64.11,1.86,7.01
2005-08-12,0.0,10.89,79.54,64.27,1.92,6.76
2005-08-13,0.08,11.56,77.93,64.35,1.78,7.17
2005-08-14,0.2,12.68,78.28,64.27,1.87,8.14
2005-08-15,9.46,12.34,84.38,64.28,2.3,9.29
2005-08-16,7.44,11.47,86.08,64.38,2.46,8.92
2005-08-17,3.75,10.05,86.37,64.34,2.1,7.61
2005-08-18,0.24,10.2,77.46,64.33,1.78,5.81
2005-08-19,11.51,9.73,74.32,64.27,1.87,4.38
2005-08-20,3.83,9.98,81.55,64.26,1.74,6.28
2005-08-21,0.36,9.83,73.09,64.28,1.67,4.31
2005-08-22,3.11,9.33,72.69,64.38,1.73,3.56
2005-08-23,4.15,9.38,80.34,64.44,1.76,5.71
2005-08-24,23.11,9.88,81.31,64.37,1.84,6.3
2005-08-25,0.0,9.09,79.99,64.36,1.89,4.99
2005-08-26,12.04,8.17,79.5,64.37,1.87,3.99
2005-08-27,0.83,8.57,81.82,64.42,2.01,4.99
2005-08-28,1.17,7.81,72.46,64.46,1.83,1.95
2005-08-29,0.01,7.72,68.58,64.44,1.66,0.88
2005-08-30,0.0,8.57,57.06,64.33,1.84,-0.86
2005-08-31,0.0,9.09,57.78,64.37,1.76,-0.1
2005-09-01,0.0,9.22,68.54,64.55,1.75,2.47
2005-09-02,4.43,10.26,67.3,64.68,1.68,3.32
2005-09-03,0.81,9.52,72.81,64.64,1.74,3.66
2005-09-04,1.36,10.31,77.67,64.49,1.67,5.54
2005-09-05,4.75,11.2,74.53,64.48,1.65,5.5
2005-09-06,1.18,11.51,72.25,64.58,1.74,4.85
2005-09-07,0.26,11.64,79.79,64.7,1.58,7.44
2005-09-08,6.94,10.2,84.68,64.74,1.57,7.45
2005-09-09,3.1,8.42,84.77,64.66,1.54,5.77
2005-09-10,5.25,7.53,85.83,64.5,1.47,5.01
2005-09-11,1.44,8.06,83.75,64.42,1.79,4.99
2005-09-12,1.39,7.55,83.97,64.45,1.73,4.67
2005-09-13,4.76,7.4,83.02,64.59,1.47,4.36
2005-09-14,2.5,7.26,85.15,64.65,1.54,4.61
2005-09-15,1.03,8.74,81.67,64.55,1.78,5.31
2005-09-16,5.8,9.34,81.34,64.37,1.66,5.75
2005-09-17,25.68,7.75,86.41,64.39,0.98,5.27
2005-09-18,4.8,7.1,86.95,64.57,1.65,4.8
2005-09-19,0.04,7.66,78.68,64.69,1.54,3.69
2005-09-20,0.0,7.75,68.78,64.61,1.64,1.19
2005-09-21,2.46,8.08,73.53,64.7,1.62,2.84
2005-09-22,1.24,7.36,73.12,64.71,1.5,1.65
2005-09-23,10.25,6.9,74.54,64.57,1.5,2.15
2005-09-24,18.84,5.13,87.94,64.37,1.24,3.09
2005-09-25,5.9,5.33,91.07,64.25,1.74,3.83
2005-09-26,0.92,4.9,77.83,64.31,1.69,0.86
2005-09-27,3.36,4.1,71.44,64.48,1.54,-1.39
2005-09-28,0.0,4.33,68.92,64.56,1.59,-1.91
2005-09-29,0.89,4.33,65.22,64.5,1.57,-2.82
2005-09-30,1.98,4.07,66.56,64.54,1.57,-2.65
2005-10-01,0.0,4.98,67.88,64.59,1.44,-1.53
2005-10-02,0.0,5.7,61.6,64.62,1.56,-1.92
2005-10-03,0.0,5.52,61.65,64.51,1.57,-2.45
2005-10-04,0.0,4.67,62.29,64.59,1.62,-2.84
2005-10-05,0.0,4.15,59.32,64.67,1.67,-3.92
2005-10-06,0.0,4.8,52.93,64.66,1.64,-4.96
2005-10-07,0.0,4.82,59.42,64.63,1.6,-3.4
2005-10-08,0.0,4.51,67.22,64.63,1.46,-1.83
2005-10-09,0.82,3.01,70.03,64.63,1.6,-2.77
2005-10-10,0.0,3.11,70.88,64.58,1.38,-2.3
2005-10-11,0.27,2.38,71.93,64.65,1.16,-2.71
2005-10-12,0.0,1.89,68.65,64.62,1.44,-3.8
2005-10-13,0.0,1.43,62.34,64.57,1.51,-5.79
2005-10-14,0.0,1.07,55.16,64.6,1.53,-7.94
2005-10-15,0.0,1.48,45.51,64.63,1.58,-10.07
2005-10-16,0.0,1.35,46.14,64.64,1.68,-9.74
2005-10-17,0.0,0.45,53.21,64.6,1.48,-8.78
2005-10-18,0.0,-0.12,52.45,64.57,1.31,-9.67
2005-10-19,0.61,-0.34,60.02,64.53,1.36,-7.91
2005-10-20,0.24,-0.34,64.58,64.48,1.49,-7.58
2005-10-21,0.01,1.43,59.24,64.48,1.2,-6.44
2005-10-22,0.0,3.87,40.47,64.54,1.13,-9.06
2005-10-23,0.0,3.46,41.77,64.58,1.58,-8.6
2005-10-24,0.0,2.5,48.54,64.58,1.45,-8.01
2005-10-25,0.0,1.26,53.48,64.55,1.51,-7.68
2005-10-26,0.0,0.34,44.44,64.49,1.46,-10.64
2005-10-27,0.0,0.05,43.6,64.54,1.64,-11.54
2005-10-28,0.0,-0.06,40.63,64.66,1.5,-12.89
2005-10-29,0.0,-0.36,37.68,64.42,1.57,-13.83
2005-10-30,0.0,0.08,39.19,64.25,1.59,-12.72
2005-10-31,0.03,-1.46,56.01,64.18,1.41,-9.9
2005-11-01,0.01,-2.59,62.65,64.22,1.59,-9.59
2005-11-02,0.0,-3.04,59.45,64.36,1.52,-10.63
2005-11-03,0.01,-4.05,71.34,64.36,1.28,-9.35
2005-11-04,0.0,-3.05,66.01,64.36,1.39,-9.58
2005-11-05,0.0,-3.72,53.76,64.43,1.5,-13.07
2005-11-06,0.0,-3.01,35.85,64.45,1.42,-16.34
2005-11-07,0.0,-2.25,33.68,64.4,1.35,-16.33
2005-11-08,0.0,-2.36,41.71,64.43,1.54,-14.04
2005-11-09,0.0,-2.23,45.07,64.47,1.59,-13.47
2005-11-10,0.0,-1.27,40.9,64.47,1.57,-13.31
2005-11-11,0.0,-1.36,41.36,64.43,1.38,-12.82
2005-11-12,0.0,-1.7,43.72,64.47,1.38,-12.74
2005-11-13,0.0,-1.9,37.51,64.45,1.41,-15.04
2005-11-14,0.0,-1.28,32.06,64.42,1.3,-15.97
2005-11-15,0.0,-1.21,37.77,64.35,1.45,-13.47
2005-11-16,0.0,-4.28,34.07,64.21,1.47,-17.86
2005-11-17,0.0,-2.86,26.87,64.27,1.37,-19.53
2005-11-18,0.0,-1.53,26.52,64.34,1.4,-18.51
2005-11-19,0.0,-0.78,28.41,64.54,1.18,-16.48
2005-11-20,0.0,-0.87,34.27,64.61,1.16,-14.29
2005-11-21,0.0,-1.07,38.97,64.6,1.27,-13.25
2005-11-22,0.0,-3.19,47.74,64.43,1.37,-13.05
2005-11-23,0.0,-4.32,46.76,64.33,1.35,-14.71
2005-11-24,0.0,-3.69,33.69,64.37,1.31,-17.9
2005-11-25,0.0,-3.86,28.95,64.35,1.3,-19.39
2005-11-26,0.0,-4.47,40.0,64.29,1.27,-16.15
2005-11-27,0.01,-5.59,43.24,64.28,1.44,-16.4
2005-11-28,0.07,-6.61,69.4,64.32,1.47,-11.94
2005-11-29,0.05,-5.84,53.85,64.27,1.42,-14.93
2005-11-30,0.0,-5.8,58.44,64.01,1.64,-13.73
2005-12-01,0.0,-6.08,55.8,64.03,1.6,-13.85
2005-12-02,0.0,-5.17,39.84,64.32,1.37,-17.16
2005-12-03,0.0,-4.93,37.02,64.28,1.8,-18.47
2005-12-04,0.0,-5.97,44.25,64.09,1.53,-17.64
2005-12-05,0.0,-4.15,33.44,64.23,1.52,-18.85
2005-12-06,0.0,-2.96,28.75,64.34,1.21,-18.18
2005-12-07,0.0,-4.71,34.97,64.26,1.36,-17.92
2005-12-08,0.0,-5.1,32.3,64.18,1.28,-18.95
2005-12-09,0.0,-6.96,34.69,64.05,1.52,-19.69
2005-12-10,0.0,-8.3,47.65,64.08,1.25,-17.68
2005-12-11,0.0,-7.71,33.19,64.18,1.56,-22.11
2005-12-12,0.0,-5.9,24.51,64.26,1.4,-22.84
2005-12-13,0.0,-5.23,25.8,64.32,1.25,-21.58
2005-12-14,0.0,-4.83,20.74,64.31,1.14,-22.96
2005-12-15,0.0,-4.98,24.1,64.4,1.28,-21.69
2005-12-16,0.0,-5.41,32.79,64.51,1.36,-18.86
2005-12-17,0.0,-5.47,35.39,64.41,1.23,-17.92
2005-12-18,0.0,-6.24,33.51,64.27,1.34,-20.1
2005-12-19,0.0,-5.75,27.92,64.12,1.47,-20.8
2005-12-20,0.0,-5.66,38.04,64.11,1.55,-17.44
2005-12-21,0.0,-7.14,61.43,64.1,1.6,-13.74
2005-12-22,0.14,-8.14,81.51,64.02,1.41,-11.61
2005-12-23,0.19,-8.77,83.02,63.8,0.88,-11.89
2005-12-24,0.0,-7.51,50.74,63.94,1.25,-16.81
2005-12-25,0.0,-5.32,22.51,64.23,1.25,-23.12
2005-12-26,0.0,-3.21,29.19,64.32,1.15,-17.83
2005-12-27,0.0,-4.0,63.74,64.38,1.09,-10.12
2005-12-28,0.0,-5.71,71.87,64.22,1.44,-10.44
2005-12-29,0.0,-7.37,46.44,64.2,1.52,-18.48
2005-12-30,0.0,-7.43,35.25,64.22,1.44,-20.52
2005-12-31,0.0,-6.93,36.09,64.27,1.21,-19.1
2006-01-01,0.01,-7.66,45.17,64.34,1.84,-17.08
2006-01-02,5.47,-7.58,86.1,63.99,4.15,-9.87
2006-01-03,2.42,-8.11,91.04,63.86,4.41,-9.71
2006-01-04,0.0,-8.2,64.63,64.08,2.13,-14.28
2006-01-05,0.0,-8.48,57.02,64.13,1.89,-15.51
2006-01-06,0.0,-8.55,49.49,64.16,1.72,-17.56
2006-01-07,0.0,-7.75,43.79,64.22,1.31,-18.03
2006-01-08,0.0,-7.36,33.08,64.29,1.41,-21.01
2006-01-09,0.0,-6.06,38.69,64.33,1.29,-18.15
2006-01-10,0.0,-5.73,75.35,64.36,0.99,-9.92
2006-01-11,0.0,-6.26,55.87,64.2,1.37,-15.07
2006-01-12,0.0,-7.64,48.15,64.1,1.45,-17.04
2006-01-13,0.0,-7.55,50.08,63.99,1.58,-16.32
2006-01-14,0.01,-5.81,55.95,64.03,1.25,-13.95
2006-01-15,0.33,-5.76,93.66,64.08,1.67,-7.14
2006-01-16,0.97,-6.34,95.55,64.01,2.94,-7.15
2006-01-17,1.04,-7.04,98.5,63.76,5.6,-7.38
2006-01-18,0.03,-7.73,91.07,63.94,2.54,-9.21
2006-01-19,0.0,-8.3,68.74,63.98,2.57,-13.94
2006-01-20,0.0,-8.87,63.4,64.01,2.06,-15.93
2006-01-21,0.0,-9.99,58.86,63.9,1.65,-17.66
2006-01-22,0.0,-9.25,48.75,63.79,1.72,-17.7
2006-01-23,0.0,-10.48,50.79,63.67,1.78,-18.83
2006-01-24,0.0,-9.85,46.65,63.89,1.24,-20.03
2006-01-25,0.0,-7.76,39.88,64.15,1.22,-19.16
2006-01-26,0.0,-7.5,49.68,64.33,1.57,-17.08
2006-01-27,0.0,-4.2,45.99,64.4,1.51,-14.01
2006-01-28,0.0,-4.74,82.13,64.37,1.21,-7.72
2006-01-29,0.0,-2.75,54.42,64.51,1.26,-11.3
2006-01-30,0.0,-1.58,46.22,64.7,1.32,-11.94
2006-01-31,0.0,-1.14,37.09,64.82,1.52,-13.84
2006-02-01,0.0,-2.73,54.39,64.77,1.26,-10.61
2006-02-02,0.0,-3.1,46.45,64.66,1.63,-13.48
2006-02-03,0.0,-3.4,46.51,64.53,1.46,-13.41
2006-02-04,0.0,-2.29,28.63,64.66,1.64,-18.11
2006-02-05,0.0,-0.36,27.35,64.69,1.72,-17.01
2006-02-06,0.0,0.28,27.19,64.61,1.61,-16.4
2006-02-07,0.0,-2.53,50.98,64.48,0.8,-12.01
2006-02-08,0.31,-4.56,75.46,64.47,1.14,-8.7
2006-02-09,0.01,-3.67,50.18,64.51,1.51,-13.81
2006-02-10,0.0,-0.83,27.08,64.53,1.5,-17.52
2006-02-11,0.0,0.52,39.13,64.5,1.68,-11.93
2006-02-12,0.0,-0.21,56.45,64.51,1.67,-8.35
2006-02-13,0.0,-0.93,63.83,64.46,1.77,-7.19
2006-02-14,0.0,-3.01,74.54,64.18,1.86,-7.3
2006-02-15,0.0,-4.28,89.09,63.88,2.87,-6.03
2006-02-16,0.0,-3.13,61.65,63.96,1.65,-10.63
2006-02-17,0.0,-0.91,41.62,64.25,1.59,-12.8
2006-02-18,0.0,1.29,46.21,64.6,1.33,-9.11
2006-02-19,0.0,0.81,47.16,64.59,1.13,-9.6
2006-02-20,0.0,-0.94,63.05,64.51,1.89,-7.6
2006-02-21,0.0,-2.08,46.3,64.4,1.67,-14.01
2006-02-22,0.0,-0.88,37.92,64.37,1.68,-13.84
2006-02-23,0.0,-1.2,70.28,64.44,1.76,-6.98
2006-02-24,0.0,-0.68,52.48,64.35,2.1,-10.22
2006-02-25,0.15,-1.82,58.24,64.34,2.1,-9.97
2006-02-26,0.99,-3.54,87.18,64.22,3.2,-5.78
2006-02-27,0.02,-3.24,61.12,64.12,1.84,-11.18
2006-02-28,0.0,-3.58,40.63,64.06,1.88,-16.09
2006-03-01,0.0,-2.08,38.73,64.18,1.94,-15.15
2006-03-02,0.0,-2.6,46.12,64.25,1.8,-13.39
2006-03-03,0.0,-2.86,41.1,64.33,1.94,-15.87
2006-03-04,0.0,-3.68,41.13,64.24,2.04,-15.49
2006-03-05,0.0,-3.48,47.67,64.19,1.77,-13.57
2006-03-06,0.54,-4.58,66.8,64.29,1.64,-10.56
2006-03-07,0.02,-3.34,69.33,64.37,1.54,-8.97
2006-03-08,0.0,-2.65,53.39,64.53,1.86,-11.34
2006-03-09,0.29,-2.21,68.04,64.66,1.23,-7.84
2006-03-10,23.43,-2.05,85.36,64.29,1.37,-4.76
2006-03-11,16.33,-3.63,93.0,63.95,1.4,-5.07
2006-03-12,0.05,-5.42,65.16,63.87,1.3,-12.49
2006-03-13,5.36,-5.48,67.84,64.01,1.61,-11.67
2006-03-14,3.0,-4.54,90.32,64.04,1.85,-6.52
2006-03-15,1.06,-4.88,91.0,63.94,3.28,-6.52
2006-03-16,0.0,-7.78,73.16,64.02,1.62,-12.64
2006-03-17,0.0,-7.63,61.34,64.03,1.91,-14.98
2006-03-18,0.0,-5.81,54.76,64.18,2.01,-14.95
2006-03-19,0.0,-3.43,56.28,64.28,1.75,-11.53
2006-03-20,0.0,-4.27,85.5,64.22,1.94,-6.69
2006-03-21,0.0,-3.29,70.68,64.09,1.61,-8.99
2006-03-22,0.0,-4.21,54.57,63.94,2.3,-13.44
2006-03-23,0.0,-3.04,55.38,64.07,1.88,-11.83
2006-03-24,0.71,-2.29,66.53,64.19,2.02,-8.46
2006-03-25,2.38,-3.23,77.23,64.18,1.75,-7.22
2006-03-26,2.33,-4.62,83.14,64.09,1.76,-7.76
2006-03-27,0.01,-4.46,73.89,64.07,2.09,-9.63
2006-03-28,0.0,-4.74,72.0,64.08,1.49,-10.09
2006-03-29,0.0,-1.48,52.1,64.28,1.83,-11.38
2006-03-30,0.0,1.1,49.63,64.48,1.84,-9.83
2006-03-31,0.0,0.11,68.24,64.49,1.49,-5.32
2006-04-01,0.0,0.27,72.94,64.33,2.18,-5.01
2006-04-02,0.1,-0.84,77.08,64.27,2.09,-5.16
2006-04-03,0.0,-0.61,56.55,64.24,1.94,-9.96
2006-04-04,0.0,0.41,51.83,64.18,1.93,-9.5
2006-04-05,0.0,1.15,48.58,64.24,2.01,-10.31
2006-04-06,0.0,1.55,49.23,64.33,1.98,-9.05
2006-04-07,0.0,1.57,47.59,64.33,1.89,-9.57
2006-04-08,0.0,2.35,49.8,64.37,1.76,-8.13
2006-04-09,1.86,-0.59,87.84,64.28,2.48,-2.56
2006-04-10,1.85,-0.31,81.59,64.08,4.44,-3.4
2006-04-11,0.01,-0.89,57.69,64.14,2.68,-9.56
2006-04-12,0.0,-1.73,39.46,64.06,2.46,-13.98
2006-04-13,0.0,-1.62,34.1,64.14,1.96,-16.02
2006-04-14,0.0,-0.56,31.11,64.35,1.79,-15.81
2006-04-15,0.0,0.39,48.03,64.4,1.84,-9.79
2006-04-16,0.11,-0.36,67.06,64.23,2.87,-6.4
2006-04-17,3.44,-0.82,73.67,64.25,2.27,-5.54
2006-04-18,1.65,-1.29,75.64,64.07,1.79,-5.96
2006-04-19,0.31,-1.21,79.07,64.22,2.1,-5.06
2006-04-20,0.0,0.24,67.61,64.41,1.91,-6.37
2006-04-21,0.0,1.26,62.46,64.37,2.09,-6.51
2006-04-22,0.0,2.64,65.95,64.3,1.93,-3.8
2006-04-23,0.01,3.01,59.03,64.35,1.98,-5.08
2006-04-24,0.0,3.6,53.13,64.35,1.77,-5.97
2006-04-25,0.0,3.75,58.58,64.38,1.96,-4.25
2006-04-26,0.0,5.08,50.16,64.47,1.73,-5.87
2006-04-27,0.0,6.48,43.43,64.58,1.55,-6.74
2006-04-28,0.0,5.9,43.39,64.65,1.64,-7.45
2006-04-29,0.0,6.21,49.07,64.57,1.92,-5.31
2006-04-30,0.0,6.63,50.89,64.61,2.06,-3.7
2006-05-01,0.0,6.02,49.03,64.57,1.98,-5.2
2006-05-02,0.0,4.95,58.06,64.63,2.17,-3.73
2006-05-03,0.0,3.26,63.85,64.56,1.83,-3.78
2006-05-04,0.0,7.17,43.63,64.55,1.81,-5.67
2006-05-05,0.0,7.76,43.48,64.72,2.06,-5.06
2006-05-06,0.0,8.38,47.44,64.61,2.02,-3.44
2006-05-07,2.55,7.94,49.82,64.6,2.28,-2.66
2006-05-08,5.74,7.73,58.0,64.65,2.28,-1.29
2006-05-09,0.53,6.95,66.41,64.56,2.06,-0.21
2006-05-10,1.86,6.27,70.34,64.35,2.08,0.34
2006-05-11,1.13,7.23,51.86,64.44,2.11,-2.9
2006-05-12,0.25,7.52,41.69,64.53,1.99,-5.91
2006-05-13,0.01,8.35,32.06,64.61,1.92,-9.24
2006-05-14,0.17,9.02,45.19,64.69,2.11,-3.69
2006-05-15,0.04,8.56,59.54,64.63,1.94,-0.67
2006-05-16,8.89,8.42,68.48,64.67,1.9,1.68
2006-05-17,0.58,6.9,80.07,64.68,1.17,3.16
2006-05-18,0.0,6.78,74.37,64.48,2.11,1.84
2006-05-19,2.22,6.53,80.93,64.31,2.17,3.05
2006-05-20,1.2,6.78,78.82,64.24,1.77,2.75
2006-05-21,19.58,7.3,79.54,64.23,2.14,3.41
2006-05-22,8.8,6.86,78.63,64.33,1.87,2.72
2006-05-23,0.01,8.28,72.41,64.28,1.89,2.6
2006-05-24,0.0,8.96,65.27,64.26,1.99,1.57
2006-05-25,2.67,8.78,73.03,64.36,2.17,3.34
2006-05-26,1.19,8.96,71.8,64.49,2.06,3.14
2006-05-27,10.81,9.39,71.19,64.47,1.87,3.13
2006-05-28,1.11,8.37,67.18,64.32,1.96,1.73
2006-05-29,0.01,8.26,59.08,64.12,2.0,-0.25
2006-05-30,0.0,8.35,69.01,64.1,1.96,2.21
2006-05-31,0.04,8.34,67.1,64.34,2.22,1.54
2006-06-01,0.0,8.22,58.78,64.41,1.99,-0.58
2006-06-02,1.47,7.21,61.25,64.33,1.69,-0.8
2006-06-03,2.82,7.05,78.25,64.1,2.27,3.14
2006-06-04,0.04,7.94,69.26,64.18,2.26,1.82
2006-06-05,0.0,7.74,57.42,64.25,2.23,-2.12
2006-06-06,0.0,7.76,61.52,64.26,2.17,-0.39
2006-06-07,0.0,8.42,62.44,64.36,1.99,0.34
2006-06-08,0.0,8.73,46.76,64.4,2.07,-4.42
2006-06-09,0.0,9.14,44.79,64.32,2.06,-3.56
2006-06-10,0.0,8.43,46.18,64.33,2.18,-3.82
2006-06-11,0.0,7.98,45.81,64.34,2.03,-3.91
2006-06-12,0.1,7.8,48.08,64.28,2.3,-3.19
2006-06-13,0.03,6.51,52.92,64.27,2.0,-3.3
2006-06-14,0.0,6.26,61.11,64.33,1.97,-1.26
2006-06-15,0.03,7.12,69.05,64.37,2.28,1.11
2006-06-16,1.68,6.51,69.62,64.37,2.28,0.17
2006-06-17,0.41,4.46,76.12,64.38,2.91,0.11
2006-06-18,0.0,5.15,52.86,64.37,2.19,-5.94
2006-06-19,0.93,6.33,56.02,64.37,1.89,-2.75
2006-06-20,1.45,6.69,66.08,64.37,1.46,-0.07
2006-06-21,0.0,9.3,66.11,64.46,1.95,1.73
2006-06-22,2.21,10.19,72.94,64.42,2.01,4.3
2006-06-23,2.27,10.39,75.68,64.49,1.99,5.46
2006-06-24,3.22,11.16,72.37,64.57,1.92,5.24
2006-06-25,1.74,11.82,78.64,64.5,2.11,7.53
2006-06-26,1.49,11.92,77.67,64.37,2.43,7.46
2006-06-27,1.92,10.62,85.1,64.25,2.19,7.69
2006-06-28,6.68,10.36,79.99,64.25,1.81,6.32
2006-06-29,10.48,10.35,79.57,64.25,2.07,6.33
2006-06-30,7.03,10.04,71.75,64.21,2.06,4.14
2006-07-01,0.2,11.93,69.53,64.2,2.16,5.23
2006-07-02,0.0,12.69,74.44,64.23,2.1,7.18
2006-07-03,0.05,13.03,73.61,64.35,2.1,7.39
2006-07-04,3.17,13.02,74.01,64.33,2.44,7.4
2006-07-05,2.79,13.14,76.52,64.4,2.1,8.11
2006-07-06,0.13,13.95,73.06,64.34,2.08,7.94
2006-07-07,0.0,14.84,71.85,64.19,2.18,8.33
2006-07-08,1.59,15.19,78.47,64.14,2.18,10.55
2006-07-09,18.26,13.19,89.19,64.1,1.73,11.26
2006-07-10,10.63,11.73,87.77,64.07,1.84,9.48
2006-07-11,2.82,10.8,86.87,64.07,2.03,8.36
2006-07-12,2.73,10.99,84.11,64.11,2.36,8.02
2006-07-13,6.8,10.68,82.37,64.1,2.45,7.36
2006-07-14,0.66,9.97,80.48,64.14,2.24,6.22
2006-07-15,0.0,10.39,69.94,64.22,2.04,3.73
2006-07-16,5.1,9.74,74.46,64.28,2.26,4.8
2006-07-17,2.3,11.8,82.1,64.23,2.15,8.33
2006-07-18,5.21,12.01,83.65,64.25,2.31,8.9
2006-07-19,18.09,11.78,85.86,64.31,2.43,9.13
2006-07-20,4.85,11.02,88.13,64.38,2.56,8.83
2006-07-21,3.81,11.79,84.13,64.44,2.16,8.78
2006-07-22,6.39,11.82,85.0,64.46,1.87,9.01
2006-07-23,2.11,12.54,84.59,64.45,1.92,9.58
2006-07-24,1.46,11.44,87.74,64.46,1.64,9.32
2006-07-25,20.37,11.47,84.05,64.38,2.08,8.61
2006-07-26,15.51,10.03,88.05,64.36,1.86,7.83
2006-07-27,7.42,9.44,87.78,64.21,1.85,7.25
2006-07-28,6.43,10.3,86.61,64.03,2.19,7.82
2006-07-29,2.87,9.62,84.76,64.25,1.8,6.81
2006-07-30,5.63,11.24,81.29,64.44,2.09,7.67
2006-07-31,2.7,11.03,84.9,64.46,1.94,8.18
2006-08-01,13.81,11.15,82.22,64.46,1.96,7.88
2006-08-02,18.94,10.48,89.43,64.4,1.9,8.59
2006-08-03,1.88,9.97,85.13,64.37,1.65,7.26
2006-08-04,9.68,9.9,90.3,64.41,1.9,8.13
2006-08-05,8.51,8.84,89.5,64.5,1.62,6.9
2006-08-06,9.68,9.9,87.14,64.47,2.11,7.59
2006-08-07,2.29,9.94,89.06,64.37,2.24,7.92
2006-08-08,1.03,9.97,87.02,64.27,2.04,7.57
2006-08-09,2.62,9.96,88.41,64.26,1.98,7.84
2006-08-10,9.79,10.08,86.14,64.29,1.91,7.53
2006-08-11,4.72,10.24,81.92,64.43,1.61,6.91
2006-08-12,0.42,9.77,83.18,64.44,1.25,6.72
2006-08-13,4.92,10.08,81.81,64.42,1.69,6.79
2006-08-14,0.32,10.06,84.59,64.3,1.58,7.15
2006-08-15,0.01,10.04,83.35,64.29,1.69,6.92
2006-08-16,0.17,10.12,84.89,64.34,1.88,7.35
2006-08-17,0.29,10.15,85.55,64.42,2.02,7.48
2006-08-18,0.01,10.64,84.02,64.49,1.64,7.72
2006-08-19,8.78,10.51,89.56,64.51,1.46,8.7
2006-08-20,2.75,11.04,82.41,64.47,2.01,7.95
2006-08-21,0.34,10.93,89.01,64.4,2.28,8.96
2006-08-22,3.82,10.37,83.66,64.43,1.8,7.27
2006-08-23,2.79,10.54,85.03,64.44,1.77,7.73
2006-08-24,9.52,11.2,84.56,64.4,1.84,8.41
2006-08-25,1.69,11.4,87.37,64.43,1.87,9.12
2006-08-26,2.5,11.31,84.21,64.27,1.77,8.21
2006-08-27,4.15,9.57,85.35,64.15,2.23,6.77
2006-08-28,1.42,8.1,72.37,64.23,1.69,2.62
2006-08-29,0.07,7.44,72.89,64.42,1.71,1.97
2006-08-30,0.88,7.59,69.81,64.57,1.72,1.51
2006-08-31,0.56,7.18,82.63,64.48,1.33,4.11
2006-09-01,3.32,8.57,83.04,64.28,2.28,5.46
2006-09-02,8.26,7.4,83.89,64.33,1.85,4.54
2006-09-03,0.99,7.63,82.57,64.57,1.76,4.34
2006-09-04,0.0,8.1,66.55,64.61,1.8,1.13
2006-09-05,0.61,9.29,72.93,64.64,1.62,4.22
2006-09-06,2.28,9.95,73.23,64.66,1.43,4.65
2006-09-07,3.34,10.21,84.72,64.6,1.55,7.36
2006-09-08,6.8,11.07,82.45,64.58,1.54,7.52
2006-09-09,1.54,11.17,82.56,64.59,1.58,7.66
2006-09-10,0.42,10.64,83.84,64.56,1.69,7.52
2006-09-11,0.15,9.1,80.72,64.35,1.69,5.31
2006-09-12,1.19,8.98,80.68,64.34,1.73,5.09
2006-09-13,0.24,7.76,80.27,64.47,1.75,4.09
2006-09-14,0.03,7.8,78.41,64.52,1.78,3.68
2006-09-15,3.05,6.99,78.91,64.56,1.58,3.08
2006-09-16,1.19,8.02,75.99,64.63,1.43,3.19
2006-09-17,0.0,9.61,76.1,64.54,1.58,4.67
2006-09-18,0.16,9.82,82.7,64.52,1.62,6.4
2006-09-19,0.0,8.79,80.81,64.52,1.68,5.04
2006-09-20,0.12,7.7,75.86,64.6,1.6,2.79
2006-09-21,8.99,6.88,76.3,64.44,1.62,2.1
2006-09-22,1.29,5.09,68.36,64.32,1.51,-1.46
2006-09-23,0.0,5.15,67.8,64.4,1.43,-1.76
2006-09-24,0.0,5.15,62.28,64.48,1.68,-3.45
2006-09-25,0.0,4.61,58.78,64.55,1.71,-4.5
2006-09-26,0.0,4.93,53.49,64.49,1.69,-4.98
2006-09-27,0.0,3.87,51.69,64.38,1.73,-6.23
2006-09-28,0.0,5.09,53.06,64.58,1.68,-4.6
2006-09-29,0.0,5.18,53.55,64.68,1.73,-4.96
2006-09-30,0.0,5.19,56.44,64.74,1.63,-4.38
2006-10-01,0.0,5.5,57.66,64.71,1.7,-3.55
2006-10-02,0.0,5.4,61.01,64.6,1.68,-3.08
2006-10-03,0.0,5.02,61.72,64.55,1.74,-2.75
2006-10-04,0.0,4.83,64.35,64.41,1.63,-2.02
2006-10-05,0.0,6.21,43.04,64.34,1.55,-6.65
2006-10-06,0.0,5.41,46.49,64.37,1.85,-6.09
2006-10-07,0.0,5.88,47.18,64.46,1.47,-6.27
2006-10-08,0.0,6.1,45.57,64.59,1.75,-6.04
2006-10-09,0.0,5.02,47.82,64.62,1.76,-6.52
2006-10-10,0.0,4.61,55.03,64.67,1.83,-4.79
2006-10-11,0.0,4.09,59.87,64.68,1.72,-4.53
2006-10-12,0.0,4.03,66.65,64.66,1.76,-2.78
2006-10-13,0.23,3.13,62.9,64.82,1.64,-4.33
2006-10-14,0.19,2.19,62.12,64.8,1.65,-5.04
2006-10-15,0.0,2.87,53.63,64.71,1.59,-6.49
2006-10-16,0.0,2.72,57.54,64.7,1.58,-5.94
2006-10-17,0.0,3.18,59.86,64.71,1.53,-5.35
2006-10-18,0.09,2.36,66.96,64.65,1.5,-3.98
2006-10-19,0.85,0.73,81.9,64.54,1.73,-2.56
2006-10-20,6.33,-1.0,85.2,64.6,1.17,-3.46
2006-10-21,1.61,-0.98,81.79,64.53,1.23,-4.35
2006-10-22,0.6,-1.4,86.7,64.49,1.16,-3.82
2006-10-23,0.0,0.37,68.51,64.55,1.32,-6.1
2006-10-24,0.0,1.91,60.23,64.71,1.49,-5.8
2006-10-25,0.0,1.15,63.54,64.8,1.47,-6.17
2006-10-26,0.0,0.55,61.58,64.78,1.58,-7.24
2006-10-27,0.0,-0.3,63.95,64.75,1.45,-7.12
2006-10-28,0.0,-0.33,59.2,64.65,1.54,-8.29
2006-10-29,0.0,0.65,53.65,64.64,1.43,-8.69
2006-10-30,0.0,1.74,47.87,64.61,1.41,-9.2
2006-10-31,0.0,1.67,66.22,64.66,1.31,-4.91
2006-11-01,0.0,1.06,76.59,64.66,1.33,-3.64
2006-11-02,0.0,0.34,77.74,64.65,1.26,-3.85
2006-11-03,0.0,0.34,76.32,64.62,1.23,-4.3
2006-11-04,0.0,1.02,69.85,64.6,1.38,-5.25
2006-11-05,0.0,1.95,56.43,64.59,1.41,-7.13
2006-11-06,0.0,1.52,61.4,64.53,1.36,-6.17
2006-11-07,0.0,-0.16,72.17,64.47,1.23,-5.62
2006-11-08,0.0,-0.39,70.98,64.6,1.2,-6.08
2006-11-09,0.0,0.25,66.4,64.71,1.19,-6.72
2006-11-10,0.0,0.65,63.72,64.77,1.46,-6.68
2006-11-11,0.0,1.13,60.41,64.76,1.24,-6.46
2006-11-12,0.0,0.18,52.71,64.65,1.3,-8.86
2006-11-13,0.0,-1.14,56.28,64.53,1.4,-9.22
2006-11-14,0.0,-2.11,49.55,64.48,1.37,-12.1
2006-11-15,0.0,-2.11,56.76,64.56,1.39,-10.1
2006-11-16,0.0,-1.95,62.18,64.47,1.43,-8.89
2006-11-17,0.05,-2.22,57.27,64.37,1.61,-10.71
2006-11-18,0.18,-3.13,86.2,64.37,1.25,-5.55
2006-11-19,0.0,-2.56,58.32,64.27,1.33,-10.66
2006-11-20,0.0,-1.7,37.45,64.19,1.37,-14.9
2006-11-21,0.52,-1.4,38.33,64.2,1.45,-13.97
2006-11-22,2.22,-4.08,82.63,64.05,2.34,-6.83
2006-11-23,0.0,-5.59,68.97,63.97,1.61,-11.73
2006-11-24,0.0,-6.83,62.74,63.94,1.7,-14.15
2006-11-25,0.0,-6.22,47.93,64.03,1.44,-17.55
2006-11-26,0.0,-6.07,29.33,64.02,1.55,-20.86
2006-11-27,0.0,-6.92,53.87,64.0,1.62,-15.01
2006-11-28,0.0,-6.68,54.59,64.1,1.31,-15.15
2006-11-29,0.0,-6.89,46.62,64.26,1.51,-16.99
2006-11-30,0.0,-6.18,31.86,64.28,1.57,-20.45
2006-12-01,0.0,-6.03,37.76,64.23,1.35,-18.1
2006-12-02,0.0,-4.84,29.5,64.3,1.34,-19.74
2006-12-03,0.0,-3.97,68.91,64.47,1.11,-9.22
2006-12-04,1.13,-3.89,90.46,64.43,1.58,-5.69
2006-12-05,10.28,-4.02,94.06,64.36,3.19,-4.99
2006-12-06,0.57,-5.62,78.22,64.36,1.32,-9.59
2006-12-07,0.0,-6.43,77.13,64.26,1.45,-10.54
2006-12-08,0.0,-7.46,72.68,64.27,1.23,-12.24
2006-12-09,0.0,-5.89,42.99,64.38,1.29,-16.99
2006-12-10,0.88,-6.33,71.27,64.09,1.96,-11.25
2006-12-11,0.78,-9.27,76.69,63.73,1.52,-13.26
2006-12-12,0.0,-8.85,48.56,64.07,1.43,-18.06
2006-12-13,0.0,-6.99,59.08,64.34,1.22,-14.03
2006-12-14,0.0,-5.21,49.27,64.55,1.37,-15.6
2006-12-15,0.0,-2.18,31.44,64.63,1.43,-16.51
2006-12-16,0.0,-2.73,38.37,64.75,1.15,-14.84
2006-12-17,0.0,-2.62,34.11,64.65,1.13,-16.15
2006-12-18,0.0,-3.21,32.65,64.45,1.46,-17.41
2006-12-19,0.0,-3.37,35.26,64.52,1.39,-16.6
2006-12-20,0.0,-3.76,56.69,64.61,0.93,-11.31
2006-12-21,0.0,-5.5,79.16,64.46,1.56,-9.09
2006-12-22,0.0,-7.19,55.1,64.36,1.41,-16.51
2006-12-23,0.0,-6.32,27.15,64.39,1.48,-21.86
2006-12-24,0.0,-6.77,37.54,64.33,1.5,-18.77
2006-12-25,0.06,-5.92,38.21,64.34,1.28,-17.63
2006-12-26,0.37,-5.7,75.19,64.1,1.7,-9.94
2006-12-27,0.0,-6.14,67.4,64.04,1.05,-12.24
2006-12-28,0.0,-5.07,39.57,64.26,1.59,-17.71
2006-12-29,0.0,-2.57,29.71,64.42,1.18,-17.53
2006-12-30,0.0,-3.76,31.98,64.29,1.58,-17.97
2006-12-31,0.0,-6.77,48.71,64.06,1.88,-16.65
2007-01-01,0.0,-9.18,64.35,64.01,1.56,-15.57
2007-01-02,0.0,-8.75,31.22,64.13,1.57,-22.88
2007-01-03,0.0,-7.82,25.65,64.24,1.52,-23.75
2007-01-04,0.0,-7.07,30.43,64.17,2.39,-21.82
2007-01-05,0.0,-8.56,39.77,64.07,2.24,-19.71
2007-01-06,0.0,-9.79,51.34,64.04,1.95,-18.09
2007-01-07,0.0,-9.69,39.78,64.06,1.49,-21.86
2007-01-08,0.0,-6.93,27.35,64.21,1.59,-22.05
2007-01-09,0.0,-6.82,36.55,64.3,1.66,-18.9
2007-01-10,0.0,-8.7,48.91,64.15,1.78,-17.55
2007-01-11,0.0,-9.65,46.66,64.03,1.8,-19.75
2007-01-12,0.0,-10.33,60.15,63.93,1.5,-17.45
2007-01-13,0.0,-10.63,50.3,63.83,1.5,-20.57
2007-01-14,0.0,-8.98,45.02,63.84,1.19,-19.87
2007-01-15,0.0,-8.9,82.58,63.82,1.76,-12.04
2007-01-16,0.0,-9.93,63.93,63.83,1.75,-16.86
2007-01-17,0.0,-8.04,43.5,64.08,1.34,-19.63
2007-01-18,0.0,-6.03,56.8,64.22,1.41,-14.39
2007-01-19,0.0,-7.63,78.54,64.06,1.92,-11.77
2007-01-20,0.0,-8.95,31.96,63.92,1.69,-23.96
2007-01-21,0.0,-8.37,33.06,64.02,1.37,-22.42
2007-01-22,0.0,-6.43,26.86,64.27,1.75,-22.3
2007-01-23,0.0,-4.5,25.53,64.53,1.6,-20.98
2007-01-24,0.0,-3.96,31.62,64.59,1.58,-18.01
2007-01-25,0.0,-2.92,40.39,64.57,1.37,-14.74
2007-01-26,0.0,-2.69,44.7,64.58,1.44,-13.06
2007-01-27,0.0,-4.4,52.75,64.58,1.69,-13.08
2007-01-28,0.0,-4.7,53.07,64.68,1.54,-13.46
2007-01-29,0.29,-4.35,44.41,64.65,1.6,-15.14
2007-01-30,0.62,-5.24,72.68,64.48,1.19,-9.77
2007-01-31,0.0,-3.62,46.01,64.47,1.49,-14.8
2007-02-01,0.0,-1.88,29.33,64.49,1.62,-17.74
2007-02-02,0.0,-1.85,29.98,64.51,1.52,-17.34
2007-02-03,0.0,-2.84,38.6,64.37,1.31,-14.99
2007-02-04,0.0,-4.21,68.81,64.04,1.56,-9.49
2007-02-05,0.09,-4.01,51.18,64.01,1.74,-14.11
2007-02-06,0.17,-5.5,79.79,63.98,1.4,-8.97
2007-02-07,7.54,-6.33,84.05,63.97,1.31,-9.43
2007-02-08,0.03,-6.41,61.56,64.15,1.55,-13.63
2007-02-09,0.13,-5.56,70.64,64.25,1.33,-10.64
2007-02-10,17.59,-5.66,89.85,63.99,1.5,-7.75
2007-02-11,20.62,-7.28,96.16,63.74,2.51,-8.43
2007-02-12,1.25,-9.22,97.45,63.72,1.37,-10.19
2007-02-13,8.74,-9.96,92.89,63.43,1.43,-11.62
2007-02-14,2.96,-11.28,89.73,63.43,1.39,-13.16
2007-02-15,0.0,-14.3,89.98,63.59,1.6,-16.08
2007-02-16,0.0,-12.07,95.71,63.57,1.36,-13.22
2007-02-17,0.0,-13.63,91.51,63.74,1.41,-15.05
2007-02-18,0.31,-14.65,84.13,63.93,1.61,-17.11
2007-02-19,0.19,-11.47,90.99,64.09,1.25,-13.09
2007-02-20,0.0,-12.56,68.03,64.22,1.7,-17.38
2007-02-21,0.0,-10.61,88.38,64.29,1.73,-12.61
2007-02-22,0.0,-7.27,85.8,64.19,1.11,-9.78
2007-02-23,0.0,-7.75,74.19,64.08,1.62,-12.46
2007-02-24,0.0,-7.79,64.42,64.1,1.63,-14.15
2007-02-25,0.0,-7.87,82.4,63.88,1.42,-11.12
2007-02-26,0.5,-7.64,79.12,63.78,1.49,-11.75
2007-02-27,5.31,-5.63,92.84,63.83,3.37,-7.23
2007-02-28,9.74,-5.44,97.49,63.63,4.0,-6.21
2007-03-01,2.48,-7.88,92.92,63.58,1.95,-9.11
2007-03-02,0.01,-11.06,61.01,63.76,1.63,-18.36
2007-03-03,0.0,-6.69,68.14,64.09,1.68,-12.24
2007-03-04,0.0,-6.68,78.0,64.19,1.43,-10.76
2007-03-05,0.0,-7.73,63.7,64.18,1.52,-14.74
2007-03-06,0.0,-7.85,61.21,64.01,1.95,-15.34
2007-03-07,0.0,-6.98,51.99,63.96,1.74,-16.77
2007-03-08,0.0,-5.58,57.83,64.04,1.74,-13.84
2007-03-09,0.33,-7.13,68.89,64.06,1.96,-13.04
2007-03-10,1.99,-7.01,89.36,64.05,1.87,-9.15
2007-03-11,2.02,-6.47,80.11,64.08,2.1,-10.11
2007-03-12,12.35,-4.95,96.68,63.94,4.21,-5.89
2007-03-13,11.71,-5.1,98.39,63.77,5.8,-5.58
2007-03-14,1.31,-10.45,85.11,63.82,1.77,-13.2
2007-03-15,0.0,-12.23,69.85,63.85,2.1,-17.5
2007-03-16,0.0,-7.81,57.2,64.04,1.75,-15.28
2007-03-17,0.0,-2.68,63.88,64.3,1.61,-9.59
2007-03-18,0.0,-0.04,59.94,64.49,1.43,-7.34
2007-03-19,0.07,-1.57,70.4,64.56,1.83,-7.1
2007-03-20,0.9,-2.29,91.67,64.49,2.26,-3.84
2007-03-21,3.51,-2.81,90.03,64.31,2.81,-4.43
2007-03-22,0.94,-2.6,78.83,64.41,1.92,-6.52
2007-03-23,0.0,-3.68,69.87,64.51,2.17,-9.7
2007-03-24,0.0,-3.57,79.84,64.37,1.88,-7.51
2007-03-25,0.0,-2.88,55.86,64.2,1.33,-11.99
2007-03-26,0.0,-1.85,49.77,64.31,1.49,-11.94
2007-03-27,0.0,0.27,51.43,64.57,1.56,-9.73
2007-03-28,0.0,1.05,54.8,64.76,1.64,-8.13
2007-03-29,0.0,1.59,63.58,64.72,1.94,-5.93
2007-03-30,0.0,2.96,57.26,64.75,1.9,-6.51
2007-03-31,0.0,3.06,52.61,64.81,1.71,-6.71
2007-04-01,0.0,1.8,64.07,64.7,2.36,-5.17
2007-04-02,0.0,1.45,58.48,64.46,1.94,-7.34
2007-04-03,0.0,2.39,48.04,64.36,1.63,-9.14
2007-04-04,0.0,2.77,41.23,64.45,1.66,-10.2
2007-04-05,0.0,3.43,49.97,64.54,1.85,-6.46
2007-04-06,0.02,2.48,48.57,64.56,1.93,-8.23
2007-04-07,0.09,1.38,70.15,64.45,1.84,-3.91
2007-04-08,0.0,1.21,57.19,64.41,1.84,-8.13
2007-04-09,0.0,2.26,50.97,64.34,1.65,-7.97
2007-04-10,0.0,3.76,45.54,64.43,1.65,-8.53
2007-04-11,0.0,4.78,50.48,64.47,1.89,-6.01
2007-04-12,0.0,5.31,50.35,64.54,1.89,-5.23
2007-04-13,0.0,4.68,63.98,64.63,1.9,-2.45
2007-04-14,0.0,5.69,63.49,64.78,1.78,-1.79
2007-04-15,0.0,6.76,53.19,64.82,1.9,-3.78
2007-04-16,0.01,7.14,52.76,64.75,1.82,-3.23
2007-04-17,5.41,6.77,62.26,64.69,2.07,-0.69
2007-04-18,1.66,4.15,75.27,64.74,1.82,-0.41
2007-04-19,0.02,4.4,70.19,64.61,1.91,-1.56
2007-04-20,0.21,4.62,64.13,64.55,1.96,-2.68
2007-04-21,0.02,4.3,62.22,64.38,2.01,-3.07
2007-04-22,0.05,4.17,67.19,64.31,1.89,-2.26
2007-04-23,0.0,4.49,55.39,64.33,2.28,-5.42
2007-04-24,0.0,3.45,48.42,64.34,2.07,-7.7
2007-04-25,1.86,2.68,55.91,64.37,1.94,-5.77
2007-04-26,0.2,3.62,57.96,64.5,1.5,-4.29
2007-04-27,0.0,6.33,36.04,64.7,1.77,-9.05
2007-04-28,0.0,6.15,44.66,64.75,2.05,-5.67
2007-04-29,0.0,5.52,54.41,64.73,1.71,-3.51
2007-04-30,0.0,6.29,62.29,64.82,1.69,-1.0
2007-05-01,0.67,6.28,69.86,64.87,1.51,0.39
2007-05-02,0.79,6.47,66.84,64.69,1.4,0.0
2007-05-03,0.81,5.61,68.37,64.55,1.53,-0.09
2007-05-04,0.28,5.73,72.27,64.58,1.93,0.62
2007-05-05,0.0,6.64,63.95,64.59,2.05,-0.77
2007-05-06,0.01,6.06,61.08,64.49,1.95,-1.81
2007-05-07,0.3,6.42,69.72,64.44,1.94,0.48
2007-05-08,2.34,6.64,71.18,64.44,2.21,0.83
2007-05-09,0.16,5.99,55.18,64.51,2.2,-3.9
2007-05-10,0.36,6.03,46.25,64.52,2.13,-6.13
2007-05-11,3.57,4.74,53.36,64.34,2.45,-5.13
2007-05-12,0.59,4.37,55.6,64.36,1.75,-4.27
2007-05-13,0.0,6.4,60.71,64.38,2.03,-2.2
2007-05-14,0.0,8.28,54.2,64.34,1.85,-2.4
2007-05-15,0.0,9.61,54.66,64.35,1.83,-0.7
2007-05-16,0.23,8.68,66.44,64.56,2.17,1.98
2007-05-17,0.0,7.99,68.1,64.5,2.03,1.64
2007-05-18,0.41,8.42,73.05,64.47,2.03,3.04
2007-05-19,0.01,8.98,65.1,64.5,2.37,1.17
2007-05-20,0.0,7.66,57.6,64.38,2.32,-1.74
2007-05-21,0.0,6.12,39.0,64.18,2.2,-8.22
2007-05-22,0.0,5.79,48.3,64.21,2.17,-5.54
2007-05-23,0.0,5.62,65.27,64.32,2.41,-1.37
2007-05-24,0.0,5.63,49.55,64.27,2.31,-6.67
2007-05-25,0.03,4.46,57.56,64.3,2.4,-4.2
2007-05-26,1.02,3.64,67.75,64.36,2.39,-2.7
2007-05-27,0.8,3.13,68.46,64.38,2.04,-3.13
2007-05-28,0.0,3.9,63.86,64.42,2.16,-3.48
2007-05-29,0.0,4.6,61.75,64.45,1.91,-3.17
2007-05-30,0.0,6.27,51.14,64.49,2.06,-4.66
2007-05-31,0.0,6.6,50.71,64.54,2.05,-4.56
2007-06-01,0.0,7.38,57.11,64.42,1.99,-1.78
2007-06-02,0.0,8.4,53.93,64.44,2.08,-1.52
2007-06-03,0.0,8.05,57.43,64.5,2.42,-1.17
2007-06-04,0.0,8.2,61.66,64.62,2.29,0.12
2007-06-05,0.0,8.6,51.59,64.43,2.12,-2.6
2007-06-06,0.0,9.57,51.69,64.41,2.33,-1.59
2007-06-07,0.0,11.63,50.07,64.39,2.09,-0.11
2007-06-08,0.0,12.32,44.83,64.43,2.08,-0.38
2007-06-09,0.0,12.77,35.0,64.4,2.17,-3.53
2007-06-10,0.0,12.7,31.88,64.32,2.07,-4.8
2007-06-11,0.0,12.48,40.63,64.34,2.23,-1.6
2007-06-12,0.09,12.07,48.32,64.4,2.1,0.36
2007-06-13,0.78,11.78,47.1,64.42,2.29,-0.47
2007-06-14,1.42,11.21,56.65,64.32,2.47,1.53
2007-06-15,3.59,9.94,70.38,64.16,2.36,3.46
2007-06-16,3.25,7.85,70.92,64.07,2.53,2.03
2007-06-17,0.44,6.86,63.49,64.07,2.36,-0.87
2007-06-18,0.06,8.0,60.81,64.13,2.28,-1.34
2007-06-19,0.01,7.93,61.43,64.15,2.35,-0.5
2007-06-20,1.77,8.45,68.96,64.22,2.19,2.01
2007-06-21,0.04,10.2,69.62,64.34,2.22,3.84
2007-06-22,0.2,10.65,72.18,64.49,2.06,4.62
2007-06-23,0.48,10.91,71.7,64.6,1.81,4.94
2007-06-24,0.4,12.39,72.96,64.64,2.13,6.72
2007-06-25,0.96,10.85,82.57,64.52,1.12,7.45
2007-06-26,0.5,11.04,75.73,64.29,1.68,6.07
2007-06-27,6.58,13.85,72.35,64.13,1.82,7.38
2007-06-28,2.29,12.39,82.04,64.26,2.28,8.85
2007-06-29,0.67,11.44,81.29,64.4,2.74,8.02
2007-06-30,15.9,12.27,79.48,64.37,2.31,8.24
2007-07-01,13.78,12.55,82.42,64.18,2.56,9.1
2007-07-02,5.5,11.95,84.28,64.14,3.14,8.86
2007-07-03,11.59,11.34,84.33,64.14,2.91,8.39
2007-07-04,10.89,11.51,85.67,64.09,2.24,8.84
2007-07-05,11.29,12.58,81.22,64.08,2.26,8.83
2007-07-06,1.03,12.03,82.51,64.1,2.7,8.62
2007-07-07,6.46,11.28,73.38,64.22,2.16,5.88
2007-07-08,5.25,9.37,81.34,64.32,1.46,5.91
2007-07-09,2.09,10.57,78.08,64.28,1.88,6.4
2007-07-10,0.78,12.34,77.96,64.22,1.98,7.88
2007-07-11,12.25,12.42,83.31,64.28,2.15,9.19
2007-07-12,7.26,12.04,85.65,64.19,2.27,9.33
2007-07-13,4.48,10.97,84.44,64.08,1.99,8.0
2007-07-14,0.37,9.39,67.86,64.04,2.03,2.47
2007-07-15,0.43,9.13,64.91,64.11,1.8,1.87
2007-07-16,0.01,9.46,66.7,64.21,2.05,2.22
2007-07-17,0.0,10.01,66.88,64.23,2.0,2.5
2007-07-18,2.93,10.82,76.72,64.21,2.05,6.12
2007-07-19,0.03,11.76,78.34,64.22,2.07,7.35
2007-07-20,0.34,11.63,82.22,64.16,2.11,8.2
2007-07-21,13.27,11.94,80.69,64.08,2.3,8.25
2007-07-22,11.34,10.98,86.88,64.19,2.26,8.55
2007-07-23,10.38,10.95,87.93,64.32,2.43,8.73
2007-07-24,2.23,11.02,87.98,64.38,2.37,8.85
2007-07-25,1.84,11.52,85.01,64.29,2.29,8.72
2007-07-26,2.51,11.14,85.3,64.21,2.51,8.45
2007-07-27,1.24,10.82,79.22,64.15,2.26,6.74
2007-07-28,0.23,10.92,74.95,64.25,2.08,5.77
2007-07-29,13.63,11.23,81.29,64.34,1.83,7.5
2007-07-30,15.53,11.72,84.74,64.44,1.99,8.8
2007-07-31,22.63,11.86,85.06,64.33,2.06,9.02
2007-08-01,11.44,11.61,87.76,64.22,2.17,9.36
2007-08-02,18.61,10.69,87.32,64.23,2.18,8.39
2007-08-03,6.74,9.25,91.48,64.34,1.87,7.73
2007-08-04,4.56,9.82,88.12,64.22,1.84,7.65
2007-08-05,2.41,10.87,87.53,64.22,1.97,8.5
2007-08-06,1.55,10.52,87.52,64.44,1.72,8.3
2007-08-07,0.14,11.52,75.88,64.43,1.64,6.9
2007-08-08,20.59,11.9,86.29,64.29,1.98,9.12
2007-08-09,0.34,11.76,85.16,64.31,1.83,8.98
2007-08-10,6.64,12.53,88.46,64.3,1.73,10.46
2007-08-11,4.35,11.7,91.2,64.15,1.22,10.04
2007-08-12,17.11,10.57,91.22,64.04,1.5,8.96
2007-08-13,20.59,10.93,91.42,64.01,2.17,9.3
2007-08-14,7.68,10.87,88.96,64.14,2.11,8.85
2007-08-15,1.69,10.27,81.39,64.19,1.84,6.59
2007-08-16,1.13,9.04,75.84,64.15,1.87,3.98
2007-08-17,8.61,9.57,82.12,64.15,1.65,5.98
2007-08-18,3.44,9.83,82.31,64.26,1.77,6.45
2007-08-19,3.84,10.64,89.08,64.4,2.21,8.62
2007-08-20,1.01,9.76,88.37,64.53,1.94,7.66
2007-08-21,0.91,8.91,89.82,64.53,1.55,7.11
2007-08-22,8.14,9.57,85.42,64.54,1.74,6.91
2007-08-23,1.76,10.58,86.39,64.48,1.47,8.03
2007-08-24,1.82,10.7,88.21,64.51,1.93,8.52
2007-08-25,5.86,10.37,84.01,64.52,1.72,7.35
2007-08-26,9.07,10.47,86.77,64.42,1.63,7.98
2007-08-27,17.18,10.23,83.0,64.44,1.66,6.8
2007-08-28,1.9,8.81,83.7,64.5,1.54,5.86
2007-08-29,0.06,9.53,86.67,64.49,1.84,7.08
2007-08-30,2.21,10.22,87.36,64.39,1.82,7.92
2007-08-31,9.86,10.12,89.21,64.35,1.82,8.23
2007-09-01,6.99,10.14,88.02,64.34,1.7,7.97
2007-09-02,1.26,10.53,87.84,64.39,1.76,8.3
2007-09-03,1.14,10.81,89.61,64.37,2.04,9.02
2007-09-04,17.78,10.56,85.72,64.19,1.6,7.89
2007-09-05,3.03,8.81,84.45,64.09,1.78,5.87
2007-09-06,2.46,6.87,76.6,64.1,1.58,2.32
2007-09-07,0.08,6.54,73.0,64.13,1.37,0.96
2007-09-08,0.0,7.01,74.6,64.3,1.64,2.0
2007-09-09,0.0,6.97,73.66,64.38,1.65,1.86
2007-09-10,1.65,6.82,78.28,64.41,1.6,2.69
2007-09-11,0.12,7.07,72.31,64.43,1.56,1.7
2007-09-12,0.04,6.97,72.6,64.36,1.58,1.62
2007-09-13,0.02,7.63,74.03,64.38,1.61,2.44
2007-09-14,0.0,7.55,77.43,64.42,1.45,3.19
2007-09-15,0.0,8.57,77.53,64.39,1.6,4.04
2007-09-16,0.0,9.87,77.44,64.47,1.55,5.09
2007-09-17,0.0,9.6,82.88,64.62,1.58,6.27
2007-09-18,0.0,9.67,71.06,64.58,1.47,3.53
2007-09-19,2.36,8.92,74.16,64.44,1.43,3.51
2007-09-20,2.68,8.82,80.62,64.53,1.39,5.07
2007-09-21,0.54,7.83,78.3,64.58,1.52,3.65
2007-09-22,0.01,6.77,81.06,64.52,1.61,3.17
2007-09-23,0.0,5.93,71.24,64.48,1.51,0.41
2007-09-24,0.0,6.63,73.47,64.35,1.64,1.45
2007-09-25,4.98,6.42,75.4,64.35,1.74,1.59
2007-09-26,2.35,5.27,85.28,64.4,1.74,2.65
2007-09-27,0.12,4.51,68.91,64.34,1.82,-1.79
2007-09-28,5.14,3.35,73.28,64.35,1.75,-1.66
2007-09-29,0.24,3.1,74.57,64.47,1.82,-1.65
2007-09-30,0.0,3.87,52.76,64.6,1.64,-5.72
2007-10-01,0.0,3.52,46.34,64.44,1.64,-7.75
2007-10-02,0.0,2.68,51.0,64.37,1.82,-7.33
2007-10-03,0.0,2.04,49.85,64.4,1.67,-8.26
2007-10-04,0.0,1.97,55.33,64.47,1.79,-6.82
2007-10-05,0.0,2.33,74.26,64.4,1.65,-2.51
2007-10-06,0.0,1.81,62.25,64.27,1.65,-5.57
2007-10-07,0.0,2.44,51.11,64.19,1.67,-7.67
2007-10-08,0.0,1.95,43.33,64.27,1.72,-9.97
2007-10-09,0.0,2.12,40.79,64.37,1.73,-10.84
2007-10-10,0.0,2.33,37.65,64.43,1.67,-11.31
2007-10-11,0.0,1.51,54.68,64.55,1.66,-7.27
2007-10-12,0.0,1.41,46.95,64.62,1.69,-9.83
2007-10-13,0.0,2.02,37.64,64.61,1.46,-11.66
2007-10-14,0.0,1.53,48.69,64.64,1.59,-8.87
2007-10-15,1.47,0.97,58.34,64.67,1.39,-6.69
2007-10-16,2.51,0.5,64.45,64.5,1.43,-5.88
2007-10-17,0.42,-0.18,70.64,64.4,1.38,-5.66
2007-10-18,0.0,0.65,69.18,64.5,1.33,-5.21
2007-10-19,0.0,1.81,56.47,64.57,1.39,-6.97
2007-10-20,0.0,2.32,49.02,64.48,1.62,-8.56
2007-10-21,0.0,0.28,58.98,64.43,1.71,-7.75
2007-10-22,0.0,-0.46,55.43,64.5,1.46,-9.15
2007-10-23,0.0,0.34,53.52,64.5,1.75,-9.06
2007-10-24,0.0,1.31,44.98,64.67,1.63,-10.45
2007-10-25,0.0,1.16,42.48,64.72,1.72,-11.13
2007-10-26,0.0,0.98,37.32,64.69,1.71,-13.14
2007-10-27,0.0,0.84,33.23,64.6,1.59,-13.93
2007-10-28,0.0,1.34,34.45,64.45,1.49,-13.38
2007-10-29,0.0,0.97,30.0,64.46,1.37,-15.05
2007-10-30,0.0,0.21,33.17,64.58,1.52,-14.63
2007-10-31,0.0,1.18,31.21,64.63,1.42,-14.45
2007-11-01,0.0,2.38,31.02,64.6,1.5,-13.42
2007-11-02,0.0,3.03,26.55,64.42,1.46,-14.63
2007-11-03,0.0,4.27,27.27,64.45,1.46,-13.19
2007-11-04,0.0,4.68,37.25,64.63,1.33,-8.89
2007-11-05,0.0,3.61,42.62,64.53,1.32,-8.59
2007-11-06,0.0,2.23,33.62,64.45,1.61,-12.4
2007-11-07,0.0,0.85,37.43,64.46,1.52,-12.67
2007-11-08,0.0,-2.69,63.7,64.3,1.46,-9.4
2007-11-09,0.0,-2.77,55.75,64.27,1.63,-11.17
2007-11-10,0.0,-2.98,59.41,64.25,1.65,-10.79
2007-11-11,0.0,-3.51,55.78,64.29,1.68,-12.11
2007-11-12,0.0,-3.11,43.63,64.31,1.58,-14.52
2007-11-13,0.0,-3.12,43.85,64.2,1.48,-13.91
2007-11-14,0.0,-3.15,44.15,64.25,1.48,-14.08
2007-11-15,0.0,-3.27,41.41,64.44,1.72,-15.08
2007-11-16,0.0,-3.37,34.2,64.5,1.44,-17.52
2007-11-17,0.0,-2.66,29.27,64.51,1.67,-18.37
2007-11-18,0.0,-1.83,24.92,64.52,1.51,-19.24
2007-11-19,0.0,-3.08,31.22,64.6,1.56,-17.77
2007-11-20,0.0,-3.39,31.36,64.53,1.44,-18.24
2007-11-21,0.0,-2.36,27.65,64.46,1.39,-18.41
2007-11-22,0.0,-2.02,28.51,64.58,1.48,-17.79
2007-11-23,0.0,-0.46,24.84,64.6,1.51,-17.74
2007-11-24,0.0,-0.55,26.89,64.55,1.42,-17.05
2007-11-25,0.0,0.35,26.03,64.62,1.62,-16.79
2007-11-26,0.0,1.43,18.48,64.77,1.4,-19.14
2007-11-27,0.0,0.1,17.74,64.62,1.44,-20.54
2007-11-28,0.0,-0.79,19.22,64.43,1.44,-20.71
2007-11-29,0.06,-2.39,28.19,64.36,1.34,-18.03
2007-11-30,0.36,-6.43,60.09,64.33,1.26,-13.17
2007-12-01,0.0,-5.69,45.87,64.3,1.33,-16.14
2007-12-02,0.0,-5.21,45.58,64.29,1.38,-15.19
2007-12-03,0.0,-6.71,46.07,64.21,1.27,-16.76
2007-12-04,0.0,-4.89,26.33,64.45,1.3,-20.76
2007-12-05,0.0,-2.27,32.74,64.68,1.0,-15.76
2007-12-06,0.0,-3.3,34.57,64.67,1.17,-16.79
2007-12-07,0.0,-4.75,62.36,64.36,1.38,-11.37
2007-12-08,0.0,-6.22,55.76,64.11,1.11,-14.47
2007-12-09,0.0,-6.99,58.3,64.06,1.3,-14.16
2007-12-10,0.77,-8.14,88.88,63.82,1.52,-10.21
2007-12-11,0.94,-8.17,88.28,63.77,1.97,-10.5
2007-12-12,0.84,-8.26,84.48,63.9,1.73,-11.14
2007-12-13,0.63,-8.32,80.05,63.89,1.85,-12.14
2007-12-14,0.0,-8.9,84.73,63.87,1.79,-11.93
2007-12-15,0.0,-8.69,56.37,63.95,1.46,-17.53
2007-12-16,0.0,-8.73,39.15,64.13,1.52,-19.92
2007-12-17,0.0,-8.34,35.98,64.24,1.63,-20.86
2007-12-18,0.0,-4.97,31.28,64.39,1.0,-18.44
2007-12-19,0.0,-4.59,31.73,64.34,1.27,-18.18
2007-12-20,0.0,-3.85,37.85,64.39,1.16,-15.56
2007-12-21,0.0,-4.38,48.71,64.44,1.57,-13.69
2007-12-22,0.0,-3.17,23.84,64.4,1.48,-20.44
2007-12-23,0.0,-3.07,23.79,64.42,1.51,-20.13
2007-12-24,0.0,-4.55,31.69,64.21,1.37,-18.54
2007-12-25,0.0,-5.77,28.51,64.12,1.38,-20.71
2007-12-26,0.0,-5.86,25.64,64.21,1.32,-22.5
2007-12-27,0.0,-5.98,19.53,64.31,1.45,-24.74
2007-12-28,0.0,-5.81,17.55,64.16,1.67,-25.87
2007-12-29,0.0,-7.84,28.22,64.03,2.82,-22.95
2007-12-30,0.0,-8.27,24.41,64.13,1.57,-24.84
2007-12-31,0.0,-7.41,25.4,64.09,1.34,-23.27
2008-01-01,0.0,-7.02,31.65,64.05,1.6,-20.62
2008-01-02,0.0,-8.58,38.89,64.1,1.58,-19.68
2008-01-03,0.0,-8.07,53.68,64.26,1.2,-15.77
2008-01-04,0.0,-7.4,44.69,64.28,1.24,-17.07
2008-01-05,0.0,-8.21,66.21,64.33,0.99,-13.76
2008-01-06,0.0,-7.24,87.36,64.3,1.29,-9.57
2008-01-07,0.0,-5.73,65.8,64.51,1.34,-11.53
2008-01-08,1.63,-5.46,88.88,64.47,1.65,-7.57
2008-01-09,4.11,-5.48,95.3,64.17,3.44,-6.22
2008-01-10,1.76,-6.83,95.15,63.81,5.31,-7.63
2008-01-11,0.0,-9.71,78.93,63.89,2.63,-13.08
2008-01-12,0.0,-7.78,60.29,64.08,1.07,-14.6
2008-01-13,0.0,-7.21,67.82,64.11,1.41,-12.89
2008-01-14,0.0,-7.36,49.33,64.16,1.19,-16.47
2008-01-15,0.0,-5.06,66.67,64.3,1.01,-10.52
2008-01-16,0.0,-4.66,78.19,64.48,1.36,-8.32
2008-01-17,1.83,-5.58,96.14,64.16,2.78,-6.37
2008-01-18,0.82,-7.51,94.37,63.57,5.06,-8.36
2008-01-19,0.0,-11.11,88.95,63.5,2.97,-12.91
2008-01-20,0.0,-12.27,86.96,63.49,2.67,-14.41
2008-01-21,0.0,-14.14,47.55,63.51,1.71,-24.07
2008-01-22,0.0,-12.99,43.93,63.45,2.7,-22.25
2008-01-23,0.0,-14.27,79.05,63.23,2.59,-17.49
2008-01-24,0.0,-14.97,67.7,63.36,1.71,-20.45
2008-01-25,0.0,-14.13,74.04,63.37,1.44,-18.04
2008-01-26,0.0,-13.39,89.35,63.31,2.3,-15.49
2008-01-27,0.0,-12.51,55.14,63.45,1.46,-20.59
2008-01-28,0.0,-11.19,66.81,63.49,1.16,-16.5
2008-01-29,0.0,-11.83,87.27,63.2,2.04,-13.98
2008-01-30,0.0,-13.61,85.19,63.06,1.62,-16.28
2008-01-31,0.0,-13.13,46.37,63.3,1.33,-23.76
2008-02-01,0.0,-11.26,29.43,63.57,1.74,-25.21
2008-02-02,0.05,-9.98,42.75,63.61,1.67,-20.55
2008-02-03,1.9,-10.23,90.61,63.39,2.25,-12.03
2008-02-04,0.01,-10.61,77.5,63.58,2.35,-14.44
2008-02-05,0.53,-9.66,88.1,63.63,3.11,-11.44
2008-02-06,3.76,-8.83,91.31,63.6,4.28,-10.12
2008-02-07,1.68,-10.26,89.68,63.57,3.33,-11.81
2008-02-08,0.15,-10.69,91.82,63.53,3.87,-12.01
2008-02-09,0.0,-11.41,62.81,63.65,1.58,-17.98
2008-02-10,0.0,-12.36,53.24,63.63,1.98,-20.5
2008-02-11,0.0,-12.54,58.84,63.74,2.24,-19.41
2008-02-12,0.0,-13.09,39.29,63.74,1.6,-24.29
2008-02-13,0.0,-10.93,33.2,63.97,2.08,-23.73
2008-02-14,0.0,-7.88,36.36,64.13,1.64,-19.84
2008-02-15,0.0,-6.65,50.57,64.23,1.5,-15.7
2008-02-16,0.0,-4.89,41.35,64.28,1.66,-16.08
2008-02-17,0.0,-3.89,54.63,64.11,1.96,-11.96
2008-02-18,0.0,-7.51,67.51,63.86,1.58,-13.8
2008-02-19,0.0,-7.41,45.6,63.9,1.52,-18.22
2008-02-20,0.0,-4.73,31.62,64.25,1.84,-19.29
2008-02-21,0.0,-2.93,53.62,64.48,1.76,-11.2
2008-02-22,0.0,-4.92,74.79,64.31,2.24,-9.24
2008-02-23,0.0,-5.36,77.61,64.16,2.04,-9.5
2008-02-24,0.0,-6.07,81.13,64.07,2.23,-9.65
2008-02-25,0.0,-7.36,54.13,63.88,1.97,-16.73
2008-02-26,0.0,-5.37,33.02,63.97,2.0,-19.84
2008-02-27,0.0,-1.72,27.59,64.34,1.64,-18.69
2008-02-28,0.0,0.12,27.13,64.59,1.99,-16.72
2008-02-29,0.0,0.54,32.23,64.48,1.86,-14.19
2008-03-01,0.0,-1.12,44.39,64.33,1.99,-12.36
2008-03-02,0.0,-2.63,46.72,64.26,2.08,-13.81
2008-03-03,0.0,-3.3,50.12,64.26,1.74,-12.87
2008-03-04,0.0,-3.35,53.66,64.11,1.97,-11.8
2008-03-05,0.0,-2.13,48.77,64.22,1.9,-12.89
2008-03-06,0.0,-0.71,47.07,64.52,2.11,-11.78
2008-03-07,0.0,-2.29,50.45,64.5,2.08,-12.61
2008-03-08,0.0,-1.54,45.42,64.4,1.73,-13.16
2008-03-09,0.0,-1.13,39.23,64.48,2.17,-14.46
2008-03-10,0.0,-1.87,35.35,64.54,2.03,-16.58
2008-03-11,0.0,-1.86,29.44,64.4,1.77,-17.67
2008-03-12,0.0,-1.04,43.29,64.38,1.83,-11.81
2008-03-13,1.56,-2.29,64.02,64.34,1.89,-8.93
2008-03-14,0.04,-1.89,63.71,64.26,1.82,-9.34
2008-03-15,0.0,-0.43,44.72,64.15,1.84,-12.18
2008-03-16,0.0,0.17,43.94,64.25,2.07,-11.74
2008-03-17,0.0,-0.16,50.11,64.24,2.08,-10.78
2008-03-18,0.0,-0.84,47.64,64.15,2.17,-11.29
2008-03-19,0.0,-2.96,55.72,64.15,1.64,-10.72
2008-03-20,0.0,-1.58,45.68,64.07,1.64,-12.86
2008-03-21,0.0,-0.99,34.63,64.12,1.92,-15.6
2008-03-22,0.0,-0.76,50.99,64.21,1.92,-9.73
2008-03-23,0.0,-1.08,45.58,64.24,1.95,-13.07
2008-03-24,0.0,-0.02,47.84,64.27,1.74,-10.54
2008-03-25,0.0,0.06,44.84,64.28,1.94,-12.01
2008-03-26,0.0,0.22,43.48,64.29,1.94,-11.59
2008-03-27,0.0,0.03,50.11,64.14,2.09,-10.22
2008-03-28,0.0,-1.18,54.47,64.03,1.79,-10.0
2008-03-29,0.0,-1.65,62.32,64.17,1.26,-8.43
2008-03-30,0.0,-1.11,52.18,64.18,1.95,-10.35
2008-03-31,0.0,-3.18,65.71,64.17,1.6,-9.26
2008-04-01,0.0,-2.31,71.5,64.13,2.05,-7.42
2008-04-02,5.3,-0.77,55.17,64.16,2.08,-10.23
2008-04-03,6.61,-2.54,70.82,64.22,1.27,-7.66
2008-04-04,2.82,-2.84,84.8,64.07,1.54,-5.52
2008-04-05,15.5,-3.1,86.0,64.21,2.12,-5.57
2008-04-06,4.05,-4.66,84.68,64.43,1.48,-7.38
2008-04-07,0.0,-3.96,62.83,64.39,1.92,-10.95
2008-04-08,0.0,-1.41,61.33,64.39,1.78,-8.85
2008-04-09,0.0,-0.4,56.75,64.4,1.83,-9.37
2008-04-10,0.0,2.35,60.02,64.43,1.74,-5.42
2008-04-11,0.19,2.73,71.63,64.3,2.15,-2.4
2008-04-12,0.19,0.94,77.45,64.31,2.61,-3.27
2008-04-13,0.0,0.98,66.71,64.26,2.28,-6.0
2008-04-14,0.06,1.45,59.01,64.25,2.03,-7.41
2008-04-15,0.23,1.38,76.21,64.32,2.61,-2.75
2008-04-16,1.17,0.15,83.62,64.25,4.59,-2.82
2008-04-17,0.0,0.35,59.41,64.28,2.01,-7.85
2008-04-18,0.0,1.47,52.75,64.27,2.24,-8.05
2008-04-19,0.0,1.81,44.31,64.32,2.03,-10.35
2008-04-20,0.0,3.14,40.75,64.37,1.84,-10.11
2008-04-21,0.0,3.98,42.25,64.37,2.04,-8.58
2008-04-22,0.0,4.74,41.92,64.57,2.05,-8.38
2008-04-23,0.0,4.74,42.36,64.69,2.18,-8.16
2008-04-24,0.0,4.94,48.02,64.67,2.14,-6.0
2008-04-25,0.0,4.56,54.0,64.66,2.43,-4.5
2008-04-26,0.0,3.51,47.76,64.53,2.1,-7.05
2008-04-27,0.0,3.65,44.27,64.22,2.01,-8.27
2008-04-28,0.0,3.72,55.34,64.19,1.97,-5.14
2008-04-29,0.0,4.94,51.01,64.33,2.16,-5.26
2008-04-30,0.0,5.29,39.54,64.49,2.08,-8.55
2008-05-01,0.0,5.39,35.24,64.38,2.2,-9.26
2008-05-02,0.0,6.09,37.9,64.15,1.87,-7.93
2008-05-03,0.0,7.58,40.45,64.2,1.8,-5.8
2008-05-04,2.87,7.78,39.43,64.41,2.22,-6.06
2008-05-05,0.42,4.4,56.74,64.38,2.12,-4.25
2008-05-06,0.0,4.8,50.38,64.21,2.09,-6.92
2008-05-07,0.0,5.0,44.41,64.33,2.04,-6.58
2008-05-08,1.0,5.04,48.83,64.38,2.06,-5.25
2008-05-09,0.7,4.78,55.45,64.29,2.13,-4.34
2008-05-10,0.01,3.88,69.62,64.28,1.97,-1.92
2008-05-11,0.0,4.21,66.59,64.29,1.8,-2.33
2008-05-12,0.35,4.54,71.3,64.33,1.98,-0.75
2008-05-13,0.72,5.81,68.71,64.43,1.98,-0.25
2008-05-14,0.01,6.51,57.87,64.38,2.01,-2.2
2008-05-15,0.0,6.87,60.21,64.39,1.96,-1.08
2008-05-16,1.61,6.82,64.83,64.38,1.93,-0.37
2008-05-17,1.32,7.03,57.85,64.22,2.2,-1.51
2008-05-18,4.0,5.15,66.26,64.06,1.96,-1.37
2008-05-19,5.5,5.04,77.09,64.18,1.79,0.73
2008-05-20,6.39,5.51,74.52,64.09,1.31,0.58
2008-05-21,6.81,7.95,61.89,64.04,1.79,-0.96
2008-05-22,0.72,7.3,71.75,64.2,2.11,1.33
2008-05-23,4.85,5.96,85.34,64.26,1.98,3.21
2008-05-24,0.68,6.23,78.6,64.28,2.05,2.12
2008-05-25,3.21,5.98,72.36,64.26,2.02,0.43
2008-05-26,0.05,6.38,62.5,64.36,2.0,-2.29
2008-05-27,0.02,6.02,53.3,64.35,2.13,-3.97
2008-05-28,0.0,5.16,53.75,64.24,2.17,-4.18
2008-05-29,0.0,5.1,57.64,64.26,1.8,-3.63
2008-05-30,0.03,6.4,55.46,64.32,1.98,-2.54
2008-05-31,7.41,6.4,70.53,64.3,2.01,1.04
2008-06-01,0.65,7.45,74.72,64.33,1.37,2.67
2008-06-02,1.24,6.94,76.75,64.43,1.7,2.55
2008-06-03,0.11,8.1,76.67,64.53,2.01,3.53
2008-06-04,2.32,8.58,75.83,64.48,2.1,3.83
2008-06-05,1.01,9.6,76.0,64.23,1.57,4.6
2008-06-06,0.05,10.32,65.78,64.13,2.01,2.17
2008-06-07,3.85,10.71,77.22,64.22,2.02,6.03
2008-06-08,10.09,10.23,82.52,64.26,1.68,6.74
2008-06-09,2.94,10.07,84.54,64.37,2.07,7.24
2008-06-10,0.76,10.53,82.76,64.4,1.74,7.33
2008-06-11,0.31,11.5,83.48,64.38,2.3,8.44
2008-06-12,19.64,11.9,85.61,64.27,2.02,9.15
2008-06-13,8.34,11.92,87.18,64.1,2.13,9.55
2008-06-14,14.19,12.41,84.24,63.91,1.09,9.23
2008-06-15,27.8,9.42,92.95,64.01,1.27,8.07
2008-06-16,3.3,11.31,81.76,63.97,1.8,7.94
2008-06-17,0.7,10.12,89.1,63.95,2.07,8.29
2008-06-18,9.24,11.26,81.93,64.02,2.2,7.82
2008-06-19,2.32,11.19,88.21,64.08,2.63,8.9
2008-06-20,2.08,11.18,82.45,64.23,2.19,7.72
2008-06-21,0.78,10.53,75.81,64.23,1.98,5.58
2008-06-22,0.01,9.56,75.94,64.21,2.02,4.92
2008-06-23,4.89,10.33,80.23,64.21,2.03,6.48
2008-06-24,5.13,10.57,83.56,64.2,2.09,7.41
2008-06-25,1.53,12.5,77.58,64.36,1.77,7.67
2008-06-26,27.04,12.81,81.01,64.44,1.67,8.95
2008-06-27,2.26,9.53,86.88,64.29,1.3,7.08
2008-06-28,6.78,9.88,87.46,64.14,2.25,7.59
2008-06-29,2.61,8.68,85.89,64.17,2.03,6.12
2008-06-30,0.83,9.32,81.96,64.17,1.88,5.98
2008-07-01,3.82,9.89,80.47,64.24,1.94,6.12
2008-07-02,9.54,11.01,78.12,64.27,1.84,6.44
2008-07-03,9.37,12.39,80.06,64.21,1.77,8.16
2008-07-04,4.73,12.99,82.66,64.16,1.78,9.46
2008-07-05,2.16,10.98,90.01,64.2,1.76,9.18
2008-07-06,4.84,9.35,90.29,64.26,1.16,7.52
2008-07-07,0.67,9.69,89.77,64.2,1.76,7.84
2008-07-08,0.61,9.96,87.24,64.18,2.01,7.64
2008-07-09,1.09,10.48,84.62,64.33,2.21,7.67
2008-07-10,6.05,10.64,83.55,64.41,2.02,7.58
2008-07-11,3.18,10.09,86.1,64.21,1.94,7.47
2008-07-12,5.71,10.18,86.86,64.02,2.19,7.67
2008-07-13,7.95,9.93,83.61,64.12,2.08,6.95
2008-07-14,2.23,10.34,81.83,64.24,1.87,6.89
2008-07-15,3.68,11.21,83.72,64.17,1.92,8.15
2008-07-16,6.67,11.45,87.5,64.1,1.78,9.23
2008-07-17,14.85,12.8,83.77,64.1,1.77,9.5
2008-07-18,15.3,12.0,88.16,64.14,2.34,9.85
2008-07-19,2.1,11.06,88.04,64.2,2.22,8.84
2008-07-20,5.67,10.78,83.69,64.27,1.85,7.68
2008-07-21,3.7,10.92,86.04,64.28,1.89,8.34
2008-07-22,1.36,11.0,82.24,64.17,1.82,7.57
2008-07-23,0.25,10.98,80.91,64.19,1.81,7.24
2008-07-24,0.19,11.5,82.77,64.16,1.85,8.13
2008-07-25,0.48,11.26,81.76,64.13,1.78,7.67
2008-07-26,0.1,11.08,83.3,64.17,2.05,7.95
2008-07-27,2.53,10.49,84.74,64.28,1.68,7.68
2008-07-28,2.6,11.65,87.23,64.33,2.4,9.3
2008-07-29,14.94,12.13,85.73,64.3,1.9,9.43
2008-07-30,27.91,12.57,87.12,64.24,1.69,10.15
2008-07-31,11.76,12.49,81.44,64.3,1.76,8.48
2008-08-01,0.42,12.14,82.19,64.41,1.86,8.53
2008-08-02,12.61,11.32,88.53,64.43,2.09,9.16
2008-08-03,2.98,11.04,87.67,64.36,2.2,8.7
2008-08-04,8.74,9.23,90.22,64.37,1.19,7.42
2008-08-05,6.6,10.03,88.7,64.38,1.96,7.98
2008-08-06,1.44,10.34,85.61,64.18,1.56,7.7
2008-08-07,4.62,11.11,85.81,64.0,1.4,8.44
2008-08-08,9.83,10.17,88.53,64.07,0.71,8.02
2008-08-09,5.67,10.38,86.81,64.17,1.54,8.02
2008-08-10,21.82,10.18,86.48,64.15,1.79,7.81
2008-08-11,14.12,9.41,87.63,64.11,2.02,7.23
2008-08-12,6.6,9.41,86.61,64.18,1.76,7.0
2008-08-13,7.32,8.9,89.97,64.23,1.69,7.09
2008-08-14,8.87,8.87,87.09,64.19,1.3,6.63
2008-08-15,5.56,9.11,88.65,64.12,1.81,7.06
2008-08-16,16.89,9.23,90.82,64.18,2.24,7.52
2008-08-17,7.51,9.19,89.38,64.28,1.7,7.3
2008-08-18,4.77,9.73,85.11,64.3,1.62,6.85
2008-08-19,2.44,9.57,81.2,64.37,1.56,5.92
2008-08-20,1.37,10.25,84.24,64.47,1.64,7.16
2008-08-21,1.54,10.18,91.67,64.45,2.21,8.66
2008-08-22,1.01,9.99,90.54,64.45,2.22,8.26
2008-08-23,0.14,8.9,88.71,64.51,1.31,6.91
2008-08-24,0.0,10.47,84.13,64.59,1.51,7.55
2008-08-25,4.09,10.96,87.01,64.62,1.47,8.5
2008-08-26,12.77,10.41,85.94,64.58,1.62,7.73
2008-08-27,2.71,9.3,78.55,64.43,1.73,4.91
2008-08-28,0.7,8.42,76.97,64.27,1.67,3.96
2008-08-29,1.66,7.68,83.81,64.22,1.73,4.76
2008-08-30,1.14,6.39,86.36,64.29,1.68,4.03
2008-08-31,1.05,6.49,81.7,64.48,1.78,3.21
2008-09-01,2.78,6.74,80.67,64.5,1.62,3.23
2008-09-02,1.85,7.82,81.03,64.5,1.51,4.26
2008-09-03,4.21,8.12,85.54,64.4,1.62,5.39
2008-09-04,6.61,8.03,88.61,64.35,1.75,5.87
2008-09-05,2.18,7.07,82.77,64.33,1.66,3.84
2008-09-06,6.48,4.47,77.67,64.39,1.54,0.43
2008-09-07,4.04,4.79,65.47,64.51,1.43,-1.59
2008-09-08,0.16,5.54,71.24,64.54,1.51,0.3
2008-09-09,0.0,5.75,66.23,64.57,1.61,-0.92
2008-09-10,0.0,6.24,58.22,64.59,1.53,-2.29
2008-09-11,5.91,6.72,63.62,64.58,1.52,-1.17
2008-09-12,0.27,7.83,73.86,64.53,1.53,2.67
2008-09-13,1.94,8.14,83.33,64.5,1.41,5.01
2008-09-14,0.26,8.02,80.09,64.52,1.52,4.0
2008-09-15,0.03,6.85,70.73,64.46,1.58,0.64
2008-09-16,0.01,7.76,78.39,64.36,1.68,3.66
2008-09-17,6.38,7.6,75.34,64.46,1.63,2.6
2008-09-18,2.73,5.6,84.4,64.43,1.45,2.95
2008-09-19,19.21,5.31,88.09,64.33,1.02,3.3
2008-09-20,11.03,5.39,92.38,64.28,1.66,4.06
2008-09-21,2.23,4.58,74.73,64.36,1.58,-0.34
2008-09-22,0.32,4.38,78.97,64.34,1.57,0.46
2008-09-23,0.99,4.26,79.58,64.41,1.46,0.23
2008-09-24,0.0,3.85,75.63,64.38,1.67,-1.04
2008-09-25,0.0,4.33,69.98,64.35,1.58,-1.61
2008-09-26,0.0,4.83,64.9,64.26,1.56,-2.05
2008-09-27,0.0,5.38,62.37,64.32,1.62,-2.05
2008-09-28,0.0,5.45,65.49,64.37,1.65,-1.3
2008-09-29,0.0,6.01,64.26,64.48,1.54,-1.27
2008-09-30,0.47,6.81,67.94,64.61,1.53,-0.19
2008-10-01,0.03,6.86,66.97,64.64,1.58,-0.07
2008-10-02,0.09,6.62,62.42,64.64,1.61,-1.54
2008-10-03,1.47,7.2,69.94,64.73,1.58,0.91
2008-10-04,3.62,7.54,66.79,64.65,1.45,-0.02
2008-10-05,2.44,6.92,78.09,64.6,1.58,2.49
2008-10-06,0.28,4.96,72.58,64.52,1.53,-0.52
2008-10-07,0.01,3.92,69.54,64.5,1.52,-1.8
2008-10-08,0.0,2.45,67.97,64.41,1.5,-3.57
2008-10-09,0.14,2.08,63.22,64.56,1.51,-4.59
2008-10-10,0.0,2.92,57.86,64.7,1.65,-5.49
2008-10-11,0.0,4.05,54.76,64.81,1.58,-5.28
2008-10-12,0.0,3.87,57.94,64.77,1.65,-4.66
2008-10-13,0.0,4.09,63.57,64.61,1.34,-3.71
2008-10-14,2.34,2.32,71.14,64.68,1.46,-3.23
2008-10-15,1.35,0.75,69.74,64.75,1.42,-4.6
2008-10-16,0.27,0.85,66.54,64.68,1.38,-5.35
2008-10-17,0.0,0.21,57.54,64.54,1.54,-8.24
2008-10-18,0.0,1.69,57.73,64.6,1.42,-6.63
2008-10-19,0.0,1.85,53.48,64.65,1.5,-7.41
2008-10-20,0.0,1.09,54.12,64.51,1.51,-7.55
2008-10-21,0.0,0.87,61.23,64.52,1.43,-6.55
2008-10-22,0.0,-0.3,63.37,64.46,1.51,-7.27
2008-10-23,0.0,0.48,63.06,64.44,1.43,-6.47
2008-10-24,0.0,1.01,55.27,64.44,1.51,-8.04
2008-10-25,0.0,0.28,62.97,64.4,1.28,-6.52
2008-10-26,0.0,-0.2,67.39,64.29,1.38,-6.66
2008-10-27,0.0,1.48,35.6,64.25,1.33,-13.05
2008-10-28,0.0,2.83,38.46,64.47,1.44,-10.54
2008-10-29,0.0,0.98,49.73,64.51,1.44,-9.08
2008-10-30,0.0,0.02,54.85,64.54,1.61,-8.56
2008-10-31,0.0,0.64,50.7,64.54,1.59,-10.02
2008-11-01,0.0,2.91,34.17,64.61,1.54,-11.79
2008-11-02,0.0,2.22,33.54,64.56,1.53,-12.69
2008-11-03,0.0,0.65,36.53,64.53,1.52,-12.94
2008-11-04,0.0,-0.77,39.3,64.33,1.59,-13.29
2008-11-05,0.0,1.06,31.52,64.4,1.6,-14.28
2008-11-06,0.0,3.23,37.57,64.55,1.5,-10.2
2008-11-07,0.0,4.75,37.21,64.74,1.4,-8.97
2008-11-08,0.0,5.09,34.57,64.81,1.5,-9.7
2008-11-09,0.0,3.95,30.37,64.83,1.46,-12.16
2008-11-10,0.0,3.27,25.25,64.81,1.38,-14.7
2008-11-11,0.0,1.86,30.28,64.64,1.4,-13.69
2008-11-12,0.0,-0.44,37.12,64.41,1.57,-13.65
2008-11-13,0.0,-2.26,56.1,64.29,1.48,-10.85
2008-11-14,0.0,-4.12,62.51,64.31,1.65,-11.34
2008-11-15,0.0,-2.81,30.66,64.37,1.49,-18.13
2008-11-16,0.0,-1.82,27.95,64.42,1.31,-17.44
2008-11-17,0.0,-1.47,27.57,64.37,1.39,-17.19
2008-11-18,0.0,-1.97,31.43,64.4,1.48,-16.85
2008-11-19,1.17,-3.24,53.17,64.38,1.76,-12.41
2008-11-20,3.7,-6.87,88.7,64.2,2.36,-9.16
2008-11-21,0.01,-6.58,50.72,64.24,1.33,-16.08
2008-11-22,0.0,-3.52,38.03,64.49,1.47,-15.66
2008-11-23,0.0,-3.1,53.53,64.54,1.41,-11.49
2008-11-24,0.0,-2.85,46.9,64.42,1.44,-13.67
2008-11-25,0.0,-2.14,39.22,64.54,1.3,-14.09
2008-11-26,0.0,-2.33,39.71,64.66,1.36,-14.32
2008-11-27,0.0,-2.05,32.04,64.74,1.38,-16.44
2008-11-28,0.0,-0.73,33.45,64.87,1.49,-14.76
2008-11-29,0.0,0.19,32.57,64.95,1.62,-14.67
2008-11-30,0.0,0.28,28.82,64.86,1.45,-15.42
2008-12-01,0.0,-0.33,33.73,64.69,1.39,-14.22
2008-12-02,0.0,-1.27,34.75,64.45,1.44,-14.82
2008-12-03,0.0,-0.98,31.93,64.41,1.45,-15.78
2008-12-04,0.0,-0.67,29.92,64.52,1.35,-15.81
2008-12-05,0.0,-1.41,27.28,64.77,1.38,-17.74
2008-12-06,0.0,-0.83,26.78,64.74,1.36,-17.13
2008-12-07,0.0,-0.29,38.74,64.67,1.32,-13.26
2008-12-08,0.0,0.75,74.15,64.76,1.22,-4.1
2008-12-09,0.13,-1.21,82.18,64.64,1.54,-4.42
2008-12-10,0.01,-3.65,63.2,64.41,1.63,-10.44
2008-12-11,0.0,-5.24,78.02,64.3,1.77,-9.32
2008-12-12,0.0,-5.21,46.94,64.28,1.4,-17.02
2008-12-13,0.0,-4.47,33.02,64.44,1.44,-18.53
2008-12-14,0.0,-4.57,32.97,64.49,1.35,-18.42
2008-12-15,0.0,-4.19,35.49,64.49,1.35,-16.85
2008-12-16,0.0,-4.46,56.25,64.54,1.03,-12.0
2008-12-17,0.0,-4.1,62.15,64.7,1.3,-10.77
2008-12-18,0.0,-1.9,44.98,64.84,1.35,-12.21
2008-12-19,0.05,-2.5,81.18,64.68,0.98,-5.55
2008-12-20,0.16,-3.1,93.82,64.53,1.8,-4.17
2008-12-21,0.01,-3.95,80.01,64.38,1.42,-7.56
2008-12-22,0.0,-5.0,38.98,64.38,1.4,-18.65
2008-12-23,0.0,-3.39,27.07,64.32,1.13,-19.2
2008-12-24,0.0,-4.75,39.12,64.1,1.3,-16.23
2008-12-25,0.0,-4.95,39.59,64.13,1.49,-16.68
2008-12-26,0.0,-5.82,42.21,64.01,1.53,-17.06
2008-12-27,0.0,-6.07,33.38,64.01,1.44,-19.42
2008-12-28,0.0,-5.82,33.8,64.02,1.26,-18.67
2008-12-29,0.0,-5.47,39.58,64.1,1.21,-16.84
2008-12-30,0.0,-6.72,62.44,64.1,1.75,-13.27
2008-12-31,0.0,-8.06,53.36,63.95,1.26,-17.21
2009-01-01,0.0,-7.59,31.4,63.93,1.36,-21.24
2009-01-02,0.0,-5.47,35.33,64.17,1.25,-17.96
2009-01-03,0.41,-5.06,61.9,64.22,1.18,-11.65
2009-01-04,1.08,-6.86,88.7,63.87,2.43,-9.13
2009-01-05,0.08,-9.32,78.47,63.72,1.46,-13.44
2009-01-06,0.0,-9.3,66.76,63.84,1.61,-15.43
2009-01-07,0.0,-9.21,78.15,64.03,1.58,-13.0
2009-01-08,0.0,-8.47,77.1,64.24,1.43,-12.43
2009-01-09,0.0,-7.79,69.07,64.35,1.65,-13.35
2009-01-10,0.0,-7.38,71.95,64.31,1.64,-12.29
2009-01-11,0.0,-7.41,47.49,64.3,1.29,-17.72
2009-01-12,0.0,-5.46,33.81,64.49,1.31,-18.65
2009-01-13,0.0,-4.87,31.52,64.67,1.56,-18.74
2009-01-14,0.0,-4.96,41.95,64.74,1.19,-15.5
2009-01-15,0.04,-2.88,38.16,64.75,1.28,-14.82
2009-01-16,1.31,-3.35,65.23,64.81,0.71,-9.35
2009-01-17,0.46,-4.55,82.83,64.6,0.73,-7.55
2009-01-18,1.6,-4.67,91.63,64.3,3.77,-5.98
2009-01-19,0.08,-4.9,56.27,64.34,1.51,-13.85
2009-01-20,0.0,-3.74,28.04,64.45,1.09,-19.44
2009-01-21,0.0,-0.67,32.9,64.63,1.37,-14.82
2009-01-22,0.0,-2.29,70.95,64.63,1.18,-7.24
2009-01-23,0.0,-2.49,76.23,64.63,0.67,-6.78
2009-01-24,0.02,-2.95,89.69,64.58,0.89,-4.85
2009-01-25,0.01,-3.19,82.31,64.37,2.36,-6.36
2009-01-26,0.0,-3.26,79.4,64.18,1.94,-7.06
2009-01-27,0.0,-5.92,84.48,64.05,2.69,-8.58
2009-01-28,0.0,-4.84,34.31,64.22,1.92,-19.38
2009-01-29,0.0,-3.68,30.15,64.31,2.09,-18.68
2009-01-30,0.0,-4.44,45.11,64.16,2.08,-15.26
2009-01-31,0.0,-5.4,43.96,63.99,1.3,-17.2
2009-02-01,0.0,-4.15,37.5,64.12,1.36,-16.27
2009-02-02,0.0,-4.53,38.4,64.24,1.48,-17.29
2009-02-03,0.0,-4.71,57.93,64.24,1.82,-12.19
2009-02-04,0.0,-5.45,52.73,64.27,2.14,-15.12
2009-02-05,0.0,-5.77,68.58,64.25,2.25,-11.85
2009-02-06,0.0,-5.95,77.73,64.25,2.45,-10.09
2009-02-07,0.0,-4.51,42.1,64.32,1.65,-17.09
2009-02-08,0.0,-3.42,26.49,64.49,1.61,-19.51
2009-02-09,0.0,-3.63,45.56,64.55,1.41,-14.08
2009-02-10,8.87,-4.24,72.03,64.16,2.32,-9.63
2009-02-11,7.01,-8.18,80.6,63.88,1.67,-11.65
2009-02-12,0.03,-6.45,60.47,64.1,1.47,-13.3
2009-02-13,0.22,-3.03,72.31,64.11,1.9,-7.89
2009-02-14,0.2,-5.54,85.68,64.08,2.3,-8.18
2009-02-15,0.0,-6.7,60.97,64.07,1.77,-14.38
2009-02-16,0.0,-5.24,48.85,64.23,1.74,-15.59
2009-02-17,0.0,-4.51,46.15,64.27,1.9,-14.54
2009-02-18,0.0,-6.07,46.04,64.19,1.69,-16.72
2009-02-19,0.0,-4.39,40.9,64.16,1.66,-16.33
2009-02-20,0.02,-4.94,69.26,64.35,2.46,-10.14
2009-02-21,0.0,-5.35,46.44,64.26,1.55,-14.83
2009-02-22,0.01,-4.17,55.37,63.94,1.71,-12.69
2009-02-23,0.05,-4.31,82.39,63.95,2.3,-7.6
2009-02-24,0.0,-4.64,82.81,63.87,3.07,-7.66
2009-02-25,0.0,-4.23,60.69,63.79,2.42,-11.95
2009-02-26,0.0,-5.9,61.3,63.79,1.89,-12.75
2009-02-27,0.0,-6.82,48.64,63.84,1.92,-17.2
2009-02-28,0.0,-6.79,44.56,63.69,2.11,-17.89
2009-03-01,0.0,-2.62,41.04,64.05,1.95,-14.83
2009-03-02,0.0,0.32,45.99,64.35,1.77,-10.51
2009-03-03,0.0,-1.06,55.43,64.38,2.35,-10.0
2009-03-04,0.0,-2.54,70.25,64.25,2.0,-7.95
2009-03-05,0.0,-3.14,48.69,64.11,2.2,-14.27
2009-03-06,0.0,-2.54,34.58,64.18,2.27,-17.08
2009-03-07,0.0,-3.63,51.46,64.17,2.27,-12.2
2009-03-08,0.0,-4.26,57.27,64.08,2.32,-12.4
2009-03-09,0.0,-4.48,59.18,64.23,2.5,-11.92
2009-03-10,0.0,-5.34,54.01,64.24,2.31,-13.49
2009-03-11,0.0,-3.73,28.74,64.27,1.96,-19.9
2009-03-12,0.0,0.08,23.57,64.47,1.79,-18.53
2009-03-13,0.0,0.35,30.92,64.68,1.94,-14.96
2009-03-14,0.0,-2.18,40.62,64.62,1.85,-15.02
2009-03-15,0.0,-2.46,40.79,64.32,1.73,-14.81
2009-03-16,0.0,-1.46,46.76,64.3,1.96,-11.91
2009-03-17,0.25,-2.06,58.14,64.34,2.05,-10.26
2009-03-18,0.1,-1.24,52.5,64.3,1.76,-10.73
2009-03-19,0.0,-1.48,65.18,64.26,2.18,-8.24
2009-03-20,0.37,-2.29,79.91,64.23,2.0,-5.96
2009-03-21,0.07,-2.26,68.84,64.15,1.95,-8.01
2009-03-22,0.0,-1.9,54.67,64.23,1.9,-11.06
2009-03-23,0.0,-0.48,54.62,64.42,1.72,-9.12
2009-03-24,0.22,-0.82,64.72,64.41,2.23,-7.73
2009-03-25,2.08,-2.1,81.35,64.2,2.28,-5.58
2009-03-26,0.04,-2.74,66.16,63.96,1.71,-9.09
2009-03-27,5.08,-2.31,69.29,64.1,2.14,-8.28
2009-03-28,0.53,-0.35,69.19,64.25,1.79,-6.57
2009-03-29,0.44,-2.47,84.71,64.13,2.11,-5.07
2009-03-30,0.0,-2.3,68.38,64.11,2.28,-8.68
2009-03-31,0.0,0.15,53.59,64.03,1.85,-9.9
2009-04-01,0.0,1.99,45.62,64.25,2.08,-9.85
2009-04-02,2.33,2.23,65.61,64.43,2.21,-4.38
2009-04-03,0.89,0.38,72.71,64.42,2.19,-4.66
2009-04-04,0.0,2.37,40.88,64.46,1.86,-12.2
2009-04-05,0.21,3.74,39.13,64.51,2.24,-10.38
2009-04-06,1.88,-0.12,67.89,64.3,2.08,-5.95
2009-04-07,0.8,-1.36,67.05,64.16,2.26,-7.72
2009-04-08,6.94,-1.86,70.79,64.09,2.82,-6.99
2009-04-09,4.24,-3.56,78.71,64.08,2.08,-7.36
2009-04-10,0.0,-0.78,47.21,64.27,2.01,-12.13
2009-04-11,0.0,2.86,41.38,64.45,2.01,-10.06
2009-04-12,0.0,2.61,55.14,64.5,2.1,-6.13
2009-04-13,0.0,2.93,55.46,64.36,2.13,-6.73
2009-04-14,0.0,3.72,54.06,64.4,2.24,-5.92
2009-04-15,0.2,2.87,61.77,64.5,2.44,-4.64
2009-04-16,0.02,2.0,70.68,64.35,2.61,-3.54
2009-04-17,0.0,3.72,48.41,64.21,2.01,-8.06
2009-04-18,0.0,5.02,45.47,64.31,2.02,-7.04
2009-04-19,0.0,6.11,45.02,64.4,2.08,-6.69
2009-04-20,0.0,5.54,48.18,64.39,2.99,-5.51
2009-04-21,0.0,2.96,60.43,64.14,3.63,-4.16
2009-04-22,0.0,1.79,59.44,64.17,3.2,-6.0
2009-04-23,0.0,1.86,41.18,64.37,2.23,-11.19
2009-04-24,0.0,2.16,33.98,64.44,2.18,-13.49
2009-04-25,0.0,2.46,31.21,64.55,2.15,-13.63
2009-04-26,0.0,3.79,32.39,64.54,2.08,-12.04
2009-04-27,0.0,6.15,41.11,64.61,2.24,-6.7
2009-04-28,0.0,7.04,47.19,64.66,2.22,-4.76
2009-04-29,0.0,6.32,50.16,64.73,2.26,-4.4
2009-04-30,0.0,7.15,36.75,64.65,2.15,-7.81
2009-05-01,0.0,7.25,33.47,64.7,1.84,-8.58
2009-05-02,0.0,6.36,44.04,64.71,1.79,-5.83
2009-05-03,0.1,4.08,65.79,64.63,2.24,-2.22
2009-05-04,1.01,4.59,60.76,64.5,2.14,-3.7
2009-05-05,0.48,3.16,69.43,64.51,2.63,-2.72
2009-05-06,0.0,3.04,62.88,64.49,2.37,-4.57
2009-05-07,0.0,3.31,52.9,64.32,2.09,-6.35
2009-05-08,0.0,3.89,46.21,64.29,2.39,-7.37
2009-05-09,0.0,4.22,46.8,64.2,2.22,-6.84
2009-05-10,3.12,3.37,57.95,64.13,3.25,-4.48
2009-05-11,0.99,2.7,56.8,64.12,2.65,-5.88
2009-05-12,0.0,3.01,62.49,64.12,2.29,-4.33
2009-05-13,0.0,5.71,46.24,64.17,2.2,-6.78
2009-05-14,0.0,6.62,52.12,64.23,2.38,-3.66
2009-05-15,0.14,6.08,54.13,64.4,2.42,-3.6
2009-05-16,2.35,6.89,49.46,64.51,2.36,-5.04
2009-05-17,0.0,7.68,46.84,64.63,2.23,-4.4
2009-05-18,0.0,9.51,34.83,64.64,2.05,-6.76
2009-05-19,5.15,8.71,45.64,64.71,2.15,-3.79
2009-05-20,2.06,7.66,64.35,64.57,2.26,0.48
2009-05-21,0.0,7.55,65.55,64.55,2.21,0.15
2009-05-22,0.0,7.15,53.55,64.5,2.14,-3.1
2009-05-23,0.14,6.75,47.37,64.4,2.28,-4.6
2009-05-24,4.62,5.91,49.71,64.23,2.02,-4.79
2009-05-25,0.1,4.6,58.37,64.08,2.12,-3.65
2009-05-26,0.0,5.86,57.75,63.86,1.57,-3.07
2009-05-27,0.25,6.09,58.72,64.25,2.24,-2.29
2009-05-28,7.56,5.15,63.86,64.28,1.62,-1.65
2009-05-29,0.2,6.06,56.28,64.35,1.81,-2.4
2009-05-30,1.62,4.93,58.87,64.22,1.53,-2.96
2009-05-31,10.51,6.3,52.75,64.18,1.96,-3.84
2009-06-01,5.05,6.05,57.97,64.18,1.99,-2.47
2009-06-02,0.04,8.44,56.25,64.21,2.23,-1.2
2009-06-03,0.0,9.59,53.61,64.35,2.27,-1.28
2009-06-04,0.0,9.96,46.87,64.3,2.19,-2.88
2009-06-05,0.21,8.62,52.79,64.28,2.2,-1.72
2009-06-06,0.16,6.62,66.71,64.13,2.54,0.17
2009-06-07,0.0,6.13,46.1,64.06,2.14,-6.02
2009-06-08,0.0,6.32,36.38,64.11,2.29,-8.56
2009-06-09,0.0,6.32,39.54,64.27,2.09,-7.63
2009-06-10,0.0,6.98,45.52,64.42,2.29,-4.66
2009-06-11,0.02,7.12,43.26,64.43,2.21,-5.67
2009-06-12,0.0,7.13,52.77,64.4,2.15,-2.64
2009-06-13,0.0,6.81,50.72,64.51,2.09,-4.13
2009-06-14,0.0,6.85,55.15,64.52,2.02,-2.64
2009-06-15,0.78,6.48,64.57,64.34,2.4,-0.93
2009-06-16,0.03,5.74,63.71,64.3,2.4,-1.91
2009-06-17,0.0,6.5,59.6,64.31,2.28,-2.06
2009-06-18,0.0,7.77,55.64,64.32,2.16,-2.02
2009-06-19,0.0,8.36,53.69,64.35,2.09,-2.08
2009-06-20,0.0,9.02,49.22,64.36,2.16,-2.56
2009-06-21,0.0,9.34,40.59,64.34,2.06,-4.9
2009-06-22,0.0,9.83,35.15,64.36,1.99,-6.47
2009-06-23,0.0,10.33,33.93,64.38,2.0,-6.24
2009-06-24,0.0,11.58,30.72,64.48,2.09,-6.64
2009-06-25,0.0,12.38,34.8,64.53,1.97,-3.62
2009-06-26,0.0,12.53,42.68,64.45,2.05,-0.77
2009-06-27,0.0,12.98,46.78,64.38,2.11,0.87
2009-06-28,10.56,12.39,57.92,64.4,2.26,3.31
2009-06-29,8.32,11.61,62.93,64.33,2.01,3.4
2009-06-30,5.03,10.52,64.36,64.28,2.18,2.78
2009-07-01,2.02,9.23,59.69,64.22,2.14,-0.42
2009-07-02,0.1,8.83,68.53,64.1,2.37,2.21
2009-07-03,0.0,7.4,62.11,64.13,1.98,-1.02
2009-07-04,0.0,7.85,61.99,64.21,2.11,-0.97
2009-07-05,0.0,8.84,51.59,64.27,2.03,-2.69
2009-07-06,0.0,9.7,50.9,64.31,2.0,-1.61
2009-07-07,7.69,10.33,57.49,64.3,2.1,0.91
2009-07-08,2.52,10.78,66.19,64.34,2.1,3.45
2009-07-09,1.25,11.26,71.12,64.4,2.3,4.91
2009-07-10,1.33,11.35,76.57,64.45,2.13,6.62
2009-07-11,0.29,12.07,77.69,64.42,2.09,7.57
2009-07-12,1.64,12.6,75.57,64.25,2.41,7.5
2009-07-13,2.45,11.6,69.03,64.2,2.24,4.5
2009-07-14,0.19,10.5,69.08,64.23,1.98,4.18
2009-07-15,1.65,10.65,70.97,64.33,2.0,4.75
2009-07-16,3.91,11.83,71.27,64.38,2.12,5.94
2009-07-17,0.69,12.63,71.23,64.3,2.28,6.25
2009-07-18,7.36,12.99,78.21,64.37,2.43,8.43
2009-07-19,0.33,13.35,71.92,64.32,2.28,7.24
2009-07-20,0.4,13.3,75.12,64.24,2.27,7.9
2009-07-21,10.03,11.56,79.14,64.43,1.85,7.44
2009-07-22,2.29,11.78,80.04,64.35,2.38,7.89
2009-07-23,3.3,11.67,77.2,64.41,2.29,7.05
2009-07-24,8.51,11.52,77.94,64.45,2.02,7.29
2009-07-25,2.92,12.73,78.61,64.36,2.07,8.4
2009-07-26,10.34,13.3,79.34,64.15,2.11,9.09
2009-07-27,21.23,12.01,86.07,63.98,1.93,9.29
2009-07-28,4.5,10.87,88.12,63.97,2.25,8.66
2009-07-29,7.88,10.66,86.03,64.11,2.5,8.02
2009-07-30,2.53,10.94,75.13,64.2,2.0,5.81
2009-07-31,1.33,11.13,82.84,64.21,1.93,7.76
2009-08-01,0.73,11.6,80.14,64.24,1.92,7.64
2009-08-02,0.18,12.35,81.88,64.3,2.12,8.75
2009-08-03,2.57,13.04,82.57,64.26,2.08,9.61
2009-08-04,1.15,13.48,80.61,64.21,2.04,9.48
2009-08-05,0.18,13.15,78.48,64.19,1.98,8.56
2009-08-06,13.5,12.84,80.74,64.19,1.95,8.91
2009-08-07,17.05,12.16,84.01,64.24,1.84,9.04
2009-08-08,4.77,11.62,76.26,64.25,1.84,6.66
2009-08-09,1.17,11.92,78.73,64.2,1.89,7.69
2009-08-10,5.51,12.27,84.9,64.27,2.05,9.34
2009-08-11,0.24,12.29,83.66,64.51,2.01,9.14
2009-08-12,0.06,13.45,81.76,64.49,1.92,9.76
2009-08-13,3.56,13.91,78.72,64.42,1.76,9.12
2009-08-14,6.26,12.86,82.64,64.4,2.06,9.27
2009-08-15,2.22,10.63,87.53,64.46,1.76,8.42
2009-08-16,0.62,10.16,84.92,64.42,1.93,7.41
2009-08-17,1.22,10.44,84.25,64.47,2.3,7.43
2009-08-18,5.95,10.4,82.75,64.45,2.28,7.01
2009-08-19,0.16,7.85,67.98,64.49,1.79,1.68
2009-08-20,0.02,7.93,66.06,64.4,1.79,0.77
2009-08-21,0.36,8.67,70.32,64.34,1.81,2.47
2009-08-22,0.02,9.22,69.01,64.26,1.79,2.38
2009-08-23,0.0,9.26,75.16,64.33,1.84,4.2
2009-08-24,3.94,9.73,72.09,64.45,1.81,3.62
2009-08-25,3.86,10.03,78.86,64.49,1.83,5.69
2009-08-26,1.1,9.8,78.06,64.49,2.05,5.47
2009-08-27,2.4,10.25,81.0,64.44,1.81,6.4
2009-08-28,4.6,10.88,84.67,64.59,1.91,7.95
2009-08-29,3.13,10.84,86.49,64.58,1.6,8.19
2009-08-30,6.5,9.7,84.87,64.67,1.61,6.95
2009-08-31,10.12,8.62,84.71,64.72,1.26,5.84
2009-09-01,2.11,9.4,81.97,64.61,1.73,5.99
2009-09-02,0.14,8.84,72.54,64.44,1.63,3.09
2009-09-03,2.42,7.78,74.19,64.4,1.8,2.54
2009-09-04,6.77,5.93,62.98,64.33,1.7,-1.3
2009-09-05,0.64,5.01,59.97,64.19,1.79,-3.31
2009-09-06,0.02,5.63,57.34,64.17,1.77,-3.1
2009-09-07,0.01,6.34,48.82,64.31,1.6,-5.03
2009-09-08,9.07,6.31,68.55,64.49,1.78,-0.04
2009-09-09,13.98,6.42,85.66,64.54,1.67,3.94
2009-09-10,20.66,6.82,86.53,64.4,1.36,4.5
2009-09-11,10.87,7.5,85.06,64.45,1.59,4.85
2009-09-12,1.65,6.14,85.88,64.59,1.43,3.68
2009-09-13,0.0,6.78,76.52,64.63,1.8,2.08
2009-09-14,0.0,6.06,70.53,64.57,1.69,-0.32
2009-09-15,0.0,6.1,76.13,64.39,1.67,1.4
2009-09-16,0.0,6.15,68.08,64.45,1.69,-0.13
2009-09-17,0.0,6.29,59.13,64.57,1.73,-2.1
2009-09-18,0.0,6.77,62.01,64.66,1.77,-1.07
2009-09-19,0.0,8.38,56.7,64.63,1.59,-1.3
2009-09-20,1.05,8.97,57.1,64.62,1.67,-0.7
2009-09-21,2.45,8.23,69.7,64.62,1.62,2.06
2009-09-22,2.05,7.7,75.0,64.52,1.62,2.55
2009-09-23,0.0,8.08,60.31,64.47,1.71,-0.25
2009-09-24,0.12,8.17,51.69,64.53,1.75,-2.5
2009-09-25,9.2,9.0,47.67,64.54,1.46,-3.36
2009-09-26,4.8,8.95,56.64,64.7,1.56,-0.75
2009-09-27,0.0,7.71,64.18,64.69,1.6,-0.18
2009-09-28,0.0,7.35,51.31,64.69,1.58,-3.48
2009-09-29,0.02,6.52,51.18,64.58,1.68,-4.06
2009-09-30,1.85,6.99,56.75,64.56,1.67,-1.91
2009-10-01,2.95,7.39,71.19,64.71,1.49,1.77
2009-10-02,0.0,7.47,72.05,64.75,1.52,1.43
2009-10-03,0.02,7.25,72.1,64.57,1.63,1.49
2009-10-04,17.89,5.86,79.79,64.53,1.54,1.75
2009-10-05,9.29,5.08,84.22,64.52,1.38,2.22
2009-10-06,9.66,5.0,84.09,64.36,1.55,2.09
2009-10-07,0.29,3.65,83.18,64.17,1.73,0.5
2009-10-08,0.0,2.4,69.03,64.1,1.75,-3.9
2009-10-09,0.0,1.05,62.36,64.18,1.64,-6.5
2009-10-10,0.0,0.36,60.15,64.36,1.68,-7.42
2009-10-11,0.0,0.66,57.34,64.45,1.57,-7.56
2009-10-12,0.0,1.05,61.05,64.52,1.59,-6.11
2009-10-13,0.0,1.53,57.24,64.57,1.57,-6.61
2009-10-14,0.0,1.07,57.26,64.6,1.49,-7.47
2009-10-15,0.0,0.75,63.59,64.62,1.45,-6.17
2009-10-16,0.0,0.44,62.23,64.62,1.61,-6.77
2009-10-17,0.0,0.52,60.95,64.42,1.5,-6.99
2009-10-18,0.0,-0.46,64.85,64.28,1.5,-7.09
2009-10-19,0.0,-1.26,59.83,64.32,1.55,-9.12
2009-10-20,0.0,-0.33,54.7,64.38,1.63,-9.38
2009-10-21,0.0,-1.08,49.88,64.49,1.71,-11.28
2009-10-22,0.0,-0.96,42.67,64.59,1.64,-12.51
2009-10-23,0.0,-1.15,38.55,64.5,1.58,-14.43
2009-10-24,0.0,-1.32,37.69,64.42,1.71,-14.05
2009-10-25,0.0,-1.54,44.04,64.44,1.63,-12.72
2009-10-26,0.0,-1.12,41.35,64.54,1.58,-13.48
2009-10-27,0.0,0.06,40.96,64.53,1.5,-11.85
2009-10-28,0.0,-0.66,55.42,64.64,1.54,-9.22
2009-10-29,0.0,-0.41,52.84,64.77,1.46,-9.73
2009-10-30,0.0,0.65,43.87,64.6,1.36,-11.31
2009-10-31,0.0,1.02,42.29,64.53,1.48,-10.83
2009-11-01,0.0,0.02,51.29,64.59,1.48,-9.57
2009-11-02,0.0,-0.48,60.33,64.72,1.53,-8.06
2009-11-03,0.0,-0.64,60.01,64.8,1.45,-8.12
2009-11-04,0.0,0.05,48.79,64.82,1.42,-10.19
2009-11-05,0.0,0.02,51.16,64.76,1.56,-9.61
2009-11-06,0.0,-0.9,55.2,64.63,1.55,-9.6
2009-11-07,0.0,-1.56,53.2,64.45,1.55,-10.84
2009-11-08,0.0,-2.19,50.52,64.4,1.49,-11.72
2009-11-09,0.3,-3.44,73.53,64.23,2.92,-7.73
2009-11-10,0.38,-4.31,88.23,64.03,2.61,-6.26
2009-11-11,0.0,-3.59,45.62,64.1,1.53,-15.19
2009-11-12,0.01,-0.7,32.83,64.45,1.41,-15.68
2009-11-13,0.6,-0.17,80.29,64.56,2.06,-3.38
2009-11-14,0.05,-0.22,83.95,64.41,2.07,-3.11
2009-11-15,0.01,-1.19,88.66,64.04,2.78,-3.03
2009-11-16,0.01,-3.99,69.08,64.09,1.88,-10.09
2009-11-17,0.25,-5.38,77.22,64.1,1.56,-9.51
2009-11-18,0.0,-6.8,55.35,64.09,1.79,-15.48
2009-11-19,0.0,-6.01,40.73,64.16,1.6,-18.15
2009-11-20,0.0,-3.8,31.44,64.41,1.52,-18.85
2009-11-21,0.0,-2.48,31.21,64.45,1.28,-17.1
2009-11-22,0.0,-3.37,39.86,64.45,1.52,-15.82
2009-11-23,0.0,-2.27,29.28,64.56,1.29,-17.78
2009-11-24,0.0,-2.75,29.9,64.46,1.39,-18.16
2009-11-25,0.0,-3.46,33.21,64.31,1.13,-17.3
2009-11-26,0.0,-4.33,36.2,64.21,1.32,-17.18
2009-11-27,0.0,-2.01,30.24,64.42,1.31,-17.03
2009-11-28,0.0,-1.01,44.49,64.58,1.13,-11.68
2009-11-29,0.0,-0.99,59.09,64.58,1.26,-8.36
2009-11-30,0.0,-1.39,61.2,64.61,1.17,-8.16
2009-12-01,0.0,-3.14,55.27,64.61,1.13,-11.24
2009-12-02,0.0,-2.1,32.35,64.59,1.25,-16.42
2009-12-03,0.0,-2.19,29.66,64.57,1.49,-17.9
2009-12-04,0.0,-2.08,34.79,64.44,1.0,-15.22
2009-12-05,0.0,-5.05,49.8,64.18,1.44,-14.36
2009-12-06,0.0,-6.91,44.86,64.1,1.37,-17.52
2009-12-07,0.0,-6.02,27.51,64.14,1.4,-21.86
2009-12-08,0.0,-3.72,24.45,64.25,1.1,-20.43
2009-12-09,0.0,-3.89,51.83,64.38,1.15,-13.04
2009-12-10,0.0,-3.85,86.14,64.29,1.57,-6.44
2009-12-11,0.0,-3.99,78.16,64.24,1.37,-8.0
2009-12-12,0.0,-4.52,69.72,64.28,1.08,-9.8
2009-12-13,0.0,-5.51,80.8,64.18,1.48,-9.02
2009-12-14,0.0,-6.33,57.73,64.26,1.33,-14.66
2009-12-15,0.01,-6.32,85.73,64.19,1.28,-8.94
2009-12-16,0.0,-7.46,69.51,64.21,1.54,-12.87
2009-12-17,0.0,-6.64,62.58,64.22,1.45,-13.42
2009-12-18,0.0,-6.68,57.3,64.3,1.35,-14.23
2009-12-19,0.0,-6.31,42.76,64.45,1.34,-18.48
2009-12-20,0.0,-4.59,35.66,64.52,1.35,-17.38
2009-12-21,0.0,-5.47,29.79,64.4,1.15,-19.98
2009-12-22,0.0,-5.82,31.46,64.17,1.27,-19.66
2009-12-23,0.0,-7.69,46.8,64.0,1.37,-17.13
2009-12-24,0.0,-7.21,39.45,63.97,1.34,-19.13
2009-12-25,0.0,-4.42,20.78,64.04,1.1,-22.58
2009-12-26,0.0,-4.82,33.65,63.98,1.11,-17.72
2009-12-27,0.0,-6.23,33.16,63.98,1.32,-19.36
2009-12-28,0.0,-6.74,31.6,63.95,1.17,-20.16
2009-12-29,0.0,-6.32,34.98,63.95,1.37,-18.77
2009-12-30,0.0,-7.57,46.2,63.81,1.3,-16.97
2009-12-31,0.0,-6.95,35.5,63.92,1.37,-20.7
2010-01-01,0.0,-5.16,21.43,64.21,1.54,-23.05
2010-01-02,0.0,-4.54,23.84,64.48,1.54,-21.45
2010-01-03,5.83,-5.56,55.3,64.34,2.03,-14.35
2010-01-04,0.11,-5.14,58.48,63.98,1.25,-13.34
2010-01-05,0.0,-4.74,32.46,64.07,1.71,-18.57
2010-01-06,0.0,-5.07,33.83,64.23,1.7,-18.75
2010-01-07,0.0,-4.2,27.98,64.43,1.47,-19.71
2010-01-08,0.0,-5.94,33.83,64.26,1.41,-19.47
2010-01-09,0.0,-6.81,35.82,64.18,1.55,-19.4
2010-01-10,0.0,-6.38,27.59,64.25,1.26,-21.56
2010-01-11,0.0,-6.72,27.78,64.28,1.51,-21.74
2010-01-12,0.0,-7.31,30.18,64.22,1.53,-21.51
2010-01-13,3.28,-8.79,73.92,63.93,1.2,-13.15
2010-01-14,0.0,-6.91,62.69,64.37,1.46,-14.13
2010-01-15,0.0,-5.19,45.39,64.59,1.64,-15.39
2010-01-16,0.0,-4.12,36.73,64.7,1.46,-16.9
2010-01-17,0.0,-5.2,43.89,64.57,1.5,-15.7
2010-01-18,0.0,-7.22,48.25,64.42,1.52,-16.44
2010-01-19,0.0,-7.5,47.16,64.25,1.39,-16.87
2010-01-20,0.0,-7.11,49.97,64.43,1.42,-15.83
2010-01-21,0.0,-6.85,53.54,64.31,1.81,-15.27
2010-01-22,0.0,-7.13,58.79,64.28,1.27,-14.26
2010-01-23,0.0,-5.71,55.63,64.29,1.34,-13.88
2010-01-24,0.0,-5.42,50.64,64.17,1.33,-14.18
2010-01-25,0.0,-6.56,64.04,64.19,1.32,-12.67
2010-01-26,0.0,-6.82,51.76,64.24,1.56,-16.18
2010-01-27,0.0,-5.05,44.01,64.28,1.5,-15.49
2010-01-28,0.0,-5.49,48.1,64.28,1.37,-15.08
2010-01-29,0.0,-7.15,69.12,64.2,2.12,-12.35
2010-01-30,0.0,-6.69,49.05,64.18,1.47,-17.56
2010-01-31,0.0,-6.61,36.84,64.08,1.52,-18.94
2010-02-01,0.0,-7.48,49.82,63.94,1.57,-16.24
2010-02-02,0.0,-8.81,56.5,63.9,1.57,-16.64
2010-02-03,0.0,-8.58,46.1,63.95,1.57,-18.84
2010-02-04,0.0,-7.47,40.16,64.02,1.46,-18.64
2010-02-05,0.0,-5.74,50.47,64.18,1.4,-14.23
2010-02-06,0.0,-4.82,73.97,64.33,1.52,-9.37
2010-02-07,0.09,-4.55,92.0,64.36,1.75,-6.23
2010-02-08,7.48,-5.1,96.6,63.85,3.84,-5.95
2010-02-09,9.95,-8.37,95.62,63.45,5.69,-9.46
2010-02-10,0.04,-10.43,75.13,63.95,1.46,-14.8
2010-02-11,0.0,-7.36,64.54,64.22,1.57,-13.55
2010-02-12,0.05,-9.26,85.76,64.14,1.95,-11.92
2010-02-13,0.0,-9.57,54.93,64.0,1.68,-17.29
2010-02-14,0.0,-10.08,68.44,63.85,2.1,-15.55
2010-02-15,0.0,-9.87,68.68,63.87,2.01,-15.13
2010-02-16,0.0,-9.34,82.74,64.01,2.0,-12.52
2010-02-17,0.0,-8.96,78.49,63.95,1.66,-12.66
2010-02-18,0.0,-7.57,48.7,64.07,2.02,-17.12
2010-02-19,0.0,-5.86,59.01,64.24,1.79,-13.48
2010-02-20,0.0,-4.52,49.88,64.35,1.84,-14.55
2010-02-21,0.0,-2.88,47.58,64.37,1.91,-13.35
2010-02-22,0.66,-3.53,55.31,64.32,1.87,-11.97
2010-02-23,3.25,-5.25,79.81,63.9,1.34,-8.72
2010-02-24,0.0,-5.64,74.28,63.9,1.75,-10.39
2010-02-25,0.0,-3.76,60.42,64.11,1.73,-11.49
2010-02-26,0.0,-2.77,61.9,64.28,1.75,-9.62
2010-02-27,0.0,-2.72,64.62,64.3,1.4,-9.11
2010-02-28,0.0,-1.59,65.85,64.32,1.86,-8.14
2010-03-01,0.0,-2.66,87.17,64.3,2.83,-4.81
2010-03-02,0.0,-2.62,54.05,64.24,1.8,-12.54
2010-03-03,0.06,-3.82,49.74,64.08,1.56,-13.31
2010-03-04,0.58,-3.3,82.27,63.98,3.24,-6.3
2010-03-05,0.1,-3.45,57.26,64.06,1.98,-12.11
2010-03-06,0.0,-3.96,45.22,64.17,2.16,-15.41
2010-03-07,0.0,-4.44,63.94,64.24,1.62,-11.03
2010-03-08,0.0,-3.73,57.66,64.28,2.26,-12.46
2010-03-09,0.0,-3.04,53.14,64.5,2.08,-13.07
2010-03-10,0.0,-2.27,48.44,64.58,1.86,-13.63
2010-03-11,0.0,-1.22,39.62,64.68,2.01,-14.42
2010-03-12,0.0,-2.07,46.17,64.6,2.04,-13.16
2010-03-13,0.0,-1.45,52.0,64.37,1.91,-11.3
2010-03-14,0.0,-0.59,55.6,64.2,1.45,-9.2
2010-03-15,0.0,0.4,39.22,64.4,1.93,-12.98
2010-03-16,0.0,-0.48,59.81,64.62,1.67,-8.19
2010-03-17,0.0,0.96,47.52,64.81,1.92,-10.03
2010-03-18,0.0,3.19,47.55,64.95,1.82,-8.05
2010-03-19,0.0,5.74,33.69,64.9,1.97,-10.48
2010-03-20,0.0,5.63,40.88,64.8,2.13,-8.19
2010-03-21,0.0,4.7,44.18,64.66,1.93,-7.9
2010-03-22,0.0,3.98,37.22,64.36,2.05,-10.38
2010-03-23,0.0,3.73,39.84,64.28,2.13,-8.9
2010-03-24,0.0,3.27,41.83,64.38,1.96,-9.37
2010-03-25,0.0,3.5,41.85,64.44,2.08,-9.46
2010-03-26,0.0,2.88,48.66,64.47,1.86,-7.06
2010-03-27,0.0,1.58,58.12,64.43,2.01,-6.37
2010-03-28,0.0,2.71,44.91,64.42,2.21,-9.78
2010-03-29,0.0,3.09,47.2,64.41,2.39,-8.37
2010-03-30,0.0,0.97,60.58,64.25,2.78,-6.19
2010-03-31,0.0,0.59,47.08,64.17,2.28,-10.26
2010-04-01,0.0,0.06,35.17,64.16,2.22,-14.34
2010-04-02,0.0,0.34,41.41,64.29,2.4,-12.36
2010-04-03,0.0,1.38,58.65,64.48,1.92,-7.18
2010-04-04,0.0,1.39,49.8,64.55,2.1,-9.1
2010-04-05,0.0,1.27,43.48,64.5,2.22,-10.91
2010-04-06,0.0,2.75,35.52,64.44,1.91,-12.65
2010-04-07,0.0,5.01,26.65,64.76,2.29,-13.72
2010-04-08,0.0,5.45,27.93,64.97,2.01,-11.64
2010-04-09,0.0,5.29,33.1,64.6,2.23,-10.57
2010-04-10,0.0,4.98,41.15,64.31,2.05,-8.14
2010-04-11,0.0,5.9,42.07,64.42,2.14,-6.79
2010-04-12,0.0,3.81,59.13,64.48,2.0,-3.99
2010-04-13,0.0,4.49,39.21,64.45,1.77,-10.27
2010-04-14,0.0,5.66,24.09,64.57,1.82,-14.43
2010-04-15,0.0,6.67,22.95,64.8,2.05,-13.19
2010-04-16,0.0,7.32,32.09,64.78,2.2,-8.49
2010-04-17,0.0,6.97,42.05,64.71,2.14,-6.07
2010-04-18,0.05,5.45,65.56,64.57,3.05,-0.92
2010-04-19,1.27,4.65,72.6,64.35,3.8,-0.54
2010-04-20,0.02,5.64,64.31,64.27,2.62,-2.16
2010-04-21,0.0,4.05,68.36,64.3,2.65,-1.97
2010-04-22,0.0,3.8,62.62,64.43,2.51,-3.78
2010-04-23,0.0,3.26,56.99,64.47,2.78,-5.0
2010-04-24,0.0,2.34,51.12,64.4,2.48,-7.51
2010-04-25,0.0,3.95,41.1,64.38,2.18,-9.24
2010-04-26,0.0,5.14,33.96,64.66,2.03,-11.89
2010-04-27,0.0,6.94,39.58,64.84,2.24,-6.98
2010-04-28,0.01,5.43,63.92,64.77,2.25,-1.49
2010-04-29,0.0,5.86,54.38,64.72,2.1,-4.73
2010-04-30,0.03,5.52,61.1,64.75,1.82,-2.49
2010-05-01,0.04,4.57,64.35,64.76,1.52,-2.11
2010-05-02,0.16,5.14,66.04,64.58,1.65,-2.16
2010-05-03,0.0,6.72,60.19,64.41,2.21,-2.65
2010-05-04,0.0,8.63,48.0,64.42,2.18,-3.84
2010-05-05,0.0,7.38,62.28,64.45,2.23,-0.4
2010-05-06,0.33,6.18,62.94,64.43,2.25,-1.11
2010-05-07,5.79,5.14,73.41,64.42,2.35,-0.01
2010-05-08,0.01,5.03,62.76,64.38,2.02,-3.06
2010-05-09,0.0,6.18,52.32,64.26,2.31,-4.68
2010-05-10,0.05,5.98,45.63,64.29,2.49,-6.68
2010-05-11,0.0,5.42,49.49,64.34,2.15,-5.24
2010-05-12,0.0,6.07,43.6,64.36,2.36,-7.23
2010-05-13,0.0,5.76,42.76,64.42,2.59,-7.06
2010-05-14,0.0,5.82,42.39,64.39,2.75,-6.53
2010-05-15,0.0,6.01,42.83,64.43,2.14,-6.44
2010-05-16,0.0,7.26,41.44,64.49,2.49,-6.27
2010-05-17,0.0,8.34,52.14,64.71,2.63,-1.71
2010-05-18,1.57,7.67,66.29,64.71,3.54,1.34
2010-05-19,0.43,6.64,62.89,64.49,3.61,-0.78
2010-05-20,0.0,5.92,47.02,64.28,1.77,-5.41
2010-05-21,0.0,9.03,29.36,64.51,2.1,-9.09
2010-05-22,0.0,9.46,34.96,64.65,2.34,-6.14
2010-05-23,3.6,7.81,53.67,64.59,2.28,-1.58
2010-05-24,0.0,8.29,44.41,64.35,2.58,-5.25
2010-05-25,0.0,9.24,34.28,64.17,2.24,-7.36
2010-05-26,0.0,9.94,22.59,64.26,2.41,-11.57
2010-05-27,0.0,10.37,29.75,64.37,2.58,-8.36
2010-05-28,0.7,7.9,64.27,64.42,3.77,0.7
2010-05-29,0.47,6.57,60.31,64.45,2.97,-1.68
2010-05-30,0.0,5.84,47.75,64.36,1.93,-5.37
2010-05-31,0.0,8.21,33.27,64.41,2.23,-8.36
2010-06-01,0.0,8.95,36.53,64.51,2.33,-5.97
2010-06-02,0.06,9.24,40.8,64.6,2.3,-4.76
2010-06-03,0.01,8.72,50.3,64.66,2.19,-2.38
2010-06-04,3.44,7.9,57.51,64.56,2.37,-1.08
2010-06-05,0.05,6.35,53.54,64.31,2.41,-3.82
2010-06-06,0.0,5.9,40.77,64.15,2.42,-8.75
2010-06-07,5.17,6.22,51.9,64.25,2.2,-4.55
2010-06-08,10.09,5.0,79.16,64.26,2.55,1.27
2010-06-09,1.8,6.19,73.21,64.36,1.83,0.95
2010-06-10,0.26,5.69,66.8,64.42,2.14,-0.66
2010-06-11,0.0,7.01,63.62,64.37,2.11,-0.22
2010-06-12,0.0,7.45,69.04,64.38,2.0,1.21
2010-06-13,1.61,7.02,68.83,64.33,2.04,0.71
2010-06-14,0.21,7.04,67.91,64.36,2.2,0.7
2010-06-15,0.0,8.0,56.22,64.37,2.07,-1.95
2010-06-16,0.0,7.26,68.6,64.33,2.36,1.09
2010-06-17,0.0,7.16,67.25,64.36,1.95,0.48
2010-06-18,0.0,9.42,50.97,64.49,1.88,-2.38
2010-06-19,0.0,10.72,54.17,64.53,2.1,0.63
2010-06-20,0.11,10.87,63.03,64.59,2.17,3.18
2010-06-21,0.65,10.72,59.18,64.52,2.15,1.75
2010-06-22,3.56,10.51,57.28,64.36,2.13,1.35
2010-06-23,4.69,10.62,60.84,64.33,1.92,2.25
2010-06-24,14.26,9.73,67.4,64.24,2.14,2.94
2010-06-25,1.6,9.22,66.08,64.23,1.96,2.04
2010-06-26,0.0,9.61,65.34,64.25,2.23,2.31
2010-06-27,2.46,10.05,71.28,64.29,2.35,4.04
2010-06-28,0.94,9.7,69.55,64.28,2.4,3.42
2010-06-29,0.0,10.05,64.48,64.3,2.28,2.17
2010-06-30,0.39,9.59,62.18,64.35,2.09,1.0
2010-07-01,15.76,8.43,68.49,64.33,1.85,2.23
2010-07-02,0.5,8.79,61.88,64.4,1.93,0.85
2010-07-03,0.58,10.2,59.23,64.51,2.08,0.26
2010-07-04,7.38,9.86,77.13,64.55,2.0,5.35
2010-07-05,17.13,9.24,86.24,64.52,2.29,6.72
2010-07-06,14.77,9.33,84.73,64.54,1.86,6.49
2010-07-07,1.23,10.2,84.03,64.71,2.02,7.19
2010-07-08,1.95,11.76,72.54,64.72,2.0,6.13
2010-07-09,3.25,12.39,74.2,64.54,1.98,7.12
2010-07-10,1.36,11.89,75.92,64.41,1.99,6.92
2010-07-11,8.59,11.15,76.39,64.27,2.05,6.15
2010-07-12,1.28,10.62,81.22,64.19,2.01,6.8
2010-07-13,1.26,10.5,66.71,64.35,1.89,3.07
2010-07-14,1.3,11.03,72.44,64.51,1.86,5.06
2010-07-15,5.21,11.44,68.59,64.57,1.96,4.48
2010-07-16,2.15,12.77,76.04,64.49,1.97,7.86
2010-07-17,1.29,13.31,82.72,64.49,1.9,9.85
2010-07-18,2.81,14.05,82.48,64.36,1.93,10.62
2010-07-19,11.02,13.3,83.47,64.19,2.68,10.02
2010-07-20,13.57,10.58,85.75,64.27,2.4,8.01
2010-07-21,5.25,9.23,83.81,64.34,1.78,6.39
2010-07-22,13.84,8.93,86.39,64.37,1.95,6.53
2010-07-23,1.09,11.09,82.86,64.29,1.97,7.93
2010-07-24,3.03,12.28,84.29,64.14,1.84,9.3
2010-07-25,1.01,11.89,88.14,64.18,2.02,9.75
2010-07-26,7.0,10.83,88.23,64.25,2.08,8.76
2010-07-27,8.08,9.78,84.63,64.4,2.07,6.98
2010-07-28,6.06,9.41,87.05,64.49,1.39,7.07
2010-07-29,6.5,11.5,83.9,64.42,1.93,8.44
2010-07-30,46.18,12.4,84.9,64.32,2.07,9.51
2010-07-31,26.86,10.25,92.57,64.37,2.06,8.97
2010-08-01,8.14,9.58,87.24,64.39,1.71,7.35
2010-08-02,1.03,11.53,83.6,64.41,1.99,8.55
2010-08-03,3.8,11.14,88.49,64.29,1.9,9.03
2010-08-04,9.53,10.92,85.93,64.31,1.78,8.25
2010-08-05,5.75,11.71,88.92,64.43,1.72,9.63
2010-08-06,4.92,11.03,89.75,64.63,1.84,9.24
2010-08-07,4.0,11.05,87.39,64.6,1.74,8.76
2010-08-08,12.3,10.03,89.88,64.48,1.74,8.26
2010-08-09,10.77,10.74,87.24,64.44,1.9,8.48
2010-08-10,5.41,11.51,88.78,64.43,1.9,9.46
2010-08-11,0.93,10.95,88.03,64.41,1.86,8.75
2010-08-12,4.02,10.51,86.77,64.41,1.73,8.18
2010-08-13,14.14,10.27,87.06,64.48,1.88,7.91
2010-08-14,0.85,9.4,90.74,64.42,1.53,7.78
2010-08-15,2.24,11.16,86.74,64.59,1.86,8.79
2010-08-16,3.51,11.74,90.97,64.63,2.2,10.18
2010-08-17,4.41,11.85,90.11,64.35,1.92,10.09
2010-08-18,21.55,11.38,93.41,64.29,1.89,10.27
2010-08-19,9.87,10.28,92.6,64.52,1.09,8.75
2010-08-20,3.73,10.17,89.1,64.66,1.64,8.2
2010-08-21,18.01,10.51,89.34,64.48,2.04,8.62
2010-08-22,7.08,10.84,85.4,64.38,1.51,8.05
2010-08-23,11.9,10.34,86.38,64.32,1.51,7.86
2010-08-24,19.61,9.97,85.35,64.28,1.68,7.23
2010-08-25,12.45,8.12,90.95,64.45,2.04,6.49
2010-08-26,7.49,8.74,87.4,64.52,1.52,6.52
2010-08-27,0.04,10.32,85.49,64.51,1.61,7.69
2010-08-28,7.13,10.72,88.94,64.5,1.81,8.73
2010-08-29,5.48,10.86,82.48,64.46,1.63,7.39
2010-08-30,9.38,11.06,87.08,64.38,1.64,8.59
2010-08-31,0.94,10.63,92.15,64.38,1.62,9.17
2010-09-01,18.02,10.73,89.93,64.52,1.69,8.89
2010-09-02,6.44,11.22,91.14,64.49,2.06,9.6
2010-09-03,13.46,9.99,92.79,64.4,2.01,8.62
2010-09-04,5.06,10.26,90.33,64.32,1.85,8.51
2010-09-05,10.59,10.06,91.51,64.4,1.84,8.57
2010-09-06,5.02,10.24,92.2,64.4,2.07,8.91
2010-09-07,10.1,9.11,85.84,64.39,1.72,6.42
2010-09-08,12.11,8.08,90.18,64.49,1.58,6.27
2010-09-09,2.02,8.9,89.97,64.57,1.8,7.01
2010-09-10,0.33,9.29,89.6,64.47,1.66,7.35
2010-09-11,9.48,9.38,86.18,64.45,2.03,6.67
2010-09-12,13.93,7.59,90.09,64.46,1.41,5.82
2010-09-13,4.92,7.89,89.73,64.39,1.9,6.01
2010-09-14,5.43,7.24,90.57,64.33,1.8,5.46
2010-09-15,0.99,7.08,86.55,64.35,1.57,4.46
2010-09-16,15.3,6.18,82.41,64.36,1.37,2.78
2010-09-17,13.56,5.32,86.68,64.37,1.48,2.84
2010-09-18,21.19,5.21,86.78,64.35,1.88,3.03
2010-09-19,30.5,4.74,93.24,64.45,1.3,3.62
2010-09-20,0.39,6.96,88.52,64.54,1.4,4.97
2010-09-21,3.16,8.6,90.4,64.54,1.79,6.83
2010-09-22,8.21,7.56,91.02,64.52,1.66,5.98
2010-09-23,2.02,7.03,92.81,64.46,2.11,5.71
2010-09-24,3.01,5.41,86.96,64.43,1.5,2.94
2010-09-25,0.11,3.62,70.54,64.5,1.39,-1.86
2010-09-26,0.0,3.26,75.13,64.61,1.6,-1.44
2010-09-27,0.0,3.89,67.08,64.62,1.48,-2.73
2010-09-28,0.0,4.28,58.38,64.63,1.54,-3.86
2010-09-29,0.0,3.78,52.78,64.7,1.51,-5.44
2010-09-30,0.0,4.05,59.23,64.68,1.51,-3.76
2010-10-01,2.02,4.56,65.98,64.68,1.41,-1.85
2010-10-02,0.0,3.7,71.17,64.65,1.47,-1.99
2010-10-03,0.0,3.19,71.47,64.59,1.44,-2.36
2010-10-04,0.0,4.03,75.66,64.48,1.1,-0.62
2010-10-05,0.0,4.53,71.47,64.42,1.26,-1.09
2010-10-06,0.0,4.87,77.94,64.4,1.44,0.58
2010-10-07,0.0,4.41,80.21,64.42,1.29,0.78
2010-10-08,0.0,4.02,75.61,64.29,1.24,-0.77
2010-10-09,0.0,4.03,86.23,64.05,1.26,1.4
2010-10-10,0.0,2.84,75.04,64.05,1.47,-2.02
2010-10-11,0.0,2.09,75.55,64.29,1.38,-2.53
2010-10-12,0.0,2.32,71.82,64.45,1.46,-2.92
2010-10-13,0.0,4.31,56.59,64.45,1.22,-4.74
2010-10-14,0.0,5.06,56.93,64.47,1.41,-4.15
2010-10-15,0.0,5.44,67.93,64.6,1.46,-0.87
2010-10-16,0.0,5.43,71.93,64.61,1.38,-0.3
2010-10-17,0.0,5.5,77.84,64.57,1.3,0.95
2010-10-18,0.0,5.42,78.44,64.64,1.38,1.06
2010-10-19,0.0,4.22,76.87,64.67,1.39,-0.39
2010-10-20,0.0,3.31,75.4,64.56,1.32,-1.34
2010-10-21,2.52,1.68,82.56,64.19,1.71,-1.52
2010-10-22,3.13,-0.7,86.64,64.01,2.24,-3.18
2010-10-23,0.17,-1.21,89.02,64.06,2.22,-3.33
2010-10-24,0.0,-1.73,56.56,64.17,1.55,-10.08
2010-10-25,0.0,-1.58,53.06,64.35,1.48,-10.43
2010-10-26,0.0,-1.51,58.78,64.48,1.57,-9.24
2010-10-27,0.0,-2.3,52.91,64.5,1.43,-11.1
2010-10-28,0.0,-0.49,46.3,64.55,1.44,-11.08
2010-10-29,0.0,1.1,44.71,64.67,1.27,-9.93
2010-10-30,0.0,-0.31,62.72,64.71,1.37,-6.89
2010-10-31,0.0,-1.14,61.74,64.62,1.17,-8.1
2010-11-01,0.0,-0.76,63.4,64.44,1.45,-7.39
2010-11-02,0.0,0.31,57.89,64.5,1.34,-7.67
2010-11-03,0.0,1.62,47.31,64.7,1.46,-8.97
2010-11-04,0.0,2.41,42.96,64.69,1.46,-9.11
2010-11-05,0.0,1.73,43.04,64.71,1.26,-9.68
2010-11-06,0.0,0.16,44.32,64.65,1.32,-10.73
2010-11-07,0.0,-0.53,52.44,64.68,1.34,-9.69
2010-11-08,0.0,-0.3,48.27,64.86,1.54,-10.95
2010-11-09,0.0,1.34,33.79,65.0,1.38,-13.09
2010-11-10,0.0,1.87,34.55,64.72,1.35,-12.51
2010-11-11,0.0,2.0,39.44,64.5,1.33,-10.77
2010-11-12,0.0,0.06,40.1,64.24,1.37,-12.29
2010-11-13,0.0,-1.37,38.31,64.25,1.28,-13.56
2010-11-14,0.05,-2.6,50.23,64.59,1.35,-11.85
2010-11-15,0.0,-2.01,55.28,64.71,1.36,-10.06
2010-11-16,0.01,-2.82,69.7,64.54,1.5,-7.89
2010-11-17,0.0,-2.06,70.68,64.55,1.5,-7.45
2010-11-18,10.56,-2.76,84.24,64.44,1.5,-5.41
2010-11-19,0.08,-3.97,90.38,64.12,1.55,-5.79
2010-11-20,0.0,-3.92,78.99,63.94,1.39,-7.84
2010-11-21,0.0,-2.94,54.93,64.14,1.42,-11.63
2010-11-22,0.01,-2.22,46.1,64.29,1.24,-12.35
2010-11-23,0.0,-2.92,55.46,64.34,1.24,-10.95
2010-11-24,0.03,-3.15,61.8,64.48,1.48,-10.37
2010-11-25,0.01,-1.47,85.79,64.56,1.62,-3.96
2010-11-26,0.0,-2.35,66.43,64.35,1.48,-8.49
2010-11-27,0.0,-4.03,72.07,64.23,1.53,-9.4
2010-11-28,0.0,-4.8,63.53,64.29,1.45,-12.24
2010-11-29,0.0,-5.4,54.18,64.31,1.54,-14.25
2010-11-30,0.0,-4.33,47.71,64.18,1.43,-14.59
2010-12-01,0.0,-4.59,45.89,64.19,1.35,-15.07
2010-12-02,0.0,-5.47,45.24,64.18,1.33,-15.89
2010-12-03,0.0,-4.77,44.68,64.27,1.4,-15.3
2010-12-04,0.0,-4.43,49.97,64.21,1.23,-13.64
2010-12-05,0.0,-5.1,51.29,64.22,1.24,-13.99
2010-12-06,0.0,-4.95,47.6,64.4,1.37,-14.94
2010-12-07,0.0,-4.77,42.25,64.43,1.44,-16.08
2010-12-08,0.0,-4.8,42.15,64.22,1.59,-16.08
2010-12-09,0.0,-4.95,57.69,64.0,1.67,-12.49
2010-12-10,0.0,-5.42,69.21,63.8,1.37,-10.95
2010-12-11,0.0,-6.48,63.67,63.67,1.4,-13.06
2010-12-12,0.0,-4.77,44.07,63.68,1.47,-15.85
2010-12-13,0.0,-4.39,51.49,63.84,1.16,-13.2
2010-12-14,0.0,-5.09,47.7,64.01,1.23,-15.07
2010-12-15,0.0,-4.35,39.31,64.23,1.61,-16.4
2010-12-16,0.0,-4.08,40.5,64.18,1.35,-15.56
2010-12-17,0.0,-7.12,57.76,64.04,1.66,-14.59
2010-12-18,0.0,-8.54,55.22,63.88,1.37,-16.09
2010-12-19,0.0,-8.32,44.23,64.1,1.39,-18.79
2010-12-20,0.0,-5.19,40.6,64.31,1.42,-16.27
2010-12-21,0.0,-4.83,37.57,64.09,1.35,-16.77
2010-12-22,0.0,-7.23,52.1,63.74,1.47,-15.53
2010-12-23,0.0,-8.5,79.23,63.74,1.49,-12.16
2010-12-24,0.0,-9.06,64.81,63.89,1.35,-15.32
2010-12-25,0.0,-7.61,37.6,63.92,1.41,-19.45
2010-12-26,0.0,-7.01,42.7,63.99,1.46,-17.47
2010-12-27,0.0,-7.76,45.96,64.08,1.49,-17.34
2010-12-28,0.0,-7.35,46.35,64.2,1.46,-16.87
2010-12-29,1.18,-5.66,76.88,64.2,1.65,-9.69
2010-12-30,11.87,-6.45,96.63,63.77,2.27,-7.34
2010-12-31,4.42,-9.61,95.99,63.44,2.1,-10.72
2011-01-01,0.0,-12.19,61.48,63.58,1.33,-18.7
2011-01-02,0.0,-11.05,45.27,63.92,1.66,-20.43
2011-01-03,0.0,-9.5,40.41,64.14,1.63,-20.46
2011-01-04,0.03,-7.4,37.03,64.13,1.42,-19.24
2011-01-05,0.0,-8.78,36.58,63.96,1.04,-20.49
2011-01-06,0.0,-8.31,37.73,64.13,1.23,-20.03
2011-01-07,0.0,-7.75,49.47,64.03,1.43,-16.21
2011-01-08,0.0,-8.97,67.92,63.72,2.07,-14.35
2011-01-09,0.0,-11.12,72.97,63.65,1.31,-15.69
2011-01-10,0.0,-10.33,45.09,63.8,1.71,-20.84
2011-01-11,0.0,-6.69,52.0,63.85,1.15,-15.18
2011-01-12,0.0,-8.19,53.4,63.82,1.3,-16.5
2011-01-13,0.22,-9.2,67.5,63.78,1.33,-14.8
2011-01-14,0.85,-9.41,82.1,63.75,2.09,-12.25
2011-01-15,3.87,-9.47,96.37,63.47,4.2,-10.03
2011-01-16,0.01,-11.12,55.76,63.42,1.42,-19.4
2011-01-17,0.06,-8.69,61.9,63.59,1.85,-15.67
2011-01-18,0.0,-11.05,87.75,63.52,1.83,-13.12
2011-01-19,0.0,-11.6,52.75,63.61,1.84,-20.1
2011-01-20,0.0,-7.96,53.47,63.98,1.19,-16.82
2011-01-21,0.0,-8.08,80.32,63.95,1.4,-11.33
2011-01-22,0.0,-10.18,53.31,63.93,1.5,-17.95
2011-01-23,0.0,-11.28,58.4,64.03,1.52,-18.11
2011-01-24,0.0,-12.07,55.97,63.98,1.89,-19.65
2011-01-25,0.24,-11.52,66.43,63.9,1.81,-17.15
2011-01-26,0.12,-11.54,71.93,63.99,1.34,-16.62
2011-01-27,0.0,-10.09,51.59,64.15,1.69,-18.69
2011-01-28,0.0,-8.38,47.43,64.09,1.4,-17.44
2011-01-29,0.0,-8.02,71.05,64.0,1.14,-12.81
2011-01-30,0.0,-9.37,87.17,63.93,1.44,-11.84
2011-01-31,0.0,-8.3,55.33,64.2,1.84,-16.39
2011-02-01,0.0,-6.73,46.09,64.27,1.68,-17.18
2011-02-02,0.0,-4.97,47.58,64.38,1.61,-14.89
2011-02-03,0.0,-3.52,58.62,64.52,1.64,-10.96
2011-02-04,0.0,-2.62,69.9,64.54,1.46,-7.95
2011-02-05,0.0,-4.16,69.18,64.31,1.67,-9.69
2011-02-06,0.09,-5.67,90.21,64.18,2.49,-7.69
2011-02-07,4.75,-5.61,96.7,63.74,5.23,-6.59
2011-02-08,0.48,-7.4,61.45,63.76,1.73,-14.9
2011-02-09,0.08,-8.24,51.7,63.86,1.79,-17.1
2011-02-10,0.0,-6.62,61.61,64.02,1.18,-13.09
2011-02-11,0.0,-5.79,61.32,64.18,1.36,-12.51
2011-02-12,0.01,-4.42,73.76,64.19,1.2,-8.95
2011-02-13,1.65,-4.96,94.08,63.96,2.75,-6.37
2011-02-14,3.47,-5.93,87.28,63.83,2.47,-8.35
2011-02-15,1.72,-7.23,93.7,63.66,2.68,-8.72
2011-02-16,6.68,-8.62,85.27,63.62,1.82,-11.38
2011-02-17,0.22,-10.54,83.65,63.66,1.46,-13.49
2011-02-18,0.0,-11.5,68.57,63.72,1.92,-16.87
2011-02-19,0.0,-9.24,89.47,63.93,1.78,-11.27
2011-02-20,0.06,-9.58,79.74,64.03,1.59,-13.32
2011-02-21,0.0,-9.18,64.84,64.13,1.84,-15.65
2011-02-22,0.0,-7.06,54.21,64.19,1.57,-15.2
2011-02-23,0.0,-6.29,71.91,64.12,2.22,-11.21
2011-02-24,0.02,-8.04,85.71,63.9,2.33,-10.81
2011-02-25,1.64,-8.68,87.47,63.63,2.69,-11.06
2011-02-26,0.57,-8.84,90.95,63.67,3.14,-10.63
2011-02-27,0.01,-9.3,76.55,63.98,1.93,-13.36
2011-02-28,0.02,-7.23,61.7,64.17,1.64,-14.15
2011-03-01,0.14,-6.28,90.53,64.09,1.89,-8.35
2011-03-02,0.66,-6.46,88.06,64.05,2.01,-8.79
2011-03-03,1.02,-5.19,94.12,63.94,3.1,-6.48
2011-03-04,0.29,-6.35,88.25,64.0,2.46,-8.45
2011-03-05,0.0,-7.49,60.77,64.12,1.6,-14.83
2011-03-06,0.0,-5.91,53.28,64.36,2.01,-14.7
2011-03-07,0.0,-4.94,47.94,64.41,1.83,-14.82
2011-03-08,0.0,-4.89,65.44,64.07,2.04,-11.48
2011-03-09,0.0,-6.49,75.3,63.92,1.85,-11.12
2011-03-10,0.02,-6.69,70.24,64.06,1.78,-12.61
2011-03-11,0.0,-4.24,61.39,64.12,1.64,-11.87
2011-03-12,0.0,-3.39,49.97,64.19,1.89,-13.69
2011-03-13,0.0,-1.17,43.21,64.29,1.72,-13.33
2011-03-14,0.0,-0.44,37.73,64.44,1.95,-13.73
2011-03-15,0.0,1.45,32.93,64.7,1.45,-13.73
2011-03-16,0.0,2.62,37.19,64.56,1.93,-11.08
2011-03-17,0.0,2.41,46.16,64.44,2.17,-8.82
2011-03-18,0.0,-0.17,77.56,64.18,2.57,-4.02
2011-03-19,0.29,-1.85,85.88,63.88,4.04,-4.21
2011-03-20,0.07,-3.22,64.58,63.8,3.44,-9.56
2011-03-21,0.0,-2.31,45.09,64.02,1.94,-13.57
2011-03-22,0.0,-1.43,46.29,64.22,2.29,-12.31
2011-03-23,0.0,-1.29,54.83,64.35,1.81,-9.96
2011-03-24,0.0,-1.32,60.71,64.37,1.79,-8.85
2011-03-25,0.0,-0.25,56.72,64.34,1.82,-9.01
2011-03-26,0.0,0.9,54.88,64.39,2.09,-8.41
2011-03-27,0.0,0.88,58.61,64.32,1.98,-7.57
2011-03-28,0.0,0.38,70.45,64.33,2.46,-5.22
2011-03-29,3.31,-0.39,77.79,64.37,2.64,-4.51
2011-03-30,0.52,-1.59,68.16,64.29,2.12,-7.72
2011-03-31,0.0,-2.75,48.83,64.16,2.2,-13.46
2011-04-01,0.0,-2.76,58.85,64.15,2.34,-11.21
2011-04-02,0.25,-2.24,59.5,64.22,2.17,-10.39
2011-04-03,0.2,-3.74,69.15,64.18,2.95,-9.15
2011-04-04,0.0,-4.12,56.59,64.15,2.41,-13.0
2011-04-05,0.0,-3.69,65.74,64.34,2.91,-9.49
2011-04-06,0.0,-3.88,75.92,64.32,2.03,-8.06
2011-04-07,0.0,-2.75,70.87,64.32,2.4,-8.13
2011-04-08,0.0,-1.33,51.6,64.31,2.0,-11.46
2011-04-09,0.0,-0.02,51.32,64.46,2.0,-9.49
2011-04-10,0.16,-1.33,71.09,64.63,1.46,-6.39
2011-04-11,0.01,-0.22,76.21,64.57,1.62,-4.52
2011-04-12,1.98,-0.13,86.58,64.39,2.71,-2.48
2011-04-13,0.3,0.35,67.38,64.35,1.85,-5.89
2011-04-14,0.0,1.21,72.08,64.29,1.88,-3.89
2011-04-15,0.13,1.95,69.61,64.29,1.89,-3.92
2011-04-16,0.04,3.05,60.11,64.54,1.91,-5.2
2011-04-17,8.01,0.69,90.11,64.47,3.02,-0.94
2011-04-18,2.16,-0.01,83.11,64.27,2.47,-3.13
2011-04-19,0.01,-0.98,75.27,64.17,2.3,-5.54
2011-04-20,0.0,-0.9,73.13,64.18,2.23,-6.05
2011-04-21,0.0,-0.17,67.95,64.27,1.77,-6.52
2011-04-22,0.07,0.73,64.68,64.29,1.61,-5.9
2011-04-23,0.0,3.47,48.96,64.34,1.57,-7.85
2011-04-24,0.0,4.88,42.86,64.44,1.63,-8.23
2011-04-25,0.0,5.97,47.73,64.49,1.68,-5.86
2011-04-26,0.0,6.39,51.41,64.61,1.9,-4.27
2011-04-27,0.0,5.91,54.41,64.52,2.12,-3.95
2011-04-28,0.0,6.04,55.5,64.39,1.99,-2.83
2011-04-29,0.0,5.61,60.24,64.4,1.92,-2.35
2011-04-30,0.0,5.42,56.04,64.53,2.19,-3.92
2011-05-01,0.76,5.12,58.01,64.49,1.75,-4.12
2011-05-02,0.43,4.23,60.96,64.28,1.47,-3.14
2011-05-03,0.0,6.99,44.38,64.38,1.73,-6.68
2011-05-04,0.92,6.17,63.9,64.51,1.94,-1.94
2011-05-05,1.39,6.11,67.64,64.49,2.03,-0.62
2011-05-06,3.75,4.81,73.09,64.46,2.63,-0.43
2011-05-07,0.01,2.66,77.9,64.27,2.24,-1.11
2011-05-08,0.0,4.45,60.12,64.13,2.15,-3.92
2011-05-09,0.0,6.44,48.26,64.28,2.05,-5.19
2011-05-10,0.0,5.41,60.21,64.34,2.1,-2.69
2011-05-11,0.0,6.3,61.12,64.35,2.15,-1.4
2011-05-12,1.57,6.24,46.11,64.43,2.14,-6.09
2011-05-13,0.69,5.14,55.03,64.52,2.24,-3.88
2011-05-14,0.0,5.79,53.2,64.46,1.7,-4.07
2011-05-15,0.0,8.1,37.9,64.68,1.82,-8.0
2011-05-16,0.0,9.55,35.04,64.9,1.82,-6.99
2011-05-17,0.78,9.3,48.37,64.88,1.87,-2.22
2011-05-18,0.01,8.93,54.49,64.68,1.86,-0.62
2011-05-19,0.0,8.55,57.02,64.45,2.08,-0.9
2011-05-20,1.67,7.85,66.32,64.26,2.83,0.68
2011-05-21,1.36,7.41,64.18,64.19,2.92,-0.76
2011-05-22,0.12,5.76,73.01,64.2,2.84,0.37
2011-05-23,0.0,7.29,52.0,64.29,2.02,-4.08
2011-05-24,0.0,9.07,37.09,64.45,2.21,-6.61
2011-05-25,5.49,9.02,53.42,64.55,2.26,-1.27
2011-05-26,15.25,8.22,68.15,64.6,2.11,1.76
2011-05-27,0.77,7.69,65.46,64.53,2.0,0.18
2011-05-28,0.0,7.89,68.15,64.42,2.08,1.5
2011-05-29,10.51,8.01,73.85,64.46,2.23,2.7
2011-05-30,0.89,7.44,73.54,64.35,2.16,2.1
2011-05-31,7.49,6.82,70.93,64.14,2.41,0.95
2011-06-01,13.3,5.39,75.45,64.27,1.82,0.4
2011-06-02,0.61,4.08,61.2,64.42,1.97,-3.34
2011-06-03,0.0,5.28,43.7,64.44,1.97,-7.44
2011-06-04,0.0,7.23,49.72,64.36,1.96,-3.52
2011-06-05,4.83,7.6,64.16,64.42,2.01,0.37
2011-06-06,3.75,7.25,75.61,64.48,1.71,2.31
2011-06-07,1.81,7.57,66.8,64.33,1.78,0.76
2011-06-08,1.69,7.72,69.41,64.21,1.24,1.19
2011-06-09,12.1,6.01,77.14,64.09,1.53,1.82
2011-06-10,5.56,7.71,68.5,64.01,1.9,1.51
2011-06-11,1.74,9.25,67.48,64.12,1.96,2.25
2011-06-12,0.0,8.72,76.97,64.32,1.91,4.24
2011-06-13,0.0,9.24,69.15,64.33,2.11,2.91
2011-06-14,7.76,9.36,75.03,64.24,2.04,4.11
2011-06-15,0.3,9.5,69.46,64.15,1.82,2.65
2011-06-16,0.0,10.62,75.81,64.1,1.98,5.69
2011-06-17,4.78,10.11,82.51,64.06,2.26,6.84
2011-06-18,4.71,9.1,75.01,64.12,2.1,4.21
2011-06-19,7.87,10.0,78.67,64.03,2.05,5.68
2011-06-20,1.6,9.66,78.29,64.2,1.99,5.37
2011-06-21,0.0,11.0,73.41,64.32,1.93,5.67
2011-06-22,0.04,11.55,74.34,64.25,2.12,6.24
2011-06-23,6.03,11.95,80.72,64.18,2.0,8.12
2011-06-24,17.13,13.08,80.43,64.13,1.92,9.15
2011-06-25,11.71,13.33,81.17,64.03,1.64,9.45
2011-06-26,8.11,11.11,83.36,64.15,1.73,8.04
2011-06-27,2.4,11.7,86.81,64.08,2.61,9.28
2011-06-28,3.14,11.35,81.07,64.07,2.36,7.6
2011-06-29,6.57,9.97,87.06,64.1,2.59,7.55
2011-06-30,8.54,9.38,86.03,64.06,2.51,6.77
2011-07-01,1.91,8.74,78.96,64.11,1.93,4.87
2011-07-02,0.14,9.6,70.53,64.07,1.93,3.6
2011-07-03,0.07,9.97,74.77,64.21,2.02,4.92
2011-07-04,0.0,10.06,69.03,64.42,1.88,3.69
2011-07-05,17.52,10.38,74.31,64.51,1.87,5.13
2011-07-06,10.64,11.01,77.67,64.5,1.95,6.37
2011-07-07,2.67,11.6,85.49,64.4,2.2,8.8
2011-07-08,1.29,10.72,85.56,64.49,2.55,8.06
2011-07-09,5.96,9.31,82.96,64.4,1.96,6.16
2011-07-10,5.79,9.29,88.35,64.27,2.16,7.12
2011-07-11,0.54,10.15,81.2,64.24,2.05,6.7
2011-07-12,0.7,11.33,79.26,64.25,1.83,7.14
2011-07-13,0.74,11.85,80.62,64.3,1.81,7.94
2011-07-14,7.85,12.24,84.81,64.22,1.84,9.27
2011-07-15,21.78,9.93,91.33,64.18,2.21,8.23
2011-07-16,10.93,9.46,87.41,64.15,2.05,7.09
2011-07-17,2.85,9.78,87.15,64.13,2.21,7.41
2011-07-18,2.41,10.94,85.93,64.12,1.99,8.36
2011-07-19,9.01,11.49,87.36,64.04,1.95,9.2
2011-07-20,15.11,11.56,84.08,63.99,1.95,8.45
2011-07-21,2.49,11.38,87.51,64.07,2.07,9.08
2011-07-22,4.08,11.58,88.62,64.11,2.12,9.51
2011-07-23,7.96,11.2,91.58,64.17,2.11,9.8
2011-07-24,8.66,11.42,88.84,64.36,1.99,9.39
2011-07-25,5.29,10.41,88.17,64.61,1.91,8.27
2011-07-26,1.43,10.83,88.63,64.63,1.89,8.81
2011-07-27,22.77,11.27,91.47,64.39,2.27,9.79
2011-07-28,8.28,11.11,88.81,64.28,1.69,9.07
2011-07-29,2.82,10.69,87.67,64.32,1.81,8.43
2011-07-30,0.25,11.33,84.4,64.26,1.79,8.3
2011-07-31,16.94,11.25,82.33,64.21,1.65,7.73
2011-08-01,2.25,11.52,81.51,64.19,1.74,7.73
2011-08-02,3.06,11.47,85.3,64.22,1.87,8.66
2011-08-03,0.41,12.06,82.02,64.25,1.69,8.45
2011-08-04,4.03,11.37,85.85,64.26,1.23,8.53
2011-08-05,12.55,12.49,84.96,64.18,1.77,9.46
2011-08-06,1.43,12.3,88.38,64.12,1.68,10.02
2011-08-07,0.17,10.6,86.09,64.22,1.41,8.01
2011-08-08,1.31,9.91,86.31,64.28,2.02,7.46
2011-08-09,2.91,10.17,86.95,64.28,1.94,7.83
2011-08-10,2.71,10.66,87.12,64.26,2.1,8.28
2011-08-11,1.23,10.49,87.27,64.26,1.9,8.08
2011-08-12,3.88,9.74,84.49,64.18,1.8,6.76
2011-08-13,9.33,9.16,86.07,64.29,2.09,6.62
2011-08-14,4.63,9.22,86.51,64.42,1.73,6.78
2011-08-15,22.41,8.47,89.73,64.25,1.99,6.65
2011-08-16,27.91,7.54,95.36,64.17,1.48,6.66
2011-08-17,6.57,7.75,85.69,64.23,1.6,5.07
2011-08-18,23.2,8.57,87.15,64.31,1.81,6.29
2011-08-19,8.08,9.86,89.84,64.42,2.18,8.05
2011-08-20,5.04,10.09,89.74,64.58,1.8,8.26
2011-08-21,0.21,11.07,88.01,64.57,1.78,8.84
2011-08-22,9.94,11.41,91.07,64.54,1.56,9.86
2011-08-23,7.79,12.69,87.61,64.42,1.18,10.23
2011-08-24,4.04,11.65,87.02,64.46,1.41,9.19
2011-08-25,0.27,11.69,86.96,64.49,1.59,9.29
2011-08-26,8.82,11.61,90.32,64.48,1.58,9.84
2011-08-27,3.58,10.14,92.19,64.45,1.86,8.71
2011-08-28,0.6,9.24,92.27,64.49,1.79,7.83
2011-08-29,2.72,10.19,87.35,64.58,1.66,7.87
2011-08-30,4.97,10.81,88.98,64.61,1.76,8.76
2011-08-31,1.04,10.77,87.79,64.55,1.76,8.48
2011-09-01,0.42,10.16,91.43,64.43,1.88,8.61
2011-09-02,5.81,8.6,83.63,64.43,1.39,5.65
2011-09-03,1.4,8.96,81.09,64.39,1.61,5.53
2011-09-04,0.55,8.16,88.22,64.53,1.34,6.13
2011-09-05,0.47,8.35,87.06,64.54,1.29,6.06
2011-09-06,6.26,9.44,85.89,64.37,1.5,6.87
2011-09-07,7.85,9.88,85.81,64.24,1.5,7.35
2011-09-08,7.04,9.28,92.1,64.25,1.22,7.77
2011-09-09,5.11,9.13,89.2,64.45,1.8,7.14
2011-09-10,2.74,8.83,89.21,64.57,1.63,6.97
2011-09-11,4.13,9.93,88.37,64.44,1.75,7.79
2011-09-12,3.13,9.41,87.64,64.49,1.7,7.13
2011-09-13,9.6,10.24,82.82,64.47,1.51,6.96
2011-09-14,24.15,9.74,89.86,64.37,1.56,7.86
2011-09-15,22.92,7.76,89.6,64.3,1.75,5.92
2011-09-16,9.84,6.58,86.82,64.32,1.53,4.3
2011-09-17,0.01,6.62,80.96,64.22,1.37,3.0
2011-09-18,0.0,5.53,72.17,64.27,1.49,-0.09
2011-09-19,0.0,4.97,70.41,64.45,1.48,-0.79
2011-09-20,0.0,5.37,72.85,64.5,1.55,0.02
2011-09-21,0.0,4.75,70.45,64.37,1.6,-1.39
2011-09-22,0.0,4.98,67.82,64.43,1.53,-1.66
2011-09-23,0.0,4.89,75.34,64.44,1.58,0.17
2011-09-24,0.01,4.61,71.2,64.44,1.61,-1.29
2011-09-25,0.01,4.27,70.57,64.46,1.65,-1.77
2011-09-26,0.0,3.97,66.88,64.45,1.58,-2.68
2011-09-27,0.0,4.7,74.47,64.35,1.51,0.05
2011-09-28,0.02,5.28,73.8,64.33,1.64,0.28
2011-09-29,0.47,4.53,72.19,64.38,1.6,-0.79
2011-09-30,0.01,4.89,74.37,64.45,1.71,-0.02
2011-10-01,0.2,4.5,74.23,64.37,1.77,-0.59
2011-10-02,0.0,5.76,66.73,64.29,1.57,-1.2
2011-10-03,0.02,6.58,54.25,64.38,1.3,-3.99
2011-10-04,2.26,6.47,57.72,64.49,1.6,-2.69
2011-10-05,0.17,4.66,69.53,64.71,1.67,-1.35
2011-10-06,0.0,4.08,65.17,64.78,1.71,-2.82
2011-10-07,6.67,3.18,69.48,64.68,1.67,-3.02
2011-10-08,0.06,2.08,72.32,64.67,1.44,-2.92
2011-10-09,0.0,2.64,72.38,64.68,1.32,-2.71
2011-10-10,0.0,3.46,58.79,64.77,1.6,-4.65
2011-10-11,0.0,4.53,50.76,64.87,1.49,-5.88
2011-10-12,0.0,5.18,42.19,64.82,1.46,-7.23
2011-10-13,0.0,6.02,46.58,64.71,1.22,-5.46
2011-10-14,0.0,4.44,61.87,64.56,1.73,-2.98
2011-10-15,0.0,2.18,57.91,64.43,1.66,-6.48
2011-10-16,0.0,1.98,65.79,64.44,1.5,-4.75
2011-10-17,0.0,1.23,65.82,64.49,1.54,-5.39
2011-10-18,0.0,1.59,59.51,64.55,1.42,-6.26
2011-10-19,0.0,1.5,55.55,64.42,1.41,-7.41
2011-10-20,0.0,0.61,59.72,64.34,1.61,-7.53
2011-10-21,0.0,-0.56,68.16,64.35,1.39,-6.37
2011-10-22,0.0,0.58,64.83,64.4,1.54,-6.11
2011-10-23,0.0,1.34,58.4,64.56,1.41,-6.19
2011-10-24,0.0,0.5,69.66,64.55,1.35,-5.24
2011-10-25,0.0,-1.11,74.17,64.44,1.46,-6.28
2011-10-26,0.0,-0.23,58.69,64.51,1.4,-8.75
2011-10-27,0.0,0.88,47.11,64.51,1.58,-9.97
2011-10-28,0.0,0.78,49.66,64.53,1.54,-9.43
2011-10-29,0.0,0.35,55.3,64.47,1.47,-8.31
2011-10-30,0.0,0.26,53.22,64.31,1.52,-8.8
2011-10-31,0.0,-1.28,64.72,64.26,1.54,-7.73
2011-11-01,0.0,-1.21,64.66,64.28,1.52,-7.86
2011-11-02,0.0,-0.71,55.45,64.24,1.5,-9.45
2011-11-03,0.0,-0.74,53.64,64.29,1.48,-9.47
2011-11-04,0.23,-1.98,60.09,64.35,1.58,-9.6
2011-11-05,0.05,-2.2,54.69,64.36,1.49,-11.01
2011-11-06,0.0,-1.53,43.63,64.23,1.37,-12.95
2011-11-07,0.0,0.59,36.04,64.45,1.47,-13.29
2011-11-08,0.0,1.76,32.71,64.62,1.5,-13.03
2011-11-09,0.0,2.98,46.24,64.68,1.55,-7.93
2011-11-10,0.0,3.7,62.23,64.66,1.19,-3.12
2011-11-11,0.0,1.28,83.57,64.5,1.58,-1.56
2011-11-12,0.0,-0.2,61.16,64.41,1.49,-8.53
2011-11-13,0.0,-2.51,58.84,64.4,1.65,-10.78
2011-11-14,0.0,-2.79,59.48,64.38,1.69,-10.49
2011-11-15,0.0,-2.71,52.18,64.38,1.59,-11.81
2011-11-16,0.0,-3.1,47.76,64.21,1.49,-13.88
2011-11-17,0.0,-1.32,43.4,64.32,1.45,-12.57
2011-11-18,0.0,-0.22,49.98,64.44,1.46,-9.71
2011-11-19,0.0,0.07,45.37,64.56,1.38,-10.92
2011-11-20,0.0,0.19,43.48,64.69,1.56,-11.59
2011-11-21,0.0,1.55,32.1,64.78,1.42,-13.43
2011-11-22,0.0,1.77,33.59,64.72,1.31,-12.79
2011-11-23,0.0,0.66,35.78,64.81,1.32,-12.94
2011-11-24,0.0,-0.54,34.69,64.81,1.27,-14.24
2011-11-25,0.0,-0.5,26.54,64.69,1.47,-17.06
2011-11-26,0.0,-1.09,22.34,64.57,1.48,-19.47
2011-11-27,0.0,-0.34,20.81,64.51,1.42,-19.59
2011-11-28,0.0,-0.82,23.87,64.4,1.21,-18.15
2011-11-29,0.0,0.45,20.65,64.38,1.01,-18.82
2011-11-30,0.0,3.2,24.4,64.59,1.53,-14.8
2011-12-01,0.0,2.32,30.09,64.67,1.49,-13.5
2011-12-02,0.0,1.43,32.13,64.52,1.08,-12.94
2011-12-03,0.0,-0.42,26.39,64.2,1.22,-16.88
2011-12-04,0.0,-1.19,20.28,64.19,1.01,-20.22
2011-12-05,0.14,-1.8,26.37,64.27,1.55,-18.31
2011-12-06,0.61,-4.32,47.33,64.29,1.43,-13.88
2011-12-07,0.19,-4.89,64.3,64.43,1.53,-11.15
2011-12-08,0.01,-4.13,66.19,64.41,1.65,-11.23
2011-12-09,3.6,-5.31,88.03,64.2,1.73,-7.66
2011-12-10,0.0,-5.69,70.52,63.98,1.26,-11.12
2011-12-11,0.0,-6.58,48.26,64.07,1.5,-16.28
2011-12-12,0.0,-6.22,38.38,64.24,1.46,-18.06
2011-12-13,0.0,-5.9,29.07,64.23,1.24,-20.21
2011-12-14,0.0,-6.18,27.36,64.18,1.18,-21.3
2011-12-15,0.0,-6.72,33.96,64.13,1.32,-19.4
2011-12-16,0.0,-6.69,32.59,64.15,1.14,-20.04
2011-12-17,0.0,-4.35,29.2,64.25,1.04,-18.96
2011-12-18,0.0,-5.51,37.93,64.27,1.45,-17.29
2011-12-19,0.0,-7.11,42.1,64.12,1.66,-17.98
2011-12-20,0.0,-8.96,66.08,64.01,2.33,-14.43
2011-12-21,0.0,-8.31,56.49,64.13,1.4,-16.14
2011-12-22,0.0,-8.17,37.29,64.17,1.38,-20.56
2011-12-23,0.0,-7.39,29.1,64.1,1.5,-22.23
2011-12-24,0.0,-7.28,31.46,64.05,1.21,-20.86
2011-12-25,0.0,-6.98,42.43,64.11,1.38,-17.3
2011-12-26,0.0,-7.71,46.06,64.06,1.45,-17.41
2011-12-27,0.0,-8.3,50.3,64.09,1.34,-16.99
2011-12-28,0.0,-8.02,48.19,64.3,1.32,-17.23
2011-12-29,0.0,-7.9,38.67,64.33,1.33,-19.21
2011-12-30,0.0,-7.88,35.33,64.35,1.39,-20.17
2011-12-31,0.07,-6.84,44.22,64.36,1.67,-17.23
2012-01-01,0.05,-7.29,62.79,64.05,1.1,-13.99
2012-01-02,0.01,-7.53,70.07,63.92,1.19,-13.24
2012-01-03,0.0,-8.02,67.0,63.84,1.51,-14.07
2012-01-04,0.01,-8.41,84.94,63.78,1.48,-11.3
2012-01-05,0.07,-8.69,88.92,63.77,1.99,-10.8
2012-01-06,3.55,-9.36,92.1,63.68,3.05,-10.73
2012-01-07,2.49,-9.56,94.23,63.65,4.93,-10.79
2012-01-08,2.8,-9.92,92.14,63.82,2.82,-11.34
2012-01-09,2.57,-12.29,87.69,63.67,1.55,-14.48
2012-01-10,0.0,-14.17,61.38,63.78,1.37,-20.03
2012-01-11,0.65,-13.88,63.5,63.78,1.49,-19.45
2012-01-12,0.4,-12.8,66.33,63.66,1.17,-18.55
2012-01-13,0.0,-12.84,47.76,63.85,1.63,-21.37
2012-01-14,0.16,-8.96,62.7,63.88,1.25,-14.81
2012-01-15,3.0,-7.88,88.72,63.7,2.14,-9.77
2012-01-16,3.14,-8.57,95.26,63.36,2.8,-9.34
2012-01-17,0.49,-10.49,92.28,63.38,1.42,-11.6
2012-01-18,0.27,-12.46,92.01,63.3,1.91,-13.9
2012-01-19,0.0,-13.22,89.71,63.32,1.94,-14.88
2012-01-20,0.0,-14.32,88.78,63.47,1.41,-16.32
2012-01-21,0.0,-13.83,51.06,63.7,1.5,-21.64
2012-01-22,0.0,-10.89,84.14,63.86,1.37,-13.39
2012-01-23,0.0,-10.6,76.79,63.96,1.37,-14.45
2012-01-24,0.0,-12.42,47.46,63.89,1.97,-21.51
2012-01-25,0.0,-10.59,67.11,63.85,1.42,-16.01
2012-01-26,0.0,-10.97,88.94,63.8,1.42,-12.43
2012-01-27,0.0,-11.52,55.85,63.75,1.53,-18.96
2012-01-28,0.0,-11.71,68.97,63.67,1.51,-16.89
2012-01-29,0.0,-12.4,58.57,63.87,1.79,-19.71
2012-01-30,0.0,-11.2,47.8,64.04,1.78,-20.47
2012-01-31,0.0,-10.83,57.8,64.01,1.63,-18.08
2012-02-01,0.0,-9.41,54.03,64.0,1.53,-18.05
2012-02-02,0.0,-7.89,54.95,64.11,1.18,-15.65
2012-02-03,0.0,-6.86,69.12,64.17,1.38,-12.03
2012-02-04,0.61,-7.23,90.57,63.9,2.99,-9.12
2012-02-05,0.32,-8.02,90.39,63.94,2.76,-9.84
2012-02-06,0.0,-8.06,74.28,64.04,2.37,-12.85
2012-02-07,0.14,-8.5,82.34,63.77,3.45,-11.55
2012-02-08,0.41,-10.73,89.24,63.22,2.49,-12.65
2012-02-09,0.0,-10.74,56.34,63.52,1.53,-18.7
2012-02-10,0.0,-9.34,48.78,63.73,1.58,-18.17
2012-02-11,0.0,-10.17,64.86,63.75,1.54,-16.07
2012-02-12,0.1,-8.58,89.53,63.72,2.18,-10.68
2012-02-13,0.11,-8.35,93.45,63.67,4.11,-9.42
2012-02-14,0.0,-9.59,89.81,63.89,2.28,-11.34
2012-02-15,0.0,-9.89,87.31,63.71,2.63,-11.89
2012-02-16,0.0,-11.13,86.45,63.69,2.22,-13.39
2012-02-17,0.0,-9.68,51.75,63.98,1.4,-19.2
2012-02-18,0.0,-6.23,72.74,64.13,1.6,-10.87
2012-02-19,0.0,-4.9,77.2,64.1,1.5,-9.43
2012-02-20,0.1,-4.49,84.42,64.03,1.62,-7.31
2012-02-21,0.02,-4.73,88.44,63.83,3.38,-6.58
2012-02-22,0.0,-5.98,85.06,63.92,3.71,-8.45
2012-02-23,0.0,-6.09,82.55,63.93,4.17,-9.26
2012-02-24,0.0,-6.85,83.58,63.84,3.86,-9.92
2012-02-25,0.0,-6.68,65.44,63.95,2.15,-12.38
2012-02-26,0.0,-4.04,45.72,64.02,1.59,-16.16
2012-02-27,0.0,-4.12,53.96,63.94,1.49,-12.1
2012-02-28,0.0,-6.0,75.73,63.52,2.13,-10.31
2012-02-29,0.0,-6.4,67.12,63.49,2.35,-13.08
2012-03-01,0.0,-6.96,59.71,63.66,1.93,-14.6
2012-03-02,0.0,-6.59,49.43,63.6,2.02,-16.26
2012-03-03,0.0,-5.42,51.16,63.65,1.84,-14.71
2012-03-04,0.44,-3.92,73.97,63.98,2.76,-8.1
2012-03-05,0.72,-2.72,89.6,63.82,4.74,-4.07
2012-03-06,5.33,-4.52,85.63,63.66,2.56,-6.72
2012-03-07,0.03,-7.27,65.18,63.48,2.91,-14.06
2012-03-08,0.23,-8.56,58.67,63.36,2.79,-15.45
2012-03-09,0.02,-8.29,57.88,63.5,1.89,-15.54
2012-03-10,0.0,-8.3,63.43,63.7,2.09,-14.67
2012-03-11,0.0,-6.85,52.07,64.01,1.78,-16.32
2012-03-12,0.61,-6.17,54.95,64.13,2.46,-15.03
2012-03-13,1.99,-6.01,76.99,63.93,1.91,-10.25
2012-03-14,0.0,-5.67,62.87,64.03,2.15,-12.26
2012-03-15,0.0,-4.75,47.86,63.96,1.39,-15.15
2012-03-16,0.0,-2.0,43.68,64.26,1.66,-12.99
2012-03-17,0.0,-0.74,57.66,64.31,1.47,-8.59
2012-03-18,0.0,-0.43,52.75,64.52,1.94,-10.18
2012-03-19,0.0,0.72,52.44,64.61,2.12,-8.87
2012-03-20,0.0,-0.78,72.32,64.34,5.55,-5.7
2012-03-21,0.0,-3.18,34.54,64.22,2.86,-16.72
2012-03-22,0.0,-1.54,22.89,64.29,1.76,-20.05
2012-03-23,0.0,0.54,30.41,64.51,1.82,-14.42
2012-03-24,0.0,0.67,35.56,64.6,1.77,-12.72
2012-03-25,0.0,0.33,39.72,64.54,1.8,-11.98
2012-03-26,0.0,-1.42,72.67,64.48,2.7,-6.16
2012-03-27,0.0,-1.27,57.59,64.59,1.38,-9.38
2012-03-28,0.0,-0.7,57.03,64.6,2.01,-9.13
2012-03-29,0.0,1.17,42.73,64.41,1.67,-12.53
2012-03-30,0.0,3.73,26.71,64.45,1.75,-14.47
2012-03-31,0.0,3.62,41.05,64.68,1.82,-9.23
2012-04-01,0.0,3.01,49.37,64.74,1.56,-6.93
2012-04-02,0.0,3.37,48.06,64.76,2.01,-7.24
2012-04-03,0.0,2.63,56.45,64.81,1.82,-5.7
2012-04-04,0.0,1.96,64.86,64.58,1.87,-4.62
2012-04-05,0.43,1.34,62.6,64.36,2.0,-6.18
2012-04-06,0.0,1.1,53.84,64.27,1.97,-8.62
2012-04-07,0.0,0.85,61.12,64.3,1.89,-6.55
2012-04-08,0.0,2.13,55.53,64.29,1.91,-7.15
2012-04-09,0.0,1.79,58.33,64.37,1.71,-5.89
2012-04-10,2.2,0.32,77.26,64.38,1.87,-3.51
2012-04-11,7.42,-0.5,81.4,64.21,2.71,-3.87
2012-04-12,1.14,-1.63,76.28,64.1,1.62,-6.06
2012-04-13,4.44,-2.03,74.99,64.14,2.24,-6.48
2012-04-14,0.05,-2.61,68.37,64.25,1.86,-8.61
2012-04-15,0.4,-1.57,72.4,64.2,2.12,-6.96
2012-04-16,0.79,-0.27,61.12,64.17,2.08,-8.09
2012-04-17,0.0,0.57,61.65,64.09,1.57,-6.8
2012-04-18,0.0,1.33,58.91,64.16,1.7,-6.6
2012-04-19,0.0,2.8,56.9,64.37,1.79,-5.79
2012-04-20,0.0,4.5,63.46,64.53,1.74,-2.73
2012-04-21,0.0,3.47,71.59,64.43,2.0,-1.88
2012-04-22,0.48,1.78,75.83,64.06,2.55,-2.85
2012-04-23,0.0,1.47,71.99,64.09,2.15,-4.18
2012-04-24,0.0,2.06,67.33,64.25,1.99,-4.58
2012-04-25,0.0,2.06,68.67,64.32,2.04,-4.01
2012-04-26,0.0,1.99,69.83,64.44,2.03,-4.31
2012-04-27,0.07,1.66,74.12,64.19,2.31,-3.07
2012-04-28,8.12,0.77,77.03,63.94,2.54,-3.45
2012-04-29,0.72,-0.63,73.31,63.93,2.3,-5.57
2012-04-30,0.23,-0.46,67.7,63.96,2.36,-6.9
2012-05-01,0.0,-1.69,65.87,64.09,2.07,-7.88
2012-05-02,0.0,0.04,59.97,64.13,1.98,-8.17
2012-05-03,0.04,1.74,51.2,64.11,2.11,-7.82
2012-05-04,0.0,1.87,54.72,64.15,1.81,-6.86
2012-05-05,0.79,1.63,64.81,64.34,1.79,-4.92
2012-05-06,0.0,3.41,60.02,64.37,1.92,-4.58
2012-05-07,0.0,4.76,60.97,64.4,1.98,-2.96
2012-05-08,0.0,5.82,52.8,64.52,1.86,-4.7
2012-05-09,0.0,6.23,47.39,64.65,2.2,-5.32
2012-05-10,0.0,6.12,56.54,64.71,2.05,-3.17
2012-05-11,0.0,5.31,71.38,64.51,1.98,-0.49
2012-05-12,0.0,5.15,62.25,64.38,2.28,-2.99
2012-05-13,0.0,4.82,53.18,64.37,2.18,-6.01
2012-05-14,0.0,4.88,54.29,64.28,2.25,-4.97
2012-05-15,0.0,4.41,51.39,64.35,2.1,-6.07
2012-05-16,0.0,6.18,47.58,64.24,1.99,-5.26
2012-05-17,0.0,6.49,50.6,64.39,2.04,-3.54
2012-05-18,0.0,6.51,51.86,64.49,2.11,-3.7
2012-05-19,0.0,5.76,53.68,64.52,2.2,-3.82
2012-05-20,0.17,5.43,47.96,64.5,2.35,-6.36
2012-05-21,0.0,5.13,45.53,64.47,2.25,-7.16
2012-05-22,0.0,5.23,48.71,64.46,2.4,-6.67
2012-05-23,0.0,5.96,47.67,64.38,2.09,-5.69
2012-05-24,0.0,7.9,31.71,64.29,2.15,-9.96
2012-05-25,0.0,9.22,30.13,64.42,2.33,-8.31
2012-05-26,0.0,7.84,50.89,64.46,2.47,-2.32
2012-05-27,0.0,7.76,54.56,64.39,2.04,-2.02
2012-05-28,0.0,7.99,52.28,64.41,2.15,-2.37
2012-05-29,0.0,8.32,47.82,64.5,2.09,-3.41
2012-05-30,0.0,10.61,35.98,64.4,1.93,-6.09
2012-05-31,0.0,10.69,33.34,64.42,2.31,-5.7
2012-06-01,0.0,9.98,34.03,64.43,2.01,-6.39
2012-06-02,0.01,9.49,35.07,64.33,2.26,-6.47
2012-06-03,0.02,7.87,43.5,64.12,2.28,-4.45
2012-06-04,1.61,8.09,46.32,64.17,2.28,-3.74
2012-06-05,1.12,8.46,47.15,64.21,1.62,-3.24
2012-06-06,0.05,7.18,60.76,64.15,2.35,-1.01
2012-06-07,0.0,6.12,70.25,64.23,2.28,0.33
2012-06-08,0.0,6.32,67.94,64.27,2.15,-0.1
2012-06-09,0.0,7.37,59.98,64.21,2.13,-1.29
2012-06-10,0.0,7.3,58.12,64.11,2.24,-1.63
2012-06-11,0.0,8.18,51.35,64.19,2.17,-2.94
2012-06-12,0.0,8.8,47.67,64.36,2.05,-2.72
2012-06-13,0.0,9.17,47.37,64.5,1.97,-2.53
2012-06-14,0.0,9.83,42.35,64.45,2.02,-4.45
2012-06-15,0.0,10.12,41.97,64.31,2.0,-3.7
2012-06-16,0.0,10.49,39.64,64.17,2.1,-4.2
2012-06-17,0.0,10.88,34.52,64.21,2.08,-5.56
2012-06-18,0.24,10.73,41.84,64.34,2.26,-2.83
2012-06-19,0.0,10.11,51.1,64.2,2.21,-0.84
2012-06-20,0.0,10.4,52.87,64.13,2.12,-0.3
2012-06-21,0.0,11.77,49.25,64.21,2.25,-0.26
2012-06-22,0.39,11.73,46.74,64.38,2.36,-1.07
2012-06-23,6.72,11.17,52.5,64.27,2.34,0.14
2012-06-24,3.1,9.95,61.52,64.13,2.24,1.8
2012-06-25,0.14,9.11,60.05,64.17,2.23,0.22
2012-06-26,6.59,8.54,65.41,64.09,2.26,1.34
2012-06-27,1.45,8.45,68.06,64.2,2.2,1.69
2012-06-28,0.0,9.49,56.42,64.3,2.01,-0.08
2012-06-29,0.0,9.45,56.62,64.32,2.02,0.25
2012-06-30,0.0,10.46,58.28,64.28,1.99,1.5
2012-07-01,13.06,10.89,65.64,64.35,2.0,3.67
2012-07-02,6.74,11.54,70.69,64.42,2.07,5.39
2012-07-03,6.99,12.44,67.73,64.2,2.22,5.4
2012-07-04,0.3,12.11,69.93,64.11,2.32,5.85
2012-07-05,0.17,11.6,76.7,64.14,2.64,6.97
2012-07-06,6.66,11.01,71.98,64.09,2.32,5.29
2012-07-07,3.01,10.89,82.64,63.98,2.68,7.5
2012-07-08,0.79,11.18,78.46,64.14,2.3,6.81
2012-07-09,0.49,11.68,78.77,64.31,2.25,7.37
2012-07-10,5.38,11.38,77.97,64.42,1.83,6.93
2012-07-11,11.49,11.25,85.18,64.39,2.14,8.29
2012-07-12,0.71,11.41,81.6,64.33,2.44,7.78
2012-07-13,18.16,11.09,79.72,64.2,2.86,7.03
2012-07-14,3.99,9.64,78.93,64.09,2.41,5.54
2012-07-15,2.46,9.48,82.44,64.15,2.61,6.25
2012-07-16,0.0,10.37,76.3,64.35,2.4,5.76
2012-07-17,0.15,12.02,78.93,64.34,2.19,7.7
2012-07-18,0.39,12.81,80.79,64.16,2.27,9.07
2012-07-19,0.92,12.3,74.29,64.11,2.51,6.73
2012-07-20,4.95,11.02,72.94,64.26,2.15,5.1
2012-07-21,1.09,11.26,82.51,64.43,2.23,7.81
2012-07-22,8.48,12.84,82.55,64.37,2.14,9.51
2012-07-23,4.05,13.41,83.8,64.1,2.36,10.29
2012-07-24,12.21,12.8,82.83,64.0,2.48,9.53
2012-07-25,3.65,11.85,83.73,64.15,2.44,8.71
2012-07-26,0.83,11.89,85.05,64.2,2.85,9.01
2012-07-27,5.57,11.98,84.39,64.16,2.6,9.0
2012-07-28,0.32,12.18,86.7,64.15,2.66,9.7
2012-07-29,8.76,12.4,87.02,64.16,2.31,10.0
2012-07-30,6.56,12.07,85.15,64.18,2.25,9.22
2012-07-31,2.69,11.56,88.69,64.16,2.25,9.55
2012-08-01,2.4,12.55,84.69,64.19,2.07,9.69
2012-08-02,0.24,12.57,85.55,64.11,2.12,9.86
2012-08-03,28.45,11.54,86.82,64.02,2.66,9.18
2012-08-04,15.85,10.32,86.98,64.14,2.65,7.82
2012-08-05,0.6,9.62,83.09,64.27,2.26,6.48
2012-08-06,0.0,10.44,83.11,64.35,2.14,7.25
2012-08-07,7.63,10.72,84.37,64.41,2.05,7.76
2012-08-08,3.54,10.66,87.31,64.35,2.05,8.33
2012-08-09,4.85,11.25,87.73,64.18,2.47,8.94
2012-08-10,2.29,9.13,90.32,64.26,2.24,7.42
2012-08-11,9.06,9.13,87.01,64.4,1.93,6.74
2012-08-12,6.45,10.54,84.92,64.32,2.1,7.79
2012-08-13,0.74,10.22,91.5,64.23,2.35,8.68
2012-08-14,13.23,10.39,91.36,64.27,2.54,8.8
2012-08-15,13.22,10.45,92.75,64.39,2.16,9.05
2012-08-16,5.34,10.51,88.72,64.48,1.81,8.39
2012-08-17,15.12,10.33,88.61,64.43,1.66,8.33
2012-08-18,38.6,10.07,96.19,64.36,0.91,9.29
2012-08-19,3.48,9.62,92.11,64.34,1.51,8.25
2012-08-20,8.66,11.28,87.11,64.3,1.81,9.02
2012-08-21,6.02,9.98,91.86,64.31,1.64,8.59
2012-08-22,3.16,9.06,90.94,64.38,1.55,7.57
2012-08-23,4.69,9.3,93.09,64.38,2.11,8.14
2012-08-24,9.95,9.46,89.87,64.34,1.72,7.64
2012-08-25,4.48,9.68,87.56,64.45,1.68,7.46
2012-08-26,3.69,9.14,92.07,64.42,1.72,7.72
2012-08-27,3.17,9.29,93.91,64.33,1.72,8.1
2012-08-28,1.11,8.51,91.36,64.47,1.55,6.91
2012-08-29,0.82,8.98,91.74,64.55,1.82,7.44
2012-08-30,4.74,9.5,88.9,64.5,1.73,7.51
2012-08-31,2.86,10.86,90.29,64.38,2.05,9.09
2012-09-01,0.58,11.59,86.75,64.35,1.52,8.87
2012-09-02,2.18,10.12,92.15,64.37,2.1,8.75
2012-09-03,0.19,8.9,92.58,64.34,1.98,7.48
2012-09-04,4.07,8.2,89.0,64.49,1.7,6.19
2012-09-05,3.24,8.35,90.5,64.59,1.75,6.61
2012-09-06,1.02,9.34,89.9,64.6,1.98,7.42
2012-09-07,9.84,8.58,92.1,64.59,1.49,7.1
2012-09-08,2.38,9.58,90.07,64.59,1.89,7.69
2012-09-09,0.0,9.36,85.39,64.65,1.46,6.65
2012-09-10,0.2,10.0,81.92,64.58,1.58,6.6
2012-09-11,10.28,11.01,87.91,64.46,1.79,8.78
2012-09-12,11.52,10.75,91.03,64.37,2.11,9.15
2012-09-13,9.89,10.29,92.36,64.26,2.1,8.9
2012-09-14,10.68,10.41,94.3,64.07,2.92,9.35
2012-09-15,4.09,10.04,89.0,64.1,2.01,7.97
2012-09-16,5.99,9.26,90.39,64.21,1.93,7.51
2012-09-17,19.46,8.55,91.2,64.44,2.54,6.92
2012-09-18,14.56,6.61,90.69,64.41,2.17,4.95
2012-09-19,0.03,5.69,82.06,64.45,1.76,2.41
2012-09-20,0.0,6.3,84.38,64.47,1.47,3.31
2012-09-21,0.0,6.65,85.83,64.47,1.42,3.9
2012-09-22,0.0,5.62,87.11,64.48,1.58,3.24
2012-09-23,0.0,4.96,80.47,64.35,1.5,1.08
2012-09-24,0.0,4.66,76.04,64.27,1.45,-0.03
2012-09-25,0.0,5.83,84.48,64.36,1.5,2.85
2012-09-26,0.0,5.89,78.4,64.65,1.4,1.5
2012-09-27,0.0,5.6,77.48,64.79,1.49,1.24
2012-09-28,0.0,5.59,75.8,64.74,1.43,1.09
2012-09-29,1.72,5.91,80.84,64.79,1.42,2.07
2012-09-30,0.36,5.45,75.46,64.78,1.55,0.91
2012-10-01,0.02,5.47,74.36,64.77,1.56,0.6
2012-10-02,0.0,4.95,73.1,64.64,1.54,-0.4
2012-10-03,0.0,4.1,81.29,64.37,1.74,0.62
2012-10-04,0.0,3.14,80.2,64.2,1.51,-0.55
2012-10-05,0.0,3.25,79.97,64.28,1.6,-0.64
2012-10-06,0.0,3.32,65.8,64.52,1.57,-3.71
2012-10-07,0.0,3.46,69.45,64.66,1.47,-3.03
2012-10-08,0.0,2.39,78.76,64.53,1.48,-1.72
2012-10-09,0.12,1.73,85.8,64.38,1.7,-0.8
2012-10-10,0.01,1.6,84.36,64.42,1.82,-1.25
2012-10-11,0.0,1.67,77.96,64.38,1.45,-2.51
2012-10-12,0.0,1.57,79.11,64.38,1.57,-2.38
2012-10-13,0.0,0.87,77.84,64.44,1.74,-3.4
2012-10-14,0.0,1.13,76.89,64.46,1.48,-3.31
2012-10-15,0.26,1.23,82.3,64.59,1.55,-1.98
2012-10-16,0.0,-0.01,79.71,64.6,1.75,-3.51
2012-10-17,0.0,-0.3,72.4,64.62,1.36,-5.52
2012-10-18,0.0,-0.03,71.55,64.6,1.49,-5.26
2012-10-19,0.0,0.06,72.11,64.61,1.65,-5.51
2012-10-20,0.0,-0.3,82.07,64.65,1.47,-3.59
2012-10-21,0.0,-0.28,74.06,64.62,1.49,-5.21
2012-10-22,0.0,-1.94,80.93,64.58,1.5,-5.38
2012-10-23,0.14,-1.97,84.9,64.45,1.96,-4.66
2012-10-24,0.27,-2.18,83.95,64.17,1.48,-5.12
2012-10-25,0.0,-1.02,81.25,64.17,1.45,-4.52
2012-10-26,0.0,-2.1,75.77,64.26,1.38,-6.54
2012-10-27,0.0,-1.55,78.1,64.31,1.43,-5.74
2012-10-28,0.0,0.3,73.24,64.49,1.36,-5.03
2012-10-29,0.0,0.79,74.99,64.54,1.37,-3.97
2012-10-30,0.0,1.65,70.51,64.58,1.37,-4.1
2012-10-31,0.0,1.26,76.39,64.65,1.37,-3.29
2012-11-01,0.0,1.13,71.9,64.61,1.37,-4.28
2012-11-02,0.0,0.81,71.38,64.53,1.43,-4.87
2012-11-03,0.0,0.05,62.05,64.45,1.43,-7.74
2012-11-04,0.0,-0.41,68.08,64.4,1.53,-6.95
2012-11-05,0.0,-1.23,75.82,64.35,1.32,-5.98
2012-11-06,0.0,-2.32,80.42,64.31,1.16,-5.97
2012-11-07,0.0,-1.71,77.84,64.18,1.24,-5.76
2012-11-08,0.0,-2.49,67.02,64.05,1.56,-8.94
2012-11-09,0.0,-2.07,63.81,64.17,1.48,-8.96
2012-11-10,0.0,-2.74,81.03,64.29,1.23,-6.65
2012-11-11,0.0,-1.79,79.71,64.17,0.96,-5.9
2012-11-12,0.0,-1.45,73.86,64.34,1.39,-6.71
2012-11-13,0.0,-2.63,69.18,64.42,1.53,-8.75
2012-11-14,0.0,-2.65,58.26,64.24,1.57,-10.56
2012-11-15,0.0,-1.04,39.77,64.38,1.26,-14.53
2012-11-16,0.0,0.42,34.8,64.65,1.2,-13.64
2012-11-17,0.0,-1.76,46.68,64.59,1.39,-11.94
2012-11-18,0.0,-3.28,64.91,64.34,1.89,-9.76
2012-11-19,0.0,-3.7,77.05,64.32,1.45,-8.26
2012-11-20,0.0,-2.76,60.08,64.46,1.18,-10.86
2012-11-21,0.0,-2.23,60.97,64.45,1.19,-8.95
2012-11-22,0.0,-1.99,54.66,64.33,1.51,-10.18
2012-11-23,0.0,-4.61,75.13,64.12,2.12,-9.1
2012-11-24,0.0,-6.09,77.36,63.95,1.71,-10.2
2012-11-25,0.0,-4.41,66.49,64.08,1.18,-11.01
2012-11-26,0.0,-3.84,59.83,64.19,1.42,-10.71
2012-11-27,0.0,-3.31,52.88,64.19,1.22,-12.53
2012-11-28,0.0,-2.15,50.05,64.18,1.48,-11.39
2012-11-29,3.24,-4.91,85.98,63.91,3.23,-7.51
2012-11-30,0.09,-5.17,61.42,64.03,1.33,-12.84
2012-12-01,0.0,-4.72,47.59,64.2,1.22,-14.29
2012-12-02,0.0,-3.85,56.08,64.4,0.91,-11.37
2012-12-03,0.0,-3.05,46.22,64.5,1.14,-12.97
2012-12-04,0.0,-2.38,41.98,64.56,1.32,-13.6
2012-12-05,0.0,-0.2,40.27,64.64,1.25,-12.01
2012-12-06,0.0,-0.81,40.14,64.59,1.21,-12.64
2012-12-07,0.0,-1.79,53.28,64.45,0.74,-10.36
2012-12-08,0.0,-1.92,58.79,64.28,1.21,-9.1
2012-12-09,0.0,-3.48,61.7,64.12,1.19,-10.24
2012-12-10,0.0,-4.91,69.57,64.0,1.56,-10.31
2012-12-11,3.42,-6.99,95.24,63.8,2.12,-8.4
2012-12-12,0.06,-7.88,81.23,63.78,1.65,-11.43
2012-12-13,3.29,-7.43,92.53,63.75,2.14,-9.12
2012-12-14,4.0,-6.95,95.93,64.01,3.37,-7.93
2012-12-15,0.01,-6.87,94.12,64.25,2.08,-8.16
2012-12-16,0.0,-7.06,94.47,64.32,2.21,-8.08
2012-12-17,0.0,-5.15,59.4,64.49,1.19,-12.56
2012-12-18,0.0,-4.74,81.09,64.36,1.75,-8.11
2012-12-19,0.0,-6.64,51.58,64.12,1.39,-15.74
2012-12-20,0.0,-6.0,37.18,64.02,1.15,-18.18
2012-12-21,0.0,-6.1,43.56,64.17,1.39,-16.58
2012-12-22,0.0,-4.54,37.93,64.33,1.34,-17.44
2012-12-23,0.0,-3.42,35.09,64.44,1.31,-16.68
2012-12-24,0.0,-5.22,61.74,64.24,1.62,-11.79
2012-12-25,0.0,-6.2,61.82,63.99,1.16,-13.63
2012-12-26,0.0,-4.94,46.41,64.06,1.25,-15.17
2012-12-27,0.0,-4.24,61.34,64.07,1.16,-10.83
2012-12-28,0.44,-6.33,66.67,63.77,2.87,-12.01
2012-12-29,0.13,-7.75,79.42,63.91,2.06,-11.35
2012-12-30,0.0,-6.9,67.31,63.98,1.4,-13.06
2012-12-31,0.0,-6.12,45.94,63.97,1.59,-16.74
2013-01-01,0.0,-4.67,46.98,64.0,1.25,-14.83
2013-01-02,0.0,-6.86,56.2,63.86,1.59,-14.94
2013-01-03,0.0,-8.75,70.5,63.92,1.86,-14.26
2013-01-04,0.0,-9.01,67.14,63.85,2.53,-14.52
2013-01-05,0.0,-10.29,66.2,63.57,1.76,-15.87
2013-01-06,0.0,-10.43,75.99,63.66,1.8,-14.69
2013-01-07,0.0,-11.55,67.23,63.65,1.53,-17.01
2013-01-08,0.0,-9.05,43.99,63.77,1.57,-19.43
2013-01-09,0.2,-6.94,58.44,63.91,1.45,-13.84
2013-01-10,0.0,-7.21,48.6,63.84,1.67,-17.13
2013-01-11,0.0,-5.33,36.5,64.1,1.34,-18.12
2013-01-12,0.06,-4.2,74.31,64.26,2.2,-8.24
2013-01-13,0.0,-5.26,79.53,64.02,1.75,-8.94
2013-01-14,0.0,-5.99,77.64,64.01,1.65,-10.01
2013-01-15,0.0,-6.73,78.81,64.03,1.98,-10.71
2013-01-16,0.0,-6.95,85.78,64.12,2.01,-9.37
2013-01-17,18.43,-5.8,96.64,63.97,5.0,-6.11
2013-01-18,30.55,-7.91,100.0,63.58,4.89,-8.18
2013-01-19,0.39,-13.49,93.72,63.86,0.86,-14.59
2013-01-20,0.01,-13.35,95.59,63.92,1.31,-14.13
2013-01-21,0.0,-15.03,90.67,64.11,1.52,-16.67
2013-01-22,0.0,-12.39,91.66,64.18,1.34,-13.95
2013-01-23,0.0,-12.25,92.55,64.1,1.57,-13.84
2013-01-24,0.0,-13.67,85.11,64.03,1.41,-16.32
2013-01-25,0.0,-13.62,86.15,64.17,1.63,-15.97
2013-01-26,0.0,-14.85,71.64,64.15,1.79,-19.13
2013-01-27,0.0,-10.19,58.39,64.23,1.3,-17.06
2013-01-28,0.0,-8.28,85.83,64.14,1.13,-10.72
2013-01-29,0.0,-12.82,82.3,64.13,1.63,-15.83
2013-01-30,0.0,-9.7,68.11,64.25,1.28,-14.62
2013-01-31,0.0,-8.18,84.36,64.24,1.24,-10.95
2013-02-01,0.0,-6.6,83.04,64.23,0.91,-9.47
2013-02-02,0.0,-6.23,86.42,64.12,1.13,-8.54
2013-02-03,0.22,-7.42,82.71,64.08,1.44,-10.76
2013-02-04,13.92,-4.95,96.99,64.06,3.45,-5.77
2013-02-05,30.26,-6.51,99.69,64.01,4.07,-6.99
2013-02-06,8.57,-7.4,98.61,64.04,3.75,-8.15
2013-02-07,0.26,-9.59,91.45,63.95,1.21,-11.37
2013-02-08,0.04,-12.13,73.49,64.03,1.61,-16.94
2013-02-09,0.0,-10.54,63.94,64.19,1.47,-16.87
2013-02-10,0.0,-8.83,87.98,64.21,1.28,-10.91
2013-02-11,0.0,-8.08,82.64,64.25,1.5,-11.13
2013-02-12,0.0,-6.58,89.24,64.24,1.44,-8.86
2013-02-13,0.0,-7.21,88.25,64.14,1.41,-9.61
2013-02-14,0.0,-8.54,82.53,64.13,1.72,-12.03
2013-02-15,6.3,-6.12,93.71,63.8,2.4,-7.57
2013-02-16,10.86,-7.15,97.26,63.36,2.07,-8.1
2013-02-17,2.57,-8.48,95.58,63.45,1.55,-9.46
2013-02-18,0.01,-7.91,87.07,63.83,1.2,-10.21
2013-02-19,0.0,-8.91,81.99,63.93,1.55,-12.22
2013-02-20,0.0,-7.37,85.5,64.05,1.37,-9.95
2013-02-21,2.77,-8.37,86.14,64.16,1.88,-11.13
2013-02-22,2.8,-6.35,90.47,64.25,2.09,-8.28
2013-02-23,5.75,-5.8,96.12,64.12,2.48,-6.83
2013-02-24,1.63,-5.91,82.37,64.28,1.2,-9.17
2013-02-25,0.0,-5.39,84.05,64.45,1.57,-8.57
2013-02-26,0.02,-4.0,70.68,64.41,2.04,-9.44
2013-02-27,1.05,-5.47,93.23,64.17,4.47,-6.86
2013-02-28,0.0,-6.47,84.32,64.24,1.99,-9.54
2013-03-01,0.0,-5.04,61.46,64.38,1.67,-12.84
2013-03-02,0.0,-3.88,61.84,64.55,1.71,-11.39
2013-03-03,0.0,-2.96,55.56,64.6,1.73,-12.05
2013-03-04,0.0,-2.5,63.81,64.6,1.9,-9.59
2013-03-05,0.0,-3.91,79.33,64.6,1.68,-8.1
2013-03-06,0.0,-2.62,70.43,64.6,1.47,-8.7
2013-03-07,0.0,-1.61,63.18,64.62,1.76,-8.86
2013-03-08,0.0,-2.03,73.44,64.61,1.7,-7.26
2013-03-09,0.0,-3.07,75.65,64.33,1.64,-7.99
2013-03-10,0.0,-3.39,88.29,64.13,1.94,-5.67
2013-03-11,0.0,-2.35,80.59,64.31,1.35,-5.94
2013-03-12,0.0,-3.21,73.74,64.37,1.44,-8.1
2013-03-13,1.68,-2.01,80.28,64.37,1.67,-5.31
2013-03-14,4.33,-2.96,91.09,64.24,2.7,-4.47
2013-03-15,1.21,-4.12,85.07,64.4,1.9,-6.88
2013-03-16,0.0,-3.86,86.95,64.48,1.53,-6.45
2013-03-17,0.0,-4.4,84.92,64.34,1.59,-7.23
2013-03-18,0.0,-3.94,64.48,64.17,1.8,-11.05
2013-03-19,0.0,-1.68,69.65,64.19,1.72,-7.46
2013-03-20,0.0,-1.61,85.74,64.39,1.48,-4.34
2013-03-21,0.0,-2.51,87.89,64.21,1.5,-4.88
2013-03-22,0.0,-1.43,63.99,64.13,1.87,-8.31
2013-03-23,0.39,-0.93,76.58,64.34,2.07,-5.14
2013-03-24,0.97,-1.68,89.3,64.42,3.32,-3.65
2013-03-25,0.04,-2.77,76.6,64.19,1.45,-7.17
2013-03-26,0.0,-2.27,65.43,64.11,1.91,-9.37
2013-03-27,0.0,0.14,73.62,64.3,1.63,-4.49
2013-03-28,0.11,-1.09,83.89,64.33,1.95,-4.01
2013-03-29,0.5,-1.7,78.44,64.14,0.88,-5.6
2013-03-30,0.0,-1.62,88.5,64.02,1.65,-3.9
2013-03-31,0.0,-0.67,85.27,64.1,1.94,-3.24
2013-04-01,0.0,-0.03,78.64,64.29,1.82,-4.09
2013-04-02,0.01,-1.85,76.7,64.39,1.67,-6.06
2013-04-03,0.01,-1.9,86.09,64.25,2.11,-4.39
2013-04-04,0.0,-1.51,69.2,64.07,1.85,-7.51
2013-04-05,0.0,-2.8,65.07,63.96,2.21,-9.64
2013-04-06,0.0,-0.94,57.55,64.09,1.81,-9.39
2013-04-07,0.0,0.78,63.57,64.24,1.77,-5.97
2013-04-08,0.0,1.55,68.18,64.4,2.07,-4.65
2013-04-09,0.26,1.35,78.86,64.48,2.13,-2.38
2013-04-10,0.01,0.64,79.35,64.4,2.34,-3.09
2013-04-11,0.0,0.37,82.34,64.31,1.77,-2.85
2013-04-12,0.0,1.67,72.13,64.42,1.95,-3.6
2013-04-13,0.0,1.11,73.18,64.48,1.73,-3.96
2013-04-14,0.13,1.19,78.54,64.39,2.03,-2.8
2013-04-15,0.0,2.0,77.69,64.14,1.93,-2.3
2013-04-16,0.0,2.33,79.51,64.07,3.1,-1.55
2013-04-17,0.0,1.58,64.17,64.0,2.19,-5.15
2013-04-18,0.0,1.72,51.45,64.17,2.1,-7.52
2013-04-19,0.0,1.72,51.81,64.23,1.59,-7.51
2013-04-20,0.07,1.77,61.79,64.25,2.2,-5.07
2013-04-21,0.03,0.4,81.24,64.22,2.23,-2.97
2013-04-22,0.0,0.8,82.51,64.25,1.79,-2.4
2013-04-23,0.0,1.47,83.78,64.42,1.94,-1.32
2013-04-24,0.0,3.03,78.8,64.56,1.95,-0.93
2013-04-25,0.03,4.44,67.51,64.61,1.69,-2.17
2013-04-26,0.57,2.96,78.5,64.61,2.43,-0.83
2013-04-27,0.0,3.26,66.18,64.53,1.75,-3.32
2013-04-28,0.0,4.13,74.01,64.37,2.18,-0.9
2013-04-29,0.27,3.39,77.39,64.46,2.42,-0.6
2013-04-30,0.05,3.79,73.92,64.53,2.2,-0.85
2013-05-01,0.0,3.84,65.25,64.32,3.08,-2.72
2013-05-02,0.0,3.43,51.9,64.02,2.48,-5.98
2013-05-03,0.0,4.54,50.59,63.98,2.3,-5.97
2013-05-04,0.0,4.16,50.39,64.18,2.44,-5.61
2013-05-05,0.0,4.1,60.25,64.41,2.76,-3.28
2013-05-06,0.0,4.28,68.21,64.43,2.61,-1.75
2013-05-07,0.0,5.39,50.88,64.43,2.1,-4.9
2013-05-08,0.0,6.03,51.26,64.42,2.31,-3.99
2013-05-09,0.0,6.26,44.51,64.38,2.32,-6.2
2013-05-10,0.01,6.57,48.83,64.42,2.24,-4.27
2013-05-11,0.22,4.05,72.99,64.15,2.42,-0.87
2013-05-12,1.44,2.26,78.52,64.21,2.37,-1.51
2013-05-13,0.0,4.55,72.98,64.18,2.2,-0.75
2013-05-14,0.0,5.32,68.94,64.2,2.6,-0.88
2013-05-15,0.0,5.33,57.92,64.24,2.21,-3.67
2013-05-16,0.0,6.09,56.54,64.18,2.24,-2.38
2013-05-17,0.0,7.05,56.24,64.35,2.18,-1.55
2013-05-18,0.0,8.81,45.3,64.44,2.08,-3.75
2013-05-19,0.0,9.67,36.29,64.54,2.25,-5.31
2013-05-20,0.0,9.87,41.22,64.55,2.1,-3.43
2013-05-21,0.0,10.19,45.56,64.55,2.3,-2.45
2013-05-22,0.0,10.74,41.19,64.53,2.3,-2.95
2013-05-23,0.0,11.35,37.7,64.47,2.18,-3.61
2013-05-24,0.0,11.73,34.38,64.52,2.24,-4.41
2013-05-25,0.0,11.0,44.6,64.55,2.12,-1.42
2013-05-26,0.0,10.27,56.28,64.56,2.44,1.1
2013-05-27,0.71,8.26,63.26,64.5,2.67,0.98
2013-05-28,0.05,7.5,52.18,64.45,2.4,-2.52
2013-05-29,0.0,6.71,37.02,64.38,2.69,-7.55
2013-05-30,3.93,6.98,35.64,64.29,1.59,-8.15
2013-05-31,0.0,8.83,45.95,64.27,2.06,-3.17
2013-06-01,0.0,9.95,41.66,64.39,2.16,-3.54
2013-06-02,0.0,9.92,51.44,64.37,2.28,-0.86
2013-06-03,0.64,9.51,63.55,64.4,2.31,1.79
2013-06-04,0.0,9.96,64.37,64.48,2.26,2.66
2013-06-05,1.87,10.95,63.1,64.54,2.3,3.19
2013-06-06,0.05,9.86,63.38,64.44,2.51,2.68
2013-06-07,0.26,10.28,56.13,64.39,2.25,1.03
2013-06-08,0.59,11.3,57.99,64.3,1.94,2.22
2013-06-09,1.15,12.06,54.52,64.32,2.0,1.28
2013-06-10,12.91,12.6,64.71,64.38,2.15,4.9
2013-06-11,4.31,11.49,84.39,64.42,2.29,8.41
2013-06-12,2.95,9.92,88.54,64.33,2.12,7.69
2013-06-13,23.69,9.04,84.7,64.3,2.24,6.25
2013-06-14,21.09,8.83,82.57,64.2,2.4,5.58
2013-06-15,46.03,8.24,79.39,64.22,2.47,4.19
2013-06-16,84.99,4.07,94.48,64.04,2.1,3.14
2013-06-17,45.33,2.28,90.73,63.88,1.35,0.81
2013-06-18,1.5,5.13,76.83,64.02,1.67,1.0
2013-06-19,0.0,7.38,81.44,64.08,1.32,3.58
2013-06-20,0.0,9.46,69.33,64.17,1.57,2.54
2013-06-21,0.0,10.82,73.51,64.19,1.86,5.33
2013-06-22,10.82,11.64,84.68,64.27,1.87,8.56
2013-06-23,6.56,11.79,82.95,64.22,1.74,8.24
2013-06-24,22.65,12.19,83.64,64.21,1.77,8.8
2013-06-25,7.33,12.15,86.57,64.29,1.99,9.65
2013-06-26,2.55,11.94,86.33,64.22,2.08,9.37
2013-06-27,6.37,10.39,89.75,64.1,2.46,8.57
2013-06-28,2.12,10.43,88.99,64.07,2.35,8.35
2013-06-29,5.33,10.52,86.24,64.1,2.0,7.93
2013-06-30,0.0,10.36,77.38,64.2,1.86,5.48
2013-07-01,3.08,10.13,83.51,64.18,1.97,6.95
2013-07-02,3.96,10.04,83.93,64.21,1.89,6.96
2013-07-03,4.46,10.62,86.91,64.32,1.83,8.2
2013-07-04,0.6,11.68,85.25,64.32,1.8,8.9
2013-07-05,4.77,12.07,86.5,64.26,1.91,9.56
2013-07-06,2.16,11.44,91.12,64.35,2.33,9.9
2013-07-07,21.56,11.29,91.19,64.3,2.26,9.74
2013-07-08,18.4,10.81,88.93,64.2,2.13,8.87
2013-07-09,2.85,10.47,86.63,64.09,1.99,8.01
2013-07-10,0.22,9.64,77.29,64.07,1.74,5.19
2013-07-11,2.48,10.01,80.19,64.27,1.63,6.11
2013-07-12,0.43,10.72,86.55,64.41,1.83,8.13
2013-07-13,5.8,11.17,81.1,64.37,1.65,7.73
2013-07-14,2.22,12.1,88.51,64.23,2.04,10.0
2013-07-15,16.53,12.12,90.19,64.29,2.52,10.32
2013-07-16,11.4,12.02,89.93,64.29,2.27,10.21
2013-07-17,9.31,12.14,89.49,64.28,1.99,10.24
2013-07-18,2.91,12.85,88.1,64.08,2.16,10.67
2013-07-19,14.21,11.85,89.17,64.03,2.33,9.9
2013-07-20,5.81,10.19,90.69,64.24,1.95,8.62
2013-07-21,15.46,10.67,86.61,64.13,1.72,8.31
2013-07-22,3.02,10.62,92.3,64.1,2.52,9.33
2013-07-23,0.28,10.3,91.48,64.24,1.91,8.73
2013-07-24,7.98,9.87,91.1,64.22,2.64,8.17
2013-07-25,0.73,9.89,81.7,64.07,1.78,6.39
2013-07-26,0.19,10.29,84.31,64.0,1.86,7.26
2013-07-27,0.6,11.14,90.03,64.2,1.78,9.28
2013-07-28,10.5,13.62,81.93,64.32,1.42,9.43
2013-07-29,4.96,13.54,85.02,64.28,1.7,10.29
2013-07-30,3.84,13.21,86.53,64.21,1.58,10.62
2013-07-31,9.86,13.03,87.26,64.1,1.71,10.55
2013-08-01,4.65,11.0,90.62,64.26,1.55,9.29
2013-08-02,1.71,10.82,89.79,64.36,1.95,9.11
2013-08-03,15.84,10.88,85.92,64.47,1.75,8.4
2013-08-04,15.43,10.81,91.75,64.41,1.97,9.26
2013-08-05,8.2,10.46,85.82,64.36,1.62,7.97
2013-08-06,23.66,8.42,92.81,64.39,0.89,7.14
2013-08-07,7.67,10.75,89.16,64.39,1.66,8.82
2013-08-08,6.93,10.66,93.3,64.24,1.8,9.41
2013-08-09,2.42,9.67,92.47,64.25,1.44,8.24
2013-08-10,3.73,9.81,89.26,64.35,1.62,7.86
2013-08-11,6.38,9.67,90.98,64.44,2.0,8.02
2013-08-12,7.52,10.12,93.69,64.45,1.94,8.96
2013-08-13,7.92,9.32,91.71,64.35,2.09,7.77
2013-08-14,7.23,9.02,90.93,64.32,2.21,7.44
2013-08-15,8.43,9.03,92.57,64.38,2.0,7.67
2013-08-16,4.51,9.41,90.31,64.3,2.11,7.67
2013-08-17,12.17,9.16,92.11,64.2,2.05,7.77
2013-08-18,2.13,9.49,86.93,64.25,1.79,7.23
2013-08-19,8.42,9.43,90.66,64.32,2.02,7.76
2013-08-20,4.93,9.62,88.3,64.21,2.14,7.58
2013-08-21,5.38,9.51,92.7,64.14,2.33,8.24
2013-08-22,0.51,9.52,89.01,64.32,1.87,7.58
2013-08-23,2.45,9.93,89.31,64.45,1.89,8.02
2013-08-24,1.33,9.98,81.45,64.47,1.66,6.62
2013-08-25,2.5,10.38,89.93,64.35,1.93,8.54
2013-08-26,0.21,10.39,82.82,64.27,1.55,7.24
2013-08-27,4.59,10.44,88.7,64.21,1.93,8.37
2013-08-28,0.62,9.96,89.58,64.38,1.96,8.1
2013-08-29,1.31,9.91,90.46,64.48,2.13,8.24
2013-08-30,20.44,9.47,90.89,64.45,2.13,7.85
2013-08-31,7.12,9.6,90.57,64.42,2.13,7.91
2013-09-01,6.05,9.08,90.13,64.46,1.86,7.3
2013-09-02,3.2,8.59,87.51,64.49,1.78,6.33
2013-09-03,2.36,7.69,83.76,64.41,1.79,4.64
2013-09-04,3.57,7.31,80.04,64.24,1.93,3.79
2013-09-05,0.64,6.87,87.05,64.15,1.98,4.61
2013-09-06,1.16,7.5,84.85,64.23,1.65,4.87
2013-09-07,0.54,8.36,84.79,64.37,1.56,5.34
2013-09-08,6.97,7.84,89.1,64.5,1.78,5.84
2013-09-09,1.24,7.72,89.37,64.54,1.6,5.83
2013-09-10,4.83,8.31,88.96,64.39,1.67,6.33
2013-09-11,1.42,8.34,88.03,64.47,1.37,6.2
2013-09-12,3.21,7.64,86.99,64.72,1.61,5.38
2013-09-13,0.43,7.44,80.97,64.73,1.47,3.86
2013-09-14,2.42,6.54,82.79,64.49,1.58,3.36
2013-09-15,2.17,6.36,83.85,64.3,1.35,3.28
2013-09-16,0.1,5.7,81.44,64.27,1.45,2.1
2013-09-17,0.0,6.28,79.73,64.31,1.29,2.28
2013-09-18,0.0,7.34,77.85,64.39,1.38,2.93
2013-09-19,0.0,7.32,73.89,64.46,1.43,1.84
2013-09-20,1.79,8.08,78.67,64.51,1.37,3.78
2013-09-21,4.68,6.44,88.07,64.57,1.35,4.27
2013-09-22,1.92,8.22,80.36,64.48,1.43,4.35
2013-09-23,0.0,8.44,80.72,64.43,1.55,4.68
2013-09-24,2.38,7.63,84.88,64.48,1.61,4.75
2013-09-25,0.29,7.33,80.01,64.6,1.4,3.49
2013-09-26,1.55,8.7,76.07,64.59,1.42,3.64
2013-09-27,1.63,8.73,82.87,64.52,1.74,5.19
2013-09-28,0.37,6.59,84.58,64.53,1.51,3.79
2013-09-29,3.33,6.38,76.11,64.4,1.39,2.07
2013-09-30,3.36,6.86,84.43,64.43,1.36,3.82
2013-10-01,0.16,6.3,84.86,64.64,1.25,3.47
2013-10-02,0.66,6.56,83.98,64.75,1.29,3.49
2013-10-03,1.67,6.7,82.17,64.62,1.25,3.28
2013-10-04,0.52,6.53,88.7,64.49,1.18,4.46
2013-10-05,0.01,8.47,74.99,64.36,1.19,2.92
2013-10-06,0.66,9.21,51.12,64.5,0.93,-2.57
2013-10-07,1.52,9.68,49.26,64.75,1.03,-2.75
2013-10-08,0.84,9.21,59.72,64.86,1.41,-0.07
2013-10-09,0.0,9.16,82.13,64.82,1.34,5.45
2013-10-10,0.13,8.03,85.27,64.85,1.38,5.34
2013-10-11,1.27,4.84,85.7,64.75,1.07,2.25
2013-10-12,1.8,3.95,81.6,64.6,1.61,0.69
2013-10-13,0.0,3.96,82.36,64.6,1.46,0.83
2013-10-14,0.0,4.47,69.31,64.46,1.45,-1.24
2013-10-15,0.0,3.72,67.73,64.51,1.42,-2.55
2013-10-16,0.25,3.12,65.48,64.5,1.51,-3.91
2013-10-17,0.06,2.24,71.75,64.6,1.5,-3.14
2013-10-18,0.0,1.92,65.0,64.59,1.32,-4.83
2013-10-19,0.17,2.4,72.01,64.53,1.27,-2.68
2013-10-20,0.59,1.89,72.85,64.39,1.35,-3.15
2013-10-21,0.06,2.6,52.33,64.29,1.16,-7.18
2013-10-22,0.0,3.35,51.22,64.52,1.38,-7.02
2013-10-23,0.0,2.51,58.66,64.76,1.46,-5.89
2013-10-24,0.0,2.08,59.45,64.67,1.39,-6.15
2013-10-25,0.0,1.58,63.58,64.5,1.32,-5.95
2013-10-26,0.0,1.65,63.38,64.46,1.33,-5.25
2013-10-27,0.0,0.44,64.55,64.31,1.5,-6.1
2013-10-28,0.0,-0.53,66.02,64.15,1.42,-7.35
2013-10-29,0.0,0.15,56.26,64.36,1.46,-8.34
2013-10-30,0.0,0.33,54.39,64.48,1.56,-8.17
2013-10-31,0.53,-1.67,80.33,64.44,1.91,-5.19
2013-11-01,0.02,-2.69,79.59,64.42,1.62,-6.55
2013-11-02,0.0,-3.04,66.13,64.33,1.28,-9.51
2013-11-03,0.0,-2.2,55.72,64.41,1.46,-10.75
2013-11-04,0.0,-1.3,48.07,64.62,1.38,-11.57
2013-11-05,0.0,-0.83,62.05,64.7,1.02,-7.79
2013-11-06,0.0,-2.22,79.15,64.56,1.13,-5.86
2013-11-07,0.7,-3.02,81.28,64.3,2.25,-6.51
2013-11-08,4.5,-4.79,89.92,64.12,2.14,-6.67
2013-11-09,0.19,-5.69,81.6,64.17,1.49,-9.1
2013-11-10,0.0,-4.28,72.52,64.29,1.2,-9.56
2013-11-11,0.0,-3.98,62.75,64.2,1.37,-10.88
2013-11-12,0.0,-4.89,80.0,64.16,1.48,-8.63
2013-11-13,0.0,-5.28,62.97,64.24,1.48,-12.28
2013-11-14,0.0,-4.37,47.32,64.29,1.45,-14.55
2013-11-15,0.0,-3.34,42.62,64.46,1.39,-14.35
2013-11-16,0.0,-2.76,45.93,64.58,1.33,-13.11
2013-11-17,0.0,-2.66,48.52,64.62,1.31,-12.43
2013-11-18,0.0,-2.01,50.1,64.61,1.31,-11.52
2013-11-19,0.0,-1.15,46.52,64.51,1.37,-11.59
2013-11-20,0.0,-1.32,43.18,64.32,1.17,-12.6
2013-11-21,0.0,-2.36,49.11,64.28,1.41,-12.09
2013-11-22,0.0,-1.54,43.41,64.47,1.3,-13.07
2013-11-23,0.0,0.82,37.06,64.57,1.27,-12.28
2013-11-24,0.0,1.15,36.49,64.63,1.24,-11.82
2013-11-25,0.0,0.2,39.62,64.49,1.36,-12.0
2013-11-26,0.0,-0.2,33.82,64.37,1.26,-13.91
2013-11-27,0.0,-0.72,38.62,64.54,1.37,-13.26
2013-11-28,0.0,-1.96,39.72,64.7,1.29,-14.04
2013-11-29,0.0,-2.31,39.9,64.63,1.25,-14.35
2013-11-30,0.0,-1.42,38.58,64.43,1.23,-14.45
2013-12-01,0.0,-1.24,33.36,64.49,1.44,-15.15
2013-12-02,0.0,-2.79,40.62,64.44,1.51,-14.25
2013-12-03,0.0,-5.48,64.74,64.25,1.22,-11.45
2013-12-04,0.0,-4.8,49.99,64.38,1.34,-14.27
2013-12-05,0.0,-2.68,39.16,64.32,1.23,-14.65
2013-12-06,0.0,-2.7,52.05,64.28,1.3,-11.39
2013-12-07,0.0,-3.26,53.7,64.3,1.28,-11.97
2013-12-08,0.0,-3.49,63.54,64.23,1.46,-9.96
2013-12-09,0.0,-5.08,69.3,64.06,1.56,-10.64
2013-12-10,0.0,-5.3,59.13,64.04,1.4,-12.93
2013-12-11,0.0,-5.0,56.13,64.08,1.34,-12.91
2013-12-12,0.0,-4.52,53.78,63.96,1.3,-13.55
2013-12-13,0.0,-4.12,32.77,63.96,1.62,-18.42
2013-12-14,0.0,-3.14,25.93,64.15,1.68,-19.13
2013-12-15,0.0,-1.66,35.27,64.34,1.51,-14.87
2013-12-16,0.0,-0.56,35.58,64.42,1.32,-13.83
2013-12-17,0.0,-2.63,48.28,64.22,1.29,-12.55
2013-12-18,0.0,-6.28,61.25,63.9,1.54,-13.66
2013-12-19,0.0,-8.27,72.09,63.77,2.1,-13.16
2013-12-20,0.0,-8.28,72.39,63.87,1.36,-13.28
2013-12-21,0.29,-8.22,89.67,63.92,2.64,-10.14
2013-12-22,1.77,-7.12,93.18,63.94,4.43,-8.33
2013-12-23,0.02,-7.62,90.26,64.18,2.21,-8.93
2013-12-24,0.0,-7.63,67.09,64.34,1.93,-13.54
2013-12-25,0.0,-7.6,66.74,64.26,2.35,-13.29
2013-12-26,0.0,-8.12,60.17,64.1,1.5,-14.93
2013-12-27,0.0,-9.54,70.8,63.95,1.94,-14.49
2013-12-28,0.0,-9.6,76.02,63.93,1.68,-13.73
2013-12-29,0.0,-9.08,46.44,64.02,1.66,-18.7
2013-12-30,0.31,-8.64,44.17,63.99,2.32,-19.48
2013-12-31,1.33,-8.29,92.71,64.01,3.58,-9.23
2014-01-01,0.01,-8.94,89.2,64.13,2.2,-10.35
2014-01-02,0.0,-6.99,47.14,64.3,1.35,-17.34
2014-01-03,0.0,-5.44,36.73,64.28,1.4,-17.47
2014-01-04,0.0,-7.66,61.08,63.99,1.65,-14.58
2014-01-05,0.0,-9.49,86.57,63.72,1.96,-11.79
2014-01-06,0.0,-10.86,80.43,63.68,1.61,-14.36
2014-01-07,0.0,-9.01,47.3,63.91,1.11,-18.83
2014-01-08,0.0,-7.54,75.39,64.1,1.92,-11.54
2014-01-09,0.0,-8.5,90.26,63.78,2.54,-10.34
2014-01-10,3.39,-9.28,89.7,63.72,2.7,-10.79
2014-01-11,2.01,-8.42,70.69,63.82,1.47,-13.71
2014-01-12,0.08,-6.39,42.07,64.33,1.53,-16.87
2014-01-13,0.0,-5.26,75.41,64.32,1.35,-9.42
2014-01-14,0.0,-6.23,87.96,64.15,1.7,-8.35
2014-01-15,0.0,-6.59,88.21,64.1,1.23,-8.88
2014-01-16,0.0,-6.34,75.73,64.18,1.38,-10.87
2014-01-17,5.74,-6.09,81.47,64.1,1.11,-9.51
2014-01-18,24.87,-8.47,94.13,63.91,1.15,-9.75
2014-01-19,0.0,-12.14,71.08,64.43,1.79,-17.02
2014-01-20,0.33,-8.97,57.38,64.57,1.42,-15.93
2014-01-21,0.17,-6.47,76.42,64.51,1.21,-10.61
2014-01-22,10.58,-6.24,94.45,64.28,2.0,-7.47
2014-01-23,2.89,-7.74,90.62,64.24,1.34,-9.59
2014-01-24,0.0,-9.46,88.99,64.2,1.38,-11.51
2014-01-25,0.0,-10.32,66.82,64.24,1.51,-15.99
2014-01-26,0.0,-8.65,75.15,64.27,1.34,-12.91
2014-01-27,0.0,-8.75,68.68,64.25,1.35,-14.56
2014-01-28,0.0,-7.57,50.38,64.29,1.63,-16.61
2014-01-29,0.0,-6.75,69.85,64.3,1.29,-12.09
2014-01-30,0.0,-9.09,66.54,64.3,1.75,-15.46
2014-01-31,0.0,-7.73,64.39,64.36,1.52,-14.19
2014-02-01,0.0,-6.03,73.51,64.42,1.52,-10.9
2014-02-02,0.0,-4.61,66.86,64.35,1.39,-10.51
2014-02-03,0.17,-5.77,93.53,64.0,2.89,-7.4
2014-02-04,0.05,-6.03,88.35,63.79,2.36,-8.35
2014-02-05,0.25,-7.66,93.63,63.67,2.95,-9.19
2014-02-06,1.55,-8.38,78.04,63.8,2.15,-12.5
2014-02-07,10.32,-5.72,95.48,63.55,5.1,-6.55
2014-02-08,0.67,-9.08,86.83,63.58,2.17,-11.24
2014-02-09,0.0,-10.08,89.08,63.47,1.71,-12.23
2014-02-10,0.02,-10.4,85.15,63.41,2.28,-13.05
2014-02-11,0.1,-11.74,89.91,63.4,2.04,-13.77
2014-02-12,0.01,-11.73,59.14,63.67,1.75,-18.6
2014-02-13,2.04,-9.3,73.06,63.85,2.18,-13.95
2014-02-14,20.65,-8.61,96.21,63.44,3.2,-9.51
2014-02-15,7.79,-12.18,99.4,63.23,2.62,-12.58
2014-02-16,0.19,-14.98,88.11,63.44,1.46,-17.13
2014-02-17,0.0,-13.91,48.07,63.99,2.03,-22.54
2014-02-18,0.0,-10.56,56.21,64.29,1.68,-17.6
2014-02-19,0.0,-6.84,67.21,64.2,1.51,-12.38
2014-02-20,0.0,-7.57,84.02,64.05,1.79,-10.54
2014-02-21,0.48,-7.45,89.6,64.03,2.3,-9.33
2014-02-22,0.76,-7.71,91.46,64.03,2.2,-9.33
2014-02-23,0.0,-7.63,82.46,64.22,1.21,-11.01
2014-02-24,0.0,-6.94,73.5,64.37,1.58,-12.14
2014-02-25,0.0,-5.59,79.78,64.33,1.85,-9.52
2014-02-26,0.64,-6.68,82.13,64.1,2.28,-9.97
2014-02-27,8.76,-7.21,91.54,63.94,2.57,-8.85
2014-02-28,3.89,-7.34,91.77,63.86,1.79,-9.22
2014-03-01,6.03,-8.05,92.31,63.81,1.92,-9.77
2014-03-02,0.4,-9.18,91.79,63.85,1.7,-10.81
2014-03-03,0.0,-8.28,78.97,64.07,1.45,-12.06
2014-03-04,0.0,-6.82,93.06,64.12,1.89,-8.45
2014-03-05,0.01,-8.29,95.23,63.99,1.97,-9.39
2014-03-06,0.0,-8.44,84.08,64.0,1.42,-11.46
2014-03-07,0.0,-7.51,73.08,64.15,1.52,-12.36
2014-03-08,0.0,-6.32,81.32,64.29,1.61,-10.07
2014-03-09,0.0,-6.06,87.86,64.23,2.05,-8.52
2014-03-10,0.91,-5.57,87.46,64.21,1.87,-7.84
2014-03-11,6.99,-5.43,92.62,64.16,2.43,-7.31
2014-03-12,1.33,-5.5,91.27,64.15,4.02,-7.39
2014-03-13,0.0,-5.2,64.42,64.38,1.58,-12.0
2014-03-14,0.0,-3.28,64.56,64.46,1.73,-10.02
2014-03-15,0.0,-1.91,62.2,64.7,1.48,-8.99
2014-03-16,0.0,-0.63,66.11,64.77,1.61,-6.7
2014-03-17,8.06,-1.33,71.57,64.65,1.76,-6.64
2014-03-18,1.01,-4.02,92.81,64.34,2.79,-5.58
2014-03-19,0.0,-5.89,76.16,64.13,1.48,-10.37
2014-03-20,0.0,-3.79,64.28,64.14,1.83,-10.79
2014-03-21,0.1,-4.05,83.54,64.09,1.5,-7.12
2014-03-22,0.03,-3.48,87.64,64.0,1.86,-5.79
2014-03-23,0.78,-2.66,80.12,64.21,1.23,-6.41
2014-03-24,2.07,-2.59,91.98,64.28,2.07,-4.06
2014-03-25,0.3,-2.33,82.0,64.34,1.56,-5.7
2014-03-26,0.0,-3.13,88.18,64.36,1.95,-5.19
2014-03-27,0.0,-2.91,90.91,64.38,1.64,-4.63
2014-03-28,1.14,-2.6,87.44,64.41,2.66,-4.75
2014-03-29,0.02,-3.21,73.69,64.39,1.78,-8.13
2014-03-30,0.0,-2.22,81.87,64.22,1.66,-5.61
2014-03-31,0.0,-2.34,68.46,64.11,1.64,-8.53
2014-04-01,0.0,-2.04,77.68,64.04,1.73,-6.37
2014-04-02,3.79,-2.65,77.89,64.06,1.84,-6.91
2014-04-03,0.67,-1.84,81.55,64.18,1.7,-5.09
2014-04-04,0.0,0.16,73.1,64.44,1.6,-4.59
2014-04-05,0.0,0.13,69.82,64.46,1.91,-5.62
2014-04-06,1.41,0.18,77.9,64.56,2.29,-3.88
2014-04-07,1.52,-1.4,81.48,64.42,2.79,-4.6
2014-04-08,0.0,-1.53,72.1,64.33,2.17,-6.95
2014-04-09,0.0,-2.16,72.51,64.27,2.15,-7.26
2014-04-10,0.0,-1.52,59.54,64.32,1.84,-9.7
2014-04-11,0.0,-0.4,67.35,64.34,1.88,-6.23
2014-04-12,0.39,-1.39,69.24,64.26,1.97,-7.18
2014-04-13,1.17,-1.81,78.72,64.36,1.73,-5.59
2014-04-14,0.0,-0.66,73.55,64.5,1.87,-5.58
2014-04-15,0.0,0.21,71.13,64.53,1.97,-5.68
2014-04-16,0.63,-0.15,84.71,64.27,2.19,-2.98
2014-04-17,1.07,-0.87,79.75,64.19,2.16,-4.63
2014-04-18,1.85,-0.76,78.64,64.38,1.62,-4.52
2014-04-19,3.5,-1.28,87.88,64.28,3.13,-3.33
2014-04-20,0.01,-0.78,70.41,64.36,1.73,-6.42
2014-04-21,0.0,1.14,67.48,64.53,1.89,-5.22
2014-04-22,0.0,1.76,75.38,64.68,2.0,-2.9
2014-04-23,0.0,1.99,78.41,64.48,1.95,-1.96
2014-04-24,0.42,2.6,74.31,64.37,1.72,-2.18
2014-04-25,0.0,3.39,64.68,64.49,1.89,-3.13
2014-04-26,0.0,3.13,72.68,64.48,2.33,-1.97
2014-04-27,0.0,4.14,64.24,64.56,1.65,-3.29
2014-04-28,0.0,5.3,59.22,64.57,1.79,-3.28
2014-04-29,0.0,6.35,54.13,64.62,1.85,-3.07
2014-04-30,0.0,6.63,56.27,64.69,1.78,-2.09
2014-05-01,0.0,5.87,63.88,64.55,1.48,-0.81
2014-05-02,0.0,4.19,77.21,64.49,1.76,0.28
2014-05-03,0.05,4.0,80.21,64.49,1.62,0.56
2014-05-04,0.24,4.93,81.66,64.39,2.18,1.58
2014-05-05,0.01,3.99,81.82,64.5,1.96,0.82
2014-05-06,3.23,4.72,75.73,64.54,1.96,0.29
2014-05-07,0.08,5.73,75.88,64.4,2.23,1.25
2014-05-08,0.0,6.42,59.87,64.37,2.19,-2.54
2014-05-09,0.0,4.89,59.86,64.23,2.15,-3.05
2014-05-10,0.31,4.61,62.78,64.25,2.31,-2.86
2014-05-11,0.14,2.81,68.9,64.32,1.83,-3.0
2014-05-12,3.96,2.57,80.03,64.27,2.68,-1.03
2014-05-13,2.74,1.18,81.94,64.32,1.95,-1.98
2014-05-14,0.03,2.05,59.22,64.28,2.23,-6.35
2014-05-15,0.0,2.97,61.98,64.2,2.06,-5.07
2014-05-16,0.0,5.1,64.09,64.27,2.18,-2.43
2014-05-17,0.0,5.62,72.31,64.55,2.16,0.34
2014-05-18,0.0,6.28,64.2,64.63,2.15,-1.08
2014-05-19,0.0,5.94,68.71,64.62,2.3,-0.22
2014-05-20,0.0,5.32,67.98,64.48,2.78,-1.29
2014-05-21,0.0,5.49,65.53,64.31,2.12,-1.61
2014-05-22,0.0,6.27,61.12,64.25,2.32,-1.67
2014-05-23,0.72,6.04,64.38,64.41,2.82,-0.72
2014-05-24,0.17,4.95,74.12,64.53,3.0,0.16
2014-05-25,2.26,5.17,67.16,64.65,2.16,-1.54
2014-05-26,0.89,4.67,72.01,64.67,2.12,-0.48
2014-05-27,0.0,5.27,71.52,64.54,2.12,-0.1
2014-05-28,0.0,6.96,62.97,64.44,1.98,-0.7
2014-05-29,0.0,9.0,48.06,64.5,2.04,-2.85
2014-05-30,0.11,8.74,51.68,64.55,1.99,-1.49
2014-05-31,8.32,8.88,54.26,64.54,2.06,-1.03
2014-06-01,6.6,7.22,61.09,64.66,2.01,-0.32
2014-06-02,0.0,7.58,55.36,64.62,1.86,-1.95
2014-06-03,0.0,8.34,55.87,64.47,1.98,-0.83
2014-06-04,0.0,9.54,48.81,64.48,1.98,-1.84
2014-06-05,0.0,10.38,47.38,64.48,2.11,-1.22
2014-06-06,0.0,10.76,49.65,64.43,2.11,-0.26
2014-06-07,0.0,10.48,50.2,64.36,2.12,-0.26
2014-06-08,0.0,10.27,43.06,64.3,2.27,-3.03
2014-06-09,0.0,10.23,41.07,64.28,2.25,-3.36
2014-06-10,0.0,9.83,38.25,64.32,2.2,-4.14
2014-06-11,0.52,9.47,33.25,64.35,2.16,-6.28
2014-06-12,0.29,8.19,37.86,64.24,2.26,-6.09
2014-06-13,0.12,8.53,51.89,64.08,2.0,-1.98
2014-06-14,0.0,10.05,56.44,64.14,1.86,0.02
2014-06-15,0.0,11.57,57.43,64.33,2.12,0.94
2014-06-16,6.33,11.86,70.57,64.35,2.02,5.66
2014-06-17,1.53,11.52,75.15,64.31,2.46,6.56
2014-06-18,0.13,11.44,68.9,64.21,2.39,4.74
2014-06-19,0.45,10.6,71.93,64.14,2.44,5.09
2014-06-20,0.64,11.21,66.27,64.12,2.41,4.37
2014-06-21,1.59,10.81,63.83,64.22,2.27,3.3
2014-06-22,0.02,9.35,65.53,64.22,2.58,1.9
2014-06-23,0.02,8.58,67.42,64.15,2.32,1.91
2014-06-24,0.03,8.45,69.81,64.02,2.37,2.38
2014-06-25,0.69,8.51,74.58,64.15,2.46,3.69
2014-06-26,0.09,8.76,73.87,64.42,2.33,3.72
2014-06-27,0.0,10.36,71.05,64.59,2.28,4.31
2014-06-28,4.21,9.87,76.39,64.51,1.82,5.34
2014-06-29,0.84,10.28,75.67,64.28,2.01,5.5
2014-06-30,1.72,9.92,82.21,64.23,2.17,6.6
2014-07-01,2.15,9.33,85.2,64.37,2.21,6.68
2014-07-02,6.95,10.38,80.16,64.4,2.33,6.5
2014-07-03,0.41,10.32,80.01,64.22,2.64,6.44
2014-07-04,4.16,10.14,78.39,64.18,2.54,5.88
2014-07-05,1.03,10.71,69.89,64.37,2.14,4.39
2014-07-06,0.27,11.18,74.27,64.47,2.31,5.82
2014-07-07,0.23,11.04,68.91,64.33,2.23,4.44
2014-07-08,6.07,10.84,73.79,64.21,2.15,5.29
2014-07-09,0.62,11.37,74.84,64.28,2.1,6.31
2014-07-10,0.0,12.35,71.7,64.35,2.1,6.52
2014-07-11,0.0,12.26,74.94,64.35,2.15,7.23
2014-07-12,8.71,12.07,76.45,64.32,2.22,7.48
2014-07-13,14.27,11.15,81.61,64.41,2.32,7.64
2014-07-14,13.17,11.79,79.69,64.31,2.1,7.81
2014-07-15,2.06,12.23,80.97,64.2,2.34,8.53
2014-07-16,2.65,11.48,81.9,64.29,2.31,8.05
2014-07-17,4.84,10.13,86.18,64.16,2.52,7.64
2014-07-18,9.65,9.27,82.71,64.08,2.02,6.17
2014-07-19,5.16,9.84,88.69,64.05,2.63,7.79
2014-07-20,2.22,10.42,83.53,64.15,2.4,7.35
2014-07-21,0.58,10.86,79.72,64.16,2.13,7.02
2014-07-22,8.81,11.95,79.33,64.31,1.96,8.02
2014-07-23,1.38,12.44,81.44,64.23,2.05,8.75
2014-07-24,4.19,11.79,88.86,64.27,2.19,9.8
2014-07-25,4.28,12.02,86.19,64.34,2.35,9.53
2014-07-26,2.03,11.1,87.92,64.48,2.39,8.98
2014-07-27,5.53,10.43,91.91,64.46,2.03,8.93
2014-07-28,3.15,10.54,88.71,64.28,1.87,8.55
2014-07-29,3.02,9.86,90.98,64.3,2.07,8.21
2014-07-30,0.11,11.16,84.39,64.38,2.18,8.2
2014-07-31,2.21,11.33,84.56,64.41,2.15,8.39
2014-08-01,7.69,11.69,85.56,64.34,2.15,9.0
2014-08-02,7.4,11.87,86.6,64.23,2.35,9.37
2014-08-03,5.11,11.56,84.04,64.13,2.35,8.52
2014-08-04,12.91,11.42,87.95,64.09,2.75,9.19
2014-08-05,0.76,11.43,86.32,64.22,2.42,8.89
2014-08-06,21.27,11.93,86.88,64.22,2.09,9.5
2014-08-07,3.28,11.1,91.75,64.21,1.95,9.61
2014-08-08,8.86,11.07,88.12,64.26,2.11,8.95
2014-08-09,5.85,11.22,87.3,64.44,2.03,8.88
2014-08-10,5.61,11.22,79.6,64.47,1.84,7.15
2014-08-11,1.43,11.61,82.35,64.41,1.84,8.28
2014-08-12,0.87,11.82,86.06,64.3,2.05,9.29
2014-08-13,2.59,11.78,86.92,64.16,2.2,9.33
2014-08-14,18.83,11.1,86.56,64.08,2.28,8.54
2014-08-15,30.37,10.47,89.86,64.16,2.77,8.61
2014-08-16,5.45,8.78,83.56,64.35,1.88,5.56
2014-08-17,0.09,8.09,73.41,64.4,1.76,2.65
2014-08-18,1.82,8.88,76.81,64.6,1.75,4.16
2014-08-19,0.07,9.66,78.22,64.64,1.75,5.29
2014-08-20,0.0,10.38,78.19,64.54,1.81,5.97
2014-08-21,0.17,9.65,81.13,64.38,1.87,5.86
2014-08-22,0.01,9.27,81.1,64.44,1.8,5.44
2014-08-23,0.14,9.11,83.47,64.51,1.74,5.93
2014-08-24,0.0,9.24,78.14,64.5,1.81,4.81
2014-08-25,0.0,9.26,76.95,64.49,1.8,4.66
2014-08-26,0.88,8.88,73.58,64.46,1.69,3.57
2014-08-27,2.26,9.07,74.62,64.43,1.78,3.97
2014-08-28,1.61,7.89,77.72,64.55,1.37,3.75
2014-08-29,0.65,8.66,79.77,64.56,1.68,4.74
2014-08-30,0.01,9.39,82.08,64.54,1.8,5.85
2014-08-31,1.96,9.64,80.29,64.4,1.74,5.66
2014-09-01,4.01,8.27,85.09,64.36,1.56,5.47
2014-09-02,0.5,8.72,83.42,64.48,1.81,5.71
2014-09-03,5.34,8.97,84.67,64.52,2.15,6.22
2014-09-04,4.86,9.15,77.03,64.37,1.86,4.81
2014-09-05,19.28,8.15,87.49,64.27,2.1,5.95
2014-09-06,6.42,8.47,88.25,64.4,1.83,6.35
2014-09-07,0.33,9.16,85.82,64.55,1.94,6.53
2014-09-08,0.37,9.28,84.08,64.59,1.72,6.36
2014-09-09,0.08,8.69,79.32,64.49,1.79,4.71
2014-09-10,2.22,8.07,67.97,64.48,1.72,1.45
2014-09-11,0.9,7.9,78.23,64.53,1.77,3.64
2014-09-12,5.53,7.6,82.13,64.49,1.89,4.12
2014-09-13,0.22,6.74,78.84,64.37,1.9,2.87
2014-09-14,2.18,6.68,78.0,64.38,1.69,2.51
2014-09-15,0.06,6.55,68.47,64.35,1.48,-0.13
2014-09-16,0.0,8.51,72.89,64.29,1.7,2.97
2014-09-17,0.0,9.69,78.8,64.34,1.69,5.12
2014-09-18,0.0,10.27,82.71,64.52,1.67,6.8
2014-09-19,0.0,9.4,73.65,64.56,1.75,3.98
2014-09-20,0.07,7.85,83.78,64.4,2.14,4.77
2014-09-21,0.08,7.29,75.78,64.35,1.7,2.46
2014-09-22,0.0,8.83,73.24,64.4,1.66,3.05
2014-09-23,0.0,9.19,74.46,64.41,1.83,3.43
2014-09-24,0.0,7.95,75.65,64.47,1.91,2.73
2014-09-25,0.0,6.39,78.42,64.49,1.94,2.12
2014-09-26,2.92,6.66,71.39,64.5,1.56,0.27
2014-09-27,0.28,6.36,76.71,64.59,1.58,1.74
2014-09-28,0.24,6.26,85.55,64.59,1.98,3.42
2014-09-29,0.79,5.74,85.56,64.52,1.5,2.91
2014-09-30,12.04,4.35,87.57,64.62,1.27,2.24
2014-10-01,4.83,4.45,89.51,64.67,1.21,2.63
2014-10-02,0.12,6.36,77.77,64.66,1.49,1.94
2014-10-03,0.0,7.99,80.25,64.6,1.37,3.82
2014-10-04,0.0,7.15,86.03,64.71,1.43,4.57
2014-10-05,0.0,5.9,89.11,64.82,1.66,4.07
2014-10-06,0.0,6.05,83.16,64.84,1.67,2.82
2014-10-07,0.4,5.12,75.92,64.68,1.52,0.44
2014-10-08,0.13,3.7,56.33,64.69,1.55,-5.06
2014-10-09,0.0,3.66,60.63,64.66,1.64,-4.1
2014-10-10,0.0,2.52,60.35,64.51,1.53,-5.78
2014-10-11,0.0,2.43,54.45,64.46,1.5,-6.88
2014-10-12,0.0,2.71,53.87,64.6,1.52,-6.85
2014-10-13,0.03,2.8,62.18,64.68,1.57,-4.7
2014-10-14,6.3,0.89,77.55,64.46,1.14,-2.87
2014-10-15,0.65,0.58,85.26,64.58,1.8,-2.16
2014-10-16,0.0,-0.13,74.54,64.53,1.61,-5.27
2014-10-17,0.0,0.46,68.34,64.54,1.55,-5.88
2014-10-18,0.0,1.11,71.65,64.52,1.33,-4.22
2014-10-19,0.0,2.29,69.92,64.56,1.48,-3.52
2014-10-20,0.05,2.06,75.19,64.62,1.66,-2.67
2014-10-21,0.0,2.6,71.33,64.68,1.48,-3.4
2014-10-22,0.0,3.45,76.23,64.81,1.4,-1.1
2014-10-23,0.0,3.46,72.96,64.67,1.51,-1.64
2014-10-24,2.81,2.57,75.29,64.59,1.4,-2.69
2014-10-25,4.85,0.75,73.86,64.52,1.47,-4.2
2014-10-26,0.02,0.79,82.47,64.6,1.4,-2.5
2014-10-27,0.0,0.5,81.38,64.51,1.42,-3.0
2014-10-28,0.03,0.15,76.11,64.4,1.72,-4.6
2014-10-29,0.0,-0.91,79.18,64.42,1.63,-5.0
2014-10-30,0.0,-0.96,66.83,64.44,1.66,-7.51
2014-10-31,0.0,-0.12,69.14,64.52,1.32,-6.27
2014-11-01,0.0,0.18,65.6,64.54,1.32,-5.99
2014-11-02,0.0,-0.1,58.83,64.59,1.53,-9.27
2014-11-03,0.0,0.18,57.71,64.52,1.48,-8.28
2014-11-04,0.0,-0.12,73.18,64.44,1.56,-4.96
2014-11-05,0.0,-0.35,73.5,64.41,1.41,-5.12
2014-11-06,0.0,0.83,51.93,64.43,1.53,-8.66
2014-11-07,0.41,0.43,68.2,64.57,1.74,-5.67
2014-11-08,0.16,-0.87,84.83,64.68,2.22,-3.57
2014-11-09,0.0,-0.65,83.93,64.73,2.06,-3.36
2014-11-10,0.0,-0.44,69.68,64.63,1.62,-6.51
2014-11-11,0.0,-1.0,62.34,64.51,1.59,-8.08
2014-11-12,0.0,-0.93,56.13,64.56,1.31,-9.26
2014-11-13,0.0,-0.63,39.94,64.69,1.41,-13.69
2014-11-14,0.0,0.22,31.94,64.68,1.21,-14.91
2014-11-15,0.0,-0.69,41.29,64.49,1.44,-12.66
2014-11-16,0.0,-1.19,42.28,64.46,1.37,-13.37
2014-11-17,0.0,-0.66,37.14,64.51,1.36,-13.77
2014-11-18,0.0,-0.72,36.68,64.61,1.38,-14.01
2014-11-19,0.0,-0.82,38.69,64.6,1.45,-13.33
2014-11-20,0.0,-1.31,41.54,64.47,1.46,-13.2
2014-11-21,0.0,-2.45,51.38,64.38,1.38,-12.15
2014-11-22,0.0,-3.73,53.36,64.2,1.43,-12.34
2014-11-23,0.0,-3.7,49.33,64.26,1.17,-13.7
2014-11-24,0.0,-1.99,42.04,64.41,1.44,-13.86
2014-11-25,0.0,-1.75,44.25,64.4,1.37,-12.36
2014-11-26,0.0,-1.3,43.76,64.15,1.4,-12.5
2014-11-27,0.0,-2.58,55.35,64.19,1.41,-10.71
2014-11-28,0.0,-3.69,64.18,64.24,1.43,-10.44
2014-11-29,0.0,-3.58,56.51,64.3,1.09,-11.94
2014-11-30,0.0,-2.85,52.69,64.41,1.4,-11.62
2014-12-01,0.0,-1.66,40.0,64.49,1.32,-15.51
2014-12-02,0.0,0.13,29.34,64.56,1.37,-15.64
2014-12-03,0.0,-0.64,37.98,64.49,1.49,-13.48
2014-12-04,0.0,-1.33,37.72,64.53,1.34,-14.12
2014-12-05,0.0,-2.89,36.36,64.62,1.34,-16.08
2014-12-06,0.0,-2.16,36.58,64.56,1.18,-14.74
2014-12-07,0.0,-2.39,38.02,64.4,1.39,-14.84
2014-12-08,0.0,-4.68,48.49,64.28,2.11,-14.22
2014-12-09,0.0,-5.95,55.13,64.28,2.15,-13.93
2014-12-10,0.0,-7.12,47.98,64.16,1.66,-16.45
2014-12-11,1.19,-6.41,38.93,64.22,1.33,-18.47
2014-12-12,0.97,-5.07,36.57,64.29,1.42,-17.64
2014-12-13,8.12,-5.61,66.6,64.13,1.56,-11.29
2014-12-14,6.07,-7.71,91.88,63.87,2.03,-9.58
2014-12-15,1.83,-9.94,85.36,63.87,1.23,-12.56
2014-12-16,0.04,-8.69,68.13,64.03,1.21,-14.5
2014-12-17,0.0,-7.41,36.09,64.37,1.43,-19.6
2014-12-18,0.0,-5.07,36.5,64.62,1.2,-17.35
2014-12-19,0.0,-4.75,36.71,64.7,1.29,-16.9
2014-12-20,0.0,-5.7,36.19,64.46,1.34,-18.0
2014-12-21,0.0,-5.82,50.86,64.23,1.07,-14.22
2014-12-22,0.0,-6.44,66.35,64.18,1.18,-11.83
2014-12-23,0.0,-6.5,53.42,64.07,2.05,-14.48
2014-12-24,0.0,-6.82,50.09,64.31,1.28,-15.94
2014-12-25,0.0,-6.55,53.94,64.3,1.65,-14.79
2014-12-26,0.0,-7.9,54.72,63.99,1.3,-15.86
2014-12-27,0.0,-8.33,35.22,64.14,1.81,-21.16
2014-12-28,0.0,-7.1,32.44,64.31,1.53,-20.65
2014-12-29,0.0,-6.04,36.04,64.18,1.39,-18.42
2014-12-30,0.0,-6.95,51.31,64.02,1.57,-15.44
2014-12-31,0.0,-6.63,51.55,64.12,1.54,-15.32
2015-01-01,0.0,-6.11,58.1,64.34,1.0,-13.5
2015-01-02,3.39,-5.71,83.55,64.28,1.27,-8.64
2015-01-03,6.42,-5.57,94.81,64.02,2.13,-6.82
2015-01-04,0.68,-8.4,75.31,64.04,1.68,-12.74
2015-01-05,0.0,-6.3,52.28,64.06,1.27,-14.29
2015-01-06,0.0,-5.76,62.23,63.99,1.47,-12.12
2015-01-07,0.0,-8.71,57.31,63.85,1.24,-16.84
2015-01-08,0.0,-8.47,30.56,64.17,1.62,-22.85
2015-01-09,0.0,-5.72,36.69,64.36,1.55,-18.07
2015-01-10,0.0,-4.32,37.71,64.42,1.43,-17.22
2015-01-11,0.0,-1.24,28.91,64.58,1.26,-16.76
2015-01-12,0.0,-2.12,38.74,64.54,1.24,-14.24
2015-01-13,0.36,-4.31,49.38,64.22,1.82,-13.64
2015-01-14,5.4,-7.27,84.38,63.8,1.89,-10.07
2015-01-15,0.02,-8.59,87.29,64.0,1.38,-11.11
2015-01-16,0.0,-7.53,86.57,64.03,0.93,-10.41
2015-01-17,0.0,-7.84,57.6,64.15,1.51,-15.41
2015-01-18,0.0,-8.08,62.68,64.1,1.54,-14.65
2015-01-19,0.0,-7.15,58.39,64.19,1.58,-14.68
2015-01-20,0.0,-5.89,50.03,64.34,1.58,-15.2
2015-01-21,2.78,-6.7,69.49,64.36,1.79,-12.04
2015-01-22,3.64,-6.55,95.04,64.11,2.61,-7.66
2015-01-23,0.32,-8.74,90.61,64.0,1.88,-10.5
2015-01-24,0.0,-8.28,85.51,64.12,1.75,-11.11
2015-01-25,0.04,-7.77,75.59,64.16,1.94,-12.69
2015-01-26,2.05,-9.5,83.62,64.01,2.36,-12.37
2015-01-27,0.61,-9.86,92.56,63.87,2.92,-10.98
2015-01-28,0.0,-10.59,85.53,63.82,1.51,-13.1
2015-01-29,0.0,-11.36,92.92,63.68,2.49,-12.9
2015-01-30,0.0,-9.94,57.14,63.91,1.28,-17.66
2015-01-31,0.0,-7.08,62.12,63.98,1.23,-13.32
2015-02-01,0.0,-7.11,81.81,64.1,1.59,-10.45
2015-02-02,4.03,-7.0,93.49,64.12,2.37,-8.51
2015-02-03,8.3,-7.52,96.63,64.21,2.89,-8.47
2015-02-04,0.01,-8.9,69.86,64.38,1.24,-14.13
2015-02-05,0.0,-7.45,53.29,64.34,1.47,-15.94
2015-02-06,0.0,-7.77,64.08,64.28,1.57,-14.51
2015-02-07,0.0,-7.65,74.97,64.1,1.51,-12.2
2015-02-08,0.0,-7.31,80.62,64.12,1.45,-10.74
2015-02-09,0.0,-7.66,82.08,64.26,1.16,-10.99
2015-02-10,0.0,-6.86,66.64,64.35,1.53,-13.24
2015-02-11,0.0,-5.44,78.51,64.19,1.36,-9.36
2015-02-12,0.0,-5.65,61.96,64.06,1.39,-13.22
2015-02-13,0.0,-4.72,50.3,63.98,1.57,-14.45
2015-02-14,0.0,-4.9,81.41,63.98,1.76,-8.07
2015-02-15,0.01,-3.6,58.12,64.16,1.45,-12.33
2015-02-16,2.18,-4.19,90.32,64.35,1.7,-6.01
2015-02-17,0.64,-4.12,87.03,64.18,1.41,-6.44
2015-02-18,0.25,-5.31,89.97,64.01,2.13,-7.12
2015-02-19,1.42,-5.63,86.03,64.16,1.42,-8.2
2015-02-20,10.22,-4.54,93.68,64.3,2.36,-5.74
2015-02-21,0.02,-4.77,69.17,64.37,1.55,-10.41
2015-02-22,0.0,-1.28,54.38,64.5,1.53,-10.0
2015-02-23,0.0,0.92,60.87,64.67,1.36,-6.18
2015-02-24,0.89,-0.19,65.9,64.51,1.34,-6.13
2015-02-25,6.08,-3.52,95.17,64.0,3.82,-4.45
2015-02-26,1.21,-5.03,91.3,63.67,4.11,-6.46
2015-02-27,0.69,-7.46,82.48,63.85,2.71,-10.4
2015-02-28,0.39,-6.21,87.06,64.06,1.87,-8.74
2015-03-01,50.01,-3.87,96.1,63.88,2.76,-4.9
2015-03-02,42.15,-4.62,97.14,63.78,3.04,-5.69
2015-03-03,8.08,-6.93,96.3,63.7,2.82,-8.41
2015-03-04,0.54,-8.62,92.49,63.65,1.64,-10.75
2015-03-05,0.65,-10.18,86.28,63.99,1.88,-12.55
2015-03-06,0.2,-8.0,95.3,64.08,1.24,-9.31
2015-03-07,0.63,-9.71,87.99,64.09,1.72,-11.91
2015-03-08,2.38,-8.34,97.85,64.08,2.75,-9.19
2015-03-09,3.97,-7.75,98.06,64.15,4.18,-8.64
2015-03-10,0.0,-9.18,77.77,64.51,1.64,-12.94
2015-03-11,0.0,-6.2,72.64,64.62,1.84,-11.24
2015-03-12,0.0,-2.55,66.52,64.64,1.03,-8.29
2015-03-13,0.0,-3.47,81.03,64.41,1.37,-6.83
2015-03-14,4.12,-4.17,91.34,64.4,1.41,-5.95
2015-03-15,3.7,-4.3,91.84,64.25,1.9,-6.0
2015-03-16,4.52,-5.28,90.88,64.26,1.82,-7.25
2015-03-17,0.43,-5.25,90.5,64.24,1.38,-7.19
2015-03-18,0.0,-5.5,81.87,64.04,1.47,-9.12
2015-03-19,0.0,-4.13,71.16,64.31,1.49,-9.86
2015-03-20,0.0,-1.92,81.8,64.52,1.74,-5.44
2015-03-21,0.0,-1.44,81.05,64.61,1.28,-4.96
2015-03-22,0.0,-0.85,76.92,64.54,1.69,-5.4
2015-03-23,0.0,0.33,65.95,64.47,1.51,-6.97
2015-03-24,0.0,1.56,67.67,64.63,1.75,-4.76
2015-03-25,0.0,1.77,81.53,64.76,1.3,-1.57
2015-03-26,0.02,0.89,78.45,64.84,1.72,-3.08
2015-03-27,0.0,2.51,69.82,64.76,1.3,-3.38
2015-03-28,0.01,2.35,68.41,64.68,1.74,-3.53
2015-03-29,8.39,-0.96,90.36,64.42,2.05,-2.8
2015-03-30,4.05,-1.6,90.99,64.22,1.88,-3.22
2015-03-31,0.02,-2.0,80.13,64.27,1.59,-5.6
2015-04-01,2.21,-1.86,93.3,64.21,2.15,-3.09
2015-04-02,1.09,-1.18,90.11,64.14,2.01,-2.97
2015-04-03,15.53,-2.12,94.11,63.84,2.53,-3.35
2015-04-04,1.74,-2.22,87.71,63.75,2.15,-4.59
2015-04-05,0.17,-3.32,85.82,63.91,1.68,-5.86
2015-04-06,0.6,-2.41,83.04,64.05,2.03,-5.77
2015-04-07,2.85,-2.52,88.7,64.15,1.88,-4.61
2015-04-08,0.36,-2.26,83.72,64.25,1.57,-5.24
2015-04-09,0.0,-0.64,78.59,64.31,1.89,-4.68
2015-04-10,0.0,-0.16,77.25,64.35,1.73,-4.67
2015-04-11,0.0,-0.69,85.81,64.43,1.58,-3.5
2015-04-12,0.0,-0.23,82.02,64.64,1.44,-3.53
2015-04-13,0.0,1.0,82.39,64.58,1.42,-2.42
2015-04-14,3.51,2.54,80.59,64.59,1.69,-1.55
2015-04-15,9.96,1.83,95.04,64.6,1.4,0.97
2015-04-16,5.21,1.68,86.48,64.63,1.75,-0.75
2015-04-17,0.0,1.86,61.64,64.32,1.85,-5.86
2015-04-18,0.0,3.02,59.11,64.23,1.91,-5.01
2015-04-19,0.05,3.87,64.43,64.54,1.81,-2.64
2015-04-20,0.53,3.83,81.5,64.75,3.13,0.53
2015-04-21,0.0,3.33,77.5,64.49,1.9,-0.82
2015-04-22,0.0,3.42,76.51,64.24,1.95,-1.19
2015-04-23,0.0,3.37,77.26,64.34,1.63,-0.8
2015-04-24,0.0,3.36,73.35,64.47,1.87,-1.32
2015-04-25,0.42,2.76,73.92,64.51,2.04,-1.78
2015-04-26,0.0,4.56,74.31,64.49,2.04,-0.75
2015-04-27,1.94,4.7,81.33,64.58,2.45,1.26
2015-04-28,0.73,3.1,71.01,64.44,2.18,-2.62
2015-04-29,0.08,3.06,74.48,64.37,2.03,-2.0
2015-04-30,5.94,3.0,73.47,64.5,2.34,-2.21
2015-05-01,2.01,2.53,74.44,64.46,2.38,-2.05
2015-05-02,0.0,1.45,68.42,64.37,2.05,-4.3
2015-05-03,0.0,1.91,61.57,64.48,1.85,-5.03
2015-05-04,0.0,4.36,56.91,64.57,1.66,-4.48
2015-05-05,0.0,5.55,61.36,64.57,1.72,-1.88
2015-05-06,0.0,5.08,66.41,64.5,1.57,-1.19
2015-05-07,0.0,6.95,58.85,64.65,1.68,-1.38
2015-05-08,0.0,7.05,68.69,64.66,1.8,0.92
2015-05-09,0.0,6.24,73.13,64.59,1.67,1.09
2015-05-10,0.27,6.63,71.47,64.59,1.68,0.89
2015-05-11,2.58,6.67,75.43,64.61,2.04,1.84
2015-05-12,0.86,5.74,73.04,64.6,2.03,0.28
2015-05-13,0.02,4.89,80.2,64.53,2.68,1.22
2015-05-14,0.62,4.73,77.44,64.57,2.38,0.47
2015-05-15,0.87,5.05,74.72,64.5,1.74,0.26
2015-05-16,0.07,7.95,70.65,64.4,1.75,1.48
2015-05-17,0.0,7.52,76.39,64.42,2.19,2.91
2015-05-18,0.0,7.33,68.94,64.55,2.48,1.08
2015-05-19,0.05,7.19,62.14,64.59,2.3,-0.48
2015-05-20,0.0,6.13,57.5,64.47,2.1,-2.15
2015-05-21,0.0,6.58,54.71,64.41,2.15,-2.45
2015-05-22,0.0,7.62,46.28,64.36,2.13,-3.93
2015-05-23,0.0,7.26,50.13,64.29,2.22,-3.01
2015-05-24,0.0,7.04,52.52,64.38,2.54,-2.37
2015-05-25,0.0,7.46,49.76,64.45,2.95,-2.61
2015-05-26,0.0,7.05,48.28,64.49,3.05,-3.59
2015-05-27,0.0,7.36,36.33,64.48,2.14,-7.04
2015-05-28,0.01,7.73,36.38,64.46,2.07,-6.81
2015-05-29,0.0,8.52,42.84,64.6,2.15,-4.03
2015-05-30,0.0,7.08,60.56,64.57,2.49,-0.47
2015-05-31,0.03,5.42,66.91,64.42,2.25,-0.95
2015-06-01,0.03,3.85,69.43,64.26,2.31,-1.73
2015-06-02,0.0,4.47,68.32,64.45,1.62,-1.42
2015-06-03,0.32,5.55,65.91,64.56,2.3,-1.04
2015-06-04,3.86,6.46,73.49,64.64,2.63,1.34
2015-06-05,0.44,6.77,70.79,64.6,2.34,0.94
2015-06-06,0.0,7.57,66.71,64.4,2.17,0.64
2015-06-07,0.02,7.84,67.38,64.42,2.11,1.38
2015-06-08,2.46,8.1,65.84,64.49,2.26,1.63
2015-06-09,0.74,8.08,66.81,64.45,1.9,1.71
2015-06-10,0.87,8.8,67.23,64.4,2.29,2.18
2015-06-11,0.04,8.33,66.02,64.42,2.27,1.52
2015-06-12,0.1,7.73,68.56,64.31,2.22,1.73
2015-06-13,1.49,7.04,72.07,64.25,2.49,1.64
2015-06-14,4.03,6.77,84.87,64.08,3.26,4.02
2015-06-15,0.54,6.45,83.68,64.17,3.06,3.5
2015-06-16,0.0,7.7,77.16,64.25,2.66,3.4
2015-06-17,0.63,9.77,66.76,64.29,2.28,2.65
2015-06-18,1.16,9.67,79.63,64.33,2.21,5.74
2015-06-19,6.19,10.69,76.8,64.37,1.93,5.78
2015-06-20,7.08,10.34,79.06,64.34,2.19,6.26
2015-06-21,11.07,9.28,80.84,64.32,2.53,5.53
2015-06-22,1.17,9.33,76.29,64.15,2.43,4.67
2015-06-23,2.67,10.0,78.84,64.08,2.54,5.83
2015-06-24,7.03,9.27,78.59,64.14,2.36,5.04
2015-06-25,12.35,7.41,86.95,63.93,2.98,5.07
2015-06-26,0.22,7.36,65.21,63.93,2.01,0.0
2015-06-27,0.02,9.02,61.8,64.1,1.95,0.79
2015-06-28,12.92,10.12,68.2,64.44,1.99,3.61
2015-06-29,16.39,9.06,82.06,64.58,2.17,5.64
2015-06-30,6.65,9.18,79.37,64.51,2.17,5.11
2015-07-01,2.24,8.59,80.21,64.47,2.03,4.84
2015-07-02,3.32,9.4,78.69,64.42,2.08,5.11
2015-07-03,0.43,10.65,80.93,64.36,1.9,6.87
2015-07-04,10.41,12.93,73.59,64.29,1.91,6.65
2015-07-05,18.78,12.99,82.68,64.2,2.34,9.38
2015-07-06,20.67,10.22,89.96,64.19,2.19,8.35
2015-07-07,14.24,9.77,87.5,64.14,1.83,7.49
2015-07-08,11.18,10.11,88.73,64.23,1.85,7.99
2015-07-09,6.0,10.25,86.16,64.25,2.07,7.74
2015-07-10,29.34,9.73,91.44,64.12,3.1,8.16
2015-07-11,37.86,8.45,87.44,64.3,1.72,6.28
2015-07-12,36.34,9.83,86.33,64.36,1.91,7.38
2015-07-13,27.61,11.02,88.35,64.4,1.86,8.9
2015-07-14,1.17,12.0,88.14,64.3,1.62,9.86
2015-07-15,3.37,13.42,86.35,64.09,1.47,10.71
2015-07-16,21.19,12.82,86.95,64.04,2.02,10.14
2015-07-17,15.41,10.23,89.91,64.16,1.45,8.31
2015-07-18,11.93,10.05,91.09,64.15,1.93,8.44
2015-07-19,2.88,10.18,89.08,64.16,1.56,8.19
2015-07-20,1.45,9.94,91.35,64.24,1.92,8.39
2015-07-21,7.44,9.83,87.12,64.46,1.41,7.47
2015-07-22,2.91,11.88,85.98,64.45,1.8,9.23
2015-07-23,1.56,10.18,91.39,64.49,1.42,8.61
2015-07-24,1.17,11.26,89.95,64.43,1.5,9.39
2015-07-25,10.03,12.04,88.93,64.33,2.28,9.92
2015-07-26,14.81,10.96,84.83,64.39,1.96,8.05
2015-07-27,6.41,10.77,84.47,64.35,2.06,7.85
2015-07-28,2.23,10.87,80.39,64.31,1.96,7.34
2015-07-29,0.0,11.3,83.61,64.27,1.8,8.2
2015-07-30,1.11,11.89,89.97,64.21,2.3,10.13
2015-07-31,14.19,10.66,86.77,64.16,2.25,8.29
2015-08-01,18.29,10.15,92.43,64.32,2.15,8.77
2015-08-02,2.03,9.8,92.07,64.45,2.09,8.39
2015-08-03,8.77,9.61,88.5,64.48,1.93,7.58
2015-08-04,1.04,10.9,83.82,64.41,2.0,8.04
2015-08-05,0.91,11.08,90.99,64.26,2.4,9.49
2015-08-06,17.87,10.88,90.79,64.22,1.77,9.14
2015-08-07,26.57,11.09,91.92,64.3,1.39,9.63
2015-08-08,11.68,10.66,92.2,64.43,1.27,9.23
2015-08-09,5.19,11.38,90.38,64.31,1.93,9.63
2015-08-10,4.66,9.84,90.93,64.39,1.44,8.12
2015-08-11,6.06,10.02,90.65,64.56,2.09,8.41
2015-08-12,4.01,10.74,93.48,64.54,2.27,9.64
2015-08-13,6.85,11.19,92.04,64.5,2.6,9.88
2015-08-14,0.95,10.86,92.34,64.51,2.49,9.51
2015-08-15,10.95,9.67,94.78,64.49,2.36,8.63
2015-08-16,5.09,9.62,92.77,64.5,1.89,8.36
2015-08-17,11.97,10.2,90.94,64.38,2.52,8.66
2015-08-18,9.53,9.87,82.56,64.42,1.58,6.43
2015-08-19,17.52,11.51,76.25,64.4,1.51,6.2
2015-08-20,23.11,11.23,81.63,64.34,1.51,7.15
2015-08-21,14.84,9.91,91.64,64.27,2.24,8.36
2015-08-22,20.16,8.48,93.15,64.19,2.1,7.27
2015-08-23,9.62,8.76,89.2,64.23,1.86,6.75
2015-08-24,4.07,8.9,86.33,64.35,1.67,6.45
2015-08-25,0.01,9.46,81.17,64.37,1.61,5.71
2015-08-26,0.0,9.83,84.92,64.4,1.72,6.87
2015-08-27,2.65,10.08,85.34,64.49,1.63,7.29
2015-08-28,0.54,9.46,84.05,64.5,1.56,6.35
2015-08-29,0.88,8.56,82.18,64.39,1.66,5.21
2015-08-30,6.49,9.23,80.17,64.37,1.58,5.38
2015-08-31,1.97,8.3,79.95,64.37,1.58,4.25
2015-09-01,0.48,8.01,85.36,64.23,1.6,5.25
2015-09-02,7.44,8.33,86.75,64.22,1.89,5.8
2015-09-03,0.82,7.8,87.09,64.5,1.9,5.37
2015-09-04,0.06,7.95,83.27,64.71,1.68,4.62
2015-09-05,0.0,7.04,76.38,64.67,1.67,2.25
2015-09-06,0.0,6.4,81.41,64.56,1.62,2.83
2015-09-07,0.0,6.14,78.04,64.5,1.52,1.96
2015-09-08,0.0,6.58,72.94,64.55,1.58,1.28
2015-09-09,0.0,6.96,67.15,64.64,1.55,0.12
2015-09-10,0.0,7.25,72.33,64.75,1.51,1.61
2015-09-11,0.0,6.54,64.43,64.77,1.64,-0.75
2015-09-12,0.0,6.54,57.31,64.75,1.55,-2.06
2015-09-13,0.0,7.34,68.96,64.7,1.4,1.03
2015-09-14,0.0,7.79,81.15,64.58,1.56,4.08
2015-09-15,1.67,6.56,75.84,64.55,1.65,1.8
2015-09-16,2.72,6.31,78.76,64.53,1.43,2.26
2015-09-17,0.13,5.67,68.23,64.61,1.53,-0.21
2015-09-18,0.34,6.54,66.11,64.71,1.5,-0.17
2015-09-19,7.88,6.25,89.18,64.61,1.44,4.32
2015-09-20,18.69,6.38,90.69,64.54,1.92,4.68
2015-09-21,2.66,7.27,84.02,64.46,1.51,4.29
2015-09-22,16.7,7.92,93.71,64.42,2.62,6.78
2015-09-23,1.79,6.87,89.68,64.48,1.89,4.98
2015-09-24,0.0,6.2,85.88,64.28,1.64,3.63
2015-09-25,0.0,5.75,87.07,64.2,1.72,3.43
2015-09-26,0.0,5.19,88.1,64.31,2.2,3.07
2015-09-27,0.0,3.4,81.31,64.44,1.73,-0.07
2015-09-28,0.0,3.9,78.25,64.56,1.5,-0.25
2015-09-29,0.0,4.42,69.46,64.81,1.63,-1.38
2015-09-30,0.0,4.98,66.16,64.98,1.62,-1.83
2015-10-01,0.0,5.23,64.78,65.01,1.57,-1.87
2015-10-02,0.0,5.08,65.33,64.88,1.63,-1.72
2015-10-03,0.0,4.97,64.46,64.66,1.58,-1.93
2015-10-04,0.0,2.86,70.99,64.72,1.53,-2.38
2015-10-05,0.0,3.49,69.46,64.73,1.5,-1.96
2015-10-06,0.0,4.25,72.58,64.66,1.45,-0.8
2015-10-07,0.0,4.06,70.64,64.72,1.49,-1.6
2015-10-08,0.0,4.52,75.09,64.58,1.38,-0.23
2015-10-09,0.0,5.6,73.26,64.38,1.26,0.4
2015-10-10,0.0,5.57,73.41,64.4,1.49,0.46
2015-10-11,0.0,4.67,81.11,64.6,1.49,1.1
2015-10-12,3.45,4.87,85.74,64.67,1.41,2.07
2015-10-13,0.64,5.38,84.45,64.7,1.33,2.06
2015-10-14,6.14,3.65,86.18,64.81,1.66,1.12
2015-10-15,0.08,2.23,77.9,64.76,1.31,-1.61
2015-10-16,0.06,3.21,75.84,64.76,1.53,-1.53
2015-10-17,0.0,3.66,75.27,64.77,1.6,-0.9
2015-10-18,0.11,3.14,72.16,64.83,1.61,-1.98
2015-10-19,0.0,2.72,77.12,64.78,1.58,-1.55
2015-10-20,0.0,1.77,78.09,64.58,1.66,-2.26
2015-10-21,0.0,0.59,70.24,64.53,1.39,-4.95
2015-10-22,0.0,0.54,68.02,64.52,1.58,-5.73
2015-10-23,0.0,0.67,66.58,64.5,1.43,-5.55
2015-10-24,0.15,0.27,68.3,64.52,1.52,-5.51
2015-10-25,1.48,0.05,84.6,64.68,1.78,-2.73
2015-10-26,1.66,-1.19,82.81,64.67,1.49,-4.35
2015-10-27,0.06,-1.68,81.83,64.55,1.46,-5.21
2015-10-28,0.01,-0.79,78.71,64.49,1.04,-4.92
2015-10-29,0.02,1.11,68.65,64.56,0.99,-5.54
2015-10-30,0.0,3.32,47.08,64.65,1.13,-7.72
2015-10-31,0.0,3.15,67.3,64.77,1.18,-2.92
2015-11-01,0.0,1.67,75.52,64.76,1.32,-3.04
2015-11-02,0.0,0.79,77.96,64.76,1.13,-3.17
2015-11-03,0.03,-0.83,79.96,64.58,1.43,-4.7
2015-11-04,0.89,-2.03,80.55,64.42,2.02,-5.54
2015-11-05,0.75,-3.31,89.37,64.31,2.0,-5.2
2015-11-06,0.05,-2.76,79.32,64.33,1.49,-6.36
2015-11-07,0.0,-1.51,61.69,64.5,1.35,-8.72
2015-11-08,0.0,-1.77,79.8,64.59,1.25,-5.6
2015-11-09,0.0,-2.62,86.08,64.54,1.51,-5.09
2015-11-10,0.0,-2.48,83.08,64.42,1.47,-5.42
2015-11-11,0.0,-1.24,65.69,64.44,1.15,-7.68
2015-11-12,0.0,1.53,57.84,64.69,1.29,-6.36
2015-11-13,0.01,1.72,71.89,64.7,1.6,-3.2
2015-11-14,0.0,0.1,82.14,64.46,1.53,-3.03
2015-11-15,0.0,-1.22,81.0,64.39,1.76,-4.64
2015-11-16,0.0,-1.66,76.13,64.3,1.14,-6.39
2015-11-17,0.0,-1.18,69.06,64.29,1.29,-7.02
2015-11-18,0.0,0.58,38.95,64.6,1.36,-11.94
2015-11-19,0.0,1.98,45.5,64.81,1.3,-8.66
2015-11-20,0.0,2.03,48.88,64.79,1.34,-8.0
2015-11-21,0.0,1.82,49.27,64.75,1.34,-8.4
2015-11-22,0.0,-0.09,49.29,64.68,1.54,-10.14
2015-11-23,0.0,-0.4,50.32,64.68,1.13,-9.51
2015-11-24,0.0,-0.98,52.36,64.66,1.43,-9.99
2015-11-25,0.0,-0.16,45.31,64.64,1.48,-10.86
2015-11-26,0.42,-2.63,68.06,64.34,2.31,-8.39
2015-11-27,0.95,-3.68,88.08,64.06,1.92,-5.7
2015-11-28,0.05,-2.72,86.14,64.41,1.27,-5.11
2015-11-29,0.0,-2.1,66.22,64.71,1.36,-8.89
2015-11-30,0.0,-1.05,58.55,64.75,1.14,-9.3
2015-12-01,0.0,-1.5,54.92,64.52,1.29,-9.85
2015-12-02,0.0,-2.97,65.23,64.39,1.19,-9.08
2015-12-03,0.0,-1.16,46.62,64.44,1.32,-12.01
2015-12-04,0.0,1.91,37.69,64.51,1.42,-11.01
2015-12-05,0.0,1.06,40.54,64.59,1.34,-10.82
2015-12-06,0.0,-0.38,50.94,64.59,1.49,-9.38
2015-12-07,0.0,-1.83,49.73,64.58,1.3,-11.16
2015-12-08,0.0,-1.72,50.59,64.55,1.13,-10.69
2015-12-09,0.02,-3.54,58.45,64.41,1.57,-11.22
2015-12-10,2.06,-5.21,87.26,64.12,2.09,-7.44
2015-12-11,20.8,-6.0,96.1,63.7,4.59,-6.89
2015-12-12,2.56,-8.06,94.22,63.86,1.3,-9.22
2015-12-13,0.0,-8.84,95.04,63.96,1.68,-10.04
2015-12-14,0.0,-9.06,86.35,64.0,1.0,-11.63
2015-12-15,0.0,-10.07,64.45,64.01,1.29,-16.23
2015-12-16,0.0,-7.57,60.4,64.07,1.37,-14.51
2015-12-17,0.68,-10.86,93.26,63.82,1.71,-12.24
2015-12-18,0.0,-11.16,60.66,63.94,1.36,-18.33
2015-12-19,0.0,-9.31,59.25,64.13,1.64,-16.44
2015-12-20,0.0,-10.58,82.56,63.99,1.49,-13.82
2015-12-21,0.0,-11.58,81.63,63.98,1.58,-15.08
2015-12-22,0.0,-10.7,88.34,64.08,1.79,-12.8
2015-12-23,0.22,-11.21,89.52,63.95,2.07,-13.13
2015-12-24,0.06,-10.48,73.54,63.9,0.85,-15.36
2015-12-25,0.0,-8.36,47.17,64.31,1.37,-17.62
2015-12-26,0.0,-3.73,63.97,64.53,1.27,-9.86
2015-12-27,0.0,-1.88,73.53,64.7,1.08,-6.47
2015-12-28,0.0,-3.06,56.86,64.78,1.14,-10.8
2015-12-29,0.0,-2.89,43.15,64.55,1.27,-13.92
2015-12-30,0.0,-5.7,56.71,64.41,1.56,-13.48
2015-12-31,0.0,-7.65,48.97,64.5,1.21,-17.66
2016-01-01,0.0,-4.28,39.27,64.63,1.15,-16.14
2016-01-02,0.0,-4.83,48.47,64.52,0.96,-14.08
2016-01-03,0.0,-3.89,49.64,64.41,1.05,-13.37
2016-01-04,1.85,-4.58,71.42,64.52,1.12,-9.61
2016-01-05,0.18,-5.52,87.3,64.34,1.07,-7.89
2016-01-06,0.0,-6.05,84.15,64.29,1.24,-9.2
2016-01-07,1.9,-6.4,87.4,64.28,1.55,-8.91
2016-01-08,6.37,-8.32,94.08,64.02,1.94,-9.46
2016-01-09,0.0,-8.71,63.06,63.98,1.46,-15.5
2016-01-10,0.0,-6.71,58.69,64.26,1.48,-13.9
2016-01-11,0.0,-6.45,68.27,64.33,1.55,-12.16
2016-01-12,0.02,-6.07,67.4,64.16,1.41,-11.67
2016-01-13,0.21,-8.89,75.87,63.94,1.14,-13.3
2016-01-14,0.0,-8.68,66.98,64.01,1.42,-14.58
2016-01-15,0.0,-8.05,78.55,63.91,1.33,-12.03
2016-01-16,0.0,-8.2,61.86,63.91,1.71,-15.4
2016-01-17,0.0,-7.6,67.7,63.97,1.44,-13.2
2016-01-18,0.0,-9.26,82.26,63.86,1.96,-12.76
2016-01-19,0.44,-9.15,83.96,63.69,1.55,-12.29
2016-01-20,0.02,-8.81,59.46,63.66,1.22,-17.31
2016-01-21,0.0,-9.35,44.35,63.97,1.66,-20.01
2016-01-22,0.0,-8.01,42.99,64.04,1.61,-18.68
2016-01-23,0.0,-7.71,48.14,64.13,1.47,-17.01
2016-01-24,0.0,-8.1,58.02,64.03,1.48,-15.36
2016-01-25,0.0,-8.46,63.05,63.93,1.61,-14.9
2016-01-26,0.0,-8.05,79.5,63.94,1.47,-11.29
2016-01-27,0.0,-7.7,82.11,63.95,1.34,-10.66
2016-01-28,0.02,-6.48,64.2,64.13,1.43,-13.15
2016-01-29,12.16,-5.78,93.28,64.27,2.73,-7.16
2016-01-30,3.13,-6.85,91.42,64.17,2.08,-8.22
2016-01-31,1.82,-7.98,90.17,64.07,2.29,-9.47
2016-02-01,0.01,-8.3,71.27,64.12,1.41,-13.21
2016-02-02,0.0,-9.27,66.21,64.17,1.61,-15.17
2016-02-03,0.0,-7.63,55.38,64.24,1.28,-16.15
2016-02-04,0.0,-4.93,45.51,64.46,1.62,-15.19
2016-02-05,0.0,-2.54,38.08,64.54,1.51,-14.85
2016-02-06,0.02,-3.42,45.44,64.27,2.45,-14.36
2016-02-07,17.74,-6.14,89.45,64.03,1.68,-8.3
2016-02-08,0.01,-6.51,79.74,64.13,1.46,-10.32
2016-02-09,0.0,-7.01,74.94,64.1,1.53,-11.79
2016-02-10,0.66,-7.64,86.39,63.86,2.26,-10.25
2016-02-11,1.4,-8.54,91.64,63.65,4.12,-10.46
2016-02-12,0.07,-8.54,77.08,63.82,1.87,-12.38
2016-02-13,5.61,-9.52,82.52,63.89,2.13,-12.64
2016-02-14,0.11,-9.98,80.51,64.09,1.91,-13.62
2016-02-15,0.0,-7.73,81.42,64.23,1.69,-11.28
2016-02-16,0.0,-6.85,73.84,64.42,1.62,-11.57
2016-02-17,0.0,-6.09,62.85,64.66,1.57,-12.74
2016-02-18,0.2,-2.7,72.4,64.73,1.36,-7.59
2016-02-19,3.06,-1.71,84.13,64.76,1.55,-4.62
2016-02-20,17.49,-3.11,94.38,64.44,2.84,-3.92
2016-02-21,0.02,-4.94,69.84,64.35,1.39,-10.55
2016-02-22,0.0,-4.23,60.39,64.3,1.45,-11.46
2016-02-23,0.0,-5.46,58.24,64.24,1.79,-14.0
2016-02-24,0.0,-5.84,43.85,64.3,2.02,-17.46
2016-02-25,0.0,-4.61,52.9,64.46,1.61,-13.53
2016-02-26,0.0,-4.85,70.6,64.64,1.68,-10.2
2016-02-27,0.0,-4.55,68.79,64.65,1.82,-10.58
2016-02-28,0.0,-3.89,69.8,64.69,1.62,-9.69
2016-02-29,0.2,-3.98,82.38,64.65,1.55,-7.33
2016-03-01,0.0,-3.62,73.57,64.52,1.55,-8.84
2016-03-02,0.0,-3.37,76.49,64.56,1.5,-7.52
2016-03-03,0.0,-1.56,69.5,64.63,1.41,-7.16
2016-03-04,0.23,-1.75,77.66,64.45,1.51,-5.74
2016-03-05,6.22,-2.97,84.28,64.4,1.28,-5.86
2016-03-06,10.54,-3.97,83.11,64.38,1.26,-7.11
2016-03-07,1.53,-3.81,84.93,64.3,1.29,-6.67
2016-03-08,0.44,-3.17,82.15,64.25,1.22,-6.43
2016-03-09,0.0,-3.0,80.13,64.3,1.39,-6.68
2016-03-10,0.1,-2.1,80.32,64.43,1.51,-5.92
2016-03-11,18.69,-2.46,93.27,64.5,1.56,-3.83
2016-03-12,28.43,-3.82,90.87,64.29,1.74,-5.67
2016-03-13,12.66,-4.5,96.13,64.07,1.41,-5.51
2016-03-14,1.85,-6.22,95.76,64.14,1.52,-7.26
2016-03-15,0.02,-6.64,87.26,64.18,1.41,-8.97
2016-03-16,0.0,-5.41,67.49,64.21,1.84,-11.84
2016-03-17,19.82,-3.13,83.65,64.19,1.93,-5.83
2016-03-18,9.69,-3.6,94.36,64.25,1.71,-4.66
2016-03-19,6.34,-3.93,87.32,64.29,1.9,-6.01
2016-03-20,1.05,-5.15,85.77,64.27,2.28,-7.8
2016-03-21,0.02,-4.35,78.63,64.12,1.57,-8.26
2016-03-22,0.0,-5.4,54.71,64.17,2.34,-14.79
2016-03-23,0.0,-1.9,54.73,64.5,2.03,-11.13
2016-03-24,0.0,0.09,67.07,64.87,1.39,-5.72
2016-03-25,0.0,2.5,69.91,64.97,1.36,-2.64
2016-03-26,0.0,1.22,76.09,64.84,2.1,-2.92
2016-03-27,3.1,0.15,86.58,64.56,2.29,-2.21
2016-03-28,0.0,-0.9,78.71,64.52,1.45,-4.89
2016-03-29,0.0,1.03,78.17,64.53,1.86,-2.86
2016-03-30,0.0,0.52,82.19,64.58,1.73,-2.57
2016-03-31,0.0,1.14,72.12,64.52,1.58,-4.16
2016-04-01,0.0,2.27,70.44,64.46,1.76,-3.36
2016-04-02,0.0,4.04,76.98,64.7,1.46,-0.04
2016-04-03,0.39,4.28,73.59,64.83,1.91,-0.64
2016-04-04,6.89,2.78,83.46,64.61,2.77,-0.08
2016-04-05,0.17,1.33,75.61,64.44,1.65,-3.01
2016-04-06,8.06,0.33,76.78,64.38,2.04,-3.57
2016-04-07,4.82,-1.06,89.29,64.32,1.98,-3.04
2016-04-08,0.06,-1.08,74.48,64.41,1.69,-5.64
2016-04-09,0.0,0.44,74.84,64.53,2.16,-3.91
2016-04-10,0.0,1.33,73.02,64.56,1.77,-3.39
2016-04-11,2.84,1.0,80.31,64.42,2.56,-2.46
2016-04-12,0.03,2.14,66.41,64.26,1.72,-4.83
2016-04-13,0.12,1.92,71.99,64.16,2.01,-3.49
2016-04-14,0.01,3.21,69.12,64.27,1.63,-3.1
2016-04-15,0.0,4.01,59.94,64.51,1.69,-3.8
2016-04-16,0.0,4.82,70.12,64.53,1.56,-0.49
2016-04-17,6.33,5.1,77.44,64.5,1.8,0.88
2016-04-18,6.92,3.33,84.91,64.51,2.2,0.59
2016-04-19,1.35,3.49,76.06,64.65,1.74,-0.81
2016-04-20,0.04,3.65,65.3,64.62,1.82,-3.14
2016-04-21,0.01,4.25,57.36,64.34,2.09,-4.22
2016-04-22,7.3,2.47,72.0,64.12,3.17,-2.43
2016-04-23,1.52,0.02,69.66,63.97,2.54,-5.48
2016-04-24,0.02,0.01,56.98,64.0,1.69,-7.66
2016-04-25,0.0,2.2,53.26,64.27,1.96,-7.15
2016-04-26,0.0,2.94,44.65,64.56,2.03,-8.1
2016-04-27,0.0,3.27,51.25,64.5,2.2,-6.11
2016-04-28,0.0,3.19,47.43,64.43,1.95,-7.21
2016-04-29,0.0,3.26,47.58,64.46,1.15,-7.24
2016-04-30,0.0,5.41,46.14,64.48,1.54,-5.86
2016-05-01,0.0,7.03,44.91,64.53,1.86,-4.86
2016-05-02,0.0,7.86,44.61,64.64,2.07,-3.89
2016-05-03,1.55,6.14,57.55,64.58,1.81,-2.64
2016-05-04,4.3,4.25,77.74,64.49,2.07,0.14
2016-05-05,11.03,3.01,82.42,64.49,2.26,-0.08
2016-05-06,0.76,3.9,81.07,64.38,1.75,0.56
2016-05-07,0.0,5.62,77.3,64.44,2.06,1.18
2016-05-08,0.02,7.43,74.6,64.61,1.61,1.8
2016-05-09,0.0,7.14,78.7,64.73,1.83,3.1
2016-05-10,23.45,6.51,81.47,64.73,1.79,3.02
2016-05-11,4.2,5.6,90.32,64.57,2.13,3.9
2016-05-12,0.44,5.8,84.67,64.36,2.2,2.96
2016-05-13,0.04,6.35,71.56,64.43,1.85,0.66
2016-05-14,0.07,6.57,73.38,64.57,2.21,1.65
2016-05-15,0.08,6.72,62.96,64.63,1.93,-0.39
2016-05-16,0.0,7.15,59.78,64.47,2.42,-1.17
2016-05-17,0.0,7.72,60.64,64.36,1.79,-0.08
2016-05-18,0.0,9.12,56.07,64.45,1.88,0.31
2016-05-19,0.0,8.67,55.85,64.52,1.95,-0.1
2016-05-20,0.05,8.66,62.14,64.39,1.73,1.31
2016-05-21,0.0,8.78,59.14,64.32,1.74,0.4
2016-05-22,2.31,9.64,58.78,64.44,1.89,0.82
2016-05-23,4.51,8.1,70.83,64.45,2.29,2.45
2016-05-24,3.61,5.47,80.5,64.22,2.61,1.82
2016-05-25,0.13,5.57,72.14,63.96,2.57,-0.02
2016-05-26,0.0,6.37,72.31,64.15,2.48,1.19
2016-05-27,0.0,7.49,63.12,64.33,2.01,0.24
2016-05-28,3.07,7.4,67.52,64.31,2.24,0.71
2016-05-29,4.26,5.54,83.37,64.18,3.02,2.56
2016-05-30,0.01,4.86,81.62,64.19,3.07,1.5
2016-05-31,0.0,7.3,70.43,64.33,2.08,1.24
2016-06-01,0.0,8.43,69.86,64.51,1.97,1.87
2016-06-02,0.2,9.42,73.41,64.59,2.0,4.03
2016-06-03,1.51,9.95,69.73,64.66,1.94,3.76
2016-06-04,0.74,9.82,70.09,64.73,2.25,3.93
2016-06-05,3.62,9.29,65.65,64.74,2.04,2.24
2016-06-06,3.46,7.48,77.12,64.62,1.98,3.33
2016-06-07,3.46,7.46,76.07,64.49,1.77,3.07
2016-06-08,3.75,7.42,76.2,64.4,2.16,3.08
2016-06-09,2.47,8.04,76.44,64.33,2.09,3.7
2016-06-10,0.72,9.12,72.94,64.36,2.23,3.8
2016-06-11,0.04,8.92,76.07,64.36,2.31,4.43
2016-06-12,0.61,9.13,75.53,64.32,2.23,4.45
2016-06-13,0.5,9.44,81.99,64.27,2.13,6.04
2016-06-14,2.67,10.22,78.94,64.18,1.94,6.17
2016-06-15,10.47,9.68,88.15,64.1,1.77,7.51
2016-06-16,10.58,9.15,87.71,64.24,2.48,6.91
2016-06-17,0.0,10.02,73.52,64.39,1.96,4.59
2016-06-18,0.41,10.93,73.54,64.56,1.81,5.62
2016-06-19,0.05,11.41,76.74,64.6,2.0,6.76
2016-06-20,4.02,11.89,77.44,64.51,1.9,7.21
2016-06-21,5.3,11.36,85.22,64.36,2.85,8.6
2016-06-22,11.08,10.57,81.1,64.45,2.21,6.94
2016-06-23,0.43,10.63,74.45,64.42,1.99,5.44
2016-06-24,0.0,11.1,69.7,64.35,2.06,4.38
2016-06-25,1.27,10.93,77.84,64.52,2.05,6.59
2016-06-26,2.15,11.8,78.28,64.51,2.04,7.44
2016-06-27,8.04,11.76,83.8,64.46,2.4,8.69
2016-06-28,7.97,11.86,84.67,64.58,1.9,8.96
2016-06-29,1.12,12.85,82.41,64.66,1.97,9.39
2016-06-30,8.17,12.96,85.42,64.43,2.39,10.24
2016-07-01,3.34,12.4,83.36,64.17,2.33,9.24
2016-07-02,13.35,11.1,85.0,64.14,2.2,8.32
2016-07-03,12.71,11.0,86.42,64.16,2.52,8.53
2016-07-04,6.21,10.75,89.3,64.13,2.4,8.77
2016-07-05,5.59,11.52,80.14,64.12,2.17,7.56
2016-07-06,3.59,10.72,84.43,64.22,2.44,7.83
2016-07-07,0.01,10.64,81.04,64.31,2.04,7.03
2016-07-08,1.83,11.6,78.76,64.27,1.98,7.39
2016-07-09,0.8,11.0,82.64,64.24,2.12,7.67
2016-07-10,0.07,11.87,82.77,64.18,2.29,8.54
2016-07-11,8.14,12.12,83.08,64.25,2.37,8.96
2016-07-12,6.21,11.93,88.58,64.35,2.58,9.88
2016-07-13,2.74,12.0,87.09,64.33,2.0,9.68
2016-07-14,8.2,11.67,90.4,64.22,1.83,9.89
2016-07-15,7.38,10.53,92.47,64.23,1.54,9.16
2016-07-16,23.55,9.93,90.14,64.29,1.94,8.19
2016-07-17,14.38,9.69,88.89,64.34,2.0,7.66
2016-07-18,4.28,10.07,89.29,64.3,2.35,8.16
2016-07-19,1.17,10.27,80.23,64.28,1.92,6.47
2016-07-20,1.35,11.37,81.05,64.32,1.84,7.67
2016-07-21,3.42,11.68,86.4,64.31,2.17,9.17
2016-07-22,9.37,10.55,86.19,64.31,2.33,7.94
2016-07-23,23.09,10.32,85.43,64.36,1.91,7.48
2016-07-24,3.9,11.21,84.69,64.46,1.87,8.34
2016-07-25,2.93,11.65,87.35,64.48,2.04,9.37
2016-07-26,13.08,11.44,88.31,64.48,2.32,9.36
2016-07-27,10.94,9.71,91.04,64.54,2.1,8.16
2016-07-28,5.17,10.71,89.93,64.43,2.35,8.84
2016-07-29,9.12,10.6,87.07,64.31,2.22,8.24
2016-07-30,16.15,10.27,92.7,64.33,2.37,8.97
2016-07-31,20.13,10.98,87.93,64.3,2.04,8.8
2016-08-01,10.65,11.19,91.09,64.19,2.55,9.65
2016-08-02,8.03,10.13,91.75,64.13,2.35,8.61
2016-08-03,1.82,10.23,88.16,64.27,2.31,8.1
2016-08-04,2.79,10.77,87.66,64.42,2.06,8.54
2016-08-05,10.36,10.66,89.05,64.39,1.96,8.66
2016-08-06,26.97,10.15,87.82,64.34,1.97,7.96
2016-08-07,10.25,10.49,89.37,64.37,1.98,8.59
2016-08-08,4.98,10.49,90.11,64.36,2.03,8.74
2016-08-09,8.97,11.12,89.65,64.24,2.34,9.21
2016-08-10,13.56,10.51,91.27,64.24,2.32,8.99
2016-08-11,10.64,9.86,90.56,64.4,2.0,8.19
2016-08-12,11.25,10.28,91.57,64.39,2.01,8.74
2016-08-13,2.39,10.55,88.66,64.32,2.06,8.57
2016-08-14,1.41,10.41,90.03,64.28,2.13,8.62
2016-08-15,5.69,9.92,91.66,64.16,2.37,8.45
2016-08-16,3.49,9.23,88.08,64.11,1.9,6.98
2016-08-17,2.08,8.7,87.46,64.18,2.06,6.46
2016-08-18,5.43,9.19,91.14,64.32,1.95,7.6
2016-08-19,3.19,10.14,83.99,64.36,1.89,7.34
2016-08-20,4.91,9.54,91.77,64.43,1.93,8.05
2016-08-21,8.36,10.32,83.25,64.48,1.73,7.23
2016-08-22,11.46,10.27,83.66,64.59,1.76,7.2
2016-08-23,1.79,10.56,88.08,64.55,1.88,8.32
2016-08-24,11.26,9.71,86.91,64.51,1.68,7.29
2016-08-25,4.02,9.92,82.25,64.64,1.77,6.73
2016-08-26,5.07,9.78,87.43,64.68,2.05,7.57
2016-08-27,13.1,9.03,89.27,64.73,1.84,7.12
2016-08-28,0.14,9.04,87.26,64.75,1.87,6.74
2016-08-29,3.8,9.14,87.33,64.5,1.92,6.79
2016-08-30,4.41,8.7,88.83,64.37,2.04,6.71
2016-08-31,7.24,8.89,90.17,64.4,2.02,7.06
2016-09-01,9.13,8.61,90.57,64.36,1.89,6.95
2016-09-02,1.53,8.52,85.2,64.25,1.66,5.73
2016-09-03,0.09,7.78,80.08,64.16,1.63,4.06
2016-09-04,2.05,8.82,89.25,64.28,1.95,6.91
2016-09-05,0.97,9.26,88.06,64.36,1.7,7.05
2016-09-06,0.01,8.17,76.14,64.46,1.65,3.41
2016-09-07,0.0,7.29,71.81,64.47,1.65,1.57
2016-09-08,0.33,8.03,75.17,64.53,1.54,2.99
2016-09-09,1.54,10.17,84.41,64.59,1.55,7.21
2016-09-10,1.47,10.08,86.18,64.53,1.6,7.41
2016-09-11,1.43,9.28,84.43,64.46,1.58,6.23
2016-09-12,1.23,7.95,77.5,64.5,1.52,3.53
2016-09-13,1.53,7.12,75.71,64.6,1.44,2.27
2016-09-14,1.08,7.16,79.87,64.66,1.61,3.25
2016-09-15,0.01,7.51,75.3,64.59,1.56,2.82
2016-09-16,0.0,7.17,73.65,64.54,1.45,1.8
2016-09-17,0.01,7.61,78.8,64.46,1.65,3.61
2016-09-18,0.03,8.15,84.14,64.53,1.69,5.14
2016-09-19,0.81,9.36,85.23,64.48,1.64,6.59
2016-09-20,0.7,8.93,87.74,64.46,1.59,6.66
2016-09-21,7.25,8.32,87.17,64.6,1.84,5.97
2016-09-22,2.31,6.83,85.37,64.6,1.61,4.05
2016-09-23,0.04,5.82,79.26,64.4,1.66,2.04
2016-09-24,1.94,5.57,87.62,64.31,1.73,3.28
2016-09-25,0.19,6.03,85.9,64.37,1.49,3.47
2016-09-26,0.1,6.98,84.43,64.48,1.34,3.96
2016-09-27,0.02,7.36,86.4,64.5,1.51,4.8
2016-09-28,0.24,7.52,87.83,64.46,1.94,5.32
2016-09-29,0.01,7.34,86.19,64.48,1.56,4.79
2016-09-30,0.0,8.35,79.87,64.59,1.63,4.25
2016-10-01,0.02,8.34,75.84,64.73,1.48,3.2
2016-10-02,0.32,8.34,78.12,64.86,1.48,3.81
2016-10-03,0.02,7.84,77.92,64.74,1.47,3.38
2016-10-04,0.18,7.24,77.81,64.59,1.64,2.7
2016-10-05,3.99,5.78,75.61,64.48,1.61,0.96
2016-10-06,0.57,5.12,68.95,64.54,1.62,-1.26
2016-10-07,0.09,4.62,63.74,64.57,1.55,-3.2
2016-10-08,0.0,4.35,74.35,64.56,1.56,-0.95
2016-10-09,0.0,2.96,69.1,64.41,1.66,-3.72
2016-10-10,0.0,1.75,70.97,64.28,1.42,-4.16
2016-10-11,0.0,3.36,77.35,64.29,1.26,-0.96
2016-10-12,0.0,3.43,78.58,64.3,1.75,-0.6
2016-10-13,0.0,3.05,60.18,64.41,1.35,-5.36
2016-10-14,0.0,4.12,61.34,64.57,1.65,-3.75
2016-10-15,0.0,4.27,59.2,64.61,1.53,-4.82
2016-10-16,0.0,3.75,58.79,64.64,1.62,-4.63
2016-10-17,0.0,2.81,58.96,64.55,1.69,-5.49
2016-10-18,0.0,3.34,58.35,64.45,1.74,-4.82
2016-10-19,0.0,2.46,56.9,64.39,1.67,-5.93
2016-10-20,0.0,2.43,61.16,64.29,1.72,-5.08
2016-10-21,0.0,1.33,60.39,64.32,1.37,-6.54
2016-10-22,0.0,2.13,52.08,64.42,1.5,-7.86
2016-10-23,0.0,2.58,47.41,64.41,1.54,-8.73
2016-10-24,0.0,1.21,56.92,64.31,1.83,-7.39
2016-10-25,0.0,0.07,56.21,64.25,1.52,-8.78
2016-10-26,0.0,-0.06,56.24,64.42,1.44,-8.12
2016-10-27,0.0,0.88,50.43,64.62,1.53,-9.72
2016-10-28,0.0,1.67,42.32,64.55,1.52,-10.77
2016-10-29,0.0,0.06,61.8,64.47,1.19,-6.98
2016-10-30,0.0,0.03,59.17,64.64,1.54,-7.94
2016-10-31,0.0,-0.19,60.81,64.77,1.6,-7.86
2016-11-01,0.0,-0.19,66.01,64.69,1.49,-6.43
2016-11-02,0.0,-0.24,67.41,64.7,1.52,-6.15
2016-11-03,0.0,0.54,61.65,64.72,1.26,-6.74
2016-11-04,0.0,-0.4,62.1,64.49,1.47,-7.83
2016-11-05,0.0,-1.43,65.33,64.23,1.38,-8.52
2016-11-06,0.0,-1.86,63.26,64.25,1.58,-9.08
2016-11-07,0.0,-1.44,52.48,64.3,1.47,-11.01
2016-11-08,0.0,1.73,28.52,64.57,1.48,-14.8
2016-11-09,0.0,1.92,28.16,64.76,1.5,-14.68
2016-11-10,0.0,1.61,25.18,64.65,1.48,-16.09
2016-11-11,0.0,-0.71,34.01,64.53,1.7,-15.21
2016-11-12,0.0,-3.17,54.88,64.54,1.75,-11.91
2016-11-13,0.0,-2.96,51.93,64.57,1.26,-12.01
2016-11-14,0.0,-3.29,52.41,64.45,1.54,-12.41
2016-11-15,0.0,-3.05,52.1,64.41,1.36,-12.09
2016-11-16,0.0,-2.48,44.13,64.52,1.58,-13.52
2016-11-17,0.0,-0.11,36.52,64.65,1.43,-13.33
2016-11-18,0.0,0.72,39.31,64.52,1.41,-11.74
2016-11-19,0.0,0.24,42.53,64.39,1.39,-11.56
2016-11-20,0.0,-0.23,36.63,64.49,1.29,-13.34
2016-11-21,0.0,-0.61,31.23,64.53,1.06,-15.17
2016-11-22,0.0,0.73,30.47,64.54,1.13,-14.05
2016-11-23,0.0,-0.52,35.81,64.51,1.24,-13.34
2016-11-24,0.0,-0.66,47.36,64.55,1.33,-10.41
2016-11-25,0.0,1.27,35.68,64.62,1.28,-12.15
2016-11-26,0.0,1.86,36.49,64.62,1.48,-11.18
2016-11-27,0.0,0.0,45.45,64.53,1.3,-10.36
2016-11-28,0.0,1.26,28.18,64.51,1.41,-14.83
2016-11-29,0.0,0.05,31.55,64.59,1.33,-14.63
2016-11-30,0.0,-0.44,41.02,64.6,1.48,-11.91
2016-12-01,0.0,-2.66,57.39,64.55,1.35,-10.09
2016-12-02,0.0,-1.76,35.38,64.62,1.32,-16.54
2016-12-03,0.0,1.09,22.67,64.83,1.41,-17.33
2016-12-04,0.0,2.63,27.68,64.86,1.32,-13.68
2016-12-05,0.0,1.97,31.47,64.74,1.26,-12.87
2016-12-06,0.0,1.79,28.19,64.78,1.25,-14.35
2016-12-07,0.0,2.48,26.14,64.78,1.37,-14.6
2016-12-08,0.0,0.32,24.85,64.63,1.36,-17.05
2016-12-09,0.0,-1.15,34.53,64.45,1.49,-14.61
2016-12-10,0.03,-3.26,42.99,64.37,1.49,-14.21
2016-12-11,0.15,-3.85,48.84,64.34,1.17,-14.01
2016-12-12,0.0,-3.7,37.86,64.25,1.58,-15.8
2016-12-13,0.0,-4.91,44.75,64.23,1.48,-15.33
2016-12-14,0.0,-4.91,39.02,64.3,1.51,-17.11
2016-12-15,0.0,-1.84,24.92,64.46,1.33,-18.6
2016-12-16,0.0,-0.68,22.45,64.61,1.07,-18.48
2016-12-17,0.0,-1.91,24.16,64.55,1.34,-18.94
2016-12-18,0.0,-2.76,25.42,64.51,1.07,-19.06
2016-12-19,0.0,-2.22,24.3,64.53,1.13,-18.93
2016-12-20,0.0,-0.46,17.39,64.55,1.02,-21.26
2016-12-21,0.0,1.43,16.85,64.72,1.15,-19.84
2016-12-22,0.0,0.83,18.0,64.61,1.21,-19.66
2016-12-23,0.0,-1.47,25.43,64.36,1.27,-17.79
2016-12-24,0.04,-4.92,44.72,64.0,2.46,-15.35
2016-12-25,2.83,-7.22,74.3,63.95,1.38,-11.7
2016-12-26,0.0,-5.23,30.27,64.23,1.57,-19.49
2016-12-27,0.0,-1.49,34.03,64.48,1.4,-14.86
2016-12-28,0.0,-0.64,43.59,64.49,1.42,-11.4
2016-12-29,0.0,-1.34,42.91,64.47,1.56,-12.53
2016-12-30,0.0,-3.73,57.48,64.33,1.4,-11.23
2016-12-31,0.0,-5.12,69.02,64.21,1.35,-10.61
2017-01-01,1.58,-5.68,89.86,64.07,1.87,-7.82
2017-01-02,0.16,-6.8,86.28,64.14,1.47,-9.43
2017-01-03,0.1,-6.44,68.05,64.22,1.48,-12.3
2017-01-04,1.07,-5.9,89.36,64.04,2.38,-8.0
2017-01-05,0.22,-7.29,75.23,63.94,1.62,-11.65
2017-01-06,17.45,-8.13,83.74,63.78,2.44,-11.02
2017-01-07,35.84,-10.16,98.25,63.46,1.99,-10.98
2017-01-08,1.26,-14.86,90.81,63.59,1.37,-16.3
2017-01-09,0.05,-15.01,91.02,63.59,1.51,-16.41
2017-01-10,1.75,-14.38,98.27,63.49,1.51,-14.73
2017-01-11,0.38,-15.67,91.52,63.47,1.19,-17.43
2017-01-12,0.01,-16.7,88.53,63.53,1.39,-18.39
2017-01-13,0.0,-16.78,89.68,63.66,1.43,-18.52
2017-01-14,0.0,-15.14,83.45,63.97,1.29,-17.72
2017-01-15,2.8,-10.59,97.3,63.98,1.52,-11.53
2017-01-16,11.55,-11.57,99.51,63.82,2.62,-11.99
2017-01-17,0.43,-11.55,93.12,63.84,1.8,-12.97
2017-01-18,0.13,-12.07,95.28,64.12,2.22,-13.1
2017-01-19,0.0,-12.4,94.52,64.25,1.7,-13.57
2017-01-20,0.0,-13.55,67.08,64.46,1.52,-18.88
2017-01-21,0.0,-9.59,73.96,64.51,1.13,-13.81
2017-01-22,0.01,-8.89,95.22,64.5,1.27,-10.2
2017-01-23,0.0,-10.7,77.59,64.53,1.41,-14.46
2017-01-24,5.11,-7.46,76.83,64.57,1.36,-11.44
2017-01-25,11.06,-5.81,92.6,64.62,1.75,-7.47
2017-01-26,30.26,-4.87,88.93,64.29,3.45,-7.24
2017-01-27,5.29,-7.77,96.22,63.97,2.0,-8.88
2017-01-28,0.0,-11.17,70.04,64.31,1.49,-15.83
2017-01-29,0.0,-6.13,90.4,64.35,1.35,-8.08
2017-01-30,0.34,-7.45,94.82,64.25,1.1,-8.74
2017-01-31,0.63,-9.02,95.68,63.98,1.84,-10.08
2017-02-01,0.0,-12.25,78.39,64.22,1.63,-15.73
2017-02-02,0.0,-9.47,64.05,64.52,1.17,-15.1
2017-02-03,0.0,-5.39,47.78,64.63,1.1,-14.61
2017-02-04,0.67,-5.22,56.43,64.44,1.82,-13.32
2017-02-05,13.83,-5.65,99.03,64.07,4.62,-6.32
2017-02-06,0.75,-8.26,92.65,64.03,2.04,-10.1
2017-02-07,0.01,-10.22,74.86,64.19,1.19,-14.3
2017-02-08,0.0,-8.06,87.01,64.2,2.17,-10.41
2017-02-09,0.0,-11.54,83.91,63.89,1.85,-14.3
2017-02-10,0.0,-12.86,65.64,64.02,2.05,-18.85
2017-02-11,0.0,-8.08,65.6,64.24,1.45,-13.85
2017-02-12,0.0,-7.46,69.66,64.49,1.31,-12.91
2017-02-13,0.0,-8.36,63.52,64.63,1.52,-15.42
2017-02-14,0.0,-5.98,54.66,64.82,1.97,-14.93
2017-02-15,0.0,-2.25,61.35,64.78,1.22,-9.22
2017-02-16,0.0,-1.67,73.47,64.66,1.13,-6.46
2017-02-17,0.0,-0.47,78.33,64.71,1.27,-4.11
2017-02-18,0.02,0.24,79.43,64.79,1.36,-3.49
2017-02-19,3.43,-2.52,92.46,64.5,2.05,-3.82
2017-02-20,11.24,-4.75,90.29,63.89,2.38,-6.3
2017-02-21,10.78,-6.55,94.37,63.64,3.25,-7.49
2017-02-22,0.12,-8.76,92.3,63.87,1.5,-10.27
2017-02-23,0.0,-10.31,78.53,64.04,2.08,-14.22
2017-02-24,0.0,-6.81,61.82,64.21,1.66,-14.35
2017-02-25,0.0,-5.81,68.0,64.19,1.74,-11.6
2017-02-26,0.0,-6.29,74.23,64.06,1.8,-11.2
2017-02-27,0.0,-5.77,67.69,64.28,1.62,-12.09
2017-02-28,1.28,-4.18,76.57,64.43,1.61,-8.27
2017-03-01,2.44,-5.55,89.5,64.24,1.92,-7.29
2017-03-02,1.29,-6.84,89.6,64.04,2.17,-8.97
2017-03-03,0.08,-6.89,83.14,63.84,1.8,-10.13
2017-03-04,0.0,-6.44,83.91,63.82,1.81,-9.51
2017-03-05,0.0,-6.74,78.26,63.85,1.52,-10.59
2017-03-06,0.0,-7.51,72.03,63.85,2.15,-12.84
2017-03-07,6.86,-7.29,88.56,63.86,1.8,-9.73
2017-03-08,12.85,-6.95,96.13,63.7,2.64,-7.86
2017-03-09,4.84,-7.83,90.4,63.57,2.89,-9.59
2017-03-10,8.78,-9.18,93.38,63.35,2.33,-10.7
2017-03-11,8.47,-11.02,98.63,63.26,2.32,-11.64
2017-03-12,0.34,-12.54,76.14,63.54,0.86,-16.23
2017-03-13,0.0,-9.49,77.74,63.8,1.86,-12.97
2017-03-14,0.0,-9.28,88.44,64.04,1.58,-11.22
2017-03-15,0.1,-8.16,72.16,64.21,1.85,-12.92
2017-03-16,6.38,-5.44,92.69,64.04,2.19,-6.95
2017-03-17,1.2,-6.08,90.85,63.78,1.81,-7.81
2017-03-18,0.01,-5.4,78.16,63.9,1.5,-9.87
2017-03-19,0.0,-5.13,81.86,64.1,1.66,-8.33
2017-03-20,0.0,-3.37,65.01,64.25,1.3,-10.19
2017-03-21,0.0,-1.38,67.37,64.46,1.6,-7.29
2017-03-22,0.0,0.55,73.1,64.6,1.65,-4.02
2017-03-23,0.27,0.37,73.79,64.6,2.06,-4.08
2017-03-24,0.0,-1.11,77.36,64.5,1.44,-5.41
2017-03-25,0.0,0.26,71.47,64.52,1.72,-4.85
2017-03-26,0.0,1.53,71.17,64.62,1.61,-4.06
2017-03-27,0.0,2.24,63.19,64.68,1.83,-4.52
2017-03-28,0.0,2.83,61.55,64.74,1.58,-4.61
2017-03-29,0.0,3.26,69.34,64.62,1.4,-2.16
2017-03-30,0.0,3.26,63.8,64.62,1.5,-3.99
2017-03-31,0.04,4.06,65.41,64.72,1.71,-2.36
2017-04-01,0.0,2.8,73.52,64.49,1.74,-2.36
2017-04-02,0.0,1.46,62.66,64.3,2.04,-5.94
2017-04-03,0.0,1.28,66.59,64.33,1.81,-4.65
2017-04-04,1.82,0.39,74.88,64.43,1.79,-4.35
2017-04-05,36.04,-0.73,95.91,64.23,3.52,-1.4
2017-04-06,16.04,0.09,95.02,64.08,6.08,-0.7
2017-04-07,0.88,-1.29,86.66,64.19,3.97,-3.56
2017-04-08,0.0,-2.87,62.24,64.31,2.69,-9.32
2017-04-09,0.0,-2.48,58.81,64.26,1.83,-9.84
2017-04-10,0.0,-2.68,56.13,64.15,1.76,-11.29
2017-04-11,0.0,-0.69,44.54,64.33,1.73,-12.2
2017-04-12,0.0,1.73,44.76,64.48,1.59,-9.57
2017-04-13,0.0,2.75,46.77,64.64,1.79,-8.22
2017-04-14,0.23,3.11,64.47,64.55,1.69,-3.22
2017-04-15,0.25,3.91,54.52,64.45,1.63,-5.31
2017-04-16,0.0,5.49,43.92,64.69,1.63,-6.23
2017-04-17,0.0,5.47,54.67,64.81,1.74,-3.56
2017-04-18,0.0,6.41,54.87,64.71,1.91,-2.55
2017-04-19,0.0,6.89,61.53,64.53,1.69,-0.55
2017-04-20,0.0,7.02,62.89,64.48,1.65,0.02
2017-04-21,0.59,7.08,63.8,64.5,1.81,0.16
2017-04-22,7.03,5.4,68.32,64.51,1.67,-0.38
2017-04-23,4.72,4.99,66.87,64.43,2.21,-1.49
2017-04-24,2.14,3.23,77.33,64.39,2.1,-0.98
2017-04-25,0.91,2.76,63.34,64.27,2.07,-4.96
2017-04-26,0.53,1.53,67.81,64.28,1.94,-4.69
2017-04-27,0.72,1.08,74.38,64.44,1.63,-3.74
2017-04-28,0.08,2.93,70.16,64.41,1.93,-2.49
2017-04-29,3.92,2.94,68.34,64.49,2.23,-2.97
2017-04-30,5.19,1.15,83.73,64.43,3.02,-1.76
2017-05-01,0.05,1.43,67.65,64.44,1.89,-4.71
2017-05-02,0.0,3.39,61.38,64.62,1.93,-4.14
2017-05-03,1.89,2.16,81.21,64.58,2.33,-0.93
2017-05-04,1.32,2.95,81.49,64.47,2.15,-0.35
2017-05-05,0.49,4.45,70.77,64.53,2.1,-1.01
2017-05-06,0.0,5.83,64.16,64.7,1.95,-1.51
2017-05-07,0.03,7.19,66.99,64.78,1.72,1.02
2017-05-08,0.0,7.29,60.88,64.78,1.87,-0.35
2017-05-09,1.02,6.46,64.42,64.6,1.68,-0.48
2017-05-10,2.41,6.13,75.08,64.64,1.92,1.65
2017-05-11,0.1,7.25,69.82,64.72,1.9,1.28
2017-05-12,5.57,6.95,72.12,64.78,1.73,1.72
2017-05-13,0.22,7.05,72.29,64.63,1.93,1.89
2017-05-14,0.01,6.88,71.17,64.5,2.11,1.64
2017-05-15,0.0,6.99,69.93,64.44,1.93,1.34
2017-05-16,1.33,6.38,71.51,64.37,2.06,0.97
2017-05-17,2.81,4.71,76.99,64.32,2.09,0.52
2017-05-18,7.39,3.88,85.83,64.28,2.0,1.57
2017-05-19,8.32,6.07,80.86,64.38,1.89,2.63
2017-05-20,4.36,6.3,74.82,64.34,2.17,1.56
2017-05-21,9.24,6.16,76.03,64.36,1.61,1.53
2017-05-22,5.51,4.81,75.24,64.45,1.73,0.31
2017-05-23,2.51,5.78,77.22,64.49,1.37,1.59
2017-05-24,0.04,7.13,82.26,64.45,2.01,3.94
2017-05-25,0.61,6.79,82.37,64.4,1.68,3.66
2017-05-26,3.78,7.16,81.71,64.4,2.5,3.87
2017-05-27,0.17,7.47,63.48,64.38,1.85,0.31
2017-05-28,2.86,7.25,65.78,64.33,1.78,0.73
2017-05-29,0.5,6.21,71.81,64.15,1.49,0.94
2017-05-30,6.8,6.37,79.25,64.07,2.38,2.7
2017-05-31,2.49,5.69,80.09,64.21,2.44,1.98
2017-06-01,0.14,5.71,73.14,64.31,2.0,0.47
2017-06-02,0.0,7.63,61.8,64.35,1.95,-0.24
2017-06-03,0.0,10.68,46.21,64.47,1.88,-1.93
2017-06-04,0.0,11.6,54.21,64.58,2.0,1.87
2017-06-05,0.95,11.0,65.39,64.55,2.05,3.64
2017-06-06,19.73,9.8,76.7,64.56,2.59,5.03
2017-06-07,12.23,7.67,83.63,64.54,2.55,4.57
2017-06-08,0.64,7.82,83.32,64.36,2.24,4.67
2017-06-09,3.17,6.55,80.42,64.3,1.99,2.82
2017-06-10,2.46,6.38,78.26,64.29,2.31,2.17
2017-06-11,0.31,5.95,78.79,64.21,1.92,1.94
2017-06-12,0.01,6.46,79.33,64.12,2.0,2.62
2017-06-13,0.03,6.84,79.54,64.2,2.19,3.2
2017-06-14,0.02,7.69,73.57,64.41,2.11,2.71
2017-06-15,0.4,6.35,78.88,64.34,2.21,2.6
2017-06-16,9.41,7.72,79.31,64.27,1.95,3.86
2017-06-17,8.06,9.2,79.84,64.26,1.67,5.09
2017-06-18,4.61,9.91,83.94,64.25,1.74,6.77
2017-06-19,8.3,9.92,82.38,64.06,1.73,6.47
2017-06-20,8.36,9.11,89.93,64.08,2.3,7.21
2017-06-21,10.24,7.78,83.26,64.12,2.3,4.69
2017-06-22,3.19,6.55,80.03,64.2,1.72,2.81
2017-06-23,0.01,8.59,75.03,64.28,1.76,3.74
2017-06-24,0.0,11.36,76.3,64.21,1.77,6.37
2017-06-25,6.99,11.5,84.7,64.27,2.09,8.7
2017-06-26,11.18,11.86,84.55,64.39,1.99,8.92
2017-06-27,14.74,11.43,87.28,64.38,2.01,9.13
2017-06-28,16.71,10.36,86.22,64.42,2.07,7.86
2017-06-29,14.77,8.81,89.45,64.35,1.81,6.92
2017-06-30,3.94,8.88,88.63,64.18,2.01,6.8
2017-07-01,6.02,10.24,87.59,64.13,2.16,8.01
2017-07-02,4.01,11.77,88.51,64.14,2.61,9.7
2017-07-03,1.24,11.52,84.41,64.15,1.97,8.56
2017-07-04,2.01,11.78,81.37,64.1,1.98,8.13
2017-07-05,2.71,11.31,80.58,64.17,2.17,7.45
2017-07-06,11.3,10.3,80.64,64.28,2.2,6.49
2017-07-07,3.61,10.47,88.65,64.37,1.92,8.4
2017-07-08,0.15,12.06,85.28,64.4,1.94,9.32
2017-07-09,1.44,12.43,85.01,64.36,1.92,9.62
2017-07-10,6.82,12.04,85.23,64.32,2.29,9.2
2017-07-11,9.05,10.64,87.1,64.29,2.07,8.25
2017-07-12,17.85,9.95,91.06,64.34,1.92,8.29
2017-07-13,5.38,10.26,92.28,64.35,2.34,9.01
2017-07-14,0.91,10.82,89.08,64.38,2.1,8.86
2017-07-15,2.28,11.59,88.95,64.37,2.28,9.63
2017-07-16,5.24,11.09,91.1,64.34,1.97,9.4
2017-07-17,7.41,10.83,91.84,64.34,1.92,9.33
2017-07-18,8.08,9.03,86.78,64.46,0.95,6.69
2017-07-19,1.49,10.66,85.48,64.34,2.11,8.07
2017-07-20,0.12,11.25,84.42,64.21,2.16,8.36
2017-07-21,8.62,11.06,89.3,64.26,2.42,9.16
2017-07-22,17.6,10.85,88.06,64.31,2.0,8.74
2017-07-23,10.56,11.02,90.93,64.26,2.49,9.39
2017-07-24,4.2,10.25,90.79,64.18,1.54,8.56
2017-07-25,4.26,10.26,90.19,64.17,2.34,8.59
2017-07-26,7.28,11.0,89.53,64.27,2.31,9.13
2017-07-27,10.21,10.86,89.6,64.4,2.05,9.03
2017-07-28,13.85,9.96,91.75,64.48,1.53,8.55
2017-07-29,7.03,10.58,89.15,64.48,1.89,8.68
2017-07-30,8.05,11.21,90.88,64.33,1.88,9.57
2017-07-31,14.51,10.55,90.63,64.32,1.8,8.82
2017-08-01,11.2,9.48,88.37,64.39,1.47,7.45
2017-08-02,9.09,10.57,86.87,64.3,1.55,8.26
2017-08-03,17.8,11.11,90.99,64.11,2.04,9.47
2017-08-04,15.27,11.56,91.62,64.09,2.3,10.12
2017-08-05,8.34,12.09,89.89,64.27,2.01,10.28
2017-08-06,1.47,11.97,91.39,64.39,1.9,10.44
2017-08-07,10.29,11.21,88.17,64.48,1.63,9.07
2017-08-08,7.57,10.58,92.05,64.53,2.01,9.11
2017-08-09,4.0,10.63,91.09,64.42,1.97,9.02
2017-08-10,2.04,11.75,89.05,64.23,1.97,9.8
2017-08-11,3.63,11.74,89.2,64.17,2.21,9.84
2017-08-12,1.11,10.99,86.58,64.2,2.05,8.46
2017-08-13,3.91,9.85,80.26,64.37,1.8,6.07
2017-08-14,3.15,9.74,79.29,64.57,1.79,5.77
2017-08-15,0.0,9.81,74.88,64.51,1.61,4.95
2017-08-16,0.0,9.85,78.06,64.32,1.62,5.47
2017-08-17,0.11,9.42,78.34,64.3,1.63,5.06
2017-08-18,7.29,10.05,80.39,64.43,1.55,6.15
2017-08-19,13.2,10.35,81.44,64.58,1.92,6.85
2017-08-20,10.58,10.56,90.69,64.53,2.04,8.86
2017-08-21,12.41,10.23,86.68,64.45,1.98,7.68
2017-08-22,1.2,10.22,82.87,64.47,1.56,6.9
2017-08-23,2.93,10.09,87.36,64.53,1.6,7.8
2017-08-24,3.88,10.33,90.18,64.42,2.06,8.49
2017-08-25,9.91,8.92,89.95,64.38,1.84,7.09
2017-08-26,1.85,8.96,84.12,64.31,1.67,5.92
2017-08-27,3.46,8.8,79.72,64.31,1.67,4.66
2017-08-28,5.84,8.84,81.72,64.43,1.71,5.34
2017-08-29,4.06,9.55,86.27,64.53,1.77,7.06
2017-08-30,2.41,9.89,85.77,64.61,1.53,7.28
2017-08-31,14.63,9.23,91.32,64.54,1.78,7.57
2017-09-01,25.11,7.77,91.68,64.36,1.82,6.31
2017-09-02,8.79,8.29,83.89,64.33,1.62,5.31
2017-09-03,1.3,7.48,87.82,64.29,1.83,5.4
2017-09-04,0.05,8.97,87.89,64.44,1.69,6.72
2017-09-05,0.83,9.43,88.34,64.46,1.66,7.29
2017-09-06,4.78,9.07,87.41,64.48,1.75,6.66
2017-09-07,6.51,7.39,85.27,64.59,1.53,4.68
2017-09-08,0.24,7.96,86.16,64.6,1.53,5.32
2017-09-09,1.56,10.12,80.62,64.49,1.6,6.14
2017-09-10,1.74,8.29,89.66,64.54,1.96,6.43
2017-09-11,0.08,6.91,80.32,64.66,1.58,3.18
2017-09-12,0.0,7.15,81.12,64.65,1.52,3.45
2017-09-13,0.04,7.0,76.99,64.66,1.41,2.4
2017-09-14,0.0,6.22,69.34,64.65,1.54,-0.42
2017-09-15,0.09,6.48,70.0,64.64,1.65,0.52
2017-09-16,0.71,7.23,72.16,64.65,1.48,1.97
2017-09-17,1.13,6.49,85.57,64.64,1.27,3.98
2017-09-18,0.05,7.81,81.11,64.6,1.45,4.14
2017-09-19,0.04,7.36,74.31,64.5,1.63,2.1
2017-09-20,0.0,6.97,61.14,64.51,1.61,-1.11
2017-09-21,0.68,7.39,66.38,64.47,1.65,0.68
2017-09-22,14.67,7.06,86.02,64.47,1.39,4.51
2017-09-23,36.25,7.46,92.0,64.48,2.15,6.14
2017-09-24,8.97,7.43,91.62,64.56,2.02,5.94
2017-09-25,0.02,6.56,84.09,64.47,1.69,3.67
2017-09-26,0.03,7.03,85.46,64.56,1.57,4.34
2017-09-27,0.0,6.87,84.1,64.63,1.49,4.02
2017-09-28,0.08,7.0,79.37,64.57,1.45,3.11
2017-09-29,0.0,6.25,71.38,64.54,1.61,0.83
2017-09-30,0.0,6.67,67.48,64.65,1.57,0.19
2017-10-01,0.0,6.58,71.19,64.6,1.61,0.86
2017-10-02,0.0,5.79,70.35,64.51,1.48,0.18
2017-10-03,0.0,6.97,51.47,64.6,1.5,-3.34
2017-10-04,0.0,6.92,51.42,64.74,1.55,-3.21
2017-10-05,0.0,5.55,54.78,64.76,1.59,-4.03
2017-10-06,0.0,5.72,48.93,64.77,1.58,-5.38
2017-10-07,0.0,5.43,46.67,64.7,1.42,-5.83
2017-10-08,0.0,4.16,58.43,64.6,1.31,-4.28
2017-10-09,0.0,4.26,68.41,64.6,1.36,-1.89
2017-10-10,0.0,3.72,72.27,64.52,1.5,-1.7
2017-10-11,0.04,3.48,66.87,64.55,1.56,-3.13
2017-10-12,0.0,3.35,69.33,64.49,1.51,-2.78
2017-10-13,0.3,3.11,74.94,64.34,1.6,-1.6
2017-10-14,0.03,2.85,63.33,64.29,1.39,-4.49
2017-10-15,0.0,2.44,57.96,64.33,1.61,-5.61
2017-10-16,0.0,3.1,54.61,64.36,1.4,-5.64
2017-10-17,0.0,4.33,49.36,64.48,1.37,-6.01
2017-10-18,0.0,5.87,39.17,64.64,1.36,-7.4
2017-10-19,0.0,5.24,50.09,64.71,1.28,-4.99
2017-10-20,0.0,2.9,66.63,64.62,1.38,-3.4
2017-10-21,0.0,2.79,56.72,64.37,1.34,-6.17
2017-10-22,0.0,1.58,61.33,64.26,1.7,-5.46
2017-10-23,0.0,-0.67,61.77,64.3,1.53,-7.98
2017-10-24,0.0,0.37,57.75,64.43,1.66,-7.75
2017-10-25,0.0,2.02,49.29,64.58,1.42,-8.26
2017-10-26,0.0,1.75,55.62,64.68,1.48,-6.62
2017-10-27,0.0,-0.21,59.95,64.54,1.38,-7.8
2017-10-28,0.0,-0.66,70.37,64.48,1.43,-5.9
2017-10-29,0.0,-1.14,76.52,64.58,1.2,-5.32
2017-10-30,0.0,0.95,59.83,64.61,1.41,-7.03
2017-10-31,0.0,1.47,63.01,64.52,1.44,-5.63
2017-11-01,0.0,1.14,66.86,64.57,1.45,-5.21
2017-11-02,0.0,1.74,59.28,64.53,1.46,-6.03
2017-11-03,0.0,1.29,64.98,64.53,1.35,-5.38
2017-11-04,0.0,1.91,65.57,64.75,1.42,-4.48
2017-11-05,0.0,2.1,63.35,64.74,1.5,-4.97
2017-11-06,0.0,2.9,53.39,64.66,1.42,-6.15
2017-11-07,0.0,1.55,56.39,64.58,1.36,-6.88
2017-11-08,0.0,-0.06,63.7,64.57,1.49,-6.95
2017-11-09,0.0,-1.72,69.78,64.42,1.55,-7.34
2017-11-10,0.0,-0.41,60.09,64.53,1.47,-8.04
2017-11-11,0.0,0.05,56.53,64.6,1.34,-8.38
2017-11-12,0.0,-0.59,51.29,64.43,1.49,-10.35
2017-11-13,0.0,-0.36,47.16,64.36,1.36,-10.71
2017-11-14,0.0,-2.08,64.39,64.25,1.91,-8.52
2017-11-15,0.0,-4.13,82.36,64.23,1.75,-7.21
2017-11-16,0.05,-4.45,82.45,64.3,1.37,-7.62
2017-11-17,0.09,-4.13,77.5,64.33,1.35,-8.23
2017-11-18,2.66,-4.35,90.24,64.31,2.39,-6.25
2017-11-19,2.79,-4.7,90.2,64.28,1.77,-6.61
2017-11-20,0.03,-4.92,80.91,64.31,1.3,-8.38
2017-11-21,0.0,-4.95,56.36,64.22,1.47,-13.33
2017-11-22,0.0,-5.62,54.78,64.15,1.32,-13.97
2017-11-23,0.0,-4.53,44.62,64.18,1.36,-15.29
2017-11-24,0.0,-3.23,42.67,64.37,1.4,-14.38
2017-11-25,0.0,-2.19,50.73,64.47,1.41,-11.23
2017-11-26,0.0,-2.9,57.87,64.47,1.17,-10.5
2017-11-27,0.0,-2.69,46.35,64.26,1.49,-13.18
2017-11-28,0.0,-3.18,44.65,64.2,1.42,-13.83
2017-11-29,0.0,-4.2,64.32,64.36,1.28,-10.38
2017-11-30,0.0,-4.49,50.9,64.34,1.5,-14.34
2017-12-01,0.0,-3.93,37.23,64.35,1.45,-16.77
2017-12-02,0.0,-2.98,36.53,64.44,1.27,-15.51
2017-12-03,0.0,-3.77,40.25,64.43,1.32,-15.56
2017-12-04,0.0,-3.4,34.54,64.34,1.5,-16.73
2017-12-05,0.0,-3.96,55.71,64.33,1.97,-12.0
2017-12-06,0.25,-3.55,82.99,64.35,1.28,-6.7
2017-12-07,0.1,-2.49,74.47,64.42,1.13,-7.32
2017-12-08,0.0,-1.91,39.74,64.51,1.71,-15.27
2017-12-09,0.0,-0.05,29.36,64.53,1.34,-15.73
2017-12-10,0.0,-0.63,36.8,64.53,1.32,-13.41
2017-12-11,5.48,-2.85,67.49,64.26,2.08,-8.51
2017-12-12,16.12,-5.96,96.64,63.93,3.33,-6.65
2017-12-13,2.03,-8.47,96.45,64.08,2.51,-9.38
2017-12-14,0.18,-8.93,77.8,64.26,1.53,-12.86
2017-12-15,0.0,-8.39,52.34,64.39,1.05,-16.33
2017-12-16,0.0,-10.14,56.7,64.48,1.52,-17.53
2017-12-17,0.0,-9.07,53.73,64.65,1.57,-17.2
2017-12-18,0.0,-7.08,52.86,64.85,1.8,-15.91
2017-12-19,0.0,-5.26,56.17,64.89,1.52,-13.16
2017-12-20,0.0,-4.52,71.57,64.91,1.46,-9.51
2017-12-21,0.0,-5.2,71.1,64.73,1.63,-10.01
2017-12-22,0.0,-8.09,55.78,64.5,1.52,-16.7
2017-12-23,0.0,-6.57,45.04,64.36,1.8,-17.21
2017-12-24,0.0,-4.47,53.91,64.24,1.28,-12.67
2017-12-25,0.0,-6.75,58.86,64.26,1.24,-14.48
2017-12-26,0.0,-3.94,50.12,64.51,1.51,-13.28
2017-12-27,0.0,-2.36,53.73,64.49,1.33,-10.55
2017-12-28,0.0,-5.42,62.32,64.41,1.46,-11.95
2017-12-29,0.0,-6.58,63.56,64.39,1.45,-12.84
2017-12-30,0.0,-7.63,71.06,64.27,1.44,-12.73
2017-12-31,0.0,-7.78,72.26,64.05,1.36,-12.98
2018-01-01,0.11,-8.4,81.27,63.74,1.06,-12.03
2018-01-02,0.0,-9.14,68.59,63.74,1.16,-14.84
2018-01-03,0.0,-8.76,49.97,63.91,1.5,-17.64
2018-01-04,0.0,-8.83,55.55,63.91,1.86,-16.44
2018-01-05,0.0,-9.86,79.07,63.72,1.67,-13.64
2018-01-06,0.0,-11.15,58.45,63.66,1.55,-18.67
2018-01-07,0.0,-9.5,36.24,63.84,1.53,-21.32
2018-01-08,0.0,-8.33,38.7,64.12,1.51,-19.78
2018-01-09,0.0,-6.0,27.95,64.41,1.06,-21.03
2018-01-10,0.0,-3.64,23.17,64.56,0.95,-21.23
2018-01-11,0.0,-0.5,27.02,64.56,1.06,-16.66
2018-01-12,0.0,-3.07,39.93,64.35,1.3,-14.51
2018-01-13,0.0,-6.03,40.46,64.19,1.6,-18.02
2018-01-14,0.0,-5.8,39.82,64.26,1.94,-17.33
2018-01-15,0.0,-5.83,38.04,64.24,1.55,-18.53
2018-01-16,0.0,-4.45,25.93,64.22,1.47,-20.92
2018-01-17,0.0,-6.43,35.16,64.16,1.84,-19.21
2018-01-18,0.0,-4.48,33.94,64.32,1.14,-17.64
2018-01-19,0.0,-4.72,35.65,64.42,1.61,-17.44
2018-01-20,0.0,-4.1,32.98,64.33,1.49,-18.42
2018-01-21,0.0,-2.55,28.43,64.37,1.46,-18.37
2018-01-22,0.0,-1.61,24.02,64.19,1.47,-19.26
2018-01-23,11.58,-6.35,65.24,63.62,2.36,-12.8
2018-01-24,0.75,-8.39,83.92,63.61,1.36,-11.4
2018-01-25,0.0,-9.74,75.06,63.65,1.71,-14.23
2018-01-26,0.0,-10.7,77.38,63.65,1.43,-14.43
2018-01-27,0.0,-10.92,58.2,63.72,1.51,-17.97
2018-01-28,0.0,-7.87,43.7,63.96,1.2,-17.59
2018-01-29,0.0,-5.34,57.1,64.22,1.3,-12.5
2018-01-30,0.0,-3.97,58.86,64.36,1.42,-10.99
2018-01-31,0.0,-2.06,42.99,64.33,1.27,-13.11
2018-02-01,0.0,-4.34,62.46,64.25,1.63,-10.94
2018-02-02,0.0,-6.24,69.73,64.07,2.03,-11.95
2018-02-03,0.0,-7.19,79.21,64.07,1.91,-11.14
2018-02-04,0.0,-7.75,46.22,64.19,1.74,-18.53
2018-02-05,0.01,-6.18,68.95,64.43,1.73,-11.46
2018-02-06,0.0,-6.4,65.27,64.31,2.94,-12.74
2018-02-07,0.0,-6.82,42.72,64.0,1.77,-17.56
2018-02-08,0.0,-7.36,49.67,63.84,1.89,-16.14
2018-02-09,0.0,-7.49,55.11,63.81,1.39,-15.18
2018-02-10,0.0,-6.9,54.43,64.08,1.62,-14.9
2018-02-11,2.23,-6.24,66.99,64.22,1.63,-12.21
2018-02-12,15.66,-7.2,95.24,64.07,2.8,-8.48
2018-02-13,3.43,-9.38,82.62,64.35,1.63,-12.4
2018-02-14,0.0,-9.91,66.73,64.44,1.6,-15.43
2018-02-15,0.0,-4.65,76.99,64.58,1.64,-8.37
2018-02-16,0.0,-4.97,83.08,64.45,1.54,-8.21
2018-02-17,0.0,-5.31,69.42,64.03,1.88,-10.69
2018-02-18,0.0,-7.36,56.6,63.98,1.61,-15.73
2018-02-19,0.0,-5.17,54.22,64.2,1.44,-14.08
2018-02-20,0.01,-3.65,54.73,64.25,1.55,-12.2
2018-02-21,2.17,-5.27,79.41,64.16,1.72,-9.01
2018-02-22,0.07,-5.31,74.91,64.07,1.49,-10.09
2018-02-23,0.04,-3.54,63.92,64.17,1.25,-10.36
2018-02-24,12.8,-4.45,92.37,64.35,1.93,-5.86
2018-02-25,4.4,-5.76,85.11,64.4,1.63,-8.3
2018-02-26,0.0,-2.82,51.32,64.44,1.75,-12.22
2018-02-27,0.0,-1.78,69.15,64.47,1.56,-7.37
2018-02-28,0.0,-3.41,80.46,64.41,1.46,-7.16
2018-03-01,0.0,-3.26,76.05,64.32,1.34,-7.61
2018-03-02,0.33,-3.34,83.58,64.21,1.75,-6.51
2018-03-03,9.95,-4.24,87.38,64.02,1.68,-6.45
2018-03-04,7.67,-5.69,91.48,63.94,1.52,-7.42
2018-03-05,0.27,-6.31,85.26,64.09,1.49,-9.1
2018-03-06,0.0,-6.09,63.31,64.17,1.78,-13.37
2018-03-07,0.0,-4.33,55.29,64.31,1.88,-13.03
2018-03-08,0.0,-4.43,66.95,64.45,1.84,-10.45
2018-03-09,0.0,-5.29,74.11,64.38,1.77,-10.33
2018-03-10,0.0,-4.41,65.55,64.3,1.79,-11.11
2018-03-11,0.0,-3.63,70.62,64.29,2.06,-9.47
2018-03-12,0.0,-2.3,70.35,64.35,1.65,-8.14
2018-03-13,0.0,-1.36,58.94,64.46,2.02,-9.34
2018-03-14,0.0,-2.59,69.01,64.35,2.34,-8.01
2018-03-15,3.71,-4.23,83.85,64.14,2.24,-6.95
2018-03-16,0.0,-5.72,61.35,64.03,1.67,-12.89
2018-03-17,0.0,-5.38,57.07,64.01,1.92,-13.84
2018-03-18,0.0,-2.87,44.77,64.38,1.77,-14.26
2018-03-19,0.0,-1.79,53.33,64.61,1.78,-10.74
2018-03-20,0.04,-1.72,59.07,64.47,1.83,-9.87
2018-03-21,13.42,-1.7,77.24,64.18,2.35,-5.69
2018-03-22,3.22,-3.91,82.55,64.1,1.49,-6.98
2018-03-23,0.03,-2.96,74.85,64.19,1.76,-7.66
2018-03-24,0.0,-2.41,77.43,64.5,1.97,-6.76
2018-03-25,0.02,-2.66,65.93,64.6,1.43,-9.15
2018-03-26,0.0,0.48,31.5,64.67,1.63,-15.25
2018-03-27,0.0,1.05,41.91,64.57,1.93,-11.12
2018-03-28,0.0,-0.37,52.68,64.46,2.0,-9.43
2018-03-29,0.0,-1.41,55.83,64.27,2.43,-9.76
2018-03-30,0.0,-0.04,44.81,64.13,1.46,-11.49
2018-03-31,0.0,0.56,29.4,64.42,1.84,-15.82
2018-04-01,0.0,1.5,36.38,64.53,1.68,-12.7
2018-04-02,0.0,2.46,52.89,64.58,1.74,-6.85
2018-04-03,2.03,1.41,73.74,64.54,1.83,-3.43
2018-04-04,0.12,1.6,73.45,64.39,1.73,-3.52
2018-04-05,0.46,2.01,74.04,64.34,1.6,-2.8
2018-04-06,1.11,2.12,77.13,64.43,1.8,-2.23
2018-04-07,2.64,1.88,70.5,64.44,1.71,-3.75
2018-04-08,8.01,2.28,81.63,64.44,1.8,-1.14
2018-04-09,1.36,3.23,77.46,64.48,1.77,-0.9
2018-04-10,4.47,2.27,79.96,64.41,2.51,-1.45
2018-04-11,10.45,0.26,82.89,64.35,1.99,-2.76
2018-04-12,3.74,-1.01,77.27,64.2,1.84,-4.93
2018-04-13,0.0,-0.56,65.57,64.25,1.9,-7.49
2018-04-14,0.0,1.21,60.69,64.34,1.76,-6.38
2018-04-15,0.0,2.27,63.5,64.43,2.02,-4.7
2018-04-16,2.02,1.68,71.42,64.62,1.48,-3.58
2018-04-17,1.45,1.66,62.39,64.65,2.33,-5.61
2018-04-18,0.01,2.76,59.57,64.47,2.09,-4.98
2018-04-19,6.35,2.41,66.24,64.32,2.58,-3.63
2018-04-20,5.07,1.07,79.75,64.16,4.33,-2.42
2018-04-21,0.01,0.44,65.01,64.27,2.42,-6.32
2018-04-22,0.0,1.36,51.74,64.35,2.02,-8.61
2018-04-23,0.0,2.76,57.53,64.42,1.69,-5.75
2018-04-24,0.0,4.6,55.13,64.46,1.4,-4.26
2018-04-25,0.0,4.63,56.47,64.42,2.09,-3.79
2018-04-26,0.0,5.13,57.79,64.46,1.86,-2.98
2018-04-27,0.11,4.57,63.61,64.59,2.23,-2.15
2018-04-28,2.26,4.67,64.76,64.56,1.89,-2.16
2018-04-29,0.01,4.65,62.78,64.36,1.8,-2.62
2018-04-30,0.18,5.54,59.7,64.32,1.48,-2.87
2018-05-01,0.05,6.17,55.08,64.5,2.02,-2.95
2018-05-02,6.33,5.22,63.16,64.53,2.21,-2.02
2018-05-03,0.84,4.13,62.64,64.56,2.07,-3.1
2018-05-04,0.38,3.93,72.85,64.5,2.15,-1.02
2018-05-05,1.13,4.45,70.12,64.49,2.08,-1.48
2018-05-06,1.37,2.4,76.28,64.57,2.1,-1.66
2018-05-07,3.95,3.04,69.69,64.43,2.04,-2.19
2018-05-08,24.35,0.26,86.59,64.18,2.59,-2.03
2018-05-09,0.29,0.61,68.38,64.28,1.48,-4.98
2018-05-10,0.0,4.05,53.8,64.47,1.72,-5.49
2018-05-11,0.0,7.53,46.57,64.65,1.92,-4.16
2018-05-12,1.42,7.24,65.26,64.74,1.94,0.4
2018-05-13,2.12,5.25,76.16,64.6,2.27,1.02
2018-05-14,0.0,4.56,74.08,64.42,2.07,-0.54
2018-05-15,0.0,5.07,71.25,64.43,1.95,-0.42
2018-05-16,0.0,5.74,65.02,64.41,2.18,-1.12
2018-05-17,0.0,5.85,58.28,64.45,2.1,-2.39
2018-05-18,0.19,5.23,66.76,64.43,2.38,-0.75
2018-05-19,0.07,5.62,64.85,64.43,2.29,-1.58
2018-05-20,0.0,5.64,42.7,64.54,1.88,-7.78
2018-05-21,0.0,7.41,33.91,64.66,1.98,-8.03
2018-05-22,0.0,8.09,32.33,64.69,1.93,-8.1
2018-05-23,0.19,6.93,35.79,64.63,2.11,-7.5
2018-05-24,0.02,6.84,34.58,64.5,2.19,-7.99
2018-05-25,0.0,7.24,37.72,64.5,2.01,-6.75
2018-05-26,0.0,6.91,39.59,64.45,2.35,-6.52
2018-05-27,0.18,5.98,50.07,64.49,1.64,-4.37
2018-05-28,0.0,6.99,53.86,64.29,2.04,-2.15
2018-05-29,0.01,6.6,52.03,64.29,2.12,-3.07
2018-05-30,0.1,6.92,57.78,64.38,1.84,-1.5
2018-05-31,0.46,8.93,58.79,64.52,2.07,-0.03
2018-06-01,7.08,8.04,64.96,64.57,1.93,0.52
2018-06-02,0.03,8.28,63.6,64.46,1.91,0.23
2018-06-03,0.0,10.89,44.57,64.39,1.78,-2.77
2018-06-04,0.0,11.37,50.9,64.5,2.07,-0.28
2018-06-05,9.68,10.57,75.95,64.63,1.85,5.81
2018-06-06,1.66,10.95,75.26,64.62,1.96,5.78
2018-06-07,0.03,11.51,63.52,64.39,2.16,3.19
2018-06-08,7.12,10.72,82.85,64.2,2.23,7.5
2018-06-09,11.0,9.69,79.94,64.11,1.95,5.85
2018-06-10,4.16,9.94,80.46,64.1,2.02,6.2
2018-06-11,2.4,10.53,72.35,64.0,2.23,4.67
2018-06-12,0.72,9.72,68.19,63.93,2.29,3.2
2018-06-13,0.92,9.63,63.25,63.98,2.15,2.44
2018-06-14,11.62,10.33,66.14,64.02,2.16,3.22
2018-06-15,3.66,9.4,78.45,64.13,2.44,5.16
2018-06-16,8.31,8.41,80.83,64.22,2.45,4.74
2018-06-17,2.6,7.33,70.33,64.22,1.94,1.54
2018-06-18,0.0,7.6,74.07,64.22,2.05,2.53
2018-06-19,0.31,7.79,76.55,64.25,2.04,3.39
2018-06-20,0.41,8.46,73.37,64.39,2.16,3.28
2018-06-21,0.01,9.41,72.07,64.47,2.01,3.85
2018-06-22,1.26,9.7,70.85,64.46,2.14,3.57
2018-06-23,0.05,10.04,65.77,64.43,2.13,2.56
2018-06-24,0.0,9.59,67.19,64.35,2.07,2.62
2018-06-25,0.02,10.38,65.38,64.25,2.23,2.83
2018-06-26,4.87,9.73,75.51,64.21,2.11,4.82
2018-06-27,14.62,9.26,84.44,64.3,2.04,6.4
2018-06-28,20.55,9.81,88.06,64.43,2.09,7.66
2018-06-29,4.03,11.82,85.61,64.42,2.41,9.18
2018-06-30,2.84,12.08,84.34,64.39,2.27,9.23
2018-07-01,2.92,12.7,82.77,64.26,2.26,9.44
2018-07-02,28.38,11.14,86.61,64.12,2.87,8.76
2018-07-03,10.59,8.95,84.63,64.08,2.43,6.15
2018-07-04,7.81,7.38,82.5,64.09,2.23,4.12
2018-07-05,0.01,8.46,64.18,64.25,1.82,1.04
2018-07-06,0.0,9.81,71.78,64.3,2.01,4.21
2018-07-07,0.01,11.23,74.96,64.33,1.88,6.13
2018-07-08,1.61,12.24,75.59,64.35,1.88,7.26
2018-07-09,11.12,12.59,81.1,64.33,1.87,8.81
2018-07-10,11.24,12.52,84.03,64.32,1.77,9.38
2018-07-11,6.77,11.88,84.64,64.25,1.97,8.88
2018-07-12,6.68,11.77,87.41,64.16,2.12,9.47
2018-07-13,5.56,11.23,88.83,64.19,2.3,9.2
2018-07-14,5.0,11.17,86.12,64.16,1.96,8.66
2018-07-15,7.33,11.06,89.46,64.2,1.67,9.03
2018-07-16,10.01,10.97,90.25,64.25,2.1,9.19
2018-07-17,7.87,10.66,88.31,64.27,2.25,8.49
2018-07-18,4.65,11.17,86.01,64.32,2.33,8.59
2018-07-19,7.34,10.94,86.49,64.3,1.94,8.44
2018-07-20,6.92,10.29,87.66,64.31,1.33,8.04
2018-07-21,11.31,11.58,84.15,64.23,1.99,8.65
2018-07-22,3.82,10.27,89.05,64.25,1.96,8.27
2018-07-23,12.79,10.78,87.95,64.22,2.17,8.59
2018-07-24,6.25,11.29,88.98,64.25,2.41,9.27
2018-07-25,5.34,11.26,90.16,64.18,2.41,9.52
2018-07-26,17.49,10.55,91.15,64.19,2.48,9.07
2018-07-27,43.26,9.67,90.94,64.17,2.11,8.06
2018-07-28,21.73,10.11,87.32,64.15,2.08,7.83
2018-07-29,1.86,10.47,88.16,64.15,1.99,8.24
2018-07-30,0.74,10.42,83.44,64.15,1.71,7.16
2018-07-31,0.72,9.76,88.77,64.1,2.28,7.72
2018-08-01,0.91,10.15,87.07,64.1,2.14,7.78
2018-08-02,2.53,10.73,87.07,64.2,1.89,8.25
2018-08-03,8.36,11.78,86.08,64.23,1.69,9.08
2018-08-04,7.77,12.66,87.4,64.22,1.73,10.26
2018-08-05,17.86,11.75,92.15,64.2,1.98,10.36
2018-08-06,14.35,10.94,89.16,64.14,1.78,8.95
2018-08-07,14.78,9.67,92.81,64.24,1.84,8.27
2018-08-08,14.53,10.34,90.7,64.38,2.17,8.64
2018-08-09,4.94,10.94,88.93,64.54,1.89,8.97
2018-08-10,2.27,11.94,89.47,64.38,1.95,10.03
2018-08-11,2.0,11.78,87.25,64.15,1.88,9.36
2018-08-12,46.74,10.19,90.06,64.02,1.79,8.36
2018-08-13,53.67,8.84,93.95,64.12,1.47,7.72
2018-08-14,3.94,10.47,87.79,64.21,1.68,8.17
2018-08-15,0.63,10.24,83.48,64.38,1.68,7.05
2018-08-16,0.25,10.58,89.46,64.5,1.52,8.63
2018-08-17,9.87,10.76,90.54,64.34,1.99,9.07
2018-08-18,4.88,10.7,90.84,64.29,1.98,9.06
2018-08-19,2.36,11.73,87.06,64.24,1.67,9.32
2018-08-20,6.54,11.52,88.87,64.39,1.92,9.48
2018-08-21,34.26,10.73,90.66,64.36,1.72,9.04
2018-08-22,31.33,10.58,94.72,64.28,1.66,9.55
2018-08-23,15.0,11.12,92.56,64.27,1.91,9.7
2018-08-24,12.9,11.17,90.3,64.27,1.81,9.36
2018-08-25,3.05,10.37,84.23,64.24,1.67,7.26
2018-08-26,2.34,9.6,82.48,64.22,1.66,6.09
2018-08-27,6.39,9.33,74.22,64.41,1.62,4.17
2018-08-28,3.03,10.61,79.27,64.46,1.72,6.67
2018-08-29,2.56,10.77,91.89,64.47,1.99,9.38
2018-08-30,6.21,10.69,90.63,64.33,1.85,8.99
2018-08-31,3.88,9.85,80.6,64.37,1.68,5.88
2018-09-01,4.53,9.28,81.84,64.47,1.82,6.0
2018-09-02,6.4,8.71,91.52,64.43,1.74,7.17
2018-09-03,8.26,8.52,93.7,64.42,1.69,7.29
2018-09-04,3.45,9.15,90.22,64.44,1.71,7.43
2018-09-05,4.19,8.57,90.63,64.41,1.5,6.91
2018-09-06,6.51,9.12,88.93,64.51,1.63,7.09
2018-09-07,8.69,8.46,83.49,64.65,1.13,5.54
2018-09-08,6.78,8.67,86.52,64.65,1.5,6.27
2018-09-09,9.85,9.6,88.32,64.69,1.79,7.46
2018-09-10,6.15,9.68,86.46,64.72,1.86,7.12
2018-09-11,7.22,8.63,86.76,64.61,1.83,6.17
2018-09-12,1.74,8.22,84.5,64.31,1.63,5.44
2018-09-13,10.53,7.75,90.14,64.32,1.9,5.9
2018-09-14,2.62,6.03,78.7,64.45,1.63,1.95
2018-09-15,0.03,5.57,68.18,64.59,1.6,-0.66
2018-09-16,0.0,4.5,66.63,64.45,1.54,-1.96
2018-09-17,0.0,4.45,68.01,64.39,1.58,-1.7
2018-09-18,0.0,5.32,70.68,64.44,1.49,-0.44
2018-09-19,0.0,6.24,76.86,64.52,1.49,1.74
2018-09-20,0.03,6.48,78.48,64.63,1.59,2.32
2018-09-21,0.55,6.73,81.67,64.74,1.44,3.18
2018-09-22,47.81,5.12,88.84,64.74,1.48,3.26
2018-09-23,33.41,3.61,93.27,64.72,0.61,2.56
2018-09-24,51.38,4.79,92.92,64.57,0.95,3.58
2018-09-25,7.0,5.85,91.7,64.5,1.69,4.3
2018-09-26,0.0,4.77,77.04,64.56,1.56,0.11
2018-09-27,0.0,4.76,74.87,64.62,1.6,-0.38
2018-09-28,2.65,4.52,80.6,64.67,1.63,0.97
2018-09-29,1.57,4.23,80.75,64.67,1.48,0.85
2018-09-30,0.09,4.06,78.02,64.61,1.57,-0.1
2018-10-01,0.0,3.23,72.67,64.59,1.62,-2.13
2018-10-02,0.0,2.98,79.59,64.58,1.6,-0.57
2018-10-03,0.0,2.7,76.07,64.53,1.45,-1.74
2018-10-04,0.0,1.97,76.23,64.57,1.37,-2.23
2018-10-05,0.0,1.96,69.19,64.62,1.32,-3.61
2018-10-06,0.0,1.49,71.2,64.52,1.28,-3.57
2018-10-07,0.0,1.39,79.89,64.44,1.21,-2.33
2018-10-08,0.0,2.49,76.25,64.42,1.43,-1.9
2018-10-09,0.02,1.77,67.7,64.5,1.27,-4.14
2018-10-10,0.5,1.04,64.16,64.53,1.15,-5.22
2018-10-11,6.44,0.7,75.16,64.52,1.39,-3.85
2018-10-12,0.45,0.03,67.67,64.55,1.32,-6.05
2018-10-13,0.0,-0.5,70.83,64.46,1.44,-5.95
2018-10-14,0.0,0.21,66.28,64.47,1.52,-6.24
2018-10-15,0.0,-0.1,64.77,64.54,1.48,-6.67
2018-10-16,0.0,-0.06,60.9,64.61,1.48,-7.33
2018-10-17,0.0,-0.26,74.29,64.47,1.52,-4.66
2018-10-18,0.0,-1.0,76.01,64.42,1.5,-5.76
2018-10-19,0.0,-1.08,77.07,64.48,1.36,-5.5
2018-10-20,0.0,-1.79,78.67,64.57,1.43,-5.9
2018-10-21,0.0,-1.96,73.57,64.56,1.34,-6.94
2018-10-22,0.0,-2.08,79.63,64.42,1.44,-5.92
2018-10-23,0.01,-3.08,78.58,64.34,1.43,-7.18
2018-10-24,0.0,-2.34,78.93,64.37,1.35,-6.42
2018-10-25,0.0,-2.43,75.19,64.5,1.46,-7.12
2018-10-26,0.0,-2.19,71.55,64.64,1.33,-7.38
2018-10-27,0.0,-1.14,73.35,64.66,1.16,-5.95
2018-10-28,0.0,1.28,58.88,64.71,1.07,-7.11
2018-10-29,0.0,3.03,55.93,64.79,1.23,-5.98
2018-10-30,0.0,2.75,63.53,64.81,1.38,-4.2
2018-10-31,0.0,1.48,68.79,64.81,1.4,-4.67
2018-11-01,0.0,-0.02,62.44,64.73,0.97,-6.57
2018-11-02,5.29,-1.98,86.94,64.51,1.63,-4.39
2018-11-03,19.81,-2.63,97.84,64.28,3.66,-3.09
2018-11-04,0.44,-5.31,93.94,64.35,1.45,-6.51
2018-11-05,0.0,-6.67,81.62,64.31,1.66,-10.4
2018-11-06,0.0,-6.4,65.58,64.4,2.01,-13.49
2018-11-07,0.0,-3.99,64.14,64.53,1.62,-11.19
2018-11-08,0.0,-3.24,69.75,64.53,1.49,-8.69
2018-11-09,0.0,-3.05,74.64,64.42,1.33,-7.61
2018-11-10,0.0,-3.27,73.81,64.41,1.36,-7.82
2018-11-11,0.0,-3.29,80.51,64.48,1.25,-6.76
2018-11-12,0.42,-3.21,86.84,64.35,1.42,-5.6
2018-11-13,2.05,-4.11,94.13,64.12,1.82,-5.23
2018-11-14,17.28,-4.78,93.76,64.1,1.89,-5.96
2018-11-15,0.97,-6.79,77.94,64.25,1.09,-10.47
2018-11-16,0.0,-5.86,68.49,64.19,1.39,-11.47
2018-11-17,0.0,-5.62,69.95,64.13,1.44,-11.67
2018-11-18,0.0,-3.52,70.89,64.3,1.18,-8.54
2018-11-19,0.0,-4.3,85.89,64.5,1.09,-6.84
2018-11-20,0.0,-5.82,72.34,64.52,1.35,-11.44
2018-11-21,0.0,-4.36,54.42,64.6,1.31,-13.35
2018-11-22,0.0,-4.7,61.55,64.62,1.42,-12.15
2018-11-23,0.0,-5.39,63.47,64.69,1.53,-12.5
2018-11-24,0.0,-2.12,54.64,64.76,1.41,-11.24
2018-11-25,0.0,-1.77,61.86,64.72,1.42,-8.82
2018-11-26,0.0,-2.72,63.17,64.73,1.54,-10.1
2018-11-27,0.0,-1.4,55.12,64.85,0.91,-9.91
2018-11-28,0.02,-1.2,67.19,64.83,1.17,-6.89
2018-11-29,0.0,-3.8,65.15,64.76,1.08,-10.27
2018-11-30,0.0,-5.42,68.67,64.55,1.34,-11.68
2018-12-01,0.0,-4.66,64.47,64.39,1.44,-11.82
2018-12-02,0.0,-5.37,74.58,64.19,1.29,-9.96
2018-12-03,0.0,-5.63,70.34,64.3,1.35,-11.29
2018-12-04,0.0,-3.7,65.24,64.43,1.18,-9.98
2018-12-05,0.0,-4.91,79.4,64.18,1.35,-8.79
2018-12-06,0.0,-7.22,88.38,63.94,1.51,-9.63
2018-12-07,0.0,-8.27,68.45,64.05,1.52,-14.27
2018-12-08,0.0,-6.23,65.75,64.21,1.39,-12.11
2018-12-09,0.0,-7.22,72.76,64.11,1.34,-12.03
2018-12-10,0.1,-7.81,88.96,64.0,1.27,-10.21
2018-12-11,2.3,-8.18,95.55,63.93,2.17,-9.38
2018-12-12,1.87,-8.74,96.86,63.92,1.66,-9.7
2018-12-13,1.86,-8.64,95.3,63.99,1.63,-9.92
2018-12-14,0.06,-10.41,78.43,64.17,1.05,-14.36
2018-12-15,0.0,-10.58,62.64,64.41,1.54,-17.69
2018-12-16,0.0,-9.63,58.14,64.58,1.64,-17.28
2018-12-17,0.0,-8.74,56.28,64.52,1.59,-16.54
2018-12-18,0.0,-7.48,59.3,64.37,1.6,-14.81
2018-12-19,0.0,-4.9,54.79,64.46,1.52,-12.98
2018-12-20,0.0,-7.31,45.66,64.32,1.24,-17.55
2018-12-21,0.0,-7.45,37.59,64.25,1.05,-19.68
2018-12-22,0.0,-6.93,40.04,64.31,1.37,-18.25
2018-12-23,0.0,-7.36,46.29,64.3,1.47,-17.05
2018-12-24,0.0,-8.96,63.4,64.12,1.35,-15.36
2018-12-25,0.0,-9.28,74.42,63.95,1.14,-13.82
2018-12-26,0.21,-11.3,76.66,63.69,2.12,-15.33
2018-12-27,0.24,-11.85,77.21,63.52,1.45,-16.13
2018-12-28,0.0,-11.64,50.05,63.86,1.74,-20.44
2018-12-29,0.0,-8.78,50.59,64.21,1.49,-17.77
2018-12-30,0.0,-6.35,61.01,64.46,1.4,-12.85
2018-12-31,0.0,-6.38,61.64,64.46,1.09,-13.0
2019-01-01,0.11,-7.68,65.27,64.37,1.46,-14.01
2019-01-02,0.59,-9.15,93.05,64.13,2.02,-10.79
2019-01-03,0.0,-11.18,63.79,64.09,1.46,-17.26
2019-01-04,0.5,-9.27,72.23,64.2,1.56,-14.23
2019-01-05,3.54,-8.92,95.93,64.08,2.03,-9.95
2019-01-06,6.34,-10.71,95.56,63.83,1.26,-11.72
2019-01-07,0.01,-10.94,77.1,63.94,1.13,-14.84
2019-01-08,0.0,-9.87,80.45,63.97,1.3,-13.19
2019-01-09,0.0,-10.1,80.24,63.9,1.16,-13.62
2019-01-10,0.0,-9.11,71.71,64.05,1.39,-14.09
2019-01-11,0.0,-9.38,92.94,64.01,1.64,-10.9
2019-01-12,2.92,-10.11,83.04,63.95,2.27,-12.84
2019-01-13,6.1,-11.68,95.01,63.95,2.31,-12.79
2019-01-14,0.0,-14.14,59.56,64.0,1.86,-21.65
2019-01-15,0.0,-9.2,55.63,64.26,1.62,-16.95
2019-01-16,0.0,-7.02,86.11,64.26,1.78,-9.42
2019-01-17,0.0,-8.93,73.0,64.06,1.06,-13.57
2019-01-18,0.0,-9.91,64.62,64.11,1.4,-16.24
2019-01-19,0.0,-5.52,90.28,64.26,0.85,-7.48
2019-01-20,0.32,-5.32,90.68,64.35,1.01,-7.47
2019-01-21,10.28,-6.89,96.06,64.06,1.79,-8.17
2019-01-22,27.05,-9.08,99.4,63.62,2.53,-9.78
2019-01-23,4.78,-10.85,99.69,63.79,2.58,-11.39
2019-01-24,0.26,-15.3,84.22,63.96,1.45,-17.71
2019-01-25,7.4,-14.07,97.96,63.73,1.73,-15.01
2019-01-26,0.14,-16.8,83.39,63.92,1.38,-19.38
2019-01-27,0.72,-15.55,96.29,63.86,1.31,-16.53
2019-01-28,0.0,-18.89,81.54,63.88,1.69,-21.5
2019-01-29,0.0,-17.28,73.32,63.99,2.07,-21.24
2019-01-30,3.15,-8.13,79.87,64.15,1.53,-11.44
2019-01-31,6.82,-7.0,98.45,64.01,2.46,-7.82
2019-02-01,3.31,-10.78,98.53,63.97,1.89,-11.42
2019-02-02,0.0,-12.56,84.79,64.09,1.34,-15.09
2019-02-03,0.0,-14.47,75.75,64.31,1.69,-18.16
2019-02-04,0.0,-11.47,66.57,64.51,1.6,-16.98
2019-02-05,0.0,-8.2,74.26,64.33,1.03,-12.59
2019-02-06,0.38,-8.75,98.74,63.93,2.61,-9.49
2019-02-07,31.52,-7.42,99.93,63.55,5.19,-7.87
2019-02-08,12.7,-8.74,96.01,63.6,4.64,-10.11
2019-02-09,0.0,-14.42,70.22,63.93,1.82,-19.18
2019-02-10,0.0,-10.73,70.12,64.22,1.43,-15.32
2019-02-11,0.0,-8.83,92.13,64.36,1.31,-10.52
2019-02-12,0.0,-8.46,85.58,64.55,1.34,-10.88
2019-02-13,0.02,-4.75,94.95,64.67,0.79,-6.0
2019-02-14,16.71,-5.28,99.3,64.23,2.18,-6.07
2019-02-15,14.88,-6.61,96.12,63.99,2.39,-7.82
2019-02-16,0.03,-11.54,87.8,63.98,1.25,-13.46
2019-02-17,0.67,-13.25,78.04,63.87,1.95,-16.9
2019-02-18,11.9,-7.8,98.08,63.53,3.28,-8.74
2019-02-19,7.72,-7.72,98.6,63.77,3.62,-8.7
2019-02-20,10.49,-8.6,86.45,64.31,1.8,-10.95
2019-02-21,20.13,-3.23,99.79,64.34,5.49,-3.6
2019-02-22,3.04,-6.2,97.92,64.22,2.62,-7.08
2019-02-23,0.0,-11.2,76.03,64.07,1.54,-15.3
2019-02-24,0.0,-9.94,96.1,63.74,1.99,-11.04
2019-02-25,0.0,-12.36,91.66,63.53,1.31,-14.03
2019-02-26,5.17,-12.05,96.34,63.48,1.62,-13.26
2019-02-27,5.63,-11.94,98.83,63.19,1.67,-12.58
2019-02-28,0.17,-15.13,80.46,63.51,1.36,-18.08
2019-03-01,0.0,-12.27,67.44,63.93,1.66,-17.22
2019-03-02,11.56,-7.52,92.52,64.09,1.95,-9.17
2019-03-03,8.78,-5.68,97.86,63.84,2.34,-6.73
2019-03-04,7.43,-7.8,83.57,63.61,1.56,-10.9
2019-03-05,0.66,-8.59,94.45,63.61,1.49,-10.12
2019-03-06,0.0,-12.51,88.56,63.75,1.83,-14.34
2019-03-07,0.07,-11.34,90.67,63.83,1.59,-13.18
2019-03-08,0.06,-10.85,72.74,64.03,1.27,-14.99
2019-03-09,0.0,-8.8,87.29,64.07,1.17,-11.15
2019-03-10,0.0,-11.72,83.13,64.15,1.77,-14.51
2019-03-11,8.36,-9.52,85.97,64.2,2.0,-11.99
2019-03-12,1.35,-7.26,88.88,64.29,1.46,-9.38
2019-03-13,1.78,-7.02,82.71,64.32,1.66,-9.93
2019-03-14,7.51,-6.92,92.02,64.28,2.14,-8.59
2019-03-15,1.29,-7.14,89.0,64.29,1.29,-9.42
2019-03-16,0.02,-6.93,76.67,64.39,1.72,-11.47
2019-03-17,1.98,-4.65,86.07,64.32,1.59,-7.17
2019-03-18,0.01,-4.65,80.81,64.29,1.3,-8.44
2019-03-19,0.03,-4.65,81.75,64.09,1.45,-8.18
2019-03-20,10.02,-5.39,90.78,64.13,1.97,-7.06
2019-03-21,1.36,-5.74,86.02,64.25,1.43,-8.5
2019-03-22,0.01,-6.72,83.42,64.28,1.8,-10.17
2019-03-23,0.0,-5.46,68.04,64.36,1.65,-11.82
2019-03-24,0.48,-2.34,78.96,64.33,1.52,-6.2
2019-03-25,5.52,-3.74,92.63,64.27,1.16,-5.15
2019-03-26,0.0,-4.32,67.46,64.32,1.9,-10.84
2019-03-27,0.0,-1.74,63.41,64.64,1.86,-8.92
2019-03-28,0.0,0.76,73.15,64.66,1.38,-4.04
2019-03-29,0.0,0.09,77.16,64.55,1.63,-4.49
2019-03-30,0.0,0.13,73.47,64.53,1.33,-4.79
2019-03-31,0.0,-1.2,65.96,64.4,1.58,-7.5
2019-04-01,0.01,-3.14,72.92,64.29,2.05,-8.3
2019-04-02,0.0,-2.13,63.98,64.46,1.81,-8.92
2019-04-03,0.0,0.08,72.32,64.52,1.77,-5.23
2019-04-04,0.0,1.53,76.53,64.62,1.34,-2.79
2019-04-05,0.0,0.9,81.02,64.6,1.39,-2.44
2019-04-06,0.15,1.5,83.31,64.53,1.46,-1.58
2019-04-07,0.08,0.99,80.09,64.39,1.11,-2.64
2019-04-08,7.99,-0.2,78.33,64.31,1.38,-4.06
2019-04-09,0.0,0.91,71.68,64.36,1.48,-4.31
2019-04-10,0.0,2.05,78.74,64.61,1.59,-1.72
2019-04-11,0.0,2.0,63.96,64.61,1.46,-4.91
2019-04-12,0.0,1.88,77.98,64.61,1.58,-1.87
2019-04-13,0.0,1.97,74.98,64.62,1.4,-2.46
2019-04-14,0.0,2.0,72.1,64.65,1.6,-3.03
2019-04-15,0.0,2.83,68.98,64.62,1.48,-2.79
2019-04-16,2.77,1.44,81.66,64.47,1.53,-1.68
2019-04-17,6.46,-1.5,94.11,64.24,1.95,-2.67
2019-04-18,8.3,-1.2,84.63,64.25,1.55,-3.84
2019-04-19,0.01,0.76,82.66,64.21,1.41,-2.25
2019-04-20,0.0,1.52,82.57,64.21,1.77,-1.76
2019-04-21,0.0,1.61,83.93,64.23,1.58,-1.28
2019-04-22,0.0,2.55,75.28,64.33,1.56,-2.02
2019-04-23,0.0,4.0,66.03,64.58,1.71,-2.35
2019-04-24,2.39,4.53,72.04,64.76,1.67,-0.59
2019-04-25,0.33,4.74,68.88,64.81,1.63,-0.78
2019-04-26,1.31,4.22,71.42,64.69,1.69,-0.79
2019-04-27,0.0,4.87,47.6,64.64,1.71,-6.18
2019-04-28,0.0,4.84,43.52,64.56,1.82,-6.73
2019-04-29,0.0,4.68,46.88,64.57,1.79,-6.05
2019-04-30,2.13,4.02,62.86,64.48,2.71,-2.62
2019-05-01,3.94,2.97,77.88,64.38,2.94,-0.87
2019-05-02,3.59,2.38,75.03,64.45,2.43,-1.85
2019-05-03,0.15,1.56,75.38,64.45,2.15,-2.66
2019-05-04,0.0,2.27,62.12,64.46,1.66,-4.9
2019-05-05,0.17,1.94,54.52,64.45,1.93,-6.58
2019-05-06,0.0,3.49,47.82,64.4,1.62,-6.76
2019-05-07,0.0,3.98,55.13,64.41,1.89,-4.42
2019-05-08,0.0,4.44,51.07,64.48,1.67,-5.31
2019-05-09,0.0,5.55,57.12,64.39,1.68,-2.88
2019-05-10,1.1,5.58,71.28,64.47,1.9,0.36
2019-05-11,0.88,3.25,78.33,64.5,1.88,-0.44
2019-05-12,0.89,3.28,79.79,64.38,1.75,-0.32
2019-05-13,3.37,3.87,82.06,64.33,1.78,0.58
2019-05-14,3.66,3.57,80.31,64.31,1.71,-0.05
2019-05-15,2.19,3.93,70.73,64.49,1.6,-1.46
2019-05-16,1.39,3.07,81.42,64.5,1.87,-0.08
2019-05-17,7.75,3.32,85.42,64.41,2.13,0.8
2019-05-18,1.51,3.4,72.72,64.3,1.73,-1.63
2019-05-19,0.0,5.43,69.66,64.47,1.74,-0.17
2019-05-20,0.0,5.59,65.48,64.66,1.79,-0.95
2019-05-21,0.0,5.63,61.57,64.67,1.73,-1.6
2019-05-22,0.0,6.46,62.33,64.6,1.77,-0.74
2019-05-23,3.36,5.71,77.99,64.52,2.45,1.75
2019-05-24,4.54,4.07,84.66,64.51,2.52,1.37
2019-05-25,0.0,4.24,72.0,64.27,1.78,-1.12
2019-05-26,0.44,5.86,68.06,64.38,2.15,-0.59
2019-05-27,0.01,4.82,61.0,64.44,1.92,-2.79
2019-05-28,0.0,5.74,56.38,64.43,1.98,-3.13
2019-05-29,0.0,7.09,53.71,64.46,1.88,-2.43
2019-05-30,0.0,8.24,50.94,64.47,1.6,-2.02
2019-05-31,0.0,8.4,51.91,64.58,1.81,-1.49
2019-06-01,0.24,8.44,57.01,64.63,1.69,0.01
2019-06-02,0.95,7.37,69.52,64.6,1.87,1.55
2019-06-03,2.7,7.6,65.28,64.58,2.03,0.69
2019-06-04,0.01,7.38,60.32,64.59,1.98,-0.67
2019-06-05,0.0,7.89,44.3,64.61,1.91,-4.96
2019-06-06,0.64,7.09,62.34,64.64,2.21,-0.21
2019-06-07,0.0,7.06,60.11,64.62,1.84,-1.31
2019-06-08,0.1,7.54,61.62,64.55,1.98,-0.27
2019-06-09,0.0,7.44,63.76,64.45,1.97,0.35
2019-06-10,0.0,9.06,48.4,64.39,2.0,-2.48
2019-06-11,2.61,8.97,53.06,64.47,2.11,-0.42
2019-06-12,11.42,7.02,74.84,64.54,2.4,2.4
2019-06-13,0.35,7.56,63.76,64.5,1.76,0.61
2019-06-14,0.0,8.62,48.27,64.39,1.79,-3.19
2019-06-15,0.0,8.25,45.63,64.39,1.97,-3.7
2019-06-16,0.15,8.4,62.46,64.32,2.08,0.9
2019-06-17,8.38,7.06,78.82,64.17,2.7,2.89
2019-06-18,0.4,5.32,74.33,64.13,1.82,0.42
2019-06-19,1.16,6.45,73.84,64.25,2.15,1.26
2019-06-20,0.58,7.49,77.16,64.31,1.92,2.99
2019-06-21,0.16,7.75,75.12,64.46,1.85,3.02
2019-06-22,1.56,8.57,69.22,64.49,1.91,2.18
2019-06-23,0.44,9.15,65.79,64.52,2.04,1.43
2019-06-24,8.62,9.47,74.75,64.61,2.48,4.07
2019-06-25,6.43,8.3,87.18,64.56,2.68,5.98
2019-06-26,0.11,8.77,72.12,64.43,2.02,3.09
2019-06-27,2.1,9.19,71.46,64.25,2.16,3.2
2019-06-28,0.19,9.61,65.03,64.19,1.94,1.83
2019-06-29,0.07,10.03,61.36,64.25,1.85,1.89
2019-06-30,2.87,9.64,72.14,64.31,2.02,4.36
2019-07-01,0.64,10.25,71.03,64.35,2.02,4.08
2019-07-02,0.09,10.69,64.67,64.45,1.64,3.09
2019-07-03,4.84,11.74,68.77,64.47,1.91,5.09
2019-07-04,4.16,11.79,77.9,64.38,1.91,7.51
2019-07-05,2.29,11.22,79.19,64.22,2.17,7.03
2019-07-06,4.85,11.08,77.54,64.06,2.08,6.47
2019-07-07,5.27,11.56,83.78,64.11,2.34,8.46
2019-07-08,2.85,11.85,80.95,64.17,2.36,8.1
2019-07-09,10.68,10.1,82.74,64.13,1.6,7.01
2019-07-10,3.15,11.5,85.18,64.01,2.22,8.83
2019-07-11,3.26,11.3,85.44,64.05,2.38,8.56
2019-07-12,3.53,10.5,83.07,64.17,2.31,7.34
2019-07-13,10.13,10.11,81.34,64.19,2.2,6.43
2019-07-14,11.53,8.3,88.95,64.03,2.25,6.36
2019-07-15,11.02,7.95,89.08,63.98,2.04,5.97
2019-07-16,10.04,7.29,86.37,64.18,1.38,4.91
2019-07-17,2.18,9.07,79.83,64.25,1.54,5.38
2019-07-18,1.2,9.63,85.74,64.29,1.87,7.0
2019-07-19,2.54,9.63,87.46,64.4,2.49,7.31
2019-07-20,3.8,10.29,81.41,64.5,1.79,6.68
2019-07-21,0.78,10.96,79.53,64.51,1.84,7.06
2019-07-22,0.08,11.41,79.87,64.43,1.86,7.43
2019-07-23,0.02,11.63,77.83,64.37,1.4,7.36
2019-07-24,4.03,13.34,80.05,64.29,1.98,9.07
2019-07-25,9.2,12.29,83.89,64.26,1.88,9.2
2019-07-26,25.5,10.44,89.38,64.2,2.07,8.56
2019-07-27,17.26,10.32,87.61,64.23,2.04,8.11
2019-07-28,2.44,11.32,84.71,64.44,2.09,8.52
2019-07-29,2.75,11.81,85.51,64.52,2.05,9.12
2019-07-30,2.49,11.97,89.49,64.4,1.91,10.06
2019-07-31,4.12,11.27,91.26,64.29,1.83,9.78
2019-08-01,12.36,11.39,90.93,64.23,2.56,9.8
2019-08-02,7.54,10.95,87.86,64.26,2.01,8.65
2019-08-03,4.21,10.34,89.81,64.26,1.99,8.51
2019-08-04,12.74,11.58,82.41,64.22,1.99,8.25
2019-08-05,2.07,12.31,86.0,64.12,1.92,9.73
2019-08-06,9.91,11.32,86.5,64.1,1.81,8.78
2019-08-07,8.83,9.58,87.81,64.15,1.05,7.32
2019-08-08,4.91,11.41,81.18,64.16,0.98,7.8
2019-08-09,7.76,11.48,88.46,64.31,1.57,9.23
2019-08-10,1.78,10.96,83.85,64.38,1.9,8.05
2019-08-11,8.18,11.04,87.86,64.37,1.77,8.82
2019-08-12,2.72,11.86,89.3,64.31,2.04,9.95
2019-08-13,14.36,9.29,91.59,64.42,0.95,7.78
2019-08-14,5.1,10.26,85.93,64.49,1.89,7.77
2019-08-15,3.16,9.92,91.31,64.47,1.76,8.34
2019-08-16,16.27,9.84,92.37,64.35,2.08,8.43
2019-08-17,36.32,9.96,90.46,64.34,2.12,8.17
2019-08-18,55.5,8.17,94.35,64.42,2.21,7.06
2019-08-19,8.92,7.86,84.16,64.61,1.7,4.97
2019-08-20,0.25,8.18,78.15,64.54,1.47,4.08
2019-08-21,3.09,7.27,79.66,64.49,1.64,3.22
2019-08-22,0.37,8.39,79.81,64.49,1.73,4.56
2019-08-23,2.07,9.44,84.93,64.53,1.7,6.68
2019-08-24,4.19,10.15,85.98,64.52,1.64,7.56
2019-08-25,4.22,10.54,90.52,64.44,1.97,8.83
2019-08-26,2.51,9.02,86.08,64.57,1.45,6.59
2019-08-27,0.06,8.91,85.98,64.61,1.31,6.48
2019-08-28,0.01,10.18,81.52,64.71,1.41,6.65
2019-08-29,3.28,10.64,79.82,64.71,1.51,6.58
2019-08-30,1.27,11.42,86.7,64.46,1.66,8.89
2019-08-31,2.72,11.33,90.42,64.39,1.84,9.6
2019-09-01,6.36,10.61,88.43,64.47,1.74,8.4
2019-09-02,0.74,11.17,87.38,64.48,1.52,8.76
2019-09-03,0.53,11.15,86.1,64.43,1.6,8.51
2019-09-04,5.38,10.88,83.77,64.4,1.53,7.8
2019-09-05,2.11,10.82,86.21,64.43,1.52,8.14
2019-09-06,2.55,11.09,84.7,64.37,1.52,8.07
2019-09-07,1.69,10.15,78.3,64.41,1.39,5.58
2019-09-08,0.64,7.99,66.28,64.49,1.46,0.62
2019-09-09,0.0,8.86,69.57,64.38,1.53,2.35
2019-09-10,0.01,10.12,71.45,64.38,1.49,3.71
2019-09-11,1.63,9.9,78.48,64.5,1.52,4.96
2019-09-12,0.07,9.39,80.27,64.58,1.69,5.18
2019-09-13,0.4,9.31,80.73,64.64,1.57,5.4
2019-09-14,1.09,8.51,68.8,64.63,1.49,1.94
2019-09-15,0.42,7.35,67.87,64.6,1.64,0.89
2019-09-16,0.05,7.07,72.9,64.47,1.74,1.91
2019-09-17,0.03,5.76,65.85,64.49,1.52,-1.07
2019-09-18,0.64,6.42,70.61,64.66,1.42,0.47
2019-09-19,2.07,7.33,68.94,64.75,1.69,0.74
2019-09-20,1.93,7.29,80.63,64.71,1.43,3.47
2019-09-21,2.65,6.94,81.04,64.65,1.51,3.45
2019-09-22,6.77,6.67,79.92,64.69,1.38,2.79
2019-09-23,0.37,8.48,73.39,64.75,1.36,2.5
2019-09-24,1.04,8.7,75.57,64.82,1.66,3.13
2019-09-25,0.69,9.21,84.81,64.92,1.62,6.02
2019-09-26,5.17,7.96,90.96,64.92,1.74,6.35
2019-09-27,4.94,8.43,89.79,64.74,1.7,6.49
2019-09-28,25.09,5.88,89.94,64.66,1.59,4.14
2019-09-29,6.18,4.74,88.43,64.69,1.55,2.74
2019-09-30,18.63,5.04,88.45,64.57,1.32,2.89
2019-10-01,3.61,3.67,86.92,64.5,1.55,1.37
2019-10-02,0.04,4.05,69.66,64.57,1.24,-1.8
2019-10-03,2.83,3.66,69.48,64.57,1.54,-2.29
2019-10-04,0.47,1.36,83.34,64.58,1.09,-1.36
2019-10-05,0.0,2.79,75.86,64.58,1.17,-1.44
2019-10-06,0.19,3.69,73.58,64.67,1.48,-1.37
2019-10-07,1.16,2.29,82.31,64.73,1.47,-0.82
2019-10-08,0.17,2.85,71.42,64.67,1.49,-2.51
2019-10-09,1.78,1.49,78.06,64.6,1.34,-2.36
2019-10-10,0.0,2.33,70.15,64.55,1.58,-3.14
2019-10-11,0.0,2.64,69.41,64.54,1.61,-3.02
2019-10-12,0.0,2.33,67.06,64.6,1.48,-4.13
2019-10-13,0.0,2.77,67.38,64.63,1.53,-3.52
2019-10-14,0.02,3.35,72.88,64.68,1.56,-1.86
2019-10-15,0.02,2.44,72.73,64.76,1.53,-2.62
2019-10-16,0.0,2.9,69.42,64.77,1.47,-2.85
2019-10-17,1.72,1.73,63.73,64.74,1.5,-5.63
2019-10-18,0.16,0.61,57.78,64.76,1.39,-7.48
2019-10-19,0.2,-0.33,65.86,64.8,1.56,-6.37
2019-10-20,0.0,-0.48,64.1,64.71,1.47,-7.11
2019-10-21,0.0,-0.34,56.11,64.54,1.38,-8.81
2019-10-22,0.0,0.46,54.04,64.45,1.61,-8.84
2019-10-23,0.0,-0.24,54.24,64.39,1.64,-9.06
2019-10-24,0.0,-0.63,63.88,64.41,1.45,-7.51
2019-10-25,0.0,-0.37,62.8,64.47,1.45,-7.71
2019-10-26,0.0,-0.49,62.55,64.53,1.53,-7.84
2019-10-27,0.0,1.1,55.19,64.63,1.62,-7.88
2019-10-28,0.0,1.94,49.85,64.72,1.59,-8.1
2019-10-29,0.0,2.5,52.17,64.74,1.41,-6.94
2019-10-30,0.0,1.98,59.94,64.58,1.4,-5.71
2019-10-31,0.0,0.61,64.38,64.52,1.4,-5.89
2019-11-01,0.0,0.69,53.25,64.59,1.42,-8.39
2019-11-02,0.0,0.58,58.97,64.63,1.35,-6.78
2019-11-03,1.92,-0.89,79.22,64.61,1.71,-4.5
2019-11-04,0.05,-1.94,66.28,64.52,1.49,-8.03
2019-11-05,0.0,-1.39,55.0,64.35,1.71,-10.38
2019-11-06,0.28,-2.08,56.38,64.24,1.59,-9.9
2019-11-07,16.35,-3.87,80.86,64.3,1.27,-7.01
2019-11-08,3.75,-4.38,92.48,64.49,1.63,-5.66
2019-11-09,0.02,-4.99,72.74,64.58,1.56,-10.24
2019-11-10,0.0,-5.32,59.86,64.49,1.58,-13.13
2019-11-11,0.0,-3.68,61.18,64.47,1.09,-10.88
2019-11-12,0.0,-1.37,52.57,64.65,1.16,-10.4
2019-11-13,0.0,-1.83,48.03,64.81,1.12,-11.77
2019-11-14,0.78,-2.25,67.68,64.87,0.88,-7.76
2019-11-15,0.28,-2.59,81.27,64.72,1.05,-5.91
2019-11-16,0.58,-1.4,74.24,64.68,1.3,-5.95
2019-11-17,0.02,-2.2,61.46,64.64,1.34,-9.65
2019-11-18,0.0,-3.63,47.16,64.48,1.56,-14.13
2019-11-19,0.0,-2.82,42.19,64.42,1.37,-14.22
2019-11-20,0.0,-1.87,44.42,64.45,1.12,-12.63
2019-11-21,0.0,-1.92,61.14,64.61,0.99,-9.29
2019-11-22,2.8,-2.03,92.11,64.71,1.34,-3.54
2019-11-23,2.57,-3.61,94.99,64.55,1.56,-4.49
2019-11-24,0.0,-4.72,67.35,64.48,1.53,-10.82
2019-11-25,0.1,-5.79,70.74,64.47,1.51,-11.21
2019-11-26,3.06,-6.0,81.75,64.43,0.85,-9.38
2019-11-27,7.73,-4.79,96.67,64.26,2.68,-5.74
2019-11-28,6.69,-4.84,98.21,64.24,3.1,-5.57
2019-11-29,0.78,-7.86,90.7,64.28,1.66,-9.8
2019-11-30,0.0,-9.66,63.44,64.32,1.41,-16.24
2019-12-01,0.0,-7.26,56.84,64.3,1.27,-14.71
2019-12-02,0.0,-8.66,64.82,64.26,1.35,-14.86
2019-12-03,0.0,-9.68,59.36,64.4,2.44,-17.54
2019-12-04,0.0,-7.31,51.38,64.68,1.89,-16.62
2019-12-05,0.0,-6.52,50.79,64.79,1.54,-16.05
2019-12-06,0.0,-6.98,53.71,64.75,1.51,-15.71
2019-12-07,0.0,-7.01,55.94,64.63,1.45,-15.61
2019-12-08,0.0,-7.23,49.27,64.58,1.58,-17.3
2019-12-09,0.0,-5.53,50.59,64.52,1.42,-15.17
2019-12-10,0.0,-4.39,66.23,64.28,1.14,-10.35
2019-12-11,0.26,-5.59,76.53,64.04,1.24,-9.74
2019-12-12,18.42,-6.45,96.41,63.83,1.75,-7.71
2019-12-13,17.78,-8.65,97.88,63.59,1.24,-9.7
2019-12-14,0.47,-11.97,96.99,63.99,1.02,-12.98
2019-12-15,0.13,-14.21,95.65,64.02,1.29,-15.35
2019-12-16,0.0,-18.6,74.53,64.1,1.77,-22.31
2019-12-17,0.0,-17.89,67.43,64.24,2.41,-23.11
2019-12-18,0.0,-9.53,54.55,64.4,1.3,-16.95
2019-12-19,0.0,-6.53,86.05,64.29,1.11,-8.86
2019-12-20,1.11,-7.68,95.87,64.06,1.65,-8.68
2019-12-21,0.18,-9.34,91.79,63.97,1.34,-10.94
2019-12-22,0.0,-12.76,70.49,64.11,1.61,-17.96
2019-12-23,0.0,-11.94,57.41,64.08,1.54,-19.12
2019-12-24,0.0,-13.64,67.39,64.09,1.58,-19.12
2019-12-25,0.0,-15.31,60.28,63.93,1.77,-21.81
2019-12-26,0.0,-17.64,72.31,63.73,2.72,-22.49
2019-12-27,0.0,-14.85,62.12,64.06,3.51,-21.31
2019-12-28,0.0,-11.9,64.36,64.23,2.77,-18.29
2019-12-29,0.0,-10.1,53.41,64.27,1.71,-18.92
2019-12-30,0.0,-11.32,64.74,64.13,1.75,-17.68
2019-12-31,0.0,-12.57,66.7,64.06,1.77,-18.37
2020-01-01,0.0,-11.49,68.41,64.17,1.28,-16.73
2020-01-02,0.1,-11.35,90.17,64.22,1.25,-13.34
2020-01-03,1.68,-11.1,86.47,63.98,1.55,-13.62
2020-01-04,3.85,-12.4,88.33,63.73,1.3,-14.56
2020-01-05,0.05,-12.13,71.42,63.77,1.18,-17.16
2020-01-06,6.62,-7.58,92.31,64.04,1.19,-9.23
2020-01-07,23.61,-7.95,97.97,63.82,1.78,-8.72
2020-01-08,17.67,-10.41,99.64,63.47,3.05,-10.94
2020-01-09,0.03,-17.12,72.61,63.7,1.24,-21.17
2020-01-10,0.0,-19.26,75.5,64.13,2.65,-23.01
2020-01-11,0.25,-11.81,70.36,64.36,1.74,-16.54
2020-01-12,1.38,-6.09,95.65,64.42,0.88,-7.29
2020-01-13,22.74,-5.37,98.76,63.88,3.96,-6.09
2020-01-14,0.08,-11.13,93.09,63.87,1.5,-12.3
2020-01-15,0.0,-10.95,97.44,63.97,1.57,-11.57
2020-01-16,1.73,-11.42,79.21,63.82,0.94,-14.91
2020-01-17,5.29,-10.59,97.13,63.7,1.29,-11.79
2020-01-18,1.29,-12.57,97.42,63.77,1.14,-13.58
2020-01-19,0.0,-17.84,75.7,63.81,1.76,-21.46
2020-01-20,0.4,-13.87,80.06,63.83,1.46,-17.08
2020-01-21,1.98,-10.73,99.07,63.89,1.83,-11.33
2020-01-22,0.02,-12.79,94.2,64.09,1.31,-13.69
2020-01-23,0.0,-16.88,54.91,63.95,1.59,-24.16
2020-01-24,0.0,-13.89,55.9,64.11,1.73,-21.18
2020-01-25,0.02,-10.34,73.07,64.08,1.36,-14.53
2020-01-26,0.03,-10.8,91.52,63.88,1.21,-12.53
2020-01-27,1.55,-14.98,77.15,63.74,1.42,-18.39
2020-01-28,11.94,-8.61,97.3,63.57,2.19,-9.75
2020-01-29,11.11,-10.43,97.5,63.73,2.34,-11.47
2020-01-30,0.0,-18.79,83.12,63.76,1.88,-21.36
2020-01-31,0.01,-16.7,81.15,63.67,1.97,-19.56
2020-02-01,0.45,-15.21,83.19,63.69,1.22,-17.91
2020-02-02,0.0,-18.04,71.91,64.09,2.29,-22.26
2020-02-03,0.0,-17.04,65.6,64.1,2.15,-22.32
2020-02-04,0.0,-16.4,75.19,63.88,1.95,-20.24
2020-02-05,0.0,-13.3,81.63,63.86,1.47,-16.44
2020-02-06,0.0,-15.53,79.74,63.75,1.72,-18.55
2020-02-07,0.01,-15.6,77.3,63.77,1.5,-19.08
2020-02-08,0.0,-17.1,68.91,64.12,2.52,-21.9
2020-02-09,0.0,-14.33,66.7,64.38,1.8,-19.46
2020-02-10,0.0,-13.55,57.85,64.28,1.65,-20.13
2020-02-11,0.0,-10.85,59.98,64.43,1.48,-17.17
2020-02-12,0.0,-6.55,72.23,64.66,1.14,-10.9
2020-02-13,0.0,-4.14,82.95,64.59,1.25,-7.01
2020-02-14,0.0,-5.75,69.33,64.19,1.22,-11.35
2020-02-15,0.0,-6.04,49.92,64.28,1.71,-15.7
2020-02-16,0.0,-6.04,56.05,64.44,1.58,-14.5
2020-02-17,0.0,-7.55,64.92,64.42,1.55,-14.51
2020-02-18,0.0,-6.38,61.62,64.33,1.74,-13.74
2020-02-19,0.0,-5.44,70.33,64.24,1.29,-10.69
2020-02-20,5.68,-5.69,80.04,64.27,1.32,-9.51
2020-02-21,6.49,-6.75,88.29,64.24,1.42,-9.22
2020-02-22,0.01,-7.12,89.1,64.46,1.34,-9.31
2020-02-23,3.81,-6.37,81.35,64.35,1.19,-9.89
2020-02-24,0.99,-7.08,86.75,64.12,1.35,-9.84
2020-02-25,0.8,-6.84,90.02,63.98,1.49,-8.97
2020-02-26,0.01,-7.68,72.05,64.07,2.18,-13.38
2020-02-27,0.0,-5.32,67.67,64.33,1.68,-11.3
2020-02-28,0.64,-5.26,86.52,64.32,1.83,-7.98
2020-02-29,6.59,-4.79,89.0,64.23,1.05,-7.12
2020-03-01,0.16,-7.38,85.69,64.14,1.63,-10.24
2020-03-02,0.0,-6.94,82.84,64.13,1.79,-10.5
2020-03-03,0.0,-6.49,77.93,64.04,1.74,-10.89
2020-03-04,2.7,-7.41,82.09,64.0,1.85,-11.13
2020-03-05,3.21,-8.06,89.71,63.9,2.17,-10.42
2020-03-06,9.29,-6.53,87.47,63.74,1.78,-9.04
2020-03-07,14.06,-7.74,95.47,63.79,2.19,-8.98
2020-03-08,0.33,-8.29,81.72,64.16,1.42,-11.36
2020-03-09,0.0,-7.69,64.87,64.17,1.83,-13.98
2020-03-10,0.01,-6.92,72.59,64.03,1.7,-12.14
2020-03-11,13.29,-5.81,85.49,63.92,1.72,-8.61
2020-03-12,12.96,-5.31,88.73,64.1,2.43,-7.7
2020-03-13,22.7,-5.37,96.9,63.99,2.7,-6.52
2020-03-14,4.07,-8.16,94.31,63.98,1.69,-9.71
2020-03-15,2.14,-9.68,79.71,64.08,1.51,-13.13
2020-03-16,0.0,-7.74,76.14,64.3,1.98,-12.28
2020-03-17,0.0,-5.54,79.78,64.4,1.58,-9.59
2020-03-18,0.49,-5.24,83.94,64.29,1.56,-8.46
2020-03-19,0.21,-5.16,87.45,64.12,1.37,-7.78
2020-03-20,0.03,-5.34,84.86,64.15,1.51,-8.36
2020-03-21,4.51,-4.41,87.58,64.2,1.59,-6.83
2020-03-22,3.96,-3.78,86.4,64.19,1.43,-6.25
2020-03-23,0.0,-3.23,77.49,64.32,1.63,-7.92
2020-03-24,8.63,-1.59,84.45,64.35,1.38,-4.34
2020-03-25,0.13,-3.19,78.36,64.34,1.35,-7.35
2020-03-26,0.35,-2.22,71.78,64.42,1.54,-7.49
2020-03-27,20.18,-2.96,96.42,64.3,2.27,-3.76
2020-03-28,1.96,-3.83,89.89,64.26,2.01,-5.69
2020-03-29,0.07,-3.96,85.56,64.24,1.62,-6.59
2020-03-30,0.0,-4.29,64.14,64.4,1.83,-11.21
2020-03-31,5.12,-1.36,77.42,64.39,1.99,-5.25
2020-04-01,1.44,-3.19,88.53,64.28,1.57,-5.34
2020-04-02,0.36,-5.25,84.63,64.08,2.13,-7.94
2020-04-03,0.0,-4.64,74.34,64.21,1.98,-9.63
2020-04-04,0.0,-3.66,79.59,64.33,1.78,-7.8
2020-04-05,0.32,-3.86,82.19,64.45,1.7,-7.42
2020-04-06,0.45,-3.11,79.57,64.41,1.68,-7.03
2020-04-07,1.44,-3.31,75.88,64.31,1.72,-8.03
2020-04-08,1.81,-3.64,91.31,64.25,1.78,-5.24
2020-04-09,0.0,-2.85,81.04,64.35,1.83,-6.61
2020-04-10,0.0,-1.02,84.01,64.52,1.82,-4.1
2020-04-11,0.0,-0.2,64.43,64.71,1.61,-7.28
2020-04-12,0.0,2.27,59.85,64.71,1.33,-5.57
2020-04-13,0.0,3.16,81.17,64.66,1.42,-0.63
2020-04-14,0.0,2.77,81.65,64.7,1.45,-0.46
2020-04-15,1.12,1.71,79.78,64.69,1.62,-1.71
2020-04-16,0.01,1.08,68.68,64.5,1.65,-5.02
2020-04-17,18.89,0.54,80.35,64.36,2.1,-2.62
2020-04-18,8.63,0.43,90.03,64.4,2.77,-1.2
2020-04-19,2.95,-1.38,87.28,64.29,2.06,-3.68
2020-04-20,3.83,-2.28,85.76,64.29,1.4,-4.92
2020-04-21,2.61,-1.03,88.34,64.18,1.91,-3.12
2020-04-22,0.16,-0.31,83.22,64.16,1.61,-3.4
2020-04-23,0.06,0.51,75.61,64.22,1.06,-3.86
2020-04-24,0.0,1.24,69.14,64.22,1.4,-4.55
2020-04-25,5.86,1.97,83.81,64.28,1.84,-0.85
2020-04-26,9.17,0.59,85.84,64.4,0.95,-1.75
2020-04-27,14.92,1.07,84.16,64.47,1.41,-1.45
2020-04-28,0.47,2.18,87.23,64.51,1.53,0.02
2020-04-29,0.0,2.6,82.71,64.44,1.38,-0.44
2020-04-30,1.76,2.98,85.6,64.5,1.69,0.37
2020-05-01,0.0,4.63,79.09,64.47,1.41,0.54
2020-05-02,1.03,3.67,84.6,64.54,1.45,0.84
2020-05-03,6.15,2.69,87.95,64.53,1.77,0.51
2020-05-04,1.82,1.39,78.37,64.48,1.73,-2.5
2020-05-05,0.05,1.28,76.52,64.38,1.77,-2.9
2020-05-06,3.83,1.17,80.65,64.32,2.34,-2.43
2020-05-07,1.1,0.31,80.68,64.25,1.66,-3.28
2020-05-08,0.0,1.81,71.34,64.41,1.68,-3.73
2020-05-09,0.32,2.75,79.45,64.57,1.92,-1.04
2020-05-10,4.72,2.89,72.67,64.62,1.65,-1.9
2020-05-11,0.03,3.29,80.0,64.57,1.73,-0.4
2020-05-12,1.18,3.31,82.29,64.51,1.52,0.23
2020-05-13,1.23,4.24,75.0,64.44,1.34,-0.08
2020-05-14,1.44,4.43,68.64,64.54,1.61,-1.02
2020-05-15,0.01,4.74,58.9,64.51,1.56,-3.18
2020-05-16,0.0,5.4,62.24,64.42,1.86,-1.74
2020-05-17,0.0,5.07,58.9,64.39,1.75,-2.86
2020-05-18,0.0,3.66,62.29,64.29,2.14,-3.24
2020-05-19,0.0,3.01,55.65,64.2,1.87,-5.72
2020-05-20,0.0,6.28,51.55,64.2,1.73,-3.63
2020-05-21,0.0,8.21,47.18,64.36,1.87,-3.33
2020-05-22,0.0,8.41,49.33,64.49,1.91,-2.42
2020-05-23,2.15,6.86,66.25,64.62,2.1,0.37
2020-05-24,0.08,7.0,66.67,64.61,1.68,0.53
2020-05-25,0.3,7.7,65.11,64.5,1.82,0.98
2020-05-26,0.2,7.03,64.26,64.54,0.82,0.05
2020-05-27,4.13,6.87,67.06,64.47,1.51,0.35
2020-05-28,7.35,4.33,85.31,64.33,2.23,1.82
2020-05-29,2.61,4.78,80.83,64.39,2.12,1.29
2020-05-30,18.58,4.61,78.74,64.4,1.84,0.5
2020-05-31,14.23,3.53,84.4,64.41,2.09,0.86
2020-06-01,3.84,3.78,77.36,64.4,1.82,-0.32
2020-06-02,5.24,4.58,74.01,64.36,1.83,-0.38
2020-06-03,11.29,4.48,81.24,64.33,1.8,1.09
2020-06-04,6.21,4.72,72.28,64.3,1.72,-0.45
2020-06-05,16.04,5.38,82.74,64.16,1.29,2.22
2020-06-06,8.17,5.84,83.08,64.17,1.74,2.83
2020-06-07,0.3,6.37,84.96,64.24,1.78,3.68
2020-06-08,1.43,8.28,83.57,64.28,1.81,5.21
2020-06-09,0.37,8.72,80.18,64.42,1.77,4.93
2020-06-10,1.37,8.54,75.59,64.46,1.83,3.83
2020-06-11,0.0,8.0,66.36,64.41,1.67,1.17
2020-06-12,0.12,8.86,68.3,64.35,1.69,2.32
2020-06-13,1.9,8.12,66.63,64.4,1.89,1.36
2020-06-14,0.22,8.19,65.12,64.46,1.9,1.0
2020-06-15,0.11,7.83,71.88,64.28,1.92,2.19
2020-06-16,2.26,8.66,71.28,64.18,1.81,3.07
2020-06-17,0.39,8.94,71.56,64.22,1.8,3.26
2020-06-18,0.55,8.75,67.62,64.3,2.02,2.09
2020-06-19,1.57,9.41,69.23,64.41,1.97,3.14
2020-06-20,2.76,8.75,65.68,64.42,2.0,1.79
2020-06-21,2.8,9.02,72.07,64.32,1.81,3.55
2020-06-22,0.78,9.93,77.79,64.28,1.88,5.59
2020-06-23,7.37,11.23,82.58,64.52,2.04,7.93
2020-06-24,8.62,10.88,86.92,64.55,2.65,8.51
2020-06-25,1.09,8.59,83.75,64.36,2.13,5.63
2020-06-26,0.78,9.54,76.59,64.21,1.98,4.94
2020-06-27,0.08,10.86,79.06,64.23,2.01,6.73
2020-06-28,3.59,11.16,73.3,64.33,2.1,5.4
2020-06-29,1.48,10.03,63.89,64.44,1.54,2.36
2020-06-30,0.6,10.37,65.91,64.47,1.8,3.18
2020-07-01,1.64,10.8,75.16,64.41,1.83,5.48
2020-07-02,1.38,11.71,79.76,64.29,1.83,7.71
2020-07-03,8.01,11.71,78.22,64.32,2.15,7.54
2020-07-04,28.94,10.48,78.01,64.29,1.99,6.09
2020-07-05,0.23,9.04,73.68,64.19,1.7,3.96
2020-07-06,0.83,9.28,69.66,64.23,1.88,2.97
2020-07-07,3.48,9.42,81.35,64.43,1.69,5.97
2020-07-08,19.85,9.91,88.78,64.48,1.78,7.81
2020-07-09,2.28,11.04,85.93,64.28,2.09,8.34
2020-07-10,10.18,10.83,84.7,64.13,2.19,7.89
2020-07-11,41.66,10.31,88.86,64.08,2.26,8.26
2020-07-12,7.93,8.78,87.89,64.22,2.1,6.61
2020-07-13,0.0,9.7,83.8,64.27,1.77,6.73
2020-07-14,0.9,10.83,81.71,64.4,1.74,7.2
2020-07-15,0.88,10.73,80.04,64.43,1.6,6.75
2020-07-16,3.34,11.07,87.42,64.38,1.96,8.71
2020-07-17,0.82,11.76,89.22,64.46,2.34,9.83
2020-07-18,5.57,12.01,84.57,64.54,1.72,9.03
2020-07-19,3.57,11.27,84.55,64.33,1.97,8.3
2020-07-20,11.34,9.76,80.58,64.12,1.94,6.04
2020-07-21,11.21,7.07,82.59,64.25,2.31,4.06
2020-07-22,0.63,7.68,60.14,64.32,1.74,-0.44
2020-07-23,0.63,9.02,76.63,64.22,1.69,4.49
2020-07-24,0.57,10.08,88.59,64.53,1.69,7.97
2020-07-25,4.29,10.53,89.74,64.7,1.94,8.71
2020-07-26,5.25,10.73,88.27,64.69,1.76,8.62
2020-07-27,2.63,11.21,85.8,64.52,1.99,8.67
2020-07-28,6.6,11.51,88.55,64.38,2.15,9.43
2020-07-29,14.55,10.89,88.38,64.39,2.19,8.8
2020-07-30,29.94,9.97,85.69,64.44,1.71,7.48
2020-07-31,10.23,11.49,89.26,64.38,2.08,9.5
2020-08-01,6.17,11.4,88.68,64.41,1.82,9.29
2020-08-02,0.1,11.79,80.49,64.26,1.6,7.89
2020-08-03,0.56,12.01,87.35,64.05,1.91,9.71
2020-08-04,5.55,11.61,82.48,64.02,1.72,8.09
2020-08-05,4.96,10.41,81.77,64.22,1.69,7.19
2020-08-06,6.96,11.48,85.12,64.49,1.49,8.81
2020-08-07,7.03,11.12,91.26,64.53,1.62,9.62
2020-08-08,2.51,12.18,85.18,64.39,1.7,9.47
2020-08-09,6.61,11.99,92.27,64.28,1.98,10.71
2020-08-10,7.26,12.31,88.24,64.37,2.26,10.19
2020-08-11,8.19,12.34,87.46,64.3,1.94,10.05
2020-08-12,6.14,12.88,89.73,64.18,2.27,11.05
2020-08-13,14.7,11.53,92.73,64.2,1.71,10.04
2020-08-14,12.81,10.42,88.19,64.23,1.56,8.21
2020-08-15,13.2,11.38,86.72,64.18,1.83,8.95
2020-08-16,7.96,12.71,87.86,64.22,1.65,10.42
2020-08-17,0.87,12.39,90.86,64.32,1.84,10.78
2020-08-18,7.07,12.16,91.43,64.31,1.76,10.69
2020-08-19,4.72,11.77,89.9,64.23,2.01,9.88
2020-08-20,17.45,9.51,91.73,64.32,1.74,8.08
2020-08-21,29.15,8.47,89.14,64.54,1.59,6.58
2020-08-22,2.83,10.26,84.39,64.48,1.63,7.29
2020-08-23,0.77,11.38,87.99,64.37,1.6,9.07
2020-08-24,2.87,11.63,90.53,64.41,1.64,9.92
2020-08-25,5.28,10.34,87.3,64.56,1.66,8.03
2020-08-26,23.71,11.19,90.63,64.57,2.03,9.47
2020-08-27,10.74,10.34,90.45,64.5,2.11,8.52
2020-08-28,4.22,9.16,83.25,64.37,1.59,6.07
2020-08-29,0.26,9.65,82.32,64.4,1.71,6.47
2020-08-30,6.7,10.86,90.64,64.44,2.1,9.19
2020-08-31,0.38,10.43,84.18,64.61,1.54,7.36
2020-09-01,0.0,10.5,78.89,64.67,1.68,6.04
2020-09-02,0.13,10.98,85.15,64.75,1.74,8.03
2020-09-03,7.59,10.26,89.63,64.82,1.97,8.4
2020-09-04,0.14,9.86,84.63,64.78,1.48,7.11
2020-09-05,1.81,9.04,82.33,64.6,1.65,5.87
2020-09-06,5.11,7.99,87.24,64.49,1.74,5.83
2020-09-07,0.06,8.46,83.5,64.58,1.46,5.44
2020-09-08,0.08,8.31,74.24,64.63,1.53,3.14
2020-09-09,0.33,7.54,60.74,64.65,1.57,-0.58
2020-09-10,0.0,6.44,51.11,64.43,1.66,-3.98
2020-09-11,0.1,6.51,55.39,64.46,1.66,-2.72
2020-09-12,1.49,6.9,64.8,64.65,1.62,-0.49
2020-09-13,0.29,7.87,64.68,64.68,1.57,0.64
2020-09-14,1.1,8.6,71.78,64.6,1.51,3.06
2020-09-15,0.08,8.38,66.63,64.53,1.62,1.63
2020-09-16,0.02,8.79,75.46,64.56,1.51,4.01
2020-09-17,0.01,9.21,75.83,64.54,1.73,4.27
2020-09-18,0.0,8.04,58.37,64.5,1.78,-0.21
2020-09-19,0.0,6.45,50.57,64.46,1.54,-4.17
2020-09-20,0.0,6.71,66.98,64.39,1.78,-0.2
2020-09-21,0.0,6.91,61.71,64.37,1.66,-1.84
2020-09-22,0.55,7.61,65.27,64.4,1.64,0.59
2020-09-23,1.42,7.75,75.94,64.35,1.63,2.77
2020-09-24,1.35,7.31,73.67,64.4,1.49,1.71
2020-09-25,0.19,6.19,64.85,64.32,1.71,-1.2
2020-09-26,0.15,3.62,70.03,64.26,1.67,-2.12
2020-09-27,0.0,3.99,63.06,64.43,1.66,-3.18
2020-09-28,0.0,4.84,55.3,64.54,1.65,-4.75
2020-09-29,0.0,4.59,45.57,64.51,1.61,-7.09
2020-09-30,0.0,4.8,43.16,64.44,1.66,-7.27
2020-10-01,0.0,4.68,45.77,64.43,1.7,-6.95
2020-10-02,0.0,5.42,46.57,64.51,1.67,-6.15
2020-10-03,0.0,5.45,53.54,64.54,1.65,-4.9
2020-10-04,0.0,4.78,52.63,64.58,1.56,-5.88
2020-10-05,0.0,5.6,44.17,64.54,1.49,-6.82
2020-10-06,0.0,6.04,42.9,64.59,1.56,-6.79
2020-10-07,0.0,4.82,43.95,64.68,1.59,-7.79
2020-10-08,0.0,4.21,38.79,64.68,1.68,-9.41
2020-10-09,0.0,4.74,41.4,64.74,1.58,-7.76
2020-10-10,0.0,5.18,37.93,64.66,1.56,-8.8
2020-10-11,0.0,5.53,39.87,64.56,1.53,-7.59
2020-10-12,0.0,4.94,51.76,64.46,1.63,-4.88
2020-10-13,0.0,3.52,71.52,64.53,1.76,-1.68
2020-10-14,0.0,4.06,64.98,64.58,1.58,-2.74
2020-10-15,0.0,4.51,52.79,64.6,1.59,-5.57
2020-10-16,0.0,4.47,43.7,64.56,1.68,-7.67
2020-10-17,0.0,4.67,38.09,64.6,1.57,-8.89
2020-10-18,0.0,4.58,39.59,64.55,1.63,-8.62
2020-10-19,0.0,3.45,43.35,64.44,1.44,-8.57
2020-10-20,0.0,2.94,55.73,64.38,1.47,-5.67
2020-10-21,0.0,2.13,57.72,64.42,1.54,-6.07
2020-10-22,0.0,0.64,67.14,64.29,1.28,-5.46
2020-10-23,0.0,1.33,63.27,64.28,1.61,-5.96
2020-10-24,0.0,0.55,58.41,64.33,1.62,-7.84
2020-10-25,0.06,-0.14,54.97,64.46,1.93,-9.56
2020-10-26,0.06,-1.0,56.62,64.39,1.28,-9.35
2020-10-27,0.0,0.6,43.14,64.46,1.71,-10.93
2020-10-28,0.0,0.81,44.96,64.55,1.66,-10.87
2020-10-29,0.01,-0.78,61.38,64.62,1.68,-7.94
2020-10-30,0.0,-0.88,62.19,64.61,1.79,-8.46
2020-10-31,0.0,0.08,75.13,64.65,1.48,-4.86
2020-11-01,0.37,0.45,75.72,64.63,1.7,-4.29
2020-11-02,2.32,-0.27,73.93,64.59,1.42,-5.28
2020-11-03,0.03,-0.85,70.03,64.49,1.53,-6.61
2020-11-04,0.0,-1.77,63.42,64.33,1.46,-9.17
2020-11-05,0.0,-2.07,62.56,64.43,1.63,-9.12
2020-11-06,0.0,-2.7,43.55,64.66,1.65,-15.03
2020-11-07,0.0,-1.25,38.66,64.72,1.49,-14.25
2020-11-08,0.0,0.26,32.08,64.8,1.5,-14.81
2020-11-09,0.0,0.06,35.37,64.7,1.47,-13.72
2020-11-10,0.0,-1.02,44.3,64.67,1.45,-12.1
2020-11-11,0.0,-1.68,43.64,64.73,1.47,-13.12
2020-11-12,0.0,-1.9,32.5,64.81,1.51,-16.71
2020-11-13,0.0,-0.08,27.22,64.72,1.34,-16.36
2020-11-14,0.0,-0.47,34.87,64.6,1.25,-13.94
2020-11-15,4.33,-2.53,65.55,64.48,2.21,-8.54
2020-11-16,15.01,-6.49,93.47,64.27,2.13,-7.92
2020-11-17,0.0,-8.25,62.07,64.22,1.55,-15.0
2020-11-18,0.0,-6.62,56.07,64.11,1.35,-14.13
2020-11-19,0.0,-7.25,73.1,64.02,1.88,-11.86
2020-11-20,0.0,-7.52,68.67,64.11,1.4,-13.44
2020-11-21,0.0,-8.68,57.17,64.02,1.5,-16.31
2020-11-22,0.0,-6.88,48.64,64.2,1.41,-16.35
2020-11-23,3.15,-5.71,86.91,64.26,1.45,-8.19
2020-11-24,2.07,-6.27,89.57,64.24,1.46,-8.46
2020-11-25,9.36,-6.18,93.28,64.24,1.92,-7.66
2020-11-26,9.94,-6.44,97.81,64.3,1.76,-7.39
2020-11-27,0.0,-10.15,68.99,64.69,2.17,-16.01
2020-11-28,0.0,-5.55,49.64,64.84,1.82,-14.83
2020-11-29,0.0,-1.49,59.97,64.73,1.2,-8.48
2020-11-30,0.0,-3.23,70.99,64.6,1.22,-8.33
2020-12-01,0.0,-4.01,71.61,64.66,1.47,-9.23
2020-12-02,0.0,-5.83,62.61,64.44,1.62,-13.07
2020-12-03,0.0,-5.78,56.82,64.35,1.39,-13.95
2020-12-04,0.0,-6.09,66.36,64.24,1.35,-12.18
2020-12-05,0.0,-5.29,77.67,64.25,1.06,-9.28
2020-12-06,0.0,-5.31,73.04,64.42,1.08,-9.97
2020-12-07,0.0,-3.74,55.11,64.55,1.19,-12.05
2020-12-08,0.17,-2.99,70.3,64.62,1.12,-7.95
2020-12-09,0.56,-4.49,79.44,64.48,1.33,-8.18
2020-12-10,0.32,-4.93,81.79,64.36,1.2,-8.42
2020-12-11,0.48,-5.96,80.27,64.31,1.47,-9.7
2020-12-12,12.35,-6.78,96.4,64.01,2.58,-7.69
2020-12-13,0.02,-9.26,75.57,64.0,1.29,-13.34
2020-12-14,0.0,-9.47,52.81,64.03,1.62,-17.67
2020-12-15,0.0,-9.04,63.36,64.07,1.77,-15.3
2020-12-16,0.0,-10.86,80.85,64.09,2.04,-14.22
2020-12-17,0.0,-11.07,53.18,64.11,1.2,-19.69
2020-12-18,0.0,-10.03,39.93,64.09,1.09,-21.09
2020-12-19,0.0,-8.69,41.47,64.31,1.25,-19.63
2020-12-20,0.0,-5.25,42.41,64.55,1.03,-15.76
2020-12-21,0.0,-4.55,43.51,64.44,0.75,-14.8
2020-12-22,0.0,-7.77,50.3,64.29,1.23,-16.46
2020-12-23,0.0,-9.24,56.31,64.17,1.5,-16.79
2020-12-24,0.0,-9.72,56.21,64.06,1.47,-17.24
2020-12-25,0.0,-9.6,49.38,64.19,1.35,-19.19
2020-12-26,0.0,-8.24,36.51,64.25,1.36,-20.28
2020-12-27,2.3,-9.23,48.29,63.87,2.12,-19.47
2020-12-28,4.8,-10.75,93.09,63.66,2.51,-12.21
2020-12-29,0.0,-12.36,69.57,63.89,2.02,-17.44
2020-12-30,0.0,-11.65,58.9,64.06,1.38,-18.49
2020-12-31,0.0,-10.54,49.16,64.3,1.45,-19.68
2021-01-01,0.0,-6.23,34.12,64.32,1.12,-19.06
2021-01-02,1.93,-7.78,65.82,64.29,0.89,-14.01
2021-01-03,1.15,-5.37,89.35,64.29,1.74,-7.35
2021-01-04,0.37,-5.91,84.88,64.43,1.24,-8.79
2021-01-05,9.57,-6.06,93.65,64.26,1.74,-7.56
2021-01-06,13.62,-7.75,92.11,64.13,1.9,-9.21
2021-01-07,0.0,-10.19,58.38,64.11,1.43,-17.92
2021-01-08,0.0,-9.31,48.55,64.09,2.12,-18.37
2021-01-09,0.0,-9.18,79.84,64.25,1.52,-12.91
2021-01-10,0.0,-8.04,38.08,64.25,1.04,-20.63
2021-01-11,0.0,-7.19,32.67,64.25,1.13,-21.66
2021-01-12,0.0,-6.15,28.83,64.27,0.93,-21.44
2021-01-13,0.0,-6.8,36.2,64.25,1.32,-20.74
2021-01-14,0.0,-5.79,42.19,64.39,1.66,-17.51
2021-01-15,0.0,-1.36,34.13,64.29,0.99,-14.81
2021-01-16,0.0,-7.83,57.55,64.19,2.17,-15.93
2021-01-17,0.0,-5.01,46.13,64.3,1.3,-15.52
2021-01-18,0.0,-6.97,61.43,64.25,1.23,-13.95
2021-01-19,0.0,-8.76,69.01,64.0,1.26,-14.34
2021-01-20,0.0,-10.96,61.65,63.9,1.9,-18.75
2021-01-21,0.0,-9.37,48.47,64.11,3.05,-18.65
2021-01-22,0.0,-5.65,46.83,64.17,1.42,-15.57
2021-01-23,2.5,-7.77,79.43,63.83,3.18,-11.39
2021-01-24,0.38,-9.32,85.21,63.84,1.27,-12.14
2021-01-25,0.0,-12.07,61.69,64.01,1.86,-19.07
2021-01-26,0.0,-12.15,52.7,63.99,1.71,-20.53
2021-01-27,0.0,-11.06,48.04,64.05,1.62,-20.36
2021-01-28,0.0,-10.14,51.96,64.02,1.36,-18.19
2021-01-29,0.0,-12.14,67.04,63.9,1.54,-17.51
2021-01-30,0.0,-10.37,56.94,63.89,1.61,-18.37
2021-01-31,0.0,-8.04,51.04,64.1,1.49,-16.7
2021-02-01,0.0,-7.28,62.41,64.33,1.31,-13.87
2021-02-02,0.0,-9.39,55.34,64.26,1.82,-17.75
2021-02-03,4.3,-9.34,77.68,64.13,1.8,-13.09
2021-02-04,18.61,-9.34,91.32,64.0,1.7,-11.13
2021-02-05,2.09,-12.32,84.36,63.82,1.28,-14.94
2021-02-06,0.0,-13.4,66.56,63.96,1.91,-19.03
2021-02-07,0.0,-8.91,53.19,64.42,2.05,-17.28
2021-02-08,0.0,-5.96,52.71,64.56,1.95,-14.78
2021-02-09,0.0,-3.91,56.85,64.39,1.73,-11.86
2021-02-10,0.0,-5.89,66.38,64.15,1.09,-12.06
2021-02-11,0.0,-5.97,59.14,64.25,1.63,-13.67
2021-02-12,0.0,-6.22,54.81,64.28,1.83,-15.19
2021-02-13,0.0,-4.64,57.66,64.28,1.45,-12.47
2021-02-14,0.0,-5.08,64.41,64.17,1.45,-11.61
2021-02-15,0.0,-7.35,66.04,64.1,1.76,-13.66
2021-02-16,0.11,-7.93,66.68,64.03,1.52,-14.12
2021-02-17,0.0,-7.8,74.93,64.08,1.32,-12.62
2021-02-18,0.0,-7.22,76.64,64.26,1.36,-12.29
2021-02-19,0.0,-6.07,52.71,64.4,1.37,-15.5
2021-02-20,0.0,-3.27,58.32,64.57,1.61,-11.2
2021-02-21,0.0,-1.94,61.27,64.58,1.68,-9.37
2021-02-22,0.0,-1.3,65.42,64.57,1.45,-7.19
2021-02-23,1.22,-2.97,75.44,64.4,1.83,-7.37
2021-02-24,0.02,-3.81,68.03,64.3,1.69,-9.9
2021-02-25,0.0,-4.35,64.87,64.26,1.63,-10.49
2021-02-26,0.77,-3.06,67.52,64.11,1.94,-9.19
2021-02-27,6.03,-3.97,90.15,63.94,3.13,-5.44
2021-02-28,0.1,-5.78,77.83,64.05,1.64,-9.68
2021-03-01,0.0,-6.43,65.87,64.18,1.63,-12.83
2021-03-02,0.0,-4.16,50.91,64.29,1.76,-14.09
2021-03-03,0.0,-3.72,57.98,64.25,1.65,-11.2
2021-03-04,0.0,-4.68,57.54,64.24,1.63,-12.46
2021-03-05,0.0,-5.5,57.91,64.14,1.85,-13.64
2021-03-06,0.06,-3.6,55.56,64.21,1.75,-12.31
2021-03-07,6.28,-3.26,90.09,64.23,2.29,-5.09
2021-03-08,1.73,-2.87,78.15,64.38,1.83,-7.07
2021-03-09,0.0,-3.46,72.94,64.49,1.6,-8.57
2021-03-10,4.44,-4.26,81.19,64.42,2.07,-7.98
2021-03-11,0.0,-3.48,63.63,64.49,1.83,-10.45
2021-03-12,0.72,-3.87,80.83,64.66,1.24,-7.2
2021-03-13,0.0,-2.41,67.79,64.61,1.46,-8.81
2021-03-14,0.0,-1.15,54.72,64.42,1.71,-9.81
2021-03-15,0.0,-2.36,59.74,64.36,1.82,-10.27
2021-03-16,0.0,-2.18,66.92,64.34,1.58,-8.51
2021-03-17,0.04,-1.78,69.99,64.31,1.66,-7.32
2021-03-18,0.0,-2.62,58.51,64.39,1.54,-10.86
2021-03-19,0.0,-2.08,60.25,64.39,1.82,-9.62
2021-03-20,0.0,-1.94,67.6,64.22,1.62,-8.24
2021-03-21,0.84,-1.4,68.65,64.28,1.93,-7.47
2021-03-22,14.96,-2.44,88.28,64.48,1.79,-4.62
2021-03-23,5.91,-3.01,83.75,64.55,1.54,-6.0
2021-03-24,0.06,-4.06,78.24,64.4,1.71,-8.07
2021-03-25,0.0,-3.07,60.09,64.26,1.8,-11.29
2021-03-26,0.0,-0.85,46.43,64.4,1.8,-12.03
2021-03-27,0.0,1.11,59.81,64.43,1.78,-6.67
2021-03-28,0.36,1.98,76.04,64.35,2.09,-2.39
2021-03-29,3.3,0.41,74.44,64.26,3.04,-4.0
2021-03-30,0.07,-0.12,63.49,63.92,2.53,-6.58
2021-03-31,0.0,-1.43,49.04,63.73,2.19,-11.53
2021-04-01,0.0,-3.22,40.7,63.68,2.37,-14.85
2021-04-02,0.0,-4.32,34.88,63.82,2.84,-17.32
2021-04-03,0.0,-3.23,38.83,64.08,1.7,-15.28
2021-04-04,0.02,-0.57,49.19,64.35,1.79,-10.68
2021-04-05,0.9,-0.13,77.43,64.46,1.97,-4.39
2021-04-06,4.72,-0.43,82.39,64.46,2.18,-3.39
2021-04-07,7.6,-1.09,77.56,64.43,2.77,-4.95
2021-04-08,0.01,-0.92,64.94,64.31,2.37,-7.16
2021-04-09,0.0,-1.53,51.64,64.36,1.94,-10.82
2021-04-10,0.0,-1.03,47.43,64.5,2.06,-11.39
2021-04-11,0.0,0.21,53.4,64.59,1.64,-8.93
2021-04-12,0.0,-0.8,71.25,64.64,2.01,-5.65
2021-04-13,0.0,1.0,56.7,64.57,1.69,-8.47
2021-04-14,0.05,1.09,69.4,64.53,2.04,-5.13
2021-04-15,0.0,1.06,64.9,64.52,1.65,-5.86
2021-04-16,3.37,0.93,70.07,64.42,1.97,-4.69
2021-04-17,24.96,-1.11,90.61,64.31,2.69,-2.77
2021-04-18,1.89,-2.93,78.54,64.43,1.43,-6.75
2021-04-19,0.07,-1.62,64.18,64.25,1.99,-8.64
2021-04-20,4.31,-2.45,67.82,64.2,1.53,-9.11
2021-04-21,38.6,-1.23,94.29,64.1,3.66,-2.19
2021-04-22,12.52,-3.49,89.52,64.24,1.73,-5.38
2021-04-23,29.85,-5.13,92.4,64.2,2.55,-6.72
2021-04-24,0.37,-3.9,61.75,64.27,1.34,-11.43
2021-04-25,0.0,-1.19,44.1,64.56,1.54,-13.1
2021-04-26,0.0,0.71,58.22,64.59,1.63,-7.48
2021-04-27,0.0,1.84,62.91,64.61,1.55,-5.66
2021-04-28,0.0,2.76,63.61,64.72,1.58,-4.04
2021-04-29,0.01,2.01,77.32,64.68,1.44,-2.01
2021-04-30,0.0,1.8,75.87,64.63,1.69,-2.55
2021-05-01,0.95,2.63,75.79,64.6,1.31,-1.71
2021-05-02,6.05,3.41,80.78,64.59,1.3,0.19
2021-05-03,4.15,3.36,87.32,64.43,1.18,1.31
2021-05-04,2.55,3.76,80.24,64.41,1.38,0.49
2021-05-05,3.54,3.26,84.96,64.42,1.67,0.75
2021-05-06,4.65,3.31,87.22,64.48,1.81,1.14
2021-05-07,1.9,2.47,85.27,64.53,2.2,-0.2
2021-05-08,1.01,2.15,81.14,64.41,1.91,-1.05
2021-05-09,1.34,2.75,87.09,64.33,2.09,0.49
2021-05-10,1.34,3.5,83.15,64.28,1.25,0.55
2021-05-11,1.51,3.78,84.14,64.28,1.97,1.02
2021-05-12,7.56,2.9,85.4,64.1,2.28,0.34
2021-05-13,11.84,1.22,89.2,64.05,2.46,-0.66
2021-05-14,0.29,1.24,73.92,64.12,1.96,-3.54
2021-05-15,0.12,2.29,71.24,64.36,2.16,-3.11
2021-05-16,0.0,4.33,60.68,64.56,1.84,-3.27
2021-05-17,0.0,4.79,63.56,64.64,2.16,-1.83
2021-05-18,0.39,4.99,68.23,64.53,1.73,-0.92
2021-05-19,10.92,5.0,75.41,64.26,1.88,0.56
2021-05-20,9.17,4.15,79.01,64.15,1.94,0.39
2021-05-21,1.38,3.44,67.46,64.34,1.99,-2.81
2021-05-22,0.0,4.59,61.67,64.35,1.74,-3.11
2021-05-23,6.46,4.51,76.11,64.37,1.8,0.16
2021-05-24,0.38,4.57,71.98,64.33,1.74,-0.67
2021-05-25,0.0,5.07,55.61,64.26,1.68,-4.0
2021-05-26,0.0,6.12,47.73,64.26,1.73,-4.67
2021-05-27,0.0,7.95,50.5,64.35,1.7,-2.56
2021-05-28,2.08,8.08,62.05,64.48,1.98,0.14
2021-05-29,6.21,7.88,76.85,64.53,2.31,3.52
2021-05-30,0.04,7.54,80.55,64.41,2.05,3.85
2021-05-31,10.85,6.52,83.1,64.24,2.41,3.43
2021-06-01,3.0,4.92,78.81,64.29,1.98,0.94
2021-06-02,2.55,4.92,80.9,64.3,1.99,1.54
2021-06-03,0.78,5.89,82.03,64.48,2.28,2.59
2021-06-04,0.82,6.03,79.59,64.54,2.08,2.26
2021-06-05,0.42,6.54,78.06,64.49,1.58,2.43
2021-06-06,1.67,7.35,76.22,64.46,1.65,2.81
2021-06-07,0.27,9.78,61.5,64.3,1.33,1.5
2021-06-08,0.0,11.84,55.24,64.35,1.54,1.07
2021-06-09,3.92,12.1,72.4,64.39,1.78,6.22
2021-06-10,4.62,11.36,79.61,64.23,1.95,7.04
2021-06-11,7.65,10.82,73.73,64.17,1.94,4.91
2021-06-12,7.22,9.75,80.51,64.21,2.31,5.68
2021-06-13,2.15,8.92,77.19,64.21,1.9,4.44
2021-06-14,2.04,7.82,73.35,64.08,2.02,2.33
2021-06-15,6.55,7.96,74.7,63.93,2.04,2.78
2021-06-16,23.3,6.5,78.84,64.1,1.72,2.68
2021-06-17,10.47,7.34,75.96,64.22,1.84,2.91
2021-06-18,13.58,6.75,83.67,64.3,1.77,3.8
2021-06-19,4.12,7.24,84.42,64.26,1.86,4.42
2021-06-20,0.96,7.19,71.11,64.28,1.95,1.24
2021-06-21,0.04,7.58,66.38,64.38,1.9,0.58
2021-06-22,0.0,8.78,66.95,64.45,2.08,2.12
2021-06-23,0.43,7.77,65.94,64.51,1.91,0.43
2021-06-24,0.71,8.42,72.95,64.39,1.96,3.04
2021-06-25,7.07,7.5,69.37,64.31,1.75,1.55
2021-06-26,1.81,7.64,70.64,64.43,1.82,1.63
2021-06-27,0.0,9.42,70.61,64.64,1.97,3.14
2021-06-28,0.0,10.72,73.97,64.61,1.94,5.41
2021-06-29,0.0,11.57,68.84,64.42,1.89,4.85
2021-06-30,0.0,11.98,72.13,64.3,2.04,6.38
2021-07-01,1.19,10.75,72.78,64.22,2.18,5.31
2021-07-02,5.72,9.0,72.19,64.27,2.19,3.28
2021-07-03,0.59,8.91,77.97,64.32,2.12,4.66
2021-07-04,7.69,9.72,79.83,64.4,2.1,5.77
2021-07-05,3.96,10.66,80.09,64.5,1.95,6.73
2021-07-06,0.08,11.43,77.2,64.46,1.83,6.89
2021-07-07,0.71,11.3,69.18,64.42,1.9,4.8
2021-07-08,1.57,10.9,78.14,64.46,1.84,6.52
2021-07-09,1.01,11.8,77.55,64.4,2.0,7.19
2021-07-10,3.12,12.53,80.71,64.41,1.9,8.71
2021-07-11,18.17,11.98,86.45,64.48,2.16,9.46
2021-07-12,37.11,9.72,91.4,64.56,1.85,8.12
2021-07-13,11.45,10.03,90.21,64.47,1.98,8.15
2021-07-14,9.12,10.31,77.83,64.53,1.71,6.1
2021-07-15,1.4,11.17,82.05,64.6,1.52,7.63
2021-07-16,1.05,12.13,84.41,64.72,1.6,9.17
2021-07-17,5.77,13.73,82.79,64.51,1.65,10.2
2021-07-18,15.21,13.78,86.38,64.31,1.95,11.21
2021-07-19,29.11,12.47,91.82,64.19,2.52,11.03
2021-07-20,7.97,11.15,91.11,64.15,2.15,9.6
2021-07-21,8.83,10.99,89.3,64.12,2.17,9.01
2021-07-22,12.79,10.47,88.86,64.13,1.97,8.44
2021-07-23,1.99,10.4,88.03,64.25,1.83,8.32
2021-07-24,1.47,11.47,87.92,64.31,1.91,9.32
2021-07-25,4.26,13.04,84.87,64.32,1.6,10.26
2021-07-26,13.12,13.89,86.81,64.11,1.57,11.38
2021-07-27,44.18,14.96,79.16,64.0,1.63,10.39
2021-07-28,12.58,10.77,87.63,64.08,1.14,8.5
2021-07-29,20.93,10.27,85.07,64.16,1.69,7.64
2021-07-30,12.07,10.62,85.69,64.24,1.84,8.07
2021-07-31,3.42,11.02,86.57,64.27,2.01,8.69
2021-08-01,0.37,11.09,87.27,64.16,1.89,8.8
2021-08-02,6.74,10.34,89.99,64.28,1.6,8.52
2021-08-03,5.05,10.74,86.59,64.39,1.81,8.27
2021-08-04,5.95,10.01,87.01,64.42,1.56,7.67
2021-08-05,2.46,10.78,85.23,64.34,1.63,8.03
2021-08-06,2.62,10.75,86.68,64.33,1.88,8.21
2021-08-07,4.92,10.59,88.88,64.45,1.86,8.57
2021-08-08,9.5,10.71,88.23,64.52,1.84,8.52
2021-08-09,6.99,9.79,84.42,64.54,1.81,6.98
2021-08-10,0.85,9.87,80.63,64.37,1.68,6.2
2021-08-11,1.02,11.05,83.12,64.37,1.66,7.73
2021-08-12,0.94,10.37,79.62,64.48,1.55,6.36
2021-08-13,1.14,10.45,83.28,64.38,1.77,7.38
2021-08-14,11.54,9.52,88.12,64.2,2.28,7.4
2021-08-15,1.26,8.11,78.75,64.31,2.03,4.26
2021-08-16,0.0,7.92,73.59,64.53,1.62,2.54
2021-08-17,0.0,9.16,72.96,64.55,1.66,3.61
2021-08-18,1.03,9.67,75.62,64.45,1.52,4.62
2021-08-19,9.3,9.96,77.12,64.45,1.76,5.64
2021-08-20,13.95,8.81,87.88,64.57,0.95,6.69
2021-08-21,31.48,8.72,90.57,64.69,1.01,7.09
2021-08-22,4.04,10.39,89.61,64.63,1.6,8.5
2021-08-23,2.83,11.21,88.44,64.44,1.71,9.11
2021-08-24,6.73,11.67,90.08,64.32,2.05,9.95
2021-08-25,15.13,12.2,88.41,64.16,1.95,10.02
2021-08-26,2.3,11.69,88.13,64.12,1.79,9.45
2021-08-27,9.1,10.66,89.39,64.3,1.89,8.77
2021-08-28,4.05,9.38,83.11,64.34,1.68,6.11
2021-08-29,3.21,7.35,74.0,64.4,1.67,2.43
2021-08-30,0.4,7.44,74.69,64.58,1.65,2.32
2021-08-31,1.82,7.68,75.59,64.74,1.65,2.81
2021-09-01,1.64,7.91,80.93,64.72,1.56,4.5
2021-09-02,3.9,8.17,91.66,64.55,1.42,6.65
2021-09-03,12.16,8.27,85.04,64.47,1.59,5.46
2021-09-04,5.82,8.8,86.56,64.41,1.44,6.38
2021-09-05,0.23,10.61,82.97,64.47,1.49,7.42
2021-09-06,1.54,11.17,87.58,64.63,1.57,8.92
2021-09-07,2.45,10.82,90.91,64.64,2.23,9.29
2021-09-08,14.44,9.17,89.79,64.58,1.26,7.26
2021-09-09,17.2,8.99,92.31,64.5,1.68,7.56
2021-09-10,25.95,8.63,90.66,64.5,1.82,6.89
2021-09-11,7.78,7.58,89.83,64.52,1.63,5.72
2021-09-12,27.04,7.86,88.01,64.36,1.56,5.71
2021-09-13,11.24,7.73,86.63,64.4,1.65,5.22
2021-09-14,2.61,8.51,86.24,64.56,1.42,5.93
2021-09-15,1.39,9.01,84.41,64.58,1.42,6.02
2021-09-16,10.13,9.07,93.67,64.39,1.87,7.88
2021-09-17,0.49,10.18,86.03,64.39,1.58,7.28
2021-09-18,0.07,10.68,81.85,64.58,1.6,6.84
2021-09-19,2.7,10.94,91.42,64.72,1.9,9.42
2021-09-20,10.9,9.85,89.42,64.69,1.62,7.84
2021-09-21,7.52,8.27,82.36,64.57,1.36,4.99
2021-09-22,5.11,6.61,83.03,64.47,1.35,3.65
2021-09-23,24.04,7.25,91.39,64.55,1.64,5.65
2021-09-24,2.92,7.46,86.34,64.65,1.51,4.87
2021-09-25,0.0,7.62,83.52,64.55,1.48,4.36
2021-09-26,0.06,8.14,82.75,64.52,1.42,4.86
2021-09-27,0.0,9.35,85.08,64.61,1.51,6.38
2021-09-28,2.45,8.96,90.13,64.7,1.54,7.1
2021-09-29,3.37,9.07,90.17,64.73,1.5,7.25
2021-09-30,1.19,9.3,86.79,64.76,1.36,6.84
2021-10-01,1.09,8.76,86.98,64.71,1.47,6.26
2021-10-02,0.49,7.57,81.21,64.59,1.56,4.1
2021-10-03,0.0,7.57,82.88,64.46,1.55,4.19
2021-10-04,0.63,5.41,77.11,64.48,1.44,1.04
2021-10-05,0.05,4.69,60.26,64.64,1.39,-2.76
2021-10-06,0.0,6.1,65.29,64.59,1.47,-0.61
2021-10-07,0.0,7.11,64.94,64.5,1.56,-0.04
2021-10-08,0.0,6.26,55.01,64.43,1.57,-3.01
2021-10-09,0.0,4.2,56.65,64.44,1.63,-4.4
2021-10-10,0.0,4.26,60.66,64.51,1.37,-3.4
2021-10-11,0.0,3.36,55.04,64.51,1.55,-5.54
2021-10-12,0.0,3.08,54.47,64.54,1.48,-5.89
2021-10-13,0.0,3.22,58.59,64.53,1.58,-4.79
2021-10-14,0.0,3.92,57.26,64.6,1.29,-4.72
2021-10-15,0.0,5.09,62.29,64.56,1.36,-2.48
2021-10-16,0.0,4.65,51.92,64.61,1.51,-5.1
2021-10-17,4.2,4.97,68.72,64.62,1.49,-0.97
2021-10-18,31.63,1.42,91.41,64.35,0.73,0.12
2021-10-19,0.32,2.64,88.78,64.4,1.31,0.79
2021-10-20,0.01,3.77,76.47,64.61,1.37,-0.52
2021-10-21,0.0,3.56,57.33,64.58,1.54,-4.93
2021-10-22,0.0,2.54,53.21,64.56,1.51,-6.5
2021-10-23,0.97,0.64,58.23,64.61,1.7,-6.93
2021-10-24,8.05,-1.08,69.27,64.58,1.54,-6.56
2021-10-25,0.75,-2.08,71.69,64.48,1.34,-7.06
2021-10-26,1.17,-2.9,63.83,64.39,1.55,-9.62
2021-10-27,1.32,-3.09,62.86,64.46,1.23,-9.61
2021-10-28,0.0,-1.62,63.22,64.62,1.52,-8.42
2021-10-29,0.0,-1.8,62.1,64.74,1.51,-8.91
2021-10-30,0.0,-1.82,57.32,64.62,1.41,-9.89
2021-10-31,0.0,-1.46,63.72,64.44,1.37,-8.61
2021-11-01,0.03,-2.25,67.45,64.4,1.48,-7.98
2021-11-02,0.23,-3.77,68.59,64.45,1.24,-9.54
2021-11-03,0.27,-3.91,79.45,64.4,1.37,-7.59
2021-11-04,0.0,-2.74,57.98,64.32,1.32,-10.54
2021-11-05,0.0,-2.33,64.68,64.33,1.42,-8.66
2021-11-06,0.0,-1.8,59.17,64.31,1.38,-9.28
2021-11-07,0.0,-2.09,54.54,64.34,1.38,-10.65
2021-11-08,0.0,-1.94,52.69,64.46,1.51,-11.21
2021-11-09,0.0,-0.21,44.08,64.57,1.41,-11.37
2021-11-10,0.0,-0.27,36.22,64.56,1.31,-13.57
2021-11-11,0.0,-0.68,33.2,64.45,1.45,-14.72
2021-11-12,0.0,-1.0,35.16,64.5,1.51,-14.51
2021-11-13,0.0,-1.18,33.79,64.49,1.39,-15.17
2021-11-14,0.0,-1.78,42.33,64.35,1.53,-13.59
2021-11-15,0.0,-3.4,48.37,64.13,1.26,-12.99
2021-11-16,0.0,-2.51,45.64,64.31,1.42,-13.57
2021-11-17,0.0,-0.51,30.12,64.59,1.37,-15.38
2021-11-18,0.0,-0.3,34.81,64.49,1.4,-13.95
2021-11-19,0.0,-1.63,49.0,64.33,1.32,-11.27
2021-11-20,0.0,-1.71,56.45,64.32,1.29,-9.75
2021-11-21,0.0,-2.82,56.23,64.37,1.43,-11.48
2021-11-22,0.0,-1.63,36.34,64.28,1.28,-14.75
2021-11-23,0.0,-1.48,35.92,64.23,1.25,-14.67
2021-11-24,0.0,-2.09,45.66,64.33,1.34,-12.48
2021-11-25,0.0,-3.19,58.74,64.3,1.24,-10.42
2021-11-26,0.0,-3.36,58.79,64.23,1.34,-11.22
2021-11-27,0.0,-3.29,54.78,64.35,1.5,-11.41
2021-11-28,0.0,-3.94,57.73,64.47,1.34,-11.56
2021-11-29,0.0,-3.07,39.37,64.55,1.24,-14.94
2021-11-30,0.0,-2.2,35.1,64.55,1.4,-15.33
2021-12-01,0.0,-2.48,52.93,64.66,0.83,-10.96
2021-12-02,0.73,-1.96,69.05,64.64,0.83,-7.07
2021-12-03,6.52,-2.3,88.77,64.54,1.26,-4.29
2021-12-04,0.03,-2.69,78.36,64.53,1.42,-6.78
2021-12-05,3.17,-3.88,90.61,64.4,1.81,-5.55
2021-12-06,7.05,-6.27,90.07,64.13,1.61,-8.17
2021-12-07,0.0,-8.0,62.21,64.31,1.77,-15.03
2021-12-08,0.0,-4.43,52.7,64.41,1.18,-13.08
2021-12-09,0.0,-7.3,77.35,64.46,1.37,-11.82
2021-12-10,0.0,-8.42,60.63,64.38,1.62,-15.97
2021-12-11,0.0,-7.82,51.39,64.38,1.88,-16.83
2021-12-12,0.0,-5.19,46.48,64.43,1.18,-15.2
2021-12-13,0.0,-6.66,54.96,64.26,1.61,-14.7
2021-12-14,0.0,-8.73,66.03,64.04,2.17,-14.88
2021-12-15,0.0,-9.62,71.49,64.03,1.49,-15.14
2021-12-16,0.0,-11.12,61.62,63.92,2.7,-17.89
2021-12-17,0.17,-11.38,89.19,63.84,1.78,-13.52
2021-12-18,0.0,-10.35,65.25,63.86,0.79,-16.65
2021-12-19,0.0,-9.17,41.78,64.17,1.65,-20.06
2021-12-20,0.0,-6.57,44.55,64.23,1.43,-16.67
2021-12-21,0.0,-6.93,58.82,64.1,1.39,-13.76
2021-12-22,0.0,-6.96,55.01,64.02,1.44,-15.13
2021-12-23,0.0,-6.46,70.93,63.99,1.53,-11.58
2021-12-24,0.0,-7.38,81.4,63.93,1.28,-11.09
2021-12-25,0.0,-8.69,74.25,63.94,1.45,-13.43
2021-12-26,1.01,-8.39,82.27,64.04,1.66,-11.34
2021-12-27,0.03,-9.44,77.66,64.03,1.4,-13.38
2021-12-28,0.0,-10.65,73.02,63.97,1.63,-15.35
2021-12-29,0.0,-10.52,60.34,63.87,1.12,-17.13
2021-12-30,0.0,-10.59,61.75,64.23,1.47,-16.96
2021-12-31,0.0,-8.57,57.31,64.36,1.44,-15.89
2022-01-01,0.0,-7.47,57.67,64.36,1.41,-14.79
2022-01-02,0.0,-6.82,72.8,64.3,1.42,-11.39
2022-01-03,0.11,-6.26,65.57,64.27,1.19,-12.34
2022-01-04,11.53,-5.53,88.94,64.25,1.18,-7.6
2022-01-05,29.43,-5.61,97.74,64.0,1.9,-6.57
2022-01-06,1.46,-8.18,96.2,64.0,1.18,-9.03
2022-01-07,0.93,-10.83,94.36,64.13,1.68,-12.04
2022-01-08,20.45,-7.41,93.34,64.13,2.05,-9.22
2022-01-09,21.95,-7.75,94.9,63.85,2.3,-9.56
2022-01-10,15.98,-9.39,98.43,63.8,2.33,-10.49
2022-01-11,1.75,-13.53,93.24,63.92,1.41,-15.04
2022-01-12,1.84,-12.34,91.08,63.8,1.18,-14.23
2022-01-13,0.0,-12.8,86.21,63.89,1.36,-15.13
2022-01-14,0.0,-16.96,86.69,63.95,1.83,-19.18
2022-01-15,0.0,-17.42,80.01,64.13,2.79,-20.69
2022-01-16,0.0,-10.67,74.5,64.38,1.72,-14.88
2022-01-17,0.0,-8.86,83.73,64.39,1.27,-11.58
2022-01-18,0.0,-9.46,90.3,64.13,1.22,-11.31
2022-01-19,2.06,-10.0,82.64,63.9,1.26,-12.88
2022-01-20,1.16,-8.0,96.46,63.47,1.31,-9.47
2022-01-21,2.18,-10.93,86.02,63.5,1.26,-13.32
2022-01-22,8.18,-10.16,94.67,63.25,1.83,-11.5
2022-01-23,20.2,-7.69,94.1,63.25,2.37,-9.64
2022-01-24,4.75,-8.43,97.2,63.36,2.58,-9.69
2022-01-25,3.11,-12.13,95.44,63.45,1.15,-13.17
2022-01-26,2.13,-13.0,96.8,63.45,1.03,-13.83
2022-01-27,0.03,-16.24,82.7,63.55,1.6,-19.04
2022-01-28,0.0,-12.65,57.91,63.88,1.5,-19.3
2022-01-29,0.0,-10.4,78.24,64.1,1.31,-13.78
2022-01-30,0.0,-10.53,62.45,63.9,1.35,-16.5
2022-01-31,0.0,-10.61,78.51,63.73,1.41,-13.9
2022-02-01,0.0,-11.81,71.34,63.51,1.27,-16.59
2022-02-02,2.66,-7.86,65.82,63.69,1.9,-14.08
2022-02-03,18.92,-7.89,98.62,63.2,2.5,-8.94
2022-02-04,15.36,-12.31,97.16,63.04,1.46,-13.09
2022-02-05,0.02,-15.36,74.8,63.47,1.75,-19.48
2022-02-06,0.0,-8.11,66.46,64.01,1.17,-13.92
2022-02-07,0.0,-9.05,91.03,63.96,1.37,-10.64
2022-02-08,0.01,-13.33,87.09,63.83,1.73,-15.33
2022-02-09,1.17,-11.83,98.12,63.72,1.72,-12.49
2022-02-10,0.0,-14.25,81.95,63.81,1.51,-16.92
2022-02-11,0.0,-14.69,66.87,63.84,2.23,-20.41
2022-02-12,0.0,-11.47,60.77,64.0,1.54,-17.68
2022-02-13,0.0,-11.81,71.31,63.94,1.61,-16.15
2022-02-14,0.0,-11.23,83.85,63.96,1.64,-13.93
2022-02-15,0.0,-10.18,89.43,63.89,1.31,-12.22
2022-02-16,0.0,-12.41,89.02,63.75,1.52,-14.4
2022-02-17,0.0,-12.36,79.18,63.75,1.5,-15.7
2022-02-18,0.0,-13.66,77.97,63.87,1.77,-17.03
2022-02-19,0.18,-12.87,82.42,63.83,1.55,-15.79
2022-02-20,0.05,-11.2,78.51,63.32,1.38,-15.03
2022-02-21,0.0,-10.39,60.02,63.57,1.66,-16.93
2022-02-22,3.41,-5.11,77.59,64.06,1.74,-8.86
2022-02-23,8.01,-5.77,94.26,64.13,2.25,-6.84
2022-02-24,9.98,-7.61,93.48,64.1,1.9,-9.1
2022-02-25,3.43,-8.69,90.79,64.07,1.36,-10.69
2022-02-26,12.34,-8.36,97.81,64.05,2.57,-9.39
2022-02-27,0.29,-10.07,81.1,64.15,1.27,-13.5
2022-02-28,0.0,-8.93,73.58,64.27,1.91,-13.98
2022-03-01,0.0,-6.01,88.03,64.3,1.54,-8.24
2022-03-02,0.0,-5.66,85.08,64.32,1.34,-8.75
2022-03-03,4.43,-6.22,88.77,64.27,1.87,-8.6
2022-03-04,0.25,-6.51,88.77,64.25,1.53,-8.98
2022-03-05,0.0,-5.21,70.7,64.37,2.0,-11.13
2022-03-06,0.0,-2.38,76.24,64.46,1.31,-6.65
2022-03-07,0.0,-3.34,75.78,64.53,1.37,-7.54
2022-03-08,0.0,-4.73,77.32,64.5,1.83,-9.26
2022-03-09,0.0,-3.75,75.18,64.45,1.66,-8.66
2022-03-10,0.0,-3.49,78.47,64.36,1.52,-7.75
2022-03-11,0.0,-3.26,68.68,64.39,1.67,-9.79
2022-03-12,0.0,-1.02,54.87,64.45,1.61,-10.28
2022-03-13,0.0,0.4,55.29,64.51,1.43,-8.31
2022-03-14,0.0,0.68,61.69,64.64,1.55,-6.63
2022-03-15,0.0,0.25,70.18,64.48,1.86,-5.28
2022-03-16,0.0,-0.26,60.24,64.43,2.01,-8.21
2022-03-17,0.0,1.79,56.88,64.64,1.43,-6.54
2022-03-18,0.0,2.58,64.91,64.7,1.5,-3.96
2022-03-19,0.41,1.62,74.45,64.53,1.64,-2.94
2022-03-20,0.16,0.79,81.29,64.33,1.6,-2.68
2022-03-21,0.0,0.77,63.58,64.39,1.28,-6.37
2022-03-22,0.0,1.43,50.95,64.41,1.62,-8.29
2022-03-23,0.0,0.34,63.31,64.37,1.82,-6.19
2022-03-24,0.3,-1.38,74.03,64.22,2.04,-5.83
2022-03-25,0.01,-0.87,74.28,64.18,1.74,-5.63
2022-03-26,0.0,0.34,57.07,64.35,1.7,-8.22
2022-03-27,0.0,2.16,45.23,64.53,1.59,-8.85
2022-03-28,0.0,2.49,50.53,64.6,1.39,-7.04
2022-03-29,0.0,2.34,42.5,64.53,1.57,-10.01
2022-03-30,0.0,1.67,35.23,64.56,1.59,-12.02
2022-03-31,0.0,1.58,40.27,64.62,1.53,-10.55
2022-04-01,0.0,3.62,46.19,64.6,1.93,-7.92
2022-04-02,0.0,3.74,52.53,64.68,2.15,-5.33
2022-04-03,0.0,2.24,49.01,64.64,1.62,-7.95
2022-04-04,0.0,3.74,44.74,64.59,1.83,-7.59
2022-04-05,0.0,4.32,44.75,64.8,1.75,-7.24
2022-04-06,0.0,4.33,46.35,64.81,1.84,-6.92
2022-04-07,0.0,4.33,53.17,64.75,1.84,-5.06
2022-04-08,0.0,5.05,57.3,64.65,1.73,-3.29
2022-04-09,0.0,4.5,55.55,64.58,1.94,-4.09
2022-04-10,0.0,5.53,51.21,64.54,1.7,-4.72
2022-04-11,0.0,6.45,51.28,64.57,1.69,-3.36
2022-04-12,0.0,5.57,51.17,64.62,1.18,-4.16
2022-04-13,5.24,4.12,61.85,64.44,2.06,-2.78
2022-04-14,0.5,2.17,67.42,64.24,2.22,-3.63
2022-04-15,0.09,0.75,66.37,64.13,1.92,-5.37
2022-04-16,0.08,1.71,73.01,64.13,2.02,-3.01
2022-04-17,0.0,3.49,61.49,64.33,1.49,-4.39
2022-04-18,0.0,5.79,53.29,64.58,1.67,-3.62
2022-04-19,0.05,5.13,59.8,64.72,1.81,-2.37
2022-04-20,0.0,5.36,54.14,64.56,1.96,-4.12
2022-04-21,1.58,3.13,57.56,64.58,1.25,-5.0
2022-04-22,0.53,2.39,69.82,64.48,2.13,-2.97
2022-04-23,0.0,2.57,58.91,64.47,2.08,-5.87
2022-04-24,0.0,3.99,53.44,64.34,1.46,-5.5
2022-04-25,0.0,4.09,59.07,64.4,2.27,-4.01
2022-04-26,0.0,3.67,61.63,64.45,1.73,-3.55
2022-04-27,0.0,6.85,48.39,64.54,1.82,-3.96
2022-04-28,0.74,6.85,53.92,64.66,1.92,-2.46
2022-04-29,0.74,6.82,57.52,64.65,1.71,-1.88
2022-04-30,0.17,6.78,54.71,64.48,1.86,-2.26
2022-05-01,1.43,4.55,70.53,64.42,1.63,-0.67
2022-05-02,0.0,6.81,58.47,64.37,1.76,-1.91
2022-05-03,14.19,6.11,69.69,64.51,1.8,0.58
2022-05-04,1.77,5.11,70.38,64.6,1.7,-0.45
2022-05-05,0.11,4.92,66.55,64.4,2.0,-1.54
2022-05-06,0.92,4.81,74.72,64.4,2.04,0.2
2022-05-07,0.39,4.71,69.81,64.44,1.69,-1.2
2022-05-08,0.01,5.96,70.85,64.43,2.06,0.64
2022-05-09,1.59,6.24,72.83,64.46,1.95,1.13
2022-05-10,0.38,7.26,69.69,64.46,1.9,1.26
2022-05-11,1.3,7.69,73.38,64.4,2.16,2.4
2022-05-12,1.54,7.84,71.25,64.39,2.22,2.29
2022-05-13,0.07,7.87,56.49,64.25,1.94,-1.24
2022-05-14,0.0,8.95,48.17,64.33,1.96,-2.63
2022-05-15,0.04,8.98,41.43,64.52,2.04,-4.33
2022-05-16,1.76,7.94,50.58,64.5,2.0,-2.31
2022-05-17,4.23,6.36,63.68,64.3,1.99,-0.34
2022-05-18,0.68,6.21,69.4,64.37,1.85,0.35
2022-05-19,0.04,7.64,57.71,64.45,1.98,-0.98
2022-05-20,1.26,6.89,57.58,64.41,2.52,-1.43
2022-05-21,0.48,5.27,58.42,64.13,2.12,-2.68
2022-05-22,8.4,4.15,72.7,63.87,2.66,-0.79
2022-05-23,12.1,3.18,73.12,63.98,1.97,-1.62
2022-05-24,15.42,2.08,75.13,64.14,2.12,-2.05
2022-05-25,0.01,3.86,74.35,64.24,1.74,-0.62
2022-05-26,0.02,6.66,76.93,64.23,1.75,2.4
2022-05-27,0.27,7.6,79.32,64.14,2.22,3.79
2022-05-28,3.12,7.44,79.33,64.18,2.22,3.66
2022-05-29,0.24,6.8,68.27,64.27,2.14,0.55
2022-05-30,4.08,6.23,71.85,64.31,2.14,0.64
2022-05-31,0.09,6.48,66.15,64.29,1.77,-0.64
2022-06-01,0.05,7.24,59.44,64.38,1.87,-1.47
2022-06-02,0.0,7.1,52.85,64.37,2.03,-2.76
2022-06-03,0.0,7.2,48.39,64.3,1.91,-3.95
2022-06-04,0.0,7.66,50.69,64.38,1.92,-2.48
2022-06-05,0.0,8.35,51.89,64.45,1.97,-1.82
2022-06-06,0.0,9.11,58.99,64.46,1.98,0.93
2022-06-07,0.0,9.17,58.86,64.41,2.08,0.5
2022-06-08,0.0,9.44,58.61,64.38,2.04,0.89
2022-06-09,0.05,8.59,61.55,64.33,2.13,1.01
2022-06-10,1.88,8.59,60.91,64.35,2.0,0.81
2022-06-11,2.75,9.01,59.42,64.37,2.02,0.56
2022-06-12,0.51,9.13,60.01,64.47,1.84,0.59
2022-06-13,0.09,10.03,59.32,64.56,1.92,0.95
2022-06-14,0.0,10.81,59.23,64.49,1.91,2.34
2022-06-15,6.21,10.2,68.15,64.37,2.04,3.73
2022-06-16,15.97,8.29,83.97,64.3,2.21,5.25
2022-06-17,6.51,8.24,74.88,64.22,2.05,3.22
2022-06-18,6.49,7.01,75.63,64.26,2.05,2.18
2022-06-19,0.75,5.96,77.94,64.16,2.47,1.68
2022-06-20,5.73,5.38,77.49,64.05,2.16,1.03
2022-06-21,4.79,5.63,70.98,64.1,2.11,-0.05
2022-06-22,0.63,7.61,62.91,64.49,1.8,-0.07
2022-06-23,0.01,9.04,64.82,64.59,1.98,1.5
2022-06-24,0.0,9.65,68.06,64.48,1.87,2.86
2022-06-25,0.0,10.62,69.83,64.41,1.95,3.98
2022-06-26,0.46,11.66,68.35,64.51,1.92,4.38
2022-06-27,1.18,12.22,74.77,64.54,2.13,7.06
2022-06-28,3.7,12.74,76.21,64.36,1.93,7.73
2022-06-29,11.12,12.9,81.73,64.16,2.07,9.32
2022-06-30,9.72,12.54,82.01,64.13,1.98,8.95
2022-07-01,7.49,11.37,87.95,64.25,1.54,9.23
2022-07-02,19.19,12.4,87.1,64.2,1.96,10.07
2022-07-03,20.13,12.06,84.81,64.3,2.01,9.19
2022-07-04,2.96,12.45,86.66,64.34,1.52,9.95
2022-07-05,16.28,13.1,87.37,64.41,1.7,10.76
2022-07-06,16.52,12.53,89.63,64.62,1.99,10.7
2022-07-07,7.93,11.85,90.79,64.62,2.26,10.24
2022-07-08,8.28,11.84,86.3,64.53,1.69,9.38
2022-07-09,9.47,12.12,89.08,64.31,2.47,10.19
2022-07-10,14.53,11.91,89.63,64.32,2.52,10.03
2022-07-11,10.72,11.45,90.57,64.42,2.36,9.72
2022-07-12,8.84,11.76,89.02,64.36,2.28,9.8
2022-07-13,6.18,12.01,89.34,64.25,2.72,10.08
2022-07-14,21.71,9.93,90.7,64.3,2.6,8.19
2022-07-15,7.17,9.52,86.25,64.5,2.04,7.05
2022-07-16,15.99,10.05,84.52,64.59,1.9,7.18
2022-07-17,5.3,10.44,86.62,64.69,1.61,7.95
2022-07-18,0.04,11.8,81.51,64.56,1.92,8.37
2022-07-19,4.21,11.88,90.88,64.39,1.79,10.33
2022-07-20,11.71,11.54,85.53,64.27,1.32,8.64
2022-07-21,4.31,10.85,83.13,64.42,1.04,7.45
2022-07-22,0.99,11.93,88.55,64.51,1.73,9.73
2022-07-23,12.47,10.64,89.83,64.51,1.09,8.85
2022-07-24,3.31,10.37,91.01,64.49,1.81,8.79
2022-07-25,8.57,10.62,89.68,64.59,1.86,8.81
2022-07-26,5.59,9.86,91.27,64.64,1.43,8.26
2022-07-27,13.04,10.39,86.58,64.57,1.71,8.0
2022-07-28,14.12,10.19,92.6,64.58,1.86,8.9
2022-07-29,18.28,10.6,89.68,64.56,2.14,8.72
2022-07-30,43.38,10.47,94.38,64.38,2.29,9.49
2022-07-31,20.28,9.44,91.76,64.25,2.15,7.96
2022-08-01,1.48,9.8,86.29,64.32,1.52,7.39
2022-08-02,2.25,11.16,83.33,64.34,1.56,7.82
2022-08-03,12.74,11.02,81.22,64.48,1.55,7.32
2022-08-04,11.48,10.77,92.28,64.48,1.56,9.47
2022-08-05,23.71,10.54,93.59,64.42,2.11,9.45
2022-08-06,20.67,10.68,90.24,64.28,1.87,9.04
2022-08-07,5.29,10.11,93.63,64.22,1.56,8.92
2022-08-08,6.28,9.98,87.51,64.38,1.74,7.78
2022-08-09,1.53,10.35,85.64,64.42,1.78,7.82
2022-08-10,7.08,11.74,85.27,64.31,1.86,9.06
2022-08-11,31.94,9.0,91.97,64.36,1.69,7.62
2022-08-12,0.01,10.48,79.31,64.44,1.84,6.69
2022-08-13,0.0,12.08,81.59,64.43,1.69,8.47
2022-08-14,20.35,11.09,91.75,64.44,2.14,9.54
2022-08-15,18.38,9.12,90.35,64.54,1.63,7.35
2022-08-16,14.92,9.69,87.87,64.58,1.28,7.54
2022-08-17,2.0,11.15,86.64,64.56,1.71,8.71
2022-08-18,1.9,11.85,89.21,64.43,1.64,9.83
2022-08-19,14.9,12.34,90.78,64.31,1.55,10.63
2022-08-20,43.47,9.22,94.08,64.41,1.72,8.21
2022-08-21,14.06,9.66,87.66,64.38,1.87,7.51
2022-08-22,0.83,10.45,91.18,64.33,1.96,8.89
2022-08-23,9.05,10.5,90.82,64.53,2.07,8.89
2022-08-24,11.88,9.88,89.14,64.66,1.72,7.95
2022-08-25,0.83,10.23,84.99,64.63,1.86,7.62
2022-08-26,0.59,11.14,86.89,64.57,1.5,8.58
2022-08-27,0.1,11.54,86.15,64.45,1.5,8.79
2022-08-28,3.64,11.32,89.84,64.46,2.03,9.46
2022-08-29,5.63,10.25,91.36,64.68,2.25,8.64
2022-08-30,0.95,10.17,86.47,64.76,1.59,7.6
2022-08-31,1.2,10.49,83.1,64.61,1.57,7.29
2022-09-01,0.75,10.25,85.09,64.62,1.58,7.43
2022-09-02,0.43,10.06,85.39,64.68,1.47,7.24
2022-09-03,8.67,9.9,90.44,64.36,1.69,8.08
2022-09-04,4.14,8.49,89.75,64.29,1.77,6.56
2022-09-05,0.67,7.31,81.3,64.44,1.52,3.82
2022-09-06,0.0,7.69,82.0,64.57,1.54,4.36
2022-09-07,0.67,8.97,83.46,64.74,1.58,5.72
2022-09-08,0.41,9.49,78.58,64.81,1.53,5.1
2022-09-09,0.26,9.8,81.74,64.76,1.54,6.02
2022-09-10,3.62,9.18,87.6,64.67,1.44,6.85
2022-09-11,19.96,8.63,78.87,64.54,1.43,4.49
2022-09-12,2.97,8.14,83.11,64.42,1.42,5.04
2022-09-13,0.12,8.11,82.12,64.5,1.31,4.69
2022-09-14,4.6,8.18,88.18,64.53,1.41,5.94
2022-09-15,8.17,8.88,89.68,64.34,1.8,6.96
2022-09-16,7.24,8.2,90.21,64.11,1.74,6.5
2022-09-17,1.9,7.28,90.76,64.22,1.89,5.65
2022-09-18,0.08,7.48,81.03,64.47,1.56,3.76
2022-09-19,9.38,8.02,84.65,64.57,1.73,5.25
2022-09-20,9.17,8.35,90.0,64.62,1.73,6.58
2022-09-21,14.79,7.7,93.02,64.58,2.2,6.43
2022-09-22,10.53,8.47,90.74,64.57,1.83,6.79
2022-09-23,23.93,8.1,91.0,64.5,1.62,6.41
2022-09-24,41.12,7.23,92.13,64.37,1.58,5.77
2022-09-25,31.19,7.22,94.8,64.34,3.14,6.25
2022-09-26,1.91,5.43,80.66,64.57,1.36,1.77
2022-09-27,0.0,6.24,84.0,64.45,1.68,3.37
2022-09-28,3.88,5.94,84.67,64.4,1.46,3.18
2022-09-29,0.42,5.71,85.13,64.43,1.39,3.05
2022-09-30,0.0,6.18,87.9,64.46,1.42,3.82
2022-10-01,0.01,5.12,80.83,64.41,1.46,1.42
2022-10-02,0.0,5.56,80.72,64.44,1.28,1.83
2022-10-03,0.0,5.24,80.52,64.6,1.52,1.5
2022-10-04,0.01,5.53,80.48,64.73,1.33,1.75
2022-10-05,1.4,5.21,80.21,64.63,1.39,1.49
2022-10-06,0.03,4.96,85.74,64.56,1.58,2.38
2022-10-07,3.27,4.9,81.62,64.6,1.52,1.44
2022-10-08,1.04,4.52,84.8,64.61,1.01,1.81
2022-10-09,5.29,5.68,82.88,64.63,1.7,2.81
2022-10-10,7.82,4.82,94.8,64.61,2.27,3.89
2022-10-11,22.02,2.44,92.53,64.41,1.78,1.03
2022-10-12,1.83,1.54,89.13,64.42,1.43,-0.44
2022-10-13,0.07,1.85,84.01,64.51,1.27,-1.08
2022-10-14,0.0,2.01,81.14,64.53,1.48,-1.6
2022-10-15,0.0,2.99,78.92,64.52,1.5,-1.04
2022-10-16,0.0,2.96,77.56,64.7,1.5,-1.3
2022-10-17,0.0,2.28,77.13,64.64,1.55,-1.91
2022-10-18,0.06,0.36,77.76,64.44,1.48,-3.83
2022-10-19,0.02,-0.84,82.7,64.38,1.37,-4.04
2022-10-20,0.21,-1.57,77.12,64.55,1.54,-5.59
2022-10-21,0.0,-1.3,71.21,64.63,1.6,-6.59
2022-10-22,0.0,0.31,74.58,64.64,1.26,-4.54
2022-10-23,0.0,1.13,72.23,64.68,1.4,-3.92
2022-10-24,0.0,1.44,72.17,64.44,1.35,-3.73
2022-10-25,0.0,0.53,71.78,64.32,1.34,-4.6
2022-10-26,0.0,0.75,73.19,64.55,1.49,-4.33
2022-10-27,0.0,0.41,72.05,64.53,1.73,-4.99
2022-10-28,0.0,0.44,65.29,64.53,1.5,-6.63
2022-10-29,0.0,0.6,69.64,64.57,1.41,-5.41
2022-10-30,0.0,0.91,68.49,64.61,1.41,-5.09
2022-10-31,0.0,0.89,67.32,64.65,1.41,-5.25
2022-11-01,0.0,-0.25,74.78,64.67,1.47,-4.99
2022-11-02,0.0,0.45,65.83,64.49,1.25,-6.39
2022-11-03,0.0,1.93,59.58,64.52,1.16,-5.64
2022-11-04,0.0,1.55,71.16,64.65,1.25,-3.93
2022-11-05,0.0,0.34,74.95,64.78,1.28,-4.16
2022-11-06,0.0,-0.94,74.36,64.75,1.14,-5.55
2022-11-07,0.0,-1.13,69.1,64.63,1.27,-6.57
2022-11-08,0.0,-1.68,63.7,64.57,1.26,-8.22
2022-11-09,4.11,-2.21,84.76,64.5,1.73,-4.9
2022-11-10,1.72,-4.39,85.1,64.46,1.42,-7.1
2022-11-11,0.02,-4.8,69.64,64.41,1.41,-10.21
2022-11-12,0.0,-4.85,65.96,64.37,1.41,-10.85
2022-11-13,0.46,-3.77,66.43,64.35,1.38,-10.17
2022-11-14,11.41,-4.49,94.35,64.37,1.48,-5.9
2022-11-15,0.01,-4.63,84.5,64.37,1.22,-7.58
2022-11-16,0.0,-4.8,90.12,64.2,1.23,-6.58
2022-11-17,0.0,-5.68,68.81,64.17,1.29,-11.88
2022-11-18,0.0,-3.23,60.22,64.42,1.38,-10.48
2022-11-19,0.0,-2.61,57.91,64.51,1.37,-10.05
2022-11-20,0.0,-3.71,73.41,64.41,1.41,-8.27
2022-11-21,0.0,-3.94,68.14,64.38,1.32,-9.67
2022-11-22,0.0,-3.04,65.5,64.35,1.14,-9.0
2022-11-23,0.0,-4.13,69.74,64.35,1.45,-10.05
2022-11-24,0.0,-2.46,52.97,64.53,1.65,-11.71
2022-11-25,0.0,-0.68,45.65,64.71,1.19,-11.03
2022-11-26,0.0,-1.36,52.82,64.54,1.37,-10.22
2022-11-27,0.0,-2.12,62.04,64.28,1.27,-9.02
2022-11-28,0.0,-2.8,61.01,64.33,1.43,-10.07
2022-11-29,0.0,-2.56,55.58,64.49,1.35,-11.07
2022-11-30,0.0,-2.37,49.75,64.53,1.33,-12.03
2022-12-01,0.0,-1.53,51.71,64.48,1.24,-10.66
2022-12-02,0.0,-1.35,56.57,64.37,0.86,-9.17
2022-12-03,0.0,-3.11,66.54,64.36,1.32,-9.01
2022-12-04,0.0,-4.39,59.09,64.4,1.4,-12.03
2022-12-05,0.0,-4.47,74.92,64.41,1.34,-9.07
2022-12-06,0.0,-4.28,58.68,64.35,1.44,-11.8
2022-12-07,0.0,-3.59,46.37,64.33,1.25,-13.69
2022-12-08,0.0,-3.07,45.63,64.39,1.25,-13.05
2022-12-09,0.0,-3.83,70.84,64.33,1.58,-8.78
2022-12-10,0.0,-4.94,82.64,64.4,1.42,-8.08
2022-12-11,0.0,-4.12,58.1,64.5,1.18,-11.57
2022-12-12,0.0,-3.68,48.37,64.44,1.25,-13.14
2022-12-13,0.0,-3.58,46.09,64.48,1.19,-13.57
2022-12-14,0.0,-3.81,48.63,64.43,1.44,-13.39
2022-12-15,0.0,-3.93,52.16,64.32,1.42,-12.87
2022-12-16,0.0,-3.13,50.84,64.27,1.36,-12.09
2022-12-17,0.0,-3.57,54.8,64.42,1.38,-11.78
2022-12-18,0.0,-3.61,50.51,64.43,1.34,-12.79
2022-12-19,0.0,-4.95,49.87,64.22,1.32,-13.97
2022-12-20,0.0,-5.33,44.88,64.15,1.22,-15.46
2022-12-21,0.0,-6.7,54.06,64.1,1.46,-14.73
2022-12-22,0.0,-7.13,54.14,64.03,1.33,-15.12
2022-12-23,0.0,-7.11,61.63,63.95,1.66,-13.91
2022-12-24,0.0,-8.69,86.23,63.88,1.2,-11.06
2022-12-25,0.0,-8.91,62.83,64.02,1.15,-15.58
2022-12-26,0.0,-7.81,87.89,64.13,1.68,-10.21
2022-12-27,0.0,-7.95,56.96,64.13,1.23,-15.72
2022-12-28,0.0,-5.66,40.78,64.15,1.14,-16.51
2022-12-29,2.17,-5.21,89.53,64.3,1.85,-6.96
2022-12-30,2.42,-6.42,92.64,64.18,2.16,-7.95
2022-12-31,0.01,-8.57,71.09,64.16,1.56,-13.7
2023-01-01,0.0,-8.75,60.51,64.19,1.27,-15.43
2023-01-02,0.0,-8.95,80.63,64.14,1.73,-12.2
2023-01-03,0.0,-10.15,92.23,64.07,1.44,-11.98
2023-01-04,0.0,-9.45,61.4,64.2,1.35,-16.91
2023-01-05,0.0,-7.55,45.63,64.53,1.59,-17.76
2023-01-06,0.0,-6.01,44.97,64.66,1.43,-16.32
2023-01-07,0.0,-2.6,53.22,64.64,0.97,-10.94
2023-01-08,0.0,-2.43,66.9,64.6,1.09,-8.08
2023-01-09,0.0,-2.99,67.69,64.66,1.41,-8.36
2023-01-10,0.0,-3.54,55.53,64.45,1.19,-11.33
2023-01-11,2.51,-5.47,79.1,64.05,2.65,-9.23
2023-01-12,2.36,-7.99,92.96,63.68,2.43,-9.43
2023-01-13,15.61,-8.91,95.09,63.71,3.28,-9.93
2023-01-14,2.99,-11.57,92.4,63.78,1.86,-12.88
2023-01-15,0.0,-12.03,76.23,63.77,1.53,-16.4
2023-01-16,0.0,-12.52,90.73,63.78,1.42,-13.76
2023-01-17,0.0,-13.15,86.44,63.77,1.48,-15.4
2023-01-18,0.0,-11.58,64.66,64.02,1.13,-17.65
2023-01-19,1.79,-8.9,92.7,64.05,1.46,-10.58
2023-01-20,11.35,-9.31,98.95,63.83,2.48,-10.02
2023-01-21,0.56,-10.27,95.59,63.97,1.64,-11.18
2023-01-22,0.0,-11.04,86.81,63.97,1.47,-13.27
2023-01-23,0.0,-10.15,74.51,64.06,1.46,-14.25
2023-01-24,4.35,-7.34,96.69,63.97,2.95,-8.22
2023-01-25,5.99,-6.62,97.93,63.97,3.8,-7.18
2023-01-26,0.28,-9.03,82.37,64.23,1.61,-12.08
2023-01-27,0.0,-10.72,73.44,64.38,1.54,-15.12
2023-01-28,0.0,-9.61,61.61,64.36,1.95,-16.64
2023-01-29,4.32,-6.25,62.0,64.23,1.78,-13.11
2023-01-30,10.86,-7.73,95.11,64.22,2.69,-8.88
2023-01-31,0.01,-10.34,86.54,64.19,1.49,-13.03
2023-02-01,0.04,-11.11,59.08,64.33,1.73,-18.64
2023-02-02,0.0,-7.14,56.68,64.35,1.47,-14.76
2023-02-03,0.0,-5.27,64.86,64.33,1.24,-11.21
2023-02-04,0.0,-6.0,75.78,64.11,1.51,-10.28
2023-02-05,0.0,-7.34,77.3,64.03,1.81,-12.07
2023-02-06,4.09,-7.15,91.31,63.97,1.59,-8.78
2023-02-07,1.05,-8.12,82.57,63.86,1.44,-11.53
2023-02-08,0.0,-8.66,73.75,64.02,1.61,-13.74
2023-02-09,5.43,-5.85,89.79,64.0,2.36,-7.93
2023-02-10,6.98,-6.01,96.23,63.96,3.96,-6.95
2023-02-11,5.09,-7.7,96.39,63.9,4.37,-8.6
2023-02-12,0.07,-12.87,69.62,63.79,1.67,-18.02
2023-02-13,0.0,-6.7,51.46,64.18,1.56,-15.64
2023-02-14,0.0,-3.29,65.25,64.43,1.41,-9.32
2023-02-15,0.0,-3.3,66.89,64.42,1.58,-9.79
2023-02-16,0.0,-2.69,65.78,64.6,1.89,-9.26
2023-02-17,0.0,-1.19,58.02,64.74,1.7,-9.38
2023-02-18,0.0,-1.27,44.9,64.77,1.52,-12.71
2023-02-19,0.0,-0.9,47.13,64.6,1.31,-10.93
2023-02-20,0.02,-2.14,69.94,64.4,1.91,-7.43
2023-02-21,8.15,-3.88,88.88,64.27,2.14,-6.12
2023-02-22,1.63,-5.34,69.07,64.21,1.26,-10.67
2023-02-23,0.0,-5.92,60.08,64.2,1.27,-13.14
2023-02-24,0.0,-5.45,69.95,64.39,1.76,-11.04
2023-02-25,0.0,-5.51,78.12,64.49,1.84,-9.94
2023-02-26,0.21,-5.42,82.7,64.57,1.69,-8.93
2023-02-27,0.09,-4.81,80.58,64.49,1.25,-8.43
2023-02-28,1.37,-5.4,82.44,64.53,1.23,-8.75
2023-03-01,3.35,-4.59,91.64,64.61,1.42,-6.25
2023-03-02,1.37,-4.15,82.69,64.7,1.3,-7.19
2023-03-03,0.03,-3.38,79.87,64.74,1.2,-7.06
2023-03-04,0.0,-3.21,82.72,64.74,1.34,-6.17
2023-03-05,0.0,-3.56,79.66,64.63,1.53,-7.24
2023-03-06,0.0,-4.23,83.24,64.43,1.51,-7.46
2023-03-07,0.89,-3.66,83.72,64.47,1.34,-6.81
2023-03-08,4.37,-4.84,82.08,64.53,1.56,-8.52
2023-03-09,0.74,-4.26,80.18,64.46,1.43,-8.57
2023-03-10,0.0,-2.39,65.19,64.48,1.56,-9.33
2023-03-11,0.01,-2.06,75.37,64.56,1.62,-6.81
2023-03-12,0.08,-1.66,82.65,64.62,1.52,-5.04
2023-03-13,2.18,-1.42,78.36,64.54,1.31,-5.22
2023-03-14,0.59,-2.81,78.36,64.22,1.53,-6.92
2023-03-15,2.12,-2.89,80.39,64.17,1.57,-6.7
2023-03-16,1.6,-2.55,76.25,64.28,1.25,-6.8
2023-03-17,1.97,-2.95,86.54,64.26,1.13,-5.46
2023-03-18,6.83,-3.25,94.91,64.03,1.35,-4.29
2023-03-19,2.43,-2.89,93.73,63.93,1.69,-4.15
2023-03-20,5.21,-3.06,92.47,63.78,1.47,-4.48
2023-03-21,12.69,-3.97,94.32,63.72,1.54,-5.18
2023-03-22,0.9,-4.47,85.02,63.91,1.45,-7.06
2023-03-23,0.0,-3.58,77.35,63.97,1.6,-7.87
2023-03-24,0.72,-3.5,87.53,64.12,1.71,-6.0
2023-03-25,20.8,-2.92,93.7,64.12,3.46,-4.2
2023-03-26,2.36,-4.62,87.15,64.11,1.66,-6.94
2023-03-27,0.01,-4.76,84.02,64.05,1.74,-7.84
2023-03-28,0.0,-4.18,81.69,64.16,1.69,-7.86
2023-03-29,0.15,-3.52,79.76,64.3,1.6,-7.47
2023-03-30,0.67,-3.28,83.08,64.19,1.61,-6.54
2023-03-31,19.05,-3.15,89.33,63.91,1.52,-5.13
2023-04-01,14.36,-2.65,92.23,63.88,1.72,-4.07
2023-04-02,0.69,-3.71,87.12,63.89,1.42,-5.97
2023-04-03,1.69,-3.76,86.07,64.03,1.66,-6.46
2023-04-04,11.71,-4.0,95.22,64.01,2.08,-5.39
2023-04-05,0.0,-4.77,68.35,64.13,1.73,-10.52
2023-04-06,0.0,-3.83,71.18,64.36,1.75,-9.03
2023-04-07,0.0,-2.47,63.26,64.59,1.66,-9.58
2023-04-08,0.0,-1.55,69.68,64.71,1.71,-7.54
2023-04-09,0.0,-1.24,73.53,64.65,1.57,-6.62
2023-04-10,0.0,-1.39,77.06,64.56,1.68,-6.16
2023-04-11,0.0,-0.72,72.33,64.59,1.88,-6.16
2023-04-12,0.0,-0.06,71.64,64.61,1.53,-5.54
2023-04-13,0.0,1.11,67.62,64.6,1.71,-5.06
2023-04-14,0.0,2.07,74.94,64.67,1.62,-2.85
2023-04-15,0.0,2.47,78.93,64.66,1.45,-1.4
2023-04-16,0.0,2.07,74.18,64.61,1.45,-2.86
2023-04-17,0.0,3.01,69.52,64.62,1.42,-2.64
2023-04-18,11.05,3.05,78.55,64.73,1.87,-0.62
2023-04-19,29.69,1.92,92.43,64.35,2.94,0.64
2023-04-20,26.75,0.45,93.89,63.98,3.69,-0.6
2023-04-21,8.39,-2.37,86.99,63.96,2.22,-4.87
2023-04-22,0.01,-4.42,75.28,64.02,1.76,-9.08
2023-04-23,0.0,-2.32,72.05,64.13,1.07,-7.56
2023-04-24,0.0,-1.19,75.74,64.38,1.35,-5.68
2023-04-25,1.8,0.15,81.38,64.4,1.59,-3.19
2023-04-26,2.28,0.21,82.5,64.33,1.87,-2.9
2023-04-27,8.17,0.14,81.82,64.36,1.44,-2.82
2023-04-28,0.67,-0.63,77.29,64.43,1.38,-4.54
2023-04-29,3.85,0.58,83.31,64.28,1.4,-2.39
2023-04-30,13.88,1.85,82.34,64.04,1.2,-1.08
2023-05-01,10.88,0.89,92.33,64.05,1.86,-0.31
2023-05-02,11.72,0.72,91.46,64.11,2.1,-0.64
2023-05-03,13.0,-0.29,95.68,64.2,2.46,-1.13
2023-05-04,3.25,-0.19,85.85,64.26,1.53,-2.86
2023-05-05,0.0,0.72,80.53,64.24,1.59,-2.75
2023-05-06,3.75,0.95,77.38,64.23,1.96,-3.25
2023-05-07,0.39,-0.26,72.31,64.24,1.86,-5.56
2023-05-08,8.05,-0.51,81.34,64.21,2.94,-3.77
2023-05-09,2.16,-0.82,78.27,64.23,2.27,-4.56
2023-05-10,0.01,0.41,61.29,64.19,1.56,-6.98
2023-05-11,0.0,1.51,53.08,64.44,1.48,-7.56
2023-05-12,0.0,4.08,48.81,64.62,1.62,-6.12
2023-05-13,0.05,4.17,64.88,64.65,1.67,-2.13
2023-05-14,0.43,3.11,72.69,64.4,1.61,-1.67
2023-05-15,0.48,2.93,74.84,64.29,1.89,-1.47
2023-05-16,0.0,4.11,70.9,64.44,1.49,-1.45
2023-05-17,1.62,4.2,77.69,64.55,1.76,-0.07
2023-05-18,0.08,4.25,72.44,64.64,1.91,-1.34
2023-05-19,0.0,4.26,72.72,64.4,1.93,-1.1
2023-05-20,0.0,4.62,71.46,64.34,1.81,-0.78
2023-05-21,0.0,6.87,55.76,64.6,1.7,-1.83
2023-05-22,0.0,7.38,59.46,64.74,1.67,-0.35
2023-05-23,7.16,7.52,75.99,64.69,1.88,3.0
2023-05-24,18.8,5.15,89.4,64.42,2.69,3.26
2023-05-25,6.36,3.45,81.74,64.24,1.99,0.27
2023-05-26,0.79,3.75,78.8,64.29,2.3,-0.23
2023-05-27,2.81,2.96,82.07,64.31,2.25,-0.3
2023-05-28,0.02,4.15,69.93,64.47,1.89,-1.93
2023-05-29,14.68,5.09,81.67,64.6,2.0,1.67
2023-05-30,6.87,4.05,85.17,64.55,2.13,1.5
2023-05-31,21.83,4.42,90.32,64.31,3.13,2.74
2023-06-01,6.57,3.01,88.01,64.31,2.42,0.9
2023-06-02,1.29,2.24,83.9,64.19,1.84,-0.5
2023-06-03,0.02,3.46,78.78,64.37,1.87,-0.18
2023-06-04,0.06,5.66,62.19,64.51,1.69,-2.06
2023-06-05,7.0,5.36,77.29,64.42,1.98,1.17
2023-06-06,0.5,4.56,66.65,64.34,1.61,-1.52
2023-06-07,1.72,5.23,70.52,64.36,1.65,0.01
2023-06-08,0.42,6.22,75.54,64.37,1.64,1.82
2023-06-09,0.03,7.48,77.57,64.29,1.31,3.26
2023-06-10,1.39,8.1,80.48,64.25,1.69,4.39
2023-06-11,0.19,8.19,81.63,64.23,1.78,4.81
2023-06-12,0.05,8.42,81.65,64.19,1.98,5.1
2023-06-13,1.64,9.28,81.35,64.25,1.98,5.68
2023-06-14,2.97,8.33,78.01,64.22,2.22,3.98
2023-06-15,1.68,6.71,80.06,64.21,2.01,3.06
2023-06-16,0.0,7.94,78.46,64.27,1.97,3.93
2023-06-17,0.19,8.25,64.24,64.43,1.83,0.82
2023-06-18,0.45,9.15,69.03,64.43,1.89,3.08
2023-06-19,2.65,9.89,74.46,64.39,1.8,4.71
2023-06-20,9.54,10.78,82.89,64.35,1.74,7.43
2023-06-21,1.84,11.3,84.75,64.43,1.79,8.27
2023-06-22,5.7,13.05,82.61,64.52,1.68,9.49
2023-06-23,6.48,13.07,84.18,64.53,1.79,9.86
2023-06-24,10.76,13.24,85.36,64.46,1.77,10.43
2023-06-25,13.92,11.13,90.43,64.33,2.0,9.36
2023-06-26,18.29,9.17,87.84,64.43,1.66,7.05
2023-06-27,4.39,9.79,85.33,64.4,1.92,7.11
2023-06-28,13.02,10.34,86.18,64.47,1.85,7.84
2023-06-29,4.99,10.4,86.13,64.4,2.08,7.89
2023-06-30,6.61,9.65,79.9,64.3,1.89,5.73
2023-07-01,2.71,9.23,77.26,64.33,2.07,4.93
2023-07-02,0.76,10.65,74.96,64.36,1.78,5.34
2023-07-03,0.83,11.93,83.11,64.39,1.87,8.67
2023-07-04,5.69,10.47,82.65,64.33,1.88,7.15
2023-07-05,3.56,9.27,72.26,64.27,1.65,3.89
2023-07-06,15.99,8.56,81.89,64.42,1.69,5.22
2023-07-07,14.85,8.59,89.74,64.5,1.52,6.75
2023-07-08,53.88,8.69,92.94,64.51,1.38,7.3
2023-07-09,69.38,9.11,93.82,64.49,2.06,7.93
2023-07-10,55.98,9.83,96.81,64.44,2.42,9.1
2023-07-11,5.39,9.92,90.15,64.5,1.61,8.13
2023-07-12,13.54,10.13,86.3,64.43,2.1,7.56
2023-07-13,1.73,10.58,82.14,64.46,1.31,7.12
2023-07-14,4.67,11.77,87.58,64.46,1.8,9.32
2023-07-15,9.41,11.14,90.08,64.44,1.99,9.29
2023-07-16,19.52,10.61,89.51,64.5,1.58,8.75
2023-07-17,5.1,11.69,83.76,64.44,1.64,8.73
2023-07-18,6.57,12.56,88.53,64.38,1.14,10.34
2023-07-19,7.95,11.8,92.77,64.39,1.53,10.46
2023-07-20,9.75,11.78,91.13,64.47,1.54,10.12
2023-07-21,4.66,11.96,88.47,64.61,1.68,9.92
2023-07-22,23.82,10.67,93.9,64.74,2.0,9.62
2023-07-23,1.47,10.68,90.06,64.7,1.76,8.86
2023-07-24,2.91,10.89,87.55,64.52,1.81,8.66
2023-07-25,5.31,11.18,89.15,64.52,1.66,9.23
2023-07-26,8.38,10.75,89.09,64.53,1.86,8.82
2023-07-27,6.99,11.29,89.38,64.48,1.78,9.37
2023-07-28,9.63,10.62,90.64,64.3,1.92,8.93
2023-07-29,5.8,10.5,89.97,64.28,2.06,8.7
2023-07-30,3.41,10.97,84.77,64.25,1.81,8.11
2023-07-31,4.4,11.42,85.71,64.24,1.66,8.75
2023-08-01,0.19,12.65,87.49,64.24,1.66,10.21
2023-08-02,5.53,12.59,89.43,64.27,2.05,10.71
2023-08-03,7.37,12.15,88.34,64.26,1.99,10.06
2023-08-04,14.5,12.03,88.48,64.41,2.01,9.91
2023-08-05,10.17,11.85,87.44,64.5,1.8,9.56
2023-08-06,7.1,11.82,89.69,64.25,1.9,9.99
2023-08-07,2.5,11.59,90.41,64.04,2.22,9.93
2023-08-08,0.92,11.89,82.52,64.17,1.67,8.42
2023-08-09,0.68,11.94,88.23,64.43,1.96,9.68
2023-08-10,20.23,11.07,89.39,64.53,1.6,9.13
2023-08-11,18.56,11.43,91.55,64.53,1.62,9.83
2023-08-12,22.6,12.69,90.79,64.37,1.73,11.05
2023-08-13,34.94,13.03,90.19,64.25,1.98,11.21
2023-08-14,71.18,11.29,92.26,64.49,2.59,9.87
2023-08-15,4.76,10.93,91.38,64.48,2.04,9.35
2023-08-16,0.03,10.88,87.94,64.53,1.6,8.6
2023-08-17,4.92,11.3,87.24,64.53,1.66,8.89
2023-08-18,3.8,10.87,90.21,64.61,1.48,9.04
2023-08-19,2.39,10.3,89.29,64.71,1.19,8.36
2023-08-20,2.45,12.18,84.97,64.71,1.41,9.4
2023-08-21,5.11,13.24,90.3,64.57,1.51,11.41
2023-08-22,41.01,13.28,90.86,64.4,1.84,11.58
2023-08-23,37.41,12.24,91.69,64.22,2.06,10.74
2023-08-24,5.46,10.62,90.5,64.16,1.72,8.85
2023-08-25,3.46,8.81,85.44,64.2,1.7,6.24
2023-08-26,6.9,7.93,79.44,64.29,1.61,4.08
2023-08-27,1.33,8.0,83.52,64.23,1.68,4.98
2023-08-28,1.42,7.51,85.65,64.21,1.67,4.86
2023-08-29,0.18,7.79,81.55,64.39,1.5,4.3
2023-08-30,0.01,9.77,80.69,64.57,1.56,5.98
2023-08-31,0.4,11.02,85.75,64.65,1.78,8.21
2023-09-01,1.75,11.53,88.21,64.7,1.61,9.29
2023-09-02,0.15,10.76,85.66,64.61,1.46,8.09
2023-09-03,0.0,9.34,81.1,64.57,1.52,5.67
2023-09-04,1.87,8.14,78.85,64.52,1.62,3.74
2023-09-05,0.09,7.94,78.92,64.59,1.63,3.84
2023-09-06,2.04,8.18,82.89,64.67,1.59,4.81
2023-09-07,0.17,8.65,81.92,64.67,1.46,5.13
2023-09-08,0.91,9.28,83.58,64.61,1.61,5.94
2023-09-09,3.58,9.43,84.18,64.54,1.52,6.35
2023-09-10,1.42,9.65,85.04,64.42,1.62,6.77
2023-09-11,2.03,11.45,84.58,64.38,1.56,8.13
2023-09-12,1.06,11.88,83.1,64.51,1.58,8.31
2023-09-13,0.91,11.87,91.25,64.53,1.4,10.27
2023-09-14,8.22,10.71,90.06,64.68,1.29,8.93
2023-09-15,7.38,9.6,91.15,64.66,1.44,7.95
2023-09-16,6.01,8.66,89.59,64.65,1.35,6.81
2023-09-17,5.86,8.19,88.32,64.53,1.32,6.17
2023-09-18,2.71,8.7,87.91,64.55,1.45,6.39
2023-09-19,2.31,8.92,89.16,64.68,1.64,6.86
2023-09-20,1.88,9.28,85.87,64.69,1.54,6.61
2023-09-21,0.13,7.66,75.39,64.61,1.41,2.68
2023-09-22,0.62,7.15,78.33,64.57,1.6,3.06
2023-09-23,0.11,6.62,71.28,64.59,1.32,1.18
2023-09-24,0.93,5.79,62.88,64.53,1.53,-1.33
2023-09-25,0.0,4.97,63.05,64.57,1.49,-2.23
2023-09-26,0.0,5.42,56.23,64.65,1.48,-3.04
2023-09-27,0.0,5.37,63.5,64.63,1.43,-2.04
2023-09-28,0.0,4.6,65.65,64.63,1.55,-2.22
2023-09-29,0.17,4.42,67.18,64.64,1.62,-1.76
2023-09-30,2.65,5.1,84.49,64.63,1.41,2.27
2023-10-01,0.99,5.75,79.03,64.59,1.27,1.95
2023-10-02,1.58,4.97,81.71,64.56,1.82,1.77
2023-10-03,0.01,4.88,83.43,64.57,1.46,1.68
2023-10-04,0.0,4.32,64.19,64.58,1.43,-2.63
2023-10-05,0.0,5.74,59.44,64.55,1.45,-2.2
2023-10-06,0.0,6.85,64.44,64.55,1.5,-0.4
2023-10-07,0.0,5.84,68.3,64.62,1.51,-0.39
2023-10-08,0.0,5.22,59.55,64.66,1.59,-2.78
2023-10-09,1.96,3.74,57.13,64.68,1.6,-4.72
2023-10-10,2.36,1.57,66.63,64.59,1.51,-4.38
2023-10-11,0.0,3.62,59.6,64.59,1.39,-4.33
2023-10-12,0.0,4.8,59.82,64.74,1.59,-3.27
2023-10-13,0.0,3.57,66.07,64.78,1.56,-3.03
2023-10-14,2.68,2.75,70.79,64.68,1.45,-2.65
2023-10-15,0.76,0.97,72.77,64.5,1.38,-3.63
2023-10-16,5.37,-0.94,88.34,64.49,1.67,-2.99
2023-10-17,9.26,-1.83,79.21,64.55,1.18,-5.69
2023-10-18,0.0,-1.65,81.66,64.51,1.34,-5.11
2023-10-19,0.0,-1.12,79.74,64.53,1.44,-4.99
2023-10-20,0.0,-0.57,76.09,64.59,1.49,-5.01
2023-10-21,0.0,-0.12,77.06,64.67,1.42,-4.46
2023-10-22,0.0,-0.26,78.11,64.69,1.25,-4.4
2023-10-23,0.21,-1.14,82.81,64.54,1.4,-4.15
2023-10-24,0.0,-0.64,79.77,64.57,1.28,-4.41
2023-10-25,0.0,-0.25,76.42,64.62,1.3,-4.41
2023-10-26,0.0,0.77,76.93,64.6,1.44,-3.41
2023-10-27,0.0,1.36,70.83,64.58,1.44,-4.14
2023-10-28,0.0,1.75,72.58,64.65,1.4,-3.35
2023-10-29,0.0,1.21,71.0,64.61,1.16,-3.91
2023-10-30,0.0,1.15,73.68,64.69,1.3,-3.68
2023-10-31,0.0,0.39,75.38,64.8,1.31,-4.39
2023-11-01,0.0,0.04,75.33,64.85,1.35,-4.86
2023-11-02,0.0,-0.44,68.75,64.66,1.37,-6.15
2023-11-03,0.0,-1.2,74.71,64.42,1.38,-5.69
2023-11-04,0.0,-0.57,73.9,64.37,1.16,-5.72
2023-11-05,0.0,0.41,74.91,64.54,1.32,-4.45
2023-11-06,0.0,-0.82,73.24,64.63,1.28,-6.12
2023-11-07,0.0,-0.54,69.21,64.56,1.32,-6.25
2023-11-08,0.0,-0.68,69.32,64.47,1.24,-6.35
2023-11-09,0.21,-1.81,79.14,64.45,1.35,-5.58
2023-11-10,4.79,-2.63,89.45,64.47,1.38,-4.64
2023-11-11,0.3,-1.31,78.0,64.49,1.18,-5.52
2023-11-12,0.0,0.08,56.23,64.73,1.33,-8.01
2023-11-13,0.0,-0.55,68.97,64.77,1.38,-6.41
2023-11-14,0.0,-1.78,70.44,64.72,1.38,-7.1
2023-11-15,0.0,-1.77,60.26,64.72,1.32,-9.65
2023-11-16,0.0,-1.1,54.52,64.81,1.37,-9.72
2023-11-17,0.0,0.06,62.03,64.81,1.25,-7.22
2023-11-18,0.0,0.07,59.27,64.71,1.35,-7.6
2023-11-19,0.0,-0.89,68.84,64.71,1.39,-6.69
2023-11-20,0.0,-2.29,75.7,64.66,1.37,-6.92
2023-11-21,0.0,-2.36,61.85,64.54,1.27,-9.89
2023-11-22,0.0,0.06,47.9,64.44,1.22,-10.41
2023-11-23,0.0,-1.01,61.29,64.4,1.33,-8.3
2023-11-24,0.0,-2.93,74.17,64.51,1.21,-7.78
2023-11-25,0.0,-2.56,58.67,64.67,1.43,-10.41
2023-11-26,0.0,-0.88,62.62,64.78,1.21,-7.59
2023-11-27,0.0,-1.65,77.82,64.5,1.17,-5.44
2023-11-28,0.0,-3.17,86.81,64.33,1.1,-5.61
2023-11-29,0.32,-2.7,86.43,64.4,1.13,-5.21
2023-11-30,1.24,-3.6,91.66,64.34,1.49,-5.26
2023-12-01,2.37,-4.26,89.54,64.41,1.29,-6.25
2023-12-02,0.06,-4.57,87.06,64.43,1.1,-7.09
2023-12-03,0.04,-4.38,78.54,64.48,1.52,-8.42
2023-12-04,1.32,-4.57,83.95,64.27,1.07,-7.85
2023-12-05,0.02,-3.28,74.06,64.21,0.94,-8.28
2023-12-06,0.0,-3.16,81.74,64.44,1.06,-6.68
2023-12-07,0.0,-3.04,83.27,64.36,1.06,-6.44
2023-12-08,0.0,-3.53,62.5,64.26,1.29,-10.26
2023-12-09,0.0,-5.76,65.57,64.21,1.29,-12.37
2023-12-10,0.0,-5.1,52.41,64.11,1.35,-13.88
2023-12-11,0.0,-5.58,59.8,64.1,1.13,-12.7
2023-12-12,0.01,-8.55,81.99,63.87,1.32,-11.58
2023-12-13,0.0,-7.15,67.09,64.02,1.28,-13.1
2023-12-14,0.0,-3.58,50.47,64.36,1.04,-12.49
2023-12-15,0.0,-2.03,42.0,64.51,1.09,-13.06
2023-12-16,0.0,-5.58,55.29,64.23,1.74,-13.94
2023-12-17,0.0,-7.52,72.83,64.12,1.45,-12.47
2023-12-18,0.0,-6.93,56.55,64.28,1.24,-15.25
2023-12-19,0.0,-4.85,41.8,64.55,1.59,-16.17
2023-12-20,0.0,-1.23,37.68,64.72,1.49,-13.79
2023-12-21,0.0,-0.88,37.9,64.7,1.32,-13.59
2023-12-22,0.0,-0.93,40.8,64.66,1.2,-12.74
2023-12-23,0.0,-1.8,57.51,64.63,1.17,-9.38
2023-12-24,0.0,-2.74,59.03,64.74,1.4,-10.67
2023-12-25,0.0,-1.25,46.12,64.67,1.2,-11.44
2023-12-26,0.0,-1.47,41.56,64.68,1.17,-13.01
2023-12-27,0.0,-3.08,48.37,64.66,1.28,-12.71
2023-12-28,0.0,-3.31,44.6,64.52,1.28,-14.44
2023-12-29,0.0,-2.82,40.61,64.51,1.21,-14.39
2023-12-30,0.0,-3.92,48.65,64.39,1.0,-13.19
2023-12-31,0.0,-4.05,59.89,64.31,1.09,-11.04
2024-01-01,0.0,-6.21,63.52,64.23,1.26,-12.79
2024-01-02,0.0,-7.47,59.97,64.13,1.45,-14.71
2024-01-03,0.0,-7.12,54.6,64.14,1.4,-15.15
2024-01-04,0.0,-8.16,46.49,64.14,1.44,-17.68
2024-01-05,0.0,-8.0,49.4,64.13,1.59,-16.86
2024-01-06,0.0,-7.59,51.52,64.22,1.37,-16.02
2024-01-07,0.0,-7.58,51.63,64.3,1.52,-16.12
2024-01-08,0.0,-7.07,54.19,64.34,1.71,-15.22
2024-01-09,0.0,-7.68,69.11,64.17,1.61,-13.16
2024-01-10,0.0,-6.78,48.74,64.21,1.63,-16.27
2024-01-11,0.0,-4.51,40.32,64.38,1.56,-16.08
2024-01-12,0.0,-1.97,32.79,64.5,1.24,-15.82
2024-01-13,0.0,-2.34,47.64,64.45,1.28,-12.07
2024-01-14,0.0,-3.68,35.8,64.35,1.3,-16.57
2024-01-15,0.0,-4.35,38.9,64.18,1.56,-16.05
2024-01-16,0.0,-5.83,52.09,63.95,1.44,-14.49
2024-01-17,0.0,-6.88,78.7,63.85,1.25,-10.63
2024-01-18,0.0,-7.21,79.95,63.93,1.34,-11.24
2024-01-19,0.0,-7.12,74.43,64.05,1.52,-12.02
2024-01-20,0.0,-7.4,72.9,63.98,1.47,-12.13
2024-01-21,0.0,-6.6,57.15,63.99,1.24,-15.35
2024-01-22,0.0,-6.01,49.18,64.12,1.56,-15.8
2024-01-23,0.0,-7.87,68.43,63.91,1.46,-13.76
2024-01-24,0.0,-8.08,85.14,63.87,1.32,-10.95
2024-01-25,0.0,-7.45,74.48,64.07,1.45,-12.08
2024-01-26,0.0,-7.9,87.5,64.13,1.62,-10.11
2024-01-27,0.0,-6.25,61.89,64.19,1.37,-13.29
2024-01-28,0.0,-5.15,76.64,64.25,1.44,-9.07
2024-01-29,0.0,-5.46,88.12,64.11,1.65,-7.57
2024-01-30,3.81,-6.66,77.41,64.03,1.86,-11.16
2024-01-31,8.2,-7.72,86.96,63.87,2.7,-10.2
2024-02-01,27.47,-8.94,99.03,63.68,4.2,-9.68
2024-02-02,0.89,-14.63,66.24,63.87,1.04,-19.87
2024-02-03,1.31,-10.16,71.82,64.08,1.05,-15.06
2024-02-04,26.36,-7.55,99.22,63.91,3.23,-8.31
2024-02-05,8.84,-8.56,97.97,63.84,2.78,-9.82
2024-02-06,0.02,-11.1,97.08,63.87,1.88,-12.21
2024-02-07,0.0,-12.01,89.1,63.97,1.48,-14.15
2024-02-08,0.0,-15.49,73.65,64.09,2.95,-19.97
2024-02-09,0.0,-12.53,64.98,64.32,1.79,-18.26
2024-02-10,0.0,-14.06,69.9,64.45,1.91,-18.91
2024-02-11,0.0,-12.35,70.4,64.5,1.56,-16.93
2024-02-12,0.0,-11.33,80.19,64.46,1.5,-14.7
2024-02-13,0.0,-7.77,83.38,64.37,1.14,-10.73
2024-02-14,0.0,-9.95,72.2,64.35,1.91,-15.03
2024-02-15,0.0,-7.44,63.96,64.51,1.74,-14.04
2024-02-16,0.0,-6.0,68.38,64.54,1.59,-11.82
2024-02-17,0.0,-5.27,67.81,64.26,1.58,-11.31
2024-02-18,0.65,-4.76,84.68,64.15,1.48,-7.61
2024-02-19,14.61,-5.77,94.08,63.92,4.41,-7.19
2024-02-20,7.92,-6.91,96.32,63.75,4.09,-7.88
2024-02-21,2.44,-9.08,91.79,63.58,2.82,-10.8
2024-02-22,0.17,-11.7,81.08,63.63,1.22,-15.05
2024-02-23,0.0,-13.33,80.43,63.77,2.05,-17.03
2024-02-24,2.64,-12.07,91.57,63.71,1.82,-13.81
2024-02-25,0.02,-11.93,75.31,63.98,1.32,-15.94
2024-02-26,0.0,-9.65,69.23,64.26,1.68,-14.72
2024-02-27,0.02,-6.92,92.92,64.16,1.22,-8.51
2024-02-28,0.0,-6.16,75.57,64.13,1.51,-10.75
2024-02-29,0.0,-5.47,73.66,64.24,1.76,-10.52
2024-03-01,17.76,-4.64,91.1,64.36,1.61,-6.48
2024-03-02,40.42,-3.96,98.93,63.9,4.33,-4.5
2024-03-03,34.34,-4.76,99.48,63.66,6.56,-5.41
2024-03-04,0.53,-9.45,95.33,63.85,2.35,-10.63
2024-03-05,0.0,-10.28,84.96,64.09,1.24,-12.99
2024-03-06,0.69,-7.88,82.55,64.0,1.46,-10.8
2024-03-07,1.07,-8.09,95.59,63.94,1.87,-9.01
2024-03-08,0.0,-8.64,85.96,64.16,1.71,-11.24
2024-03-09,0.0,-7.33,67.71,64.32,1.76,-13.71
2024-03-10,0.0,-4.61,66.72,64.53,1.8,-10.86
2024-03-11,0.94,-3.8,88.48,64.42,1.71,-5.86
2024-03-12,2.57,-4.41,88.52,64.31,1.62,-6.51
2024-03-13,3.68,-5.69,92.31,64.1,1.98,-7.48
2024-03-14,1.85,-5.63,86.9,64.23,1.56,-8.12
2024-03-15,0.0,-5.38,73.14,64.3,1.73,-10.78
2024-03-16,0.0,-4.04,83.51,64.4,1.38,-7.27
2024-03-17,0.0,-4.8,79.74,64.45,1.79,-8.72
2024-03-18,0.0,-3.51,80.13,64.37,1.59,-7.35
2024-03-19,0.27,-5.36,82.64,64.34,1.57,-8.82
2024-03-20,0.0,-2.67,65.85,64.47,1.55,-9.63
2024-03-21,0.79,-1.64,77.11,64.37,1.69,-5.6
2024-03-22,1.47,-2.16,81.97,64.18,1.53,-5.24
2024-03-23,0.0,-2.6,70.23,64.17,1.44,-8.44
2024-03-24,0.06,-2.02,66.87,64.42,1.53,-8.12
2024-03-25,0.0,-2.26,71.08,64.41,1.79,-7.75
2024-03-26,0.0,-0.27,60.67,64.54,1.61,-7.99
2024-03-27,0.0,1.83,71.69,64.73,1.16,-2.97
2024-03-28,0.21,2.07,79.15,64.69,1.71,-1.38
2024-03-29,3.46,1.82,85.37,64.67,2.96,-0.71
2024-03-30,26.43,0.43,91.08,64.56,3.51,-1.13
2024-03-31,3.69,-2.05,85.76,64.46,2.04,-4.67
2024-04-01,0.01,-1.57,80.16,64.22,1.61,-5.2
2024-04-02,0.0,-0.78,82.63,64.18,1.82,-3.97
2024-04-03,0.0,-0.71,74.48,64.38,1.68,-5.27
2024-04-04,0.0,-0.38,75.49,64.37,1.74,-4.69
2024-04-05,0.0,-1.2,78.28,64.25,1.85,-5.22
2024-04-06,0.0,-2.13,67.0,64.24,1.93,-8.36
2024-04-07,0.0,-1.65,70.62,64.26,2.02,-7.01
2024-04-08,0.05,-1.92,75.86,64.32,1.37,-6.56
2024-04-09,0.06,-0.84,70.48,64.38,1.51,-6.38
2024-04-10,0.02,-1.57,79.26,64.53,1.37,-5.56
2024-04-11,0.24,-0.53,73.61,64.63,1.39,-5.21
2024-04-12,0.0,0.17,71.18,64.61,1.48,-5.16
2024-04-13,0.62,1.89,76.5,64.67,1.36,-2.48
2024-04-14,6.7,1.34,87.22,64.66,1.83,-0.81
2024-04-15,4.07,2.1,87.53,64.68,2.0,0.08
2024-04-16,0.17,1.18,77.04,64.51,1.93,-2.77
2024-04-17,0.12,2.13,55.26,64.42,1.84,-7.01
2024-04-18,0.17,3.48,57.64,64.4,1.73,-4.32
2024-04-19,5.46,1.41,71.45,64.36,2.53,-3.91
2024-04-20,2.07,1.75,80.15,64.19,2.4,-1.64
2024-04-21,1.6,2.69,77.88,64.28,2.04,-1.54
2024-04-22,0.16,1.42,77.44,64.3,1.85,-2.82
2024-04-23,0.76,0.38,80.15,64.26,1.71,-3.23
2024-04-24,0.74,1.02,75.01,64.24,1.92,-3.48
2024-04-25,0.0,2.63,68.02,64.35,1.57,-3.57
2024-04-26,0.05,3.44,62.54,64.45,1.69,-3.58
2024-04-27,14.94,0.09,86.47,64.34,2.4,-2.26
2024-04-28,0.18,1.31,69.33,64.42,1.76,-4.15
2024-04-29,19.4,1.44,82.4,64.36,3.53,-1.7
2024-04-30,0.1,0.93,73.11,64.19,2.52,-4.25
2024-05-01,2.21,-2.26,76.8,63.8,2.33,-6.41
2024-05-02,0.0,1.05,51.28,64.1,1.51,-9.05
2024-05-03,0.0,3.78,54.25,64.43,1.84,-5.44
2024-05-04,0.0,3.61,73.74,64.49,1.8,-1.1
2024-05-05,0.0,3.99,66.11,64.28,1.84,-2.47
2024-05-06,0.48,4.86,73.57,64.42,1.72,-0.16
2024-05-07,0.0,5.1,74.63,64.6,1.72,0.34
2024-05-08,0.0,5.91,65.67,64.55,1.77,-1.12
2024-05-09,0.68,6.22,64.24,64.49,1.88,-1.37
2024-05-10,3.26,6.77,68.0,64.58,1.86,0.21
2024-05-11,4.2,5.89,78.07,64.68,1.96,1.65
2024-05-12,1.42,4.27,69.1,64.69,2.12,-1.4
2024-05-13,0.0,4.31,55.62,64.69,1.97,-4.55
2024-05-14,0.0,5.18,51.86,64.72,1.69,-4.45
2024-05-15,0.19,6.32,58.17,64.8,1.75,-2.01
2024-05-16,0.0,6.89,62.53,64.83,1.75,-0.67
2024-05-17,0.0,8.02,60.43,64.75,1.55,0.4
2024-05-18,0.27,8.44,63.45,64.56,1.77,0.58
2024-05-19,0.26,8.38,69.75,64.47,1.8,2.66
2024-05-20,0.68,7.59,67.95,64.55,1.76,1.43
2024-05-21,0.05,7.68,64.74,64.59,1.85,0.88
2024-05-22,0.02,7.98,66.82,64.6,1.83,1.72
2024-05-23,2.19,8.94,69.76,64.53,1.98,2.91
2024-05-24,5.43,9.26,70.75,64.51,1.93,3.24
2024-05-25,0.11,9.59,67.39,64.44,1.84,2.94
2024-05-26,0.02,10.1,59.02,64.43,1.85,1.3
2024-05-27,0.04,10.19,55.99,64.32,1.99,1.12
2024-05-28,0.0,9.38,48.85,64.16,1.97,-2.1
2024-05-29,0.49,8.78,43.36,64.34,2.39,-4.06
2024-05-30,3.88,8.99,47.7,64.53,2.53,-1.9
2024-05-31,0.04,8.67,41.38,64.57,1.94,-4.55
2024-06-01,0.8,8.12,44.27,64.61,2.17,-3.87
2024-06-02,0.53,7.57,49.89,64.59,1.71,-2.53
2024-06-03,1.78,8.23,54.2,64.54,1.83,-1.16
2024-06-04,0.3,7.33,69.36,64.52,2.49,1.65
2024-06-05,7.57,7.29,66.57,64.62,2.13,0.52
2024-06-06,5.84,5.94,70.36,64.61,1.88,0.48
2024-06-07,0.0,7.1,58.17,64.52,2.29,-1.47
2024-06-08,0.0,6.92,62.67,64.45,2.14,-0.74
2024-06-09,0.0,7.68,67.41,64.44,1.75,1.37
2024-06-10,0.0,8.62,56.53,64.53,1.91,-0.32
2024-06-11,0.0,8.86,53.31,64.54,1.9,-0.74
2024-06-12,0.0,9.38,53.91,64.56,1.92,-0.28
2024-06-13,0.0,9.43,57.76,64.52,1.91,0.5
2024-06-14,0.0,9.57,60.87,64.47,1.85,1.33
2024-06-15,0.0,10.1,62.25,64.47,1.84,2.26
2024-06-16,0.0,11.51,57.53,64.55,1.92,2.38
2024-06-17,3.83,11.79,60.02,64.6,1.93,3.09
2024-06-18,1.41,11.1,67.74,64.38,2.13,4.65
2024-06-19,10.69,9.97,70.01,64.25,2.32,3.77
2024-06-20,0.91,8.31,61.05,64.28,2.04,-0.36
2024-06-21,0.99,9.12,70.35,64.37,2.12,3.17
2024-06-22,0.39,9.85,76.59,64.4,2.07,5.19
2024-06-23,2.07,10.95,75.98,64.51,2.07,6.02
2024-06-24,4.53,10.59,73.62,64.47,1.93,5.47
2024-06-25,0.13,11.48,67.64,64.45,2.13,4.79
2024-06-26,0.62,11.93,68.69,64.49,2.26,5.41
2024-06-27,12.88,12.05,77.03,64.54,2.04,7.32
2024-06-28,7.56,12.57,80.64,64.38,2.07,8.8
2024-06-29,3.54,12.6,83.83,64.28,2.11,9.54
2024-06-30,18.57,13.17,82.31,64.26,2.06,9.77
2024-07-01,11.99,13.5,84.34,64.11,2.09,10.5
2024-07-02,13.62,13.63,85.72,64.06,2.07,10.86
2024-07-03,18.4,13.58,85.4,64.23,2.02,10.66
2024-07-04,18.17,12.83,88.88,64.37,2.54,10.83
2024-07-05,34.75,11.3,91.49,64.18,2.96,9.63
2024-07-06,5.13,9.87,82.69,64.1,2.17,6.41
2024-07-07,7.59,9.94,80.75,64.29,1.84,6.37
2024-07-08,9.72,10.95,86.44,64.46,1.8,8.41
2024-07-09,0.17,11.51,84.94,64.58,1.84,8.53
2024-07-10,0.54,12.07,78.22,64.62,1.76,7.58
2024-07-11,2.13,11.54,85.47,64.32,2.07,8.82
2024-07-12,3.02,10.68,84.55,64.17,2.33,7.76
2024-07-13,0.44,10.0,74.65,64.21,1.77,4.96
2024-07-14,0.93,10.55,78.32,64.26,2.14,6.3
2024-07-15,3.9,11.58,83.83,64.52,1.87,8.51
2024-07-16,3.29,11.86,81.78,64.6,1.68,8.39
2024-07-17,1.35,12.62,81.64,64.56,1.77,8.86
2024-07-18,5.13,12.65,77.01,64.42,1.78,7.77
2024-07-19,2.79,12.12,77.16,64.35,1.85,7.34
2024-07-20,6.28,13.06,84.28,64.44,1.89,10.01
2024-07-21,14.63,13.1,87.19,64.43,2.19,10.81
2024-07-22,7.26,13.13,84.45,64.41,2.27,10.22
2024-07-23,15.9,13.16,88.75,64.3,2.32,11.14
2024-07-24,4.02,12.87,90.72,64.09,2.39,11.22
2024-07-25,11.41,12.31,90.53,64.05,2.21,10.59
2024-07-26,11.82,13.19,86.85,64.16,1.83,10.75
2024-07-27,15.32,12.88,91.11,64.36,1.87,11.31
2024-07-28,11.28,12.27,88.33,64.42,1.86,10.25
2024-07-29,7.61,13.61,87.87,64.41,1.94,11.41
2024-07-30,7.4,13.11,91.75,64.5,1.97,11.67
2024-07-31,9.9,14.11,88.56,64.36,2.09,11.92
2024-08-01,38.3,10.55,90.26,64.33,1.43,8.86
2024-08-02,4.75,11.4,85.8,64.29,2.23,8.82
2024-08-03,3.08,10.43,88.77,64.35,1.84,8.5
2024-08-04,2.17,11.32,88.35,64.46,1.97,9.23
2024-08-05,1.91,11.61,87.47,64.54,1.93,9.34
2024-08-06,5.27,12.61,91.34,64.31,2.19,11.03
2024-08-07,16.22,10.78,92.21,64.35,1.37,9.27
2024-08-08,17.87,10.92,88.38,64.48,1.84,8.84
2024-08-09,6.38,11.89,89.96,64.52,1.75,10.08
2024-08-10,4.33,11.73,92.91,64.47,1.75,10.48
2024-08-11,17.9,10.15,91.48,64.41,1.42,8.69
2024-08-12,1.58,10.95,88.75,64.51,1.65,8.91
2024-08-13,0.95,11.47,87.5,64.59,1.28,9.27
2024-08-14,1.05,13.19,87.04,64.63,1.52,10.59
2024-08-15,2.75,11.85,88.9,64.64,1.32,9.68
2024-08-16,2.51,11.7,86.84,64.55,2.0,9.17
2024-08-17,10.82,9.85,87.62,64.67,1.44,7.62
2024-08-18,11.01,11.26,88.69,64.63,1.87,9.25
2024-08-19,8.4,10.35,90.75,64.5,1.76,8.73
2024-08-20,14.14,10.26,90.01,64.52,2.05,8.43
2024-08-21,2.4,10.82,85.57,64.6,1.69,8.11
2024-08-22,1.76,10.95,84.92,64.55,1.64,8.0
2024-08-23,2.44,10.46,85.93,64.61,1.77,7.85
2024-08-24,8.12,9.82,90.54,64.64,1.61,8.11
2024-08-25,2.52,10.06,89.93,64.57,1.59,8.29
2024-08-26,21.41,9.51,91.57,64.53,1.8,7.97
2024-08-27,11.93,9.46,88.97,64.65,1.89,7.47
2024-08-28,16.56,10.06,88.39,64.57,1.71,8.01
2024-08-29,4.99,8.99,92.43,64.56,1.32,7.59
2024-08-30,5.7,9.83,87.99,64.73,1.53,7.67
2024-08-31,0.48,10.67,83.33,64.74,1.53,7.63
2024-09-01,6.62,10.88,86.05,64.72,1.58,8.2
2024-09-02,10.32,10.82,90.85,64.68,1.89,9.08
2024-09-03,19.12,9.86,89.9,64.72,1.99,7.97
2024-09-04,4.92,9.54,86.02,64.51,1.37,6.99
2024-09-05,2.04,9.95,88.41,64.36,1.65,7.81
2024-09-06,10.76,10.02,90.39,64.52,1.87,8.3
2024-09-07,3.29,10.38,90.99,64.56,2.0,8.74
2024-09-08,7.94,10.19,88.83,64.62,1.69,8.1
2024-09-09,4.23,10.47,88.64,64.46,1.67,8.4
2024-09-10,8.42,9.5,90.61,64.44,2.12,7.73
2024-09-11,4.17,9.11,87.86,64.5,1.68,6.87
2024-09-12,2.1,8.44,83.92,64.37,1.28,5.49
2024-09-13,37.86,7.59,86.55,64.18,0.95,5.2
2024-09-14,3.19,7.73,89.35,64.26,1.72,5.76
2024-09-15,2.05,7.42,89.67,64.37,1.74,5.54
2024-09-16,0.02,7.28,82.49,64.53,1.59,4.06
2024-09-17,6.26,7.8,84.02,64.65,1.73,4.82
2024-09-18,4.81,7.28,84.7,64.63,1.27,4.57
2024-09-19,0.13,8.81,81.1,64.75,1.69,5.45
2024-09-20,0.0,9.98,77.2,64.74,1.6,5.51
2024-09-21,0.0,10.0,77.51,64.78,1.61,5.45
2024-09-22,0.0,10.37,82.2,64.76,1.54,6.74
2024-09-23,0.0,11.28,82.37,64.78,1.46,7.79
2024-09-24,2.45,11.61,84.6,64.7,1.42,8.33
2024-09-25,7.81,10.54,86.06,64.61,1.57,7.45
2024-09-26,10.24,8.52,93.79,64.53,1.21,7.4
2024-09-27,3.96,8.17,90.1,64.49,1.71,6.31
2024-09-28,0.66,7.24,79.36,64.6,1.42,3.1
2024-09-29,0.0,7.25,75.99,64.79,1.5,2.28
2024-09-30,0.01,7.28,71.16,64.75,1.57,1.19
2024-10-01,0.0,8.13,71.27,64.57,1.5,2.28
2024-10-02,0.0,7.43,70.44,64.53,1.31,1.28
2024-10-03,0.0,6.28,75.69,64.47,1.53,1.37
2024-10-04,0.0,6.33,84.0,64.49,1.38,3.23
2024-10-05,0.09,5.11,80.87,64.6,1.45,1.58
2024-10-06,0.0,4.43,67.85,64.79,1.42,-1.66
2024-10-07,0.0,5.54,78.38,64.92,1.34,1.4
2024-10-08,0.0,4.72,77.12,64.87,1.48,0.45
2024-10-09,0.0,3.66,73.44,64.7,1.44,-1.08
2024-10-10,0.0,2.79,66.04,64.57,1.37,-3.41
2024-10-11,0.0,3.84,70.9,64.59,1.46,-2.13
2024-10-12,0.0,4.02,71.74,64.64,1.49,-1.69
2024-10-13,0.0,3.78,75.61,64.69,1.48,-0.94
2024-10-14,0.36,2.88,71.45,64.67,1.47,-2.38
2024-10-15,0.08,4.4,69.03,64.61,1.29,-1.86
2024-10-16,0.0,3.78,74.02,64.58,1.51,-1.11
2024-10-17,0.0,2.82,74.44,64.57,1.44,-2.05
2024-10-18,0.0,2.82,72.14,64.54,1.45,-2.46
2024-10-19,0.0,3.47,72.43,64.57,1.13,-1.74
2024-10-20,0.0,3.49,84.42,64.63,1.33,0.42
2024-10-21,0.0,2.95,83.95,64.63,1.34,0.05
2024-10-22,0.0,2.42,85.59,64.67,1.46,-0.02
2024-10-23,0.0,1.98,74.59,64.75,1.3,-2.53
2024-10-24,0.0,2.94,65.19,64.74,1.26,-3.34
2024-10-25,0.0,4.8,49.67,64.69,1.12,-5.69
2024-10-26,0.0,6.45,47.28,64.73,1.33,-4.6
2024-10-27,0.0,6.49,55.9,64.68,1.38,-2.51
2024-10-28,0.0,5.33,74.69,64.61,1.35,0.34
2024-10-29,0.0,3.52,69.73,64.61,1.44,-2.07
2024-10-30,0.0,3.07,60.59,64.65,1.35,-4.37
2024-10-31,0.0,3.43,52.14,64.69,1.36,-6.46
2024-11-01,0.0,5.1,46.47,64.73,1.39,-6.16
2024-11-02,0.0,5.11,51.85,64.82,1.37,-4.95
2024-11-03,0.0,3.53,66.48,64.84,1.41,-2.79
2024-11-04,0.0,3.43,71.71,64.65,1.36,-1.99
2024-11-05,0.0,4.68,59.44,64.75,1.27,-3.69
2024-11-06,0.0,5.91,48.72,64.83,1.35,-5.22
2024-11-07,0.0,5.84,52.53,64.83,1.36,-3.97
2024-11-08,0.0,4.36,66.89,64.77,1.38,-2.07
2024-11-09,0.0,3.11,72.34,64.73,1.38,-2.12
2024-11-10,0.0,1.78,70.26,64.72,1.4,-4.02
2024-11-11,0.0,0.02,68.8,64.64,1.5,-5.77
2024-11-12,0.0,-0.9,61.93,64.53,1.37,-8.15
2024-11-13,0.0,-0.22,49.98,64.47,1.4,-9.95
2024-11-14,0.0,-0.35,55.69,64.6,1.42,-8.72
2024-11-15,0.0,-0.51,58.82,64.55,1.51,-8.46
2024-11-16,0.0,-2.63,77.23,64.32,1.38,-6.61
2024-11-17,0.0,-2.64,57.75,64.37,1.36,-11.12
2024-11-18,0.0,-1.92,46.35,64.47,1.24,-12.43
2024-11-19,0.0,-1.52,43.27,64.48,1.35,-12.77
2024-11-20,0.0,-1.0,46.19,64.44,1.52,-11.53
2024-11-21,0.0,-1.07,44.35,64.39,1.46,-11.98
2024-11-22,0.0,-2.23,51.42,64.32,1.31,-11.47
2024-11-23,0.0,-4.07,68.5,64.34,1.36,-9.43
2024-11-24,0.0,-3.65,62.32,64.34,1.31,-10.4
2024-11-25,0.0,-2.87,59.15,64.28,1.22,-10.03
2024-11-26,0.0,-2.99,60.54,64.24,1.2,-10.01
2024-11-27,0.0,-3.04,67.31,64.2,1.26,-8.86
2024-11-28,0.0,-2.13,45.9,64.37,1.25,-13.28
2024-11-29,0.0,-0.92,51.28,64.5,1.17,-10.3
2024-11-30,0.0,-2.17,59.81,64.38,1.2,-9.17
2024-12-01,0.0,-3.34,77.16,64.25,1.29,-7.28
2024-12-02,0.0,-4.13,69.24,64.24,1.33,-9.42
2024-12-03,0.0,-4.24,68.09,64.38,1.41,-10.13
2024-12-04,0.0,-3.97,48.92,64.32,1.34,-13.78
2024-12-05,0.0,-4.13,32.67,64.24,1.49,-18.02
2024-12-06,0.0,-4.99,40.44,64.08,1.34,-16.92
2024-12-07,0.0,-6.39,61.41,63.86,1.85,-13.42
2024-12-08,0.61,-8.88,89.7,63.65,2.79,-10.75
2024-12-09,0.48,-10.01,86.88,63.61,1.97,-12.55
2024-12-10,0.0,-7.6,46.75,64.0,1.57,-17.22
2024-12-11,0.0,-6.13,56.87,64.17,1.92,-13.37
2024-12-12,0.0,-7.6,57.14,63.99,2.76,-15.01
2024-12-13,0.0,-6.32,41.9,64.17,1.19,-18.16
2024-12-14,0.0,-3.17,32.58,64.53,1.41,-17.08
2024-12-15,0.0,-0.7,32.4,64.78,1.15,-14.85
2024-12-16,0.0,-1.3,27.67,64.64,1.6,-17.06
2024-12-17,0.0,-4.78,48.29,64.34,2.27,-14.41
2024-12-18,0.0,-4.33,38.22,64.35,1.4,-16.96
2024-12-19,0.0,-3.81,48.12,64.23,1.46,-13.44
2024-12-20,0.0,-5.5,57.92,64.1,1.11,-13.15
2024-12-21,0.0,-6.53,47.47,64.12,1.27,-16.37
2024-12-22,0.0,-6.09,46.63,64.17,1.48,-15.87
2024-12-23,2.59,-8.32,78.2,64.01,1.27,-11.98
2024-12-24,5.35,-8.19,95.16,63.97,1.53,-9.2
2024-12-25,0.01,-9.41,70.83,64.19,1.52,-14.45
2024-12-26,0.0,-6.85,52.22,64.53,1.46,-15.31
2024-12-27,13.62,-5.22,81.66,64.45,1.56,-8.47
2024-12-28,21.38,-7.29,98.54,64.21,2.33,-7.74
2024-12-29,0.02,-12.59,75.55,64.25,1.6,-16.71
2024-12-30,0.0,-10.77,56.26,64.4,1.95,-18.35
2024-12-31,0.0,-8.07,55.07,64.46,1.27,-15.79
2025-01-01,0.0,-5.44,54.02,64.44,1.08,-13.31
2025-01-02,0.0,-4.38,66.57,64.63,1.09,-10.13
2025-01-03,0.0,-2.28,46.6,64.8,0.94,-12.09
2025-01-04,0.0,-2.83,44.01,64.71,1.29,-13.39
2025-01-05,0.0,-5.26,56.84,64.4,2.65,-13.25
2025-01-06,1.48,-7.64,88.29,64.06,1.94,-10.05
2025-01-07,0.01,-9.37,62.6,64.04,1.5,-16.75
2025-01-08,0.0,-8.05,52.07,64.06,1.5,-16.54
2025-01-09,0.0,-8.37,54.51,64.27,1.38,-16.77
2025-01-10,0.0,-7.5,45.3,64.46,1.48,-17.68
2025-01-11,0.7,-7.16,68.61,64.22,1.6,-12.67
2025-01-12,2.21,-7.73,94.3,63.96,0.99,-9.27
2025-01-13,0.0,-8.77,75.85,64.14,1.42,-13.25
2025-01-14,0.0,-8.38,58.68,64.34,1.54,-15.76
2025-01-15,0.0,-7.89,54.55,64.39,1.7,-16.18
2025-01-16,5.83,-9.02,93.3,64.14,2.93,-10.38
2025-01-17,0.0,-9.25,64.12,64.35,1.32,-15.81
2025-01-18,0.0,-7.26,64.47,64.41,1.25,-13.33
2025-01-19,0.0,-5.1,69.66,64.51,1.14,-10.32
2025-01-20,0.0,-4.43,72.18,64.4,1.7,-9.07
2025-01-21,0.0,-5.43,79.73,64.22,1.99,-9.06
2025-01-22,0.0,-6.43,79.5,64.09,2.31,-10.24
2025-01-23,0.0,-8.12,90.96,63.95,1.82,-9.93
2025-01-24,0.0,-9.04,69.27,64.09,1.63,-14.74
2025-01-25,0.0,-5.55,36.33,64.28,1.37,-18.55
2025-01-26,0.0,-4.3,31.59,64.33,1.4,-18.73
2025-01-27,0.0,-4.45,31.51,64.21,1.32,-19.04
2025-01-28,0.0,-4.44,33.15,64.21,1.54,-18.82
2025-01-29,0.0,-5.27,58.49,64.17,2.3,-12.99
2025-01-30,0.0,-7.65,79.11,63.85,2.14,-11.6
2025-01-31,0.0,-7.94,82.88,63.81,2.25,-11.29
2025-02-01,0.0,-8.0,87.67,63.98,2.03,-10.53
2025-02-02,0.0,-7.01,72.06,64.17,1.55,-12.14
2025-02-03,0.0,-4.82,39.83,64.35,1.97,-17.47
2025-02-04,10.29,-4.9,89.14,64.2,3.81,-6.88
2025-02-05,3.86,-8.22,93.19,63.88,3.04,-9.58
2025-02-06,0.02,-10.22,60.56,63.99,1.41,-17.43
2025-02-07,0.0,-7.36,37.81,64.17,1.22,-19.09
2025-02-08,0.0,-6.49,65.91,64.23,1.2,-12.5
2025-02-09,0.0,-5.76,76.36,64.21,1.35,-9.81
2025-02-10,0.0,-6.58,81.46,64.17,1.39,-10.01
2025-02-11,1.28,-6.91,80.86,64.05,1.53,-10.8
2025-02-12,0.09,-8.58,69.93,63.93,1.46,-14.41
2025-02-13,0.0,-8.32,49.91,63.95,1.45,-18.39
2025-02-14,0.0,-5.22,43.73,63.97,1.12,-15.48
2025-02-15,0.21,-5.75,63.49,63.9,1.25,-11.9
2025-02-16,0.0,-7.18,64.23,64.05,1.24,-13.74
2025-02-17,0.0,-6.98,70.48,64.22,1.36,-12.34
2025-02-18,0.0,-7.79,59.61,64.21,1.45,-15.19
2025-02-19,0.19,-7.26,60.29,64.08,1.89,-14.71
2025-02-20,16.38,-6.33,91.55,63.97,3.0,-8.14
2025-02-21,1.5,-7.1,76.22,64.17,1.35,-11.38
2025-02-22,1.09,-7.44,81.38,64.14,1.68,-10.77
2025-02-23,0.01,-7.06,82.04,64.24,1.49,-10.49
2025-02-24,0.0,-7.54,67.3,64.38,2.01,-14.23
2025-02-25,0.22,-4.92,59.86,64.62,1.32,-12.27
2025-02-26,11.45,-3.51,89.91,64.67,1.36,-5.56
2025-02-27,37.71,-4.01,96.46,64.26,2.43,-4.96
2025-02-28,80.35,-4.03,99.99,63.85,5.55,-4.45
2025-03-01,0.98,-6.75,92.56,64.09,2.14,-8.47
2025-03-02,0.0,-10.37,73.23,64.09,1.49,-15.19
2025-03-03,2.86,-9.24,76.05,64.03,2.06,-13.17
2025-03-04,6.1,-7.59,97.24,63.87,3.62,-8.46
2025-03-05,0.0,-11.16,61.71,63.99,1.89,-17.52
2025-03-06,0.0,-6.67,52.67,64.15,1.36,-14.85
2025-03-07,0.04,-9.81,71.41,64.04,1.41,-14.2
2025-03-08,0.0,-8.7,72.14,64.0,1.97,-13.7
2025-03-09,0.0,-4.53,69.95,64.39,1.52,-9.86
2025-03-10,0.3,-2.64,82.88,64.65,1.36,-5.49
2025-03-11,0.25,-3.09,85.01,64.59,1.11,-5.86
2025-03-12,0.0,-3.52,83.43,64.31,1.94,-6.65
2025-03-13,0.85,-3.66,85.78,64.12,2.21,-6.34
2025-03-14,2.04,-3.64,87.42,64.22,1.84,-6.12
2025-03-15,22.87,-4.43,95.79,64.22,3.31,-5.2
2025-03-16,7.4,-5.01,93.5,64.19,2.02,-6.21
2025-03-17,0.37,-6.22,84.41,64.1,1.37,-9.26
2025-03-18,0.0,-5.43,75.07,64.28,1.86,-10.24
2025-03-19,0.64,-4.13,78.77,64.44,1.62,-7.88
2025-03-20,0.01,-4.82,82.67,64.56,1.81,-8.2
2025-03-21,0.0,-5.51,83.94,64.4,1.65,-8.74
2025-03-22,0.0,-3.92,69.55,64.29,1.48,-9.99
2025-03-23,0.0,-3.75,56.27,64.6,1.77,-12.77
2025-03-24,0.0,-1.6,67.32,64.69,1.84,-8.05
2025-03-25,0.0,-0.02,76.46,64.55,1.68,-4.39
2025-03-26,0.06,0.5,63.89,64.5,1.42,-5.86
2025-03-27,0.22,-0.49,76.66,64.44,2.03,-4.67
2025-03-28,0.0,-3.01,65.27,64.25,2.66,-9.52
2025-03-29,0.0,-1.2,43.89,64.32,1.43,-12.43
2025-03-30,1.26,-0.28,46.01,64.45,1.99,-10.77
2025-03-31,1.18,-1.71,59.05,64.46,1.73,-9.22
2025-04-01,0.0,-2.77,62.81,64.38,2.06,-10.07
2025-04-02,0.0,-2.69,64.42,64.51,2.13,-9.37
2025-04-03,0.0,-2.66,62.43,64.6,1.8,-9.66
2025-04-04,0.0,-1.61,71.86,64.5,1.46,-6.67
2025-04-05,0.0,-0.6,56.45,64.44,1.72,-9.66
2025-04-06,0.0,1.56,52.5,64.52,1.74,-8.01
2025-04-07,0.0,2.39,67.56,64.74,1.65,-3.75
2025-04-08,0.0,2.59,76.46,64.86,1.55,-1.97
2025-04-09,1.05,3.16,77.72,64.72,1.71,-0.84
2025-04-10,2.65,1.8,80.76,64.35,1.88,-1.84
2025-04-11,5.51,1.12,74.68,64.22,1.81,-3.48
2025-04-12,6.11,0.69,83.96,64.19,1.73,-2.05
2025-04-13,0.02,1.58,70.57,64.39,1.61,-3.83
2025-04-14,0.0,2.84,59.94,64.54,1.62,-5.31
2025-04-15,0.0,3.35,65.57,64.58,1.66,-3.22
2025-04-16,3.53,4.28,63.02,64.59,1.56,-3.25
2025-04-17,5.47,4.1,71.52,64.46,1.6,-1.51
2025-04-18,2.28,3.71,60.93,64.5,2.05,-4.25
2025-04-19,2.68,2.72,83.43,64.46,2.41,-0.22
2025-04-20,3.14,3.23,82.55,64.46,2.77,0.02
2025-04-21,4.13,3.71,77.93,64.67,2.34,-0.62
2025-04-22,0.15,3.93,62.93,64.68,1.89,-3.65
2025-04-23,0.0,3.46,51.03,64.46,2.1,-6.79
2025-04-24,0.0,3.01,48.82,64.34,2.13,-7.08
2025-04-25,0.0,2.66,48.8,64.45,1.75,-7.35
2025-04-26,0.0,3.84,39.63,64.48,1.75,-8.93
2025-04-27,0.0,3.92,49.0,64.57,1.72,-6.33
2025-04-28,0.0,5.09,45.27,64.55,1.63,-6.99
2025-04-29,0.0,5.5,46.19,64.55,1.43,-6.15
2025-04-30,0.0,6.38,49.52,64.62,1.61,-5.56
2025-05-01,3.17,4.64,78.01,64.61,1.6,0.62
2025-05-02,3.77,3.74,81.9,64.55,1.36,0.54
2025-05-03,4.99,4.09,83.6,64.45,1.79,1.17
2025-05-04,9.26,2.79,79.68,64.35,1.0,-0.62
2025-05-05,1.74,3.96,80.01,64.38,1.71,0.42
2025-05-06,3.83,4.18,85.79,64.38,1.34,1.78
2025-05-07,2.67,5.06,86.2,64.34,1.14,2.5
2025-05-08,3.57,5.63,83.4,64.47,1.93,2.69
2025-05-09,4.81,6.18,79.93,64.6,1.86,2.49
2025-05-10,6.08,5.92,86.64,64.57,1.93,3.55
2025-05-11,1.0,5.71,82.15,64.49,2.12,2.54
2025-05-12,0.11,4.93,74.17,64.39,1.97,0.04
2025-05-13,0.0,5.26,68.26,64.46,2.06,-1.1
2025-05-14,0.0,5.86,69.39,64.5,2.01,-0.1
2025-05-15,1.06,6.28,73.09,64.56,1.88,1.07
2025-05-16,0.73,6.55,65.94,64.53,1.84,0.19
2025-05-17,0.01,6.84,64.47,64.51,1.73,0.01
2025-05-18,3.78,8.02,66.33,64.54,1.93,1.48
2025-05-19,0.48,7.54,73.2,64.56,2.5,2.48
2025-05-20,0.08,7.91,69.39,64.46,1.72,1.72
2025-05-21,2.18,7.83,70.4,64.52,1.62,2.01
2025-05-22,0.0,10.0,54.06,64.45,1.37,-0.47
2025-05-23,0.0,10.34,54.42,64.41,1.79,-0.39
2025-05-24,8.49,8.65,78.49,64.4,1.92,4.36
2025-05-25,1.22,7.98,78.18,64.43,1.83,3.65
2025-05-26,5.07,9.58,78.66,64.38,1.77,5.19
2025-05-27,3.07,9.29,80.64,64.35,1.81,5.53
2025-05-28,4.16,9.03,80.15,64.24,2.2,5.16
2025-05-29,6.4,8.35,76.73,64.13,2.03,3.68
2025-05-30,3.22,7.48,70.74,64.07,1.94,1.32
2025-05-31,0.37,5.56,68.73,64.15,2.33,-0.64
2025-06-01,0.61,4.46,62.92,64.14,2.45,-2.62
2025-06-02,3.88,3.51,68.73,64.05,2.31,-2.15
2025-06-03,15.33,2.94,79.91,64.1,2.24,-0.61
2025-06-04,15.93,2.25,80.89,64.21,2.0,-1.11
2025-06-05,10.68,2.9,85.56,64.42,1.6,0.37
2025-06-06,0.0,7.24,58.89,64.55,1.48,-1.86
2025-06-07,0.0,9.56,58.79,64.66,1.8,0.34
2025-06-08,0.0,10.34,70.89,64.69,1.87,4.49
2025-06-09,0.0,10.78,62.14,64.64,1.81,3.09
2025-06-10,0.0,11.02,62.86,64.63,1.88,3.51
2025-06-11,0.28,11.12,64.58,64.68,2.07,3.89
2025-06-12,0.29,10.99,67.83,64.66,2.1,4.4
2025-06-13,3.34,10.97,71.96,64.65,1.96,5.32
2025-06-14,0.22,10.99,69.02,64.5,1.98,4.38
2025-06-15,7.17,10.4,74.95,64.42,2.04,5.3
2025-06-16,16.63,10.19,81.4,64.35,2.15,6.57
2025-06-17,15.66,8.73,85.73,64.36,1.6,6.24
2025-06-18,3.52,10.54,80.32,64.21,1.92,6.86
2025-06-19,1.66,12.82,74.62,64.18,1.83,7.21
2025-06-20,4.04,13.57,80.93,64.34,1.89,9.5
2025-06-21,1.09,12.57,88.76,64.44,1.79,10.52
2025-06-22,2.93,12.7,85.14,64.34,2.1,9.89
2025-06-23,3.98,12.79,84.17,64.17,2.02,9.77
2025-06-24,2.53,13.44,85.35,64.22,2.04,10.67
2025-06-25,3.99,12.0,91.47,64.41,1.53,10.5
2025-06-26,2.28,10.9,88.88,64.57,1.4,8.88
2025-06-27,11.89,11.08,87.06,64.46,1.93,8.77
2025-06-28,28.44,11.2,90.83,64.28,1.62,9.57
2025-06-29,29.98,11.38,90.01,64.08,1.7,9.55
2025-06-30,43.79,10.63,91.36,64.06,1.49,8.96
2025-07-01,18.76,11.32,85.54,64.25,1.8,8.64
2025-07-02,8.91,11.68,90.25,64.33,2.0,9.93
2025-07-03,12.28,11.72,88.17,64.38,1.96,9.6
2025-07-04,1.71,13.68,79.05,64.36,1.6,8.88
2025-07-05,2.73,14.69,73.85,64.37,1.57,8.17
2025-07-06,3.24,13.89,84.29,64.32,1.64,10.59
2025-07-07,14.92,12.13,90.8,64.22,2.1,10.47
2025-07-08,4.87,10.99,84.85,64.36,1.47,8.07
2025-07-09,13.83,10.09,84.9,64.36,1.63,7.38
2025-07-10,15.73,8.7,89.16,64.4,1.45,6.84
2025-07-11,24.09,9.42,89.89,64.4,1.59,7.6
2025-07-12,3.71,9.56,85.99,64.5,1.53,7.03
2025-07-13,15.02,9.97,90.39,64.48,1.64,8.24
2025-07-14,5.98,9.67,88.5,64.41,1.77,7.63
2025-07-15,5.79,10.53,88.2,64.32,1.95,8.43
2025-07-16,3.66,11.2,90.95,64.35,2.23,9.64
2025-07-17,3.59,9.93,91.42,64.43,1.77,8.44
2025-07-18,4.49,10.22,90.6,64.49,1.68,8.51
2025-07-19,0.97,12.55,82.38,64.4,1.8,9.3
2025-07-20,23.19,12.57,92.43,64.25,1.3,11.16
2025-07-21,22.16,10.31,93.06,64.36,1.49,9.02
2025-07-22,12.51,11.29,91.04,64.28,1.81,9.76
2025-07-23,11.54,11.24,89.25,64.14,1.71,9.33
2025-07-24,3.37,11.52,85.9,64.12,1.86,8.89
2025-07-25,11.97,11.1,88.09,64.19,1.76,8.95
2025-07-26,1.1,11.35,87.43,64.32,1.4,9.08
2025-07-27,7.17,12.7,93.0,64.25,1.46,11.37
2025-07-28,21.7,13.18,91.81,64.15,1.69,11.63
2025-07-29,17.66,11.75,92.77,64.19,2.08,10.55
2025-07-30,12.09,11.37,90.51,64.28,2.22,9.68
2025-07-31,13.09,11.07,88.45,64.32,1.86,9.02
2025-08-01,18.53,11.22,89.42,64.38,1.89,9.36
2025-08-02,5.89,11.21,89.33,64.38,1.94,9.31
2025-08-03,15.07,11.53,86.26,64.41,1.62,9.0
2025-08-04,24.48,11.75,90.73,64.39,2.13,10.11
2025-08-05,30.7,10.64,94.95,64.37,2.36,9.71
2025-08-06,21.97,9.17,91.59,64.43,1.52,7.63
2025-08-07,2.52,10.65,87.53,64.42,1.63,8.44
2025-08-08,9.68,11.42,92.11,64.51,2.33,10.08
2025-08-09,2.64,10.94,90.81,64.64,1.75,9.31
2025-08-10,7.27,11.8,90.25,64.57,1.97,10.01
2025-08-11,22.03,10.98,92.94,64.46,1.41,9.64
2025-08-12,6.65,12.08,91.87,64.43,1.53,10.62
2025-08-13,13.44,13.11,87.52,64.4,1.79,10.81
2025-08-14,34.76,10.82,93.64,64.56,1.61,9.65
2025-08-15,7.43,11.37,92.69,64.46,2.04,10.07
2025-08-16,14.62,11.22,93.5,64.39,1.99,10.04
2025-08-17,28.81,9.24,90.86,64.52,1.01,7.55
2025-08-18,23.1,9.62,91.9,64.63,1.57,8.2
2025-08-19,9.15,9.91,91.65,64.56,1.89,8.36
2025-08-20,10.61,10.02,91.49,64.51,1.77,8.42
2025-08-21,3.18,10.99,88.39,64.47,1.66,8.78
2025-08-22,3.74,11.35,92.45,64.32,1.47,9.93
2025-08-23,16.33,9.94,91.24,64.33,1.68,8.3
2025-08-24,20.05,9.4,90.2,64.47,1.92,7.64
2025-08-25,48.21,8.29,90.21,64.46,0.93,6.53
2025-08-26,16.57,8.47,93.87,64.56,1.57,7.29
2025-08-27,7.84,10.5,89.52,64.53,1.49,8.57
2025-08-28,13.44,11.59,91.2,64.42,1.41,9.85
2025-08-29,20.15,10.63,90.88,64.52,1.67,8.9
2025-08-30,9.86,10.0,90.27,64.63,1.62,8.18
2025-08-31,32.02,8.77,96.23,64.44,2.09,8.04
2025-09-01,39.19,7.11,95.0,64.27,1.2,6.1
2025-09-02,37.53,7.34,93.09,64.33,1.6,6.06
2025-09-03,40.43,7.74,92.84,64.52,1.37,6.38
2025-09-04,16.33,7.82,89.35,64.63,1.21,5.97
2025-09-05,2.08,9.37,83.73,64.63,1.62,6.36
2025-09-06,10.17,9.09,92.08,64.68,1.53,7.57
2025-09-07,7.72,9.46,89.09,64.6,1.77,7.47
2025-09-08,5.24,9.44,90.87,64.62,1.8,7.75
2025-09-09,0.68,9.87,82.52,64.71,1.62,6.7
2025-09-10,4.32,11.08,88.86,64.59,1.44,8.95
2025-09-11,6.6,10.83,86.55,64.52,1.6,8.2
2025-09-12,3.95,11.69,90.42,64.62,1.5,9.87
2025-09-13,8.04,10.9,93.14,64.68,1.9,9.68
2025-09-14,5.54,10.35,90.09,64.64,1.63,8.59
2025-09-15,31.57,10.94,88.29,64.46,1.45,8.64
2025-09-16,12.53,10.01,93.05,64.48,2.01,8.73
2025-09-17,5.72,9.64,90.09,64.53,1.57,7.77
2025-09-18,8.36,9.06,93.31,64.51,2.31,7.83
2025-09-19,1.7,8.24,90.15,64.61,1.44,6.35
2025-09-20,0.06,7.79,84.09,64.53,1.23,4.79
2025-09-21,0.0,9.63,76.85,64.48,1.33,4.49
2025-09-22,0.0,10.41,77.77,64.56,1.56,5.54
2025-09-23,0.0,10.33,89.2,64.57,1.45,8.22
2025-09-24,0.0,9.29,84.74,64.51,1.36,6.26
2025-09-25,0.0,8.03,78.04,64.58,1.51,3.82
2025-09-26,0.0,7.68,75.64,64.68,1.51,2.75
2025-09-27,0.0,9.03,82.46,64.88,1.35,5.58
2025-09-28,0.0,9.18,81.76,64.75,1.41,5.47
2025-09-29,0.4,8.53,85.34,64.62,1.38,5.66
2025-09-30,0.03,6.43,75.34,64.45,1.51,1.3
2025-10-01,0.02,6.6,85.24,64.38,1.59,3.86
2025-10-02,1.2,6.56,80.15,64.64,1.42,2.47
2025-10-03,0.03,5.34,73.6,64.77,1.48,0.15
2025-10-04,0.95,5.12,74.17,64.6,1.26,-0.01
2025-10-05,4.19,3.25,76.3,64.48,1.47,-1.28
2025-10-06,24.59,0.33,87.9,64.54,1.53,-1.75
2025-10-07,14.86,-0.29,89.61,64.43,1.57,-2.05
2025-10-08,9.32,0.8,87.09,64.45,1.52,-1.47
2025-10-09,1.73,1.57,86.02,64.53,1.36,-0.92
2025-10-10,0.07,-0.14,85.49,64.48,1.68,-2.9
2025-10-11,0.0,1.16,76.08,64.5,1.25,-3.25
2025-10-12,0.0,2.71,67.08,64.57,1.54,-3.52
2025-10-13,0.0,4.07,65.05,64.63,1.57,-2.88
2025-10-14,0.0,5.13,68.33,64.62,1.5,-1.32
2025-10-15,0.0,4.54,79.07,64.63,1.57,0.59
2025-10-16,0.0,3.64,73.75,64.66,1.58,-1.53
2025-10-17,0.0,3.36,76.53,64.72,1.51,-1.11
2025-10-18,0.0,3.38,77.76,64.66,1.33,-0.8
2025-10-19,0.0,3.56,80.71,64.64,1.42,0.0
2025-10-20,0.0,2.96,72.68,64.68,1.49,-2.31
2025-10-21,0.65,2.66,80.2,64.73,1.45,-0.79
2025-10-22,1.82,1.74,86.1,64.71,1.4,-0.75
2025-10-23,5.07,0.94,80.52,64.61,1.14,-2.5
2025-10-24,0.0,1.09,82.73,64.6,1.38,-1.97
2025-10-25,0.0,0.25,74.55,64.49,1.32,-4.44
2025-10-26,0.0,1.52,76.62,64.62,1.37,-2.8
2025-10-27,0.0,0.84,76.13,64.7,1.46,-3.8
2025-10-28,0.0,0.47,66.96,64.66,1.47,-5.71
2025-10-29,0.0,1.2,70.03,64.68,1.51,-4.61
2025-10-30,0.0,0.88,67.22,64.66,1.37,-5.39
2025-10-31,0.0,1.8,63.57,64.54,1.34,-5.22
2025-11-01,0.0,1.71,71.33,64.55,1.3,-3.79
2025-11-02,0.0,1.98,61.26,64.49,1.36,-5.53
2025-11-03,0.0,2.5,55.66,64.41,1.42,-6.37
2025-11-04,0.42,-1.14,80.47,64.26,2.23,-4.82
2025-11-05,0.12,-2.7,73.49,64.18,1.42,-7.64
2025-11-06,0.0,-2.61,63.08,64.33,1.35,-9.78
2025-11-07,0.0,-1.84,48.82,64.51,1.46,-11.72
2025-11-08,0.0,-1.58,48.62,64.51,1.52,-11.58
2025-11-09,0.0,-3.14,58.67,64.36,1.44,-10.92
2025-11-10,0.0,-3.11,66.17,64.34,1.57,-9.48
2025-11-11,0.0,-3.64,62.07,64.4,1.47,-10.8
2025-11-12,0.0,-3.27,60.95,64.45,1.48,-10.41
2025-11-13,0.0,-3.93,65.65,64.44,1.35,-10.46
2025-11-14,0.0,-2.67,63.36,64.45,1.29,-9.66
2025-11-15,0.0,-1.82,57.48,64.56,1.35,-9.78
2025-11-16,0.0,-0.2,45.56,64.76,1.21,-11.39
2025-11-17,0.0,1.1,47.15,64.83,1.33,-9.36
2025-11-18,0.0,1.01,54.88,64.68,1.26,-7.49
2025-11-19,0.0,0.41,61.43,64.6,1.3,-6.52
2025-11-20,0.0,-1.44,70.08,64.59,1.42,-6.86
2025-11-21,0.0,-3.4,68.67,64.58,1.48,-9.18
2025-11-22,0.0,-4.58,68.54,64.36,1.41,-10.42
2025-11-23,0.0,-4.45,74.75,64.33,1.31,-9.31
2025-11-24,0.0,-4.7,69.29,64.42,1.35,-10.57
2025-11-25,0.0,-4.29,58.81,64.41,1.35,-12.21
2025-11-26,0.0,-3.34,47.62,64.53,1.4,-13.31
2025-11-27,0.0,-3.23,44.82,64.7,1.29,-13.8
2025-11-28,0.0,-3.99,47.6,64.61,1.33,-13.84
2025-11-29,0.0,-3.57,45.73,64.47,1.35,-13.8
2025-11-30,0.0,-2.43,45.3,64.52,1.26,-12.73
2025-12-01,0.0,-1.32,46.4,64.41,1.28,-11.43
2025-12-02,0.0,-3.43,59.35,64.17,1.29,-10.61
2025-12-03,0.0,-5.6,63.66,64.33,1.26,-12.33
2025-12-04,0.0,-5.03,46.18,64.48,1.16,-15.27
2025-12-05,0.0,-4.18,46.14,64.56,1.33,-14.23
2025-12-06,0.0,-4.12,54.21,64.59,1.29,-12.86
2025-12-07,0.0,-3.29,56.08,64.54,1.34,-10.99
2025-12-08,0.0,-4.34,66.32,64.47,1.17,-10.08
2025-12-09,0.0,-3.72,47.46,64.47,1.22,-14.04
2025-12-10,0.0,-1.56,43.83,64.53,1.12,-12.36
2025-12-11,0.0,-2.24,49.77,64.5,1.36,-12.61
2025-12-12,0.0,-1.98,43.41,64.48,1.3,-13.33
2025-12-13,0.0,-2.08,54.29,64.63,1.34,-10.59
2025-12-14,0.0,-0.87,49.86,64.71,1.14,-10.26
2025-12-15,0.0,-1.67,46.71,64.7,1.22,-11.69
2025-12-16,0.0,-2.22,54.51,64.62,1.44,-10.76
2025-12-17,0.0,-0.58,46.16,64.76,1.5,-11.32
2025-12-18,0.0,-0.79,40.66,64.75,1.1,-12.7
2025-12-19,0.0,-0.71,49.43,64.61,1.08,-10.06
2025-12-20,0.0,0.76,42.41,64.49,1.17,-10.59
2025-12-21,0.0,-1.92,74.56,64.63,0.78,-6.51
2025-12-22,0.0,-2.62,61.05,64.58,1.34,-9.5
2025-12-23,0.0,-4.51,47.81,64.31,1.17,-14.06
2025-12-24,0.0,-4.34,39.87,64.19,1.2,-16.41
2025-12-25,0.0,-3.48,39.56,64.35,1.29,-15.37
2025-12-26,0.0,-3.99,54.58,64.35,1.01,-12.22
2025-12-27,0.0,-5.59,56.81,64.36,1.49,-13.66
2025-12-28,0.0,-4.31,58.4,64.42,1.25,-11.56
2025-12-29,0.0,-4.53,70.92,64.33,1.18,-9.46
2025-12-30,0.0,-5.61,71.4,64.23,1.4,-10.63
2025-12-31,0.0,-5.22,71.48,63.98,1.29,-10.1
