date,rain,T2M,RH2M,PS,WS2M,T2MDEW
1995-01-01,0.0,8.48,32.6,89.46,1.42,-7.53
1995-01-02,0.0,8.61,29.68,89.43,1.29,-8.91
1995-01-03,0.0,8.86,27.93,89.39,1.5,-9.32
1995-01-04,0.0,8.68,30.01,89.51,1.87,-8.45
1995-01-05,0.0,9.49,34.15,89.75,1.84,-6.04
1995-01-06,0.0,10.53,33.16,89.85,1.49,-5.68
1995-01-07,0.0,10.83,31.96,89.87,1.54,-6.32
1995-01-08,1.1,8.3,55.49,89.35,2.71,-1.07
1995-01-09,37.61,6.03,88.97,89.47,2.15,4.26
1995-01-10,10.14,8.02,69.44,89.64,1.12,2.23
1995-01-11,0.06,9.32,43.03,89.51,1.42,-3.54
1995-01-12,0.0,8.71,46.65,89.5,1.39,-2.64
1995-01-13,0.01,7.65,46.99,89.42,1.2,-3.48
1995-01-14,0.25,8.33,50.83,89.59,0.89,-1.64
1995-01-15,0.89,6.3,76.08,89.81,1.92,2.32
1995-01-16,1.02,7.1,72.18,89.86,1.58,2.05
1995-01-17,0.0,8.63,57.97,89.85,1.27,0.07
1995-01-18,0.05,9.48,41.84,89.75,1.38,-3.74
1995-01-19,0.0,9.31,53.33,89.65,1.02,0.09
1995-01-20,0.1,8.96,64.49,89.31,1.54,1.77
1995-01-21,0.07,8.13,59.16,89.24,1.76,-0.51
1995-01-22,0.0,7.8,40.12,89.25,1.47,-6.25
1995-01-23,0.0,8.51,33.62,89.4,1.43,-7.3
1995-01-24,0.0,9.43,35.5,89.48,1.58,-5.93
1995-01-25,0.0,8.9,43.74,89.6,1.9,-3.79
1995-01-26,0.0,9.8,36.07,89.59,1.51,-5.77
1995-01-27,0.0,11.37,31.16,89.62,1.45,-5.73
1995-01-28,0.0,12.16,43.41,89.63,1.64,-0.63
1995-01-29,0.0,11.78,45.58,89.54,1.64,-0.55
1995-01-30,0.0,11.84,35.85,89.52,1.5,-3.82
1995-01-31,0.0,12.07,34.31,89.64,1.47,-4.02
1995-02-01,0.0,12.1,31.07,89.68,1.39,-5.31
1995-02-02,0.0,11.79,32.06,89.61,1.35,-5.06
1995-02-03,0.0,12.27,30.09,89.6,1.46,-5.33
1995-02-04,0.0,11.75,33.32,89.72,1.47,-5.09
1995-02-05,0.0,11.44,36.07,89.76,1.87,-4.28
1995-02-06,0.0,12.44,32.95,89.63,1.53,-4.7
1995-02-07,0.0,13.98,31.63,89.58,1.3,-3.64
1995-02-08,0.0,13.59,45.69,89.27,1.75,1.37
1995-02-09,0.0,13.99,51.12,89.18,1.33,3.41
1995-02-10,0.0,15.6,49.85,89.29,1.26,4.62
1995-02-11,0.2,14.8,55.87,89.42,0.97,5.65
1995-02-12,1.39,16.27,45.89,89.4,1.54,3.66
1995-02-13,0.08,16.2,44.21,89.36,1.67,2.73
1995-02-14,8.37,15.11,65.39,89.25,2.45,8.16
1995-02-15,9.5,11.69,71.14,89.16,1.35,6.02
1995-02-16,4.8,11.3,56.6,89.01,1.79,1.93
1995-02-17,0.0,11.56,43.6,89.14,1.51,-1.72
1995-02-18,0.0,11.77,35.94,89.23,1.54,-3.8
1995-02-19,0.64,13.99,31.71,89.26,1.15,-3.18
1995-02-20,0.04,12.65,38.06,89.32,1.52,-2.73
1995-02-21,0.01,11.71,39.49,89.22,1.4,-3.21
1995-02-22,0.78,10.54,62.26,89.0,2.07,2.95
1995-02-23,1.85,9.75,63.82,89.14,1.5,2.4
1995-02-24,6.24,9.86,53.44,89.24,1.57,-0.41
1995-02-25,0.0,11.64,38.77,89.2,1.51,-3.44
1995-02-26,0.0,12.94,40.52,89.23,1.48,-1.01
1995-02-27,0.02,13.14,41.63,89.21,1.51,-0.66
1995-02-28,3.37,12.96,46.92,89.26,1.43,1.23
1995-03-01,0.95,13.02,46.19,89.43,1.71,0.14
1995-03-02,1.79,13.77,40.73,89.49,1.77,-0.62
1995-03-03,0.0,13.95,39.3,89.39,1.64,-1.26
1995-03-04,0.0,14.88,34.04,89.27,1.39,-2.1
1995-03-05,0.0,13.54,32.63,89.34,1.49,-3.53
1995-03-06,0.0,13.94,34.2,89.38,1.67,-2.81
1995-03-07,0.02,14.29,29.95,89.43,1.75,-4.23
1995-03-08,0.01,14.08,29.44,89.57,1.52,-4.9
1995-03-09,0.0,14.79,30.16,89.39,1.6,-4.34
1995-03-10,1.35,14.38,38.89,89.43,1.45,-0.39
1995-03-11,0.52,14.01,45.07,89.53,1.42,1.22
1995-03-12,0.3,14.53,34.23,89.45,1.82,-3.47
1995-03-13,0.0,13.91,33.04,89.24,1.43,-3.56
1995-03-14,0.0,15.6,28.66,89.37,1.77,-4.62
1995-03-15,0.0,17.6,32.1,89.59,1.19,-0.8
1995-03-16,0.59,18.07,36.5,89.42,1.52,1.99
1995-03-17,0.19,18.07,41.4,89.4,1.57,3.87
1995-03-18,0.32,18.22,39.95,89.51,1.59,2.93
1995-03-19,0.04,19.7,36.68,89.65,1.84,2.8
1995-03-20,0.0,20.0,37.96,89.41,2.16,3.83
1995-03-21,0.0,20.87,35.95,89.21,1.76,3.76
1995-03-22,0.0,21.73,32.53,89.13,1.66,2.71
1995-03-23,0.0,22.47,36.17,89.0,1.71,5.36
1995-03-24,0.0,23.37,38.45,88.96,2.23,7.42
1995-03-25,0.05,22.89,39.33,89.04,1.58,6.79
1995-03-26,2.34,16.77,59.74,89.19,2.43,8.67
1995-03-27,0.12,18.39,49.97,89.03,1.48,7.06
1995-03-28,0.56,19.38,46.34,88.89,1.63,6.36
1995-03-29,1.82,20.43,42.27,88.75,1.97,6.18
1995-03-30,0.39,18.96,41.73,88.88,1.77,4.46
1995-03-31,8.26,17.76,38.88,89.07,1.8,2.0
1995-04-01,0.0,17.64,28.88,89.07,2.25,-3.36
1995-04-02,0.0,17.66,25.77,89.25,2.22,-4.45
1995-04-03,0.0,17.73,24.75,89.32,2.08,-4.87
1995-04-04,0.0,18.08,27.15,89.17,2.19,-2.51
1995-04-05,0.0,18.82,25.53,89.17,1.83,-3.17
1995-04-06,0.0,19.97,25.25,89.24,1.67,-2.44
1995-04-07,0.0,21.34,24.57,88.76,2.26,-1.46
1995-04-08,0.0,21.98,27.41,88.64,1.92,0.93
1995-04-09,0.0,24.15,23.25,89.01,1.48,0.21
1995-04-10,0.03,25.74,24.75,89.42,1.93,3.04
1995-04-11,3.55,23.61,36.4,89.43,1.53,7.07
1995-04-12,0.02,20.08,36.69,89.14,2.53,3.14
1995-04-13,0.1,19.83,32.78,88.79,1.88,1.61
1995-04-14,0.0,20.64,27.16,88.97,1.34,-0.56
1995-04-15,0.0,23.36,22.96,89.12,1.53,-0.43
1995-04-16,0.0,24.06,23.31,88.99,1.74,-0.05
1995-04-17,0.42,23.77,26.28,89.13,1.9,1.56
1995-04-18,0.0,24.8,29.03,89.25,1.83,4.44
1995-04-19,0.07,23.43,30.21,89.17,2.29,3.14
1995-04-20,0.06,22.63,34.5,88.95,2.4,5.0
1995-04-21,0.01,22.22,33.75,88.87,1.84,4.11
1995-04-22,0.02,24.14,31.25,89.0,1.91,4.83
1995-04-23,0.27,24.77,33.56,89.08,2.7,6.54
1995-04-24,0.27,24.42,33.1,88.83,2.53,5.65
1995-04-25,0.0,26.59,29.14,88.82,2.37,5.81
1995-04-26,0.05,26.99,31.05,88.89,2.11,7.44
1995-04-27,0.0,26.47,30.31,89.02,2.26,6.4
1995-04-28,0.0,26.76,26.67,89.01,2.22,4.21
1995-04-29,0.0,27.27,22.42,89.01,1.8,2.51
1995-04-30,0.0,27.45,22.65,88.83,2.88,2.84
1995-05-01,0.0,25.09,24.54,88.77,2.13,2.91
1995-05-02,0.0,26.48,22.87,88.99,2.42,2.17
1995-05-03,0.0,26.45,19.67,89.02,2.23,0.13
1995-05-04,0.0,26.67,17.39,88.82,2.2,-1.3
1995-05-05,0.0,26.73,16.47,88.68,1.92,-1.7
1995-05-06,0.0,27.9,14.89,88.79,1.98,-2.19
1995-05-07,0.0,29.86,15.68,88.93,1.71,0.52
1995-05-08,0.0,29.48,16.4,88.91,1.88,0.18
1995-05-09,0.0,29.27,17.9,88.71,1.79,1.69
1995-05-10,0.0,28.32,30.1,88.69,2.01,8.68
1995-05-11,0.01,28.84,35.75,88.79,1.21,11.78
1995-05-12,0.0,30.54,27.07,88.68,1.81,8.7
1995-05-13,0.0,30.51,23.38,88.44,1.96,6.64
1995-05-14,0.0,31.11,19.02,88.18,1.81,4.16
1995-05-15,0.0,30.04,21.67,88.11,1.99,5.19
1995-05-16,0.0,30.76,17.09,88.12,1.87,1.72
1995-05-17,0.0,31.05,16.31,88.15,2.67,1.73
1995-05-18,0.0,29.28,22.74,88.28,2.33,4.86
1995-05-19,0.0,29.65,25.63,88.56,2.03,7.09
1995-05-20,0.0,28.57,18.63,88.83,2.28,1.77
1995-05-21,0.0,27.64,18.83,88.7,2.56,1.37
1995-05-22,0.0,27.97,17.22,88.65,1.93,0.09
1995-05-23,0.0,27.6,16.84,88.83,1.99,-0.76
1995-05-24,0.0,27.98,17.06,88.91,2.26,-0.53
1995-05-25,0.0,28.11,19.91,89.01,2.45,2.18
1995-05-26,0.0,28.0,17.49,88.93,2.54,-0.21
1995-05-27,0.0,28.8,12.46,88.79,2.04,-3.98
1995-05-28,0.0,29.56,10.45,88.68,2.09,-5.39
1995-05-29,0.0,29.79,10.0,88.68,1.9,-5.74
1995-05-30,0.0,30.43,9.82,88.63,2.09,-5.53
1995-05-31,0.0,31.74,11.98,88.6,2.17,-1.91
1995-06-01,0.0,32.01,14.47,88.56,2.12,0.91
1995-06-02,0.0,32.52,13.96,88.42,2.07,0.51
1995-06-03,0.0,31.94,14.72,88.45,2.21,1.06
1995-06-04,0.0,31.73,13.87,88.38,2.18,-0.15
1995-06-05,0.0,31.41,10.77,88.29,2.08,-3.76
1995-06-06,0.0,31.69,9.64,88.23,2.26,-4.77
1995-06-07,0.0,31.78,11.76,88.24,2.06,-1.78
1995-06-08,0.0,32.17,13.41,88.14,2.03,0.0
1995-06-09,0.0,33.65,12.92,87.99,2.33,0.65
1995-06-10,0.02,32.88,17.24,87.95,2.13,4.08
1995-06-11,0.16,32.65,22.47,87.95,2.34,7.51
1995-06-12,0.0,33.31,21.56,88.02,2.17,7.56
1995-06-13,0.0,32.85,23.62,88.22,2.01,8.94
1995-06-14,0.0,33.15,22.57,88.31,2.37,8.07
1995-06-15,0.0,33.43,18.24,88.22,2.56,5.39
1995-06-16,0.0,33.29,16.67,88.15,2.78,4.04
1995-06-17,0.16,32.97,22.61,88.07,2.48,8.24
1995-06-18,7.54,29.17,47.93,88.27,2.2,16.26
1995-06-19,32.97,26.21,70.98,88.3,1.94,20.28
1995-06-20,9.5,26.83,65.83,88.41,1.96,19.46
1995-06-21,4.84,26.62,57.63,88.55,1.61,16.51
1995-06-22,4.24,25.94,57.67,88.53,1.32,16.21
1995-06-23,6.17,25.16,56.87,88.5,1.45,15.24
1995-06-24,0.86,26.82,45.51,88.42,1.72,12.85
1995-06-25,0.37,27.87,45.28,88.48,1.6,14.0
1995-06-26,0.68,28.35,51.52,88.5,1.54,16.5
1995-06-27,5.62,27.59,63.39,88.44,1.18,19.54
1995-06-28,1.31,26.84,68.1,88.31,1.3,20.07
1995-06-29,0.02,28.48,58.85,88.2,1.22,18.82
1995-06-30,0.47,28.83,54.64,88.07,1.44,18.16
1995-07-01,0.95,30.05,46.65,87.82,1.62,16.59
1995-07-02,2.08,30.68,41.68,87.77,2.27,14.96
1995-07-03,1.2,29.7,44.08,88.1,1.9,15.23
1995-07-04,3.11,28.02,53.31,88.23,1.33,17.13
1995-07-05,1.45,28.18,55.55,88.14,1.86,17.73
1995-07-06,0.45,29.36,51.06,88.15,1.92,17.74
1995-07-07,3.3,29.02,50.91,88.24,1.72,17.31
1995-07-08,6.54,28.15,56.01,88.35,1.27,18.12
1995-07-09,12.82,26.61,66.79,88.32,1.57,19.62
1995-07-10,18.03,26.46,71.27,88.18,1.32,20.45
1995-07-11,9.16,25.61,75.2,88.28,1.31,20.44
1995-07-12,4.6,24.65,78.86,88.37,1.83,20.46
1995-07-13,2.06,26.1,72.15,88.37,1.75,20.15
1995-07-14,3.67,26.97,69.53,88.38,1.59,20.47
1995-07-15,0.3,25.64,73.61,88.23,1.69,20.36
1995-07-16,12.11,25.98,73.07,88.05,1.38,20.54
1995-07-17,11.94,27.08,71.79,88.07,1.53,21.2
1995-07-18,25.96,23.9,81.73,88.28,1.9,20.41
1995-07-19,12.32,25.98,71.01,88.36,1.56,19.87
1995-07-20,0.51,26.16,68.81,88.46,1.86,19.52
1995-07-21,3.51,25.58,72.03,88.52,1.67,19.84
1995-07-22,3.1,25.02,72.32,88.5,1.74,19.4
1995-07-23,6.25,25.19,74.34,88.64,1.21,19.97
1995-07-24,0.99,26.33,70.26,88.61,1.27,19.99
1995-07-25,1.97,26.64,68.32,88.49,2.03,19.94
1995-07-26,1.14,26.38,72.36,88.34,1.87,20.58
1995-07-27,2.17,26.31,73.16,88.45,1.95,20.75
1995-07-28,12.81,25.75,75.32,88.59,1.43,20.61
1995-07-29,16.17,24.51,78.89,88.43,1.39,20.3
1995-07-30,3.69,25.85,75.03,88.23,1.29,20.76
1995-07-31,0.44,26.6,71.62,88.25,1.4,20.67
1995-08-01,10.21,24.47,83.31,88.35,2.15,21.27
1995-08-02,6.18,23.17,82.08,88.26,1.68,19.78
1995-08-03,5.31,23.85,80.0,88.18,1.81,19.94
1995-08-04,6.66,25.39,73.7,88.39,1.97,19.82
1995-08-05,24.06,25.54,77.1,88.45,1.31,20.89
1995-08-06,2.45,25.15,81.36,88.24,1.66,21.54
1995-08-07,5.97,24.63,81.99,88.1,1.86,21.1
1995-08-08,6.11,24.57,82.66,88.12,1.86,21.19
1995-08-09,22.63,23.94,83.26,88.48,1.53,20.75
1995-08-10,3.0,25.31,78.72,88.75,1.46,20.94
1995-08-11,1.49,25.61,78.8,88.71,1.61,21.32
1995-08-12,4.06,24.67,87.45,88.17,3.51,22.28
1995-08-13,8.2,23.81,88.01,87.83,3.39,21.58
1995-08-14,31.67,23.0,89.15,88.11,1.59,20.97
1995-08-15,18.11,23.8,87.47,88.42,1.76,21.38
1995-08-16,26.96,23.86,88.07,88.64,1.26,21.61
1995-08-17,20.43,24.28,84.71,88.77,1.11,21.35
1995-08-18,13.38,23.7,87.93,88.79,1.18,21.48
1995-08-19,8.89,23.02,93.08,88.69,1.5,21.78
1995-08-20,7.56,22.63,92.36,88.68,0.65,21.19
1995-08-21,1.09,23.12,87.87,88.66,1.07,20.84
1995-08-22,34.21,22.89,89.59,88.65,1.0,21.0
1995-08-23,14.81,24.12,83.42,88.61,1.18,20.93
1995-08-24,2.11,24.22,86.42,88.75,0.9,21.69
1995-08-25,11.74,24.44,85.53,88.73,1.05,21.69
1995-08-26,5.46,24.14,86.84,88.56,0.86,21.68
1995-08-27,4.48,23.43,93.16,88.47,1.39,22.21
1995-08-28,8.2,22.66,92.2,88.48,1.02,21.27
1995-08-29,23.08,22.66,91.6,88.38,1.28,21.16
1995-08-30,24.85,22.4,86.86,88.46,1.45,19.97
1995-08-31,26.85,23.04,80.98,88.49,1.07,19.36
1995-09-01,6.5,24.58,75.97,88.42,1.03,19.82
1995-09-02,0.27,25.5,75.56,88.39,1.06,20.38
1995-09-03,6.61,22.91,85.19,88.18,2.19,20.21
1995-09-04,18.05,22.47,85.2,88.12,3.73,19.78
1995-09-05,38.9,21.1,91.67,88.39,2.02,19.67
1995-09-06,10.84,22.26,86.53,88.6,0.77,19.79
1995-09-07,6.19,22.42,85.86,88.73,1.06,19.77
1995-09-08,6.33,22.48,86.77,88.86,0.86,20.04
1995-09-09,4.25,22.22,87.95,88.89,1.22,19.96
1995-09-10,6.32,21.6,90.88,88.99,1.34,19.92
1995-09-11,7.5,22.62,87.96,89.08,1.2,20.37
1995-09-12,2.18,22.3,87.64,89.25,1.26,19.99
1995-09-13,2.46,22.05,86.88,89.14,1.13,19.61
1995-09-14,1.99,22.72,84.62,88.94,1.02,19.82
1995-09-15,21.12,22.77,82.53,88.86,1.09,19.47
1995-09-16,3.19,23.14,76.36,88.85,1.13,18.43
1995-09-17,0.01,23.39,75.69,88.97,1.06,18.57
1995-09-18,0.0,22.88,82.63,88.94,1.12,19.59
1995-09-19,0.0,22.5,85.36,88.82,1.13,19.71
1995-09-20,0.02,22.33,82.02,88.75,1.32,18.82
1995-09-21,0.0,21.98,75.79,88.69,1.26,17.13
1995-09-22,0.0,22.06,74.33,88.6,1.4,16.96
1995-09-23,0.0,22.0,73.91,88.68,1.28,16.78
1995-09-24,0.0,22.18,75.45,88.86,1.49,17.32
1995-09-25,0.0,22.36,68.9,88.96,1.08,16.0
1995-09-26,0.09,21.51,77.87,89.03,1.27,17.31
1995-09-27,0.14,21.8,74.98,89.02,1.08,16.94
1995-09-28,0.09,21.28,81.73,88.98,1.24,17.85
1995-09-29,2.44,21.52,79.9,89.02,1.24,17.65
1995-09-30,13.8,20.67,79.7,88.96,1.24,16.74
1995-10-01,0.19,20.64,81.41,89.04,1.16,17.06
1995-10-02,0.0,20.99,75.61,89.17,1.12,16.11
1995-10-03,0.0,20.66,71.23,89.08,1.42,14.83
1995-10-04,0.0,20.81,69.7,89.02,1.43,14.65
1995-10-05,0.0,20.05,68.07,89.05,1.42,13.46
1995-10-06,0.0,19.66,65.9,89.1,1.39,12.61
1995-10-07,0.0,20.19,68.79,89.18,1.18,13.87
1995-10-08,0.26,20.68,70.26,89.25,1.1,14.72
1995-10-09,0.15,21.09,72.28,89.38,1.11,15.63
1995-10-10,0.0,20.87,74.23,89.23,1.01,15.84
1995-10-11,0.0,20.75,78.12,89.17,1.13,16.48
1995-10-12,0.0,20.61,73.91,89.13,1.18,15.37
1995-10-13,0.0,20.17,71.75,89.19,1.27,14.51
1995-10-14,0.0,20.37,69.14,89.2,1.17,14.11
1995-10-15,0.0,20.67,65.14,89.25,1.27,13.48
1995-10-16,0.33,20.81,59.91,89.29,1.17,12.12
1995-10-17,0.11,20.31,61.33,89.27,1.05,12.11
1995-10-18,0.58,18.88,64.79,89.24,1.33,11.62
1995-10-19,0.0,18.93,58.62,89.13,1.43,9.87
1995-10-20,0.01,19.17,52.23,89.24,1.24,8.36
1995-10-21,0.14,18.75,57.7,89.36,1.41,9.45
1995-10-22,0.0,17.07,54.93,89.45,1.65,7.04
1995-10-23,0.0,17.45,47.7,89.44,1.21,5.55
1995-10-24,0.0,17.66,48.35,89.47,1.3,5.89
1995-10-25,0.0,17.43,48.48,89.49,1.32,5.72
1995-10-26,0.0,17.98,47.49,89.52,1.35,5.82
1995-10-27,0.0,17.84,48.59,89.35,0.99,6.22
1995-10-28,0.0,18.94,46.99,89.42,1.23,6.91
1995-10-29,0.0,18.48,48.79,89.33,1.24,6.69
1995-10-30,0.0,18.01,51.55,89.25,1.47,7.11
1995-10-31,0.01,17.2,51.25,89.26,1.31,6.19
1995-11-01,0.01,16.26,50.62,89.22,1.32,5.32
1995-11-02,0.01,15.73,52.69,89.22,1.34,5.43
1995-11-03,0.0,16.14,49.77,89.2,1.31,5.0
1995-11-04,0.0,16.77,48.69,89.23,1.34,5.34
1995-11-05,0.0,17.02,47.05,89.39,1.21,5.04
1995-11-06,0.0,17.08,46.3,89.41,1.3,4.74
1995-11-07,0.0,17.65,43.68,89.49,1.28,4.5
1995-11-08,0.0,17.68,44.56,89.5,1.44,4.68
1995-11-09,0.0,18.31,46.45,89.31,1.31,5.8
1995-11-10,1.44,17.7,50.69,88.99,1.42,6.99
1995-11-11,0.94,15.83,52.09,89.32,1.29,5.19
1995-11-12,0.14,15.54,47.77,89.14,1.23,3.63
1995-11-13,0.0,16.33,43.57,89.29,1.39,3.39
1995-11-14,0.0,17.37,44.79,89.48,1.14,4.39
1995-11-15,0.0,15.98,42.92,89.31,1.44,2.73
1995-11-16,0.0,15.98,46.55,89.33,1.37,3.9
1995-11-17,0.0,16.47,46.15,89.5,1.39,4.25
1995-11-18,0.0,15.22,49.83,89.45,1.26,4.08
1995-11-19,0.0,14.92,47.83,89.33,1.29,3.2
1995-11-20,0.0,14.23,42.9,89.29,1.41,0.86
1995-11-21,0.0,14.03,36.71,89.37,1.43,-1.56
1995-11-22,0.0,14.64,32.46,89.5,1.31,-2.55
1995-11-23,0.0,14.49,33.46,89.65,1.29,-2.36
1995-11-24,0.0,13.62,34.85,89.5,1.43,-2.59
1995-11-25,0.0,12.86,36.78,89.1,1.45,-2.73
1995-11-26,0.0,12.53,33.81,89.16,1.36,-4.04
1995-11-27,0.0,12.91,31.29,89.35,1.33,-4.56
1995-11-28,0.0,12.86,35.21,89.48,1.17,-2.68
1995-11-29,0.26,13.32,52.9,89.66,1.26,3.37
1995-11-30,0.01,13.27,46.82,89.62,1.47,1.27
1995-12-01,0.0,12.61,37.48,89.43,1.37,-2.62
1995-12-02,0.0,12.97,31.41,89.5,1.32,-4.24
1995-12-03,0.0,12.44,33.96,89.54,1.4,-3.93
1995-12-04,0.0,13.16,31.67,89.43,1.43,-4.4
1995-12-05,0.0,13.15,30.23,89.4,1.3,-5.03
1995-12-06,0.0,13.19,32.3,89.62,1.34,-4.05
1995-12-07,0.0,13.24,37.43,89.72,1.21,-1.81
1995-12-08,0.0,14.5,39.36,89.74,1.36,-0.12
1995-12-09,0.04,13.6,56.3,89.61,1.43,4.5
1995-12-10,0.0,13.67,56.54,89.56,1.53,4.57
1995-12-11,0.01,13.41,55.32,89.79,1.44,3.8
1995-12-12,0.01,12.58,39.28,89.66,1.48,-2.64
1995-12-13,0.0,13.65,29.7,89.57,1.29,-5.32
1995-12-14,0.0,12.57,55.86,89.51,1.14,3.66
1995-12-15,0.0,13.15,55.79,89.55,1.33,3.76
1995-12-16,0.0,12.04,49.34,89.72,1.66,0.72
1995-12-17,0.0,13.06,38.61,89.61,1.5,-2.11
1995-12-18,0.0,13.56,41.04,89.68,1.64,-0.42
1995-12-19,0.0,13.13,46.81,89.56,1.75,1.02
1995-12-20,0.01,13.52,41.41,89.6,1.45,-0.36
1995-12-21,0.8,12.34,54.05,89.64,1.31,2.69
1995-12-22,0.29,11.64,59.63,89.71,1.2,3.42
1995-12-23,0.03,10.18,52.14,89.6,1.26,-0.68
1995-12-24,2.78,10.03,45.07,89.57,1.45,-2.09
1995-12-25,0.0,9.05,46.54,89.82,1.43,-2.74
1995-12-26,0.02,9.59,49.9,89.95,1.3,-1.19
1995-12-27,0.07,10.8,38.69,89.95,1.08,-3.02
1995-12-28,0.0,12.15,36.2,89.99,1.17,-3.02
1995-12-29,0.0,11.73,37.5,89.86,1.45,-3.16
1995-12-30,0.0,12.28,38.3,89.68,1.41,-2.33
1995-12-31,0.0,12.34,41.37,89.72,1.26,-1.09
1996-01-01,0.0,11.8,44.31,89.73,1.28,-0.77
1996-01-02,0.02,11.62,46.75,89.82,1.28,-0.09
1996-01-03,0.39,10.54,49.22,89.8,1.41,-0.42
1996-01-04,7.38,10.06,47.03,89.54,1.56,-1.53
1996-01-05,0.0,10.57,38.71,89.49,1.31,-3.42
1996-01-06,0.0,10.13,40.03,89.51,1.31,-3.53
1996-01-07,0.0,10.85,38.34,89.62,1.3,-3.46
1996-01-08,0.0,11.88,35.28,89.73,1.14,-3.64
1996-01-09,0.0,11.52,33.81,89.63,1.35,-4.56
1996-01-10,0.02,10.53,36.38,89.44,1.36,-4.33
1996-01-11,0.19,9.56,42.06,89.32,1.48,-3.56
1996-01-12,0.0,9.62,36.2,89.29,1.63,-6.11
1996-01-13,0.01,10.89,37.44,89.37,1.38,-3.65
1996-01-14,0.08,11.03,57.01,89.23,1.41,2.55
1996-01-15,3.78,9.01,76.4,89.03,2.87,4.96
1996-01-16,18.72,9.4,85.85,89.25,1.48,6.91
1996-01-17,0.23,8.51,63.95,89.52,1.27,0.53
1996-01-18,5.47,8.09,48.74,89.38,1.1,-3.52
1996-01-19,0.01,9.53,35.74,89.34,1.38,-5.86
1996-01-20,0.0,9.69,38.7,89.19,1.66,-4.53
1996-01-21,0.0,10.2,39.83,89.29,1.63,-3.74
1996-01-22,0.0,11.01,45.06,89.55,1.56,-1.31
1996-01-23,0.42,10.44,61.13,89.62,1.62,2.48
1996-01-24,0.33,9.68,42.59,89.26,2.0,-4.63
1996-01-25,0.0,12.15,40.83,89.18,1.79,-1.85
1996-01-26,0.0,11.07,40.74,89.21,1.46,-2.62
1996-01-27,0.0,11.1,31.54,89.46,1.43,-6.41
1996-01-28,0.0,10.77,26.35,89.5,1.44,-9.55
1996-01-29,0.0,11.12,23.78,89.32,1.73,-10.46
1996-01-30,0.0,12.55,23.22,89.2,1.54,-8.9
1996-01-31,0.0,12.27,26.37,89.35,1.27,-6.96
1996-02-01,0.0,12.93,30.66,89.38,1.13,-4.69
1996-02-02,0.0,13.22,31.22,89.44,1.48,-4.32
1996-02-03,0.0,13.49,30.7,89.41,1.48,-4.5
1996-02-04,0.0,14.35,27.35,89.48,1.33,-4.92
1996-02-05,0.0,13.59,30.89,89.39,1.56,-4.31
1996-02-06,0.0,13.83,32.17,89.36,1.39,-3.47
1996-02-07,0.0,14.95,35.62,89.46,1.3,-0.88
1996-02-08,0.0,13.63,40.86,89.45,1.56,-0.44
1996-02-09,0.31,10.06,61.66,89.54,2.24,2.8
1996-02-10,27.3,9.07,78.57,89.57,2.29,5.36
1996-02-11,6.32,10.22,78.39,89.63,1.11,6.1
1996-02-12,0.0,11.17,64.53,89.51,1.51,3.85
1996-02-13,0.0,12.56,51.72,89.29,1.43,2.08
1996-02-14,0.0,14.01,43.32,89.21,1.38,1.04
1996-02-15,0.28,13.93,45.59,89.26,1.46,1.61
1996-02-16,0.01,12.92,40.72,89.35,1.69,-1.86
1996-02-17,0.0,13.01,34.16,89.31,2.08,-4.44
1996-02-18,0.0,15.31,33.97,89.3,1.83,-1.77
1996-02-19,0.0,14.79,38.37,89.19,1.72,-0.24
1996-02-20,0.0,13.26,36.97,89.07,1.51,-2.3
1996-02-21,0.0,14.22,37.34,89.19,1.48,-1.18
1996-02-22,0.0,14.17,39.95,89.18,1.82,-0.35
1996-02-23,0.03,15.23,45.27,89.3,1.59,2.51
1996-02-24,1.1,15.69,54.65,89.3,1.52,5.93
1996-02-25,5.1,13.57,72.04,89.34,1.65,8.33
1996-02-26,21.88,11.25,85.74,89.31,1.5,8.79
1996-02-27,0.6,12.08,62.84,89.5,1.51,3.8
1996-02-28,18.36,14.12,47.39,89.42,1.72,1.72
1996-02-29,0.0,15.43,38.23,89.49,1.58,-0.01
1996-03-01,0.0,17.17,33.34,89.69,0.93,-0.03
1996-03-02,0.0,16.63,40.64,89.55,1.54,1.99
1996-03-03,0.0,16.79,48.19,89.4,1.22,4.87
1996-03-04,0.07,16.58,47.98,89.58,1.46,4.72
1996-03-05,1.64,16.57,46.53,89.44,1.62,4.11
1996-03-06,0.0,17.11,44.48,89.24,1.53,4.05
1996-03-07,0.08,17.44,45.07,89.31,1.85,4.46
1996-03-08,0.32,17.18,44.48,89.22,1.79,3.71
1996-03-09,0.0,18.17,42.36,89.18,1.84,3.94
1996-03-10,0.0,19.35,47.29,89.19,1.69,6.92
1996-03-11,0.0,19.31,46.3,89.06,1.64,6.56
1996-03-12,0.0,19.64,42.8,89.2,2.21,5.43
1996-03-13,0.0,18.86,42.29,88.81,2.45,4.41
1996-03-14,0.0,19.25,43.12,88.72,2.39,4.81
1996-03-15,0.0,20.54,43.85,89.05,2.27,6.84
1996-03-16,0.61,16.81,56.5,89.14,2.7,7.63
1996-03-17,0.31,16.44,59.31,89.11,1.33,7.99
1996-03-18,5.03,18.12,56.31,89.23,1.34,8.47
1996-03-19,2.22,17.13,52.14,89.03,1.58,6.48
1996-03-20,0.0,17.67,42.55,88.96,1.51,3.42
1996-03-21,0.09,18.26,40.45,89.17,1.67,3.54
1996-03-22,1.86,16.43,57.18,89.19,1.71,7.39
1996-03-23,2.38,16.92,46.99,89.05,1.92,3.8
1996-03-24,0.01,17.13,40.71,88.94,2.29,1.96
1996-03-25,0.0,18.49,40.51,88.8,2.0,3.51
1996-03-26,0.0,20.12,42.34,88.56,2.15,5.63
1996-03-27,0.23,21.0,34.21,88.49,1.83,2.37
1996-03-28,0.08,22.33,36.66,88.76,1.61,5.61
1996-03-29,1.08,23.12,42.45,88.62,1.91,8.55
1996-03-30,0.41,20.93,31.02,88.68,1.91,1.37
1996-03-31,0.92,17.05,28.77,88.77,2.1,-3.28
1996-04-01,0.0,16.79,27.8,88.71,1.91,-4.16
1996-04-02,0.0,18.66,26.71,88.84,1.74,-2.61
1996-04-03,0.0,19.8,28.49,88.97,2.0,-1.01
1996-04-04,0.0,20.92,28.98,88.94,2.22,0.25
1996-04-05,0.0,22.36,26.3,89.04,1.56,0.01
1996-04-06,0.0,22.49,26.69,89.09,2.07,0.37
1996-04-07,1.13,23.5,27.41,89.25,1.46,2.84
1996-04-08,1.35,21.53,26.61,89.17,1.88,-0.74
1996-04-09,0.39,19.25,27.15,88.95,1.81,-2.12
1996-04-10,0.0,19.73,27.86,88.86,1.88,-1.19
1996-04-11,0.0,21.19,26.38,88.94,1.86,-0.94
1996-04-12,0.0,22.1,25.85,89.21,1.75,-0.57
1996-04-13,0.0,23.28,26.53,89.27,2.43,1.17
1996-04-14,0.0,24.08,25.27,89.26,1.64,1.07
1996-04-15,0.0,24.69,23.31,89.32,1.78,0.47
1996-04-16,0.0,24.59,23.49,89.04,1.77,0.5
1996-04-17,0.0,25.02,25.13,88.95,1.3,2.42
1996-04-18,0.0,25.42,25.59,88.99,1.88,2.66
1996-04-19,0.0,26.21,23.47,88.93,2.44,2.01
1996-04-20,0.04,25.66,24.61,88.98,2.0,2.54
1996-04-21,0.0,24.93,26.92,88.89,2.13,3.16
1996-04-22,0.08,25.65,28.85,88.99,1.93,5.04
1996-04-23,3.68,24.76,34.12,88.94,1.62,7.22
1996-04-24,2.45,24.29,37.77,88.8,1.46,8.15
1996-04-25,4.88,25.14,33.0,88.66,1.64,6.5
1996-04-26,0.09,24.66,29.31,88.73,1.44,4.0
1996-04-27,0.44,24.81,29.65,88.79,1.78,4.34
1996-04-28,0.0,25.73,29.04,88.73,2.06,5.06
1996-04-29,0.0,27.02,26.36,88.69,2.13,4.43
1996-04-30,0.01,28.61,23.7,88.59,1.97,4.7
1996-05-01,0.03,28.3,22.3,88.51,1.94,3.4
1996-05-02,0.93,27.7,20.58,88.64,1.86,0.85
1996-05-03,0.0,27.26,18.98,88.86,2.09,0.31
1996-05-04,0.15,27.32,18.34,88.92,2.11,-0.43
1996-05-05,29.33,25.58,37.61,88.79,2.22,8.33
1996-05-06,0.0,25.64,29.38,88.73,2.03,3.61
1996-05-07,0.0,26.0,25.24,88.7,1.86,2.45
1996-05-08,0.0,26.22,23.07,88.49,2.3,0.7
1996-05-09,0.0,26.77,20.95,88.35,2.5,0.33
1996-05-10,0.0,26.65,21.64,88.48,2.03,0.45
1996-05-11,0.55,25.54,30.96,88.91,2.26,6.2
1996-05-12,1.05,24.06,34.03,88.87,2.39,5.43
1996-05-13,1.6,25.98,27.56,88.61,3.17,3.74
1996-05-14,0.0,26.13,31.79,88.6,3.45,6.5
1996-05-15,0.1,26.08,33.89,88.82,2.13,7.54
1996-05-16,0.24,26.19,37.53,89.07,1.89,9.62
1996-05-17,0.06,25.47,35.94,88.99,2.16,7.59
1996-05-18,0.45,25.47,29.65,88.78,2.3,4.98
1996-05-19,0.0,26.01,26.33,88.81,1.82,3.97
1996-05-20,0.2,25.91,27.74,88.97,1.45,4.69
1996-05-21,0.21,26.84,28.56,88.97,2.0,5.72
1996-05-22,0.0,28.35,29.17,88.9,2.01,7.88
1996-05-23,0.0,27.35,34.95,88.82,2.02,9.63
1996-05-24,0.0,29.51,33.92,88.71,2.13,10.7
1996-05-25,0.0,29.3,29.53,88.78,2.54,7.51
1996-05-26,0.0,28.15,25.79,88.61,2.17,5.4
1996-05-27,0.0,29.17,22.59,88.26,2.36,4.41
1996-05-28,0.0,30.56,19.28,88.05,2.63,3.1
1996-05-29,0.0,31.21,19.34,88.15,2.47,4.45
1996-05-30,1.3,30.9,22.52,88.57,2.25,6.15
1996-05-31,1.36,29.75,25.78,88.76,1.93,6.58
1996-06-01,0.06,29.35,21.34,88.59,2.22,3.47
1996-06-02,0.41,30.93,18.9,88.35,2.59,3.15
1996-06-03,0.0,30.45,14.7,88.39,1.96,-0.36
1996-06-04,0.01,28.79,21.99,88.44,2.82,4.24
1996-06-05,2.38,27.44,34.68,88.52,2.68,10.14
1996-06-06,1.68,26.69,39.16,88.66,1.78,10.7
1996-06-07,0.02,27.38,38.7,88.8,1.89,11.2
1996-06-08,0.0,28.03,37.62,88.8,1.89,11.41
1996-06-09,0.64,28.61,42.37,88.97,1.51,14.1
1996-06-10,7.82,29.0,47.32,88.97,1.09,15.94
1996-06-11,1.07,29.75,44.48,88.9,1.37,15.46
1996-06-12,1.0,28.88,48.63,88.83,1.6,16.41
1996-06-13,0.46,27.27,53.64,88.8,1.3,16.7
1996-06-14,0.49,29.77,45.32,88.49,1.52,15.94
1996-06-15,4.24,29.58,44.42,88.37,1.58,15.31
1996-06-16,4.87,29.58,47.7,88.36,1.57,16.27
1996-06-17,1.48,29.71,50.24,88.37,1.53,17.53
1996-06-18,0.57,30.79,46.96,88.2,1.51,17.09
1996-06-19,2.62,30.61,49.96,88.1,1.59,18.28
1996-06-20,3.42,29.91,52.94,88.08,1.51,18.79
1996-06-21,5.69,29.09,57.6,88.15,1.88,19.37
1996-06-22,24.74,26.6,70.28,88.18,1.8,20.46
1996-06-23,8.68,26.45,65.34,88.22,2.08,18.7
1996-06-24,2.44,26.32,63.86,88.28,2.04,18.58
1996-06-25,13.41,25.75,73.24,88.27,2.02,20.26
1996-06-26,9.46,24.93,76.55,88.48,1.36,20.15
1996-06-27,17.07,25.41,75.59,88.57,1.64,20.5
1996-06-28,15.82,26.42,71.2,88.43,1.72,20.47
1996-06-29,24.41,26.66,71.63,88.39,1.93,20.52
1996-06-30,22.63,25.78,71.7,88.41,1.92,19.68
1996-07-01,0.7,25.23,63.42,88.46,1.98,16.91
1996-07-02,0.26,25.45,59.48,88.52,1.81,16.37
1996-07-03,5.17,26.04,60.87,88.62,1.64,17.22
1996-07-04,0.71,26.62,63.89,88.61,1.66,18.65
1996-07-05,12.38,25.81,67.63,88.41,1.99,18.73
1996-07-06,3.92,25.92,61.54,88.39,1.35,17.19
1996-07-07,0.36,27.3,58.19,88.56,1.36,17.81
1996-07-08,0.12,27.43,64.44,88.72,1.16,19.71
1996-07-09,4.5,25.02,77.38,88.71,1.42,20.64
1996-07-10,2.95,24.96,77.91,88.29,1.92,20.62
1996-07-11,1.63,26.38,71.68,88.03,1.64,20.38
1996-07-12,15.62,24.7,79.54,88.18,1.35,20.7
1996-07-13,32.15,24.89,82.81,88.29,1.63,21.54
1996-07-14,19.78,25.33,83.74,88.42,1.24,22.05
1996-07-15,7.13,23.61,84.99,88.58,1.96,20.76
1996-07-16,9.27,24.77,78.2,88.44,1.16,20.48
1996-07-17,16.3,25.92,77.77,88.36,1.34,21.5
1996-07-18,21.26,24.95,83.88,88.32,1.58,21.88
1996-07-19,8.17,24.77,83.0,88.24,1.19,21.43
1996-07-20,3.09,25.23,79.73,88.19,1.25,21.07
1996-07-21,12.97,25.17,82.27,88.21,1.16,21.67
1996-07-22,20.83,23.95,86.04,88.22,1.48,21.32
1996-07-23,7.05,25.16,78.67,88.1,1.31,20.98
1996-07-24,5.06,25.35,82.24,88.01,1.37,21.94
1996-07-25,8.53,25.55,81.01,88.06,1.16,21.86
1996-07-26,5.42,27.14,71.97,88.06,1.42,21.0
1996-07-27,4.32,25.23,81.98,88.16,1.02,21.75
1996-07-28,3.78,24.53,86.14,88.09,1.3,21.94
1996-07-29,3.09,24.14,86.72,88.1,1.52,21.64
1996-07-30,5.24,24.39,87.32,88.11,1.61,22.01
1996-07-31,10.32,25.2,85.79,88.1,1.41,22.44
1996-08-01,13.16,24.39,88.88,88.32,1.23,22.31
1996-08-02,18.89,24.49,82.73,88.34,1.15,21.13
1996-08-03,7.08,24.58,84.0,88.33,1.2,21.62
1996-08-04,7.53,23.99,86.18,88.41,1.32,21.47
1996-08-05,29.51,24.78,76.26,88.37,1.07,20.0
1996-08-06,7.79,23.94,84.39,88.33,1.11,20.98
1996-08-07,6.49,23.91,87.76,88.19,1.21,21.63
1996-08-08,17.0,24.01,87.75,88.22,1.49,21.68
1996-08-09,14.76,24.1,86.87,88.33,1.51,21.64
1996-08-10,35.84,23.45,90.72,88.52,1.33,21.75
1996-08-11,10.27,23.81,85.3,88.59,1.03,20.99
1996-08-12,10.22,24.21,82.11,88.51,1.09,20.65
1996-08-13,20.74,22.67,93.01,88.28,1.1,21.44
1996-08-14,51.1,21.97,92.3,88.27,1.55,20.61
1996-08-15,12.37,22.73,89.67,88.62,1.69,20.8
1996-08-16,9.41,22.87,87.9,88.71,1.29,20.65
1996-08-17,13.99,23.3,88.58,88.66,1.11,21.18
1996-08-18,18.48,22.65,94.9,88.51,1.51,21.75
1996-08-19,31.74,22.58,92.66,88.48,1.12,21.24
1996-08-20,42.44,22.89,89.33,88.57,1.28,20.95
1996-08-21,10.7,22.38,87.07,88.64,1.9,20.03
1996-08-22,2.15,20.84,84.37,88.77,3.56,18.07
1996-08-23,16.71,21.35,90.23,88.83,2.31,19.6
1996-08-24,13.18,22.63,86.01,88.77,1.17,20.03
1996-08-25,0.13,23.88,81.75,88.69,1.06,20.29
1996-08-26,0.0,24.51,81.88,88.83,1.06,21.03
1996-08-27,0.05,24.11,87.0,88.94,0.98,21.65
1996-08-28,4.56,23.68,89.94,88.89,1.3,21.83
1996-08-29,3.39,22.75,89.63,88.65,1.15,20.82
1996-08-30,5.31,22.42,88.75,88.67,1.06,20.35
1996-08-31,9.31,22.48,92.27,88.76,1.35,21.1
1996-09-01,10.64,22.49,93.06,88.73,1.42,21.24
1996-09-02,7.97,22.4,92.42,88.7,1.55,21.03
1996-09-03,8.8,21.92,90.1,88.71,1.79,20.13
1996-09-04,31.76,21.93,91.56,88.75,1.61,20.4
1996-09-05,61.8,22.16,93.38,88.88,1.79,20.99
1996-09-06,14.87,22.09,90.15,88.86,0.79,20.35
1996-09-07,15.21,22.31,90.54,88.74,0.8,20.62
1996-09-08,6.82,22.28,89.44,88.76,1.13,20.35
1996-09-09,16.53,21.94,89.19,88.85,0.9,19.99
1996-09-10,11.67,22.26,84.84,88.78,0.92,19.46
1996-09-11,1.66,22.54,87.7,88.67,1.1,20.29
1996-09-12,0.44,23.21,85.92,88.75,1.04,20.59
1996-09-13,7.54,23.14,88.54,88.75,0.96,21.01
1996-09-14,7.92,22.37,90.42,88.53,0.92,20.57
1996-09-15,13.62,22.96,89.07,88.56,1.31,20.89
1996-09-16,1.84,22.94,83.05,88.62,0.82,19.63
1996-09-17,0.02,23.05,79.82,88.37,1.01,19.11
1996-09-18,0.08,21.64,79.37,88.34,1.79,17.58
1996-09-19,2.14,20.46,78.58,88.45,1.36,16.35
1996-09-20,0.37,20.36,84.13,88.61,1.19,17.43
1996-09-21,0.0,21.58,81.24,88.82,1.08,17.96
1996-09-22,0.0,22.28,80.47,88.88,1.19,18.51
1996-09-23,0.0,22.58,81.03,88.81,1.15,18.89
1996-09-24,0.0,22.38,82.29,88.96,1.2,19.01
1996-09-25,0.0,22.14,81.46,88.88,1.26,18.51
1996-09-26,0.0,21.73,78.36,88.63,1.24,17.47
1996-09-27,0.1,21.6,76.2,88.75,1.31,16.86
1996-09-28,0.7,21.21,73.6,88.88,1.29,15.96
1996-09-29,0.9,21.45,74.82,88.93,1.2,16.53
1996-09-30,10.21,20.78,81.02,88.96,1.1,17.14
1996-10-01,0.0,21.66,80.17,89.07,1.08,17.79
1996-10-02,0.0,21.58,82.05,89.16,1.06,18.15
1996-10-03,0.07,20.76,82.08,89.0,1.06,17.32
1996-10-04,11.21,18.26,87.28,88.72,1.58,15.97
1996-10-05,12.92,18.92,84.43,88.65,1.23,16.02
1996-10-06,0.92,18.55,81.15,88.78,1.18,14.95
1996-10-07,1.51,18.46,72.55,89.06,1.19,13.14
1996-10-08,0.0,18.73,66.7,89.31,1.21,12.05
1996-10-09,0.0,18.36,66.38,89.25,1.18,11.64
1996-10-10,0.0,18.34,64.81,89.18,1.1,11.26
1996-10-11,0.0,18.21,68.26,89.31,1.16,11.84
1996-10-12,0.0,18.31,71.25,89.5,1.28,12.67
1996-10-13,0.0,18.41,69.31,89.59,1.3,12.21
1996-10-14,0.0,18.3,68.57,89.4,1.2,12.05
1996-10-15,0.0,17.57,66.75,89.23,1.35,10.92
1996-10-16,0.0,17.47,63.14,89.22,1.19,10.01
1996-10-17,0.0,18.08,65.02,89.4,1.31,11.07
1996-10-18,0.0,17.88,70.46,89.41,1.08,12.11
1996-10-19,0.0,18.79,72.11,89.38,1.12,13.4
1996-10-20,0.0,19.73,67.4,89.33,1.22,13.27
1996-10-21,0.64,18.58,68.88,89.34,1.17,12.49
1996-10-22,0.06,18.05,64.64,89.3,1.3,10.88
1996-10-23,0.57,18.33,64.96,89.4,0.96,11.21
1996-10-24,0.0,18.25,59.87,89.42,0.96,10.08
1996-10-25,0.0,17.6,65.22,89.43,1.04,10.58
1996-10-26,0.0,17.81,69.9,89.34,1.07,11.93
1996-10-27,0.07,17.99,72.41,89.13,1.08,12.62
1996-10-28,0.0,18.25,75.27,89.15,1.17,13.46
1996-10-29,0.0,17.78,61.26,88.95,1.47,9.71
1996-10-30,0.0,16.8,55.88,88.92,1.16,7.34
1996-10-31,0.0,16.99,53.67,88.99,1.05,7.03
1996-11-01,0.0,16.96,58.44,89.19,1.25,8.48
1996-11-02,0.0,16.75,58.49,89.05,1.44,7.91
1996-11-03,0.0,16.53,53.44,89.01,1.18,6.42
1996-11-04,0.0,17.5,54.24,89.17,1.28,7.71
1996-11-05,0.0,17.18,54.29,89.13,1.37,7.46
1996-11-06,0.0,16.99,54.69,89.17,1.24,7.3
1996-11-07,0.0,17.15,53.6,89.27,1.22,7.14
1996-11-08,0.0,16.33,50.44,89.41,1.26,5.48
1996-11-09,0.0,15.21,51.17,89.33,1.33,4.45
1996-11-10,0.0,14.74,47.14,89.16,1.32,2.76
1996-11-11,0.0,14.87,41.9,89.19,1.33,1.35
1996-11-12,0.0,14.75,44.08,89.3,1.58,1.85
1996-11-13,0.0,14.6,44.5,89.25,1.44,1.78
1996-11-14,0.0,14.85,43.84,89.55,1.37,1.72
1996-11-15,0.0,13.64,44.5,89.71,1.43,0.78
1996-11-16,0.0,14.28,39.72,89.48,1.24,-0.15
1996-11-17,0.0,14.14,42.0,89.54,1.16,0.71
1996-11-18,0.0,14.38,39.64,89.71,1.24,0.24
1996-11-19,0.0,14.08,46.35,89.72,1.02,2.03
1996-11-20,0.0,14.13,54.49,89.8,1.42,4.55
1996-11-21,0.0,14.95,50.65,89.62,1.27,3.84
1996-11-22,0.0,13.69,50.06,89.45,1.28,2.62
1996-11-23,0.0,14.12,44.34,89.41,1.32,1.41
1996-11-24,0.0,13.76,44.4,89.26,1.29,1.29
1996-11-25,0.0,13.72,42.86,89.27,1.47,0.46
1996-11-26,0.0,13.72,41.66,89.43,1.45,0.1
1996-11-27,0.0,12.86,43.94,89.41,1.49,0.06
1996-11-28,0.0,12.35,39.42,89.35,1.38,-1.98
1996-11-29,0.0,12.18,34.98,89.35,1.28,-3.59
1996-11-30,0.0,12.5,36.97,89.4,1.25,-2.6
1996-12-01,0.0,12.53,36.84,89.44,1.34,-2.5
1996-12-02,0.0,11.87,38.82,89.44,1.5,-2.33
1996-12-03,0.0,12.24,38.03,89.54,1.42,-2.39
1996-12-04,0.0,13.11,35.22,89.47,1.27,-2.81
1996-12-05,0.0,12.92,38.13,89.36,1.21,-2.08
1996-12-06,0.0,11.77,44.86,89.51,1.28,-0.77
1996-12-07,0.0,11.35,36.17,89.61,1.45,-4.19
1996-12-08,0.0,11.33,30.45,89.48,1.37,-6.83
1996-12-09,0.0,12.77,27.8,89.37,1.27,-6.32
1996-12-10,0.13,11.99,29.65,89.43,1.27,-6.07
1996-12-11,0.0,12.23,30.92,89.47,1.08,-5.01
1996-12-12,0.0,12.71,30.04,89.52,1.17,-5.19
1996-12-13,0.0,13.34,31.01,89.54,1.23,-4.11
1996-12-14,0.0,12.25,34.26,89.34,1.55,-3.95
1996-12-15,0.0,11.48,33.78,89.17,1.34,-4.82
1996-12-16,0.0,11.85,31.96,89.41,1.09,-5.05
1996-12-17,0.0,12.14,34.35,89.65,1.25,-3.93
1996-12-18,0.0,12.24,32.45,89.53,1.13,-4.75
1996-12-19,0.0,12.58,34.41,89.71,1.14,-3.37
1996-12-20,0.0,12.66,35.17,89.75,1.14,-2.99
1996-12-21,0.0,11.79,35.52,89.75,1.26,-3.66
1996-12-22,0.0,11.43,33.13,89.74,1.21,-4.91
1996-12-23,0.0,11.43,31.71,89.66,1.31,-5.59
1996-12-24,0.0,11.82,30.38,89.57,1.09,-5.62
1996-12-25,0.0,13.43,40.4,89.67,1.18,-0.83
1996-12-26,0.0,13.58,58.96,89.6,1.4,4.94
1996-12-27,0.02,12.25,51.95,89.57,1.29,1.78
1996-12-28,0.0,11.93,41.35,89.5,1.32,-1.84
1996-12-29,0.0,11.82,37.91,89.56,1.21,-2.85
1996-12-30,0.0,11.75,37.99,89.66,1.16,-2.89
1996-12-31,0.0,12.53,37.55,89.8,1.25,-2.34
1997-01-01,0.0,12.33,37.05,89.76,1.19,-2.71
1997-01-02,0.0,12.23,35.54,89.55,1.18,-3.23
1997-01-03,0.0,11.82,37.53,89.47,1.12,-2.77
1997-01-04,0.0,11.62,37.29,89.58,1.02,-2.94
1997-01-05,0.0,11.99,38.44,89.6,1.25,-2.29
1997-01-06,0.0,10.43,42.09,89.7,1.33,-2.62
1997-01-07,0.0,10.67,38.94,89.75,1.3,-3.33
1997-01-08,0.0,10.59,37.45,89.84,1.35,-4.09
1997-01-09,0.0,10.47,33.08,89.8,1.39,-6.12
1997-01-10,0.0,11.3,26.45,89.75,1.23,-8.09
1997-01-11,0.0,10.99,28.34,89.71,1.23,-7.26
1997-01-12,0.0,9.85,33.57,89.64,1.38,-6.37
1997-01-13,0.0,10.33,30.81,89.51,1.37,-6.94
1997-01-14,0.0,10.24,29.08,89.54,1.42,-7.43
1997-01-15,0.0,9.51,34.49,89.55,1.48,-6.32
1997-01-16,0.0,8.46,35.08,89.45,1.53,-7.01
1997-01-17,0.0,9.11,32.76,89.45,1.2,-7.13
1997-01-18,0.0,10.09,35.48,89.58,1.24,-5.23
1997-01-19,1.37,8.3,61.26,89.23,2.6,0.78
1997-01-20,4.0,6.81,74.27,89.01,1.41,2.29
1997-01-21,6.89,6.79,73.3,89.27,1.12,1.89
1997-01-22,0.05,6.38,58.21,89.33,1.66,-2.17
1997-01-23,0.52,7.69,44.78,89.13,1.71,-4.89
1997-01-24,0.0,8.06,43.34,89.07,1.73,-4.47
1997-01-25,0.0,9.44,36.48,89.17,1.58,-5.94
1997-01-26,0.0,10.84,30.18,89.4,1.38,-7.29
1997-01-27,0.15,10.8,43.61,89.55,1.08,-1.94
1997-01-28,0.0,10.2,52.25,89.34,1.63,-0.67
1997-01-29,0.0,11.18,41.36,89.28,1.41,-2.27
1997-01-30,0.0,11.17,39.65,89.27,1.45,-2.85
1997-01-31,0.0,10.11,40.22,89.01,1.58,-3.66
1997-02-01,0.0,9.82,40.8,89.01,1.85,-3.75
1997-02-02,0.04,10.21,54.19,88.94,1.5,0.55
1997-02-03,0.41,10.88,58.33,89.02,1.3,2.14
1997-02-04,0.48,10.04,59.44,89.12,1.35,1.66
1997-02-05,0.01,9.72,54.26,89.15,1.69,-0.07
1997-02-06,0.0,8.9,41.33,89.15,1.83,-4.74
1997-02-07,0.0,9.05,32.23,89.11,2.06,-7.76
1997-02-08,0.0,10.37,29.91,88.93,1.76,-7.52
1997-02-09,0.3,11.85,35.1,88.91,1.58,-4.01
1997-02-10,0.48,10.07,40.01,89.17,1.87,-3.8
1997-02-11,0.94,9.54,38.22,89.35,1.76,-5.53
1997-02-12,2.64,10.65,32.36,89.3,2.06,-6.97
1997-02-13,0.0,13.26,30.9,89.24,2.12,-4.96
1997-02-14,0.0,12.89,41.12,89.13,2.27,-1.08
1997-02-15,0.0,11.65,40.41,89.02,1.8,-2.54
1997-02-16,0.0,10.94,34.99,89.05,1.83,-5.26
1997-02-17,0.12,11.48,31.84,89.1,1.71,-5.88
1997-02-18,0.0,12.57,27.25,89.25,1.69,-6.85
1997-02-19,0.01,12.07,30.43,89.4,1.45,-5.84
1997-02-20,0.76,12.0,30.6,89.51,1.74,-5.89
1997-02-21,0.0,12.47,29.5,89.52,1.72,-6.11
1997-02-22,0.0,12.16,29.15,89.38,1.97,-6.69
1997-02-23,0.0,13.18,29.06,89.3,1.95,-5.62
1997-02-24,0.0,15.58,31.69,89.41,1.61,-2.56
1997-02-25,0.0,16.21,45.71,89.52,1.83,3.64
1997-02-26,0.0,15.74,37.76,89.37,2.05,-0.4
1997-02-27,0.0,14.43,24.0,89.32,1.83,-7.74
1997-02-28,0.0,16.33,20.8,89.31,1.84,-7.9
1997-03-01,0.0,18.76,23.1,89.4,1.84,-3.93
1997-03-02,0.0,19.39,25.49,89.5,1.75,-1.8
1997-03-03,0.04,16.28,28.32,89.57,1.68,-3.5
1997-03-04,0.0,16.58,23.49,89.48,1.76,-5.66
1997-03-05,0.0,16.11,21.67,89.53,1.7,-7.16
1997-03-06,0.0,17.14,20.29,89.59,1.37,-7.2
1997-03-07,0.0,18.3,23.81,89.63,1.87,-4.0
1997-03-08,0.0,19.15,26.24,89.55,1.82,-1.97
1997-03-09,0.0,18.42,28.32,89.34,2.18,-1.61
1997-03-10,0.0,19.23,29.39,89.36,2.08,-0.26
1997-03-11,0.0,19.44,33.6,89.46,1.81,1.74
1997-03-12,0.0,19.0,31.01,89.33,1.64,-0.61
1997-03-13,0.34,18.3,30.26,89.24,1.71,-0.13
1997-03-14,2.0,16.63,38.23,89.21,1.64,0.68
1997-03-15,0.54,17.64,45.85,89.29,1.83,4.94
1997-03-16,2.82,17.06,52.67,89.27,1.66,6.46
1997-03-17,0.05,16.65,43.33,89.08,2.27,1.98
1997-03-18,5.59,16.43,55.48,89.22,2.02,6.74
1997-03-19,1.45,17.83,58.08,89.05,2.03,8.65
1997-03-20,0.22,17.01,50.81,88.82,1.61,5.88
1997-03-21,0.42,16.84,41.94,88.86,1.87,2.52
1997-03-22,0.43,16.63,34.68,89.01,1.8,-0.34
1997-03-23,0.0,15.56,32.04,89.14,1.93,-2.49
1997-03-24,0.01,16.31,28.01,89.13,1.7,-3.86
1997-03-25,0.51,17.49,27.9,89.19,1.89,-3.03
1997-03-26,0.0,18.31,25.17,89.3,1.65,-3.39
1997-03-27,0.0,20.15,22.6,89.32,1.76,-3.32
1997-03-28,0.0,19.66,35.97,89.33,2.22,2.57
1997-03-29,0.93,16.34,62.19,89.15,1.65,8.73
1997-03-30,2.14,17.1,52.35,89.03,1.24,6.07
1997-03-31,2.27,16.93,55.99,89.21,1.23,7.62
1997-04-01,0.0,17.28,50.9,89.08,1.39,6.3
1997-04-02,0.01,19.01,42.61,89.0,1.62,4.74
1997-04-03,5.34,14.66,73.64,89.17,2.15,9.85
1997-04-04,18.93,15.27,61.91,89.38,1.4,7.5
1997-04-05,11.08,14.38,58.86,89.32,1.51,5.52
1997-04-06,0.66,16.37,47.51,89.18,2.0,3.82
1997-04-07,1.34,18.53,42.71,88.89,1.79,4.47
1997-04-08,0.0,20.35,41.06,88.94,1.61,5.69
1997-04-09,0.12,20.29,43.64,89.07,1.5,6.82
1997-04-10,3.27,19.76,44.09,89.15,1.43,6.44
1997-04-11,7.81,19.97,45.49,89.18,1.68,6.75
1997-04-12,0.05,21.44,42.1,89.07,1.93,6.95
1997-04-13,0.0,22.27,37.4,88.87,2.09,5.23
1997-04-14,0.0,22.75,36.62,89.04,1.87,5.67
1997-04-15,0.0,22.37,35.99,89.12,2.59,5.07
1997-04-16,1.4,21.5,36.55,89.07,1.97,4.4
1997-04-17,4.76,18.94,40.3,89.12,1.7,3.67
1997-04-18,0.0,20.25,35.34,89.24,1.68,2.92
1997-04-19,0.0,21.7,34.45,89.29,2.08,3.98
1997-04-20,0.0,21.56,34.88,89.18,1.82,4.03
1997-04-21,0.0,22.55,35.07,89.08,1.66,5.05
1997-04-22,0.0,23.51,33.98,89.13,1.81,5.15
1997-04-23,0.0,23.59,34.21,89.24,1.63,5.4
1997-04-24,0.0,24.26,33.95,89.1,1.72,5.85
1997-04-25,0.0,25.36,31.97,88.93,2.03,5.83
1997-04-26,0.0,26.55,28.38,89.0,1.65,4.98
1997-04-27,0.0,23.88,41.92,89.22,1.43,9.64
1997-04-28,0.0,24.43,44.19,89.18,1.85,10.63
1997-04-29,0.14,24.22,36.03,89.18,1.73,6.74
1997-04-30,0.0,23.88,34.32,89.29,1.71,5.91
1997-05-01,0.02,22.74,36.28,89.26,1.54,5.68
1997-05-02,0.1,21.73,40.29,89.24,1.47,7.06
1997-05-03,2.03,23.31,39.75,89.04,1.86,7.44
1997-05-04,22.18,22.96,49.46,88.92,1.5,10.32
1997-05-05,1.79,21.77,52.08,88.87,1.51,11.11
1997-05-06,0.07,23.1,48.77,88.83,1.32,11.18
1997-05-07,0.24,23.81,47.05,88.83,1.51,11.0
1997-05-08,4.07,22.66,50.47,89.0,1.48,11.29
1997-05-09,0.07,22.28,37.11,88.99,2.0,4.48
1997-05-10,17.25,20.87,36.76,88.72,2.6,2.91
1997-05-11,0.0,22.24,28.42,88.81,2.73,0.55
1997-05-12,0.0,24.36,30.78,88.79,1.93,4.16
1997-05-13,0.0,24.47,33.52,88.88,1.59,5.29
1997-05-14,0.0,23.97,31.72,89.09,1.83,4.26
1997-05-15,0.03,23.91,28.52,89.09,2.02,2.4
1997-05-16,0.0,23.59,27.96,88.91,1.94,1.56
1997-05-17,0.0,24.66,25.3,88.77,1.91,1.09
1997-05-18,0.0,25.61,23.38,88.71,2.34,1.08
1997-05-19,0.0,25.64,23.83,88.48,1.89,1.58
1997-05-20,0.0,25.3,22.65,88.43,2.02,0.21
1997-05-21,0.0,26.32,20.35,88.62,2.51,-0.07
1997-05-22,0.0,26.98,20.68,88.73,2.4,0.29
1997-05-23,0.0,26.6,25.16,88.75,2.23,3.27
1997-05-24,0.0,27.18,30.13,88.77,1.88,7.27
1997-05-25,0.9,26.04,31.6,88.78,1.64,6.97
1997-05-26,2.97,26.55,34.28,88.68,1.95,8.1
1997-05-27,0.1,26.75,32.49,88.67,2.07,7.41
1997-05-28,0.13,28.11,30.88,88.7,2.23,7.99
1997-05-29,1.6,28.15,29.5,88.66,2.26,7.22
1997-05-30,1.8,27.04,36.47,88.73,2.09,9.87
1997-05-31,4.91,26.12,42.64,88.89,1.91,11.46
1997-06-01,0.01,25.64,44.1,88.8,1.65,11.54
1997-06-02,0.25,22.87,49.89,88.81,0.99,11.52
1997-06-03,0.04,24.59,46.92,88.92,1.7,11.55
1997-06-04,0.75,25.84,49.72,89.03,1.66,13.73
1997-06-05,8.16,25.5,53.18,88.85,1.7,14.52
1997-06-06,7.47,25.49,56.09,88.67,1.8,14.99
1997-06-07,0.91,26.09,48.55,88.72,2.46,13.53
1997-06-08,6.5,26.86,49.95,88.77,2.27,14.36
1997-06-09,0.0,27.62,43.14,88.67,1.91,12.66
1997-06-10,0.0,27.71,39.3,88.55,2.23,11.32
1997-06-11,0.12,27.78,37.54,88.53,1.91,10.86
1997-06-12,0.0,27.68,43.62,88.72,1.55,13.51
1997-06-13,7.65,27.16,47.69,88.87,1.26,14.43
1997-06-14,28.45,27.98,50.29,88.75,1.56,15.85
1997-06-15,0.0,28.6,43.86,88.63,1.6,14.08
1997-06-16,0.0,29.91,38.32,88.49,2.06,12.86
1997-06-17,0.03,29.94,35.97,88.28,3.11,11.76
1997-06-18,0.54,29.67,42.6,88.28,1.98,14.64
1997-06-19,32.98,25.84,64.31,88.45,1.65,18.2
1997-06-20,20.71,24.8,70.45,88.66,1.45,18.48
1997-06-21,14.31,25.69,64.98,88.59,1.58,17.84
1997-06-22,3.27,26.64,62.61,88.48,1.5,18.3
1997-06-23,0.24,28.25,54.63,88.33,1.51,17.78
1997-06-24,16.95,27.74,60.66,88.21,1.36,19.1
1997-06-25,8.91,27.56,62.5,88.07,1.28,19.37
1997-06-26,5.81,27.8,60.29,88.08,1.38,18.99
1997-06-27,1.88,28.23,53.63,87.99,1.24,17.25
1997-06-28,4.33,27.22,51.58,87.8,1.24,15.83
1997-06-29,1.23,27.03,54.92,87.72,1.52,16.46
1997-06-30,9.37,26.92,57.04,87.9,1.41,17.13
1997-07-01,0.49,26.96,61.6,88.11,1.49,18.39
1997-07-02,0.44,28.78,49.23,88.07,1.73,16.11
1997-07-03,0.34,29.55,44.35,88.13,1.24,15.31
1997-07-04,0.06,28.4,50.63,88.19,1.44,16.62
1997-07-05,0.32,28.29,56.07,88.27,1.54,18.05
1997-07-06,17.76,28.16,63.91,88.23,1.58,20.13
1997-07-07,10.5,27.49,68.57,88.21,1.3,20.56
1997-07-08,18.8,26.59,71.45,88.21,1.14,20.62
1997-07-09,13.33,26.12,73.6,88.07,1.65,20.76
1997-07-10,6.49,26.61,75.27,87.82,1.98,21.53
1997-07-11,46.24,24.79,86.4,87.98,1.85,22.19
1997-07-12,13.6,24.95,82.6,88.18,1.2,21.57
1997-07-13,2.91,25.64,76.14,88.23,1.72,20.88
1997-07-14,15.08,25.9,75.14,88.35,1.52,20.93
1997-07-15,32.39,24.26,85.4,88.25,1.46,21.52
1997-07-16,11.88,23.77,89.08,88.11,1.44,21.78
1997-07-17,15.07,25.12,85.11,88.18,1.4,22.29
1997-07-18,1.37,25.58,84.77,88.44,1.44,22.67
1997-07-19,5.04,24.21,88.56,88.6,1.32,22.15
1997-07-20,5.15,24.3,87.07,88.55,1.24,21.9
1997-07-21,30.64,23.81,89.56,88.64,1.33,21.91
1997-07-22,4.44,24.4,85.48,88.65,0.94,21.63
1997-07-23,2.33,25.04,79.28,88.58,1.11,20.94
1997-07-24,4.76,23.07,90.79,88.57,1.87,21.41
1997-07-25,0.43,24.46,76.26,88.47,1.01,19.67
1997-07-26,3.72,25.05,81.33,88.44,1.2,21.46
1997-07-27,3.91,24.63,81.3,88.44,0.98,21.02
1997-07-28,30.19,24.44,86.48,88.47,1.12,21.92
1997-07-29,2.55,24.46,82.81,88.29,1.07,21.19
1997-07-30,1.42,24.36,86.5,88.17,1.04,21.87
1997-07-31,0.75,25.9,77.85,88.14,1.23,21.41
1997-08-01,3.6,25.65,80.89,88.11,1.06,21.92
1997-08-02,27.09,23.3,91.69,88.08,2.81,21.84
1997-08-03,13.56,23.56,86.57,88.15,1.23,21.05
1997-08-04,0.02,23.33,83.16,88.06,1.51,20.02
1997-08-05,0.0,24.63,77.19,88.28,1.04,20.04
1997-08-06,1.44,24.74,79.64,88.37,1.2,20.73
1997-08-07,4.09,24.14,85.91,88.47,1.73,21.49
1997-08-08,5.74,23.69,86.25,88.71,1.28,21.08
1997-08-09,9.29,23.9,84.14,88.73,1.28,20.84
1997-08-10,6.07,24.12,88.42,88.61,1.69,21.96
1997-08-11,8.4,23.66,88.43,88.54,1.66,21.52
1997-08-12,44.41,23.02,88.85,88.59,1.59,21.0
1997-08-13,15.91,22.83,88.36,88.58,1.2,20.7
1997-08-14,1.64,23.33,84.01,88.64,1.31,20.21
1997-08-15,8.25,23.76,82.56,88.71,1.28,20.38
1997-08-16,0.33,24.25,81.14,88.69,1.29,20.59
1997-08-17,0.01,24.54,82.33,88.53,1.2,21.12
1997-08-18,0.34,24.49,81.57,88.47,1.07,20.92
1997-08-19,18.53,23.45,90.02,88.55,1.13,21.62
1997-08-20,0.3,24.74,82.34,88.7,1.17,21.32
1997-08-21,0.72,23.56,84.52,88.83,1.24,20.69
1997-08-22,0.05,23.63,80.07,88.76,0.8,19.79
1997-08-23,5.58,22.93,85.94,88.69,1.14,20.31
1997-08-24,7.88,23.79,82.46,88.52,1.06,20.38
1997-08-25,7.11,22.79,89.03,88.42,1.66,20.78
1997-08-26,3.25,22.4,85.65,88.55,2.23,19.74
1997-08-27,8.74,23.42,83.25,88.67,1.79,20.3
1997-08-28,4.59,25.08,73.59,88.58,1.03,19.73
1997-08-29,3.73,23.96,79.41,88.54,1.12,19.97
1997-08-30,1.26,23.03,86.31,88.61,1.4,20.46
1997-08-31,7.62,23.03,85.09,88.63,0.98,20.15
1997-09-01,0.87,22.81,85.53,88.66,1.07,20.15
1997-09-02,3.44,22.91,85.69,88.66,1.39,20.31
1997-09-03,4.09,23.12,83.24,88.74,1.3,20.0
1997-09-04,0.02,23.39,79.3,88.77,1.24,19.35
1997-09-05,0.01,23.81,77.91,88.8,1.26,19.47
1997-09-06,0.43,23.65,78.2,88.87,1.28,19.37
1997-09-07,2.59,23.58,79.94,89.03,0.92,19.71
1997-09-08,4.93,23.36,82.42,89.09,0.99,20.0
1997-09-09,0.01,23.81,78.33,89.08,1.14,19.59
1997-09-10,1.47,23.19,82.66,89.05,1.22,19.9
1997-09-11,5.67,22.63,83.95,88.97,1.16,19.48
1997-09-12,7.37,22.69,84.76,88.82,1.2,19.78
1997-09-13,0.1,22.7,83.85,88.94,1.06,19.57
1997-09-14,4.93,22.74,80.7,88.92,1.23,18.95
1997-09-15,0.07,23.2,80.49,88.86,1.27,19.39
1997-09-16,5.6,22.57,82.43,88.93,1.12,19.18
1997-09-17,1.73,22.63,80.78,89.13,1.0,18.98
1997-09-18,0.46,22.82,75.55,89.07,1.29,17.94
1997-09-19,2.4,22.07,75.6,88.91,1.48,17.17
1997-09-20,0.77,22.77,72.51,89.06,1.17,17.22
1997-09-21,2.96,22.57,73.18,89.1,1.1,17.12
1997-09-22,0.03,22.14,70.22,89.05,1.23,15.99
1997-09-23,0.0,22.2,65.34,88.99,1.41,14.79
1997-09-24,0.0,22.01,62.98,88.86,1.25,14.0
1997-09-25,0.0,21.95,58.61,88.81,1.5,12.62
1997-09-26,0.0,21.85,52.17,88.78,1.44,10.62
1997-09-27,0.0,21.08,55.46,88.77,1.61,10.96
1997-09-28,0.0,21.12,53.08,88.95,1.48,10.27
1997-09-29,0.05,20.12,61.8,89.14,1.64,12.05
1997-09-30,0.1,19.16,64.74,89.13,1.65,11.74
1997-10-01,0.42,18.76,63.05,89.27,0.98,11.03
1997-10-02,0.18,18.69,69.15,89.39,1.31,12.64
1997-10-03,2.39,18.57,69.84,89.55,0.95,12.67
1997-10-04,0.49,19.03,69.13,89.53,1.09,12.81
1997-10-05,1.63,19.18,66.11,89.42,1.0,12.32
1997-10-06,0.3,19.1,58.49,89.39,1.37,10.13
1997-10-07,1.3,19.53,58.24,89.46,1.27,10.54
1997-10-08,0.0,20.18,56.35,89.52,1.21,10.67
1997-10-09,0.0,20.02,57.88,89.53,1.22,10.88
1997-10-10,0.0,19.87,61.03,89.52,1.35,11.56
1997-10-11,1.79,19.48,59.43,89.48,1.13,10.62
1997-10-12,0.21,18.94,61.0,89.57,1.3,10.48
1997-10-13,0.0,18.72,57.93,89.47,1.21,9.47
1997-10-14,0.0,18.97,54.66,89.44,1.4,8.73
1997-10-15,0.0,18.13,48.91,89.43,1.18,6.44
1997-10-16,0.0,18.86,46.42,89.53,1.35,6.05
1997-10-17,0.05,18.89,50.68,89.69,1.31,7.6
1997-10-18,0.81,19.03,55.56,89.61,1.49,9.17
1997-10-19,2.13,18.87,58.01,89.47,1.06,9.79
1997-10-20,4.12,18.51,66.58,89.5,1.24,11.87
1997-10-21,0.02,16.8,69.91,89.54,1.69,10.79
1997-10-22,0.0,17.38,56.88,89.4,1.13,7.94
1997-10-23,0.0,16.15,59.53,89.43,1.19,7.89
1997-10-24,3.59,16.12,55.63,89.61,0.94,6.86
1997-10-25,0.0,15.97,60.3,89.7,1.42,7.71
1997-10-26,0.0,15.24,62.64,89.67,1.23,7.73
1997-10-27,0.04,16.55,54.45,89.62,1.25,6.7
1997-10-28,0.86,15.83,65.96,89.63,0.82,9.14
1997-10-29,5.85,15.29,81.05,89.66,1.23,11.87
1997-10-30,0.75,16.29,65.78,89.82,1.16,9.3
1997-10-31,0.0,16.51,60.83,89.82,1.15,8.29
1997-11-01,0.0,16.77,56.46,89.72,1.26,7.19
1997-11-02,0.0,17.24,50.56,89.69,1.31,6.11
1997-11-03,0.0,17.19,47.08,89.81,1.3,5.2
1997-11-04,0.0,17.57,47.28,89.86,1.27,5.43
1997-11-05,0.0,18.34,45.96,89.77,1.25,5.78
1997-11-06,0.0,17.51,46.8,89.83,1.16,5.43
1997-11-07,0.0,17.53,45.71,89.85,1.27,4.86
1997-11-08,0.0,17.61,46.15,89.66,1.18,5.3
1997-11-09,3.57,16.2,55.65,89.49,1.36,6.7
1997-11-10,1.35,15.1,66.15,89.62,1.45,8.16
1997-11-11,0.0,15.84,55.6,89.49,1.26,6.24
1997-11-12,0.0,15.52,49.27,89.41,1.29,4.2
1997-11-13,0.0,15.55,48.17,89.4,1.34,3.82
1997-11-14,0.0,15.84,44.34,89.5,1.34,3.13
1997-11-15,0.0,14.92,42.33,89.43,1.35,1.46
1997-11-16,0.0,14.88,41.32,89.45,1.28,0.88
1997-11-17,0.0,15.78,44.41,89.45,1.15,2.94
1997-11-18,0.0,15.77,49.31,89.35,1.22,4.63
1997-11-19,0.0,14.39,51.67,89.39,1.28,3.86
1997-11-20,0.0,13.55,54.43,89.66,1.27,3.75
1997-11-21,0.0,14.37,48.26,89.81,1.23,2.9
1997-11-22,0.36,15.18,45.01,89.78,1.06,2.79
1997-11-23,0.0,14.62,52.63,89.51,1.2,4.37
1997-11-24,0.06,14.18,59.35,89.28,1.27,5.74
1997-11-25,1.38,13.74,67.51,89.33,1.38,7.48
1997-11-26,8.94,12.75,86.68,89.47,1.45,10.47
1997-11-27,0.01,13.04,64.75,89.6,1.2,5.77
1997-11-28,0.0,13.67,45.86,89.62,1.27,1.17
1997-11-29,0.0,14.02,42.42,89.7,1.12,0.71
1997-11-30,7.49,12.89,52.19,89.6,1.26,1.75
1997-12-01,3.49,9.8,71.18,89.65,1.15,4.41
1997-12-02,0.0,12.42,49.29,89.62,1.2,1.11
1997-12-03,0.0,11.78,48.72,89.6,1.26,0.82
1997-12-04,0.0,11.78,49.81,89.68,1.38,1.17
1997-12-05,0.0,12.64,47.69,89.78,1.31,1.19
1997-12-06,0.0,13.47,45.51,89.84,1.42,1.03
1997-12-07,0.02,14.61,42.72,89.53,1.27,0.88
1997-12-08,1.38,14.48,58.81,89.3,1.68,5.63
1997-12-09,23.33,10.02,85.58,89.12,1.71,7.63
1997-12-10,21.44,10.02,87.49,89.38,1.24,7.84
1997-12-11,0.0,10.41,76.07,89.44,1.14,5.76
1997-12-12,0.09,11.27,66.28,89.54,1.12,4.75
1997-12-13,3.33,10.85,73.45,89.48,1.1,5.95
1997-12-14,0.74,9.05,76.54,89.49,0.93,4.53
1997-12-15,0.0,9.69,57.85,89.58,1.21,0.91
1997-12-16,0.01,11.14,59.08,89.82,1.29,3.02
1997-12-17,0.0,11.41,53.93,89.69,1.12,1.71
1997-12-18,0.0,10.57,48.75,89.66,1.23,-0.35
1997-12-19,0.0,10.49,47.53,89.65,1.09,-0.81
1997-12-20,0.0,9.98,47.7,89.58,1.24,-1.42
1997-12-21,0.0,9.31,44.79,89.51,1.15,-2.89
1997-12-22,0.19,9.0,46.33,89.64,1.0,-2.38
1997-12-23,0.0,9.64,46.13,89.58,1.18,-1.96
1997-12-24,0.0,10.19,42.55,89.44,1.28,-2.64
1997-12-25,0.0,9.45,46.17,89.6,1.12,-2.03
1997-12-26,0.0,9.13,43.19,89.66,1.07,-3.3
1997-12-27,0.0,9.01,41.59,89.61,1.22,-3.69
1997-12-28,0.0,9.86,41.81,89.7,1.26,-3.06
1997-12-29,0.6,10.33,43.78,89.73,1.12,-2.03
1997-12-30,2.79,8.01,69.78,89.75,1.23,2.32
1997-12-31,0.0,8.32,60.62,89.69,1.1,0.3
1998-01-01,0.0,8.37,47.59,89.6,1.2,-2.98
1998-01-02,0.0,9.18,40.29,89.69,1.19,-4.2
1998-01-03,0.0,10.26,34.49,89.75,1.31,-5.72
1998-01-04,0.0,11.18,34.19,89.75,0.74,-4.43
1998-01-05,0.0,10.95,39.69,89.47,1.12,-2.88
1998-01-06,0.0,10.12,43.25,89.43,1.09,-2.44
1998-01-07,0.0,10.85,46.34,89.65,1.03,-0.61
1998-01-08,0.0,11.58,46.19,89.58,1.21,-0.17
1998-01-09,0.0,11.62,49.96,89.45,1.34,0.86
1998-01-10,0.0,11.94,46.1,89.37,1.42,-0.52
1998-01-11,0.0,13.05,43.17,89.39,1.23,-0.06
1998-01-12,0.5,12.01,52.53,89.14,1.75,1.8
1998-01-13,0.05,10.52,59.09,89.08,1.62,2.23
1998-01-14,0.04,11.11,45.55,89.19,1.23,-1.75
1998-01-15,0.15,10.67,61.27,89.21,1.33,3.05
1998-01-16,0.0,10.05,57.02,88.99,1.24,0.77
1998-01-17,0.0,9.51,45.58,89.25,1.45,-2.11
1998-01-18,0.0,7.7,46.03,89.4,1.4,-4.15
1998-01-19,0.0,8.77,36.54,89.39,1.44,-6.07
1998-01-20,0.0,8.81,37.71,89.52,1.52,-5.24
1998-01-21,0.0,7.78,42.48,89.41,1.39,-5.08
1998-01-22,0.0,8.7,35.87,89.36,1.4,-6.67
1998-01-23,0.0,8.0,35.92,89.55,1.39,-6.72
1998-01-24,0.0,9.01,32.82,89.65,1.43,-7.14
1998-01-25,0.0,10.57,34.23,89.73,1.33,-5.36
1998-01-26,0.0,10.5,32.44,89.59,1.4,-6.2
1998-01-27,0.01,9.73,40.45,89.67,1.55,-3.78
1998-01-28,0.06,11.22,53.55,89.87,1.8,1.52
1998-01-29,1.16,9.23,79.46,89.8,1.87,5.63
1998-01-30,0.0,10.84,61.63,89.86,1.26,2.57
1998-01-31,0.0,12.29,43.91,89.82,1.36,-0.49
1998-02-01,0.15,13.22,46.65,89.68,1.47,1.34
1998-02-02,1.47,11.58,70.59,89.72,1.03,6.22
1998-02-03,0.0,11.84,58.23,89.68,1.49,2.98
1998-02-04,0.0,9.95,42.67,89.62,1.66,-3.52
1998-02-05,0.0,9.85,36.8,89.49,1.5,-5.37
1998-02-06,0.0,10.03,33.1,89.45,1.36,-6.14
1998-02-07,0.2,10.21,36.08,89.5,1.44,-5.03
1998-02-08,2.2,10.56,36.58,89.68,1.57,-4.85
1998-02-09,0.0,10.94,33.41,89.65,1.65,-5.72
1998-02-10,0.0,13.35,31.39,89.73,1.32,-4.05
1998-02-11,0.0,14.22,38.78,89.65,1.6,-0.48
1998-02-12,0.0,14.79,40.07,89.47,1.48,0.39
1998-02-13,0.0,14.71,40.76,89.54,1.18,0.99
1998-02-14,0.18,14.94,42.62,89.61,1.63,1.18
1998-02-15,0.35,14.19,56.35,89.42,1.1,5.24
1998-02-16,0.0,15.02,53.02,89.26,1.41,4.64
1998-02-17,0.01,15.73,54.54,89.3,1.71,5.51
1998-02-18,0.18,14.09,55.91,89.18,1.46,4.55
1998-02-19,0.95,12.71,55.52,89.15,1.64,3.03
1998-02-20,0.02,12.6,47.04,89.18,1.52,0.19
1998-02-21,0.0,12.46,37.79,89.42,1.59,-2.67
1998-02-22,0.0,11.95,35.65,89.41,1.53,-3.88
1998-02-23,0.09,11.25,41.36,89.41,1.32,-2.42
1998-02-24,2.08,9.41,74.18,89.45,3.15,4.92
1998-02-25,4.23,11.21,74.57,89.34,1.88,6.62
1998-02-26,0.08,13.19,60.98,89.3,1.22,5.08
1998-02-27,0.0,12.98,51.29,89.36,1.47,2.23
1998-02-28,0.0,13.65,46.1,89.47,1.61,1.41
1998-03-01,0.0,13.39,41.78,89.43,1.72,-0.61
1998-03-02,0.0,14.09,36.11,89.39,1.6,-2.32
1998-03-03,0.07,16.7,34.25,89.51,1.33,-0.48
1998-03-04,1.81,13.27,63.59,89.69,1.88,6.37
1998-03-05,7.58,12.57,69.89,89.46,1.47,6.88
1998-03-06,7.37,12.44,67.06,89.22,1.45,6.02
1998-03-07,0.0,12.36,44.81,89.04,1.99,-1.51
1998-03-08,0.0,11.65,33.76,88.94,2.4,-5.44
1998-03-09,0.0,13.74,30.22,89.08,2.04,-5.36
1998-03-10,0.0,15.27,31.73,89.09,1.97,-2.96
1998-03-11,0.11,17.14,31.73,89.22,1.53,-1.27
1998-03-12,8.85,14.53,57.92,89.31,2.23,5.18
1998-03-13,10.57,12.48,67.04,89.35,0.96,5.78
1998-03-14,0.0,14.12,45.77,89.27,1.55,0.96
1998-03-15,0.0,15.48,37.98,89.42,1.64,0.16
1998-03-16,0.0,16.08,37.12,89.69,1.47,0.02
1998-03-17,0.0,17.22,37.47,89.57,1.54,1.39
1998-03-18,0.0,16.3,46.32,89.47,1.51,3.99
1998-03-19,0.0,15.91,44.97,89.4,1.68,2.83
1998-03-20,0.0,16.94,46.4,89.16,2.0,4.27
1998-03-21,0.0,18.2,48.58,89.21,2.25,6.29
1998-03-22,0.01,19.84,46.63,88.94,2.2,6.99
1998-03-23,0.19,18.65,38.5,88.83,1.85,2.54
1998-03-24,0.0,17.08,34.94,88.97,1.54,0.2
1998-03-25,0.0,16.11,31.08,88.97,1.77,-2.54
1998-03-26,0.0,17.57,23.59,89.17,1.5,-5.31
1998-03-27,0.0,18.72,25.35,89.46,1.73,-3.24
1998-03-28,0.06,18.34,33.62,89.42,1.5,0.45
1998-03-29,7.3,16.72,56.1,89.37,2.03,7.17
1998-03-30,0.0,16.45,55.33,89.37,1.67,6.11
1998-03-31,0.0,18.81,38.93,89.5,1.52,3.3
1998-04-01,0.0,20.03,34.95,89.59,1.34,2.75
1998-04-02,0.0,21.53,33.43,89.38,1.65,3.75
1998-04-03,1.0,21.97,39.67,89.29,1.74,5.96
1998-04-04,7.46,20.36,54.29,89.41,1.7,9.65
1998-04-05,0.0,20.56,43.37,89.53,1.96,6.44
1998-04-06,0.0,22.04,36.5,89.3,2.01,5.07
1998-04-07,0.0,22.4,37.06,89.13,1.66,5.67
1998-04-08,1.59,21.51,46.14,89.07,2.0,8.78
1998-04-09,1.56,21.97,46.07,88.97,2.08,8.91
1998-04-10,0.52,21.55,37.66,89.06,1.75,4.57
1998-04-11,0.0,21.77,33.15,89.28,1.94,3.32
1998-04-12,0.0,20.35,32.69,89.09,2.01,1.69
1998-04-13,0.0,20.52,30.83,88.88,1.94,1.26
1998-04-14,0.0,21.7,28.46,89.18,1.77,1.1
1998-04-15,0.0,22.11,25.76,89.36,1.8,-0.69
1998-04-16,0.0,22.65,24.21,89.18,1.76,-1.12
1998-04-17,0.0,23.57,25.13,89.04,1.96,0.73
1998-04-18,0.0,24.54,23.59,89.12,1.87,0.41
1998-04-19,0.0,24.9,24.2,88.97,2.04,1.36
1998-04-20,0.0,25.63,23.94,88.84,2.25,1.68
1998-04-21,0.0,26.57,23.07,88.83,1.97,2.31
1998-04-22,0.0,26.5,26.64,88.86,1.96,4.39
1998-04-23,0.0,26.06,26.83,88.8,1.72,4.12
1998-04-24,0.0,25.88,25.18,89.0,2.01,2.97
1998-04-25,0.49,26.14,26.99,89.15,2.02,4.28
1998-04-26,14.31,22.15,51.19,89.27,1.15,10.94
1998-04-27,0.0,24.93,41.61,89.05,1.98,9.13
1998-04-28,0.0,25.17,31.35,88.98,1.71,5.41
1998-04-29,0.0,25.62,26.41,88.9,2.14,2.93
1998-04-30,0.0,26.04,28.03,88.93,1.98,4.16
1998-05-01,0.0,26.75,32.25,88.97,2.21,7.32
1998-05-02,0.0,28.12,31.49,89.08,1.99,8.48
1998-05-03,0.0,28.25,30.55,89.09,1.79,7.9
1998-05-04,0.0,27.97,27.92,88.79,1.9,5.79
1998-05-05,0.0,27.91,22.51,88.75,2.11,2.74
1998-05-06,4.7,27.45,31.18,89.0,1.79,6.93
1998-05-07,39.24,23.12,68.49,89.2,1.16,16.87
1998-05-08,2.25,22.92,53.03,89.12,1.31,11.61
1998-05-09,1.13,23.31,43.8,88.9,1.67,9.4
1998-05-10,0.0,23.36,40.32,88.95,1.64,7.55
1998-05-11,0.02,22.84,40.11,89.09,1.59,7.57
1998-05-12,0.0,23.86,37.98,88.98,2.02,7.48
1998-05-13,0.0,25.67,35.0,89.0,1.6,7.63
1998-05-14,0.0,26.89,33.46,88.97,2.12,7.92
1998-05-15,0.0,27.51,29.33,88.75,1.86,6.28
1998-05-16,0.0,27.46,30.72,88.88,1.57,7.17
1998-05-17,0.0,28.05,34.71,88.96,1.89,9.96
1998-05-18,0.42,28.44,35.98,88.9,1.73,10.67
1998-05-19,7.42,27.52,44.06,88.6,1.87,12.9
1998-05-20,0.0,29.06,28.43,88.45,2.35,7.02
1998-05-21,0.0,29.17,22.65,88.57,1.95,3.3
1998-05-22,0.0,30.21,22.89,88.56,3.03,4.45
1998-05-23,0.0,30.38,22.62,88.38,2.28,4.46
1998-05-24,0.0,30.16,21.57,88.54,1.52,3.72
1998-05-25,0.0,29.25,24.64,88.68,1.89,5.69
1998-05-26,0.04,30.91,22.93,88.48,1.83,6.03
1998-05-27,2.6,29.17,26.05,88.58,1.84,6.04
1998-05-28,0.0,29.42,24.06,88.54,1.88,5.14
1998-05-29,0.0,29.09,21.11,88.49,2.1,2.94
1998-05-30,0.08,29.18,19.68,88.35,2.0,1.45
1998-05-31,0.0,30.21,16.12,88.5,2.12,-0.6
1998-06-01,0.0,30.81,16.57,88.51,2.52,0.71
1998-06-02,0.0,30.25,19.17,88.47,2.34,2.67
1998-06-03,0.0,29.64,18.86,88.53,2.52,1.87
1998-06-04,0.0,29.81,19.97,88.66,2.28,2.97
1998-06-05,0.46,29.71,24.21,88.68,2.24,5.96
1998-06-06,0.0,30.21,19.4,88.62,2.59,2.8
1998-06-07,0.0,30.34,21.67,88.45,2.88,5.19
1998-06-08,0.0,29.65,23.8,88.45,2.31,6.02
1998-06-09,0.0,29.09,23.57,88.35,2.53,5.17
1998-06-10,6.82,27.94,34.93,88.34,1.7,10.32
1998-06-11,6.94,24.57,66.45,88.46,2.8,17.59
1998-06-12,0.13,26.62,53.22,88.55,1.8,15.28
1998-06-13,0.01,27.96,36.0,88.48,1.89,9.36
1998-06-14,0.88,29.0,31.04,88.76,1.7,8.22
1998-06-15,0.74,29.27,40.15,88.91,1.75,13.79
1998-06-16,12.87,27.04,60.79,88.71,1.64,18.25
1998-06-17,3.26,27.28,64.34,88.47,1.63,19.31
1998-06-18,0.04,29.07,52.98,88.42,1.47,17.62
1998-06-19,0.03,29.88,49.68,88.46,1.56,17.5
1998-06-20,0.22,28.97,48.31,88.31,1.74,15.79
1998-06-21,0.44,29.1,42.4,88.2,1.8,13.95
1998-06-22,0.0,29.5,42.27,88.24,1.8,14.57
1998-06-23,2.11,29.98,40.01,88.2,1.89,14.04
1998-06-24,1.96,30.49,37.93,88.22,1.67,13.21
1998-06-25,0.0,31.16,33.07,88.17,1.82,12.06
1998-06-26,0.65,30.14,41.77,88.18,1.79,15.08
1998-06-27,1.98,28.91,55.61,88.27,1.53,18.45
1998-06-28,1.73,28.32,60.2,88.45,1.78,19.4
1998-06-29,13.24,26.58,69.34,88.34,1.19,20.27
1998-06-30,13.15,26.44,72.8,88.25,1.61,20.82
1998-07-01,13.45,27.42,70.48,88.22,1.42,21.26
1998-07-02,2.79,28.43,66.99,88.29,1.82,21.16
1998-07-03,30.93,25.61,82.73,88.4,1.99,22.27
1998-07-04,41.75,25.8,82.01,88.35,1.68,22.24
1998-07-05,21.44,25.02,86.1,88.22,1.93,22.37
1998-07-06,21.94,25.52,86.93,88.04,2.52,23.0
1998-07-07,8.71,26.05,83.26,88.03,2.19,22.68
1998-07-08,0.91,25.88,77.75,88.1,1.61,21.26
1998-07-09,2.07,26.52,74.12,88.21,1.49,21.06
1998-07-10,5.58,25.09,85.3,88.27,1.59,22.32
1998-07-11,2.33,25.33,82.25,88.19,1.32,21.89
1998-07-12,25.35,24.89,83.26,88.31,1.41,21.62
1998-07-13,1.38,25.21,77.72,88.39,1.41,20.6
1998-07-14,25.98,24.82,80.07,88.48,1.11,20.91
1998-07-15,5.79,25.19,80.56,88.44,1.43,21.29
1998-07-16,26.04,24.43,84.12,88.4,1.33,21.33
1998-07-17,11.36,24.28,83.22,88.38,1.27,21.02
1998-07-18,4.94,24.54,85.11,88.58,1.53,21.66
1998-07-19,19.69,24.04,84.39,88.61,1.32,21.02
1998-07-20,16.56,24.39,86.88,88.4,1.72,21.87
1998-07-21,1.71,24.45,85.16,88.4,2.14,21.55
1998-07-22,0.0,24.28,82.51,88.34,2.11,20.83
1998-07-23,17.25,24.93,79.73,88.35,1.65,20.96
1998-07-24,6.73,24.82,79.19,88.33,1.56,20.73
1998-07-25,1.89,23.67,82.3,88.33,1.15,20.33
1998-07-26,1.3,24.64,81.89,88.29,1.62,21.15
1998-07-27,0.36,25.7,74.79,88.31,1.42,20.6
1998-07-28,11.08,24.97,79.38,88.47,1.05,20.82
1998-07-29,8.53,24.81,81.64,88.65,1.39,21.16
1998-07-30,1.57,25.43,79.58,88.64,1.11,21.37
1998-07-31,1.31,24.92,84.07,88.65,1.5,21.8
1998-08-01,8.44,24.76,85.42,88.61,1.34,21.94
1998-08-02,15.24,24.19,88.06,88.52,1.56,21.93
1998-08-03,5.29,25.14,83.1,88.43,1.25,21.77
1998-08-04,1.51,24.39,87.5,88.32,1.65,22.0
1998-08-05,18.17,23.36,87.53,88.4,1.24,21.06
1998-08-06,5.93,24.09,83.36,88.44,1.24,20.86
1998-08-07,0.73,25.25,80.11,88.5,1.31,21.25
1998-08-08,0.65,25.74,79.98,88.49,1.25,21.78
1998-08-09,7.36,23.91,87.62,88.44,1.44,21.63
1998-08-10,2.23,24.0,86.67,88.5,1.25,21.5
1998-08-11,8.87,24.47,88.71,88.41,1.62,22.38
1998-08-12,2.37,24.42,88.33,88.21,1.56,22.2
1998-08-13,9.32,24.03,87.44,88.25,1.39,21.65
1998-08-14,21.37,23.89,85.16,88.5,1.16,21.08
1998-08-15,44.92,23.51,86.46,88.7,1.39,20.97
1998-08-16,28.39,23.18,91.4,88.63,1.48,21.64
1998-08-17,12.27,23.83,91.35,88.4,1.29,22.24
1998-08-18,10.2,23.75,90.13,88.54,1.56,21.93
1998-08-19,10.18,23.88,89.88,88.75,1.39,21.97
1998-08-20,14.73,24.16,88.27,88.63,1.1,21.92
1998-08-21,21.08,23.51,90.4,88.64,1.49,21.75
1998-08-22,18.97,23.0,89.0,88.79,1.27,20.92
1998-08-23,22.9,23.66,87.63,88.9,1.17,21.35
1998-08-24,12.88,23.63,91.65,88.87,1.41,22.11
1998-08-25,20.01,22.78,90.3,88.78,1.55,21.02
1998-08-26,8.11,24.08,84.96,88.75,1.06,21.15
1998-08-27,4.77,24.1,88.18,88.83,0.69,21.82
1998-08-28,7.98,23.77,87.34,88.76,1.01,21.38
1998-08-29,1.0,23.55,87.69,88.5,1.14,21.21
1998-08-30,2.06,23.43,89.65,88.37,1.34,21.49
1998-08-31,0.98,23.82,85.48,88.5,1.03,21.04
1998-09-01,0.51,23.45,82.12,88.66,1.1,19.98
1998-09-02,0.35,23.14,78.21,88.76,1.09,18.82
1998-09-03,0.06,23.15,79.26,88.89,1.14,19.12
1998-09-04,0.01,23.24,80.65,89.03,0.99,19.45
1998-09-05,0.0,23.55,83.41,88.94,1.17,20.32
1998-09-06,0.41,23.7,83.09,88.77,1.17,20.46
1998-09-07,0.14,23.53,83.68,88.87,1.05,20.36
1998-09-08,0.19,24.09,80.78,88.97,1.29,20.29
1998-09-09,2.2,23.56,83.23,88.95,1.44,20.41
1998-09-10,2.32,22.46,89.39,88.77,1.3,20.55
1998-09-11,1.37,23.17,83.9,88.81,1.02,20.09
1998-09-12,0.89,23.59,78.04,88.91,0.8,19.12
1998-09-13,4.41,23.47,82.29,88.83,1.03,20.0
1998-09-14,2.15,21.49,80.5,88.76,1.53,17.69
1998-09-15,1.28,21.55,82.04,88.65,0.94,18.16
1998-09-16,0.31,23.33,78.63,88.72,0.99,19.12
1998-09-17,0.25,23.89,82.78,88.91,1.01,20.59
1998-09-18,0.34,24.02,82.89,88.93,1.09,20.76
1998-09-19,7.59,23.35,87.38,88.87,0.88,21.04
1998-09-20,20.63,23.03,89.94,88.87,0.85,21.2
1998-09-21,28.84,21.82,90.43,88.9,1.47,20.06
1998-09-22,8.38,22.13,88.34,88.93,1.0,20.0
1998-09-23,15.11,22.45,86.78,89.03,0.87,20.04
1998-09-24,22.67,21.83,90.35,89.14,1.34,20.09
1998-09-25,0.97,22.51,82.9,89.18,0.93,19.29
1998-09-26,6.39,22.71,86.75,89.18,1.02,20.28
1998-09-27,0.06,23.42,88.08,89.15,1.14,21.18
1998-09-28,0.0,22.89,81.97,89.14,1.14,19.38
1998-09-29,0.01,22.16,79.86,89.05,1.11,18.23
1998-09-30,1.64,21.91,84.95,89.05,1.2,19.07
1998-10-01,38.64,21.72,83.74,89.06,1.0,18.67
1998-10-02,7.14,21.2,85.05,89.05,1.04,18.38
1998-10-03,0.6,20.64,83.46,88.92,1.09,17.44
1998-10-04,1.87,20.93,81.1,89.1,1.1,17.31
1998-10-05,18.7,20.84,82.54,89.22,1.14,17.57
1998-10-06,0.0,21.76,76.15,89.18,1.18,17.05
1998-10-07,0.0,22.4,78.73,89.19,1.13,18.3
1998-10-08,0.0,21.89,78.76,89.17,1.12,17.73
1998-10-09,0.0,21.5,73.54,89.12,1.15,16.14
1998-10-10,0.0,21.41,73.59,89.12,1.12,16.05
1998-10-11,0.0,21.22,68.41,89.15,1.09,14.6
1998-10-12,0.0,20.65,70.31,89.25,1.19,14.63
1998-10-13,0.0,20.65,71.34,89.32,1.15,14.95
1998-10-14,0.0,20.15,71.72,89.18,1.16,14.55
1998-10-15,0.63,19.76,70.34,88.97,0.9,13.74
1998-10-16,19.22,17.34,83.63,89.07,2.75,14.51
1998-10-17,51.32,17.89,82.49,89.11,2.69,14.82
1998-10-18,19.72,17.85,90.48,88.78,2.01,16.22
1998-10-19,0.51,20.43,82.44,88.76,1.08,17.11
1998-10-20,0.0,20.72,77.55,88.91,1.11,16.34
1998-10-21,0.0,20.47,72.66,88.99,1.08,15.0
1998-10-22,0.0,19.59,81.07,89.15,1.34,16.01
1998-10-23,0.0,18.66,81.18,89.23,1.24,15.15
1998-10-24,0.6,18.58,78.34,89.35,1.25,14.45
1998-10-25,0.0,18.68,73.99,89.35,1.19,13.64
1998-10-26,0.0,18.01,66.65,89.32,1.15,11.3
1998-10-27,0.0,16.99,58.81,89.32,1.32,8.31
1998-10-28,0.0,16.64,52.84,89.43,1.35,6.5
1998-10-29,0.0,17.74,52.58,89.42,1.23,7.48
1998-10-30,0.0,17.18,57.44,89.48,1.19,8.38
1998-10-31,0.0,17.47,55.21,89.54,1.19,7.92
1998-11-01,0.0,16.27,61.87,89.5,1.14,8.25
1998-11-02,0.0,16.97,63.79,89.54,1.01,9.64
1998-11-03,0.0,17.87,55.24,89.5,1.18,8.35
1998-11-04,0.0,17.97,49.12,89.45,1.23,6.82
1998-11-05,0.0,17.72,51.26,89.53,1.2,7.13
1998-11-06,0.2,16.93,62.73,89.57,1.2,9.31
1998-11-07,1.3,17.4,68.79,89.46,0.92,11.34
1998-11-08,3.34,14.68,83.49,89.41,1.57,11.74
1998-11-09,1.19,14.98,78.27,89.48,1.15,10.92
1998-11-10,0.0,14.71,73.57,89.4,1.23,9.61
1998-11-11,0.0,14.58,68.46,89.5,1.16,8.46
1998-11-12,0.0,15.91,59.93,89.58,1.11,7.7
1998-11-13,0.0,16.38,59.68,89.34,1.15,8.14
1998-11-14,0.0,16.34,58.35,89.36,1.12,7.74
1998-11-15,0.0,16.31,51.02,89.42,1.16,5.37
1998-11-16,0.0,16.57,49.65,89.29,1.24,5.22
1998-11-17,0.0,16.2,53.68,89.19,1.24,6.19
1998-11-18,0.09,16.62,59.71,89.2,1.06,8.31
1998-11-19,0.08,15.93,64.65,89.34,1.16,8.84
1998-11-20,0.05,15.79,62.79,89.38,1.14,8.1
1998-11-21,0.0,16.23,55.15,89.31,1.32,6.77
1998-11-22,0.0,16.04,60.18,89.36,1.46,8.06
1998-11-23,0.0,16.0,62.77,89.41,1.32,8.58
1998-11-24,0.0,15.74,64.03,89.45,1.27,8.22
1998-11-25,0.0,14.95,55.91,89.39,1.3,5.25
1998-11-26,0.0,14.86,47.21,89.37,1.27,2.92
1998-11-27,0.0,14.54,43.24,89.39,1.26,1.32
1998-11-28,0.0,14.5,40.11,89.41,1.34,0.12
1998-11-29,0.0,15.0,37.54,89.43,1.42,-0.64
1998-11-30,0.0,15.06,35.89,89.53,1.6,-1.02
1998-12-01,0.0,13.72,35.02,89.45,1.41,-2.55
1998-12-02,0.0,14.44,35.66,89.41,1.28,-1.46
1998-12-03,0.0,14.14,40.34,89.67,1.27,0.24
1998-12-04,0.0,14.78,40.32,89.57,1.04,0.72
1998-12-05,0.0,15.33,43.65,89.41,1.19,2.31
1998-12-06,0.0,15.56,44.82,89.6,0.97,3.03
1998-12-07,0.0,15.01,43.13,89.63,1.01,1.76
1998-12-08,0.0,14.51,38.97,89.47,1.16,-0.36
1998-12-09,0.0,12.63,39.63,89.51,1.17,-1.58
1998-12-10,0.0,12.07,42.16,89.57,1.25,-1.43
1998-12-11,0.0,11.88,43.14,89.66,1.27,-0.92
1998-12-12,0.0,11.59,49.46,89.63,1.25,0.76
1998-12-13,0.0,12.52,39.72,89.81,1.23,-1.54
1998-12-14,0.0,12.79,40.06,89.87,1.25,-1.09
1998-12-15,0.0,13.46,37.98,89.61,1.25,-1.39
1998-12-16,0.0,12.62,42.86,89.53,1.19,-0.32
1998-12-17,0.0,11.44,46.47,89.48,1.1,-0.13
1998-12-18,0.0,10.99,44.74,89.37,1.14,-1.14
1998-12-19,0.0,12.38,41.9,89.49,1.08,-0.83
1998-12-20,0.0,12.16,42.85,89.36,0.89,-0.45
1998-12-21,0.0,12.03,42.33,89.26,1.24,-0.88
1998-12-22,0.0,11.56,45.57,89.34,1.26,-0.38
1998-12-23,0.0,10.92,47.59,89.47,1.24,-0.28
1998-12-24,0.0,10.62,50.97,89.6,1.34,0.01
1998-12-25,0.0,11.24,41.98,89.62,1.23,-2.59
1998-12-26,0.0,10.89,40.33,89.53,1.18,-2.75
1998-12-27,0.0,10.57,38.67,89.46,1.05,-3.63
1998-12-28,0.0,11.09,37.85,89.68,1.21,-3.22
1998-12-29,0.0,11.89,37.45,89.61,1.11,-2.8
1998-12-30,0.0,10.97,42.47,89.49,1.29,-1.86
1998-12-31,0.0,9.54,56.67,89.56,1.26,0.81
1999-01-01,0.0,9.53,50.37,89.57,1.11,-1.18
1999-01-02,0.0,9.66,42.01,89.51,1.15,-3.38
1999-01-03,0.0,11.84,41.0,89.49,0.93,-1.36
1999-01-04,0.0,12.6,40.32,89.37,1.01,-1.05
1999-01-05,0.0,11.18,43.06,89.29,1.5,-1.55
1999-01-06,6.37,10.06,51.86,89.08,1.8,-0.26
1999-01-07,8.17,6.26,81.77,89.19,2.37,3.28
1999-01-08,0.14,7.79,75.86,89.34,1.24,3.21
1999-01-09,0.0,7.74,69.38,89.15,1.1,2.02
1999-01-10,0.0,7.86,60.95,89.36,1.0,-0.75
1999-01-11,0.0,9.87,42.58,89.48,1.28,-3.08
1999-01-12,0.0,9.44,45.65,89.49,1.36,-2.22
1999-01-13,0.0,8.81,47.15,89.51,1.24,-2.71
1999-01-14,0.0,10.51,42.39,89.62,1.29,-2.58
1999-01-15,0.0,10.7,40.26,89.65,1.34,-2.99
1999-01-16,0.0,10.28,42.22,89.62,1.28,-2.65
1999-01-17,0.0,10.59,45.82,89.54,1.26,-1.55
1999-01-18,0.0,11.29,40.91,89.45,1.2,-2.39
1999-01-19,0.0,12.1,40.27,89.42,1.36,-1.58
1999-01-20,0.0,13.05,48.08,89.58,0.98,1.88
1999-01-21,0.02,13.62,54.94,89.64,1.35,3.83
1999-01-22,0.0,13.49,48.81,89.46,1.32,2.18
1999-01-23,0.15,13.19,47.1,89.44,1.62,1.38
1999-01-24,0.09,12.82,50.63,89.57,1.5,2.03
1999-01-25,0.0,11.43,47.82,89.49,1.91,-0.24
1999-01-26,0.0,10.93,41.46,89.12,1.72,-3.34
1999-01-27,0.1,12.77,35.1,89.06,1.53,-3.22
1999-01-28,18.66,7.44,74.98,89.15,2.33,3.05
1999-01-29,0.11,8.27,68.4,89.24,1.17,2.01
1999-01-30,0.0,9.72,53.83,89.04,1.46,0.19
1999-01-31,0.0,9.12,54.25,89.14,1.36,-0.55
1999-02-01,0.0,9.18,44.69,89.41,1.62,-2.86
1999-02-02,0.01,10.31,38.61,89.68,1.61,-4.02
1999-02-03,0.03,11.19,46.94,89.74,1.33,-0.25
1999-02-04,0.01,11.63,39.19,89.71,1.53,-2.73
1999-02-05,0.0,11.84,39.02,89.72,1.65,-2.73
1999-02-06,0.0,12.38,33.44,89.69,1.41,-4.08
1999-02-07,0.04,14.45,29.36,89.62,1.21,-3.86
1999-02-08,0.18,13.76,42.64,89.62,1.07,0.53
1999-02-09,0.04,15.29,48.76,89.54,1.66,3.4
1999-02-10,0.0,15.46,42.07,89.5,1.55,1.89
1999-02-11,0.0,15.58,45.52,89.72,1.23,3.12
1999-02-12,0.0,16.53,45.79,89.84,1.27,4.14
1999-02-13,0.0,16.86,46.78,89.6,1.6,4.43
1999-02-14,0.0,16.92,37.6,89.41,1.66,0.67
1999-02-15,0.0,17.01,31.28,89.57,1.35,-1.07
1999-02-16,0.0,16.97,34.47,89.75,1.12,0.38
1999-02-17,0.0,16.93,39.34,89.6,1.72,0.99
1999-02-18,0.0,16.52,45.6,89.57,1.83,2.92
1999-02-19,0.0,15.33,44.77,89.58,1.72,1.99
1999-02-20,0.0,14.88,41.13,89.47,1.79,-0.63
1999-02-21,0.0,15.86,31.79,89.42,1.68,-2.85
1999-02-22,0.0,15.91,31.92,89.49,1.73,-2.32
1999-02-23,0.49,13.12,52.55,89.58,1.35,2.73
1999-02-24,1.06,15.95,55.89,89.46,1.35,6.31
1999-02-25,0.02,16.22,52.42,89.38,1.54,5.46
1999-02-26,0.07,15.21,49.63,89.37,1.61,3.88
1999-02-27,0.0,15.07,42.09,89.4,1.62,1.37
1999-02-28,0.0,14.96,36.44,89.44,1.73,-0.82
1999-03-01,0.0,15.0,35.65,89.32,1.71,-1.56
1999-03-02,0.0,16.29,34.32,89.2,1.67,-0.84
1999-03-03,0.0,17.81,36.98,89.27,1.5,1.76
1999-03-04,0.09,18.5,39.24,89.11,1.68,3.28
1999-03-05,0.37,19.26,40.4,88.94,2.18,3.87
1999-03-06,0.0,19.85,36.73,88.91,2.2,2.76
1999-03-07,0.0,20.22,38.3,88.99,2.09,4.14
1999-03-08,0.32,20.5,38.73,88.9,1.81,4.51
1999-03-09,0.2,18.52,46.65,88.81,1.83,5.69
1999-03-10,0.01,17.87,34.23,88.89,1.31,0.42
1999-03-11,0.0,17.28,33.13,88.93,1.95,-0.66
1999-03-12,0.0,15.44,30.27,88.95,1.99,-3.91
1999-03-13,0.0,14.74,26.96,89.0,2.21,-5.62
1999-03-14,0.0,17.68,21.64,88.97,2.17,-6.58
1999-03-15,0.0,19.19,19.7,89.08,2.01,-6.09
1999-03-16,0.0,18.93,21.29,88.87,1.85,-5.49
1999-03-17,0.0,19.73,19.81,88.78,1.89,-5.73
1999-03-18,0.0,18.32,22.92,88.95,1.85,-4.56
1999-03-19,0.0,17.37,22.12,89.04,2.17,-6.67
1999-03-20,0.0,16.76,21.66,88.99,2.35,-7.46
1999-03-21,0.0,16.55,25.45,88.86,2.12,-5.27
1999-03-22,0.0,18.37,23.09,88.98,1.96,-4.5
1999-03-23,0.0,18.78,25.99,89.1,2.08,-2.67
1999-03-24,0.0,20.09,26.38,89.03,2.5,-1.54
1999-03-25,0.0,20.77,28.75,88.99,1.54,1.16
1999-03-26,0.0,19.06,25.21,88.86,3.07,-2.93
1999-03-27,0.0,19.37,15.61,88.56,2.62,-10.79
1999-03-28,0.0,21.56,16.26,88.69,2.69,-6.88
1999-03-29,0.0,22.37,18.63,89.19,1.89,-4.65
1999-03-30,0.0,23.67,18.66,89.12,2.79,-3.64
1999-03-31,0.0,23.52,18.22,88.98,2.35,-3.87
1999-04-01,0.0,24.13,18.92,89.0,1.9,-2.67
1999-04-02,0.01,24.94,17.52,89.11,1.81,-2.69
1999-04-03,0.22,23.14,20.23,89.24,1.9,-2.51
1999-04-04,0.0,21.76,13.43,89.13,1.79,-9.47
1999-04-05,0.0,22.19,12.4,89.09,1.68,-9.3
1999-04-06,0.0,23.42,14.71,88.89,2.65,-6.44
1999-04-07,0.0,24.34,17.47,88.64,2.78,-3.43
1999-04-08,0.43,25.07,20.16,88.83,2.39,-0.49
1999-04-09,0.0,24.33,19.25,88.92,1.86,-2.16
1999-04-10,0.0,25.8,16.8,88.86,2.25,-2.22
1999-04-11,0.0,27.11,15.2,88.94,1.89,-3.16
1999-04-12,0.0,26.17,13.79,88.99,1.84,-4.67
1999-04-13,0.0,25.53,11.12,88.85,1.95,-8.16
1999-04-14,0.0,23.15,8.31,88.87,2.28,-13.16
1999-04-15,0.0,21.67,7.33,88.92,1.92,-14.88
1999-04-16,0.0,22.45,7.99,88.9,1.91,-13.57
1999-04-17,0.0,23.46,8.4,88.85,2.23,-12.39
1999-04-18,0.0,24.16,12.58,88.79,2.54,-6.85
1999-04-19,0.0,25.47,11.83,88.75,2.57,-7.16
1999-04-20,0.0,25.89,10.26,88.94,1.84,-8.4
1999-04-21,0.0,26.9,10.97,89.07,2.45,-7.22
1999-04-22,0.0,25.94,12.21,88.96,1.97,-6.85
1999-04-23,0.0,26.08,10.54,88.49,2.41,-8.06
1999-04-24,0.0,27.28,10.58,88.44,2.33,-7.18
1999-04-25,0.0,27.0,10.73,88.54,2.12,-7.04
1999-04-26,0.0,27.06,8.47,88.54,2.64,-9.91
1999-04-27,0.0,26.82,6.46,88.62,2.3,-12.77
1999-04-28,0.0,26.81,5.86,88.69,2.29,-13.56
1999-04-29,0.0,27.75,7.2,88.55,2.85,-10.78
1999-04-30,0.0,29.36,8.93,88.56,2.25,-7.1
1999-05-01,0.0,30.39,10.71,88.7,2.06,-4.04
1999-05-02,0.08,29.53,12.67,88.71,2.05,-2.91
1999-05-03,0.45,28.92,11.84,88.69,2.01,-5.33
1999-05-04,0.0,29.06,10.73,88.81,2.17,-5.05
1999-05-05,0.0,29.89,13.8,88.7,2.24,-1.64
1999-05-06,0.0,29.83,14.97,88.57,2.05,-1.06
1999-05-07,0.0,28.88,12.46,88.45,2.18,-4.1
1999-05-08,0.03,29.48,17.14,88.56,2.24,1.33
1999-05-09,0.17,28.48,20.77,88.73,1.92,2.79
1999-05-10,0.96,27.61,22.38,88.77,1.64,3.1
1999-05-11,2.02,27.39,21.5,88.86,2.01,2.79
1999-05-12,0.18,27.1,23.8,88.8,1.97,3.95
1999-05-13,0.49,25.35,30.24,88.69,2.26,5.48
1999-05-14,0.0,24.54,37.51,88.57,2.36,8.11
1999-05-15,0.0,25.22,34.78,88.65,2.14,6.99
1999-05-16,0.0,27.18,23.86,88.67,1.81,3.83
1999-05-17,0.01,28.25,20.81,88.68,1.81,2.9
1999-05-18,0.02,29.62,17.73,88.72,1.98,2.12
1999-05-19,0.0,29.53,15.82,88.61,2.15,-0.05
1999-05-20,0.0,29.47,16.09,88.62,1.68,0.51
1999-05-21,0.07,28.22,24.01,88.59,1.94,5.43
1999-05-22,0.21,29.35,27.78,88.46,1.68,8.15
1999-05-23,0.55,29.32,35.99,88.38,2.01,11.62
1999-05-24,0.46,28.04,46.41,88.25,2.17,14.93
1999-05-25,0.03,28.68,40.11,88.11,1.77,12.83
1999-05-26,0.0,29.33,29.49,88.3,1.94,8.39
1999-05-27,0.01,29.17,20.86,88.54,1.94,3.15
1999-05-28,0.02,29.0,16.71,88.4,2.0,0.02
1999-05-29,0.0,28.61,13.21,88.13,2.84,-3.72
1999-05-30,0.0,29.08,18.81,88.13,2.46,2.05
1999-05-31,0.02,29.05,23.17,88.38,2.84,4.71
1999-06-01,1.65,27.1,27.73,88.63,2.23,5.66
1999-06-02,1.27,26.67,29.07,88.54,1.85,5.97
1999-06-03,2.15,25.05,40.58,88.63,1.31,10.08
1999-06-04,0.15,26.07,34.78,88.73,1.66,8.18
1999-06-05,0.4,26.32,34.64,88.67,1.95,8.29
1999-06-06,0.0,28.02,27.67,88.54,1.59,6.33
1999-06-07,0.0,28.95,22.2,88.52,1.83,4.27
1999-06-08,0.0,30.22,21.05,88.38,1.79,4.72
1999-06-09,0.0,31.44,22.13,88.32,1.94,6.59
1999-06-10,0.7,31.17,26.24,88.37,1.92,8.45
1999-06-11,7.18,29.89,38.9,88.46,1.71,13.64
1999-06-12,3.59,27.71,57.07,88.35,1.37,17.74
1999-06-13,0.04,28.28,47.56,88.42,1.57,15.33
1999-06-14,0.0,29.02,33.26,88.47,1.97,9.59
1999-06-15,0.01,29.62,26.64,88.37,1.7,7.07
1999-06-16,2.23,29.9,29.08,88.37,1.7,8.94
1999-06-17,32.25,27.71,53.86,88.54,1.21,17.02
1999-06-18,1.05,29.18,56.38,88.55,1.47,18.94
1999-06-19,0.17,28.31,60.37,88.5,1.67,19.5
1999-06-20,1.22,28.36,58.2,88.35,1.64,18.75
1999-06-21,1.8,28.68,57.1,88.18,1.44,18.77
1999-06-22,0.09,29.66,41.56,88.08,2.05,13.63
1999-06-23,0.0,29.71,38.51,88.11,1.96,13.04
1999-06-24,0.0,29.71,35.94,88.13,2.11,11.85
1999-06-25,0.12,29.78,34.76,88.04,2.29,11.68
1999-06-26,9.01,29.82,41.33,88.14,1.77,14.02
1999-06-27,15.06,28.19,57.05,88.39,1.43,18.1
1999-06-28,1.68,27.64,57.54,88.51,1.55,17.77
1999-06-29,1.6,27.18,59.29,88.48,1.83,18.13
1999-06-30,0.31,28.31,53.89,88.36,1.76,17.39
1999-07-01,2.7,28.36,55.22,88.21,1.95,18.03
1999-07-02,5.38,27.6,63.2,88.0,2.12,19.44
1999-07-03,3.52,28.25,59.21,88.16,1.65,18.69
1999-07-04,28.5,26.59,64.62,88.45,1.34,18.96
1999-07-05,24.81,26.15,69.26,88.48,1.67,19.59
1999-07-06,2.49,27.36,60.62,88.48,1.35,18.57
1999-07-07,3.79,27.79,60.62,88.58,1.17,18.81
1999-07-08,1.33,27.85,60.91,88.59,1.22,18.98
1999-07-09,0.17,27.67,60.83,88.35,1.28,18.93
1999-07-10,0.35,28.75,54.03,88.02,2.28,17.78
1999-07-11,30.81,28.81,57.44,87.99,1.69,18.89
1999-07-12,14.47,25.69,74.66,88.15,1.5,20.45
1999-07-13,0.11,26.06,62.08,88.14,2.13,17.57
1999-07-14,0.0,27.43,51.84,88.14,1.34,15.83
1999-07-15,0.57,27.46,56.59,88.22,1.25,17.46
1999-07-16,0.1,27.47,61.0,88.19,1.42,18.92
1999-07-17,1.72,26.63,68.41,88.27,1.23,19.96
1999-07-18,15.75,25.33,79.24,88.33,1.88,21.28
1999-07-19,8.99,25.0,78.23,88.21,1.39,20.55
1999-07-20,33.98,25.32,80.25,88.2,1.67,21.46
1999-07-21,16.1,25.28,80.88,88.22,1.49,21.56
1999-07-22,0.64,26.09,73.34,88.2,1.42,20.62
1999-07-23,1.0,25.89,74.82,88.18,1.07,20.8
1999-07-24,2.26,25.67,77.73,88.15,1.52,21.18
1999-07-25,0.09,24.84,80.56,88.16,1.7,21.01
1999-07-26,9.0,24.71,83.0,88.13,1.19,21.36
1999-07-27,28.17,24.35,84.48,88.22,1.21,21.33
1999-07-28,18.67,24.01,83.84,88.25,1.77,20.9
1999-07-29,3.46,24.91,78.02,88.23,1.17,20.43
1999-07-30,9.96,24.33,83.11,88.25,1.64,21.05
1999-07-31,5.93,24.23,84.4,88.46,1.95,21.24
1999-08-01,0.18,25.68,75.44,88.42,1.23,20.7
1999-08-02,2.53,26.33,75.18,88.3,1.41,21.11
1999-08-03,5.44,25.22,79.82,88.36,1.14,21.05
1999-08-04,0.05,26.21,72.86,88.36,1.38,20.55
1999-08-05,6.48,23.29,88.37,88.28,2.06,21.2
1999-08-06,3.23,22.66,87.14,88.11,1.57,20.3
1999-08-07,8.49,25.01,78.35,88.11,1.04,20.65
1999-08-08,1.65,25.42,80.44,88.18,1.52,21.47
1999-08-09,11.2,24.38,82.65,88.36,1.33,20.93
1999-08-10,0.97,25.16,79.95,88.56,1.08,21.22
1999-08-11,14.35,24.76,83.12,88.37,1.34,21.46
1999-08-12,8.89,24.2,85.51,88.2,1.53,21.43
1999-08-13,0.42,24.14,80.63,88.12,1.79,20.29
1999-08-14,0.01,24.6,70.92,88.32,1.53,18.48
1999-08-15,0.01,24.69,67.39,88.56,1.71,17.86
1999-08-16,5.19,25.48,70.18,88.69,1.21,19.17
1999-08-17,4.21,24.73,76.51,88.68,1.26,20.0
1999-08-18,1.35,24.15,81.61,88.82,1.2,20.55
1999-08-19,15.05,22.91,85.54,88.9,1.17,20.19
1999-08-20,7.96,24.53,78.96,88.74,1.06,20.31
1999-08-21,1.87,24.76,77.06,88.49,1.39,20.16
1999-08-22,0.01,25.35,69.41,88.54,1.33,19.01
1999-08-23,0.0,24.67,70.37,88.63,1.49,18.62
1999-08-24,0.22,25.15,66.9,88.55,1.7,18.2
1999-08-25,0.16,24.68,65.11,88.45,1.66,17.28
1999-08-26,6.86,24.4,71.86,88.6,1.11,18.72
1999-08-27,0.48,24.92,66.74,88.66,1.46,17.79
1999-08-28,0.02,25.04,59.76,88.63,1.64,16.2
1999-08-29,0.01,25.15,56.26,88.74,1.56,15.27
1999-08-30,0.01,24.93,56.6,88.71,1.34,15.23
1999-08-31,2.09,25.09,58.26,88.65,1.38,15.81
1999-09-01,4.47,24.2,72.56,88.68,1.18,18.66
1999-09-02,2.19,23.88,79.94,88.74,1.12,19.88
1999-09-03,7.94,24.2,78.2,88.69,1.27,19.7
1999-09-04,2.02,24.44,73.5,88.79,1.16,19.02
1999-09-05,7.2,23.7,77.87,88.78,0.97,19.43
1999-09-06,3.33,22.77,85.98,88.72,0.81,20.19
1999-09-07,3.77,24.02,79.38,88.63,1.0,19.94
1999-09-08,14.98,24.3,79.91,88.67,1.04,20.31
1999-09-09,9.25,22.67,88.26,88.73,0.89,20.5
1999-09-10,14.92,22.12,88.16,88.78,1.14,19.9
1999-09-11,1.76,22.61,81.06,88.74,1.12,18.96
1999-09-12,21.41,23.01,84.97,88.64,1.24,20.23
1999-09-13,7.62,22.74,86.39,88.72,1.35,20.25
1999-09-14,2.35,23.21,81.99,88.65,1.18,19.74
1999-09-15,4.66,22.41,86.33,88.61,1.18,19.92
1999-09-16,4.05,22.88,85.5,88.54,1.01,20.18
1999-09-17,15.32,22.67,87.12,88.53,1.26,20.26
1999-09-18,11.2,22.73,85.42,88.65,1.17,20.03
1999-09-19,5.65,23.6,84.13,88.93,0.9,20.59
1999-09-20,0.66,24.48,79.39,88.96,1.01,20.45
1999-09-21,0.0,24.02,74.18,88.88,1.19,18.86
1999-09-22,0.46,23.07,76.46,88.96,1.03,18.42
1999-09-23,15.58,22.68,82.96,89.12,0.95,19.47
1999-09-24,3.3,22.68,78.37,89.19,0.92,18.38
1999-09-25,0.09,22.89,76.96,88.93,1.23,18.39
1999-09-26,2.67,22.74,73.62,88.95,1.27,17.35
1999-09-27,1.5,22.08,77.98,89.14,1.03,17.71
1999-09-28,10.68,22.26,79.02,89.21,1.06,18.11
1999-09-29,0.75,23.12,78.06,89.22,1.0,18.81
1999-09-30,1.91,22.94,80.56,89.27,0.91,19.17
1999-10-01,0.35,22.52,79.42,89.18,1.01,18.51
1999-10-02,12.96,20.9,81.89,89.22,0.67,17.52
1999-10-03,1.23,21.28,75.35,89.19,1.04,16.41
1999-10-04,0.92,20.69,78.75,89.25,0.77,16.54
1999-10-05,5.03,21.19,81.99,89.23,1.03,17.71
1999-10-06,10.13,20.67,86.85,89.23,1.2,18.2
1999-10-07,0.94,21.34,77.99,89.08,0.79,16.98
1999-10-08,0.0,20.12,62.59,88.97,1.58,12.04
1999-10-09,0.0,20.21,46.49,89.01,1.36,7.72
1999-10-10,0.0,19.69,44.13,89.12,1.69,6.25
1999-10-11,0.0,19.48,42.55,89.15,1.52,5.58
1999-10-12,0.0,19.21,42.38,89.18,1.36,5.06
1999-10-13,0.0,19.1,42.44,89.34,1.42,5.29
1999-10-14,0.0,18.67,46.68,89.39,1.35,6.29
1999-10-15,0.0,19.32,46.5,89.37,1.32,6.93
1999-10-16,0.0,19.46,48.02,89.28,1.32,7.54
1999-10-17,0.0,19.85,47.83,89.02,1.23,7.84
1999-10-18,0.0,19.18,58.86,88.98,1.36,10.65
1999-10-19,0.0,18.85,56.22,88.93,1.45,9.34
1999-10-20,0.0,19.08,49.83,89.12,1.2,7.62
1999-10-21,0.0,18.82,54.44,89.28,1.21,8.86
1999-10-22,0.0,19.28,53.17,89.54,1.33,8.65
1999-10-23,0.0,18.84,50.6,89.52,1.29,7.58
1999-10-24,0.0,18.66,44.99,89.38,1.23,5.56
1999-10-25,0.0,19.02,44.56,89.31,1.31,6.09
1999-10-26,0.0,19.26,38.83,89.29,1.35,4.03
1999-10-27,0.0,19.08,36.81,89.11,1.19,2.97
1999-10-28,0.0,19.58,37.56,89.09,1.27,3.75
1999-10-29,0.0,19.61,38.32,89.08,1.29,4.15
1999-10-30,0.0,18.62,41.52,88.94,1.27,4.54
1999-10-31,0.0,18.85,42.2,89.09,1.37,4.94
1999-11-01,0.0,19.32,43.12,89.34,1.32,5.81
1999-11-02,0.0,18.93,40.92,89.38,1.38,4.44
1999-11-03,0.0,18.3,38.62,89.32,1.36,3.08
1999-11-04,0.0,18.31,39.53,89.29,1.39,3.37
1999-11-05,0.0,18.48,39.64,89.46,1.43,3.52
1999-11-06,0.0,18.47,39.31,89.42,1.59,3.49
1999-11-07,0.05,17.34,44.76,89.35,1.78,4.45
1999-11-08,0.0,16.4,35.57,89.32,1.58,-0.46
1999-11-09,0.0,15.32,32.47,89.22,1.46,-2.34
1999-11-10,0.0,15.87,31.08,89.29,1.36,-2.23
1999-11-11,0.0,16.35,34.06,89.43,1.64,-0.56
1999-11-12,0.0,15.67,34.35,89.5,1.58,-1.21
1999-11-13,0.0,15.56,32.3,89.43,1.44,-2.09
1999-11-14,0.0,17.17,35.56,89.42,1.37,0.99
1999-11-15,0.0,17.31,36.48,89.5,1.35,1.47
1999-11-16,0.0,16.0,32.14,89.58,1.63,-1.85
1999-11-17,0.0,14.93,32.33,89.71,1.43,-2.52
1999-11-18,0.0,14.72,30.52,89.64,1.22,-3.32
1999-11-19,0.0,13.95,29.79,89.45,1.34,-4.27
1999-11-20,0.0,13.51,30.27,89.46,1.43,-4.54
1999-11-21,0.0,13.31,29.69,89.55,1.3,-5.23
1999-11-22,0.0,14.74,29.18,89.68,1.29,-4.0
1999-11-23,0.0,15.27,25.58,89.55,1.33,-5.37
1999-11-24,0.0,14.96,29.07,89.4,0.83,-3.62
1999-11-25,0.0,13.72,33.96,89.37,1.07,-2.56
1999-11-26,0.0,15.09,32.81,89.29,1.2,-1.97
1999-11-27,0.0,14.75,32.03,89.31,1.31,-2.65
1999-11-28,0.0,14.69,29.56,89.35,1.27,-3.94
1999-11-29,0.0,14.86,28.88,89.37,1.16,-3.86
1999-11-30,0.0,15.15,29.9,89.49,1.17,-3.13
1999-12-01,0.0,14.88,31.43,89.64,1.27,-2.82
1999-12-02,0.0,13.97,30.87,89.61,1.35,-3.94
1999-12-03,0.0,13.22,31.15,89.67,1.3,-4.24
1999-12-04,0.0,13.0,34.02,89.63,1.3,-3.4
1999-12-05,0.0,12.59,35.05,89.53,1.31,-3.31
1999-12-06,0.0,12.4,35.92,89.49,1.41,-3.15
1999-12-07,0.08,11.16,43.23,89.52,1.73,-1.52
1999-12-08,4.07,9.28,63.68,89.71,1.58,2.65
1999-12-09,0.0,11.48,45.14,89.64,1.04,-1.07
1999-12-10,0.0,11.38,43.61,89.54,1.41,-1.15
1999-12-11,0.0,12.01,34.73,89.59,1.44,-4.53
1999-12-12,0.0,13.15,26.83,89.55,1.35,-6.46
1999-12-13,0.0,13.21,27.61,89.43,1.36,-5.97
1999-12-14,0.0,13.03,27.1,89.35,1.31,-6.19
1999-12-15,0.0,11.31,30.61,89.24,1.63,-6.55
1999-12-16,0.0,12.26,25.41,89.35,1.23,-7.84
1999-12-17,0.0,12.76,26.25,89.5,1.08,-6.79
1999-12-18,0.0,13.34,27.2,89.5,1.16,-6.08
1999-12-19,0.0,13.64,28.12,89.54,1.36,-5.13
1999-12-20,0.0,13.48,29.2,89.55,1.12,-4.83
1999-12-21,0.0,12.58,28.8,89.58,1.15,-5.87
1999-12-22,0.0,12.47,31.13,89.73,1.13,-4.75
1999-12-23,0.0,12.52,31.65,89.73,1.07,-4.61
1999-12-24,0.0,12.39,27.72,89.73,0.99,-6.32
1999-12-25,0.0,11.64,24.82,89.68,1.25,-8.42
1999-12-26,0.0,10.81,26.73,89.56,1.23,-8.13
1999-12-27,0.0,9.97,32.75,89.59,1.31,-6.42
1999-12-28,0.0,10.17,30.31,89.69,1.19,-7.4
1999-12-29,0.0,10.73,27.65,89.6,1.17,-7.75
1999-12-30,0.0,10.43,27.16,89.25,1.37,-8.41
1999-12-31,0.0,10.43,28.32,89.39,1.23,-7.71
2000-01-01,0.0,10.69,29.46,89.5,1.31,-7.22
2000-01-02,0.0,11.08,28.39,89.49,1.35,-7.21
2000-01-03,0.0,10.97,27.37,89.33,1.3,-7.62
2000-01-04,0.0,11.37,25.51,89.32,1.29,-8.18
2000-01-05,0.0,11.06,25.46,89.39,1.34,-8.64
2000-01-06,0.0,10.79,25.47,89.29,1.42,-9.22
2000-01-07,0.0,11.02,25.63,89.33,1.33,-8.6
2000-01-08,0.0,11.52,29.58,89.27,1.44,-6.14
2000-01-09,0.5,10.02,56.88,89.35,0.95,1.33
2000-01-10,0.0,12.77,50.08,89.31,1.08,1.86
2000-01-11,0.0,13.59,39.48,89.44,1.22,-0.66
2000-01-12,10.35,12.6,49.38,89.34,1.61,1.5
2000-01-13,4.24,11.65,69.8,89.17,1.63,6.03
2000-01-14,0.22,10.24,59.78,89.17,1.46,1.79
2000-01-15,0.0,8.76,36.23,89.3,1.63,-6.62
2000-01-16,0.0,7.48,31.47,89.53,1.48,-9.09
2000-01-17,0.0,9.82,26.01,89.52,1.46,-10.15
2000-01-18,0.0,13.4,30.52,89.47,1.84,-4.89
2000-01-19,0.0,14.1,37.67,89.22,1.88,-1.23
2000-01-20,0.0,12.29,40.57,88.82,1.62,-1.9
2000-01-21,0.0,11.33,38.46,89.24,1.43,-3.42
2000-01-22,0.01,11.9,40.69,89.39,1.39,-1.84
2000-01-23,0.26,10.52,50.42,89.37,1.5,-0.18
2000-01-24,0.0,10.76,43.35,89.54,1.47,-2.42
2000-01-25,4.71,12.08,40.68,89.7,1.43,-2.18
2000-01-26,4.45,10.95,58.81,89.78,1.77,2.57
2000-01-27,0.0,11.18,49.33,89.63,1.46,0.15
2000-01-28,0.0,10.19,45.81,89.44,1.39,-2.01
2000-01-29,0.0,11.41,34.33,89.28,1.38,-5.41
2000-01-30,0.0,12.02,30.05,89.44,1.34,-6.15
2000-01-31,0.0,11.33,33.52,89.52,1.84,-5.09
2000-02-01,0.57,12.12,40.62,89.12,2.63,-2.46
2000-02-02,0.01,10.65,59.67,89.38,1.52,2.39
2000-02-03,0.0,11.85,40.34,89.57,1.45,-2.57
2000-02-04,2.95,11.85,39.72,89.32,1.88,-2.96
2000-02-05,9.36,7.05,75.6,89.13,2.92,2.9
2000-02-06,0.32,9.31,68.67,89.25,1.56,3.5
2000-02-07,0.06,10.74,55.52,89.26,1.28,1.33
2000-02-08,0.05,10.88,48.5,89.24,1.4,-0.28
2000-02-09,0.0,10.83,45.28,89.26,1.45,-1.68
2000-02-10,2.38,12.62,45.08,89.21,1.5,-0.29
2000-02-11,4.27,8.56,66.24,89.15,3.3,2.09
2000-02-12,0.54,9.36,60.86,89.31,1.59,1.67
2000-02-13,0.39,9.1,61.86,89.32,1.52,1.52
2000-02-14,0.0,10.74,51.27,89.37,1.47,-0.03
2000-02-15,0.0,11.58,41.62,89.37,1.42,-2.52
2000-02-16,0.0,12.1,36.24,89.24,1.66,-3.11
2000-02-17,0.0,10.32,34.68,89.04,1.72,-5.67
2000-02-18,0.0,8.84,32.55,89.11,1.62,-7.84
2000-02-19,0.0,9.26,32.13,89.19,1.67,-7.65
2000-02-20,0.0,10.79,32.24,89.2,1.82,-6.33
2000-02-21,0.0,11.48,39.17,89.38,1.53,-2.85
2000-02-22,0.0,11.06,35.15,89.48,1.93,-5.1
2000-02-23,0.0,10.97,28.61,89.44,1.82,-8.63
2000-02-24,0.0,10.93,26.86,89.35,1.71,-9.18
2000-02-25,0.0,11.11,26.92,89.17,1.64,-8.25
2000-02-26,0.0,11.06,28.58,89.07,1.76,-7.39
2000-02-27,0.0,12.04,27.78,89.08,2.19,-7.32
2000-02-28,0.0,14.03,27.96,89.2,2.57,-5.59
2000-02-29,0.0,16.45,33.78,89.15,2.37,-0.91
2000-03-01,0.01,16.53,35.98,89.03,2.01,-0.15
2000-03-02,0.02,14.81,35.1,88.97,2.13,-1.9
2000-03-03,0.0,15.49,27.08,89.11,1.63,-4.99
2000-03-04,1.51,15.9,29.87,89.1,2.05,-3.0
2000-03-05,0.11,16.8,33.2,89.09,1.88,-0.72
2000-03-06,0.0,16.22,29.97,89.06,1.92,-2.74
2000-03-07,0.0,15.13,25.73,89.22,1.74,-6.27
2000-03-08,0.0,13.59,24.9,89.09,1.92,-7.69
2000-03-09,0.0,13.95,24.5,88.77,2.3,-7.44
2000-03-10,0.0,15.57,21.52,88.84,2.41,-7.95
2000-03-11,0.0,16.75,22.86,88.86,1.84,-6.11
2000-03-12,1.46,16.55,28.79,88.8,1.7,-2.26
2000-03-13,2.91,15.54,35.23,88.82,1.41,-1.57
2000-03-14,0.01,14.39,33.91,89.08,1.67,-3.16
2000-03-15,0.0,15.12,25.8,88.96,2.02,-6.19
2000-03-16,0.0,16.22,23.64,88.89,2.55,-6.3
2000-03-17,0.0,17.68,22.94,88.85,2.15,-5.38
2000-03-18,0.01,17.23,24.11,89.03,2.2,-4.39
2000-03-19,0.0,15.84,20.98,89.13,1.76,-8.2
2000-03-20,0.0,16.87,17.02,89.06,1.67,-10.18
2000-03-21,0.24,17.45,21.09,89.26,1.33,-5.84
2000-03-22,5.02,18.0,29.23,89.15,1.99,-2.18
2000-03-23,2.41,13.67,50.11,89.32,2.1,2.8
2000-03-24,0.0,14.6,44.54,89.46,1.46,1.28
2000-03-25,0.0,18.05,29.6,89.35,1.58,-2.37
2000-03-26,0.0,19.28,23.84,89.4,1.76,-3.69
2000-03-27,0.0,20.47,22.73,89.4,1.76,-2.88
2000-03-28,0.0,20.58,21.06,89.36,1.8,-4.57
2000-03-29,0.0,21.88,19.03,89.37,1.71,-4.65
2000-03-30,0.0,22.68,20.39,89.21,2.41,-2.51
2000-03-31,0.0,23.49,17.98,89.06,2.43,-4.4
2000-04-01,0.0,23.7,17.96,89.0,2.43,-3.0
2000-04-02,0.0,21.92,15.93,88.74,2.48,-6.83
2000-04-03,0.0,22.33,12.87,88.82,2.46,-8.96
2000-04-04,0.0,22.6,13.01,88.89,2.42,-8.43
2000-04-05,0.0,22.22,11.76,88.84,2.41,-10.12
2000-04-06,0.0,21.45,9.43,88.81,2.16,-13.22
2000-04-07,0.0,22.74,9.22,89.06,2.13,-12.26
2000-04-08,0.0,23.93,12.11,89.01,2.76,-8.08
2000-04-09,0.0,22.58,15.22,88.73,2.09,-5.99
2000-04-10,0.01,23.19,13.15,88.77,1.87,-7.48
2000-04-11,0.0,24.79,8.38,88.85,1.89,-11.98
2000-04-12,0.0,25.24,7.74,88.92,1.97,-11.91
2000-04-13,0.0,25.46,8.49,88.72,1.97,-10.47
2000-04-14,0.47,25.55,14.35,88.63,1.59,-4.14
2000-04-15,11.42,24.22,29.41,88.89,1.61,3.75
2000-04-16,0.0,23.37,30.31,88.99,1.83,3.54
2000-04-17,0.0,24.67,24.96,88.82,1.94,1.85
2000-04-18,0.0,26.61,20.9,88.87,1.92,0.87
2000-04-19,0.0,27.69,20.34,88.92,1.82,1.72
2000-04-20,0.0,28.25,20.29,88.77,2.11,2.09
2000-04-21,0.0,27.7,20.14,88.7,1.96,1.54
2000-04-22,0.0,27.51,21.47,88.78,1.94,2.72
2000-04-23,0.0,26.96,21.34,88.71,1.84,1.97
2000-04-24,0.0,26.39,21.11,88.53,2.12,1.47
2000-04-25,0.0,27.41,17.28,88.35,1.99,-0.86
2000-04-26,0.0,28.04,16.6,88.54,1.92,-0.56
2000-04-27,0.23,27.2,19.24,88.6,1.94,0.84
2000-04-28,3.3,25.67,24.39,88.52,2.02,2.09
2000-04-29,0.0,25.96,18.47,88.64,2.05,-1.6
2000-04-30,0.0,26.41,14.39,88.77,2.55,-4.51
2000-05-01,0.0,27.38,11.45,88.6,2.34,-6.43
2000-05-02,0.0,28.33,9.73,88.69,1.84,-7.63
2000-05-03,0.0,28.0,10.19,88.95,1.9,-7.24
2000-05-04,0.0,26.41,21.22,89.06,1.62,1.71
2000-05-05,0.25,27.55,25.65,89.09,1.79,4.95
2000-05-06,7.72,26.31,38.4,89.07,1.27,10.29
2000-05-07,0.05,24.47,46.63,89.09,1.25,11.47
2000-05-08,0.0,25.79,44.23,88.97,1.47,11.62
2000-05-09,0.0,27.46,38.26,88.92,1.5,11.11
2000-05-10,0.0,28.78,33.51,88.8,1.61,10.33
2000-05-11,0.0,30.32,30.94,88.65,1.73,10.51
2000-05-12,0.42,31.15,29.02,88.65,1.56,10.37
2000-05-13,6.02,29.45,40.19,88.69,1.68,13.38
2000-05-14,0.0,28.88,40.4,88.59,1.59,12.82
2000-05-15,0.57,29.74,38.69,88.54,1.85,13.31
2000-05-16,1.81,29.43,38.33,88.44,2.67,12.77
2000-05-17,0.0,29.9,29.55,88.31,2.73,8.59
2000-05-18,0.0,30.28,26.86,88.18,2.44,7.81
2000-05-19,0.0,31.28,24.05,88.19,2.48,7.35
2000-05-20,21.17,29.62,38.41,88.39,2.08,12.14
2000-05-21,18.46,25.52,56.46,88.47,1.49,15.1
2000-05-22,0.08,25.75,54.25,88.51,1.62,14.91
2000-05-23,0.43,27.61,51.85,88.52,1.59,16.19
2000-05-24,0.14,27.83,49.17,88.36,1.54,15.58
2000-05-25,0.0,28.75,40.99,88.16,2.05,13.02
2000-05-26,0.06,29.81,31.83,88.08,2.35,9.8
2000-05-27,0.0,30.17,31.28,88.24,2.11,10.22
2000-05-28,0.7,29.9,33.08,88.37,2.19,10.73
2000-05-29,0.01,30.17,29.99,88.43,2.32,9.1
2000-05-30,1.09,29.32,34.52,88.56,1.85,10.8
2000-05-31,1.41,28.55,35.34,88.54,2.06,10.87
2000-06-01,4.37,27.67,41.02,88.36,1.9,12.57
2000-06-02,0.56,27.56,46.83,88.43,1.75,14.23
2000-06-03,0.01,27.84,45.15,88.52,1.67,13.77
2000-06-04,1.93,28.59,44.79,88.56,1.47,14.52
2000-06-05,0.04,29.19,43.05,88.46,1.46,14.43
2000-06-06,3.06,26.6,61.37,88.41,1.96,18.28
2000-06-07,18.53,23.3,73.26,88.27,1.94,18.08
2000-06-08,46.72,22.96,90.81,88.21,4.72,21.33
2000-06-09,28.38,23.84,83.41,88.5,2.04,20.58
2000-06-10,4.12,25.75,65.28,88.46,1.56,18.07
2000-06-11,0.01,26.69,48.78,88.38,2.01,14.29
2000-06-12,0.0,26.91,46.28,88.3,2.01,13.58
2000-06-13,0.01,28.18,42.88,88.23,1.79,13.78
2000-06-14,0.19,28.11,44.89,88.29,1.98,14.17
2000-06-15,9.8,28.76,50.26,88.27,1.69,16.61
2000-06-16,14.58,26.85,65.99,88.32,1.27,19.31
2000-06-17,1.82,26.85,64.18,88.36,1.51,18.91
2000-06-18,0.38,27.32,58.8,88.37,1.36,17.77
2000-06-19,0.39,26.57,65.53,88.45,1.34,19.15
2000-06-20,5.63,26.06,72.29,88.42,1.51,20.52
2000-06-21,16.57,24.39,82.36,88.38,1.3,21.06
2000-06-22,6.32,26.15,66.68,88.38,1.23,18.79
2000-06-23,1.66,26.01,58.39,88.39,2.0,16.56
2000-06-24,11.69,25.36,63.67,88.19,1.92,17.71
2000-06-25,4.03,27.17,59.8,88.17,1.56,18.17
2000-06-26,3.22,27.39,60.31,88.25,1.59,18.46
2000-06-27,1.6,26.88,62.79,88.37,1.03,18.93
2000-06-28,3.92,26.09,68.63,88.5,1.28,19.44
2000-06-29,4.01,24.15,81.24,88.59,1.41,20.63
2000-06-30,3.76,25.08,75.29,88.52,1.64,20.15
2000-07-01,5.07,25.4,77.21,88.47,1.65,20.86
2000-07-02,1.53,26.38,71.34,88.45,1.35,20.23
2000-07-03,14.17,25.67,73.92,88.47,1.39,20.37
2000-07-04,1.4,26.88,65.79,88.45,1.07,19.42
2000-07-05,0.01,27.61,62.91,88.36,1.47,19.49
2000-07-06,3.93,28.4,56.77,88.23,1.44,18.32
2000-07-07,39.54,25.68,79.31,88.27,1.39,21.55
2000-07-08,2.13,24.11,84.89,88.18,1.73,21.26
2000-07-09,0.69,24.9,71.4,88.06,1.4,18.99
2000-07-10,41.34,24.76,79.56,88.05,1.13,20.77
2000-07-11,12.06,23.88,87.0,88.21,1.83,21.44
2000-07-12,5.65,26.41,68.27,88.27,1.16,19.64
2000-07-13,0.53,25.47,78.05,88.27,1.16,21.2
2000-07-14,4.46,25.19,81.29,88.22,1.8,21.56
2000-07-15,10.17,25.3,81.18,88.11,1.76,21.48
2000-07-16,17.59,24.64,84.94,88.17,2.04,21.7
2000-07-17,7.59,25.41,79.3,88.14,1.33,21.23
2000-07-18,7.67,25.42,82.1,88.05,1.41,21.89
2000-07-19,7.64,25.26,76.4,88.11,1.18,20.41
2000-07-20,4.65,24.97,81.66,88.25,1.25,21.4
2000-07-21,3.54,24.28,80.16,88.38,2.36,20.44
2000-07-22,10.99,22.89,88.81,88.58,1.87,20.85
2000-07-23,7.22,24.08,84.48,88.39,1.27,21.08
2000-07-24,6.78,23.72,85.7,88.35,1.69,20.99
2000-07-25,8.0,23.77,84.05,88.51,1.35,20.75
2000-07-26,14.74,24.98,78.48,88.46,1.22,20.74
2000-07-27,5.02,23.47,84.77,88.48,1.07,20.65
2000-07-28,0.66,23.5,76.29,88.55,0.82,18.75
2000-07-29,5.15,24.28,77.47,88.61,1.39,19.8
2000-07-30,13.86,23.28,89.88,88.65,1.7,21.42
2000-07-31,3.5,23.23,85.49,88.47,1.42,20.5
2000-08-01,4.35,23.38,86.52,88.29,2.38,20.81
2000-08-02,1.22,23.57,81.24,88.4,1.71,19.84
2000-08-03,0.13,23.38,79.22,88.4,1.8,19.23
2000-08-04,0.1,23.36,77.79,88.52,2.0,18.8
2000-08-05,0.0,23.97,74.68,88.45,1.94,18.75
2000-08-06,0.54,25.17,72.81,88.47,1.55,19.59
2000-08-07,0.64,25.63,73.51,88.45,1.73,20.21
2000-08-08,0.0,26.45,68.01,88.5,1.29,19.77
2000-08-09,0.7,26.14,68.71,88.46,1.37,19.58
2000-08-10,54.26,23.61,87.69,88.6,1.79,21.36
2000-08-11,18.56,23.32,87.67,88.61,0.77,21.06
2000-08-12,0.98,23.81,85.37,88.69,1.22,21.09
2000-08-13,1.11,24.37,85.4,88.74,1.21,21.59
2000-08-14,27.84,23.96,89.61,88.6,1.83,22.02
2000-08-15,36.1,23.05,92.28,88.57,1.49,21.64
2000-08-16,9.75,23.76,88.13,88.37,1.53,21.49
2000-08-17,18.01,24.51,83.46,88.24,1.52,21.31
2000-08-18,10.7,25.23,81.6,88.47,1.01,21.65
2000-08-19,1.21,23.88,87.02,88.6,0.94,21.5
2000-08-20,2.58,24.68,82.99,88.51,1.1,21.4
2000-08-21,3.44,24.21,86.04,88.4,1.27,21.6
2000-08-22,37.56,23.06,92.86,88.63,1.12,21.79
2000-08-23,15.26,24.64,85.66,88.69,1.09,21.94
2000-08-24,15.61,24.62,87.71,88.53,1.32,22.36
2000-08-25,5.2,23.72,90.27,88.65,1.66,21.95
2000-08-26,0.01,23.65,82.51,88.72,1.21,20.28
2000-08-27,2.2,24.07,84.68,88.55,1.25,21.16
2000-08-28,3.18,24.36,87.75,88.27,1.59,22.07
2000-08-29,7.56,24.27,85.61,88.17,1.04,21.52
2000-08-30,31.53,22.98,91.33,88.08,1.66,21.42
2000-08-31,17.66,23.4,86.98,88.13,1.36,21.0
2000-09-01,3.32,23.9,81.47,88.27,1.33,20.29
2000-09-02,0.39,24.22,77.72,88.39,1.08,19.85
2000-09-03,5.15,24.05,81.41,88.52,0.98,20.43
2000-09-04,0.58,24.12,85.22,88.63,0.95,21.34
2000-09-05,27.75,23.35,89.31,88.55,1.46,21.41
2000-09-06,12.67,23.53,85.01,88.44,1.13,20.67
2000-09-07,4.53,23.11,87.15,88.54,1.08,20.68
2000-09-08,1.92,22.75,84.95,88.75,0.94,19.92
2000-09-09,0.03,22.68,85.27,88.72,1.15,19.87
2000-09-10,0.06,23.07,75.48,88.58,1.56,18.21
2000-09-11,0.08,21.71,71.11,88.56,1.65,15.84
2000-09-12,0.21,22.02,72.36,88.67,1.4,16.45
2000-09-13,0.0,23.21,69.82,88.82,1.15,17.08
2000-09-14,0.16,23.5,73.41,88.87,1.07,18.19
2000-09-15,1.36,23.11,80.97,88.79,1.15,19.51
2000-09-16,0.16,22.65,85.67,88.79,1.1,19.94
2000-09-17,0.35,22.27,74.78,88.87,1.29,17.24
2000-09-18,6.06,22.06,74.89,88.78,1.09,17.09
2000-09-19,5.32,22.38,78.27,88.9,1.06,18.01
2000-09-20,5.55,21.25,88.08,89.1,0.96,19.05
2000-09-21,0.23,21.78,84.53,89.21,1.0,18.78
2000-09-22,0.03,22.11,78.97,89.24,1.26,18.04
2000-09-23,0.0,21.74,70.2,89.15,1.31,15.73
2000-09-24,0.01,20.95,65.47,89.06,1.3,13.89
2000-09-25,0.14,20.93,65.85,89.01,1.36,13.97
2000-09-26,3.31,21.01,61.66,89.06,1.41,12.82
2000-09-27,0.24,20.53,62.26,89.09,1.78,12.7
2000-09-28,0.0,20.62,57.49,89.04,1.41,11.41
2000-09-29,0.01,20.29,57.62,89.04,1.18,11.32
2000-09-30,0.0,20.55,60.01,89.01,1.08,12.06
2000-10-01,0.0,20.95,62.47,89.15,1.15,13.14
2000-10-02,0.0,21.18,63.53,89.2,1.33,13.58
2000-10-03,0.0,21.12,59.31,89.13,1.06,12.37
2000-10-04,0.0,20.98,57.07,89.11,1.15,11.58
2000-10-05,0.0,20.83,62.01,89.22,1.07,12.81
2000-10-06,0.0,21.47,63.5,89.3,1.04,13.79
2000-10-07,0.0,21.99,59.64,89.24,1.17,13.32
2000-10-08,0.06,21.94,55.48,89.06,1.18,12.11
2000-10-09,0.0,21.93,53.26,88.92,1.4,11.42
2000-10-10,0.0,21.51,46.98,89.03,1.56,8.81
2000-10-11,0.0,20.98,38.73,89.12,1.38,5.37
2000-10-12,0.0,20.2,39.1,89.13,1.53,4.97
2000-10-13,0.0,19.71,38.37,88.9,1.52,4.19
2000-10-14,0.0,19.42,38.01,88.88,1.6,3.81
2000-10-15,0.0,20.06,37.11,89.1,1.29,3.97
2000-10-16,0.0,20.83,37.35,89.27,1.15,4.86
2000-10-17,0.0,21.33,38.64,89.22,1.24,5.7
2000-10-18,0.0,20.56,42.23,89.04,1.35,6.48
2000-10-19,0.0,20.12,44.22,88.99,1.14,6.89
2000-10-20,0.0,20.02,45.87,89.01,1.24,7.15
2000-10-21,0.0,19.65,44.75,88.97,1.2,6.54
2000-10-22,0.0,19.16,47.73,88.97,1.3,7.0
2000-10-23,0.0,19.41,47.52,88.96,1.39,7.18
2000-10-24,0.0,19.85,45.09,89.14,1.37,6.86
2000-10-25,0.0,18.97,42.01,89.29,1.18,4.68
2000-10-26,0.0,18.01,44.09,89.28,1.38,4.69
2000-10-27,0.0,18.18,40.02,89.24,1.14,3.45
2000-10-28,0.0,18.42,36.57,89.29,1.2,2.21
2000-10-29,0.0,17.89,44.26,89.49,1.22,4.96
2000-10-30,0.0,17.9,50.17,89.35,1.19,6.82
2000-10-31,0.0,17.98,46.6,89.17,1.18,5.65
2000-11-01,0.0,17.71,56.51,89.41,1.29,8.5
2000-11-02,0.0,18.1,59.98,89.59,1.3,9.68
2000-11-03,0.0,17.77,56.62,89.63,1.46,8.43
2000-11-04,0.0,17.4,42.99,89.64,1.4,3.86
2000-11-05,0.0,16.72,39.85,89.39,1.34,2.25
2000-11-06,0.0,17.2,37.9,89.15,1.5,2.02
2000-11-07,0.0,17.41,36.51,89.31,1.52,1.45
2000-11-08,0.0,17.52,36.38,89.44,1.5,1.54
2000-11-09,0.04,17.42,39.95,89.32,1.74,2.9
2000-11-10,0.0,17.71,36.12,89.32,1.37,1.54
2000-11-11,0.0,17.36,32.67,89.46,1.18,-0.06
2000-11-12,0.0,16.52,36.07,89.31,1.13,0.74
2000-11-13,0.0,17.1,39.66,89.25,1.35,2.6
2000-11-14,0.0,16.01,44.26,89.31,1.71,3.19
2000-11-15,0.0,16.05,37.53,89.37,1.27,0.53
2000-11-16,0.0,16.61,34.35,89.56,1.32,0.07
2000-11-17,0.0,16.54,30.41,89.44,1.34,-2.05
2000-11-18,0.0,16.54,35.5,89.28,1.18,0.42
2000-11-19,0.0,15.87,42.61,89.16,1.43,2.24
2000-11-20,0.0,15.87,42.46,89.18,1.31,2.2
2000-11-21,0.0,15.9,46.4,89.4,1.26,3.74
2000-11-22,0.0,15.93,47.53,89.6,1.12,4.02
2000-11-23,0.0,16.61,46.34,89.72,1.33,4.34
2000-11-24,0.0,15.69,49.1,89.5,1.67,4.12
2000-11-25,0.0,14.84,42.17,89.3,1.51,1.15
2000-11-26,0.0,14.5,37.95,89.45,1.28,-0.34
2000-11-27,0.08,12.88,47.57,89.53,1.09,1.33
2000-11-28,0.11,12.45,53.39,89.52,0.96,2.27
2000-11-29,0.16,12.9,39.19,89.42,1.16,-1.53
2000-11-30,0.0,11.82,38.08,89.53,1.45,-2.65
2000-12-01,0.0,10.96,32.11,89.46,1.49,-6.2
2000-12-02,0.0,11.49,24.36,89.56,1.29,-9.28
2000-12-03,0.0,12.58,21.62,89.75,1.26,-9.59
2000-12-04,0.0,13.55,25.24,89.37,1.7,-6.78
2000-12-05,0.0,13.5,27.01,89.32,1.59,-5.77
2000-12-06,0.0,12.39,27.84,89.41,1.6,-6.65
2000-12-07,0.0,12.86,24.16,89.54,1.38,-7.95
2000-12-08,0.0,13.22,29.3,89.47,1.93,-5.01
2000-12-09,0.0,12.21,32.43,89.24,1.59,-4.82
2000-12-10,0.0,11.35,31.56,89.36,1.22,-5.63
2000-12-11,0.0,10.85,32.19,89.41,1.42,-5.94
2000-12-12,0.0,11.76,27.53,89.4,1.28,-7.15
2000-12-13,0.0,11.75,25.43,89.35,1.4,-8.22
2000-12-14,0.0,12.5,30.26,89.32,1.39,-5.05
2000-12-15,0.0,12.6,34.78,89.46,1.29,-3.34
2000-12-16,0.0,13.19,35.36,89.62,1.05,-2.39
2000-12-17,0.0,14.34,34.64,89.67,1.52,-1.73
2000-12-18,0.0,14.31,45.33,89.49,1.64,1.58
2000-12-19,0.0,13.39,37.23,89.26,1.27,-2.56
2000-12-20,0.0,14.22,25.1,89.38,1.21,-6.71
2000-12-21,0.0,12.78,24.91,89.46,1.24,-7.72
2000-12-22,0.0,11.9,25.69,89.46,1.1,-7.74
2000-12-23,0.0,13.32,25.32,89.46,1.15,-6.75
2000-12-24,0.0,13.4,26.76,89.47,1.22,-6.2
2000-12-25,0.0,12.48,28.23,89.45,1.38,-6.13
2000-12-26,0.0,12.2,27.51,89.51,1.21,-6.87
2000-12-27,0.0,12.07,29.57,89.54,1.2,-5.88
2000-12-28,0.0,11.95,31.41,89.57,1.26,-5.13
2000-12-29,0.0,12.2,28.29,89.51,1.57,-6.43
2000-12-30,0.36,12.37,31.11,89.43,1.22,-5.54
2000-12-31,0.3,11.95,51.55,89.46,1.26,1.64
2001-01-01,7.01,8.6,82.01,89.2,1.4,5.5
2001-01-02,0.84,9.16,71.17,89.38,1.04,3.71
2001-01-03,0.0,10.38,56.82,89.46,1.37,1.27
2001-01-04,0.0,9.8,50.7,89.4,1.43,-0.8
2001-01-05,0.0,9.74,40.19,89.38,1.28,-4.87
2001-01-06,0.0,10.01,33.33,89.5,1.16,-5.96
2001-01-07,0.0,9.18,35.16,89.33,1.12,-5.91
2001-01-08,0.0,8.48,37.67,89.21,1.18,-5.67
2001-01-09,0.0,9.19,36.33,89.34,1.37,-6.03
2001-01-10,0.0,9.25,33.53,89.35,1.44,-7.01
2001-01-11,0.0,10.14,27.14,89.18,1.18,-8.6
2001-01-12,0.04,10.61,32.48,89.32,1.25,-6.46
2001-01-13,0.0,10.4,38.16,89.34,1.4,-4.22
2001-01-14,0.0,11.14,30.62,89.33,1.44,-6.38
2001-01-15,0.0,10.33,30.96,89.5,1.42,-6.69
2001-01-16,0.0,10.48,28.81,89.53,1.36,-7.62
2001-01-17,0.0,11.39,25.52,89.63,1.4,-8.68
2001-01-18,0.0,12.27,22.73,89.59,1.4,-9.2
2001-01-19,0.0,12.68,22.6,89.55,1.47,-9.18
2001-01-20,0.0,12.91,21.89,89.48,1.39,-8.9
2001-01-21,0.0,12.27,24.45,89.25,1.37,-8.25
2001-01-22,0.84,10.79,33.31,89.09,1.67,-5.11
2001-01-23,4.35,8.84,47.77,89.06,1.21,-2.36
2001-01-24,0.0,7.99,35.32,89.03,2.06,-7.96
2001-01-25,0.0,10.81,24.68,89.02,1.78,-9.86
2001-01-26,0.0,11.65,27.44,89.12,1.91,-7.77
2001-01-27,0.0,12.3,24.57,89.16,1.9,-9.08
2001-01-28,0.0,14.92,18.9,89.26,1.49,-9.67
2001-01-29,0.0,16.0,20.6,89.35,1.42,-8.14
2001-01-30,0.0,16.88,31.66,89.35,1.53,-1.23
2001-01-31,0.0,16.33,30.41,89.24,1.58,-2.2
2001-02-01,0.0,14.88,24.86,89.19,1.59,-6.69
2001-02-02,0.0,12.44,18.73,89.1,1.46,-12.03
2001-02-03,0.0,12.36,17.57,89.02,1.53,-12.63
2001-02-04,0.0,11.29,20.34,89.2,1.61,-11.17
2001-02-05,0.0,11.47,19.77,89.27,1.67,-12.0
2001-02-06,0.0,12.0,18.58,89.31,1.96,-12.56
2001-02-07,0.0,12.45,17.13,89.28,1.98,-13.28
2001-02-08,0.0,12.77,19.06,89.15,2.09,-11.54
2001-02-09,0.0,14.04,18.88,89.01,1.78,-11.05
2001-02-10,0.0,13.71,17.93,89.06,1.79,-11.43
2001-02-11,0.0,13.31,15.27,89.05,1.6,-13.6
2001-02-12,0.0,13.55,13.91,89.36,1.77,-14.33
2001-02-13,0.0,15.02,14.48,89.33,1.81,-12.64
2001-02-14,3.53,15.78,29.1,89.33,2.44,-5.03
2001-02-15,1.94,13.4,56.15,89.47,2.83,4.05
2001-02-16,0.0,14.65,45.57,89.54,1.38,1.9
2001-02-17,0.0,16.11,39.97,89.54,1.62,1.7
2001-02-18,0.0,15.73,37.74,89.39,1.63,0.22
2001-02-19,0.0,16.28,29.48,89.25,1.65,-2.95
2001-02-20,1.66,16.36,31.32,89.17,1.98,-2.76
2001-02-21,0.06,14.63,45.73,89.06,1.76,2.18
2001-02-22,0.0,15.28,35.3,89.08,2.01,-1.75
2001-02-23,0.0,16.74,33.99,89.1,2.05,0.0
2001-02-24,2.18,17.46,37.29,89.01,1.64,1.93
2001-02-25,1.45,14.67,59.11,88.87,1.46,6.3
2001-02-26,0.0,13.24,55.06,89.07,1.56,2.78
2001-02-27,0.0,13.82,35.58,89.32,1.45,-2.33
2001-02-28,0.0,14.32,25.77,89.68,1.7,-6.34
2001-03-01,0.0,13.29,21.27,89.71,1.74,-10.15
2001-03-02,0.0,14.52,18.13,89.65,1.56,-10.64
2001-03-03,0.0,16.21,16.4,89.66,1.47,-10.22
2001-03-04,0.01,15.69,17.53,89.57,1.43,-9.61
2001-03-05,0.02,15.02,17.41,89.29,1.69,-10.1
2001-03-06,0.24,16.01,18.75,89.28,1.98,-8.95
2001-03-07,0.0,16.66,16.73,89.42,1.24,-9.04
2001-03-08,0.0,16.66,17.24,89.35,1.95,-9.0
2001-03-09,0.0,16.29,18.02,89.36,1.66,-8.97
2001-03-10,0.0,16.55,18.36,89.33,2.05,-8.31
2001-03-11,0.0,17.97,18.07,89.36,1.68,-7.36
2001-03-12,0.0,18.02,17.92,89.36,1.63,-7.59
2001-03-13,0.02,18.91,17.32,89.3,1.68,-7.0
2001-03-14,0.53,19.62,26.67,89.32,1.37,-0.94
2001-03-15,0.68,18.54,34.58,89.51,1.84,0.54
2001-03-16,0.0,17.28,20.41,89.24,1.91,-8.32
2001-03-17,0.0,17.78,14.88,89.01,2.17,-10.25
2001-03-18,0.0,18.57,16.59,89.18,1.94,-8.25
2001-03-19,0.0,20.24,18.7,89.22,2.13,-5.12
2001-03-20,0.1,21.56,26.4,89.16,1.85,0.69
2001-03-21,0.02,19.73,32.68,88.98,2.0,2.0
2001-03-22,0.24,19.6,32.76,88.94,2.09,1.3
2001-03-23,0.35,18.59,21.98,89.02,1.76,-4.76
2001-03-24,0.0,17.93,18.61,88.93,1.71,-7.18
2001-03-25,0.0,19.23,18.67,88.77,2.47,-6.12
2001-03-26,0.0,20.11,21.15,88.73,2.06,-3.94
2001-03-27,0.0,21.68,18.94,88.68,2.02,-4.24
2001-03-28,0.08,21.91,22.69,88.82,1.3,-0.95
2001-03-29,1.63,20.13,37.92,88.94,2.78,4.89
2001-03-30,4.29,20.58,34.3,88.82,2.7,2.58
2001-03-31,0.0,18.41,40.69,89.22,1.98,2.35
2001-04-01,0.0,18.7,31.76,89.16,1.61,0.24
2001-04-02,0.0,19.8,30.06,89.07,1.79,0.72
2001-04-03,0.0,20.9,26.06,89.21,1.93,-0.92
2001-04-04,0.0,21.93,21.7,89.36,2.42,-2.7
2001-04-05,0.06,21.39,20.67,89.23,2.02,-3.14
2001-04-06,0.0,22.8,19.99,89.27,1.63,-2.36
2001-04-07,0.0,23.77,16.64,89.27,2.16,-4.63
2001-04-08,0.0,23.93,13.32,88.89,2.1,-6.84
2001-04-09,0.0,25.24,12.34,88.81,2.4,-6.61
2001-04-10,0.0,26.08,11.39,89.03,1.59,-6.79
2001-04-11,0.0,25.56,13.75,89.14,1.9,-5.27
2001-04-12,0.06,22.37,24.39,89.13,1.89,-0.03
2001-04-13,1.34,23.23,28.4,89.15,1.83,3.01
2001-04-14,3.26,20.41,46.45,89.51,1.21,8.22
2001-04-15,0.51,22.21,43.7,89.45,1.57,8.27
2001-04-16,7.61,20.21,56.39,89.32,1.38,10.45
2001-04-17,10.0,17.98,58.62,89.18,1.42,8.87
2001-04-18,2.55,19.45,54.45,89.13,1.55,9.21
2001-04-19,0.72,20.9,48.1,89.05,1.71,8.31
2001-04-20,0.0,20.8,47.53,88.9,1.75,8.01
2001-04-21,0.0,21.16,41.43,88.72,2.21,6.03
2001-04-22,0.0,22.35,33.48,88.74,2.01,3.85
2001-04-23,0.0,24.53,26.49,88.83,2.11,1.89
2001-04-24,0.0,25.27,24.61,89.05,1.72,1.58
2001-04-25,0.0,26.21,27.25,88.85,2.42,4.12
2001-04-26,0.0,26.23,26.88,88.79,2.25,3.63
2001-04-27,0.01,26.8,25.66,88.71,2.35,4.05
2001-04-28,0.01,27.72,23.66,88.48,2.98,3.37
2001-04-29,0.0,28.17,20.74,88.53,2.12,1.96
2001-04-30,0.0,28.23,17.78,88.84,2.18,-0.33
2001-05-01,0.0,28.68,17.98,88.91,2.03,0.35
2001-05-02,0.08,28.45,21.8,88.74,2.14,3.85
2001-05-03,2.58,27.8,24.9,88.55,2.1,5.23
2001-05-04,0.02,27.72,23.67,88.68,1.61,4.33
2001-05-05,0.0,27.31,21.91,88.7,1.85,2.16
2001-05-06,0.0,27.81,19.48,88.69,1.91,1.22
2001-05-07,0.0,28.68,20.03,88.67,1.84,2.6
2001-05-08,0.0,29.03,21.36,88.5,2.17,3.64
2001-05-09,0.0,29.71,21.11,88.26,2.89,4.25
2001-05-10,0.0,30.23,16.75,88.23,2.19,1.03
2001-05-11,0.0,30.82,15.88,88.51,2.1,1.05
2001-05-12,0.0,29.45,25.57,88.74,1.86,7.17
2001-05-13,0.0,29.69,26.62,88.64,1.83,7.74
2001-05-14,0.03,29.72,25.34,88.65,1.84,7.2
2001-05-15,11.1,27.8,37.25,88.84,1.6,10.43
2001-05-16,20.18,24.88,59.5,88.93,1.36,15.92
2001-05-17,1.7,23.37,58.49,88.87,1.35,14.31
2001-05-18,2.84,23.79,56.31,88.76,1.47,13.72
2001-05-19,2.21,24.14,56.27,88.74,1.56,14.34
2001-05-20,0.59,25.39,50.95,88.65,1.17,13.69
2001-05-21,1.75,25.87,51.17,88.62,1.42,14.23
2001-05-22,0.1,26.59,50.33,88.6,1.83,14.62
2001-05-23,0.0,27.27,41.5,88.49,1.93,11.84
2001-05-24,0.0,27.9,34.98,88.22,2.04,9.41
2001-05-25,0.0,29.28,28.92,88.17,2.15,8.03
2001-05-26,1.68,30.03,30.17,88.36,1.94,9.78
2001-05-27,15.86,26.99,41.09,88.56,1.61,11.88
2001-05-28,4.74,25.94,48.95,88.45,1.67,12.9
2001-05-29,1.61,26.07,49.7,88.47,2.26,13.78
2001-05-30,0.2,26.39,50.56,88.37,2.26,14.33
2001-05-31,1.27,27.02,53.95,88.23,1.86,16.22
2001-06-01,36.13,25.58,64.38,88.42,1.42,17.95
2001-06-02,17.46,25.13,71.27,88.61,1.29,19.11
2001-06-03,4.63,25.67,64.48,88.69,1.3,18.03
2001-06-04,17.39,25.12,67.88,88.56,1.46,18.39
2001-06-05,0.14,24.06,66.44,88.44,1.59,17.03
2001-06-06,0.16,24.78,58.37,88.33,1.66,15.27
2001-06-07,3.12,24.96,55.59,88.42,1.44,14.74
2001-06-08,0.0,25.75,50.99,88.28,1.38,13.91
2001-06-09,0.01,26.78,46.63,88.33,1.33,13.58
2001-06-10,0.0,27.21,48.23,88.36,1.36,14.7
2001-06-11,0.74,28.46,50.34,88.31,1.32,16.33
2001-06-12,0.76,28.88,50.09,88.42,1.51,16.63
2001-06-13,7.26,29.01,57.03,88.49,1.3,19.09
2001-06-14,20.36,26.14,73.84,88.41,1.05,20.9
2001-06-15,2.02,26.42,65.65,88.25,1.42,18.88
2001-06-16,1.72,26.73,62.15,88.1,1.44,18.44
2001-06-17,12.21,26.14,68.52,88.15,1.39,19.52
2001-06-18,3.13,26.12,69.24,88.28,1.32,19.74
2001-06-19,0.03,26.63,56.67,88.25,1.72,16.44
2001-06-20,0.56,27.4,54.21,88.11,1.47,16.77
2001-06-21,20.92,26.43,68.45,88.18,1.54,19.81
2001-06-22,0.47,27.48,64.21,88.21,1.4,19.37
2001-06-23,9.19,26.05,70.24,88.38,1.47,19.76
2001-06-24,9.85,25.52,72.4,88.38,1.34,19.77
2001-06-25,20.54,25.24,78.95,88.39,1.31,20.99
2001-06-26,6.52,26.17,71.84,88.3,1.24,20.06
2001-06-27,15.5,25.62,76.32,88.29,1.35,20.92
2001-06-28,15.42,25.77,75.8,88.22,1.24,20.85
2001-06-29,6.41,26.41,73.71,88.35,1.24,20.96
2001-06-30,3.72,24.33,85.03,88.53,1.46,21.56
2001-07-01,7.85,25.28,78.54,88.49,1.45,21.01
2001-07-02,0.18,24.81,80.77,88.4,1.06,21.13
2001-07-03,0.51,26.18,73.93,88.26,1.61,20.81
2001-07-04,1.3,26.68,71.4,88.25,1.41,20.73
2001-07-05,30.43,26.31,75.21,88.26,1.22,21.36
2001-07-06,0.75,26.67,73.3,88.23,1.02,21.21
2001-07-07,4.58,26.38,72.46,88.35,0.99,20.69
2001-07-08,1.42,27.34,66.3,88.32,1.09,20.04
2001-07-09,2.66,27.98,64.39,88.27,1.3,20.12
2001-07-10,6.32,25.97,74.99,88.39,1.08,21.11
2001-07-11,5.3,26.05,74.04,88.38,1.07,20.65
2001-07-12,6.03,26.38,73.01,88.39,1.2,20.78
2001-07-13,16.83,25.61,78.78,88.44,1.37,21.37
2001-07-14,24.18,23.19,91.3,88.38,1.9,21.62
2001-07-15,85.51,23.87,90.39,88.24,2.13,22.09
2001-07-16,37.67,24.1,88.36,88.29,1.75,21.91
2001-07-17,16.41,23.86,87.07,88.42,1.48,21.39
2001-07-18,5.26,24.74,83.55,88.31,1.21,21.53
2001-07-19,15.99,24.52,86.44,88.28,1.71,21.94
2001-07-20,59.79,23.26,87.74,88.43,1.4,21.0
2001-07-21,9.45,24.57,85.69,88.29,1.26,21.83
2001-07-22,8.28,24.64,85.93,88.48,1.31,21.92
2001-07-23,0.81,25.07,85.08,88.54,1.27,22.2
2001-07-24,5.2,25.27,82.5,88.5,1.19,21.85
2001-07-25,34.86,24.91,85.97,88.45,1.39,22.24
2001-07-26,42.13,24.35,89.15,88.51,1.56,22.32
2001-07-27,34.7,24.32,92.45,88.33,1.79,22.95
2001-07-28,20.89,23.96,93.44,88.23,2.05,22.78
2001-07-29,9.06,24.34,90.98,88.29,1.82,22.66
2001-07-30,4.89,23.4,91.15,88.42,1.91,21.78
2001-07-31,0.39,23.67,87.8,88.57,1.66,21.38
2001-08-01,0.0,23.44,86.74,88.39,1.62,20.92
2001-08-02,2.48,23.38,82.33,88.28,1.36,19.97
2001-08-03,7.7,24.04,84.81,88.6,1.3,21.12
2001-08-04,4.5,24.96,80.66,88.94,1.06,21.2
2001-08-05,13.13,24.62,83.79,88.93,1.29,21.48
2001-08-06,7.85,23.87,83.07,88.83,1.21,20.59
2001-08-07,3.87,23.83,83.44,88.73,0.84,20.66
2001-08-08,4.36,23.97,87.18,88.71,1.44,21.57
2001-08-09,2.77,24.32,83.16,88.89,1.08,21.01
2001-08-10,1.24,25.09,83.05,88.88,1.23,21.74
2001-08-11,3.38,25.1,85.11,88.81,1.16,22.25
2001-08-12,7.41,24.69,89.7,88.56,1.66,22.78
2001-08-13,36.25,23.6,93.27,88.54,1.66,22.4
2001-08-14,10.24,23.26,94.94,88.71,1.33,22.37
2001-08-15,0.74,24.76,84.17,88.77,1.17,21.68
2001-08-16,0.72,24.84,85.37,88.51,1.22,22.03
2001-08-17,9.77,24.82,88.41,88.28,1.49,22.63
2001-08-18,14.18,24.53,88.96,88.26,1.63,22.44
2001-08-19,10.81,24.07,86.17,88.43,1.26,21.45
2001-08-20,4.64,24.22,86.88,88.65,1.18,21.75
2001-08-21,0.48,24.45,83.73,88.66,1.32,21.37
2001-08-22,4.05,24.03,83.34,88.42,1.48,20.89
2001-08-23,1.26,23.98,80.51,88.45,1.2,20.26
2001-08-24,0.68,23.58,80.78,88.54,1.22,19.87
2001-08-25,1.65,23.18,84.09,88.6,1.32,20.14
2001-08-26,3.54,23.06,83.86,88.46,1.53,19.97
2001-08-27,1.88,23.12,83.39,88.34,1.43,19.96
2001-08-28,7.79,23.02,81.51,88.24,1.48,19.51
2001-08-29,6.67,23.18,79.98,88.27,1.14,19.35
2001-08-30,19.19,22.99,80.81,88.37,0.98,19.29
2001-08-31,9.78,24.0,79.14,88.48,0.97,19.92
2001-09-01,2.83,24.0,80.73,88.58,1.06,20.34
2001-09-02,5.72,23.9,81.68,88.61,1.31,20.41
2001-09-03,11.33,23.42,83.87,88.74,1.18,20.39
2001-09-04,2.58,23.05,82.87,88.74,1.32,19.81
2001-09-05,0.23,22.7,83.43,88.66,1.37,19.49
2001-09-06,0.0,22.4,80.48,88.76,1.41,18.62
2001-09-07,0.08,22.77,78.79,88.92,1.37,18.67
2001-09-08,1.54,22.75,80.32,89.0,1.23,18.96
2001-09-09,5.29,22.19,82.17,88.79,1.4,18.78
2001-09-10,1.09,22.45,73.64,88.68,1.22,17.21
2001-09-11,0.09,22.73,75.03,88.71,1.14,17.79
2001-09-12,1.92,22.52,79.85,88.87,1.22,18.58
2001-09-13,0.84,22.26,79.08,88.87,1.11,18.23
2001-09-14,2.73,22.58,74.33,89.0,1.1,17.43
2001-09-15,0.07,22.26,70.28,89.1,1.21,16.26
2001-09-16,0.0,22.38,67.59,89.03,1.36,15.63
2001-09-17,0.0,22.08,67.98,88.91,1.41,15.58
2001-09-18,0.0,21.72,69.28,88.79,1.34,15.43
2001-09-19,0.0,21.26,61.33,88.8,1.76,12.92
2001-09-20,0.0,21.2,56.84,88.92,1.43,11.47
2001-09-21,0.0,22.0,57.9,89.1,1.27,12.74
2001-09-22,0.0,22.92,56.07,89.07,1.15,13.08
2001-09-23,0.0,23.1,59.22,89.07,1.14,14.18
2001-09-24,0.01,23.45,59.88,89.07,1.15,14.84
2001-09-25,0.0,23.0,61.62,89.04,1.14,14.81
2001-09-26,0.0,22.39,62.26,88.97,1.09,14.2
2001-09-27,0.0,22.54,62.54,88.92,1.13,14.51
2001-09-28,0.0,23.01,61.88,88.96,1.21,14.79
2001-09-29,9.33,23.23,66.89,89.02,1.12,16.28
2001-09-30,1.33,23.19,74.28,89.08,1.05,18.01
2001-10-01,1.86,22.27,80.94,89.1,1.17,18.57
2001-10-02,1.11,22.19,76.98,89.04,0.92,17.61
2001-10-03,1.03,22.45,78.11,88.97,0.97,18.14
2001-10-04,0.94,22.94,77.11,88.98,0.91,18.35
2001-10-05,0.0,22.08,74.27,88.94,1.07,16.73
2001-10-06,0.0,21.69,60.39,89.07,1.19,13.05
2001-10-07,0.0,22.22,54.9,89.19,1.1,12.04
2001-10-08,0.0,22.7,52.29,89.23,1.17,11.78
2001-10-09,0.0,22.34,49.48,89.11,1.21,10.48
2001-10-10,0.0,21.47,52.64,89.09,1.37,10.67
2001-10-11,0.0,20.57,51.31,89.19,1.32,9.12
2001-10-12,0.0,20.59,45.68,89.28,1.51,7.13
2001-10-13,0.0,20.14,45.19,89.21,1.38,6.85
2001-10-14,0.0,19.31,47.05,89.13,1.43,6.78
2001-10-15,0.0,19.26,45.4,89.24,1.24,6.27
2001-10-16,0.0,18.81,43.27,89.3,1.3,5.06
2001-10-17,0.0,18.94,45.31,89.19,1.3,6.01
2001-10-18,0.0,18.65,46.8,89.13,1.43,6.01
2001-10-19,0.0,18.82,41.27,89.38,1.56,3.86
2001-10-20,0.0,19.51,38.06,89.43,1.3,3.66
2001-10-21,0.0,19.41,41.49,89.4,1.25,5.13
2001-10-22,0.0,19.86,43.86,89.48,1.31,6.39
2001-10-23,0.0,19.63,44.85,89.45,1.36,6.28
2001-10-24,0.0,19.71,43.0,89.24,1.41,5.68
2001-10-25,0.0,19.57,42.24,89.04,1.4,5.27
2001-10-26,0.0,19.64,41.33,89.08,1.23,5.12
2001-10-27,0.0,20.12,45.1,89.35,1.26,7.09
2001-10-28,0.0,19.19,51.95,89.41,1.26,8.44
2001-10-29,0.0,19.45,51.5,89.35,1.37,8.51
2001-10-30,0.0,19.16,51.56,89.29,1.49,8.14
2001-10-31,0.0,19.25,46.38,89.29,1.56,6.4
2001-11-01,0.0,19.35,43.24,89.34,1.54,5.36
2001-11-02,0.0,19.93,41.03,89.45,1.67,5.32
2001-11-03,0.0,20.18,37.68,89.41,1.5,4.34
2001-11-04,0.1,19.07,42.03,89.35,1.4,4.86
2001-11-05,0.0,18.17,41.44,89.52,1.44,3.77
2001-11-06,0.08,18.3,43.76,89.65,1.17,4.84
2001-11-07,0.18,16.69,54.59,89.56,1.44,6.82
2001-11-08,0.0,15.91,47.91,89.44,1.31,4.03
2001-11-09,0.0,16.56,42.55,89.45,1.44,2.88
2001-11-10,0.0,16.48,36.05,89.47,1.28,0.38
2001-11-11,0.0,15.7,35.4,89.44,1.36,-0.63
2001-11-12,0.0,16.65,33.29,89.41,1.39,-0.85
2001-11-13,0.0,16.82,31.94,89.48,1.21,-1.11
2001-11-14,0.0,16.9,33.09,89.57,1.19,-0.39
2001-11-15,0.0,16.97,34.46,89.56,1.17,0.43
2001-11-16,0.0,17.01,37.43,89.6,1.14,1.62
2001-11-17,0.0,16.38,38.76,89.59,1.33,1.35
2001-11-18,0.0,15.56,36.39,89.55,1.33,-0.52
2001-11-19,0.0,15.07,35.44,89.59,1.25,-1.1
2001-11-20,0.0,15.24,39.11,89.73,1.29,0.56
2001-11-21,0.0,15.76,40.44,89.72,1.24,1.69
2001-11-22,0.0,14.92,40.14,89.62,1.27,0.58
2001-11-23,0.0,14.46,35.55,89.44,1.23,-1.68
2001-11-24,0.0,14.03,34.66,89.57,1.29,-2.37
2001-11-25,0.0,15.21,31.4,89.63,1.31,-2.57
2001-11-26,0.0,14.97,32.38,89.55,1.42,-2.17
2001-11-27,0.0,14.51,37.46,89.64,1.37,-0.42
2001-11-28,0.0,13.3,40.64,89.39,1.34,-0.64
2001-11-29,0.0,12.73,38.8,89.5,1.37,-1.81
2001-11-30,0.0,13.42,30.85,89.5,1.75,-5.21
2001-12-01,0.0,13.78,26.81,89.39,1.64,-6.6
2001-12-02,0.0,14.13,27.37,89.28,1.69,-5.59
2001-12-03,0.0,15.27,25.81,89.36,1.31,-5.2
2001-12-04,0.0,14.71,31.58,89.36,1.52,-2.82
2001-12-05,0.0,14.38,35.26,89.29,1.61,-1.7
2001-12-06,0.0,13.74,33.05,89.36,1.37,-3.24
2001-12-07,0.0,14.44,30.47,89.33,1.47,-3.59
2001-12-08,0.0,13.42,35.12,89.33,1.66,-2.42
2001-12-09,0.0,12.51,32.28,89.4,1.35,-4.83
2001-12-10,0.0,12.09,29.67,89.63,1.37,-6.2
2001-12-11,0.0,13.1,33.74,89.7,1.35,-3.25
2001-12-12,0.0,13.69,38.31,89.67,1.46,-1.33
2001-12-13,0.0,14.24,30.77,89.7,1.22,-3.79
2001-12-14,0.0,13.09,32.49,89.8,1.03,-3.62
2001-12-15,1.72,11.04,52.06,89.85,1.28,1.17
2001-12-16,0.0,12.5,47.62,89.7,1.46,0.54
2001-12-17,0.0,12.96,38.57,89.75,1.39,-1.8
2001-12-18,0.03,13.3,37.72,89.81,1.26,-1.66
2001-12-19,2.24,11.21,51.22,89.95,1.33,0.81
2001-12-20,0.03,11.66,43.58,89.79,1.26,-2.03
2001-12-21,0.0,12.2,34.34,89.86,1.25,-4.26
2001-12-22,0.0,12.97,31.39,89.93,1.21,-4.36
2001-12-23,0.0,14.28,27.04,89.84,1.22,-5.17
2001-12-24,0.0,13.76,29.14,89.78,1.3,-4.59
2001-12-25,0.0,13.57,30.52,89.73,1.31,-4.1
2001-12-26,0.0,12.49,33.87,89.84,1.03,-3.54
2001-12-27,0.0,11.98,32.5,89.96,1.3,-4.68
2001-12-28,0.0,11.24,32.96,90.0,1.31,-5.07
2001-12-29,0.0,10.75,33.81,89.8,1.27,-5.39
2001-12-30,0.0,10.38,33.41,89.73,1.4,-5.79
2001-12-31,0.0,9.53,32.75,89.6,1.18,-6.88
2002-01-01,0.0,9.98,30.71,89.78,1.34,-7.34
2002-01-02,0.0,10.83,28.96,89.89,1.25,-7.2
2002-01-03,0.0,11.4,26.99,89.86,1.33,-7.59
2002-01-04,0.0,11.94,26.47,89.83,1.36,-7.4
2002-01-05,0.0,12.17,25.74,89.7,1.23,-7.53
2002-01-06,0.0,11.34,29.22,89.7,1.45,-6.59
2002-01-07,0.0,11.28,31.1,89.76,1.2,-5.55
2002-01-08,0.0,12.1,30.62,89.76,1.3,-5.35
2002-01-09,0.0,10.94,33.75,89.75,1.49,-5.57
2002-01-10,0.0,10.89,28.26,89.7,1.37,-7.86
2002-01-11,0.0,11.65,25.79,89.34,1.48,-8.34
2002-01-12,0.0,12.0,26.97,89.27,1.3,-7.15
2002-01-13,0.0,13.47,27.89,89.34,1.17,-5.37
2002-01-14,1.71,13.68,42.34,89.25,1.06,0.21
2002-01-15,24.13,8.14,82.45,89.23,2.08,5.24
2002-01-16,0.93,10.08,67.69,89.28,1.36,3.87
2002-01-17,0.35,11.32,60.54,89.24,1.36,3.36
2002-01-18,7.14,10.3,80.05,89.13,1.26,6.68
2002-01-19,1.71,10.5,69.6,89.36,1.92,4.59
2002-01-20,0.91,9.56,68.23,89.49,1.08,3.65
2002-01-21,0.0,10.35,51.03,89.37,1.35,-0.54
2002-01-22,0.0,10.73,46.86,89.3,1.49,-0.65
2002-01-23,0.0,10.43,47.36,89.26,1.44,-1.01
2002-01-24,0.0,9.36,39.98,89.08,1.83,-4.51
2002-01-25,0.01,9.24,38.55,89.14,1.62,-4.93
2002-01-26,0.63,9.46,50.06,89.22,1.44,-1.29
2002-01-27,7.9,7.21,76.14,89.19,2.4,3.03
2002-01-28,0.11,8.74,63.97,89.44,1.17,1.74
2002-01-29,0.0,8.7,54.04,89.66,1.11,-0.61
2002-01-30,0.0,9.4,42.87,89.66,1.42,-3.78
2002-01-31,0.0,10.37,33.65,89.7,1.33,-5.64
2002-02-01,0.0,11.52,29.18,89.73,1.56,-6.65
2002-02-02,0.0,11.15,30.83,89.61,1.83,-6.77
2002-02-03,0.0,9.94,34.33,89.42,1.72,-6.43
2002-02-04,0.0,12.05,22.78,89.4,1.52,-9.77
2002-02-05,0.1,12.57,28.59,89.49,1.36,-6.5
2002-02-06,0.48,12.26,54.92,89.37,1.62,2.67
2002-02-07,3.86,13.25,64.63,89.34,2.77,5.65
2002-02-08,4.24,13.19,73.39,89.45,1.94,7.78
2002-02-09,13.59,11.44,79.32,89.66,1.46,7.57
2002-02-10,0.34,13.17,51.34,89.62,1.74,2.39
2002-02-11,43.05,7.72,73.8,89.35,2.43,2.84
2002-02-12,1.15,9.14,76.62,89.73,1.73,4.88
2002-02-13,0.0,11.61,45.72,89.68,1.5,-1.02
2002-02-14,0.0,13.43,37.39,89.63,1.4,-1.73
2002-02-15,0.0,14.03,37.82,89.55,1.4,-1.01
2002-02-16,0.0,15.46,38.06,89.52,1.29,0.45
2002-02-17,0.0,15.7,40.48,89.71,1.26,1.91
2002-02-18,0.0,14.37,43.33,89.87,1.66,0.67
2002-02-19,0.0,14.16,41.14,89.75,1.98,-0.06
2002-02-20,0.0,14.24,38.11,89.65,1.32,-0.6
2002-02-21,0.0,13.77,42.95,89.69,1.77,0.2
2002-02-22,1.22,16.13,41.93,89.82,1.7,2.11
2002-02-23,3.96,16.01,54.59,89.82,1.8,6.32
2002-02-24,1.05,15.42,51.03,89.57,1.4,4.49
2002-02-25,3.07,13.7,54.48,89.55,1.09,4.26
2002-02-26,0.0,11.98,43.18,89.54,1.71,-1.46
2002-02-27,0.0,13.64,41.91,89.29,2.22,0.05
2002-02-28,0.26,14.91,41.53,89.25,1.65,0.77
2002-03-01,1.48,15.77,47.18,89.36,1.13,3.86
2002-03-02,7.73,13.2,70.8,89.27,1.59,7.76
2002-03-03,0.02,13.3,59.16,89.21,1.16,4.1
2002-03-04,0.0,14.51,43.54,89.15,1.69,0.84
2002-03-05,0.0,14.95,37.43,89.25,1.49,-0.71
2002-03-06,0.0,15.34,36.15,89.26,1.51,-0.71
2002-03-07,0.0,15.76,35.97,89.33,1.24,-0.12
2002-03-08,0.0,15.78,39.01,89.39,1.75,0.86
2002-03-09,0.09,16.75,36.55,89.51,1.77,0.56
2002-03-10,0.36,17.72,42.08,89.6,1.62,3.54
2002-03-11,0.0,16.95,38.8,89.47,2.06,0.9
2002-03-12,0.0,17.61,37.06,89.42,1.85,1.27
2002-03-13,0.0,17.45,37.58,89.57,1.61,1.38
2002-03-14,0.0,16.98,34.14,89.4,1.48,-1.01
2002-03-15,0.0,18.12,35.45,89.26,1.71,1.61
2002-03-16,0.0,17.91,35.11,89.14,1.98,0.93
2002-03-17,0.0,19.63,32.54,89.25,1.73,1.34
2002-03-18,0.0,20.32,31.63,89.46,1.81,1.33
2002-03-19,0.0,21.1,30.33,89.5,1.55,1.56
2002-03-20,0.0,20.56,35.69,89.39,1.62,3.45
2002-03-21,0.0,20.44,37.08,89.16,1.84,3.9
2002-03-22,0.0,20.4,41.48,88.97,2.13,5.62
2002-03-23,0.0,20.06,40.41,88.81,1.69,4.84
2002-03-24,0.01,20.72,38.63,88.73,1.88,4.81
2002-03-25,0.56,20.88,36.58,88.73,1.24,4.4
2002-03-26,0.0,20.44,33.81,88.95,1.52,2.08
2002-03-27,0.0,20.64,30.49,89.07,1.62,0.89
2002-03-28,0.0,20.26,29.87,89.08,1.49,0.38
2002-03-29,0.0,20.71,29.52,89.17,1.74,0.66
2002-03-30,0.0,21.31,29.65,89.12,2.08,1.08
2002-03-31,0.04,22.07,32.06,89.18,2.0,3.14
2002-04-01,0.29,22.44,30.67,89.17,1.71,2.83
2002-04-02,1.11,20.96,31.53,89.08,1.73,1.68
2002-04-03,0.03,20.15,30.32,88.93,1.74,0.4
2002-04-04,0.0,21.77,24.14,88.96,1.79,-1.74
2002-04-05,0.0,22.65,23.38,89.15,1.88,-1.32
2002-04-06,0.0,24.11,23.94,89.2,2.15,-0.04
2002-04-07,0.07,23.5,29.46,89.22,1.54,2.86
2002-04-08,0.0,21.29,39.51,89.2,1.13,6.35
2002-04-09,0.03,22.23,34.09,89.02,2.11,4.06
2002-04-10,0.02,21.44,28.99,88.82,1.98,1.36
2002-04-11,0.0,23.13,25.3,88.95,1.86,1.01
2002-04-12,0.0,24.1,22.87,89.21,1.72,0.04
2002-04-13,0.0,24.35,22.11,89.25,1.82,-0.54
2002-04-14,0.0,24.85,22.79,88.97,2.1,0.73
2002-04-15,0.0,26.45,22.18,89.0,2.24,1.49
2002-04-16,0.0,26.59,22.04,88.94,2.1,1.78
2002-04-17,0.0,27.06,22.76,88.93,1.9,2.75
2002-04-18,0.0,26.43,19.82,88.79,2.12,-0.41
2002-04-19,0.0,26.7,15.25,88.9,1.98,-3.74
2002-04-20,0.0,27.09,14.76,89.07,2.09,-3.51
2002-04-21,0.0,27.81,16.07,88.79,2.09,-1.78
2002-04-22,0.0,28.59,18.6,88.64,2.02,1.04
2002-04-23,0.0,29.21,17.44,88.81,1.77,1.03
2002-04-24,0.07,27.53,24.08,88.87,2.16,4.58
2002-04-25,22.25,25.32,41.47,88.76,1.74,10.48
2002-04-26,3.26,23.92,40.14,88.72,2.14,8.33
2002-04-27,0.0,23.82,29.81,88.72,2.22,3.03
2002-04-28,0.37,23.87,29.83,88.68,2.14,3.48
2002-04-29,3.28,23.26,31.56,88.62,2.19,3.47
2002-04-30,0.0,23.7,25.61,88.64,2.11,0.02
2002-05-01,0.0,25.82,26.21,88.74,1.54,3.21
2002-05-02,0.08,26.49,28.25,88.78,2.18,4.76
2002-05-03,1.09,26.85,27.76,88.83,2.6,4.68
2002-05-04,0.0,27.56,24.45,88.65,2.06,3.37
2002-05-05,0.0,27.97,24.16,88.58,2.1,3.51
2002-05-06,0.0,28.73,23.41,88.59,2.03,4.85
2002-05-07,0.01,28.15,26.43,88.71,2.01,6.43
2002-05-08,0.29,29.26,21.32,88.62,2.35,2.33
2002-05-09,0.0,30.38,17.63,88.68,2.27,1.68
2002-05-10,0.0,30.14,17.74,88.58,1.96,1.94
2002-05-11,0.0,31.23,12.67,88.22,2.13,-2.37
2002-05-12,0.0,30.29,14.28,88.34,2.0,-0.81
2002-05-13,0.0,30.51,17.66,88.61,2.05,2.48
2002-05-14,0.05,32.07,20.09,88.67,1.79,5.81
2002-05-15,0.12,31.21,28.08,88.67,2.19,10.24
2002-05-16,0.0,31.42,22.5,88.46,2.05,6.86
2002-05-17,0.0,31.24,18.27,88.28,1.92,3.56
2002-05-18,0.0,30.18,14.93,88.0,2.45,-1.47
2002-05-19,0.05,31.82,9.96,87.81,2.18,-4.7
2002-05-20,3.86,29.88,17.21,87.96,1.95,0.64
2002-05-21,0.0,28.83,13.66,88.23,2.24,-3.21
2002-05-22,0.0,29.38,10.21,88.47,2.49,-6.75
2002-05-23,0.0,31.14,11.1,88.6,2.3,-4.05
2002-05-24,0.02,31.96,16.5,88.68,2.1,2.85
2002-05-25,2.67,29.33,28.18,88.72,2.21,8.37
2002-05-26,12.95,26.96,42.96,88.62,1.79,12.82
2002-05-27,6.1,28.01,37.91,88.39,1.71,11.18
2002-05-28,10.38,26.09,44.92,88.63,1.4,12.73
2002-05-29,5.32,25.68,49.17,88.82,1.53,13.5
2002-05-30,0.79,26.02,44.85,88.84,1.6,12.24
2002-05-31,0.65,25.75,46.1,88.88,1.43,12.66
2002-06-01,1.81,27.37,39.01,88.75,1.62,11.24
2002-06-02,0.1,27.49,36.88,88.71,1.67,10.38
2002-06-03,0.01,28.24,33.63,88.58,2.05,9.16
2002-06-04,0.03,28.69,31.12,88.47,1.84,8.47
2002-06-05,12.86,29.34,35.45,88.48,1.66,11.23
2002-06-06,0.5,28.64,41.37,88.39,1.84,12.88
2002-06-07,0.1,29.22,34.46,88.38,1.81,10.58
2002-06-08,0.22,29.73,34.26,88.27,1.55,11.27
2002-06-09,1.34,29.42,37.91,88.43,1.64,12.44
2002-06-10,1.12,30.35,34.11,88.49,1.93,11.4
2002-06-11,6.71,28.98,41.51,88.58,1.62,14.01
2002-06-12,6.92,28.23,51.3,88.5,1.41,16.59
2002-06-13,0.15,29.56,38.49,88.29,1.86,12.56
2002-06-14,6.36,29.33,38.42,88.27,1.76,13.14
2002-06-15,2.11,29.17,34.9,88.24,1.81,10.52
2002-06-16,1.12,29.15,35.34,88.42,2.11,11.04
2002-06-17,3.25,28.97,38.23,88.49,2.22,11.56
2002-06-18,0.01,28.81,36.99,88.31,2.17,10.69
2002-06-19,0.07,29.16,36.03,88.23,1.88,11.21
2002-06-20,0.25,29.14,42.37,88.12,2.03,13.8
2002-06-21,0.05,29.91,36.33,88.02,2.48,12.07
2002-06-22,0.49,30.34,35.21,88.04,1.64,12.28
2002-06-23,1.49,30.25,40.08,88.36,1.67,14.18
2002-06-24,10.68,29.04,56.78,88.55,1.41,18.98
2002-06-25,5.74,27.38,67.81,88.62,1.01,20.68
2002-06-26,1.36,26.81,67.53,88.68,1.37,19.84
2002-06-27,1.57,26.38,64.11,88.74,1.8,18.68
2002-06-28,2.07,27.79,61.27,88.72,1.49,19.03
2002-06-29,6.27,28.72,59.63,88.56,1.36,19.43
2002-06-30,4.78,28.89,60.21,88.3,1.63,19.83
2002-07-01,0.36,30.74,43.03,88.16,2.06,15.29
2002-07-02,1.64,31.67,35.06,88.23,1.93,13.29
2002-07-03,2.75,29.71,49.44,88.28,1.54,17.51
2002-07-04,1.95,29.87,48.82,88.3,1.2,17.32
2002-07-05,0.43,29.71,47.76,88.35,1.79,16.57
2002-07-06,2.93,28.89,45.42,88.29,2.28,14.82
2002-07-07,0.0,29.08,39.84,88.11,2.75,12.81
2002-07-08,0.0,29.57,39.12,88.13,2.38,12.87
2002-07-09,0.02,29.88,36.39,88.23,2.17,12.05
2002-07-10,1.61,29.66,36.8,88.19,2.38,12.09
2002-07-11,10.57,28.14,43.61,88.1,2.37,13.1
2002-07-12,0.62,28.74,37.25,88.23,1.85,11.04
2002-07-13,0.6,29.52,35.57,88.29,2.36,11.22
2002-07-14,0.51,29.26,35.18,88.3,2.19,10.99
2002-07-15,0.22,29.79,37.6,88.3,2.5,12.82
2002-07-16,0.71,29.53,37.17,88.38,1.76,12.56
2002-07-17,0.88,30.13,39.73,88.5,1.35,13.7
2002-07-18,1.55,28.36,56.04,88.64,1.23,18.44
2002-07-19,8.5,28.8,58.28,88.52,1.58,19.27
2002-07-20,3.68,29.97,46.05,88.26,2.06,15.95
2002-07-21,0.7,29.89,44.6,88.09,2.11,15.7
2002-07-22,0.8,29.19,48.67,88.12,2.26,16.43
2002-07-23,0.02,28.34,50.41,88.26,2.59,16.53
2002-07-24,0.57,28.17,46.91,88.27,2.54,14.62
2002-07-25,0.0,28.94,45.76,88.28,2.42,15.5
2002-07-26,2.05,28.8,45.78,88.23,2.51,15.12
2002-07-27,0.59,28.59,47.34,88.31,1.78,15.35
2002-07-28,0.17,29.19,46.79,88.44,1.8,15.86
2002-07-29,0.09,30.07,42.16,88.3,2.03,14.95
2002-07-30,0.09,29.68,36.31,88.32,1.32,12.2
2002-07-31,7.94,29.0,47.11,88.45,1.3,15.89
2002-08-01,4.59,27.64,62.35,88.56,1.15,19.31
2002-08-02,11.63,25.75,74.16,88.53,1.13,20.49
2002-08-03,20.49,25.45,73.6,88.49,1.41,19.97
2002-08-04,4.82,25.18,73.65,88.5,1.36,19.65
2002-08-05,0.66,27.34,61.84,88.42,1.21,18.78
2002-08-06,4.91,26.44,65.78,88.4,0.61,19.1
2002-08-07,0.48,27.86,61.5,88.43,1.37,19.39
2002-08-08,0.35,26.46,69.16,88.41,1.26,20.19
2002-08-09,5.66,28.25,60.54,88.23,1.45,19.2
2002-08-10,47.43,25.89,78.26,88.15,1.55,21.57
2002-08-11,125.11,23.36,94.0,88.18,1.77,22.3
2002-08-12,36.42,23.43,92.04,88.24,1.16,21.99
2002-08-13,17.59,23.3,89.17,88.28,1.7,21.32
2002-08-14,11.84,23.31,82.59,88.38,1.0,20.04
2002-08-15,11.27,23.95,82.7,88.35,1.27,20.68
2002-08-16,0.62,25.36,77.02,88.24,1.24,20.82
2002-08-17,0.78,24.63,72.18,88.23,1.17,18.96
2002-08-18,1.12,24.7,73.23,88.38,1.13,19.22
2002-08-19,0.5,24.06,79.39,88.44,1.12,20.05
2002-08-20,13.09,23.99,82.21,88.37,1.33,20.61
2002-08-21,12.35,23.12,88.57,88.61,1.3,20.98
2002-08-22,1.11,22.82,85.83,88.87,0.99,20.15
2002-08-23,0.15,23.95,81.48,88.95,1.33,20.35
2002-08-24,1.47,24.0,80.38,89.08,0.87,20.16
2002-08-25,3.66,23.61,83.67,88.99,1.41,20.49
2002-08-26,8.63,23.71,81.02,88.96,1.2,19.88
2002-08-27,3.34,23.64,87.02,88.77,1.55,21.16
2002-08-28,0.85,23.52,85.77,88.85,0.91,20.84
2002-08-29,2.05,23.61,85.89,89.03,1.07,20.97
2002-08-30,0.28,24.55,73.61,88.98,0.81,19.13
2002-08-31,2.64,24.59,73.91,88.92,1.25,19.42
2002-09-01,2.0,23.56,80.73,88.97,1.15,19.76
2002-09-02,3.65,24.07,76.63,89.01,1.11,19.36
2002-09-03,4.94,24.0,78.63,88.92,1.14,19.84
2002-09-04,19.04,22.67,86.22,88.79,1.22,20.14
2002-09-05,37.22,21.6,86.51,88.81,1.36,19.11
2002-09-06,38.0,20.15,87.82,88.8,1.41,18.0
2002-09-07,18.4,21.19,83.36,88.69,1.5,18.12
2002-09-08,11.14,21.26,80.67,88.78,1.3,17.6
2002-09-09,3.05,21.43,79.07,88.75,1.26,17.46
2002-09-10,3.74,21.18,81.9,88.79,1.17,17.81
2002-09-11,4.95,21.49,81.14,88.9,0.94,17.88
2002-09-12,34.33,21.03,88.45,88.98,1.19,18.94
2002-09-13,40.46,21.08,85.11,89.01,1.48,18.33
2002-09-14,0.35,21.43,86.03,89.01,1.35,18.8
2002-09-15,2.87,21.72,82.52,89.04,1.24,18.41
2002-09-16,4.28,21.07,83.29,88.96,1.09,17.89
2002-09-17,0.64,20.98,84.24,88.88,1.21,17.97
2002-09-18,0.22,20.89,79.03,89.1,1.28,16.7
2002-09-19,3.17,21.18,71.71,89.24,1.31,15.41
2002-09-20,0.0,21.56,68.98,89.24,1.12,15.26
2002-09-21,2.67,21.76,75.02,89.12,1.25,16.85
2002-09-22,0.66,22.42,77.32,89.05,1.07,17.97
2002-09-23,0.41,22.32,79.41,88.94,0.79,18.19
2002-09-24,0.16,21.78,80.15,88.81,1.27,17.92
2002-09-25,0.01,21.07,76.08,88.95,1.22,16.36
2002-09-26,0.0,21.02,66.42,89.05,1.39,14.11
2002-09-27,0.0,20.07,71.63,89.1,1.29,14.53
2002-09-28,0.0,20.95,62.96,89.17,1.33,13.07
2002-09-29,0.0,21.03,58.65,89.21,1.33,12.14
2002-09-30,0.0,21.4,57.7,89.18,1.37,12.18
2002-10-01,0.0,21.79,60.66,89.25,1.35,13.47
2002-10-02,0.0,21.85,56.68,89.25,1.35,12.22
2002-10-03,0.0,21.04,53.49,89.15,1.49,10.65
2002-10-04,0.0,21.18,47.58,89.22,1.26,8.81
2002-10-05,0.0,21.27,49.1,89.3,1.28,9.58
2002-10-06,0.0,20.98,56.26,89.47,1.24,11.42
2002-10-07,0.0,21.57,55.68,89.48,1.31,11.74
2002-10-08,0.05,21.05,61.21,89.47,1.22,12.84
2002-10-09,0.06,20.34,66.44,89.54,1.22,13.45
2002-10-10,0.12,20.36,73.94,89.57,1.18,15.23
2002-10-11,0.63,20.25,76.35,89.32,1.14,15.57
2002-10-12,4.56,18.77,81.95,89.13,1.15,15.38
2002-10-13,1.26,19.05,73.17,89.26,1.1,13.79
2002-10-14,0.0,19.15,65.65,89.3,1.21,12.21
2002-10-15,0.0,19.84,63.62,89.33,1.16,12.24
2002-10-16,0.0,19.96,66.07,89.32,1.24,13.02
2002-10-17,0.0,20.22,64.89,89.21,1.0,13.04
2002-10-18,0.0,18.91,66.93,89.03,1.38,12.22
2002-10-19,0.0,18.63,62.46,89.02,1.28,10.9
2002-10-20,0.0,18.95,58.33,89.22,1.58,9.82
2002-10-21,0.0,19.07,51.49,89.3,1.63,7.86
2002-10-22,0.0,18.99,50.5,89.26,1.57,7.77
2002-10-23,0.0,17.9,50.19,89.26,1.29,6.52
2002-10-24,0.0,17.04,49.5,89.35,1.31,5.6
2002-10-25,0.0,17.76,47.33,89.43,1.37,5.7
2002-10-26,0.0,18.39,46.73,89.47,1.3,6.11
2002-10-27,0.0,17.61,46.71,89.26,1.44,5.38
2002-10-28,0.0,17.93,45.24,89.06,1.7,5.2
2002-10-29,0.0,17.97,43.26,89.17,1.6,4.46
2002-10-30,0.0,18.09,42.91,89.37,1.53,4.34
2002-10-31,0.0,17.5,40.98,89.5,1.39,3.17
2002-11-01,0.0,17.1,43.19,89.52,1.31,3.64
2002-11-02,0.0,17.03,47.85,89.56,1.52,5.12
2002-11-03,0.0,16.91,52.18,89.59,1.38,6.38
2002-11-04,0.0,17.51,48.77,89.64,1.28,5.77
2002-11-05,0.0,17.12,45.96,89.56,1.36,4.71
2002-11-06,0.0,16.83,48.46,89.59,1.29,5.28
2002-11-07,0.0,16.68,49.01,89.73,1.31,5.16
2002-11-08,0.0,16.54,51.02,89.67,1.35,5.65
2002-11-09,0.0,17.05,49.17,89.62,1.19,5.71
2002-11-10,0.0,17.6,48.85,89.54,1.31,6.08
2002-11-11,0.01,17.15,45.04,89.4,1.25,4.26
2002-11-12,0.12,16.31,47.39,89.29,1.54,4.44
2002-11-13,0.3,14.57,60.7,89.28,1.36,6.43
2002-11-14,0.0,14.64,52.19,89.11,1.43,4.17
2002-11-15,0.0,15.34,47.17,89.3,1.16,3.5
2002-11-16,0.0,15.09,48.24,89.47,1.42,3.53
2002-11-17,0.0,15.79,41.9,89.45,1.32,2.1
2002-11-18,0.0,15.7,41.7,89.42,1.32,1.91
2002-11-19,0.0,15.58,38.31,89.34,1.69,0.33
2002-11-20,0.0,15.48,39.25,89.33,1.39,0.84
2002-11-21,0.0,15.35,39.03,89.58,1.16,0.65
2002-11-22,0.0,14.93,37.66,89.49,1.53,-0.44
2002-11-23,0.0,16.6,30.07,89.35,1.16,-1.83
2002-11-24,0.0,17.06,32.7,89.3,1.02,-0.23
2002-11-25,0.0,17.01,34.1,89.19,1.4,0.32
2002-11-26,0.0,15.61,33.94,89.31,1.46,-1.41
2002-11-27,0.0,14.78,32.62,89.45,1.29,-2.48
2002-11-28,0.0,15.12,32.18,89.6,1.15,-2.41
2002-11-29,0.0,16.2,26.97,89.57,1.26,-3.89
2002-11-30,0.0,15.29,26.66,89.44,1.34,-4.55
2002-12-01,0.0,13.69,30.0,89.42,1.26,-4.51
2002-12-02,0.0,13.54,32.83,89.49,1.23,-3.4
2002-12-03,0.0,14.15,35.52,89.61,1.2,-1.55
2002-12-04,0.0,12.17,46.46,89.56,1.29,0.46
2002-12-05,0.0,12.32,41.99,89.51,1.42,-1.09
2002-12-06,0.0,13.04,39.53,89.64,1.3,-1.22
2002-12-07,0.0,13.46,33.86,89.64,1.25,-3.29
2002-12-08,0.0,13.06,32.52,89.67,1.53,-4.16
2002-12-09,0.0,12.48,30.96,89.61,1.51,-5.54
2002-12-10,0.0,12.42,28.06,89.54,1.06,-6.1
2002-12-11,0.0,13.82,29.03,89.77,1.28,-4.64
2002-12-12,0.0,13.86,31.13,89.93,1.27,-3.79
2002-12-13,0.0,13.43,34.25,89.91,1.38,-2.95
2002-12-14,0.0,13.67,36.26,89.76,1.22,-1.85
2002-12-15,0.0,14.57,43.17,89.61,1.25,1.4
2002-12-16,0.0,13.19,52.51,89.62,0.89,3.43
2002-12-17,0.0,13.38,46.81,89.4,1.68,1.25
2002-12-18,0.0,13.93,38.78,89.3,1.55,-0.81
2002-12-19,0.0,13.64,43.84,89.26,1.48,0.86
2002-12-20,0.0,12.86,47.57,89.21,1.82,1.07
2002-12-21,0.0,12.18,42.67,89.15,1.72,-1.43
2002-12-22,0.0,12.25,32.36,89.31,1.31,-4.76
2002-12-23,0.0,11.55,36.71,89.46,1.27,-3.47
2002-12-24,2.0,9.9,48.16,89.38,1.18,-0.82
2002-12-25,0.29,10.94,44.88,89.42,1.27,-1.22
2002-12-26,0.0,10.52,48.61,89.54,1.37,-0.87
2002-12-27,0.0,9.81,50.07,89.32,1.64,-1.36
2002-12-28,0.0,9.75,43.58,89.31,1.53,-3.04
2002-12-29,0.0,10.03,38.07,89.43,1.31,-4.68
2002-12-30,0.15,9.42,34.96,89.53,1.35,-5.93
2002-12-31,27.92,4.89,75.4,89.15,1.29,0.39
2003-01-01,0.01,6.54,76.14,89.47,1.04,2.15
2003-01-02,0.0,9.28,54.47,89.82,1.45,-0.08
2003-01-03,0.0,9.67,58.12,89.77,1.53,1.28
2003-01-04,0.0,10.04,50.86,89.52,1.31,-0.61
2003-01-05,0.0,10.6,35.63,89.55,1.34,-5.49
2003-01-06,0.0,11.06,34.39,89.77,1.05,-4.65
2003-01-07,0.0,9.82,38.56,89.72,1.25,-4.21
2003-01-08,0.0,9.61,31.76,89.57,1.46,-7.26
2003-01-09,0.0,10.45,26.37,89.72,1.11,-8.78
2003-01-10,0.0,10.03,28.73,89.76,1.37,-7.99
2003-01-11,0.0,10.03,27.47,89.69,1.42,-8.75
2003-01-12,0.0,10.61,26.68,89.75,1.4,-8.48
2003-01-13,0.0,10.16,27.71,89.68,1.49,-8.49
2003-01-14,0.0,10.6,27.78,89.67,1.47,-8.15
2003-01-15,0.0,12.04,27.04,89.87,1.22,-7.03
2003-01-16,0.0,12.71,26.68,89.76,1.22,-6.85
2003-01-17,0.0,12.72,29.25,89.81,1.05,-5.34
2003-01-18,0.0,12.74,31.76,89.9,1.02,-4.22
2003-01-19,0.0,12.34,34.02,89.73,1.08,-3.71
2003-01-20,0.0,11.86,33.67,89.56,1.19,-4.4
2003-01-21,0.0,11.48,29.79,89.43,1.4,-6.53
2003-01-22,0.0,11.88,28.65,89.24,1.7,-6.91
2003-01-23,0.0,12.06,31.85,89.08,1.77,-5.31
2003-01-24,0.0,11.15,33.16,88.99,1.77,-5.75
2003-01-25,0.0,11.46,31.14,89.33,1.66,-6.08
2003-01-26,0.0,12.15,35.83,89.55,2.06,-3.53
2003-01-27,0.22,13.2,44.08,89.54,1.6,0.22
2003-01-28,12.0,10.15,79.03,89.62,1.48,6.53
2003-01-29,0.01,11.73,70.06,89.47,1.35,6.07
2003-01-30,2.53,11.03,67.57,89.37,1.45,4.49
2003-01-31,23.5,6.71,87.05,89.42,1.82,4.65
2003-02-01,6.58,8.5,82.26,89.71,1.68,5.48
2003-02-02,0.23,11.4,67.05,89.91,1.33,4.63
2003-02-03,0.0,12.12,52.25,89.75,1.38,1.51
2003-02-04,0.0,12.22,45.14,89.65,1.44,-0.54
2003-02-05,0.0,11.64,41.9,89.57,1.57,-1.92
2003-02-06,0.0,12.29,40.89,89.44,1.36,-1.52
2003-02-07,0.0,12.43,44.06,89.26,1.36,-0.13
2003-02-08,0.0,12.04,46.24,89.21,1.35,0.17
2003-02-09,0.0,12.17,41.75,89.22,1.46,-1.39
2003-02-10,0.0,11.18,38.89,89.37,1.69,-3.2
2003-02-11,0.0,11.67,40.15,89.43,1.51,-2.14
2003-02-12,0.0,11.37,44.96,89.36,1.55,-1.07
2003-02-13,0.0,11.63,38.09,89.18,1.59,-3.2
2003-02-14,0.0,11.82,38.92,89.23,1.54,-2.76
2003-02-15,0.0,13.74,35.71,89.39,1.69,-2.36
2003-02-16,0.0,14.48,41.06,89.57,1.1,0.6
2003-02-17,1.97,11.98,68.33,89.56,2.24,6.01
2003-02-18,9.33,9.48,81.99,89.33,3.22,6.52
2003-02-19,5.69,10.01,79.77,89.08,2.55,6.54
2003-02-20,0.0,9.99,62.75,89.51,1.45,2.14
2003-02-21,0.0,11.71,42.57,89.39,1.99,-2.35
2003-02-22,0.0,14.37,36.11,89.36,1.6,-1.48
2003-02-23,2.32,14.35,44.46,89.47,1.59,1.51
2003-02-24,1.94,14.54,55.67,89.37,1.81,5.01
2003-02-25,0.0,14.83,49.92,89.13,2.11,3.28
2003-02-26,0.0,15.77,48.82,89.19,1.8,3.77
2003-02-27,0.01,16.31,47.0,89.33,1.75,3.84
2003-02-28,0.29,17.12,49.22,89.47,1.51,5.8
2003-03-01,2.76,18.1,50.88,89.32,1.49,6.49
2003-03-02,12.19,16.8,65.88,89.29,1.69,9.97
2003-03-03,1.54,14.38,59.81,89.17,2.16,6.33
2003-03-04,0.0,10.7,38.47,89.07,2.0,-4.46
2003-03-05,0.0,12.26,32.08,89.01,2.06,-5.69
2003-03-06,0.0,13.25,32.93,89.23,2.16,-4.1
2003-03-07,0.0,12.75,34.74,89.19,1.96,-3.93
2003-03-08,0.0,13.44,32.26,89.04,1.57,-4.61
2003-03-09,0.0,14.94,33.32,89.37,1.65,-2.41
2003-03-10,0.0,16.46,36.12,89.32,1.46,0.08
2003-03-11,0.0,16.33,36.77,89.17,1.4,0.13
2003-03-12,0.0,16.68,40.18,89.33,1.71,2.1
2003-03-13,0.0,16.0,43.29,89.52,1.52,2.35
2003-03-14,0.0,17.25,42.61,89.36,1.67,3.5
2003-03-15,0.0,16.89,48.58,89.22,0.99,5.61
2003-03-16,0.0,18.85,40.46,89.16,1.45,3.62
2003-03-17,0.0,18.24,41.82,89.42,1.39,3.93
2003-03-18,0.0,17.44,38.48,89.48,1.66,1.48
2003-03-19,0.0,17.36,31.66,89.29,1.64,-1.47
2003-03-20,0.0,17.28,36.35,89.05,1.95,1.12
2003-03-21,0.0,18.72,36.43,89.11,1.47,2.32
2003-03-22,0.0,18.94,38.66,89.46,1.58,3.42
2003-03-23,0.0,20.12,40.19,89.45,1.69,5.16
2003-03-24,0.0,21.35,43.75,89.33,1.74,7.54
2003-03-25,0.12,20.5,44.07,89.33,1.68,6.86
2003-03-26,0.16,20.48,44.31,89.36,1.48,7.17
2003-03-27,0.0,19.92,42.74,89.3,1.37,5.84
2003-03-28,0.0,20.46,41.02,89.23,1.46,5.84
2003-03-29,0.32,20.32,47.39,89.08,1.05,8.05
2003-03-30,1.09,20.42,49.6,89.05,1.75,8.43
2003-03-31,0.0,20.06,41.0,88.93,2.37,4.47
2003-04-01,0.0,20.75,32.57,88.72,3.13,1.63
2003-04-02,0.0,21.03,28.99,88.65,2.57,-0.37
2003-04-03,0.17,22.64,29.85,88.77,1.7,2.76
2003-04-04,4.84,21.36,40.14,89.0,2.21,6.51
2003-04-05,0.03,21.06,35.89,89.25,1.73,3.83
2003-04-06,0.0,20.74,28.09,89.31,1.92,-0.86
2003-04-07,0.0,21.71,23.99,89.4,1.93,-1.8
2003-04-08,0.0,22.79,26.33,89.14,1.98,1.07
2003-04-09,0.0,23.75,26.78,89.05,2.1,1.96
2003-04-10,0.0,24.75,24.79,89.15,1.77,1.77
2003-04-11,0.0,24.5,26.73,89.14,2.66,2.19
2003-04-12,0.0,25.27,28.18,88.92,2.95,3.93
2003-04-13,0.0,25.63,27.03,88.84,2.6,3.67
2003-04-14,0.0,26.11,27.37,89.1,1.88,4.47
2003-04-15,0.01,26.42,27.07,89.03,1.7,4.77
2003-04-16,0.0,25.26,30.76,89.16,1.52,5.92
2003-04-17,0.01,24.53,28.32,89.05,2.12,2.55
2003-04-18,0.0,25.9,22.43,88.89,1.8,1.49
2003-04-19,1.02,26.14,23.75,88.8,1.32,2.48
2003-04-20,0.18,23.99,32.93,88.86,2.62,5.13
2003-04-21,0.0,24.05,24.42,88.95,1.82,0.8
2003-04-22,0.0,25.06,17.47,88.96,2.05,-3.11
2003-04-23,0.0,26.74,15.99,88.99,1.86,-2.65
2003-04-24,0.0,27.38,17.83,89.01,1.74,-0.14
2003-04-25,0.0,27.66,18.76,89.02,1.79,0.82
2003-04-26,0.01,27.54,18.83,88.87,2.05,0.24
2003-04-27,3.41,26.6,27.47,88.84,2.03,4.55
2003-04-28,0.29,25.56,33.54,89.02,1.66,6.76
2003-04-29,0.0,24.56,31.56,89.2,1.89,5.78
2003-04-30,0.01,24.97,35.21,89.18,1.57,8.14
2003-05-01,0.21,24.96,40.63,88.87,1.62,10.17
2003-05-02,0.05,25.74,38.53,88.6,2.75,9.95
2003-05-03,0.0,24.68,30.58,88.39,2.94,4.76
2003-05-04,0.0,22.2,9.95,88.61,1.97,-11.75
2003-05-05,0.0,22.51,10.89,88.68,2.26,-10.38
2003-05-06,0.0,23.67,12.08,88.76,2.09,-8.06
2003-05-07,0.0,24.58,10.73,88.85,2.11,-8.93
2003-05-08,0.0,25.05,11.01,88.97,2.15,-7.87
2003-05-09,0.0,25.91,11.85,89.09,1.71,-6.27
2003-05-10,0.0,26.17,13.68,89.11,1.89,-4.64
2003-05-11,0.0,26.97,15.22,88.98,2.02,-2.2
2003-05-12,0.0,28.15,15.73,88.82,1.71,-0.92
2003-05-13,2.4,27.94,19.53,88.89,1.83,1.63
2003-05-14,0.46,28.39,20.59,88.8,2.08,2.83
2003-05-15,0.25,26.99,19.92,88.65,2.48,0.59
2003-05-16,0.0,26.72,14.28,88.54,2.31,-4.69
2003-05-17,0.0,27.83,13.25,88.46,2.42,-3.88
2003-05-18,0.0,28.2,13.71,88.43,2.53,-3.39
2003-05-19,0.0,29.5,13.34,88.45,2.39,-2.47
2003-05-20,0.0,29.33,14.71,88.66,2.36,-1.09
2003-05-21,0.01,30.83,14.95,88.62,2.46,0.34
2003-05-22,0.9,29.25,21.44,88.68,1.86,4.3
2003-05-23,4.65,27.03,36.54,88.8,1.99,10.19
2003-05-24,0.39,26.68,36.55,88.82,2.46,9.53
2003-05-25,2.19,26.41,32.99,88.78,2.47,6.95
2003-05-26,0.37,26.92,32.21,88.71,2.99,7.92
2003-05-27,0.0,27.58,26.39,88.44,3.12,5.1
2003-05-28,0.0,27.81,18.95,88.54,2.9,-0.03
2003-05-29,0.0,28.41,14.62,88.69,1.96,-2.33
2003-05-30,0.0,29.0,13.92,88.67,2.34,-2.64
2003-05-31,0.0,30.12,14.25,88.7,2.62,-1.24
2003-06-01,0.0,30.69,15.58,88.6,2.07,0.53
2003-06-02,0.0,31.49,15.17,88.45,2.33,0.83
2003-06-03,0.0,32.18,14.66,88.35,2.3,1.22
2003-06-04,0.12,33.04,15.29,88.26,2.22,2.61
2003-06-05,0.56,32.03,14.0,88.15,2.19,0.08
2003-06-06,0.37,31.66,16.33,88.08,2.04,2.12
2003-06-07,0.0,31.62,17.22,88.15,1.98,3.02
2003-06-08,0.0,30.82,21.46,88.35,1.7,5.81
2003-06-09,0.03,31.28,24.79,88.32,2.03,8.14
2003-06-10,4.55,30.43,28.64,88.23,2.0,9.05
2003-06-11,4.07,28.93,34.6,88.29,2.01,9.67
2003-06-12,0.0,29.3,27.43,88.37,2.33,7.29
2003-06-13,0.01,29.62,23.62,88.4,1.83,5.35
2003-06-14,0.0,30.71,20.9,88.46,1.82,4.46
2003-06-15,0.0,30.28,22.01,88.35,1.82,5.14
2003-06-16,1.15,31.07,22.32,88.28,1.83,6.14
2003-06-17,6.78,29.9,34.24,88.43,1.54,11.41
2003-06-18,2.49,29.09,41.31,88.49,1.38,13.73
2003-06-19,10.2,27.28,51.95,88.3,1.51,16.01
2003-06-20,1.51,26.64,59.68,88.13,1.48,17.6
2003-06-21,2.46,27.87,60.64,88.06,1.52,18.98
2003-06-22,1.91,28.95,54.37,88.13,1.64,18.04
2003-06-23,1.31,28.27,53.88,88.31,1.33,17.32
2003-06-24,7.9,27.68,61.67,88.33,1.45,19.09
2003-06-25,9.55,25.57,70.64,88.32,1.84,19.39
2003-06-26,0.63,27.01,64.04,88.22,1.68,19.06
2003-06-27,13.43,26.03,73.53,88.26,1.69,20.62
2003-06-28,3.49,27.34,64.68,88.14,2.19,19.13
2003-06-29,4.18,28.11,59.0,88.06,1.84,18.62
2003-06-30,4.94,28.5,56.96,88.03,1.91,18.03
2003-07-01,0.57,29.0,48.77,88.32,1.46,16.04
2003-07-02,0.49,27.99,61.22,88.7,1.46,19.42
2003-07-03,0.56,27.81,64.08,88.63,1.61,19.97
2003-07-04,28.85,27.11,70.05,88.43,2.02,20.76
2003-07-05,21.18,24.86,76.85,88.75,2.37,20.13
2003-07-06,4.24,25.12,76.96,88.76,1.35,20.47
2003-07-07,2.14,26.41,65.47,88.52,1.27,18.89
2003-07-08,9.69,26.37,67.75,88.29,1.52,19.22
2003-07-09,56.43,24.91,84.01,88.34,1.63,21.81
2003-07-10,81.49,22.29,88.13,88.47,2.54,20.17
2003-07-11,45.64,21.29,86.22,88.32,2.64,18.83
2003-07-12,2.43,22.62,85.03,88.33,2.85,19.85
2003-07-13,29.91,23.39,84.54,88.43,1.57,20.42
2003-07-14,1.9,24.45,83.51,88.43,1.48,21.21
2003-07-15,12.57,24.23,86.78,88.65,2.05,21.69
2003-07-16,5.57,24.56,81.48,88.79,1.55,20.98
2003-07-17,11.63,24.74,84.42,88.86,1.65,21.73
2003-07-18,1.81,24.88,85.51,88.84,1.47,22.12
2003-07-19,1.78,24.65,87.95,88.41,1.39,22.38
2003-07-20,22.68,23.39,90.56,88.43,1.35,21.69
2003-07-21,10.82,23.33,93.44,88.55,1.22,22.16
2003-07-22,0.77,24.14,84.03,88.42,1.35,21.09
2003-07-23,1.33,24.4,85.65,88.33,1.3,21.66
2003-07-24,0.23,25.98,80.93,88.24,1.05,22.13
2003-07-25,8.84,25.53,82.25,88.18,1.33,22.07
2003-07-26,10.04,25.64,80.56,88.39,1.18,21.73
2003-07-27,3.8,26.17,77.79,88.57,1.19,21.66
2003-07-28,6.61,25.0,82.85,88.74,1.42,21.67
2003-07-29,9.84,23.99,87.45,88.65,1.66,21.6
2003-07-30,4.29,23.9,89.15,88.22,2.42,21.86
2003-07-31,23.3,24.61,90.56,88.31,2.1,22.85
2003-08-01,26.0,24.3,82.75,88.55,1.16,20.92
2003-08-02,18.14,23.89,88.03,88.59,1.75,21.66
2003-08-03,17.59,22.9,84.37,88.72,1.59,20.01
2003-08-04,6.49,24.01,82.62,88.75,1.37,20.71
2003-08-05,18.21,24.69,83.08,88.68,1.31,21.44
2003-08-06,13.37,24.93,81.17,88.6,1.02,21.27
2003-08-07,0.93,25.75,78.93,88.57,1.04,21.51
2003-08-08,8.52,25.44,83.57,88.51,1.29,22.25
2003-08-09,15.01,24.14,87.22,88.42,0.95,21.74
2003-08-10,6.58,22.94,93.49,88.41,1.58,21.8
2003-08-11,8.7,23.97,87.79,88.55,1.06,21.65
2003-08-12,9.6,23.97,85.24,88.6,1.03,21.14
2003-08-13,47.96,23.95,87.68,88.53,1.06,21.66
2003-08-14,28.1,24.27,83.55,88.5,0.97,21.14
2003-08-15,9.19,24.96,83.39,88.54,1.07,21.76
2003-08-16,3.24,25.21,85.01,88.66,1.12,22.33
2003-08-17,2.82,24.56,89.77,88.55,1.64,22.64
2003-08-18,41.97,24.18,91.71,88.46,1.97,22.66
2003-08-19,17.69,22.73,93.37,88.32,1.94,21.56
2003-08-20,0.32,23.05,87.44,88.29,1.43,20.67
2003-08-21,0.3,23.79,84.99,88.47,0.89,20.89
2003-08-22,0.0,25.16,81.15,88.65,0.91,21.46
2003-08-23,4.35,24.17,88.92,88.83,1.17,22.1
2003-08-24,2.42,24.3,84.29,88.65,1.12,21.26
2003-08-25,23.28,24.1,88.24,88.53,1.39,21.89
2003-08-26,9.26,24.39,87.86,88.49,1.24,22.08
2003-08-27,8.22,24.2,83.94,88.63,1.2,21.09
2003-08-28,8.67,24.48,84.49,88.68,0.98,21.5
2003-08-29,29.63,24.34,86.86,88.77,1.18,21.88
2003-08-30,3.02,24.34,86.78,88.7,1.33,21.86
2003-08-31,6.57,24.06,89.6,88.5,1.58,22.11
2003-09-01,33.25,23.61,89.49,88.41,1.42,21.66
2003-09-02,14.28,23.94,87.84,88.48,1.27,21.63
2003-09-03,13.56,23.68,87.94,88.58,1.12,21.4
2003-09-04,33.15,22.88,92.04,88.67,1.76,21.43
2003-09-05,9.65,22.6,92.94,88.68,1.63,21.33
2003-09-06,17.01,22.16,88.14,88.74,1.08,19.97
2003-09-07,5.22,22.66,84.95,88.74,1.12,19.83
2003-09-08,6.41,23.26,83.94,88.61,1.18,20.2
2003-09-09,8.18,22.87,86.17,88.65,1.1,20.28
2003-09-10,8.38,22.92,86.47,88.65,0.89,20.42
2003-09-11,9.95,23.08,86.6,88.62,0.91,20.65
2003-09-12,2.74,23.51,84.16,88.55,1.06,20.53
2003-09-13,0.93,24.55,80.59,88.72,0.89,20.73
2003-09-14,7.91,23.08,89.39,88.81,0.96,21.18
2003-09-15,23.95,22.57,86.65,88.82,0.73,20.12
2003-09-16,8.95,22.39,89.26,88.82,0.9,20.49
2003-09-17,9.85,22.35,88.07,88.86,1.08,20.13
2003-09-18,13.6,22.85,84.78,89.03,0.89,19.93
2003-09-19,13.37,23.56,85.2,89.04,1.01,20.73
2003-09-20,0.0,23.49,87.12,88.99,0.98,21.04
2003-09-21,10.21,23.3,87.02,89.03,1.04,20.9
2003-09-22,10.18,22.97,88.82,89.0,1.03,20.9
2003-09-23,16.14,21.73,87.86,88.97,1.11,19.51
2003-09-24,36.82,20.52,87.63,89.01,1.22,18.28
2003-09-25,10.64,21.29,86.29,89.2,0.96,18.72
2003-09-26,0.04,21.42,84.91,89.19,1.0,18.51
2003-09-27,0.0,21.32,75.43,89.0,1.08,16.3
2003-09-28,0.07,21.42,70.81,88.95,1.1,15.51
2003-09-29,0.1,20.87,75.64,89.02,1.15,15.99
2003-09-30,0.0,20.57,77.06,89.03,1.28,16.1
2003-10-01,0.0,19.45,63.6,89.03,1.38,11.85
2003-10-02,0.0,19.8,55.37,89.1,1.2,10.19
2003-10-03,0.0,20.15,63.88,89.29,1.23,12.83
2003-10-04,0.0,20.24,61.23,89.29,1.25,12.15
2003-10-05,0.0,19.96,65.71,89.23,1.2,13.04
2003-10-06,0.0,20.04,76.22,89.28,1.12,15.52
2003-10-07,0.0,20.74,76.58,89.27,1.1,16.16
2003-10-08,0.0,20.8,77.25,89.13,1.12,16.5
2003-10-09,0.0,19.96,73.39,88.91,1.28,14.7
2003-10-10,0.0,19.22,57.97,88.83,1.52,10.03
2003-10-11,0.0,18.15,53.59,89.0,1.55,7.83
2003-10-12,0.0,18.3,48.51,89.17,1.36,6.47
2003-10-13,0.0,18.21,49.03,89.34,1.14,6.6
2003-10-14,0.0,18.67,52.47,89.37,1.17,8.18
2003-10-15,0.79,18.89,54.38,89.49,1.2,9.12
2003-10-16,22.51,19.64,57.74,89.59,1.1,10.71
2003-10-17,0.0,20.04,60.18,89.52,1.15,11.83
2003-10-18,0.0,19.77,63.36,89.4,1.16,12.33
2003-10-19,0.0,19.45,61.62,89.37,1.21,11.6
2003-10-20,0.0,18.65,62.47,89.36,1.32,10.92
2003-10-21,0.44,18.68,50.58,89.31,1.2,7.7
2003-10-22,9.27,17.94,58.42,89.43,1.27,9.17
2003-10-23,0.43,18.34,59.93,89.47,1.25,10.05
2003-10-24,2.02,18.18,59.46,89.31,1.3,9.63
2003-10-25,0.0,17.1,66.09,89.33,1.23,10.43
2003-10-26,0.0,16.69,74.28,89.36,1.27,11.81
2003-10-27,0.0,16.89,64.92,89.48,1.28,9.89
2003-10-28,0.0,17.88,62.53,89.82,1.17,10.26
2003-10-29,0.0,17.91,58.94,89.76,1.23,9.32
2003-10-30,0.0,17.3,62.27,89.51,1.16,9.63
2003-10-31,0.0,16.79,63.68,89.28,1.17,9.42
2003-11-01,0.0,17.58,60.78,89.34,1.2,9.56
2003-11-02,0.0,16.93,58.54,89.54,1.2,8.33
2003-11-03,0.0,16.47,57.47,89.55,1.11,7.47
2003-11-04,0.0,16.61,57.84,89.44,1.17,7.77
2003-11-05,0.0,16.61,53.76,89.43,1.27,6.64
2003-11-06,0.0,16.47,54.67,89.3,1.45,6.75
2003-11-07,0.0,16.37,52.41,89.24,1.41,5.94
2003-11-08,0.0,15.5,49.78,89.42,1.46,4.12
2003-11-09,0.0,15.04,52.42,89.39,1.69,4.55
2003-11-10,0.0,15.65,47.44,89.31,1.2,3.78
2003-11-11,0.0,15.35,49.42,89.49,1.2,4.3
2003-11-12,0.0,14.15,58.39,89.59,1.23,5.62
2003-11-13,0.0,14.98,58.15,89.68,1.2,6.4
2003-11-14,0.0,15.02,64.73,89.79,0.83,8.25
2003-11-15,0.0,15.8,59.44,89.65,1.11,7.44
2003-11-16,0.32,15.68,56.78,89.43,1.34,6.54
2003-11-17,1.82,14.11,69.43,89.47,1.21,8.37
2003-11-18,0.25,14.79,58.86,89.5,1.18,6.19
2003-11-19,0.06,13.86,56.33,89.54,1.25,4.42
2003-11-20,0.0,12.7,55.34,89.48,1.41,2.97
2003-11-21,0.0,13.92,47.43,89.47,1.36,1.93
2003-11-22,0.0,14.36,44.21,89.63,1.19,1.76
2003-11-23,0.0,13.89,41.81,89.65,1.15,0.37
2003-11-24,0.0,14.2,44.92,89.83,1.06,1.54
2003-11-25,0.0,14.53,39.76,89.63,1.34,-0.09
2003-11-26,0.0,13.82,36.23,89.45,1.22,-1.78
2003-11-27,0.0,12.53,42.22,89.41,1.25,-0.65
2003-11-28,0.0,11.92,40.19,89.37,1.11,-2.05
2003-11-29,0.0,12.26,41.8,89.62,1.21,-1.13
2003-11-30,0.0,12.07,43.27,89.53,1.13,-0.94
2003-12-01,0.0,12.97,40.53,89.53,1.18,-0.79
2003-12-02,0.0,13.42,41.86,89.5,1.23,-0.07
2003-12-03,0.0,13.22,45.5,89.31,1.4,1.11
2003-12-04,0.0,13.0,47.33,89.37,1.55,1.47
2003-12-05,0.0,12.42,53.04,89.5,1.56,2.36
2003-12-06,0.0,12.87,49.31,89.35,1.41,1.76
2003-12-07,0.0,12.31,47.81,89.35,1.09,0.93
2003-12-08,0.0,13.61,47.5,89.57,1.09,1.89
2003-12-09,0.0,13.76,62.0,89.55,1.18,6.06
2003-12-10,0.0,14.19,70.42,89.59,1.07,8.14
2003-12-11,0.0,13.67,65.16,89.62,1.23,6.6
2003-12-12,1.86,13.45,56.88,89.76,1.23,4.21
2003-12-13,2.37,14.21,56.06,89.81,0.94,5.19
2003-12-14,0.03,15.31,49.39,89.74,1.18,4.18
2003-12-15,1.97,15.11,45.86,89.56,1.02,2.47
2003-12-16,4.79,12.49,61.51,89.47,1.07,4.68
2003-12-17,0.0,11.8,69.37,89.5,1.29,5.88
2003-12-18,0.0,11.41,67.52,89.6,1.34,5.24
2003-12-19,0.0,10.88,61.9,89.75,1.38,3.23
2003-12-20,0.0,10.88,51.72,89.76,1.33,0.44
2003-12-21,0.0,11.1,50.92,89.75,1.19,0.6
2003-12-22,0.0,11.22,50.88,89.79,1.25,0.79
2003-12-23,0.0,10.02,52.61,89.73,1.4,0.26
2003-12-24,0.0,10.06,48.55,89.64,1.24,-1.14
2003-12-25,0.0,9.21,50.92,89.62,1.32,-1.18
2003-12-26,0.19,9.88,44.91,89.55,1.06,-2.07
2003-12-27,9.48,8.05,64.78,89.57,1.19,1.06
2003-12-28,0.18,6.07,78.6,89.64,1.21,2.0
2003-12-29,0.0,8.24,51.57,89.78,1.1,-1.84
2003-12-30,0.0,9.69,49.17,89.89,1.0,-0.92
2003-12-31,0.0,11.13,47.01,89.73,0.93,-0.2
2004-01-01,0.0,10.5,49.34,89.6,1.11,-0.08
2004-01-02,0.0,10.23,49.41,89.63,1.2,-0.58
2004-01-03,0.0,9.42,43.2,89.64,1.23,-3.25
2004-01-04,0.0,9.36,38.51,89.67,1.1,-4.6
2004-01-05,0.0,8.87,40.99,89.76,0.96,-3.99
2004-01-06,0.0,10.27,37.48,89.75,1.29,-4.46
2004-01-07,0.0,10.79,37.98,89.73,1.33,-3.91
2004-01-08,0.0,9.65,38.01,89.73,1.36,-4.85
2004-01-09,0.0,10.89,45.76,89.61,1.29,-1.01
2004-01-10,0.0,11.34,58.91,89.72,1.11,3.11
2004-01-11,0.0,11.71,61.19,89.6,1.17,3.9
2004-01-12,0.0,11.39,60.96,89.5,1.17,3.61
2004-01-13,0.0,11.41,62.04,89.37,1.32,3.86
2004-01-14,0.0,10.96,61.51,89.1,1.36,3.28
2004-01-15,0.0,11.65,51.04,89.29,1.21,1.16
2004-01-16,0.0,11.29,56.61,89.51,0.85,2.59
2004-01-17,0.02,12.14,57.21,89.37,1.07,3.44
2004-01-18,1.32,11.32,61.33,89.29,1.18,3.83
2004-01-19,0.03,11.35,56.95,89.22,1.08,2.54
2004-01-20,0.03,12.18,51.87,89.37,1.24,2.04
2004-01-21,11.88,9.13,69.35,89.36,1.9,3.46
2004-01-22,2.01,11.22,76.32,89.31,1.47,6.54
2004-01-23,19.98,10.87,86.86,89.25,1.15,8.58
2004-01-24,0.29,8.84,78.68,89.31,0.98,4.9
2004-01-25,0.0,8.61,57.67,89.27,1.21,0.27
2004-01-26,0.0,8.84,56.6,89.32,1.04,0.22
2004-01-27,0.0,8.58,53.59,89.4,1.39,-1.14
2004-01-28,0.0,8.42,51.33,89.31,1.21,-2.02
2004-01-29,0.0,8.85,47.99,89.34,1.46,-2.16
2004-01-30,5.17,7.5,62.19,89.3,2.02,0.21
2004-01-31,14.54,7.02,90.23,89.25,1.16,5.45
2004-02-01,0.21,8.52,77.66,89.32,1.22,4.23
2004-02-02,0.0,8.91,62.05,89.32,1.36,1.04
2004-02-03,0.0,8.8,49.45,89.19,1.78,-2.11
2004-02-04,0.0,10.35,39.15,89.13,1.49,-3.69
2004-02-05,0.0,9.16,45.17,89.25,1.44,-2.86
2004-02-06,0.0,9.08,47.2,89.31,1.45,-2.29
2004-02-07,0.0,10.01,43.6,89.54,1.21,-2.5
2004-02-08,0.0,11.0,39.5,89.72,1.12,-2.97
2004-02-09,0.01,12.4,47.29,89.6,1.31,0.58
2004-02-10,0.13,13.23,48.34,89.69,1.47,1.75
2004-02-11,0.0,12.88,48.57,89.68,1.41,1.6
2004-02-12,0.0,13.17,53.73,89.73,1.29,3.29
2004-02-13,0.0,13.38,52.98,89.74,1.33,3.32
2004-02-14,0.0,13.02,49.46,89.5,1.37,1.81
2004-02-15,0.0,13.26,44.13,89.28,1.45,0.24
2004-02-16,0.0,13.61,43.03,89.47,1.44,0.18
2004-02-17,0.0,14.38,44.61,89.46,1.19,1.8
2004-02-18,0.0,14.83,48.87,89.2,1.45,3.52
2004-02-19,0.0,13.52,53.12,89.17,1.52,3.23
2004-02-20,0.0,14.05,39.55,89.28,1.87,-1.32
2004-02-21,0.0,15.38,32.67,89.49,1.62,-2.32
2004-02-22,0.0,15.07,40.98,89.24,2.29,0.9
2004-02-23,0.0,16.27,38.32,89.13,1.76,0.75
2004-02-24,0.0,17.02,33.42,89.31,1.74,-0.5
2004-02-25,0.0,18.03,30.43,89.35,1.49,-0.65
2004-02-26,0.0,16.67,35.78,89.25,1.69,0.43
2004-02-27,0.0,17.99,36.21,89.27,1.56,1.62
2004-02-28,0.0,17.4,40.01,89.17,1.61,2.02
2004-02-29,0.0,16.01,36.68,89.24,2.07,-0.6
2004-03-01,0.0,15.64,31.31,89.14,2.2,-3.44
2004-03-02,0.0,17.04,28.45,89.1,2.13,-3.38
2004-03-03,0.0,16.44,29.54,89.07,2.32,-3.4
2004-03-04,0.0,16.7,28.17,89.21,1.95,-3.89
2004-03-05,0.0,16.74,30.53,89.16,2.07,-2.47
2004-03-06,0.0,16.99,34.32,89.11,2.13,-0.18
2004-03-07,0.0,18.71,30.9,89.14,1.7,-2.04
2004-03-08,0.0,17.93,33.81,89.84,1.64,0.57
2004-03-09,0.0,17.1,41.24,89.84,1.4,2.76
2004-03-10,0.0,18.45,38.21,89.42,1.59,2.84
2004-03-11,0.0,18.57,41.62,89.34,1.62,4.24
2004-03-12,0.0,18.81,39.67,89.41,1.77,3.57
2004-03-13,0.0,20.07,33.45,89.4,2.11,1.6
2004-03-14,0.0,20.45,33.85,89.37,1.81,2.68
2004-03-15,0.0,21.48,32.82,89.22,1.49,3.29
2004-03-16,0.0,22.37,30.4,88.97,2.2,2.33
2004-03-17,0.0,22.99,28.48,89.06,1.82,2.03
2004-03-18,0.0,22.73,27.08,89.17,1.89,0.88
2004-03-19,0.0,21.94,26.91,88.88,3.06,0.05
2004-03-20,0.0,22.39,25.7,88.59,2.2,-0.45
2004-03-21,0.0,23.08,23.73,88.85,1.79,-0.41
2004-03-22,0.0,24.08,28.12,88.94,2.01,3.06
2004-03-23,0.0,23.79,29.18,88.93,1.87,2.91
2004-03-24,0.0,22.94,27.26,88.89,1.89,1.66
2004-03-25,0.0,21.36,24.47,88.99,1.75,-1.92
2004-03-26,0.0,22.0,19.21,89.11,1.6,-4.64
2004-03-27,0.0,21.57,22.95,89.25,1.99,-1.85
2004-03-28,0.0,21.12,27.13,89.2,1.84,0.01
2004-03-29,0.0,22.2,23.35,89.08,2.19,-1.16
2004-03-30,0.0,22.01,20.96,89.09,1.96,-2.92
2004-03-31,0.0,21.83,22.3,89.12,2.07,-2.04
2004-04-01,0.0,21.59,24.15,89.3,1.57,-1.2
2004-04-02,0.0,23.17,21.39,89.3,2.09,-1.7
2004-04-03,0.0,23.97,21.02,89.21,2.04,-1.09
2004-04-04,0.0,23.88,21.63,89.28,1.76,-1.2
2004-04-05,0.0,24.81,23.9,89.07,1.59,1.7
2004-04-06,0.0,23.65,29.1,88.97,1.4,3.46
2004-04-07,0.0,24.79,27.64,89.0,1.6,3.9
2004-04-08,0.06,24.91,26.69,88.94,1.85,3.46
2004-04-09,0.58,25.07,26.95,88.84,2.16,3.23
2004-04-10,0.9,25.5,28.53,88.98,2.23,4.57
2004-04-11,0.0,26.11,21.33,88.95,2.54,0.3
2004-04-12,0.0,25.94,18.39,88.76,2.8,-1.44
2004-04-13,0.0,26.48,17.83,88.59,2.25,-1.29
2004-04-14,0.0,27.06,19.7,88.42,2.49,0.69
2004-04-15,0.0,26.37,16.58,88.41,3.19,-3.25
2004-04-16,0.0,27.12,12.05,88.46,2.63,-6.13
2004-04-17,0.0,27.79,17.69,88.54,2.26,0.56
2004-04-18,0.0,26.67,17.83,88.46,1.99,-0.89
2004-04-19,0.0,27.55,19.94,88.81,1.69,1.63
2004-04-20,0.0,25.27,30.77,89.27,1.86,6.44
2004-04-21,0.09,26.52,33.61,89.05,2.03,8.2
2004-04-22,1.76,27.72,31.17,88.76,1.56,8.3
2004-04-23,5.65,22.58,41.69,88.84,1.08,8.31
2004-04-24,1.91,21.95,42.94,89.05,1.44,7.46
2004-04-25,0.28,23.68,40.41,89.05,1.63,8.48
2004-04-26,0.0,24.48,38.44,89.11,1.69,8.53
2004-04-27,0.61,25.36,39.08,89.07,1.52,9.87
2004-04-28,1.89,26.25,37.46,88.85,1.89,9.39
2004-04-29,2.31,24.81,43.54,88.83,1.78,10.74
2004-04-30,46.31,22.27,55.75,88.81,3.39,11.98
2004-05-01,7.79,19.72,58.95,88.99,2.29,10.57
2004-05-02,0.01,19.83,38.26,89.07,2.37,3.61
2004-05-03,0.01,21.82,31.54,88.98,2.1,2.42
2004-05-04,0.0,23.41,28.73,88.97,1.98,2.63
2004-05-05,0.0,23.9,28.15,88.92,1.71,2.1
2004-05-06,0.0,26.04,29.46,88.9,1.79,5.62
2004-05-07,0.0,27.03,29.39,89.09,1.79,6.3
2004-05-08,0.0,26.74,32.91,89.01,1.83,7.24
2004-05-09,0.0,27.66,36.02,88.76,2.31,9.35
2004-05-10,0.0,27.96,29.39,88.68,2.21,6.94
2004-05-11,0.0,27.65,26.2,88.52,2.62,4.72
2004-05-12,0.0,27.83,29.75,88.34,2.89,6.59
2004-05-13,0.0,27.99,32.01,88.24,2.57,8.52
2004-05-14,0.0,29.28,26.4,88.31,2.52,6.13
2004-05-15,0.0,29.81,28.16,88.34,2.48,7.48
2004-05-16,0.0,30.09,31.84,88.45,2.47,10.02
2004-05-17,0.0,30.7,32.1,88.44,2.42,10.86
2004-05-18,0.0,30.07,27.89,88.17,2.84,7.63
2004-05-19,0.0,30.15,23.48,87.86,2.77,5.1
2004-05-20,0.0,30.49,22.2,88.01,2.17,4.91
2004-05-21,0.0,30.21,24.19,88.06,2.49,5.8
2004-05-22,3.58,29.25,27.86,88.17,1.78,6.9
2004-05-23,13.82,27.46,44.83,88.43,1.77,13.14
2004-05-24,6.7,24.15,51.12,88.75,2.14,13.03
2004-05-25,0.69,25.91,43.58,88.72,1.87,11.61
2004-05-26,2.27,26.09,43.56,88.76,1.99,11.68
2004-05-27,1.62,26.93,41.31,88.91,1.97,11.82
2004-05-28,2.01,26.78,38.52,88.95,2.3,10.06
2004-05-29,0.01,26.01,39.1,88.74,1.93,9.85
2004-05-30,0.0,27.62,36.89,88.77,1.99,10.17
2004-05-31,0.0,29.47,34.6,88.76,2.03,10.83
2004-06-01,0.14,29.45,36.54,88.8,2.12,11.9
2004-06-02,0.57,29.29,32.95,88.75,2.06,10.09
2004-06-03,0.0,28.27,27.93,88.53,2.24,6.24
2004-06-04,0.06,29.14,26.98,88.53,1.97,6.95
2004-06-05,5.35,29.15,31.41,88.69,1.91,8.99
2004-06-06,6.75,28.17,41.0,88.63,1.88,12.4
2004-06-07,8.14,26.83,48.4,88.75,1.7,14.09
2004-06-08,10.71,26.87,52.31,88.76,1.77,15.45
2004-06-09,3.02,27.01,50.73,88.83,1.67,15.15
2004-06-10,0.03,26.84,48.89,88.72,1.17,14.54
2004-06-11,0.26,27.2,48.27,88.72,1.39,14.49
2004-06-12,0.0,28.28,45.83,88.72,1.37,14.58
2004-06-13,23.7,27.27,58.31,88.64,1.4,17.56
2004-06-14,1.39,26.52,61.68,88.55,1.57,17.95
2004-06-15,0.05,25.91,64.31,88.4,1.55,18.36
2004-06-16,17.87,26.61,66.52,88.23,1.34,19.35
2004-06-17,19.13,24.94,74.7,88.0,1.09,19.95
2004-06-18,105.57,23.43,85.09,88.08,1.03,20.65
2004-06-19,7.76,24.99,76.66,88.03,1.66,20.31
2004-06-20,7.25,24.37,83.86,88.09,1.62,21.32
2004-06-21,0.05,26.37,68.23,88.22,2.6,19.54
2004-06-22,0.41,26.58,63.09,88.32,2.37,18.37
2004-06-23,0.0,26.28,56.22,88.19,2.79,16.15
2004-06-24,3.97,26.72,64.54,88.32,1.89,18.9
2004-06-25,1.78,25.92,62.42,88.52,1.94,17.3
2004-06-26,0.02,26.02,60.78,88.55,1.83,17.21
2004-06-27,0.04,26.06,56.27,88.51,1.58,15.84
2004-06-28,0.0,26.62,52.63,88.56,1.75,15.4
2004-06-29,0.0,27.79,50.1,88.41,2.16,15.73
2004-06-30,0.0,29.03,46.82,88.27,1.76,15.71
2004-07-01,0.19,29.29,48.92,88.3,1.86,16.64
2004-07-02,3.45,29.32,51.19,88.26,1.38,17.62
2004-07-03,22.04,25.73,77.1,88.43,1.61,21.16
2004-07-04,2.33,25.49,75.62,88.53,1.45,20.52
2004-07-05,5.19,25.02,78.73,88.53,1.63,20.84
2004-07-06,24.99,24.34,86.65,88.4,2.04,21.81
2004-07-07,18.29,25.68,79.34,88.29,1.39,21.5
2004-07-08,24.96,26.03,81.02,88.29,1.45,22.3
2004-07-09,1.18,25.31,79.11,88.22,2.04,21.15
2004-07-10,4.93,24.95,74.55,88.16,2.21,19.73
2004-07-11,15.28,25.1,74.52,88.21,1.58,20.05
2004-07-12,7.84,25.3,74.72,88.33,1.19,20.27
2004-07-13,35.52,25.21,72.34,88.39,1.15,19.59
2004-07-14,24.65,24.03,85.31,88.27,1.2,21.24
2004-07-15,6.12,24.44,83.89,88.33,1.2,21.27
2004-07-16,15.31,23.49,88.58,88.51,1.87,21.35
2004-07-17,23.02,23.77,86.32,88.49,1.49,21.17
2004-07-18,10.41,24.3,81.27,88.23,1.7,20.64
2004-07-19,0.15,24.33,68.05,88.13,1.93,17.63
2004-07-20,0.04,24.65,61.71,88.14,1.79,16.26
2004-07-21,0.34,25.62,59.91,88.28,1.48,16.79
2004-07-22,5.63,24.74,69.71,88.52,1.12,18.49
2004-07-23,0.31,25.06,72.09,88.69,0.96,19.4
2004-07-24,10.82,24.87,78.36,88.6,1.16,20.58
2004-07-25,17.69,23.62,89.79,88.49,1.77,21.75
2004-07-26,35.82,23.08,92.76,88.4,1.79,21.78
2004-07-27,26.42,22.99,93.52,88.4,1.98,21.85
2004-07-28,12.3,22.66,89.99,88.5,1.75,20.82
2004-07-29,7.41,23.51,85.66,88.64,1.67,20.8
2004-07-30,5.49,23.58,84.17,88.69,1.34,20.57
2004-07-31,2.83,23.42,84.26,88.57,1.12,20.47
2004-08-01,14.54,23.75,86.64,88.38,1.16,21.26
2004-08-02,19.92,24.12,86.81,88.3,1.27,21.62
2004-08-03,8.75,23.83,88.48,88.34,1.03,21.74
2004-08-04,0.23,24.37,86.56,88.34,1.2,21.9
2004-08-05,1.31,23.4,88.82,88.45,1.9,21.36
2004-08-06,2.83,24.6,80.07,88.46,1.1,20.65
2004-08-07,20.25,24.69,83.88,88.47,1.14,21.61
2004-08-08,14.77,24.48,85.2,88.49,1.32,21.64
2004-08-09,24.86,22.77,88.14,88.51,1.11,20.62
2004-08-10,6.48,24.25,79.67,88.53,1.01,20.39
2004-08-11,9.96,23.66,85.68,88.47,1.38,20.98
2004-08-12,10.1,24.39,82.29,88.57,1.11,20.94
2004-08-13,4.74,24.03,85.34,88.65,1.42,21.31
2004-08-14,1.53,24.71,80.85,88.54,1.05,20.97
2004-08-15,1.45,22.84,92.32,88.48,1.36,21.49
2004-08-16,13.06,23.74,87.21,88.48,1.13,21.37
2004-08-17,14.67,23.33,92.53,88.67,1.27,22.01
2004-08-18,7.55,23.28,85.71,88.67,1.11,20.61
2004-08-19,7.73,23.24,82.16,88.41,1.08,19.78
2004-08-20,11.34,24.02,85.24,88.36,1.21,21.21
2004-08-21,4.09,23.78,87.61,88.55,0.87,21.47
2004-08-22,7.81,23.91,82.62,88.74,0.87,20.63
2004-08-23,40.82,24.14,81.77,88.74,0.98,20.71
2004-08-24,29.07,23.5,85.23,88.72,1.07,20.73
2004-08-25,8.14,23.16,85.65,88.58,1.15,20.54
2004-08-26,12.9,23.58,83.48,88.36,1.06,20.41
2004-08-27,0.67,23.04,88.43,88.31,1.51,20.84
2004-08-28,0.0,23.7,82.99,88.43,1.31,20.34
2004-08-29,0.25,23.4,82.96,88.51,1.13,20.03
2004-08-30,1.72,23.46,81.83,88.55,1.2,19.89
2004-08-31,1.41,23.48,79.78,88.54,1.48,19.48
2004-09-01,0.04,23.0,77.65,88.59,1.31,18.56
2004-09-02,0.0,23.37,74.93,88.81,1.2,18.29
2004-09-03,0.01,23.35,72.57,88.86,1.37,17.69
2004-09-04,0.05,23.26,72.02,88.76,1.36,17.55
2004-09-05,0.0,23.67,68.78,88.73,1.31,17.23
2004-09-06,0.0,23.84,70.91,88.89,1.15,17.93
2004-09-07,0.0,23.39,74.1,88.8,1.26,18.2
2004-09-08,0.0,22.58,77.23,88.56,1.59,18.09
2004-09-09,0.0,23.05,68.46,88.48,1.57,16.53
2004-09-10,2.63,22.98,74.03,88.67,1.08,17.84
2004-09-11,2.03,22.96,79.48,88.64,1.11,18.97
2004-09-12,2.02,22.72,84.52,88.82,0.95,19.84
2004-09-13,1.8,23.38,82.85,89.07,0.95,20.1
2004-09-14,10.24,23.11,85.16,88.97,1.32,20.34
2004-09-15,10.9,19.6,92.65,88.84,1.56,18.35
2004-09-16,8.44,19.99,87.25,89.01,1.47,17.66
2004-09-17,3.56,21.7,80.46,89.12,1.08,17.94
2004-09-18,0.97,21.88,83.57,89.05,1.03,18.76
2004-09-19,0.0,22.2,80.78,89.01,1.0,18.48
2004-09-20,4.55,22.39,80.33,89.15,0.93,18.63
2004-09-21,3.46,21.37,86.37,89.21,1.25,18.83
2004-09-22,6.12,20.59,88.4,89.09,1.79,18.53
2004-09-23,1.01,20.18,83.46,89.1,2.03,17.18
2004-09-24,0.0,21.76,68.76,89.07,1.21,15.29
2004-09-25,0.0,21.64,64.11,89.2,1.15,14.16
2004-09-26,0.0,22.04,57.64,89.28,1.32,12.73
2004-09-27,0.0,22.39,53.47,89.16,1.22,11.84
2004-09-28,0.0,21.53,60.69,89.01,1.23,13.14
2004-09-29,0.09,21.48,63.9,89.17,1.23,13.84
2004-09-30,0.11,21.42,62.19,89.33,1.3,13.41
2004-10-01,0.0,22.14,59.26,89.38,1.11,13.25
2004-10-02,8.16,21.49,74.55,89.35,1.15,16.56
2004-10-03,11.86,20.26,90.99,89.31,1.06,18.67
2004-10-04,0.31,20.11,85.28,89.15,0.82,17.42
2004-10-05,0.0,20.72,77.06,88.97,1.11,16.25
2004-10-06,0.0,20.75,70.66,89.06,1.12,14.79
2004-10-07,0.0,20.88,73.81,88.96,1.25,15.76
2004-10-08,0.0,19.6,70.53,88.96,1.48,13.51
2004-10-09,0.01,20.53,57.0,89.26,1.31,11.07
2004-10-10,8.01,20.24,66.92,89.45,1.22,13.5
2004-10-11,26.73,17.14,84.76,89.45,1.75,14.49
2004-10-12,8.52,17.42,79.39,89.46,1.02,13.53
2004-10-13,0.26,17.82,69.02,89.54,1.14,11.68
2004-10-14,1.72,16.93,65.69,89.48,1.01,10.11
2004-10-15,0.0,16.22,65.14,89.44,1.3,9.2
2004-10-16,0.0,17.14,60.33,89.42,1.17,8.91
2004-10-17,0.0,17.68,59.74,89.53,1.13,9.37
2004-10-18,0.0,18.51,56.18,89.55,1.21,9.24
2004-10-19,0.0,18.59,55.49,89.52,1.12,8.96
2004-10-20,0.0,18.41,53.23,89.51,1.15,8.15
2004-10-21,0.0,17.86,53.15,89.6,1.34,7.73
2004-10-22,0.0,17.33,51.27,89.63,1.33,6.67
2004-10-23,0.0,16.73,51.66,89.53,1.35,6.19
2004-10-24,0.0,16.98,53.44,89.68,1.24,6.88
2004-10-25,0.0,16.83,53.09,89.78,1.13,6.67
2004-10-26,0.0,17.02,54.52,89.76,1.09,7.35
2004-10-27,0.0,16.15,55.92,89.64,1.2,6.82
2004-10-28,0.09,16.1,51.58,89.6,1.23,5.41
2004-10-29,1.02,15.38,54.71,89.68,1.27,5.7
2004-10-30,0.0,15.02,55.55,89.65,1.27,5.57
2004-10-31,0.0,15.24,54.49,89.58,1.38,5.62
2004-11-01,0.0,15.29,47.1,89.56,1.37,3.32
2004-11-02,0.0,14.76,44.56,89.57,1.41,2.01
2004-11-03,0.0,14.63,46.0,89.57,1.29,2.28
2004-11-04,0.0,15.82,45.28,89.5,1.18,3.37
2004-11-05,0.0,16.07,46.2,89.57,1.15,3.89
2004-11-06,0.0,16.45,48.2,89.6,1.26,4.93
2004-11-07,0.0,16.07,46.96,89.44,1.43,4.11
2004-11-08,0.0,15.88,44.3,89.41,1.28,3.06
2004-11-09,0.0,15.06,46.35,89.34,1.34,2.99
2004-11-10,0.0,15.42,42.95,89.41,1.26,2.28
2004-11-11,0.0,15.07,43.5,89.55,1.25,1.98
2004-11-12,0.0,14.85,44.6,89.66,1.32,2.13
2004-11-13,0.0,15.07,44.05,89.69,1.48,2.18
2004-11-14,0.0,15.86,43.5,89.54,1.43,2.69
2004-11-15,0.0,15.66,42.87,89.47,1.49,2.25
2004-11-16,0.0,15.48,40.61,89.46,1.12,1.39
2004-11-17,0.0,16.82,38.35,89.54,1.13,1.87
2004-11-18,0.0,16.38,42.82,89.5,1.37,2.93
2004-11-19,0.0,15.21,43.26,89.43,1.3,1.89
2004-11-20,0.0,15.64,43.27,89.5,1.2,2.6
2004-11-21,0.0,15.67,46.59,89.58,1.26,3.69
2004-11-22,0.0,14.63,55.06,89.54,1.05,5.25
2004-11-23,0.0,14.65,59.61,89.54,1.13,6.44
2004-11-24,0.0,14.59,64.6,89.52,1.05,7.46
2004-11-25,0.0,14.49,68.37,89.77,1.14,8.16
2004-11-26,0.0,14.27,66.11,89.83,1.07,7.53
2004-11-27,0.0,14.23,63.92,89.79,1.05,7.09
2004-11-28,0.0,13.44,59.19,89.8,1.22,4.76
2004-11-29,0.0,13.0,49.38,89.66,1.07,2.13
2004-11-30,0.0,13.84,46.04,89.52,1.14,1.64
2004-12-01,0.46,13.68,57.67,89.62,1.11,5.09
2004-12-02,1.41,12.83,58.48,89.87,1.32,3.94
2004-12-03,0.0,12.7,45.92,89.88,1.59,0.53
2004-12-04,0.0,14.43,40.88,89.65,1.54,0.2
2004-12-05,0.0,15.45,36.36,89.53,1.29,-0.51
2004-12-06,0.0,14.0,38.26,89.6,1.25,-0.96
2004-12-07,0.0,12.68,42.86,89.92,0.96,-0.14
2004-12-08,0.0,12.91,43.14,89.8,1.24,-0.12
2004-12-09,0.0,13.25,36.76,89.51,1.16,-1.91
2004-12-10,0.0,13.12,37.01,89.62,1.1,-1.99
2004-12-11,0.0,13.31,46.26,89.81,1.06,1.49
2004-12-12,0.0,14.73,43.59,89.93,1.09,1.95
2004-12-13,0.0,13.84,38.77,89.73,1.27,-0.92
2004-12-14,0.0,13.45,38.68,89.38,1.33,-1.32
2004-12-15,0.0,13.24,39.79,89.27,1.17,-0.95
2004-12-16,0.0,13.29,43.38,89.33,1.19,0.25
2004-12-17,0.0,12.93,50.13,89.62,1.1,2.13
2004-12-18,0.0,13.31,51.35,89.51,1.09,2.68
2004-12-19,0.04,12.3,54.26,89.24,1.1,2.36
2004-12-20,0.32,11.07,70.68,89.19,1.33,5.49
2004-12-21,0.0,11.12,65.55,89.19,1.25,4.25
2004-12-22,0.0,11.71,56.68,89.26,1.45,2.49
2004-12-23,0.0,11.03,53.75,89.38,1.35,1.16
2004-12-24,0.0,11.12,46.8,89.59,1.27,-0.68
2004-12-25,0.0,9.36,49.51,89.63,1.31,-1.72
2004-12-26,0.0,8.06,40.99,89.24,1.71,-5.56
2004-12-27,0.0,9.42,33.25,89.36,1.21,-6.75
2004-12-28,0.0,10.98,36.53,89.56,1.23,-4.02
2004-12-29,0.0,13.03,41.32,89.4,1.4,-0.49
2004-12-30,0.0,13.95,43.45,89.34,1.03,1.39
2004-12-31,0.18,13.29,65.03,89.55,1.15,6.59
2005-01-01,1.16,14.63,66.23,89.61,1.42,7.88
2005-01-02,0.32,13.41,60.75,89.56,1.43,5.32
2005-01-03,0.53,10.69,63.34,89.62,1.39,3.65
2005-01-04,0.0,11.32,50.17,89.72,1.23,-0.41
2005-01-05,0.0,12.2,37.75,89.65,1.23,-2.29
2005-01-06,0.0,11.43,39.6,89.57,1.32,-2.4
2005-01-07,0.0,11.36,36.49,89.5,1.39,-3.93
2005-01-08,0.0,11.46,34.21,89.44,1.33,-4.53
2005-01-09,0.0,10.19,37.93,89.34,1.37,-4.29
2005-01-10,0.0,9.98,44.95,88.97,1.44,-2.1
2005-01-11,0.0,9.13,52.62,89.31,1.32,-0.97
2005-01-12,0.0,9.58,43.19,89.55,1.44,-3.32
2005-01-13,0.0,11.02,33.29,89.42,1.5,-5.49
2005-01-14,0.0,12.45,37.35,89.32,1.67,-2.52
2005-01-15,0.0,11.98,39.74,89.38,1.24,-2.04
2005-01-16,1.62,12.17,48.62,89.43,1.16,0.07
2005-01-17,7.03,9.11,74.6,89.27,1.45,4.46
2005-01-18,3.03,6.25,84.6,89.39,1.21,3.69
2005-01-19,0.0,7.98,49.93,89.48,1.35,-2.84
2005-01-20,0.0,8.81,35.98,89.54,1.27,-6.49
2005-01-21,0.71,8.27,47.85,89.83,1.13,-2.95
2005-01-22,10.03,6.44,78.66,89.73,1.81,2.66
2005-01-23,2.52,6.33,77.56,89.38,1.14,2.21
2005-01-24,0.04,9.36,56.54,89.53,0.97,0.46
2005-01-25,0.03,9.49,54.76,89.53,0.95,0.36
2005-01-26,0.0,11.3,47.3,89.22,1.17,-0.27
2005-01-27,0.67,10.69,51.61,89.17,1.57,0.29
2005-01-28,5.75,8.66,77.73,89.28,1.37,4.61
2005-01-29,0.1,9.62,65.8,89.36,1.2,2.92
2005-01-30,0.01,10.08,61.06,89.53,1.83,2.31
2005-01-31,1.02,10.99,56.9,89.62,1.62,1.99
2005-02-01,0.0,9.57,61.94,89.57,1.32,1.58
2005-02-02,0.0,10.11,40.48,89.4,1.49,-4.06
2005-02-03,0.0,10.64,38.7,89.46,1.18,-3.47
2005-02-04,0.0,10.05,42.0,89.43,0.94,-2.82
2005-02-05,0.07,10.41,45.44,89.4,1.29,-1.85
2005-02-06,2.09,9.41,64.23,89.46,1.89,2.38
2005-02-07,10.13,9.35,75.97,89.66,2.27,5.04
2005-02-08,10.1,10.98,74.03,89.83,1.39,6.11
2005-02-09,2.67,12.19,54.34,89.92,1.2,2.5
2005-02-10,1.12,13.13,49.36,89.94,1.22,2.04
2005-02-11,1.17,14.69,61.54,89.87,1.57,6.68
2005-02-12,0.22,15.05,54.29,89.66,1.55,4.76
2005-02-13,0.81,12.91,51.63,89.38,2.59,1.92
2005-02-14,0.13,11.51,50.9,89.02,2.07,1.13
2005-02-15,8.71,11.53,76.56,88.87,1.3,7.37
2005-02-16,0.84,12.04,71.03,88.89,1.44,6.35
2005-02-17,7.04,11.72,63.29,89.0,2.36,4.1
2005-02-18,0.84,12.4,57.6,89.16,2.16,3.58
2005-02-19,2.31,13.72,60.05,89.3,2.63,5.78
2005-02-20,0.02,12.89,53.41,89.43,1.88,2.49
2005-02-21,0.04,12.75,40.81,89.48,1.91,-0.94
2005-02-22,0.81,11.34,43.26,89.54,1.78,-1.52
2005-02-23,2.11,12.28,47.8,89.52,1.5,0.17
2005-02-24,0.0,14.83,45.21,89.45,1.14,2.12
2005-02-25,0.0,14.29,49.88,89.41,1.94,2.82
2005-02-26,0.0,14.82,42.48,89.32,1.99,0.7
2005-02-27,0.0,16.13,38.56,89.29,1.53,0.26
2005-02-28,0.0,16.43,43.56,89.4,1.88,3.0
2005-03-01,0.0,15.68,54.57,89.53,1.59,6.04
2005-03-02,0.0,17.2,50.32,89.56,2.24,5.74
2005-03-03,0.0,19.38,45.06,89.53,2.23,5.86
2005-03-04,2.91,17.23,53.75,89.61,2.02,6.73
2005-03-05,1.86,17.98,55.17,89.83,1.68,8.25
2005-03-06,0.08,18.39,48.75,89.72,1.53,6.24
2005-03-07,0.02,17.74,46.75,89.69,1.36,4.89
2005-03-08,0.12,17.7,53.61,89.76,1.41,7.24
2005-03-09,8.56,16.59,63.72,89.53,1.15,9.37
2005-03-10,1.03,15.67,63.99,89.41,1.47,8.24
2005-03-11,2.09,15.22,62.81,89.26,1.22,7.57
2005-03-12,0.0,16.52,57.1,89.31,1.51,6.98
2005-03-13,0.0,17.99,48.06,89.47,1.38,5.94
2005-03-14,0.0,18.32,50.49,89.33,1.34,7.1
2005-03-15,0.0,19.53,55.62,89.13,1.48,9.83
2005-03-16,0.0,20.89,54.92,89.27,1.43,10.86
2005-03-17,0.0,21.19,53.84,89.37,1.58,10.77
2005-03-18,0.0,20.81,48.21,89.27,1.41,8.66
2005-03-19,1.61,21.39,47.26,89.26,1.42,8.94
2005-03-20,1.17,20.43,45.6,89.17,1.78,6.4
2005-03-21,20.34,20.57,51.43,88.91,1.56,8.62
2005-03-22,1.87,18.52,56.47,88.94,1.32,8.58
2005-03-23,0.0,18.36,42.31,88.83,1.44,4.29
2005-03-24,0.05,17.29,40.56,88.98,1.67,2.55
2005-03-25,0.11,17.15,43.36,89.03,1.91,3.6
2005-03-26,0.81,18.58,40.59,88.9,2.5,3.72
2005-03-27,0.02,20.05,39.87,89.05,1.91,5.09
2005-03-28,0.0,19.48,40.88,89.05,1.74,4.6
2005-03-29,0.0,19.01,34.83,89.09,1.7,1.44
2005-03-30,0.0,18.32,34.14,89.14,1.84,1.09
2005-03-31,0.0,18.41,34.58,89.03,1.54,0.75
2005-04-01,0.0,19.93,32.47,89.06,1.87,1.57
2005-04-02,0.0,19.78,32.96,89.24,1.78,1.69
2005-04-03,0.0,20.19,33.37,89.28,1.55,1.99
2005-04-04,0.0,21.49,32.82,89.28,1.59,2.94
2005-04-05,0.0,21.99,35.53,89.36,1.72,4.89
2005-04-06,0.0,21.83,38.43,89.17,1.71,5.63
2005-04-07,0.0,22.34,33.51,88.94,2.58,4.1
2005-04-08,0.0,22.23,29.01,89.0,2.31,1.82
2005-04-09,0.0,19.64,27.97,89.04,2.0,-1.05
2005-04-10,0.0,17.89,27.05,89.19,1.99,-3.15
2005-04-11,0.0,16.93,27.73,89.29,1.7,-4.06
2005-04-12,0.0,19.53,23.92,89.24,1.92,-4.07
2005-04-13,0.0,22.3,24.97,89.32,2.08,-0.65
2005-04-14,0.0,23.0,26.32,89.36,2.02,0.82
2005-04-15,0.0,23.64,26.35,89.37,1.98,1.28
2005-04-16,0.0,23.29,27.58,89.29,1.85,1.69
2005-04-17,0.0,22.6,28.54,89.21,1.88,1.83
2005-04-18,0.0,23.6,25.98,89.25,1.76,1.41
2005-04-19,0.0,24.24,26.49,89.35,1.68,1.94
2005-04-20,0.0,24.95,23.25,89.49,1.84,0.4
2005-04-21,0.0,25.6,21.13,89.25,1.76,-0.12
2005-04-22,0.0,25.53,28.66,89.14,1.9,5.0
2005-04-23,0.0,26.25,30.7,89.21,2.09,6.33
2005-04-24,0.02,25.94,33.16,89.19,1.91,7.43
2005-04-25,0.5,25.34,39.11,89.14,1.5,9.74
2005-04-26,0.15,25.12,36.46,88.97,1.94,8.06
2005-04-27,0.22,24.08,30.36,88.84,2.14,3.85
2005-04-28,0.04,23.76,29.11,88.82,2.12,3.82
2005-04-29,4.43,22.75,37.11,88.76,1.84,5.88
2005-04-30,11.21,21.11,54.91,88.86,1.38,11.12
2005-05-01,1.62,21.52,55.67,88.99,1.22,11.56
2005-05-02,2.06,21.38,57.27,89.04,1.35,12.23
2005-05-03,2.9,21.42,59.58,88.92,1.24,12.72
2005-05-04,1.86,22.23,54.89,88.87,1.34,12.19
2005-05-05,0.68,23.38,46.81,88.72,1.81,10.68
2005-05-06,3.07,23.98,47.93,88.6,1.85,11.72
2005-05-07,1.87,25.63,41.3,88.58,1.87,10.67
2005-05-08,1.69,26.12,39.94,88.67,2.38,10.57
2005-05-09,0.0,25.72,38.07,88.66,2.19,9.08
2005-05-10,0.0,23.29,34.22,88.61,2.49,4.73
2005-05-11,0.0,23.97,27.88,88.7,2.19,2.66
2005-05-12,0.0,25.15,23.5,88.75,1.93,0.99
2005-05-13,0.01,26.8,21.8,88.6,2.43,1.36
2005-05-14,0.62,26.53,22.48,88.65,1.73,2.07
2005-05-15,0.0,25.89,21.44,88.71,1.9,0.3
2005-05-16,0.0,27.46,20.99,88.79,2.07,1.6
2005-05-17,0.0,28.28,21.73,88.75,2.39,2.87
2005-05-18,0.0,28.42,20.89,88.78,2.13,2.6
2005-05-19,0.0,28.34,20.48,88.75,2.2,2.36
2005-05-20,0.13,28.86,21.75,88.66,1.89,3.69
2005-05-21,0.0,28.86,20.23,88.73,1.91,2.92
2005-05-22,0.0,28.81,25.49,88.76,2.03,6.21
2005-05-23,0.0,29.02,29.73,88.8,2.16,9.0
2005-05-24,0.0,28.8,21.47,88.83,2.38,3.3
2005-05-25,0.0,29.01,16.29,88.75,2.63,-0.62
2005-05-26,0.0,29.12,16.43,88.82,1.88,0.16
2005-05-27,0.0,28.52,20.38,88.92,1.87,2.71
2005-05-28,0.0,28.49,16.52,88.78,1.62,-0.59
2005-05-29,0.0,28.53,15.31,88.91,1.7,-1.17
2005-05-30,0.0,30.18,18.54,88.9,1.79,3.05
2005-05-31,0.1,29.62,24.14,88.67,2.04,6.19
2005-06-01,0.0,28.81,19.57,88.38,2.2,1.74
2005-06-02,0.0,29.67,15.72,88.29,3.38,-0.3
2005-06-03,0.04,29.79,17.58,88.34,2.74,1.28
2005-06-04,0.04,30.95,15.37,88.3,2.03,0.51
2005-06-05,0.37,31.32,16.44,88.41,1.97,2.27
2005-06-06,0.53,31.02,20.46,88.48,1.95,5.26
2005-06-07,7.09,28.93,32.35,88.53,1.97,9.56
2005-06-08,0.13,28.26,38.39,88.43,1.83,11.7
2005-06-09,0.06,29.37,29.92,88.28,2.68,8.48
2005-06-10,0.08,29.73,24.88,88.29,2.85,6.28
2005-06-11,0.0,30.24,19.08,88.26,3.35,2.04
2005-06-12,0.0,30.17,19.3,88.25,3.0,3.1
2005-06-13,0.0,29.86,20.97,88.45,2.9,3.71
2005-06-14,0.0,29.94,19.47,88.54,2.79,2.78
2005-06-15,0.0,30.21,22.64,88.39,2.22,5.37
2005-06-16,0.0,31.08,20.21,88.27,2.2,4.58
2005-06-17,0.03,31.83,18.56,88.18,2.52,4.06
2005-06-18,0.0,32.28,21.79,88.14,2.56,7.09
2005-06-19,0.0,33.23,21.28,88.14,1.96,7.29
2005-06-20,0.0,34.06,18.99,88.19,1.97,6.28
2005-06-21,0.4,32.63,26.07,88.4,1.81,10.05
2005-06-22,2.91,31.84,39.08,88.45,1.65,15.55
2005-06-23,8.45,30.95,50.19,88.22,1.7,18.1
2005-06-24,3.44,30.15,57.09,88.08,1.64,19.65
2005-06-25,4.13,30.08,57.28,88.25,1.55,20.19
2005-06-26,5.15,28.75,64.46,88.28,2.29,20.98
2005-06-27,5.1,28.1,65.3,88.23,1.63,20.64
2005-06-28,3.81,27.68,67.96,88.19,1.98,20.76
2005-06-29,30.94,26.04,72.04,88.32,1.75,20.11
2005-06-30,35.57,24.76,81.55,88.29,1.61,21.28
2005-07-01,6.12,26.79,68.58,88.31,1.27,19.92
2005-07-02,4.04,26.18,72.8,88.29,1.6,20.47
2005-07-03,18.53,25.47,75.04,88.27,1.19,20.34
2005-07-04,27.25,23.9,84.11,88.19,0.85,20.93
2005-07-05,13.02,24.32,78.44,88.21,1.76,19.98
2005-07-06,14.85,23.73,80.21,88.42,3.05,19.91
2005-07-07,2.43,25.11,73.83,88.49,2.72,19.75
2005-07-08,0.28,26.78,70.05,88.5,1.53,20.48
2005-07-09,1.79,27.82,66.4,88.34,1.62,20.6
2005-07-10,12.53,26.87,74.18,88.34,1.86,21.53
2005-07-11,41.08,23.46,83.83,88.66,2.18,20.45
2005-07-12,22.29,24.35,79.77,88.64,1.02,20.37
2005-07-13,11.66,23.53,86.73,88.62,1.66,21.02
2005-07-14,12.05,23.98,84.61,88.75,1.88,21.02
2005-07-15,2.04,24.58,78.75,88.79,1.49,20.28
2005-07-16,2.17,24.0,81.69,88.7,1.62,20.45
2005-07-17,29.89,23.1,84.05,88.49,1.89,20.12
2005-07-18,19.74,22.84,89.24,88.44,1.37,20.86
2005-07-19,8.62,24.48,83.81,88.51,1.06,21.23
2005-07-20,8.01,24.95,83.98,88.41,1.7,21.87
2005-07-21,21.62,24.64,83.8,88.37,1.25,21.62
2005-07-22,22.58,24.94,84.19,88.26,1.24,21.95
2005-07-23,18.61,24.62,87.55,88.31,1.31,22.29
2005-07-24,8.35,24.47,87.74,88.31,1.19,22.16
2005-07-25,3.45,25.14,81.46,88.27,1.19,21.5
2005-07-26,11.36,23.84,86.61,88.35,1.18,21.37
2005-07-27,5.45,24.76,80.57,88.33,1.0,20.96
2005-07-28,2.4,25.05,84.86,88.28,1.17,22.17
2005-07-29,9.94,24.65,87.98,88.26,1.33,22.38
2005-07-30,28.75,24.65,86.66,88.24,1.19,22.15
2005-07-31,25.19,25.22,85.63,88.21,1.28,22.51
2005-08-01,9.35,24.52,90.06,88.26,1.33,22.7
2005-08-02,1.58,25.17,84.32,88.21,1.24,22.23
2005-08-03,4.88,24.62,88.9,88.35,1.17,22.59
2005-08-04,5.83,25.17,86.26,88.37,1.45,22.59
2005-08-05,17.4,23.75,92.78,88.21,2.26,22.46
2005-08-06,9.85,24.25,88.19,88.09,1.36,22.0
2005-08-07,0.96,23.04,89.31,88.16,1.55,21.06
2005-08-08,0.06,23.13,82.82,88.4,1.37,19.78
2005-08-09,0.43,23.45,82.52,88.47,1.89,20.04
2005-08-10,0.0,23.56,83.29,88.32,1.83,20.33
2005-08-11,0.18,23.82,81.57,88.22,1.84,20.26
2005-08-12,3.3,24.82,77.3,88.4,1.24,20.3
2005-08-13,1.76,24.78,80.47,88.47,1.19,21.02
2005-08-14,4.11,25.14,81.7,88.33,1.44,21.59
2005-08-15,19.8,24.97,84.94,88.38,0.94,22.14
2005-08-16,19.98,24.14,89.86,88.53,1.32,22.3
2005-08-17,34.05,23.57,89.49,88.54,1.3,21.67
2005-08-18,2.71,24.24,86.01,88.48,1.25,21.58
2005-08-19,10.4,24.33,82.56,88.44,1.11,21.0
2005-08-20,19.25,23.67,81.73,88.47,0.89,20.21
2005-08-21,5.84,23.95,82.06,88.46,1.15,20.53
2005-08-22,4.71,24.02,79.25,88.63,1.2,19.98
2005-08-23,5.65,23.81,81.81,88.68,1.41,20.34
2005-08-24,29.14,23.4,79.09,88.62,1.4,19.42
2005-08-25,0.91,23.46,76.68,88.64,1.49,18.93
2005-08-26,15.5,22.76,80.59,88.76,1.49,19.07
2005-08-27,0.76,23.03,81.46,88.81,1.32,19.52
2005-08-28,1.45,23.38,78.22,88.82,1.43,19.22
2005-08-29,0.0,22.42,76.61,88.8,1.67,17.77
2005-08-30,0.0,22.78,75.13,88.58,1.66,17.88
2005-08-31,0.0,23.3,76.5,88.54,1.33,18.62
2005-09-01,0.1,24.09,78.89,88.75,1.1,19.97
2005-09-02,9.37,24.67,82.15,88.88,1.12,21.29
2005-09-03,1.57,24.21,86.5,88.88,0.96,21.67
2005-09-04,2.44,23.95,85.76,88.75,1.12,21.25
2005-09-05,6.09,23.05,91.16,88.73,1.24,21.44
2005-09-06,3.87,22.85,93.44,88.85,1.25,21.68
2005-09-07,0.51,22.83,89.45,88.99,1.21,20.91
2005-09-08,5.17,24.05,85.53,89.03,1.07,21.32
2005-09-09,6.16,24.44,84.6,88.99,1.15,21.54
2005-09-10,5.39,23.85,77.7,88.84,0.83,19.42
2005-09-11,0.78,24.12,75.87,88.68,0.85,19.34
2005-09-12,7.79,22.57,80.93,88.78,1.11,18.95
2005-09-13,5.49,22.99,77.15,88.93,0.69,18.53
2005-09-14,6.61,22.06,84.94,88.98,1.38,19.26
2005-09-15,35.33,21.37,84.31,88.85,1.44,18.49
2005-09-16,89.24,20.65,85.46,88.61,2.5,18.07
2005-09-17,98.56,20.51,87.56,88.68,2.51,18.35
2005-09-18,2.49,21.51,89.15,89.0,1.37,19.56
2005-09-19,0.0,23.77,77.42,88.96,1.09,19.27
2005-09-20,0.0,24.08,78.61,88.81,1.22,19.9
2005-09-21,2.57,23.44,86.95,88.97,1.13,21.01
2005-09-22,1.46,22.52,87.39,89.09,1.33,20.18
2005-09-23,16.36,22.19,89.47,88.93,1.0,20.25
2005-09-24,26.09,21.31,94.01,88.76,1.37,20.25
2005-09-25,39.29,21.09,93.24,88.6,1.3,19.9
2005-09-26,0.29,21.31,84.35,88.74,1.15,18.33
2005-09-27,1.93,21.58,78.61,88.97,1.12,17.44
2005-09-28,3.54,22.05,74.34,88.98,0.97,16.92
2005-09-29,0.43,22.04,71.5,88.92,1.09,16.35
2005-09-30,2.65,21.42,75.43,89.06,1.09,16.53
2005-10-01,0.0,21.25,75.94,89.16,1.12,16.5
2005-10-02,0.0,21.1,76.23,89.16,1.1,16.48
2005-10-03,0.0,20.93,72.32,89.02,1.14,15.51
2005-10-04,0.0,20.52,69.99,89.14,1.33,14.52
2005-10-05,0.0,20.7,66.71,89.26,1.3,13.81
2005-10-06,0.0,20.01,70.06,89.27,1.07,13.89
2005-10-07,0.0,20.04,77.92,89.29,1.09,15.73
2005-10-08,0.0,20.38,77.86,89.29,1.12,16.06
2005-10-09,0.46,19.71,76.83,89.39,1.18,15.13
2005-10-10,0.45,19.4,73.2,89.37,1.27,14.12
2005-10-11,0.0,19.65,73.85,89.46,1.29,14.55
2005-10-12,0.0,19.57,73.1,89.41,1.22,14.3
2005-10-13,0.01,19.74,65.35,89.37,1.15,12.66
2005-10-14,0.0,19.01,63.88,89.41,1.22,11.54
2005-10-15,0.0,19.23,61.31,89.43,1.05,11.26
2005-10-16,0.0,19.31,63.21,89.44,0.93,11.77
2005-10-17,0.01,19.27,61.79,89.47,1.01,11.33
2005-10-18,0.01,18.82,63.47,89.49,1.07,11.29
2005-10-19,0.73,18.22,66.65,89.44,1.19,11.53
2005-10-20,0.25,17.66,74.23,89.39,1.05,12.73
2005-10-21,0.13,17.25,76.75,89.43,1.11,12.79
2005-10-22,0.0,17.76,69.35,89.31,1.18,11.74
2005-10-23,0.0,17.45,66.24,89.36,0.95,10.71
2005-10-24,0.0,17.29,74.84,89.44,1.07,12.53
2005-10-25,0.0,17.25,77.61,89.44,1.08,12.99
2005-10-26,0.0,17.1,66.61,89.39,1.25,10.37
2005-10-27,0.0,17.23,56.65,89.4,1.19,8.08
2005-10-28,0.0,17.14,52.04,89.56,1.16,6.61
2005-10-29,0.0,16.3,52.65,89.33,1.3,5.99
2005-10-30,0.0,16.72,49.87,89.12,1.04,5.71
2005-10-31,0.0,15.52,59.29,89.23,1.09,7.23
2005-11-01,0.0,15.51,60.91,89.31,1.16,7.62
2005-11-02,0.0,15.62,58.85,89.48,1.19,7.17
2005-11-03,0.13,15.88,60.49,89.52,1.41,7.71
2005-11-04,0.0,15.17,57.6,89.54,1.31,6.41
2005-11-05,0.0,14.46,57.48,89.6,1.29,5.41
2005-11-06,0.0,15.34,45.34,89.53,1.16,2.79
2005-11-07,0.0,15.82,43.14,89.4,1.12,2.6
2005-11-08,0.0,15.55,45.62,89.44,1.25,3.28
2005-11-09,0.0,15.28,45.08,89.46,1.28,2.6
2005-11-10,0.0,15.61,45.27,89.42,1.22,3.09
2005-11-11,0.0,15.2,47.76,89.43,1.27,3.43
2005-11-12,0.0,14.8,51.62,89.42,1.46,4.1
2005-11-13,0.0,15.46,49.68,89.31,1.64,4.26
2005-11-14,0.0,16.13,40.62,89.32,1.5,1.94
2005-11-15,0.0,14.81,43.55,89.28,1.43,1.63
2005-11-16,0.0,14.41,42.62,89.25,1.57,0.86
2005-11-17,0.0,13.08,41.46,89.31,1.58,-0.7
2005-11-18,0.0,13.54,38.39,89.27,1.31,-1.32
2005-11-19,0.0,14.42,36.94,89.52,1.27,-0.95
2005-11-20,0.0,15.04,39.06,89.53,1.22,0.33
2005-11-21,0.0,14.92,41.53,89.57,1.28,0.98
2005-11-22,0.0,14.81,41.85,89.52,1.64,1.18
2005-11-23,0.0,14.27,43.43,89.51,1.44,1.22
2005-11-24,0.0,13.98,41.48,89.54,1.28,0.3
2005-11-25,0.0,13.75,42.25,89.58,1.24,0.48
2005-11-26,0.0,12.71,42.5,89.57,1.24,-0.76
2005-11-27,0.0,13.07,43.12,89.61,1.41,-0.02
2005-11-28,0.0,13.79,44.75,89.67,1.24,1.2
2005-11-29,0.0,13.42,44.7,89.52,1.44,0.43
2005-11-30,0.0,13.56,45.8,89.18,1.23,1.14
2005-12-01,0.0,13.43,46.29,89.29,1.35,1.57
2005-12-02,0.0,13.59,41.92,89.55,1.33,0.03
2005-12-03,0.0,13.65,36.7,89.48,1.29,-1.82
2005-12-04,0.0,11.78,40.69,89.31,1.43,-2.2
2005-12-05,0.0,13.28,35.62,89.16,1.24,-2.72
2005-12-06,0.0,13.59,35.79,89.41,1.18,-1.98
2005-12-07,0.0,12.72,37.96,89.42,1.32,-2.06
2005-12-08,0.0,12.7,37.77,89.35,1.29,-2.2
2005-12-09,0.0,12.61,35.81,89.36,1.27,-2.8
2005-12-10,0.0,11.95,36.64,89.48,1.33,-3.14
2005-12-11,0.0,11.73,31.78,89.5,1.28,-5.16
2005-12-12,0.0,11.71,34.03,89.54,1.27,-4.41
2005-12-13,0.0,11.65,33.68,89.5,1.33,-4.83
2005-12-14,0.0,12.48,31.49,89.37,1.38,-5.09
2005-12-15,0.0,13.64,28.69,89.56,1.08,-5.08
2005-12-16,0.0,13.67,32.59,89.72,1.11,-3.2
2005-12-17,0.0,13.26,33.68,89.64,1.19,-3.18
2005-12-18,0.0,13.41,31.48,89.44,1.16,-4.06
2005-12-19,0.0,12.32,35.35,89.31,1.28,-3.3
2005-12-20,0.0,12.22,40.64,89.39,1.4,-1.4
2005-12-21,0.0,11.43,46.6,89.55,1.5,-0.08
2005-12-22,0.27,11.28,49.74,89.55,1.39,0.59
2005-12-23,1.14,8.86,71.11,89.44,1.59,3.59
2005-12-24,0.27,9.8,55.65,89.43,1.15,0.5
2005-12-25,0.27,10.71,44.12,89.38,1.3,-2.36
2005-12-26,0.2,11.87,34.04,89.41,1.18,-4.56
2005-12-27,0.0,12.11,34.08,89.57,0.99,-3.76
2005-12-28,0.0,11.74,37.02,89.62,1.17,-2.92
2005-12-29,0.0,10.98,41.06,89.59,1.29,-2.35
2005-12-30,0.0,11.29,41.08,89.72,1.24,-2.09
2005-12-31,0.0,11.2,39.09,89.77,1.49,-2.86
2006-01-01,0.0,12.38,34.31,89.79,1.03,-3.42
2006-01-02,2.63,12.95,42.62,89.55,1.3,-0.43
2006-01-03,2.36,11.69,64.83,89.56,1.2,5.04
2006-01-04,0.0,11.69,56.86,89.55,1.38,2.66
2006-01-05,0.0,13.14,36.22,89.46,1.29,-2.98
2006-01-06,0.0,12.61,32.85,89.52,1.36,-4.65
2006-01-07,0.0,13.1,28.57,89.54,1.31,-5.7
2006-01-08,0.0,12.14,29.22,89.49,1.38,-6.35
2006-01-09,0.0,13.05,27.9,89.42,1.06,-5.96
2006-01-10,0.0,12.53,33.53,89.48,1.1,-3.99
2006-01-11,0.0,13.75,34.08,89.31,1.44,-2.99
2006-01-12,0.0,12.13,31.96,89.4,1.34,-5.42
2006-01-13,0.0,11.64,32.11,89.28,1.55,-5.75
2006-01-14,0.0,12.22,35.12,89.25,1.77,-3.44
2006-01-15,0.29,11.66,53.19,89.4,1.21,1.78
2006-01-16,0.57,14.24,52.34,89.42,1.02,4.02
2006-01-17,0.31,12.37,57.77,89.37,1.13,3.97
2006-01-18,0.01,13.27,54.66,89.41,1.17,3.85
2006-01-19,0.0,12.87,43.17,89.4,1.55,-0.48
2006-01-20,0.0,11.56,38.41,89.47,1.55,-3.4
2006-01-21,0.0,10.21,38.19,89.45,1.51,-4.58
2006-01-22,0.0,10.96,33.05,89.23,1.29,-6.29
2006-01-23,0.0,9.35,32.56,89.28,1.41,-6.94
2006-01-24,0.0,9.0,36.36,89.48,1.3,-6.17
2006-01-25,0.0,10.15,33.35,89.66,1.43,-6.29
2006-01-26,0.0,10.39,34.81,89.81,1.38,-5.77
2006-01-27,0.0,12.09,30.36,89.62,1.39,-5.94
2006-01-28,0.0,13.18,36.49,89.55,1.34,-2.42
2006-01-29,0.0,13.72,43.56,89.48,1.57,0.25
2006-01-30,0.0,16.55,34.18,89.57,1.31,-0.38
2006-01-31,0.0,16.57,33.71,89.77,1.46,-0.67
2006-02-01,0.0,16.76,31.58,89.78,1.35,-1.16
2006-02-02,0.0,17.55,29.03,89.71,1.6,-2.06
2006-02-03,0.0,15.84,31.71,89.63,1.59,-2.2
2006-02-04,0.0,15.56,32.95,89.54,1.41,-2.44
2006-02-05,0.0,16.39,28.46,89.5,1.42,-3.33
2006-02-06,0.0,14.84,34.24,89.57,1.22,-1.6
2006-02-07,0.0,15.87,29.76,89.55,1.35,-3.06
2006-02-08,0.01,15.05,33.47,89.75,1.39,-1.96
2006-02-09,0.01,15.02,36.23,89.78,1.62,-0.78
2006-02-10,0.0,14.8,36.96,89.57,1.53,-0.91
2006-02-11,0.0,15.72,35.96,89.5,1.32,-0.27
2006-02-12,0.0,16.39,36.75,89.49,1.54,0.74
2006-02-13,0.0,17.39,37.87,89.36,1.86,2.02
2006-02-14,0.0,18.34,39.21,89.13,1.82,3.47
2006-02-15,0.0,15.85,51.19,89.1,1.14,5.24
2006-02-16,0.0,15.83,47.0,89.0,1.93,3.25
2006-02-17,0.0,17.1,37.54,89.07,2.24,1.31
2006-02-18,0.0,18.1,34.59,89.28,1.59,1.0
2006-02-19,0.0,19.87,37.39,89.26,1.73,3.69
2006-02-20,0.0,18.98,37.27,89.38,1.48,3.02
2006-02-21,0.0,18.76,38.05,89.27,1.97,2.72
2006-02-22,0.0,18.68,30.32,89.22,1.71,-1.34
2006-02-23,0.0,19.33,33.57,89.27,2.38,1.7
2006-02-24,0.0,19.01,32.29,89.15,2.13,0.11
2006-02-25,0.02,18.53,28.71,89.17,1.79,-1.77
2006-02-26,0.55,18.73,37.91,89.24,1.87,3.08
2006-02-27,0.01,18.46,38.58,89.15,2.19,2.83
2006-02-28,0.0,16.82,30.67,89.11,1.95,-2.28
2006-03-01,0.0,17.56,24.22,89.13,1.53,-4.43
2006-03-02,0.0,17.36,25.32,89.34,1.56,-3.74
2006-03-03,0.0,17.49,23.45,89.36,1.73,-4.99
2006-03-04,0.0,17.37,22.81,89.32,1.62,-5.38
2006-03-05,0.0,17.07,22.93,89.31,1.89,-5.63
2006-03-06,0.22,17.62,27.73,89.42,1.41,-2.14
2006-03-07,0.04,19.06,31.9,89.47,1.59,1.01
2006-03-08,0.0,19.41,33.06,89.58,1.57,1.3
2006-03-09,0.78,19.16,38.85,89.71,1.22,4.07
2006-03-10,28.45,16.17,64.92,89.44,1.7,8.81
2006-03-11,21.48,13.68,78.37,89.17,1.52,9.82
2006-03-12,0.08,15.25,63.71,89.01,1.08,7.62
2006-03-13,1.97,16.55,61.01,89.14,1.16,8.24
2006-03-14,7.42,15.23,63.78,89.38,1.43,8.17
2006-03-15,0.18,14.84,63.02,89.39,1.84,7.51
2006-03-16,0.01,15.33,53.32,89.32,1.4,4.66
2006-03-17,0.01,14.97,39.22,89.22,1.8,-0.57
2006-03-18,0.0,15.77,34.41,89.24,1.57,-1.86
2006-03-19,0.0,17.61,32.25,89.29,1.55,-0.65
2006-03-20,0.0,18.11,41.81,89.26,1.96,3.78
2006-03-21,0.0,18.62,44.55,88.97,1.65,4.92
2006-03-22,0.0,18.42,37.84,88.79,1.69,1.94
2006-03-23,0.0,18.76,33.63,88.9,1.94,0.73
2006-03-24,0.34,20.78,34.1,89.0,1.76,2.79
2006-03-25,2.11,19.46,45.27,89.11,1.43,6.48
2006-03-26,1.64,18.68,47.54,89.11,1.62,6.68
2006-03-27,0.0,18.74,43.8,89.09,1.63,4.85
2006-03-28,0.0,17.26,41.44,89.27,1.73,3.01
2006-03-29,0.0,18.35,38.6,89.18,1.64,2.79
2006-03-30,0.0,20.95,33.33,89.21,1.59,2.78
2006-03-31,0.0,20.54,37.14,89.23,1.45,4.64
2006-04-01,0.0,21.75,34.04,89.05,1.93,3.83
2006-04-02,0.01,21.93,28.73,89.04,1.68,1.35
2006-04-03,0.06,21.01,34.54,88.99,1.95,3.62
2006-04-04,0.0,21.2,31.15,88.9,2.22,1.47
2006-04-05,0.0,21.59,29.23,88.83,2.13,1.28
2006-04-06,0.0,22.3,28.0,88.92,1.97,0.91
2006-04-07,0.0,23.24,26.58,88.91,1.89,1.1
2006-04-08,0.0,23.33,28.65,88.89,1.57,2.19
2006-04-09,0.0,24.15,30.95,88.88,1.57,4.74
2006-04-10,0.21,23.41,35.11,88.9,2.06,6.36
2006-04-11,0.0,23.07,28.11,88.87,1.62,1.94
2006-04-12,0.0,21.58,25.25,88.86,1.79,-1.43
2006-04-13,0.0,21.03,19.49,88.93,1.96,-6.44
2006-04-14,0.0,21.95,17.17,89.11,1.96,-6.77
2006-04-15,0.0,23.13,21.02,89.13,1.82,-2.41
2006-04-16,0.08,23.4,23.14,88.88,1.89,-0.85
2006-04-17,2.81,22.66,30.92,88.99,2.64,2.98
2006-04-18,5.94,16.91,60.66,89.06,1.03,9.16
2006-04-19,0.01,19.56,47.45,89.24,1.97,7.09
2006-04-20,0.0,21.09,39.83,89.33,1.63,5.94
2006-04-21,0.02,21.2,39.01,89.16,1.7,5.58
2006-04-22,0.0,22.79,36.76,88.95,2.11,5.96
2006-04-23,0.01,24.79,30.25,88.87,2.3,4.84
2006-04-24,0.2,25.39,26.85,88.88,2.08,3.74
2006-04-25,0.0,25.64,26.04,88.84,1.94,3.46
2006-04-26,0.0,27.33,24.0,88.81,1.67,4.1
2006-04-27,0.0,28.99,21.77,88.82,1.82,3.73
2006-04-28,0.03,27.9,24.18,88.97,1.84,4.61
2006-04-29,0.11,27.42,26.58,88.93,1.7,5.55
2006-04-30,0.0,28.54,25.03,88.83,1.92,5.5
2006-05-01,0.0,28.43,22.04,88.89,2.03,3.57
2006-05-02,0.0,28.44,20.79,88.99,2.34,2.49
2006-05-03,0.0,28.11,23.11,89.03,1.8,4.24
2006-05-04,0.25,27.21,25.22,89.0,1.56,4.77
2006-05-05,0.17,28.06,23.49,89.03,1.69,3.99
2006-05-06,0.0,28.68,21.4,88.82,1.82,3.8
2006-05-07,0.22,28.65,23.78,88.77,1.92,5.15
2006-05-08,5.75,27.92,35.06,88.84,1.75,9.97
2006-05-09,5.6,26.85,46.69,88.89,1.68,13.58
2006-05-10,1.48,27.12,42.55,88.64,1.78,12.32
2006-05-11,1.75,26.99,43.71,88.78,1.63,12.8
2006-05-12,0.66,27.85,35.05,88.81,1.56,9.44
2006-05-13,0.22,28.07,32.92,88.73,1.71,8.72
2006-05-14,4.17,27.7,38.83,88.89,1.91,11.41
2006-05-15,1.26,26.76,51.85,88.9,1.75,15.47
2006-05-16,7.75,23.65,66.41,89.05,1.68,16.86
2006-05-17,1.34,25.59,56.2,89.14,1.58,15.5
2006-05-18,2.33,25.98,54.26,88.87,1.29,15.51
2006-05-19,2.28,26.33,54.24,88.66,1.46,15.84
2006-05-20,0.72,26.51,50.59,88.54,1.9,14.81
2006-05-21,18.83,25.77,53.31,88.59,1.41,15.26
2006-05-22,7.89,24.36,65.38,88.7,1.29,17.05
2006-05-23,1.87,25.13,62.96,88.61,1.19,17.14
2006-05-24,0.39,26.39,55.42,88.5,1.47,15.95
2006-05-25,1.2,26.87,55.1,88.55,1.37,16.59
2006-05-26,7.22,27.71,54.14,88.69,1.25,17.1
2006-05-27,6.56,28.25,52.61,88.62,1.44,16.79
2006-05-28,6.48,27.71,52.98,88.4,1.46,16.16
2006-05-29,0.19,28.13,46.61,88.14,1.71,14.66
2006-05-30,0.0,29.72,37.91,88.11,1.49,12.87
2006-05-31,0.04,29.4,32.55,88.4,1.8,9.85
2006-06-01,0.52,29.81,32.67,88.51,1.93,10.86
2006-06-02,4.91,26.97,51.05,88.49,1.51,15.01
2006-06-03,20.08,22.22,81.17,88.41,1.16,18.74
2006-06-04,7.41,24.12,67.41,88.38,1.01,17.17
2006-06-05,1.08,26.2,54.33,88.43,1.9,15.21
2006-06-06,0.0,27.96,40.27,88.43,1.73,12.03
2006-06-07,0.0,28.63,36.89,88.5,1.64,11.42
2006-06-08,0.0,28.64,33.01,88.49,2.03,9.57
2006-06-09,0.0,28.33,32.29,88.39,1.75,8.95
2006-06-10,0.0,28.94,31.17,88.38,2.15,8.38
2006-06-11,0.0,29.78,24.76,88.37,2.3,5.7
2006-06-12,0.01,29.59,25.71,88.37,1.98,6.83
2006-06-13,0.25,28.54,33.83,88.45,2.1,9.9
2006-06-14,0.04,27.59,37.9,88.65,1.67,10.96
2006-06-15,0.34,28.19,39.24,88.68,1.81,12.41
2006-06-16,2.91,27.68,44.68,88.69,1.44,13.91
2006-06-17,0.22,26.98,47.06,88.82,1.93,13.75
2006-06-18,0.0,26.6,38.36,88.78,1.82,9.07
2006-06-19,0.03,26.76,36.93,88.72,1.99,9.34
2006-06-20,5.26,27.19,45.22,88.72,1.59,13.46
2006-06-21,0.0,27.78,45.49,88.73,1.43,13.72
2006-06-22,1.54,27.42,55.46,88.65,1.44,17.3
2006-06-23,2.81,28.11,58.19,88.65,1.36,18.51
2006-06-24,1.13,27.87,62.88,88.69,1.53,19.73
2006-06-25,26.07,24.69,81.2,88.7,2.07,21.17
2006-06-26,17.7,23.91,86.21,88.62,2.06,21.32
2006-06-27,4.17,25.73,72.09,88.49,1.86,19.86
2006-06-28,9.21,24.86,77.36,88.46,2.19,20.36
2006-06-29,10.67,24.56,79.42,88.39,1.49,20.48
2006-06-30,12.51,24.82,78.73,88.35,1.63,20.51
2006-07-01,1.94,26.16,72.94,88.27,1.32,20.45
2006-07-02,0.19,27.82,65.16,88.2,1.17,20.18
2006-07-03,0.06,28.58,62.68,88.28,1.21,20.32
2006-07-04,3.64,26.23,71.49,88.38,1.02,20.41
2006-07-05,3.82,26.95,69.72,88.38,1.61,20.5
2006-07-06,0.5,27.68,68.03,88.29,1.61,20.65
2006-07-07,0.61,28.61,64.39,88.05,1.84,20.74
2006-07-08,83.92,27.53,78.1,87.95,1.89,23.19
2006-07-09,63.01,25.39,91.3,88.0,1.43,23.81
2006-07-10,41.37,23.9,91.09,88.17,1.47,22.3
2006-07-11,5.62,24.22,84.1,88.17,1.51,21.12
2006-07-12,20.32,22.85,90.36,88.19,1.58,21.14
2006-07-13,5.12,24.09,85.63,88.19,1.13,21.36
2006-07-14,7.15,24.68,85.05,88.18,1.21,21.82
2006-07-15,0.08,25.86,76.71,88.23,1.1,21.19
2006-07-16,5.81,24.56,84.01,88.35,0.84,21.59
2006-07-17,4.32,24.85,82.2,88.31,1.19,21.43
2006-07-18,12.24,24.9,81.81,88.36,0.89,21.3
2006-07-19,28.55,24.8,85.41,88.42,1.37,22.06
2006-07-20,5.75,24.32,85.97,88.58,1.38,21.61
2006-07-21,1.18,24.74,83.8,88.57,1.33,21.62
2006-07-22,6.58,24.64,85.81,88.65,0.71,21.93
2006-07-23,4.79,23.91,87.65,88.65,1.3,21.58
2006-07-24,0.91,23.66,86.58,88.68,1.11,21.18
2006-07-25,12.38,24.31,87.21,88.57,1.85,21.92
2006-07-26,79.44,23.11,87.74,88.6,2.05,20.86
2006-07-27,10.72,22.63,88.42,88.44,1.59,20.51
2006-07-28,10.99,23.22,84.36,88.16,1.41,20.3
2006-07-29,3.76,24.64,78.35,88.33,1.37,20.38
2006-07-30,6.38,25.04,81.05,88.57,1.27,21.37
2006-07-31,1.44,24.83,81.37,88.57,1.01,21.11
2006-08-01,2.73,24.62,83.9,88.51,1.18,21.48
2006-08-02,17.62,24.72,83.03,88.57,1.36,21.46
2006-08-03,24.59,24.21,82.14,88.55,1.17,20.74
2006-08-04,11.58,23.89,84.7,88.68,1.31,21.0
2006-08-05,10.08,23.61,84.45,88.8,1.22,20.59
2006-08-06,11.73,23.53,84.1,88.72,1.75,20.5
2006-08-07,8.81,22.8,86.24,88.61,1.6,20.25
2006-08-08,1.05,23.34,83.91,88.46,1.6,20.26
2006-08-09,1.74,24.03,81.55,88.4,1.43,20.44
2006-08-10,5.97,24.63,82.4,88.39,1.38,21.18
2006-08-11,0.2,25.48,79.38,88.42,1.18,21.39
2006-08-12,0.09,25.39,82.54,88.47,0.99,22.03
2006-08-13,3.28,24.26,87.44,88.5,1.05,21.97
2006-08-14,2.65,24.34,86.22,88.41,1.17,21.83
2006-08-15,0.07,25.21,80.18,88.37,1.07,21.3
2006-08-16,0.24,25.59,78.05,88.41,1.11,21.16
2006-08-17,0.69,25.43,78.91,88.56,1.16,21.35
2006-08-18,0.02,24.8,81.19,88.69,1.02,21.15
2006-08-19,7.64,24.53,86.05,88.71,1.36,21.85
2006-08-20,3.73,23.44,88.62,88.73,1.31,21.34
2006-08-21,0.12,24.72,81.53,88.62,1.05,21.12
2006-08-22,7.5,24.84,81.59,88.61,0.74,21.35
2006-08-23,7.28,24.15,85.08,88.65,1.19,21.34
2006-08-24,21.22,23.91,89.89,88.57,1.7,22.08
2006-08-25,15.0,22.59,95.35,88.64,1.94,21.79
2006-08-26,3.99,23.19,92.07,88.41,2.03,21.77
2006-08-27,3.04,23.8,88.3,88.32,1.77,21.59
2006-08-28,1.0,23.84,82.73,88.43,1.09,20.45
2006-08-29,9.83,23.75,83.41,88.69,1.14,20.62
2006-08-30,15.53,22.68,86.08,88.94,1.02,20.06
2006-08-31,5.57,23.2,83.22,88.72,1.14,19.98
2006-09-01,6.76,22.45,84.78,88.61,3.06,19.62
2006-09-02,36.83,20.81,90.14,88.86,2.36,19.06
2006-09-03,0.33,23.02,80.6,88.97,1.11,19.16
2006-09-04,0.01,23.45,82.3,88.9,1.2,20.05
2006-09-05,0.97,23.1,87.18,88.93,1.05,20.77
2006-09-06,2.89,23.51,86.56,88.9,1.1,21.0
2006-09-07,2.93,23.34,87.94,88.88,1.36,21.09
2006-09-08,5.77,23.03,88.67,88.84,1.84,20.95
2006-09-09,5.21,23.43,88.2,88.83,1.84,21.21
2006-09-10,2.27,23.19,90.2,88.79,2.24,21.38
2006-09-11,0.7,22.84,87.9,88.64,1.85,20.54
2006-09-12,2.47,22.88,85.91,88.67,1.57,20.16
2006-09-13,1.02,22.89,77.47,88.95,1.18,18.4
2006-09-14,2.99,22.6,80.46,89.01,1.31,18.78
2006-09-15,2.57,23.37,77.5,89.05,0.88,18.97
2006-09-16,2.07,23.21,79.84,89.09,0.91,19.39
2006-09-17,0.6,23.03,83.17,88.92,1.02,19.86
2006-09-18,7.96,23.3,82.57,88.87,1.04,20.04
2006-09-19,1.63,23.81,78.34,88.85,0.92,19.58
2006-09-20,18.41,23.67,80.37,88.93,1.05,19.87
2006-09-21,9.27,22.5,84.83,88.83,1.47,19.75
2006-09-22,5.35,21.75,78.47,88.78,1.21,17.5
2006-09-23,0.27,21.49,75.38,88.87,1.32,16.63
2006-09-24,0.01,22.37,66.02,88.93,0.96,15.38
2006-09-25,0.17,22.23,66.63,89.02,1.1,15.26
2006-09-26,0.07,21.0,74.06,88.99,1.33,15.85
2006-09-27,0.0,21.66,62.79,88.9,1.12,13.6
2006-09-28,0.0,22.11,57.11,89.04,1.09,12.66
2006-09-29,0.0,22.55,57.22,89.14,1.14,13.23
2006-09-30,0.0,22.42,62.65,89.24,1.15,14.6
2006-10-01,0.0,22.74,62.79,89.15,1.24,14.9
2006-10-02,0.0,22.29,61.7,89.06,1.36,14.14
2006-10-03,0.0,22.43,60.97,89.02,1.18,13.97
2006-10-04,0.0,22.03,62.9,88.91,1.57,14.3
2006-10-05,0.0,21.56,65.23,88.69,1.69,14.41
2006-10-06,0.0,21.34,58.08,88.77,1.47,12.17
2006-10-07,0.0,21.5,55.87,88.86,1.4,11.66
2006-10-08,0.0,21.24,57.51,89.07,1.29,11.98
2006-10-09,0.0,20.92,61.63,89.17,1.33,12.82
2006-10-10,0.0,21.38,62.5,89.24,1.19,13.45
2006-10-11,0.0,21.65,63.62,89.29,1.27,13.87
2006-10-12,0.0,21.45,64.59,89.34,1.33,14.04
2006-10-13,0.0,21.34,63.65,89.6,1.22,13.71
2006-10-14,0.0,20.74,62.89,89.62,1.53,12.91
2006-10-15,0.0,20.39,54.69,89.47,1.39,10.16
2006-10-16,0.0,20.36,52.59,89.5,1.31,9.59
2006-10-17,0.0,20.29,53.52,89.52,1.22,9.92
2006-10-18,1.76,20.09,55.73,89.48,1.2,10.42
2006-10-19,7.8,17.73,73.48,89.52,1.01,12.64
2006-10-20,3.68,17.95,65.66,89.68,1.29,10.85
2006-10-21,0.93,18.02,62.31,89.65,0.91,10.28
2006-10-22,4.27,16.42,71.57,89.71,0.8,11.05
2006-10-23,0.0,16.92,68.58,89.64,0.94,10.55
2006-10-24,0.0,18.08,63.85,89.66,1.15,10.54
2006-10-25,0.0,19.09,58.22,89.77,1.15,10.24
2006-10-26,0.0,18.83,51.81,89.75,1.23,8.05
2006-10-27,0.0,18.51,51.72,89.77,1.29,7.74
2006-10-28,0.0,17.92,54.16,89.67,1.34,7.92
2006-10-29,0.0,18.36,54.32,89.58,1.27,8.41
2006-10-30,0.0,18.14,53.6,89.53,1.17,7.92
2006-10-31,0.0,18.42,51.5,89.63,1.23,7.81
2006-11-01,0.0,18.79,50.02,89.6,1.21,7.49
2006-11-02,0.04,18.6,51.53,89.6,1.25,7.8
2006-11-03,0.05,18.7,54.95,89.56,0.98,8.94
2006-11-04,0.03,18.57,52.13,89.52,1.25,8.06
2006-11-05,0.0,18.06,52.78,89.44,1.37,7.71
2006-11-06,0.0,17.89,54.16,89.43,1.25,7.95
2006-11-07,0.0,17.91,55.31,89.46,1.05,8.39
2006-11-08,0.0,17.71,58.21,89.63,1.1,8.95
2006-11-09,0.0,17.09,61.42,89.83,1.16,9.18
2006-11-10,0.0,17.32,60.7,89.85,1.25,9.21
2006-11-11,0.0,17.13,62.9,89.77,1.39,9.62
2006-11-12,0.0,16.9,61.08,89.69,1.07,8.91
2006-11-13,0.0,17.07,58.0,89.57,1.06,8.29
2006-11-14,0.0,16.96,47.23,89.53,1.29,4.47
2006-11-15,0.0,16.97,44.93,89.63,1.21,4.39
2006-11-16,0.0,16.19,46.72,89.55,1.36,4.2
2006-11-17,0.0,16.4,43.98,89.42,1.27,3.34
2006-11-18,0.02,15.93,51.45,89.49,1.55,5.35
2006-11-19,0.0,15.45,58.87,89.32,1.74,6.78
2006-11-20,0.0,15.17,49.19,89.14,1.72,3.44
2006-11-21,0.0,14.75,43.77,89.16,1.36,1.63
2006-11-22,0.35,14.62,50.92,89.22,1.57,3.88
2006-11-23,0.99,14.33,59.4,89.22,1.46,5.76
2006-11-24,0.0,13.75,47.27,89.26,1.32,1.84
2006-11-25,0.0,13.35,41.08,89.3,1.29,-0.77
2006-11-26,0.0,12.74,37.86,89.2,1.41,-2.42
2006-11-27,0.0,12.35,34.98,89.29,1.34,-3.58
2006-11-28,0.0,12.23,36.44,89.44,1.36,-3.12
2006-11-29,0.0,12.83,33.78,89.59,1.38,-3.85
2006-11-30,0.0,13.19,29.39,89.53,1.47,-5.54
2006-12-01,0.0,12.2,31.25,89.52,1.5,-5.55
2006-12-02,0.0,12.9,28.44,89.43,1.34,-5.89
2006-12-03,0.0,15.07,26.02,89.55,1.18,-5.26
2006-12-04,0.1,15.15,33.84,89.67,0.9,-1.26
2006-12-05,8.68,14.06,70.32,89.81,1.08,8.52
2006-12-06,0.04,15.16,69.99,89.65,1.13,9.05
2006-12-07,0.14,13.5,65.92,89.69,1.22,6.42
2006-12-08,0.0,12.91,54.64,89.7,1.26,2.98
2006-12-09,0.0,12.83,42.27,89.68,1.28,-0.69
2006-12-10,0.26,12.9,43.07,89.59,1.28,-0.17
2006-12-11,1.79,9.21,77.67,89.44,1.28,5.38
2006-12-12,0.0,10.03,57.19,89.5,1.28,0.38
2006-12-13,2.66,11.6,38.46,89.54,1.39,-3.33
2006-12-14,0.0,12.5,36.55,89.64,1.46,-3.05
2006-12-15,0.0,13.87,31.86,89.46,1.44,-3.97
2006-12-16,0.0,14.72,30.96,89.76,1.18,-2.96
2006-12-17,0.0,14.26,34.56,89.66,1.2,-1.84
2006-12-18,0.0,12.79,36.87,89.47,1.14,-2.27
2006-12-19,0.0,12.13,43.13,89.68,1.27,-0.68
2006-12-20,0.0,12.2,55.38,89.9,1.39,3.04
2006-12-21,0.0,12.41,68.83,89.87,1.59,6.42
2006-12-22,0.0,13.59,54.47,89.62,1.16,3.43
2006-12-23,0.0,13.78,39.41,89.63,1.18,-0.67
2006-12-24,0.0,13.43,34.58,89.61,1.26,-2.89
2006-12-25,0.04,13.86,27.13,89.48,1.42,-5.95
2006-12-26,0.5,13.47,31.13,89.37,1.29,-4.19
2006-12-27,0.0,11.94,49.88,89.36,1.38,1.16
2006-12-28,0.0,11.6,48.57,89.39,1.27,0.1
2006-12-29,0.0,11.05,43.19,89.6,1.21,-1.76
2006-12-30,0.0,10.33,40.49,89.52,1.21,-3.28
2006-12-31,0.0,10.02,41.63,89.53,1.16,-3.23
2007-01-01,0.0,9.87,44.21,89.57,1.27,-2.45
2007-01-02,0.0,9.76,34.81,89.53,1.54,-6.29
2007-01-03,0.0,10.69,29.67,89.46,1.5,-7.77
2007-01-04,0.0,12.02,25.83,89.42,1.35,-8.34
2007-01-05,0.0,10.53,27.74,89.56,1.3,-8.27
2007-01-06,0.0,10.2,29.4,89.73,1.25,-7.33
2007-01-07,0.0,9.86,35.57,89.58,1.3,-5.24
2007-01-08,0.0,10.68,34.06,89.6,1.28,-5.2
2007-01-09,0.0,12.26,31.22,89.73,1.12,-4.85
2007-01-10,0.0,10.57,34.57,89.73,1.36,-5.19
2007-01-11,0.0,10.47,33.35,89.54,1.37,-5.7
2007-01-12,0.0,9.74,36.94,89.62,1.44,-4.86
2007-01-13,0.0,8.87,36.94,89.48,1.53,-6.02
2007-01-14,0.0,10.19,28.23,89.35,1.44,-8.73
2007-01-15,0.0,10.59,34.22,89.37,1.55,-5.17
2007-01-16,0.0,10.42,37.16,89.4,1.54,-4.43
2007-01-17,0.0,10.01,34.52,89.61,1.45,-5.8
2007-01-18,0.0,11.07,33.28,89.63,1.57,-5.58
2007-01-19,0.0,10.83,46.04,89.57,1.84,-1.09
2007-01-20,0.0,10.23,40.66,89.4,1.58,-3.93
2007-01-21,0.0,11.12,33.19,89.47,1.58,-5.8
2007-01-22,0.0,11.39,28.95,89.53,1.53,-7.49
2007-01-23,0.0,11.42,27.61,89.76,1.37,-7.56
2007-01-24,0.0,12.34,26.73,89.78,1.34,-7.2
2007-01-25,0.0,15.58,27.74,89.61,1.6,-3.86
2007-01-26,0.0,17.24,28.91,89.62,1.54,-2.17
2007-01-27,0.0,16.34,31.87,89.74,1.6,-1.55
2007-01-28,0.01,16.26,33.15,89.88,1.53,-1.07
2007-01-29,0.02,16.9,33.8,89.72,1.75,-0.4
2007-01-30,0.69,16.36,43.11,89.71,1.58,2.97
2007-01-31,0.0,14.98,44.88,89.61,1.71,2.06
2007-02-01,0.0,14.8,38.35,89.54,1.46,-0.05
2007-02-02,0.0,14.59,38.66,89.64,1.24,-0.06
2007-02-03,0.0,13.74,41.98,89.62,1.09,0.43
2007-02-04,0.0,13.85,42.84,89.28,1.79,0.66
2007-02-05,0.01,14.39,43.35,89.16,1.42,1.27
2007-02-06,1.36,14.58,48.65,89.28,1.27,3.35
2007-02-07,7.93,12.61,69.75,89.39,1.06,6.93
2007-02-08,0.0,13.25,64.28,89.59,1.12,5.73
2007-02-09,0.01,13.0,59.65,89.71,1.22,5.0
2007-02-10,18.88,10.5,72.64,89.58,2.58,5.64
2007-02-11,26.42,8.34,81.33,89.41,2.97,5.27
2007-02-12,4.78,11.15,73.91,89.31,1.38,6.41
2007-02-13,10.35,9.71,79.36,88.97,1.48,5.9
2007-02-14,17.43,7.54,79.17,89.19,1.17,3.85
2007-02-15,0.01,8.09,67.72,89.26,1.07,2.1
2007-02-16,0.0,10.24,57.57,89.21,1.27,1.77
2007-02-17,0.0,10.28,54.59,89.35,1.34,0.72
2007-02-18,0.0,10.85,49.75,89.49,1.45,-0.26
2007-02-19,0.19,11.56,49.98,89.55,1.84,0.61
2007-02-20,0.0,12.54,40.75,89.48,1.86,-2.05
2007-02-21,0.0,14.13,39.99,89.43,1.92,-0.61
2007-02-22,0.0,14.93,47.14,89.37,2.01,2.79
2007-02-23,0.0,15.06,44.46,89.22,1.64,1.62
2007-02-24,0.0,15.23,38.63,89.28,1.33,-0.36
2007-02-25,0.16,13.37,59.54,89.22,1.34,5.18
2007-02-26,0.41,13.59,65.68,89.11,1.41,6.52
2007-02-27,0.38,14.84,54.76,89.22,1.56,4.87
2007-02-28,13.54,12.16,76.64,89.19,2.22,7.98
2007-03-01,6.47,11.03,78.05,89.02,1.23,6.88
2007-03-02,0.14,11.46,63.95,89.13,1.82,3.58
2007-03-03,0.0,13.12,43.48,89.3,1.84,-0.6
2007-03-04,0.0,14.54,42.8,89.4,1.75,0.77
2007-03-05,0.0,14.57,41.19,89.38,1.86,-0.13
2007-03-06,0.0,14.04,40.56,89.18,1.86,-0.48
2007-03-07,0.0,14.34,37.62,89.01,1.8,-1.63
2007-03-08,0.0,15.87,34.73,89.07,1.47,-0.72
2007-03-09,0.03,14.3,40.38,89.28,1.24,0.29
2007-03-10,1.79,14.93,44.34,89.43,1.39,2.19
2007-03-11,0.4,16.04,46.25,89.41,1.48,3.46
2007-03-12,19.85,11.9,71.82,89.48,2.97,6.77
2007-03-13,15.1,12.91,85.86,89.36,3.56,10.52
2007-03-14,4.18,13.18,68.35,89.3,1.48,6.76
2007-03-15,0.0,11.85,49.32,89.24,1.97,0.22
2007-03-16,0.0,14.13,40.32,89.06,2.02,-0.88
2007-03-17,0.0,17.35,43.89,89.13,1.69,3.99
2007-03-18,0.0,19.12,48.77,89.09,1.81,7.02
2007-03-19,0.04,20.15,48.72,89.24,1.81,8.03
2007-03-20,1.75,19.86,54.6,89.47,1.83,9.89
2007-03-21,5.44,18.21,66.46,89.42,1.22,11.44
2007-03-22,0.91,18.92,57.67,89.46,1.49,9.16
2007-03-23,0.0,19.39,47.5,89.38,1.48,6.75
2007-03-24,0.0,18.96,46.52,89.3,1.54,6.15
2007-03-25,0.0,17.96,42.74,89.05,1.76,3.5
2007-03-26,0.0,19.28,39.37,89.0,1.88,3.88
2007-03-27,0.0,21.18,38.25,89.19,1.7,5.0
2007-03-28,0.0,22.11,39.17,89.34,1.57,6.45
2007-03-29,0.0,22.39,40.22,89.32,1.44,7.26
2007-03-30,0.0,23.18,41.16,89.31,1.7,8.27
2007-03-31,0.0,23.34,40.19,89.38,1.95,7.49
2007-04-01,0.0,23.24,37.03,89.3,2.03,5.83
2007-04-02,0.0,22.57,36.35,89.09,1.84,4.86
2007-04-03,0.0,22.05,34.2,88.92,2.16,3.65
2007-04-04,0.0,23.05,30.19,88.99,1.74,2.49
2007-04-05,0.0,23.24,32.68,89.13,1.66,4.39
2007-04-06,0.0,23.27,33.86,89.17,1.71,4.77
2007-04-07,0.15,22.52,38.9,89.13,1.91,6.54
2007-04-08,0.0,22.57,38.46,89.07,1.94,5.77
2007-04-09,0.0,22.36,33.08,89.02,1.81,3.39
2007-04-10,0.0,23.31,32.07,88.95,1.87,4.53
2007-04-11,0.0,24.15,32.23,88.87,1.9,5.1
2007-04-12,0.0,25.41,30.41,88.91,1.78,5.32
2007-04-13,0.0,25.56,29.7,89.1,1.68,5.35
2007-04-14,0.0,25.2,34.96,89.21,1.74,7.6
2007-04-15,0.0,25.77,37.56,89.24,1.56,9.3
2007-04-16,0.24,26.06,37.14,89.12,1.77,9.25
2007-04-17,0.92,26.57,39.01,89.03,1.47,10.27
2007-04-18,4.41,24.93,48.88,89.29,1.49,12.46
2007-04-19,0.56,24.64,46.56,89.23,1.51,11.58
2007-04-20,0.0,25.07,43.77,89.08,2.03,10.95
2007-04-21,0.02,25.02,33.55,88.87,2.03,6.22
2007-04-22,0.0,25.05,31.26,88.82,2.21,5.77
2007-04-23,0.0,25.74,27.53,88.7,2.89,3.8
2007-04-24,0.0,25.58,25.88,88.76,2.58,2.92
2007-04-25,0.03,25.48,25.01,88.85,2.37,2.47
2007-04-26,0.02,26.34,24.56,88.97,1.91,2.85
2007-04-27,0.0,27.59,26.47,89.03,1.74,5.51
2007-04-28,0.0,27.78,26.1,89.1,1.69,5.42
2007-04-29,0.0,27.28,26.13,89.11,1.62,4.83
2007-04-30,0.0,28.12,25.19,89.18,1.6,5.24
2007-05-01,1.03,27.56,31.4,89.27,1.69,8.26
2007-05-02,0.38,26.94,36.56,89.13,1.41,9.99
2007-05-03,0.69,27.36,38.1,88.91,1.28,11.13
2007-05-04,5.97,25.55,48.75,89.0,1.25,13.49
2007-05-05,0.27,26.62,44.03,89.0,1.38,12.14
2007-05-06,0.07,27.46,37.43,88.84,1.55,10.3
2007-05-07,0.8,26.73,42.99,88.78,1.59,11.98
2007-05-08,2.08,26.3,50.06,88.78,1.42,14.47
2007-05-09,6.92,26.91,50.66,88.77,1.66,14.96
2007-05-10,3.84,26.8,47.15,88.78,1.87,13.61
2007-05-11,9.93,26.9,40.65,88.6,1.72,11.16
2007-05-12,0.23,25.86,38.47,88.82,1.68,9.69
2007-05-13,0.34,25.17,48.1,88.83,1.44,12.84
2007-05-14,0.0,26.38,48.79,88.62,1.37,14.0
2007-05-15,0.03,27.7,46.25,88.45,1.69,14.45
2007-05-16,6.69,26.97,53.94,88.75,1.62,16.34
2007-05-17,6.28,25.92,59.65,88.81,1.61,16.69
2007-05-18,4.85,26.98,53.31,88.74,1.31,15.95
2007-05-19,1.58,27.49,52.02,88.72,1.6,15.75
2007-05-20,0.02,28.6,36.98,88.55,2.71,10.79
2007-05-21,0.0,27.3,31.53,88.38,2.6,6.49
2007-05-22,0.0,27.71,30.74,88.47,2.17,7.72
2007-05-23,0.0,27.61,31.31,88.6,2.1,7.44
2007-05-24,0.0,27.58,27.31,88.57,2.23,4.69
2007-05-25,0.0,28.2,25.46,88.65,1.8,5.2
2007-05-26,1.68,25.36,39.03,88.91,2.12,9.81
2007-05-27,0.14,25.55,39.04,88.96,1.82,9.97
2007-05-28,0.0,26.54,33.4,88.93,2.14,7.08
2007-05-29,0.0,27.05,29.44,88.91,2.12,6.51
2007-05-30,0.0,27.24,28.06,88.88,2.18,5.5
2007-05-31,0.0,28.23,28.83,88.88,2.11,6.9
2007-06-01,0.0,29.17,26.8,88.67,2.28,6.94
2007-06-02,0.0,30.12,24.58,88.54,2.34,6.51
2007-06-03,0.0,31.18,22.86,88.59,2.39,6.32
2007-06-04,0.0,30.44,24.62,88.77,2.31,7.06
2007-06-05,0.0,30.01,25.17,88.55,2.42,7.05
2007-06-06,0.0,30.53,23.95,88.47,2.16,6.44
2007-06-07,0.0,31.71,19.92,88.33,2.24,4.16
2007-06-08,0.0,32.45,21.39,88.32,2.21,7.13
2007-06-09,0.03,32.5,22.59,88.23,1.87,7.44
2007-06-10,0.16,32.59,26.7,88.1,1.92,10.16
2007-06-11,1.47,31.56,37.47,88.2,2.14,15.02
2007-06-12,2.35,30.82,45.89,88.25,1.82,17.21
2007-06-13,16.35,28.83,62.96,88.34,1.28,20.67
2007-06-14,2.37,28.62,62.94,88.26,1.8,20.13
2007-06-15,11.39,27.24,68.35,88.22,1.77,20.28
2007-06-16,18.69,26.55,67.96,88.23,1.82,19.56
2007-06-17,4.6,26.26,62.61,88.27,1.52,18.14
2007-06-18,2.67,26.63,61.32,88.3,1.91,17.87
2007-06-19,0.0,27.47,57.49,88.34,1.52,17.71
2007-06-20,0.9,26.93,57.22,88.47,1.31,17.23
2007-06-21,15.34,26.45,64.45,88.59,1.57,18.64
2007-06-22,3.18,27.31,62.06,88.67,1.66,18.78
2007-06-23,0.39,26.68,64.54,88.87,2.24,19.07
2007-06-24,0.74,27.53,59.16,88.85,2.01,18.02
2007-06-25,17.68,26.05,71.7,88.65,1.46,20.27
2007-06-26,2.27,27.42,63.79,88.39,1.52,19.31
2007-06-27,10.76,26.95,71.11,88.15,2.14,20.9
2007-06-28,13.91,24.49,82.68,88.35,1.36,21.21
2007-06-29,1.61,26.63,69.86,88.51,1.64,20.31
2007-06-30,11.25,27.39,68.64,88.41,1.55,20.55
2007-07-01,28.26,25.67,78.9,88.24,1.83,21.41
2007-07-02,8.23,26.12,74.74,88.2,2.13,20.87
2007-07-03,49.64,25.33,81.74,88.24,1.64,21.75
2007-07-04,31.06,24.49,84.88,88.15,1.33,21.64
2007-07-05,12.81,25.51,79.75,88.06,1.35,21.5
2007-07-06,3.23,26.46,75.44,88.09,1.24,21.4
2007-07-07,18.11,25.68,79.44,88.22,1.3,21.59
2007-07-08,6.97,25.09,80.71,88.34,1.76,21.39
2007-07-09,1.78,25.58,77.28,88.28,1.28,20.99
2007-07-10,0.87,25.92,75.28,88.22,1.4,20.89
2007-07-11,10.18,25.92,76.24,88.34,1.37,21.08
2007-07-12,17.79,25.54,82.3,88.21,1.41,22.11
2007-07-13,20.79,25.56,84.31,88.05,2.05,22.54
2007-07-14,2.86,24.87,76.19,88.14,1.22,20.12
2007-07-15,3.41,25.11,71.71,88.22,1.2,19.28
2007-07-16,0.81,26.07,71.3,88.32,1.01,20.13
2007-07-17,0.28,25.95,70.66,88.34,1.52,19.88
2007-07-18,1.36,26.03,68.53,88.31,1.73,19.43
2007-07-19,2.32,26.4,69.16,88.33,1.52,19.89
2007-07-20,0.19,26.17,71.37,88.23,1.91,20.27
2007-07-21,19.4,25.04,80.6,88.19,2.08,21.25
2007-07-22,13.05,23.93,84.35,88.39,1.4,20.99
2007-07-23,18.88,23.28,87.99,88.62,1.83,21.07
2007-07-24,17.94,22.52,91.24,88.68,1.67,20.95
2007-07-25,18.55,22.87,92.45,88.52,2.1,21.51
2007-07-26,55.81,23.65,90.81,88.38,1.49,21.97
2007-07-27,30.58,23.72,91.64,88.3,2.34,22.18
2007-07-28,27.91,23.5,91.29,88.42,1.48,21.9
2007-07-29,12.22,23.63,89.61,88.52,1.5,21.75
2007-07-30,48.84,23.59,89.87,88.65,1.83,21.75
2007-07-31,62.72,23.09,94.01,88.56,2.08,22.02
2007-08-01,53.01,22.94,94.63,88.37,1.92,22.01
2007-08-02,51.22,22.83,94.01,88.46,1.79,21.77
2007-08-03,25.78,23.08,87.25,88.59,1.32,20.71
2007-08-04,2.43,23.86,86.76,88.33,1.37,21.38
2007-08-05,3.71,24.71,86.39,88.25,1.2,22.14
2007-08-06,0.78,25.32,85.39,88.43,1.06,22.53
2007-08-07,0.73,25.41,82.6,88.45,1.22,22.07
2007-08-08,16.96,24.91,84.91,88.33,1.23,21.99
2007-08-09,9.7,24.34,87.9,88.34,1.42,22.09
2007-08-10,10.27,25.14,86.11,88.33,1.01,22.5
2007-08-11,9.11,25.04,89.09,88.21,1.4,23.03
2007-08-12,27.58,24.43,92.46,88.03,1.82,23.07
2007-08-13,27.38,23.05,95.77,88.13,2.14,22.31
2007-08-14,17.8,21.69,93.54,88.24,1.59,20.57
2007-08-15,2.57,23.8,87.15,88.24,1.44,21.37
2007-08-16,3.87,24.26,87.57,88.25,1.46,21.88
2007-08-17,14.06,24.07,87.08,88.28,1.76,21.65
2007-08-18,6.75,24.19,80.33,88.47,1.12,20.35
2007-08-19,10.43,23.13,88.16,88.71,1.19,20.92
2007-08-20,1.2,23.41,82.01,88.89,1.05,19.95
2007-08-21,0.06,24.08,82.29,88.8,0.86,20.7
2007-08-22,8.23,23.98,85.41,88.76,1.26,21.2
2007-08-23,3.0,23.83,89.29,88.67,1.54,21.85
2007-08-24,6.53,23.47,90.51,88.77,1.58,21.73
2007-08-25,6.57,23.32,92.74,88.79,1.46,21.99
2007-08-26,9.32,23.69,89.92,88.64,1.46,21.82
2007-08-27,26.21,22.98,90.48,88.72,0.94,21.23
2007-08-28,7.42,22.81,90.43,88.81,1.58,21.05
2007-08-29,0.71,23.38,87.73,88.75,1.02,21.09
2007-08-30,6.07,23.35,89.1,88.66,0.94,21.34
2007-08-31,11.63,23.44,88.11,88.58,1.0,21.2
2007-09-01,7.2,23.42,89.9,88.54,1.17,21.54
2007-09-02,9.25,23.29,89.66,88.63,1.26,21.36
2007-09-03,72.46,23.76,87.49,88.6,1.11,21.42
2007-09-04,28.55,23.68,90.82,88.33,1.44,22.01
2007-09-05,19.37,23.9,86.46,88.22,1.25,21.36
2007-09-06,0.67,23.03,90.47,88.3,1.09,21.25
2007-09-07,0.3,23.01,87.48,88.42,1.07,20.64
2007-09-08,0.01,22.78,85.33,88.59,1.27,19.96
2007-09-09,0.0,22.91,83.88,88.68,1.38,19.8
2007-09-10,2.41,22.75,83.32,88.74,1.4,19.6
2007-09-11,4.67,22.65,82.78,88.73,1.3,19.38
2007-09-12,0.0,22.41,82.6,88.64,1.49,19.06
2007-09-13,0.75,22.47,80.16,88.72,1.25,18.63
2007-09-14,1.06,22.32,81.35,88.83,1.14,18.75
2007-09-15,0.0,22.3,80.6,88.74,1.09,18.48
2007-09-16,0.0,22.68,82.0,88.74,1.08,19.27
2007-09-17,0.0,23.31,82.61,88.88,1.15,20.0
2007-09-18,0.03,23.45,86.25,88.8,1.15,20.89
2007-09-19,3.97,22.76,88.25,88.76,0.86,20.57
2007-09-20,2.12,23.56,81.58,88.83,0.92,19.94
2007-09-21,2.93,23.65,82.02,88.95,1.03,20.22
2007-09-22,0.0,22.82,77.59,88.92,1.2,18.27
2007-09-23,0.0,22.41,69.42,88.87,1.07,15.82
2007-09-24,0.68,21.59,76.46,88.72,1.27,17.07
2007-09-25,9.49,21.31,80.01,88.76,0.88,17.33
2007-09-26,15.43,20.24,87.6,88.85,0.89,18.01
2007-09-27,7.13,20.17,93.1,88.82,1.65,18.93
2007-09-28,6.64,21.04,89.2,88.83,1.1,19.04
2007-09-29,13.11,20.41,89.25,89.06,0.78,18.48
2007-09-30,0.0,21.11,77.83,89.16,0.96,16.8
2007-10-01,0.0,21.52,64.31,88.92,1.18,14.02
2007-10-02,0.0,21.41,55.91,88.89,1.09,11.87
2007-10-03,0.0,21.09,58.95,88.96,1.04,12.29
2007-10-04,0.0,21.27,63.11,89.01,1.18,13.49
2007-10-05,0.0,21.23,69.4,88.95,1.11,15.03
2007-10-06,0.0,20.13,63.06,88.81,1.27,12.42
2007-10-07,0.0,20.35,62.85,88.6,1.31,12.69
2007-10-08,0.0,20.76,58.98,88.72,1.18,11.95
2007-10-09,0.0,20.24,52.15,88.86,1.16,9.4
2007-10-10,0.0,20.28,51.82,88.96,1.14,9.58
2007-10-11,0.0,20.06,58.79,89.22,1.12,11.34
2007-10-12,0.0,19.4,62.48,89.35,1.22,11.66
2007-10-13,0.0,19.18,52.84,89.38,1.13,8.76
2007-10-14,0.0,19.55,59.81,89.43,1.13,11.2
2007-10-15,1.76,20.13,64.82,89.45,1.03,12.95
2007-10-16,1.45,18.35,82.45,89.36,1.27,15.1
2007-10-17,0.56,17.91,75.8,89.38,1.11,13.31
2007-10-18,0.0,17.73,70.41,89.45,1.09,11.88
2007-10-19,0.0,17.82,68.53,89.51,1.09,11.61
2007-10-20,0.0,17.59,64.48,89.3,1.19,10.39
2007-10-21,0.0,18.34,56.47,89.28,1.33,9.02
2007-10-22,0.0,17.47,55.72,89.38,1.34,7.91
2007-10-23,0.0,17.38,52.22,89.39,1.08,6.97
2007-10-24,0.0,16.75,58.85,89.56,1.12,8.3
2007-10-25,0.0,17.37,60.01,89.53,1.13,9.13
2007-10-26,0.0,18.54,53.31,89.44,1.08,8.31
2007-10-27,0.0,18.35,52.16,89.35,1.15,7.71
2007-10-28,0.0,18.22,50.84,89.13,1.22,7.27
2007-10-29,0.0,18.25,52.09,89.2,1.03,7.53
2007-10-30,0.0,17.63,61.38,89.42,1.1,9.38
2007-10-31,0.0,17.67,59.96,89.45,1.16,9.11
2007-11-01,0.0,17.14,57.62,89.43,1.13,8.12
2007-11-02,0.0,16.42,61.96,89.19,1.09,8.65
2007-11-03,0.0,15.61,60.66,89.24,1.07,7.46
2007-11-04,0.0,16.57,57.04,89.45,1.12,7.43
2007-11-05,0.0,16.75,53.85,89.3,1.12,6.67
2007-11-06,0.0,16.38,59.3,89.25,1.1,7.95
2007-11-07,0.0,16.33,64.69,89.35,1.17,9.32
2007-11-08,0.21,16.09,67.17,89.35,1.19,9.6
2007-11-09,0.01,15.65,66.8,89.33,1.22,8.98
2007-11-10,0.0,15.25,66.6,89.33,1.25,8.64
2007-11-11,0.0,15.03,63.2,89.43,1.43,7.45
2007-11-12,0.0,14.77,53.94,89.37,1.35,4.63
2007-11-13,0.0,14.45,53.8,89.29,1.42,4.45
2007-11-14,0.0,14.4,55.77,89.33,1.32,5.03
2007-11-15,0.0,15.25,50.98,89.49,1.28,4.29
2007-11-16,0.0,15.58,45.12,89.55,1.28,2.83
2007-11-17,0.0,16.0,41.37,89.46,1.23,2.07
2007-11-18,0.0,15.33,46.06,89.53,1.15,3.11
2007-11-19,0.0,15.05,50.28,89.78,1.16,4.16
2007-11-20,0.0,14.3,45.23,89.69,1.27,1.5
2007-11-21,0.0,14.18,41.51,89.53,1.23,0.6
2007-11-22,0.0,14.25,43.38,89.63,1.19,1.11
2007-11-23,0.0,14.22,42.06,89.58,1.2,0.73
2007-11-24,0.0,14.29,44.7,89.5,1.2,1.54
2007-11-25,0.0,14.17,45.88,89.53,1.13,1.97
2007-11-26,0.0,13.17,52.04,89.65,0.99,3.03
2007-11-27,0.0,13.05,55.42,89.49,1.1,3.82
2007-11-28,0.0,12.76,48.6,89.33,1.07,1.4
2007-11-29,0.0,13.28,41.49,89.47,1.16,-0.33
2007-11-30,0.0,12.47,48.85,89.7,1.27,1.19
2007-12-01,0.0,12.25,50.81,89.63,1.31,1.67
2007-12-02,0.0,13.32,48.01,89.66,1.13,1.99
2007-12-03,0.0,12.29,52.16,89.67,1.03,2.22
2007-12-04,0.0,11.03,49.18,89.68,1.29,-0.23
2007-12-05,0.0,13.16,40.45,89.9,1.23,-0.77
2007-12-06,0.0,12.18,46.4,89.92,1.14,0.35
2007-12-07,0.0,12.16,42.33,89.64,0.92,-0.7
2007-12-08,0.0,11.5,44.83,89.43,1.38,-0.73
2007-12-09,0.0,10.3,48.79,89.38,1.0,-0.4
2007-12-10,0.31,10.91,52.68,89.39,0.96,1.16
2007-12-11,1.07,8.64,73.66,89.47,1.61,4.02
2007-12-12,0.82,10.6,66.45,89.42,1.65,3.99
2007-12-13,0.56,10.97,72.94,89.46,1.43,5.8
2007-12-14,0.01,10.92,65.52,89.42,1.24,4.04
2007-12-15,0.0,10.61,50.0,89.41,1.29,-0.61
2007-12-16,0.0,10.39,40.71,89.61,1.37,-3.31
2007-12-17,0.0,10.18,34.34,89.6,1.36,-5.94
2007-12-18,0.0,12.27,30.33,89.58,1.26,-5.4
2007-12-19,0.0,12.72,33.44,89.62,1.1,-3.68
2007-12-20,0.0,12.49,34.96,89.51,1.44,-3.74
2007-12-21,0.0,13.12,39.89,89.5,1.91,-1.48
2007-12-22,0.0,13.07,37.76,89.19,2.01,-2.72
2007-12-23,0.0,12.84,33.57,89.31,1.33,-3.63
2007-12-24,0.0,13.1,35.87,89.25,1.66,-2.8
2007-12-25,0.0,12.28,36.77,89.24,1.51,-3.39
2007-12-26,0.0,12.09,32.21,89.36,1.38,-5.54
2007-12-27,0.0,11.98,30.53,89.42,1.43,-6.26
2007-12-28,0.0,12.62,24.8,89.14,1.59,-8.26
2007-12-29,0.0,12.75,22.51,89.25,1.4,-9.01
2007-12-30,0.0,11.8,24.9,89.41,1.35,-8.72
2007-12-31,0.0,12.31,23.05,89.38,1.27,-9.11
2008-01-01,0.0,12.04,24.36,89.49,1.33,-8.23
2008-01-02,0.0,10.52,29.98,89.62,1.46,-6.84
2008-01-03,0.0,11.11,33.06,89.74,1.39,-5.11
2008-01-04,0.0,11.44,32.63,89.74,1.44,-5.38
2008-01-05,0.0,11.62,30.73,89.72,1.39,-5.94
2008-01-06,0.0,10.8,52.36,89.84,1.32,0.94
2008-01-07,0.0,12.68,51.44,89.82,1.22,2.2
2008-01-08,0.69,14.95,46.01,89.71,1.17,2.69
2008-01-09,1.06,14.84,58.05,89.63,0.68,6.29
2008-01-10,1.38,13.03,63.48,89.5,1.19,5.89
2008-01-11,0.0,11.37,61.53,89.52,1.33,3.46
2008-01-12,0.0,10.99,40.18,89.41,1.37,-3.59
2008-01-13,0.0,11.9,39.61,89.43,1.56,-2.37
2008-01-14,0.0,11.71,35.19,89.42,1.7,-4.43
2008-01-15,0.0,13.28,33.8,89.43,1.56,-3.23
2008-01-16,0.0,15.1,37.28,89.62,1.36,-0.57
2008-01-17,1.0,13.61,60.18,89.6,1.23,5.65
2008-01-18,0.44,12.76,69.7,89.23,1.62,6.98
2008-01-19,0.0,11.48,67.82,89.12,1.28,5.19
2008-01-20,0.0,10.04,55.53,89.25,1.28,0.76
2008-01-21,0.0,8.05,39.56,89.27,1.4,-7.06
2008-01-22,0.0,8.81,28.07,89.17,1.42,-9.55
2008-01-23,0.0,8.55,36.43,89.11,1.41,-5.73
2008-01-24,0.0,7.36,44.06,89.32,1.21,-4.94
2008-01-25,0.0,8.7,36.59,89.17,1.12,-6.25
2008-01-26,0.0,7.62,50.79,89.18,1.25,-2.82
2008-01-27,0.0,7.08,44.16,89.21,1.5,-5.34
2008-01-28,0.0,7.64,36.38,89.15,1.42,-7.19
2008-01-29,0.0,8.1,35.74,88.95,1.49,-6.76
2008-01-30,0.0,6.82,42.93,88.9,1.39,-5.5
2008-01-31,0.0,6.82,40.9,89.08,1.29,-6.06
2008-02-01,0.0,7.97,32.03,89.13,1.36,-8.61
2008-02-02,0.0,8.63,28.52,89.17,1.37,-9.49
2008-02-03,1.35,7.51,59.09,89.23,1.66,-0.68
2008-02-04,0.0,9.65,58.14,89.18,1.64,0.51
2008-02-05,0.09,10.76,54.23,89.29,1.94,1.03
2008-02-06,3.84,11.0,73.59,89.34,1.69,6.24
2008-02-07,2.49,11.29,59.62,89.24,1.48,2.41
2008-02-08,0.09,10.33,55.85,89.31,1.47,1.35
2008-02-09,0.0,9.8,57.31,89.22,1.58,0.79
2008-02-10,0.0,10.05,42.48,89.2,1.45,-3.4
2008-02-11,0.0,9.82,33.49,89.4,1.47,-6.54
2008-02-12,0.0,8.76,29.03,89.42,1.79,-10.09
2008-02-13,0.0,10.35,25.25,89.32,1.58,-10.1
2008-02-14,0.0,11.95,23.61,89.47,1.67,-9.3
2008-02-15,0.0,12.24,31.87,89.53,2.28,-5.2
2008-02-16,0.0,14.46,29.67,89.25,1.88,-5.38
2008-02-17,0.0,15.48,30.25,89.26,1.36,-2.51
2008-02-18,0.0,13.73,35.35,89.26,1.54,-2.05
2008-02-19,0.16,12.69,36.05,89.28,1.41,-2.89
2008-02-20,1.02,12.25,31.74,89.44,1.33,-5.85
2008-02-21,0.1,13.58,30.39,89.66,1.36,-4.49
2008-02-22,0.0,14.94,31.48,89.57,1.38,-2.9
2008-02-23,0.0,15.49,35.94,89.44,1.54,-0.54
2008-02-24,0.0,14.88,40.59,89.37,1.63,0.45
2008-02-25,0.0,13.69,35.74,89.21,1.96,-2.57
2008-02-26,0.0,13.98,31.01,89.15,1.54,-4.42
2008-02-27,0.0,15.16,24.63,89.39,1.56,-6.55
2008-02-28,0.0,16.85,25.46,89.44,1.4,-4.22
2008-02-29,0.0,17.56,28.38,89.27,1.56,-2.04
2008-03-01,0.0,18.71,26.28,89.16,1.68,-1.94
2008-03-02,0.0,18.33,23.37,89.25,1.7,-4.27
2008-03-03,0.0,17.26,29.31,89.3,1.72,-1.9
2008-03-04,0.0,17.44,29.67,89.12,1.87,-1.94
2008-03-05,0.0,17.86,28.94,89.15,1.92,-1.83
2008-03-06,0.0,19.52,25.89,89.42,1.97,-2.03
2008-03-07,0.0,19.54,24.18,89.5,1.77,-2.74
2008-03-08,0.0,19.17,25.04,89.35,1.77,-2.72
2008-03-09,0.0,19.71,26.65,89.39,1.88,-1.24
2008-03-10,0.0,19.1,23.83,89.44,2.1,-4.28
2008-03-11,0.0,19.08,20.91,89.29,2.1,-6.55
2008-03-12,0.0,20.12,25.01,89.28,2.1,-2.11
2008-03-13,0.2,18.07,32.26,89.35,1.1,0.49
2008-03-14,0.76,17.29,37.6,89.35,1.73,1.7
2008-03-15,0.0,18.54,33.06,89.05,1.97,0.84
2008-03-16,0.0,19.84,28.19,89.06,1.95,-0.33
2008-03-17,0.0,20.62,25.04,88.95,2.68,-1.71
2008-03-18,0.0,21.16,22.85,88.88,2.34,-2.58
2008-03-19,0.0,20.81,21.15,88.92,1.66,-3.71
2008-03-20,0.0,20.31,23.61,88.93,1.77,-2.38
2008-03-21,0.0,19.78,18.42,88.93,1.75,-6.34
2008-03-22,0.0,20.98,20.04,88.99,2.25,-4.05
2008-03-23,0.0,20.71,22.79,89.12,2.34,-2.82
2008-03-24,0.0,20.46,15.49,89.12,1.83,-8.19
2008-03-25,0.0,20.55,15.47,89.1,1.79,-7.17
2008-03-26,0.0,20.74,17.35,89.1,1.92,-5.93
2008-03-27,0.0,21.39,21.88,88.88,2.44,-2.46
2008-03-28,0.0,21.06,23.12,88.86,2.36,-2.22
2008-03-29,0.0,21.68,22.09,89.03,1.94,-1.74
2008-03-30,0.0,21.08,23.8,88.99,2.1,-1.31
2008-03-31,0.01,21.27,24.09,88.95,1.86,-1.38
2008-04-01,0.35,19.87,37.09,89.12,1.91,3.92
2008-04-02,1.24,19.79,33.93,89.12,1.8,1.97
2008-04-03,7.79,19.97,40.34,89.17,1.54,5.3
2008-04-04,6.99,18.14,55.22,89.1,1.32,8.71
2008-04-05,14.21,16.21,68.44,89.46,1.37,9.98
2008-04-06,5.58,18.02,57.12,89.62,1.29,8.7
2008-04-07,0.01,18.19,40.96,89.42,1.64,3.3
2008-04-08,0.0,20.3,38.57,89.16,2.12,4.01
2008-04-09,0.0,21.62,36.17,89.1,2.26,4.34
2008-04-10,0.0,22.72,34.84,88.98,2.05,4.48
2008-04-11,0.01,24.05,39.34,88.77,2.42,8.24
2008-04-12,0.19,23.67,43.19,88.93,2.12,9.16
2008-04-13,0.09,23.32,41.95,88.87,1.94,8.55
2008-04-14,0.0,23.86,35.29,88.84,1.8,5.69
2008-04-15,0.04,24.46,34.27,88.95,1.07,6.64
2008-04-16,0.06,24.64,35.64,88.99,2.27,7.11
2008-04-17,0.55,23.26,34.33,88.97,1.84,5.15
2008-04-18,0.0,23.26,29.08,88.87,1.92,2.32
2008-04-19,0.0,23.28,24.62,88.91,1.99,-0.72
2008-04-20,0.0,23.94,22.92,88.9,2.23,-0.9
2008-04-21,0.0,24.9,23.56,88.81,2.03,0.97
2008-04-22,0.0,26.01,22.34,88.97,2.11,0.9
2008-04-23,0.0,26.71,20.87,89.11,2.04,0.78
2008-04-24,0.0,26.7,21.82,89.1,1.87,1.72
2008-04-25,0.0,26.95,21.53,89.11,1.87,1.69
2008-04-26,0.0,26.48,18.24,89.0,2.3,-1.09
2008-04-27,0.0,26.3,17.43,88.62,2.19,-1.57
2008-04-28,0.0,26.27,17.18,88.53,1.87,-1.91
2008-04-29,0.0,26.96,14.79,88.65,2.22,-3.97
2008-04-30,0.0,27.79,13.92,88.8,2.41,-3.64
2008-05-01,0.0,28.48,13.58,88.61,2.32,-3.18
2008-05-02,0.0,28.43,14.38,88.34,2.11,-2.12
2008-05-03,0.0,28.88,16.44,88.28,2.36,-0.01
2008-05-04,0.03,29.65,15.82,88.52,1.96,-0.08
2008-05-05,2.26,27.08,29.88,88.7,2.26,7.53
2008-05-06,0.0,26.81,24.65,88.63,1.85,3.84
2008-05-07,0.0,26.13,21.16,88.79,1.61,1.5
2008-05-08,0.04,26.87,19.33,88.82,2.34,0.6
2008-05-09,0.05,26.71,25.01,88.75,2.16,3.99
2008-05-10,0.02,26.49,31.59,88.77,1.84,7.39
2008-05-11,0.0,27.19,28.35,88.77,1.97,6.6
2008-05-12,0.07,28.09,28.25,88.74,1.65,7.4
2008-05-13,0.19,28.05,30.1,88.84,1.66,8.57
2008-05-14,0.06,27.83,27.58,88.76,2.13,6.57
2008-05-15,1.02,27.62,29.49,88.68,2.25,7.31
2008-05-16,0.33,28.66,28.8,88.63,2.11,7.98
2008-05-17,1.5,28.32,29.49,88.42,1.81,8.12
2008-05-18,1.17,28.21,30.44,88.28,1.91,8.53
2008-05-19,2.9,23.67,51.06,88.69,1.55,12.78
2008-05-20,6.7,24.32,57.85,88.61,1.56,15.14
2008-05-21,8.09,22.36,65.39,88.56,0.92,15.08
2008-05-22,4.26,22.9,63.3,88.68,1.31,15.03
2008-05-23,4.47,22.79,67.31,88.78,1.23,16.07
2008-05-24,1.77,24.53,63.26,88.7,1.74,16.37
2008-05-25,2.02,24.47,60.54,88.71,1.5,15.89
2008-05-26,0.55,25.47,46.81,88.79,1.97,11.91
2008-05-27,11.01,25.45,44.73,88.72,2.05,11.08
2008-05-28,0.01,26.11,37.56,88.54,2.22,8.8
2008-05-29,0.0,26.66,34.94,88.57,1.99,8.5
2008-05-30,0.0,26.66,35.11,88.63,1.75,8.75
2008-05-31,2.27,28.1,38.11,88.55,1.72,11.28
2008-06-01,5.78,26.68,50.52,88.65,1.44,14.54
2008-06-02,1.6,27.36,48.87,88.7,1.54,14.93
2008-06-03,0.36,27.17,54.57,88.82,1.37,16.53
2008-06-04,2.73,26.21,62.39,88.8,1.17,18.0
2008-06-05,1.18,25.56,59.92,88.49,1.62,16.91
2008-06-06,14.73,25.25,68.53,88.26,1.55,18.74
2008-06-07,25.23,22.65,86.94,88.43,1.76,20.29
2008-06-08,59.65,23.09,79.85,88.53,1.54,19.2
2008-06-09,7.49,23.47,83.48,88.63,1.6,20.33
2008-06-10,2.42,25.1,74.83,88.64,1.65,19.93
2008-06-11,1.01,25.8,72.73,88.57,1.63,20.18
2008-06-12,20.57,26.01,73.62,88.42,1.28,20.64
2008-06-13,6.5,25.82,75.29,88.19,1.33,20.85
2008-06-14,18.48,24.65,86.37,87.97,1.96,22.12
2008-06-15,30.79,23.78,89.48,88.01,2.17,21.88
2008-06-16,11.29,22.54,89.78,88.12,1.39,20.71
2008-06-17,16.92,23.34,80.33,88.08,0.6,19.52
2008-06-18,7.34,24.66,77.61,88.09,1.58,20.09
2008-06-19,11.84,23.88,84.01,88.25,1.55,20.85
2008-06-20,3.07,23.38,83.27,88.44,1.22,20.28
2008-06-21,0.42,23.9,82.12,88.45,1.83,20.44
2008-06-22,0.29,24.77,72.77,88.43,1.32,19.12
2008-06-23,2.04,25.52,71.89,88.39,1.2,19.76
2008-06-24,3.31,26.29,70.9,88.36,1.23,20.27
2008-06-25,10.73,26.44,73.44,88.47,1.2,21.04
2008-06-26,18.31,26.34,79.79,88.44,1.15,22.37
2008-06-27,10.51,24.94,87.65,88.34,1.25,22.63
2008-06-28,15.63,23.16,87.88,88.4,1.99,20.91
2008-06-29,1.18,23.85,77.92,88.36,1.34,19.48
2008-06-30,0.46,25.04,79.16,88.27,1.4,20.86
2008-07-01,6.46,24.2,78.65,88.44,1.59,19.97
2008-07-02,5.56,24.96,77.92,88.41,1.57,20.45
2008-07-03,15.65,23.74,88.26,88.32,1.77,21.57
2008-07-04,9.91,22.93,91.95,88.32,1.89,21.51
2008-07-05,6.82,24.25,85.96,88.31,1.09,21.64
2008-07-06,13.8,23.96,89.77,88.33,1.42,22.09
2008-07-07,10.19,24.18,84.66,88.3,0.96,21.26
2008-07-08,4.85,25.16,78.94,88.31,1.11,20.86
2008-07-09,0.82,25.02,77.43,88.56,1.45,20.37
2008-07-10,7.74,25.28,78.0,88.55,0.93,20.78
2008-07-11,2.38,24.74,84.73,88.33,1.35,21.79
2008-07-12,21.93,23.44,91.55,88.15,1.38,21.92
2008-07-13,22.43,22.93,90.24,88.28,1.06,21.17
2008-07-14,3.11,23.92,82.83,88.48,1.24,20.61
2008-07-15,37.41,23.73,87.07,88.35,1.39,21.32
2008-07-16,49.01,23.73,89.99,88.23,1.68,21.9
2008-07-17,40.64,23.7,91.44,88.2,1.47,22.17
2008-07-18,64.17,23.78,90.78,88.3,1.22,22.1
2008-07-19,25.77,23.66,90.41,88.38,1.11,21.9
2008-07-20,55.81,23.26,90.37,88.48,1.24,21.5
2008-07-21,12.67,23.11,90.05,88.47,1.23,21.31
2008-07-22,6.26,23.26,92.16,88.32,1.75,21.85
2008-07-23,5.03,24.07,88.34,88.27,1.45,21.87
2008-07-24,1.88,24.08,87.88,88.23,1.68,21.84
2008-07-25,3.15,23.57,89.63,88.22,1.18,21.62
2008-07-26,1.43,23.68,88.19,88.31,1.58,21.48
2008-07-27,14.89,23.62,88.51,88.45,1.53,21.49
2008-07-28,0.33,24.42,83.16,88.44,0.89,21.19
2008-07-29,17.39,24.37,87.27,88.36,1.41,22.03
2008-07-30,32.83,23.22,91.01,88.38,1.18,21.61
2008-07-31,22.5,23.57,85.79,88.52,1.07,20.91
2008-08-01,5.05,24.08,84.95,88.6,1.23,21.24
2008-08-02,18.67,23.85,87.09,88.63,1.01,21.41
2008-08-03,29.41,23.17,91.99,88.61,1.67,21.75
2008-08-04,24.76,23.56,88.08,88.64,1.28,21.38
2008-08-05,9.86,23.64,87.2,88.62,1.04,21.26
2008-08-06,5.93,24.15,87.92,88.29,1.33,21.9
2008-08-07,25.14,23.16,94.58,88.05,1.33,22.21
2008-08-08,16.76,23.51,88.98,88.18,0.93,21.49
2008-08-09,1.08,25.37,81.35,88.17,0.87,21.67
2008-08-10,27.19,24.24,88.46,88.19,1.3,22.12
2008-08-11,17.33,24.24,85.4,88.18,0.76,21.48
2008-08-12,3.43,22.54,88.8,88.3,1.64,20.55
2008-08-13,9.01,22.73,90.43,88.42,1.81,21.01
2008-08-14,34.83,21.72,90.25,88.4,1.48,19.99
2008-08-15,17.55,22.98,88.03,88.21,1.45,20.76
2008-08-16,44.08,22.83,88.53,88.34,1.43,20.74
2008-08-17,30.77,23.09,88.29,88.47,0.8,20.94
2008-08-18,12.67,22.9,91.18,88.47,0.89,21.29
2008-08-19,3.9,23.12,90.68,88.58,1.26,21.4
2008-08-20,3.18,23.05,90.57,88.71,0.95,21.32
2008-08-21,3.89,22.98,87.58,88.72,1.12,20.71
2008-08-22,8.06,23.5,86.5,88.69,1.01,20.99
2008-08-23,0.67,23.75,88.2,88.75,1.1,21.55
2008-08-24,0.01,24.12,86.4,88.8,1.24,21.52
2008-08-25,3.29,24.15,89.28,88.79,1.28,22.18
2008-08-26,23.64,24.17,91.31,88.73,1.43,22.58
2008-08-27,14.61,23.63,91.16,88.61,1.41,22.01
2008-08-28,1.77,22.98,87.85,88.51,1.56,20.72
2008-08-29,0.55,22.78,84.85,88.53,1.44,19.92
2008-08-30,5.46,22.46,86.58,88.7,1.54,19.95
2008-08-31,0.65,22.55,83.7,88.93,1.26,19.35
2008-09-01,3.3,22.5,81.5,88.94,1.3,18.92
2008-09-02,0.26,22.47,82.39,88.88,1.31,19.06
2008-09-03,3.18,22.66,83.95,88.8,1.28,19.58
2008-09-04,4.03,22.63,86.83,88.82,1.5,20.18
2008-09-05,8.0,22.16,85.15,88.76,1.12,19.32
2008-09-06,8.45,22.27,81.27,88.91,0.94,18.62
2008-09-07,0.4,21.86,76.8,89.01,1.06,17.24
2008-09-08,7.25,22.33,77.86,88.95,1.34,17.98
2008-09-09,0.0,23.15,74.64,88.9,1.16,17.97
2008-09-10,0.07,23.2,82.74,88.9,1.15,19.96
2008-09-11,9.43,23.27,86.79,88.95,0.99,20.78
2008-09-12,18.67,22.56,82.88,88.92,0.89,19.34
2008-09-13,5.91,22.88,84.08,88.89,0.97,19.88
2008-09-14,0.86,22.58,87.35,88.92,0.88,20.19
2008-09-15,3.18,22.83,84.5,88.83,1.1,19.88
2008-09-16,6.61,23.48,82.43,88.68,0.95,20.14
2008-09-17,13.35,23.08,85.23,88.78,1.04,20.29
2008-09-18,4.29,22.12,84.04,88.86,0.8,19.07
2008-09-19,17.36,21.22,88.13,88.65,1.06,19.06
2008-09-20,116.33,20.84,96.15,88.66,2.55,20.13
2008-09-21,10.21,20.41,85.51,88.78,1.93,17.72
2008-09-22,0.71,21.28,79.08,88.83,1.05,17.25
2008-09-23,0.44,21.39,83.57,88.91,1.1,18.26
2008-09-24,0.0,21.03,81.8,88.9,1.07,17.52
2008-09-25,0.0,21.1,73.74,88.84,1.11,15.92
2008-09-26,0.0,20.63,76.14,88.72,1.35,15.94
2008-09-27,0.0,20.59,75.84,88.76,1.38,15.83
2008-09-28,0.0,20.49,80.88,88.83,1.39,16.79
2008-09-29,0.0,21.52,80.84,88.94,1.1,17.88
2008-09-30,0.44,21.78,85.05,89.1,0.99,18.88
2008-10-01,0.02,22.0,89.25,89.12,1.12,20.01
2008-10-02,0.11,21.8,88.69,89.12,0.83,19.66
2008-10-03,5.24,21.53,90.56,89.26,1.08,19.83
2008-10-04,2.13,21.16,93.41,89.11,1.14,20.0
2008-10-05,7.84,21.14,93.56,89.1,1.01,19.99
2008-10-06,0.94,20.7,90.45,89.12,1.11,18.92
2008-10-07,0.04,20.48,83.19,89.12,1.22,17.17
2008-10-08,0.11,19.93,80.24,89.09,1.32,16.01
2008-10-09,1.84,19.46,78.46,89.3,1.3,15.14
2008-10-10,0.55,19.21,81.28,89.47,1.2,15.62
2008-10-11,0.0,19.28,80.65,89.51,1.11,15.52
2008-10-12,0.0,19.67,78.18,89.46,1.03,15.43
2008-10-13,0.0,19.97,77.23,89.29,1.02,15.59
2008-10-14,2.29,19.81,81.75,89.45,1.05,16.35
2008-10-15,0.32,19.05,81.35,89.57,1.11,15.55
2008-10-16,0.0,18.72,76.11,89.59,1.0,14.01
2008-10-17,0.04,18.17,58.71,89.39,1.27,9.09
2008-10-18,0.0,17.98,60.91,89.4,1.13,9.87
2008-10-19,0.0,18.57,66.57,89.42,1.26,11.86
2008-10-20,0.0,18.29,62.86,89.32,1.24,10.64
2008-10-21,0.0,18.46,59.62,89.35,1.32,10.03
2008-10-22,0.0,18.31,63.15,89.34,1.21,10.8
2008-10-23,0.0,17.5,66.77,89.36,1.19,10.81
2008-10-24,0.0,17.27,71.02,89.33,1.15,11.62
2008-10-25,0.0,17.12,74.08,89.35,1.15,12.17
2008-10-26,0.0,17.11,75.79,89.22,1.34,12.47
2008-10-27,0.0,16.07,75.86,88.86,1.44,11.39
2008-10-28,0.0,17.05,72.81,89.16,1.1,11.61
2008-10-29,0.0,17.18,72.43,89.32,1.11,11.8
2008-10-30,0.0,16.74,65.2,89.4,1.24,9.5
2008-10-31,0.0,16.54,67.02,89.3,1.48,9.9
2008-11-01,0.0,17.38,59.19,89.21,1.08,8.82
2008-11-02,0.0,17.45,59.26,89.22,1.11,8.92
2008-11-03,0.0,18.12,53.92,89.34,1.13,8.0
2008-11-04,0.0,16.76,55.53,89.23,1.15,7.28
2008-11-05,0.0,15.62,58.89,89.2,1.09,7.11
2008-11-06,0.0,16.43,58.49,89.3,1.08,7.86
2008-11-07,0.0,16.67,61.68,89.46,1.08,8.87
2008-11-08,0.0,16.9,70.1,89.51,1.03,11.08
2008-11-09,0.0,17.83,72.52,89.5,1.06,12.44
2008-11-10,0.0,18.09,71.77,89.52,0.94,12.55
2008-11-11,0.0,17.63,66.51,89.43,0.96,10.83
2008-11-12,0.0,16.07,70.2,89.35,0.91,10.26
2008-11-13,0.0,15.87,75.17,89.33,0.9,11.1
2008-11-14,0.0,15.48,77.24,89.39,1.1,11.03
2008-11-15,0.0,15.42,67.93,89.37,1.06,8.7
2008-11-16,0.0,15.5,53.11,89.37,1.12,5.18
2008-11-17,0.0,15.49,52.73,89.29,1.15,5.22
2008-11-18,0.0,15.48,51.93,89.37,1.19,4.97
2008-11-19,0.03,14.89,59.99,89.54,1.12,6.57
2008-11-20,4.27,13.97,70.68,89.65,1.24,8.09
2008-11-21,0.0,12.64,62.37,89.6,1.16,4.8
2008-11-22,0.0,13.64,45.3,89.54,1.31,1.05
2008-11-23,0.0,14.33,44.04,89.63,1.17,1.67
2008-11-24,0.0,13.88,47.7,89.43,1.13,2.27
2008-11-25,0.0,12.64,57.42,89.59,1.04,4.05
2008-11-26,0.0,14.52,53.27,89.71,1.07,4.54
2008-11-27,0.0,15.15,49.63,89.76,1.07,3.99
2008-11-28,0.0,15.21,45.12,89.76,1.15,2.58
2008-11-29,0.0,14.97,49.12,89.67,1.09,3.69
2008-11-30,0.0,15.08,61.14,89.68,1.11,7.26
2008-12-01,0.0,15.07,68.54,89.64,0.84,9.18
2008-12-02,0.0,14.08,65.29,89.38,1.19,7.13
2008-12-03,0.0,13.15,54.44,89.26,1.16,3.23
2008-12-04,0.0,14.06,46.07,89.38,1.14,1.91
2008-12-05,0.0,14.23,45.51,89.72,1.13,1.56
2008-12-06,0.0,14.35,42.99,89.57,1.16,0.93
2008-12-07,0.0,15.11,43.07,89.44,0.99,2.12
2008-12-08,0.0,14.08,59.18,89.72,1.15,5.87
2008-12-09,0.0,15.52,58.32,89.62,1.2,6.87
2008-12-10,0.0,15.57,54.66,89.46,1.33,5.43
2008-12-11,0.0,14.63,58.82,89.52,1.2,6.04
2008-12-12,0.0,14.3,54.87,89.45,1.24,4.49
2008-12-13,0.0,13.96,49.61,89.64,1.25,2.82
2008-12-14,0.0,13.82,43.96,89.63,1.25,0.99
2008-12-15,0.0,13.66,41.62,89.49,1.3,-0.19
2008-12-16,0.0,14.85,35.8,89.52,1.16,-1.02
2008-12-17,0.0,15.33,37.9,89.76,1.34,0.03
2008-12-18,0.0,16.76,40.25,89.65,1.27,2.22
2008-12-19,0.0,17.65,42.33,89.49,0.95,3.86
2008-12-20,0.0,17.2,55.72,89.6,1.2,7.88
2008-12-21,0.0,15.0,60.88,89.53,1.6,6.76
2008-12-22,0.0,13.31,53.22,89.55,1.36,2.1
2008-12-23,0.0,12.41,49.55,89.48,1.38,1.28
2008-12-24,0.0,11.68,48.03,89.4,1.13,0.43
2008-12-25,0.0,10.54,50.09,89.39,1.34,-0.25
2008-12-26,0.0,9.78,52.85,89.32,1.22,0.11
2008-12-27,0.0,10.06,54.95,89.32,1.3,0.65
2008-12-28,0.0,10.77,49.42,89.35,1.33,-0.27
2008-12-29,0.0,10.45,47.8,89.38,1.4,-1.2
2008-12-30,0.0,11.96,40.42,89.49,1.32,-1.85
2008-12-31,0.0,11.1,45.21,89.42,1.45,-1.09
2009-01-01,0.0,9.94,42.31,89.38,1.32,-3.21
2009-01-02,0.0,9.55,42.66,89.51,1.28,-3.19
2009-01-03,0.04,10.72,41.03,89.53,1.18,-2.56
2009-01-04,0.78,10.88,53.89,89.47,1.28,1.14
2009-01-05,0.07,9.62,72.02,89.35,1.15,4.43
2009-01-06,0.0,10.51,59.94,89.41,1.52,2.28
2009-01-07,0.0,10.96,56.72,89.65,1.51,2.3
2009-01-08,0.0,10.7,66.2,89.9,1.23,4.2
2009-01-09,0.0,11.72,54.06,89.94,1.29,1.89
2009-01-10,0.0,11.83,45.15,89.81,1.39,-0.74
2009-01-11,0.0,12.12,41.33,89.75,1.26,-2.05
2009-01-12,0.0,12.09,37.12,89.89,1.33,-3.81
2009-01-13,0.0,12.68,33.81,90.03,1.25,-3.87
2009-01-14,0.0,13.45,34.53,89.97,1.38,-2.91
2009-01-15,0.0,14.05,32.29,89.88,1.31,-3.35
2009-01-16,0.2,15.02,36.83,89.84,0.96,-0.13
2009-01-17,0.01,15.44,45.88,89.69,1.25,3.26
2009-01-18,1.63,15.02,55.38,89.68,1.35,5.62
2009-01-19,0.0,13.65,54.54,89.61,1.48,3.09
2009-01-20,0.0,13.88,38.93,89.41,1.38,-1.87
2009-01-21,0.0,15.56,31.0,89.34,1.32,-2.96
2009-01-22,0.0,17.24,35.31,89.38,1.34,0.81
2009-01-23,0.0,17.67,45.11,89.33,1.59,4.39
2009-01-24,0.0,18.4,44.06,89.24,1.18,5.37
2009-01-25,0.0,17.2,43.6,89.37,0.96,4.05
2009-01-26,0.0,16.64,45.98,89.33,1.39,4.25
2009-01-27,0.0,14.46,53.74,89.34,1.49,4.61
2009-01-28,0.0,13.99,43.81,89.24,1.4,0.36
2009-01-29,0.0,13.84,43.87,89.46,1.38,0.9
2009-01-30,0.0,13.72,46.74,89.44,1.27,1.51
2009-01-31,0.0,12.37,46.13,89.23,1.45,0.03
2009-02-01,0.0,12.61,39.55,89.32,1.41,-1.73
2009-02-02,0.0,12.87,35.83,89.44,1.47,-3.04
2009-02-03,0.0,13.44,32.86,89.47,1.42,-3.57
2009-02-04,0.0,14.15,35.9,89.5,1.49,-1.86
2009-02-05,0.0,14.64,35.18,89.56,1.43,-1.86
2009-02-06,0.0,14.54,37.07,89.57,1.68,-0.86
2009-02-07,0.0,14.13,39.15,89.5,1.51,-1.03
2009-02-08,0.0,14.51,34.01,89.59,1.51,-2.58
2009-02-09,0.0,15.74,31.73,89.57,1.44,-2.63
2009-02-10,8.31,14.89,44.71,89.4,1.93,1.7
2009-02-11,6.74,11.0,70.96,89.31,1.95,5.65
2009-02-12,0.18,12.8,50.28,89.21,1.37,0.94
2009-02-13,1.25,15.84,40.88,89.11,1.35,1.19
2009-02-14,0.0,15.08,48.07,89.31,1.51,3.28
2009-02-15,0.0,14.32,47.65,89.31,1.45,1.99
2009-02-16,0.0,14.86,37.75,89.4,1.55,-0.74
2009-02-17,0.0,15.3,36.58,89.46,1.29,-0.41
2009-02-18,0.0,15.28,34.13,89.31,1.52,-1.96
2009-02-19,0.0,15.93,28.67,89.17,1.52,-3.99
2009-02-20,0.0,16.4,39.69,89.53,1.87,1.89
2009-02-21,0.0,15.28,36.08,89.41,2.5,-1.57
2009-02-22,0.0,15.44,37.06,88.98,2.66,-0.43
2009-02-23,0.03,16.66,41.98,89.04,1.81,2.5
2009-02-24,0.0,16.49,43.4,88.95,2.11,2.83
2009-02-25,0.0,15.38,43.42,88.91,2.39,1.93
2009-02-26,0.0,14.94,37.61,88.97,2.46,-0.89
2009-02-27,0.0,13.77,31.87,89.07,2.35,-5.4
2009-02-28,0.0,12.52,28.48,88.86,3.0,-7.36
2009-03-01,0.0,15.66,24.66,88.89,2.05,-6.87
2009-03-02,0.0,18.7,31.94,89.14,1.78,0.7
2009-03-03,0.0,19.51,36.64,89.19,1.65,3.19
2009-03-04,0.0,18.91,36.25,89.12,1.7,2.4
2009-03-05,0.0,17.77,35.56,88.99,2.06,0.38
2009-03-06,0.0,17.99,27.32,89.07,2.0,-3.88
2009-03-07,0.0,18.65,23.12,89.18,1.64,-4.0
2009-03-08,0.0,18.07,25.67,89.17,1.8,-3.04
2009-03-09,0.0,17.0,26.93,89.49,1.86,-3.65
2009-03-10,0.0,16.32,26.14,89.51,1.77,-4.81
2009-03-11,0.0,16.22,24.79,89.27,1.74,-6.55
2009-03-12,0.0,19.3,18.49,89.16,1.73,-7.52
2009-03-13,0.0,19.41,19.88,89.6,1.93,-5.75
2009-03-14,0.0,18.82,21.93,89.6,1.6,-5.09
2009-03-15,0.0,18.95,23.51,89.33,1.87,-3.94
2009-03-16,0.0,18.48,26.89,89.27,1.61,-2.23
2009-03-17,0.01,19.25,28.15,89.29,1.82,-0.9
2009-03-18,0.26,19.49,30.55,89.22,2.05,0.13
2009-03-19,0.0,19.45,31.45,89.19,1.59,1.11
2009-03-20,0.01,19.62,37.08,89.21,1.1,3.79
2009-03-21,0.01,19.15,40.53,89.26,1.38,4.74
2009-03-22,0.0,19.06,34.21,89.26,1.5,1.72
2009-03-23,0.0,19.71,30.02,89.39,1.69,0.53
2009-03-24,0.0,20.62,31.17,89.34,1.7,2.06
2009-03-25,1.43,19.08,46.74,89.3,1.47,6.45
2009-03-26,0.0,17.29,47.11,89.09,1.34,4.91
2009-03-27,1.61,18.66,38.98,89.15,1.57,2.97
2009-03-28,0.28,19.02,47.69,89.29,2.36,6.66
2009-03-29,1.32,19.0,54.68,89.19,2.0,8.88
2009-03-30,0.0,19.53,44.44,89.06,2.03,5.37
2009-03-31,0.0,19.43,38.31,88.82,2.17,3.49
2009-04-01,0.0,21.39,28.55,88.93,1.73,0.87
2009-04-02,0.06,22.09,32.34,89.13,1.78,3.6
2009-04-03,2.25,22.51,41.16,89.18,1.52,7.36
2009-04-04,0.0,23.11,30.78,89.06,2.09,2.55
2009-04-05,0.03,23.43,25.81,89.15,1.81,1.12
2009-04-06,0.77,21.77,32.02,89.08,2.15,3.17
2009-04-07,0.63,21.17,34.42,89.06,1.66,3.23
2009-04-08,7.8,20.89,36.06,89.05,2.67,3.45
2009-04-09,3.38,18.25,56.3,89.2,2.82,8.73
2009-04-10,0.0,19.63,43.04,89.08,1.66,5.26
2009-04-11,0.0,22.19,31.77,89.0,1.76,2.69
2009-04-12,0.0,23.65,31.33,89.05,1.68,4.15
2009-04-13,0.0,23.56,32.01,88.88,1.85,4.34
2009-04-14,0.0,24.54,28.6,88.88,1.87,3.49
2009-04-15,0.0,25.25,26.87,88.98,1.83,3.11
2009-04-16,0.02,24.77,26.49,88.9,1.9,2.67
2009-04-17,0.0,23.3,23.03,88.75,1.81,-1.84
2009-04-18,0.0,24.42,23.26,88.65,2.72,0.38
2009-04-19,0.0,26.0,20.37,88.66,2.63,-0.15
2009-04-20,0.0,27.43,19.96,88.58,2.85,0.91
2009-04-21,0.0,27.36,20.03,88.47,2.1,1.21
2009-04-22,0.0,25.6,19.85,88.71,2.13,-0.48
2009-04-23,0.0,24.1,16.73,89.01,2.25,-4.27
2009-04-24,0.0,24.2,15.17,89.08,2.58,-5.57
2009-04-25,0.0,23.86,12.74,89.21,2.14,-8.2
2009-04-26,0.0,24.26,11.91,89.1,1.79,-8.41
2009-04-27,0.0,26.69,14.49,88.94,2.82,-3.52
2009-04-28,0.0,28.66,18.3,88.88,2.51,1.15
2009-04-29,0.0,29.27,20.37,88.96,2.39,3.12
2009-04-30,0.0,29.01,17.12,88.87,2.92,0.06
2009-05-01,0.0,29.39,16.83,88.87,2.48,0.13
2009-05-02,0.0,30.47,17.23,88.94,1.96,1.86
2009-05-03,0.81,26.89,32.74,89.11,1.82,8.76
2009-05-04,0.03,26.83,33.34,88.95,1.91,7.66
2009-05-05,1.58,27.98,32.9,89.04,1.41,9.35
2009-05-06,0.07,26.76,27.7,89.03,2.21,5.18
2009-05-07,0.33,25.37,23.1,88.85,2.21,1.3
2009-05-08,0.0,25.66,21.22,88.76,2.53,0.83
2009-05-09,0.0,26.64,20.94,88.56,2.8,1.82
2009-05-10,3.69,26.01,27.11,88.59,2.21,5.03
2009-05-11,0.58,26.18,27.46,88.66,1.88,4.88
2009-05-12,0.35,24.89,31.53,88.72,2.0,6.24
2009-05-13,0.0,26.03,28.81,88.58,1.63,5.95
2009-05-14,0.0,26.98,30.56,88.5,1.72,7.5
2009-05-15,0.05,27.74,30.13,88.63,2.01,7.89
2009-05-16,0.45,28.99,27.47,88.77,1.82,7.82
2009-05-17,1.7,28.42,31.33,88.91,1.78,9.38
2009-05-18,0.0,29.8,22.25,88.72,1.66,4.07
2009-05-19,1.58,30.15,27.2,88.86,1.82,8.46
2009-05-20,6.44,28.89,38.44,88.78,1.52,12.51
2009-05-21,0.0,29.11,39.11,88.73,1.73,13.0
2009-05-22,0.0,29.84,33.04,88.68,1.8,10.88
2009-05-23,0.38,29.54,30.64,88.59,1.83,9.97
2009-05-24,3.55,27.85,39.68,88.5,1.53,12.34
2009-05-25,2.99,26.71,43.18,88.29,2.07,11.89
2009-05-26,0.37,26.89,32.15,88.03,2.98,6.79
2009-05-27,0.0,28.17,26.99,88.48,1.97,5.96
2009-05-28,0.72,28.6,26.48,88.52,1.71,6.19
2009-05-29,6.28,26.93,42.67,88.67,1.83,12.23
2009-05-30,8.09,25.52,52.84,88.6,1.33,14.29
2009-05-31,11.1,25.17,55.94,88.59,1.38,14.96
2009-06-01,3.07,24.9,54.06,88.53,2.1,13.76
2009-06-02,2.34,26.47,45.49,88.37,2.29,12.52
2009-06-03,0.0,28.87,39.51,88.31,2.66,12.63
2009-06-04,0.0,29.47,28.17,88.23,2.16,7.0
2009-06-05,0.55,30.22,31.59,88.24,1.93,10.61
2009-06-06,8.05,28.75,40.24,88.2,1.82,13.08
2009-06-07,0.0,27.86,28.59,88.16,2.32,5.84
2009-06-08,0.0,26.99,23.48,88.28,2.72,1.61
2009-06-09,0.0,27.63,23.41,88.49,2.28,2.55
2009-06-10,0.0,28.8,22.84,88.63,2.12,3.62
2009-06-11,0.38,28.76,26.49,88.6,2.17,5.71
2009-06-12,0.01,29.53,28.1,88.54,2.09,7.86
2009-06-13,0.01,29.4,26.99,88.73,1.91,6.92
2009-06-14,0.0,29.63,27.41,88.73,2.32,7.84
2009-06-15,0.17,29.27,30.05,88.57,2.24,8.82
2009-06-16,0.09,28.79,30.88,88.56,2.03,8.57
2009-06-17,0.0,28.67,28.5,88.51,2.14,7.44
2009-06-18,0.0,28.87,26.04,88.47,2.2,6.24
2009-06-19,0.0,29.84,23.25,88.43,2.42,5.33
2009-06-20,0.0,29.86,22.3,88.44,2.12,4.94
2009-06-21,0.0,30.04,18.98,88.39,2.22,2.99
2009-06-22,0.0,30.86,16.59,88.33,2.03,1.47
2009-06-23,0.0,31.28,15.96,88.31,2.2,1.32
2009-06-24,0.0,32.08,15.17,88.39,1.84,1.47
2009-06-25,0.0,31.62,24.18,88.44,1.89,8.12
2009-06-26,0.0,31.88,22.03,88.33,1.82,7.0
2009-06-27,0.03,32.78,22.45,88.21,1.78,8.05
2009-06-28,9.0,30.65,47.74,88.28,1.78,17.65
2009-06-29,35.92,27.82,69.26,88.27,1.56,21.24
2009-06-30,17.05,26.96,71.34,88.31,1.59,20.84
2009-07-01,2.21,26.37,66.26,88.32,1.21,18.8
2009-07-02,0.0,27.32,54.23,88.21,1.8,16.44
2009-07-03,0.07,27.68,51.25,88.28,1.12,16.09
2009-07-04,0.01,27.98,50.93,88.34,1.41,16.15
2009-07-05,0.0,28.96,42.76,88.33,1.69,14.17
2009-07-06,0.0,29.13,41.44,88.36,1.51,13.9
2009-07-07,6.86,28.73,46.49,88.33,1.23,15.5
2009-07-08,6.45,28.02,61.55,88.39,1.31,19.35
2009-07-09,3.57,27.2,69.54,88.45,1.54,20.85
2009-07-10,1.98,27.96,66.38,88.49,1.62,20.62
2009-07-11,7.53,26.83,70.42,88.47,1.57,20.81
2009-07-12,58.44,25.95,77.84,88.25,1.45,21.63
2009-07-13,9.92,26.79,76.27,88.15,1.34,21.92
2009-07-14,0.63,26.49,75.98,88.23,1.12,21.53
2009-07-15,3.26,27.34,69.45,88.3,1.6,20.78
2009-07-16,7.71,27.41,69.38,88.37,1.14,20.74
2009-07-17,0.59,26.59,73.44,88.28,1.62,21.3
2009-07-18,7.18,27.17,72.42,88.4,1.37,21.35
2009-07-19,1.25,27.61,71.21,88.27,1.93,21.55
2009-07-20,1.41,24.72,79.25,88.3,1.62,20.81
2009-07-21,11.26,27.47,61.1,88.43,1.32,18.85
2009-07-22,2.93,26.01,76.18,88.43,1.55,21.36
2009-07-23,10.03,26.53,71.31,88.49,1.27,20.45
2009-07-24,9.76,26.46,75.02,88.51,1.54,21.29
2009-07-25,4.07,27.02,73.31,88.36,1.19,21.48
2009-07-26,11.49,27.02,75.63,88.07,1.63,22.05
2009-07-27,41.08,26.66,80.94,87.93,1.91,22.88
2009-07-28,51.31,24.54,89.83,88.03,2.06,22.64
2009-07-29,9.61,24.52,84.1,88.26,1.4,21.45
2009-07-30,3.15,24.66,80.17,88.37,1.84,20.65
2009-07-31,7.67,24.73,81.12,88.33,1.88,21.02
2009-08-01,0.72,25.32,79.19,88.34,1.57,21.15
2009-08-02,0.28,25.94,78.01,88.39,1.51,21.5
2009-08-03,2.25,26.46,77.05,88.27,1.92,21.84
2009-08-04,1.79,26.28,77.85,88.21,2.03,21.92
2009-08-05,0.24,26.24,78.61,88.16,1.8,21.96
2009-08-06,14.9,26.57,78.79,88.17,1.78,22.3
2009-08-07,28.73,25.14,86.88,88.29,1.19,22.63
2009-08-08,3.07,25.45,81.92,88.3,1.37,21.88
2009-08-09,2.23,25.87,76.3,88.23,1.56,21.08
2009-08-10,3.73,26.03,77.62,88.35,1.39,21.62
2009-08-11,11.28,25.92,79.27,88.68,1.14,21.81
2009-08-12,0.23,26.25,79.45,88.58,1.18,22.16
2009-08-13,6.27,23.94,90.68,88.51,1.31,22.28
2009-08-14,26.86,23.64,93.8,88.61,1.61,22.54
2009-08-15,47.16,22.88,89.15,88.75,1.18,20.91
2009-08-16,42.15,23.02,88.21,88.69,1.42,20.86
2009-08-17,77.35,22.8,83.7,88.73,1.09,19.81
2009-08-18,13.43,23.87,85.68,88.69,1.63,21.2
2009-08-19,17.98,23.45,85.0,88.8,1.31,20.55
2009-08-20,0.06,22.76,78.44,88.76,1.52,18.51
2009-08-21,17.43,22.87,83.15,88.68,1.17,19.67
2009-08-22,0.65,22.61,82.77,88.55,1.36,19.31
2009-08-23,0.04,24.09,77.58,88.58,1.24,19.7
2009-08-24,11.41,24.1,82.09,88.73,1.17,20.69
2009-08-25,2.11,22.29,91.17,88.85,1.2,20.7
2009-08-26,2.78,22.9,86.53,88.84,1.09,20.42
2009-08-27,3.63,23.37,82.51,88.79,0.92,20.06
2009-08-28,5.63,23.21,88.43,88.93,1.44,21.1
2009-08-29,9.08,23.71,85.1,88.87,1.14,20.85
2009-08-30,12.21,23.99,86.66,88.93,1.35,21.46
2009-08-31,4.63,23.34,92.17,89.01,1.04,21.93
2009-09-01,1.73,23.44,91.6,88.88,1.16,21.89
2009-09-02,2.39,23.64,87.59,88.73,0.81,21.26
2009-09-03,20.33,23.0,90.23,88.73,1.33,21.17
2009-09-04,7.22,22.96,82.85,88.65,1.12,19.61
2009-09-05,25.53,21.98,88.95,88.54,1.18,19.98
2009-09-06,1.68,22.37,82.21,88.47,0.95,19.04
2009-09-07,0.13,23.32,78.1,88.58,1.14,19.04
2009-09-08,10.08,23.02,81.57,88.77,0.81,19.43
2009-09-09,33.26,22.82,83.91,88.82,0.67,19.79
2009-09-10,28.1,22.22,84.96,88.71,1.26,19.46
2009-09-11,35.16,20.31,88.03,88.81,2.46,18.22
2009-09-12,38.63,21.89,87.65,89.03,1.87,19.62
2009-09-13,0.0,22.59,84.96,89.01,0.98,19.7
2009-09-14,0.0,22.93,82.59,88.97,1.23,19.54
2009-09-15,0.0,22.1,78.27,88.8,1.3,17.84
2009-09-16,0.0,22.0,77.76,88.85,1.22,17.61
2009-09-17,0.0,21.72,78.34,88.97,1.22,17.43
2009-09-18,0.0,22.36,73.89,89.06,1.25,17.11
2009-09-19,0.0,22.15,79.71,89.03,1.26,18.17
2009-09-20,0.71,22.2,84.48,88.99,1.01,19.26
2009-09-21,2.97,22.81,85.86,89.02,1.0,20.17
2009-09-22,1.63,22.78,89.13,88.91,1.09,20.71
2009-09-23,1.15,22.77,90.01,88.75,1.47,20.9
2009-09-24,0.15,22.52,87.02,88.88,1.0,20.03
2009-09-25,13.83,21.89,86.74,88.89,1.01,19.44
2009-09-26,2.09,22.81,84.57,89.04,1.06,19.87
2009-09-27,0.0,23.26,84.79,88.96,0.98,20.39
2009-09-28,0.0,23.62,82.85,88.95,0.98,20.31
2009-09-29,0.02,23.48,84.08,88.91,0.98,20.4
2009-09-30,0.41,22.88,77.14,88.93,1.03,18.23
2009-10-01,4.82,22.73,82.45,89.1,1.09,19.35
2009-10-02,0.44,23.45,81.04,89.16,0.92,19.66
2009-10-03,1.99,22.21,88.32,89.03,0.9,20.04
2009-10-04,28.01,21.27,89.18,89.04,1.1,19.32
2009-10-05,31.95,20.87,85.97,89.0,0.91,18.3
2009-10-06,18.01,19.67,88.18,88.77,1.57,17.55
2009-10-07,16.03,19.05,91.61,88.57,1.77,17.6
2009-10-08,0.57,19.54,78.78,88.63,1.34,15.48
2009-10-09,0.0,19.6,65.57,88.83,1.39,12.47
2009-10-10,0.0,19.16,60.82,89.1,1.34,10.84
2009-10-11,0.0,18.8,64.82,89.29,1.48,11.64
2009-10-12,0.0,18.32,56.48,89.41,1.25,8.83
2009-10-13,0.0,18.29,58.23,89.43,1.25,9.47
2009-10-14,0.0,18.16,58.36,89.49,1.16,9.41
2009-10-15,0.0,18.47,58.87,89.46,1.21,9.76
2009-10-16,0.0,18.91,57.29,89.43,1.33,9.76
2009-10-17,0.0,18.52,56.95,89.22,1.33,9.37
2009-10-18,0.0,17.57,62.93,89.14,1.22,10.02
2009-10-19,0.0,16.59,61.57,89.27,1.51,8.66
2009-10-20,0.0,16.77,57.9,89.28,1.39,7.96
2009-10-21,0.0,16.64,55.54,89.42,1.12,7.14
2009-10-22,0.0,16.3,53.85,89.54,1.53,6.37
2009-10-23,0.0,16.16,51.93,89.37,1.54,5.66
2009-10-24,0.0,16.95,45.59,89.28,1.17,4.54
2009-10-25,0.0,16.47,45.04,89.37,1.26,3.87
2009-10-26,0.0,16.03,48.33,89.47,1.25,4.49
2009-10-27,0.0,16.61,46.45,89.43,1.26,4.52
2009-10-28,0.0,17.26,47.54,89.54,1.22,5.44
2009-10-29,0.0,17.27,50.6,89.66,1.46,6.34
2009-10-30,0.0,17.11,51.13,89.49,1.38,6.39
2009-10-31,0.0,16.92,52.91,89.41,1.14,6.73
2009-11-01,0.0,17.22,56.12,89.53,1.18,7.84
2009-11-02,0.0,17.34,63.04,89.72,1.21,9.8
2009-11-03,0.0,18.07,58.21,89.78,1.06,9.28
2009-11-04,0.0,18.31,57.19,89.79,1.03,9.27
2009-11-05,0.0,17.79,59.46,89.74,1.22,9.43
2009-11-06,0.0,17.73,55.59,89.57,1.22,8.23
2009-11-07,0.0,16.8,55.25,89.39,1.3,7.27
2009-11-08,0.0,16.6,54.08,89.41,1.22,6.81
2009-11-09,0.32,16.44,62.23,89.33,1.19,8.63
2009-11-10,0.01,16.54,68.08,89.11,1.09,10.13
2009-11-11,0.0,16.54,54.51,89.06,1.06,6.75
2009-11-12,2.55,16.19,58.02,89.35,1.23,7.42
2009-11-13,9.66,15.27,80.56,89.57,1.38,11.88
2009-11-14,0.52,16.93,75.21,89.41,1.04,12.22
2009-11-15,0.0,16.0,83.21,89.11,1.16,12.73
2009-11-16,0.27,16.2,62.43,89.18,1.05,8.35
2009-11-17,0.77,14.26,64.08,89.32,0.75,7.37
2009-11-18,0.0,12.97,55.68,89.36,1.4,3.48
2009-11-19,0.0,12.23,44.66,89.44,1.3,-0.22
2009-11-20,0.0,12.16,43.16,89.52,1.08,-0.58
2009-11-21,0.0,12.55,42.73,89.64,1.13,-0.41
2009-11-22,0.0,11.95,46.38,89.62,1.17,0.23
2009-11-23,0.0,13.12,47.92,89.65,1.23,1.67
2009-11-24,0.0,13.04,41.96,89.49,1.32,-0.33
2009-11-25,0.0,12.04,46.1,89.45,1.63,-0.02
2009-11-26,0.0,12.88,45.3,89.36,1.55,0.71
2009-11-27,0.0,12.09,44.64,89.47,1.31,-0.22
2009-11-28,0.0,13.5,43.13,89.64,1.09,0.66
2009-11-29,0.0,13.95,45.95,89.6,1.17,2.06
2009-11-30,0.0,14.89,49.71,89.65,1.02,4.13
2009-12-01,0.0,14.44,54.29,89.7,0.84,5.03
2009-12-02,0.0,14.61,52.22,89.66,0.97,4.43
2009-12-03,0.0,13.87,47.21,89.64,1.03,2.27
2009-12-04,0.0,13.34,48.33,89.53,1.15,2.12
2009-12-05,0.0,13.58,45.04,89.44,1.13,1.37
2009-12-06,0.0,12.63,53.3,89.4,1.41,2.72
2009-12-07,0.0,11.52,45.52,89.37,1.21,-0.9
2009-12-08,0.0,12.67,37.85,89.39,1.2,-1.9
2009-12-09,0.0,12.65,38.55,89.46,1.32,-1.85
2009-12-10,0.0,12.71,42.17,89.45,1.27,-0.42
2009-12-11,0.0,13.8,50.93,89.42,1.39,3.3
2009-12-12,0.0,13.74,49.12,89.38,0.95,2.77
2009-12-13,0.0,14.23,46.83,89.52,1.13,2.49
2009-12-14,0.18,12.94,51.0,89.59,1.2,2.5
2009-12-15,1.53,11.54,61.8,89.69,0.97,4.14
2009-12-16,0.0,12.22,54.76,89.62,1.22,2.63
2009-12-17,0.0,13.34,48.96,89.62,1.24,2.36
2009-12-18,0.0,13.88,46.5,89.69,1.16,2.03
2009-12-19,0.0,11.64,50.94,89.81,1.27,1.14
2009-12-20,0.0,12.08,44.23,89.87,1.31,-0.45
2009-12-21,0.0,11.54,43.24,89.79,1.36,-1.44
2009-12-22,0.0,10.9,36.23,89.59,1.3,-4.16
2009-12-23,0.0,10.04,41.0,89.52,1.39,-3.26
2009-12-24,0.0,8.95,43.55,89.46,1.39,-3.51
2009-12-25,0.0,9.45,39.73,89.31,1.38,-4.28
2009-12-26,0.0,9.54,36.68,89.26,1.39,-5.15
2009-12-27,0.0,9.82,35.1,89.3,1.19,-5.29
2009-12-28,0.0,9.33,38.07,89.29,1.4,-4.84
2009-12-29,0.01,10.26,33.76,89.27,1.32,-5.62
2009-12-30,0.04,9.71,36.02,89.26,1.29,-5.22
2009-12-31,0.0,8.54,39.96,89.25,1.2,-4.84
2010-01-01,0.0,9.84,37.79,89.39,1.18,-4.57
2010-01-02,0.0,11.07,36.85,89.67,1.11,-3.71
2010-01-03,3.59,12.49,39.94,89.61,1.57,-2.69
2010-01-04,0.0,10.31,63.22,89.21,1.47,2.87
2010-01-05,0.0,10.95,51.0,89.06,1.27,0.62
2010-01-06,0.0,10.21,47.97,89.3,1.13,-0.88
2010-01-07,0.0,11.69,51.14,89.6,1.12,1.32
2010-01-08,0.0,11.94,51.12,89.55,1.12,1.25
2010-01-09,0.0,12.33,48.67,89.46,1.18,0.84
2010-01-10,0.0,11.95,45.15,89.51,1.19,-0.55
2010-01-11,0.0,11.74,34.09,89.51,1.28,-4.64
2010-01-12,0.19,11.28,30.17,89.57,1.28,-6.36
2010-01-13,6.01,8.39,65.94,89.59,1.71,1.52
2010-01-14,0.01,9.84,65.87,89.82,1.31,3.07
2010-01-15,0.0,11.8,42.56,89.92,1.12,-1.37
2010-01-16,0.0,11.23,35.08,89.95,1.39,-4.53
2010-01-17,0.0,11.88,33.66,89.95,1.28,-4.19
2010-01-18,0.0,11.9,32.13,89.85,1.38,-4.87
2010-01-19,0.0,11.43,32.12,89.65,1.61,-5.6
2010-01-20,0.0,11.92,32.08,89.75,1.36,-4.94
2010-01-21,0.0,12.04,31.84,89.59,1.53,-5.05
2010-01-22,0.0,11.57,35.92,89.58,1.22,-3.66
2010-01-23,0.0,12.11,36.23,89.6,1.54,-3.34
2010-01-24,0.0,12.08,36.57,89.49,1.27,-2.97
2010-01-25,0.0,12.07,39.65,89.61,1.44,-1.99
2010-01-26,0.0,11.98,40.06,89.61,1.54,-2.09
2010-01-27,0.0,12.38,38.56,89.65,1.46,-2.14
2010-01-28,0.0,12.3,38.45,89.64,1.33,-2.04
2010-01-29,0.0,12.12,42.5,89.67,1.59,-1.03
2010-01-30,0.0,11.98,45.11,89.53,2.05,-0.63
2010-01-31,0.0,12.16,34.68,89.49,1.45,-4.29
2010-02-01,0.0,11.12,35.18,89.5,1.35,-4.6
2010-02-02,0.0,10.6,36.39,89.47,1.55,-4.71
2010-02-03,0.0,10.72,34.59,89.47,1.71,-5.56
2010-02-04,0.0,10.9,33.97,89.47,1.74,-5.51
2010-02-05,0.0,11.9,32.99,89.47,1.76,-4.96
2010-02-06,0.0,12.9,41.37,89.55,1.6,-0.88
2010-02-07,0.0,14.75,51.11,89.61,1.76,4.09
2010-02-08,10.77,13.15,71.99,89.37,1.32,7.93
2010-02-09,19.15,9.34,87.76,89.25,1.92,7.18
2010-02-10,0.19,11.55,65.39,89.53,1.51,4.6
2010-02-11,0.03,13.25,47.57,89.66,1.49,1.54
2010-02-12,2.49,11.95,57.82,89.68,1.28,3.3
2010-02-13,0.0,11.91,49.36,89.45,1.65,0.24
2010-02-14,0.0,11.82,39.23,89.33,1.57,-2.66
2010-02-15,0.02,12.33,38.78,89.37,1.45,-2.27
2010-02-16,0.14,13.09,46.29,89.53,1.53,1.14
2010-02-17,0.0,12.03,48.95,89.46,1.65,0.92
2010-02-18,0.0,12.75,37.9,89.31,1.79,-2.5
2010-02-19,0.0,13.81,35.05,89.48,1.57,-2.46
2010-02-20,0.0,13.82,34.62,89.47,1.7,-2.69
2010-02-21,0.0,15.38,34.44,89.38,1.68,-1.34
2010-02-22,0.13,16.49,37.22,89.43,1.67,0.6
2010-02-23,3.6,12.61,65.8,89.3,1.75,5.9
2010-02-24,0.0,14.33,55.59,89.07,1.51,4.6
2010-02-25,0.0,15.39,48.51,89.23,1.47,3.5
2010-02-26,0.0,16.22,45.95,89.32,1.69,3.59
2010-02-27,0.0,16.93,46.24,89.2,2.28,3.98
2010-02-28,0.0,18.47,43.55,89.17,2.11,4.65
2010-03-01,0.0,18.51,48.14,89.4,1.66,6.6
2010-03-02,0.0,17.66,42.83,89.18,2.3,3.42
2010-03-03,0.0,15.67,36.23,88.99,1.64,-0.45
2010-03-04,0.4,17.62,41.59,89.07,1.7,3.42
2010-03-05,1.97,17.04,53.04,89.13,1.8,6.17
2010-03-06,0.0,17.25,35.83,89.19,1.77,-0.22
2010-03-07,0.0,16.89,37.98,89.4,1.86,1.37
2010-03-08,0.0,16.54,40.45,89.4,1.89,1.86
2010-03-09,0.0,17.07,37.28,89.59,1.62,0.74
2010-03-10,0.0,17.57,34.64,89.62,1.74,0.26
2010-03-11,0.0,18.38,30.27,89.69,1.65,-0.67
2010-03-12,0.0,17.62,33.14,89.65,1.8,-0.17
2010-03-13,0.0,18.35,34.96,89.32,2.26,1.22
2010-03-14,0.0,19.4,34.88,89.07,1.81,2.5
2010-03-15,0.0,19.97,34.31,89.18,1.66,2.25
2010-03-16,0.0,20.49,31.55,89.5,1.67,1.52
2010-03-17,0.0,20.03,33.35,89.75,1.55,2.22
2010-03-18,0.0,20.43,36.12,89.8,1.64,3.54
2010-03-19,0.0,21.5,39.6,89.46,1.63,5.96
2010-03-20,0.0,23.02,37.44,89.31,1.53,6.67
2010-03-21,0.0,23.92,31.35,89.11,2.37,4.36
2010-03-22,0.0,23.48,28.34,88.72,2.65,2.21
2010-03-23,0.0,23.97,24.39,88.69,2.0,0.58
2010-03-24,0.0,24.23,24.27,88.85,2.0,1.0
2010-03-25,0.0,24.58,24.25,88.95,1.58,1.36
2010-03-26,0.0,24.62,25.61,89.01,1.72,2.3
2010-03-27,0.0,23.45,27.46,89.06,1.75,2.14
2010-03-28,0.0,22.65,26.24,88.99,2.51,0.45
2010-03-29,0.0,23.42,24.17,88.95,2.6,0.14
2010-03-30,0.0,23.68,26.01,88.82,2.04,1.59
2010-03-31,0.0,22.75,23.53,88.82,2.1,-0.76
2010-04-01,0.0,22.27,19.89,88.84,2.26,-3.73
2010-04-02,0.0,23.1,18.96,88.99,2.2,-3.56
2010-04-03,0.0,23.37,22.05,89.2,2.06,-0.62
2010-04-04,0.0,23.34,22.67,89.24,2.32,-0.97
2010-04-05,0.0,23.64,22.0,89.13,2.81,-1.25
2010-04-06,0.0,22.67,19.15,89.07,2.27,-4.03
2010-04-07,0.0,25.03,15.87,89.27,1.85,-4.28
2010-04-08,0.0,26.01,14.22,89.42,1.95,-5.03
2010-04-09,0.0,26.74,14.87,88.92,2.41,-3.69
2010-04-10,0.0,26.62,18.78,88.62,2.65,-0.32
2010-04-11,0.0,26.91,19.66,88.75,2.2,0.67
2010-04-12,0.0,27.59,18.89,88.81,1.79,0.74
2010-04-13,0.0,27.26,18.11,88.84,1.84,-0.12
2010-04-14,0.0,27.22,14.6,88.9,1.83,-3.11
2010-04-15,0.0,27.37,11.22,89.14,1.82,-6.82
2010-04-16,0.0,28.08,12.28,89.04,2.3,-4.34
2010-04-17,0.0,29.24,16.31,88.88,2.4,0.2
2010-04-18,0.04,28.92,19.68,88.79,1.99,3.12
2010-04-19,0.32,28.33,22.97,88.67,1.63,4.66
2010-04-20,0.65,28.4,25.54,88.49,2.03,5.57
2010-04-21,0.0,28.17,21.9,88.61,2.03,3.69
2010-04-22,0.0,26.78,22.36,88.92,1.98,2.56
2010-04-23,0.0,26.36,20.8,88.98,2.08,1.39
2010-04-24,0.0,25.88,18.58,88.94,2.07,-1.06
2010-04-25,0.0,25.87,15.64,88.89,2.22,-4.0
2010-04-26,0.0,26.58,12.16,89.13,2.08,-5.95
2010-04-27,0.0,29.0,15.95,89.22,1.88,-0.2
2010-04-28,0.91,28.81,21.58,89.18,1.82,4.02
2010-04-29,2.31,28.62,26.46,89.12,1.79,6.3
2010-04-30,0.0,27.79,25.51,89.16,1.86,5.6
2010-05-01,0.18,27.17,30.16,89.25,1.32,7.65
2010-05-02,0.24,27.13,32.58,89.04,1.71,8.25
2010-05-03,0.01,26.53,36.95,88.82,1.56,10.16
2010-05-04,0.0,27.74,31.29,88.68,1.76,8.29
2010-05-05,0.09,28.38,27.63,88.65,1.84,7.1
2010-05-06,0.27,27.99,29.94,88.75,1.55,8.38
2010-05-07,5.45,27.03,38.42,88.79,1.76,10.99
2010-05-08,0.0,26.34,40.89,88.79,2.12,10.91
2010-05-09,0.0,26.75,31.04,88.59,2.62,6.47
2010-05-10,0.0,27.54,24.98,88.59,2.41,4.42
2010-05-11,0.0,28.01,22.13,88.63,2.57,3.01
2010-05-12,0.0,28.01,20.31,88.65,2.27,1.62
2010-05-13,0.0,29.0,16.15,88.69,2.22,-0.43
2010-05-14,0.0,29.29,15.06,88.65,2.22,-0.91
2010-05-15,0.0,29.36,17.72,88.69,2.19,1.77
2010-05-16,0.0,30.01,16.95,88.64,2.21,0.92
2010-05-17,0.0,32.04,15.74,88.75,2.09,1.69
2010-05-18,0.34,31.68,20.93,88.85,1.79,6.06
2010-05-19,1.41,30.87,25.2,88.75,2.02,7.87
2010-05-20,0.0,28.88,17.13,88.57,2.22,-0.14
2010-05-21,0.0,30.01,13.71,88.59,1.94,-1.7
2010-05-22,0.0,30.63,13.9,88.75,1.98,-0.91
2010-05-23,2.3,29.93,19.52,88.67,2.05,3.28
2010-05-24,0.99,30.64,22.56,88.3,2.72,5.18
2010-05-25,0.0,30.27,14.97,88.08,2.16,-0.76
2010-05-26,0.0,31.98,10.33,88.12,2.17,-4.32
2010-05-27,1.7,32.3,13.25,88.29,2.11,-1.88
2010-05-28,2.93,28.91,34.52,88.66,2.66,10.88
2010-05-29,0.42,28.98,34.15,88.7,2.29,10.56
2010-05-30,0.15,28.66,23.42,88.62,2.1,4.6
2010-05-31,0.0,29.2,18.98,88.56,2.28,1.93
2010-06-01,0.0,30.86,14.88,88.6,2.54,-0.51
2010-06-02,0.0,31.06,18.41,88.7,2.41,3.26
2010-06-03,0.08,31.58,24.95,88.75,2.68,8.15
2010-06-04,2.68,30.79,34.54,88.72,2.91,12.18
2010-06-05,0.16,28.29,35.97,88.53,2.58,10.95
2010-06-06,0.0,27.73,26.47,88.44,3.15,5.08
2010-06-07,2.86,26.82,29.58,88.56,1.79,5.98
2010-06-08,0.97,27.76,40.33,88.6,1.78,12.34
2010-06-09,2.31,28.26,43.15,88.58,1.72,13.7
2010-06-10,0.03,28.42,38.09,88.68,1.88,11.45
2010-06-11,0.0,29.07,30.17,88.62,1.72,8.56
2010-06-12,0.0,30.01,26.86,88.55,1.84,7.78
2010-06-13,3.2,28.17,43.28,88.55,2.12,13.99
2010-06-14,0.69,28.38,40.45,88.57,2.3,12.1
2010-06-15,0.0,30.3,28.92,88.41,2.64,8.58
2010-06-16,0.01,29.62,31.83,88.5,2.29,10.41
2010-06-17,0.0,29.94,31.22,88.55,1.79,10.09
2010-06-18,0.0,31.06,21.63,88.61,1.79,5.42
2010-06-19,0.0,31.57,21.4,88.59,1.9,6.13
2010-06-20,0.06,31.95,24.53,88.61,1.81,8.63
2010-06-21,0.52,32.79,25.49,88.46,2.39,9.31
2010-06-22,3.38,32.36,22.59,88.26,2.06,7.21
2010-06-23,5.32,30.67,34.73,88.31,2.0,12.06
2010-06-24,9.54,29.44,45.06,88.23,1.72,15.25
2010-06-25,6.96,27.7,55.89,88.3,1.7,17.23
2010-06-26,0.03,29.24,45.17,88.27,1.62,15.13
2010-06-27,3.19,30.2,43.35,88.32,1.45,15.39
2010-06-28,0.57,30.63,40.99,88.32,1.91,14.77
2010-06-29,0.0,30.07,37.21,88.3,1.8,12.63
2010-06-30,0.29,30.65,38.03,88.3,1.94,13.89
2010-07-01,21.86,28.31,50.21,88.41,1.24,16.52
2010-07-02,2.35,28.08,54.23,88.58,1.43,17.09
2010-07-03,2.76,27.14,64.69,88.65,1.28,19.44
2010-07-04,49.73,26.05,74.24,88.75,1.71,20.96
2010-07-05,50.28,25.14,79.58,88.76,2.06,21.17
2010-07-06,24.4,25.67,77.91,88.77,1.8,21.22
2010-07-07,15.45,24.67,83.53,88.92,1.42,21.58
2010-07-08,3.39,26.07,75.13,88.9,1.34,21.1
2010-07-09,3.8,26.99,73.44,88.59,1.76,21.6
2010-07-10,8.04,26.94,71.54,88.46,1.68,20.98
2010-07-11,9.82,26.54,73.07,88.34,1.88,21.0
2010-07-12,15.84,25.79,78.91,88.29,1.54,21.6
2010-07-13,1.58,25.48,76.55,88.53,1.41,20.72
2010-07-14,1.29,26.28,70.57,88.65,1.17,20.04
2010-07-15,15.04,26.68,73.32,88.63,1.12,21.21
2010-07-16,4.23,25.99,81.12,88.53,1.33,22.3
2010-07-17,5.29,25.63,80.4,88.57,1.52,21.77
2010-07-18,22.99,24.62,90.81,88.37,2.81,22.96
2010-07-19,53.23,22.88,93.1,88.33,2.9,21.67
2010-07-20,65.62,22.16,90.14,88.51,2.34,20.41
2010-07-21,5.23,22.43,92.65,88.58,1.54,21.13
2010-07-22,10.73,23.19,88.91,88.62,1.5,21.16
2010-07-23,6.55,24.6,82.52,88.38,1.17,21.22
2010-07-24,4.18,24.41,88.2,88.19,1.47,22.19
2010-07-25,0.65,25.74,82.95,88.13,1.27,22.35
2010-07-26,1.49,24.66,83.51,88.37,1.37,21.46
2010-07-27,6.37,23.22,81.98,88.63,2.34,19.87
2010-07-28,19.84,23.9,81.54,88.71,1.46,20.38
2010-07-29,37.19,24.74,85.8,88.53,1.39,22.08
2010-07-30,127.5,22.67,93.77,88.51,2.25,21.58
2010-07-31,32.19,22.01,87.45,88.69,1.38,19.78
2010-08-01,20.0,23.28,85.34,88.66,1.25,20.58
2010-08-02,6.32,24.01,85.81,88.57,1.74,21.36
2010-08-03,4.98,23.73,84.57,88.47,1.84,20.82
2010-08-04,10.18,24.36,84.98,88.42,1.64,21.5
2010-08-05,22.49,23.31,90.03,88.68,1.62,21.52
2010-08-06,2.34,24.25,86.82,88.91,1.11,21.82
2010-08-07,5.53,23.8,87.3,88.8,1.46,21.5
2010-08-08,15.46,24.01,86.41,88.67,1.17,21.46
2010-08-09,10.82,23.49,91.0,88.62,1.16,21.87
2010-08-10,22.09,23.48,85.81,88.65,0.84,20.83
2010-08-11,11.99,23.64,93.58,88.61,1.47,22.5
2010-08-12,2.83,23.73,91.96,88.68,1.23,22.31
2010-08-13,11.93,23.43,94.09,88.69,1.28,22.39
2010-08-14,15.08,23.11,90.04,88.68,0.93,21.3
2010-08-15,6.0,24.46,85.22,88.81,1.2,21.68
2010-08-16,2.72,24.51,84.47,88.84,0.95,21.48
2010-08-17,2.3,22.98,91.22,88.5,0.83,21.38
2010-08-18,37.84,22.72,91.85,88.52,0.87,21.28
2010-08-19,31.17,24.03,91.37,88.75,1.14,22.44
2010-08-20,28.87,23.58,92.69,88.93,1.8,22.24
2010-08-21,41.2,22.99,91.15,88.76,1.83,21.38
2010-08-22,24.18,22.52,93.31,88.57,1.6,21.35
2010-08-23,20.54,22.67,95.09,88.41,1.95,21.81
2010-08-24,32.4,22.07,96.54,88.44,2.18,21.47
2010-08-25,25.81,21.72,91.4,88.8,1.22,20.2
2010-08-26,10.19,22.42,90.98,88.84,0.94,20.81
2010-08-27,21.78,23.75,87.68,88.71,1.05,21.45
2010-08-28,12.58,23.48,91.84,88.69,1.13,21.99
2010-08-29,8.13,22.88,91.34,88.64,0.89,21.31
2010-08-30,14.55,23.73,89.99,88.55,1.4,21.93
2010-08-31,2.45,23.52,89.69,88.6,1.23,21.58
2010-09-01,44.06,23.57,89.87,88.77,1.21,21.68
2010-09-02,56.67,22.85,95.16,88.81,1.5,21.99
2010-09-03,34.91,22.73,94.31,88.69,1.28,21.72
2010-09-04,29.53,22.44,94.01,88.6,1.43,21.39
2010-09-05,22.25,22.7,89.9,88.69,1.35,20.88
2010-09-06,8.84,23.77,84.62,88.62,0.99,20.79
2010-09-07,18.03,22.5,93.12,88.64,1.35,21.28
2010-09-08,12.23,22.81,88.31,88.83,1.21,20.64
2010-09-09,3.98,23.29,85.71,88.89,1.22,20.58
2010-09-10,18.06,22.97,86.53,88.75,1.15,20.42
2010-09-11,24.52,22.67,89.19,88.71,0.87,20.73
2010-09-12,19.21,22.35,88.85,88.83,0.91,20.36
2010-09-13,15.15,22.62,86.42,88.77,0.92,20.15
2010-09-14,6.68,22.46,88.26,88.69,0.86,20.25
2010-09-15,12.26,22.4,84.11,88.71,0.65,19.39
2010-09-16,32.23,21.66,89.04,88.78,0.98,19.63
2010-09-17,45.75,21.85,88.47,88.77,0.97,19.7
2010-09-18,53.49,20.81,89.7,88.8,1.27,18.96
2010-09-19,68.23,20.67,88.74,88.93,1.03,18.69
2010-09-20,8.65,21.98,83.9,88.92,1.14,18.92
2010-09-21,7.27,22.09,89.84,88.9,1.44,20.25
2010-09-22,11.23,22.14,91.03,88.94,1.42,20.51
2010-09-23,1.74,20.91,89.57,88.96,1.79,18.99
2010-09-24,3.07,20.74,86.05,88.93,1.11,18.13
2010-09-25,0.39,21.04,87.28,89.02,1.21,18.62
2010-09-26,0.0,21.44,80.01,89.16,1.09,17.6
2010-09-27,0.0,21.21,80.92,89.15,1.21,17.52
2010-09-28,0.0,20.95,78.77,89.12,1.22,16.8
2010-09-29,0.0,20.99,77.07,89.2,1.12,16.42
2010-09-30,0.0,20.73,78.41,89.21,1.13,16.48
2010-10-01,2.43,21.27,80.96,89.19,1.14,17.61
2010-10-02,0.12,21.34,85.44,89.21,1.09,18.56
2010-10-03,0.0,21.41,79.63,89.2,1.04,17.42
2010-10-04,0.0,20.76,76.66,89.1,1.09,16.11
2010-10-05,0.0,20.66,80.96,89.01,0.87,17.04
2010-10-06,0.0,20.65,84.14,89.03,0.83,17.57
2010-10-07,0.02,20.75,80.18,89.01,1.04,16.93
2010-10-08,0.01,20.18,86.01,88.85,1.37,17.59
2010-10-09,0.0,19.96,87.77,88.58,1.46,17.66
2010-10-10,0.0,19.69,80.73,88.63,1.14,15.94
2010-10-11,0.0,19.37,77.87,88.97,1.29,15.08
2010-10-12,0.0,18.86,78.52,89.17,1.5,14.68
2010-10-13,0.0,18.87,78.48,89.08,1.25,14.78
2010-10-14,0.0,20.06,79.56,88.97,1.19,16.11
2010-10-15,0.0,20.45,81.76,89.04,1.09,16.8
2010-10-16,0.0,20.84,81.55,89.11,1.14,17.24
2010-10-17,0.0,21.06,86.09,89.14,0.87,18.47
2010-10-18,0.0,20.4,90.57,89.26,1.07,18.66
2010-10-19,0.02,21.23,86.36,89.28,0.87,18.64
2010-10-20,0.03,21.04,79.11,89.18,1.0,16.9
2010-10-21,4.27,19.87,77.06,88.92,0.99,15.39
2010-10-22,3.88,18.49,78.6,88.8,1.08,14.28
2010-10-23,0.04,17.67,78.92,88.95,1.2,13.61
2010-10-24,0.0,17.8,68.65,88.95,1.18,11.3
2010-10-25,0.0,17.58,55.09,89.22,1.21,7.91
2010-10-26,0.0,17.53,57.16,89.38,1.21,8.45
2010-10-27,0.0,16.3,56.91,89.47,1.32,7.25
2010-10-28,0.0,16.7,52.0,89.36,1.24,6.04
2010-10-29,0.0,16.78,64.07,89.55,1.23,9.5
2010-10-30,0.0,17.64,72.63,89.72,1.02,12.39
2010-10-31,0.0,17.12,71.31,89.66,1.03,11.41
2010-11-01,0.0,16.09,72.85,89.4,1.29,10.85
2010-11-02,0.0,15.9,72.88,89.44,1.28,10.71
2010-11-03,0.0,16.13,72.92,89.56,1.13,10.87
2010-11-04,0.0,16.11,73.58,89.5,1.05,11.07
2010-11-05,0.0,17.46,75.2,89.51,1.14,12.7
2010-11-06,0.0,18.16,74.52,89.47,1.06,13.13
2010-11-07,0.0,18.29,75.49,89.55,1.16,13.47
2010-11-08,0.0,18.24,75.79,89.7,1.05,13.45
2010-11-09,0.0,17.79,74.28,89.8,0.98,12.62
2010-11-10,0.0,15.68,71.38,89.52,1.02,9.99
2010-11-11,0.0,15.75,62.48,89.32,1.07,8.18
2010-11-12,0.0,15.77,56.77,89.07,1.16,6.65
2010-11-13,0.34,15.39,59.19,89.22,1.23,6.52
2010-11-14,5.07,15.91,57.39,89.62,1.12,6.92
2010-11-15,0.0,17.26,54.89,89.67,1.27,7.48
2010-11-16,1.01,17.16,64.84,89.5,1.23,9.89
2010-11-17,0.85,17.52,71.43,89.49,1.22,11.8
2010-11-18,8.16,15.52,79.62,89.55,1.17,11.84
2010-11-19,0.63,14.9,76.69,89.35,1.26,10.51
2010-11-20,0.0,12.83,73.68,89.04,1.08,7.83
2010-11-21,0.0,13.63,65.16,88.98,1.17,6.7
2010-11-22,0.46,14.03,66.5,89.22,1.12,7.34
2010-11-23,0.01,15.21,59.55,89.32,1.07,6.87
2010-11-24,2.27,16.05,57.02,89.42,1.03,6.93
2010-11-25,0.15,17.27,69.09,89.41,0.97,11.04
2010-11-26,0.0,16.78,69.05,89.22,1.26,10.19
2010-11-27,0.0,16.08,70.47,89.19,1.16,10.11
2010-11-28,0.0,14.63,71.1,89.4,1.18,8.65
2010-11-29,0.0,13.39,64.99,89.45,1.3,6.15
2010-11-30,0.0,12.95,52.01,89.23,1.27,2.37
2010-12-01,0.0,12.22,62.81,89.31,1.06,4.83
2010-12-02,0.0,11.94,69.09,89.44,1.17,5.94
2010-12-03,0.0,11.71,64.65,89.46,1.22,4.77
2010-12-04,0.0,12.69,58.68,89.41,1.12,4.23
2010-12-05,0.0,13.29,55.18,89.37,1.15,3.8
2010-12-06,0.0,13.72,51.28,89.47,1.3,2.87
2010-12-07,0.0,13.86,46.55,89.48,1.37,1.74
2010-12-08,0.0,14.07,46.95,89.29,1.37,1.97
2010-12-09,0.0,14.03,56.05,89.14,1.18,4.78
2010-12-10,0.0,12.91,69.84,88.97,1.11,7.12
2010-12-11,0.0,11.54,75.67,88.78,1.12,6.56
2010-12-12,0.0,10.74,61.83,88.64,1.16,2.91
2010-12-13,0.0,10.6,54.59,89.11,1.06,1.37
2010-12-14,0.0,10.1,54.32,89.2,1.2,0.53
2010-12-15,0.0,10.72,50.94,89.25,1.14,0.23
2010-12-16,0.0,11.55,50.77,89.34,1.12,1.09
2010-12-17,0.0,11.54,44.34,89.35,1.33,-1.0
2010-12-18,0.0,10.38,45.68,89.33,1.59,-1.99
2010-12-19,0.0,9.68,42.3,89.52,1.34,-3.46
2010-12-20,0.0,10.7,40.88,89.5,1.29,-3.04
2010-12-21,0.0,10.11,43.19,89.26,1.15,-2.57
2010-12-22,0.0,10.53,45.7,89.0,1.15,-1.41
2010-12-23,0.0,10.71,49.46,89.15,1.18,0.08
2010-12-24,0.0,10.56,51.94,89.3,1.29,0.16
2010-12-25,0.0,10.44,46.18,89.26,1.26,-1.64
2010-12-26,0.0,9.95,48.89,89.36,1.3,-1.05
2010-12-27,0.0,11.01,42.56,89.4,1.13,-2.08
2010-12-28,0.07,11.55,38.48,89.44,1.43,-3.2
2010-12-29,0.8,13.08,51.29,89.43,1.31,2.08
2010-12-30,9.74,13.13,68.77,89.36,1.05,6.9
2010-12-31,7.63,6.22,91.15,89.14,1.82,4.8
2011-01-01,0.0,6.74,70.51,89.08,1.34,0.84
2011-01-02,0.72,9.41,50.93,89.14,1.25,-1.18
2011-01-03,0.0,8.7,52.82,89.4,1.18,-1.23
2011-01-04,0.0,8.88,52.61,89.35,1.01,-1.2
2011-01-05,0.0,10.14,42.84,89.23,1.24,-2.97
2011-01-06,0.0,11.21,32.1,89.39,1.28,-5.59
2011-01-07,0.0,11.32,33.7,89.35,1.23,-4.94
2011-01-08,0.0,9.78,40.91,89.25,1.27,-3.41
2011-01-09,0.0,7.95,49.99,89.25,1.35,-2.37
2011-01-10,0.24,7.89,51.33,89.15,1.42,-2.53
2011-01-11,2.51,9.91,40.62,89.03,1.33,-3.83
2011-01-12,0.0,10.44,48.58,89.06,1.44,-0.73
2011-01-13,0.0,10.75,42.23,89.21,1.52,-2.53
2011-01-14,0.11,11.1,51.83,89.28,1.36,0.64
2011-01-15,3.58,8.51,82.41,89.31,1.48,5.61
2011-01-16,0.0,6.05,67.91,89.03,1.27,-0.47
2011-01-17,0.04,8.52,49.42,88.95,1.57,-2.78
2011-01-18,0.0,8.6,64.69,89.12,1.53,1.55
2011-01-19,0.0,8.28,56.37,89.04,1.39,-0.92
2011-01-20,0.0,8.84,50.79,89.36,1.27,-1.34
2011-01-21,0.0,9.9,51.29,89.36,1.61,-0.44
2011-01-22,0.0,10.29,53.85,89.42,1.45,0.63
2011-01-23,0.0,10.27,43.06,89.6,1.43,-2.59
2011-01-24,0.0,10.05,38.65,89.56,1.41,-4.32
2011-01-25,0.0,9.99,36.09,89.6,1.47,-4.94
2011-01-26,0.32,8.71,54.72,89.74,1.36,-0.7
2011-01-27,0.0,9.8,45.28,89.63,1.36,-2.83
2011-01-28,0.0,10.63,42.33,89.52,1.44,-2.22
2011-01-29,0.0,10.68,46.89,89.45,1.36,-0.65
2011-01-30,0.0,10.26,57.33,89.56,1.2,1.81
2011-01-31,0.0,10.36,59.86,89.55,1.38,1.59
2011-02-01,0.0,11.52,48.86,89.43,1.51,-0.44
2011-02-02,0.0,12.26,44.44,89.47,1.33,-0.28
2011-02-03,0.0,13.66,44.44,89.5,1.26,1.01
2011-02-04,0.0,15.98,42.07,89.47,1.43,2.18
2011-02-05,0.0,15.97,42.68,89.43,1.55,2.23
2011-02-06,0.0,15.66,42.84,89.41,1.08,2.17
2011-02-07,3.17,15.02,51.34,89.24,1.63,4.53
2011-02-08,3.52,12.94,60.93,89.02,1.51,4.58
2011-02-09,2.73,12.93,39.97,88.99,1.56,-1.85
2011-02-10,0.0,13.38,34.93,89.2,1.52,-3.06
2011-02-11,0.0,13.15,39.01,89.32,1.56,-1.84
2011-02-12,0.0,15.02,41.79,89.18,1.9,1.04
2011-02-13,0.32,16.24,44.55,89.13,1.47,3.26
2011-02-14,2.75,12.74,66.28,89.12,1.85,6.38
2011-02-15,10.68,11.1,85.45,89.21,1.47,8.64
2011-02-16,15.28,9.15,81.15,89.1,1.27,5.92
2011-02-17,1.29,9.09,74.47,89.28,0.97,4.57
2011-02-18,0.0,10.63,61.85,89.19,1.35,2.6
2011-02-19,0.0,12.08,55.56,89.48,1.35,2.81
2011-02-20,0.88,12.29,55.45,89.56,1.33,2.71
2011-02-21,1.67,12.19,57.31,89.5,1.61,3.02
2011-02-22,0.0,12.33,47.97,89.47,1.41,0.83
2011-02-23,0.0,13.92,48.73,89.55,1.53,2.71
2011-02-24,0.92,13.46,55.0,89.42,1.34,3.64
2011-02-25,2.02,12.52,61.82,89.22,1.23,4.85
2011-02-26,1.33,11.57,63.98,89.37,1.32,4.62
2011-02-27,0.19,11.26,57.31,89.66,1.51,1.71
2011-02-28,0.0,12.75,41.68,89.53,1.62,-1.74
2011-03-01,0.06,12.4,51.45,89.49,1.26,2.17
2011-03-02,0.91,13.0,59.23,89.41,1.25,4.56
2011-03-03,0.35,13.65,65.24,89.46,1.22,6.81
2011-03-04,1.45,13.22,65.4,89.36,1.09,6.58
2011-03-05,0.0,14.73,47.63,89.36,1.47,1.73
2011-03-06,0.0,14.85,37.33,89.5,2.0,-1.35
2011-03-07,0.0,15.51,35.24,89.45,2.07,-1.7
2011-03-08,0.0,15.72,39.58,89.19,2.11,0.49
2011-03-09,0.0,15.08,44.22,89.21,1.68,1.9
2011-03-10,0.0,14.38,44.58,89.46,1.53,1.36
2011-03-11,0.0,14.83,42.87,89.31,1.38,0.78
2011-03-12,0.0,15.44,43.0,89.26,1.55,1.72
2011-03-13,0.0,16.7,41.12,89.17,1.62,2.19
2011-03-14,0.0,17.84,39.45,89.19,1.51,2.92
2011-03-15,0.0,19.71,38.21,89.35,1.52,3.49
2011-03-16,0.0,19.24,38.55,89.15,1.82,3.29
2011-03-17,0.0,19.8,40.01,89.03,1.54,4.97
2011-03-18,0.0,20.26,43.91,88.92,1.58,6.71
2011-03-19,0.12,19.8,44.09,88.7,1.35,6.37
2011-03-20,0.17,19.44,42.04,88.69,2.09,5.3
2011-03-21,0.0,16.55,33.77,88.9,1.68,-1.38
2011-03-22,0.0,18.92,30.36,89.03,1.84,-1.14
2011-03-23,0.0,19.35,29.81,89.23,1.84,-0.64
2011-03-24,0.0,19.76,35.45,89.23,1.8,2.6
2011-03-25,0.0,19.91,39.51,89.17,1.7,4.36
2011-03-26,0.0,20.07,38.62,89.21,1.57,4.22
2011-03-27,0.0,20.75,37.73,89.13,1.75,4.52
2011-03-28,0.0,20.67,40.08,89.11,1.69,5.37
2011-03-29,2.17,20.7,44.44,89.23,1.67,7.18
2011-03-30,0.15,19.65,47.36,89.21,1.89,7.03
2011-03-31,0.0,18.88,35.68,89.1,2.21,1.43
2011-04-01,0.0,19.45,33.23,89.11,2.21,1.5
2011-04-02,0.0,20.32,33.58,89.18,1.66,2.09
2011-04-03,0.06,19.94,36.99,89.26,1.72,3.68
2011-04-04,0.0,18.35,30.43,89.3,1.75,-1.07
2011-04-05,0.0,19.49,27.49,89.42,1.93,-1.11
2011-04-06,0.0,20.14,26.75,89.37,1.84,-1.18
2011-04-07,0.0,20.39,31.66,89.32,1.68,1.39
2011-04-08,0.0,19.51,32.54,89.25,1.77,0.48
2011-04-09,0.0,20.88,27.94,89.33,1.7,0.06
2011-04-10,0.13,21.1,32.34,89.54,1.53,2.72
2011-04-11,0.01,21.57,40.85,89.35,1.99,7.01
2011-04-12,2.21,21.74,48.09,89.28,1.83,9.54
2011-04-13,5.5,21.5,50.45,89.26,1.49,10.11
2011-04-14,1.57,21.43,48.03,89.14,1.56,8.83
2011-04-15,0.0,21.67,41.46,89.03,1.68,6.92
2011-04-16,0.06,23.36,38.67,89.16,1.82,7.01
2011-04-17,1.66,24.39,43.83,89.15,1.48,10.37
2011-04-18,12.59,22.75,55.3,89.06,1.81,12.46
2011-04-19,0.0,21.97,39.05,89.05,1.9,4.8
2011-04-20,0.0,21.19,32.5,89.07,1.83,2.31
2011-04-21,0.0,21.36,32.33,89.11,1.76,2.29
2011-04-22,0.0,22.12,31.7,89.02,1.87,2.84
2011-04-23,0.0,23.44,32.17,88.9,1.56,4.48
2011-04-24,0.0,24.97,33.0,88.9,1.57,6.51
2011-04-25,0.0,25.71,32.01,88.88,1.73,6.35
2011-04-26,0.0,24.9,34.53,89.05,1.93,7.24
2011-04-27,0.0,23.67,47.98,89.03,1.54,11.34
2011-04-28,0.0,25.07,45.72,88.8,1.61,11.8
2011-04-29,0.0,26.54,33.33,88.76,1.91,7.81
2011-04-30,0.0,26.58,29.82,88.94,2.08,5.72
2011-05-01,0.01,26.73,28.89,88.85,2.27,5.85
2011-05-02,0.27,26.86,32.11,88.66,1.96,7.73
2011-05-03,0.01,28.02,30.84,88.62,1.78,8.22
2011-05-04,0.04,28.45,33.14,88.74,1.7,9.46
2011-05-05,0.93,27.5,36.19,88.88,1.95,10.43
2011-05-06,6.78,26.44,43.53,88.9,1.61,12.14
2011-05-07,0.02,25.45,44.56,88.77,1.94,11.58
2011-05-08,0.0,25.46,37.38,88.57,1.98,8.31
2011-05-09,0.0,27.0,29.02,88.5,2.37,5.56
2011-05-10,0.0,27.9,24.43,88.53,2.37,4.1
2011-05-11,0.0,28.22,25.67,88.56,2.29,5.28
2011-05-12,0.03,29.22,23.3,88.58,1.99,4.66
2011-05-13,1.67,28.2,28.3,88.76,2.16,6.74
2011-05-14,0.0,28.07,23.54,88.81,2.08,3.45
2011-05-15,0.0,29.04,20.52,88.92,1.71,3.02
2011-05-16,0.0,30.73,20.67,89.14,1.7,4.91
2011-05-17,0.12,30.0,22.82,89.12,1.85,5.94
2011-05-18,0.58,30.85,24.65,88.83,2.08,7.55
2011-05-19,0.21,30.41,27.19,88.6,1.96,8.95
2011-05-20,7.34,27.41,47.23,88.45,1.78,14.56
2011-05-21,3.76,26.95,55.87,88.35,1.9,16.43
2011-05-22,0.89,25.74,57.8,88.58,1.92,16.4
2011-05-23,0.0,26.57,43.26,88.6,2.55,11.34
2011-05-24,0.0,27.92,30.08,88.58,1.82,7.43
2011-05-25,0.96,29.9,33.57,88.66,1.72,11.16
2011-05-26,18.26,28.55,47.49,88.82,1.54,15.61
2011-05-27,1.22,27.4,48.82,88.81,1.72,14.66
2011-05-28,0.01,27.44,44.85,88.67,2.01,13.4
2011-05-29,13.88,27.67,48.24,88.72,1.25,15.14
2011-05-30,12.16,27.2,52.78,88.65,1.71,15.81
2011-05-31,5.57,26.09,54.37,88.45,1.66,15.67
2011-06-01,11.61,25.84,55.59,88.55,1.49,15.86
2011-06-02,2.87,26.24,42.85,88.79,1.71,10.94
2011-06-03,0.0,26.73,36.08,88.77,1.84,8.44
2011-06-04,0.0,26.73,35.27,88.6,1.63,8.49
2011-06-05,1.15,28.02,36.3,88.64,1.64,10.45
2011-06-06,6.53,27.59,45.83,88.71,1.65,13.72
2011-06-07,1.51,27.88,45.88,88.54,1.71,14.07
2011-06-08,2.31,27.06,42.68,88.46,1.78,12.19
2011-06-09,18.84,24.74,55.78,88.42,1.45,14.69
2011-06-10,16.87,23.58,64.39,88.35,1.64,16.02
2011-06-11,2.1,25.88,57.79,88.27,1.42,16.11
2011-06-12,0.26,27.07,55.59,88.46,1.65,16.68
2011-06-13,0.0,27.2,51.23,88.46,1.76,15.09
2011-06-14,6.6,27.9,53.82,88.35,1.46,16.91
2011-06-15,8.39,25.82,66.63,88.29,1.4,18.59
2011-06-16,0.62,25.98,67.45,88.16,1.16,18.98
2011-06-17,5.39,26.74,67.12,88.1,1.31,19.89
2011-06-18,6.73,26.43,70.69,88.23,1.35,20.17
2011-06-19,4.0,27.15,61.92,88.14,1.37,18.4
2011-06-20,7.9,27.02,68.0,88.32,1.3,20.05
2011-06-21,0.15,27.92,60.84,88.33,1.5,19.24
2011-06-22,0.04,27.91,63.91,88.2,1.44,20.05
2011-06-23,6.83,27.48,65.86,88.16,1.52,20.07
2011-06-24,12.76,27.31,70.4,88.08,1.41,21.09
2011-06-25,3.26,26.58,72.88,88.02,1.58,20.85
2011-06-26,26.72,24.74,85.44,88.2,1.4,22.03
2011-06-27,4.69,24.31,78.28,88.19,1.63,20.1
2011-06-28,12.9,24.68,78.11,88.14,1.53,20.38
2011-06-29,28.59,23.95,79.91,88.24,1.17,20.04
2011-06-30,106.83,23.9,83.24,88.2,1.17,20.73
2011-07-01,69.76,24.27,81.65,88.25,1.96,20.78
2011-07-02,0.67,23.84,80.75,88.24,1.95,20.04
2011-07-03,0.09,25.05,75.45,88.33,1.57,20.15
2011-07-04,0.06,25.18,74.77,88.54,1.19,20.05
2011-07-05,19.61,24.16,84.89,88.72,1.45,21.31
2011-07-06,12.76,24.36,84.43,88.7,1.43,21.33
2011-07-07,8.8,22.8,87.04,88.69,1.8,20.42
2011-07-08,2.39,23.88,84.61,88.78,1.32,20.96
2011-07-09,7.04,24.28,86.28,88.57,1.71,21.66
2011-07-10,40.08,23.54,91.04,88.46,1.56,21.89
2011-07-11,19.67,24.41,83.3,88.34,1.06,21.2
2011-07-12,11.18,24.75,83.54,88.28,1.11,21.59
2011-07-13,3.93,23.83,91.43,88.38,1.4,22.29
2011-07-14,7.68,23.44,94.67,88.32,2.06,22.5
2011-07-15,30.77,23.07,94.96,88.37,1.45,22.18
2011-07-16,14.78,23.37,86.68,88.35,1.24,20.83
2011-07-17,39.58,22.97,86.58,88.29,1.22,20.47
2011-07-18,15.59,23.62,84.25,88.22,0.99,20.62
2011-07-19,14.19,24.87,85.19,88.04,1.21,22.05
2011-07-20,24.46,24.07,90.72,88.0,1.45,22.39
2011-07-21,8.12,23.31,91.19,88.15,1.19,21.72
2011-07-22,5.05,24.11,84.06,88.23,1.46,21.06
2011-07-23,7.29,23.51,86.44,88.33,0.83,21.03
2011-07-24,11.04,23.79,86.9,88.56,1.26,21.38
2011-07-25,0.6,24.53,84.08,88.88,1.24,21.41
2011-07-26,7.07,23.86,90.47,88.88,1.03,22.15
2011-07-27,36.79,23.75,85.78,88.63,0.67,21.08
2011-07-28,16.64,23.31,94.26,88.4,1.81,22.29
2011-07-29,9.9,23.75,89.82,88.5,1.3,21.83
2011-07-30,1.76,24.27,88.66,88.34,1.32,22.14
2011-07-31,18.94,24.36,91.77,88.21,1.57,22.84
2011-08-01,4.36,24.32,91.46,88.21,1.43,22.75
2011-08-02,7.87,24.17,93.12,88.26,1.42,22.94
2011-08-03,3.75,23.45,94.65,88.35,1.33,22.5
2011-08-04,17.96,23.49,89.42,88.35,1.05,21.56
2011-08-05,26.17,24.53,85.38,88.22,1.06,21.78
2011-08-06,12.23,24.47,88.08,88.16,1.19,22.23
2011-08-07,0.6,24.03,85.59,88.29,1.43,21.3
2011-08-08,2.15,23.59,88.32,88.44,1.52,21.46
2011-08-09,1.65,23.93,82.66,88.41,1.5,20.6
2011-08-10,3.15,23.92,84.63,88.38,1.23,20.97
2011-08-11,11.27,23.34,88.8,88.42,1.79,21.27
2011-08-12,15.52,22.2,87.73,88.4,1.55,19.98
2011-08-13,10.3,23.61,83.76,88.46,1.14,20.58
2011-08-14,24.19,23.14,88.21,88.62,1.62,21.0
2011-08-15,44.54,21.98,93.23,88.61,2.65,20.81
2011-08-16,96.9,22.67,91.29,88.55,1.9,21.09
2011-08-17,36.34,23.3,83.83,88.35,0.9,20.12
2011-08-18,49.81,22.72,85.46,88.51,1.17,19.99
2011-08-19,17.98,22.69,88.71,88.72,1.37,20.6
2011-08-20,1.36,22.69,86.45,88.93,1.52,20.18
2011-08-21,0.84,23.55,83.48,88.85,1.24,20.36
2011-08-22,10.38,24.07,86.74,88.73,1.31,21.6
2011-08-23,26.69,22.55,95.55,88.67,1.63,21.79
2011-08-24,5.76,23.45,87.63,88.68,1.03,21.12
2011-08-25,2.27,23.92,88.34,88.71,1.26,21.72
2011-08-26,9.16,22.85,93.69,88.74,1.59,21.73
2011-08-27,5.94,22.76,88.89,88.77,0.91,20.76
2011-08-28,0.13,24.48,80.15,88.74,0.93,20.57
2011-08-29,3.33,23.85,89.23,88.82,1.3,21.89
2011-08-30,6.73,23.96,82.98,88.86,1.18,20.64
2011-08-31,0.41,24.19,85.83,88.77,1.25,21.46
2011-09-01,0.26,24.33,83.82,88.69,1.15,21.11
2011-09-02,3.84,23.94,82.79,88.56,1.17,20.58
2011-09-03,5.76,24.07,84.0,88.6,1.08,21.03
2011-09-04,2.22,23.56,84.55,88.75,1.31,20.65
2011-09-05,2.43,24.1,83.63,88.73,1.17,20.94
2011-09-06,19.94,23.39,89.12,88.57,1.34,21.37
2011-09-07,12.03,23.08,87.52,88.44,1.1,20.71
2011-09-08,69.03,23.44,89.49,88.43,1.01,21.49
2011-09-09,20.51,22.97,92.1,88.76,1.22,21.56
2011-09-10,3.71,23.26,86.66,88.88,1.09,20.82
2011-09-11,7.73,22.81,87.65,88.75,1.3,20.53
2011-09-12,4.7,23.26,85.76,88.76,1.19,20.54
2011-09-13,8.43,23.35,89.05,88.7,1.0,21.34
2011-09-14,31.87,23.57,90.76,88.55,1.55,21.88
2011-09-15,43.31,22.8,93.9,88.57,1.15,21.71
2011-09-16,21.27,21.75,91.79,88.66,0.95,20.27
2011-09-17,0.07,22.22,85.65,88.5,1.22,19.52
2011-09-18,0.0,21.99,87.49,88.6,1.19,19.55
2011-09-19,0.0,22.12,82.46,88.83,1.1,18.69
2011-09-20,0.0,21.89,82.45,88.87,1.17,18.46
2011-09-21,0.0,21.91,81.24,88.71,1.17,18.23
2011-09-22,0.01,22.23,81.98,88.76,1.14,18.77
2011-09-23,0.04,22.74,83.13,88.75,1.06,19.5
2011-09-24,11.7,22.75,81.53,88.76,1.17,19.11
2011-09-25,3.71,21.78,83.96,88.87,1.27,18.68
2011-09-26,0.0,21.23,82.06,88.9,1.45,17.75
2011-09-27,0.0,21.22,78.81,88.85,1.08,17.03
2011-09-28,0.02,21.02,86.73,88.82,1.18,18.5
2011-09-29,0.4,20.78,84.4,88.87,1.29,17.75
2011-09-30,0.0,20.46,82.32,88.95,1.16,17.03
2011-10-01,0.16,20.6,84.09,88.84,1.3,17.54
2011-10-02,0.0,20.71,85.29,88.75,1.35,17.91
2011-10-03,0.03,21.02,88.94,88.78,1.31,18.95
2011-10-04,2.3,20.86,88.06,88.94,1.0,18.66
2011-10-05,0.68,21.2,88.28,89.24,1.05,19.01
2011-10-06,0.01,21.1,86.84,89.37,1.08,18.57
2011-10-07,6.2,20.87,80.94,89.31,1.1,17.18
2011-10-08,1.95,20.96,79.15,89.33,1.03,16.88
2011-10-09,0.0,20.57,80.1,89.39,1.11,16.67
2011-10-10,0.0,20.26,76.52,89.43,1.12,15.65
2011-10-11,0.0,20.21,71.97,89.48,1.2,14.63
2011-10-12,0.0,20.1,73.47,89.33,1.13,14.85
2011-10-13,0.0,20.04,71.95,89.16,1.11,14.54
2011-10-14,0.0,19.61,73.36,89.1,1.22,14.39
2011-10-15,0.0,19.5,63.65,89.08,1.23,11.99
2011-10-16,0.0,18.91,60.06,89.18,1.13,10.63
2011-10-17,0.0,18.71,64.26,89.3,1.25,11.59
2011-10-18,0.0,19.09,66.91,89.33,1.15,12.41
2011-10-19,0.0,19.33,64.65,89.1,1.11,12.1
2011-10-20,0.0,18.63,74.61,89.12,1.21,13.58
2011-10-21,0.0,17.49,75.6,89.26,1.2,12.7
2011-10-22,0.0,16.98,73.04,89.27,1.3,11.7
2011-10-23,0.0,18.0,70.39,89.37,1.24,12.1
2011-10-24,0.0,18.31,67.55,89.43,1.36,11.79
2011-10-25,0.0,17.52,65.27,89.39,1.2,10.52
2011-10-26,0.0,16.5,64.79,89.45,1.31,9.33
2011-10-27,0.0,16.43,62.53,89.4,1.17,8.9
2011-10-28,0.0,16.54,64.49,89.42,1.16,9.47
2011-10-29,0.0,16.59,68.37,89.42,1.17,10.46
2011-10-30,0.0,15.77,69.66,89.22,1.18,9.82
2011-10-31,0.0,15.9,65.06,89.3,1.22,8.84
2011-11-01,0.0,15.13,69.68,89.32,1.32,9.17
2011-11-02,0.0,14.81,70.68,89.24,1.23,9.0
2011-11-03,0.0,15.34,70.57,89.27,1.35,9.66
2011-11-04,0.0,15.29,68.32,89.41,1.3,8.82
2011-11-05,0.0,15.3,69.66,89.39,1.39,9.26
2011-11-06,0.0,14.79,68.61,89.21,1.35,8.46
2011-11-07,0.0,15.01,65.71,89.32,1.09,8.04
2011-11-08,0.0,15.35,59.86,89.41,1.09,7.14
2011-11-09,0.0,15.96,61.08,89.38,1.16,8.01
2011-11-10,0.0,16.38,69.39,89.36,1.05,10.42
2011-11-11,0.0,17.42,75.5,89.31,1.2,12.69
2011-11-12,0.0,17.29,77.72,89.32,1.26,13.03
2011-11-13,0.0,16.22,75.31,89.47,1.08,11.45
2011-11-14,0.0,14.95,65.11,89.51,1.14,7.92
2011-11-15,0.0,13.62,70.17,89.52,1.41,7.76
2011-11-16,0.0,13.27,68.97,89.32,1.36,6.95
2011-11-17,0.0,13.87,61.22,89.32,1.26,5.87
2011-11-18,0.0,14.25,59.75,89.38,1.14,6.04
2011-11-19,0.0,15.05,63.35,89.48,1.23,7.52
2011-11-20,0.0,15.02,65.8,89.62,1.07,8.0
2011-11-21,0.0,15.29,66.98,89.72,1.12,8.69
2011-11-22,0.0,15.54,70.03,89.66,1.02,9.66
2011-11-23,0.0,16.44,64.63,89.72,1.17,9.28
2011-11-24,0.0,16.35,66.66,89.78,1.16,9.53
2011-11-25,0.0,15.77,64.1,89.6,1.13,8.28
2011-11-26,0.0,14.54,60.16,89.48,1.01,6.15
2011-11-27,0.0,13.64,59.4,89.44,1.03,5.21
2011-11-28,0.0,13.02,58.24,89.27,1.25,4.24
2011-11-29,0.0,12.9,54.11,89.17,1.38,3.07
2011-11-30,0.0,13.6,49.78,89.21,0.89,2.78
2011-12-01,0.0,13.43,59.47,89.41,1.18,5.33
2011-12-02,0.0,14.6,60.83,89.32,1.22,6.34
2011-12-03,0.0,13.35,54.22,89.02,1.36,3.27
2011-12-04,0.0,12.82,48.03,89.09,1.27,1.15
2011-12-05,0.0,13.16,45.65,89.3,1.21,0.81
2011-12-06,0.01,13.64,45.16,89.45,1.24,1.16
2011-12-07,0.1,14.77,47.29,89.54,1.28,2.75
2011-12-08,0.01,15.37,49.65,89.51,1.28,3.95
2011-12-09,2.56,14.63,62.03,89.48,1.12,6.8
2011-12-10,0.0,12.78,73.74,89.28,1.06,7.62
2011-12-11,0.0,11.88,73.0,89.35,1.19,6.59
2011-12-12,0.0,10.87,69.93,89.57,1.21,4.96
2011-12-13,0.0,11.0,48.72,89.54,1.44,-0.68
2011-12-14,0.0,10.92,38.25,89.53,1.4,-3.93
2011-12-15,0.0,10.24,38.36,89.54,1.34,-4.02
2011-12-16,0.0,10.13,38.31,89.52,1.45,-4.13
2011-12-17,0.0,10.07,39.61,89.47,1.29,-3.99
2011-12-18,0.0,10.3,41.87,89.62,1.15,-2.57
2011-12-19,0.0,10.91,39.7,89.52,1.15,-2.98
2011-12-20,0.0,10.85,39.85,89.57,1.28,-2.95
2011-12-21,0.0,11.4,37.98,89.6,1.28,-3.41
2011-12-22,0.0,11.26,40.75,89.54,1.33,-2.91
2011-12-23,0.0,11.88,34.13,89.38,1.28,-4.72
2011-12-24,0.0,11.22,34.55,89.31,1.3,-4.81
2011-12-25,0.0,11.17,36.01,89.38,1.3,-4.2
2011-12-26,0.0,11.26,38.05,89.41,1.32,-3.18
2011-12-27,0.0,11.61,41.01,89.46,1.3,-2.04
2011-12-28,0.0,12.19,40.72,89.67,1.37,-1.68
2011-12-29,0.0,12.61,36.17,89.68,1.28,-3.05
2011-12-30,0.0,12.42,40.44,89.72,1.36,-1.78
2011-12-31,1.05,12.13,48.33,89.77,1.59,1.0
2012-01-01,12.97,10.67,70.46,89.43,1.12,4.97
2012-01-02,0.0,10.53,72.27,89.43,1.15,5.32
2012-01-03,0.0,10.42,57.66,89.36,1.32,1.83
2012-01-04,0.0,10.18,56.59,89.37,1.32,1.34
2012-01-05,0.01,9.82,64.13,89.43,1.24,2.69
2012-01-06,7.17,8.74,69.99,89.52,1.49,3.15
2012-01-07,4.63,8.22,83.35,89.69,1.61,5.4
2012-01-08,2.27,7.97,78.51,89.68,1.6,4.42
2012-01-09,3.95,7.21,83.33,89.6,0.93,4.38
2012-01-10,0.0,7.17,65.18,89.64,1.27,0.47
2012-01-11,0.41,7.43,55.63,89.61,1.22,-1.56
2012-01-12,0.55,6.58,54.78,89.48,1.51,-2.34
2012-01-13,0.0,7.22,42.28,89.43,1.47,-5.84
2012-01-14,0.05,8.76,40.06,89.24,1.72,-4.87
2012-01-15,0.36,10.58,57.79,89.2,1.86,1.95
2012-01-16,6.36,6.81,84.86,89.05,2.03,4.38
2012-01-17,0.85,9.1,72.19,88.98,1.23,4.09
2012-01-18,0.1,8.59,67.53,88.98,1.42,2.47
2012-01-19,0.0,7.09,68.11,89.13,1.55,0.99
2012-01-20,0.0,7.16,66.15,89.27,1.31,0.92
2012-01-21,0.0,8.12,48.62,89.32,1.6,-3.21
2012-01-22,0.0,9.73,37.25,89.4,1.04,-4.8
2012-01-23,0.0,10.45,46.76,89.45,1.44,-1.18
2012-01-24,0.0,10.0,40.08,89.33,1.53,-4.33
2012-01-25,0.0,10.39,41.37,89.36,1.48,-3.19
2012-01-26,0.0,9.88,56.41,89.44,1.56,1.05
2012-01-27,0.0,9.69,48.06,89.3,1.18,-1.78
2012-01-28,0.0,8.65,47.13,89.33,1.48,-2.47
2012-01-29,0.0,9.28,44.57,89.41,1.4,-3.06
2012-01-30,0.0,9.68,43.18,89.6,1.53,-2.8
2012-01-31,0.0,9.48,43.45,89.67,1.43,-3.07
2012-02-01,0.0,9.2,44.91,89.56,1.55,-3.08
2012-02-02,0.0,10.7,37.91,89.51,1.46,-4.04
2012-02-03,0.01,11.37,40.83,89.57,1.32,-2.33
2012-02-04,0.65,11.91,48.54,89.43,1.35,0.75
2012-02-05,0.02,12.02,55.87,89.53,1.7,3.02
2012-02-06,0.07,13.2,52.19,89.44,1.37,2.77
2012-02-07,0.32,12.72,52.62,89.3,1.55,2.57
2012-02-08,0.58,8.2,68.95,89.03,1.89,2.58
2012-02-09,0.0,7.16,47.3,89.24,1.46,-4.44
2012-02-10,0.0,10.26,36.51,89.24,1.54,-5.13
2012-02-11,0.0,9.8,39.78,89.34,1.55,-4.1
2012-02-12,0.0,10.49,47.4,89.32,1.69,-1.04
2012-02-13,0.0,11.23,59.0,89.36,2.27,2.72
2012-02-14,0.0,11.2,61.74,89.52,1.22,3.55
2012-02-15,0.08,11.33,57.09,89.37,1.56,2.65
2012-02-16,0.01,10.46,60.61,89.37,1.42,2.46
2012-02-17,0.0,12.21,41.3,89.48,1.29,-2.24
2012-02-18,0.0,13.26,35.73,89.45,1.65,-2.99
2012-02-19,0.0,13.78,42.75,89.27,2.04,0.27
2012-02-20,0.0,14.13,52.38,89.15,1.96,3.76
2012-02-21,0.0,15.65,48.48,89.1,1.38,4.32
2012-02-22,0.0,15.19,49.46,89.22,1.7,3.62
2012-02-23,0.0,16.48,41.56,89.2,1.5,2.4
2012-02-24,0.0,14.87,44.63,89.19,1.53,2.11
2012-02-25,0.0,15.42,34.84,89.2,1.47,-1.33
2012-02-26,0.0,14.51,32.81,89.09,1.81,-3.33
2012-02-27,0.0,15.24,28.71,88.88,2.1,-4.82
2012-02-28,0.0,13.94,34.3,88.68,1.67,-2.42
2012-02-29,0.0,13.54,40.32,88.7,1.63,-0.64
2012-03-01,0.0,13.51,38.24,88.94,1.95,-1.7
2012-03-02,0.0,13.27,32.56,88.79,2.07,-4.67
2012-03-03,0.0,14.42,34.89,88.71,2.24,-2.39
2012-03-04,0.02,16.5,38.78,88.93,1.91,0.9
2012-03-05,0.63,17.72,49.89,88.97,1.74,6.4
2012-03-06,3.25,16.6,54.84,88.78,1.27,6.98
2012-03-07,2.01,14.9,46.46,88.73,1.65,1.59
2012-03-08,0.01,13.24,29.46,88.7,2.03,-5.52
2012-03-09,0.01,12.65,24.32,88.92,1.55,-8.37
2012-03-10,0.0,12.3,30.66,89.19,1.65,-5.54
2012-03-11,0.0,13.99,29.24,89.38,1.67,-5.28
2012-03-12,0.35,14.89,33.05,89.49,2.0,-3.39
2012-03-13,2.57,11.87,61.62,89.4,1.65,4.43
2012-03-14,0.0,13.45,42.88,89.45,1.98,-0.31
2012-03-15,0.0,14.25,33.14,89.19,2.38,-3.38
2012-03-16,0.0,16.87,30.87,89.15,2.07,-2.22
2012-03-17,0.0,19.11,34.92,89.12,2.16,2.05
2012-03-18,0.0,19.8,36.24,89.23,1.8,3.0
2012-03-19,0.0,20.81,33.25,89.31,2.13,2.56
2012-03-20,0.0,22.11,30.66,89.26,1.76,2.9
2012-03-21,0.0,19.51,23.74,89.17,1.64,-4.55
2012-03-22,0.0,18.57,18.25,89.15,1.97,-8.45
2012-03-23,0.0,19.5,19.02,89.26,2.36,-6.78
2012-03-24,0.0,21.11,22.17,89.36,2.11,-3.05
2012-03-25,0.0,20.97,21.88,89.28,1.93,-3.4
2012-03-26,0.0,21.29,25.58,89.38,1.49,-0.38
2012-03-27,0.0,20.82,30.72,89.44,1.39,1.77
2012-03-28,0.0,21.52,27.37,89.49,2.03,0.34
2012-03-29,0.0,20.79,27.36,89.14,2.05,-0.16
2012-03-30,0.0,22.37,23.68,89.03,1.5,-0.82
2012-03-31,0.0,21.92,28.97,89.41,1.98,1.97
2012-04-01,0.0,22.09,31.6,89.45,1.55,3.35
2012-04-02,0.0,23.41,31.14,89.42,1.81,4.09
2012-04-03,0.0,24.68,31.88,89.44,1.93,5.7
2012-04-04,0.0,24.76,31.58,89.23,1.77,5.82
2012-04-05,0.01,23.93,25.73,89.07,1.46,1.94
2012-04-06,0.32,23.12,26.32,89.0,1.73,1.28
2012-04-07,0.0,23.58,26.12,88.94,1.72,2.14
2012-04-08,0.0,22.97,28.95,88.93,2.01,3.01
2012-04-09,0.0,23.45,27.62,88.92,2.19,2.59
2012-04-10,0.05,25.07,30.5,88.94,1.92,5.32
2012-04-11,11.13,22.12,46.98,89.0,1.68,9.32
2012-04-12,0.05,21.09,46.57,88.91,1.71,8.17
2012-04-13,4.52,20.27,47.96,88.98,1.29,8.28
2012-04-14,2.53,19.91,56.21,89.21,1.8,9.65
2012-04-15,0.45,19.34,57.0,89.16,1.35,9.88
2012-04-16,0.58,20.65,46.03,88.97,2.35,7.13
2012-04-17,0.64,21.61,46.15,88.84,1.55,8.66
2012-04-18,0.0,22.7,43.31,88.76,1.68,8.32
2012-04-19,0.0,23.57,37.94,88.89,2.04,6.71
2012-04-20,0.0,24.66,37.24,89.02,2.85,7.56
2012-04-21,0.0,23.73,42.82,89.07,2.22,9.42
2012-04-22,1.74,22.35,38.27,88.81,2.25,5.91
2012-04-23,0.98,22.62,38.64,88.8,1.82,6.63
2012-04-24,0.0,23.55,35.06,88.87,1.84,5.46
2012-04-25,0.0,24.51,34.62,88.96,1.61,6.58
2012-04-26,0.0,24.73,34.35,89.09,1.81,6.74
2012-04-27,0.3,23.96,35.03,88.9,1.94,6.64
2012-04-28,2.03,23.52,34.77,88.65,2.35,6.17
2012-04-29,5.21,23.27,40.49,88.64,1.3,7.85
2012-04-30,0.14,23.07,36.98,88.67,1.63,6.25
2012-05-01,0.4,22.69,33.16,88.83,1.9,4.63
2012-05-02,0.0,22.58,27.49,88.93,1.96,1.15
2012-05-03,0.0,22.87,23.63,88.78,1.81,-0.5
2012-05-04,0.0,24.16,23.28,88.73,1.62,0.36
2012-05-05,3.11,24.51,26.66,88.94,1.77,3.03
2012-05-06,0.82,24.35,33.26,88.93,1.7,6.19
2012-05-07,0.0,25.93,31.32,88.81,1.93,6.29
2012-05-08,0.0,27.89,26.79,88.83,2.16,5.96
2012-05-09,0.0,28.05,23.48,88.98,1.6,4.22
2012-05-10,0.0,28.67,23.88,89.05,1.71,5.06
2012-05-11,0.0,27.5,28.45,88.88,1.45,7.23
2012-05-12,0.0,27.35,31.25,88.75,1.76,8.41
2012-05-13,0.12,27.53,28.87,88.73,2.14,6.72
2012-05-14,0.0,26.9,24.45,88.65,2.28,3.43
2012-05-15,0.0,26.92,20.99,88.76,2.27,1.75
2012-05-16,0.0,27.51,19.68,88.54,2.6,1.33
2012-05-17,0.19,28.99,20.5,88.54,2.11,2.82
2012-05-18,0.0,28.51,22.17,88.73,1.97,3.86
2012-05-19,0.0,28.1,23.27,88.84,2.04,3.93
2012-05-20,0.01,28.3,18.14,88.82,2.13,0.6
2012-05-21,0.09,28.42,17.46,88.74,2.08,0.23
2012-05-22,0.0,28.84,17.81,88.74,2.41,1.24
2012-05-23,0.0,28.15,14.95,88.64,2.33,-1.94
2012-05-24,0.0,28.49,12.69,88.4,2.45,-3.97
2012-05-25,0.0,30.13,12.14,88.43,1.94,-3.09
2012-05-26,0.0,30.36,17.68,88.56,2.13,2.89
2012-05-27,0.0,29.87,19.32,88.55,2.02,3.2
2012-05-28,0.0,29.56,18.27,88.54,1.94,2.1
2012-05-29,0.0,30.21,16.94,88.6,2.13,1.71
2012-05-30,0.0,31.52,14.23,88.34,2.19,-0.05
2012-05-31,0.0,32.39,12.79,88.28,2.3,-0.58
2012-06-01,0.0,32.77,15.44,88.28,2.23,2.56
2012-06-02,0.14,32.28,15.7,88.22,2.61,2.05
2012-06-03,2.04,30.96,17.93,88.08,2.63,2.86
2012-06-04,0.01,30.74,17.22,88.18,2.37,1.87
2012-06-05,1.4,30.32,25.69,88.28,2.08,7.03
2012-06-06,1.46,29.82,28.26,88.3,1.69,8.61
2012-06-07,0.01,30.11,28.81,88.41,2.28,9.15
2012-06-08,0.0,29.41,30.75,88.45,2.28,9.6
2012-06-09,0.0,29.71,26.54,88.34,2.59,7.3
2012-06-10,0.0,29.57,21.95,88.23,2.61,4.13
2012-06-11,0.0,30.62,20.74,88.23,2.82,4.55
2012-06-12,0.0,30.99,17.81,88.4,2.06,2.56
2012-06-13,0.0,31.59,17.31,88.47,2.24,2.95
2012-06-14,0.0,32.35,17.64,88.37,2.72,3.56
2012-06-15,0.0,31.54,16.66,88.22,2.6,2.29
2012-06-16,0.0,31.92,17.03,87.99,2.85,3.13
2012-06-17,0.0,32.98,13.99,88.0,2.15,1.15
2012-06-18,8.75,29.57,44.55,88.21,2.14,15.24
2012-06-19,3.76,29.94,50.99,88.07,1.63,17.49
2012-06-20,0.01,30.25,33.43,87.99,1.85,11.05
2012-06-21,0.04,31.85,27.55,87.98,2.16,9.38
2012-06-22,0.25,32.25,31.06,88.25,1.54,11.84
2012-06-23,5.69,29.35,54.66,88.18,1.67,18.72
2012-06-24,6.26,29.24,50.45,88.02,1.6,16.93
2012-06-25,0.0,30.25,35.66,88.05,2.89,11.84
2012-06-26,4.35,29.64,35.63,88.05,2.89,11.25
2012-06-27,3.83,28.42,50.25,88.22,2.32,16.27
2012-06-28,0.25,29.46,40.8,88.28,2.31,13.2
2012-06-29,0.0,30.4,34.92,88.24,2.13,11.9
2012-06-30,0.0,31.01,33.23,88.15,1.83,11.85
2012-07-01,5.54,31.9,33.94,88.21,1.39,12.95
2012-07-02,15.61,28.62,62.63,88.33,1.69,20.28
2012-07-03,8.37,26.4,72.54,88.12,1.28,20.91
2012-07-04,3.28,25.86,73.31,88.05,1.93,20.5
2012-07-05,0.99,27.05,68.12,88.1,1.46,20.17
2012-07-06,10.28,25.72,69.94,88.13,1.53,19.45
2012-07-07,20.05,24.7,76.11,88.13,1.51,19.64
2012-07-08,15.73,24.75,77.02,88.22,1.42,20.17
2012-07-09,17.63,25.94,72.76,88.38,0.97,20.3
2012-07-10,6.52,26.26,74.22,88.49,1.64,20.94
2012-07-11,5.88,26.66,72.92,88.5,1.67,20.88
2012-07-12,13.08,25.1,83.44,88.47,1.63,21.91
2012-07-13,17.96,25.01,85.25,88.29,2.5,22.17
2012-07-14,14.88,25.18,80.63,88.19,1.98,21.32
2012-07-15,1.67,25.67,75.8,88.29,1.67,20.66
2012-07-16,0.57,27.01,68.69,88.49,1.62,20.28
2012-07-17,0.18,27.31,66.6,88.41,1.91,20.12
2012-07-18,0.41,27.94,66.27,88.07,2.62,20.74
2012-07-19,1.14,28.84,61.18,87.96,2.39,20.17
2012-07-20,8.24,27.59,68.31,88.28,1.1,20.76
2012-07-21,15.78,26.26,77.85,88.53,1.55,21.83
2012-07-22,10.92,26.23,78.8,88.33,1.78,22.09
2012-07-23,7.01,26.5,75.49,88.03,1.44,21.56
2012-07-24,24.82,25.81,78.63,87.95,1.42,21.5
2012-07-25,32.92,23.66,89.79,88.25,1.41,21.82
2012-07-26,1.67,24.79,82.01,88.28,1.28,21.33
2012-07-27,8.36,24.68,84.12,88.21,1.28,21.71
2012-07-28,4.02,24.86,86.37,88.19,1.49,22.32
2012-07-29,10.6,23.4,92.5,88.27,1.64,22.08
2012-07-30,16.35,24.19,86.1,88.33,1.7,21.65
2012-07-31,9.57,24.09,82.34,88.25,1.24,20.72
2012-08-01,2.24,25.26,77.42,88.23,1.72,20.81
2012-08-02,8.84,24.7,79.41,88.17,1.4,20.71
2012-08-03,28.62,24.38,83.29,88.1,1.39,21.2
2012-08-04,45.17,23.1,88.84,88.3,1.25,21.06
2012-08-05,0.16,24.58,81.96,88.4,0.99,21.13
2012-08-06,0.34,25.24,80.14,88.47,1.25,21.37
2012-08-07,9.24,24.89,83.86,88.51,1.24,21.82
2012-08-08,7.09,24.13,89.21,88.5,1.78,22.14
2012-08-09,29.2,23.01,92.27,88.36,1.51,21.64
2012-08-10,7.51,25.0,77.05,88.37,0.99,20.42
2012-08-11,14.58,24.88,84.17,88.54,1.13,21.78
2012-08-12,6.67,23.57,84.82,88.56,1.06,20.77
2012-08-13,14.21,23.81,86.24,88.45,1.59,21.17
2012-08-14,9.52,23.5,88.05,88.46,1.31,21.28
2012-08-15,11.66,24.57,87.04,88.57,1.34,22.08
2012-08-16,7.72,24.12,89.43,88.62,1.27,22.17
2012-08-17,9.29,24.21,90.14,88.49,1.48,22.4
2012-08-18,37.59,25.15,87.29,88.48,1.13,22.76
2012-08-19,21.82,23.74,93.17,88.57,0.92,22.52
2012-08-20,24.74,24.09,86.49,88.47,1.71,21.59
2012-08-21,18.48,22.4,90.58,88.57,1.59,20.71
2012-08-22,15.94,22.99,93.39,88.66,2.02,21.8
2012-08-23,50.6,22.45,91.8,88.71,1.17,20.97
2012-08-24,19.88,23.64,88.65,88.56,1.12,21.5
2012-08-25,14.86,23.58,92.16,88.65,1.61,22.15
2012-08-26,7.13,23.8,89.28,88.65,1.46,21.79
2012-08-27,8.3,22.76,93.0,88.54,1.55,21.54
2012-08-28,8.14,23.67,89.61,88.7,1.64,21.77
2012-08-29,6.32,24.14,88.8,88.79,0.94,22.12
2012-08-30,4.47,23.76,87.06,88.77,0.74,21.31
2012-08-31,5.35,24.16,84.09,88.63,1.12,21.15
2012-09-01,1.33,24.27,87.38,88.56,1.27,21.92
2012-09-02,10.01,23.26,91.17,88.69,0.81,21.69
2012-09-03,1.93,22.29,95.91,88.64,1.23,21.59
2012-09-04,3.3,22.61,89.19,88.79,1.21,20.67
2012-09-05,3.35,22.93,88.09,88.92,1.11,20.66
2012-09-06,3.81,22.81,86.51,88.96,1.43,20.3
2012-09-07,8.62,23.03,87.42,88.94,1.42,20.67
2012-09-08,10.19,23.63,84.65,88.91,1.22,20.72
2012-09-09,0.01,24.48,84.41,88.87,1.31,21.53
2012-09-10,0.81,22.66,94.24,88.85,1.79,21.66
2012-09-11,9.18,22.65,85.71,88.75,0.97,19.97
2012-09-12,10.59,22.19,93.13,88.65,1.19,20.97
2012-09-13,18.28,22.71,95.49,88.55,2.18,21.92
2012-09-14,19.58,22.77,94.81,88.47,1.62,21.84
2012-09-15,10.33,23.23,93.94,88.29,2.54,22.15
2012-09-16,5.25,22.49,92.32,88.52,1.71,21.11
2012-09-17,86.38,22.35,90.66,88.81,1.54,20.65
2012-09-18,43.58,21.34,90.91,88.88,2.02,19.73
2012-09-19,2.37,22.55,85.67,88.86,1.22,19.9
2012-09-20,0.0,22.0,87.72,88.87,1.42,19.67
2012-09-21,0.0,21.77,85.02,88.86,1.52,18.93
2012-09-22,0.0,22.07,79.07,88.94,1.18,17.99
2012-09-23,0.0,21.62,78.38,88.78,1.51,17.41
2012-09-24,0.0,20.64,77.33,88.75,1.57,16.23
2012-09-25,0.0,20.8,75.5,88.88,1.45,16.06
2012-09-26,0.0,21.32,77.38,89.18,1.27,16.97
2012-09-27,0.0,22.35,75.85,89.25,1.17,17.6
2012-09-28,0.0,22.45,76.79,89.21,1.14,17.92
2012-09-29,0.69,22.87,78.48,89.19,1.3,18.66
2012-09-30,0.96,22.61,77.04,89.16,1.36,18.14
2012-10-01,0.1,23.12,72.17,89.14,1.25,17.51
2012-10-02,0.0,23.0,72.98,89.04,1.11,17.68
2012-10-03,0.0,22.46,72.62,88.84,1.12,16.94
2012-10-04,0.0,21.06,68.54,88.7,1.59,14.78
2012-10-05,0.0,20.26,68.42,88.87,1.64,13.96
2012-10-06,0.0,19.56,69.03,89.2,1.56,13.33
2012-10-07,0.0,20.28,62.08,89.33,1.3,12.48
2012-10-08,0.0,20.13,66.64,89.24,1.22,13.42
2012-10-09,1.73,20.26,70.12,89.15,1.11,14.37
2012-10-10,0.51,19.31,77.93,89.26,1.07,15.08
2012-10-11,0.0,19.38,74.54,89.15,1.33,14.39
2012-10-12,0.0,19.41,67.82,89.13,1.29,12.92
2012-10-13,0.0,18.96,71.02,89.23,1.42,13.2
2012-10-14,0.0,18.77,71.85,89.29,1.52,13.29
2012-10-15,0.02,18.54,75.7,89.47,1.38,13.77
2012-10-16,0.0,18.31,70.28,89.61,1.37,12.33
2012-10-17,0.0,18.11,72.13,89.59,1.4,12.72
2012-10-18,0.0,18.43,67.34,89.54,1.4,11.93
2012-10-19,0.0,18.7,62.45,89.55,1.3,11.01
2012-10-20,0.0,18.44,61.57,89.6,1.3,10.55
2012-10-21,0.0,17.98,64.86,89.61,1.41,10.98
2012-10-22,0.0,17.56,66.75,89.6,1.36,10.9
2012-10-23,0.09,17.16,63.82,89.47,1.54,9.86
2012-10-24,1.75,15.97,65.33,89.33,1.37,9.03
2012-10-25,0.12,16.25,66.83,89.21,1.3,9.78
2012-10-26,0.0,15.72,66.82,89.37,1.19,9.23
2012-10-27,0.0,14.85,70.26,89.44,1.22,9.17
2012-10-28,0.0,16.34,66.94,89.47,1.29,9.74
2012-10-29,0.0,17.32,66.96,89.42,1.28,10.73
2012-10-30,0.0,18.28,63.33,89.4,1.15,10.84
2012-10-31,0.0,18.05,68.06,89.52,1.25,11.79
2012-11-01,0.0,18.27,65.52,89.46,1.23,11.41
2012-11-02,0.0,17.69,67.92,89.37,1.18,11.48
2012-11-03,0.0,17.29,66.98,89.33,1.08,10.74
2012-11-04,0.0,16.84,68.15,89.33,1.08,10.74
2012-11-05,0.0,16.82,69.75,89.29,1.18,10.99
2012-11-06,0.0,16.5,69.35,89.36,1.2,10.49
2012-11-07,0.0,15.65,65.99,89.25,1.44,8.78
2012-11-08,0.0,14.45,60.69,89.09,1.4,6.39
2012-11-09,0.0,14.36,57.92,89.21,1.43,5.56
2012-11-10,0.0,15.35,56.77,89.47,1.32,6.39
2012-11-11,0.0,14.78,62.38,89.36,1.2,7.28
2012-11-12,0.0,14.66,68.71,89.44,1.24,8.55
2012-11-13,0.0,14.54,72.37,89.55,1.34,9.14
2012-11-14,0.0,14.53,65.06,89.31,1.49,7.42
2012-11-15,0.0,14.84,56.22,89.36,1.37,5.59
2012-11-16,0.0,15.8,49.31,89.58,1.26,4.69
2012-11-17,0.0,17.3,45.02,89.53,1.16,4.66
2012-11-18,0.0,16.3,48.82,89.42,1.43,5.1
2012-11-19,0.0,15.16,54.18,89.41,1.36,5.36
2012-11-20,0.0,16.02,46.93,89.47,1.45,4.08
2012-11-21,0.0,15.82,46.24,89.49,1.17,3.86
2012-11-22,0.0,15.83,44.29,89.34,1.28,2.95
2012-11-23,0.0,14.29,50.39,89.32,1.26,3.74
2012-11-24,0.0,12.78,50.87,89.33,1.37,2.13
2012-11-25,0.0,12.57,53.94,89.33,1.6,2.75
2012-11-26,0.0,13.38,52.18,89.39,1.51,2.98
2012-11-27,0.0,12.75,54.55,89.25,1.69,2.83
2012-11-28,0.0,13.79,46.25,89.25,1.51,1.76
2012-11-29,0.35,13.46,52.75,89.23,1.61,3.04
2012-11-30,1.61,12.2,62.83,89.31,1.34,4.4
2012-12-01,0.07,13.69,44.81,89.35,1.34,0.99
2012-12-02,0.0,14.67,36.34,89.51,1.24,-1.01
2012-12-03,0.0,14.26,37.44,89.53,1.52,-1.11
2012-12-04,0.0,14.95,37.07,89.44,1.64,-0.73
2012-12-05,0.0,15.31,40.38,89.4,1.58,0.96
2012-12-06,0.0,15.65,39.26,89.36,1.71,0.66
2012-12-07,0.0,16.22,38.23,89.22,1.48,0.9
2012-12-08,0.0,15.91,38.74,89.19,1.52,0.87
2012-12-09,0.0,15.15,43.17,89.18,1.46,2.11
2012-12-10,0.0,14.12,48.18,89.2,1.28,2.72
2012-12-11,5.85,11.74,65.9,89.28,1.02,5.38
2012-12-12,0.04,11.28,65.51,89.29,1.14,4.28
2012-12-13,0.23,11.29,63.17,89.4,1.3,4.08
2012-12-14,5.26,10.01,77.17,89.76,1.61,5.95
2012-12-15,0.01,12.05,67.87,89.81,1.01,5.91
2012-12-16,0.0,12.56,67.16,89.88,1.09,6.15
2012-12-17,0.0,12.98,58.65,89.58,1.72,4.0
2012-12-18,0.0,13.71,49.03,89.51,1.81,1.81
2012-12-19,0.0,12.4,52.58,89.28,1.96,1.96
2012-12-20,0.0,12.47,36.51,89.12,1.66,-3.35
2012-12-21,0.0,12.15,36.62,89.32,1.4,-3.22
2012-12-22,0.0,11.16,42.15,89.36,1.34,-2.08
2012-12-23,0.0,12.13,39.88,89.56,1.13,-1.52
2012-12-24,0.0,13.04,39.73,89.49,1.26,-1.09
2012-12-25,0.0,11.08,47.56,89.31,1.5,-0.44
2012-12-26,0.0,10.51,51.29,89.27,1.56,0.21
2012-12-27,0.0,9.78,51.9,89.27,1.08,-0.06
2012-12-28,0.0,10.14,44.93,89.19,1.06,-1.89
2012-12-29,0.0,11.66,40.16,89.3,1.33,-2.12
2012-12-30,0.0,11.79,44.47,89.28,1.23,-0.66
2012-12-31,0.0,11.0,48.92,89.12,1.22,-0.01
2013-01-01,0.0,10.76,51.15,89.2,1.21,0.67
2013-01-02,0.0,9.71,49.58,89.27,1.27,-0.89
2013-01-03,0.0,10.67,43.7,89.4,1.15,-1.77
2013-01-04,0.0,10.43,41.55,89.4,1.36,-2.66
2013-01-05,0.0,8.89,41.71,89.17,1.4,-3.78
2013-01-06,0.0,7.67,44.34,89.35,1.29,-4.24
2013-01-07,0.0,7.2,41.67,89.35,1.54,-5.63
2013-01-08,0.0,7.04,40.49,89.28,1.81,-6.24
2013-01-09,0.0,8.96,52.58,89.3,1.97,-1.63
2013-01-10,0.0,8.97,63.09,89.12,1.85,1.27
2013-01-11,0.0,10.27,41.89,89.17,1.6,-3.06
2013-01-12,0.0,12.45,42.5,89.44,1.6,-0.75
2013-01-13,0.03,13.28,60.15,89.27,1.62,5.24
2013-01-14,0.0,13.17,57.41,89.31,1.39,4.31
2013-01-15,0.0,11.6,56.8,89.5,1.51,2.7
2013-01-16,0.0,12.78,57.69,89.65,1.46,4.05
2013-01-17,7.19,13.15,68.61,89.66,1.54,7.03
2013-01-18,60.13,10.17,91.45,89.41,3.0,8.72
2013-01-19,4.43,8.64,74.03,89.66,1.0,4.06
2013-01-20,0.02,9.41,63.2,89.58,1.26,2.35
2013-01-21,0.0,10.51,53.64,89.67,1.29,1.05
2013-01-22,0.0,10.01,56.19,89.77,1.46,1.24
2013-01-23,0.0,10.11,54.11,89.73,1.41,0.73
2013-01-24,0.0,9.77,52.39,89.63,1.37,-0.32
2013-01-25,0.0,10.37,52.83,89.61,1.6,0.45
2013-01-26,0.0,10.97,48.31,89.55,1.5,-0.31
2013-01-27,0.0,11.36,44.28,89.48,1.45,-1.23
2013-01-28,0.0,12.03,44.26,89.51,1.02,-0.33
2013-01-29,0.0,11.6,48.51,89.38,1.4,0.27
2013-01-30,0.0,12.05,49.55,89.55,1.31,1.09
2013-01-31,0.0,12.55,49.96,89.6,1.06,1.91
2013-02-01,0.0,13.22,50.91,89.59,1.34,2.64
2013-02-02,0.0,12.57,56.31,89.5,0.9,3.8
2013-02-03,0.04,12.35,64.75,89.45,1.18,5.42
2013-02-04,9.54,11.12,80.98,89.66,1.82,7.84
2013-02-05,42.89,8.93,89.67,89.69,2.95,7.21
2013-02-06,15.99,12.04,90.54,89.73,1.26,10.41
2013-02-07,1.25,10.82,74.49,89.47,1.23,5.88
2013-02-08,0.0,12.1,62.16,89.36,1.22,4.62
2013-02-09,0.0,12.87,53.87,89.44,1.42,2.91
2013-02-10,0.0,12.46,55.16,89.55,1.42,3.29
2013-02-11,0.0,14.31,49.93,89.48,1.37,3.39
2013-02-12,0.0,14.46,54.63,89.55,1.26,4.99
2013-02-13,0.0,13.94,54.78,89.42,1.47,4.2
2013-02-14,0.0,14.3,49.39,89.35,1.52,3.06
2013-02-15,3.2,10.64,67.34,89.24,2.15,4.49
2013-02-16,22.34,8.54,87.87,88.93,2.9,6.58
2013-02-17,15.49,9.12,85.65,89.0,1.39,6.59
2013-02-18,0.0,11.06,81.78,89.22,1.49,7.73
2013-02-19,0.0,12.41,69.67,89.33,1.43,6.55
2013-02-20,0.0,12.34,65.74,89.47,1.58,5.48
2013-02-21,2.31,13.36,61.98,89.51,1.31,5.86
2013-02-22,0.13,14.62,60.78,89.7,1.3,6.57
2013-02-23,13.4,13.06,75.07,89.69,1.77,8.47
2013-02-24,2.14,13.29,76.97,89.67,1.2,9.02
2013-02-25,0.0,14.4,71.39,89.66,1.47,8.71
2013-02-26,0.0,15.57,58.84,89.62,1.45,7.2
2013-02-27,0.04,15.52,61.23,89.59,1.66,7.48
2013-02-28,0.0,14.51,61.13,89.5,1.76,6.25
2013-03-01,0.0,15.34,52.29,89.33,1.86,4.37
2013-03-02,0.0,16.95,46.68,89.41,1.67,4.27
2013-03-03,0.0,17.28,48.7,89.41,1.59,5.44
2013-03-04,0.0,17.13,49.86,89.51,1.52,5.82
2013-03-05,0.0,17.61,51.41,89.62,1.41,6.82
2013-03-06,0.01,17.36,53.66,89.56,1.74,7.06
2013-03-07,0.01,17.65,52.24,89.5,1.64,7.02
2013-03-08,0.0,17.87,54.38,89.52,1.63,7.85
2013-03-09,0.0,17.59,50.59,89.23,2.01,6.33
2013-03-10,0.01,18.38,46.68,89.12,1.53,6.11
2013-03-11,0.0,18.03,46.49,89.26,1.57,5.57
2013-03-12,0.01,17.24,54.79,89.22,1.23,7.49
2013-03-13,0.01,19.31,49.65,89.31,1.36,7.94
2013-03-14,1.3,18.9,53.21,89.41,1.87,8.12
2013-03-15,3.44,17.34,53.54,89.63,1.66,6.65
2013-03-16,0.05,17.74,48.69,89.64,1.54,5.92
2013-03-17,0.0,17.23,47.59,89.49,1.91,5.16
2013-03-18,0.0,17.08,49.29,88.99,2.15,5.52
2013-03-19,0.0,18.64,51.44,88.93,2.02,7.61
2013-03-20,0.0,19.07,54.15,89.24,1.91,8.92
2013-03-21,0.08,19.1,52.24,89.05,2.17,7.99
2013-03-22,0.0,19.02,47.03,88.82,2.0,6.57
2013-03-23,0.0,21.1,39.98,89.19,1.63,6.01
2013-03-24,0.2,20.72,49.78,89.41,1.64,9.47
2013-03-25,0.33,18.66,55.99,89.06,1.98,8.5
2013-03-26,0.02,19.01,45.17,88.87,2.01,5.29
2013-03-27,0.0,20.09,42.85,89.04,1.91,5.8
2013-03-28,0.45,21.4,40.83,89.21,1.71,6.47
2013-03-29,7.03,18.37,57.53,89.13,1.46,9.18
2013-03-30,0.01,18.25,58.68,88.95,1.54,9.14
2013-03-31,0.0,19.1,53.38,88.99,1.96,8.54
2013-04-01,0.0,20.44,47.2,89.1,1.91,7.96
2013-04-02,0.01,21.46,38.53,89.2,1.94,5.2
2013-04-03,1.38,20.28,48.13,89.18,2.52,8.08
2013-04-04,0.03,19.46,44.38,88.86,2.66,5.5
2013-04-05,0.0,18.88,37.38,88.7,2.87,2.64
2013-04-06,0.0,20.26,33.12,88.68,2.7,1.74
2013-04-07,0.0,22.49,34.47,88.73,2.76,4.64
2013-04-08,0.0,23.43,38.82,88.92,2.41,7.09
2013-04-09,0.07,23.83,34.66,89.06,1.85,5.93
2013-04-10,0.08,24.2,35.37,89.12,1.49,6.79
2013-04-11,0.0,23.52,38.13,89.01,1.89,7.28
2013-04-12,0.0,23.02,39.01,89.07,1.73,6.92
2013-04-13,0.01,23.31,37.56,89.18,1.84,6.63
2013-04-14,0.18,23.38,38.67,89.07,1.8,7.2
2013-04-15,0.04,22.8,42.74,88.83,1.74,8.51
2013-04-16,0.02,24.69,37.43,88.57,2.36,7.95
2013-04-17,0.06,23.85,31.45,88.53,1.84,4.14
2013-04-18,0.0,23.6,24.48,88.75,1.82,0.25
2013-04-19,0.0,24.65,20.77,88.83,1.45,-0.68
2013-04-20,0.0,23.72,32.08,88.84,1.97,4.22
2013-04-21,0.0,18.24,72.76,89.08,1.12,13.08
2013-04-22,0.0,18.93,65.3,89.25,1.56,11.6
2013-04-23,0.0,21.57,49.73,89.29,1.5,10.13
2013-04-24,0.0,23.89,44.81,89.26,1.77,10.32
2013-04-25,0.0,25.38,40.99,89.17,2.13,9.87
2013-04-26,1.34,25.18,46.04,89.18,1.46,12.23
2013-04-27,1.69,24.37,44.51,89.02,2.31,9.83
2013-04-28,0.01,25.07,41.82,88.8,2.63,9.9
2013-04-29,0.0,26.88,34.81,88.9,2.34,8.29
2013-04-30,0.17,27.3,37.54,88.94,2.31,10.32
2013-05-01,0.0,26.6,28.73,88.74,2.38,4.71
2013-05-02,0.0,25.33,21.2,88.41,2.17,-0.41
2013-05-03,0.0,25.13,21.62,88.32,2.2,0.2
2013-05-04,0.0,27.19,19.38,88.52,2.17,0.23
2013-05-05,0.0,28.0,19.94,88.74,1.54,1.62
2013-05-06,0.0,28.34,24.19,88.76,1.94,4.99
2013-05-07,0.0,27.66,23.65,88.72,2.15,3.49
2013-05-08,0.0,27.83,23.41,88.6,3.06,3.42
2013-05-09,0.0,28.35,23.04,88.58,3.05,3.39
2013-05-10,0.0,29.22,20.46,88.62,2.37,2.6
2013-05-11,0.01,29.08,25.2,88.46,2.13,6.27
2013-05-12,0.29,25.65,35.82,88.79,1.39,8.93
2013-05-13,0.86,25.47,38.89,88.74,1.9,9.54
2013-05-14,0.0,26.66,32.18,88.62,2.53,7.27
2013-05-15,0.0,28.12,25.95,88.51,2.24,5.61
2013-05-16,0.0,28.81,21.4,88.4,2.46,3.53
2013-05-17,0.0,29.73,18.86,88.55,2.13,2.62
2013-05-18,0.0,29.41,18.47,88.56,1.86,1.98
2013-05-19,0.0,30.1,17.09,88.6,2.03,1.15
2013-05-20,0.0,30.78,16.0,88.59,2.02,1.43
2013-05-21,0.0,30.6,16.69,88.53,2.22,1.74
2013-05-22,0.0,31.24,14.34,88.49,2.1,0.23
2013-05-23,0.0,31.66,15.54,88.37,2.16,1.62
2013-05-24,0.0,32.23,15.85,88.36,2.18,2.16
2013-05-25,0.0,32.0,18.14,88.46,2.35,4.24
2013-05-26,0.0,32.16,20.66,88.54,2.37,5.81
2013-05-27,0.02,31.59,21.83,88.59,2.13,6.53
2013-05-28,0.71,31.08,18.94,88.57,2.13,3.03
2013-05-29,0.03,30.42,14.38,88.57,2.34,-0.35
2013-05-30,13.38,28.92,21.04,88.48,1.98,2.84
2013-05-31,0.0,27.78,30.8,88.46,1.73,7.92
2013-06-01,0.08,26.05,45.06,88.65,1.7,12.32
2013-06-02,0.0,25.84,55.93,88.67,1.55,15.81
2013-06-03,0.12,27.32,53.65,88.58,1.57,16.65
2013-06-04,0.63,28.93,47.5,88.6,1.58,15.8
2013-06-05,2.44,30.55,38.59,88.57,1.76,13.8
2013-06-06,4.72,29.69,50.22,88.47,1.7,17.26
2013-06-07,1.32,28.79,54.22,88.48,1.54,17.84
2013-06-08,14.15,26.98,63.09,88.36,1.47,18.94
2013-06-09,0.29,28.37,55.56,88.29,1.44,17.86
2013-06-10,15.21,28.88,56.04,88.3,1.68,18.68
2013-06-11,22.53,25.97,80.57,88.51,1.41,22.24
2013-06-12,4.94,26.38,74.7,88.45,1.25,21.32
2013-06-13,28.2,25.31,72.62,88.48,1.04,19.92
2013-06-14,4.28,26.81,63.71,88.35,1.32,19.1
2013-06-15,37.56,24.21,80.01,88.43,1.92,20.37
2013-06-16,97.55,22.76,88.54,88.31,2.34,20.69
2013-06-17,58.3,21.53,90.63,88.1,4.66,19.88
2013-06-18,6.93,23.05,85.29,88.26,2.0,20.25
2013-06-19,1.01,23.18,81.92,88.35,1.71,19.68
2013-06-20,0.02,24.54,73.43,88.29,1.57,19.07
2013-06-21,0.0,26.28,69.82,88.2,1.49,20.03
2013-06-22,12.3,27.22,66.31,88.27,1.06,20.09
2013-06-23,2.56,26.46,73.34,88.21,1.38,21.07
2013-06-24,33.4,25.24,81.46,88.25,1.44,21.58
2013-06-25,134.33,23.6,91.52,88.45,1.27,22.08
2013-06-26,13.32,23.82,92.82,88.4,2.04,22.53
2013-06-27,9.45,24.4,89.3,88.28,2.05,22.44
2013-06-28,9.44,23.71,91.12,88.19,1.71,22.12
2013-06-29,5.44,24.69,85.46,88.14,1.75,21.91
2013-06-30,1.57,25.28,80.41,88.24,1.46,21.47
2013-07-01,6.58,25.69,76.11,88.18,1.4,20.98
2013-07-02,8.08,26.0,75.08,88.18,1.28,21.02
2013-07-03,3.91,24.67,87.69,88.37,1.67,22.38
2013-07-04,0.87,24.34,88.84,88.36,1.73,22.23
2013-07-05,6.7,24.03,89.74,88.36,1.87,22.14
2013-07-06,21.19,23.31,87.19,88.57,1.37,20.95
2013-07-07,55.1,23.14,94.92,88.48,2.12,22.24
2013-07-08,50.26,23.59,95.33,88.28,2.8,22.76
2013-07-09,19.58,24.14,92.23,88.13,2.66,22.73
2013-07-10,14.08,24.29,89.39,88.12,1.73,22.31
2013-07-11,8.73,24.26,89.69,88.33,1.87,22.36
2013-07-12,4.75,24.21,88.64,88.58,1.4,22.1
2013-07-13,7.78,23.77,91.4,88.48,2.1,22.21
2013-07-14,3.33,23.67,91.58,88.35,2.2,22.17
2013-07-15,7.4,24.96,85.76,88.42,1.35,22.23
2013-07-16,28.64,23.94,90.16,88.44,1.22,22.16
2013-07-17,56.5,23.69,92.76,88.36,1.69,22.41
2013-07-18,15.84,23.67,94.33,88.1,2.01,22.67
2013-07-19,19.85,24.36,90.97,88.1,2.18,22.7
2013-07-20,32.75,23.12,90.17,88.39,1.29,21.36
2013-07-21,23.62,24.44,86.7,88.15,1.24,21.98
2013-07-22,43.93,24.29,88.23,88.21,1.36,22.06
2013-07-23,0.41,24.18,87.22,88.38,1.08,21.85
2013-07-24,18.91,24.02,89.52,88.37,1.53,22.12
2013-07-25,27.68,23.88,92.24,88.14,2.26,22.5
2013-07-26,7.68,23.76,88.85,88.1,1.51,21.71
2013-07-27,0.61,24.21,86.11,88.31,1.4,21.6
2013-07-28,18.38,23.63,93.19,88.38,1.84,22.42
2013-07-29,9.77,24.5,90.33,88.33,1.51,22.73
2013-07-30,13.77,24.75,91.03,88.16,1.79,23.12
2013-07-31,18.81,24.21,93.74,88.17,1.72,23.09
2013-08-01,4.71,23.46,92.19,88.34,1.26,22.09
2013-08-02,8.08,23.71,86.25,88.54,1.26,21.1
2013-08-03,12.08,24.0,87.35,88.65,1.36,21.62
2013-08-04,23.22,23.42,92.23,88.6,1.09,22.02
2013-08-05,15.85,23.39,92.92,88.57,1.35,22.13
2013-08-06,34.58,22.7,93.61,88.7,1.17,21.57
2013-08-07,8.22,23.0,90.73,88.63,1.34,21.34
2013-08-08,8.75,22.44,96.82,88.52,1.48,21.9
2013-08-09,7.95,23.74,90.91,88.5,1.05,22.05
2013-08-10,6.29,23.24,93.6,88.56,1.57,22.1
2013-08-11,6.75,23.24,91.87,88.69,1.28,21.77
2013-08-12,9.37,23.39,92.01,88.66,1.37,21.94
2013-08-13,30.44,22.98,94.68,88.59,1.11,22.04
2013-08-14,12.68,23.49,90.82,88.59,1.81,21.79
2013-08-15,16.93,23.33,89.87,88.69,1.21,21.49
2013-08-16,25.15,23.15,89.97,88.56,1.11,21.34
2013-08-17,19.1,23.04,89.37,88.42,1.01,21.08
2013-08-18,3.11,23.89,87.15,88.44,1.09,21.46
2013-08-19,5.3,24.37,84.31,88.49,1.04,21.35
2013-08-20,17.67,23.95,85.14,88.37,1.23,21.05
2013-08-21,2.72,23.83,84.2,88.36,1.37,20.79
2013-08-22,7.42,23.84,85.93,88.58,0.99,21.13
2013-08-23,2.44,24.03,86.81,88.62,0.99,21.59
2013-08-24,1.09,24.14,89.64,88.61,1.39,22.25
2013-08-25,3.11,24.35,91.08,88.43,1.82,22.7
2013-08-26,3.48,24.13,90.54,88.33,1.72,22.36
2013-08-27,22.77,23.99,89.18,88.39,1.69,21.92
2013-08-28,22.27,22.82,90.83,88.7,1.34,21.16
2013-08-29,7.43,23.65,87.02,88.77,1.17,21.17
2013-08-30,51.27,23.26,90.57,88.7,1.43,21.54
2013-08-31,9.93,23.14,90.09,88.69,1.45,21.3
2013-09-01,7.25,23.43,87.76,88.7,1.51,21.11
2013-09-02,4.48,23.24,87.51,88.75,1.51,20.9
2013-09-03,1.73,23.1,86.08,88.68,1.67,20.48
2013-09-04,1.56,22.18,87.64,88.58,1.95,19.87
2013-09-05,0.21,21.48,87.42,88.53,1.96,19.1
2013-09-06,0.05,21.58,85.98,88.71,1.5,18.9
2013-09-07,0.25,21.85,82.61,88.9,1.14,18.52
2013-09-08,5.81,21.31,83.65,89.06,1.06,18.28
2013-09-09,2.75,21.52,86.9,89.05,1.34,19.12
2013-09-10,4.58,21.56,87.39,88.89,1.19,19.22
2013-09-11,7.82,22.58,83.18,88.93,1.0,19.38
2013-09-12,4.98,23.02,85.29,89.14,1.04,20.27
2013-09-13,0.63,23.05,86.53,89.14,1.11,20.51
2013-09-14,1.68,23.04,83.88,88.9,0.97,19.92
2013-09-15,2.31,22.92,84.45,88.67,1.14,19.94
2013-09-16,0.19,22.08,83.55,88.66,1.2,18.86
2013-09-17,0.0,22.44,81.11,88.68,1.26,18.76
2013-09-18,0.0,22.6,79.21,88.69,1.13,18.52
2013-09-19,3.29,23.46,79.93,88.71,1.16,19.57
2013-09-20,22.02,23.17,86.18,88.83,0.95,20.58
2013-09-21,7.72,23.5,86.25,88.85,1.0,20.94
2013-09-22,0.16,23.85,84.14,88.7,0.87,20.82
2013-09-23,0.01,23.63,84.86,88.62,1.19,20.78
2013-09-24,2.6,23.82,84.65,88.77,0.88,20.9
2013-09-25,21.01,23.45,81.88,88.97,0.85,19.97
2013-09-26,7.22,22.74,85.98,89.0,1.23,20.11
2013-09-27,2.29,22.13,91.93,88.91,1.72,20.64
2013-09-28,1.58,22.29,89.52,88.9,1.25,20.32
2013-09-29,6.08,22.46,85.2,88.8,0.92,19.67
2013-09-30,5.7,20.95,90.38,88.9,1.2,19.22
2013-10-01,0.18,22.31,82.63,89.1,0.91,18.97
2013-10-02,0.7,21.75,88.08,89.28,1.19,19.57
2013-10-03,13.79,20.47,92.61,89.21,1.43,19.18
2013-10-04,7.51,20.95,82.49,89.02,1.16,17.68
2013-10-05,0.51,21.71,85.74,88.76,1.35,19.04
2013-10-06,0.95,21.25,91.95,88.93,1.2,19.78
2013-10-07,1.64,21.64,91.74,89.16,1.12,20.15
2013-10-08,0.2,21.98,91.13,89.3,1.09,20.37
2013-10-09,0.0,21.9,90.58,89.34,1.17,20.17
2013-10-10,5.96,21.36,91.2,89.41,1.04,19.77
2013-10-11,14.3,21.4,82.22,89.37,0.72,17.98
2013-10-12,0.07,22.15,59.97,89.15,0.79,13.02
2013-10-13,0.16,21.29,77.21,89.13,1.11,16.81
2013-10-14,0.01,19.89,88.02,88.98,1.51,17.61
2013-10-15,0.03,20.53,82.36,89.11,1.11,17.14
2013-10-16,0.13,19.5,84.14,89.14,1.32,16.43
2013-10-17,0.13,20.32,76.47,89.26,1.06,15.77
2013-10-18,0.04,20.24,77.1,89.29,1.13,15.84
2013-10-19,0.04,19.6,71.49,89.31,1.21,14.02
2013-10-20,0.15,18.14,68.9,89.25,1.43,12.01
2013-10-21,0.47,17.72,72.28,89.12,1.2,12.38
2013-10-22,0.0,17.53,75.57,89.32,1.13,12.83
2013-10-23,0.0,18.66,76.07,89.57,1.1,14.17
2013-10-24,0.0,18.48,79.95,89.5,1.12,14.72
2013-10-25,0.0,17.93,78.84,89.31,1.23,13.94
2013-10-26,0.0,17.38,82.29,89.31,1.2,14.04
2013-10-27,0.0,17.07,77.69,89.2,1.25,12.86
2013-10-28,0.0,16.32,74.09,89.06,1.52,11.32
2013-10-29,0.0,16.72,65.21,89.22,1.51,9.7
2013-10-30,0.0,17.11,57.72,89.43,1.47,8.33
2013-10-31,0.05,16.81,64.74,89.5,1.3,9.79
2013-11-01,0.1,16.16,73.29,89.53,1.22,11.04
2013-11-02,0.0,15.8,69.07,89.43,1.27,9.7
2013-11-03,0.0,15.34,61.87,89.5,1.3,7.54
2013-11-04,0.0,15.53,57.34,89.67,1.28,6.69
2013-11-05,0.0,16.65,54.94,89.7,0.96,7.2
2013-11-06,0.0,16.47,63.49,89.67,0.95,9.29
2013-11-07,0.29,15.41,77.78,89.58,1.36,11.32
2013-11-08,1.89,13.93,80.15,89.53,1.07,10.41
2013-11-09,2.0,13.32,67.99,89.57,0.95,7.05
2013-11-10,0.08,13.85,62.29,89.51,1.18,6.08
2013-11-11,0.0,14.37,62.23,89.27,1.25,6.71
2013-11-12,0.0,15.05,60.61,89.3,1.06,7.18
2013-11-13,0.0,14.99,60.21,89.36,1.19,6.78
2013-11-14,0.0,15.32,52.16,89.4,1.1,4.97
2013-11-15,0.0,14.99,58.37,89.56,1.2,6.44
2013-11-16,0.0,15.42,56.05,89.69,1.27,6.2
2013-11-17,0.0,15.99,50.98,89.65,1.22,5.11
2013-11-18,0.0,15.76,48.97,89.57,1.3,4.23
2013-11-19,0.0,15.8,49.32,89.42,1.22,4.55
2013-11-20,0.0,14.64,54.23,89.23,1.27,4.98
2013-11-21,0.0,14.97,54.68,89.29,1.24,5.53
2013-11-22,0.0,14.54,57.25,89.44,1.25,5.63
2013-11-23,0.0,13.89,59.73,89.38,1.27,5.55
2013-11-24,0.0,14.82,55.89,89.4,1.16,5.53
2013-11-25,0.0,15.08,55.46,89.22,1.56,5.43
2013-11-26,0.0,15.31,54.75,89.09,1.49,5.45
2013-11-27,0.0,15.96,50.28,89.38,1.22,5.03
2013-11-28,0.0,15.78,50.29,89.68,1.14,4.87
2013-11-29,0.0,15.54,47.01,89.61,1.34,3.35
2013-11-30,0.0,14.4,49.62,89.39,1.45,3.2
2013-12-01,0.0,14.43,48.16,89.5,1.17,3.01
2013-12-02,0.0,14.69,50.76,89.55,1.18,4.08
2013-12-03,0.0,13.39,52.77,89.57,1.11,3.45
2013-12-04,0.0,13.46,52.04,89.53,1.21,3.0
2013-12-05,0.0,14.41,47.2,89.34,1.23,2.37
2013-12-06,0.0,14.26,46.04,89.24,1.24,2.13
2013-12-07,0.0,14.29,48.08,89.32,1.17,2.86
2013-12-08,0.0,14.04,51.97,89.34,1.3,3.89
2013-12-09,0.0,13.5,53.99,89.21,1.23,3.72
2013-12-10,0.0,12.93,52.2,89.21,1.31,2.59
2013-12-11,0.0,13.0,49.91,89.22,1.46,1.99
2013-12-12,0.0,12.12,54.8,89.04,1.81,2.53
2013-12-13,0.0,11.68,53.98,88.93,1.21,1.88
2013-12-14,0.0,11.62,52.36,89.06,1.14,0.96
2013-12-15,0.0,11.66,61.14,89.33,1.16,3.86
2013-12-16,0.0,12.23,60.57,89.38,1.05,4.19
2013-12-17,0.0,11.4,61.39,89.3,1.11,3.74
2013-12-18,0.0,11.0,57.76,89.22,1.27,2.3
2013-12-19,0.05,11.27,53.67,89.28,1.2,1.64
2013-12-20,1.29,10.88,65.38,89.42,1.16,4.33
2013-12-21,0.01,11.36,70.72,89.59,1.21,5.87
2013-12-22,1.36,10.8,75.4,89.72,1.47,6.19
2013-12-23,0.0,11.68,69.76,89.77,1.37,5.87
2013-12-24,0.0,11.84,57.76,89.82,1.26,2.67
2013-12-25,0.0,11.86,42.36,89.73,1.4,-1.45
2013-12-26,0.0,10.36,41.17,89.64,1.43,-3.1
2013-12-27,0.0,10.7,45.91,89.59,1.26,-1.25
2013-12-28,0.0,10.38,54.08,89.53,1.29,0.97
2013-12-29,0.0,10.51,39.99,89.49,1.3,-3.36
2013-12-30,1.05,9.87,45.49,89.61,1.58,-2.03
2013-12-31,5.7,8.01,80.21,89.8,1.47,4.69
2014-01-01,0.07,10.89,69.47,89.73,1.11,5.16
2014-01-02,0.0,11.4,57.06,89.6,1.32,2.26
2014-01-03,0.0,11.69,46.91,89.48,1.4,-0.28
2014-01-04,0.0,11.29,45.99,89.46,1.36,-0.8
2014-01-05,0.0,10.8,54.49,89.24,1.38,1.32
2014-01-06,0.0,8.65,51.05,89.31,1.62,-1.69
2014-01-07,0.0,9.56,41.39,89.41,1.34,-3.81
2014-01-08,0.0,11.33,37.09,89.55,1.05,-3.32
2014-01-09,0.0,9.74,54.35,89.47,1.1,0.63
2014-01-10,0.08,10.44,62.16,89.41,1.32,3.08
2014-01-11,5.56,9.29,72.3,89.47,0.78,4.34
2014-01-12,0.6,10.08,55.82,89.69,1.32,0.68
2014-01-13,0.04,11.87,41.85,89.71,1.25,-1.22
2014-01-14,0.0,11.61,47.09,89.6,1.03,0.27
2014-01-15,0.0,10.69,51.82,89.64,1.31,0.69
2014-01-16,0.0,11.63,52.74,89.65,1.2,1.63
2014-01-17,0.54,10.32,62.47,89.63,1.63,2.94
2014-01-18,33.32,7.61,84.73,89.66,2.19,5.06
2014-01-19,0.21,10.35,69.01,89.92,1.36,4.28
2014-01-20,4.08,13.19,47.91,89.9,1.16,1.77
2014-01-21,0.46,12.87,56.69,89.95,1.12,3.29
2014-01-22,7.38,9.99,78.89,89.87,1.94,6.32
2014-01-23,2.01,12.03,71.03,89.8,1.11,6.45
2014-01-24,0.0,12.5,68.5,89.6,1.24,6.19
2014-01-25,0.0,11.49,62.52,89.57,1.39,3.45
2014-01-26,0.0,12.85,48.25,89.59,1.32,1.29
2014-01-27,0.0,11.86,52.85,89.58,1.69,1.64
2014-01-28,0.0,12.77,44.44,89.43,1.54,-0.02
2014-01-29,0.0,12.44,51.09,89.66,1.15,2.26
2014-01-30,0.0,11.62,54.03,89.69,1.36,2.0
2014-01-31,0.0,12.19,54.48,89.71,1.33,2.61
2014-02-01,0.0,12.37,55.77,89.74,1.36,3.09
2014-02-02,0.0,13.52,50.13,89.56,1.37,2.22
2014-02-03,0.01,14.67,49.37,89.29,1.49,3.14
2014-02-04,0.04,13.41,59.15,89.05,1.75,4.84
2014-02-05,0.1,12.15,66.27,89.1,1.12,5.62
2014-02-06,0.2,12.85,56.95,89.17,1.7,2.78
2014-02-07,7.71,13.17,72.96,89.12,1.36,8.15
2014-02-08,0.0,12.1,66.43,88.98,1.47,5.07
2014-02-09,0.0,10.16,53.94,88.92,1.56,0.43
2014-02-10,0.02,9.89,48.5,88.97,1.56,-1.26
2014-02-11,0.56,9.43,53.16,89.09,1.47,-0.58
2014-02-12,0.9,10.37,47.65,89.05,1.57,-1.28
2014-02-13,6.23,12.17,49.91,89.29,1.65,0.83
2014-02-14,17.09,10.21,82.57,89.16,1.82,7.17
2014-02-15,21.79,8.14,92.81,89.05,1.57,6.91
2014-02-16,2.02,7.69,70.06,89.17,1.62,1.94
2014-02-17,0.26,9.47,60.19,89.31,1.68,0.92
2014-02-18,0.03,12.26,44.07,89.42,1.43,-0.83
2014-02-19,0.0,12.48,48.78,89.54,1.03,1.66
2014-02-20,0.0,13.42,49.03,89.37,1.38,2.47
2014-02-21,0.02,13.4,51.72,89.48,1.56,2.91
2014-02-22,1.5,12.53,68.31,89.62,1.4,6.34
2014-02-23,0.03,12.94,70.73,89.68,1.24,7.13
2014-02-24,0.0,13.87,60.52,89.67,1.5,5.55
2014-02-25,0.0,15.23,50.13,89.67,1.34,4.37
2014-02-26,1.26,14.17,60.26,89.48,1.5,6.08
2014-02-27,8.46,12.45,81.96,89.41,1.14,9.32
2014-02-28,10.52,12.64,78.74,89.32,1.35,8.63
2014-03-01,19.17,12.64,72.91,89.37,1.26,7.35
2014-03-02,1.66,10.97,74.86,89.46,1.36,6.37
2014-03-03,0.01,12.82,64.25,89.47,1.28,5.37
2014-03-04,0.0,13.68,60.92,89.5,1.07,5.83
2014-03-05,0.43,12.91,61.92,89.5,1.44,5.32
2014-03-06,0.04,12.15,62.36,89.48,1.82,4.36
2014-03-07,0.0,13.33,56.1,89.48,1.56,4.08
2014-03-08,0.0,14.25,51.98,89.57,1.77,3.61
2014-03-09,0.0,15.45,52.7,89.49,1.51,5.29
2014-03-10,0.16,16.0,55.68,89.51,1.1,6.45
2014-03-11,5.1,16.28,55.43,89.57,1.13,6.85
2014-03-12,6.24,15.07,66.28,89.6,1.32,8.19
2014-03-13,0.0,15.22,55.66,89.45,1.55,5.34
2014-03-14,0.0,16.75,47.13,89.39,1.48,4.39
2014-03-15,0.0,18.03,51.31,89.58,1.45,7.09
2014-03-16,0.0,19.51,50.8,89.6,1.79,8.24
2014-03-17,1.63,19.91,49.52,89.48,1.53,8.18
2014-03-18,4.5,18.4,59.39,89.44,1.63,9.62
2014-03-19,0.0,16.3,55.11,89.25,1.8,6.3
2014-03-20,0.0,16.4,50.01,89.1,1.74,5.12
2014-03-21,0.01,18.09,44.43,89.07,1.34,4.81
2014-03-22,0.01,17.98,45.15,88.98,1.74,4.97
2014-03-23,0.58,17.63,51.41,89.26,1.41,6.53
2014-03-24,0.8,18.38,54.85,89.39,1.21,8.44
2014-03-25,0.01,19.39,53.46,89.32,1.55,8.49
2014-03-26,0.0,20.08,51.21,89.26,1.52,8.71
2014-03-27,0.92,20.04,52.0,89.34,1.4,9.19
2014-03-28,0.01,19.91,51.97,89.31,1.89,8.69
2014-03-29,0.74,20.1,48.25,89.27,2.32,7.71
2014-03-30,0.0,19.13,47.18,89.07,2.35,5.89
2014-03-31,0.0,18.71,43.04,88.91,2.26,4.46
2014-04-01,0.0,19.19,37.51,88.83,2.18,2.82
2014-04-02,2.14,20.23,37.44,88.87,2.06,3.57
2014-04-03,1.1,19.03,51.64,89.1,2.39,7.78
2014-04-04,0.48,19.87,47.08,89.12,1.96,7.15
2014-04-05,0.0,21.8,44.26,89.07,2.16,8.05
2014-04-06,0.02,23.84,40.93,89.18,1.84,8.54
2014-04-07,1.61,22.56,44.62,89.22,1.78,8.73
2014-04-08,0.5,21.32,43.73,89.11,1.78,7.04
2014-04-09,0.05,19.81,40.49,89.13,2.14,4.45
2014-04-10,0.0,20.22,33.78,89.15,1.95,1.86
2014-04-11,0.0,21.74,32.32,89.09,1.95,3.0
2014-04-12,0.0,21.53,34.41,89.06,1.85,4.07
2014-04-13,1.63,19.43,42.87,89.28,2.02,4.98
2014-04-14,0.05,21.33,40.08,89.38,2.04,6.04
2014-04-15,0.1,22.27,40.12,89.26,1.88,6.66
2014-04-16,0.27,22.35,43.12,89.1,1.72,7.99
2014-04-17,3.39,22.01,44.27,89.02,1.57,8.31
2014-04-18,2.7,18.09,58.99,89.37,1.45,9.53
2014-04-19,4.46,19.64,58.34,89.37,1.48,10.38
2014-04-20,0.0,20.58,46.16,89.25,1.79,7.01
2014-04-21,0.0,22.44,35.66,89.24,2.09,5.07
2014-04-22,0.0,23.3,34.77,89.41,2.33,5.49
2014-04-23,0.0,22.96,42.35,89.16,1.99,8.49
2014-04-24,0.0,23.45,41.66,88.94,2.45,8.46
2014-04-25,0.0,24.4,38.2,88.96,2.36,7.83
2014-04-26,0.0,25.0,37.3,89.02,2.42,7.72
2014-04-27,0.0,24.97,32.75,89.1,1.88,5.78
2014-04-28,0.0,25.7,30.61,88.99,2.25,5.58
2014-04-29,0.0,26.69,27.93,88.92,2.12,4.74
2014-04-30,0.0,27.73,25.84,88.97,1.98,4.82
2014-05-01,0.0,29.16,24.72,88.8,2.16,5.73
2014-05-02,0.14,29.13,26.67,88.78,2.0,6.87
2014-05-03,2.48,27.18,32.2,88.93,1.43,8.35
2014-05-04,1.97,26.86,35.69,88.85,1.45,9.57
2014-05-05,1.92,24.94,47.61,89.08,1.24,12.5
2014-05-06,2.31,24.35,51.31,89.16,1.49,12.88
2014-05-07,0.08,25.09,47.91,88.91,1.98,12.38
2014-05-08,0.05,26.68,37.38,88.68,2.66,9.31
2014-05-09,0.45,26.53,32.21,88.57,2.49,6.56
2014-05-10,0.0,27.4,28.05,88.54,1.9,5.52
2014-05-11,0.29,26.2,32.74,88.78,2.04,7.37
2014-05-12,3.03,25.26,42.58,88.89,1.64,10.6
2014-05-13,3.12,22.62,51.78,89.07,2.01,11.52
2014-05-14,2.47,23.56,44.38,88.88,2.28,9.29
2014-05-15,0.0,23.82,40.44,88.69,2.56,8.17
2014-05-16,0.0,25.52,36.5,88.68,2.35,8.01
2014-05-17,0.0,26.02,38.92,89.0,2.43,9.93
2014-05-18,0.0,26.36,34.59,89.0,3.07,7.82
2014-05-19,0.0,26.38,32.49,89.03,2.88,6.43
2014-05-20,0.0,26.92,28.89,88.91,2.47,5.18
2014-05-21,0.0,26.76,33.97,88.69,2.6,8.15
2014-05-22,0.0,27.53,28.5,88.48,2.7,5.99
2014-05-23,0.02,29.94,24.57,88.6,2.01,6.52
2014-05-24,1.22,28.63,30.95,88.96,1.99,9.33
2014-05-25,0.93,28.04,32.12,89.11,2.02,9.0
2014-05-26,4.91,26.73,38.63,89.22,1.49,10.62
2014-05-27,0.61,26.11,40.96,89.01,1.98,10.94
2014-05-28,0.0,27.35,35.0,88.76,2.19,9.41
2014-05-29,0.0,29.66,25.91,88.62,2.28,6.58
2014-05-30,0.71,30.19,25.33,88.6,2.11,7.15
2014-05-31,7.47,29.92,32.14,88.62,1.76,10.04
2014-06-01,12.67,28.64,38.33,88.86,1.9,11.72
2014-06-02,0.76,27.84,41.07,88.91,1.98,12.3
2014-06-03,0.0,29.05,33.41,88.62,2.03,9.6
2014-06-04,0.0,29.77,30.37,88.51,2.08,8.88
2014-06-05,0.0,30.67,31.17,88.36,1.93,10.02
2014-06-06,0.0,31.83,26.73,88.24,2.49,8.7
2014-06-07,0.0,31.9,24.99,88.15,2.69,7.24
2014-06-08,0.0,31.75,22.49,88.1,2.58,5.53
2014-06-09,0.0,31.98,19.26,88.12,2.31,3.95
2014-06-10,0.0,31.91,16.62,88.19,2.55,2.08
2014-06-11,0.01,31.69,15.42,88.22,3.03,0.69
2014-06-12,0.68,30.85,23.37,88.18,3.26,6.42
2014-06-13,0.7,29.55,36.48,88.12,4.0,12.35
2014-06-14,0.22,29.34,42.48,88.2,2.56,14.48
2014-06-15,0.19,30.64,41.25,88.28,2.32,15.39
2014-06-16,1.57,31.19,42.61,88.25,2.21,16.35
2014-06-17,8.45,30.32,52.03,88.21,1.67,18.63
2014-06-18,6.82,29.19,53.78,88.15,1.74,18.41
2014-06-19,1.86,29.55,47.77,88.04,1.95,16.68
2014-06-20,0.13,31.3,39.67,87.89,2.38,14.98
2014-06-21,2.52,31.18,42.75,88.03,2.22,15.86
2014-06-22,5.88,29.91,43.7,88.23,2.17,15.29
2014-06-23,2.08,28.97,45.12,88.22,2.39,14.8
2014-06-24,0.05,28.56,43.35,88.1,1.79,13.89
2014-06-25,1.2,28.51,48.68,88.3,1.92,15.95
2014-06-26,2.27,29.04,50.52,88.57,1.61,16.77
2014-06-27,0.1,29.64,47.6,88.71,1.77,16.37
2014-06-28,0.73,30.21,43.88,88.57,1.87,15.67
2014-06-29,7.36,28.97,54.42,88.37,1.77,18.27
2014-06-30,5.64,28.32,57.84,88.35,1.63,18.65
2014-07-01,7.09,27.37,61.74,88.58,1.59,18.83
2014-07-02,3.13,27.43,57.82,88.61,1.84,17.64
2014-07-03,0.92,28.07,55.67,88.3,2.04,17.52
2014-07-04,14.78,27.17,62.52,88.23,1.57,18.94
2014-07-05,2.2,28.76,53.68,88.42,1.55,17.55
2014-07-06,3.27,28.61,53.24,88.56,1.47,17.31
2014-07-07,12.78,27.23,61.89,88.42,1.65,18.44
2014-07-08,8.71,27.55,59.44,88.27,1.99,17.55
2014-07-09,0.96,29.33,50.13,88.25,1.83,16.99
2014-07-10,0.09,30.14,45.14,88.28,1.84,16.14
2014-07-11,0.09,30.62,42.57,88.3,1.35,15.68
2014-07-12,3.14,29.23,49.75,88.32,1.53,17.09
2014-07-13,20.41,28.06,58.23,88.45,1.13,18.47
2014-07-14,25.13,26.43,69.84,88.36,1.58,20.17
2014-07-15,3.69,26.93,67.24,88.25,1.38,19.8
2014-07-16,1.77,25.04,79.21,88.42,1.97,21.03
2014-07-17,24.05,24.9,84.17,88.27,1.36,21.94
2014-07-18,29.09,24.48,89.08,88.14,1.29,22.42
2014-07-19,54.38,23.7,87.63,88.08,1.42,21.39
2014-07-20,58.56,24.36,83.22,88.2,1.16,21.24
2014-07-21,2.05,25.7,76.63,88.18,1.03,20.98
2014-07-22,7.89,25.86,78.18,88.31,1.17,21.59
2014-07-23,7.24,24.77,85.67,88.37,1.47,22.04
2014-07-24,6.27,24.51,83.57,88.43,1.49,21.31
2014-07-25,15.16,24.12,85.15,88.56,1.33,21.27
2014-07-26,14.25,23.85,86.39,88.75,0.92,21.34
2014-07-27,9.22,24.38,84.58,88.72,1.18,21.52
2014-07-28,22.13,23.98,87.73,88.49,1.29,21.76
2014-07-29,13.1,24.45,83.37,88.5,1.43,21.35
2014-07-30,0.04,25.39,78.59,88.53,1.14,21.19
2014-07-31,1.11,25.6,78.47,88.56,1.13,21.38
2014-08-01,8.04,25.52,80.14,88.41,1.15,21.66
2014-08-02,8.13,25.49,82.87,88.23,1.6,22.21
2014-08-03,14.67,24.93,87.01,88.12,1.78,22.46
2014-08-04,27.55,24.55,87.32,88.16,1.3,22.2
2014-08-05,4.13,25.2,81.0,88.29,1.07,21.48
2014-08-06,8.49,23.85,91.32,88.32,1.58,22.31
2014-08-07,14.72,24.62,87.94,88.3,1.43,22.33
2014-08-08,7.82,23.97,87.99,88.39,1.39,21.73
2014-08-09,6.14,25.03,82.98,88.56,1.13,21.72
2014-08-10,14.15,24.92,86.95,88.59,1.28,22.49
2014-08-11,4.05,24.85,86.87,88.48,1.41,22.35
2014-08-12,0.9,24.75,85.48,88.34,1.86,21.95
2014-08-13,2.14,23.3,90.04,88.25,2.14,21.52
2014-08-14,18.68,23.73,87.92,88.21,2.56,21.5
2014-08-15,48.69,23.49,91.51,88.38,1.88,21.95
2014-08-16,19.62,23.13,88.21,88.62,1.99,20.91
2014-08-17,0.0,22.58,86.06,88.67,1.62,19.91
2014-08-18,0.12,23.51,81.28,88.89,1.63,19.85
2014-08-19,1.78,23.68,77.49,88.92,1.54,19.23
2014-08-20,0.0,24.19,74.22,88.75,1.89,19.02
2014-08-21,0.05,24.17,69.31,88.6,1.72,17.9
2014-08-22,0.1,24.49,66.9,88.7,1.49,17.59
2014-08-23,1.36,24.15,70.23,88.81,1.57,18.11
2014-08-24,0.03,24.2,70.96,88.77,1.69,18.31
2014-08-25,0.02,24.07,70.99,88.75,1.67,18.17
2014-08-26,0.0,24.34,68.96,88.68,1.65,17.9
2014-08-27,1.03,24.97,68.77,88.63,1.43,18.56
2014-08-28,5.52,24.93,70.6,88.82,1.04,18.99
2014-08-29,0.92,24.37,78.01,88.84,0.93,20.08
2014-08-30,0.43,24.62,80.13,88.78,0.87,20.78
2014-08-31,6.47,24.2,82.73,88.6,1.18,20.93
2014-09-01,3.19,23.18,84.87,88.66,1.12,20.37
2014-09-02,6.57,23.57,81.62,88.75,1.21,20.08
2014-09-03,1.66,23.81,82.47,88.77,1.93,20.41
2014-09-04,7.96,23.62,85.94,88.61,1.6,20.96
2014-09-05,23.31,23.29,87.27,88.56,1.5,20.88
2014-09-06,15.81,23.93,83.51,88.67,0.9,20.78
2014-09-07,8.8,24.01,82.07,88.85,0.92,20.61
2014-09-08,3.96,23.51,86.86,88.84,1.21,21.1
2014-09-09,0.25,23.35,87.87,88.73,1.49,21.09
2014-09-10,2.02,23.59,86.67,88.73,1.51,21.04
2014-09-11,9.18,22.79,86.62,88.88,1.5,20.27
2014-09-12,9.81,21.87,87.26,88.91,1.26,19.54
2014-09-13,2.18,22.25,86.04,88.74,1.42,19.6
2014-09-14,0.05,21.95,86.56,88.78,1.79,19.4
2014-09-15,0.13,22.36,84.22,88.73,1.44,19.31
2014-09-16,0.07,22.68,82.82,88.62,1.09,19.27
2014-09-17,0.01,22.85,81.22,88.58,1.36,19.19
2014-09-18,0.06,23.29,79.42,88.72,1.43,19.24
2014-09-19,0.0,24.37,77.15,88.8,1.28,19.83
2014-09-20,1.68,23.98,73.59,88.72,1.37,18.66
2014-09-21,1.82,22.71,71.16,88.72,1.61,16.79
2014-09-22,0.35,21.83,72.19,88.77,1.76,16.29
2014-09-23,0.0,22.12,75.52,88.73,1.8,17.35
2014-09-24,0.0,22.01,73.07,88.87,1.6,16.62
2014-09-25,0.03,21.75,69.56,89.06,1.78,15.59
2014-09-26,1.91,21.43,71.49,89.09,1.76,15.76
2014-09-27,1.58,21.75,74.46,89.2,1.69,16.74
2014-09-28,0.16,21.54,74.47,89.24,1.6,16.56
2014-09-29,1.26,21.63,70.27,89.2,1.52,15.72
2014-09-30,7.36,22.1,69.38,89.31,1.1,16.02
2014-10-01,6.48,21.84,69.44,89.4,0.94,15.83
2014-10-02,1.82,21.19,73.93,89.31,1.04,16.16
2014-10-03,0.09,20.95,75.01,89.19,0.94,16.26
2014-10-04,0.0,22.24,66.82,89.28,1.12,15.39
2014-10-05,0.0,22.79,64.99,89.44,1.18,15.59
2014-10-06,0.0,23.08,67.76,89.46,1.15,16.58
2014-10-07,2.67,22.45,69.41,89.31,1.09,16.23
2014-10-08,0.06,21.71,67.67,89.32,1.24,14.91
2014-10-09,0.0,21.8,63.42,89.29,1.55,14.09
2014-10-10,0.0,21.33,60.17,89.15,1.57,12.57
2014-10-11,0.0,21.12,57.97,89.1,1.41,11.8
2014-10-12,0.0,21.49,51.26,89.27,1.39,10.37
2014-10-13,0.43,21.72,56.48,89.35,1.17,11.76
2014-10-14,18.54,18.78,87.46,89.23,1.13,16.47
2014-10-15,2.02,18.57,74.52,89.57,1.14,13.48
2014-10-16,0.0,18.35,65.3,89.5,1.19,11.16
2014-10-17,0.0,19.0,57.27,89.49,1.3,9.84
2014-10-18,0.0,18.79,59.5,89.4,1.49,10.29
2014-10-19,0.0,18.48,60.79,89.38,1.59,10.21
2014-10-20,0.0,19.37,58.61,89.43,1.47,10.6
2014-10-21,0.0,19.51,58.23,89.59,1.31,10.63
2014-10-22,0.0,19.64,58.35,89.65,1.57,10.67
2014-10-23,0.0,19.73,54.05,89.49,1.36,9.72
2014-10-24,0.01,19.9,55.55,89.4,1.29,10.35
2014-10-25,3.81,19.54,59.56,89.45,1.17,11.13
2014-10-26,2.16,18.12,63.95,89.64,1.34,10.64
2014-10-27,0.0,17.21,65.72,89.54,1.51,10.28
2014-10-28,0.0,17.6,65.27,89.38,1.27,10.63
2014-10-29,0.07,17.91,58.15,89.42,1.69,8.94
2014-10-30,0.0,17.66,56.99,89.41,1.66,8.49
2014-10-31,0.0,17.78,52.34,89.47,1.48,7.06
2014-11-01,0.0,18.18,47.96,89.44,1.63,6.13
2014-11-02,0.0,18.06,46.45,89.44,1.61,5.5
2014-11-03,0.0,17.82,47.7,89.4,1.47,5.71
2014-11-04,0.0,18.36,49.27,89.3,1.4,6.91
2014-11-05,0.0,17.75,56.19,89.32,1.59,8.38
2014-11-06,0.0,18.07,55.49,89.21,1.51,8.36
2014-11-07,0.0,18.7,52.61,89.41,1.4,8.06
2014-11-08,0.07,19.25,53.42,89.62,1.31,8.72
2014-11-09,0.0,19.34,53.42,89.67,1.38,9.12
2014-11-10,0.0,18.48,45.35,89.47,1.44,5.53
2014-11-11,0.0,18.03,37.62,89.45,1.45,2.72
2014-11-12,0.0,17.33,41.3,89.49,1.3,2.89
2014-11-13,0.0,17.89,39.47,89.56,1.59,3.14
2014-11-14,0.0,17.0,38.65,89.56,1.58,1.83
2014-11-15,0.0,16.93,38.11,89.37,1.59,1.63
2014-11-16,0.0,16.19,36.97,89.39,1.52,0.42
2014-11-17,0.0,16.11,38.37,89.44,1.52,1.0
2014-11-18,0.0,15.92,37.57,89.6,1.4,0.6
2014-11-19,0.0,15.37,40.64,89.58,1.45,1.14
2014-11-20,0.0,15.97,40.41,89.43,1.49,1.7
2014-11-21,0.0,15.95,39.17,89.38,1.57,1.08
2014-11-22,0.0,14.99,37.73,89.3,1.65,-0.28
2014-11-23,0.0,14.2,38.53,89.39,1.48,-0.61
2014-11-24,0.0,14.83,35.48,89.43,1.45,-1.17
2014-11-25,0.0,14.79,39.4,89.38,1.72,0.33
2014-11-26,0.0,15.09,37.35,89.04,1.64,-0.13
2014-11-27,0.0,15.39,36.87,89.23,1.39,0.17
2014-11-28,0.0,15.04,41.69,89.35,1.59,1.46
2014-11-29,0.0,15.6,45.31,89.35,1.7,3.02
2014-11-30,0.0,15.73,45.19,89.43,1.61,2.61
2014-12-01,0.0,15.6,38.79,89.35,1.75,0.29
2014-12-02,0.0,16.36,36.54,89.32,1.66,0.36
2014-12-03,0.0,15.99,37.03,89.29,1.8,0.2
2014-12-04,0.0,16.71,33.82,89.45,1.29,-0.24
2014-12-05,0.0,15.58,35.92,89.64,1.41,-0.51
2014-12-06,0.0,15.98,33.24,89.53,1.69,-1.27
2014-12-07,0.0,15.82,33.79,89.39,1.6,-1.51
2014-12-08,0.0,15.1,29.92,89.42,1.48,-3.38
2014-12-09,0.0,14.75,32.57,89.57,1.45,-2.43
2014-12-10,0.0,13.06,32.47,89.53,1.45,-4.13
2014-12-11,0.01,12.83,26.96,89.56,1.47,-6.83
2014-12-12,2.8,13.15,30.09,89.6,1.28,-5.07
2014-12-13,6.71,10.28,61.0,89.61,1.54,2.49
2014-12-14,3.46,10.67,86.33,89.53,1.68,8.36
2014-12-15,18.54,9.87,82.1,89.56,0.94,6.53
2014-12-16,0.21,9.0,67.91,89.63,1.29,2.95
2014-12-17,0.0,10.14,47.57,89.58,1.5,-1.58
2014-12-18,0.0,12.67,34.77,89.72,1.27,-3.51
2014-12-19,0.0,12.44,38.49,89.85,0.87,-1.79
2014-12-20,0.0,13.24,30.47,89.56,1.49,-5.0
2014-12-21,0.0,12.34,33.04,89.46,1.19,-4.28
2014-12-22,0.0,12.04,32.89,89.48,1.03,-4.11
2014-12-23,0.0,11.61,32.88,89.52,1.21,-4.61
2014-12-24,0.0,11.16,35.93,89.65,1.35,-4.21
2014-12-25,0.0,11.92,36.75,89.57,1.32,-3.32
2014-12-26,0.0,10.43,41.36,89.34,1.54,-3.06
2014-12-27,0.0,10.69,36.92,89.38,1.6,-4.51
2014-12-28,0.0,11.11,30.34,89.59,1.38,-6.47
2014-12-29,0.0,11.75,29.98,89.48,1.22,-5.8
2014-12-30,0.0,11.85,33.11,89.34,1.38,-4.44
2014-12-31,0.0,10.8,41.03,89.54,1.88,-2.4
2015-01-01,0.07,13.55,41.75,89.65,1.36,0.21
2015-01-02,4.73,11.57,71.58,89.73,1.27,6.41
2015-01-03,31.2,10.78,84.21,89.62,0.96,8.04
2015-01-04,2.76,10.46,76.15,89.55,1.29,5.98
2015-01-05,0.0,10.19,48.56,89.23,2.08,-1.38
2015-01-06,0.0,12.67,41.1,89.24,1.5,-0.9
2015-01-07,0.0,10.11,49.08,89.22,1.59,-0.68
2015-01-08,0.0,10.56,42.8,89.36,1.35,-3.33
2015-01-09,0.0,9.63,39.89,89.51,1.53,-4.63
2015-01-10,0.0,10.08,39.18,89.44,1.88,-4.16
2015-01-11,0.0,11.67,32.1,89.51,1.19,-5.12
2015-01-12,0.0,11.1,34.33,89.56,1.27,-4.66
2015-01-13,0.0,11.64,37.59,89.52,1.31,-3.05
2015-01-14,1.89,9.79,54.16,89.49,1.42,0.05
2015-01-15,0.01,9.59,60.81,89.57,1.31,1.42
2015-01-16,0.0,10.78,55.48,89.57,1.18,1.76
2015-01-17,0.0,10.89,55.48,89.58,1.58,1.5
2015-01-18,0.0,10.41,46.19,89.51,1.65,-1.55
2015-01-19,0.0,10.67,43.23,89.58,1.57,-1.97
2015-01-20,0.0,11.14,42.77,89.72,1.29,-1.58
2015-01-21,0.57,11.22,44.75,89.93,1.52,-0.97
2015-01-22,11.06,7.51,78.8,89.9,1.78,3.91
2015-01-23,3.5,10.1,72.15,89.69,1.17,4.98
2015-01-24,0.0,11.66,62.0,89.66,1.31,3.98
2015-01-25,0.08,11.56,51.93,89.75,1.37,1.38
2015-01-26,3.01,10.13,65.02,89.75,1.34,3.49
2015-01-27,0.15,10.38,71.85,89.6,1.24,5.2
2015-01-28,0.0,11.03,62.03,89.44,1.1,3.55
2015-01-29,0.0,9.26,57.8,89.5,1.44,0.94
2015-01-30,0.0,8.19,48.29,89.54,2.0,-2.98
2015-01-31,0.0,10.51,39.08,89.44,1.84,-3.54
2015-02-01,0.0,11.74,41.3,89.6,1.39,-1.61
2015-02-02,0.6,11.73,56.4,89.77,1.5,2.81
2015-02-03,4.37,11.87,64.6,89.99,2.19,5.05
2015-02-04,0.04,12.05,61.23,89.86,1.4,3.9
2015-02-05,0.01,12.83,48.55,89.62,1.64,1.3
2015-02-06,0.0,12.83,41.44,89.64,1.45,-0.62
2015-02-07,0.0,12.69,40.07,89.6,1.44,-1.53
2015-02-08,0.0,13.82,42.28,89.59,1.26,0.64
2015-02-09,0.0,13.13,48.46,89.7,1.43,1.73
2015-02-10,0.0,13.03,46.34,89.7,1.94,0.99
2015-02-11,0.0,13.5,43.95,89.5,1.43,0.78
2015-02-12,0.0,12.62,45.34,89.33,1.72,0.44
2015-02-13,0.0,13.0,38.91,89.12,1.61,-1.55
2015-02-14,0.0,15.1,42.38,89.04,1.87,1.71
2015-02-15,0.01,15.25,48.85,89.24,1.42,4.01
2015-02-16,0.09,15.54,50.55,89.55,1.33,4.76
2015-02-17,0.0,15.87,52.83,89.31,1.32,5.64
2015-02-18,0.03,15.96,55.6,89.28,1.26,6.72
2015-02-19,0.4,16.32,50.5,89.39,1.31,5.36
2015-02-20,3.9,16.24,55.53,89.53,1.3,6.91
2015-02-21,0.0,16.37,52.53,89.36,2.26,5.47
2015-02-22,0.0,18.99,41.37,89.26,1.52,4.57
2015-02-23,0.0,19.45,44.49,89.47,1.25,6.43
2015-02-24,0.0,19.35,47.17,89.33,1.21,7.34
2015-02-25,1.66,17.64,58.74,89.21,1.47,8.81
2015-02-26,2.95,15.55,64.8,89.03,1.85,8.37
2015-02-27,8.06,14.6,47.62,89.23,1.5,2.51
2015-02-28,1.08,15.34,47.05,89.38,1.82,3.27
2015-03-01,20.73,11.17,80.27,89.4,2.94,7.85
2015-03-02,58.83,12.38,81.0,89.3,2.63,8.76
2015-03-03,16.41,11.1,78.5,89.24,1.4,7.19
2015-03-04,2.01,10.86,72.81,89.16,1.63,5.65
2015-03-05,0.06,12.44,65.45,89.42,1.92,5.45
2015-03-06,0.02,13.34,61.28,89.48,1.95,5.21
2015-03-07,0.03,14.31,57.27,89.41,1.64,4.63
2015-03-08,4.8,14.76,62.8,89.6,1.35,7.39
2015-03-09,2.18,14.07,67.93,89.83,1.84,7.73
2015-03-10,0.0,15.2,54.12,89.73,1.54,4.91
2015-03-11,0.0,16.52,48.78,89.68,1.73,4.89
2015-03-12,0.0,17.27,45.77,89.7,1.67,4.47
2015-03-13,0.0,16.7,49.17,89.53,1.42,5.38
2015-03-14,1.73,16.58,61.11,89.62,1.09,8.59
2015-03-15,2.18,14.05,76.46,89.65,1.28,9.88
2015-03-16,5.84,14.12,75.55,89.68,1.58,9.43
2015-03-17,0.05,15.41,68.45,89.5,1.72,8.93
2015-03-18,0.0,15.21,63.61,89.2,2.13,7.76
2015-03-19,0.0,16.33,60.5,89.4,1.77,8.11
2015-03-20,0.0,18.4,52.01,89.51,1.84,7.66
2015-03-21,0.0,18.82,50.43,89.55,1.91,7.53
2015-03-22,0.0,20.09,52.45,89.32,1.98,9.31
2015-03-23,0.0,21.06,53.34,89.11,1.78,10.62
2015-03-24,0.0,21.79,52.19,89.25,1.6,10.94
2015-03-25,0.01,21.97,52.07,89.48,1.48,11.02
2015-03-26,0.42,22.27,44.75,89.55,1.69,8.33
2015-03-27,0.15,22.54,44.42,89.46,1.87,9.13
2015-03-28,0.0,22.64,37.44,89.3,1.77,6.3
2015-03-29,1.1,20.8,45.15,89.26,1.5,7.61
2015-03-30,26.29,15.61,74.94,89.34,1.49,11.05
2015-03-31,0.26,17.69,64.09,89.24,1.39,9.98
2015-04-01,0.93,18.41,64.55,89.13,1.51,11.25
2015-04-02,0.73,20.69,57.2,88.87,1.81,11.18
2015-04-03,10.78,17.66,66.12,88.81,1.08,11.1
2015-04-04,10.52,16.15,77.88,88.71,1.3,12.07
2015-04-05,0.51,17.45,69.3,88.86,1.39,11.2
2015-04-06,1.48,19.01,57.15,88.98,1.42,9.48
2015-04-07,0.78,19.35,52.54,89.18,1.83,8.69
2015-04-08,0.22,18.52,55.7,89.28,1.51,8.69
2015-04-09,0.0,19.31,55.03,89.13,2.11,9.2
2015-04-10,0.0,20.94,48.8,89.08,2.14,8.76
2015-04-11,0.03,22.38,40.91,89.22,1.73,7.42
2015-04-12,0.35,21.03,48.5,89.53,1.54,8.92
2015-04-13,0.99,18.96,65.41,89.58,1.26,11.89
2015-04-14,1.78,20.02,64.88,89.52,1.29,12.58
2015-04-15,2.37,20.81,64.21,89.55,0.98,13.31
2015-04-16,5.3,20.55,66.14,89.56,1.75,13.45
2015-04-17,0.02,20.97,59.83,88.96,2.28,12.15
2015-04-18,0.01,23.07,47.09,88.59,2.51,10.03
2015-04-19,0.01,25.45,39.5,88.91,1.68,9.56
2015-04-20,0.18,25.89,42.48,89.22,1.45,11.19
2015-04-21,0.07,24.73,43.92,88.96,1.93,10.41
2015-04-22,0.06,23.81,34.62,88.72,2.4,5.63
2015-04-23,0.0,24.94,28.68,88.88,1.64,4.44
2015-04-24,0.03,25.72,30.43,89.0,1.48,6.06
2015-04-25,0.22,24.35,42.87,89.09,1.66,9.59
2015-04-26,0.11,21.04,61.51,89.26,1.47,12.81
2015-04-27,5.65,22.64,60.34,89.22,1.6,14.01
2015-04-28,1.63,24.02,56.92,89.0,1.6,14.21
2015-04-29,0.05,24.16,44.25,88.97,1.78,10.12
2015-04-30,0.11,24.82,40.83,89.08,1.6,10.1
2015-05-01,4.22,24.93,44.42,89.03,1.64,11.19
2015-05-02,0.24,24.02,37.47,89.01,2.0,7.35
2015-05-03,0.07,23.95,31.74,89.13,1.88,4.41
2015-05-04,0.03,24.71,31.0,89.11,1.98,4.64
2015-05-05,0.0,26.26,30.11,88.96,2.23,5.88
2015-05-06,0.0,27.06,32.17,88.77,2.37,7.96
2015-05-07,0.09,28.57,31.68,88.88,1.66,9.12
2015-05-08,0.54,28.16,33.55,88.86,2.41,9.14
2015-05-09,0.0,28.22,29.91,88.85,1.63,7.7
2015-05-10,0.0,27.96,34.11,88.84,1.65,9.38
2015-05-11,1.41,28.95,34.49,88.95,1.58,11.06
2015-05-12,0.24,27.67,36.94,89.02,1.54,10.82
2015-05-13,0.11,26.86,39.03,89.02,1.99,10.5
2015-05-14,0.01,26.24,41.27,89.09,1.67,10.73
2015-05-15,0.63,26.0,43.73,89.02,1.83,11.74
2015-05-16,0.58,26.35,41.9,88.82,1.31,11.31
2015-05-17,0.0,26.85,40.42,88.72,1.79,11.5
2015-05-18,0.0,28.5,37.25,88.68,2.17,11.28
2015-05-19,0.0,30.08,29.75,88.69,2.71,9.26
2015-05-20,0.0,28.09,26.9,88.7,2.74,5.54
2015-05-21,0.0,28.17,23.76,88.58,2.89,3.71
2015-05-22,0.0,28.9,21.78,88.46,2.79,2.49
2015-05-23,0.0,29.62,20.95,88.37,2.6,3.42
2015-05-24,0.0,30.43,20.57,88.47,2.06,4.05
2015-05-25,0.0,30.93,19.89,88.51,2.09,4.14
2015-05-26,0.49,30.35,21.22,88.67,2.09,4.42
2015-05-27,0.35,29.68,16.28,88.67,1.89,0.04
2015-05-28,0.47,29.03,16.07,88.62,1.95,-0.85
2015-05-29,2.95,29.91,21.98,88.71,2.1,3.81
2015-05-30,0.0,29.92,26.25,88.79,2.12,7.42
2015-05-31,0.31,29.21,27.91,88.71,2.27,7.9
2015-06-01,0.45,28.21,28.23,88.65,1.83,7.03
2015-06-02,0.27,27.86,31.34,88.87,1.55,8.55
2015-06-03,0.04,29.17,27.94,88.89,1.79,7.44
2015-06-04,0.11,30.0,28.73,89.0,1.8,9.39
2015-06-05,0.06,29.68,26.68,88.93,1.88,7.65
2015-06-06,0.0,29.02,26.92,88.64,1.91,7.0
2015-06-07,0.0,30.16,24.99,88.6,2.14,7.01
2015-06-08,0.03,31.25,21.15,88.58,2.11,5.25
2015-06-09,0.01,32.08,20.95,88.45,2.75,6.02
2015-06-10,0.0,30.2,30.99,88.46,3.13,10.88
2015-06-11,0.0,31.21,32.31,88.51,3.04,11.82
2015-06-12,0.01,30.92,27.07,88.46,2.5,8.52
2015-06-13,4.24,29.47,38.44,88.44,2.19,12.74
2015-06-14,0.84,26.76,52.0,88.48,2.01,15.19
2015-06-15,0.0,27.66,43.16,88.5,1.83,13.13
2015-06-16,0.0,28.59,41.12,88.52,1.81,13.42
2015-06-17,0.82,29.4,40.4,88.44,1.86,13.71
2015-06-18,9.62,29.43,43.32,88.43,1.59,14.87
2015-06-19,4.0,28.61,51.44,88.44,1.32,16.55
2015-06-20,8.55,28.3,54.7,88.48,1.18,17.83
2015-06-21,4.71,28.72,55.27,88.4,1.39,18.27
2015-06-22,2.74,28.34,56.52,88.22,1.51,18.35
2015-06-23,3.13,28.68,55.9,88.13,1.8,18.15
2015-06-24,1.03,28.92,51.78,88.17,1.71,17.13
2015-06-25,66.44,24.94,76.59,88.05,1.22,20.31
2015-06-26,36.66,25.37,66.18,87.99,2.01,17.94
2015-06-27,6.31,26.0,56.04,88.15,1.93,15.97
2015-06-28,7.2,27.6,53.66,88.55,2.05,16.89
2015-06-29,49.28,25.67,70.64,88.87,1.42,19.51
2015-06-30,33.16,25.27,75.4,88.78,0.84,20.32
2015-07-01,5.43,25.74,72.22,88.7,0.88,19.86
2015-07-02,3.5,25.53,72.93,88.67,1.34,19.92
2015-07-03,0.06,26.62,66.82,88.49,2.0,19.49
2015-07-04,6.12,26.42,71.18,88.31,2.41,20.36
2015-07-05,11.14,26.85,75.4,88.19,2.09,21.8
2015-07-06,42.12,25.59,79.86,88.3,1.48,21.61
2015-07-07,12.81,24.68,82.34,88.28,1.41,21.19
2015-07-08,8.35,24.47,83.2,88.33,1.44,21.25
2015-07-09,17.02,24.57,83.82,88.34,1.97,21.46
2015-07-10,36.45,24.06,85.11,88.37,1.17,21.23
2015-07-11,74.59,24.18,84.95,88.47,1.13,21.29
2015-07-12,22.2,23.72,82.97,88.47,1.76,20.54
2015-07-13,7.8,24.49,83.47,88.47,1.11,21.3
2015-07-14,1.85,24.99,87.68,88.26,1.9,22.65
2015-07-15,1.77,24.93,86.78,87.91,2.37,22.43
2015-07-16,5.64,24.71,85.16,87.95,1.89,21.91
2015-07-17,6.32,23.63,90.07,88.23,1.6,21.82
2015-07-18,1.16,23.97,88.59,88.35,1.16,21.86
2015-07-19,1.1,23.94,86.04,88.28,1.21,21.37
2015-07-20,3.16,24.5,83.25,88.35,0.95,21.21
2015-07-21,2.19,24.11,88.78,88.53,1.13,22.05
2015-07-22,5.78,23.14,92.29,88.65,1.56,21.77
2015-07-23,2.94,24.29,87.65,88.71,1.75,22.02
2015-07-24,13.7,24.07,87.88,88.66,1.4,21.8
2015-07-25,20.99,24.24,86.13,88.5,1.03,21.63
2015-07-26,4.35,24.28,85.96,88.47,1.55,21.56
2015-07-27,1.98,23.87,86.45,88.54,1.36,21.3
2015-07-28,2.94,23.95,85.69,88.53,1.41,21.21
2015-07-29,0.0,23.55,84.91,88.41,1.25,20.67
2015-07-30,0.28,24.16,84.7,88.32,1.4,21.26
2015-07-31,8.33,23.45,88.63,88.38,2.07,21.32
2015-08-01,20.93,23.08,87.96,88.7,1.6,20.84
2015-08-02,5.49,24.12,80.38,88.82,1.0,20.21
2015-08-03,0.48,24.36,81.81,88.68,1.29,20.78
2015-08-04,0.07,24.51,84.52,88.53,1.5,21.61
2015-08-05,0.84,24.39,85.18,88.4,1.56,21.61
2015-08-06,10.39,23.55,90.81,88.34,2.38,21.9
2015-08-07,16.61,23.29,91.38,88.52,1.45,21.73
2015-08-08,19.48,22.86,94.66,88.6,1.46,21.93
2015-08-09,5.93,23.15,93.3,88.41,1.38,21.97
2015-08-10,3.28,24.04,87.95,88.51,1.08,21.85
2015-08-11,17.28,24.24,86.84,88.81,1.33,21.83
2015-08-12,3.22,24.37,82.46,88.81,1.07,20.97
2015-08-13,4.19,24.81,85.34,88.76,1.1,22.01
2015-08-14,3.37,24.95,86.67,88.69,1.19,22.42
2015-08-15,16.09,24.57,88.16,88.73,1.01,22.38
2015-08-16,9.96,24.31,87.47,88.73,1.08,21.93
2015-08-17,16.17,23.63,89.39,88.65,1.53,21.66
2015-08-18,16.87,23.97,88.81,88.63,1.88,21.87
2015-08-19,3.17,23.42,88.89,88.59,2.39,21.34
2015-08-20,27.21,23.29,89.9,88.53,2.13,21.42
2015-08-21,18.0,23.32,90.15,88.52,1.96,21.49
2015-08-22,17.46,22.99,89.41,88.49,1.64,21.02
2015-08-23,15.14,22.75,89.65,88.51,1.58,20.82
2015-08-24,1.01,23.29,88.71,88.58,1.91,21.16
2015-08-25,0.6,23.52,87.83,88.51,1.95,21.2
2015-08-26,11.61,23.8,87.57,88.55,1.53,21.43
2015-08-27,9.07,23.92,86.35,88.68,1.45,21.34
2015-08-28,0.4,23.71,86.64,88.71,1.78,21.19
2015-08-29,0.56,23.75,85.15,88.58,1.65,20.86
2015-08-30,4.17,23.97,84.73,88.56,1.74,21.02
2015-08-31,0.43,23.02,84.5,88.58,2.14,20.07
2015-09-01,0.27,22.19,81.55,88.5,1.85,18.65
2015-09-02,4.02,22.49,79.27,88.56,1.69,18.5
2015-09-03,0.44,22.95,77.9,88.9,1.41,18.64
2015-09-04,0.1,22.49,78.17,89.14,1.56,18.19
2015-09-05,0.0,22.22,76.28,89.07,1.93,17.56
2015-09-06,0.0,22.26,74.65,88.99,1.88,17.28
2015-09-07,0.38,21.77,75.66,88.94,1.82,16.98
2015-09-08,0.05,22.43,74.86,88.9,1.71,17.44
2015-09-09,0.0,23.18,74.12,88.89,1.57,17.97
2015-09-10,0.0,23.47,74.05,89.03,1.34,18.28
2015-09-11,0.0,23.94,74.85,89.01,1.27,18.97
2015-09-12,2.09,23.8,74.13,89.06,1.23,18.63
2015-09-13,0.11,22.94,73.14,89.08,1.24,17.48
2015-09-14,0.0,23.6,70.08,88.88,1.38,17.38
2015-09-15,1.67,23.71,69.49,88.9,1.24,17.44
2015-09-16,0.11,23.57,70.1,88.88,1.27,17.49
2015-09-17,0.0,24.14,69.82,88.95,1.11,17.92
2015-09-18,1.83,24.52,69.47,89.01,0.89,18.15
2015-09-19,5.18,24.96,78.61,88.92,1.05,20.79
2015-09-20,41.38,24.42,81.97,88.8,1.17,20.95
2015-09-21,4.67,23.65,81.97,88.73,1.2,20.16
2015-09-22,10.57,23.44,84.56,88.78,1.18,20.61
2015-09-23,5.45,22.38,86.3,88.87,1.53,19.8
2015-09-24,0.09,20.52,83.93,88.74,2.05,17.48
2015-09-25,0.0,20.49,77.03,88.68,1.7,16.03
2015-09-26,0.0,21.25,74.61,88.89,1.4,16.37
2015-09-27,0.0,21.59,70.07,89.05,1.38,15.57
2015-09-28,0.0,21.67,70.45,89.16,1.2,15.66
2015-09-29,0.0,22.35,68.3,89.32,1.19,15.85
2015-09-30,0.0,23.0,66.81,89.4,1.31,16.23
2015-10-01,0.0,23.1,63.6,89.48,1.35,15.52
2015-10-02,0.0,22.4,61.63,89.38,1.54,14.2
2015-10-03,0.0,22.14,59.02,89.16,1.45,13.35
2015-10-04,0.0,22.32,56.35,89.33,1.4,12.64
2015-10-05,0.0,21.8,57.16,89.34,1.43,12.38
2015-10-06,0.0,21.61,59.98,89.23,1.33,12.95
2015-10-07,0.0,22.44,58.63,89.25,1.39,13.36
2015-10-08,0.0,22.43,59.07,89.13,1.4,13.59
2015-10-09,0.0,21.76,61.68,88.82,1.67,13.72
2015-10-10,0.01,21.94,57.25,88.85,1.58,12.55
2015-10-11,0.0,22.14,54.78,89.18,1.38,11.95
2015-10-12,0.77,21.52,61.42,89.36,1.19,13.46
2015-10-13,3.43,20.13,78.68,89.43,0.97,16.15
2015-10-14,4.38,20.53,77.44,89.6,1.04,16.26
2015-10-15,1.18,20.17,75.27,89.64,1.05,15.42
2015-10-16,3.42,19.62,74.79,89.6,1.3,14.69
2015-10-17,0.04,20.23,66.33,89.52,1.32,13.38
2015-10-18,0.0,20.73,61.23,89.58,1.27,12.57
2015-10-19,0.0,20.94,60.42,89.52,1.56,12.47
2015-10-20,0.0,20.92,59.2,89.34,1.64,12.11
2015-10-21,0.0,19.66,52.88,89.37,1.51,8.43
2015-10-22,0.0,18.76,49.2,89.35,1.39,6.75
2015-10-23,0.0,18.83,50.26,89.33,1.65,7.43
2015-10-24,0.0,19.8,44.39,89.37,1.31,6.59
2015-10-25,0.0,19.62,45.38,89.62,1.27,6.8
2015-10-26,0.08,18.62,47.94,89.67,1.27,6.27
2015-10-27,0.88,18.13,49.93,89.59,1.4,6.63
2015-10-28,0.1,17.28,53.17,89.57,1.51,6.79
2015-10-29,1.8,17.3,54.41,89.63,1.16,7.42
2015-10-30,0.31,16.71,61.58,89.64,1.07,8.53
2015-10-31,0.05,18.2,52.7,89.68,1.31,7.74
2015-11-01,0.0,18.38,53.27,89.73,1.25,8.18
2015-11-02,0.0,18.61,51.58,89.72,1.39,7.8
2015-11-03,0.0,17.88,53.88,89.58,1.5,7.87
2015-11-04,0.0,17.58,51.25,89.44,1.37,6.83
2015-11-05,1.0,17.7,53.96,89.46,1.36,7.89
2015-11-06,0.01,17.32,54.65,89.43,1.32,7.61
2015-11-07,0.0,17.23,48.75,89.6,1.18,5.77
2015-11-08,0.0,17.61,48.26,89.72,1.16,5.96
2015-11-09,0.0,17.14,54.61,89.66,1.52,7.38
2015-11-10,0.0,17.58,53.22,89.48,1.59,7.14
2015-11-11,0.0,16.86,53.91,89.4,1.74,6.76
2015-11-12,0.0,18.01,46.69,89.5,1.41,5.53
2015-11-13,0.0,18.46,50.42,89.51,1.62,7.31
2015-11-14,0.0,18.38,54.86,89.33,1.65,8.53
2015-11-15,0.0,17.43,47.55,89.35,1.51,5.05
2015-11-16,0.0,16.56,50.26,89.33,1.56,5.59
2015-11-17,0.0,16.39,45.47,89.29,1.62,3.52
2015-11-18,0.0,16.12,41.87,89.53,1.46,2.28
2015-11-19,0.0,16.51,42.99,89.72,1.32,3.2
2015-11-20,0.0,17.29,44.3,89.64,1.26,4.42
2015-11-21,0.0,17.52,46.13,89.58,1.28,5.3
2015-11-22,0.0,17.6,44.79,89.53,1.43,4.85
2015-11-23,0.0,17.65,41.87,89.6,1.31,3.95
2015-11-24,0.0,17.37,40.69,89.58,1.33,3.19
2015-11-25,0.0,17.44,36.26,89.45,1.47,1.17
2015-11-26,0.18,16.98,41.76,89.45,0.96,2.94
2015-11-27,0.46,14.64,72.47,89.31,1.37,9.47
2015-11-28,0.09,15.31,64.03,89.65,1.89,8.02
2015-11-29,0.0,16.4,57.27,89.88,1.44,7.31
2015-11-30,0.0,17.05,54.94,89.79,1.35,7.0
2015-12-01,0.0,16.87,44.54,89.57,1.52,2.95
2015-12-02,0.01,15.89,47.96,89.53,1.29,4.15
2015-12-03,0.0,14.61,55.28,89.43,1.57,5.14
2015-12-04,0.0,14.79,46.28,89.36,1.19,2.82
2015-12-05,0.0,14.29,44.19,89.51,1.2,1.6
2015-12-06,0.0,13.8,45.09,89.59,1.23,1.56
2015-12-07,0.0,14.16,42.6,89.67,1.15,1.1
2015-12-08,0.0,14.15,41.47,89.57,1.25,0.68
2015-12-09,0.3,13.93,44.65,89.63,1.12,1.29
2015-12-10,0.01,15.48,43.34,89.43,1.25,2.51
2015-12-11,2.62,12.79,59.73,89.22,1.54,4.86
2015-12-12,0.33,12.28,65.42,89.21,1.21,5.3
2015-12-13,0.0,12.23,57.48,89.37,1.44,3.59
2015-12-14,0.0,11.37,55.19,89.41,1.38,1.95
2015-12-15,0.0,11.56,42.66,89.35,1.37,-1.38
2015-12-16,0.0,11.5,42.6,89.47,1.39,-1.31
2015-12-17,0.0,10.15,41.21,89.48,1.46,-2.92
2015-12-18,0.0,9.56,39.81,89.47,1.53,-4.09
2015-12-19,0.0,10.38,35.48,89.66,1.51,-5.03
2015-12-20,0.0,9.68,36.82,89.67,1.43,-4.93
2015-12-21,0.0,9.05,40.04,89.63,1.37,-4.38
2015-12-22,0.0,9.58,39.53,89.84,1.43,-4.32
2015-12-23,0.0,9.1,40.37,89.76,1.47,-4.44
2015-12-24,0.0,8.31,42.68,89.68,1.43,-4.04
2015-12-25,0.0,9.2,36.96,89.75,1.45,-5.82
2015-12-26,0.0,11.75,31.33,89.69,1.46,-5.59
2015-12-27,0.0,13.8,35.14,89.8,1.54,-2.29
2015-12-28,0.0,15.23,41.22,89.85,1.59,1.31
2015-12-29,0.0,14.35,40.84,89.65,1.49,0.12
2015-12-30,0.0,14.38,34.45,89.66,1.39,-2.19
2015-12-31,0.0,12.89,29.6,89.8,1.51,-5.51
2016-01-01,0.0,13.56,26.08,89.92,1.19,-6.23
2016-01-02,0.0,12.6,28.6,89.85,1.56,-6.01
2016-01-03,0.0,12.72,29.54,89.62,1.36,-5.29
2016-01-04,0.0,12.91,33.1,89.8,1.05,-3.35
2016-01-05,0.0,13.97,38.29,89.67,1.69,-0.65
2016-01-06,0.0,13.71,45.62,89.7,1.22,1.57
2016-01-07,0.0,13.62,46.34,89.78,1.27,1.74
2016-01-08,0.02,12.39,50.49,89.56,1.79,1.8
2016-01-09,0.0,11.52,51.94,89.23,1.59,0.68
2016-01-10,0.0,12.53,38.91,89.5,1.33,-1.92
2016-01-11,0.0,12.35,38.86,89.6,1.29,-1.79
2016-01-12,0.0,12.69,39.64,89.5,1.32,-1.24
2016-01-13,0.0,12.41,41.04,89.42,1.37,-1.17
2016-01-14,0.0,11.19,50.1,89.46,1.12,0.72
2016-01-15,0.0,11.85,42.79,89.34,1.33,-1.37
2016-01-16,0.0,11.51,41.82,89.12,1.4,-2.05
2016-01-17,0.0,11.04,42.2,89.36,1.48,-2.03
2016-01-18,0.0,11.4,36.8,89.34,1.39,-3.48
2016-01-19,0.22,10.14,39.42,89.3,1.4,-3.79
2016-01-20,0.42,7.83,53.22,89.37,1.24,-1.5
2016-01-21,0.0,8.11,39.08,89.49,1.69,-6.0
2016-01-22,0.0,8.76,28.07,89.54,1.55,-9.46
2016-01-23,0.0,8.97,26.9,89.65,1.69,-9.64
2016-01-24,0.0,9.81,26.74,89.59,1.55,-8.76
2016-01-25,0.0,9.09,27.62,89.41,1.55,-9.3
2016-01-26,0.0,10.8,27.73,89.41,1.4,-7.42
2016-01-27,0.0,11.1,31.82,89.33,1.76,-5.56
2016-01-28,0.0,12.6,36.99,89.39,1.88,-2.29
2016-01-29,0.41,14.42,42.91,89.63,1.51,1.11
2016-01-30,0.04,14.13,51.63,89.56,1.65,3.44
2016-01-31,0.0,13.61,45.45,89.5,1.82,0.97
2016-02-01,0.0,12.21,36.8,89.56,1.64,-4.48
2016-02-02,0.0,12.48,24.3,89.58,1.52,-8.14
2016-02-03,0.0,12.75,27.44,89.47,1.6,-6.79
2016-02-04,0.0,14.32,29.17,89.54,1.56,-4.22
2016-02-05,0.0,15.42,26.77,89.5,1.51,-4.5
2016-02-06,0.0,14.98,25.96,89.39,1.69,-5.16
2016-02-07,8.98,12.16,49.16,89.48,2.14,0.59
2016-02-08,1.14,12.17,54.38,89.48,1.49,2.18
2016-02-09,0.55,13.39,47.44,89.37,1.47,1.6
2016-02-10,0.0,13.71,43.81,89.23,1.46,0.96
2016-02-11,0.0,12.98,42.37,89.22,1.66,-0.28
2016-02-12,0.0,12.68,34.38,89.28,1.63,-3.82
2016-02-13,2.1,13.11,31.91,89.44,1.41,-4.22
2016-02-14,0.0,12.87,41.33,89.54,1.53,-1.15
2016-02-15,0.0,13.06,38.35,89.7,1.71,-1.57
2016-02-16,0.0,14.23,34.89,89.84,1.77,-2.06
2016-02-17,0.0,16.39,31.68,89.88,1.59,-1.94
2016-02-18,0.0,18.86,35.74,89.69,2.13,2.44
2016-02-19,0.03,19.77,43.56,89.66,1.44,6.33
2016-02-20,7.19,17.64,57.55,89.62,1.23,8.73
2016-02-21,0.0,16.39,54.57,89.32,2.17,5.84
2016-02-22,0.0,17.41,30.84,89.29,2.18,-1.49
2016-02-23,0.0,17.33,25.68,89.26,1.64,-3.37
2016-02-24,0.0,16.99,23.9,89.3,1.47,-5.01
2016-02-25,0.0,16.45,26.31,89.6,1.44,-4.1
2016-02-26,0.0,16.49,28.2,89.83,1.56,-3.23
2016-02-27,0.0,16.72,28.37,89.83,1.51,-2.66
2016-02-28,0.0,16.86,28.81,89.89,1.49,-2.4
2016-02-29,0.02,17.13,30.06,89.88,1.45,-1.6
2016-03-01,0.02,17.47,29.86,89.59,1.78,-1.49
2016-03-02,0.0,18.39,32.41,89.61,1.74,0.92
2016-03-03,0.0,18.92,33.74,89.6,2.26,1.53
2016-03-04,0.0,19.77,31.48,89.38,2.19,1.08
2016-03-05,0.02,20.07,31.8,89.4,1.47,1.69
2016-03-06,0.7,19.83,36.22,89.5,1.78,3.2
2016-03-07,0.5,18.74,44.19,89.4,1.51,5.04
2016-03-08,0.0,19.01,38.09,89.25,1.81,3.3
2016-03-09,0.0,18.87,37.2,89.25,1.66,3.26
2016-03-10,0.0,19.75,36.68,89.37,1.92,3.59
2016-03-11,3.57,20.73,38.84,89.46,1.71,5.66
2016-03-12,12.43,19.68,50.13,89.37,1.58,7.67
2016-03-13,11.47,17.01,72.13,89.3,2.19,11.52
2016-03-14,6.34,15.69,63.58,89.44,1.14,8.43
2016-03-15,0.18,16.0,48.86,89.43,1.78,4.21
2016-03-16,0.0,17.42,40.43,89.18,1.86,2.36
2016-03-17,1.09,19.08,39.63,89.26,1.34,4.02
2016-03-18,0.47,19.03,49.21,89.32,1.57,7.2
2016-03-19,0.02,20.04,42.8,89.19,1.86,5.7
2016-03-20,1.05,19.87,43.36,89.26,1.72,5.95
2016-03-21,0.01,18.14,37.36,89.1,2.72,1.14
2016-03-22,0.0,19.28,29.7,88.83,2.18,-1.09
2016-03-23,0.0,21.51,25.7,89.08,1.88,-0.7
2016-03-24,0.0,22.58,27.85,89.52,1.65,1.33
2016-03-25,0.0,22.51,31.3,89.63,1.48,3.28
2016-03-26,0.21,22.91,35.44,89.57,2.08,5.41
2016-03-27,0.84,20.28,48.8,89.53,1.8,8.39
2016-03-28,0.0,20.48,38.61,89.36,1.94,4.35
2016-03-29,0.0,21.75,34.32,89.3,1.7,4.45
2016-03-30,0.01,22.9,33.98,89.39,1.67,5.16
2016-03-31,0.03,22.43,33.0,89.17,2.19,3.66
2016-04-01,0.0,23.99,33.85,88.92,1.87,5.77
2016-04-02,0.0,25.62,35.97,89.13,2.04,8.52
2016-04-03,0.0,26.29,38.13,89.23,1.72,10.01
2016-04-04,0.0,25.9,35.24,89.1,1.61,8.52
2016-04-05,0.0,24.76,33.63,88.97,2.03,6.66
2016-04-06,1.1,23.29,36.52,89.08,1.64,6.56
2016-04-07,2.91,23.81,37.56,89.07,1.56,7.12
2016-04-08,0.1,22.83,36.04,89.17,1.82,5.06
2016-04-09,0.0,23.86,27.88,89.22,2.06,2.27
2016-04-10,0.0,24.54,28.91,89.17,2.3,4.18
2016-04-11,0.0,24.45,29.9,89.06,2.51,4.22
2016-04-12,0.0,23.04,31.98,88.82,2.55,3.92
2016-04-13,0.0,24.26,27.06,88.58,3.03,2.73
2016-04-14,0.0,25.31,25.28,88.67,2.49,2.33
2016-04-15,0.0,27.19,18.38,88.81,2.26,-0.06
2016-04-16,0.0,28.57,20.92,88.75,2.59,3.43
2016-04-17,0.04,29.43,23.78,88.78,1.92,5.89
2016-04-18,4.39,28.03,31.02,88.93,1.71,8.45
2016-04-19,0.6,26.24,39.7,89.06,1.58,10.71
2016-04-20,0.05,27.06,33.34,88.97,2.27,8.2
2016-04-21,0.0,26.05,23.87,88.66,3.04,1.81
2016-04-22,0.69,26.26,26.73,88.58,2.65,4.5
2016-04-23,1.32,24.67,29.46,88.52,2.22,3.62
2016-04-24,0.0,23.29,17.55,88.6,2.94,-4.34
2016-04-25,0.0,24.16,16.29,88.78,2.81,-4.93
2016-04-26,0.0,25.67,14.42,89.08,2.38,-5.0
2016-04-27,0.0,26.2,14.98,88.97,2.62,-3.88
2016-04-28,0.0,26.76,16.1,88.88,2.7,-2.47
2016-04-29,0.0,26.98,16.35,88.95,2.71,-1.63
2016-04-30,0.0,27.3,14.77,88.87,1.66,-2.67
2016-05-01,0.0,28.35,12.31,88.69,2.46,-4.36
2016-05-02,0.0,30.3,10.69,88.78,2.03,-4.33
2016-05-03,0.04,26.17,25.6,88.96,1.61,4.52
2016-05-04,5.33,26.23,40.76,88.96,1.72,11.0
2016-05-05,8.93,23.85,48.05,89.13,1.41,11.72
2016-05-06,0.58,23.42,52.97,88.97,1.74,12.7
2016-05-07,3.86,23.17,58.11,89.04,1.38,13.93
2016-05-08,14.46,24.0,57.22,89.11,1.29,14.68
2016-05-09,5.22,25.18,54.35,89.14,1.26,14.92
2016-05-10,2.32,26.01,50.21,89.19,1.17,14.21
2016-05-11,0.74,25.92,50.88,89.08,1.38,14.27
2016-05-12,0.07,26.48,46.78,88.71,1.48,13.41
2016-05-13,0.5,27.53,38.34,88.67,1.83,11.24
2016-05-14,0.23,28.34,37.22,88.8,2.13,11.06
2016-05-15,0.59,29.04,32.75,88.81,2.46,9.57
2016-05-16,0.06,28.73,28.32,88.63,2.41,6.04
2016-05-17,0.0,29.53,26.79,88.44,2.57,6.89
2016-05-18,0.02,30.65,23.34,88.45,1.73,5.92
2016-05-19,0.02,29.28,31.97,88.58,2.0,9.96
2016-05-20,2.79,29.32,37.49,88.4,1.84,12.93
2016-05-21,5.47,27.77,44.66,88.33,1.71,13.32
2016-05-22,0.12,29.8,35.28,88.37,1.76,11.67
2016-05-23,3.55,28.53,41.82,88.58,2.15,13.28
2016-05-24,2.9,26.92,49.09,88.58,1.91,14.57
2016-05-25,0.29,26.63,43.26,88.26,3.06,11.48
2016-05-26,0.12,27.25,37.74,88.4,2.38,10.17
2016-05-27,0.0,29.05,31.97,88.46,2.8,9.35
2016-05-28,3.91,28.85,33.76,88.49,2.18,10.08
2016-05-29,16.32,25.58,55.17,88.58,2.04,15.24
2016-05-30,1.39,25.1,54.06,88.69,1.76,14.43
2016-05-31,0.02,26.32,47.88,88.66,2.63,13.2
2016-06-01,0.0,27.49,47.54,88.74,1.76,14.64
2016-06-02,1.34,28.51,48.65,88.71,1.49,16.23
2016-06-03,0.04,28.61,46.74,88.79,1.82,15.17
2016-06-04,1.02,28.8,48.82,88.86,1.84,16.39
2016-06-05,1.69,29.23,47.51,88.88,1.81,16.07
2016-06-06,6.84,28.67,46.34,88.84,1.34,15.5
2016-06-07,5.11,28.14,42.5,88.76,1.35,13.56
2016-06-08,0.11,28.58,40.17,88.59,1.9,12.53
2016-06-09,1.13,29.36,35.53,88.46,1.98,11.75
2016-06-10,0.64,29.64,34.1,88.44,1.69,10.99
2016-06-11,4.8,29.73,44.22,88.42,2.39,15.13
2016-06-12,0.06,29.16,47.54,88.39,2.14,16.22
2016-06-13,1.17,29.28,49.98,88.33,2.44,17.02
2016-06-14,0.87,28.17,55.56,88.29,2.05,17.65
2016-06-15,9.09,24.84,70.65,88.29,1.04,19.09
2016-06-16,26.45,25.92,66.68,88.43,1.48,18.71
2016-06-17,2.29,27.59,56.2,88.53,1.34,17.53
2016-06-18,1.96,28.33,56.9,88.67,1.45,18.34
2016-06-19,3.16,27.32,66.56,88.74,1.52,20.21
2016-06-20,1.77,26.65,70.71,88.63,1.71,20.63
2016-06-21,5.38,26.99,70.61,88.54,1.87,20.72
2016-06-22,8.13,25.98,71.35,88.65,1.59,19.96
2016-06-23,1.56,27.86,62.61,88.5,2.04,19.24
2016-06-24,0.14,29.38,50.67,88.36,1.87,17.18
2016-06-25,2.41,28.16,58.31,88.63,1.38,18.69
2016-06-26,2.81,27.2,67.85,88.64,1.23,20.4
2016-06-27,2.12,28.15,64.81,88.54,1.54,20.52
2016-06-28,1.57,28.23,65.17,88.65,1.61,20.71
2016-06-29,0.94,28.08,67.57,88.69,1.34,21.13
2016-06-30,6.11,28.41,66.19,88.44,1.66,21.11
2016-07-01,20.77,26.15,78.95,88.18,1.78,21.93
2016-07-02,38.57,25.03,86.27,88.22,2.44,22.42
2016-07-03,22.14,24.27,81.72,88.33,1.57,20.67
2016-07-04,5.42,25.42,75.98,88.23,1.59,20.66
2016-07-05,2.81,26.13,75.89,88.15,1.79,21.16
2016-07-06,2.52,25.67,79.63,88.27,1.99,21.63
2016-07-07,9.68,25.78,76.13,88.37,1.42,21.04
2016-07-08,7.09,26.7,73.99,88.29,1.29,21.37
2016-07-09,5.54,26.11,79.17,88.28,1.43,21.95
2016-07-10,3.16,26.43,74.68,88.18,1.18,21.23
2016-07-11,4.8,24.9,82.68,88.32,1.57,21.6
2016-07-12,2.88,25.59,79.19,88.42,1.44,21.49
2016-07-13,5.57,25.37,80.05,88.42,1.21,21.45
2016-07-14,13.6,24.77,86.73,88.31,0.97,22.27
2016-07-15,7.92,25.49,80.12,88.3,1.44,21.57
2016-07-16,30.46,24.16,87.8,88.45,1.74,21.88
2016-07-17,80.29,23.41,89.8,88.52,1.47,21.57
2016-07-18,15.15,23.54,88.42,88.41,1.21,21.38
2016-07-19,0.82,24.62,85.42,88.32,2.4,21.77
2016-07-20,0.16,25.38,79.18,88.39,1.89,21.15
2016-07-21,7.45,25.54,77.8,88.43,1.65,21.12
2016-07-22,33.47,24.66,84.36,88.44,1.79,21.71
2016-07-23,24.86,23.31,92.08,88.59,2.35,21.88
2016-07-24,13.65,23.61,87.31,88.74,1.34,21.21
2016-07-25,1.48,24.57,85.78,88.68,1.59,21.86
2016-07-26,20.2,23.63,94.65,88.76,2.36,22.69
2016-07-27,8.58,22.82,89.93,88.91,1.04,20.98
2016-07-28,17.61,23.2,87.12,88.65,1.18,20.81
2016-07-29,22.0,23.22,91.58,88.5,1.6,21.71
2016-07-30,19.39,22.52,90.41,88.57,1.85,20.79
2016-07-31,11.41,23.06,90.28,88.5,1.75,21.29
2016-08-01,21.07,22.8,87.99,88.42,1.44,20.59
2016-08-02,1.39,22.8,84.78,88.33,1.27,19.98
2016-08-03,0.77,25.05,79.35,88.38,1.01,21.09
2016-08-04,0.47,25.79,81.72,88.45,1.16,22.15
2016-08-05,16.17,24.91,79.45,88.53,1.1,20.83
2016-08-06,7.91,24.17,85.82,88.53,1.35,21.58
2016-08-07,2.98,24.76,82.79,88.55,1.12,21.4
2016-08-08,5.27,24.48,85.72,88.53,0.8,21.79
2016-08-09,24.29,23.93,89.23,88.4,1.4,21.92
2016-08-10,12.74,23.28,86.47,88.44,1.55,20.73
2016-08-11,12.01,24.14,85.51,88.6,1.5,21.37
2016-08-12,6.95,23.54,90.67,88.58,1.42,21.82
2016-08-13,3.2,23.32,93.56,88.48,1.4,22.18
2016-08-14,2.36,23.98,88.47,88.42,1.41,21.84
2016-08-15,7.7,24.19,86.34,88.28,1.52,21.62
2016-08-16,11.9,24.8,83.62,88.17,1.0,21.59
2016-08-17,22.72,23.98,84.41,88.31,1.0,21.1
2016-08-18,1.51,24.54,82.88,88.4,1.43,21.25
2016-08-19,3.67,24.06,85.96,88.47,0.95,21.48
2016-08-20,1.48,24.56,87.3,88.54,1.08,22.18
2016-08-21,0.24,24.91,87.33,88.54,1.14,22.49
2016-08-22,2.55,24.77,87.98,88.71,1.16,22.51
2016-08-23,1.02,24.12,85.58,88.74,1.52,21.4
2016-08-24,0.31,23.83,85.79,88.74,1.44,21.12
2016-08-25,0.04,24.8,82.93,88.85,1.1,21.5
2016-08-26,1.51,24.57,85.72,88.93,0.99,21.88
2016-08-27,0.67,24.34,83.06,89.06,0.94,21.01
2016-08-28,0.26,24.15,86.16,89.04,1.09,21.54
2016-08-29,2.44,24.19,85.33,88.73,1.44,21.41
2016-08-30,2.53,24.41,80.41,88.63,1.04,20.64
2016-08-31,19.23,23.65,85.22,88.69,0.95,20.89
2016-09-01,7.0,23.79,84.32,88.62,1.17,20.75
2016-09-02,0.17,23.45,86.22,88.37,1.51,20.79
2016-09-03,0.01,22.97,84.73,88.35,1.91,20.01
2016-09-04,1.24,22.88,80.32,88.6,1.44,19.04
2016-09-05,0.63,22.78,82.85,88.64,1.65,19.47
2016-09-06,1.64,22.97,84.41,88.68,1.54,20.01
2016-09-07,0.14,23.23,83.67,88.69,1.42,20.09
2016-09-08,0.28,23.59,82.82,88.77,1.54,20.28
2016-09-09,0.0,23.69,82.1,88.82,1.52,20.2
2016-09-10,0.07,23.37,81.41,88.76,1.75,19.76
2016-09-11,0.51,23.29,80.31,88.74,1.51,19.49
2016-09-12,26.27,23.19,82.5,88.79,1.33,19.95
2016-09-13,13.9,23.0,81.62,89.01,1.0,19.51
2016-09-14,1.88,22.9,85.42,89.06,1.19,20.2
2016-09-15,1.67,23.33,81.5,88.92,1.24,19.8
2016-09-16,0.55,24.03,75.1,88.85,1.2,19.13
2016-09-17,0.1,23.88,72.76,88.81,1.1,18.56
2016-09-18,0.48,23.64,74.49,88.9,1.19,18.59
2016-09-19,0.26,23.44,77.34,88.8,1.24,19.09
2016-09-20,0.21,24.2,75.87,88.75,1.15,19.48
2016-09-21,12.2,23.56,81.99,89.01,1.24,20.11
2016-09-22,13.05,22.14,91.78,89.09,1.63,20.65
2016-09-23,0.93,21.83,87.51,88.88,1.0,19.44
2016-09-24,0.67,22.5,79.01,88.79,1.0,18.4
2016-09-25,0.98,22.31,79.59,88.81,1.02,18.38
2016-09-26,3.15,21.9,84.74,88.96,1.33,19.03
2016-09-27,1.81,22.44,78.5,89.0,1.1,18.32
2016-09-28,0.14,23.0,75.06,88.94,1.07,18.1
2016-09-29,0.1,22.91,77.01,88.92,1.03,18.44
2016-09-30,0.01,23.32,77.45,88.92,1.15,18.87
2016-10-01,0.0,23.59,73.13,89.07,1.22,18.19
2016-10-02,0.0,23.96,73.98,89.25,1.11,18.79
2016-10-03,0.03,23.96,74.07,89.09,1.25,18.83
2016-10-04,1.48,23.7,72.3,88.95,1.11,18.19
2016-10-05,0.05,23.1,71.23,88.86,1.04,17.26
2016-10-06,0.51,22.54,73.22,89.01,0.99,17.24
2016-10-07,0.04,22.78,68.04,89.03,1.2,16.19
2016-10-08,1.4,23.18,64.36,89.02,1.11,15.81
2016-10-09,0.09,22.44,58.64,88.92,1.27,13.49
2016-10-10,0.72,21.1,57.26,88.91,1.52,11.81
2016-10-11,0.11,20.85,55.54,88.88,1.51,11.08
2016-10-12,0.0,20.95,53.17,88.85,1.55,10.57
2016-10-13,0.0,21.1,48.29,89.02,1.52,9.13
2016-10-14,0.0,21.1,44.35,89.15,1.32,7.89
2016-10-15,0.0,20.69,50.06,89.22,1.31,9.33
2016-10-16,0.0,20.91,45.92,89.31,1.31,8.27
2016-10-17,0.0,20.53,47.27,89.22,1.39,8.38
2016-10-18,0.0,20.09,45.71,89.1,1.27,7.43
2016-10-19,0.0,19.8,47.07,89.03,1.42,7.47
2016-10-20,0.0,19.97,46.5,88.93,1.59,7.57
2016-10-21,0.0,19.83,46.48,89.03,1.6,7.34
2016-10-22,0.0,19.66,45.14,89.08,1.76,6.81
2016-10-23,0.0,19.28,46.05,89.03,1.66,6.7
2016-10-24,0.0,19.57,43.11,88.99,1.68,5.98
2016-10-25,0.0,18.7,41.78,89.03,1.58,4.59
2016-10-26,0.0,18.95,41.55,89.28,1.6,4.79
2016-10-27,0.0,19.23,41.27,89.5,1.49,5.06
2016-10-28,0.0,18.93,40.93,89.35,1.28,4.68
2016-10-29,0.0,18.26,42.6,89.44,1.28,4.58
2016-10-30,0.0,18.01,45.08,89.56,1.25,5.25
2016-10-31,0.0,18.17,47.15,89.79,1.31,6.25
2016-11-01,0.0,18.69,43.35,89.68,1.36,5.41
2016-11-02,0.0,18.38,43.85,89.67,1.32,5.23
2016-11-03,0.0,19.09,41.63,89.68,1.21,5.12
2016-11-04,0.0,18.24,43.03,89.4,1.26,4.73
2016-11-05,0.0,17.58,45.22,89.14,1.34,4.82
2016-11-06,0.0,16.91,45.74,89.21,1.43,4.32
2016-11-07,0.0,16.55,41.16,89.23,1.63,2.27
2016-11-08,0.0,17.36,37.64,89.29,1.29,1.91
2016-11-09,0.0,17.62,34.45,89.45,1.35,0.94
2016-11-10,0.0,17.31,30.68,89.42,1.25,-0.92
2016-11-11,0.0,16.85,33.3,89.51,1.28,-0.11
2016-11-12,0.0,17.18,34.49,89.61,1.39,0.58
2016-11-13,0.0,16.93,35.15,89.7,1.26,0.43
2016-11-14,0.0,16.05,39.98,89.6,1.43,1.67
2016-11-15,0.0,15.61,42.1,89.56,1.26,2.06
2016-11-16,0.0,15.37,37.49,89.62,1.45,0.02
2016-11-17,0.0,16.39,33.79,89.54,1.5,-0.69
2016-11-18,0.0,16.38,34.13,89.37,1.38,-0.25
2016-11-19,0.0,16.21,34.02,89.26,1.37,-0.37
2016-11-20,0.0,16.08,35.51,89.4,1.24,0.13
2016-11-21,0.0,16.18,35.64,89.38,1.48,0.04
2016-11-22,0.0,16.83,32.36,89.26,1.84,-0.97
2016-11-23,0.0,17.71,30.57,89.32,1.44,-0.71
2016-11-24,0.0,16.78,33.97,89.4,1.56,-0.62
2016-11-25,0.0,17.7,33.85,89.22,1.86,0.06
2016-11-26,0.0,18.01,33.96,89.31,1.38,1.24
2016-11-27,0.0,17.36,36.85,89.3,1.67,1.68
2016-11-28,0.0,16.29,34.83,89.28,1.32,0.11
2016-11-29,0.0,15.62,31.89,89.52,1.14,-1.89
2016-11-30,0.0,15.42,45.07,89.68,1.16,3.06
2016-12-01,0.0,15.6,43.8,89.69,1.4,2.77
2016-12-02,0.0,14.98,37.79,89.65,1.33,-0.26
2016-12-03,0.0,14.63,37.18,89.77,1.25,-0.8
2016-12-04,0.0,14.38,35.73,89.77,1.19,-1.41
2016-12-05,0.0,14.61,34.85,89.6,1.22,-1.5
2016-12-06,0.0,14.92,35.93,89.7,1.23,-0.72
2016-12-07,0.0,15.15,36.3,89.6,1.12,-0.48
2016-12-08,0.0,14.85,37.64,89.51,1.25,-0.2
2016-12-09,0.0,15.06,35.96,89.34,1.13,-1.01
2016-12-10,0.0,14.76,35.88,89.38,1.43,-1.18
2016-12-11,0.0,15.71,34.87,89.38,1.64,-0.89
2016-12-12,0.0,14.02,37.5,89.32,1.52,-1.34
2016-12-13,0.0,13.27,38.31,89.42,1.58,-1.66
2016-12-14,0.0,12.67,39.95,89.48,1.43,-1.64
2016-12-15,0.0,12.24,37.63,89.43,1.39,-2.87
2016-12-16,0.0,13.7,31.7,89.62,1.14,-3.5
2016-12-17,0.0,14.28,31.09,89.6,1.27,-3.34
2016-12-18,0.0,14.23,27.85,89.59,1.29,-5.1
2016-12-19,0.0,13.7,26.98,89.55,1.59,-6.1
2016-12-20,0.0,14.46,23.74,89.36,1.73,-7.58
2016-12-21,0.0,15.55,21.09,89.39,1.26,-7.61
2016-12-22,0.0,14.0,27.88,89.49,1.15,-5.03
2016-12-23,0.0,13.54,28.07,89.33,1.24,-5.55
2016-12-24,0.0,12.75,31.55,89.25,1.4,-4.49
2016-12-25,2.2,11.91,47.73,89.35,1.39,0.61
2016-12-26,0.05,11.89,43.17,89.38,1.47,-1.59
2016-12-27,0.0,12.36,30.14,89.5,1.41,-5.76
2016-12-28,0.0,12.43,29.6,89.45,1.19,-5.5
2016-12-29,0.0,11.88,34.22,89.57,1.17,-3.98
2016-12-30,0.0,12.4,38.7,89.62,1.36,-2.1
2016-12-31,0.0,12.88,46.09,89.58,1.28,1.06
2017-01-01,0.79,12.37,62.17,89.58,1.45,4.84
2017-01-02,0.12,11.25,65.74,89.66,1.15,4.34
2017-01-03,0.0,12.18,51.25,89.62,1.48,1.55
2017-01-04,0.0,12.81,46.43,89.49,1.53,1.01
2017-01-05,0.0,12.07,49.0,89.36,1.77,1.07
2017-01-06,0.29,12.02,49.36,89.33,1.51,0.88
2017-01-07,16.1,7.67,78.74,89.21,1.83,4.07
2017-01-08,0.42,7.99,78.02,89.36,1.44,4.08
2017-01-09,0.0,9.01,61.15,89.27,1.28,1.32
2017-01-10,0.0,8.62,51.83,89.22,1.38,-1.45
2017-01-11,0.52,7.48,42.78,89.24,1.33,-4.84
2017-01-12,0.01,7.79,39.99,89.24,1.29,-5.52
2017-01-13,0.0,7.98,37.71,89.37,1.43,-6.18
2017-01-14,0.0,9.59,31.06,89.56,1.37,-7.62
2017-01-15,0.01,10.79,42.27,89.67,1.36,-2.01
2017-01-16,0.32,11.1,45.3,89.54,1.38,-0.9
2017-01-17,0.0,11.32,47.02,89.5,1.35,-0.04
2017-01-18,0.0,11.84,43.35,89.85,1.23,-0.99
2017-01-19,0.0,11.08,43.21,89.92,1.34,-1.84
2017-01-20,0.0,12.43,35.61,89.81,1.5,-3.95
2017-01-21,0.0,13.42,30.96,89.78,1.21,-4.21
2017-01-22,0.0,13.24,42.94,89.92,1.75,0.21
2017-01-23,0.0,13.47,41.24,89.75,1.67,-0.87
2017-01-24,0.0,14.95,31.05,89.71,1.48,-3.23
2017-01-25,0.04,15.72,33.12,89.9,1.14,-1.07
2017-01-26,0.64,15.16,42.83,89.72,1.75,1.94
2017-01-27,18.88,7.93,86.22,89.57,1.1,5.67
2017-01-28,0.0,10.42,67.26,89.53,1.66,3.43
2017-01-29,0.0,14.4,48.24,89.48,1.47,2.45
2017-01-30,0.0,14.95,42.79,89.44,1.53,1.59
2017-01-31,0.0,13.56,47.88,89.36,1.63,1.99
2017-02-01,0.0,12.71,54.66,89.48,1.46,2.84
2017-02-02,0.0,13.32,48.73,89.73,1.42,1.95
2017-02-03,0.0,14.87,41.14,89.61,1.38,0.47
2017-02-04,0.0,15.54,34.23,89.55,0.99,-1.1
2017-02-05,2.79,15.0,44.8,89.52,1.43,2.63
2017-02-06,2.76,13.34,61.57,89.45,1.35,5.49
2017-02-07,0.0,13.95,43.12,89.37,1.65,-1.0
2017-02-08,0.0,15.76,28.85,89.45,1.31,-3.41
2017-02-09,0.0,12.24,33.96,89.42,1.8,-4.21
2017-02-10,0.0,12.33,34.88,89.32,1.45,-4.0
2017-02-11,0.0,14.3,33.33,89.52,1.45,-2.66
2017-02-12,0.0,14.01,35.47,89.84,1.52,-1.92
2017-02-13,0.0,14.36,36.35,89.89,1.54,-1.9
2017-02-14,0.0,15.4,33.86,89.9,1.51,-2.0
2017-02-15,0.0,15.72,35.97,89.9,1.55,-0.45
2017-02-16,0.0,16.92,42.99,89.65,1.66,3.41
2017-02-17,0.0,18.0,48.07,89.61,1.41,6.24
2017-02-18,0.0,18.75,47.49,89.64,1.51,6.42
2017-02-19,0.0,19.21,45.44,89.46,1.79,6.26
2017-02-20,0.44,18.36,44.4,88.96,1.56,5.21
2017-02-21,1.47,16.74,44.59,88.85,1.85,3.91
2017-02-22,0.34,14.82,43.7,89.14,1.65,1.5
2017-02-23,0.0,14.53,33.15,89.31,2.05,-2.82
2017-02-24,0.0,14.48,30.39,89.37,2.09,-4.75
2017-02-25,0.0,15.95,27.75,89.33,2.14,-4.13
2017-02-26,0.0,15.64,30.99,89.22,2.22,-2.4
2017-02-27,0.0,16.54,29.89,89.37,1.9,-2.4
2017-02-28,0.02,17.52,29.47,89.49,2.14,-2.16
2017-03-01,2.86,16.68,51.3,89.55,1.28,5.97
2017-03-02,0.35,16.32,47.76,89.35,1.51,3.76
2017-03-03,0.0,15.53,31.56,89.11,1.42,-3.79
2017-03-04,0.0,15.78,29.59,89.01,1.76,-3.74
2017-03-05,0.0,15.61,28.12,88.99,1.79,-4.06
2017-03-06,0.0,15.76,27.47,88.99,2.05,-4.49
2017-03-07,0.0,17.4,27.83,89.01,1.56,-2.61
2017-03-08,2.58,15.5,47.04,89.07,1.79,3.56
2017-03-09,4.75,14.19,59.02,89.0,1.74,5.45
2017-03-10,3.25,12.5,65.9,88.83,1.59,5.91
2017-03-11,5.13,11.64,63.48,88.93,1.19,3.99
2017-03-12,0.24,10.39,48.84,89.21,1.99,-2.09
2017-03-13,0.0,12.36,37.25,89.24,2.05,-3.34
2017-03-14,0.0,13.57,34.26,89.52,1.78,-3.31
2017-03-15,0.0,15.5,34.09,89.36,2.01,-1.84
2017-03-16,0.25,16.65,41.37,89.23,2.05,2.67
2017-03-17,0.02,16.27,44.4,89.01,1.85,2.89
2017-03-18,0.0,16.17,43.55,89.04,1.86,2.36
2017-03-19,0.0,17.19,37.54,89.21,1.95,1.29
2017-03-20,0.1,17.72,36.97,89.23,1.87,1.5
2017-03-21,0.0,20.11,31.85,89.27,1.97,1.66
2017-03-22,0.0,22.01,33.48,89.2,2.56,4.03
2017-03-23,0.0,23.26,33.29,89.26,2.15,4.91
2017-03-24,0.0,22.5,32.83,89.22,2.01,4.2
2017-03-25,0.07,22.51,28.37,89.15,1.98,1.74
2017-03-26,0.43,23.66,29.41,89.2,1.95,3.64
2017-03-27,0.0,24.94,29.51,89.15,1.82,4.85
2017-03-28,0.0,24.87,29.24,89.17,2.2,4.52
2017-03-29,0.0,25.98,28.02,89.04,2.47,5.09
2017-03-30,0.0,25.58,27.7,89.02,2.52,3.98
2017-03-31,0.0,25.89,26.78,89.15,2.11,4.24
2017-04-01,0.0,25.97,29.3,88.93,2.66,5.3
2017-04-02,0.01,24.52,22.76,88.79,2.37,-0.36
2017-04-03,0.0,25.06,21.35,88.84,2.76,0.22
2017-04-04,0.06,25.35,22.88,88.99,1.98,1.54
2017-04-05,10.44,22.91,42.49,89.09,1.19,8.82
2017-04-06,10.93,22.67,52.87,89.0,2.71,11.1
2017-04-07,6.19,21.4,46.41,89.06,2.15,8.11
2017-04-08,0.01,21.0,29.83,89.19,1.81,0.59
2017-04-09,0.01,19.9,28.19,89.15,1.94,-1.06
2017-04-10,0.0,19.72,27.65,88.91,2.54,-1.34
2017-04-11,0.0,22.99,23.87,88.83,1.7,-0.64
2017-04-12,0.0,24.35,25.71,88.98,1.79,1.86
2017-04-13,0.0,25.19,24.42,89.06,1.6,1.37
2017-04-14,0.0,25.15,24.47,89.03,1.84,2.21
2017-04-15,0.0,26.7,24.43,88.74,1.85,3.53
2017-04-16,0.0,28.22,21.95,88.86,2.07,2.86
2017-04-17,0.0,27.51,23.07,89.04,1.69,3.61
2017-04-18,0.0,27.67,24.73,88.92,1.77,4.54
2017-04-19,0.02,27.55,23.63,88.69,2.04,3.01
2017-04-20,0.1,29.05,18.9,88.58,1.93,1.31
2017-04-21,0.04,29.0,21.77,88.61,1.96,4.01
2017-04-22,0.5,28.33,26.96,88.67,2.08,6.22
2017-04-23,1.15,27.55,29.7,88.74,1.82,7.07
2017-04-24,0.06,26.98,30.52,88.81,2.45,7.3
2017-04-25,0.2,25.54,27.46,88.77,2.52,3.88
2017-04-26,0.95,24.83,25.78,88.9,2.32,2.32
2017-04-27,0.78,25.34,29.9,89.03,2.14,5.21
2017-04-28,0.0,26.02,25.04,88.95,2.44,3.13
2017-04-29,0.5,26.96,25.28,89.01,1.9,4.12
2017-04-30,4.11,24.95,42.04,89.09,1.6,10.52
2017-05-01,0.0,24.82,37.77,89.16,1.85,8.04
2017-05-02,0.0,25.42,23.19,89.21,1.93,1.17
2017-05-03,0.56,26.46,27.47,89.12,2.39,4.62
2017-05-04,2.99,25.31,34.73,89.12,1.68,7.74
2017-05-05,0.02,26.92,27.62,88.98,2.34,5.53
2017-05-06,0.0,28.04,23.53,89.07,2.02,3.87
2017-05-07,0.0,30.11,21.59,89.03,1.86,4.91
2017-05-08,0.92,29.84,23.89,89.0,2.02,6.29
2017-05-09,0.34,27.97,34.85,88.9,2.0,9.76
2017-05-10,0.29,27.43,37.45,89.04,1.89,10.82
2017-05-11,0.11,28.22,32.26,89.07,2.06,9.29
2017-05-12,1.18,29.9,25.4,89.07,1.97,7.1
2017-05-13,0.05,29.41,27.32,88.86,2.68,7.51
2017-05-14,0.0,30.58,25.58,88.66,3.15,7.32
2017-05-15,0.0,31.04,24.66,88.52,2.62,7.44
2017-05-16,0.24,31.01,24.54,88.43,2.32,7.43
2017-05-17,12.89,26.48,43.01,88.69,1.41,12.29
2017-05-18,3.28,25.97,48.28,88.75,1.38,13.42
2017-05-19,9.51,25.94,49.97,88.77,1.41,14.03
2017-05-20,2.96,26.27,48.65,88.68,2.01,13.55
2017-05-21,1.97,27.5,41.11,88.6,2.1,11.6
2017-05-22,0.53,27.55,40.02,88.8,1.68,11.47
2017-05-23,1.33,27.13,45.48,88.8,1.46,13.32
2017-05-24,0.46,27.77,43.33,88.75,1.48,12.85
2017-05-25,1.0,29.2,36.67,88.65,1.62,11.91
2017-05-26,4.16,28.97,39.75,88.58,0.86,13.12
2017-05-27,0.96,28.78,40.37,88.53,1.51,12.56
2017-05-28,9.46,27.23,47.66,88.56,1.72,14.38
2017-05-29,3.98,25.39,55.41,88.51,1.4,15.18
2017-05-30,8.18,24.66,59.14,88.37,1.31,15.62
2017-05-31,6.04,25.85,54.27,88.55,1.34,15.14
2017-06-01,2.51,26.11,48.36,88.63,1.88,13.25
2017-06-02,0.15,27.77,35.88,88.54,2.15,9.88
2017-06-03,0.01,29.79,32.55,88.39,2.59,10.13
2017-06-04,0.0,31.94,30.83,88.4,1.86,11.16
2017-06-05,0.07,32.1,32.41,88.39,3.14,12.7
2017-06-06,7.76,30.08,44.28,88.62,1.89,15.77
2017-06-07,14.54,26.91,59.2,88.89,1.75,17.21
2017-06-08,0.3,26.84,51.9,88.68,2.04,15.04
2017-06-09,4.11,26.86,50.57,88.62,1.3,14.95
2017-06-10,1.35,27.87,46.34,88.57,1.33,14.21
2017-06-11,13.92,26.88,51.13,88.49,1.39,15.36
2017-06-12,0.33,27.11,47.94,88.31,1.61,13.85
2017-06-13,0.0,29.08,37.02,88.34,2.0,11.91
2017-06-14,0.0,30.11,34.82,88.54,1.76,11.43
2017-06-15,0.08,29.22,43.89,88.53,1.96,14.61
2017-06-16,5.02,27.07,53.02,88.58,1.39,16.01
2017-06-17,2.84,27.04,51.47,88.51,1.51,15.09
2017-06-18,2.82,27.49,55.57,88.38,1.8,17.06
2017-06-19,1.77,27.06,65.37,88.27,1.15,19.58
2017-06-20,5.62,25.83,69.62,88.33,1.98,19.27
2017-06-21,4.9,26.65,61.07,88.32,1.9,17.32
2017-06-22,6.97,26.46,58.39,88.42,1.39,16.64
2017-06-23,0.14,27.69,48.89,88.43,1.73,15.13
2017-06-24,3.21,27.81,54.6,88.29,1.63,17.21
2017-06-25,11.65,28.46,56.92,88.34,1.29,18.32
2017-06-26,7.11,27.35,67.78,88.51,1.18,20.57
2017-06-27,2.98,27.81,65.39,88.49,1.43,20.47
2017-06-28,6.22,27.69,68.72,88.51,1.78,20.93
2017-06-29,15.22,26.54,73.25,88.47,2.09,20.87
2017-06-30,7.73,26.63,71.51,88.25,1.29,20.55
2017-07-01,15.29,26.32,75.12,88.16,1.54,21.15
2017-07-02,14.24,26.02,77.25,88.21,1.78,21.38
2017-07-03,5.05,26.12,76.82,88.18,1.7,21.33
2017-07-04,8.5,26.53,74.97,88.07,2.07,21.23
2017-07-05,9.06,26.44,76.06,88.19,1.77,21.48
2017-07-06,56.45,24.29,85.35,88.42,1.21,21.58
2017-07-07,37.93,24.58,82.75,88.5,1.01,21.29
2017-07-08,2.5,25.91,76.78,88.46,1.31,21.27
2017-07-09,3.65,26.52,73.39,88.38,1.61,21.1
2017-07-10,11.7,25.76,76.95,88.46,1.46,21.14
2017-07-11,38.48,24.75,84.86,88.51,1.3,21.82
2017-07-12,20.39,23.34,87.99,88.62,1.18,21.13
2017-07-13,2.83,24.06,83.24,88.57,0.87,20.92
2017-07-14,1.52,25.14,78.25,88.52,0.82,20.86
2017-07-15,10.49,24.03,88.78,88.53,1.29,22.0
2017-07-16,2.07,25.59,80.66,88.47,1.19,21.85
2017-07-17,14.78,24.43,85.12,88.52,0.78,21.69
2017-07-18,1.24,26.44,73.96,88.52,1.1,21.12
2017-07-19,2.14,26.82,72.13,88.41,1.25,20.8
2017-07-20,3.93,24.65,81.39,88.36,1.31,21.15
2017-07-21,8.48,24.33,85.41,88.37,0.71,21.62
2017-07-22,8.18,24.54,82.96,88.39,1.7,21.2
2017-07-23,0.64,25.03,80.42,88.32,1.94,21.09
2017-07-24,9.08,24.56,82.97,88.24,1.58,21.21
2017-07-25,7.29,24.15,85.52,88.29,1.83,21.34
2017-07-26,1.82,25.08,79.96,88.4,1.57,21.16
2017-07-27,0.95,24.29,84.43,88.6,1.17,21.37
2017-07-28,2.35,25.21,80.5,88.67,1.34,21.27
2017-07-29,1.35,24.6,84.81,88.7,1.43,21.63
2017-07-30,12.39,24.27,87.09,88.55,2.25,21.79
2017-07-31,11.5,22.61,94.45,88.56,1.57,21.65
2017-08-01,4.41,24.57,84.38,88.5,1.56,21.54
2017-08-02,20.59,24.05,89.62,88.4,1.68,22.14
2017-08-03,9.94,24.39,87.03,88.17,2.33,21.93
2017-08-04,12.5,24.35,86.56,88.17,1.46,21.81
2017-08-05,16.05,24.79,82.3,88.41,1.15,21.44
2017-08-06,8.53,25.43,81.41,88.52,0.79,21.86
2017-08-07,8.33,24.5,89.98,88.62,1.47,22.71
2017-08-08,2.98,25.09,84.73,88.65,1.09,22.19
2017-08-09,17.61,23.84,92.21,88.54,1.55,22.47
2017-08-10,15.84,23.72,91.32,88.26,1.77,22.17
2017-08-11,2.45,24.52,85.97,88.15,3.2,21.86
2017-08-12,1.16,24.5,84.98,88.22,3.13,21.66
2017-08-13,7.89,24.45,86.57,88.49,2.27,21.9
2017-08-14,5.26,24.21,86.92,88.77,1.97,21.72
2017-08-15,0.29,24.49,84.42,88.65,1.74,21.45
2017-08-16,0.0,24.15,84.36,88.38,1.91,21.08
2017-08-17,1.56,24.59,79.95,88.4,1.19,20.67
2017-08-18,1.1,25.07,79.34,88.52,1.01,21.09
2017-08-19,12.68,23.26,85.82,88.79,1.27,20.68
2017-08-20,1.33,24.11,84.21,88.77,1.32,21.11
2017-08-21,2.21,23.72,86.78,88.67,1.37,21.21
2017-08-22,2.28,24.27,85.19,88.64,1.33,21.49
2017-08-23,8.73,23.05,93.65,88.73,1.55,21.91
2017-08-24,1.85,23.65,84.12,88.68,0.88,20.53
2017-08-25,2.32,23.77,85.84,88.57,1.21,21.12
2017-08-26,19.64,23.71,89.96,88.45,1.0,21.87
2017-08-27,7.52,24.25,84.79,88.45,1.04,21.27
2017-08-28,13.4,23.02,87.79,88.63,1.54,20.79
2017-08-29,5.18,23.32,84.47,88.74,1.04,20.46
2017-08-30,2.16,24.01,86.49,88.76,1.45,21.45
2017-08-31,17.83,23.54,89.52,88.8,1.23,21.57
2017-09-01,34.69,22.46,93.85,88.68,1.19,21.36
2017-09-02,25.32,22.66,91.68,88.57,2.29,21.13
2017-09-03,0.77,22.39,87.38,88.69,1.67,20.01
2017-09-04,0.05,22.49,86.2,88.81,1.77,19.89
2017-09-05,0.03,22.74,88.5,88.77,1.86,20.62
2017-09-06,2.67,22.91,86.88,88.83,1.37,20.45
2017-09-07,2.13,23.47,83.43,88.94,1.06,20.27
2017-09-08,0.02,23.33,82.97,88.95,1.19,20.06
2017-09-09,0.0,23.36,83.83,88.76,1.39,20.22
2017-09-10,0.0,23.18,81.64,88.92,1.36,19.6
2017-09-11,0.0,24.19,76.35,89.05,1.11,19.5
2017-09-12,0.0,23.93,74.91,89.04,1.1,18.9
2017-09-13,0.0,24.23,75.55,89.05,0.94,19.41
2017-09-14,0.01,24.2,74.52,89.01,1.02,19.11
2017-09-15,0.05,24.37,73.01,88.91,1.12,19.0
2017-09-16,0.13,24.63,71.23,88.87,1.04,18.81
2017-09-17,0.05,25.34,71.06,88.82,1.0,19.44
2017-09-18,18.63,25.09,73.33,88.81,1.14,19.84
2017-09-19,4.46,23.87,81.4,88.76,1.07,20.32
2017-09-20,0.01,24.42,72.89,88.71,1.12,18.98
2017-09-21,3.52,22.22,89.73,88.76,0.83,20.34
2017-09-22,51.61,20.82,89.44,88.72,1.97,18.98
2017-09-23,96.33,21.51,93.21,88.86,2.34,20.33
2017-09-24,8.2,22.06,88.84,88.97,1.32,19.99
2017-09-25,0.1,22.64,82.4,88.79,1.09,19.24
2017-09-26,0.0,23.01,76.67,88.89,1.08,18.43
2017-09-27,0.0,22.93,77.34,88.98,1.17,18.55
2017-09-28,0.0,22.9,76.51,88.9,1.0,18.33
2017-09-29,0.0,22.81,79.6,88.88,1.13,18.92
2017-09-30,0.0,22.22,83.47,89.04,1.17,19.03
2017-10-01,0.0,21.4,75.28,89.03,1.23,16.37
2017-10-02,0.0,21.59,66.97,88.96,1.28,14.73
2017-10-03,0.0,21.18,69.28,89.02,1.11,14.98
2017-10-04,0.0,21.39,76.98,89.17,1.09,17.02
2017-10-05,0.0,22.4,78.12,89.2,1.12,18.2
2017-10-06,0.0,22.26,70.37,89.15,1.34,16.26
2017-10-07,0.0,22.44,62.71,89.1,1.23,14.52
2017-10-08,0.0,22.24,62.97,89.09,1.11,14.52
2017-10-09,0.0,22.41,60.84,89.13,1.08,14.09
2017-10-10,0.0,21.69,65.2,89.07,1.11,14.51
2017-10-11,0.0,22.2,65.8,89.08,1.19,15.22
2017-10-12,0.0,21.59,68.4,89.01,1.21,15.21
2017-10-13,0.0,21.54,71.42,88.84,1.21,15.79
2017-10-14,0.0,20.89,62.99,88.82,1.6,13.06
2017-10-15,0.0,20.94,52.34,88.87,1.51,10.06
2017-10-16,0.0,20.65,48.41,88.91,1.49,8.73
2017-10-17,0.0,20.11,55.16,89.01,1.28,10.37
2017-10-18,0.0,20.73,60.2,89.13,1.17,12.27
2017-10-19,0.0,22.09,62.26,89.2,1.38,14.13
2017-10-20,0.0,21.69,61.0,89.16,1.35,13.34
2017-10-21,0.0,20.47,56.02,88.95,1.42,10.84
2017-10-22,0.0,19.71,49.92,88.93,1.64,8.22
2017-10-23,0.0,19.05,46.79,89.09,1.52,6.51
2017-10-24,0.0,19.15,44.53,89.26,1.36,6.22
2017-10-25,0.0,18.08,50.51,89.46,1.32,7.07
2017-10-26,0.0,18.13,53.71,89.63,1.27,8.13
2017-10-27,0.0,18.0,50.87,89.51,1.41,7.1
2017-10-28,0.0,17.55,50.55,89.46,1.31,6.28
2017-10-29,0.0,17.38,51.89,89.65,1.17,6.89
2017-10-30,0.0,17.14,55.34,89.58,1.19,7.56
2017-10-31,0.0,17.17,57.36,89.47,1.16,8.3
2017-11-01,0.0,16.9,64.62,89.56,1.11,9.89
2017-11-02,0.0,16.96,65.19,89.46,1.01,10.08
2017-11-03,0.0,17.63,65.03,89.46,1.11,10.67
2017-11-04,0.0,18.1,62.99,89.63,1.2,10.38
2017-11-05,0.0,17.76,60.97,89.61,1.31,9.74
2017-11-06,0.0,17.23,63.21,89.5,1.24,9.73
2017-11-07,0.0,17.29,60.99,89.47,1.19,9.1
2017-11-08,0.0,17.65,55.87,89.47,1.27,8.1
2017-11-09,0.0,17.38,56.31,89.39,1.26,8.21
2017-11-10,0.0,17.46,51.44,89.47,1.28,6.73
2017-11-11,0.0,17.1,51.1,89.53,1.35,6.38
2017-11-12,0.0,17.61,48.25,89.31,1.21,5.91
2017-11-13,0.0,17.33,44.61,89.25,1.23,4.7
2017-11-14,0.0,15.91,53.57,89.32,1.51,6.12
2017-11-15,0.0,15.21,59.95,89.4,1.47,7.13
2017-11-16,0.0,16.12,58.7,89.45,1.17,7.57
2017-11-17,0.0,16.3,56.52,89.45,1.19,7.0
2017-11-18,0.07,16.78,52.26,89.47,1.09,6.27
2017-11-19,0.01,16.27,58.65,89.53,1.05,7.68
2017-11-20,0.0,14.92,59.42,89.54,1.19,6.53
2017-11-21,0.0,14.71,51.44,89.38,1.36,4.13
2017-11-22,0.0,14.23,42.99,89.29,1.39,0.95
2017-11-23,0.0,13.7,39.14,89.22,1.27,-0.7
2017-11-24,0.0,13.83,36.95,89.38,1.37,-1.47
2017-11-25,0.0,14.8,33.28,89.49,1.16,-1.9
2017-11-26,0.0,14.63,36.52,89.59,1.37,-0.8
2017-11-27,0.0,13.32,41.92,89.29,1.41,-0.1
2017-11-28,0.0,13.69,41.22,89.3,1.43,0.03
2017-11-29,0.0,13.86,40.75,89.56,1.3,0.14
2017-11-30,0.0,13.96,40.81,89.47,1.34,0.18
2017-12-01,0.0,13.87,37.26,89.49,1.17,-1.14
2017-12-02,0.0,13.37,41.0,89.62,1.26,-0.1
2017-12-03,0.0,13.93,42.76,89.55,1.04,0.75
2017-12-04,0.0,14.13,42.85,89.43,0.89,1.21
2017-12-05,0.02,15.03,43.38,89.49,1.02,1.79
2017-12-06,0.0,16.82,44.13,89.38,1.07,3.88
2017-12-07,0.05,15.61,59.93,89.43,0.97,7.57
2017-12-08,0.0,15.79,59.12,89.39,1.24,7.21
2017-12-09,0.0,14.86,55.62,89.43,1.24,5.53
2017-12-10,0.0,15.54,49.9,89.49,1.25,4.66
2017-12-11,0.22,15.71,54.41,89.42,1.33,6.03
2017-12-12,8.87,12.47,83.35,89.52,1.2,9.62
2017-12-13,0.03,12.79,64.94,89.65,1.19,5.79
2017-12-14,0.0,12.67,42.61,89.71,1.33,-0.76
2017-12-15,0.0,12.13,37.74,89.76,1.39,-3.06
2017-12-16,0.0,12.47,31.72,89.8,1.37,-4.79
2017-12-17,0.0,13.35,27.45,89.81,1.42,-5.96
2017-12-18,0.0,15.1,28.17,89.78,1.37,-4.11
2017-12-19,0.0,15.45,32.25,89.81,1.16,-1.87
2017-12-20,0.0,15.22,38.55,89.94,0.93,0.56
2017-12-21,0.0,15.59,43.12,89.9,1.34,2.29
2017-12-22,0.0,14.13,38.43,89.64,1.44,-1.31
2017-12-23,0.0,14.22,32.48,89.35,1.47,-3.23
2017-12-24,0.0,13.87,37.33,89.47,1.3,-0.96
2017-12-25,0.0,12.64,42.95,89.47,1.39,-0.33
2017-12-26,0.0,12.3,38.58,89.54,1.15,-2.14
2017-12-27,0.0,13.51,36.9,89.54,1.06,-1.48
2017-12-28,0.0,14.58,36.57,89.57,1.12,-0.76
2017-12-29,0.0,14.26,39.16,89.63,1.32,-0.33
2017-12-30,0.0,13.04,44.68,89.61,1.39,0.68
2017-12-31,0.0,11.73,47.03,89.45,1.47,0.13
2018-01-01,0.0,10.22,44.27,89.22,1.45,-1.87
2018-01-02,0.0,9.6,46.04,89.19,1.33,-2.22
2018-01-03,0.0,10.06,40.46,89.26,1.49,-3.95
2018-01-04,0.0,10.41,33.57,89.33,1.35,-5.74
2018-01-05,0.0,9.21,37.82,89.27,1.5,-5.17
2018-01-06,0.0,8.84,40.37,89.15,1.64,-4.83
2018-01-07,0.0,9.13,39.49,89.21,1.66,-4.9
2018-01-08,0.0,10.19,34.6,89.4,1.41,-5.77
2018-01-09,0.0,11.17,31.68,89.6,1.51,-6.35
2018-01-10,0.0,11.55,29.6,89.53,1.44,-6.77
2018-01-11,0.0,13.03,27.88,89.4,1.47,-6.35
2018-01-12,0.0,13.31,30.75,89.41,1.01,-4.31
2018-01-13,0.0,10.47,39.39,89.37,1.43,-3.76
2018-01-14,0.0,11.08,36.95,89.42,1.43,-4.09
2018-01-15,0.0,11.33,33.98,89.34,1.44,-5.27
2018-01-16,0.0,12.74,25.8,89.21,1.38,-7.34
2018-01-17,0.0,11.77,27.14,89.44,1.34,-7.49
2018-01-18,0.0,12.76,29.52,89.41,1.86,-5.68
2018-01-19,0.0,13.98,29.57,89.46,1.64,-4.68
2018-01-20,0.0,13.53,30.56,89.27,1.61,-4.8
2018-01-21,0.0,12.66,31.9,89.3,1.22,-4.39
2018-01-22,0.0,11.92,32.6,89.22,1.16,-4.74
2018-01-23,9.96,10.47,47.81,89.1,1.73,-2.24
2018-01-24,2.01,8.49,71.52,89.08,1.18,2.96
2018-01-25,0.34,10.14,54.77,89.03,1.54,0.48
2018-01-26,0.0,9.71,43.28,89.12,1.7,-3.09
2018-01-27,0.0,9.76,38.45,89.15,1.61,-4.93
2018-01-28,0.0,10.53,35.66,89.27,1.91,-5.4
2018-01-29,0.0,12.04,34.74,89.4,1.93,-4.37
2018-01-30,0.0,14.39,37.03,89.31,2.97,-1.44
2018-01-31,0.0,14.59,42.45,89.22,1.7,1.07
2018-02-01,0.0,15.59,39.9,89.37,1.86,1.14
2018-02-02,0.0,14.87,40.94,89.24,1.83,0.78
2018-02-03,0.0,13.72,43.8,89.45,1.6,0.85
2018-02-04,0.0,13.33,36.25,89.41,1.59,-2.87
2018-02-05,0.0,14.46,29.76,89.65,1.27,-4.16
2018-02-06,0.0,15.04,34.6,89.62,1.39,-1.37
2018-02-07,0.0,13.46,27.13,89.29,1.92,-6.82
2018-02-08,0.0,12.67,26.92,89.21,1.48,-7.08
2018-02-09,0.0,12.15,28.14,89.18,1.7,-6.85
2018-02-10,0.01,12.16,27.56,89.52,1.67,-7.16
2018-02-11,0.01,13.73,35.55,89.63,1.39,-2.39
2018-02-12,3.74,9.73,68.59,89.87,2.4,4.06
2018-02-13,0.29,12.42,63.23,89.95,1.41,4.68
2018-02-14,0.0,12.51,44.37,89.79,1.75,-1.03
2018-02-15,0.0,14.3,37.05,89.7,1.64,-1.38
2018-02-16,0.0,15.81,45.24,89.63,1.74,3.12
2018-02-17,0.0,15.19,46.38,89.18,2.18,2.98
2018-02-18,0.0,14.29,33.7,89.16,1.83,-3.39
2018-02-19,0.0,14.94,27.25,89.32,1.7,-5.36
2018-02-20,0.0,16.75,29.94,89.32,1.58,-2.0
2018-02-21,0.25,16.97,38.73,89.17,1.75,1.95
2018-02-22,0.0,16.88,40.94,89.12,1.95,2.23
2018-02-23,0.0,17.33,33.33,89.22,1.83,-0.33
2018-02-24,1.39,18.03,34.68,89.49,1.27,1.34
2018-02-25,2.11,17.14,46.3,89.52,1.67,4.34
2018-02-26,0.0,17.37,38.75,89.2,1.95,1.64
2018-02-27,0.0,18.62,35.28,89.32,1.54,1.97
2018-02-28,0.0,18.34,39.43,89.35,1.66,3.47
2018-03-01,0.0,18.19,40.77,89.16,1.98,3.73
2018-03-02,0.0,19.43,38.02,89.09,2.42,3.55
2018-03-03,0.45,18.39,40.93,88.97,2.32,3.58
2018-03-04,1.39,18.75,46.46,89.07,1.76,5.66
2018-03-05,0.09,16.78,43.32,89.27,1.8,2.6
2018-03-06,0.13,16.54,38.04,89.25,2.06,0.76
2018-03-07,0.0,18.42,29.26,89.24,1.87,-1.52
2018-03-08,0.0,18.21,27.0,89.48,1.86,-2.55
2018-03-09,0.0,18.35,29.93,89.42,2.33,-0.94
2018-03-10,0.0,18.34,32.26,89.27,2.39,-0.17
2018-03-11,0.0,18.89,32.23,89.22,1.91,0.47
2018-03-12,0.0,19.59,34.49,89.21,2.35,2.54
2018-03-13,0.0,21.14,29.85,89.19,2.28,1.42
2018-03-14,0.0,22.51,22.02,89.22,1.49,-1.2
2018-03-15,3.53,20.09,32.88,89.11,1.74,2.7
2018-03-16,0.09,17.71,35.53,89.05,2.15,-0.04
2018-03-17,0.63,17.12,30.51,89.07,1.83,-1.74
2018-03-18,0.0,18.95,25.83,89.24,2.03,-2.97
2018-03-19,0.0,20.39,22.94,89.44,1.74,-2.93
2018-03-20,0.0,21.6,24.05,89.22,2.36,-1.0
2018-03-21,3.5,21.83,40.16,89.1,1.92,6.06
2018-03-22,5.41,19.51,56.87,89.03,1.33,9.32
2018-03-23,0.05,19.39,46.46,89.07,1.64,6.14
2018-03-24,0.0,20.36,39.32,89.37,1.69,4.64
2018-03-25,0.0,21.26,33.35,89.46,1.67,2.94
2018-03-26,0.01,22.15,25.68,89.25,1.87,-0.54
2018-03-27,0.0,23.0,20.97,89.11,1.95,-2.19
2018-03-28,0.0,23.08,19.57,89.07,2.52,-2.99
2018-03-29,0.0,22.05,21.72,88.95,2.12,-2.24
2018-03-30,0.0,22.76,18.19,88.83,1.38,-3.82
2018-03-31,0.0,22.02,19.24,89.06,1.68,-3.7
2018-04-01,0.0,21.62,27.28,89.18,1.74,1.3
2018-04-02,0.0,23.01,32.68,89.24,1.69,5.18
2018-04-03,0.0,23.68,36.45,89.18,1.57,7.46
2018-04-04,0.13,24.87,33.74,88.95,1.72,7.14
2018-04-05,0.01,24.49,32.75,88.84,1.91,6.39
2018-04-06,3.54,25.0,37.34,89.0,1.41,8.89
2018-04-07,10.72,21.68,50.58,89.24,1.04,10.4
2018-04-08,1.75,20.35,57.21,89.31,0.98,11.13
2018-04-09,3.2,19.87,61.47,89.28,1.19,11.94
2018-04-10,4.23,21.92,56.21,89.11,1.93,11.74
2018-04-11,10.62,22.41,51.64,89.13,1.43,11.41
2018-04-12,0.18,20.68,48.26,89.08,1.63,8.48
2018-04-13,0.0,21.33,36.95,89.07,1.69,4.58
2018-04-14,0.0,22.97,32.05,88.96,2.11,3.45
2018-04-15,0.0,23.65,33.41,88.98,1.82,4.86
2018-04-16,0.0,24.62,38.18,89.13,2.05,8.23
2018-04-17,0.02,25.24,34.48,89.15,2.17,6.35
2018-04-18,0.09,24.69,33.14,88.97,2.75,5.9
2018-04-19,0.11,25.4,33.3,88.76,2.8,6.8
2018-04-20,2.12,26.38,35.32,88.82,1.73,8.38
2018-04-21,0.58,23.29,36.45,88.95,1.88,3.98
2018-04-22,0.24,22.76,27.58,88.98,1.98,1.13
2018-04-23,0.0,24.24,22.62,88.97,1.84,-0.18
2018-04-24,0.0,25.75,22.84,88.92,2.12,1.5
2018-04-25,0.0,27.45,19.85,88.78,1.85,1.25
2018-04-26,0.0,27.39,22.2,88.76,1.89,2.64
2018-04-27,0.35,26.33,30.2,89.02,1.97,6.97
2018-04-28,0.3,26.7,30.1,88.97,1.77,6.93
2018-04-29,2.61,26.16,31.08,88.71,2.24,6.82
2018-04-30,0.25,26.98,27.26,88.65,1.63,5.35
2018-05-01,0.56,25.86,37.06,88.89,1.77,9.27
2018-05-02,5.64,25.3,43.56,88.97,1.69,11.24
2018-05-03,1.1,24.46,52.54,89.07,1.72,13.45
2018-05-04,0.44,24.68,54.11,89.03,1.59,14.13
2018-05-05,0.26,26.08,41.83,88.94,1.96,10.89
2018-05-06,0.35,27.5,30.96,88.95,2.56,7.48
2018-05-07,1.21,27.44,29.54,88.8,2.63,6.81
2018-05-08,2.9,25.83,36.35,88.74,2.19,8.59
2018-05-09,1.68,24.11,42.85,88.9,2.47,9.11
2018-05-10,0.01,24.37,36.67,89.01,2.11,7.34
2018-05-11,0.0,27.74,28.55,88.86,1.88,6.44
2018-05-12,0.0,29.16,25.78,88.93,1.99,6.3
2018-05-13,2.4,28.18,31.74,88.89,2.0,9.08
2018-05-14,1.24,25.87,37.77,88.9,1.72,9.52
2018-05-15,0.0,25.89,35.33,88.79,2.28,8.45
2018-05-16,0.0,27.84,30.02,88.65,2.88,7.54
2018-05-17,0.01,28.54,24.72,88.7,2.64,4.42
2018-05-18,0.86,28.82,26.63,88.67,2.41,7.01
2018-05-19,0.53,28.61,27.45,88.7,2.46,6.63
2018-05-20,0.14,28.46,20.76,88.78,2.99,1.54
2018-05-21,0.0,29.43,14.11,88.8,2.61,-2.6
2018-05-22,0.0,30.67,15.41,88.75,2.63,0.07
2018-05-23,0.06,30.86,18.29,88.74,2.48,2.83
2018-05-24,0.39,30.38,15.44,88.65,2.48,-0.46
2018-05-25,0.55,29.98,12.22,88.61,2.3,-3.68
2018-05-26,0.0,30.63,11.37,88.59,2.42,-3.8
2018-05-27,0.08,30.54,12.27,88.6,2.27,-2.6
2018-05-28,0.1,30.85,12.73,88.37,1.82,-2.54
2018-05-29,0.0,29.06,18.28,88.42,2.03,1.85
2018-05-30,0.5,28.93,26.83,88.53,1.92,7.37
2018-05-31,1.07,29.36,34.66,88.67,1.75,11.33
2018-06-01,6.16,28.26,47.19,88.81,1.86,14.92
2018-06-02,1.16,26.76,55.47,88.74,1.73,16.51
2018-06-03,0.77,27.51,51.52,88.5,1.71,15.73
2018-06-04,0.01,29.02,47.01,88.58,1.73,15.78
2018-06-05,6.28,28.45,54.62,88.8,1.26,17.94
2018-06-06,12.9,27.35,65.14,88.82,1.52,19.84
2018-06-07,8.75,27.59,64.52,88.47,1.54,19.72
2018-06-08,4.99,27.54,60.7,88.3,1.42,18.62
2018-06-09,32.48,26.12,72.35,88.14,1.39,20.53
2018-06-10,4.03,26.39,67.77,88.09,1.38,19.61
2018-06-11,0.02,28.07,57.81,87.92,2.42,18.3
2018-06-12,0.02,29.65,42.97,87.74,2.59,14.43
2018-06-13,4.33,29.84,41.83,87.77,2.75,14.23
2018-06-14,13.96,27.82,59.51,87.87,3.11,18.75
2018-06-15,1.52,27.67,59.47,88.09,2.33,18.53
2018-06-16,3.04,27.74,58.9,88.29,2.8,18.44
2018-06-17,1.36,26.96,60.81,88.38,2.11,18.03
2018-06-18,0.01,27.53,52.87,88.37,2.28,15.75
2018-06-19,4.18,27.57,50.46,88.38,1.61,15.67
2018-06-20,0.78,28.66,45.69,88.52,1.47,14.67
2018-06-21,0.2,29.86,44.87,88.51,1.71,15.68
2018-06-22,0.65,30.18,44.63,88.46,1.46,15.92
2018-06-23,0.06,30.92,40.11,88.38,2.16,14.91
2018-06-24,0.0,30.17,40.41,88.32,1.94,14.18
2018-06-25,0.0,30.31,40.32,88.13,2.2,14.26
2018-06-26,2.44,29.41,51.33,88.12,1.36,17.63
2018-06-27,13.38,26.26,74.46,88.4,1.71,21.09
2018-06-28,5.82,27.02,69.78,88.53,2.48,20.35
2018-06-29,0.28,27.38,64.31,88.5,2.3,19.43
2018-06-30,5.63,26.06,70.72,88.49,1.88,20.06
2018-07-01,18.25,26.52,73.81,88.25,2.53,20.99
2018-07-02,20.97,26.58,79.46,88.08,3.1,22.4
2018-07-03,6.15,26.2,74.91,88.14,2.68,20.85
2018-07-04,1.82,26.4,71.12,88.17,2.12,20.22
2018-07-05,0.02,26.89,65.15,88.28,2.29,18.94
2018-07-06,0.0,27.52,59.8,88.28,1.95,18.26
2018-07-07,0.0,28.61,56.37,88.25,1.42,18.37
2018-07-08,0.08,28.91,57.02,88.26,1.5,18.98
2018-07-09,1.5,27.14,70.87,88.32,2.06,21.12
2018-07-10,9.9,25.36,81.78,88.32,1.95,21.83
2018-07-11,13.32,25.27,79.86,88.28,1.76,21.15
2018-07-12,23.43,25.18,83.3,88.22,1.49,21.96
2018-07-13,11.62,23.99,88.62,88.31,1.57,21.9
2018-07-14,17.06,24.29,85.17,88.26,1.04,21.49
2018-07-15,3.2,24.83,84.66,88.28,1.13,21.85
2018-07-16,10.25,25.62,81.36,88.36,1.55,21.9
2018-07-17,2.53,25.88,78.34,88.34,1.22,21.59
2018-07-18,6.8,26.09,78.39,88.42,1.27,21.8
2018-07-19,11.47,26.5,76.86,88.37,1.26,21.77
2018-07-20,0.31,26.66,75.7,88.29,1.38,21.61
2018-07-21,6.07,25.22,85.92,88.27,2.12,22.54
2018-07-22,6.73,24.12,87.9,88.4,1.73,21.89
2018-07-23,1.77,25.59,74.33,88.31,1.19,20.39
2018-07-24,9.24,25.07,82.06,88.37,1.11,21.6
2018-07-25,23.07,24.43,90.43,88.31,1.99,22.66
2018-07-26,38.79,24.01,87.15,88.33,1.88,21.57
2018-07-27,13.72,24.54,84.12,88.27,1.76,21.46
2018-07-28,28.79,23.46,89.63,88.22,1.04,21.56
2018-07-29,19.6,24.14,90.35,88.25,2.04,22.35
2018-07-30,4.3,23.99,89.29,88.22,1.18,21.98
2018-07-31,8.83,23.17,93.32,88.21,1.79,21.98
2018-08-01,7.67,23.84,87.01,88.22,1.67,21.36
2018-08-02,19.23,23.88,89.76,88.29,2.16,21.97
2018-08-03,9.49,23.53,86.4,88.38,1.63,20.97
2018-08-04,14.36,23.46,88.96,88.29,1.71,21.43
2018-08-05,40.86,23.23,90.73,88.37,1.53,21.52
2018-08-06,26.8,23.18,90.74,88.31,1.4,21.48
2018-08-07,15.43,23.71,85.9,88.41,1.24,21.04
2018-08-08,1.74,24.55,84.29,88.54,1.22,21.52
2018-08-09,0.6,24.16,88.82,88.72,1.49,22.11
2018-08-10,2.65,23.63,92.93,88.53,1.96,22.35
2018-08-11,6.33,23.41,91.52,88.22,1.7,21.85
2018-08-12,42.68,22.88,94.86,88.06,1.17,21.98
2018-08-13,12.26,23.57,90.55,88.25,1.37,21.82
2018-08-14,2.41,24.0,87.68,88.29,1.54,21.68
2018-08-15,3.63,24.43,88.96,88.52,1.15,22.34
2018-08-16,0.19,24.92,84.64,88.63,1.26,21.93
2018-08-17,5.87,23.66,90.18,88.48,1.04,21.92
2018-08-18,4.45,24.3,85.83,88.38,1.39,21.67
2018-08-19,2.54,23.57,91.88,88.31,1.38,22.12
2018-08-20,6.72,24.51,87.05,88.54,1.15,22.01
2018-08-21,3.87,23.77,86.91,88.56,0.96,21.36
2018-08-22,4.51,24.52,83.32,88.43,1.09,21.26
2018-08-23,12.18,23.81,92.26,88.42,1.44,22.4
2018-08-24,58.66,23.02,94.38,88.42,1.06,22.02
2018-08-25,33.62,23.85,91.48,88.33,1.3,22.29
2018-08-26,28.93,23.26,87.85,88.35,1.23,21.03
2018-08-27,7.56,23.74,88.95,88.5,1.22,21.74
2018-08-28,12.8,23.67,91.87,88.6,1.53,22.21
2018-08-29,11.0,22.47,88.01,88.72,1.25,20.29
2018-08-30,11.08,23.48,88.64,88.45,1.32,21.39
2018-08-31,10.35,23.39,89.55,88.53,1.16,21.47
2018-09-01,5.55,24.03,84.34,88.67,0.88,21.05
2018-09-02,3.26,22.85,92.8,88.7,1.07,21.57
2018-09-03,11.38,23.63,86.67,88.67,1.13,21.16
2018-09-04,3.89,23.47,87.77,88.7,1.04,21.2
2018-09-05,1.05,23.73,87.58,88.6,0.93,21.44
2018-09-06,3.07,24.59,83.49,88.63,0.91,21.42
2018-09-07,5.77,23.08,91.44,88.84,1.16,21.56
2018-09-08,0.87,23.72,85.29,88.89,1.03,20.92
2018-09-09,0.05,23.19,89.95,88.99,1.36,21.31
2018-09-10,0.13,23.09,90.1,89.03,1.44,21.26
2018-09-11,4.11,23.25,91.31,88.92,1.82,21.63
2018-09-12,4.93,22.81,89.87,88.67,1.94,20.89
2018-09-13,4.77,22.08,89.22,88.68,1.61,20.06
2018-09-14,0.38,21.97,87.76,88.85,1.58,19.63
2018-09-15,0.0,21.86,85.32,89.0,1.48,19.05
2018-09-16,0.0,21.66,85.08,88.87,1.31,18.74
2018-09-17,0.12,22.01,80.36,88.8,1.2,18.18
2018-09-18,0.0,22.68,75.88,88.82,1.07,17.93
2018-09-19,0.01,23.15,76.59,88.82,1.1,18.49
2018-09-20,0.68,23.0,82.15,88.97,1.31,19.61
2018-09-21,2.14,22.82,83.95,89.18,1.1,19.76
2018-09-22,29.14,21.25,91.02,89.27,1.92,19.66
2018-09-23,24.2,21.0,87.99,89.34,2.33,18.85
2018-09-24,35.3,21.28,91.7,89.12,1.98,19.78
2018-09-25,5.72,21.51,91.61,88.95,1.4,19.93
2018-09-26,0.11,22.0,86.85,88.94,1.18,19.5
2018-09-27,0.01,22.1,84.05,89.03,1.15,19.07
2018-09-28,0.0,21.89,84.1,89.17,1.03,18.9
2018-09-29,0.0,21.4,79.44,89.2,1.38,17.42
2018-09-30,0.0,21.12,78.05,89.08,1.29,16.85
2018-10-01,0.0,21.64,77.85,89.12,1.16,17.34
2018-10-02,0.0,20.8,75.22,89.2,1.45,15.93
2018-10-03,0.0,20.81,70.23,89.2,1.38,14.76
2018-10-04,0.0,20.06,69.75,89.34,1.4,13.95
2018-10-05,0.0,19.67,67.99,89.37,1.33,13.23
2018-10-06,0.0,19.69,71.58,89.3,1.33,14.04
2018-10-07,0.0,19.05,73.59,89.27,1.29,13.86
2018-10-08,0.0,19.09,70.2,89.14,1.34,13.17
2018-10-09,0.0,19.61,72.56,89.15,1.17,14.16
2018-10-10,0.09,19.59,78.91,89.24,0.94,15.51
2018-10-11,5.35,19.83,77.89,89.36,0.8,15.56
2018-10-12,0.04,18.79,77.56,89.41,1.16,14.53
2018-10-13,0.0,18.08,77.01,89.38,1.16,13.71
2018-10-14,0.0,17.83,74.16,89.28,1.39,12.85
2018-10-15,0.0,18.06,66.3,89.39,1.44,11.19
2018-10-16,0.0,18.4,58.08,89.45,1.35,9.39
2018-10-17,0.0,19.39,56.54,89.33,1.38,10.06
2018-10-18,0.0,19.16,58.12,89.3,1.45,10.29
2018-10-19,0.0,18.23,65.59,89.38,1.29,11.07
2018-10-20,0.0,18.0,59.03,89.56,1.26,9.24
2018-10-21,0.0,17.41,58.4,89.59,1.47,8.67
2018-10-22,0.0,17.5,54.5,89.42,1.22,7.56
2018-10-23,0.0,16.98,58.99,89.43,1.29,8.55
2018-10-24,0.0,16.33,60.24,89.43,1.47,8.15
2018-10-25,0.0,16.32,57.18,89.6,1.27,7.03
2018-10-26,0.0,16.64,56.8,89.73,1.31,7.42
2018-10-27,0.0,17.21,59.94,89.74,1.16,8.92
2018-10-28,0.0,17.58,61.75,89.67,1.17,9.62
2018-10-29,0.0,17.54,62.94,89.62,1.21,9.98
2018-10-30,0.0,17.7,68.8,89.65,1.17,11.57
2018-10-31,0.0,18.51,62.95,89.68,1.21,10.88
2018-11-01,0.0,18.28,59.55,89.63,1.17,9.93
2018-11-02,0.11,17.97,59.1,89.53,1.12,9.47
2018-11-03,2.4,16.55,71.73,89.53,1.19,11.11
2018-11-04,10.05,16.25,73.02,89.51,1.11,10.81
2018-11-05,0.0,15.39,66.31,89.42,1.31,8.41
2018-11-06,0.0,15.04,61.55,89.35,1.26,6.81
2018-11-07,0.0,14.94,60.51,89.48,1.23,7.02
2018-11-08,0.0,15.71,65.51,89.53,1.13,8.94
2018-11-09,0.0,16.01,60.83,89.4,1.18,8.1
2018-11-10,0.0,15.33,59.74,89.48,1.12,7.12
2018-11-11,0.0,15.54,56.05,89.53,1.21,6.29
2018-11-12,0.0,16.38,52.9,89.36,1.47,6.28
2018-11-13,0.0,16.08,62.14,89.2,1.32,8.52
2018-11-14,0.2,14.38,66.46,89.32,0.99,7.93
2018-11-15,1.34,13.9,71.3,89.46,1.5,8.16
2018-11-16,0.0,14.27,61.79,89.26,1.4,6.26
2018-11-17,0.0,14.5,54.22,89.17,1.38,4.76
2018-11-18,0.0,15.27,49.7,89.4,1.23,4.3
2018-11-19,0.0,15.8,53.66,89.67,1.34,5.89
2018-11-20,0.0,14.79,58.38,89.6,1.59,6.12
2018-11-21,0.0,15.13,54.56,89.57,1.24,5.43
2018-11-22,0.0,14.74,57.33,89.69,1.02,5.95
2018-11-23,0.0,14.59,54.84,89.69,1.45,4.77
2018-11-24,0.0,15.51,46.8,89.53,1.14,3.37
2018-11-25,0.0,15.61,54.38,89.62,1.02,5.97
2018-11-26,0.0,15.94,52.93,89.54,1.2,5.89
2018-11-27,0.0,15.8,59.72,89.78,0.95,7.62
2018-11-28,0.0,15.17,65.89,89.82,0.76,8.64
2018-11-29,0.0,15.7,57.4,89.79,1.04,6.89
2018-11-30,0.0,15.2,54.23,89.67,1.2,5.39
2018-12-01,0.0,13.9,53.33,89.43,1.26,3.87
2018-12-02,0.0,13.25,57.19,89.4,1.18,4.64
2018-12-03,0.0,13.33,55.58,89.46,1.11,4.11
2018-12-04,0.0,13.57,53.73,89.62,1.17,3.97
2018-12-05,0.0,13.12,56.6,89.38,1.13,4.25
2018-12-06,0.0,12.69,58.58,89.3,1.18,4.35
2018-12-07,0.0,11.89,56.13,89.29,1.28,2.6
2018-12-08,0.0,12.44,50.83,89.47,1.26,2.18
2018-12-09,0.0,12.51,50.95,89.41,1.14,2.14
2018-12-10,0.0,11.79,56.71,89.43,1.39,3.15
2018-12-11,0.0,11.79,57.47,89.5,1.24,3.18
2018-12-12,0.15,9.69,70.65,89.64,0.88,4.47
2018-12-13,1.49,9.23,76.05,89.76,1.34,4.99
2018-12-14,0.01,9.52,66.24,89.88,1.18,2.8
2018-12-15,0.0,11.23,49.24,89.86,1.29,0.1
2018-12-16,0.0,11.93,47.15,89.95,1.18,0.26
2018-12-17,0.0,12.55,42.82,89.84,1.24,-0.61
2018-12-18,0.0,11.7,44.55,89.59,1.37,-0.59
2018-12-19,0.0,11.53,45.05,89.56,1.23,-0.56
2018-12-20,0.0,11.69,41.38,89.59,1.24,-1.92
2018-12-21,0.0,11.62,34.14,89.46,1.38,-4.57
2018-12-22,0.0,11.77,34.94,89.54,1.09,-3.85
2018-12-23,0.0,11.31,42.86,89.65,1.07,-1.4
2018-12-24,0.0,11.29,41.3,89.5,1.18,-1.97
2018-12-25,0.0,10.86,44.24,89.36,1.2,-1.36
2018-12-26,0.0,10.01,44.0,89.28,1.32,-2.19
2018-12-27,0.0,6.47,53.28,89.32,1.66,-3.22
2018-12-28,0.0,8.3,43.22,89.25,1.26,-4.59
2018-12-29,0.0,9.63,33.5,89.53,1.26,-6.43
2018-12-30,0.0,10.74,37.61,89.82,1.14,-3.61
2018-12-31,0.0,11.36,40.07,89.76,1.45,-2.5
2019-01-01,0.0,12.17,40.95,89.76,1.21,-1.33
2019-01-02,0.0,11.09,47.18,89.83,1.03,-0.12
2019-01-03,0.0,9.69,49.88,89.74,1.63,-1.04
2019-01-04,0.0,10.17,44.64,89.69,1.19,-2.49
2019-01-05,0.0,11.27,46.62,89.77,1.37,-0.21
2019-01-06,0.28,8.34,68.62,89.63,1.89,2.63
2019-01-07,0.03,8.83,66.6,89.59,1.04,2.27
2019-01-08,0.0,9.67,55.19,89.41,1.47,0.14
2019-01-09,0.0,10.91,50.98,89.36,1.54,0.4
2019-01-10,0.0,10.74,49.49,89.45,1.36,-0.31
2019-01-11,0.0,10.12,57.07,89.67,1.29,1.66
2019-01-12,0.01,11.08,55.02,89.6,1.38,1.71
2019-01-13,0.08,9.87,69.22,89.71,1.1,4.08
2019-01-14,0.0,10.34,49.47,89.4,1.37,-1.05
2019-01-15,0.0,11.61,33.89,89.39,1.27,-4.91
2019-01-16,0.0,12.26,38.08,89.6,1.26,-2.2
2019-01-17,0.0,11.86,42.12,89.46,1.39,-1.32
2019-01-18,0.0,11.31,43.62,89.43,1.41,-1.5
2019-01-19,0.0,12.78,42.58,89.49,1.55,-0.21
2019-01-20,0.0,13.98,49.96,89.53,1.36,3.14
2019-01-21,10.94,13.05,56.44,89.48,1.4,3.89
2019-01-22,23.96,9.31,79.93,89.47,3.07,5.92
2019-01-23,2.25,9.26,83.4,89.6,1.36,6.51
2019-01-24,0.09,10.43,61.21,89.67,1.0,2.4
2019-01-25,11.12,7.21,81.07,89.61,1.14,4.05
2019-01-26,1.24,7.8,66.08,89.79,1.29,1.5
2019-01-27,0.71,7.41,67.41,89.78,1.16,1.44
2019-01-28,0.0,7.8,57.51,89.67,1.38,-1.03
2019-01-29,0.0,8.04,40.94,89.57,1.65,-5.22
2019-01-30,0.0,10.19,41.35,89.64,1.08,-3.14
2019-01-31,0.21,11.32,59.95,89.72,2.1,2.96
2019-02-01,0.29,11.51,53.34,89.69,1.4,1.61
2019-02-02,0.0,11.34,50.75,89.55,1.41,0.48
2019-02-03,0.0,11.88,43.79,89.69,1.51,-1.13
2019-02-04,0.0,12.77,40.78,89.76,1.41,-1.51
2019-02-05,0.01,13.24,47.69,89.7,1.63,1.38
2019-02-06,1.05,13.08,62.57,89.38,1.15,5.59
2019-02-07,16.72,11.73,81.36,89.25,3.01,8.57
2019-02-08,9.35,10.91,74.71,89.35,2.28,6.06
2019-02-09,0.05,10.07,61.81,89.41,1.22,2.39
2019-02-10,0.51,10.83,51.54,89.67,1.29,0.22
2019-02-11,0.0,12.96,47.36,89.79,1.36,1.26
2019-02-12,0.0,13.0,50.64,89.89,1.08,2.51
2019-02-13,0.0,15.43,49.56,89.86,1.14,4.51
2019-02-14,10.97,14.82,62.78,89.63,0.85,7.24
2019-02-15,10.97,12.58,80.18,89.49,1.32,8.88
2019-02-16,5.17,11.54,78.91,89.47,1.16,7.57
2019-02-17,0.03,11.19,59.62,89.13,1.55,2.61
2019-02-18,2.58,12.81,59.06,89.0,1.57,4.18
2019-02-19,1.83,12.5,63.05,89.44,1.55,5.17
2019-02-20,0.54,12.87,54.21,89.76,1.02,3.37
2019-02-21,3.57,15.31,67.27,89.87,1.5,8.82
2019-02-22,0.63,15.88,67.54,89.57,1.25,9.21
2019-02-23,0.0,14.25,54.94,89.29,1.43,3.84
2019-02-24,0.0,14.42,43.87,89.13,1.18,1.53
2019-02-25,0.58,11.96,47.05,89.1,1.41,0.0
2019-02-26,3.12,11.39,58.18,89.16,1.44,2.72
2019-02-27,16.96,7.26,81.93,89.02,1.45,4.2
2019-02-28,0.96,8.04,64.63,89.21,1.41,0.74
2019-03-01,0.04,10.78,48.29,89.34,1.41,-0.69
2019-03-02,4.1,12.48,51.17,89.51,1.18,1.54
2019-03-03,3.24,12.75,69.55,89.27,1.46,6.84
2019-03-04,1.18,13.01,64.26,88.92,1.39,5.47
2019-03-05,0.58,12.69,64.81,88.94,1.36,5.49
2019-03-06,0.0,13.01,58.05,89.07,1.46,4.38
2019-03-07,0.63,13.43,54.19,89.18,1.55,3.8
2019-03-08,0.04,13.65,51.87,89.38,1.78,2.75
2019-03-09,0.0,14.2,51.45,89.32,2.13,3.27
2019-03-10,0.0,14.62,44.19,89.37,1.65,1.58
2019-03-11,0.96,15.99,42.9,89.55,1.41,2.25
2019-03-12,1.06,16.35,53.38,89.54,1.5,5.95
2019-03-13,0.0,16.32,48.56,89.58,0.94,5.14
2019-03-14,3.05,16.4,51.78,89.67,1.39,5.57
2019-03-15,3.61,15.61,54.98,89.64,1.25,5.33
2019-03-16,0.0,16.81,44.18,89.51,1.4,3.59
2019-03-17,0.0,17.34,43.65,89.46,1.42,4.26
2019-03-18,0.36,16.37,48.41,89.39,1.55,4.54
2019-03-19,0.0,16.93,47.11,89.13,1.77,4.88
2019-03-20,0.44,17.9,47.32,89.24,1.54,5.38
2019-03-21,0.02,17.82,47.22,89.38,1.55,5.3
2019-03-22,0.0,17.14,44.53,89.38,1.74,3.66
2019-03-23,0.0,17.67,38.93,89.26,1.87,1.76
2019-03-24,0.0,19.13,41.59,89.25,2.24,4.65
2019-03-25,0.84,17.17,59.65,89.4,1.17,8.73
2019-03-26,0.02,17.76,55.36,89.29,1.55,7.66
2019-03-27,0.0,19.37,42.56,89.4,1.56,5.27
2019-03-28,0.0,20.46,43.51,89.34,1.34,6.87
2019-03-29,0.0,22.26,45.84,89.15,1.95,9.01
2019-03-30,0.0,22.58,39.28,89.14,1.97,5.88
2019-03-31,0.0,21.48,33.6,89.04,2.16,3.0
2019-04-01,0.02,21.29,33.42,89.04,1.82,3.41
2019-04-02,0.06,20.67,37.14,89.15,1.72,4.21
2019-04-03,0.14,22.51,33.38,89.1,1.68,4.31
2019-04-04,0.0,22.88,37.78,89.24,1.54,6.83
2019-04-05,0.0,23.5,41.85,89.18,1.7,8.9
2019-04-06,2.58,24.01,43.66,89.12,1.67,10.24
2019-04-07,0.14,22.9,46.0,89.03,1.7,9.87
2019-04-08,8.45,21.83,45.8,89.04,1.49,8.79
2019-04-09,0.09,21.98,41.97,88.99,1.8,7.12
2019-04-10,0.04,23.63,40.95,89.14,1.9,8.49
2019-04-11,0.0,24.11,38.06,89.11,2.04,7.39
2019-04-12,0.0,24.53,37.91,89.13,1.85,7.9
2019-04-13,0.0,24.39,42.15,89.13,2.12,9.15
2019-04-14,0.0,24.98,36.53,89.09,2.36,6.68
2019-04-15,0.0,25.86,32.93,89.0,2.01,6.23
2019-04-16,2.52,21.12,54.4,89.23,1.46,11.15
2019-04-17,5.98,18.24,68.28,89.38,1.64,11.86
2019-04-18,5.87,18.64,63.1,89.32,1.3,10.62
2019-04-19,0.05,20.07,52.59,89.07,1.47,9.16
2019-04-20,0.01,21.8,46.7,88.9,1.51,9.1
2019-04-21,0.81,23.19,42.54,88.82,1.74,8.8
2019-04-22,0.45,24.25,39.53,88.87,1.47,8.81
2019-04-23,0.01,24.26,45.25,89.05,1.67,10.78
2019-04-24,0.02,25.91,41.26,89.2,1.59,10.88
2019-04-25,0.08,26.46,38.68,89.2,2.01,9.89
2019-04-26,0.7,26.51,36.61,89.05,2.24,8.99
2019-04-27,0.0,26.53,29.2,88.87,2.18,4.5
2019-04-28,0.0,26.57,24.72,88.81,2.1,2.68
2019-04-29,0.0,26.99,23.37,88.82,1.74,1.93
2019-04-30,0.0,27.25,25.58,88.77,1.83,3.88
2019-05-01,1.16,27.55,29.96,88.69,2.06,6.9
2019-05-02,1.45,26.5,34.51,88.82,1.77,8.09
2019-05-03,5.31,25.3,39.84,88.97,1.52,9.71
2019-05-04,0.0,24.62,29.41,89.0,2.14,2.97
2019-05-05,0.0,24.72,24.57,88.96,2.35,0.81
2019-05-06,0.0,25.39,23.96,88.78,2.94,1.09
2019-05-07,0.0,26.51,22.11,88.73,3.01,0.7
2019-05-08,0.0,27.25,23.58,88.72,2.85,2.43
2019-05-09,0.0,27.45,21.76,88.59,2.99,1.45
2019-05-10,0.0,28.32,27.41,88.73,2.55,6.65
2019-05-11,0.14,27.89,31.96,88.95,1.63,8.23
2019-05-12,0.04,27.04,30.12,88.85,2.1,7.01
2019-05-13,0.2,27.33,31.02,88.8,1.84,7.72
2019-05-14,2.91,25.83,43.01,88.83,1.61,11.37
2019-05-15,0.01,25.82,41.25,88.99,1.85,10.13
2019-05-16,4.45,26.48,41.42,89.03,2.01,10.98
2019-05-17,0.06,26.19,42.16,88.98,1.95,11.09
2019-05-18,0.99,24.76,44.47,88.86,1.64,10.82
2019-05-19,0.0,25.66,41.88,88.94,2.06,10.58
2019-05-20,0.0,27.56,32.1,89.03,2.08,8.16
2019-05-21,0.0,28.53,26.58,88.97,2.12,5.95
2019-05-22,0.0,29.27,25.11,88.85,2.04,5.62
2019-05-23,0.0,28.52,28.27,88.82,2.36,7.69
2019-05-24,1.91,28.27,36.32,88.85,2.04,11.09
2019-05-25,1.2,26.3,39.3,88.71,2.78,9.92
2019-05-26,0.06,27.35,32.44,88.64,2.03,7.68
2019-05-27,0.0,28.67,22.49,88.69,2.56,3.61
2019-05-28,0.0,28.66,16.89,88.64,2.03,-0.96
2019-05-29,0.0,30.09,16.15,88.56,2.11,0.39
2019-05-30,0.0,31.03,15.92,88.5,2.28,1.06
2019-05-31,0.0,31.83,15.45,88.57,2.18,1.23
2019-06-01,0.02,32.26,15.77,88.66,1.98,2.42
2019-06-02,3.58,30.92,25.49,88.67,2.03,8.37
2019-06-03,1.33,28.81,40.74,88.72,1.71,13.67
2019-06-04,0.08,29.7,35.77,88.64,2.27,11.72
2019-06-05,0.0,30.49,26.99,88.64,2.15,8.15
2019-06-06,9.62,30.44,31.35,88.78,1.57,10.94
2019-06-07,2.62,28.34,42.5,88.9,1.6,13.64
2019-06-08,0.0,29.33,32.18,88.74,1.86,9.35
2019-06-09,0.07,30.07,29.41,88.5,2.02,9.02
2019-06-10,0.0,30.78,26.19,88.31,1.8,7.62
2019-06-11,2.22,31.81,24.7,88.35,2.05,7.85
2019-06-12,7.04,30.58,32.51,88.57,1.85,11.45
2019-06-13,0.36,30.03,34.63,88.51,2.32,11.69
2019-06-14,0.0,30.28,26.17,88.39,2.22,6.57
2019-06-15,0.0,30.99,19.78,88.35,2.51,3.57
2019-06-16,0.0,29.9,31.47,88.38,3.07,10.54
2019-06-17,0.97,28.69,40.04,88.38,2.64,12.9
2019-06-18,1.65,27.15,44.98,88.45,2.3,12.98
2019-06-19,0.04,27.96,39.36,88.53,2.15,11.71
2019-06-20,0.02,27.82,43.69,88.62,1.53,13.53
2019-06-21,0.04,29.21,42.26,88.68,1.5,14.34
2019-06-22,6.43,29.35,45.93,88.67,1.64,15.44
2019-06-23,7.93,27.77,62.02,88.69,1.41,18.61
2019-06-24,48.06,25.19,79.81,88.83,1.65,21.33
2019-06-25,7.22,27.74,67.59,88.72,1.37,20.93
2019-06-26,6.5,28.73,58.15,88.52,1.52,19.1
2019-06-27,0.15,29.69,44.74,88.24,2.14,15.37
2019-06-28,0.01,29.37,45.55,88.14,2.19,15.46
2019-06-29,0.01,30.12,42.99,88.16,1.5,15.35
2019-06-30,8.5,29.55,52.22,88.29,1.39,18.02
2019-07-01,2.1,29.49,51.71,88.35,1.17,17.87
2019-07-02,0.68,30.12,51.8,88.43,1.3,18.08
2019-07-03,13.99,27.87,68.84,88.44,1.27,21.3
2019-07-04,2.01,28.37,64.62,88.31,1.43,20.7
2019-07-05,12.01,27.77,68.95,88.16,1.4,21.16
2019-07-06,4.23,26.46,72.33,88.03,1.34,20.61
2019-07-07,14.91,26.37,73.23,88.12,1.33,20.79
2019-07-08,18.24,26.67,76.45,88.19,1.56,21.91
2019-07-09,19.75,23.98,89.24,88.14,2.07,22.01
2019-07-10,16.8,24.99,80.12,88.04,1.67,21.03
2019-07-11,10.71,26.78,71.26,88.07,1.66,20.78
2019-07-12,5.94,26.48,71.2,88.23,2.36,20.52
2019-07-13,9.69,26.23,70.57,88.25,2.78,20.0
2019-07-14,15.14,25.12,74.95,88.19,2.66,19.99
2019-07-15,21.84,24.9,76.15,88.21,1.52,20.07
2019-07-16,12.05,24.07,80.09,88.46,1.03,20.11
2019-07-17,14.15,24.6,77.18,88.52,1.2,19.89
2019-07-18,7.34,24.89,79.97,88.51,1.22,20.87
2019-07-19,0.21,25.51,77.69,88.63,1.1,21.02
2019-07-20,0.62,26.02,76.33,88.7,1.26,21.26
2019-07-21,3.82,25.98,77.67,88.65,1.32,21.55
2019-07-22,1.77,26.23,77.49,88.52,1.77,21.71
2019-07-23,0.52,26.74,73.53,88.34,2.02,21.29
2019-07-24,6.33,26.91,72.93,88.27,1.89,21.1
2019-07-25,22.76,24.24,90.01,88.35,1.96,22.39
2019-07-26,3.98,24.62,82.83,88.28,1.41,21.2
2019-07-27,24.24,24.31,85.9,88.31,2.11,21.63
2019-07-28,1.6,25.0,81.87,88.52,1.72,21.48
2019-07-29,1.55,25.1,82.63,88.58,1.26,21.77
2019-07-30,2.81,24.99,83.5,88.52,1.32,21.79
2019-07-31,1.11,24.14,84.27,88.43,1.2,21.18
2019-08-01,4.8,24.3,83.21,88.43,1.62,21.03
2019-08-02,12.89,24.62,83.01,88.36,1.18,21.34
2019-08-03,5.72,24.27,84.09,88.38,1.07,21.27
2019-08-04,11.04,24.93,85.24,88.23,1.13,22.15
2019-08-05,30.61,25.54,82.38,88.09,1.19,22.07
2019-08-06,20.5,25.06,87.25,88.16,1.44,22.67
2019-08-07,2.9,25.46,72.44,88.15,1.05,19.72
2019-08-08,2.17,25.1,79.87,88.16,1.48,21.18
2019-08-09,4.57,24.92,84.89,88.35,1.29,22.0
2019-08-10,2.83,24.75,86.71,88.43,1.92,22.19
2019-08-11,9.73,24.82,85.61,88.46,1.16,22.04
2019-08-12,11.31,24.7,89.76,88.38,1.36,22.8
2019-08-13,2.84,25.74,84.65,88.49,1.51,22.73
2019-08-14,2.53,24.4,86.21,88.66,1.25,21.78
2019-08-15,6.08,24.28,88.19,88.6,1.26,22.06
2019-08-16,4.17,23.0,90.6,88.48,1.41,21.28
2019-08-17,17.49,23.21,89.44,88.54,2.19,21.28
2019-08-18,33.21,23.13,90.93,88.76,1.5,21.48
2019-08-19,14.8,24.12,87.64,88.87,1.11,21.77
2019-08-20,2.0,24.62,81.85,88.74,1.22,21.03
2019-08-21,7.82,24.72,81.63,88.64,1.13,21.15
2019-08-22,12.72,23.78,82.65,88.69,0.86,20.49
2019-08-23,1.73,25.32,79.44,88.66,1.14,21.35
2019-08-24,0.26,24.09,88.13,88.72,1.18,21.88
2019-08-25,10.51,23.21,89.83,88.76,1.21,21.33
2019-08-26,1.13,24.5,80.84,88.76,1.27,20.67
2019-08-27,0.03,25.17,83.67,88.75,1.0,22.06
2019-08-28,0.04,25.44,85.64,88.8,0.92,22.74
2019-08-29,4.73,24.65,90.12,88.84,1.35,22.83
2019-08-30,3.84,24.41,89.09,88.61,0.86,22.35
2019-08-31,34.03,24.79,87.96,88.46,1.18,22.56
2019-09-01,13.76,24.15,90.81,88.63,1.18,22.47
2019-09-02,0.82,24.44,86.96,88.6,1.15,22.03
2019-09-03,6.37,24.51,87.9,88.57,1.3,22.24
2019-09-04,8.32,23.91,89.97,88.54,1.41,22.03
2019-09-05,0.38,23.95,91.31,88.56,1.23,22.35
2019-09-06,6.84,23.86,93.86,88.46,1.63,22.75
2019-09-07,2.68,23.66,94.41,88.51,1.51,22.67
2019-09-08,0.79,23.78,89.53,88.65,1.02,21.86
2019-09-09,0.68,24.45,86.71,88.49,1.26,21.98
2019-09-10,0.07,24.44,81.18,88.46,1.05,20.82
2019-09-11,0.22,24.71,80.34,88.64,1.1,21.0
2019-09-12,0.24,24.28,83.47,88.82,1.18,21.15
2019-09-13,1.49,23.58,86.4,88.92,1.02,21.06
2019-09-14,3.73,22.87,90.7,88.92,1.29,21.15
2019-09-15,5.18,22.91,91.97,88.87,1.45,21.48
2019-09-16,5.01,23.79,84.98,88.72,1.18,20.9
2019-09-17,6.23,23.93,76.48,88.87,0.87,19.2
2019-09-18,6.37,22.63,86.59,89.18,1.15,20.07
2019-09-19,0.88,21.92,83.93,89.33,1.16,18.83
2019-09-20,0.19,22.64,83.24,89.19,0.96,19.41
2019-09-21,4.64,23.23,81.44,89.11,0.97,19.68
2019-09-22,6.37,22.44,84.86,89.28,0.89,19.55
2019-09-23,0.43,21.83,84.96,89.34,1.12,18.92
2019-09-24,0.11,22.47,84.09,89.38,0.87,19.42
2019-09-25,0.37,22.24,87.88,89.51,1.16,19.96
2019-09-26,1.32,21.79,85.78,89.56,0.86,19.14
2019-09-27,14.4,20.62,89.21,89.34,1.43,18.69
2019-09-28,18.11,20.36,85.49,89.26,1.35,17.69
2019-09-29,6.38,20.4,83.38,89.33,0.99,17.34
2019-09-30,6.37,19.83,85.72,89.21,0.85,17.22
2019-10-01,4.16,20.13,88.49,89.17,1.13,17.97
2019-10-02,0.87,21.12,83.32,89.22,0.93,17.95
2019-10-03,1.76,20.97,81.37,89.24,0.98,17.47
2019-10-04,0.34,21.14,76.87,89.25,1.02,16.56
2019-10-05,0.0,21.06,68.9,89.25,1.1,14.8
2019-10-06,0.0,21.42,63.0,89.31,1.1,13.81
2019-10-07,0.0,21.35,66.99,89.38,0.98,14.58
2019-10-08,0.0,21.17,66.79,89.36,1.19,14.38
2019-10-09,0.03,20.71,66.22,89.41,1.07,14.0
2019-10-10,0.0,19.65,68.53,89.33,1.26,13.29
2019-10-11,0.0,19.4,66.52,89.29,1.15,12.56
2019-10-12,0.0,19.94,69.15,89.36,1.14,13.86
2019-10-13,0.0,19.81,65.98,89.41,1.11,12.82
2019-10-14,0.0,19.59,64.31,89.49,1.07,12.32
2019-10-15,0.0,20.27,63.58,89.59,1.12,12.74
2019-10-16,0.0,20.13,63.38,89.6,1.2,12.57
2019-10-17,0.0,20.17,63.26,89.61,1.1,12.68
2019-10-18,0.0,20.49,64.39,89.62,1.04,13.25
2019-10-19,0.0,20.08,63.79,89.68,1.02,12.79
2019-10-20,0.1,19.81,53.77,89.61,1.14,9.64
2019-10-21,0.0,18.79,51.12,89.39,1.31,7.91
2019-10-22,0.0,19.1,46.47,89.16,1.25,6.68
2019-10-23,0.0,19.09,49.91,89.19,1.24,7.91
2019-10-24,0.0,18.37,55.5,89.29,1.13,8.77
2019-10-25,0.0,18.1,65.55,89.42,1.08,11.13
2019-10-26,0.0,17.55,72.27,89.46,1.25,12.16
2019-10-27,0.0,18.2,61.21,89.42,1.15,10.16
2019-10-28,0.0,18.38,62.36,89.49,1.09,10.73
2019-10-29,0.0,18.6,63.51,89.55,0.82,11.26
2019-10-30,0.0,17.81,63.37,89.44,0.9,10.52
2019-10-31,0.0,18.13,61.49,89.37,1.33,10.18
2019-11-01,0.0,18.53,56.37,89.36,1.38,8.98
2019-11-02,0.0,18.47,52.07,89.52,1.32,7.92
2019-11-03,0.0,18.42,55.91,89.53,1.66,8.95
2019-11-04,0.0,17.61,59.3,89.45,1.53,8.72
2019-11-05,0.0,17.21,54.05,89.19,1.37,7.13
2019-11-06,0.0,17.57,44.96,89.16,1.15,4.98
2019-11-07,0.72,17.17,51.49,89.32,1.16,6.48
2019-11-08,0.0,18.26,55.08,89.47,1.14,8.67
2019-11-09,0.0,18.62,54.75,89.46,1.27,8.73
2019-11-10,0.0,17.77,53.83,89.39,1.24,7.62
2019-11-11,0.0,16.53,45.42,89.35,1.14,3.98
2019-11-12,0.0,17.31,38.96,89.39,1.27,2.48
2019-11-13,0.0,17.96,41.08,89.59,0.91,3.82
2019-11-14,0.0,17.51,47.5,89.72,0.83,5.9
2019-11-15,0.0,18.32,46.29,89.61,1.08,6.24
2019-11-16,0.0,18.53,44.17,89.53,1.18,5.46
2019-11-17,0.0,18.37,44.51,89.42,1.58,4.91
2019-11-18,0.0,16.56,50.08,89.41,1.09,5.51
2019-11-19,0.0,15.66,52.8,89.4,1.14,5.54
2019-11-20,0.0,15.3,54.4,89.5,1.01,5.78
2019-11-21,0.0,15.53,53.39,89.68,1.01,5.69
2019-11-22,0.0,16.49,48.94,89.64,1.14,5.24
2019-11-23,0.0,17.26,52.16,89.58,1.03,6.92
2019-11-24,0.0,16.94,50.5,89.54,1.51,5.83
2019-11-25,0.0,17.21,45.74,89.65,1.26,4.75
2019-11-26,0.3,16.54,52.37,89.66,1.24,6.21
2019-11-27,0.77,15.91,58.19,89.66,1.48,7.3
2019-11-28,21.72,14.0,74.39,89.76,1.67,9.29
2019-11-29,4.76,12.03,65.72,89.7,1.54,5.37
2019-11-30,0.0,13.04,53.59,89.62,1.12,2.58
2019-12-01,0.0,13.31,46.53,89.56,1.34,1.16
2019-12-02,0.0,12.43,46.85,89.56,1.31,0.66
2019-12-03,0.0,12.07,44.76,89.52,1.28,-0.56
2019-12-04,0.0,13.39,38.6,89.78,1.03,-0.94
2019-12-05,0.0,13.36,44.91,89.98,1.17,1.14
2019-12-06,0.0,14.46,40.0,89.91,1.18,0.4
2019-12-07,0.0,14.07,46.2,89.83,1.16,2.13
2019-12-08,0.0,12.96,51.5,89.74,1.12,2.67
2019-12-09,0.0,11.88,52.05,89.69,1.15,1.77
2019-12-10,0.0,12.44,48.96,89.44,1.04,1.49
2019-12-11,0.02,12.55,53.11,89.36,1.16,2.86
2019-12-12,8.46,10.34,76.72,89.35,1.7,6.31
2019-12-13,51.06,7.56,88.32,89.26,2.6,5.66
2019-12-14,5.19,9.09,82.72,89.8,1.09,6.03
2019-12-15,0.81,9.54,61.76,89.72,1.12,2.29
2019-12-16,0.0,9.07,56.24,89.67,1.27,0.25
2019-12-17,0.0,8.58,49.4,89.7,1.27,-2.42
2019-12-18,0.0,9.51,42.05,89.63,1.1,-3.71
2019-12-19,0.0,9.53,51.22,89.52,0.99,-0.47
2019-12-20,0.17,11.97,56.81,89.4,0.94,3.15
2019-12-21,0.19,11.49,66.73,89.52,1.37,4.96
2019-12-22,0.0,10.18,46.99,89.5,1.3,-1.58
2019-12-23,0.0,10.14,41.92,89.47,1.2,-2.93
2019-12-24,0.0,9.02,47.47,89.64,1.21,-2.13
2019-12-25,0.0,9.43,34.87,89.47,1.25,-5.95
2019-12-26,0.0,7.49,40.56,89.35,1.14,-5.72
2019-12-27,0.0,5.82,45.56,89.35,1.21,-5.77
2019-12-28,0.0,6.61,43.14,89.51,1.21,-5.42
2019-12-29,0.0,9.4,41.57,89.58,1.09,-3.58
2019-12-30,0.0,8.8,47.09,89.59,1.23,-2.39
2019-12-31,0.0,8.4,46.68,89.75,1.78,-2.92
2020-01-01,0.03,8.55,56.11,89.94,1.67,-0.2
2020-01-02,1.61,9.11,78.42,89.95,1.26,5.42
2020-01-03,0.98,10.22,79.0,89.65,1.2,6.32
2020-01-04,1.55,8.56,76.23,89.51,1.38,4.19
2020-01-05,0.0,7.71,59.79,89.46,1.29,-0.31
2020-01-06,3.71,9.42,61.77,89.68,1.43,1.84
2020-01-07,4.06,7.92,85.32,89.6,1.02,5.5
2020-01-08,17.36,6.64,91.72,89.35,1.16,5.16
2020-01-09,3.6,6.95,74.51,89.46,0.97,2.26
2020-01-10,0.01,7.33,45.72,89.56,1.25,-4.32
2020-01-11,0.07,8.73,40.06,89.61,1.03,-4.45
2020-01-12,0.0,11.73,47.3,89.45,1.16,0.37
2020-01-13,1.92,12.54,58.42,89.22,1.1,4.09
2020-01-14,1.78,10.15,79.11,89.42,1.4,6.5
2020-01-15,1.07,11.55,75.25,89.49,1.26,7.06
2020-01-16,14.56,8.34,86.63,89.32,1.32,6.14
2020-01-17,12.3,8.03,92.35,89.4,1.3,6.8
2020-01-18,1.97,8.61,74.52,89.54,1.11,4.02
2020-01-19,0.02,8.22,62.98,89.48,1.11,0.89
2020-01-20,0.0,8.47,47.26,89.5,1.16,-3.08
2020-01-21,0.01,8.44,66.43,89.73,1.01,2.33
2020-01-22,0.0,9.72,62.62,89.73,1.29,2.12
2020-01-23,0.0,8.34,51.68,89.46,1.72,-2.18
2020-01-24,0.0,9.73,43.8,89.32,1.33,-3.26
2020-01-25,0.0,9.46,50.35,89.47,1.12,-0.7
2020-01-26,0.0,9.92,64.74,89.29,1.62,3.29
2020-01-27,0.66,10.11,57.58,89.25,1.5,0.88
2020-01-28,13.2,9.27,80.45,89.21,1.61,5.94
2020-01-29,14.72,8.17,83.08,89.49,0.86,5.34
2020-01-30,0.01,8.17,66.78,89.41,1.19,1.78
2020-01-31,0.0,8.53,55.01,89.25,1.29,-0.73
2020-02-01,0.32,7.49,62.52,89.54,1.08,0.41
2020-02-02,0.0,7.88,53.69,89.63,1.49,-2.06
2020-02-03,0.0,9.66,43.45,89.61,1.27,-2.74
2020-02-04,0.0,8.71,50.36,89.55,1.43,-1.47
2020-02-05,0.0,8.11,55.52,89.42,1.49,-1.07
2020-02-06,0.0,8.35,55.45,89.41,1.28,-0.62
2020-02-07,0.0,7.65,55.63,89.65,1.3,-1.02
2020-02-08,0.0,7.94,52.68,89.68,1.39,-1.96
2020-02-09,0.0,9.22,49.85,89.82,1.47,-1.55
2020-02-10,0.0,9.92,49.16,89.66,1.4,-0.96
2020-02-11,0.0,10.69,49.28,89.71,1.29,-0.15
2020-02-12,0.0,12.29,55.1,89.64,1.64,2.91
2020-02-13,0.0,15.89,56.4,89.42,1.92,6.39
2020-02-14,0.0,15.13,58.71,89.12,1.93,6.31
2020-02-15,0.0,14.21,49.35,89.17,1.34,2.61
2020-02-16,0.0,13.82,44.68,89.55,1.28,1.26
2020-02-17,0.0,13.35,38.78,89.59,1.63,-1.49
2020-02-18,0.0,13.74,38.76,89.37,1.55,-1.07
2020-02-19,0.0,13.19,47.63,89.54,1.41,1.58
2020-02-20,0.27,14.5,51.14,89.57,1.57,3.75
2020-02-21,30.86,9.85,81.26,89.75,2.48,6.68
2020-02-22,2.43,12.26,74.29,89.91,1.08,7.55
2020-02-23,96.01,12.89,78.26,89.76,0.89,8.98
2020-02-24,2.93,13.42,70.64,89.42,0.96,7.91
2020-02-25,2.0,12.36,82.89,89.37,0.99,9.38
2020-02-26,0.1,12.77,77.55,89.39,1.05,8.54
2020-02-27,0.0,12.54,79.63,89.51,1.08,8.73
2020-02-28,0.0,13.73,75.91,89.47,1.2,9.12
2020-02-29,4.14,15.67,69.07,89.41,0.97,9.45
2020-03-01,0.84,14.36,67.84,89.38,1.13,8.02
2020-03-02,0.09,14.14,62.26,89.32,1.48,6.36
2020-03-03,0.0,14.3,59.19,89.21,1.38,5.84
2020-03-04,0.9,14.77,55.67,89.22,1.28,5.29
2020-03-05,5.41,13.75,66.28,89.22,1.72,7.19
2020-03-06,29.44,12.01,78.41,89.12,2.68,8.2
2020-03-07,10.79,10.21,83.55,89.45,2.01,7.39
2020-03-08,0.01,12.47,69.18,89.51,1.42,6.18
2020-03-09,0.0,14.57,52.03,89.2,1.41,3.86
2020-03-10,0.01,14.04,60.23,89.25,1.44,5.88
2020-03-11,4.78,14.05,72.4,89.19,2.0,8.6
2020-03-12,3.95,15.21,76.74,89.43,2.2,10.59
2020-03-13,12.19,14.64,81.74,89.46,1.91,11.28
2020-03-14,10.71,13.22,70.0,89.51,1.26,7.3
2020-03-15,4.77,12.1,72.91,89.52,1.13,6.97
2020-03-16,0.0,14.05,60.62,89.5,1.41,5.79
2020-03-17,0.0,15.1,60.79,89.57,1.43,6.89
2020-03-18,0.06,15.8,59.9,89.45,1.59,7.46
2020-03-19,0.18,16.16,59.84,89.26,1.49,7.93
2020-03-20,0.0,16.48,59.16,89.24,1.33,7.98
2020-03-21,4.11,17.21,59.88,89.26,1.3,8.88
2020-03-22,0.89,17.24,59.37,89.37,1.25,8.94
2020-03-23,0.01,17.41,59.3,89.3,1.21,8.99
2020-03-24,0.5,18.84,57.65,89.26,1.51,9.82
2020-03-25,0.02,18.51,60.13,89.24,2.06,10.04
2020-03-26,0.01,17.51,62.37,89.27,1.92,9.73
2020-03-27,6.14,18.87,57.4,89.48,1.25,9.64
2020-03-28,0.09,17.7,63.22,89.44,1.45,10.06
2020-03-29,0.0,17.62,56.99,89.22,1.99,8.17
2020-03-30,0.0,17.76,53.31,89.25,1.59,7.23
2020-03-31,0.29,20.37,48.79,89.22,1.55,8.23
2020-04-01,0.01,19.44,52.14,89.23,1.86,8.47
2020-04-02,0.01,18.34,52.73,89.11,1.81,7.53
2020-04-03,0.0,17.48,47.73,89.2,1.52,4.96
2020-04-04,0.0,18.7,43.75,89.27,1.67,5.13
2020-04-05,0.0,18.97,47.48,89.37,1.66,6.66
2020-04-06,0.0,19.64,47.12,89.25,2.36,7.06
2020-04-07,0.0,20.32,44.97,89.06,2.29,6.95
2020-04-08,0.14,20.55,46.11,89.16,1.85,7.54
2020-04-09,0.0,20.49,44.64,89.16,1.61,7.36
2020-04-10,0.0,20.95,48.57,89.31,1.65,9.08
2020-04-11,0.0,21.83,47.94,89.43,2.21,9.28
2020-04-12,0.0,23.41,48.44,89.18,1.7,11.24
2020-04-13,0.0,24.8,48.79,89.12,1.44,12.66
2020-04-14,0.69,24.53,49.08,89.25,1.2,12.62
2020-04-15,0.31,24.03,47.68,89.24,1.41,11.31
2020-04-16,0.1,23.95,43.5,89.02,1.85,9.84
2020-04-17,1.33,22.75,44.73,89.07,1.35,9.35
2020-04-18,1.48,22.75,47.97,89.19,1.38,10.39
2020-04-19,0.08,21.88,50.12,89.1,1.42,10.11
2020-04-20,1.31,19.97,54.12,89.17,1.37,9.67
2020-04-21,90.16,19.43,62.8,89.15,1.24,11.95
2020-04-22,0.34,20.58,49.17,89.02,0.84,9.11
2020-04-23,5.07,20.5,56.49,89.01,1.45,10.89
2020-04-24,0.02,21.15,55.68,88.9,1.44,11.39
2020-04-25,0.86,22.92,47.88,88.99,1.25,10.49
2020-04-26,12.66,20.79,61.31,89.2,1.31,12.52
2020-04-27,23.63,18.76,72.66,89.47,1.43,13.49
2020-04-28,1.29,20.59,63.74,89.35,1.24,12.86
2020-04-29,0.32,21.25,63.09,89.16,1.27,13.71
2020-04-30,3.23,22.16,63.16,89.17,1.01,14.58
2020-05-01,2.06,22.43,65.96,89.03,1.08,15.57
2020-05-02,0.97,23.23,64.54,89.0,1.47,15.8
2020-05-03,85.22,22.07,69.74,89.07,1.19,15.99
2020-05-04,26.56,20.81,69.78,89.19,1.09,14.71
2020-05-05,5.63,21.04,66.95,89.1,1.21,14.34
2020-05-06,4.2,21.21,67.83,89.08,1.13,14.63
2020-05-07,5.4,20.03,64.5,89.05,1.73,12.93
2020-05-08,0.05,23.46,46.92,88.94,1.77,10.98
2020-05-09,0.22,23.98,53.5,89.06,1.25,13.49
2020-05-10,16.24,24.16,59.88,89.13,1.22,15.54
2020-05-11,0.72,22.27,62.33,89.25,1.17,14.3
2020-05-12,0.11,22.92,58.35,89.11,1.74,13.77
2020-05-13,0.0,23.02,58.28,88.99,1.49,13.95
2020-05-14,0.0,24.14,57.18,88.99,1.57,14.53
2020-05-15,0.0,25.17,46.88,88.86,2.14,11.88
2020-05-16,0.0,24.8,44.76,88.75,1.8,11.21
2020-05-17,0.0,25.42,41.46,88.73,1.71,10.32
2020-05-18,0.0,25.72,38.27,88.68,1.86,9.56
2020-05-19,0.0,25.06,33.59,88.59,1.76,6.5
2020-05-20,0.0,25.3,33.2,88.45,1.5,6.65
2020-05-21,0.0,26.5,33.62,88.4,1.82,8.19
2020-05-22,0.0,28.09,34.23,88.57,1.62,9.79
2020-05-23,0.0,28.83,36.42,88.77,1.86,11.63
2020-05-24,0.0,29.01,32.5,88.75,2.15,9.62
2020-05-25,0.0,28.51,34.94,88.67,1.97,10.45
2020-05-26,0.11,28.76,35.31,88.59,2.28,10.45
2020-05-27,0.55,29.21,35.6,88.53,2.12,11.12
2020-05-28,4.59,24.61,51.17,88.74,1.81,13.47
2020-05-29,19.71,23.28,64.36,88.91,1.39,15.76
2020-05-30,5.16,23.21,62.17,89.03,1.22,15.13
2020-05-31,13.92,22.68,68.43,89.07,1.92,16.0
2020-06-01,25.52,22.44,71.62,89.06,1.07,16.71
2020-06-02,0.02,23.98,57.81,88.94,1.4,14.69
2020-06-03,0.04,24.45,57.24,88.85,1.09,15.11
2020-06-04,2.68,23.07,63.87,88.78,1.42,15.17
2020-06-05,3.59,22.4,73.99,88.68,1.63,17.21
2020-06-06,4.82,23.23,67.73,88.63,1.55,16.44
2020-06-07,0.51,24.77,60.92,88.65,1.33,16.41
2020-06-08,0.21,25.56,57.7,88.59,1.22,16.22
2020-06-09,0.01,26.64,56.7,88.67,1.33,16.86
2020-06-10,0.0,27.78,54.2,88.65,1.32,17.15
2020-06-11,0.0,27.95,53.76,88.57,1.18,17.22
2020-06-12,0.01,28.26,53.08,88.46,1.24,17.3
2020-06-13,0.74,28.2,50.98,88.49,1.17,16.42
2020-06-14,3.5,27.35,55.73,88.61,1.27,17.13
2020-06-15,2.41,27.26,56.19,88.44,1.3,17.02
2020-06-16,0.2,27.89,48.04,88.24,1.59,14.92
2020-06-17,2.09,27.2,56.71,88.27,1.28,17.15
2020-06-18,7.38,26.21,69.32,88.35,1.51,19.92
2020-06-19,0.01,27.76,60.07,88.47,1.33,18.73
2020-06-20,2.28,27.66,61.15,88.55,1.65,18.73
2020-06-21,3.41,26.39,65.03,88.51,1.17,18.66
2020-06-22,3.2,26.58,65.22,88.46,1.45,18.86
2020-06-23,13.32,25.78,76.24,88.71,1.55,20.81
2020-06-24,12.64,25.78,74.41,88.76,1.52,20.54
2020-06-25,14.29,26.48,74.36,88.49,1.42,21.19
2020-06-26,5.57,26.39,66.22,88.34,1.74,18.86
2020-06-27,0.15,27.32,61.12,88.29,1.93,18.83
2020-06-28,0.9,28.79,58.42,88.3,1.8,19.33
2020-06-29,4.02,27.43,67.45,88.5,1.51,20.47
2020-06-30,0.45,26.0,73.15,88.62,1.38,20.27
2020-07-01,1.78,26.33,74.51,88.5,1.32,21.08
2020-07-02,10.16,25.88,79.66,88.31,1.44,21.87
2020-07-03,18.7,26.58,78.22,88.32,1.32,22.17
2020-07-04,8.04,26.91,77.08,88.3,1.34,22.01
2020-07-05,21.83,24.06,81.15,88.34,1.86,20.4
2020-07-06,1.52,24.91,79.85,88.32,1.19,20.86
2020-07-07,35.97,23.79,85.41,88.61,1.61,21.06
2020-07-08,60.08,24.52,84.6,88.65,1.05,21.57
2020-07-09,4.21,25.61,84.53,88.28,1.85,22.6
2020-07-10,5.42,26.55,79.79,88.09,2.3,22.45
2020-07-11,7.14,25.53,77.97,88.16,2.37,21.13
2020-07-12,7.99,25.51,77.55,88.34,1.3,21.02
2020-07-13,0.49,25.94,75.08,88.33,1.42,20.89
2020-07-14,0.15,25.95,76.26,88.47,1.47,21.23
2020-07-15,0.59,24.61,82.01,88.6,1.66,21.04
2020-07-16,4.65,25.0,81.93,88.5,1.52,21.41
2020-07-17,3.33,25.6,80.25,88.57,1.47,21.58
2020-07-18,3.31,25.34,86.64,88.58,1.82,22.77
2020-07-19,14.69,25.62,87.02,88.33,2.08,23.13
2020-07-20,5.52,25.51,80.85,88.18,1.84,21.59
2020-07-21,17.64,24.58,83.61,88.49,1.43,21.33
2020-07-22,4.08,23.71,82.87,88.54,1.37,20.32
2020-07-23,2.03,23.97,82.22,88.49,1.27,20.44
2020-07-24,10.66,23.88,84.06,88.84,1.71,20.76
2020-07-25,6.25,24.25,84.37,88.97,1.52,21.25
2020-07-26,6.06,24.22,86.88,88.92,1.44,21.74
2020-07-27,6.64,24.67,85.07,88.64,1.67,21.83
2020-07-28,18.47,25.45,83.46,88.43,2.11,22.17
2020-07-29,25.46,24.03,93.14,88.53,2.4,22.78
2020-07-30,18.6,23.4,86.75,88.72,1.44,20.87
2020-07-31,19.67,23.27,92.93,88.59,1.64,22.01
2020-08-01,2.36,24.18,91.01,88.53,2.06,22.51
2020-08-02,0.02,24.83,88.14,88.29,1.95,22.56
2020-08-03,3.0,25.3,88.86,87.98,2.01,23.2
2020-08-04,2.04,25.82,82.27,87.91,0.99,22.3
2020-08-05,1.19,25.72,80.94,88.14,1.28,21.86
2020-08-06,4.48,25.66,82.26,88.48,1.81,22.24
2020-08-07,0.93,25.29,83.74,88.59,1.48,22.12
2020-08-08,2.02,25.0,89.63,88.36,1.69,23.07
2020-08-09,9.27,24.87,90.46,88.29,1.74,23.08
2020-08-10,5.17,23.4,88.31,88.45,1.82,21.24
2020-08-11,16.36,23.8,90.65,88.35,1.55,22.09
2020-08-12,7.48,24.85,92.03,88.21,2.51,23.38
2020-08-13,29.68,23.94,91.43,88.29,2.23,22.36
2020-08-14,11.77,23.73,90.97,88.23,1.13,22.08
2020-08-15,4.71,24.57,87.46,88.21,1.55,22.21
2020-08-16,2.54,23.91,90.6,88.32,1.78,22.16
2020-08-17,2.86,24.52,89.05,88.37,1.14,22.47
2020-08-18,11.22,24.28,91.97,88.35,1.87,22.81
2020-08-19,28.62,22.77,95.52,88.32,1.86,21.97
2020-08-20,27.28,22.58,87.48,88.62,1.52,20.29
2020-08-21,9.39,23.72,84.52,88.78,0.94,20.8
2020-08-22,15.71,22.71,90.3,88.71,1.19,20.95
2020-08-23,1.47,23.19,85.12,88.57,1.66,20.32
2020-08-24,1.01,23.41,88.63,88.59,1.84,21.27
2020-08-25,0.5,23.84,86.9,88.75,1.2,21.34
2020-08-26,4.14,24.02,86.44,88.81,1.41,21.48
2020-08-27,4.04,24.57,81.49,88.69,1.21,21.0
2020-08-28,15.17,23.48,90.13,88.59,1.24,21.65
2020-08-29,10.29,23.55,89.74,88.6,1.32,21.63
2020-08-30,1.53,22.68,86.93,88.71,1.98,20.2
2020-08-31,0.03,23.56,87.01,88.84,1.33,21.1
2020-09-01,0.0,24.15,87.11,88.84,1.31,21.72
2020-09-02,0.05,23.83,89.9,89.04,0.95,21.97
2020-09-03,0.05,23.95,87.15,89.15,1.28,21.53
2020-09-04,0.02,24.09,85.53,89.03,1.07,21.31
2020-09-05,0.45,23.83,88.65,88.81,1.4,21.74
2020-09-06,2.59,24.03,85.41,88.75,1.08,21.26
2020-09-07,0.34,23.98,86.28,88.8,1.34,21.41
2020-09-08,1.9,24.02,87.01,88.83,1.08,21.56
2020-09-09,0.32,24.34,83.78,88.82,1.08,21.2
2020-09-10,0.0,23.94,82.1,88.56,1.09,20.4
2020-09-11,0.0,24.08,76.15,88.66,1.09,19.34
2020-09-12,0.0,23.97,75.77,88.92,1.08,19.15
2020-09-13,0.24,24.19,80.05,88.92,1.11,20.39
2020-09-14,0.31,24.09,83.05,88.82,1.18,20.87
2020-09-15,2.25,23.39,84.88,88.75,1.13,20.52
2020-09-16,0.07,24.03,82.28,88.73,1.12,20.57
2020-09-17,0.0,24.51,81.16,88.65,1.3,20.77
2020-09-18,0.01,24.7,78.32,88.62,1.19,20.33
2020-09-19,0.1,24.72,76.83,88.67,1.07,20.11
2020-09-20,0.0,24.53,70.33,88.59,0.78,18.17
2020-09-21,0.12,25.09,71.81,88.51,1.1,19.35
2020-09-22,6.34,23.56,83.46,88.62,1.16,20.39
2020-09-23,2.56,22.92,87.42,88.62,1.35,20.51
2020-09-24,1.11,23.03,86.13,88.65,1.43,20.31
2020-09-25,1.33,22.88,77.71,88.6,1.48,18.37
2020-09-26,0.0,22.38,59.26,88.71,1.42,12.96
2020-09-27,0.0,22.93,51.53,88.9,1.2,11.93
2020-09-28,0.0,22.83,58.13,88.97,1.25,13.73
2020-09-29,0.0,23.16,56.88,88.86,1.36,13.57
2020-09-30,0.0,23.22,54.99,88.76,1.26,13.08
2020-10-01,0.0,23.29,58.61,88.76,1.18,14.2
2020-10-02,0.0,23.46,59.95,88.87,1.24,14.78
2020-10-03,0.0,23.49,58.46,88.93,1.18,14.37
2020-10-04,0.0,23.31,60.0,89.01,1.28,14.57
2020-10-05,0.0,23.51,54.74,88.94,1.3,13.27
2020-10-06,0.0,23.31,49.23,88.99,1.27,11.24
2020-10-07,0.0,22.37,49.07,89.17,1.28,10.36
2020-10-08,0.0,22.23,48.96,89.22,1.26,10.32
2020-10-09,0.0,22.61,49.4,89.24,1.34,10.84
2020-10-10,0.0,22.73,48.69,89.08,1.33,10.51
2020-10-11,0.0,22.93,49.78,88.93,1.23,11.35
2020-10-12,0.0,23.23,52.33,88.87,1.27,12.51
2020-10-13,0.0,23.41,53.22,88.99,1.25,12.89
2020-10-14,0.0,23.68,50.74,89.05,1.22,12.38
2020-10-15,0.0,23.01,50.77,89.08,1.26,11.55
2020-10-16,0.0,22.15,47.38,89.02,1.32,9.65
2020-10-17,0.0,21.75,42.81,89.07,1.29,7.41
2020-10-18,0.0,21.88,43.27,89.01,1.44,7.87
2020-10-19,0.0,21.87,44.13,88.98,1.41,8.34
2020-10-20,0.0,21.47,40.09,88.98,1.3,6.35
2020-10-21,0.0,20.65,40.45,89.12,1.4,6.0
2020-10-22,0.06,20.9,44.97,89.02,1.24,7.8
2020-10-23,0.03,20.4,40.45,88.98,1.39,5.47
2020-10-24,0.0,20.19,37.96,89.06,1.41,4.62
2020-10-25,0.0,19.52,38.62,89.27,1.45,4.06
2020-10-26,0.0,18.66,39.99,89.33,1.81,3.52
2020-10-27,0.0,18.82,37.13,89.27,1.4,2.78
2020-10-28,0.0,18.93,37.33,89.37,1.31,3.04
2020-10-29,0.0,19.7,39.05,89.51,1.45,4.73
2020-10-30,0.0,20.29,39.29,89.46,1.37,5.18
2020-10-31,0.0,20.65,43.76,89.4,1.43,7.21
2020-11-01,0.0,20.24,44.73,89.43,1.45,7.27
2020-11-02,0.0,19.38,47.13,89.47,1.36,7.27
2020-11-03,0.0,18.32,44.09,89.43,1.31,5.17
2020-11-04,0.0,17.64,46.38,89.31,1.42,5.36
2020-11-05,0.0,17.24,45.23,89.45,1.44,4.28
2020-11-06,0.0,17.25,37.96,89.68,1.52,1.32
2020-11-07,0.0,17.03,32.47,89.74,1.39,-0.94
2020-11-08,0.0,16.32,36.41,89.79,1.18,0.25
2020-11-09,0.0,16.86,35.09,89.64,1.33,0.14
2020-11-10,0.0,17.9,39.02,89.64,1.4,3.04
2020-11-11,0.0,17.5,42.6,89.79,1.31,3.87
2020-11-12,0.0,17.16,43.9,89.86,1.28,3.76
2020-11-13,0.0,17.35,42.83,89.71,1.37,3.54
2020-11-14,0.0,17.49,40.16,89.56,1.24,3.02
2020-11-15,0.79,17.93,41.13,89.62,1.14,3.75
2020-11-16,1.58,15.33,57.01,89.64,1.2,6.16
2020-11-17,0.01,15.28,45.47,89.41,1.29,2.36
2020-11-18,0.0,14.98,39.35,89.34,1.2,0.32
2020-11-19,0.0,14.18,45.63,89.33,1.2,1.9
2020-11-20,0.0,14.01,50.65,89.38,1.4,3.11
2020-11-21,0.0,13.45,35.5,89.32,1.53,-3.0
2020-11-22,0.0,13.73,28.89,89.44,1.45,-5.24
2020-11-23,0.0,14.41,28.25,89.59,1.34,-4.46
2020-11-24,0.0,13.97,34.36,89.58,1.31,-2.16
2020-11-25,0.44,14.69,38.73,89.65,1.23,0.12
2020-11-26,0.06,15.09,44.36,89.76,1.23,2.21
2020-11-27,0.0,15.23,46.71,89.79,1.36,2.45
2020-11-28,0.0,16.02,33.59,89.73,1.38,-1.1
2020-11-29,0.0,15.57,32.66,89.63,0.88,-1.57
2020-11-30,0.0,15.5,34.19,89.57,1.32,-1.22
2020-12-01,0.0,15.29,37.18,89.62,1.33,-0.02
2020-12-02,0.0,15.37,40.91,89.4,1.46,1.25
2020-12-03,0.0,14.59,43.63,89.34,1.41,1.53
2020-12-04,0.0,14.85,40.62,89.29,1.33,0.63
2020-12-05,0.0,15.1,38.78,89.42,1.35,0.54
2020-12-06,0.0,14.93,39.89,89.59,1.51,0.48
2020-12-07,0.0,15.14,37.51,89.59,1.56,-0.27
2020-12-08,0.0,15.76,37.2,89.67,1.46,0.45
2020-12-09,0.0,16.28,37.79,89.5,1.66,0.9
2020-12-10,0.0,16.08,40.97,89.46,1.77,1.72
2020-12-11,0.02,15.62,40.29,89.49,1.57,1.2
2020-12-12,8.45,14.09,61.3,89.51,1.18,5.97
2020-12-13,0.0,12.6,59.24,89.29,1.36,4.06
2020-12-14,0.0,12.85,41.54,89.37,1.16,-0.74
2020-12-15,0.0,12.34,37.74,89.55,1.19,-2.34
2020-12-16,0.0,11.52,38.07,89.69,1.25,-3.06
2020-12-17,0.0,10.77,30.78,89.53,1.48,-7.19
2020-12-18,0.0,11.29,25.41,89.42,1.5,-9.08
2020-12-19,0.0,11.72,23.51,89.53,1.48,-9.7
2020-12-20,0.0,13.31,23.49,89.63,1.28,-8.13
2020-12-21,0.0,13.53,28.01,89.48,0.99,-5.19
2020-12-22,0.0,14.87,28.94,89.43,1.25,-4.11
2020-12-23,0.0,14.35,27.7,89.37,1.24,-5.09
2020-12-24,0.0,12.57,30.13,89.36,1.37,-5.38
2020-12-25,0.0,12.07,29.34,89.4,1.52,-6.82
2020-12-26,0.0,13.49,23.21,89.42,1.32,-8.05
2020-12-27,0.0,12.72,25.34,89.3,1.22,-7.55
2020-12-28,0.21,10.69,44.13,89.37,1.14,-1.43
2020-12-29,0.0,11.08,42.96,89.4,1.32,-1.89
2020-12-30,0.0,10.89,38.04,89.51,1.46,-3.69
2020-12-31,0.0,12.98,25.76,89.53,1.25,-7.58
2021-01-01,0.0,14.1,23.23,89.56,1.31,-7.21
2021-01-02,0.21,15.03,31.55,89.59,1.0,-2.61
2021-01-03,16.66,14.21,61.02,89.53,1.01,6.49
2021-01-04,0.26,14.06,60.03,89.65,1.22,6.11
2021-01-05,5.28,13.7,61.23,89.6,1.25,6.01
2021-01-06,7.37,12.8,71.6,89.51,1.08,7.59
2021-01-07,0.0,13.93,47.5,89.32,1.3,1.61
2021-01-08,0.0,14.14,33.98,89.35,1.04,-2.35
2021-01-09,0.04,15.05,42.35,89.41,1.44,1.27
2021-01-10,0.0,14.47,40.01,89.32,1.38,-0.86
2021-01-11,0.0,13.62,34.84,89.31,1.31,-3.46
2021-01-12,0.0,12.57,33.84,89.31,1.24,-4.35
2021-01-13,0.0,11.57,35.58,89.22,1.16,-4.46
2021-01-14,0.0,10.91,36.89,89.32,1.07,-4.05
2021-01-15,0.0,11.74,37.06,89.25,1.03,-3.27
2021-01-16,0.0,12.55,32.44,89.1,1.56,-4.95
2021-01-17,0.0,11.78,31.53,89.42,1.5,-5.23
2021-01-18,0.0,13.25,34.09,89.52,1.32,-3.03
2021-01-19,0.0,13.45,44.48,89.21,1.55,1.0
2021-01-20,0.0,11.77,42.76,89.09,1.94,-2.01
2021-01-21,0.0,12.41,32.91,89.02,1.32,-4.84
2021-01-22,0.0,11.9,35.24,89.36,1.11,-3.7
2021-01-23,0.0,13.3,33.04,89.29,1.27,-3.51
2021-01-24,0.0,11.65,43.37,89.4,1.38,-1.14
2021-01-25,0.0,10.78,43.91,89.51,1.42,-1.94
2021-01-26,0.0,10.82,37.26,89.45,1.31,-4.34
2021-01-27,0.0,11.58,30.17,89.46,1.51,-6.59
2021-01-28,0.0,11.15,32.41,89.53,1.37,-5.36
2021-01-29,0.0,10.14,35.18,89.45,1.4,-5.26
2021-01-30,0.0,10.3,32.57,89.3,1.5,-6.61
2021-01-31,0.0,10.65,34.29,89.49,1.53,-5.46
2021-02-01,0.0,11.18,36.39,89.65,2.06,-4.19
2021-02-02,0.0,12.8,33.41,89.6,1.7,-4.27
2021-02-03,0.05,13.85,35.26,89.65,1.44,-2.08
2021-02-04,6.34,11.17,61.19,89.67,1.76,3.46
2021-02-05,2.17,9.92,68.44,89.52,1.15,3.46
2021-02-06,0.0,10.21,52.93,89.37,1.46,-0.42
2021-02-07,0.02,12.55,42.95,89.38,1.34,-1.35
2021-02-08,0.0,13.75,38.19,89.5,1.33,-1.29
2021-02-09,0.0,15.23,39.03,89.34,1.28,0.41
2021-02-10,0.0,15.14,38.72,89.31,1.48,0.18
2021-02-11,0.0,14.55,37.6,89.3,1.54,-1.08
2021-02-12,0.0,14.93,42.21,89.37,1.37,1.54
2021-02-13,0.0,15.31,41.04,89.41,1.27,1.37
2021-02-14,0.0,14.27,42.91,89.37,1.28,0.94
2021-02-15,0.0,14.92,39.48,89.26,1.75,0.15
2021-02-16,0.0,14.8,34.76,89.26,1.6,-1.96
2021-02-17,0.0,14.52,34.9,89.37,1.4,-1.71
2021-02-18,0.01,15.12,36.77,89.6,1.24,-0.37
2021-02-19,0.0,14.17,41.53,89.69,1.54,0.17
2021-02-20,0.0,14.57,44.64,89.67,1.61,1.51
2021-02-21,0.0,15.71,44.6,89.54,1.49,2.86
2021-02-22,0.0,17.37,38.68,89.45,1.63,2.12
2021-02-23,0.0,18.22,34.83,89.35,1.87,1.21
2021-02-24,0.0,18.11,30.97,89.23,2.18,-0.77
2021-02-25,0.0,18.22,32.32,89.07,2.39,-0.16
2021-02-26,0.01,18.67,35.59,88.89,2.29,1.63
2021-02-27,2.95,18.12,48.06,88.95,2.03,6.13
2021-02-28,0.0,17.42,39.12,89.13,1.97,1.83
2021-03-01,0.0,15.99,27.51,89.34,1.97,-4.83
2021-03-02,0.0,16.68,28.22,89.25,1.79,-3.36
2021-03-03,0.0,18.66,25.77,89.2,1.9,-2.58
2021-03-04,0.0,17.89,25.53,89.29,2.23,-3.63
2021-03-05,0.0,17.7,26.37,89.08,2.65,-3.2
2021-03-06,0.0,18.62,25.6,89.11,1.77,-2.74
2021-03-07,0.35,18.9,30.11,89.29,1.26,-0.01
2021-03-08,1.75,18.79,37.76,89.43,1.36,2.94
2021-03-09,0.0,19.85,33.17,89.43,1.62,1.7
2021-03-10,0.0,19.94,33.76,89.4,1.75,2.41
2021-03-11,0.0,20.0,34.75,89.5,1.61,2.67
2021-03-12,0.0,19.23,31.66,89.75,1.77,0.75
2021-03-13,0.0,20.13,35.85,89.57,1.61,3.91
2021-03-14,0.0,19.37,31.35,89.33,1.91,0.61
2021-03-15,0.0,19.53,29.5,89.25,2.12,0.19
2021-03-16,0.0,19.77,31.53,89.26,2.24,1.39
2021-03-17,0.0,20.8,27.51,89.18,2.33,0.44
2021-03-18,0.0,20.6,27.73,89.26,2.04,0.17
2021-03-19,0.0,20.47,26.96,89.24,1.09,0.21
2021-03-20,0.0,20.89,29.37,88.99,2.01,1.42
2021-03-21,0.0,21.18,30.05,89.05,1.79,2.09
2021-03-22,0.87,21.52,30.41,89.4,1.71,2.25
2021-03-23,0.03,21.32,30.71,89.5,1.13,2.63
2021-03-24,0.0,20.05,30.16,89.45,1.9,1.11
2021-03-25,0.01,18.91,28.58,89.22,2.34,-1.04
2021-03-26,0.0,20.54,26.75,89.12,1.67,-0.38
2021-03-27,0.0,22.25,26.77,89.1,1.78,1.39
2021-03-28,0.0,22.54,31.57,88.98,1.75,4.24
2021-03-29,0.0,23.22,30.3,88.87,2.14,3.67
2021-03-30,0.0,23.61,22.0,88.4,2.08,-0.93
2021-03-31,0.0,22.24,16.17,88.26,3.6,-7.57
2021-04-01,0.0,20.18,10.64,88.32,3.44,-12.23
2021-04-02,0.0,19.87,10.14,88.75,2.36,-12.61
2021-04-03,0.0,19.9,9.47,89.01,2.24,-13.65
2021-04-04,0.0,21.92,10.98,89.06,2.01,-10.45
2021-04-05,0.0,24.35,14.76,89.16,1.97,-4.44
2021-04-06,0.04,24.63,16.47,89.17,1.41,-3.3
2021-04-07,0.49,24.3,21.7,89.21,1.84,0.21
2021-04-08,0.0,23.19,18.95,89.1,2.02,-2.97
2021-04-09,0.0,22.86,13.53,89.13,1.88,-7.75
2021-04-10,0.0,23.07,13.71,89.28,2.05,-6.86
2021-04-11,0.0,24.06,14.12,89.3,2.29,-5.76
2021-04-12,0.0,24.75,21.71,89.33,2.66,1.0
2021-04-13,0.0,24.98,22.09,89.13,2.53,0.17
2021-04-14,0.0,26.24,23.57,89.07,2.32,2.54
2021-04-15,0.0,26.15,24.51,89.01,2.66,3.31
2021-04-16,0.01,26.24,20.69,89.0,2.14,1.02
2021-04-17,4.12,23.19,37.19,89.26,2.35,7.07
2021-04-18,2.58,22.61,36.36,89.28,2.21,5.75
2021-04-19,0.11,22.78,30.29,88.93,3.04,2.18
2021-04-20,0.77,22.38,29.7,88.94,2.13,1.54
2021-04-21,14.26,21.11,54.74,89.13,2.69,11.02
2021-04-22,9.01,19.96,56.51,89.29,1.44,9.84
2021-04-23,7.04,20.38,46.65,89.21,1.42,7.23
2021-04-24,0.85,21.7,39.78,89.09,1.54,5.92
2021-04-25,0.12,23.32,33.67,89.1,1.62,4.38
2021-04-26,0.0,24.84,27.23,89.05,2.1,2.96
2021-04-27,0.0,26.02,29.82,89.03,1.99,5.52
2021-04-28,0.0,27.08,31.18,89.14,1.98,7.17
2021-04-29,1.47,26.58,32.99,89.14,2.05,7.79
2021-04-30,3.64,25.5,38.52,89.12,1.73,8.91
2021-05-01,0.64,26.16,34.9,89.1,1.73,8.5
2021-05-02,3.85,24.71,41.14,89.19,1.4,10.03
2021-05-03,0.14,25.69,37.58,88.97,1.51,9.57
2021-05-04,2.77,25.22,40.81,88.88,1.52,9.89
2021-05-05,1.87,24.66,45.21,89.02,1.39,11.12
2021-05-06,4.07,24.35,44.61,89.12,1.41,10.89
2021-05-07,0.39,24.47,44.13,89.27,1.55,10.69
2021-05-08,3.85,23.94,46.0,89.15,1.25,10.98
2021-05-09,0.6,24.18,47.62,88.97,1.64,11.49
2021-05-10,1.41,23.62,50.22,88.88,1.34,12.4
2021-05-11,1.1,24.11,47.95,88.8,1.45,11.66
2021-05-12,4.59,24.72,46.48,88.63,1.46,11.58
2021-05-13,10.17,21.26,66.59,88.76,1.32,14.26
2021-05-14,0.09,23.11,54.2,88.73,1.59,12.33
2021-05-15,0.0,24.94,41.83,88.88,1.97,9.94
2021-05-16,0.0,25.96,35.81,89.0,1.71,7.87
2021-05-17,0.0,26.74,32.48,89.02,1.82,7.12
2021-05-18,1.31,24.4,43.75,88.99,1.35,10.74
2021-05-19,33.55,21.44,66.37,88.81,1.7,14.46
2021-05-20,97.95,19.6,87.99,88.52,1.56,17.5
2021-05-21,0.0,22.53,62.14,88.83,1.26,13.75
2021-05-22,0.1,24.03,48.52,88.81,1.64,11.55
2021-05-23,0.23,24.13,47.99,88.85,1.64,11.51
2021-05-24,0.49,24.16,48.12,88.76,1.83,11.69
2021-05-25,0.13,26.12,39.75,88.57,1.13,10.44
2021-05-26,0.05,26.66,32.92,88.44,1.5,7.81
2021-05-27,0.0,26.68,34.95,88.48,1.4,8.89
2021-05-28,0.13,25.94,43.36,88.69,1.26,11.55
2021-05-29,6.72,24.57,69.48,88.87,1.66,18.2
2021-05-30,2.7,25.14,66.47,88.76,1.46,17.78
2021-05-31,10.69,25.8,58.79,88.52,1.63,16.56
2021-06-01,3.94,25.34,50.02,88.74,1.4,13.52
2021-06-02,0.24,24.55,50.04,88.84,1.51,12.59
2021-06-03,0.1,26.08,47.07,88.94,1.43,13.12
2021-06-04,0.48,26.65,48.36,88.94,1.77,13.96
2021-06-05,0.64,27.21,51.04,88.83,1.86,15.4
2021-06-06,0.56,26.98,52.59,88.73,2.02,15.56
2021-06-07,0.96,25.89,58.54,88.49,1.64,16.82
2021-06-08,0.01,28.53,55.49,88.26,2.33,17.89
2021-06-09,0.61,29.63,51.14,88.26,1.49,17.7
2021-06-10,13.46,24.61,77.78,88.3,1.63,20.32
2021-06-11,10.49,24.86,78.01,88.2,1.19,20.49
2021-06-12,16.98,23.98,83.92,88.36,1.37,20.88
2021-06-13,2.81,25.14,73.13,88.38,1.49,19.6
2021-06-14,4.17,25.49,70.72,88.22,1.38,19.09
2021-06-15,5.08,25.96,64.9,88.0,1.7,18.22
2021-06-16,13.49,25.53,69.3,88.26,1.34,18.92
2021-06-17,4.67,25.68,70.46,88.41,1.35,19.42
2021-06-18,57.98,23.76,80.07,88.51,0.83,19.94
2021-06-19,66.01,23.34,79.22,88.43,0.86,19.32
2021-06-20,8.82,23.63,79.75,88.47,0.96,19.66
2021-06-21,0.11,24.94,68.87,88.53,1.4,18.27
2021-06-22,0.0,25.9,61.02,88.57,1.45,17.39
2021-06-23,0.03,26.76,57.93,88.68,1.28,17.5
2021-06-24,0.21,25.55,58.33,88.6,1.27,16.18
2021-06-25,1.29,25.83,56.72,88.51,1.45,15.89
2021-06-26,1.33,25.43,60.34,88.65,1.32,16.71
2021-06-27,0.05,25.6,66.22,88.87,1.38,18.44
2021-06-28,0.01,26.24,67.23,88.75,1.51,19.33
2021-06-29,0.0,26.74,58.21,88.41,2.13,17.32
2021-06-30,0.0,27.76,54.03,88.18,2.44,16.87
2021-07-01,0.01,28.65,53.03,88.13,1.9,17.53
2021-07-02,0.55,28.29,54.11,88.27,1.4,17.54
2021-07-03,0.86,27.43,56.66,88.46,1.83,17.42
2021-07-04,0.56,26.39,61.59,88.65,1.32,18.11
2021-07-05,0.09,27.33,61.69,88.68,1.29,18.72
2021-07-06,0.0,27.88,59.32,88.49,1.83,18.76
2021-07-07,0.0,28.44,56.75,88.39,2.1,18.33
2021-07-08,0.14,28.92,59.15,88.49,1.32,19.59
2021-07-09,2.0,25.94,74.34,88.54,1.14,20.74
2021-07-10,3.12,26.3,71.39,88.52,1.19,20.25
2021-07-11,6.76,24.52,83.78,88.71,2.31,21.46
2021-07-12,4.66,24.94,77.63,88.85,1.58,20.42
2021-07-13,10.02,23.68,86.66,88.77,1.81,21.23
2021-07-14,3.85,25.45,76.57,88.72,1.34,20.68
2021-07-15,1.25,25.55,77.28,88.79,1.44,20.85
2021-07-16,0.59,25.67,78.78,88.85,1.55,21.45
2021-07-17,7.89,26.31,77.63,88.51,1.94,21.75
2021-07-18,36.98,24.63,88.94,88.33,1.62,22.54
2021-07-19,44.64,22.66,92.55,88.29,1.67,21.36
2021-07-20,40.93,22.98,92.02,88.29,1.55,21.56
2021-07-21,24.5,23.5,87.93,88.18,0.92,21.26
2021-07-22,35.41,24.84,84.31,88.13,1.08,21.76
2021-07-23,13.34,24.82,84.63,88.28,1.03,21.86
2021-07-24,0.21,25.61,82.56,88.36,1.16,22.21
2021-07-25,3.93,25.71,85.1,88.27,1.52,22.87
2021-07-26,3.77,24.95,88.26,88.07,1.45,22.71
2021-07-27,5.7,24.69,89.33,87.88,2.09,22.68
2021-07-28,26.07,24.02,90.41,88.06,0.91,22.24
2021-07-29,20.5,24.38,86.66,88.12,0.91,21.83
2021-07-30,6.83,24.59,85.65,88.28,1.23,21.83
2021-07-31,0.61,24.58,82.87,88.35,1.35,21.23
2021-08-01,1.85,24.66,86.22,88.21,1.49,22.03
2021-08-02,3.06,24.97,86.63,88.34,1.22,22.4
2021-08-03,4.44,25.26,85.1,88.41,1.21,22.33
2021-08-04,1.07,24.64,86.78,88.48,1.41,22.14
2021-08-05,1.2,24.29,86.58,88.43,1.14,21.75
2021-08-06,0.37,25.02,79.88,88.44,1.24,21.09
2021-08-07,2.55,23.88,86.73,88.58,1.03,21.49
2021-08-08,7.98,24.58,82.61,88.71,1.18,21.25
2021-08-09,16.63,24.64,87.47,88.67,1.01,22.25
2021-08-10,12.8,24.48,88.3,88.49,1.66,22.23
2021-08-11,0.96,24.17,87.25,88.48,1.94,21.72
2021-08-12,12.67,24.06,85.75,88.63,1.63,21.34
2021-08-13,11.02,24.06,87.21,88.49,1.85,21.64
2021-08-14,2.63,23.97,87.05,88.33,2.11,21.47
2021-08-15,3.6,24.17,84.46,88.46,1.74,21.14
2021-08-16,5.39,24.23,82.49,88.73,1.28,20.81
2021-08-17,0.07,25.07,79.12,88.71,1.28,20.95
2021-08-18,0.82,24.77,80.67,88.58,1.07,20.99
2021-08-19,8.66,24.31,85.21,88.6,1.0,21.42
2021-08-20,53.39,23.2,91.07,88.77,0.94,21.6
2021-08-21,10.21,22.79,88.02,88.94,1.63,20.65
2021-08-22,1.04,23.32,89.27,88.85,1.28,21.35
2021-08-23,1.84,23.56,90.27,88.6,1.91,21.75
2021-08-24,2.53,23.15,91.64,88.51,1.21,21.61
2021-08-25,3.67,23.1,90.25,88.26,2.13,21.29
2021-08-26,0.82,23.21,85.31,88.22,1.94,20.39
2021-08-27,24.27,23.63,90.25,88.44,1.77,21.81
2021-08-28,16.22,23.2,90.18,88.54,1.8,21.38
2021-08-29,9.03,22.66,91.63,88.66,1.56,21.12
2021-08-30,6.86,22.65,87.95,88.95,1.17,20.37
2021-08-31,1.09,22.73,85.68,89.08,1.21,20.08
2021-09-01,4.93,22.85,86.23,89.06,1.16,20.32
2021-09-02,3.84,23.72,83.12,88.85,0.88,20.45
2021-09-03,1.53,22.66,85.1,88.73,1.06,19.86
2021-09-04,1.27,22.7,86.77,88.65,0.96,20.26
2021-09-05,6.45,23.28,84.53,88.66,1.01,20.33
2021-09-06,2.99,23.94,83.46,88.82,1.12,20.7
2021-09-07,10.31,23.22,86.88,89.01,1.34,20.77
2021-09-08,3.08,22.54,85.97,88.9,1.63,19.94
2021-09-09,19.37,23.06,86.57,88.78,1.04,20.54
2021-09-10,9.07,22.88,88.13,88.82,1.4,20.63
2021-09-11,4.09,23.09,82.96,88.84,1.15,19.85
2021-09-12,2.5,23.14,78.41,88.62,0.98,18.89
2021-09-13,12.39,23.72,73.36,88.65,1.12,18.28
2021-09-14,0.64,23.59,76.68,88.81,1.04,18.82
2021-09-15,1.19,23.4,83.49,88.91,1.25,20.11
2021-09-16,2.71,22.58,86.61,88.76,1.21,20.05
2021-09-17,0.86,23.04,81.66,88.63,1.09,19.41
2021-09-18,0.0,23.18,85.82,88.86,1.04,20.43
2021-09-19,0.21,23.4,88.53,89.06,1.1,21.25
2021-09-20,0.38,23.93,87.12,88.97,1.31,21.46
2021-09-21,4.41,22.94,90.77,88.86,1.66,21.24
2021-09-22,5.17,21.78,90.64,88.85,1.01,20.08
2021-09-23,4.72,21.93,83.88,89.0,0.92,18.89
2021-09-24,2.92,22.79,79.6,89.04,0.96,18.85
2021-09-25,2.34,22.92,85.08,88.92,1.12,20.05
2021-09-26,0.44,22.34,86.89,88.93,1.13,19.85
2021-09-27,0.0,23.16,81.92,88.97,1.12,19.56
2021-09-28,0.48,22.39,85.28,89.1,1.11,19.62
2021-09-29,2.43,22.19,78.45,89.13,1.05,17.97
2021-09-30,14.96,22.04,80.81,89.23,1.1,18.4
2021-10-01,4.03,22.03,87.8,89.13,1.38,19.76
2021-10-02,0.04,22.39,89.65,89.0,1.42,20.5
2021-10-03,0.14,22.15,89.8,88.8,1.92,20.34
2021-10-04,0.73,22.4,83.38,88.87,1.3,19.01
2021-10-05,0.39,22.1,74.08,89.11,1.08,16.77
2021-10-06,0.0,21.36,78.5,89.01,1.17,17.02
2021-10-07,0.0,21.47,85.01,88.85,1.27,18.58
2021-10-08,0.0,21.35,85.0,88.76,1.13,18.45
2021-10-09,0.0,21.46,77.28,88.83,1.17,16.77
2021-10-10,0.0,21.86,58.99,88.96,1.13,12.87
2021-10-11,0.0,21.56,58.46,88.94,1.17,12.44
2021-10-12,0.0,22.28,52.4,88.93,1.04,11.36
2021-10-13,0.0,22.56,56.46,88.93,1.1,12.99
2021-10-14,0.0,23.28,56.65,88.94,1.23,13.62
2021-10-15,0.0,23.79,50.38,88.84,1.14,11.93
2021-10-16,0.0,22.85,48.98,88.95,1.13,10.88
2021-10-17,7.43,22.56,63.54,89.07,0.97,14.72
2021-10-18,200.54,19.23,88.06,88.89,1.01,17.1
2021-10-19,68.65,20.12,94.78,88.91,1.82,19.17
2021-10-20,18.42,19.97,87.27,89.17,0.97,17.6
2021-10-21,0.01,18.86,79.79,89.12,1.08,14.98
2021-10-22,0.0,18.4,67.01,89.22,1.18,11.75
2021-10-23,0.0,18.3,67.06,89.47,1.02,11.65
2021-10-24,0.57,18.02,76.36,89.56,0.93,13.55
2021-10-25,0.01,17.02,76.91,89.44,1.02,12.49
2021-10-26,0.0,16.83,64.78,89.35,1.09,9.51
2021-10-27,0.0,16.83,63.61,89.5,1.03,9.3
2021-10-28,0.0,16.94,65.03,89.56,1.12,9.9
2021-10-29,0.0,17.18,69.46,89.72,1.1,11.04
2021-10-30,0.0,16.37,68.62,89.58,1.28,10.14
2021-10-31,0.0,16.4,62.31,89.4,1.15,8.76
2021-11-01,0.0,16.02,58.47,89.47,1.12,7.55
2021-11-02,0.0,15.19,57.53,89.63,1.15,6.32
2021-11-03,0.0,14.84,59.89,89.56,1.5,6.53
2021-11-04,0.0,14.41,60.08,89.44,1.15,6.16
2021-11-05,0.0,14.51,64.45,89.38,1.28,7.43
2021-11-06,0.0,15.36,64.02,89.2,1.24,8.01
2021-11-07,0.0,15.59,58.18,89.21,1.25,6.88
2021-11-08,0.0,15.57,53.32,89.35,1.16,5.41
2021-11-09,0.0,16.17,54.89,89.4,1.1,6.47
2021-11-10,0.0,16.26,57.36,89.41,1.0,7.39
2021-11-11,0.0,15.96,57.94,89.35,0.95,7.21
2021-11-12,0.0,15.32,56.72,89.39,1.05,6.19
2021-11-13,0.0,15.08,58.99,89.31,1.15,6.61
2021-11-14,0.0,14.94,56.77,89.26,1.07,5.9
2021-11-15,0.0,14.22,52.01,89.15,1.13,3.77
2021-11-16,0.0,14.39,50.2,89.23,1.13,3.42
2021-11-17,0.0,14.84,50.76,89.49,0.86,4.24
2021-11-18,0.0,15.94,51.38,89.35,1.08,5.28
2021-11-19,0.0,17.06,47.38,89.18,1.12,5.03
2021-11-20,0.0,16.87,53.48,89.2,1.01,6.59
2021-11-21,0.0,15.79,56.81,89.28,1.34,6.57
2021-11-22,0.0,14.69,54.17,89.13,1.4,4.51
2021-11-23,0.0,14.47,49.16,89.1,1.01,3.22
2021-11-24,0.0,13.66,55.91,89.37,1.14,4.46
2021-11-25,0.0,13.34,59.3,89.41,1.23,4.93
2021-11-26,0.0,13.06,57.9,89.39,1.15,4.3
2021-11-27,0.0,13.22,54.96,89.55,1.06,3.93
2021-11-28,0.0,13.21,55.63,89.67,1.11,3.91
2021-11-29,0.0,13.73,55.97,89.61,1.27,4.41
2021-11-30,0.0,14.42,49.13,89.54,1.1,3.04
2021-12-01,0.0,14.48,46.78,89.61,0.66,2.87
2021-12-02,0.79,15.78,49.03,89.64,0.86,4.41
2021-12-03,2.92,14.57,75.87,89.74,1.01,9.95
2021-12-04,0.0,15.5,65.58,89.57,1.12,8.49
2021-12-05,0.01,15.15,68.8,89.66,1.32,9.12
2021-12-06,1.48,13.02,76.93,89.55,0.87,8.86
2021-12-07,0.0,12.3,60.64,89.53,1.2,4.0
2021-12-08,0.0,13.95,48.74,89.62,1.13,2.65
2021-12-09,0.0,12.54,57.59,89.83,1.07,3.9
2021-12-10,0.0,11.55,60.6,89.7,1.3,3.38
2021-12-11,0.0,11.4,49.43,89.6,1.25,0.33
2021-12-12,0.0,11.47,59.47,89.75,1.09,3.26
2021-12-13,0.0,9.92,67.88,89.66,0.85,3.91
2021-12-14,0.0,10.49,56.94,89.58,1.19,1.72
2021-12-15,0.0,10.82,49.69,89.57,1.16,0.22
2021-12-16,0.0,10.08,49.75,89.63,1.11,-0.98
2021-12-17,0.0,9.11,53.22,89.63,1.11,-0.37
2021-12-18,0.0,8.48,56.71,89.53,1.0,-0.14
2021-12-19,0.0,8.9,45.12,89.46,1.31,-3.55
2021-12-20,0.0,10.52,37.24,89.44,1.16,-4.43
2021-12-21,0.0,10.41,43.32,89.41,1.18,-2.36
2021-12-22,0.0,10.41,47.1,89.26,1.2,-1.01
2021-12-23,0.0,11.21,47.25,89.28,1.1,-0.13
2021-12-24,0.0,11.39,51.96,89.32,1.23,1.39
2021-12-25,0.0,10.61,54.54,89.41,1.22,1.15
2021-12-26,0.02,10.27,54.04,89.68,0.72,1.08
2021-12-27,0.01,9.92,67.03,89.71,1.16,3.63
2021-12-28,2.07,9.53,72.25,89.63,0.92,4.39
2021-12-29,0.28,8.77,75.64,89.59,1.19,4.29
2021-12-30,0.0,9.04,61.46,89.94,1.11,1.23
2021-12-31,0.0,9.55,54.49,89.92,1.16,0.02
2022-01-01,0.0,10.32,47.71,89.84,1.19,-0.86
2022-01-02,0.0,11.29,46.84,89.72,1.24,-0.33
2022-01-03,0.0,11.74,49.85,89.56,1.32,0.98
2022-01-04,0.1,12.65,50.96,89.56,1.41,1.96
2022-01-05,14.33,10.36,82.82,89.63,1.15,7.4
2022-01-06,3.06,10.33,81.04,89.57,1.38,6.84
2022-01-07,0.09,10.63,82.55,89.64,1.43,7.47
2022-01-08,31.22,9.97,83.81,89.57,1.6,7.22
2022-01-09,7.28,8.44,85.67,89.42,1.91,6.02
2022-01-10,19.76,8.58,84.29,89.48,0.97,5.98
2022-01-11,1.56,10.04,77.73,89.47,1.09,6.07
2022-01-12,1.2,9.06,80.76,89.36,0.96,5.6
2022-01-13,0.0,9.3,72.75,89.43,1.12,4.06
2022-01-14,0.0,8.75,70.96,89.47,1.08,2.81
2022-01-15,0.0,8.57,55.37,89.52,1.35,-0.87
2022-01-16,0.0,9.61,56.21,89.62,1.17,0.43
2022-01-17,0.0,10.32,61.94,89.72,1.04,2.91
2022-01-18,0.0,10.69,66.66,89.49,1.42,4.03
2022-01-19,0.13,8.7,74.77,89.28,1.05,4.08
2022-01-20,1.72,9.28,79.15,88.96,1.02,5.62
2022-01-21,0.85,9.25,77.27,89.06,1.14,5.12
2022-01-22,3.39,7.22,82.08,88.85,2.0,4.17
2022-01-23,13.15,7.88,87.89,88.88,1.84,5.76
2022-01-24,5.3,7.65,90.87,89.09,0.93,6.14
2022-01-25,1.86,7.95,82.79,89.13,1.13,4.89
2022-01-26,1.07,7.69,82.54,89.16,1.04,4.54
2022-01-27,0.0,7.57,81.04,89.23,1.45,3.98
2022-01-28,0.0,7.9,65.45,89.23,1.37,1.24
2022-01-29,0.0,9.0,65.82,89.34,1.45,2.31
2022-01-30,0.0,10.65,61.85,89.02,1.65,2.82
2022-01-31,0.0,10.84,61.13,89.09,1.53,2.97
2022-02-01,0.0,9.02,68.63,88.9,1.98,2.93
2022-02-02,0.09,10.3,62.81,89.0,1.34,2.86
2022-02-03,27.5,8.49,79.82,88.81,3.18,4.82
2022-02-04,7.94,6.24,86.97,88.7,1.43,4.01
2022-02-05,0.05,6.67,79.15,89.0,1.4,2.74
2022-02-06,0.1,8.9,73.87,89.35,1.39,3.9
2022-02-07,0.0,10.3,72.38,89.4,1.61,5.11
2022-02-08,0.48,11.23,69.68,89.29,1.47,5.48
2022-02-09,9.88,8.86,82.94,89.39,1.56,5.89
2022-02-10,0.0,8.64,73.89,89.39,1.65,3.55
2022-02-11,0.03,9.22,63.74,89.19,1.5,1.79
2022-02-12,0.0,11.36,53.91,89.18,1.54,1.54
2022-02-13,0.0,11.47,57.79,89.23,1.32,2.94
2022-02-14,0.0,11.47,63.04,89.26,1.35,4.3
2022-02-15,0.0,11.82,67.7,89.27,1.27,5.57
2022-02-16,0.0,11.38,67.25,89.06,1.82,4.82
2022-02-17,0.0,11.77,65.67,89.03,1.53,4.71
2022-02-18,0.0,11.73,54.5,89.15,1.83,1.86
2022-02-19,0.0,11.07,56.41,89.19,1.85,1.78
2022-02-20,0.0,10.6,62.91,88.62,2.19,3.22
2022-02-21,0.0,11.24,56.94,88.75,1.35,2.15
2022-02-22,0.03,12.91,56.14,89.31,1.6,3.51
2022-02-23,0.88,13.44,66.97,89.59,1.97,6.93
2022-02-24,0.82,13.34,63.95,89.6,1.29,6.21
2022-02-25,0.02,12.57,62.16,89.63,1.09,4.65
2022-02-26,6.24,10.49,72.12,89.75,2.13,5.36
2022-02-27,0.09,12.48,63.86,89.65,1.31,4.95
2022-02-28,0.0,13.55,51.23,89.45,1.48,2.44
2022-03-01,0.0,15.21,49.37,89.58,1.37,4.06
2022-03-02,0.0,14.88,52.75,89.59,1.4,4.74
2022-03-03,0.07,15.01,51.49,89.57,1.65,3.86
2022-03-04,0.1,14.39,61.94,89.52,1.72,6.32
2022-03-05,0.0,15.63,57.22,89.29,1.62,5.93
2022-03-06,0.0,16.65,56.36,89.38,1.11,7.53
2022-03-07,0.0,16.78,56.12,89.55,1.26,7.61
2022-03-08,0.0,17.34,49.54,89.43,1.36,5.51
2022-03-09,0.0,17.96,44.83,89.3,1.52,4.63
2022-03-10,0.0,18.22,47.49,89.26,1.69,6.05
2022-03-11,0.0,18.05,53.47,89.22,1.61,7.54
2022-03-12,0.0,18.58,54.3,89.11,1.51,8.34
2022-03-13,0.0,19.54,56.05,89.18,1.41,9.74
2022-03-14,0.0,20.12,56.96,89.18,1.3,10.65
2022-03-15,0.0,21.36,55.96,88.99,1.52,11.56
2022-03-16,0.01,21.71,55.85,88.74,1.43,11.49
2022-03-17,0.11,22.2,57.46,89.0,1.64,12.86
2022-03-18,0.0,23.06,58.3,89.13,1.32,13.8
2022-03-19,0.0,23.59,51.72,88.96,1.44,12.37
2022-03-20,0.0,23.11,47.85,88.84,1.78,10.64
2022-03-21,0.0,21.92,44.78,88.94,1.85,8.13
2022-03-22,0.0,22.05,39.81,88.9,1.78,6.51
2022-03-23,0.0,21.63,38.92,88.98,1.52,5.97
2022-03-24,0.0,21.2,40.66,88.87,1.76,5.99
2022-03-25,0.0,20.77,41.31,88.86,2.22,6.1
2022-03-26,0.0,20.83,36.38,88.92,2.41,4.27
2022-03-27,0.0,22.23,31.71,89.02,1.89,3.12
2022-03-28,0.0,22.59,31.4,89.05,2.07,3.25
2022-03-29,0.0,23.43,28.59,88.87,2.1,2.11
2022-03-30,0.0,23.89,25.74,88.99,1.93,1.3
2022-03-31,0.0,23.63,28.57,89.04,2.15,2.41
2022-04-01,0.0,24.2,29.77,88.96,1.65,3.82
2022-04-02,0.0,24.54,29.14,89.19,1.83,4.11
2022-04-03,0.0,23.81,27.85,89.18,1.98,1.92
2022-04-04,0.0,24.27,24.76,89.05,2.09,0.89
2022-04-05,0.0,24.25,26.21,89.28,1.99,1.72
2022-04-06,0.0,24.35,25.52,89.3,2.03,1.39
2022-04-07,0.0,24.72,26.56,89.27,1.73,2.63
2022-04-08,0.0,25.19,29.28,89.05,1.9,4.55
2022-04-09,0.0,25.85,26.89,88.93,2.28,3.83
2022-04-10,0.0,26.2,26.53,88.84,2.05,3.72
2022-04-11,0.0,26.4,26.96,88.83,1.85,4.26
2022-04-12,0.0,26.88,27.65,88.88,1.88,4.85
2022-04-13,0.14,26.19,28.09,88.83,1.78,4.88
2022-04-14,0.83,24.42,31.7,88.7,1.93,4.95
2022-04-15,0.03,23.02,29.81,88.7,2.05,2.29
2022-04-16,0.1,23.48,30.1,88.68,2.08,3.64
2022-04-17,0.0,24.08,28.8,88.76,1.83,3.13
2022-04-18,0.0,26.01,24.45,88.95,2.12,1.74
2022-04-19,0.0,26.67,23.73,89.07,2.35,2.87
2022-04-20,0.0,27.12,25.83,88.9,2.5,4.35
2022-04-21,0.0,24.62,37.09,89.08,2.26,7.96
2022-04-22,0.0,24.83,34.19,89.11,2.18,6.84
2022-04-23,0.0,24.55,28.12,89.05,2.45,3.06
2022-04-24,0.0,24.71,24.2,88.84,2.49,1.14
2022-04-25,0.0,25.7,25.63,88.78,2.64,3.08
2022-04-26,0.0,26.35,26.51,88.88,2.49,4.43
2022-04-27,0.0,27.05,22.8,88.83,2.09,2.99
2022-04-28,0.0,28.57,19.82,88.94,1.81,1.93
2022-04-29,0.02,28.75,21.21,88.83,2.42,3.11
2022-04-30,0.26,29.21,23.1,88.67,1.93,4.83
2022-05-01,0.42,27.46,26.6,88.7,1.72,5.61
2022-05-02,0.0,26.42,31.4,88.7,1.64,7.46
2022-05-03,0.0,26.69,37.2,88.84,1.75,10.48
2022-05-04,0.9,27.01,37.31,89.03,1.68,10.4
2022-05-05,3.28,25.03,42.45,88.93,2.06,10.52
2022-05-06,0.4,25.54,41.31,88.9,2.06,10.42
2022-05-07,0.08,26.62,34.51,88.93,1.91,8.75
2022-05-08,3.43,26.14,37.59,88.82,1.41,9.73
2022-05-09,0.83,25.82,47.16,88.83,1.42,13.0
2022-05-10,1.38,26.0,51.8,88.82,1.46,14.61
2022-05-11,1.09,26.48,54.01,88.68,1.38,15.64
2022-05-12,1.69,27.64,47.93,88.56,1.73,14.9
2022-05-13,0.75,29.19,31.79,88.31,1.93,9.77
2022-05-14,0.03,30.62,20.46,88.31,2.21,2.71
2022-05-15,0.0,30.28,17.06,88.51,1.97,1.2
2022-05-16,0.16,29.96,21.03,88.55,2.03,4.19
2022-05-17,1.77,28.28,27.44,88.52,1.47,6.52
2022-05-18,0.54,27.99,29.98,88.67,1.85,7.88
2022-05-19,0.53,28.67,29.9,88.62,2.09,8.22
2022-05-20,1.06,29.67,25.73,88.43,2.29,6.69
2022-05-21,1.98,28.82,26.67,88.24,2.19,6.55
2022-05-22,16.81,26.25,39.3,88.13,1.81,9.96
2022-05-23,5.24,24.14,47.84,88.42,1.48,11.37
2022-05-24,11.25,22.55,52.22,88.82,1.48,11.81
2022-05-25,0.06,23.89,49.24,88.81,1.46,11.58
2022-05-26,0.04,25.0,48.72,88.62,1.6,12.49
2022-05-27,0.09,25.72,52.23,88.45,1.65,14.52
2022-05-28,3.6,27.49,46.85,88.35,1.83,14.59
2022-05-29,1.45,27.44,46.23,88.45,1.49,14.13
2022-05-30,0.0,27.37,39.39,88.54,1.79,10.91
2022-05-31,0.0,27.18,33.19,88.5,1.62,7.93
2022-06-01,0.01,28.44,32.74,88.53,2.12,8.74
2022-06-02,0.0,28.49,27.5,88.49,2.11,5.97
2022-06-03,0.0,28.74,24.26,88.4,2.46,4.11
2022-06-04,0.0,29.11,22.59,88.47,2.66,3.5
2022-06-05,0.0,29.33,23.1,88.53,2.36,4.24
2022-06-06,0.0,30.73,24.03,88.46,2.0,6.68
2022-06-07,0.0,30.37,24.49,88.41,1.93,6.37
2022-06-08,0.0,30.24,25.98,88.35,2.46,7.35
2022-06-09,0.0,31.11,26.28,88.32,2.18,8.52
2022-06-10,0.62,31.37,28.7,88.35,2.24,10.01
2022-06-11,1.36,31.06,30.73,88.35,2.18,10.22
2022-06-12,0.18,31.15,29.96,88.46,2.34,10.06
2022-06-13,0.31,31.53,27.52,88.55,2.6,9.6
2022-06-14,0.0,31.43,29.6,88.45,2.57,10.79
2022-06-15,0.81,31.05,37.83,88.37,2.6,14.49
2022-06-16,5.89,29.76,45.55,88.45,1.99,15.85
2022-06-17,2.33,26.59,58.28,88.43,2.04,17.16
2022-06-18,4.18,27.09,54.86,88.52,2.2,16.03
2022-06-19,3.31,25.8,59.38,88.49,1.98,16.27
2022-06-20,5.94,25.41,56.95,88.39,1.14,15.41
2022-06-21,2.1,26.0,53.2,88.4,1.55,14.88
2022-06-22,0.0,27.62,44.81,88.73,1.55,13.56
2022-06-23,0.25,28.76,42.88,88.74,1.62,14.0
2022-06-24,1.42,29.19,43.87,88.54,1.65,14.58
2022-06-25,0.07,29.78,41.51,88.42,1.52,14.47
2022-06-26,2.0,28.08,59.41,88.59,1.73,19.02
2022-06-27,5.26,26.57,71.33,88.66,1.69,20.62
2022-06-28,1.62,28.06,63.97,88.35,1.59,20.07
2022-06-29,5.72,28.03,66.34,88.11,1.86,20.46
2022-06-30,39.29,23.64,84.84,88.31,2.51,20.8
2022-07-01,0.97,25.95,68.91,88.36,1.73,19.34
2022-07-02,8.66,26.37,72.12,88.27,1.77,20.4
2022-07-03,5.72,26.24,75.8,88.39,1.31,21.3
2022-07-04,0.69,27.85,69.2,88.33,1.4,21.18
2022-07-05,5.07,26.04,76.65,88.39,1.28,21.42
2022-07-06,6.41,27.42,70.96,88.68,1.48,21.31
2022-07-07,0.73,28.11,66.53,88.77,1.22,20.77
2022-07-08,1.41,27.62,68.75,88.54,1.08,21.16
2022-07-09,22.83,24.16,80.73,88.43,1.99,20.61
2022-07-10,4.03,24.87,74.39,88.47,1.74,19.82
2022-07-11,3.34,27.5,65.48,88.51,1.38,20.02
2022-07-12,4.2,26.39,73.07,88.48,1.31,20.94
2022-07-13,1.82,27.18,69.46,88.32,1.4,20.72
2022-07-14,3.12,26.86,68.82,88.4,1.51,20.22
2022-07-15,0.14,26.58,68.5,88.58,1.47,20.05
2022-07-16,0.82,28.03,62.53,88.63,1.76,19.56
2022-07-17,0.45,28.46,63.92,88.76,1.41,20.45
2022-07-18,2.4,28.05,65.48,88.61,1.61,20.68
2022-07-19,3.86,26.98,74.83,88.42,1.84,21.79
2022-07-20,5.86,25.96,79.66,88.37,2.05,21.81
2022-07-21,5.62,25.75,75.37,88.57,1.28,20.64
2022-07-22,3.8,25.88,74.69,88.72,1.47,20.63
2022-07-23,5.43,26.23,75.75,88.66,1.92,21.04
2022-07-24,4.6,25.78,73.36,88.68,1.84,20.1
2022-07-25,5.75,25.38,72.54,88.85,2.09,19.56
2022-07-26,6.51,25.21,76.45,88.93,1.77,20.35
2022-07-27,7.1,23.96,86.51,88.85,1.8,21.41
2022-07-28,12.99,23.84,86.48,88.9,1.62,21.29
2022-07-29,7.87,24.5,83.64,88.83,1.6,21.24
2022-07-30,11.24,23.51,87.04,88.65,1.28,21.05
2022-07-31,12.93,23.97,87.11,88.43,1.66,21.48
2022-08-01,5.19,24.72,84.06,88.41,1.65,21.55
2022-08-02,2.8,25.4,80.23,88.42,1.51,21.37
2022-08-03,9.95,24.22,87.08,88.64,2.01,21.78
2022-08-04,6.81,24.42,84.36,88.69,1.56,21.39
2022-08-05,7.86,24.61,83.17,88.58,1.45,21.31
2022-08-06,1.54,25.0,81.04,88.38,1.42,21.24
2022-08-07,2.18,23.34,85.18,88.4,1.49,20.56
2022-08-08,0.07,26.5,71.99,88.37,1.31,20.72
2022-08-09,0.61,27.55,68.35,88.41,1.25,20.31
2022-08-10,1.96,25.97,74.23,88.33,1.35,20.69
2022-08-11,10.53,25.44,74.76,88.52,1.63,20.13
2022-08-12,1.11,26.42,70.97,88.48,1.16,20.21
2022-08-13,0.01,26.91,70.96,88.42,1.24,20.74
2022-08-14,13.53,25.33,77.76,88.65,1.66,20.9
2022-08-15,6.92,24.77,74.23,88.77,0.98,19.59
2022-08-16,0.05,25.44,74.7,88.72,2.1,20.28
2022-08-17,0.05,25.39,75.9,88.73,1.45,20.46
2022-08-18,0.02,25.22,78.33,88.5,2.0,20.87
2022-08-19,21.97,24.24,87.49,88.47,2.17,21.9
2022-08-20,17.1,24.3,80.62,88.71,1.02,20.44
2022-08-21,0.16,25.32,69.96,88.5,1.34,19.13
2022-08-22,0.26,25.22,75.36,88.46,1.37,20.26
2022-08-23,3.36,25.48,78.01,88.66,2.05,21.0
2022-08-24,11.48,24.2,82.21,88.94,1.51,20.66
2022-08-25,1.64,25.48,76.51,88.81,1.31,20.78
2022-08-26,0.21,25.67,76.93,88.66,1.5,21.01
2022-08-27,0.04,25.33,80.89,88.51,2.27,21.49
2022-08-28,9.0,24.66,83.8,88.64,1.68,21.48
2022-08-29,2.97,24.56,78.36,89.04,1.23,20.31
2022-08-30,0.8,24.77,77.59,89.03,1.39,20.17
2022-08-31,0.06,25.19,81.35,88.78,1.78,21.41
2022-09-01,3.94,25.21,80.71,88.84,1.42,21.31
2022-09-02,6.12,24.43,80.37,88.96,1.6,20.49
2022-09-03,0.01,23.81,79.91,88.66,2.06,19.79
2022-09-04,0.31,24.58,71.64,88.63,1.42,18.54
2022-09-05,0.63,24.46,67.7,88.8,1.18,17.67
2022-09-06,0.06,25.01,68.16,88.92,1.13,18.24
2022-09-07,0.43,25.32,70.99,89.06,1.29,19.34
2022-09-08,1.02,25.15,71.83,89.13,1.26,19.35
2022-09-09,1.04,25.11,76.58,89.09,1.14,20.34
2022-09-10,7.02,24.04,85.59,88.98,1.22,21.21
2022-09-11,3.23,24.47,77.61,88.83,1.29,19.8
2022-09-12,1.21,24.42,75.46,88.69,1.38,19.51
2022-09-13,2.9,23.73,77.29,88.78,1.17,19.13
2022-09-14,8.4,23.4,78.84,88.81,1.66,19.12
2022-09-15,32.93,22.0,86.18,88.57,1.23,19.45
2022-09-16,42.31,23.18,82.17,88.23,1.38,19.71
2022-09-17,42.66,21.13,91.99,88.48,1.94,19.73
2022-09-18,2.68,22.98,83.01,88.82,0.99,19.72
2022-09-19,0.75,23.53,82.73,88.91,0.94,20.17
2022-09-20,1.27,23.73,84.47,88.93,1.22,20.77
2022-09-21,7.62,23.66,82.76,88.92,0.97,20.4
2022-09-22,4.71,23.44,85.12,88.86,1.34,20.66
2022-09-23,37.28,22.73,89.22,88.81,1.08,20.76
2022-09-24,34.14,22.3,91.54,88.7,1.37,20.75
2022-09-25,72.72,21.49,90.58,88.88,1.83,19.82
2022-09-26,2.37,21.78,87.15,89.03,1.09,19.4
2022-09-27,0.0,21.87,86.41,88.91,1.13,19.23
2022-09-28,0.18,21.96,84.58,88.85,1.05,18.94
2022-09-29,0.0,22.11,81.71,88.86,0.97,18.6
2022-09-30,0.0,21.92,84.13,88.94,1.0,18.85
2022-10-01,5.24,22.15,81.94,88.86,1.13,18.67
2022-10-02,0.56,22.06,77.91,88.84,1.09,17.69
2022-10-03,0.0,23.51,74.09,88.93,1.07,18.35
2022-10-04,0.01,22.83,81.97,89.17,1.16,19.45
2022-10-05,1.12,21.53,88.94,89.15,1.35,19.51
2022-10-06,11.15,19.93,93.43,89.14,1.44,18.79
2022-10-07,14.46,19.75,94.44,89.19,0.76,18.77
2022-10-08,42.24,19.18,93.34,89.27,1.08,18.01
2022-10-09,126.75,17.97,91.67,89.29,1.85,16.55
2022-10-10,18.77,19.09,86.51,89.34,1.56,16.68
2022-10-11,6.9,19.77,88.98,89.17,1.27,17.79
2022-10-12,0.39,19.43,82.97,89.24,0.91,16.17
2022-10-13,0.01,19.44,83.49,89.32,1.04,16.36
2022-10-14,0.0,19.41,83.05,89.3,1.04,16.29
2022-10-15,0.0,19.18,79.07,89.26,1.1,15.24
2022-10-16,0.0,18.88,79.27,89.49,1.22,14.87
2022-10-17,0.0,19.03,82.41,89.45,1.1,15.77
2022-10-18,0.06,18.93,77.35,89.33,0.86,14.68
2022-10-19,0.03,17.76,73.94,89.35,1.15,12.73
2022-10-20,0.1,17.64,73.69,89.5,1.13,12.44
2022-10-21,0.1,17.7,73.06,89.64,1.33,12.46
2022-10-22,0.1,17.18,65.09,89.7,1.02,10.08
2022-10-23,0.0,17.24,68.81,89.61,1.26,11.13
2022-10-24,0.0,17.63,67.77,89.16,1.4,10.94
2022-10-25,0.0,18.28,60.94,89.04,1.22,10.22
2022-10-26,0.0,17.6,69.13,89.39,1.17,11.57
2022-10-27,0.0,17.23,74.14,89.43,1.13,12.25
2022-10-28,0.0,17.28,75.89,89.41,1.09,12.69
2022-10-29,0.0,16.81,78.98,89.47,1.06,12.89
2022-10-30,0.0,17.22,69.95,89.49,1.0,11.31
2022-10-31,0.0,17.62,65.13,89.52,1.16,10.68
2022-11-01,0.0,17.75,69.53,89.57,1.13,11.76
2022-11-02,0.0,17.23,73.32,89.32,1.22,12.14
2022-11-03,0.0,17.51,75.29,89.25,1.06,12.73
2022-11-04,0.0,17.81,76.15,89.47,0.99,13.23
2022-11-05,0.0,17.95,84.13,89.71,0.98,15.04
2022-11-06,0.0,17.92,78.86,89.71,0.95,13.84
2022-11-07,0.0,17.33,75.26,89.61,0.78,12.66
2022-11-08,0.0,16.85,77.05,89.63,1.12,12.5
2022-11-09,0.01,16.55,73.32,89.65,1.07,11.6
2022-11-10,0.33,15.46,72.16,89.65,1.39,10.18
2022-11-11,0.0,14.54,64.32,89.57,1.43,7.19
2022-11-12,0.0,14.8,59.84,89.49,1.33,6.46
2022-11-13,0.0,14.79,56.58,89.42,1.2,5.62
2022-11-14,0.3,15.15,58.35,89.6,1.26,6.64
2022-11-15,0.11,14.39,71.91,89.52,1.52,9.05
2022-11-16,0.0,14.36,74.29,89.37,1.38,9.52
2022-11-17,0.0,14.11,73.06,89.27,1.08,9.0
2022-11-18,0.0,13.9,73.69,89.46,1.08,9.02
2022-11-19,0.0,14.55,70.8,89.55,1.09,8.99
2022-11-20,0.0,15.76,58.29,89.44,1.14,7.07
2022-11-21,0.0,16.04,53.48,89.33,1.18,6.06
2022-11-22,0.0,15.81,52.92,89.32,1.17,5.66
2022-11-23,0.0,14.75,60.59,89.32,1.26,6.8
2022-11-24,0.0,15.07,57.11,89.3,1.05,6.14
2022-11-25,0.0,16.22,56.11,89.52,0.98,7.05
2022-11-26,0.0,16.94,52.67,89.27,1.15,6.8
2022-11-27,0.0,15.54,58.88,89.15,0.96,7.15
2022-11-28,0.0,14.72,60.2,89.26,0.99,6.84
2022-11-29,0.0,15.1,62.65,89.44,0.97,7.67
2022-11-30,0.0,14.81,67.73,89.53,1.06,8.56
2022-12-01,0.0,14.32,66.34,89.4,1.07,7.71
2022-12-02,0.0,14.48,64.86,89.37,0.9,7.69
2022-12-03,0.0,14.92,63.44,89.44,0.99,7.8
2022-12-04,0.0,15.13,63.98,89.45,1.14,7.79
2022-12-05,0.0,13.94,69.65,89.59,1.1,8.13
2022-12-06,0.0,14.04,62.78,89.4,1.1,6.51
2022-12-07,0.0,14.23,55.62,89.29,1.17,4.81
2022-12-08,0.0,13.71,58.5,89.42,1.12,5.19
2022-12-09,0.0,15.17,47.73,89.42,0.99,3.53
2022-12-10,0.0,15.4,48.05,89.49,1.38,3.84
2022-12-11,0.0,14.87,45.18,89.49,1.5,2.0
2022-12-12,0.0,15.46,42.26,89.37,1.38,1.86
2022-12-13,0.01,15.55,39.63,89.41,1.36,0.76
2022-12-14,0.0,15.15,39.78,89.36,1.12,0.53
2022-12-15,0.0,13.07,52.12,89.23,1.23,2.5
2022-12-16,0.0,13.03,49.76,89.21,1.16,2.03
2022-12-17,0.0,13.25,48.85,89.37,1.09,2.01
2022-12-18,0.0,13.24,53.5,89.44,1.04,3.54
2022-12-19,0.0,13.04,55.93,89.33,1.09,3.96
2022-12-20,0.0,13.23,47.88,89.24,1.05,1.62
2022-12-21,0.0,12.6,43.57,89.36,1.15,-0.15
2022-12-22,0.0,11.76,39.25,89.32,1.27,-2.47
2022-12-23,0.0,12.25,41.3,89.3,1.11,-1.29
2022-12-24,0.0,11.82,57.44,89.34,1.13,3.37
2022-12-25,0.0,11.8,63.54,89.38,1.21,4.66
2022-12-26,0.0,11.71,63.84,89.6,1.27,4.63
2022-12-27,0.0,10.68,58.53,89.46,1.62,1.25
2022-12-28,0.0,11.06,47.33,89.37,1.43,-0.83
2022-12-29,0.14,11.83,54.97,89.65,1.35,2.46
2022-12-30,0.05,11.56,70.01,89.78,1.19,5.81
2022-12-31,0.0,10.95,73.44,89.62,1.38,5.64
2023-01-01,0.0,10.72,63.76,89.76,1.1,3.66
2023-01-02,0.0,10.0,62.03,89.86,1.14,2.65
2023-01-03,0.0,9.19,67.55,89.83,1.32,3.02
2023-01-04,0.0,9.42,65.73,89.79,1.22,2.5
2023-01-05,0.0,9.44,53.59,89.9,1.21,-0.7
2023-01-06,0.0,10.18,45.26,89.93,1.23,-2.06
2023-01-07,0.0,12.26,40.6,89.79,1.25,-1.59
2023-01-08,0.0,14.13,42.72,89.63,1.24,0.98
2023-01-09,0.0,13.89,51.77,89.79,1.33,3.58
2023-01-10,0.0,13.49,51.03,89.6,1.33,2.63
2023-01-11,0.01,12.61,49.55,89.33,1.19,1.3
2023-01-12,0.63,11.5,61.49,89.25,1.24,3.84
2023-01-13,0.84,11.67,73.61,89.34,1.3,6.71
2023-01-14,0.46,10.68,73.72,89.37,1.27,5.63
2023-01-15,0.0,10.38,57.51,89.2,1.24,1.49
2023-01-16,0.0,10.23,51.89,89.32,1.23,0.37
2023-01-17,0.0,9.35,44.93,89.34,1.28,-2.52
2023-01-18,0.0,9.66,42.71,89.55,1.21,-3.09
2023-01-19,0.45,11.05,46.67,89.62,1.16,-0.68
2023-01-20,0.94,10.98,61.23,89.55,1.48,3.04
2023-01-21,0.0,11.51,55.15,89.53,1.35,2.21
2023-01-22,0.03,11.78,48.74,89.49,1.52,0.81
2023-01-23,0.17,12.72,50.7,89.48,1.49,1.86
2023-01-24,6.2,11.79,76.33,89.5,1.94,7.55
2023-01-25,5.49,11.92,84.26,89.56,1.41,9.16
2023-01-26,0.03,13.3,69.11,89.57,1.32,7.03
2023-01-27,0.0,14.51,50.03,89.52,1.38,2.83
2023-01-28,0.0,14.41,35.31,89.33,1.55,-2.08
2023-01-29,2.07,14.07,38.31,89.46,1.56,-1.24
2023-01-30,5.04,13.36,50.38,89.73,1.46,2.51
2023-01-31,0.01,12.88,53.55,89.51,1.39,2.66
2023-02-01,0.02,13.5,40.5,89.38,1.66,-1.77
2023-02-02,0.0,14.63,31.83,89.36,1.45,-3.39
2023-02-03,0.0,14.06,39.55,89.42,1.42,-0.73
2023-02-04,0.0,14.01,45.85,89.17,1.83,1.7
2023-02-05,0.0,14.6,48.35,89.13,1.35,3.31
2023-02-06,0.05,14.25,50.65,89.22,1.97,3.3
2023-02-07,0.04,13.94,53.04,89.06,1.72,3.72
2023-02-08,0.0,13.98,47.35,89.2,1.53,1.96
2023-02-09,0.0,15.03,41.4,89.29,1.58,1.2
2023-02-10,0.07,14.83,49.89,89.38,1.42,3.49
2023-02-11,0.38,14.68,54.72,89.37,1.81,4.93
2023-02-12,0.0,11.01,44.93,89.38,2.43,-2.58
2023-02-13,0.0,12.67,33.11,89.14,1.65,-4.63
2023-02-14,0.0,14.65,37.91,89.32,1.47,-0.46
2023-02-15,0.0,14.92,44.95,89.2,1.25,2.3
2023-02-16,0.0,15.54,50.66,89.42,1.25,4.74
2023-02-17,0.0,16.66,53.36,89.54,1.33,6.32
2023-02-18,0.0,17.18,48.69,89.51,1.31,5.61
2023-02-19,0.0,17.57,41.54,89.48,1.35,3.32
2023-02-20,0.0,18.27,37.29,89.36,1.69,2.42
2023-02-21,1.68,18.12,42.37,89.32,1.88,4.2
2023-02-22,0.78,16.64,43.69,89.28,1.53,3.14
2023-02-23,0.0,16.87,33.08,89.2,1.89,-1.14
2023-02-24,0.0,17.22,30.93,89.42,1.66,-1.14
2023-02-25,0.0,16.94,33.73,89.63,1.61,-0.09
2023-02-26,0.0,16.85,37.98,89.79,1.62,1.55
2023-02-27,0.0,16.72,44.1,89.7,2.01,3.47
2023-02-28,0.0,17.39,41.5,89.74,1.99,2.96
2023-03-01,0.01,17.51,46.27,89.84,2.03,4.96
2023-03-02,0.0,18.04,45.9,89.82,2.2,5.17
2023-03-03,0.0,18.89,44.14,89.78,2.91,5.03
2023-03-04,0.0,18.39,43.63,89.82,2.42,4.47
2023-03-05,0.0,18.57,41.95,89.73,2.03,4.37
2023-03-06,0.0,17.84,43.1,89.54,1.79,4.2
2023-03-07,0.0,18.61,41.74,89.58,1.63,4.6
2023-03-08,0.02,18.05,42.85,89.7,1.5,4.34
2023-03-09,0.24,17.45,45.69,89.65,1.77,5.0
2023-03-10,0.0,18.2,47.0,89.5,1.76,5.91
2023-03-11,0.0,18.72,45.54,89.56,1.56,5.95
2023-03-12,0.02,19.85,46.14,89.57,1.41,7.2
2023-03-13,0.0,20.14,44.52,89.44,1.45,7.12
2023-03-14,2.14,19.73,42.48,89.15,1.83,5.67
2023-03-15,0.02,18.88,44.85,89.11,1.68,5.64
2023-03-16,0.19,19.49,44.15,89.23,1.43,5.65
2023-03-17,0.9,18.1,56.16,89.38,1.11,8.89
2023-03-18,3.76,15.59,73.26,89.27,1.25,10.66
2023-03-19,2.7,16.61,67.61,89.05,1.08,10.16
2023-03-20,16.13,15.31,81.75,88.88,0.99,12.03
2023-03-21,30.26,14.05,88.62,88.93,1.26,12.07
2023-03-22,0.19,15.92,67.85,89.02,1.44,9.16
2023-03-23,0.0,17.47,50.15,88.89,2.08,5.92
2023-03-24,1.02,18.71,52.32,89.11,1.43,8.11
2023-03-25,13.58,17.49,69.34,89.33,1.82,11.46
2023-03-26,0.8,18.25,57.76,89.18,1.77,8.53
2023-03-27,0.02,17.58,48.83,89.06,1.92,5.76
2023-03-28,0.0,18.63,44.71,89.1,1.51,5.68
2023-03-29,0.0,19.65,44.25,89.24,1.68,6.32
2023-03-30,0.2,20.33,44.84,89.03,1.88,6.86
2023-03-31,26.21,15.67,80.78,89.06,1.85,12.15
2023-04-01,9.75,14.86,81.83,89.07,1.14,11.56
2023-04-02,0.11,16.93,67.66,88.91,1.93,10.19
2023-04-03,0.12,18.98,54.34,88.9,2.04,8.51
2023-04-04,0.73,18.25,57.32,89.04,1.5,9.13
2023-04-05,0.0,18.64,46.9,89.09,1.99,5.37
2023-04-06,0.0,18.86,38.38,89.28,2.25,2.83
2023-04-07,0.0,20.31,36.07,89.43,1.63,3.4
2023-04-08,0.0,21.55,31.47,89.56,1.69,2.7
2023-04-09,0.01,21.01,32.64,89.51,1.78,2.89
2023-04-10,0.05,20.79,35.57,89.37,1.89,3.9
2023-04-11,0.0,22.05,38.63,89.28,2.03,6.33
2023-04-12,0.0,23.26,40.94,89.29,2.32,8.24
2023-04-13,0.0,23.38,41.41,89.17,2.09,8.16
2023-04-14,0.0,24.91,37.6,89.15,1.56,8.26
2023-04-15,0.0,25.67,35.04,89.19,1.78,7.92
2023-04-16,0.0,24.87,33.09,89.06,2.3,5.94
2023-04-17,0.0,26.0,34.66,89.03,2.29,7.93
2023-04-18,0.0,26.82,35.26,89.16,2.19,8.72
2023-04-19,0.29,25.11,42.03,88.9,1.83,10.47
2023-04-20,3.61,23.77,47.98,88.7,1.06,11.41
2023-04-21,2.0,22.24,52.2,88.73,1.74,10.93
2023-04-22,0.14,21.62,36.1,88.8,1.86,4.28
2023-04-23,0.07,21.6,36.28,88.89,1.97,3.49
2023-04-24,0.03,20.92,43.43,89.28,1.5,7.11
2023-04-25,0.14,21.02,47.95,89.34,1.46,8.99
2023-04-26,0.0,22.14,48.82,89.11,1.52,10.1
2023-04-27,0.33,22.02,55.43,89.13,1.34,11.97
2023-04-28,0.23,22.67,49.17,89.12,2.05,10.63
2023-04-29,0.54,22.7,51.18,89.01,1.46,11.47
2023-04-30,23.62,18.6,76.64,88.96,1.58,14.0
2023-05-01,22.75,16.74,84.82,89.04,1.74,14.04
2023-05-02,9.97,18.06,74.88,89.11,1.58,13.15
2023-05-03,18.24,18.38,78.62,89.24,0.86,14.38
2023-05-04,2.48,19.78,71.44,89.15,1.56,14.0
2023-05-05,0.0,21.25,60.02,88.95,1.64,12.51
2023-05-06,0.0,22.45,51.91,88.82,2.4,11.12
2023-05-07,0.03,23.18,43.52,88.87,2.16,8.73
2023-05-08,0.32,23.9,42.69,88.91,1.45,9.59
2023-05-09,0.47,22.66,43.12,88.92,2.0,8.36
2023-05-10,0.0,22.83,32.36,88.84,1.62,4.4
2023-05-11,0.0,24.36,31.61,89.0,1.63,5.36
2023-05-12,0.0,25.65,30.95,88.99,1.71,5.83
2023-05-13,0.0,26.31,34.21,88.98,1.78,8.26
2023-05-14,0.03,26.64,35.71,88.65,2.12,8.92
2023-05-15,0.07,26.32,37.35,88.58,2.67,8.8
2023-05-16,0.56,26.88,36.53,88.73,2.25,9.56
2023-05-17,0.8,27.48,39.32,88.87,2.35,10.96
2023-05-18,1.97,25.8,45.3,89.12,2.23,11.76
2023-05-19,0.01,25.08,44.45,88.86,2.25,10.86
2023-05-20,0.03,25.77,40.3,88.76,2.35,10.08
2023-05-21,0.09,27.41,31.83,88.86,2.1,7.34
2023-05-22,0.03,28.81,31.11,88.94,1.8,8.57
2023-05-23,3.62,28.4,39.75,88.92,1.89,12.15
2023-05-24,3.12,24.86,56.75,88.98,1.45,15.05
2023-05-25,7.53,23.5,63.3,88.87,1.82,15.91
2023-05-26,1.16,23.56,56.4,88.92,1.64,13.7
2023-05-27,1.33,22.54,62.08,88.91,1.92,14.58
2023-05-28,0.01,23.64,51.47,89.02,1.69,11.9
2023-05-29,0.98,25.47,53.31,89.16,1.56,14.69
2023-05-30,0.28,26.04,52.8,89.18,2.05,14.71
2023-05-31,3.68,25.12,56.53,89.02,2.24,15.17
2023-06-01,0.42,24.9,51.71,88.87,1.68,13.14
2023-06-02,1.05,24.85,46.64,88.8,2.32,11.63
2023-06-03,0.14,24.91,46.38,88.87,1.58,11.65
2023-06-04,0.01,26.79,41.71,88.84,1.88,11.12
2023-06-05,0.69,27.53,42.85,88.75,1.63,12.96
2023-06-06,2.17,26.69,43.37,88.72,1.65,12.24
2023-06-07,0.23,27.15,38.4,88.69,1.78,10.28
2023-06-08,0.13,27.92,38.38,88.64,1.96,11.4
2023-06-09,0.65,29.04,39.72,88.43,1.45,12.87
2023-06-10,0.39,29.67,41.73,88.38,1.81,14.26
2023-06-11,0.0,29.24,47.17,88.3,1.85,16.2
2023-06-12,0.45,28.81,49.59,88.25,1.78,16.41
2023-06-13,1.98,29.88,44.09,88.21,3.62,15.47
2023-06-14,0.84,29.61,44.31,88.25,4.21,15.46
2023-06-15,0.01,28.14,52.8,88.36,3.58,16.88
2023-06-16,0.0,27.96,54.73,88.42,3.18,16.9
2023-06-17,0.08,29.31,50.55,88.52,2.21,17.11
2023-06-18,0.61,29.73,50.9,88.5,1.54,17.77
2023-06-19,1.65,29.11,52.9,88.47,1.45,17.91
2023-06-20,2.1,28.16,56.49,88.43,2.09,17.98
2023-06-21,1.34,27.84,60.35,88.53,1.4,18.73
2023-06-22,4.97,28.09,63.57,88.55,1.57,20.19
2023-06-23,1.55,26.6,70.33,88.6,1.31,20.55
2023-06-24,25.99,26.25,76.91,88.49,1.23,21.63
2023-06-25,30.96,24.63,86.44,88.54,1.37,22.09
2023-06-26,11.28,25.22,77.23,88.62,1.38,20.61
2023-06-27,10.8,26.07,71.77,88.54,1.26,20.1
2023-06-28,3.77,26.22,73.55,88.65,1.61,20.82
2023-06-29,13.19,25.76,75.31,88.58,1.44,20.62
2023-06-30,11.64,25.51,78.04,88.37,1.09,20.94
2023-07-01,19.52,23.87,86.76,88.44,1.34,21.41
2023-07-02,3.77,25.3,79.54,88.45,1.36,21.12
2023-07-03,1.37,26.05,77.5,88.49,1.41,21.42
2023-07-04,2.8,26.12,79.36,88.41,1.69,21.89
2023-07-05,40.89,24.27,88.22,88.38,2.73,22.08
2023-07-06,29.77,23.95,83.74,88.62,1.55,20.82
2023-07-07,14.81,23.94,87.13,88.71,1.29,21.57
2023-07-08,55.29,24.08,90.03,88.71,2.01,22.26
2023-07-09,12.04,24.92,85.63,88.69,2.05,22.17
2023-07-10,19.22,25.3,87.67,88.62,1.83,22.94
2023-07-11,13.91,25.49,85.57,88.56,1.56,22.7
2023-07-12,25.47,24.7,90.97,88.53,1.75,23.04
2023-07-13,33.47,24.39,91.59,88.59,1.73,22.87
2023-07-14,3.69,23.81,91.51,88.6,1.44,22.26
2023-07-15,2.11,24.83,84.09,88.59,1.3,21.67
2023-07-16,1.0,25.15,87.64,88.59,1.6,22.78
2023-07-17,18.47,24.62,90.04,88.52,1.75,22.78
2023-07-18,29.58,23.72,92.59,88.5,1.82,22.38
2023-07-19,1.55,24.67,79.3,88.53,1.22,20.59
2023-07-20,1.23,26.08,80.44,88.51,1.29,22.14
2023-07-21,7.81,25.71,86.97,88.69,1.43,23.25
2023-07-22,6.1,24.85,87.08,88.96,1.66,22.43
2023-07-23,2.37,25.26,85.07,88.9,1.22,22.39
2023-07-24,1.18,24.79,86.66,88.68,1.62,22.21
2023-07-25,4.66,24.65,91.26,88.65,1.75,23.03
2023-07-26,13.53,23.65,93.41,88.77,1.57,22.47
2023-07-27,14.04,24.26,90.65,88.63,1.4,22.53
2023-07-28,9.76,24.59,87.24,88.47,1.3,22.15
2023-07-29,3.96,23.42,87.96,88.42,0.81,21.19
2023-07-30,2.88,23.92,90.15,88.31,1.47,22.1
2023-07-31,7.35,25.03,86.97,88.22,1.43,22.52
2023-08-01,6.46,25.26,88.61,88.16,1.55,23.12
2023-08-02,2.35,25.09,89.24,88.3,1.34,23.07
2023-08-03,15.1,25.03,87.04,88.29,1.2,22.56
2023-08-04,36.74,24.16,89.24,88.54,1.48,22.19
2023-08-05,9.45,24.63,90.85,88.56,1.9,22.97
2023-08-06,9.42,24.7,91.44,88.28,2.62,23.11
2023-08-07,7.27,24.64,90.86,88.03,2.96,22.94
2023-08-08,19.63,24.83,91.31,88.15,3.22,23.22
2023-08-09,12.9,24.55,91.96,88.55,1.61,23.07
2023-08-10,24.96,24.03,93.43,88.71,1.21,22.84
2023-08-11,9.77,24.34,90.51,88.67,1.83,22.59
2023-08-12,2.56,23.77,92.92,88.43,2.64,22.49
2023-08-13,10.01,23.34,94.66,88.32,2.47,22.41
2023-08-14,10.28,22.53,87.8,88.77,1.35,20.26
2023-08-15,1.97,23.73,85.39,88.73,1.37,21.0
2023-08-16,0.04,24.16,91.13,88.7,1.75,22.52
2023-08-17,3.19,24.76,90.68,88.65,1.75,23.02
2023-08-18,0.98,24.96,88.88,88.74,1.13,22.87
2023-08-19,1.19,24.75,89.13,88.8,1.13,22.76
2023-08-20,3.44,24.68,91.44,88.79,1.54,23.13
2023-08-21,7.06,23.29,93.08,88.69,1.47,22.05
2023-08-22,17.68,23.4,92.22,88.51,1.3,22.01
2023-08-23,13.52,23.15,96.65,88.41,1.69,22.58
2023-08-24,10.46,23.31,92.09,88.23,1.8,21.88
2023-08-25,0.79,24.2,89.97,88.29,2.36,22.32
2023-08-26,6.58,23.86,88.54,88.47,1.86,21.68
2023-08-27,2.05,23.39,88.35,88.44,1.88,21.16
2023-08-28,2.92,22.96,88.91,88.47,1.66,20.85
2023-08-29,0.64,23.2,86.78,88.66,1.47,20.65
2023-08-30,4.97,23.82,88.35,88.81,1.16,21.59
2023-08-31,0.42,24.3,86.78,88.87,1.15,21.73
2023-09-01,0.01,24.46,88.29,88.84,1.55,22.24
2023-09-02,0.0,24.14,86.75,88.73,1.68,21.64
2023-09-03,0.04,24.53,84.14,88.68,1.13,21.49
2023-09-04,0.72,24.51,85.6,88.69,1.17,21.76
2023-09-05,1.33,24.64,80.69,88.83,1.26,20.75
2023-09-06,0.22,24.77,77.64,88.95,1.12,20.11
2023-09-07,4.22,24.35,82.87,88.9,1.2,21.01
2023-09-08,11.94,24.07,79.59,88.88,0.62,20.06
2023-09-09,13.16,23.27,85.91,88.8,1.07,20.66
2023-09-10,113.33,21.91,91.54,88.66,1.16,20.43
2023-09-11,6.12,23.08,84.48,88.57,1.17,20.14
2023-09-12,0.4,24.27,82.3,88.62,1.04,20.76
2023-09-13,0.16,24.3,88.72,88.66,1.17,22.19
2023-09-14,11.8,23.6,94.36,88.84,0.88,22.6
2023-09-15,1.17,23.96,89.04,88.92,1.14,21.97
2023-09-16,7.53,23.27,89.59,88.93,0.94,21.34
2023-09-17,4.08,22.9,90.36,88.81,1.14,21.15
2023-09-18,1.79,23.25,88.25,88.86,1.15,21.0
2023-09-19,2.36,23.27,85.2,89.03,1.01,20.44
2023-09-20,1.0,23.51,86.91,89.01,1.32,21.06
2023-09-21,0.21,23.05,87.26,88.96,0.98,20.63
2023-09-22,5.57,22.85,83.85,88.94,0.93,19.71
2023-09-23,7.29,23.01,86.52,88.92,1.23,20.46
2023-09-24,2.72,22.09,86.21,88.91,1.11,19.41
2023-09-25,0.0,22.53,78.64,88.97,1.1,18.29
2023-09-26,0.0,21.82,81.14,89.07,1.1,18.18
2023-09-27,0.0,22.89,79.45,89.01,1.15,18.81
2023-09-28,0.0,22.48,81.87,88.99,1.19,19.03
2023-09-29,0.03,23.05,78.02,89.0,1.05,18.7
2023-09-30,0.11,23.74,77.7,88.99,1.04,19.32
2023-10-01,0.27,22.88,85.69,88.95,1.05,20.17
2023-10-02,0.05,22.6,77.07,88.98,0.91,18.18
2023-10-03,0.03,21.84,75.58,89.01,1.21,17.18
2023-10-04,0.01,21.93,80.08,89.01,1.09,18.1
2023-10-05,0.0,21.53,80.1,88.98,1.09,17.71
2023-10-06,0.0,21.1,74.21,88.93,1.0,15.93
2023-10-07,0.0,20.97,75.38,89.05,1.12,16.17
2023-10-08,0.0,20.75,74.12,89.1,1.2,15.62
2023-10-09,0.0,20.92,72.15,89.2,1.43,15.37
2023-10-10,0.0,20.98,65.16,89.26,1.37,13.7
2023-10-11,0.0,20.27,60.71,89.23,1.21,11.78
2023-10-12,0.0,19.85,62.44,89.35,1.11,12.05
2023-10-13,0.0,20.38,63.74,89.45,1.17,12.8
2023-10-14,0.0,19.9,66.91,89.42,1.37,13.24
2023-10-15,0.02,19.89,68.15,89.25,1.39,13.42
2023-10-16,14.06,19.6,73.07,89.4,0.92,14.15
2023-10-17,2.86,18.1,68.68,89.58,0.98,11.78
2023-10-18,0.0,17.46,67.94,89.52,1.46,10.93
2023-10-19,0.0,17.8,61.64,89.5,1.21,9.79
2023-10-20,0.0,17.5,62.53,89.6,1.25,9.86
2023-10-21,0.0,17.61,64.0,89.68,1.26,10.4
2023-10-22,0.0,18.0,61.16,89.69,1.23,10.03
2023-10-23,0.0,17.68,59.86,89.59,1.37,9.41
2023-10-24,0.0,18.47,59.08,89.49,1.23,9.83
2023-10-25,0.11,18.79,62.54,89.56,1.2,10.96
2023-10-26,0.0,18.4,65.4,89.51,1.32,11.18
2023-10-27,0.0,18.05,62.73,89.43,1.34,10.09
2023-10-28,0.0,17.9,63.73,89.5,1.15,10.61
2023-10-29,0.0,18.5,63.42,89.53,1.24,11.04
2023-10-30,0.0,18.49,59.87,89.6,1.16,10.03
2023-10-31,0.0,19.17,61.41,89.74,1.1,11.26
2023-11-01,0.0,20.01,61.02,89.75,1.13,11.8
2023-11-02,0.0,19.12,58.86,89.58,1.15,10.5
2023-11-03,0.0,18.24,56.1,89.39,1.24,8.91
2023-11-04,0.0,17.18,57.96,89.36,1.46,8.3
2023-11-05,0.0,17.3,51.17,89.5,1.16,6.44
2023-11-06,0.0,17.43,53.05,89.67,1.2,7.31
2023-11-07,0.0,16.9,54.41,89.55,1.34,6.8
2023-11-08,0.0,17.05,57.09,89.46,1.47,7.85
2023-11-09,0.0,16.71,63.28,89.49,1.57,9.01
2023-11-10,1.35,16.91,63.82,89.72,0.85,9.48
2023-11-11,0.63,16.19,68.33,89.71,0.88,9.91
2023-11-12,0.0,16.31,63.5,89.7,1.4,8.87
2023-11-13,0.0,16.78,61.2,89.79,1.3,8.84
2023-11-14,0.0,17.49,57.05,89.71,1.15,8.61
2023-11-15,0.0,18.06,56.31,89.67,1.17,8.74
2023-11-16,0.0,17.35,62.34,89.82,1.22,9.68
2023-11-17,0.0,17.83,62.56,89.8,1.29,10.1
2023-11-18,0.0,17.62,62.22,89.68,1.31,9.97
2023-11-19,0.0,17.0,66.39,89.76,1.31,10.38
2023-11-20,0.0,17.24,63.83,89.7,1.12,9.9
2023-11-21,0.0,16.87,62.07,89.5,1.34,8.75
2023-11-22,0.0,15.87,60.25,89.31,1.31,7.61
2023-11-23,0.0,15.68,61.2,89.42,1.29,7.89
2023-11-24,0.0,16.38,56.66,89.57,1.23,7.27
2023-11-25,0.0,16.59,52.63,89.69,1.25,6.34
2023-11-26,0.0,15.24,59.36,89.83,1.07,7.11
2023-11-27,0.08,14.86,68.75,89.68,1.05,9.09
2023-11-28,0.03,15.35,59.36,89.53,1.57,6.75
2023-11-29,0.0,15.57,58.99,89.55,1.53,7.21
2023-11-30,0.0,14.8,72.8,89.68,1.5,9.51
2023-12-01,0.0,15.42,68.71,89.67,1.09,9.16
2023-12-02,0.0,15.39,62.93,89.69,1.26,7.9
2023-12-03,0.14,16.03,54.8,89.73,1.32,6.4
2023-12-04,2.77,13.62,73.16,89.6,1.39,8.4
2023-12-05,0.18,14.31,70.15,89.49,1.01,8.49
2023-12-06,0.0,14.59,61.98,89.63,1.5,6.14
2023-12-07,0.0,15.01,55.14,89.52,1.21,5.38
2023-12-08,0.0,14.08,58.94,89.42,1.44,5.66
2023-12-09,0.0,13.04,51.08,89.43,1.46,2.29
2023-12-10,0.0,12.69,49.4,89.25,1.38,1.58
2023-12-11,0.0,12.05,50.76,89.4,1.19,1.64
2023-12-12,0.0,10.97,52.06,89.34,1.34,1.12
2023-12-13,0.0,11.0,50.95,89.41,1.48,0.52
2023-12-14,0.0,11.89,43.88,89.48,1.42,-1.21
2023-12-15,0.0,13.04,40.61,89.64,1.08,-0.71
2023-12-16,0.0,12.32,43.97,89.5,1.03,-0.25
2023-12-17,0.0,11.43,45.24,89.58,1.27,-0.74
2023-12-18,0.0,12.38,42.75,89.62,1.13,-0.73
2023-12-19,0.0,12.62,41.24,89.66,1.22,-1.44
2023-12-20,0.0,11.6,45.3,89.67,1.02,-0.38
2023-12-21,0.0,13.44,44.01,89.56,1.0,0.54
2023-12-22,0.0,13.91,47.96,89.62,0.95,2.43
2023-12-23,0.0,14.09,52.0,89.85,1.29,3.9
2023-12-24,0.0,13.99,50.54,89.88,1.14,3.19
2023-12-25,0.0,13.22,50.86,89.73,1.15,2.5
2023-12-26,0.0,13.03,48.18,89.73,1.04,1.8
2023-12-27,0.0,13.12,51.71,89.85,1.12,2.79
2023-12-28,0.0,12.7,55.62,89.69,1.15,3.34
2023-12-29,0.0,12.97,59.46,89.76,1.23,4.73
2023-12-30,0.0,13.09,56.8,89.67,1.02,4.24
2023-12-31,0.0,12.36,53.35,89.63,1.36,2.51
2024-01-01,0.0,11.98,46.43,89.56,1.28,0.27
2024-01-02,0.0,11.85,43.58,89.53,1.23,-0.7
2024-01-03,0.0,11.57,46.16,89.55,1.4,-0.22
2024-01-04,0.0,11.05,47.76,89.52,1.29,-0.45
2024-01-05,0.0,10.26,55.09,89.56,1.56,0.66
2024-01-06,0.0,11.07,54.84,89.62,1.34,1.4
2024-01-07,0.0,11.48,59.57,89.71,1.19,2.95
2024-01-08,0.0,11.94,53.67,89.75,1.25,1.79
2024-01-09,0.0,11.06,51.55,89.7,0.96,0.77
2024-01-10,0.0,11.58,46.57,89.44,1.42,-0.43
2024-01-11,0.0,10.96,41.11,89.52,1.26,-2.71
2024-01-12,0.0,11.32,40.17,89.47,0.99,-2.48
2024-01-13,0.0,12.36,38.85,89.47,0.7,-1.7
2024-01-14,0.0,12.3,33.47,89.48,1.16,-4.28
2024-01-15,0.0,11.02,44.14,89.45,1.24,-1.25
2024-01-16,0.0,10.26,49.57,89.35,1.42,-0.3
2024-01-17,0.0,10.07,54.75,89.35,1.43,0.83
2024-01-18,0.0,9.84,58.31,89.43,1.34,1.51
2024-01-19,0.0,9.86,59.07,89.54,1.22,1.51
2024-01-20,0.0,9.38,58.99,89.57,1.26,1.25
2024-01-21,0.0,9.51,53.42,89.44,1.4,-0.39
2024-01-22,0.0,8.58,49.25,89.64,1.32,-2.14
2024-01-23,0.0,9.64,45.3,89.52,1.32,-2.11
2024-01-24,0.0,9.54,45.83,89.53,1.39,-2.16
2024-01-25,0.0,9.74,43.52,89.71,1.23,-2.61
2024-01-26,0.0,10.02,46.47,89.85,1.39,-1.48
2024-01-27,0.0,10.89,51.02,89.62,1.75,0.48
2024-01-28,0.0,11.23,52.26,89.67,1.3,1.14
2024-01-29,0.0,11.32,49.78,89.61,1.6,0.48
2024-01-30,0.0,11.18,50.62,89.49,1.17,0.75
2024-01-31,2.97,10.75,57.65,89.48,1.41,1.97
2024-02-01,9.97,6.98,83.9,89.64,1.81,4.32
2024-02-02,0.0,8.97,50.44,89.54,2.04,-2.15
2024-02-03,0.9,11.74,41.25,89.48,2.11,-2.16
2024-02-04,6.6,11.16,72.55,89.6,1.09,6.07
2024-02-05,1.03,11.01,74.49,89.61,1.16,6.35
2024-02-06,0.01,10.45,56.76,89.64,1.46,1.54
2024-02-07,0.0,9.21,43.69,89.64,1.59,-3.5
2024-02-08,0.0,10.96,32.93,89.36,1.61,-6.0
2024-02-09,0.0,11.86,32.14,89.69,1.55,-4.87
2024-02-10,0.0,12.14,34.59,89.91,1.39,-3.78
2024-02-11,0.0,13.43,35.63,89.88,1.33,-2.16
2024-02-12,0.0,13.93,37.73,89.81,1.39,-1.0
2024-02-13,0.0,14.12,37.75,89.78,1.52,-0.88
2024-02-14,0.0,13.96,38.12,89.66,1.46,-0.92
2024-02-15,0.0,13.84,41.35,89.74,1.41,0.03
2024-02-16,0.0,14.5,40.57,89.79,1.42,0.42
2024-02-17,0.0,14.0,38.93,89.35,1.44,-0.62
2024-02-18,0.0,14.81,38.48,89.33,1.26,0.07
2024-02-19,1.12,14.79,45.89,89.43,2.0,2.13
2024-02-20,4.66,13.88,63.18,89.26,1.78,6.46
2024-02-21,0.02,13.22,50.95,89.07,1.64,2.35
2024-02-22,0.05,11.74,38.9,89.2,1.82,-2.73
2024-02-23,0.0,11.46,35.39,89.38,1.71,-4.6
2024-02-24,0.0,11.42,35.23,89.47,1.79,-4.15
2024-02-25,0.0,11.29,34.6,89.65,1.67,-5.22
2024-02-26,0.0,13.18,33.63,89.67,1.29,-4.34
2024-02-27,0.61,11.49,60.07,89.71,1.32,3.7
2024-02-28,0.01,14.21,51.82,89.33,1.91,3.46
2024-02-29,0.0,15.54,41.11,89.35,1.64,1.37
2024-03-01,1.02,18.02,39.7,89.48,1.29,2.98
2024-03-02,12.77,13.49,72.04,89.47,2.31,8.33
2024-03-03,30.97,12.21,82.79,89.29,2.06,9.21
2024-03-04,4.52,12.94,68.69,89.43,1.23,6.46
2024-03-05,0.0,13.45,48.42,89.44,1.32,1.85
2024-03-06,0.0,14.99,38.12,89.33,1.51,0.01
2024-03-07,0.0,14.57,42.74,89.33,1.71,1.16
2024-03-08,0.0,14.27,44.82,89.42,1.79,1.3
2024-03-09,0.0,15.1,40.68,89.38,1.63,0.33
2024-03-10,0.0,15.88,41.02,89.51,1.32,1.8
2024-03-11,0.0,16.39,44.96,89.65,1.49,3.52
2024-03-12,0.0,16.91,46.54,89.47,2.19,4.44
2024-03-13,0.01,17.54,39.88,89.29,1.8,2.48
2024-03-14,0.02,16.96,43.72,89.46,1.72,3.56
2024-03-15,0.0,18.18,42.32,89.34,1.59,4.18
2024-03-16,0.0,17.83,40.66,89.53,1.66,3.1
2024-03-17,0.0,18.6,34.87,89.5,1.67,1.6
2024-03-18,0.0,19.16,31.89,89.38,1.61,1.01
2024-03-19,0.08,17.62,35.43,89.38,1.64,0.98
2024-03-20,0.0,19.26,34.55,89.35,1.58,1.89
2024-03-21,0.0,16.01,49.45,89.41,1.38,5.14
2024-03-22,0.0,18.4,47.8,89.09,2.32,6.29
2024-03-23,0.0,20.03,40.34,88.94,1.87,4.77
2024-03-24,0.0,19.83,40.25,89.21,1.52,5.04
2024-03-25,0.0,20.76,35.17,89.24,1.79,3.63
2024-03-26,0.0,21.8,40.29,89.22,1.61,6.7
2024-03-27,0.0,22.62,41.9,89.44,2.02,7.74
2024-03-28,0.0,24.39,41.04,89.28,2.11,9.29
2024-03-29,0.09,25.04,41.38,89.31,1.67,10.22
2024-03-30,3.28,24.57,40.38,89.37,1.55,9.42
2024-03-31,0.01,23.21,35.13,89.26,1.65,5.69
2024-04-01,0.0,20.07,45.42,88.97,1.92,7.11
2024-04-02,0.0,21.13,38.58,88.89,2.08,4.94
2024-04-03,0.0,22.63,33.35,89.09,2.09,3.98
2024-04-04,0.0,23.15,33.2,89.08,1.92,4.96
2024-04-05,0.0,22.02,31.76,89.02,2.28,3.17
2024-04-06,0.0,21.99,26.87,88.99,2.01,-0.01
2024-04-07,0.0,22.25,24.59,89.01,1.74,-0.35
2024-04-08,0.0,22.27,25.77,89.14,1.88,0.09
2024-04-09,0.0,22.54,24.31,89.22,1.82,-0.75
2024-04-10,0.0,23.26,24.37,89.27,1.8,0.11
2024-04-11,0.01,23.52,25.65,89.36,1.86,1.09
2024-04-12,0.04,24.41,27.32,89.29,2.0,2.93
2024-04-13,0.02,24.97,30.9,89.3,1.69,6.1
2024-04-14,0.14,25.04,34.83,89.39,1.25,7.72
2024-04-15,1.04,23.01,46.25,89.41,1.67,10.25
2024-04-16,0.0,23.52,43.02,89.16,2.28,9.36
2024-04-17,0.0,23.48,33.98,88.9,2.37,4.82
2024-04-18,0.0,23.75,31.22,88.88,2.91,4.54
2024-04-19,0.17,25.86,30.35,88.79,2.44,5.78
2024-04-20,0.26,25.57,30.66,88.76,2.37,5.67
2024-04-21,0.0,24.89,32.36,88.84,2.26,5.99
2024-04-22,0.0,23.43,36.5,88.99,1.9,7.29
2024-04-23,0.0,24.44,29.81,88.9,2.29,3.39
2024-04-24,0.0,24.07,28.22,88.89,2.32,3.56
2024-04-25,0.0,24.96,25.81,88.87,2.39,2.43
2024-04-26,0.0,26.45,24.43,88.87,2.29,3.3
2024-04-27,0.47,26.59,27.36,88.96,1.33,5.95
2024-04-28,0.0,25.4,29.18,88.98,2.26,5.12
2024-04-29,0.0,26.2,28.38,89.01,1.85,5.54
2024-04-30,0.02,25.33,23.86,88.75,2.55,2.12
2024-05-01,0.06,22.66,20.56,88.58,2.81,-2.61
2024-05-02,0.0,23.12,19.71,88.57,2.12,-2.92
2024-05-03,0.0,25.84,21.29,88.78,1.87,0.97
2024-05-04,0.0,28.21,21.54,88.82,2.81,3.17
2024-05-05,0.0,28.71,22.94,88.53,2.72,4.5
2024-05-06,0.0,28.61,23.69,88.76,1.9,5.19
2024-05-07,0.01,28.2,26.78,89.02,1.63,6.8
2024-05-08,1.23,25.72,37.4,89.03,1.67,9.6
2024-05-09,0.19,25.03,46.39,88.98,1.62,12.16
2024-05-10,4.9,24.77,56.66,89.07,1.62,14.98
2024-05-11,1.23,25.91,51.16,89.16,1.83,14.1
2024-05-12,0.39,26.73,41.81,89.19,1.68,11.94
2024-05-13,0.32,26.89,34.17,89.19,2.03,8.49
2024-05-14,0.01,27.23,22.52,89.21,2.04,2.45
2024-05-15,0.07,27.62,18.72,89.25,1.88,0.25
2024-05-16,0.08,28.56,21.95,89.18,1.87,3.72
2024-05-17,0.0,31.15,23.3,88.91,1.91,7.04
2024-05-18,0.1,31.49,22.09,88.62,2.15,6.54
2024-05-19,0.36,31.69,23.95,88.53,2.01,7.99
2024-05-20,0.21,30.59,25.24,88.65,2.26,7.38
2024-05-21,0.67,29.25,31.96,88.81,2.04,10.39
2024-05-22,3.6,28.43,41.45,88.82,1.64,13.21
2024-05-23,2.36,27.34,54.31,88.75,1.62,16.68
2024-05-24,0.93,27.7,55.38,88.68,1.44,17.16
2024-05-25,0.19,29.67,42.82,88.51,1.61,14.5
2024-05-26,2.59,29.7,41.35,88.43,1.73,14.02
2024-05-27,0.18,31.11,35.02,88.2,1.68,12.09
2024-05-28,0.0,32.64,18.76,88.02,2.18,4.24
2024-05-29,0.19,31.8,19.22,88.24,2.1,4.12
2024-05-30,0.93,32.67,19.66,88.49,2.1,5.47
2024-05-31,1.17,31.76,17.76,88.56,2.2,1.61
2024-06-01,1.48,31.6,18.17,88.67,2.05,2.7
2024-06-02,1.43,30.66,27.67,88.76,2.14,8.5
2024-06-03,0.55,29.96,28.55,88.66,2.09,8.24
2024-06-04,1.43,30.11,28.09,88.68,1.58,8.68
2024-06-05,3.08,29.2,37.64,88.79,1.7,12.4
2024-06-06,0.49,28.86,36.52,88.88,2.5,11.28
2024-06-07,0.0,29.81,32.54,88.63,2.8,10.26
2024-06-08,0.0,29.99,30.51,88.57,2.26,9.43
2024-06-09,0.0,30.48,28.24,88.56,2.2,8.93
2024-06-10,0.0,31.18,18.91,88.6,2.07,3.39
2024-06-11,0.0,31.52,16.5,88.59,2.32,1.77
2024-06-12,0.0,32.01,15.48,88.55,2.07,1.74
2024-06-13,0.0,32.66,19.44,88.42,2.44,5.4
2024-06-14,0.0,33.33,21.41,88.34,2.63,7.49
2024-06-15,0.0,33.13,24.0,88.33,2.76,8.98
2024-06-16,0.0,33.68,23.28,88.39,2.42,9.01
2024-06-17,0.0,34.04,24.87,88.43,2.88,10.42
2024-06-18,0.0,33.66,27.15,88.21,3.2,11.49
2024-06-19,2.55,33.56,28.43,88.03,3.22,12.3
2024-06-20,8.56,30.34,44.34,88.3,1.68,16.24
2024-06-21,0.68,29.5,47.95,88.46,1.58,16.59
2024-06-22,2.88,29.1,52.07,88.48,1.35,17.64
2024-06-23,2.19,28.9,58.52,88.57,1.26,19.44
2024-06-24,3.45,28.72,59.79,88.42,1.18,19.77
2024-06-25,1.46,29.33,59.22,88.35,1.3,20.1
2024-06-26,28.04,28.48,66.48,88.44,0.93,21.37
2024-06-27,9.47,26.5,77.62,88.64,1.58,22.07
2024-06-28,0.92,27.15,71.97,88.49,2.11,21.22
2024-06-29,1.19,26.92,73.22,88.32,2.44,21.3
2024-06-30,4.19,26.57,74.72,88.26,2.29,21.21
2024-07-01,6.37,25.74,82.89,88.03,2.3,22.4
2024-07-02,24.46,23.97,86.48,87.99,2.1,21.48
2024-07-03,35.86,24.02,85.43,88.21,2.8,21.38
2024-07-04,7.99,24.43,82.73,88.44,1.61,21.13
2024-07-05,34.03,25.59,79.94,88.21,1.99,21.58
2024-07-06,43.72,24.45,86.28,88.12,1.7,21.86
2024-07-07,86.93,23.14,88.96,88.24,2.89,21.1
2024-07-08,29.95,23.17,91.56,88.64,2.04,21.61
2024-07-09,8.19,25.49,83.49,88.71,1.4,22.29
2024-07-10,1.17,26.02,84.71,88.67,1.95,23.09
2024-07-11,3.55,26.21,85.12,88.3,2.02,23.29
2024-07-12,6.36,25.88,84.86,88.18,1.49,22.93
2024-07-13,7.27,25.71,81.89,88.2,1.23,22.16
2024-07-14,0.43,25.92,82.79,88.27,1.15,22.5
2024-07-15,2.38,25.77,84.86,88.55,1.44,22.79
2024-07-16,0.89,25.82,84.57,88.64,1.8,22.79
2024-07-17,4.34,25.41,85.62,88.59,1.46,22.63
2024-07-18,2.48,24.97,89.61,88.43,2.05,23.01
2024-07-19,7.55,24.9,86.02,88.37,2.07,22.22
2024-07-20,8.14,26.29,78.42,88.41,1.25,21.89
2024-07-21,12.45,25.68,86.51,88.43,1.76,23.1
2024-07-22,10.42,24.29,87.69,88.47,1.52,21.97
2024-07-23,15.74,23.99,90.07,88.32,1.5,22.17
2024-07-24,27.93,24.2,88.95,88.06,1.57,22.15
2024-07-25,1.45,25.6,84.26,87.97,1.37,22.53
2024-07-26,11.26,25.62,85.54,88.12,1.49,22.81
2024-07-27,10.37,26.23,79.73,88.32,1.35,22.14
2024-07-28,0.69,27.01,79.47,88.36,1.26,22.76
2024-07-29,1.69,26.19,86.75,88.36,1.46,23.63
2024-07-30,15.83,26.27,84.3,88.47,1.34,23.18
2024-07-31,19.19,25.16,94.44,88.4,3.1,24.17
2024-08-01,19.71,25.18,87.22,88.39,1.67,22.75
2024-08-02,1.62,24.73,88.47,88.33,1.41,22.62
2024-08-03,2.03,24.65,86.34,88.49,1.09,22.06
2024-08-04,6.04,24.54,87.34,88.62,1.49,22.15
2024-08-05,3.05,24.67,86.28,88.63,1.58,22.06
2024-08-06,28.53,24.02,90.0,88.48,1.66,22.18
2024-08-07,21.32,23.23,92.52,88.59,1.67,21.88
2024-08-08,5.04,23.62,91.08,88.69,1.41,22.0
2024-08-09,7.9,23.77,91.17,88.71,1.32,22.14
2024-08-10,6.46,23.64,93.19,88.65,1.33,22.43
2024-08-11,7.13,24.04,91.44,88.56,1.25,22.47
2024-08-12,6.21,24.02,90.55,88.64,1.66,22.25
2024-08-13,2.76,24.16,90.49,88.74,1.28,22.41
2024-08-14,2.66,23.88,92.61,88.77,1.33,22.55
2024-08-15,2.56,25.06,88.31,88.68,1.26,22.83
2024-08-16,1.3,24.11,91.19,88.7,1.33,22.52
2024-08-17,1.23,25.18,86.5,88.78,1.32,22.65
2024-08-18,5.18,24.71,89.41,88.79,1.69,22.71
2024-08-19,8.64,24.1,92.94,88.7,1.72,22.81
2024-08-20,15.24,23.28,94.91,88.81,1.68,22.38
2024-08-21,17.83,23.12,94.88,88.83,2.38,22.21
2024-08-22,5.93,24.13,91.42,88.76,1.95,22.55
2024-08-23,4.0,23.54,93.56,88.87,1.51,22.37
2024-08-24,3.31,24.53,88.23,88.86,1.22,22.28
2024-08-25,1.63,24.87,86.6,88.69,1.23,22.29
2024-08-26,3.09,24.77,85.66,88.67,1.32,22.03
2024-08-27,4.4,23.88,88.56,88.88,1.12,21.79
2024-08-28,21.31,23.98,89.25,88.78,1.36,21.95
2024-08-29,9.79,23.55,88.19,88.81,1.43,21.38
2024-08-30,2.17,24.62,86.27,88.95,0.88,21.99
2024-08-31,0.11,25.35,86.24,88.85,1.08,22.72
2024-09-01,1.95,25.09,88.55,88.88,1.4,22.96
2024-09-02,2.37,22.79,89.09,88.99,1.57,20.83
2024-09-03,8.56,24.4,84.28,89.0,1.12,21.42
2024-09-04,11.35,24.2,86.69,88.71,1.3,21.63
2024-09-05,6.82,23.96,86.89,88.57,1.37,21.44
2024-09-06,7.15,23.15,90.85,88.8,1.56,21.46
2024-09-07,4.51,24.36,85.49,88.82,0.92,21.53
2024-09-08,6.46,25.02,84.46,88.79,1.13,21.93
2024-09-09,4.89,24.33,86.4,88.63,0.99,21.77
2024-09-10,2.41,24.61,84.71,88.62,1.26,21.67
2024-09-11,27.36,25.14,81.01,88.56,0.49,21.39
2024-09-12,78.38,22.91,89.0,88.35,2.31,20.94
2024-09-13,87.01,21.68,91.65,88.34,2.8,20.23
2024-09-14,2.52,21.63,93.17,88.57,0.9,20.38
2024-09-15,0.01,23.15,86.49,88.62,1.02,20.53
2024-09-16,0.03,23.5,87.28,88.81,1.01,21.06
2024-09-17,2.75,22.64,88.14,89.02,1.22,20.47
2024-09-18,4.1,22.44,84.74,88.89,1.19,19.61
2024-09-19,0.03,23.93,86.38,88.87,1.15,21.36
2024-09-20,0.0,24.15,90.42,88.86,1.19,22.37
2024-09-21,0.0,23.55,88.13,89.03,1.18,21.35
2024-09-22,0.07,25.12,79.98,88.92,0.96,20.85
2024-09-23,0.01,25.1,86.78,88.89,1.01,22.59
2024-09-24,1.48,25.3,83.36,88.82,1.06,21.83
2024-09-25,4.36,23.19,93.24,88.9,0.98,21.95
2024-09-26,19.94,23.16,86.97,88.9,0.72,20.74
2024-09-27,8.71,22.57,86.36,88.84,1.18,20.06
2024-09-28,0.4,22.07,89.85,88.95,1.12,20.22
2024-09-29,0.07,22.9,90.81,89.14,1.31,21.18
2024-09-30,0.0,22.93,88.85,89.01,1.27,20.83
2024-10-01,0.0,23.22,90.38,88.77,1.15,21.42
2024-10-02,0.0,23.02,88.22,88.75,1.37,20.79
2024-10-03,0.0,22.72,72.76,88.78,1.26,17.2
2024-10-04,0.0,22.45,72.98,88.89,1.25,17.07
2024-10-05,0.01,22.26,72.92,89.08,1.32,16.91
2024-10-06,0.01,22.25,72.84,89.34,1.12,16.87
2024-10-07,0.37,22.13,82.01,89.52,0.99,18.69
2024-10-08,1.61,22.17,82.01,89.48,0.99,18.81
2024-10-09,0.25,21.85,78.34,89.26,1.04,17.76
2024-10-10,0.0,21.23,72.3,89.14,1.31,15.66
2024-10-11,0.0,20.51,69.82,89.12,1.16,14.36
2024-10-12,0.0,20.25,73.54,89.23,1.34,15.08
2024-10-13,0.0,20.62,64.68,89.33,1.18,13.41
2024-10-14,0.07,20.23,66.15,89.36,1.33,13.43
2024-10-15,0.0,19.91,68.53,89.23,1.28,13.64
2024-10-16,0.0,20.2,71.29,89.22,1.15,14.54
2024-10-17,0.0,20.2,70.85,89.3,1.12,14.49
2024-10-18,0.0,19.54,75.41,89.28,1.29,14.77
2024-10-19,0.0,19.55,76.49,89.33,1.17,14.89
2024-10-20,0.0,19.55,81.66,89.43,1.01,15.98
2024-10-21,0.0,19.49,77.06,89.46,1.06,14.95
2024-10-22,0.0,19.72,79.98,89.49,0.96,15.95
2024-10-23,0.0,20.79,67.06,89.42,1.2,14.04
2024-10-24,0.0,21.09,67.18,89.32,1.3,14.38
2024-10-25,0.0,20.54,74.32,89.24,1.02,15.4
2024-10-26,0.0,20.07,80.2,89.28,1.0,16.19
2024-10-27,0.0,20.21,85.78,89.2,0.94,17.61
2024-10-28,0.0,20.29,86.53,89.15,1.02,17.85
2024-10-29,0.0,20.5,84.34,89.2,1.02,17.56
2024-10-30,0.0,20.83,79.77,89.26,1.03,16.98
2024-10-31,0.0,20.49,70.44,89.29,1.2,14.54
2024-11-01,0.0,19.52,66.16,89.31,1.13,12.54
2024-11-02,0.0,19.29,62.9,89.49,0.96,11.48
2024-11-03,0.0,19.46,65.18,89.57,1.19,12.53
2024-11-04,0.0,18.96,71.24,89.42,1.14,13.27
2024-11-05,0.01,18.15,79.58,89.55,1.08,14.35
2024-11-06,0.0,18.76,77.49,89.57,0.98,14.43
2024-11-07,0.0,18.98,79.1,89.55,0.97,15.03
2024-11-08,0.0,18.78,81.11,89.53,1.03,15.29
2024-11-09,0.0,17.99,87.02,89.56,0.97,15.64
2024-11-10,0.0,18.25,83.68,89.59,0.98,15.21
2024-11-11,0.0,18.38,81.12,89.55,0.97,14.84
2024-11-12,0.0,17.57,79.06,89.46,1.36,13.41
2024-11-13,0.0,17.14,64.64,89.36,1.21,9.77
2024-11-14,0.0,16.86,59.65,89.54,1.26,8.4
2024-11-15,0.0,16.61,57.14,89.46,1.18,7.63
2024-11-16,0.0,16.32,66.04,89.33,1.17,9.62
2024-11-17,0.0,15.89,61.47,89.38,1.51,7.9
2024-11-18,0.0,16.12,53.05,89.47,1.15,5.98
2024-11-19,0.0,15.74,57.04,89.53,1.17,6.8
2024-11-20,0.0,14.95,62.16,89.44,1.22,7.24
2024-11-21,0.0,14.59,62.43,89.38,1.19,6.92
2024-11-22,0.0,14.26,58.01,89.41,1.18,5.62
2024-11-23,0.0,14.59,55.74,89.5,1.22,5.47
2024-11-24,0.0,14.4,59.57,89.46,1.54,6.06
2024-11-25,0.0,14.62,59.62,89.42,1.42,6.31
2024-11-26,0.0,14.05,60.24,89.38,1.36,5.96
2024-11-27,0.0,13.85,61.89,89.37,1.24,6.08
2024-11-28,0.0,14.39,58.6,89.51,1.25,5.83
2024-11-29,0.0,14.89,54.55,89.61,1.13,5.36
2024-11-30,0.0,14.93,54.55,89.44,1.15,5.43
2024-12-01,0.0,14.68,55.01,89.31,1.22,5.23
2024-12-02,0.0,15.41,49.67,89.36,1.14,4.44
2024-12-03,0.0,14.6,50.11,89.51,1.38,3.48
2024-12-04,0.0,15.47,46.74,89.33,1.52,3.34
2024-12-05,0.0,14.57,45.45,89.28,1.19,2.2
2024-12-06,0.0,13.39,44.57,89.19,1.28,0.94
2024-12-07,0.0,12.21,46.8,89.19,1.23,0.76
2024-12-08,0.01,10.74,57.05,89.29,1.56,2.27
2024-12-09,0.6,9.0,66.18,89.37,1.28,2.73
2024-12-10,0.0,9.88,50.4,89.39,1.5,-1.03
2024-12-11,0.0,12.54,35.48,89.45,1.33,-3.01
2024-12-12,0.0,11.98,36.91,89.4,1.44,-3.1
2024-12-13,0.0,12.03,36.4,89.39,1.32,-3.49
2024-12-14,0.0,13.15,33.2,89.47,1.18,-3.32
2024-12-15,0.0,13.0,40.19,89.69,0.99,-0.74
2024-12-16,0.0,15.01,40.43,89.59,1.08,1.13
2024-12-17,0.0,14.64,45.29,89.53,1.24,2.53
2024-12-18,0.0,14.31,45.8,89.42,1.28,2.0
2024-12-19,0.0,12.77,53.0,89.51,1.48,2.96
2024-12-20,0.0,12.67,49.07,89.39,1.3,1.45
2024-12-21,0.0,12.27,45.37,89.39,1.4,0.19
2024-12-22,0.0,12.68,42.94,89.47,1.24,-0.15
2024-12-23,0.58,11.99,51.66,89.51,1.37,1.82
2024-12-24,0.6,11.41,69.92,89.56,1.3,5.66
2024-12-25,0.11,12.13,60.86,89.65,1.18,4.11
2024-12-26,0.0,13.55,50.35,89.9,1.22,2.93
2024-12-27,3.99,14.09,52.51,89.84,1.12,3.66
2024-12-28,15.13,11.26,84.48,89.8,1.46,8.63
2024-12-29,3.65,12.18,80.98,89.64,1.02,8.71
2024-12-30,0.0,12.08,51.28,89.55,1.34,0.93
2024-12-31,0.0,11.8,45.79,89.68,1.21,-0.12
2025-01-01,0.0,12.22,43.61,89.48,1.45,-0.72
2025-01-02,0.0,14.78,41.52,89.5,1.4,0.92
2025-01-03,0.0,16.03,42.2,89.6,1.26,2.39
2025-01-04,0.0,17.31,32.38,89.49,1.29,-0.59
2025-01-05,0.0,15.13,42.05,89.54,1.22,1.23
2025-01-06,0.35,12.44,62.77,89.5,1.31,5.14
2025-01-07,0.04,11.13,66.08,89.34,1.56,4.3
2025-01-08,0.0,11.62,48.79,89.24,1.23,0.35
2025-01-09,0.0,11.34,45.34,89.56,1.19,-0.76
2025-01-10,0.0,12.08,39.8,89.71,1.25,-1.73
2025-01-11,0.49,11.24,50.27,89.72,1.7,0.79
2025-01-12,3.18,8.71,80.92,89.67,1.39,5.45
2025-01-13,0.0,11.74,60.84,89.49,1.44,3.75
2025-01-14,0.0,12.92,46.0,89.63,1.39,0.95
2025-01-15,0.03,12.72,45.95,89.83,1.16,0.94
2025-01-16,3.91,9.44,79.09,89.86,1.05,5.74
2025-01-17,0.0,13.01,59.27,89.68,1.22,4.57
2025-01-18,0.01,14.64,43.92,89.57,1.37,1.83
2025-01-19,0.0,15.41,38.26,89.55,1.59,0.16
2025-01-20,0.0,15.31,42.54,89.39,1.6,1.71
2025-01-21,0.0,16.11,42.22,89.28,1.36,2.43
2025-01-22,0.0,15.23,43.48,89.31,1.34,2.19
2025-01-23,0.0,13.53,50.27,89.38,1.37,2.85
2025-01-24,0.0,12.9,50.58,89.32,1.54,2.02
2025-01-25,0.0,13.84,37.76,89.27,1.41,-1.57
2025-01-26,0.0,13.51,30.18,89.31,1.27,-4.65
2025-01-27,0.0,13.0,32.86,89.15,1.29,-3.78
2025-01-28,0.0,13.27,33.59,89.18,1.3,-3.3
2025-01-29,0.0,13.15,36.52,89.49,1.51,-1.96
2025-01-30,0.0,13.33,36.69,89.17,1.51,-2.02
2025-01-31,0.0,13.31,38.59,89.17,1.49,-1.17
2025-02-01,0.0,13.46,40.56,89.37,1.48,-0.45
2025-02-02,0.0,13.8,42.68,89.39,1.46,0.11
2025-02-03,0.0,14.92,37.56,89.38,1.6,-0.55
2025-02-04,0.15,15.92,46.49,89.49,1.15,3.99
2025-02-05,0.01,13.6,54.1,89.36,1.59,3.82
2025-02-06,0.0,12.3,38.19,89.39,1.89,-3.83
2025-02-07,0.0,13.74,27.61,89.34,1.68,-6.13
2025-02-08,0.0,15.08,27.46,89.35,1.4,-4.86
2025-02-09,0.0,15.37,33.92,89.37,1.84,-1.64
2025-02-10,0.0,14.88,35.75,89.36,1.69,-1.28
2025-02-11,0.0,14.39,41.47,89.31,2.13,0.32
2025-02-12,0.0,13.28,42.82,89.3,1.92,-0.29
2025-02-13,0.0,12.45,34.57,89.16,2.23,-4.6
2025-02-14,0.0,13.71,27.19,89.08,2.23,-6.45
2025-02-15,0.33,12.63,43.34,89.15,1.54,-0.98
2025-02-16,0.0,14.76,44.33,89.29,1.5,1.63
2025-02-17,0.0,15.02,41.68,89.51,1.76,1.15
2025-02-18,0.0,14.49,36.04,89.42,1.69,-1.66
2025-02-19,0.0,15.08,33.31,89.28,1.67,-2.1
2025-02-20,1.26,14.3,46.46,89.53,1.67,2.23
2025-02-21,2.22,14.44,57.6,89.59,1.79,5.05
2025-02-22,0.0,14.51,55.17,89.45,1.41,4.94
2025-02-23,0.0,14.69,52.91,89.56,1.61,4.13
2025-02-24,0.0,14.32,49.25,89.67,1.76,2.84
2025-02-25,0.0,15.23,45.27,89.76,1.38,2.66
2025-02-26,0.04,16.06,53.2,89.86,1.56,5.95
2025-02-27,8.55,14.74,73.67,89.68,1.55,9.76
2025-02-28,30.63,10.75,84.74,89.55,1.77,8.18
2025-03-01,6.0,14.51,71.44,89.41,1.27,8.71
2025-03-02,0.01,15.06,49.41,89.17,1.94,3.08
2025-03-03,0.24,16.6,35.81,89.17,1.6,0.04
2025-03-04,2.55,15.62,49.42,89.25,1.57,4.46
2025-03-05,0.0,13.86,44.94,89.02,2.15,0.63
2025-03-06,0.0,15.84,38.11,89.13,1.61,0.77
2025-03-07,0.0,15.71,37.07,89.06,1.68,-0.11
2025-03-08,0.0,16.05,38.85,88.94,1.61,0.79
2025-03-09,0.0,17.6,37.97,89.39,1.45,2.25
2025-03-10,0.0,18.01,39.62,89.72,1.66,3.07
2025-03-11,0.0,19.14,43.4,89.46,2.08,5.54
2025-03-12,0.0,20.43,45.27,89.05,2.17,6.97
2025-03-13,0.01,20.24,47.34,88.96,2.11,7.67
2025-03-14,0.1,20.72,39.46,89.16,1.55,5.34
2025-03-15,2.84,19.84,45.87,89.36,1.67,7.03
2025-03-16,5.25,18.48,55.5,89.39,1.51,8.57
2025-03-17,0.02,16.99,47.59,89.28,1.85,4.48
2025-03-18,0.0,18.35,41.24,89.24,1.75,3.72
2025-03-19,0.0,19.91,37.0,89.42,1.67,3.72
2025-03-20,0.0,19.11,36.18,89.58,1.79,1.85
2025-03-21,0.0,18.58,34.67,89.44,1.79,0.88
2025-03-22,0.05,17.44,34.68,89.35,1.68,0.38
2025-03-23,0.22,18.48,34.85,89.49,1.55,1.15
2025-03-24,0.0,19.67,33.89,89.5,1.62,2.33
2025-03-25,0.0,20.77,37.82,89.2,1.79,4.82
2025-03-26,0.0,22.17,35.17,89.03,2.14,4.07
2025-03-27,0.0,23.07,32.53,89.0,2.17,4.11
2025-03-28,0.0,21.37,30.43,89.01,2.17,1.09
2025-03-29,0.0,20.0,25.65,88.98,1.62,-3.13
2025-03-30,0.0,22.16,22.44,89.11,1.75,-2.5
2025-03-31,0.0,21.18,25.25,89.18,1.86,-1.69
2025-04-01,0.0,20.73,27.14,89.11,1.78,-0.91
2025-04-02,0.0,21.09,26.69,89.27,1.7,-0.98
2025-04-03,0.0,21.68,25.19,89.38,1.98,-1.1
2025-04-04,0.0,22.05,26.53,89.26,2.3,0.08
2025-04-05,0.0,22.25,28.05,89.0,1.67,1.13
2025-04-06,0.0,23.55,29.24,88.98,1.51,3.22
2025-04-07,0.0,24.24,29.41,89.24,1.66,3.69
2025-04-08,0.0,23.67,31.92,89.47,1.58,4.95
2025-04-09,3.7,24.22,39.23,89.25,1.51,8.48
2025-04-10,8.27,22.66,56.6,88.86,1.39,12.86
2025-04-11,1.11,22.15,52.2,88.79,1.48,10.93
2025-04-12,6.65,21.39,50.12,89.01,1.48,9.63
2025-04-13,0.0,22.16,45.14,89.11,1.42,8.39
2025-04-14,0.01,22.23,45.23,89.13,1.45,9.03
2025-04-15,0.0,23.17,46.91,89.21,1.4,10.42
2025-04-16,2.56,23.41,49.7,89.11,1.34,11.78
2025-04-17,0.48,24.34,46.89,88.92,1.41,11.52
2025-04-18,0.01,24.83,45.45,88.87,1.73,11.22
2025-04-19,1.79,24.82,45.98,88.95,1.62,11.3
2025-04-20,0.01,25.13,42.54,88.99,1.95,10.32
2025-04-21,0.0,26.7,37.22,89.16,1.66,9.12
2025-04-22,0.0,25.95,28.7,89.14,2.01,3.67
2025-04-23,0.0,25.56,23.13,88.9,1.98,0.79
2025-04-24,0.0,25.8,20.94,88.8,2.29,-0.39
2025-04-25,0.0,25.51,20.64,88.89,2.4,-0.81
2025-04-26,0.0,26.5,17.23,88.87,2.19,-3.06
2025-04-27,0.0,24.22,23.75,89.04,1.01,1.39
2025-04-28,0.0,24.79,26.84,88.98,1.88,3.47
2025-04-29,0.0,23.75,33.38,89.0,1.72,5.66
2025-04-30,0.0,23.83,45.61,89.12,1.7,10.96
2025-05-01,0.02,23.58,52.28,89.28,1.64,12.67
2025-05-02,2.61,23.36,51.21,89.23,1.22,12.26
2025-05-03,0.56,24.82,45.4,88.99,1.4,11.44
2025-05-04,14.98,22.86,57.76,88.93,1.59,13.57
2025-05-05,3.71,23.43,56.04,89.01,1.48,13.54
2025-05-06,0.93,24.04,51.08,88.97,1.8,12.46
2025-05-07,0.46,24.33,49.97,88.94,1.33,12.59
2025-05-08,3.55,24.82,49.99,89.0,1.71,12.87
2025-05-09,0.76,25.75,46.21,89.07,1.96,12.28
2025-05-10,3.26,25.54,51.48,89.0,1.66,13.87
2025-05-11,12.51,25.49,55.83,88.85,1.24,15.48
2025-05-12,0.1,25.97,46.04,88.75,1.92,11.89
2025-05-13,0.0,26.57,40.75,88.77,2.16,10.81
2025-05-14,0.0,27.15,39.04,88.79,2.19,10.38
2025-05-15,0.02,27.93,32.85,88.8,2.05,8.43
2025-05-16,1.06,28.07,35.2,88.77,2.06,10.24
2025-05-17,0.74,27.55,36.67,88.77,1.8,10.14
2025-05-18,1.09,26.6,40.96,88.79,1.75,10.97
2025-05-19,0.31,26.27,44.26,88.83,1.82,12.22
2025-05-20,1.62,27.34,46.02,88.63,1.82,13.62
2025-05-21,19.51,26.22,54.53,88.74,1.43,15.5
2025-05-22,0.74,25.04,56.8,88.71,1.52,14.91
2025-05-23,0.01,26.29,52.29,88.57,1.55,14.73
2025-05-24,7.16,25.78,60.83,88.67,1.73,17.1
2025-05-25,9.72,24.76,67.6,88.87,1.87,17.86
2025-05-26,4.11,25.7,59.42,88.69,1.33,16.55
2025-05-27,1.04,26.42,58.75,88.49,1.63,16.94
2025-05-28,1.85,26.35,60.77,88.38,1.49,17.79
2025-05-29,1.55,27.5,55.61,88.19,1.34,16.94
2025-05-30,0.25,27.88,47.46,88.14,1.72,14.61
2025-05-31,0.0,27.29,39.55,88.33,1.81,11.09
2025-06-01,0.1,26.84,34.65,88.39,2.21,7.73
2025-06-02,0.95,25.97,43.69,88.42,1.63,11.62
2025-06-03,2.01,25.27,42.69,88.59,1.74,10.21
2025-06-04,4.74,24.1,44.88,88.81,1.39,10.03
2025-06-05,0.73,24.6,43.66,89.02,1.54,10.45
2025-06-06,0.57,25.88,46.65,88.96,1.76,12.8
2025-06-07,0.01,27.17,45.25,88.88,1.61,13.26
2025-06-08,0.0,28.67,45.15,88.75,1.67,14.84
2025-06-09,0.0,29.3,43.34,88.62,1.66,14.54
2025-06-10,0.09,29.8,40.08,88.58,1.6,13.65
2025-06-11,0.42,29.82,46.59,88.65,1.63,16.31
2025-06-12,2.27,29.65,51.76,88.66,1.2,17.97
2025-06-13,18.0,27.78,64.82,88.71,1.18,20.26
2025-06-14,0.41,28.74,54.77,88.51,1.57,17.89
2025-06-15,17.91,27.43,62.05,88.43,1.12,19.03
2025-06-16,4.44,27.37,65.39,88.43,1.6,19.6
2025-06-17,5.3,27.3,65.01,88.46,1.2,19.52
2025-06-18,4.66,25.75,71.73,88.29,1.07,19.72
2025-06-19,0.59,27.19,65.75,88.19,1.72,19.37
2025-06-20,0.8,26.76,72.39,88.4,2.06,20.96
2025-06-21,3.09,27.72,66.61,88.47,1.58,20.4
2025-06-22,4.08,27.88,65.97,88.37,1.42,20.37
2025-06-23,19.87,26.03,78.25,88.2,1.7,21.6
2025-06-24,3.97,26.7,72.78,88.19,1.61,20.91
2025-06-25,12.68,25.46,79.35,88.48,1.34,21.44
2025-06-26,0.84,26.85,71.16,88.67,1.55,20.72
2025-06-27,5.63,26.95,70.63,88.55,1.44,20.82
2025-06-28,6.74,26.38,73.15,88.39,1.52,20.79
2025-06-29,20.49,24.9,79.2,88.21,1.49,20.76
2025-06-30,40.44,23.41,85.64,88.24,1.59,20.7
2025-07-01,3.8,25.71,72.23,88.32,1.39,19.83
2025-07-02,1.6,26.12,76.24,88.38,1.44,21.21
2025-07-03,4.46,25.62,79.66,88.47,1.46,21.57
2025-07-04,5.9,25.61,82.26,88.42,1.76,22.12
2025-07-05,0.85,26.44,79.08,88.31,1.9,22.15
2025-07-06,8.65,26.02,80.21,88.29,1.82,22.07
2025-07-07,22.47,25.46,81.63,88.37,1.39,21.73
2025-07-08,6.7,24.5,88.52,88.32,1.48,22.39
2025-07-09,35.34,24.68,87.85,88.42,1.66,22.39
2025-07-10,30.91,23.34,88.59,88.63,1.46,21.25
2025-07-11,8.74,24.44,83.36,88.61,1.35,21.24
2025-07-12,9.06,25.81,77.7,88.61,1.21,21.34
2025-07-13,6.95,25.66,79.99,88.58,1.33,21.74
2025-07-14,9.29,24.71,84.67,88.53,1.64,21.74
2025-07-15,2.73,24.07,85.0,88.5,1.83,21.21
2025-07-16,11.75,23.81,82.81,88.56,1.33,20.53
2025-07-17,25.42,24.83,80.51,88.66,1.01,20.94
2025-07-18,1.12,24.48,81.81,88.59,2.12,20.92
2025-07-19,0.02,25.0,83.04,88.38,1.5,21.69
2025-07-20,6.24,24.75,85.57,88.24,2.01,21.97
2025-07-21,17.58,23.81,85.01,88.54,1.35,20.95
2025-07-22,7.27,24.72,81.01,88.37,1.19,21.08
2025-07-23,4.26,24.43,90.09,88.14,1.58,22.57
2025-07-24,2.94,25.5,87.63,88.02,1.09,23.12
2025-07-25,22.04,26.67,81.12,88.1,1.08,22.81
2025-07-26,9.36,26.56,81.98,88.16,1.4,22.89
2025-07-27,6.9,25.47,85.08,88.16,1.41,22.57
2025-07-28,2.6,25.14,86.97,88.09,1.56,22.69
2025-07-29,12.62,24.09,85.93,88.22,1.68,21.44
2025-07-30,11.4,24.56,85.91,88.34,1.7,21.9
2025-07-31,23.59,24.34,86.96,88.41,1.27,21.9
2025-08-01,9.24,24.7,88.27,88.45,1.35,22.5
2025-08-02,3.09,24.36,90.08,88.45,1.68,22.52
2025-08-03,29.04,23.71,94.05,88.54,1.44,22.65
2025-08-04,57.88,23.34,95.19,88.59,1.99,22.5
2025-08-05,86.35,23.78,92.65,88.66,1.77,22.44
2025-08-06,38.92,22.98,92.26,88.71,1.7,21.59
2025-08-07,0.9,24.15,88.41,88.54,1.61,21.97
2025-08-08,14.05,24.2,91.41,88.68,1.13,22.63
2025-08-09,3.83,24.35,86.79,88.85,1.06,21.85
2025-08-10,12.51,24.0,90.45,88.74,1.04,22.22
2025-08-11,26.38,23.89,93.26,88.64,1.64,22.68
2025-08-12,4.69,24.55,91.06,88.53,2.03,22.88
2025-08-13,20.84,23.87,92.9,88.5,1.46,22.59
2025-08-14,65.85,23.07,94.21,88.81,1.51,22.06
2025-08-15,8.97,23.29,89.23,88.67,1.3,21.29
2025-08-16,10.4,23.39,86.94,88.61,0.67,20.97
2025-08-17,13.46,24.86,80.5,88.73,0.77,20.92
2025-08-18,15.08,24.54,82.21,88.89,1.06,21.09
2025-08-19,7.36,24.31,85.29,88.78,1.16,21.56
2025-08-20,5.06,24.15,87.28,88.73,1.2,21.73
2025-08-21,5.13,24.33,88.24,88.66,1.32,22.1
2025-08-22,1.82,24.47,88.34,88.44,1.29,22.25
2025-08-23,6.26,23.85,90.39,88.49,1.23,22.06
2025-08-24,5.15,24.45,86.87,88.58,1.05,21.98
2025-08-25,22.4,23.31,91.24,88.61,1.74,21.75
2025-08-26,7.55,23.82,88.92,88.78,1.57,21.76
2025-08-27,7.65,23.99,91.28,88.67,1.24,22.4
2025-08-28,13.76,23.73,90.2,88.66,1.48,21.9
2025-08-29,5.79,22.6,89.07,88.83,0.9,20.59
2025-08-30,15.92,23.3,87.84,88.92,1.02,21.04
2025-08-31,47.57,22.63,93.13,88.79,1.16,21.4
2025-09-01,52.12,22.16,92.29,88.57,1.52,20.8
2025-09-02,51.33,21.5,89.8,88.7,1.89,19.71
2025-09-03,9.3,22.8,84.61,88.85,1.13,19.92
2025-09-04,2.54,24.19,82.02,88.83,1.13,20.7
2025-09-05,2.67,23.37,90.03,88.88,1.16,21.56
2025-09-06,0.8,23.89,87.67,88.93,1.26,21.57
2025-09-07,1.05,23.56,89.25,88.89,0.87,21.57
2025-09-08,0.1,23.51,88.04,88.9,1.23,21.26
2025-09-09,0.1,23.48,90.62,88.95,1.76,21.74
2025-09-10,0.11,23.65,92.16,88.73,2.42,22.22
2025-09-11,1.46,22.93,91.31,88.71,2.12,21.35
2025-09-12,5.01,22.96,91.46,88.94,1.08,21.39
2025-09-13,13.99,23.29,88.97,88.98,1.01,21.22
2025-09-14,3.2,23.54,88.96,88.93,1.44,21.51
2025-09-15,4.51,22.94,92.13,88.72,2.07,21.5
2025-09-16,18.36,22.33,94.0,88.84,1.76,21.27
2025-09-17,17.14,22.64,87.03,88.86,1.06,20.14
2025-09-18,9.36,22.59,86.57,88.91,0.97,20.07
2025-09-19,2.54,22.36,92.46,88.97,1.36,21.0
2025-09-20,0.04,22.97,89.84,88.86,1.33,21.05
2025-09-21,0.0,23.08,90.19,88.71,1.37,21.25
2025-09-22,0.0,23.08,88.5,88.77,1.13,20.95
2025-09-23,0.0,23.43,87.39,88.75,1.1,21.06
2025-09-24,0.0,23.91,86.42,88.67,1.11,21.3
2025-09-25,0.0,23.94,83.3,88.73,1.1,20.57
2025-09-26,0.0,24.08,77.36,88.88,1.04,19.34
2025-09-27,0.0,24.09,80.37,89.17,1.14,20.21
2025-09-28,0.1,23.64,87.99,89.08,1.14,21.39
2025-09-29,11.19,23.09,90.23,88.92,1.22,21.26
2025-09-30,3.66,22.58,89.73,88.78,1.13,20.66
2025-10-01,0.46,22.75,84.11,88.74,0.88,19.6
2025-10-02,6.0,21.85,87.07,89.1,1.12,19.44
2025-10-03,1.4,21.75,87.18,89.3,0.98,19.37
2025-10-04,0.01,22.02,87.83,89.01,1.72,19.73
2025-10-05,0.01,21.71,81.98,89.0,1.04,18.11
2025-10-06,9.38,21.2,75.2,89.21,1.06,16.37
2025-10-07,19.96,19.33,77.17,89.26,1.23,15.03
2025-10-08,6.82,19.33,78.83,89.29,1.17,15.25
2025-10-09,0.14,19.08,80.15,89.36,1.03,15.22
2025-10-10,0.0,18.99,79.87,89.28,1.12,15.13
2025-10-11,0.0,19.06,81.96,89.24,1.16,15.53
2025-10-12,0.0,19.39,84.05,89.22,1.08,16.32
2025-10-13,0.0,18.98,85.86,89.31,1.08,16.37
2025-10-14,0.0,19.13,82.7,89.22,1.11,15.88
2025-10-15,0.0,19.11,81.89,89.25,1.16,15.72
2025-10-16,0.0,19.68,81.04,89.24,1.08,16.02
2025-10-17,0.0,19.77,84.77,89.41,1.16,16.87
2025-10-18,0.0,19.89,82.16,89.37,1.19,16.31
2025-10-19,0.0,19.65,80.32,89.29,1.12,15.81
2025-10-20,0.0,19.94,78.83,89.38,1.01,15.94
2025-10-21,0.0,20.01,77.42,89.51,1.07,15.63
2025-10-22,0.0,20.55,74.61,89.51,1.11,15.51
2025-10-23,0.02,19.72,71.55,89.4,1.15,14.11
2025-10-24,0.0,19.18,62.25,89.4,1.2,11.37
2025-10-25,0.0,18.48,63.1,89.37,1.16,11.01
2025-10-26,0.0,18.44,65.88,89.47,1.19,11.66
2025-10-27,0.0,19.2,61.28,89.55,1.07,11.07
2025-10-28,0.03,18.34,66.97,89.51,1.07,11.55
2025-10-29,0.02,19.4,75.54,89.4,1.17,14.65
2025-10-30,0.07,18.95,80.55,89.38,0.81,15.38
2025-10-31,0.01,18.74,84.21,89.21,1.27,15.76
2025-11-01,0.0,18.83,83.5,89.2,1.26,15.55
2025-11-02,0.0,17.48,78.24,89.15,1.36,13.29
2025-11-03,0.0,17.62,73.53,89.02,1.12,12.57
2025-11-04,0.0,18.17,69.27,89.17,0.99,12.06
2025-11-05,0.0,17.58,72.65,89.09,1.2,12.24
2025-11-06,0.0,17.5,66.71,89.2,1.17,10.72
2025-11-07,0.0,17.11,58.6,89.36,1.26,8.32
2025-11-08,0.0,16.9,54.22,89.44,1.21,6.98
2025-11-09,0.0,16.34,52.98,89.31,1.21,6.11
2025-11-10,0.0,16.31,52.57,89.33,1.21,6.04
2025-11-11,0.0,16.07,55.4,89.39,1.23,6.48
2025-11-12,0.0,15.99,49.09,89.44,1.25,4.59
2025-11-13,0.0,14.58,54.09,89.57,1.22,4.7
2025-11-14,0.0,14.6,55.35,89.54,1.21,5.06
2025-11-15,0.0,14.78,55.15,89.65,1.15,5.42
2025-11-16,0.0,14.6,58.68,89.73,1.03,6.03
2025-11-17,0.0,14.73,59.13,89.73,1.08,6.38
2025-11-18,0.0,16.01,61.52,89.56,1.06,8.08
2025-11-19,0.0,14.76,73.91,89.63,1.2,9.87
2025-11-20,0.0,14.84,72.97,89.68,1.26,9.67
2025-11-21,0.0,14.44,66.44,89.77,1.27,7.85
2025-11-22,0.0,13.89,64.0,89.58,1.15,6.73
2025-11-23,0.0,13.6,61.86,89.58,1.21,5.88
2025-11-24,0.0,13.76,59.5,89.67,1.08,5.46
2025-11-25,0.0,13.01,55.05,89.63,1.18,3.58
2025-11-26,0.0,13.57,54.35,89.68,1.25,3.97
2025-11-27,0.0,14.58,52.12,89.84,1.09,4.34
2025-11-28,0.0,15.25,46.91,89.66,1.26,3.2
2025-11-29,0.0,14.48,49.77,89.47,1.3,3.19
2025-11-30,0.0,15.03,45.62,89.35,1.13,2.33
2025-12-01,0.0,13.99,53.92,89.41,1.11,4.33
2025-12-02,0.0,12.84,59.09,89.39,1.19,4.47
2025-12-03,0.0,12.35,53.63,89.6,1.16,2.68
2025-12-04,0.0,13.16,48.04,89.64,1.26,1.64
2025-12-05,0.0,12.72,50.78,89.79,1.24,2.23
2025-12-06,0.0,13.46,47.08,89.66,1.23,1.02
2025-12-07,0.0,14.05,42.9,89.62,1.23,0.62
2025-12-08,0.0,14.4,45.5,89.61,1.6,1.95
2025-12-09,0.0,13.45,43.62,89.51,1.27,0.26
2025-12-10,0.0,13.45,44.54,89.55,1.17,0.93
2025-12-11,0.0,12.91,51.56,89.46,1.18,2.29
2025-12-12,0.0,12.83,58.11,89.45,1.15,4.34
2025-12-13,0.0,13.03,64.56,89.62,0.95,6.06
2025-12-14,0.0,13.79,64.04,89.72,1.06,6.59
2025-12-15,0.0,13.84,54.52,89.59,1.04,3.97
2025-12-16,0.0,13.35,50.4,89.47,1.41,1.86
2025-12-17,0.0,12.66,52.54,89.55,1.05,2.52
2025-12-18,0.0,12.73,56.15,89.66,0.96,3.52
2025-12-19,0.0,11.88,56.57,89.4,0.79,3.04
2025-12-20,0.0,10.97,57.86,89.32,0.85,2.38
2025-12-21,0.0,12.15,55.78,89.57,0.87,3.21
2025-12-22,0.0,13.56,60.18,89.61,0.95,5.54
2025-12-23,0.0,13.26,50.36,89.36,1.65,1.62
2025-12-24,0.0,12.21,45.71,89.26,1.19,-0.5
2025-12-25,0.0,11.05,54.47,89.42,0.94,1.42
2025-12-26,0.0,9.84,61.22,89.5,0.8,2.34
2025-12-27,0.0,10.92,48.37,89.46,1.1,-0.25
2025-12-28,0.0,11.33,47.18,89.52,1.11,-0.38
2025-12-29,0.0,12.29,40.49,89.44,1.38,-1.69
2025-12-30,0.0,12.31,44.92,89.24,1.51,-0.25
2025-12-31,0.0,11.02,51.52,89.17,1.21,0.78
