date,rain,T2M,RH2M,PS,WS2M,T2MDEW
1995-01-01,0.0,19.61,75.97,93.4,0.28,14.82
1995-01-02,0.0,18.9,69.52,93.37,0.34,12.46
1995-01-03,0.0,19.36,70.36,93.32,0.32,13.11
1995-01-04,0.0,20.12,73.53,93.35,0.34,14.54
1995-01-05,0.0,21.04,80.13,93.42,0.27,17.1
1995-01-06,0.0,21.07,81.33,93.44,0.25,17.48
1995-01-07,0.03,22.11,78.33,93.48,0.27,17.77
1995-01-08,0.24,22.36,84.99,93.39,0.32,19.47
1995-01-09,6.41,21.95,88.33,93.31,0.42,19.75
1995-01-10,1.81,22.65,82.35,93.31,0.33,19.09
1995-01-11,0.01,22.48,79.7,93.39,0.42,18.36
1995-01-12,0.0,21.56,79.75,93.39,0.38,17.33
1995-01-13,0.0,21.8,75.63,93.29,0.37,16.66
1995-01-14,0.01,22.13,78.94,93.28,0.31,17.84
1995-01-15,5.37,22.02,82.69,93.33,0.14,18.65
1995-01-16,14.09,21.87,79.14,93.36,0.23,17.61
1995-01-17,7.44,21.72,80.3,93.35,0.3,17.75
1995-01-18,0.03,22.51,78.07,93.4,0.34,18.16
1995-01-19,0.02,22.72,77.67,93.4,0.43,18.31
1995-01-20,0.81,23.08,78.35,93.25,0.28,18.79
1995-01-21,0.06,22.59,74.29,93.28,0.28,17.21
1995-01-22,0.0,20.41,67.92,93.35,0.41,13.13
1995-01-23,0.0,20.62,65.64,93.38,0.3,12.81
1995-01-24,0.0,20.92,67.75,93.36,0.28,13.9
1995-01-25,0.0,20.98,70.3,93.47,0.28,14.64
1995-01-26,0.0,20.04,65.84,93.48,0.38,12.4
1995-01-27,0.0,20.64,65.44,93.43,0.22,12.95
1995-01-28,0.0,20.6,71.93,93.43,0.26,14.75
1995-01-29,0.0,21.48,65.15,93.41,0.31,13.62
1995-01-30,0.0,22.51,68.72,93.4,0.25,15.52
1995-01-31,0.0,23.56,70.36,93.41,0.23,17.15
1995-02-01,0.0,23.89,69.32,93.45,0.21,17.15
1995-02-02,0.0,23.2,70.29,93.44,0.26,16.89
1995-02-03,0.0,22.35,75.0,93.39,0.21,17.36
1995-02-04,0.0,23.14,73.57,93.32,0.28,17.67
1995-02-05,0.02,23.92,73.31,93.42,0.27,18.36
1995-02-06,0.0,23.27,65.72,93.44,0.4,15.69
1995-02-07,0.0,22.67,65.91,93.45,0.3,15.06
1995-02-08,0.0,23.31,61.7,93.38,0.28,14.22
1995-02-09,0.0,23.04,59.09,93.38,0.45,13.12
1995-02-10,0.0,23.68,62.22,93.32,0.46,14.64
1995-02-11,0.0,24.15,61.18,93.31,0.39,14.36
1995-02-12,0.0,23.32,57.63,93.31,0.34,12.53
1995-02-13,0.0,23.46,53.04,93.33,0.45,11.38
1995-02-14,0.0,24.26,62.75,93.29,0.27,15.21
1995-02-15,0.0,24.53,67.75,93.22,0.39,16.97
1995-02-16,0.0,24.9,66.2,93.19,0.33,16.71
1995-02-17,0.0,25.39,67.37,93.21,0.4,17.67
1995-02-18,0.0,25.59,67.76,93.2,0.35,18.09
1995-02-19,0.0,25.5,68.97,93.23,0.32,18.43
1995-02-20,0.0,25.72,64.65,93.22,0.31,17.16
1995-02-21,0.0,25.2,65.7,93.23,0.29,17.14
1995-02-22,0.0,25.04,60.34,93.17,0.38,15.12
1995-02-23,0.0,24.84,64.96,93.18,0.42,16.1
1995-02-24,0.0,24.53,61.67,93.19,0.34,14.64
1995-02-25,0.0,24.99,65.42,93.22,0.41,16.62
1995-02-26,0.0,25.43,63.34,93.22,0.43,16.07
1995-02-27,0.0,25.42,63.96,93.21,0.45,16.52
1995-02-28,0.0,25.19,63.84,93.14,0.4,16.29
1995-03-01,0.0,25.42,56.75,93.21,0.35,13.46
1995-03-02,0.0,25.27,54.68,93.34,0.32,12.89
1995-03-03,0.0,24.12,43.33,93.3,0.21,8.67
1995-03-04,0.0,24.55,45.14,93.32,0.31,8.92
1995-03-05,0.0,25.54,54.57,93.25,0.38,12.83
1995-03-06,0.0,25.32,57.03,93.21,0.34,13.35
1995-03-07,0.0,25.13,54.98,93.18,0.43,12.53
1995-03-08,0.0,24.9,54.86,93.23,0.5,12.63
1995-03-09,1.18,24.85,64.69,93.22,0.38,16.55
1995-03-10,6.87,24.26,74.01,93.25,0.33,18.42
1995-03-11,1.52,25.1,72.02,93.28,0.32,18.67
1995-03-12,24.7,24.67,77.16,93.22,0.26,19.76
1995-03-13,36.25,23.99,75.07,93.22,0.22,18.33
1995-03-14,1.56,24.02,65.78,93.27,0.34,15.53
1995-03-15,0.0,24.53,60.76,93.42,0.36,14.93
1995-03-16,0.0,24.5,62.35,93.42,0.43,14.23
1995-03-17,0.0,25.59,62.89,93.39,0.43,15.62
1995-03-18,0.0,24.86,59.73,93.42,0.36,13.73
1995-03-19,0.0,24.77,53.01,93.43,0.34,12.69
1995-03-20,0.0,23.57,55.88,93.32,0.31,12.15
1995-03-21,0.0,24.05,52.0,93.25,0.31,11.49
1995-03-22,0.0,22.92,62.6,93.22,0.37,14.55
1995-03-23,0.0,24.27,52.58,93.08,0.32,12.31
1995-03-24,0.0,24.49,61.77,93.1,0.32,15.07
1995-03-25,0.0,25.35,74.39,93.11,0.45,19.42
1995-03-26,0.19,25.22,72.56,93.08,0.44,19.11
1995-03-27,0.24,25.25,71.33,92.99,0.4,18.82
1995-03-28,0.11,24.89,74.38,93.03,0.36,19.47
1995-03-29,0.15,25.13,71.2,93.05,0.46,18.76
1995-03-30,0.16,25.74,67.77,93.04,0.43,18.09
1995-03-31,0.02,26.22,66.62,93.05,0.49,18.14
1995-04-01,0.0,26.72,63.89,93.02,0.44,17.04
1995-04-02,0.0,27.01,62.92,93.01,0.37,16.57
1995-04-03,0.0,26.31,62.95,93.09,0.31,16.8
1995-04-04,0.0,25.55,70.57,93.15,0.26,19.25
1995-04-05,1.84,25.01,73.15,93.18,0.28,19.05
1995-04-06,8.93,25.0,77.25,93.25,0.32,19.76
1995-04-07,6.95,24.32,79.85,93.17,0.31,19.99
1995-04-08,1.61,24.88,76.8,93.03,0.44,19.6
1995-04-09,1.57,26.69,66.57,93.03,0.37,17.97
1995-04-10,1.12,26.52,66.35,93.24,0.32,17.75
1995-04-11,1.46,26.4,69.03,93.25,0.33,18.81
1995-04-12,1.06,26.21,70.67,93.25,0.36,19.36
1995-04-13,0.64,25.88,74.35,93.22,0.46,20.08
1995-04-14,0.02,25.68,74.57,93.18,0.44,20.13
1995-04-15,0.72,25.36,74.83,93.18,0.48,19.96
1995-04-16,0.1,25.53,71.3,93.12,0.4,19.19
1995-04-17,0.29,26.54,67.66,93.04,0.33,18.82
1995-04-18,0.07,25.19,74.81,93.15,0.23,19.77
1995-04-19,5.93,24.55,76.23,93.12,0.21,19.46
1995-04-20,12.13,24.38,79.38,93.08,0.3,19.98
1995-04-21,0.04,25.28,70.97,93.03,0.24,18.56
1995-04-22,0.0,25.26,67.83,93.06,0.34,17.75
1995-04-23,0.0,26.14,68.58,93.09,0.3,18.47
1995-04-24,1.44,25.76,71.13,93.04,0.26,18.87
1995-04-25,1.43,25.74,74.45,93.03,0.31,19.92
1995-04-26,0.33,26.88,69.68,92.9,0.33,19.45
1995-04-27,0.21,26.39,71.33,92.99,0.21,19.86
1995-04-28,0.03,26.13,71.62,93.07,0.28,19.75
1995-04-29,9.96,25.53,75.6,93.06,0.31,19.98
1995-04-30,1.93,25.06,77.6,93.0,0.39,20.04
1995-05-01,4.43,24.94,77.38,92.81,0.36,19.83
1995-05-02,1.77,25.67,77.38,92.91,0.33,20.6
1995-05-03,0.6,25.77,73.94,92.93,0.3,19.71
1995-05-04,0.39,25.48,77.29,92.79,0.27,20.68
1995-05-05,5.61,23.82,85.42,92.66,0.33,20.99
1995-05-06,14.83,24.02,83.42,92.64,0.49,20.53
1995-05-07,34.68,23.44,90.76,92.72,0.68,21.75
1995-05-08,35.31,23.5,92.53,92.8,0.78,22.18
1995-05-09,36.21,23.62,90.31,92.76,0.87,21.85
1995-05-10,22.74,23.52,87.09,92.75,0.93,21.11
1995-05-11,63.37,22.98,88.69,92.92,0.82,20.9
1995-05-12,22.2,23.04,87.95,93.03,0.77,20.8
1995-05-13,1.1,22.63,86.27,92.93,0.68,20.07
1995-05-14,0.8,22.47,85.43,92.86,0.71,19.73
1995-05-15,0.32,22.77,87.17,92.97,0.69,20.37
1995-05-16,0.42,23.23,86.67,93.1,0.61,20.72
1995-05-17,0.3,23.3,85.95,93.17,0.45,20.58
1995-05-18,0.11,23.14,86.98,93.16,0.37,20.68
1995-05-19,0.0,23.68,83.29,93.14,0.34,20.35
1995-05-20,0.06,23.25,87.11,93.18,0.44,20.81
1995-05-21,32.5,22.46,88.4,93.14,0.32,20.31
1995-05-22,3.05,22.28,87.59,93.12,0.41,19.93
1995-05-23,0.05,22.23,88.54,93.16,0.32,20.08
1995-05-24,0.0,23.26,87.19,93.1,0.39,20.79
1995-05-25,9.67,22.5,91.75,93.13,0.33,21.03
1995-05-26,2.99,23.76,87.41,93.08,0.42,21.29
1995-05-27,0.27,23.7,89.9,93.08,0.37,21.81
1995-05-28,0.0,23.8,89.16,93.04,0.41,21.77
1995-05-29,1.79,23.54,89.3,93.04,0.35,21.56
1995-05-30,0.59,23.8,89.12,93.0,0.45,21.75
1995-05-31,0.02,23.49,86.92,93.12,0.34,21.0
1995-06-01,1.09,24.14,85.06,93.0,0.49,21.2
1995-06-02,1.0,23.96,88.96,92.89,0.63,21.9
1995-06-03,13.55,22.93,92.55,92.92,0.52,21.63
1995-06-04,4.01,22.75,89.54,92.93,0.54,20.83
1995-06-05,0.03,22.9,90.51,92.92,0.48,21.2
1995-06-06,0.0,22.82,89.9,92.98,0.57,21.0
1995-06-07,0.17,22.96,87.56,93.05,0.51,20.66
1995-06-08,8.98,23.05,89.0,93.03,0.52,21.01
1995-06-09,5.84,22.78,90.88,92.94,0.59,21.12
1995-06-10,25.37,22.86,91.13,92.96,0.72,21.26
1995-06-11,19.83,23.22,91.28,92.9,0.94,21.66
1995-06-12,9.66,23.4,90.14,92.88,0.85,21.6
1995-06-13,25.51,23.32,90.17,92.92,0.9,21.53
1995-06-14,39.7,23.18,89.87,92.91,0.79,21.31
1995-06-15,40.6,22.29,91.8,92.98,0.64,20.81
1995-06-16,19.17,22.14,91.57,93.03,0.66,20.63
1995-06-17,11.9,22.17,93.74,92.98,0.61,21.09
1995-06-18,1.55,22.51,90.56,92.98,0.63,20.78
1995-06-19,1.37,21.95,92.77,93.04,0.59,20.68
1995-06-20,0.4,22.21,91.91,93.1,0.55,20.75
1995-06-21,9.83,22.08,91.18,93.2,0.72,20.5
1995-06-22,8.9,20.62,93.67,93.19,0.54,19.52
1995-06-23,3.14,21.93,91.47,93.02,0.69,20.4
1995-06-24,2.18,22.13,90.63,92.95,0.54,20.43
1995-06-25,3.72,21.73,89.98,93.06,0.46,19.87
1995-06-26,10.12,21.52,94.58,93.03,0.5,20.59
1995-06-27,5.37,22.49,91.38,92.95,0.53,20.9
1995-06-28,12.89,22.08,91.99,92.9,0.66,20.64
1995-06-29,22.16,21.44,92.04,92.91,0.75,20.01
1995-06-30,18.86,21.84,92.55,92.94,0.98,20.53
1995-07-01,4.32,21.77,90.24,92.92,0.79,19.98
1995-07-02,3.62,22.09,90.39,92.89,0.74,20.34
1995-07-03,2.16,22.14,90.62,93.01,0.65,20.44
1995-07-04,0.86,22.64,88.86,92.99,0.53,20.55
1995-07-05,0.41,22.43,92.12,92.81,0.66,21.02
1995-07-06,12.36,21.96,93.08,92.78,0.87,20.75
1995-07-07,36.6,21.17,91.14,92.91,0.73,19.57
1995-07-08,17.6,21.16,90.74,92.96,0.61,19.48
1995-07-09,12.03,21.59,91.43,92.91,0.72,20.04
1995-07-10,17.0,21.3,94.0,92.78,0.71,20.27
1995-07-11,18.98,21.66,93.63,92.83,0.83,20.56
1995-07-12,23.04,21.48,93.96,93.0,0.71,20.44
1995-07-13,8.89,20.98,93.24,93.07,0.48,19.79
1995-07-14,17.01,21.11,93.86,93.03,0.53,20.04
1995-07-15,4.63,21.31,92.56,93.02,0.49,19.98
1995-07-16,9.1,21.59,92.75,93.01,0.7,20.31
1995-07-17,14.04,21.34,93.82,93.03,0.54,20.26
1995-07-18,5.74,20.94,93.91,93.12,0.5,19.88
1995-07-19,3.13,20.3,93.36,93.13,0.49,19.14
1995-07-20,2.15,21.17,90.61,93.1,0.54,19.45
1995-07-21,0.58,20.22,91.32,93.18,0.42,18.68
1995-07-22,0.25,20.84,91.04,93.16,0.38,19.25
1995-07-23,25.87,21.5,92.45,93.14,0.44,20.15
1995-07-24,16.45,21.62,93.73,93.07,0.52,20.5
1995-07-25,10.07,21.05,93.84,93.11,0.58,19.98
1995-07-26,4.51,21.25,92.5,93.06,0.47,19.91
1995-07-27,2.87,21.07,94.46,93.03,0.51,20.11
1995-07-28,1.83,21.66,92.69,92.89,0.48,20.35
1995-07-29,5.83,22.11,92.66,92.7,0.7,20.8
1995-07-30,2.68,21.87,93.4,92.76,0.69,20.71
1995-07-31,15.84,21.67,93.97,92.97,0.64,20.63
1995-08-01,4.05,22.09,90.67,93.08,0.58,20.39
1995-08-02,0.87,21.84,91.46,93.02,0.63,20.29
1995-08-03,0.87,21.75,91.23,92.9,0.57,20.16
1995-08-04,0.51,22.07,89.3,93.03,0.52,20.09
1995-08-05,0.8,22.39,91.14,93.06,0.52,20.76
1995-08-06,2.65,22.36,92.77,93.01,0.53,21.07
1995-08-07,4.16,21.47,93.09,93.03,0.51,20.25
1995-08-08,2.14,21.26,92.65,92.98,0.54,19.95
1995-08-09,7.8,21.86,90.68,93.01,0.52,20.15
1995-08-10,5.97,22.49,89.84,92.99,0.53,20.6
1995-08-11,1.54,22.81,90.05,93.09,0.38,20.95
1995-08-12,19.23,22.77,89.59,93.16,0.33,20.82
1995-08-13,4.34,22.29,90.86,93.07,0.42,20.6
1995-08-14,0.19,22.23,90.74,93.08,0.41,20.53
1995-08-15,1.07,21.06,91.35,93.22,0.48,19.5
1995-08-16,2.26,20.32,91.53,93.15,0.45,18.8
1995-08-17,2.39,21.57,91.96,93.05,0.55,20.11
1995-08-18,16.77,21.73,91.51,93.12,0.5,20.21
1995-08-19,21.12,22.01,94.28,93.16,0.59,21.01
1995-08-20,20.73,22.38,94.14,93.14,0.52,21.35
1995-08-21,5.15,22.29,92.84,93.01,0.59,21.03
1995-08-22,2.44,21.79,94.26,92.9,0.63,20.81
1995-08-23,6.9,21.13,92.83,92.95,0.64,19.87
1995-08-24,2.86,21.83,90.33,92.97,0.63,20.06
1995-08-25,2.11,22.37,91.6,92.99,0.64,20.84
1995-08-26,14.38,22.13,93.92,92.96,0.78,21.08
1995-08-27,14.01,21.93,95.27,92.97,0.75,21.13
1995-08-28,13.28,21.7,94.33,93.0,0.84,20.72
1995-08-29,26.8,21.28,93.49,93.01,0.76,20.14
1995-08-30,29.48,20.68,94.73,93.0,0.88,19.79
1995-08-31,18.37,21.36,94.91,92.98,0.92,20.49
1995-09-01,19.53,22.09,93.11,92.97,0.9,20.87
1995-09-02,12.1,21.97,93.22,93.04,0.84,20.78
1995-09-03,3.33,21.95,92.28,93.06,0.86,20.58
1995-09-04,1.72,21.74,91.75,93.15,0.67,20.26
1995-09-05,1.91,21.87,92.38,93.18,0.58,20.51
1995-09-06,13.94,21.59,93.32,93.25,0.52,20.4
1995-09-07,6.72,21.68,92.21,93.25,0.41,20.26
1995-09-08,4.81,21.89,91.13,93.28,0.42,20.27
1995-09-09,0.81,21.31,91.38,93.23,0.37,19.76
1995-09-10,0.09,21.33,91.44,93.15,0.32,19.77
1995-09-11,0.76,22.0,90.55,93.06,0.35,20.3
1995-09-12,0.81,22.46,88.48,93.17,0.35,20.26
1995-09-13,0.91,21.92,88.42,93.26,0.39,19.73
1995-09-14,1.56,21.74,88.85,93.21,0.47,19.65
1995-09-15,3.2,22.09,91.63,93.13,0.64,20.58
1995-09-16,4.11,22.74,95.39,93.01,0.68,21.95
1995-09-17,3.51,22.15,94.87,93.13,0.61,21.26
1995-09-18,18.88,22.05,91.44,93.19,0.48,20.51
1995-09-19,12.25,22.11,89.62,93.15,0.48,20.18
1995-09-20,0.88,22.59,91.09,93.13,0.62,20.98
1995-09-21,26.32,22.95,91.25,93.18,0.56,21.35
1995-09-22,19.59,21.73,93.99,93.23,0.5,20.69
1995-09-23,9.79,22.29,91.55,93.17,0.41,20.73
1995-09-24,0.36,22.55,90.28,93.13,0.48,20.74
1995-09-25,0.04,22.38,90.27,93.09,0.46,20.58
1995-09-26,0.0,22.35,89.46,93.12,0.44,20.41
1995-09-27,0.0,22.53,87.66,93.14,0.41,20.17
1995-09-28,0.04,21.9,89.56,93.15,0.38,19.98
1995-09-29,0.01,22.66,88.74,93.09,0.49,20.56
1995-09-30,2.2,22.13,94.39,92.99,0.54,21.18
1995-10-01,0.64,22.57,90.65,93.04,0.45,20.84
1995-10-02,0.89,21.89,90.38,93.21,0.37,20.18
1995-10-03,1.08,20.63,90.53,93.29,0.32,18.96
1995-10-04,7.72,21.5,92.53,93.12,0.44,20.17
1995-10-05,2.16,21.61,93.21,93.06,0.4,20.42
1995-10-06,10.13,22.44,89.29,93.04,0.33,20.37
1995-10-07,3.62,22.25,91.38,93.05,0.46,20.67
1995-10-08,32.35,21.89,93.78,93.03,0.51,20.79
1995-10-09,13.56,22.28,90.92,92.99,0.44,20.61
1995-10-10,2.0,22.1,90.25,92.96,0.45,20.3
1995-10-11,14.4,21.44,92.05,93.04,0.42,20.0
1995-10-12,3.82,21.4,92.12,93.13,0.34,19.97
1995-10-13,0.17,22.18,89.03,93.17,0.34,20.1
1995-10-14,0.24,22.02,86.29,93.18,0.36,19.35
1995-10-15,0.14,22.41,88.59,93.06,0.37,20.27
1995-10-16,0.01,21.78,91.7,93.08,0.33,20.29
1995-10-17,0.0,22.19,88.55,93.12,0.4,20.0
1995-10-18,0.0,22.21,89.82,93.22,0.39,20.33
1995-10-19,7.42,22.14,91.24,93.15,0.43,20.55
1995-10-20,2.1,22.47,90.0,93.04,0.41,20.58
1995-10-21,4.4,22.83,90.96,92.99,0.27,21.12
1995-10-22,2.44,22.41,90.45,93.04,0.42,20.66
1995-10-23,2.3,22.65,89.67,93.13,0.24,20.69
1995-10-24,6.77,21.94,86.92,93.12,0.24,19.42
1995-10-25,1.89,21.46,82.93,93.06,0.28,18.1
1995-10-26,2.11,22.6,83.83,93.07,0.24,19.38
1995-10-27,12.01,22.81,86.22,92.99,0.32,20.09
1995-10-28,44.66,22.53,90.22,92.94,0.2,20.67
1995-10-29,4.66,22.04,87.15,92.94,0.26,19.52
1995-10-30,1.1,22.92,88.43,92.89,0.26,20.64
1995-10-31,1.9,22.13,94.95,92.87,0.26,21.24
1995-11-01,3.23,22.02,93.96,92.93,0.41,20.95
1995-11-02,40.76,21.91,94.52,93.0,0.4,20.95
1995-11-03,43.89,22.05,95.13,92.99,0.39,21.2
1995-11-04,32.73,21.99,93.14,93.0,0.48,20.76
1995-11-05,5.96,21.49,94.25,93.0,0.39,20.48
1995-11-06,9.73,20.72,93.01,93.06,0.28,19.49
1995-11-07,5.76,20.97,91.42,93.04,0.21,19.44
1995-11-08,1.22,22.17,89.15,92.95,0.32,20.14
1995-11-09,0.47,21.72,93.16,92.97,0.34,20.51
1995-11-10,2.97,21.87,90.48,93.1,0.33,20.11
1995-11-11,0.6,22.02,90.08,93.21,0.41,20.14
1995-11-12,0.19,22.33,89.16,93.15,0.37,20.28
1995-11-13,4.47,21.44,88.25,93.3,0.19,19.32
1995-11-14,0.85,21.91,87.76,93.32,0.32,19.6
1995-11-15,14.78,21.17,85.0,93.15,0.41,18.24
1995-11-16,1.72,20.88,86.06,93.06,0.33,18.06
1995-11-17,0.36,21.61,87.8,93.09,0.32,19.36
1995-11-18,0.06,21.05,87.1,93.12,0.4,18.66
1995-11-19,0.0,20.75,88.76,93.08,0.37,18.73
1995-11-20,0.01,21.84,87.79,93.12,0.37,19.53
1995-11-21,0.01,22.26,86.94,93.2,0.31,19.73
1995-11-22,0.07,21.6,88.45,93.24,0.26,19.38
1995-11-23,0.24,22.03,89.62,93.21,0.43,20.13
1995-11-24,0.37,22.29,88.82,93.16,0.45,20.18
1995-11-25,1.08,21.34,87.32,93.21,0.37,18.95
1995-11-26,0.22,20.05,84.5,93.37,0.38,16.84
1995-11-27,0.03,21.07,85.74,93.44,0.48,18.25
1995-11-28,12.68,21.49,86.57,93.43,0.41,18.96
1995-11-29,4.12,21.37,85.32,93.47,0.29,18.55
1995-11-30,0.0,20.42,79.64,93.48,0.27,16.4
1995-12-01,0.0,18.85,79.29,93.42,0.33,14.77
1995-12-02,0.0,18.51,79.41,93.5,0.31,14.46
1995-12-03,0.0,19.54,81.35,93.48,0.24,15.88
1995-12-04,0.0,19.82,80.44,93.4,0.33,15.97
1995-12-05,0.02,18.95,81.94,93.38,0.38,15.46
1995-12-06,0.0,20.06,82.18,93.42,0.26,16.57
1995-12-07,0.0,20.68,82.14,93.46,0.31,17.2
1995-12-08,0.0,19.6,79.93,93.47,0.4,15.67
1995-12-09,0.0,19.4,75.57,93.43,0.3,14.46
1995-12-10,0.0,20.3,83.46,93.36,0.25,17.14
1995-12-11,0.51,20.74,84.53,93.44,0.32,17.81
1995-12-12,0.02,18.58,77.72,93.52,0.46,14.18
1995-12-13,0.0,18.8,79.35,93.53,0.34,14.77
1995-12-14,0.0,18.58,78.6,93.49,0.37,14.33
1995-12-15,0.0,18.88,77.57,93.47,0.32,14.31
1995-12-16,0.0,18.99,78.11,93.52,0.34,14.66
1995-12-17,0.0,19.41,78.94,93.55,0.32,15.28
1995-12-18,0.0,19.34,81.39,93.55,0.35,15.78
1995-12-19,0.0,20.13,80.54,93.5,0.34,16.36
1995-12-20,0.0,19.94,80.23,93.47,0.41,16.11
1995-12-21,0.0,20.03,78.56,93.39,0.38,15.86
1995-12-22,0.0,19.72,77.64,93.46,0.41,15.26
1995-12-23,0.0,20.45,75.96,93.43,0.37,15.67
1995-12-24,0.0,20.63,78.02,93.39,0.33,16.27
1995-12-25,0.0,20.34,79.43,93.41,0.29,16.23
1995-12-26,0.0,20.02,76.56,93.51,0.32,15.32
1995-12-27,0.0,20.24,78.9,93.54,0.37,16.13
1995-12-28,0.0,20.52,76.52,93.6,0.33,15.88
1995-12-29,0.01,20.24,77.74,93.56,0.37,15.84
1995-12-30,0.01,20.13,74.29,93.46,0.27,14.94
1995-12-31,0.03,20.06,77.17,93.43,0.35,15.5
1996-01-01,0.0,20.24,75.38,93.43,0.27,15.24
1996-01-02,0.0,21.12,81.18,93.45,0.28,17.43
1996-01-03,0.0,21.86,81.4,93.43,0.25,18.2
1996-01-04,0.0,21.67,77.69,93.34,0.22,17.25
1996-01-05,0.0,20.94,75.37,93.24,0.22,15.96
1996-01-06,0.0,19.82,73.22,93.3,0.31,14.25
1996-01-07,0.0,19.48,69.93,93.38,0.36,13.08
1996-01-08,0.0,20.16,71.06,93.44,0.36,14.13
1996-01-09,0.0,20.5,72.31,93.41,0.3,14.77
1996-01-10,0.0,20.5,66.48,93.33,0.29,13.13
1996-01-11,0.0,20.62,71.09,93.2,0.32,14.47
1996-01-12,0.0,21.27,70.87,93.22,0.24,14.92
1996-01-13,0.0,22.0,66.21,93.23,0.29,14.55
1996-01-14,0.0,22.63,76.25,93.13,0.27,17.64
1996-01-15,0.02,23.02,77.8,93.12,0.28,18.53
1996-01-16,6.47,21.94,81.1,93.22,0.28,18.26
1996-01-17,0.39,22.57,75.03,93.28,0.21,17.14
1996-01-18,0.0,22.18,67.12,93.32,0.33,14.87
1996-01-19,0.0,22.26,65.54,93.22,0.26,14.69
1996-01-20,0.0,22.3,71.46,93.18,0.39,16.03
1996-01-21,0.0,21.89,66.61,93.18,0.32,14.31
1996-01-22,0.0,20.79,62.84,93.28,0.34,12.45
1996-01-23,0.0,20.68,61.65,93.32,0.38,11.86
1996-01-24,0.0,20.74,63.09,93.28,0.3,12.43
1996-01-25,0.0,20.27,58.11,93.25,0.37,10.11
1996-01-26,0.0,21.03,57.82,93.12,0.33,10.92
1996-01-27,0.0,21.32,57.59,93.15,0.35,11.1
1996-01-28,0.0,21.15,57.65,93.22,0.34,11.0
1996-01-29,0.0,21.6,59.45,93.19,0.29,11.75
1996-01-30,0.0,22.35,56.42,93.16,0.32,11.59
1996-01-31,0.36,21.74,53.4,93.18,0.3,9.68
1996-02-01,6.48,20.7,63.38,93.16,0.39,11.92
1996-02-02,0.0,21.02,58.99,93.17,0.34,11.05
1996-02-03,0.0,21.09,55.26,93.16,0.33,9.49
1996-02-04,0.0,21.79,59.88,93.18,0.29,12.3
1996-02-05,0.0,23.15,66.33,93.16,0.23,15.79
1996-02-06,0.0,22.61,60.08,93.18,0.28,13.18
1996-02-07,0.0,21.88,56.68,93.24,0.37,11.28
1996-02-08,0.0,22.08,59.25,93.25,0.37,12.4
1996-02-09,0.0,22.84,63.83,93.24,0.43,14.48
1996-02-10,0.0,23.96,68.31,93.28,0.38,16.66
1996-02-11,0.0,23.85,65.9,93.29,0.28,16.09
1996-02-12,0.0,24.16,63.18,93.24,0.26,15.62
1996-02-13,0.0,23.96,60.81,93.17,0.33,14.4
1996-02-14,0.0,23.4,61.49,93.12,0.41,14.05
1996-02-15,0.0,23.33,65.2,93.06,0.34,15.29
1996-02-16,0.0,23.72,61.88,93.02,0.26,14.39
1996-02-17,0.0,22.99,56.92,93.1,0.33,12.05
1996-02-18,0.0,23.69,51.02,93.16,0.33,11.0
1996-02-19,0.0,23.72,52.86,93.19,0.29,11.83
1996-02-20,0.0,25.34,60.71,93.13,0.35,15.96
1996-02-21,0.0,25.23,69.19,93.2,0.33,18.33
1996-02-22,0.0,25.16,68.96,93.24,0.34,18.14
1996-02-23,1.23,25.3,68.3,93.25,0.28,17.7
1996-02-24,0.08,25.32,61.6,93.3,0.31,15.23
1996-02-25,0.0,25.45,53.3,93.24,0.37,12.33
1996-02-26,0.0,25.1,61.22,93.26,0.48,15.5
1996-02-27,0.0,25.1,64.73,93.28,0.29,16.79
1996-02-28,0.85,25.47,60.86,93.27,0.26,15.64
1996-02-29,0.89,24.58,53.47,93.28,0.26,11.9
1996-03-01,0.0,23.72,53.75,93.37,0.26,11.47
1996-03-02,0.0,23.86,52.14,93.26,0.32,11.09
1996-03-03,0.0,24.55,47.2,93.24,0.34,9.15
1996-03-04,0.0,23.55,52.3,93.32,0.34,10.65
1996-03-05,0.0,23.87,49.33,93.31,0.27,9.52
1996-03-06,0.0,24.41,49.58,93.23,0.41,10.66
1996-03-07,0.0,25.03,50.57,93.26,0.42,11.22
1996-03-08,0.0,25.17,49.45,93.28,0.41,10.93
1996-03-09,0.0,24.89,54.45,93.29,0.43,12.01
1996-03-10,0.0,25.01,47.03,93.21,0.34,8.9
1996-03-11,0.0,24.68,43.0,93.19,0.43,7.21
1996-03-12,0.0,25.23,40.08,93.23,0.34,6.89
1996-03-13,0.0,25.71,42.09,93.12,0.51,7.42
1996-03-14,0.0,26.3,55.1,93.07,0.47,12.66
1996-03-15,0.0,25.87,54.26,93.06,0.47,12.01
1996-03-16,0.0,26.23,59.01,93.02,0.48,15.66
1996-03-17,0.0,26.01,65.78,93.07,0.52,18.17
1996-03-18,0.0,26.62,65.45,93.02,0.45,18.56
1996-03-19,0.0,25.83,66.86,93.0,0.37,18.56
1996-03-20,0.0,27.71,59.28,92.89,0.39,17.13
1996-03-21,0.0,27.45,54.49,93.02,0.35,14.85
1996-03-22,0.0,27.45,51.58,93.03,0.34,13.16
1996-03-23,0.0,27.32,46.21,93.02,0.43,11.01
1996-03-24,0.0,28.02,56.65,93.06,0.41,16.22
1996-03-25,0.0,28.43,52.58,92.99,0.43,14.99
1996-03-26,0.0,28.21,55.34,92.94,0.43,15.65
1996-03-27,0.0,27.91,60.0,92.94,0.56,17.56
1996-03-28,4.01,26.48,69.71,93.0,0.5,19.78
1996-03-29,0.42,26.12,72.43,92.9,0.45,19.84
1996-03-30,0.6,26.85,67.02,92.9,0.44,18.59
1996-03-31,0.15,26.82,64.93,92.93,0.4,18.13
1996-04-01,0.2,26.53,68.13,92.86,0.42,19.13
1996-04-02,0.04,26.71,66.75,92.87,0.38,19.02
1996-04-03,2.21,27.44,58.34,92.91,0.29,16.91
1996-04-04,0.34,26.94,57.09,92.96,0.27,15.33
1996-04-05,1.02,26.87,56.54,92.97,0.33,14.29
1996-04-06,0.99,26.23,60.97,93.1,0.35,16.08
1996-04-07,1.81,25.36,67.95,93.22,0.21,18.33
1996-04-08,9.01,25.07,74.43,93.23,0.36,19.3
1996-04-09,8.5,25.47,75.59,93.1,0.48,19.68
1996-04-10,16.76,24.03,84.24,93.08,0.48,20.9
1996-04-11,4.09,24.86,79.23,92.96,0.35,20.38
1996-04-12,0.28,25.35,75.08,93.01,0.4,19.83
1996-04-13,10.79,24.44,80.29,93.19,0.32,20.37
1996-04-14,2.54,23.26,86.0,93.25,0.31,20.63
1996-04-15,9.41,24.21,78.79,93.25,0.26,19.71
1996-04-16,1.98,25.14,76.27,93.09,0.39,19.86
1996-04-17,2.63,24.29,82.86,93.06,0.47,20.87
1996-04-18,12.37,24.39,80.71,93.14,0.2,20.43
1996-04-19,2.98,24.3,77.89,93.16,0.26,19.65
1996-04-20,1.85,24.92,77.02,93.1,0.35,19.93
1996-04-21,9.36,23.86,88.78,93.08,0.38,21.77
1996-04-22,4.53,24.91,77.29,93.09,0.28,19.68
1996-04-23,0.43,24.9,78.38,93.08,0.28,20.23
1996-04-24,5.27,25.32,78.65,93.06,0.4,20.65
1996-04-25,1.22,25.75,76.68,92.97,0.33,20.59
1996-04-26,0.32,25.4,79.32,92.94,0.43,21.1
1996-04-27,2.62,25.32,76.27,92.96,0.44,20.12
1996-04-28,1.93,25.5,76.36,92.96,0.5,20.28
1996-04-29,0.56,25.52,78.05,92.95,0.63,20.82
1996-04-30,1.59,24.27,84.49,92.97,0.55,21.3
1996-05-01,1.43,23.88,85.9,92.99,0.51,21.19
1996-05-02,0.25,25.27,78.11,92.97,0.52,20.7
1996-05-03,1.4,25.88,75.63,92.95,0.45,20.59
1996-05-04,0.46,25.13,78.93,93.01,0.34,20.74
1996-05-05,0.0,24.43,80.96,93.0,0.39,20.66
1996-05-06,0.32,24.71,76.38,93.01,0.48,19.66
1996-05-07,0.03,25.26,70.62,93.07,0.43,18.49
1996-05-08,0.0,25.07,74.77,93.12,0.53,19.55
1996-05-09,0.0,24.7,71.25,93.16,0.52,18.37
1996-05-10,0.0,25.31,71.55,93.19,0.52,18.97
1996-05-11,0.0,25.92,71.01,93.29,0.5,19.3
1996-05-12,0.0,25.95,72.3,93.3,0.54,19.75
1996-05-13,0.18,25.4,75.9,93.31,0.63,20.3
1996-05-14,0.1,25.57,74.37,93.19,0.68,20.0
1996-05-15,0.0,25.95,69.34,93.2,0.61,19.02
1996-05-16,0.0,26.04,67.59,93.25,0.55,18.35
1996-05-17,0.0,25.78,72.44,93.2,0.57,19.71
1996-05-18,0.0,25.35,76.11,93.15,0.61,20.34
1996-05-19,0.0,25.97,72.86,93.08,0.54,20.03
1996-05-20,6.53,24.82,83.24,93.14,0.38,21.53
1996-05-21,2.08,25.47,78.57,93.11,0.43,20.94
1996-05-22,0.0,25.85,75.57,93.05,0.44,20.63
1996-05-23,8.58,25.4,78.1,92.99,0.47,20.82
1996-05-24,3.21,24.95,79.58,93.03,0.56,20.73
1996-05-25,1.15,25.45,76.59,93.06,0.45,20.51
1996-05-26,0.11,25.41,78.57,93.06,0.52,20.97
1996-05-27,1.03,24.74,77.61,93.05,0.55,20.13
1996-05-28,0.87,24.35,80.19,92.88,0.66,20.35
1996-05-29,1.45,24.29,84.63,92.75,0.44,21.34
1996-05-30,4.15,24.32,79.67,92.87,0.31,20.14
1996-05-31,0.34,25.33,76.87,92.98,0.41,20.26
1996-06-01,3.76,24.45,81.33,93.0,0.44,20.71
1996-06-02,1.67,24.46,83.09,92.96,0.43,21.09
1996-06-03,3.59,24.39,80.74,92.95,0.32,20.51
1996-06-04,11.29,24.58,78.03,92.93,0.64,19.88
1996-06-05,3.44,23.79,77.57,93.03,0.61,19.13
1996-06-06,0.31,23.89,80.89,93.02,0.64,20.05
1996-06-07,0.09,24.3,79.4,93.07,0.66,20.17
1996-06-08,0.62,23.81,84.95,92.91,0.88,20.98
1996-06-09,5.81,23.35,81.93,92.93,0.65,19.8
1996-06-10,3.41,23.02,87.6,92.9,0.8,20.71
1996-06-11,16.61,22.66,87.71,92.9,0.9,20.42
1996-06-12,5.88,22.71,88.7,92.79,1.06,20.69
1996-06-13,16.06,22.47,90.05,92.64,1.21,20.73
1996-06-14,26.86,21.57,90.14,92.73,1.11,19.86
1996-06-15,19.58,22.31,89.16,92.74,1.08,20.38
1996-06-16,27.63,22.94,91.86,92.72,0.93,21.51
1996-06-17,38.99,23.05,91.41,92.79,0.93,21.52
1996-06-18,17.39,22.99,89.94,92.91,0.87,21.16
1996-06-19,20.69,22.1,92.45,92.99,0.78,20.78
1996-06-20,34.06,22.73,92.8,93.0,0.87,21.46
1996-06-21,42.27,21.65,90.83,93.07,0.64,20.0
1996-06-22,56.49,21.62,90.98,93.06,0.65,19.99
1996-06-23,6.8,22.02,88.84,93.11,0.37,19.93
1996-06-24,0.21,21.51,88.74,93.12,0.44,19.41
1996-06-25,0.1,22.73,88.81,92.98,0.46,20.64
1996-06-26,0.03,22.58,88.99,93.08,0.41,20.53
1996-06-27,0.39,22.77,88.56,93.22,0.47,20.63
1996-06-28,0.1,22.6,88.89,93.25,0.45,20.54
1996-06-29,0.01,22.47,87.84,93.35,0.48,20.2
1996-06-30,0.21,22.03,89.65,93.33,0.43,20.12
1996-07-01,0.02,21.45,91.16,93.21,0.43,19.88
1996-07-02,0.0,22.09,88.98,93.2,0.4,20.09
1996-07-03,0.0,21.74,89.25,93.3,0.36,19.73
1996-07-04,0.0,22.4,86.7,93.2,0.43,19.87
1996-07-05,0.53,22.92,86.77,92.99,0.48,20.39
1996-07-06,5.2,22.21,93.26,92.9,0.72,21.04
1996-07-07,5.32,21.88,92.75,92.79,0.52,20.59
1996-07-08,32.22,21.97,93.27,92.81,0.63,20.79
1996-07-09,25.58,22.38,92.75,92.92,0.66,21.09
1996-07-10,21.85,21.66,94.9,92.88,0.77,20.79
1996-07-11,13.78,21.23,91.68,92.82,0.69,19.75
1996-07-12,10.99,21.23,90.75,92.9,0.83,19.57
1996-07-13,17.25,21.27,92.41,93.03,0.81,19.94
1996-07-14,8.38,21.54,93.67,93.0,0.86,20.44
1996-07-15,4.23,21.77,93.96,92.98,0.82,20.72
1996-07-16,12.52,22.01,92.89,92.99,0.78,20.75
1996-07-17,20.25,21.99,92.05,93.03,0.8,20.57
1996-07-18,9.05,21.65,92.92,93.09,0.9,20.41
1996-07-19,22.73,21.2,93.38,93.11,0.94,20.05
1996-07-20,26.72,21.65,92.49,93.06,0.96,20.33
1996-07-21,36.12,21.26,95.55,93.12,0.9,20.51
1996-07-22,29.83,21.66,94.78,93.05,0.82,20.76
1996-07-23,29.12,21.53,95.26,93.08,0.79,20.72
1996-07-24,23.23,21.58,94.71,93.09,0.88,20.67
1996-07-25,17.21,21.41,95.15,93.05,0.87,20.58
1996-07-26,21.08,21.69,94.48,93.15,0.87,20.73
1996-07-27,6.24,20.98,93.95,93.25,0.65,19.94
1996-07-28,2.4,20.85,92.81,93.23,0.67,19.58
1996-07-29,2.81,21.11,93.05,93.2,0.88,19.9
1996-07-30,12.27,20.28,92.71,93.27,0.71,19.01
1996-07-31,3.96,20.54,92.56,93.3,0.58,19.22
1996-08-01,9.02,20.89,94.37,93.32,0.62,19.91
1996-08-02,2.66,22.05,92.0,93.25,0.69,20.61
1996-08-03,3.93,21.71,91.76,93.17,0.67,20.23
1996-08-04,2.47,20.94,90.87,93.07,0.56,19.29
1996-08-05,2.5,20.77,92.28,93.19,0.61,19.41
1996-08-06,2.67,21.34,93.83,93.26,0.54,20.27
1996-08-07,27.73,21.49,93.05,93.28,0.48,20.26
1996-08-08,9.56,21.56,92.09,93.29,0.55,20.15
1996-08-09,1.56,21.2,92.18,93.21,0.69,19.8
1996-08-10,1.71,21.11,92.45,93.12,0.81,19.79
1996-08-11,2.56,21.18,93.69,93.06,0.75,20.09
1996-08-12,4.1,20.85,93.39,93.09,0.78,19.7
1996-08-13,3.36,21.12,92.77,92.95,0.7,19.85
1996-08-14,4.41,21.61,92.71,92.85,0.68,20.3
1996-08-15,3.69,21.12,93.04,92.98,0.63,19.88
1996-08-16,5.13,20.88,92.43,93.02,0.51,19.54
1996-08-17,5.27,20.91,93.47,93.02,0.53,19.77
1996-08-18,15.64,21.11,92.84,92.96,0.51,19.85
1996-08-19,3.85,21.35,90.36,92.87,0.45,19.58
1996-08-20,0.35,21.22,92.2,92.95,0.43,19.82
1996-08-21,1.23,21.59,92.25,93.01,0.44,20.19
1996-08-22,17.5,21.43,91.98,93.09,0.42,19.99
1996-08-23,7.85,21.14,94.64,93.05,0.59,20.22
1996-08-24,20.17,21.58,92.14,93.05,0.56,20.18
1996-08-25,13.47,21.27,92.43,93.07,0.63,19.92
1996-08-26,5.9,21.28,93.5,93.06,0.72,20.14
1996-08-27,16.52,21.11,93.26,93.12,0.74,19.93
1996-08-28,4.13,21.73,90.86,93.1,0.63,20.07
1996-08-29,0.39,21.61,90.77,93.06,0.65,19.94
1996-08-30,2.62,21.38,91.27,93.1,0.56,19.81
1996-08-31,1.07,21.54,91.56,93.09,0.47,20.01
1996-09-01,0.06,21.74,93.39,93.06,0.48,20.58
1996-09-02,0.01,21.78,90.03,93.03,0.43,19.95
1996-09-03,0.66,21.39,92.09,92.96,0.47,19.98
1996-09-04,8.73,21.63,89.68,92.94,0.43,19.71
1996-09-05,3.14,21.6,93.46,92.83,0.51,20.44
1996-09-06,0.75,21.31,90.71,92.92,0.4,19.64
1996-09-07,0.75,21.68,90.38,92.95,0.41,19.91
1996-09-08,20.4,20.91,93.63,92.98,0.26,19.78
1996-09-09,2.94,21.08,91.33,92.88,0.28,19.5
1996-09-10,1.86,21.16,89.93,92.89,0.38,19.31
1996-09-11,2.04,20.59,92.39,92.96,0.45,19.22
1996-09-12,15.39,21.65,92.85,92.96,0.68,20.38
1996-09-13,4.5,20.89,93.64,93.01,0.55,19.78
1996-09-14,4.41,21.1,92.61,92.94,0.56,19.8
1996-09-15,4.05,21.53,92.26,92.96,0.67,20.15
1996-09-16,5.75,21.71,90.92,93.11,0.65,20.08
1996-09-17,15.41,21.77,92.71,93.08,0.6,20.47
1996-09-18,17.5,21.99,92.11,93.06,0.57,20.56
1996-09-19,8.56,21.63,93.93,93.16,0.58,20.57
1996-09-20,2.52,21.78,92.27,93.15,0.45,20.4
1996-09-21,2.78,21.12,93.27,93.13,0.4,19.93
1996-09-22,0.35,20.76,89.8,93.17,0.33,18.9
1996-09-23,0.25,21.48,90.98,92.98,0.36,19.84
1996-09-24,1.13,21.34,92.81,93.04,0.42,20.08
1996-09-25,1.3,21.61,89.27,93.18,0.32,19.61
1996-09-26,3.12,21.71,91.65,93.12,0.45,20.2
1996-09-27,17.97,21.7,93.59,93.06,0.62,20.57
1996-09-28,62.72,21.76,94.24,93.06,0.6,20.75
1996-09-29,38.57,21.54,91.08,93.08,0.67,19.93
1996-09-30,3.02,21.52,91.88,93.01,0.64,20.09
1996-10-01,0.49,21.89,90.46,92.91,0.65,20.17
1996-10-02,4.42,21.56,90.01,92.97,0.7,19.76
1996-10-03,4.94,21.32,90.33,93.12,0.61,19.57
1996-10-04,3.03,21.43,90.99,93.17,0.49,19.79
1996-10-05,6.79,21.43,90.56,93.12,0.37,19.7
1996-10-06,0.8,22.03,87.51,93.11,0.44,19.6
1996-10-07,0.0,22.61,88.76,93.14,0.45,20.44
1996-10-08,1.74,22.9,91.43,93.17,0.37,21.3
1996-10-09,17.2,22.22,91.25,93.09,0.23,20.6
1996-10-10,8.69,22.52,90.03,92.99,0.27,20.62
1996-10-11,17.58,22.07,94.41,92.96,0.19,21.1
1996-10-12,5.06,22.69,92.16,93.05,0.27,21.27
1996-10-13,10.01,22.38,93.57,93.17,0.33,21.23
1996-10-14,39.18,22.35,91.34,93.07,0.29,20.74
1996-10-15,42.11,21.83,95.63,92.93,0.3,21.09
1996-10-16,12.5,22.42,90.42,92.92,0.25,20.64
1996-10-17,8.19,22.59,91.45,92.92,0.33,21.01
1996-10-18,19.6,21.47,95.24,92.91,0.67,20.65
1996-10-19,8.95,20.3,92.11,92.97,0.46,18.89
1996-10-20,1.48,21.58,90.32,92.97,0.34,19.79
1996-10-21,0.15,21.78,87.9,93.03,0.4,19.44
1996-10-22,24.08,21.78,92.75,93.1,0.49,20.5
1996-10-23,6.07,21.97,90.07,93.22,0.44,20.15
1996-10-24,0.07,21.32,87.62,93.31,0.39,19.01
1996-10-25,0.3,21.24,86.19,93.29,0.35,18.61
1996-10-26,1.05,20.12,87.84,93.21,0.47,17.88
1996-10-27,2.19,20.59,89.13,93.09,0.47,18.58
1996-10-28,0.46,20.73,88.66,93.21,0.38,18.63
1996-10-29,0.51,20.63,86.13,93.24,0.39,17.95
1996-10-30,0.0,20.63,85.78,93.18,0.42,17.87
1996-10-31,0.0,21.33,87.55,93.12,0.37,18.97
1996-11-01,0.0,22.39,86.38,93.08,0.33,19.74
1996-11-02,0.91,21.7,93.38,93.07,0.49,20.56
1996-11-03,3.41,21.15,93.45,93.09,0.49,20.0
1996-11-04,2.48,21.58,88.57,93.08,0.37,19.39
1996-11-05,0.41,21.06,84.4,93.05,0.38,17.99
1996-11-06,0.1,19.85,85.31,93.07,0.33,17.02
1996-11-07,0.0,20.33,83.67,93.08,0.31,17.07
1996-11-08,0.0,21.7,85.6,93.19,0.33,18.8
1996-11-09,0.0,22.21,83.59,93.32,0.36,18.84
1996-11-10,0.0,22.36,86.26,93.32,0.38,19.67
1996-11-11,0.23,22.54,87.69,93.32,0.47,20.22
1996-11-12,5.13,22.41,88.59,93.28,0.45,20.23
1996-11-13,0.72,22.51,85.79,93.2,0.33,19.65
1996-11-14,0.86,22.26,85.61,93.25,0.2,19.44
1996-11-15,1.77,21.85,85.59,93.38,0.24,19.1
1996-11-16,0.07,21.36,80.13,93.33,0.28,17.5
1996-11-17,0.23,22.19,84.64,93.28,0.24,19.25
1996-11-18,1.39,21.96,86.55,93.3,0.3,19.44
1996-11-19,0.23,22.41,86.84,93.29,0.16,19.88
1996-11-20,2.19,22.25,84.17,93.29,0.22,19.18
1996-11-21,0.57,21.61,87.17,93.15,0.24,19.18
1996-11-22,0.7,21.62,92.01,92.99,0.26,20.2
1996-11-23,0.7,21.52,94.28,93.03,0.16,20.51
1996-11-24,1.27,21.73,89.14,93.07,0.17,19.7
1996-11-25,8.54,21.47,89.18,93.1,0.18,19.48
1996-11-26,7.16,21.6,89.93,93.09,0.3,19.75
1996-11-27,6.6,21.64,88.46,93.01,0.32,19.49
1996-11-28,1.2,20.8,89.69,92.98,0.32,18.94
1996-11-29,22.57,21.57,87.01,93.1,0.31,19.11
1996-11-30,4.56,20.86,78.1,93.18,0.41,16.38
1996-12-01,0.0,20.22,83.08,93.22,0.42,16.84
1996-12-02,0.0,20.9,81.07,93.16,0.35,17.2
1996-12-03,0.0,19.54,80.48,93.15,0.44,15.65
1996-12-04,0.0,19.11,81.29,93.21,0.36,15.43
1996-12-05,0.0,20.02,83.75,93.13,0.3,16.8
1996-12-06,0.0,20.22,82.7,93.17,0.31,16.7
1996-12-07,0.34,21.87,86.27,93.17,0.38,19.22
1996-12-08,7.91,21.05,91.83,93.21,0.23,19.59
1996-12-09,5.96,20.08,93.59,93.12,0.29,18.98
1996-12-10,5.77,20.05,94.09,93.03,0.24,19.03
1996-12-11,4.83,20.88,93.85,93.03,0.22,19.8
1996-12-12,20.47,21.22,90.8,93.06,0.16,19.55
1996-12-13,4.71,21.7,89.78,93.05,0.21,19.81
1996-12-14,28.3,21.07,96.11,92.98,0.27,20.39
1996-12-15,14.77,21.42,96.01,93.01,0.36,20.74
1996-12-16,33.74,21.24,93.97,93.15,0.36,20.17
1996-12-17,8.09,22.3,89.69,93.23,0.36,20.34
1996-12-18,0.7,21.59,88.03,93.33,0.26,19.32
1996-12-19,41.24,20.43,90.36,93.4,0.22,18.64
1996-12-20,1.0,18.31,81.04,93.47,0.35,14.56
1996-12-21,0.0,18.94,81.68,93.51,0.31,15.37
1996-12-22,0.0,19.72,82.94,93.57,0.26,16.4
1996-12-23,0.0,20.2,84.44,93.58,0.27,17.21
1996-12-24,0.0,19.72,82.27,93.53,0.24,16.24
1996-12-25,0.0,18.88,81.6,93.49,0.21,15.22
1996-12-26,0.0,18.8,81.38,93.41,0.19,15.03
1996-12-27,0.0,20.71,83.22,93.39,0.22,17.49
1996-12-28,0.0,20.43,82.34,93.44,0.28,17.01
1996-12-29,0.0,19.64,81.34,93.42,0.3,16.03
1996-12-30,0.0,19.43,80.85,93.42,0.39,15.74
1996-12-31,0.0,18.92,81.52,93.42,0.42,15.41
1997-01-01,0.0,19.23,82.1,93.48,0.34,15.82
1997-01-02,0.0,20.29,81.04,93.49,0.31,16.65
1997-01-03,0.0,21.04,83.55,93.47,0.28,17.84
1997-01-04,0.0,21.25,81.47,93.43,0.33,17.65
1997-01-05,0.0,19.96,81.96,93.4,0.27,16.41
1997-01-06,0.0,19.29,81.41,93.43,0.26,15.67
1997-01-07,0.0,18.88,76.9,93.39,0.25,14.2
1997-01-08,0.0,20.19,81.87,93.36,0.27,16.62
1997-01-09,0.0,21.16,82.05,93.35,0.24,17.62
1997-01-10,0.0,21.44,82.53,93.39,0.28,18.02
1997-01-11,0.36,21.56,83.09,93.47,0.27,18.25
1997-01-12,1.03,21.99,84.2,93.42,0.23,18.93
1997-01-13,0.13,20.96,83.89,93.39,0.22,17.88
1997-01-14,0.0,21.67,79.94,93.39,0.22,17.66
1997-01-15,0.0,21.78,82.96,93.34,0.24,18.43
1997-01-16,0.01,21.63,81.87,93.33,0.22,18.03
1997-01-17,0.0,20.37,78.55,93.37,0.26,16.03
1997-01-18,0.0,20.61,80.4,93.47,0.18,16.64
1997-01-19,0.0,20.74,82.62,93.4,0.29,17.19
1997-01-20,0.0,20.44,82.88,93.33,0.34,16.99
1997-01-21,0.0,20.33,81.87,93.26,0.4,16.54
1997-01-22,0.0,21.3,76.39,93.25,0.31,16.39
1997-01-23,0.0,20.76,81.4,93.31,0.25,17.05
1997-01-24,0.0,19.36,75.93,93.23,0.28,14.47
1997-01-25,0.0,19.02,69.53,93.2,0.37,12.58
1997-01-26,0.0,19.29,73.15,93.33,0.3,13.57
1997-01-27,0.0,19.68,75.13,93.35,0.22,14.53
1997-01-28,0.0,19.04,70.65,93.28,0.4,12.75
1997-01-29,0.0,19.2,67.27,93.28,0.3,11.98
1997-01-30,0.0,19.96,72.5,93.24,0.32,14.17
1997-01-31,0.0,19.91,66.2,93.18,0.31,12.34
1997-02-01,0.0,20.56,67.0,93.23,0.46,13.49
1997-02-02,0.0,20.5,71.8,93.15,0.48,14.27
1997-02-03,0.0,21.45,74.8,93.09,0.33,15.85
1997-02-04,0.0,21.99,71.63,93.1,0.42,15.63
1997-02-05,0.0,22.15,69.3,93.16,0.39,15.14
1997-02-06,0.0,22.64,71.95,93.27,0.42,16.29
1997-02-07,0.0,22.82,68.44,93.27,0.46,15.48
1997-02-08,0.0,22.14,75.95,93.21,0.43,16.97
1997-02-09,0.0,22.74,72.84,93.09,0.33,16.77
1997-02-10,0.0,22.88,72.18,93.08,0.42,16.6
1997-02-11,0.42,23.18,67.46,93.18,0.32,15.71
1997-02-12,0.01,21.75,65.28,93.3,0.33,13.56
1997-02-13,0.0,21.36,60.05,93.26,0.21,11.83
1997-02-14,0.0,21.53,57.16,93.19,0.29,10.78
1997-02-15,0.0,22.57,53.32,93.22,0.37,10.9
1997-02-16,0.0,22.89,52.76,93.25,0.54,10.27
1997-02-17,0.0,23.95,68.25,93.25,0.5,15.68
1997-02-18,0.0,24.04,68.75,93.23,0.48,16.31
1997-02-19,0.0,23.62,65.51,93.3,0.43,14.93
1997-02-20,0.0,24.44,66.55,93.4,0.34,16.39
1997-02-21,0.0,24.71,66.22,93.41,0.26,16.58
1997-02-22,0.0,24.75,64.32,93.38,0.37,16.19
1997-02-23,0.0,24.17,70.77,93.42,0.34,17.7
1997-02-24,0.0,24.51,60.54,93.46,0.31,14.99
1997-02-25,0.0,23.35,55.74,93.44,0.32,12.21
1997-02-26,0.0,21.78,49.56,93.37,0.47,8.8
1997-02-27,0.0,22.23,51.14,93.34,0.29,9.47
1997-02-28,0.0,22.95,47.18,93.35,0.36,8.32
1997-03-01,0.0,24.19,49.33,93.34,0.33,10.41
1997-03-02,0.0,24.41,53.31,93.32,0.33,11.68
1997-03-03,0.0,24.85,55.32,93.42,0.41,13.26
1997-03-04,2.94,24.75,70.32,93.46,0.33,17.9
1997-03-05,0.85,24.56,60.3,93.42,0.41,13.23
1997-03-06,0.01,24.36,55.39,93.4,0.35,12.53
1997-03-07,0.25,24.42,56.96,93.46,0.44,13.59
1997-03-08,1.16,24.31,61.94,93.44,0.44,14.78
1997-03-09,0.0,25.29,59.09,93.39,0.37,14.52
1997-03-10,0.0,25.19,55.96,93.39,0.33,12.9
1997-03-11,0.0,25.18,52.04,93.46,0.4,11.21
1997-03-12,0.0,25.37,61.3,93.44,0.44,14.03
1997-03-13,0.0,26.02,62.06,93.28,0.42,14.83
1997-03-14,0.0,26.77,61.95,93.22,0.42,16.12
1997-03-15,0.0,26.76,63.49,93.3,0.41,17.06
1997-03-16,0.01,26.9,62.5,93.34,0.35,16.72
1997-03-17,0.01,26.94,61.35,93.35,0.39,16.05
1997-03-18,0.0,27.16,61.87,93.37,0.34,16.87
1997-03-19,0.0,26.59,64.11,93.29,0.4,17.41
1997-03-20,0.0,25.26,72.99,93.31,0.44,19.23
1997-03-21,0.02,24.66,74.32,93.34,0.33,19.22
1997-03-22,0.96,26.15,67.15,93.2,0.33,18.04
1997-03-23,0.45,25.8,69.84,93.12,0.38,18.73
1997-03-24,16.86,25.39,72.74,93.12,0.32,18.81
1997-03-25,0.6,25.97,64.07,93.09,0.3,16.53
1997-03-26,0.0,26.65,62.05,93.11,0.28,17.13
1997-03-27,1.91,26.31,58.45,93.17,0.38,15.01
1997-03-28,6.56,26.62,65.93,93.09,0.33,18.25
1997-03-29,0.0,27.08,61.54,93.07,0.34,17.1
1997-03-30,0.0,26.25,67.86,93.15,0.32,18.83
1997-03-31,0.79,25.73,68.79,93.17,0.42,18.57
1997-04-01,1.12,25.01,72.24,93.1,0.33,18.88
1997-04-02,0.16,25.3,71.55,92.98,0.42,19.0
1997-04-03,9.26,25.15,74.43,93.07,0.38,19.58
1997-04-04,0.48,24.89,73.99,93.11,0.33,19.32
1997-04-05,1.56,25.0,73.16,93.16,0.35,18.98
1997-04-06,11.25,23.75,80.11,93.22,0.3,19.68
1997-04-07,2.98,24.12,77.3,93.18,0.25,19.29
1997-04-08,0.08,24.79,72.89,93.24,0.31,18.71
1997-04-09,10.88,25.16,72.59,93.3,0.38,18.97
1997-04-10,4.69,24.32,76.42,93.33,0.33,19.38
1997-04-11,0.02,25.5,68.75,93.32,0.46,18.32
1997-04-12,0.0,25.15,66.12,93.34,0.49,17.32
1997-04-13,0.0,25.43,64.63,93.26,0.48,16.75
1997-04-14,0.0,24.81,68.24,93.3,0.43,17.44
1997-04-15,0.0,25.34,67.37,93.28,0.37,17.88
1997-04-16,0.0,25.11,68.73,93.26,0.32,18.24
1997-04-17,0.01,25.72,67.38,93.25,0.36,18.2
1997-04-18,0.66,25.96,66.7,93.26,0.3,17.99
1997-04-19,0.1,26.0,66.5,93.27,0.26,17.93
1997-04-20,0.0,26.17,65.04,93.21,0.27,17.74
1997-04-21,0.0,26.06,64.93,93.13,0.32,17.65
1997-04-22,0.0,25.07,68.14,93.15,0.27,17.75
1997-04-23,11.69,24.76,68.8,93.21,0.38,17.47
1997-04-24,4.85,25.84,66.18,93.16,0.35,17.1
1997-04-25,0.0,26.81,67.52,93.09,0.41,18.73
1997-04-26,0.0,25.96,71.68,93.14,0.39,19.45
1997-04-27,0.0,25.48,72.27,93.15,0.29,19.08
1997-04-28,0.69,26.0,70.96,93.13,0.39,18.95
1997-04-29,20.23,25.67,74.9,93.13,0.28,20.05
1997-04-30,4.61,26.07,72.29,93.18,0.31,19.51
1997-05-01,0.0,25.84,73.51,93.22,0.26,19.86
1997-05-02,0.14,25.42,74.85,93.16,0.22,20.01
1997-05-03,0.09,25.5,73.27,93.09,0.27,19.63
1997-05-04,1.86,24.4,79.37,93.03,0.29,20.15
1997-05-05,0.68,24.89,78.89,92.95,0.37,20.48
1997-05-06,0.13,24.78,77.09,92.96,0.43,20.15
1997-05-07,4.05,24.29,82.93,92.93,0.28,20.93
1997-05-08,11.52,23.77,84.66,93.04,0.29,20.73
1997-05-09,21.24,24.6,80.49,93.0,0.34,20.37
1997-05-10,5.03,24.93,80.98,92.9,0.48,20.95
1997-05-11,0.0,25.26,77.48,92.95,0.44,20.44
1997-05-12,0.0,25.84,75.42,92.94,0.45,20.42
1997-05-13,0.01,25.41,76.49,92.95,0.45,20.22
1997-05-14,0.14,25.44,75.14,92.97,0.41,19.87
1997-05-15,0.35,23.63,77.45,93.13,0.28,18.86
1997-05-16,0.63,24.13,79.64,93.11,0.54,19.96
1997-05-17,1.78,24.28,82.63,93.04,0.6,20.86
1997-05-18,0.81,24.12,81.1,93.12,0.76,20.41
1997-05-19,0.42,24.0,78.5,93.15,0.72,19.77
1997-05-20,0.07,23.86,74.34,93.2,0.62,18.52
1997-05-21,0.05,24.29,72.83,93.2,0.56,18.38
1997-05-22,0.1,24.62,73.06,93.18,0.5,18.66
1997-05-23,0.0,25.21,74.89,93.17,0.54,19.85
1997-05-24,0.0,25.12,79.62,93.16,0.53,20.95
1997-05-25,0.0,24.81,80.42,93.17,0.44,20.84
1997-05-26,7.17,24.85,78.83,93.22,0.43,20.34
1997-05-27,3.59,24.27,78.33,93.31,0.4,19.79
1997-05-28,0.29,23.57,81.72,93.4,0.43,19.97
1997-05-29,0.01,24.84,79.15,93.29,0.58,20.58
1997-05-30,0.0,25.01,76.48,93.21,0.6,20.14
1997-05-31,0.0,25.3,76.42,93.3,0.61,20.37
1997-06-01,0.22,25.15,75.33,93.34,0.61,20.0
1997-06-02,0.07,25.15,71.82,93.34,0.54,19.04
1997-06-03,0.0,25.49,74.98,93.32,0.58,20.05
1997-06-04,0.0,25.84,73.52,93.33,0.49,19.9
1997-06-05,20.78,25.11,80.2,93.24,0.47,20.99
1997-06-06,7.08,24.85,76.54,93.22,0.48,19.75
1997-06-07,3.28,25.0,78.58,93.26,0.47,20.47
1997-06-08,2.58,23.79,87.72,93.29,0.51,21.48
1997-06-09,4.97,24.05,81.55,93.31,0.37,20.31
1997-06-10,0.57,23.39,83.36,93.26,0.43,20.13
1997-06-11,0.62,23.7,83.47,93.16,0.41,20.46
1997-06-12,1.68,23.2,84.46,93.12,0.57,20.18
1997-06-13,26.32,22.49,87.06,93.13,0.58,20.05
1997-06-14,25.82,22.14,89.33,93.06,0.47,20.18
1997-06-15,5.7,23.62,84.1,93.1,0.59,20.44
1997-06-16,0.55,24.15,80.96,93.21,0.4,20.22
1997-06-17,1.22,23.97,83.01,93.23,0.48,20.57
1997-06-18,12.86,23.16,88.19,93.24,0.55,20.93
1997-06-19,2.57,22.28,88.5,93.21,0.38,20.16
1997-06-20,1.84,22.29,85.52,93.25,0.4,19.53
1997-06-21,1.88,22.0,89.12,93.34,0.41,20.01
1997-06-22,5.22,22.14,86.93,93.35,0.36,19.66
1997-06-23,6.27,21.95,88.96,93.24,0.58,19.91
1997-06-24,2.51,22.31,88.12,93.12,0.76,20.11
1997-06-25,66.21,22.19,88.6,93.04,0.83,20.1
1997-06-26,29.03,22.71,89.83,92.93,0.82,20.85
1997-06-27,27.14,22.35,90.06,92.93,0.79,20.55
1997-06-28,22.25,22.5,92.33,92.85,0.85,21.14
1997-06-29,44.56,22.51,91.64,92.74,0.83,21.01
1997-06-30,112.85,22.07,94.48,92.8,0.99,21.13
1997-07-01,29.85,21.97,92.59,92.86,0.98,20.67
1997-07-02,15.31,22.03,91.64,92.87,0.91,20.54
1997-07-03,9.49,21.6,90.39,92.99,0.67,19.86
1997-07-04,4.9,21.61,91.28,93.07,0.52,20.04
1997-07-05,14.02,21.95,93.42,93.09,0.67,20.8
1997-07-06,23.81,21.32,92.19,93.14,0.74,19.94
1997-07-07,18.32,21.09,91.88,93.17,0.78,19.66
1997-07-08,14.55,21.31,89.99,93.23,0.62,19.48
1997-07-09,7.01,21.83,91.14,93.21,0.67,20.23
1997-07-10,18.2,22.12,92.39,93.2,0.8,20.77
1997-07-11,27.08,21.14,94.2,93.26,0.58,20.14
1997-07-12,51.48,21.07,92.55,93.27,0.39,19.74
1997-07-13,12.12,22.2,92.7,93.23,0.65,20.89
1997-07-14,11.67,21.99,92.46,93.29,0.63,20.65
1997-07-15,6.52,21.9,94.43,93.14,0.61,20.92
1997-07-16,4.09,22.45,93.29,92.99,0.72,21.25
1997-07-17,28.17,22.38,94.03,92.97,0.72,21.33
1997-07-18,9.12,22.23,93.67,93.07,0.74,21.11
1997-07-19,11.54,22.33,93.53,93.04,0.66,21.19
1997-07-20,14.72,21.58,94.95,93.06,0.61,20.71
1997-07-21,11.94,21.87,93.96,93.11,0.83,20.82
1997-07-22,6.18,21.66,94.94,93.09,0.7,20.79
1997-07-23,4.32,21.72,94.14,93.12,0.8,20.7
1997-07-24,22.41,21.96,94.03,93.11,0.84,20.92
1997-07-25,61.16,21.66,95.69,93.17,0.79,20.93
1997-07-26,43.13,21.93,95.55,93.25,0.71,21.17
1997-07-27,17.94,21.85,95.92,93.28,0.58,21.16
1997-07-28,20.08,21.79,93.54,93.38,0.59,20.66
1997-07-29,5.97,21.14,94.95,93.25,0.58,20.27
1997-07-30,2.04,21.53,94.15,93.14,0.63,20.52
1997-07-31,1.03,22.11,92.78,93.05,0.67,20.82
1997-08-01,6.13,22.48,92.49,93.1,0.68,21.12
1997-08-02,2.01,22.05,94.71,93.25,0.68,21.11
1997-08-03,25.27,22.17,94.72,93.27,0.7,21.25
1997-08-04,6.43,21.97,93.93,93.25,0.75,20.91
1997-08-05,0.41,21.98,90.57,93.3,0.69,20.28
1997-08-06,0.08,21.82,92.88,93.28,0.72,20.57
1997-08-07,47.59,21.16,94.86,93.28,0.72,20.28
1997-08-08,49.26,21.18,94.2,93.36,0.51,20.16
1997-08-09,7.34,20.92,93.84,93.42,0.53,19.83
1997-08-10,0.61,21.14,92.11,93.45,0.52,19.72
1997-08-11,1.66,21.59,93.79,93.43,0.48,20.5
1997-08-12,1.21,21.6,92.89,93.45,0.41,20.33
1997-08-13,0.34,21.04,92.16,93.49,0.26,19.62
1997-08-14,0.06,21.1,83.24,93.41,0.37,17.91
1997-08-15,0.0,21.13,88.22,93.41,0.41,18.91
1997-08-16,0.0,21.75,90.07,93.35,0.45,19.91
1997-08-17,21.03,21.75,94.07,93.25,0.6,20.72
1997-08-18,2.37,21.35,93.05,93.18,0.53,20.13
1997-08-19,1.0,22.43,92.32,93.11,0.66,21.06
1997-08-20,6.7,22.45,91.86,93.17,0.77,20.99
1997-08-21,8.71,20.77,93.87,93.26,0.64,19.71
1997-08-22,32.34,21.1,91.71,93.2,0.7,19.61
1997-08-23,26.15,21.76,92.39,93.23,0.54,20.38
1997-08-24,2.95,22.09,91.31,93.24,0.51,20.49
1997-08-25,0.14,22.18,89.93,93.2,0.52,20.34
1997-08-26,8.59,22.41,91.06,93.15,0.69,20.79
1997-08-27,11.54,22.72,93.44,93.1,0.79,21.56
1997-08-28,19.63,22.45,94.59,93.05,0.8,21.52
1997-08-29,15.26,22.37,94.74,93.12,0.72,21.46
1997-08-30,17.67,22.22,92.42,93.21,0.54,20.85
1997-08-31,7.34,22.12,92.75,93.27,0.43,20.81
1997-09-01,0.06,22.15,91.21,93.28,0.44,20.55
1997-09-02,1.63,21.9,91.42,93.25,0.44,20.35
1997-09-03,1.01,22.37,90.82,93.2,0.51,20.68
1997-09-04,0.0,22.72,90.71,93.16,0.48,21.0
1997-09-05,2.56,23.01,89.51,93.15,0.52,21.04
1997-09-06,1.06,22.19,88.84,93.2,0.39,20.09
1997-09-07,6.46,22.37,90.38,93.16,0.38,20.59
1997-09-08,6.31,21.63,93.28,93.1,0.36,20.44
1997-09-09,5.6,22.19,91.95,93.1,0.33,20.71
1997-09-10,3.69,22.26,91.61,93.19,0.35,20.73
1997-09-11,24.23,22.2,92.1,93.22,0.36,20.77
1997-09-12,7.49,22.09,91.67,93.25,0.33,20.57
1997-09-13,36.13,22.27,91.16,93.27,0.35,20.66
1997-09-14,10.26,22.63,89.95,93.28,0.39,20.77
1997-09-15,37.76,22.08,90.9,93.23,0.46,20.44
1997-09-16,11.41,21.94,89.74,93.29,0.49,20.04
1997-09-17,32.76,21.85,93.19,93.34,0.38,20.64
1997-09-18,24.43,21.57,94.51,93.47,0.52,20.62
1997-09-19,12.98,21.5,92.54,93.43,0.39,20.17
1997-09-20,36.72,21.85,93.44,93.33,0.54,20.68
1997-09-21,16.42,21.43,93.07,93.24,0.52,20.2
1997-09-22,13.15,21.71,93.41,93.21,0.64,20.56
1997-09-23,11.51,21.92,91.24,93.28,0.64,20.34
1997-09-24,7.89,21.8,91.01,93.29,0.59,20.18
1997-09-25,7.27,21.99,90.97,93.36,0.51,20.34
1997-09-26,0.63,22.05,89.73,93.36,0.44,20.14
1997-09-27,0.07,22.34,88.47,93.35,0.41,20.17
1997-09-28,0.01,22.13,88.58,93.39,0.39,19.97
1997-09-29,0.0,22.57,87.38,93.43,0.3,20.13
1997-09-30,1.57,22.63,88.74,93.43,0.36,20.5
1997-10-01,0.87,21.83,90.16,93.53,0.26,20.03
1997-10-02,0.33,21.98,86.9,93.52,0.22,19.47
1997-10-03,3.12,22.93,87.95,93.57,0.35,20.6
1997-10-04,5.11,22.62,89.69,93.56,0.32,20.66
1997-10-05,1.93,22.71,88.48,93.4,0.37,20.47
1997-10-06,6.02,22.86,88.29,93.3,0.3,20.57
1997-10-07,2.32,23.11,89.21,93.32,0.28,21.04
1997-10-08,0.17,22.72,88.33,93.4,0.26,20.52
1997-10-09,1.91,23.39,86.15,93.41,0.28,20.68
1997-10-10,6.45,22.81,88.1,93.34,0.29,20.54
1997-10-11,5.08,22.89,87.83,93.3,0.24,20.53
1997-10-12,13.73,22.94,86.94,93.35,0.24,20.41
1997-10-13,10.14,22.73,89.73,93.32,0.22,20.78
1997-10-14,5.99,22.27,89.71,93.28,0.29,20.29
1997-10-15,0.37,22.46,85.25,93.25,0.23,19.58
1997-10-16,19.2,22.66,88.85,93.24,0.2,20.56
1997-10-17,2.35,22.75,88.9,93.33,0.24,20.68
1997-10-18,22.54,23.53,86.37,93.35,0.23,20.9
1997-10-19,7.06,23.41,87.92,93.29,0.28,21.06
1997-10-20,8.27,23.58,88.81,93.27,0.2,21.4
1997-10-21,10.0,23.33,89.64,93.33,0.21,21.37
1997-10-22,21.24,23.07,88.81,93.3,0.2,20.9
1997-10-23,16.56,22.78,90.57,93.27,0.36,21.03
1997-10-24,1.78,23.56,87.57,93.35,0.27,21.19
1997-10-25,1.85,23.35,90.36,93.37,0.34,21.56
1997-10-26,5.98,22.37,96.18,93.35,0.41,21.72
1997-10-27,4.11,22.47,93.43,93.32,0.33,21.31
1997-10-28,5.18,23.19,87.97,93.31,0.24,20.84
1997-10-29,21.49,22.18,93.88,93.35,0.27,21.12
1997-10-30,5.0,22.61,89.87,93.43,0.24,20.73
1997-10-31,2.31,21.84,95.53,93.46,0.39,21.08
1997-11-01,0.63,22.07,91.53,93.4,0.24,20.57
1997-11-02,0.82,22.45,89.92,93.33,0.2,20.58
1997-11-03,57.31,22.29,94.29,93.32,0.26,21.28
1997-11-04,6.93,22.29,93.45,93.42,0.19,21.13
1997-11-05,22.36,22.2,90.03,93.39,0.29,20.39
1997-11-06,1.0,22.79,89.48,93.43,0.21,20.82
1997-11-07,3.02,23.16,88.41,93.44,0.26,20.91
1997-11-08,12.46,22.02,94.55,93.35,0.29,21.05
1997-11-09,4.02,22.07,94.57,93.3,0.34,21.12
1997-11-10,0.43,23.13,89.1,93.33,0.26,21.06
1997-11-11,1.47,22.92,92.07,93.28,0.33,21.48
1997-11-12,4.74,22.43,89.69,93.25,0.24,20.51
1997-11-13,2.85,22.46,84.06,93.22,0.23,19.32
1997-11-14,0.43,21.75,86.89,93.19,0.3,19.19
1997-11-15,16.13,22.36,90.23,93.13,0.3,20.51
1997-11-16,33.59,22.62,91.43,93.08,0.24,21.0
1997-11-17,9.74,22.08,97.1,93.12,0.21,21.59
1997-11-18,60.31,21.97,97.52,93.17,0.34,21.56
1997-11-19,18.97,21.76,95.06,93.22,0.27,20.9
1997-11-20,2.99,23.03,90.35,93.26,0.31,21.2
1997-11-21,2.38,21.94,94.71,93.32,0.21,21.0
1997-11-22,0.71,23.13,88.77,93.3,0.21,20.99
1997-11-23,33.04,23.1,91.7,93.17,0.29,21.59
1997-11-24,31.54,22.21,92.46,93.14,0.42,20.83
1997-11-25,10.25,22.44,92.52,93.14,0.3,21.08
1997-11-26,2.2,21.69,92.64,93.3,0.23,20.4
1997-11-27,0.85,22.67,89.36,93.19,0.32,20.71
1997-11-28,1.28,23.05,90.43,93.23,0.25,21.25
1997-11-29,6.62,22.76,91.51,93.26,0.26,21.22
1997-11-30,0.44,22.72,89.42,93.3,0.32,20.76
1997-12-01,0.0,22.0,87.3,93.35,0.37,19.67
1997-12-02,0.04,22.38,86.7,93.32,0.34,19.92
1997-12-03,0.41,22.12,86.98,93.27,0.31,19.69
1997-12-04,0.68,22.77,87.54,93.25,0.31,20.41
1997-12-05,14.37,22.93,91.55,93.21,0.25,21.37
1997-12-06,73.09,22.13,94.02,93.3,0.21,21.07
1997-12-07,7.37,22.21,92.23,93.2,0.23,20.82
1997-12-08,1.45,22.25,92.6,93.13,0.29,20.92
1997-12-09,9.79,21.21,93.09,93.25,0.23,20.0
1997-12-10,0.41,22.44,89.02,93.24,0.21,20.37
1997-12-11,0.03,22.98,89.69,93.25,0.23,21.07
1997-12-12,0.18,23.29,88.67,93.28,0.17,21.16
1997-12-13,0.31,23.37,87.24,93.33,0.18,20.93
1997-12-14,0.03,23.66,87.47,93.31,0.17,21.24
1997-12-15,2.25,23.63,88.38,93.32,0.22,21.42
1997-12-16,0.33,23.26,88.31,93.41,0.26,21.02
1997-12-17,0.65,23.15,87.92,93.4,0.26,20.85
1997-12-18,11.79,23.31,88.41,93.34,0.19,21.1
1997-12-19,5.18,23.2,89.53,93.33,0.28,21.2
1997-12-20,1.33,23.21,89.83,93.34,0.22,21.32
1997-12-21,1.1,23.16,88.95,93.4,0.21,21.08
1997-12-22,0.14,22.73,85.97,93.53,0.19,20.03
1997-12-23,0.04,22.52,86.19,93.52,0.23,19.83
1997-12-24,0.0,21.92,88.2,93.41,0.2,19.71
1997-12-25,0.0,21.96,86.8,93.41,0.21,19.48
1997-12-26,0.0,21.96,84.45,93.41,0.21,18.99
1997-12-27,0.0,21.12,84.16,93.4,0.27,18.05
1997-12-28,0.0,21.12,83.44,93.44,0.29,17.95
1997-12-29,0.0,21.23,83.79,93.5,0.28,18.11
1997-12-30,0.0,21.62,85.42,93.47,0.26,18.86
1997-12-31,0.0,20.86,82.67,93.4,0.32,17.48
1998-01-01,0.13,21.86,84.9,93.31,0.25,19.0
1998-01-02,0.02,21.58,83.68,93.37,0.41,18.51
1998-01-03,0.0,20.96,82.88,93.46,0.5,17.77
1998-01-04,0.0,21.13,83.39,93.53,0.45,18.04
1998-01-05,0.0,20.34,83.86,93.43,0.35,17.28
1998-01-06,0.0,21.07,83.05,93.37,0.34,17.78
1998-01-07,0.0,20.31,82.36,93.39,0.37,16.91
1998-01-08,0.0,20.95,81.62,93.35,0.24,17.34
1998-01-09,0.0,21.3,83.19,93.25,0.31,18.02
1998-01-10,0.0,21.09,82.56,93.23,0.35,17.71
1998-01-11,0.0,20.06,80.99,93.28,0.34,16.22
1998-01-12,0.0,20.26,79.23,93.2,0.28,16.1
1998-01-13,0.0,20.97,80.63,93.2,0.26,17.08
1998-01-14,0.0,20.12,79.93,93.3,0.4,15.99
1998-01-15,0.0,19.13,81.65,93.35,0.34,15.65
1998-01-16,0.0,20.89,77.8,93.24,0.36,16.44
1998-01-17,0.0,21.78,85.67,93.31,0.39,18.97
1998-01-18,0.0,22.62,86.77,93.31,0.39,20.02
1998-01-19,0.0,23.28,86.78,93.28,0.39,20.69
1998-01-20,0.0,23.24,87.33,93.35,0.25,20.84
1998-01-21,0.0,23.58,82.93,93.34,0.2,20.23
1998-01-22,0.16,23.38,82.77,93.35,0.27,19.95
1998-01-23,0.12,23.21,82.8,93.29,0.21,19.7
1998-01-24,0.0,23.03,82.03,93.33,0.23,19.4
1998-01-25,0.0,22.24,79.55,93.47,0.25,18.15
1998-01-26,0.0,21.12,78.33,93.44,0.29,16.67
1998-01-27,0.0,20.96,79.07,93.41,0.19,16.67
1998-01-28,0.0,22.05,79.24,93.53,0.2,17.85
1998-01-29,0.0,21.54,77.3,93.59,0.36,16.92
1998-01-30,0.0,21.97,77.28,93.58,0.29,17.32
1998-01-31,0.0,22.57,78.77,93.61,0.29,18.34
1998-02-01,0.0,22.39,76.52,93.54,0.34,17.68
1998-02-02,0.0,21.83,70.62,93.57,0.28,15.51
1998-02-03,0.0,21.39,70.9,93.57,0.23,15.16
1998-02-04,0.0,21.23,67.21,93.58,0.25,13.76
1998-02-05,0.0,22.2,62.77,93.55,0.4,13.85
1998-02-06,0.0,22.39,65.7,93.44,0.36,14.92
1998-02-07,0.0,22.52,73.33,93.41,0.37,16.63
1998-02-08,0.0,23.66,75.24,93.46,0.32,18.28
1998-02-09,0.0,23.86,73.12,93.51,0.24,18.14
1998-02-10,0.0,23.64,72.32,93.49,0.3,17.78
1998-02-11,0.0,23.91,70.63,93.44,0.29,17.61
1998-02-12,0.0,23.36,67.82,93.42,0.27,16.34
1998-02-13,0.0,23.47,66.65,93.47,0.33,16.07
1998-02-14,0.08,23.13,66.73,93.53,0.43,15.67
1998-02-15,0.16,23.75,71.12,93.44,0.39,17.24
1998-02-16,0.0,24.09,71.42,93.41,0.42,17.73
1998-02-17,0.0,24.5,70.53,93.39,0.38,18.0
1998-02-18,2.69,24.07,76.43,93.38,0.46,19.06
1998-02-19,0.01,24.47,73.41,93.34,0.44,18.52
1998-02-20,0.06,24.74,70.36,93.32,0.38,17.9
1998-02-21,0.73,24.17,74.45,93.43,0.48,18.62
1998-02-22,0.0,24.34,68.07,93.27,0.43,16.94
1998-02-23,0.0,24.88,67.75,93.26,0.38,17.5
1998-02-24,0.0,25.27,71.36,93.38,0.44,18.86
1998-02-25,0.0,25.68,69.15,93.38,0.35,18.51
1998-02-26,0.0,26.2,68.18,93.3,0.37,18.61
1998-02-27,0.0,26.42,66.48,93.29,0.4,18.11
1998-02-28,0.0,25.87,64.47,93.36,0.42,17.05
1998-03-01,0.0,26.19,60.78,93.33,0.37,16.34
1998-03-02,0.0,26.11,64.15,93.36,0.32,17.4
1998-03-03,2.95,25.47,65.15,93.43,0.26,17.07
1998-03-04,0.32,25.44,57.9,93.39,0.31,14.77
1998-03-05,0.0,25.31,58.39,93.3,0.43,14.36
1998-03-06,0.0,24.74,66.5,93.29,0.42,16.86
1998-03-07,0.0,25.89,63.6,93.12,0.48,16.62
1998-03-08,0.0,25.42,65.91,93.21,0.48,17.36
1998-03-09,0.0,26.19,61.26,93.17,0.43,16.18
1998-03-10,0.0,26.87,58.4,93.13,0.37,16.0
1998-03-11,0.0,26.44,66.47,93.34,0.46,18.5
1998-03-12,0.0,26.82,60.51,93.38,0.4,16.28
1998-03-13,0.0,25.85,61.37,93.39,0.5,15.52
1998-03-14,0.0,26.46,62.11,93.24,0.52,16.8
1998-03-15,0.0,27.01,60.38,93.2,0.36,16.49
1998-03-16,0.0,25.23,57.0,93.33,0.27,13.81
1998-03-17,0.0,25.79,53.79,93.35,0.4,13.36
1998-03-18,0.0,26.14,56.95,93.42,0.37,15.51
1998-03-19,0.0,26.19,50.7,93.34,0.35,12.89
1998-03-20,0.0,26.88,49.28,93.28,0.42,12.27
1998-03-21,0.0,26.83,56.5,93.37,0.46,14.75
1998-03-22,0.0,27.3,60.4,93.28,0.41,16.2
1998-03-23,0.0,27.13,61.87,93.21,0.4,16.7
1998-03-24,0.0,27.06,61.67,93.17,0.42,16.5
1998-03-25,0.15,27.47,62.72,93.15,0.47,17.92
1998-03-26,0.02,27.97,61.78,93.14,0.35,18.24
1998-03-27,0.03,28.32,56.98,93.2,0.33,17.23
1998-03-28,0.0,28.22,60.07,93.23,0.36,18.11
1998-03-29,0.65,27.71,60.2,93.29,0.41,17.76
1998-03-30,0.17,27.73,60.74,93.33,0.43,17.87
1998-03-31,0.0,27.76,63.16,93.31,0.37,18.92
1998-04-01,0.0,28.54,60.2,93.31,0.38,18.62
1998-04-02,1.74,27.45,64.19,93.28,0.32,19.14
1998-04-03,0.49,27.51,62.42,93.21,0.31,17.97
1998-04-04,0.0,27.87,55.29,93.18,0.3,15.7
1998-04-05,0.0,28.25,51.86,93.28,0.31,15.09
1998-04-06,0.0,28.91,49.59,93.3,0.34,15.26
1998-04-07,0.01,28.63,53.87,93.24,0.48,16.1
1998-04-08,0.0,28.04,57.98,93.08,0.39,17.17
1998-04-09,0.0,28.66,55.8,92.93,0.37,16.38
1998-04-10,0.0,27.92,62.53,93.07,0.45,18.92
1998-04-11,0.0,28.94,57.96,93.17,0.38,17.97
1998-04-12,2.86,28.05,64.36,93.12,0.39,19.6
1998-04-13,3.63,27.72,70.43,92.98,0.39,20.57
1998-04-14,0.3,28.43,63.9,93.07,0.35,19.3
1998-04-15,0.73,27.51,64.12,93.24,0.32,18.87
1998-04-16,0.29,27.77,65.72,93.23,0.42,19.36
1998-04-17,0.0,28.19,63.85,93.22,0.49,19.51
1998-04-18,0.0,28.04,63.18,93.21,0.48,19.17
1998-04-19,0.0,27.77,66.43,93.22,0.53,19.98
1998-04-20,0.01,29.0,64.77,93.07,0.5,20.18
1998-04-21,0.0,28.6,65.27,93.12,0.42,20.43
1998-04-22,0.03,28.06,68.63,93.18,0.5,20.78
1998-04-23,8.34,26.9,74.68,93.24,0.53,21.34
1998-04-24,1.31,26.77,75.4,93.18,0.41,21.4
1998-04-25,1.45,28.21,66.39,93.18,0.34,19.74
1998-04-26,0.39,27.12,72.03,93.24,0.36,20.72
1998-04-27,2.56,26.77,73.37,93.26,0.43,20.87
1998-04-28,0.92,26.49,73.7,93.22,0.48,20.74
1998-04-29,0.04,26.87,70.82,93.15,0.43,20.45
1998-04-30,0.01,27.72,66.91,93.07,0.38,19.9
1998-05-01,5.48,27.01,73.68,93.11,0.42,21.21
1998-05-02,7.54,27.17,74.59,93.12,0.32,21.24
1998-05-03,1.41,27.9,67.42,93.09,0.31,19.83
1998-05-04,2.76,27.14,73.3,92.97,0.39,21.04
1998-05-05,0.25,27.99,67.97,92.84,0.39,20.22
1998-05-06,0.18,28.43,66.04,92.93,0.39,20.12
1998-05-07,0.06,28.43,63.75,93.06,0.29,19.38
1998-05-08,0.07,28.51,61.23,93.09,0.36,18.48
1998-05-09,0.89,27.15,70.86,92.99,0.41,20.74
1998-05-10,6.67,25.72,79.69,92.91,0.44,21.57
1998-05-11,5.52,25.75,78.19,92.93,0.3,20.99
1998-05-12,2.51,25.7,78.6,92.92,0.3,21.06
1998-05-13,2.89,25.83,75.13,92.91,0.25,20.27
1998-05-14,22.64,25.77,76.49,92.87,0.32,20.48
1998-05-15,98.69,24.48,87.53,92.79,0.55,22.02
1998-05-16,16.09,23.66,88.23,92.89,0.46,21.41
1998-05-17,0.79,24.68,84.33,93.02,0.53,21.57
1998-05-18,0.0,24.93,85.44,93.05,0.57,22.16
1998-05-19,0.08,25.11,83.62,92.96,0.67,21.96
1998-05-20,0.17,25.14,81.65,93.01,0.69,21.54
1998-05-21,0.07,24.67,81.88,93.1,0.46,21.14
1998-05-22,0.02,24.68,80.92,93.12,0.57,20.93
1998-05-23,0.11,25.14,79.51,93.09,0.55,20.93
1998-05-24,1.23,25.55,82.17,93.08,0.52,21.97
1998-05-25,0.45,25.37,82.91,93.07,0.47,21.96
1998-05-26,0.17,25.53,82.72,93.06,0.49,22.08
1998-05-27,1.66,25.05,84.19,93.18,0.59,21.95
1998-05-28,0.53,24.99,84.64,93.17,0.62,21.98
1998-05-29,0.02,25.05,84.57,93.06,0.6,22.06
1998-05-30,0.0,25.7,80.24,92.97,0.5,21.67
1998-05-31,0.0,25.7,79.17,93.04,0.6,21.43
1998-06-01,25.73,24.87,84.34,93.04,0.47,21.8
1998-06-02,5.33,24.24,87.0,92.97,0.45,21.71
1998-06-03,3.4,24.28,80.89,92.99,0.64,20.35
1998-06-04,0.7,24.78,80.72,92.97,0.66,20.8
1998-06-05,2.93,23.87,84.04,93.06,0.56,20.75
1998-06-06,7.07,24.0,85.07,93.09,0.59,21.05
1998-06-07,2.07,24.1,83.06,93.1,0.54,20.75
1998-06-08,0.13,24.07,84.35,93.16,0.49,21.04
1998-06-09,2.88,24.11,85.48,93.17,0.58,21.33
1998-06-10,15.28,23.38,86.18,93.18,0.66,20.74
1998-06-11,13.1,23.0,89.15,93.18,0.7,21.0
1998-06-12,7.24,22.28,86.38,93.15,0.72,19.73
1998-06-13,5.75,22.21,89.93,93.0,0.68,20.4
1998-06-14,4.77,22.54,89.4,92.93,0.52,20.57
1998-06-15,2.29,22.94,89.07,93.03,0.59,20.88
1998-06-16,17.92,23.14,88.2,93.05,0.69,20.91
1998-06-17,15.81,22.27,90.76,93.05,0.65,20.61
1998-06-18,8.51,23.25,89.65,92.91,0.7,21.32
1998-06-19,4.93,22.98,88.74,93.06,0.74,20.88
1998-06-20,2.53,22.66,86.75,93.17,0.64,20.18
1998-06-21,2.83,22.47,89.36,93.07,0.64,20.52
1998-06-22,1.87,22.8,87.6,93.06,0.76,20.5
1998-06-23,12.69,22.17,88.33,93.04,0.81,20.05
1998-06-24,8.42,22.76,88.8,93.0,0.82,20.71
1998-06-25,40.79,22.42,93.2,92.97,0.87,21.24
1998-06-26,26.44,22.29,92.59,92.92,0.89,20.99
1998-06-27,43.07,22.05,93.39,92.89,0.92,20.9
1998-06-28,31.45,22.95,93.38,92.94,0.97,21.79
1998-06-29,17.04,21.7,92.76,92.98,0.81,20.43
1998-06-30,3.67,22.33,89.99,92.87,0.83,20.52
1998-07-01,5.97,22.21,91.17,92.88,0.9,20.64
1998-07-02,5.43,22.35,90.92,92.92,0.71,20.71
1998-07-03,33.06,22.58,90.98,93.04,0.84,20.94
1998-07-04,14.8,21.76,92.04,93.16,0.57,20.34
1998-07-05,2.35,22.4,90.08,93.24,0.5,20.58
1998-07-06,1.37,22.23,89.82,93.27,0.54,20.37
1998-07-07,0.64,21.61,89.16,93.27,0.54,19.64
1998-07-08,2.16,21.0,89.77,93.22,0.53,19.16
1998-07-09,3.17,20.98,92.84,93.18,0.62,19.72
1998-07-10,3.47,22.21,89.8,93.08,0.67,20.35
1998-07-11,3.43,21.91,91.4,93.0,0.66,20.37
1998-07-12,30.68,22.21,92.18,93.0,0.68,20.83
1998-07-13,16.75,21.53,92.4,93.1,0.61,20.19
1998-07-14,1.58,21.84,93.25,93.11,0.51,20.65
1998-07-15,2.18,21.72,93.47,93.14,0.55,20.57
1998-07-16,2.77,21.67,93.14,93.07,0.56,20.47
1998-07-17,0.95,21.61,92.62,92.98,0.57,20.3
1998-07-18,18.1,21.34,93.97,92.97,0.5,20.29
1998-07-19,12.54,21.6,95.82,92.98,0.72,20.89
1998-07-20,9.22,21.86,93.21,92.92,0.67,20.67
1998-07-21,3.69,22.23,91.4,92.94,0.62,20.69
1998-07-22,0.57,22.73,92.05,92.93,0.51,21.3
1998-07-23,0.43,22.53,91.26,92.96,0.58,20.95
1998-07-24,2.63,22.04,92.93,92.95,0.57,20.8
1998-07-25,3.54,21.75,93.62,93.02,0.72,20.64
1998-07-26,1.63,22.08,90.42,93.04,0.63,20.33
1998-07-27,1.72,21.73,90.72,93.03,0.66,20.05
1998-07-28,1.38,21.52,92.57,93.03,0.78,20.21
1998-07-29,1.23,22.07,91.89,92.99,0.73,20.63
1998-07-30,2.21,22.46,89.63,92.94,0.79,20.55
1998-07-31,1.78,22.52,90.75,92.97,0.63,20.83
1998-08-01,1.0,22.66,90.5,93.03,0.49,20.91
1998-08-02,2.26,22.3,92.49,93.07,0.43,20.94
1998-08-03,2.27,22.18,90.95,93.12,0.45,20.53
1998-08-04,1.59,22.09,92.56,93.1,0.59,20.75
1998-08-05,1.64,22.31,94.04,93.08,0.72,21.28
1998-08-06,1.17,22.03,90.99,93.08,0.68,20.41
1998-08-07,1.77,22.07,90.67,93.09,0.67,20.38
1998-08-08,1.05,22.25,90.73,93.09,0.66,20.57
1998-08-09,0.64,22.85,88.81,92.99,0.72,20.77
1998-08-10,0.65,22.23,90.82,92.99,0.68,20.58
1998-08-11,4.77,22.6,90.16,93.05,0.69,20.79
1998-08-12,2.77,22.65,89.0,93.06,0.58,20.6
1998-08-13,0.33,22.5,90.11,93.0,0.43,20.68
1998-08-14,5.3,22.79,91.01,93.01,0.43,21.14
1998-08-15,3.82,22.22,94.5,93.04,0.44,21.26
1998-08-16,1.57,20.56,89.68,93.21,0.34,18.73
1998-08-17,1.06,21.75,90.87,93.09,0.41,20.1
1998-08-18,3.15,21.48,93.48,93.07,0.41,20.35
1998-08-19,12.85,21.74,94.16,93.0,0.64,20.73
1998-08-20,51.06,21.84,94.21,92.9,0.64,20.84
1998-08-21,35.08,21.92,94.16,92.82,0.62,20.9
1998-08-22,15.23,21.87,92.58,92.72,0.61,20.55
1998-08-23,20.41,21.93,93.94,92.71,0.67,20.88
1998-08-24,12.96,22.38,92.25,92.84,0.77,21.01
1998-08-25,3.39,22.21,92.03,92.96,0.59,20.79
1998-08-26,0.4,22.02,89.85,93.08,0.5,20.17
1998-08-27,0.01,22.32,87.41,93.23,0.4,19.93
1998-08-28,0.74,21.99,87.41,93.35,0.41,19.6
1998-08-29,0.15,22.57,87.42,93.27,0.44,20.15
1998-08-30,0.46,22.78,89.78,93.15,0.53,20.89
1998-08-31,58.29,22.5,92.24,93.14,0.49,21.09
1998-09-01,16.67,21.68,93.02,93.24,0.41,20.43
1998-09-02,0.72,22.5,90.7,93.23,0.36,20.78
1998-09-03,1.98,22.26,91.2,93.24,0.39,20.64
1998-09-04,14.13,20.94,92.26,93.23,0.6,19.58
1998-09-05,42.25,21.27,93.7,93.12,0.71,20.18
1998-09-06,24.43,22.17,92.19,93.03,0.61,20.77
1998-09-07,12.94,22.6,93.8,92.97,0.67,21.51
1998-09-08,56.51,22.4,95.81,92.99,0.73,21.68
1998-09-09,33.57,22.21,95.34,93.17,0.78,21.41
1998-09-10,1.75,21.32,92.53,93.13,0.59,20.0
1998-09-11,9.03,19.95,92.36,93.1,0.53,18.61
1998-09-12,9.01,20.59,92.81,93.13,0.6,19.33
1998-09-13,21.2,21.01,93.15,93.15,0.6,19.8
1998-09-14,13.94,21.23,92.36,93.12,0.59,19.86
1998-09-15,21.91,22.2,92.63,92.98,0.7,20.88
1998-09-16,8.53,22.22,94.33,92.96,0.58,21.23
1998-09-17,1.71,22.22,92.61,92.99,0.5,20.89
1998-09-18,0.21,22.5,89.24,93.04,0.41,20.48
1998-09-19,0.59,22.03,90.45,93.01,0.42,20.28
1998-09-20,5.55,21.58,92.8,92.97,0.52,20.3
1998-09-21,11.27,22.55,90.44,92.99,0.58,20.78
1998-09-22,14.28,22.86,92.79,93.01,0.6,21.55
1998-09-23,44.76,22.29,95.26,93.03,0.63,21.48
1998-09-24,11.13,20.61,92.58,93.16,0.5,19.31
1998-09-25,3.33,20.83,94.26,93.1,0.42,19.83
1998-09-26,1.73,21.57,96.15,92.96,0.56,20.92
1998-09-27,2.11,21.97,95.17,92.9,0.55,21.15
1998-09-28,24.94,22.44,96.26,92.82,0.61,21.81
1998-09-29,16.91,22.24,94.15,92.87,0.69,21.22
1998-09-30,0.41,22.24,91.75,92.96,0.44,20.76
1998-10-01,0.55,21.97,91.81,93.04,0.34,20.48
1998-10-02,13.66,21.38,92.72,93.08,0.3,20.09
1998-10-03,4.95,21.78,91.93,93.11,0.45,20.33
1998-10-04,0.42,21.73,90.71,93.13,0.37,20.04
1998-10-05,1.52,21.47,93.29,93.13,0.46,20.28
1998-10-06,4.85,21.19,91.58,93.09,0.34,19.68
1998-10-07,11.51,20.25,92.62,93.1,0.19,18.94
1998-10-08,11.8,21.74,95.51,92.96,0.51,20.95
1998-10-09,5.41,22.02,92.27,92.93,0.61,20.65
1998-10-10,35.4,22.18,93.61,92.93,0.71,21.06
1998-10-11,78.15,22.66,96.53,92.95,0.78,22.07
1998-10-12,52.84,21.55,94.98,93.1,0.57,20.69
1998-10-13,21.19,21.42,93.92,93.16,0.37,20.35
1998-10-14,15.18,21.21,95.51,93.13,0.57,20.44
1998-10-15,5.44,21.51,94.01,93.12,0.51,20.47
1998-10-16,1.56,21.84,92.14,93.32,0.37,20.43
1998-10-17,33.67,21.97,93.57,93.47,0.4,20.82
1998-10-18,14.5,22.24,92.26,93.41,0.49,20.83
1998-10-19,0.04,21.9,89.62,93.29,0.4,19.99
1998-10-20,0.0,21.85,87.32,93.22,0.4,19.44
1998-10-21,0.0,21.39,84.4,93.19,0.39,18.26
1998-10-22,0.0,21.23,86.6,93.16,0.41,18.66
1998-10-23,0.0,22.18,86.6,93.12,0.39,19.55
1998-10-24,0.04,22.54,83.89,93.22,0.37,19.25
1998-10-25,0.69,22.18,89.63,93.31,0.42,20.23
1998-10-26,0.3,22.15,88.86,93.29,0.45,20.09
1998-10-27,12.66,22.6,91.44,93.1,0.43,21.0
1998-10-28,5.0,21.99,92.1,93.17,0.31,20.54
1998-10-29,21.41,22.48,91.76,93.08,0.36,20.96
1998-10-30,4.02,21.89,95.21,93.02,0.46,21.08
1998-10-31,3.5,21.82,90.13,93.11,0.36,20.01
1998-11-01,0.54,20.98,89.01,93.18,0.31,18.96
1998-11-02,10.32,19.83,91.64,93.21,0.33,18.35
1998-11-03,19.02,20.54,94.05,93.14,0.24,19.5
1998-11-04,30.28,21.13,94.36,93.11,0.33,20.13
1998-11-05,6.04,21.65,93.39,93.05,0.35,20.45
1998-11-06,0.8,21.88,93.24,92.95,0.26,20.65
1998-11-07,2.21,21.22,95.75,92.87,0.31,20.5
1998-11-08,7.73,21.67,93.86,93.03,0.44,20.6
1998-11-09,8.94,21.94,92.98,93.11,0.25,20.69
1998-11-10,30.04,22.09,93.15,93.08,0.23,20.85
1998-11-11,2.51,22.08,86.46,93.18,0.24,19.39
1998-11-12,0.0,21.47,81.93,93.22,0.4,17.82
1998-11-13,3.96,22.3,90.24,93.06,0.45,20.46
1998-11-14,1.41,22.05,91.4,93.04,0.36,20.47
1998-11-15,0.04,21.38,87.79,93.09,0.42,19.11
1998-11-16,0.31,20.57,89.56,93.18,0.29,18.69
1998-11-17,0.25,21.74,87.77,93.12,0.33,19.4
1998-11-18,0.15,21.73,89.4,93.18,0.37,19.75
1998-11-19,0.0,21.04,86.84,93.24,0.3,18.5
1998-11-20,0.25,20.66,87.54,93.17,0.36,18.23
1998-11-21,0.27,21.1,88.64,93.15,0.4,18.98
1998-11-22,0.23,21.82,87.66,93.12,0.37,19.51
1998-11-23,0.1,21.85,88.48,93.18,0.32,19.69
1998-11-24,0.0,22.06,86.69,93.28,0.29,19.52
1998-11-25,0.44,21.11,89.57,93.32,0.26,19.24
1998-11-26,0.08,21.5,86.93,93.31,0.4,19.01
1998-11-27,0.06,21.49,85.32,93.27,0.28,18.64
1998-11-28,1.78,21.18,87.15,93.2,0.35,18.7
1998-11-29,0.39,22.07,87.43,93.24,0.37,19.64
1998-11-30,0.92,21.87,85.87,93.33,0.31,19.11
1998-12-01,4.04,21.64,89.25,93.36,0.21,19.64
1998-12-02,1.03,21.54,85.0,93.28,0.2,18.63
1998-12-03,0.0,21.49,82.47,93.31,0.29,18.06
1998-12-04,0.13,22.46,84.28,93.38,0.23,19.44
1998-12-05,8.82,22.52,90.15,93.34,0.2,20.7
1998-12-06,0.46,21.0,88.51,93.37,0.23,18.89
1998-12-07,3.28,20.29,90.33,93.25,0.33,18.6
1998-12-08,4.23,20.65,94.22,93.08,0.38,19.66
1998-12-09,7.26,21.52,93.01,92.99,0.68,20.32
1998-12-10,34.47,21.96,93.1,93.1,0.39,20.74
1998-12-11,19.43,21.73,95.23,93.11,0.49,20.88
1998-12-12,2.83,20.95,90.71,93.21,0.54,19.26
1998-12-13,2.41,21.36,91.33,93.36,0.38,19.82
1998-12-14,0.76,21.87,88.29,93.38,0.3,19.66
1998-12-15,0.11,22.07,84.89,93.34,0.28,19.17
1998-12-16,1.33,21.11,87.8,93.36,0.18,18.77
1998-12-17,0.04,20.37,81.77,93.36,0.33,16.82
1998-12-18,0.0,21.24,84.5,93.3,0.21,18.26
1998-12-19,0.31,21.58,84.85,93.28,0.26,18.61
1998-12-20,6.78,21.57,87.8,93.18,0.19,19.28
1998-12-21,3.09,20.78,85.33,93.16,0.24,17.97
1998-12-22,0.54,20.04,82.1,93.25,0.43,16.54
1998-12-23,0.01,18.98,80.82,93.27,0.31,15.22
1998-12-24,0.0,19.64,81.73,93.37,0.29,16.06
1998-12-25,0.0,18.36,79.27,93.45,0.34,14.21
1998-12-26,0.0,18.63,80.59,93.35,0.26,14.81
1998-12-27,0.16,21.1,85.37,93.33,0.26,18.38
1998-12-28,0.02,21.55,86.3,93.39,0.29,19.0
1998-12-29,0.07,21.07,82.04,93.35,0.32,17.61
1998-12-30,0.02,20.42,82.28,93.29,0.23,16.95
1998-12-31,0.09,20.76,84.2,93.25,0.2,17.76
1999-01-01,0.14,20.78,83.11,93.35,0.27,17.58
1999-01-02,0.07,20.24,82.22,93.31,0.32,16.81
1999-01-03,0.01,19.52,80.34,93.2,0.25,15.6
1999-01-04,0.01,19.68,80.83,93.12,0.23,15.87
1999-01-05,0.01,21.16,84.22,93.05,0.22,18.08
1999-01-06,0.0,21.42,83.27,93.02,0.42,18.13
1999-01-07,0.0,20.81,81.39,93.11,0.37,17.08
1999-01-08,0.0,21.04,83.46,93.14,0.25,17.78
1999-01-09,0.0,20.94,81.28,93.17,0.26,17.24
1999-01-10,0.0,20.83,79.7,93.28,0.29,16.73
1999-01-11,0.0,20.21,80.65,93.31,0.24,16.32
1999-01-12,0.0,20.43,79.0,93.3,0.24,16.19
1999-01-13,0.0,19.82,80.12,93.25,0.3,15.85
1999-01-14,0.01,21.09,83.16,93.29,0.24,17.81
1999-01-15,0.0,20.99,80.91,93.38,0.36,17.26
1999-01-16,0.0,20.82,79.41,93.46,0.25,16.72
1999-01-17,0.0,20.64,82.07,93.35,0.27,17.04
1999-01-18,0.0,20.32,77.44,93.25,0.31,15.66
1999-01-19,0.0,19.72,76.22,93.22,0.34,14.83
1999-01-20,0.01,19.14,77.31,93.27,0.34,14.52
1999-01-21,0.0,19.01,75.05,93.33,0.39,13.91
1999-01-22,0.0,18.69,77.18,93.28,0.41,14.18
1999-01-23,0.0,19.48,73.29,93.19,0.35,13.9
1999-01-24,0.0,19.15,75.03,93.3,0.38,13.82
1999-01-25,0.0,17.36,77.94,93.34,0.32,12.94
1999-01-26,0.0,18.56,63.07,93.23,0.4,10.3
1999-01-27,0.0,20.52,60.52,93.12,0.38,11.96
1999-01-28,0.0,21.38,76.28,93.17,0.48,16.32
1999-01-29,1.06,21.62,78.55,93.19,0.39,17.1
1999-01-30,0.0,22.19,75.33,93.12,0.36,16.79
1999-01-31,0.0,22.12,71.27,93.05,0.22,15.83
1999-02-01,0.0,22.53,65.23,93.12,0.32,14.4
1999-02-02,0.0,22.16,67.97,93.17,0.33,15.09
1999-02-03,0.02,23.25,72.67,93.24,0.35,17.48
1999-02-04,0.09,23.49,78.0,93.29,0.31,18.91
1999-02-05,1.81,23.5,79.04,93.37,0.19,19.29
1999-02-06,0.2,23.45,74.24,93.44,0.26,17.96
1999-02-07,2.7,22.98,75.1,93.45,0.29,17.75
1999-02-08,2.21,23.18,78.23,93.42,0.34,18.6
1999-02-09,0.21,23.55,72.15,93.31,0.28,17.55
1999-02-10,0.06,23.82,72.49,93.24,0.38,17.66
1999-02-11,0.02,23.45,66.12,93.36,0.28,15.62
1999-02-12,0.0,22.79,57.53,93.49,0.35,12.54
1999-02-13,0.0,23.28,65.05,93.4,0.38,15.52
1999-02-14,0.0,23.9,63.51,93.31,0.33,15.57
1999-02-15,0.0,23.12,66.8,93.32,0.35,15.7
1999-02-16,0.0,23.69,66.66,93.41,0.2,16.11
1999-02-17,0.01,23.68,61.37,93.39,0.32,14.4
1999-02-18,1.07,22.85,70.79,93.33,0.33,16.65
1999-02-19,0.17,23.32,61.37,93.31,0.27,13.45
1999-02-20,0.56,22.25,74.17,93.25,0.3,17.15
1999-02-21,0.04,23.17,66.94,93.25,0.33,16.25
1999-02-22,0.0,23.65,61.32,93.4,0.3,14.38
1999-02-23,0.0,23.32,64.83,93.43,0.32,15.61
1999-02-24,0.0,22.85,58.68,93.3,0.34,12.63
1999-02-25,0.0,23.19,49.15,93.26,0.37,9.33
1999-02-26,0.0,23.57,43.75,93.18,0.43,8.15
1999-02-27,0.0,23.42,50.71,93.18,0.41,10.4
1999-02-28,0.0,23.39,57.96,93.2,0.35,13.02
1999-03-01,0.0,24.58,61.73,93.19,0.36,15.37
1999-03-02,0.0,25.28,59.39,93.1,0.35,15.21
1999-03-03,0.0,24.41,50.57,93.08,0.39,11.26
1999-03-04,0.0,24.73,51.89,92.99,0.38,12.26
1999-03-05,0.0,24.74,64.25,92.91,0.46,15.7
1999-03-06,3.95,25.02,60.51,92.86,0.35,14.77
1999-03-07,1.79,24.88,55.75,92.88,0.44,11.58
1999-03-08,0.0,24.46,57.53,92.86,0.5,11.99
1999-03-09,0.0,25.02,63.55,92.88,0.52,14.93
1999-03-10,0.0,26.01,61.12,92.9,0.38,15.52
1999-03-11,0.0,25.68,60.7,92.84,0.56,14.29
1999-03-12,0.0,25.77,68.44,92.86,0.42,18.24
1999-03-13,0.0,25.62,72.09,92.89,0.46,19.52
1999-03-14,0.0,26.39,68.99,92.91,0.34,19.25
1999-03-15,9.08,26.3,69.89,92.93,0.29,19.04
1999-03-16,5.28,25.72,70.65,92.88,0.34,18.23
1999-03-17,8.05,25.14,72.24,92.91,0.36,18.23
1999-03-18,3.16,25.84,70.46,92.95,0.4,18.14
1999-03-19,0.0,26.3,65.63,92.93,0.34,17.37
1999-03-20,0.0,26.44,61.6,92.91,0.27,16.01
1999-03-21,0.0,26.56,65.19,92.91,0.36,17.21
1999-03-22,0.0,26.65,64.28,93.0,0.36,16.84
1999-03-23,0.0,26.77,63.31,93.1,0.37,16.91
1999-03-24,0.2,26.45,66.6,93.16,0.4,18.08
1999-03-25,0.01,26.49,67.15,93.17,0.41,18.72
1999-03-26,0.0,27.28,63.49,93.1,0.41,17.84
1999-03-27,0.0,26.96,63.47,93.1,0.44,17.83
1999-03-28,0.0,27.42,60.91,93.08,0.37,17.41
1999-03-29,0.04,27.6,59.76,93.03,0.37,16.19
1999-03-30,0.09,26.86,62.0,93.05,0.36,16.17
1999-03-31,0.0,26.92,62.44,93.05,0.42,16.49
1999-04-01,0.0,26.75,62.82,93.04,0.53,16.91
1999-04-02,0.0,26.86,57.87,93.0,0.37,14.42
1999-04-03,0.0,26.13,55.84,93.03,0.39,13.21
1999-04-04,0.08,26.04,65.08,93.07,0.44,17.81
1999-04-05,8.41,24.91,76.61,93.15,0.51,20.01
1999-04-06,7.86,23.94,82.67,93.15,0.47,20.46
1999-04-07,2.27,25.23,76.12,93.01,0.57,19.87
1999-04-08,0.33,25.37,74.71,93.05,0.56,19.77
1999-04-09,0.01,26.04,71.29,93.12,0.51,19.49
1999-04-10,0.0,26.02,72.05,93.11,0.44,19.55
1999-04-11,0.0,26.0,73.95,93.09,0.47,20.12
1999-04-12,0.08,25.45,73.88,93.1,0.52,19.66
1999-04-13,3.42,23.58,77.5,93.15,0.67,19.03
1999-04-14,0.96,24.41,77.64,93.08,0.7,19.78
1999-04-15,0.0,25.42,70.94,93.01,0.65,18.89
1999-04-16,0.0,25.03,76.24,93.03,0.65,20.08
1999-04-17,0.16,25.43,74.3,93.03,0.54,19.91
1999-04-18,1.28,24.55,78.71,93.03,0.55,20.18
1999-04-19,0.92,24.32,79.26,92.96,0.61,20.09
1999-04-20,0.27,24.59,78.04,93.0,0.59,20.03
1999-04-21,1.6,23.91,79.72,93.1,0.65,19.88
1999-04-22,2.79,23.45,81.34,93.08,0.72,19.7
1999-04-23,9.71,24.22,80.62,92.87,0.76,20.21
1999-04-24,9.99,23.51,85.63,92.86,0.68,20.7
1999-04-25,29.77,23.13,89.34,92.98,0.65,21.12
1999-04-26,8.1,23.33,86.1,93.03,0.6,20.68
1999-04-27,0.17,24.3,79.12,93.03,0.4,20.01
1999-04-28,1.25,24.03,85.6,93.07,0.51,21.22
1999-04-29,0.13,24.33,84.09,93.07,0.54,21.2
1999-04-30,0.02,25.28,76.44,93.05,0.53,20.24
1999-05-01,0.0,25.56,71.89,93.1,0.49,19.27
1999-05-02,0.0,25.86,74.39,93.05,0.52,20.23
1999-05-03,0.01,25.61,76.25,92.99,0.46,20.55
1999-05-04,1.48,25.27,78.79,92.99,0.44,20.82
1999-05-05,37.97,23.73,87.9,93.03,0.42,21.44
1999-05-06,24.89,23.07,90.32,92.98,0.38,21.25
1999-05-07,15.32,22.88,88.14,92.97,0.49,20.64
1999-05-08,2.18,22.92,87.63,93.04,0.44,20.58
1999-05-09,2.92,23.14,85.89,93.09,0.42,20.44
1999-05-10,2.98,22.84,87.83,93.06,0.49,20.54
1999-05-11,0.78,23.34,85.56,93.01,0.56,20.53
1999-05-12,6.88,23.6,86.2,92.98,0.47,20.93
1999-05-13,6.49,23.52,87.93,92.96,0.5,21.19
1999-05-14,7.32,22.86,92.17,92.8,0.57,21.46
1999-05-15,8.01,22.78,90.6,92.72,0.56,21.05
1999-05-16,1.77,22.53,88.53,92.82,0.51,20.41
1999-05-17,0.12,22.9,88.28,92.95,0.53,20.72
1999-05-18,2.52,22.21,87.88,93.14,0.56,19.99
1999-05-19,18.13,22.54,88.63,93.16,0.47,20.42
1999-05-20,11.43,22.69,88.73,93.14,0.58,20.58
1999-05-21,5.86,22.71,89.75,93.04,0.7,20.8
1999-05-22,1.13,22.03,89.46,93.11,0.56,20.13
1999-05-23,1.33,21.41,89.31,93.15,0.58,19.48
1999-05-24,51.9,21.62,90.54,93.02,0.84,19.94
1999-05-25,28.05,21.52,92.24,92.9,0.84,20.16
1999-05-26,5.02,21.98,91.6,92.96,0.76,20.46
1999-05-27,6.05,22.21,90.61,93.09,0.59,20.48
1999-05-28,2.63,22.65,89.62,93.12,0.6,20.72
1999-05-29,3.14,21.37,89.26,93.01,0.44,19.4
1999-05-30,5.18,22.47,92.15,93.07,0.66,21.05
1999-05-31,0.95,22.63,89.22,93.21,0.49,20.62
1999-06-01,2.49,23.0,89.04,93.23,0.54,20.95
1999-06-02,2.06,22.41,91.62,93.27,0.55,20.89
1999-06-03,1.15,22.76,87.88,93.22,0.55,20.48
1999-06-04,0.39,22.6,86.72,93.24,0.52,20.08
1999-06-05,15.89,22.01,89.82,93.2,0.56,20.15
1999-06-06,24.06,22.23,93.77,93.08,0.65,21.12
1999-06-07,47.87,21.88,94.12,93.06,0.67,20.86
1999-06-08,70.69,22.13,95.18,93.01,0.79,21.3
1999-06-09,25.34,21.82,94.63,92.98,0.79,20.9
1999-06-10,12.63,21.44,93.17,93.04,0.78,20.25
1999-06-11,13.81,22.33,91.67,93.09,0.8,20.82
1999-06-12,23.44,22.59,91.17,93.08,0.9,21.0
1999-06-13,32.89,22.56,92.46,93.1,0.86,21.22
1999-06-14,11.8,22.54,91.74,93.14,0.73,21.05
1999-06-15,10.8,22.05,94.69,93.15,0.7,21.13
1999-06-16,4.67,21.74,92.14,93.09,0.58,20.32
1999-06-17,3.4,22.11,89.61,93.06,0.69,20.2
1999-06-18,6.55,22.09,91.15,93.05,0.7,20.48
1999-06-19,11.81,22.18,91.3,93.08,0.63,20.6
1999-06-20,15.91,22.38,91.22,93.1,0.67,20.79
1999-06-21,3.45,22.13,90.63,93.17,0.56,20.42
1999-06-22,0.14,22.15,89.57,93.2,0.42,20.21
1999-06-23,0.58,22.1,89.45,93.24,0.46,20.15
1999-06-24,0.21,22.43,88.87,93.25,0.51,20.35
1999-06-25,0.0,21.92,87.19,93.15,0.5,19.51
1999-06-26,0.37,22.69,88.11,93.07,0.5,20.45
1999-06-27,1.41,22.08,91.54,93.11,0.42,20.55
1999-06-28,0.27,22.07,89.71,93.21,0.37,20.16
1999-06-29,0.02,22.45,87.13,93.15,0.42,19.96
1999-06-30,0.02,21.79,88.15,93.18,0.48,19.58
1999-07-01,0.0,22.02,88.01,93.13,0.47,19.78
1999-07-02,2.45,20.5,89.46,93.05,0.33,18.59
1999-07-03,1.4,21.33,92.3,93.0,0.51,19.97
1999-07-04,19.83,20.38,91.45,93.01,0.48,18.84
1999-07-05,13.44,21.55,91.6,92.91,0.68,20.06
1999-07-06,10.3,21.54,92.94,92.9,0.76,20.3
1999-07-07,8.09,21.84,92.26,92.99,0.65,20.47
1999-07-08,1.35,21.59,92.89,93.05,0.58,20.32
1999-07-09,0.77,21.45,91.4,93.06,0.69,19.91
1999-07-10,2.0,21.16,91.62,93.05,0.62,19.67
1999-07-11,0.94,21.66,90.1,93.01,0.67,19.86
1999-07-12,0.33,20.24,89.72,93.14,0.43,18.37
1999-07-13,4.2,20.64,89.68,93.2,0.43,18.74
1999-07-14,3.57,20.83,92.14,93.17,0.56,19.42
1999-07-15,9.46,21.2,91.87,93.09,0.64,19.74
1999-07-16,21.41,21.66,92.32,92.97,0.76,20.28
1999-07-17,15.25,21.82,93.74,93.0,0.81,20.73
1999-07-18,23.2,22.16,92.98,93.05,0.79,20.92
1999-07-19,10.84,21.79,92.18,93.07,0.75,20.41
1999-07-20,1.97,21.46,93.08,93.16,0.69,20.27
1999-07-21,9.85,21.34,92.0,93.21,0.68,19.92
1999-07-22,4.56,21.17,93.66,93.18,0.64,20.07
1999-07-23,1.92,21.14,93.34,93.18,0.64,19.98
1999-07-24,0.79,21.31,91.6,93.12,0.75,19.81
1999-07-25,3.01,21.38,91.61,93.12,0.83,19.9
1999-07-26,5.31,20.61,92.44,93.17,0.88,19.29
1999-07-27,3.9,20.61,92.18,93.2,0.83,19.24
1999-07-28,3.47,20.16,92.16,93.24,0.71,18.78
1999-07-29,1.59,20.9,91.16,93.09,0.68,19.3
1999-07-30,0.78,21.7,90.39,92.94,0.72,19.95
1999-07-31,7.15,21.96,92.13,92.97,0.79,20.55
1999-08-01,5.64,21.66,93.25,93.04,0.8,20.48
1999-08-02,1.86,20.94,92.33,93.07,0.62,19.59
1999-08-03,7.4,21.19,91.67,93.02,0.64,19.71
1999-08-04,3.17,20.75,91.65,93.15,0.5,19.25
1999-08-05,1.43,21.57,91.27,93.19,0.52,19.98
1999-08-06,0.36,21.42,91.4,93.2,0.56,19.88
1999-08-07,0.37,20.91,90.63,93.18,0.53,19.22
1999-08-08,0.91,21.34,89.64,93.12,0.59,19.43
1999-08-09,11.87,22.21,90.37,93.04,0.68,20.45
1999-08-10,14.4,22.28,90.85,93.16,0.49,20.59
1999-08-11,7.99,22.3,91.79,93.15,0.53,20.81
1999-08-12,1.62,21.93,92.01,93.08,0.52,20.49
1999-08-13,0.24,22.08,90.35,93.06,0.54,20.32
1999-08-14,1.86,21.98,90.09,93.14,0.49,20.18
1999-08-15,1.63,22.15,90.02,93.22,0.48,20.31
1999-08-16,0.46,21.43,89.85,93.16,0.46,19.58
1999-08-17,3.35,21.07,91.9,93.05,0.5,19.63
1999-08-18,0.84,21.22,90.45,93.13,0.49,19.5
1999-08-19,7.17,22.02,89.75,93.15,0.44,20.11
1999-08-20,4.68,22.08,89.72,93.1,0.54,20.17
1999-08-21,0.53,21.32,88.9,93.02,0.5,19.26
1999-08-22,0.21,21.09,87.6,93.05,0.46,18.8
1999-08-23,0.61,21.9,88.54,93.12,0.48,19.74
1999-08-24,2.25,21.97,92.01,93.07,0.54,20.52
1999-08-25,3.32,21.32,91.65,93.08,0.59,19.83
1999-08-26,1.8,21.33,92.36,93.17,0.5,19.96
1999-08-27,0.64,21.88,91.39,93.28,0.47,20.32
1999-08-28,0.36,22.09,91.13,93.24,0.54,20.49
1999-08-29,3.11,21.61,92.03,93.22,0.39,20.16
1999-08-30,0.88,21.1,91.22,93.2,0.45,19.52
1999-08-31,0.14,21.47,91.0,93.18,0.4,19.84
1999-09-01,0.62,21.73,90.79,93.17,0.37,20.05
1999-09-02,5.54,21.32,89.16,93.32,0.43,19.27
1999-09-03,1.73,21.06,88.95,93.37,0.59,19.02
1999-09-04,0.74,21.09,86.61,93.36,0.53,18.6
1999-09-05,4.94,21.29,88.88,93.22,0.45,19.21
1999-09-06,6.69,22.22,89.52,93.09,0.63,20.28
1999-09-07,0.94,22.07,88.22,93.03,0.52,19.87
1999-09-08,0.37,21.98,88.65,93.05,0.6,19.88
1999-09-09,0.06,21.81,89.29,92.99,0.48,19.84
1999-09-10,0.29,22.31,88.11,92.95,0.48,20.08
1999-09-11,0.15,22.38,87.72,93.07,0.47,20.06
1999-09-12,0.43,22.15,88.69,93.07,0.48,20.06
1999-09-13,0.19,22.38,88.02,93.12,0.48,20.14
1999-09-14,0.01,22.38,86.84,93.12,0.39,19.89
1999-09-15,0.06,22.05,87.29,93.13,0.44,19.66
1999-09-16,0.74,22.76,87.04,93.04,0.53,20.26
1999-09-17,0.22,22.55,87.75,93.06,0.55,20.25
1999-09-18,0.0,22.58,87.17,93.07,0.42,20.14
1999-09-19,0.0,22.56,85.98,93.16,0.4,19.87
1999-09-20,0.0,22.66,86.77,93.2,0.42,20.14
1999-09-21,0.0,22.93,85.39,93.14,0.45,20.1
1999-09-22,0.0,22.63,88.44,93.06,0.46,20.46
1999-09-23,0.2,22.53,89.52,93.02,0.4,20.61
1999-09-24,0.05,23.16,86.27,93.12,0.27,20.43
1999-09-25,0.1,23.02,87.78,93.06,0.36,20.66
1999-09-26,0.52,22.74,87.65,93.01,0.25,20.39
1999-09-27,0.42,22.41,87.76,92.96,0.41,20.11
1999-09-28,2.48,22.52,86.5,92.92,0.34,19.86
1999-09-29,3.07,22.22,90.14,92.86,0.28,20.4
1999-09-30,4.36,22.2,89.92,92.93,0.35,20.33
1999-10-01,10.62,22.2,92.15,92.95,0.39,20.77
1999-10-02,7.55,21.78,93.39,92.98,0.47,20.61
1999-10-03,3.76,21.75,92.9,92.92,0.37,20.49
1999-10-04,50.89,21.96,92.45,92.88,0.31,20.58
1999-10-05,46.63,21.6,95.27,92.77,0.52,20.79
1999-10-06,42.34,21.55,96.51,92.82,0.44,20.97
1999-10-07,3.82,22.39,91.79,92.88,0.35,20.87
1999-10-08,24.51,22.14,95.45,92.84,0.49,21.35
1999-10-09,4.0,22.04,90.8,93.05,0.31,20.32
1999-10-10,2.79,21.83,90.04,93.21,0.36,19.97
1999-10-11,4.32,22.31,89.97,93.17,0.29,20.41
1999-10-12,22.29,22.5,90.86,93.09,0.5,20.8
1999-10-13,27.38,22.27,95.26,93.01,0.54,21.44
1999-10-14,53.92,21.52,93.73,93.04,0.56,20.41
1999-10-15,32.33,21.92,90.79,92.93,0.31,20.19
1999-10-16,14.5,21.78,94.31,92.9,0.58,20.77
1999-10-17,29.03,21.06,95.07,92.94,0.41,20.2
1999-10-18,46.21,21.6,93.67,92.88,0.56,20.47
1999-10-19,18.15,22.41,93.16,92.82,0.6,21.18
1999-10-20,19.74,21.38,94.78,92.92,0.37,20.47
1999-10-21,6.2,21.6,93.87,92.95,0.33,20.51
1999-10-22,4.68,21.79,92.36,93.1,0.29,20.42
1999-10-23,12.55,22.21,91.91,93.1,0.25,20.74
1999-10-24,3.61,22.18,93.17,92.97,0.24,20.94
1999-10-25,5.51,21.76,95.37,92.93,0.34,20.97
1999-10-26,1.39,22.25,92.21,92.98,0.37,20.83
1999-10-27,1.08,22.07,94.31,93.02,0.47,21.09
1999-10-28,11.12,21.85,95.11,93.04,0.54,21.01
1999-10-29,2.95,21.83,93.91,93.13,0.63,20.77
1999-10-30,2.32,21.22,90.65,93.16,0.5,19.54
1999-10-31,0.77,21.1,91.14,93.11,0.32,19.47
1999-11-01,0.0,21.14,86.89,93.13,0.37,18.62
1999-11-02,0.01,21.92,89.18,93.18,0.42,19.88
1999-11-03,1.49,22.13,88.88,93.2,0.44,20.04
1999-11-04,0.35,21.93,89.06,93.13,0.4,19.87
1999-11-05,7.75,22.24,90.42,93.13,0.38,20.45
1999-11-06,3.87,21.9,93.6,93.16,0.44,20.76
1999-11-07,0.08,22.3,84.29,93.18,0.21,19.18
1999-11-08,0.0,20.97,81.08,93.23,0.26,17.2
1999-11-09,0.0,19.8,78.57,93.25,0.42,15.45
1999-11-10,0.0,20.92,81.81,93.27,0.35,17.38
1999-11-11,0.0,21.63,84.68,93.37,0.24,18.66
1999-11-12,0.0,21.93,82.12,93.39,0.28,18.47
1999-11-13,0.05,22.03,83.05,93.41,0.24,18.74
1999-11-14,0.01,21.43,83.12,93.4,0.26,18.18
1999-11-15,0.0,20.53,82.32,93.35,0.27,17.14
1999-11-16,0.0,21.02,81.2,93.35,0.21,17.33
1999-11-17,0.0,21.62,84.81,93.4,0.21,18.67
1999-11-18,0.44,20.5,89.57,93.32,0.38,18.63
1999-11-19,5.56,21.3,89.39,93.12,0.29,19.34
1999-11-20,5.44,21.49,89.32,93.08,0.21,19.52
1999-11-21,53.4,20.7,94.93,93.06,0.17,19.82
1999-11-22,16.53,21.41,93.11,92.95,0.45,20.19
1999-11-23,0.99,22.27,89.33,92.99,0.32,20.26
1999-11-24,0.01,21.48,84.29,93.12,0.29,18.47
1999-11-25,0.0,20.85,81.07,93.12,0.24,17.15
1999-11-26,0.05,21.48,85.04,93.05,0.21,18.64
1999-11-27,2.13,22.29,86.11,93.07,0.2,19.6
1999-11-28,2.46,22.56,88.49,93.1,0.19,20.36
1999-11-29,25.15,22.14,91.36,93.04,0.21,20.54
1999-11-30,2.96,21.71,88.33,93.1,0.32,19.51
1999-12-01,0.47,22.19,85.73,93.19,0.29,19.47
1999-12-02,23.4,21.62,87.71,93.31,0.31,19.33
1999-12-03,1.34,21.16,85.8,93.36,0.28,18.42
1999-12-04,0.0,20.44,81.38,93.42,0.31,16.77
1999-12-05,0.0,20.06,82.79,93.37,0.26,16.7
1999-12-06,0.0,20.06,80.52,93.35,0.35,16.15
1999-12-07,0.0,20.27,85.18,93.39,0.36,17.41
1999-12-08,0.0,21.03,85.04,93.4,0.38,18.16
1999-12-09,0.0,20.77,83.67,93.34,0.44,17.6
1999-12-10,0.0,20.51,80.58,93.3,0.43,16.62
1999-12-11,0.0,20.42,79.61,93.3,0.36,16.39
1999-12-12,0.78,20.03,82.66,93.3,0.27,16.65
1999-12-13,1.51,20.75,91.64,93.23,0.18,19.28
1999-12-14,0.26,22.12,86.29,93.13,0.26,19.52
1999-12-15,0.02,22.16,85.37,93.13,0.21,19.33
1999-12-16,0.0,21.53,82.97,93.25,0.21,18.18
1999-12-17,0.04,20.97,83.96,93.28,0.22,17.9
1999-12-18,0.37,20.72,83.3,93.25,0.24,17.53
1999-12-19,0.15,19.0,81.29,93.2,0.25,15.32
1999-12-20,0.0,18.06,78.34,93.21,0.43,13.74
1999-12-21,0.01,20.2,80.79,93.22,0.24,16.41
1999-12-22,2.16,20.72,83.43,93.27,0.34,17.43
1999-12-23,2.04,21.05,87.8,93.31,0.31,18.78
1999-12-24,0.27,20.1,84.96,93.35,0.43,17.37
1999-12-25,0.32,21.21,84.75,93.32,0.34,18.34
1999-12-26,0.03,20.54,81.54,93.26,0.39,16.97
1999-12-27,0.0,20.08,79.91,93.3,0.43,16.16
1999-12-28,0.0,19.97,79.04,93.38,0.35,15.87
1999-12-29,0.0,19.51,78.11,93.35,0.39,15.19
1999-12-30,0.0,19.1,77.66,93.2,0.33,14.6
1999-12-31,0.0,19.62,78.18,93.16,0.27,15.25
2000-01-01,0.01,19.97,78.07,93.19,0.33,15.61
2000-01-02,0.0,19.72,75.46,93.19,0.35,14.74
2000-01-03,0.0,20.24,78.96,93.13,0.27,16.04
2000-01-04,0.0,20.21,83.34,93.12,0.24,17.1
2000-01-05,0.0,20.96,81.53,93.09,0.26,17.39
2000-01-06,0.28,21.36,85.36,93.08,0.24,18.59
2000-01-07,1.83,20.86,83.62,93.1,0.43,17.71
2000-01-08,0.17,20.58,83.44,93.07,0.44,17.49
2000-01-09,0.24,21.21,82.97,93.08,0.38,18.05
2000-01-10,0.44,22.1,84.35,93.05,0.29,19.16
2000-01-11,0.08,22.38,84.57,93.05,0.24,19.43
2000-01-12,8.83,22.37,83.66,93.11,0.27,19.24
2000-01-13,4.62,22.29,83.33,93.12,0.34,18.94
2000-01-14,0.02,22.11,78.66,93.1,0.3,17.83
2000-01-15,0.0,22.68,79.55,93.15,0.21,18.61
2000-01-16,0.0,21.3,81.28,93.17,0.31,17.73
2000-01-17,0.0,20.76,77.21,93.28,0.4,16.28
2000-01-18,0.0,20.54,73.96,93.36,0.45,15.11
2000-01-19,0.0,20.37,72.5,93.35,0.38,14.59
2000-01-20,0.0,21.86,67.48,93.28,0.32,14.92
2000-01-21,0.0,21.99,66.41,93.31,0.26,14.54
2000-01-22,0.0,21.11,58.8,93.34,0.44,11.59
2000-01-23,0.0,21.06,60.87,93.32,0.5,11.63
2000-01-24,0.0,21.9,70.76,93.33,0.44,15.43
2000-01-25,0.0,20.85,68.65,93.39,0.4,13.83
2000-01-26,0.0,20.1,68.62,93.37,0.37,13.35
2000-01-27,0.0,20.76,66.06,93.32,0.32,13.11
2000-01-28,0.0,22.03,69.12,93.29,0.28,15.33
2000-01-29,0.0,22.85,71.3,93.36,0.3,16.77
2000-01-30,0.0,22.11,65.08,93.45,0.35,14.07
2000-01-31,0.0,21.0,62.55,93.43,0.31,12.14
2000-02-01,0.0,21.26,61.27,93.31,0.31,11.91
2000-02-02,0.0,21.53,58.27,93.27,0.45,11.56
2000-02-03,1.13,22.21,77.89,93.35,0.28,17.64
2000-02-04,23.75,23.5,81.8,93.26,0.34,19.82
2000-02-05,2.35,23.61,81.46,93.19,0.23,19.76
2000-02-06,9.59,22.01,91.03,93.18,0.33,20.4
2000-02-07,0.86,23.07,82.05,93.17,0.39,19.39
2000-02-08,0.06,23.39,76.94,93.1,0.41,18.46
2000-02-09,0.05,22.6,80.49,93.18,0.34,18.68
2000-02-10,0.0,22.89,81.9,93.2,0.33,19.26
2000-02-11,0.86,22.92,81.26,93.2,0.45,19.04
2000-02-12,0.26,22.55,81.43,93.15,0.32,18.77
2000-02-13,12.06,22.83,77.25,93.07,0.28,17.88
2000-02-14,1.22,22.19,69.89,93.11,0.24,15.15
2000-02-15,0.0,22.36,68.71,93.14,0.27,15.42
2000-02-16,0.0,23.47,66.7,93.19,0.29,16.03
2000-02-17,0.0,23.46,68.24,93.09,0.4,16.25
2000-02-18,0.0,23.47,69.07,93.07,0.32,15.79
2000-02-19,0.0,23.23,73.03,93.07,0.44,17.09
2000-02-20,0.0,23.01,72.02,93.05,0.41,16.77
2000-02-21,0.0,23.19,74.35,93.03,0.38,17.62
2000-02-22,0.0,23.66,71.0,93.06,0.31,17.27
2000-02-23,1.14,23.05,77.76,93.08,0.28,18.53
2000-02-24,14.91,21.76,93.37,93.13,0.31,20.62
2000-02-25,6.08,22.42,85.91,93.11,0.41,19.65
2000-02-26,26.27,21.96,87.5,92.97,0.49,19.52
2000-02-27,40.41,21.58,94.65,92.96,0.4,20.66
2000-02-28,26.26,22.66,89.34,93.11,0.19,20.6
2000-02-29,0.49,22.78,80.25,93.18,0.34,18.8
2000-03-01,0.0,22.62,73.09,93.16,0.22,16.94
2000-03-02,0.0,22.54,65.89,93.19,0.33,14.87
2000-03-03,0.0,23.2,65.66,93.23,0.42,15.53
2000-03-04,0.0,23.18,63.15,93.23,0.23,14.31
2000-03-05,0.0,22.61,57.31,93.13,0.5,12.09
2000-03-06,0.03,22.28,74.63,93.12,0.32,16.28
2000-03-07,0.01,23.5,71.69,93.16,0.39,17.14
2000-03-08,0.0,23.08,77.75,93.17,0.37,18.34
2000-03-09,0.0,24.28,77.01,93.11,0.38,19.3
2000-03-10,0.0,24.88,76.39,93.1,0.42,19.64
2000-03-11,0.0,24.87,73.1,93.15,0.3,18.66
2000-03-12,0.0,24.61,73.98,93.11,0.29,18.77
2000-03-13,0.0,24.83,72.78,93.03,0.34,18.64
2000-03-14,0.0,24.57,70.44,93.1,0.31,17.75
2000-03-15,0.0,24.28,73.75,93.18,0.33,18.54
2000-03-16,0.0,24.55,70.44,93.1,0.33,17.86
2000-03-17,0.0,24.78,70.32,93.01,0.34,17.97
2000-03-18,0.0,25.37,69.0,93.04,0.31,18.08
2000-03-19,0.0,25.38,67.51,93.1,0.3,17.53
2000-03-20,0.0,25.54,65.71,93.06,0.24,16.89
2000-03-21,0.0,25.61,65.71,93.12,0.28,16.85
2000-03-22,0.0,25.24,61.36,93.12,0.26,14.92
2000-03-23,0.0,24.39,67.15,93.12,0.26,16.43
2000-03-24,17.41,23.68,76.06,93.13,0.29,18.58
2000-03-25,0.66,24.67,67.06,93.14,0.31,16.77
2000-03-26,0.0,24.36,68.82,93.16,0.33,17.01
2000-03-27,0.0,25.18,66.72,93.11,0.27,17.28
2000-03-28,0.0,25.37,63.71,93.09,0.33,16.5
2000-03-29,1.56,25.55,65.24,93.1,0.32,16.94
2000-03-30,2.59,24.92,70.71,93.09,0.36,17.33
2000-03-31,2.48,25.14,72.57,92.98,0.43,18.4
2000-04-01,0.2,23.81,79.75,92.96,0.46,19.56
2000-04-02,0.04,24.15,74.8,92.99,0.4,18.78
2000-04-03,0.05,24.97,75.31,92.97,0.28,19.68
2000-04-04,0.85,25.21,75.05,93.01,0.31,19.66
2000-04-05,0.3,25.01,70.37,92.97,0.29,18.27
2000-04-06,4.94,24.57,77.44,92.99,0.39,19.5
2000-04-07,4.6,24.53,80.39,93.14,0.3,20.24
2000-04-08,0.63,24.49,79.26,93.2,0.28,20.06
2000-04-09,0.0,26.43,69.49,93.09,0.42,18.66
2000-04-10,0.01,26.53,68.8,93.02,0.49,19.12
2000-04-11,1.11,26.91,68.23,92.93,0.38,18.87
2000-04-12,0.22,25.77,74.38,93.0,0.4,20.04
2000-04-13,0.01,25.63,72.58,92.97,0.45,19.37
2000-04-14,1.57,25.27,76.59,92.91,0.53,20.32
2000-04-15,0.23,25.87,71.54,92.96,0.54,19.52
2000-04-16,0.03,26.18,70.98,92.99,0.53,19.55
2000-04-17,0.19,26.53,70.83,92.97,0.44,19.68
2000-04-18,0.05,26.51,70.53,93.01,0.34,19.66
2000-04-19,4.14,25.71,72.81,93.08,0.3,19.52
2000-04-20,1.48,24.59,79.84,93.05,0.29,20.37
2000-04-21,4.27,24.69,80.84,93.05,0.46,20.76
2000-04-22,0.69,24.17,83.68,93.11,0.55,20.97
2000-04-23,3.28,24.48,76.64,93.07,0.5,19.56
2000-04-24,6.53,23.53,83.76,93.15,0.64,20.37
2000-04-25,0.54,24.19,80.71,93.04,0.42,20.25
2000-04-26,0.11,25.47,73.97,92.97,0.59,19.78
2000-04-27,0.08,25.88,74.34,92.91,0.61,20.19
2000-04-28,0.0,25.81,74.87,92.98,0.6,20.39
2000-04-29,0.0,25.52,76.18,93.07,0.53,20.48
2000-04-30,1.47,25.59,78.15,93.07,0.51,20.96
2000-05-01,0.96,24.94,80.27,93.06,0.47,20.9
2000-05-02,0.04,24.88,78.56,93.1,0.43,20.5
2000-05-03,9.47,24.94,75.6,93.2,0.36,19.35
2000-05-04,1.19,25.18,73.82,93.12,0.46,19.07
2000-05-05,0.22,24.79,78.72,93.07,0.44,20.43
2000-05-06,0.43,25.4,75.0,93.12,0.44,19.83
2000-05-07,14.78,22.69,85.88,93.23,0.21,20.05
2000-05-08,3.47,24.46,74.74,93.12,0.35,18.87
2000-05-09,0.0,25.15,75.3,93.07,0.36,19.9
2000-05-10,1.38,24.59,83.43,93.04,0.4,21.3
2000-05-11,0.88,24.42,82.56,93.07,0.33,20.89
2000-05-12,0.06,24.7,81.16,93.12,0.48,20.87
2000-05-13,0.0,24.57,79.01,93.18,0.44,20.23
2000-05-14,0.0,25.02,74.7,93.15,0.52,19.55
2000-05-15,0.26,24.68,79.16,93.16,0.54,20.48
2000-05-16,1.88,23.97,80.01,93.22,0.61,19.95
2000-05-17,14.76,23.11,86.48,93.23,0.61,20.55
2000-05-18,0.62,23.96,78.2,93.18,0.5,19.47
2000-05-19,0.57,23.95,81.05,93.12,0.67,20.2
2000-05-20,0.24,24.05,80.56,93.08,0.65,20.21
2000-05-21,0.09,24.58,78.04,93.04,0.64,20.06
2000-05-22,1.04,24.77,79.37,93.0,0.68,20.57
2000-05-23,0.82,24.92,79.09,92.94,0.63,20.59
2000-05-24,6.54,24.93,81.93,92.92,0.63,21.25
2000-05-25,17.84,24.14,86.0,92.94,0.59,21.41
2000-05-26,12.7,23.61,86.7,92.82,0.59,21.01
2000-05-27,3.31,22.65,89.82,92.94,0.74,20.83
2000-05-28,0.53,23.11,83.71,93.04,0.71,19.98
2000-05-29,0.06,22.81,81.63,93.13,0.49,19.22
2000-05-30,6.7,21.6,85.65,93.14,0.46,18.91
2000-05-31,4.57,22.62,82.46,93.05,0.64,19.11
2000-06-01,9.96,21.9,89.67,92.95,0.6,20.02
2000-06-02,4.23,22.52,86.93,92.9,0.72,20.06
2000-06-03,1.43,23.14,85.13,92.78,0.84,20.32
2000-06-04,9.83,23.46,87.04,92.71,0.88,21.03
2000-06-05,36.67,23.45,88.39,92.64,1.0,21.3
2000-06-06,33.15,23.1,90.83,92.68,1.07,21.46
2000-06-07,47.87,23.02,90.53,92.9,1.06,21.32
2000-06-08,20.54,23.16,89.19,93.06,0.94,21.16
2000-06-09,27.57,23.18,90.91,93.07,0.8,21.52
2000-06-10,7.54,22.38,91.07,93.13,0.73,20.78
2000-06-11,4.15,21.25,90.27,93.22,0.73,19.5
2000-06-12,2.18,21.05,87.84,93.3,0.78,18.85
2000-06-13,2.34,21.65,88.65,93.33,0.68,19.58
2000-06-14,7.65,21.12,87.93,93.31,0.58,18.89
2000-06-15,2.43,21.57,87.22,93.19,0.56,19.16
2000-06-16,0.41,22.74,88.66,93.1,0.68,20.61
2000-06-17,0.57,22.52,87.86,93.11,0.82,20.26
2000-06-18,6.48,22.32,89.73,93.02,0.84,20.45
2000-06-19,3.91,22.61,88.01,92.94,0.86,20.36
2000-06-20,2.88,22.71,88.63,92.89,0.79,20.59
2000-06-21,4.15,22.74,90.2,92.94,0.76,20.94
2000-06-22,1.11,22.63,90.2,93.05,0.61,20.82
2000-06-23,0.35,21.75,90.12,93.1,0.64,19.97
2000-06-24,0.37,21.91,88.07,93.05,0.62,19.7
2000-06-25,0.3,21.69,86.02,93.04,0.56,19.05
2000-06-26,13.41,21.23,88.81,93.07,0.62,19.18
2000-06-27,13.9,20.81,90.65,93.07,0.77,19.15
2000-06-28,4.98,20.29,90.81,93.09,0.7,18.66
2000-06-29,2.22,20.98,89.89,92.92,0.74,19.16
2000-06-30,5.26,20.58,87.55,92.91,0.85,18.33
2000-07-01,9.98,21.25,88.01,92.92,0.76,19.02
2000-07-02,5.15,21.52,90.14,92.92,0.7,19.72
2000-07-03,3.94,21.37,89.34,92.88,0.61,19.4
2000-07-04,2.97,20.31,89.12,92.87,0.61,18.34
2000-07-05,1.37,21.8,89.84,92.87,0.93,19.98
2000-07-06,1.02,21.71,88.61,92.9,0.91,19.64
2000-07-07,2.17,21.57,90.03,92.88,0.86,19.79
2000-07-08,2.0,20.65,89.27,92.96,0.78,18.72
2000-07-09,0.63,21.03,87.52,92.97,0.63,18.7
2000-07-10,1.63,21.0,88.29,92.95,0.65,18.87
2000-07-11,15.78,21.26,91.51,92.94,0.71,19.74
2000-07-12,4.03,21.63,90.95,93.01,0.59,20.01
2000-07-13,0.01,21.8,89.42,93.09,0.5,19.86
2000-07-14,1.52,21.29,89.1,93.16,0.47,19.3
2000-07-15,0.47,22.26,88.46,93.05,0.57,20.09
2000-07-16,0.2,22.38,87.14,93.05,0.63,19.97
2000-07-17,1.01,22.22,89.47,93.12,0.63,20.3
2000-07-18,5.39,21.26,87.1,93.12,0.6,18.87
2000-07-19,2.63,21.52,85.48,93.01,0.54,18.69
2000-07-20,0.03,22.23,85.75,93.03,0.56,19.49
2000-07-21,0.0,22.63,86.37,93.03,0.49,20.02
2000-07-22,0.52,22.55,85.02,93.12,0.51,19.62
2000-07-23,0.64,23.18,85.89,93.02,0.51,20.4
2000-07-24,0.1,22.56,86.46,92.99,0.53,19.97
2000-07-25,0.0,22.18,87.82,93.1,0.51,19.88
2000-07-26,0.44,22.02,87.23,93.14,0.5,19.63
2000-07-27,5.72,21.76,87.61,93.03,0.59,19.43
2000-07-28,1.76,22.46,86.02,92.94,0.69,19.77
2000-07-29,8.81,22.65,86.38,92.95,0.6,20.06
2000-07-30,2.24,22.41,88.88,93.02,0.52,20.33
2000-07-31,3.63,22.11,90.36,92.98,0.49,20.34
2000-08-01,0.79,21.87,87.44,92.92,0.44,19.51
2000-08-02,1.53,22.57,86.88,92.93,0.56,20.05
2000-08-03,10.74,21.98,92.84,92.87,0.7,20.73
2000-08-04,2.51,21.94,92.31,92.8,0.88,20.57
2000-08-05,5.39,22.06,94.17,92.85,0.65,21.07
2000-08-06,3.87,22.25,90.2,92.9,0.44,20.43
2000-08-07,1.46,22.13,90.22,93.01,0.66,20.33
2000-08-08,2.6,21.43,88.55,93.18,0.84,19.34
2000-08-09,3.8,21.26,88.01,93.03,0.94,19.08
2000-08-10,18.99,21.17,91.23,92.91,0.83,19.6
2000-08-11,6.7,22.04,87.32,92.91,0.72,19.65
2000-08-12,0.1,22.44,85.29,93.04,0.56,19.61
2000-08-13,0.19,22.64,87.37,93.16,0.46,20.22
2000-08-14,29.1,22.1,92.02,93.13,0.45,20.65
2000-08-15,9.99,21.42,92.08,93.15,0.47,20.02
2000-08-16,0.17,22.04,87.7,93.16,0.53,19.74
2000-08-17,0.73,21.71,89.04,93.13,0.56,19.69
2000-08-18,4.98,21.04,91.47,93.15,0.6,19.53
2000-08-19,11.24,20.53,90.74,93.23,0.72,18.88
2000-08-20,6.88,20.9,90.61,93.2,0.68,19.22
2000-08-21,10.86,21.93,89.36,93.03,0.93,19.99
2000-08-22,22.51,22.13,89.66,92.93,1.06,20.25
2000-08-23,28.05,21.94,90.71,92.96,1.1,20.27
2000-08-24,53.62,21.68,92.95,92.88,1.09,20.45
2000-08-25,83.39,21.81,92.75,92.88,0.99,20.53
2000-08-26,21.55,21.88,94.05,93.07,0.83,20.84
2000-08-27,15.79,21.62,92.77,93.15,0.83,20.34
2000-08-28,6.84,21.48,91.47,93.16,0.77,19.94
2000-08-29,1.03,21.12,91.26,93.16,0.53,19.55
2000-08-30,1.01,20.8,89.73,93.2,0.41,18.91
2000-08-31,0.96,21.34,90.61,93.18,0.34,19.62
2000-09-01,0.41,21.73,91.43,93.19,0.45,20.18
2000-09-02,0.13,22.22,89.28,93.12,0.51,20.21
2000-09-03,1.12,22.3,89.2,93.1,0.62,20.3
2000-09-04,0.82,22.27,89.02,93.18,0.51,20.22
2000-09-05,0.39,22.69,89.74,93.13,0.46,20.77
2000-09-06,0.34,22.6,88.26,93.04,0.37,20.38
2000-09-07,0.43,22.61,88.47,93.08,0.34,20.44
2000-09-08,0.61,22.16,87.85,93.21,0.32,19.81
2000-09-09,0.34,23.06,87.25,93.25,0.37,20.56
2000-09-10,0.1,21.88,90.48,93.2,0.43,20.16
2000-09-11,0.03,21.73,90.32,93.09,0.46,19.98
2000-09-12,1.96,22.1,89.57,93.03,0.54,20.18
2000-09-13,1.66,22.23,91.56,93.0,0.48,20.69
2000-09-14,0.15,22.19,90.76,93.01,0.43,20.5
2000-09-15,1.98,22.22,89.67,92.97,0.32,20.28
2000-09-16,3.35,22.14,88.77,93.03,0.41,20.01
2000-09-17,0.81,22.56,88.58,93.05,0.44,20.4
2000-09-18,2.51,22.07,88.46,92.99,0.44,19.92
2000-09-19,0.66,22.0,95.46,92.85,0.46,21.22
2000-09-20,3.08,22.17,90.42,92.9,0.38,20.42
2000-09-21,16.08,21.29,93.04,92.93,0.49,20.05
2000-09-22,13.9,21.86,92.32,92.95,0.31,20.47
2000-09-23,4.82,22.44,91.36,92.88,0.33,20.84
2000-09-24,4.8,22.99,88.73,92.86,0.22,20.83
2000-09-25,25.21,22.5,91.59,92.83,0.2,20.95
2000-09-26,10.55,22.25,94.63,92.89,0.36,21.32
2000-09-27,10.46,22.24,92.82,92.98,0.59,20.96
2000-09-28,1.61,22.41,89.68,93.07,0.49,20.49
2000-09-29,0.88,22.38,88.59,93.12,0.38,20.22
2000-09-30,1.87,21.71,93.09,93.1,0.51,20.48
2000-10-01,21.92,21.61,94.78,93.13,0.6,20.7
2000-10-02,15.69,22.09,94.04,93.18,0.6,21.05
2000-10-03,8.52,21.32,92.6,93.21,0.56,20.01
2000-10-04,2.74,21.48,90.31,93.16,0.43,19.71
2000-10-05,8.6,20.96,92.18,93.18,0.25,19.53
2000-10-06,4.82,21.46,90.6,93.22,0.39,19.73
2000-10-07,1.63,21.71,91.18,93.16,0.32,20.09
2000-10-08,4.92,21.98,91.06,93.14,0.44,20.32
2000-10-09,1.62,22.31,89.7,93.06,0.43,20.39
2000-10-10,0.27,22.27,87.81,93.16,0.29,19.95
2000-10-11,0.03,22.06,87.08,93.25,0.31,19.61
2000-10-12,2.74,21.99,87.26,93.27,0.34,19.59
2000-10-13,5.83,21.13,90.55,93.17,0.37,19.39
2000-10-14,1.08,22.08,91.26,93.06,0.45,20.47
2000-10-15,2.96,22.7,89.28,93.07,0.37,20.66
2000-10-16,26.61,22.39,92.92,93.07,0.52,21.09
2000-10-17,10.75,22.63,90.35,93.02,0.49,20.83
2000-10-18,2.22,21.84,89.94,92.95,0.48,20.0
2000-10-19,0.11,21.96,86.78,93.0,0.42,19.48
2000-10-20,0.04,22.15,86.7,93.1,0.37,19.6
2000-10-21,7.69,22.03,90.46,93.13,0.46,20.28
2000-10-22,5.98,21.17,90.46,93.13,0.36,19.41
2000-10-23,7.43,22.05,91.47,92.99,0.41,20.46
2000-10-24,1.41,21.89,95.69,93.05,0.36,21.14
2000-10-25,18.53,21.74,74.28,93.2,0.27,16.31
2000-10-26,0.03,21.3,67.35,93.2,0.42,14.49
2000-10-27,0.0,21.55,84.12,93.16,0.24,18.37
2000-10-28,0.0,22.27,86.5,93.26,0.33,19.6
2000-10-29,0.0,22.77,87.07,93.28,0.4,20.24
2000-10-30,0.0,23.11,85.67,93.22,0.36,20.26
2000-10-31,0.0,22.81,84.71,93.1,0.32,19.8
2000-11-01,0.01,22.1,85.42,93.07,0.22,19.23
2000-11-02,0.0,22.58,81.83,93.1,0.16,18.94
2000-11-03,4.11,22.94,84.25,93.24,0.28,19.81
2000-11-04,1.09,23.16,83.67,93.36,0.28,19.9
2000-11-05,0.01,23.41,81.39,93.25,0.23,19.69
2000-11-06,21.43,22.3,86.11,93.08,0.24,19.65
2000-11-07,2.73,22.05,82.72,93.08,0.23,18.6
2000-11-08,0.0,20.74,85.97,93.15,0.34,18.14
2000-11-09,0.0,22.14,81.52,93.1,0.25,18.51
2000-11-10,0.67,22.03,81.77,93.15,0.24,18.45
2000-11-11,0.08,22.19,83.82,93.22,0.28,19.07
2000-11-12,0.18,21.97,83.97,93.06,0.26,18.86
2000-11-13,0.03,22.41,83.17,92.9,0.23,19.1
2000-11-14,0.0,21.11,78.8,93.0,0.33,16.91
2000-11-15,0.19,20.6,80.07,93.04,0.39,16.74
2000-11-16,0.03,21.4,80.63,93.08,0.35,17.64
2000-11-17,0.13,21.3,79.68,93.04,0.37,17.34
2000-11-18,0.55,21.09,84.33,93.01,0.3,18.12
2000-11-19,3.4,21.48,90.03,93.04,0.24,19.69
2000-11-20,22.87,20.21,94.23,93.11,0.3,19.2
2000-11-21,16.94,21.03,93.08,93.04,0.31,19.79
2000-11-22,4.22,22.05,90.01,93.07,0.25,20.21
2000-11-23,12.18,22.19,92.74,93.25,0.37,20.9
2000-11-24,1.17,21.76,91.1,93.33,0.29,20.12
2000-11-25,0.01,21.38,80.99,93.3,0.34,17.57
2000-11-26,0.0,19.85,76.74,93.32,0.47,15.16
2000-11-27,0.01,18.96,76.85,93.25,0.52,14.43
2000-11-28,0.0,20.19,74.92,93.13,0.37,15.28
2000-11-29,1.59,21.17,88.24,93.0,0.43,18.93
2000-11-30,11.61,19.72,90.13,93.17,0.51,17.96
2000-12-01,0.51,21.42,85.97,93.21,0.42,18.71
2000-12-02,0.26,21.96,85.25,93.27,0.29,19.1
2000-12-03,0.05,22.62,83.22,93.37,0.24,19.32
2000-12-04,0.19,22.26,85.39,93.29,0.24,19.45
2000-12-05,2.84,22.92,88.21,93.2,0.22,20.66
2000-12-06,0.17,20.86,81.44,93.28,0.26,17.16
2000-12-07,0.0,18.87,77.21,93.27,0.4,14.23
2000-12-08,0.0,19.64,78.01,93.24,0.32,15.24
2000-12-09,0.0,20.09,78.71,93.21,0.3,15.91
2000-12-10,0.0,19.16,78.02,93.29,0.35,14.68
2000-12-11,0.0,19.1,78.23,93.37,0.34,14.68
2000-12-12,0.0,18.64,76.2,93.36,0.33,13.75
2000-12-13,0.0,17.96,74.15,93.28,0.35,12.44
2000-12-14,0.0,18.14,72.01,93.24,0.35,12.28
2000-12-15,0.0,18.4,73.68,93.31,0.38,12.89
2000-12-16,0.0,18.72,75.78,93.41,0.4,13.69
2000-12-17,0.0,19.75,76.42,93.36,0.35,15.02
2000-12-18,0.0,20.4,76.16,93.3,0.25,15.67
2000-12-19,0.0,19.75,73.53,93.17,0.27,14.53
2000-12-20,0.0,20.02,73.33,93.2,0.24,14.63
2000-12-21,0.0,19.47,73.3,93.23,0.35,13.87
2000-12-22,0.0,20.26,72.59,93.24,0.3,14.47
2000-12-23,0.0,21.71,74.35,93.19,0.26,16.34
2000-12-24,0.0,21.64,68.48,93.18,0.29,14.72
2000-12-25,0.0,20.38,65.05,93.17,0.41,12.43
2000-12-26,0.1,20.65,70.11,93.16,0.41,14.49
2000-12-27,7.4,20.23,84.63,93.06,0.66,17.48
2000-12-28,22.66,20.23,93.44,92.96,0.51,19.14
2000-12-29,0.39,22.89,82.93,93.05,0.44,19.48
2000-12-30,0.16,22.83,80.2,93.15,0.3,18.69
2000-12-31,0.14,23.13,81.8,93.14,0.27,19.4
2001-01-01,0.77,22.37,83.99,93.08,0.25,19.25
2001-01-02,0.35,21.92,84.16,93.18,0.23,18.87
2001-01-03,0.01,22.5,78.05,93.2,0.19,17.99
2001-01-04,0.0,21.51,69.42,93.25,0.25,14.76
2001-01-05,0.0,21.66,72.21,93.27,0.31,15.79
2001-01-06,0.0,22.07,72.21,93.31,0.34,16.19
2001-01-07,0.0,20.93,70.02,93.24,0.29,14.47
2001-01-08,0.0,20.9,70.46,93.14,0.26,14.56
2001-01-09,0.0,21.57,76.33,93.21,0.22,16.74
2001-01-10,0.03,22.46,75.03,93.24,0.22,17.35
2001-01-11,0.0,23.01,71.13,93.17,0.21,16.92
2001-01-12,0.0,23.16,71.86,93.16,0.23,17.14
2001-01-13,0.0,23.27,69.59,93.24,0.24,16.53
2001-01-14,0.0,22.04,65.09,93.25,0.27,13.83
2001-01-15,0.5,21.29,62.6,93.32,0.31,12.79
2001-01-16,1.25,21.57,70.05,93.33,0.25,15.01
2001-01-17,0.0,20.82,66.44,93.33,0.34,13.32
2001-01-18,0.0,21.74,70.85,93.3,0.32,15.63
2001-01-19,0.0,22.64,68.44,93.23,0.34,16.0
2001-01-20,0.0,22.08,63.75,93.22,0.42,13.8
2001-01-21,0.0,21.93,60.3,93.14,0.28,12.52
2001-01-22,0.0,21.69,60.93,93.1,0.4,12.51
2001-01-23,1.12,22.86,75.65,93.05,0.23,17.71
2001-01-24,0.27,23.83,77.08,93.07,0.22,19.02
2001-01-25,0.03,24.21,72.31,93.11,0.2,18.13
2001-01-26,21.6,23.69,73.57,93.07,0.31,17.88
2001-01-27,1.93,21.75,72.1,93.16,0.25,15.18
2001-01-28,0.0,21.01,60.49,93.17,0.29,11.66
2001-01-29,0.01,21.88,63.36,93.17,0.24,13.71
2001-01-30,0.04,23.07,68.24,93.14,0.19,16.12
2001-01-31,0.14,23.32,76.24,93.02,0.23,18.45
2001-02-01,8.61,23.61,80.05,92.99,0.24,19.45
2001-02-02,10.4,22.59,83.46,93.01,0.35,19.12
2001-02-03,4.36,22.89,84.06,93.07,0.32,19.58
2001-02-04,7.96,23.61,82.47,93.08,0.31,19.87
2001-02-05,3.23,23.73,80.52,93.14,0.4,19.59
2001-02-06,0.07,23.98,68.07,93.17,0.35,16.21
2001-02-07,0.0,22.67,57.31,93.18,0.4,11.3
2001-02-08,0.0,21.86,55.01,93.19,0.41,10.19
2001-02-09,0.0,22.75,54.94,93.26,0.44,11.4
2001-02-10,0.0,22.81,68.17,93.26,0.32,14.26
2001-02-11,0.0,23.59,71.43,93.12,0.45,16.66
2001-02-12,0.0,23.56,58.83,93.15,0.35,11.87
2001-02-13,0.0,22.83,61.88,93.2,0.32,13.05
2001-02-14,0.0,23.12,60.64,93.16,0.38,12.95
2001-02-15,0.0,23.04,61.71,93.22,0.48,13.44
2001-02-16,0.0,23.87,67.95,93.29,0.4,15.78
2001-02-17,1.26,24.17,67.06,93.29,0.28,16.19
2001-02-18,0.57,24.33,71.95,93.28,0.23,17.84
2001-02-19,0.01,25.24,68.83,93.32,0.29,17.74
2001-02-20,0.9,24.85,70.04,93.31,0.32,17.87
2001-02-21,0.05,25.12,69.22,93.16,0.34,17.7
2001-02-22,0.0,25.24,65.17,93.17,0.4,15.76
2001-02-23,0.0,25.4,65.03,93.21,0.43,16.21
2001-02-24,0.0,25.33,66.21,93.24,0.38,16.51
2001-02-25,0.0,25.32,68.77,93.15,0.4,17.45
2001-02-26,0.0,25.24,69.68,93.13,0.44,17.81
2001-02-27,0.05,25.7,64.68,93.21,0.38,15.81
2001-02-28,0.02,25.15,62.61,93.34,0.3,15.31
2001-03-01,0.0,24.35,57.51,93.38,0.37,12.98
2001-03-02,0.0,24.91,56.39,93.39,0.3,13.04
2001-03-03,0.0,24.47,57.48,93.36,0.33,13.44
2001-03-04,0.0,25.45,58.23,93.37,0.4,14.87
2001-03-05,0.0,25.57,60.75,93.31,0.35,15.75
2001-03-06,0.0,25.73,61.83,93.31,0.36,16.18
2001-03-07,0.0,26.03,59.12,93.28,0.35,15.43
2001-03-08,0.0,25.86,60.23,93.23,0.36,15.89
2001-03-09,0.09,24.93,67.92,93.27,0.37,17.86
2001-03-10,0.03,25.96,65.14,93.26,0.4,17.59
2001-03-11,0.0,25.6,63.59,93.32,0.37,16.97
2001-03-12,0.0,26.06,60.29,93.23,0.38,16.14
2001-03-13,0.0,26.15,61.67,93.2,0.41,16.88
2001-03-14,0.0,26.55,58.68,93.22,0.34,15.78
2001-03-15,0.0,26.46,57.3,93.32,0.32,15.48
2001-03-16,0.0,26.35,59.06,93.22,0.4,15.63
2001-03-17,0.0,26.45,60.17,93.1,0.41,15.81
2001-03-18,0.0,26.52,56.34,93.11,0.41,14.77
2001-03-19,0.0,26.44,58.39,93.23,0.34,15.54
2001-03-20,0.02,27.02,60.0,93.17,0.45,16.22
2001-03-21,0.02,26.93,61.59,93.03,0.5,17.2
2001-03-22,0.0,26.12,66.57,92.96,0.5,18.39
2001-03-23,0.0,26.24,67.14,92.96,0.52,18.75
2001-03-24,0.0,26.43,66.36,92.97,0.53,18.75
2001-03-25,0.0,25.91,68.65,93.0,0.56,18.84
2001-03-26,0.0,25.73,65.06,93.01,0.58,17.59
2001-03-27,0.0,26.05,62.51,92.97,0.63,16.94
2001-03-28,0.0,26.56,65.51,92.95,0.6,18.47
2001-03-29,0.47,26.41,70.8,92.9,0.49,19.71
2001-03-30,0.38,25.78,69.96,93.03,0.53,19.12
2001-03-31,0.01,27.39,59.67,93.1,0.47,17.46
2001-04-01,0.0,27.8,55.79,93.08,0.36,16.61
2001-04-02,0.0,28.03,53.15,92.99,0.38,15.64
2001-04-03,0.0,28.08,56.27,93.02,0.35,16.81
2001-04-04,1.92,27.25,62.24,93.09,0.25,18.43
2001-04-05,3.85,25.46,75.15,93.11,0.22,20.02
2001-04-06,36.15,25.45,79.55,93.14,0.26,20.85
2001-04-07,9.64,25.2,77.52,93.29,0.32,20.44
2001-04-08,22.55,24.36,76.95,93.18,0.31,19.47
2001-04-09,2.39,24.94,74.91,93.08,0.32,19.29
2001-04-10,7.15,24.69,77.76,93.16,0.2,19.93
2001-04-11,11.27,23.73,84.01,93.16,0.22,20.43
2001-04-12,16.57,23.48,85.82,93.05,0.45,20.67
2001-04-13,23.47,23.14,86.29,93.14,0.53,20.43
2001-04-14,4.76,23.55,83.34,93.33,0.44,20.08
2001-04-15,0.76,24.01,81.24,93.4,0.28,20.15
2001-04-16,7.55,22.89,89.4,93.27,0.3,20.96
2001-04-17,37.03,23.8,86.33,93.18,0.3,21.08
2001-04-18,14.86,23.76,89.18,93.06,0.28,21.71
2001-04-19,1.29,23.72,87.47,93.04,0.33,21.29
2001-04-20,20.96,24.14,83.48,93.0,0.25,20.72
2001-04-21,2.5,24.76,82.67,92.93,0.34,21.05
2001-04-22,0.35,25.3,81.33,92.93,0.33,21.33
2001-04-23,3.76,25.33,83.16,92.96,0.26,21.82
2001-04-24,0.75,25.43,76.09,93.04,0.27,20.06
2001-04-25,0.0,25.12,75.31,93.03,0.32,19.41
2001-04-26,0.0,25.32,78.05,93.01,0.44,20.42
2001-04-27,1.93,24.67,85.73,93.03,0.35,21.8
2001-04-28,0.75,24.11,87.48,92.97,0.4,21.71
2001-04-29,8.19,25.14,83.43,92.94,0.36,21.65
2001-04-30,5.32,24.46,86.47,93.08,0.39,21.8
2001-05-01,12.0,24.76,80.57,93.04,0.32,20.75
2001-05-02,1.55,25.49,82.72,92.94,0.39,21.82
2001-05-03,0.03,25.19,82.57,92.91,0.43,21.63
2001-05-04,0.03,25.32,84.47,93.02,0.41,22.26
2001-05-05,0.1,25.21,86.05,93.1,0.31,22.48
2001-05-06,19.87,24.65,89.28,93.05,0.32,22.62
2001-05-07,9.64,24.21,88.35,93.11,0.38,21.98
2001-05-08,13.6,23.96,86.07,93.09,0.36,21.2
2001-05-09,3.82,23.69,90.14,93.12,0.48,21.87
2001-05-10,0.02,24.69,85.32,93.12,0.46,21.8
2001-05-11,0.0,25.55,83.56,93.07,0.45,22.21
2001-05-12,0.97,24.77,88.56,93.09,0.44,22.65
2001-05-13,0.03,23.37,86.63,93.11,0.28,20.83
2001-05-14,0.07,23.65,84.14,93.06,0.33,20.49
2001-05-15,0.02,24.26,87.11,93.07,0.4,21.81
2001-05-16,0.0,24.28,85.22,93.15,0.47,21.42
2001-05-17,0.08,24.61,82.78,93.2,0.48,21.18
2001-05-18,0.05,24.23,85.82,93.18,0.47,21.52
2001-05-19,1.23,23.5,86.1,93.16,0.44,20.88
2001-05-20,4.14,22.85,86.74,93.15,0.35,20.34
2001-05-21,1.31,22.92,86.89,93.08,0.41,20.43
2001-05-22,0.82,23.3,85.07,93.13,0.49,20.36
2001-05-23,19.45,23.36,86.7,93.18,0.71,20.82
2001-05-24,5.77,22.93,85.0,93.14,0.43,19.99
2001-05-25,10.76,23.58,87.08,93.01,0.57,21.14
2001-05-26,15.49,22.77,89.92,93.09,0.62,20.92
2001-05-27,8.47,22.47,87.73,93.14,0.49,20.19
2001-05-28,15.98,22.44,88.72,93.12,0.7,20.34
2001-05-29,24.29,21.73,89.02,93.12,0.69,19.74
2001-05-30,18.78,21.7,89.14,93.06,0.63,19.71
2001-05-31,6.64,22.13,89.7,92.97,0.62,20.24
2001-06-01,0.55,22.54,87.6,92.93,0.57,20.24
2001-06-02,8.56,21.97,88.39,93.01,0.57,19.85
2001-06-03,1.72,22.11,88.06,93.01,0.57,19.89
2001-06-04,10.55,20.92,89.57,93.04,0.52,19.06
2001-06-05,38.88,22.07,90.54,92.93,0.61,20.34
2001-06-06,46.91,22.09,94.42,92.82,0.74,21.13
2001-06-07,15.7,22.07,92.91,92.8,0.82,20.84
2001-06-08,24.19,21.28,92.02,92.84,0.72,19.88
2001-06-09,8.91,22.91,90.73,92.88,0.65,21.21
2001-06-10,29.09,23.14,91.16,92.9,0.7,21.53
2001-06-11,38.89,22.01,94.69,92.93,0.75,21.1
2001-06-12,43.38,22.07,95.72,93.04,0.63,21.34
2001-06-13,19.81,21.52,92.82,93.18,0.57,20.24
2001-06-14,18.71,22.3,92.24,93.18,0.63,20.91
2001-06-15,7.58,22.61,93.17,93.18,0.6,21.39
2001-06-16,1.21,22.73,91.58,93.12,0.56,21.2
2001-06-17,3.3,22.71,90.31,93.08,0.67,20.95
2001-06-18,6.57,22.46,90.13,93.12,0.63,20.66
2001-06-19,11.27,22.55,90.71,93.2,0.62,20.85
2001-06-20,17.35,22.61,92.5,93.21,0.64,21.26
2001-06-21,25.6,22.51,93.17,93.22,0.68,21.29
2001-06-22,50.17,22.49,93.44,93.15,0.84,21.33
2001-06-23,10.4,22.57,94.14,93.08,0.78,21.55
2001-06-24,0.57,22.31,93.3,93.12,0.81,21.14
2001-06-25,17.12,22.63,92.14,93.16,0.81,21.23
2001-06-26,9.79,22.35,93.5,93.12,0.71,21.21
2001-06-27,3.39,22.52,91.6,93.14,0.67,21.01
2001-06-28,8.77,22.04,91.31,93.18,0.66,20.46
2001-06-29,11.31,22.29,94.11,93.06,0.78,21.26
2001-06-30,3.19,21.09,92.94,93.17,0.51,19.84
2001-07-01,0.78,21.97,91.22,93.22,0.48,20.36
2001-07-02,6.22,22.55,92.09,93.21,0.58,21.12
2001-07-03,32.78,22.08,93.79,93.15,0.67,20.98
2001-07-04,11.67,22.01,92.28,93.06,0.74,20.63
2001-07-05,4.11,21.7,93.18,93.05,0.62,20.49
2001-07-06,16.69,22.32,94.49,93.04,0.85,21.36
2001-07-07,18.12,21.68,93.89,93.05,0.96,20.62
2001-07-08,93.65,21.46,94.69,92.96,1.01,20.54
2001-07-09,36.86,21.59,94.32,92.99,0.88,20.6
2001-07-10,9.96,21.88,94.22,93.1,0.91,20.88
2001-07-11,3.78,21.88,93.2,93.07,0.66,20.68
2001-07-12,1.09,21.85,92.77,93.11,0.52,20.56
2001-07-13,0.12,21.51,90.1,93.18,0.3,19.69
2001-07-14,0.0,21.32,90.28,93.32,0.39,19.56
2001-07-15,0.87,21.86,90.07,93.32,0.46,20.04
2001-07-16,1.14,21.37,92.81,93.33,0.42,20.09
2001-07-17,0.62,20.91,90.72,93.36,0.46,19.23
2001-07-18,1.25,21.33,91.36,93.22,0.48,19.78
2001-07-19,0.61,20.92,90.44,93.11,0.62,19.18
2001-07-20,0.19,21.29,89.78,93.07,0.56,19.41
2001-07-21,0.09,21.73,89.05,92.98,0.56,19.7
2001-07-22,0.23,21.82,89.25,92.99,0.52,19.83
2001-07-23,0.6,21.75,90.37,92.99,0.51,20.0
2001-07-24,1.84,21.95,90.35,93.02,0.55,20.18
2001-07-25,5.92,21.6,93.58,93.02,0.57,20.48
2001-07-26,14.59,21.05,92.23,93.09,0.66,19.67
2001-07-27,3.94,21.54,92.95,92.96,0.72,20.3
2001-07-28,9.91,21.52,94.41,92.96,0.84,20.57
2001-07-29,2.18,20.88,92.89,93.13,0.78,19.64
2001-07-30,1.18,21.54,91.81,93.07,0.64,20.09
2001-07-31,8.08,21.43,91.84,93.07,0.69,19.98
2001-08-01,5.12,20.7,93.33,93.05,0.73,19.54
2001-08-02,5.82,21.43,93.0,92.93,0.92,20.21
2001-08-03,3.51,21.48,92.31,92.92,0.67,20.12
2001-08-04,1.86,21.22,92.57,93.14,0.58,19.91
2001-08-05,0.38,21.29,90.51,93.2,0.53,19.57
2001-08-06,0.11,21.55,91.29,93.08,0.48,19.98
2001-08-07,0.41,21.63,91.58,92.99,0.47,20.13
2001-08-08,1.23,21.76,90.84,93.08,0.48,20.09
2001-08-09,0.21,22.42,89.28,93.17,0.52,20.41
2001-08-10,0.0,22.65,89.89,93.12,0.53,20.77
2001-08-11,0.22,22.24,90.07,93.11,0.49,20.42
2001-08-12,0.81,22.02,89.98,93.16,0.45,20.18
2001-08-13,10.79,22.4,90.6,93.2,0.56,20.67
2001-08-14,3.8,22.41,90.33,93.36,0.49,20.63
2001-08-15,2.91,22.49,92.19,93.42,0.45,21.08
2001-08-16,1.44,22.14,93.42,93.37,0.42,20.97
2001-08-17,11.99,22.01,90.83,93.34,0.54,20.35
2001-08-18,20.03,21.71,91.37,93.29,0.58,20.15
2001-08-19,7.73,21.83,92.45,93.25,0.65,20.48
2001-08-20,4.33,22.42,90.31,93.23,0.71,20.64
2001-08-21,1.89,22.43,90.28,93.23,0.65,20.66
2001-08-22,7.04,22.49,90.13,93.09,0.75,20.67
2001-08-23,5.67,22.31,89.97,93.04,0.66,20.47
2001-08-24,1.54,22.76,89.27,93.06,0.68,20.77
2001-08-25,9.54,22.18,90.44,93.2,0.76,20.46
2001-08-26,5.18,22.32,91.12,93.15,0.76,20.73
2001-08-27,0.01,22.16,91.0,93.07,0.54,20.54
2001-08-28,0.0,22.06,88.9,93.08,0.67,20.04
2001-08-29,0.11,21.74,90.37,93.08,0.59,20.01
2001-08-30,0.62,22.01,89.82,93.04,0.64,20.16
2001-08-31,1.27,22.04,89.02,93.01,0.66,20.02
2001-09-01,0.23,22.15,87.78,93.02,0.59,19.85
2001-09-02,0.0,21.89,88.31,93.02,0.51,19.73
2001-09-03,0.0,22.02,86.93,93.13,0.43,19.54
2001-09-04,0.0,21.99,86.74,93.18,0.42,19.49
2001-09-05,0.0,21.9,88.9,93.2,0.41,19.86
2001-09-06,0.0,22.11,87.75,93.19,0.45,19.82
2001-09-07,0.0,22.0,87.2,93.23,0.42,19.57
2001-09-08,0.77,22.64,86.83,93.25,0.39,20.11
2001-09-09,0.35,22.83,87.85,93.15,0.45,20.52
2001-09-10,1.23,23.13,86.59,93.02,0.43,20.52
2001-09-11,1.77,22.36,88.31,93.03,0.42,20.15
2001-09-12,2.76,22.63,88.34,93.02,0.44,20.39
2001-09-13,1.8,22.41,91.57,92.93,0.47,20.89
2001-09-14,11.81,22.14,91.14,92.97,0.34,20.53
2001-09-15,3.67,23.0,89.32,93.03,0.41,20.99
2001-09-16,0.55,23.09,90.05,93.0,0.44,21.23
2001-09-17,5.62,22.52,92.79,93.04,0.37,21.24
2001-09-18,16.57,22.1,93.05,93.06,0.3,20.85
2001-09-19,16.1,22.4,91.38,93.09,0.27,20.82
2001-09-20,8.87,22.27,91.75,93.06,0.3,20.76
2001-09-21,5.94,22.21,91.29,93.05,0.36,20.61
2001-09-22,27.76,21.78,94.87,93.09,0.49,20.9
2001-09-23,35.77,22.16,93.84,93.14,0.6,21.07
2001-09-24,12.0,22.22,92.27,93.13,0.6,20.83
2001-09-25,24.73,21.31,95.52,93.03,0.63,20.55
2001-09-26,14.57,21.17,92.52,92.99,0.53,19.85
2001-09-27,8.88,21.59,91.94,92.99,0.54,20.14
2001-09-28,4.21,21.5,92.02,92.92,0.49,20.06
2001-09-29,23.85,21.0,93.34,92.9,0.72,19.84
2001-09-30,22.48,21.89,92.92,92.87,0.98,20.65
2001-10-01,0.99,21.72,92.2,93.02,0.62,20.34
2001-10-02,0.15,21.7,90.67,93.09,0.48,20.01
2001-10-03,0.18,21.69,89.18,93.08,0.39,19.68
2001-10-04,2.36,21.8,91.2,93.05,0.49,20.19
2001-10-05,13.78,20.67,93.83,93.04,0.48,19.58
2001-10-06,8.2,21.22,91.2,93.0,0.49,19.62
2001-10-07,19.78,21.8,90.58,93.04,0.51,20.08
2001-10-08,3.39,22.14,88.66,93.06,0.42,19.99
2001-10-09,0.26,21.9,89.33,93.15,0.3,19.91
2001-10-10,1.24,22.33,89.14,93.22,0.31,20.3
2001-10-11,0.71,22.78,89.02,93.27,0.37,20.72
2001-10-12,5.39,22.45,88.01,93.25,0.32,20.17
2001-10-13,83.75,22.22,94.74,93.18,0.42,21.29
2001-10-14,55.07,22.14,93.31,93.11,0.66,20.94
2001-10-15,22.47,21.71,96.21,93.1,0.48,21.07
2001-10-16,6.13,22.27,92.17,93.03,0.49,20.85
2001-10-17,6.55,22.4,90.61,92.95,0.55,20.69
2001-10-18,3.13,22.17,91.01,93.03,0.35,20.51
2001-10-19,8.88,22.54,91.79,93.22,0.27,21.02
2001-10-20,3.06,22.77,90.1,93.25,0.33,20.89
2001-10-21,2.27,23.5,86.97,93.08,0.21,20.95
2001-10-22,1.33,22.76,84.33,93.05,0.24,19.64
2001-10-23,0.34,21.48,88.54,93.11,0.19,19.38
2001-10-24,0.74,21.66,90.46,93.03,0.24,19.91
2001-10-25,54.06,22.16,94.61,92.92,0.4,21.21
2001-10-26,29.49,22.72,93.79,92.86,0.38,21.59
2001-10-27,2.9,22.34,92.47,92.99,0.39,20.99
2001-10-28,1.04,23.01,87.78,93.11,0.29,20.67
2001-10-29,0.5,22.33,93.88,93.03,0.25,21.27
2001-10-30,1.11,23.2,87.31,93.08,0.3,20.78
2001-10-31,0.62,23.06,87.49,93.14,0.28,20.67
2001-11-01,0.19,22.63,86.31,93.22,0.24,19.95
2001-11-02,1.19,22.71,85.22,93.28,0.31,19.82
2001-11-03,0.53,21.68,92.82,93.21,0.28,20.41
2001-11-04,0.27,22.39,88.16,93.14,0.28,20.1
2001-11-05,38.8,22.61,92.33,93.14,0.43,21.2
2001-11-06,33.37,21.75,96.71,93.13,0.33,21.19
2001-11-07,8.25,21.07,96.34,93.08,0.33,20.45
2001-11-08,0.9,22.48,89.22,92.98,0.32,20.44
2001-11-09,4.37,23.33,89.7,92.98,0.35,21.36
2001-11-10,1.42,22.75,90.88,92.95,0.41,21.06
2001-11-11,3.49,21.73,89.87,93.03,0.35,19.85
2001-11-12,0.12,21.95,87.75,93.03,0.37,19.58
2001-11-13,0.09,22.34,86.8,93.14,0.35,19.79
2001-11-14,28.65,22.39,90.99,93.23,0.24,20.75
2001-11-15,12.4,21.54,95.14,93.3,0.36,20.72
2001-11-16,23.43,21.49,93.46,93.29,0.34,20.32
2001-11-17,2.26,21.42,88.16,93.3,0.18,19.19
2001-11-18,11.02,22.02,89.91,93.28,0.21,20.17
2001-11-19,2.39,22.35,90.21,93.28,0.19,20.54
2001-11-20,0.1,21.78,84.43,93.33,0.33,18.84
2001-11-21,1.29,21.97,86.04,93.32,0.24,19.32
2001-11-22,6.03,22.03,92.06,93.29,0.14,20.59
2001-11-23,1.48,22.11,87.05,93.28,0.22,19.66
2001-11-24,0.03,21.87,85.2,93.28,0.23,19.04
2001-11-25,0.01,21.37,83.78,93.31,0.19,18.27
2001-11-26,0.01,20.7,81.4,93.27,0.22,17.05
2001-11-27,0.0,21.08,82.45,93.31,0.22,17.65
2001-11-28,0.5,21.85,84.93,93.22,0.22,18.93
2001-11-29,0.22,21.52,83.26,93.21,0.25,18.27
2001-11-30,0.01,20.64,83.2,93.25,0.3,17.4
2001-12-01,0.31,20.86,85.83,93.25,0.24,18.2
2001-12-02,0.3,21.79,86.21,93.21,0.19,19.19
2001-12-03,1.57,21.73,85.85,93.22,0.24,19.06
2001-12-04,0.3,20.9,89.15,93.22,0.3,18.95
2001-12-05,0.02,22.08,86.62,93.22,0.22,19.54
2001-12-06,0.21,22.21,83.88,93.26,0.22,19.09
2001-12-07,0.66,19.75,80.62,93.29,0.32,15.87
2001-12-08,0.0,18.9,80.2,93.34,0.39,15.0
2001-12-09,0.0,18.93,75.19,93.43,0.36,13.99
2001-12-10,0.0,18.75,78.48,93.49,0.37,14.48
2001-12-11,0.0,18.83,79.19,93.46,0.32,14.72
2001-12-12,0.0,18.26,82.04,93.52,0.32,14.76
2001-12-13,0.0,17.86,82.11,93.54,0.37,14.44
2001-12-14,0.0,18.63,81.11,93.57,0.38,14.96
2001-12-15,0.0,19.21,77.81,93.59,0.31,14.81
2001-12-16,0.0,18.66,79.62,93.49,0.4,14.66
2001-12-17,0.26,20.5,84.53,93.42,0.22,17.59
2001-12-18,4.34,22.13,88.51,93.43,0.24,19.99
2001-12-19,0.33,22.01,84.78,93.4,0.32,19.12
2001-12-20,0.22,21.39,84.12,93.38,0.33,18.46
2001-12-21,1.82,21.27,89.5,93.34,0.24,19.38
2001-12-22,3.27,21.89,89.57,93.39,0.3,19.95
2001-12-23,0.42,21.37,89.28,93.46,0.28,19.41
2001-12-24,0.06,21.3,86.95,93.47,0.29,18.9
2001-12-25,0.28,21.85,83.73,93.45,0.22,18.72
2001-12-26,0.02,22.08,82.88,93.51,0.27,18.79
2001-12-27,0.0,22.09,82.92,93.62,0.33,18.82
2001-12-28,0.0,21.46,84.31,93.63,0.32,18.55
2001-12-29,0.04,21.34,83.68,93.53,0.35,18.29
2001-12-30,0.0,21.42,83.98,93.51,0.25,18.44
2001-12-31,0.0,20.9,86.48,93.5,0.31,18.46
2002-01-01,0.0,20.46,84.26,93.48,0.47,17.62
2002-01-02,0.0,21.03,81.73,93.52,0.43,17.58
2002-01-03,0.0,20.59,78.27,93.47,0.45,16.34
2002-01-04,0.02,21.24,80.89,93.41,0.29,17.52
2002-01-05,0.01,22.24,82.99,93.33,0.23,18.88
2002-01-06,0.0,22.2,81.78,93.33,0.18,18.62
2002-01-07,0.0,22.06,81.82,93.35,0.21,18.43
2002-01-08,5.94,21.71,84.69,93.35,0.2,18.72
2002-01-09,4.07,22.38,84.25,93.38,0.21,19.29
2002-01-10,0.0,22.4,80.33,93.42,0.29,18.55
2002-01-11,0.0,21.17,77.85,93.36,0.35,16.81
2002-01-12,0.0,20.22,74.79,93.37,0.33,15.09
2002-01-13,0.0,18.58,73.24,93.26,0.33,13.03
2002-01-14,0.0,18.22,73.03,93.17,0.34,12.56
2002-01-15,0.0,18.72,72.19,93.27,0.26,12.91
2002-01-16,0.0,19.45,71.22,93.22,0.43,13.54
2002-01-17,0.0,19.78,70.29,93.18,0.38,13.63
2002-01-18,0.0,19.97,79.24,93.13,0.43,15.72
2002-01-19,0.0,21.44,74.4,93.18,0.34,16.09
2002-01-20,0.01,22.44,74.96,93.22,0.39,17.27
2002-01-21,0.04,23.76,77.04,93.17,0.25,18.94
2002-01-22,0.06,23.74,80.76,93.15,0.21,19.86
2002-01-23,0.04,23.99,73.36,93.23,0.25,18.29
2002-01-24,0.02,23.82,71.09,93.31,0.26,17.53
2002-01-25,0.0,23.55,74.12,93.27,0.31,17.94
2002-01-26,0.0,23.26,76.96,93.26,0.38,18.31
2002-01-27,0.0,22.83,76.54,93.21,0.34,17.66
2002-01-28,0.0,23.2,77.0,93.26,0.35,18.28
2002-01-29,0.0,22.93,72.68,93.31,0.32,16.79
2002-01-30,0.0,22.15,69.25,93.31,0.26,15.05
2002-01-31,0.37,22.46,75.28,93.32,0.23,17.37
2002-02-01,8.94,21.8,82.45,93.34,0.66,18.54
2002-02-02,2.32,22.4,84.5,93.34,0.4,19.5
2002-02-03,0.17,23.25,80.17,93.27,0.25,19.37
2002-02-04,0.01,24.02,75.73,93.24,0.3,19.05
2002-02-05,0.22,24.01,74.99,93.3,0.27,18.82
2002-02-06,5.72,24.02,77.33,93.29,0.29,19.24
2002-02-07,2.78,23.18,83.44,93.29,0.26,19.89
2002-02-08,0.0,23.82,77.76,93.24,0.3,19.17
2002-02-09,0.0,23.46,67.2,93.26,0.23,16.28
2002-02-10,0.0,22.82,62.56,93.24,0.35,13.87
2002-02-11,0.04,23.11,64.51,93.3,0.4,14.82
2002-02-12,0.0,23.84,69.74,93.35,0.21,17.22
2002-02-13,0.0,23.4,64.57,93.4,0.27,15.37
2002-02-14,0.0,23.23,63.0,93.4,0.28,14.63
2002-02-15,0.0,23.57,63.38,93.43,0.31,15.13
2002-02-16,0.0,22.95,61.17,93.42,0.25,13.3
2002-02-17,0.0,23.48,59.3,93.47,0.35,13.49
2002-02-18,0.0,23.25,59.39,93.59,0.33,13.38
2002-02-19,0.0,23.93,58.61,93.69,0.45,13.78
2002-02-20,0.0,24.27,61.4,93.61,0.32,14.92
2002-02-21,0.0,23.59,53.63,93.56,0.34,10.74
2002-02-22,0.0,22.48,57.13,93.67,0.27,11.64
2002-02-23,0.0,22.36,53.21,93.6,0.31,10.45
2002-02-24,0.0,22.46,52.68,93.43,0.36,9.62
2002-02-25,0.0,23.03,46.08,93.32,0.33,7.36
2002-02-26,0.0,23.93,51.67,93.32,0.45,11.4
2002-02-27,0.0,25.06,61.56,93.29,0.32,15.82
2002-02-28,0.0,25.41,57.13,93.24,0.33,14.46
2002-03-01,0.0,25.61,51.77,93.22,0.38,12.86
2002-03-02,0.0,24.99,50.52,93.19,0.43,11.62
2002-03-03,0.0,25.21,51.62,93.16,0.38,11.4
2002-03-04,0.0,24.15,54.27,93.14,0.46,11.47
2002-03-05,0.0,25.03,52.14,93.21,0.46,11.16
2002-03-06,0.0,25.6,55.41,93.28,0.46,12.96
2002-03-07,0.0,25.29,61.35,93.27,0.45,14.86
2002-03-08,0.0,25.99,61.05,93.19,0.34,15.65
2002-03-09,0.0,25.26,56.3,93.28,0.33,13.8
2002-03-10,0.0,24.67,52.51,93.37,0.3,12.37
2002-03-11,0.0,25.01,50.42,93.31,0.33,11.75
2002-03-12,0.0,25.67,50.12,93.28,0.3,12.24
2002-03-13,0.21,25.76,54.06,93.32,0.4,13.46
2002-03-14,3.18,25.86,65.41,93.31,0.35,17.18
2002-03-15,0.66,26.19,67.3,93.25,0.34,18.52
2002-03-16,6.41,25.2,76.62,93.17,0.32,20.16
2002-03-17,1.51,25.7,62.42,93.14,0.29,15.9
2002-03-18,0.0,25.04,54.09,93.25,0.29,13.37
2002-03-19,0.0,24.73,53.54,93.31,0.24,12.61
2002-03-20,0.0,25.49,54.27,93.25,0.36,13.0
2002-03-21,0.0,26.35,58.07,93.19,0.44,15.5
2002-03-22,0.0,25.88,67.19,93.12,0.46,18.22
2002-03-23,0.0,25.21,69.35,93.09,0.48,18.21
2002-03-24,0.0,25.08,71.37,92.96,0.41,18.8
2002-03-25,0.0,26.79,63.9,92.85,0.47,17.86
2002-03-26,0.21,27.21,61.43,92.88,0.39,16.55
2002-03-27,0.16,26.91,67.31,93.0,0.44,19.05
2002-03-28,0.44,26.38,70.88,93.07,0.42,19.64
2002-03-29,0.55,26.34,71.4,93.16,0.33,19.96
2002-03-30,0.73,26.24,71.03,93.15,0.29,19.83
2002-03-31,0.05,27.13,65.25,93.18,0.29,18.55
2002-04-01,0.77,27.13,64.0,93.4,0.38,18.14
2002-04-02,0.28,25.69,72.82,93.41,0.52,19.79
2002-04-03,0.0,25.52,64.28,93.15,0.4,17.39
2002-04-04,0.09,25.81,66.36,93.02,0.4,18.11
2002-04-05,0.17,27.13,63.31,93.07,0.36,18.14
2002-04-06,0.06,27.81,58.42,93.15,0.36,16.97
2002-04-07,6.42,26.88,61.68,93.17,0.38,16.81
2002-04-08,3.24,25.96,70.57,93.18,0.4,19.0
2002-04-09,0.0,26.5,67.08,93.09,0.37,18.82
2002-04-10,2.43,26.4,70.29,92.93,0.34,19.28
2002-04-11,1.38,26.23,71.01,93.04,0.32,19.38
2002-04-12,11.4,25.82,74.54,93.17,0.33,19.88
2002-04-13,5.9,25.01,76.59,93.23,0.29,19.69
2002-04-14,0.11,25.14,73.19,93.17,0.32,19.0
2002-04-15,0.0,26.81,65.04,93.11,0.33,17.98
2002-04-16,1.2,26.85,67.08,93.1,0.36,18.33
2002-04-17,0.25,27.11,63.99,93.03,0.33,17.41
2002-04-18,0.13,27.22,64.11,92.97,0.39,17.46
2002-04-19,10.78,26.09,74.3,93.06,0.31,20.14
2002-04-20,2.21,25.59,75.76,93.14,0.28,20.19
2002-04-21,9.8,25.45,76.37,93.03,0.29,20.13
2002-04-22,1.9,24.45,79.89,93.02,0.26,20.17
2002-04-23,0.34,27.14,67.13,92.97,0.36,18.81
2002-04-24,0.24,27.34,64.95,92.93,0.31,18.14
2002-04-25,0.01,27.45,64.49,92.88,0.32,18.05
2002-04-26,0.32,27.51,65.39,92.89,0.36,18.59
2002-04-27,5.64,26.81,71.5,92.94,0.33,19.89
2002-04-28,2.18,27.17,70.36,92.94,0.3,19.87
2002-04-29,0.08,27.76,65.19,92.87,0.4,18.42
2002-04-30,0.16,28.2,64.71,92.78,0.42,18.88
2002-05-01,0.05,27.54,64.32,92.7,0.34,17.9
2002-05-02,2.45,27.2,66.44,92.73,0.35,18.87
2002-05-03,9.78,25.82,76.11,92.82,0.19,20.59
2002-05-04,11.61,23.87,88.12,92.95,0.28,21.64
2002-05-05,0.67,25.25,76.85,92.9,0.52,20.3
2002-05-06,1.07,25.22,78.53,92.9,0.56,20.65
2002-05-07,0.53,25.7,75.77,93.01,0.55,20.38
2002-05-08,0.3,26.46,72.22,93.07,0.5,20.12
2002-05-09,0.39,25.27,82.21,93.2,0.58,21.76
2002-05-10,3.71,24.84,81.76,93.29,0.58,21.17
2002-05-11,5.57,24.79,83.12,93.12,0.7,21.44
2002-05-12,7.34,25.16,82.29,93.06,0.58,21.58
2002-05-13,64.03,24.05,90.82,93.17,0.64,22.37
2002-05-14,19.54,23.89,85.67,93.23,0.51,21.09
2002-05-15,2.38,24.62,84.97,93.08,0.51,21.65
2002-05-16,6.46,24.73,85.9,92.99,0.56,21.99
2002-05-17,23.23,23.65,88.3,93.02,0.67,21.44
2002-05-18,33.92,23.23,92.84,93.06,0.7,21.96
2002-05-19,8.44,23.41,91.89,93.03,0.62,21.95
2002-05-20,6.67,22.95,93.32,93.01,0.6,21.77
2002-05-21,3.67,23.07,88.22,93.08,0.72,20.89
2002-05-22,0.9,23.24,91.02,93.15,0.48,21.62
2002-05-23,0.01,23.07,90.94,93.12,0.37,21.44
2002-05-24,0.1,23.97,87.03,93.17,0.39,21.5
2002-05-25,0.21,24.11,84.29,93.25,0.37,20.98
2002-05-26,0.14,23.46,84.11,93.26,0.57,20.38
2002-05-27,14.37,23.45,87.14,93.17,0.44,21.02
2002-05-28,10.32,23.53,89.97,93.15,0.48,21.66
2002-05-29,5.11,22.65,92.33,93.21,0.68,21.29
2002-05-30,3.55,23.27,90.55,93.12,0.44,21.51
2002-05-31,0.68,23.53,89.04,93.09,0.46,21.48
2002-06-01,5.78,22.96,86.78,93.11,0.49,20.45
2002-06-02,5.11,22.89,88.98,93.07,0.65,20.85
2002-06-03,3.55,23.03,89.28,93.04,0.62,21.05
2002-06-04,2.51,23.43,87.78,92.99,0.59,21.1
2002-06-05,4.69,23.56,86.98,93.0,0.6,21.06
2002-06-06,3.72,23.13,89.42,92.99,0.58,21.18
2002-06-07,2.42,23.26,89.45,92.92,0.56,21.29
2002-06-08,39.23,22.91,91.15,92.83,0.54,21.29
2002-06-09,34.18,23.06,92.62,92.8,0.58,21.73
2002-06-10,13.15,22.58,93.1,92.8,0.61,21.36
2002-06-11,6.71,22.76,92.87,92.77,0.61,21.49
2002-06-12,22.32,22.75,91.38,92.8,0.69,21.19
2002-06-13,73.33,22.27,92.54,92.82,0.82,20.96
2002-06-14,45.74,22.6,91.8,92.84,0.87,21.12
2002-06-15,12.21,22.03,91.22,92.98,0.8,20.47
2002-06-16,0.79,21.76,91.96,93.03,0.62,20.34
2002-06-17,0.68,22.51,90.43,93.11,0.49,20.76
2002-06-18,3.06,22.63,90.63,93.09,0.6,20.93
2002-06-19,2.04,22.03,90.73,93.11,0.61,20.35
2002-06-20,0.66,22.55,91.88,93.09,0.59,21.1
2002-06-21,0.77,22.94,91.88,93.09,0.67,21.5
2002-06-22,0.45,23.17,90.76,93.08,0.68,21.5
2002-06-23,2.01,22.93,90.83,93.18,0.68,21.26
2002-06-24,2.95,22.56,92.09,93.26,0.84,21.15
2002-06-25,0.8,22.9,89.93,93.2,0.72,21.06
2002-06-26,0.39,23.18,88.54,93.16,0.68,21.05
2002-06-27,0.39,23.07,88.4,93.24,0.59,20.91
2002-06-28,0.8,23.36,88.18,93.3,0.61,21.14
2002-06-29,0.91,23.48,88.58,93.26,0.57,21.32
2002-06-30,1.03,22.74,88.82,93.19,0.62,20.67
2002-07-01,2.77,22.97,88.4,93.18,0.75,20.79
2002-07-02,8.28,22.9,89.39,93.28,0.82,20.94
2002-07-03,9.68,22.97,89.37,93.27,0.73,21.0
2002-07-04,6.11,23.06,88.87,93.21,0.68,20.97
2002-07-05,2.86,23.04,89.15,93.28,0.68,21.02
2002-07-06,3.39,22.98,90.31,93.2,0.73,21.2
2002-07-07,1.23,22.97,87.73,93.15,0.68,20.66
2002-07-08,1.21,22.4,88.53,93.15,0.58,20.29
2002-07-09,0.69,22.17,89.77,93.18,0.53,20.31
2002-07-10,6.46,22.44,88.12,93.2,0.71,20.23
2002-07-11,37.82,22.99,89.43,93.1,0.93,21.05
2002-07-12,20.93,22.94,90.09,93.15,0.9,21.13
2002-07-13,1.96,22.76,88.59,93.17,0.85,20.65
2002-07-14,0.41,22.59,87.66,93.2,0.87,20.3
2002-07-15,0.25,22.74,88.01,93.17,0.82,20.52
2002-07-16,0.18,22.28,88.33,93.16,0.8,20.14
2002-07-17,0.16,22.3,87.92,93.12,0.76,20.08
2002-07-18,1.0,22.32,88.86,93.1,0.64,20.26
2002-07-19,2.62,22.49,88.62,93.18,0.56,20.34
2002-07-20,1.59,22.3,90.53,93.23,0.56,20.55
2002-07-21,1.77,22.19,90.24,93.25,0.54,20.4
2002-07-22,0.31,22.0,90.23,93.29,0.45,20.21
2002-07-23,0.98,22.28,90.02,93.41,0.41,20.45
2002-07-24,0.34,22.32,90.39,93.43,0.47,20.54
2002-07-25,2.03,21.52,91.36,93.44,0.49,19.97
2002-07-26,0.79,21.8,87.68,93.22,0.41,19.46
2002-07-27,4.5,22.61,88.63,93.13,0.66,20.5
2002-07-28,4.01,23.06,88.66,93.17,0.65,20.93
2002-07-29,2.4,22.98,88.67,93.06,0.8,20.86
2002-07-30,5.83,22.88,89.85,92.91,0.83,21.01
2002-07-31,14.55,22.32,93.41,92.86,0.67,21.15
2002-08-01,12.32,21.81,90.84,92.9,0.65,20.14
2002-08-02,5.95,21.11,88.93,92.91,0.58,19.06
2002-08-03,1.2,20.04,88.35,92.96,0.62,17.93
2002-08-04,35.29,20.9,89.35,93.0,0.67,18.95
2002-08-05,25.26,21.94,90.89,93.05,0.72,20.28
2002-08-06,5.47,21.7,90.95,93.1,0.58,20.05
2002-08-07,7.75,21.04,90.86,93.21,0.43,19.36
2002-08-08,10.44,20.92,91.14,93.28,0.54,19.31
2002-08-09,17.25,21.43,90.33,93.26,0.62,19.65
2002-08-10,7.33,21.2,90.0,93.3,0.58,19.38
2002-08-11,4.79,21.01,89.85,93.41,0.57,19.15
2002-08-12,0.58,20.26,90.42,93.47,0.56,18.55
2002-08-13,5.53,21.66,90.0,93.32,0.45,19.83
2002-08-14,4.28,22.41,90.23,93.23,0.62,20.61
2002-08-15,41.53,21.25,93.66,93.2,0.65,20.14
2002-08-16,86.17,21.44,95.3,93.18,0.69,20.62
2002-08-17,75.62,21.29,95.22,93.2,0.58,20.46
2002-08-18,8.3,21.76,92.32,93.21,0.59,20.38
2002-08-19,1.37,21.97,91.33,93.23,0.61,20.39
2002-08-20,0.52,22.34,90.77,93.17,0.6,20.66
2002-08-21,0.08,21.49,93.34,93.13,0.49,20.32
2002-08-22,0.25,21.74,91.33,93.16,0.58,20.19
2002-08-23,0.61,21.83,91.08,93.18,0.62,20.22
2002-08-24,1.58,22.04,90.25,93.26,0.53,20.25
2002-08-25,0.32,21.83,90.22,93.28,0.49,20.04
2002-08-26,0.45,22.28,89.01,93.26,0.42,20.22
2002-08-27,0.21,22.6,90.14,93.17,0.41,20.72
2002-08-28,3.2,22.13,94.03,93.16,0.45,21.08
2002-08-29,0.47,22.24,90.76,93.21,0.41,20.54
2002-08-30,0.0,22.2,90.18,93.18,0.42,20.4
2002-08-31,0.06,22.29,88.69,93.14,0.46,20.18
2002-09-01,0.04,22.25,88.36,93.2,0.5,20.07
2002-09-02,2.35,21.99,90.08,93.29,0.42,20.18
2002-09-03,5.74,22.36,89.32,93.28,0.55,20.36
2002-09-04,3.07,22.71,89.56,93.16,0.58,20.77
2002-09-05,8.08,22.06,89.09,93.13,0.49,20.04
2002-09-06,21.48,21.62,90.5,93.21,0.53,19.89
2002-09-07,20.41,21.96,90.16,93.21,0.66,20.16
2002-09-08,10.41,22.26,89.84,93.24,0.68,20.38
2002-09-09,19.99,22.03,91.55,93.23,0.79,20.51
2002-09-10,2.93,22.04,89.91,93.14,0.54,20.2
2002-09-11,2.89,21.95,88.2,93.17,0.47,19.75
2002-09-12,2.76,22.18,88.69,93.23,0.48,20.06
2002-09-13,0.0,22.62,87.29,93.27,0.45,20.19
2002-09-14,0.31,22.82,87.92,93.29,0.44,20.52
2002-09-15,0.67,22.55,89.02,93.34,0.42,20.51
2002-09-16,0.14,22.2,87.19,93.49,0.43,19.78
2002-09-17,0.06,22.04,88.84,93.37,0.42,19.97
2002-09-18,0.0,22.43,86.81,93.3,0.45,19.88
2002-09-19,0.19,22.34,88.26,93.33,0.42,20.12
2002-09-20,0.15,22.58,89.74,93.33,0.45,20.68
2002-09-21,0.01,22.47,88.08,93.25,0.48,20.25
2002-09-22,0.0,21.81,86.25,93.21,0.42,19.21
2002-09-23,0.0,21.53,85.9,93.19,0.39,18.84
2002-09-24,0.0,22.07,87.56,93.13,0.42,19.7
2002-09-25,0.0,22.55,87.3,93.16,0.44,20.12
2002-09-26,0.66,23.07,87.02,93.19,0.46,20.59
2002-09-27,0.05,22.78,89.0,93.15,0.35,20.75
2002-09-28,1.58,22.86,89.49,93.15,0.26,20.9
2002-09-29,0.31,23.66,84.35,93.14,0.24,20.46
2002-09-30,5.91,23.98,83.18,93.07,0.31,20.45
2002-10-01,2.89,23.58,84.96,93.12,0.35,20.46
2002-10-02,0.26,23.58,86.68,93.19,0.3,20.94
2002-10-03,6.64,23.84,86.86,93.15,0.4,21.24
2002-10-04,5.97,23.51,88.6,93.09,0.41,21.31
2002-10-05,14.67,23.65,87.02,93.05,0.29,21.1
2002-10-06,7.4,23.44,86.74,93.08,0.26,20.83
2002-10-07,2.87,22.7,89.29,93.07,0.2,20.68
2002-10-08,41.73,22.75,91.04,92.98,0.32,21.09
2002-10-09,21.67,22.93,91.18,93.0,0.53,21.29
2002-10-10,9.5,22.07,92.63,93.28,0.45,20.75
2002-10-11,18.89,22.08,93.52,93.28,0.5,20.94
2002-10-12,75.74,22.2,95.8,93.1,0.55,21.48
2002-10-13,25.37,22.5,92.81,93.06,0.48,21.21
2002-10-14,45.8,22.49,94.28,93.0,0.69,21.49
2002-10-15,14.11,22.59,94.49,93.04,0.54,21.62
2002-10-16,10.89,22.13,92.4,93.2,0.53,20.75
2002-10-17,2.4,22.31,90.87,93.27,0.35,20.64
2002-10-18,6.24,22.11,90.74,93.19,0.31,20.42
2002-10-19,23.4,21.76,92.15,93.18,0.37,20.32
2002-10-20,3.61,21.62,88.34,93.3,0.34,19.39
2002-10-21,0.03,21.68,90.08,93.31,0.37,19.82
2002-10-22,11.77,22.21,89.08,93.2,0.35,20.11
2002-10-23,4.73,22.67,90.42,93.06,0.38,20.86
2002-10-24,1.09,22.79,87.51,93.04,0.3,20.32
2002-10-25,3.22,22.85,90.33,93.1,0.35,21.03
2002-10-26,3.31,22.11,93.57,93.14,0.32,21.0
2002-10-27,12.1,22.28,90.58,93.13,0.3,20.53
2002-10-28,5.64,22.38,90.99,93.05,0.31,20.71
2002-10-29,6.21,22.68,90.74,93.0,0.29,20.95
2002-10-30,18.11,22.48,90.04,93.09,0.24,20.6
2002-10-31,5.77,22.21,91.97,93.12,0.21,20.74
2002-11-01,2.15,21.91,88.76,93.17,0.23,19.78
2002-11-02,13.41,22.44,90.85,93.23,0.22,20.74
2002-11-03,1.64,22.43,88.63,93.26,0.25,20.31
2002-11-04,3.63,22.5,87.38,93.25,0.24,20.15
2002-11-05,1.53,22.19,89.31,93.19,0.25,20.2
2002-11-06,4.57,21.9,93.21,93.12,0.22,20.69
2002-11-07,2.21,22.38,89.52,93.21,0.22,20.41
2002-11-08,1.0,22.92,88.09,93.15,0.29,20.65
2002-11-09,2.62,22.85,88.63,93.1,0.28,20.69
2002-11-10,5.03,21.97,94.04,93.09,0.33,20.92
2002-11-11,2.43,22.82,90.16,93.11,0.33,20.96
2002-11-12,0.48,22.54,89.15,93.1,0.35,20.5
2002-11-13,21.37,22.16,89.18,93.12,0.29,20.1
2002-11-14,14.58,21.83,93.73,93.08,0.26,20.72
2002-11-15,0.56,21.68,88.21,93.18,0.18,19.48
2002-11-16,0.0,21.52,86.48,93.23,0.26,19.01
2002-11-17,0.03,21.74,87.27,93.21,0.21,19.42
2002-11-18,1.94,20.81,91.49,93.14,0.38,19.32
2002-11-19,11.04,21.7,92.29,93.1,0.31,20.33
2002-11-20,2.3,21.64,90.87,93.15,0.25,19.99
2002-11-21,4.29,22.14,90.39,93.25,0.34,20.35
2002-11-22,12.91,21.48,90.07,93.25,0.27,19.66
2002-11-23,2.96,21.0,90.67,93.33,0.28,19.26
2002-11-24,0.11,22.23,89.42,93.3,0.31,20.25
2002-11-25,0.07,22.73,88.16,93.24,0.38,20.44
2002-11-26,0.0,23.14,84.36,93.27,0.35,20.01
2002-11-27,8.04,22.5,84.25,93.38,0.37,19.47
2002-11-28,1.52,21.38,76.23,93.48,0.36,16.58
2002-11-29,0.0,20.97,75.96,93.54,0.41,16.24
2002-11-30,0.0,21.54,78.08,93.45,0.37,17.17
2002-12-01,0.0,20.59,77.12,93.3,0.4,15.94
2002-12-02,0.0,20.52,80.82,93.35,0.32,16.66
2002-12-03,0.02,21.39,84.19,93.4,0.25,18.31
2002-12-04,0.0,22.13,86.95,93.33,0.29,19.65
2002-12-05,0.0,21.44,81.52,93.26,0.25,17.81
2002-12-06,0.84,21.27,88.83,93.24,0.25,19.24
2002-12-07,0.59,21.44,89.94,93.27,0.34,19.61
2002-12-08,0.07,22.07,86.25,93.34,0.37,19.53
2002-12-09,0.04,21.91,82.96,93.43,0.35,18.73
2002-12-10,0.04,22.11,84.69,93.41,0.27,19.24
2002-12-11,0.01,21.37,85.31,93.5,0.3,18.66
2002-12-12,0.0,20.65,82.14,93.59,0.39,17.25
2002-12-13,0.0,20.31,81.13,93.63,0.36,16.73
2002-12-14,0.02,20.55,82.8,93.55,0.34,17.29
2002-12-15,0.01,21.16,83.29,93.4,0.32,17.99
2002-12-16,0.05,22.06,83.95,93.35,0.37,19.01
2002-12-17,0.01,20.49,77.75,93.32,0.38,16.12
2002-12-18,0.0,20.46,79.92,93.27,0.32,16.56
2002-12-19,0.0,19.18,80.4,93.2,0.41,15.35
2002-12-20,0.0,19.58,74.73,93.18,0.37,14.42
2002-12-21,0.0,18.82,72.42,93.19,0.36,13.12
2002-12-22,0.0,18.51,76.23,93.24,0.31,13.75
2002-12-23,0.0,19.38,78.61,93.29,0.36,15.13
2002-12-24,0.0,20.11,74.99,93.32,0.36,15.06
2002-12-25,0.0,19.69,78.76,93.39,0.4,15.48
2002-12-26,0.0,19.71,73.55,93.47,0.4,14.34
2002-12-27,0.0,20.15,74.45,93.42,0.44,14.95
2002-12-28,0.04,20.77,78.36,93.41,0.28,16.43
2002-12-29,0.02,20.1,84.22,93.51,0.39,17.02
2002-12-30,0.0,20.24,83.64,93.54,0.33,17.02
2002-12-31,0.0,19.48,85.11,93.38,0.32,16.58
2003-01-01,0.0,20.69,83.14,93.36,0.35,17.32
2003-01-02,0.0,20.68,79.67,93.45,0.3,16.63
2003-01-03,0.0,20.82,78.62,93.47,0.29,16.57
2003-01-04,0.0,20.69,75.92,93.46,0.25,15.74
2003-01-05,0.0,21.53,80.62,93.48,0.28,17.71
2003-01-06,0.01,21.15,76.62,93.51,0.41,16.54
2003-01-07,0.01,21.11,78.78,93.51,0.33,17.0
2003-01-08,0.01,21.9,76.69,93.44,0.25,17.25
2003-01-09,1.57,22.21,81.98,93.44,0.22,18.66
2003-01-10,0.33,22.38,80.29,93.46,0.32,18.46
2003-01-11,0.0,22.43,78.63,93.49,0.27,18.18
2003-01-12,0.0,21.31,70.76,93.54,0.36,15.16
2003-01-13,0.0,20.93,72.26,93.56,0.28,15.34
2003-01-14,0.0,20.33,72.63,93.53,0.44,14.78
2003-01-15,0.0,20.64,71.16,93.58,0.32,14.65
2003-01-16,0.0,21.55,73.96,93.46,0.29,16.2
2003-01-17,0.0,21.24,71.43,93.46,0.31,15.26
2003-01-18,0.0,21.98,69.06,93.5,0.29,15.3
2003-01-19,0.03,23.09,72.09,93.46,0.16,17.03
2003-01-20,0.01,23.96,74.79,93.37,0.23,18.61
2003-01-21,0.0,22.82,72.12,93.39,0.28,16.84
2003-01-22,0.0,22.72,66.67,93.33,0.25,15.02
2003-01-23,0.0,22.97,56.2,93.22,0.29,12.35
2003-01-24,0.0,23.73,64.58,93.13,0.35,15.76
2003-01-25,0.0,23.51,65.59,93.16,0.25,15.23
2003-01-26,0.0,22.31,61.03,93.33,0.27,13.25
2003-01-27,0.0,22.19,62.55,93.38,0.37,13.2
2003-01-28,0.0,21.83,63.3,93.39,0.28,13.31
2003-01-29,0.0,22.08,60.72,93.41,0.41,12.61
2003-01-30,0.0,22.26,66.63,93.43,0.46,14.36
2003-01-31,0.0,22.78,66.99,93.44,0.46,14.9
2003-02-01,27.22,22.85,76.54,93.45,0.39,17.55
2003-02-02,12.55,23.19,80.69,93.47,0.15,19.21
2003-02-03,0.0,23.89,70.06,93.42,0.21,17.28
2003-02-04,0.0,23.39,73.38,93.34,0.27,17.63
2003-02-05,0.03,23.81,71.98,93.34,0.22,17.7
2003-02-06,0.02,23.8,71.42,93.28,0.24,17.6
2003-02-07,6.55,23.17,73.53,93.22,0.32,17.44
2003-02-08,2.43,23.44,75.42,93.12,0.29,18.1
2003-02-09,0.0,24.01,69.61,93.02,0.32,16.98
2003-02-10,0.0,24.11,68.08,93.04,0.24,16.72
2003-02-11,0.0,24.35,65.94,93.1,0.24,16.29
2003-02-12,0.76,24.19,73.1,93.17,0.21,18.25
2003-02-13,0.15,24.47,73.12,93.21,0.25,18.5
2003-02-14,0.32,25.35,69.08,93.16,0.3,18.12
2003-02-15,13.51,24.85,73.23,93.33,0.3,18.58
2003-02-16,2.77,24.65,72.68,93.39,0.29,18.31
2003-02-17,0.33,24.35,68.58,93.4,0.31,16.91
2003-02-18,2.45,24.23,68.4,93.43,0.33,16.39
2003-02-19,0.0,24.44,68.41,93.35,0.27,16.84
2003-02-20,0.0,24.1,67.76,93.35,0.36,16.03
2003-02-21,0.0,24.74,63.94,93.43,0.41,14.91
2003-02-22,0.0,24.42,65.82,93.43,0.37,15.69
2003-02-23,0.01,24.22,63.37,93.35,0.36,15.21
2003-02-24,1.51,24.36,69.7,93.34,0.35,16.81
2003-02-25,4.52,23.35,79.34,93.39,0.33,18.88
2003-02-26,6.28,24.29,75.71,93.25,0.33,18.77
2003-02-27,3.38,23.82,77.86,93.32,0.28,19.0
2003-02-28,0.0,24.47,65.41,93.31,0.31,15.96
2003-03-01,0.0,24.77,66.53,93.3,0.34,16.58
2003-03-02,0.0,24.82,63.96,93.2,0.28,15.5
2003-03-03,0.0,24.38,66.53,93.18,0.34,15.93
2003-03-04,0.0,24.56,66.29,93.1,0.33,15.74
2003-03-05,0.0,25.45,63.45,93.04,0.32,15.68
2003-03-06,0.0,26.14,64.65,93.15,0.28,16.9
2003-03-07,0.0,25.97,64.12,93.14,0.32,17.15
2003-03-08,0.0,25.69,58.69,93.15,0.33,15.11
2003-03-09,0.0,25.51,57.92,93.2,0.38,14.4
2003-03-10,0.0,25.55,60.07,93.25,0.38,15.1
2003-03-11,0.0,25.81,64.8,93.17,0.35,17.24
2003-03-12,0.0,26.14,64.71,93.22,0.33,17.56
2003-03-13,10.92,25.78,68.94,93.34,0.29,18.18
2003-03-14,3.25,25.72,71.51,93.4,0.23,19.08
2003-03-15,0.62,25.79,68.72,93.27,0.3,18.54
2003-03-16,0.73,24.61,76.57,93.21,0.23,19.71
2003-03-17,5.85,25.19,74.99,93.26,0.35,19.57
2003-03-18,24.05,25.07,77.7,93.34,0.25,20.07
2003-03-19,42.42,24.17,84.23,93.3,0.3,20.88
2003-03-20,13.85,22.83,90.95,93.25,0.37,21.15
2003-03-21,0.06,24.32,78.33,93.15,0.22,19.75
2003-03-22,0.0,24.31,68.0,93.28,0.26,17.07
2003-03-23,0.0,22.73,65.76,93.35,0.34,15.09
2003-03-24,0.0,22.59,54.97,93.29,0.39,10.64
2003-03-25,0.0,24.25,52.38,93.23,0.31,12.04
2003-03-26,0.0,24.73,61.3,93.3,0.36,14.81
2003-03-27,0.0,25.12,71.1,93.32,0.38,17.96
2003-03-28,0.0,25.03,73.11,93.23,0.41,18.64
2003-03-29,1.32,25.73,72.46,93.06,0.35,19.22
2003-03-30,0.81,25.95,71.97,93.12,0.32,19.37
2003-03-31,1.14,25.69,74.91,93.18,0.35,19.96
2003-04-01,0.45,26.09,74.0,93.09,0.29,20.17
2003-04-02,2.7,25.34,77.92,93.1,0.42,20.5
2003-04-03,3.57,24.67,81.49,93.15,0.42,20.82
2003-04-04,1.2,24.37,77.88,93.15,0.42,19.75
2003-04-05,0.2,24.47,78.38,93.07,0.38,20.05
2003-04-06,7.46,24.73,76.87,93.06,0.24,19.84
2003-04-07,0.6,24.25,70.48,93.26,0.32,17.33
2003-04-08,0.0,25.07,67.7,93.23,0.3,17.67
2003-04-09,2.37,25.88,73.31,93.15,0.3,19.93
2003-04-10,1.64,25.93,74.41,93.14,0.32,20.25
2003-04-11,2.62,25.94,75.95,93.26,0.26,20.58
2003-04-12,0.76,26.1,73.26,93.25,0.32,20.04
2003-04-13,5.99,26.48,69.61,93.11,0.33,18.92
2003-04-14,1.39,26.76,68.75,93.12,0.31,18.93
2003-04-15,2.75,26.72,70.93,93.15,0.26,19.74
2003-04-16,0.94,27.11,69.54,93.22,0.29,19.55
2003-04-17,11.63,25.45,78.12,93.22,0.26,20.55
2003-04-18,5.7,25.57,78.59,93.19,0.35,20.77
2003-04-19,0.01,25.93,77.22,93.01,0.33,20.94
2003-04-20,9.19,25.41,81.31,92.93,0.29,21.34
2003-04-21,5.4,24.85,82.27,93.04,0.23,21.16
2003-04-22,0.33,25.59,74.05,93.11,0.33,19.47
2003-04-23,0.0,26.36,69.62,93.18,0.33,18.79
2003-04-24,0.0,26.13,74.47,93.12,0.39,20.23
2003-04-25,6.69,26.5,72.8,92.98,0.32,19.67
2003-04-26,1.19,26.52,68.58,92.95,0.29,18.64
2003-04-27,7.23,25.71,74.15,92.87,0.26,19.98
2003-04-28,24.66,24.55,82.46,92.95,0.22,20.91
2003-04-29,3.61,24.81,77.82,93.06,0.25,19.9
2003-04-30,0.71,24.85,76.55,93.1,0.28,19.73
2003-05-01,37.67,24.1,83.69,92.95,0.27,20.77
2003-05-02,4.11,24.61,83.98,92.91,0.26,21.34
2003-05-03,0.0,25.05,85.47,92.99,0.41,22.17
2003-05-04,7.92,23.76,89.85,93.01,0.43,21.92
2003-05-05,32.66,23.98,87.87,93.02,0.43,21.64
2003-05-06,59.47,23.16,92.72,93.12,0.47,21.86
2003-05-07,2.0,23.95,86.68,93.13,0.41,21.39
2003-05-08,0.0,24.65,86.77,93.05,0.39,22.12
2003-05-09,0.0,25.65,81.82,93.0,0.34,21.87
2003-05-10,0.0,24.96,84.67,93.05,0.42,21.88
2003-05-11,0.37,23.84,89.24,93.0,0.5,21.85
2003-05-12,2.88,24.09,87.66,92.97,0.49,21.76
2003-05-13,5.68,24.0,91.45,92.97,0.59,22.46
2003-05-14,0.89,23.8,88.71,92.98,0.65,21.73
2003-05-15,0.25,24.13,87.44,92.96,0.69,21.8
2003-05-16,9.81,23.5,92.03,93.05,0.55,22.09
2003-05-17,3.79,23.63,89.27,93.12,0.58,21.65
2003-05-18,0.34,24.08,86.06,93.14,0.61,21.43
2003-05-19,0.09,24.02,84.49,93.18,0.6,21.03
2003-05-20,0.0,24.39,84.73,93.22,0.5,21.42
2003-05-21,0.08,24.62,84.24,93.3,0.51,21.53
2003-05-22,0.02,24.24,83.88,93.23,0.51,21.08
2003-05-23,0.57,24.37,84.31,93.14,0.41,21.29
2003-05-24,0.27,24.13,83.84,93.18,0.38,20.93
2003-05-25,1.85,23.97,91.43,93.24,0.37,22.42
2003-05-26,2.7,24.4,91.78,93.25,0.44,22.91
2003-05-27,1.66,24.23,90.47,93.16,0.44,22.48
2003-05-28,0.27,24.07,88.75,93.12,0.42,21.98
2003-05-29,0.17,23.59,86.85,93.18,0.36,21.12
2003-05-30,0.02,23.97,85.15,93.17,0.43,21.06
2003-05-31,0.0,24.77,82.41,93.13,0.53,21.27
2003-06-01,1.4,24.05,87.16,93.02,0.47,21.64
2003-06-02,0.43,24.45,83.58,92.95,0.43,21.2
2003-06-03,0.58,24.26,85.37,92.96,0.48,21.46
2003-06-04,0.1,24.44,85.51,92.98,0.48,21.64
2003-06-05,1.55,24.03,86.33,93.01,0.49,21.44
2003-06-06,0.8,24.14,86.97,93.0,0.43,21.65
2003-06-07,25.69,23.86,88.5,92.99,0.41,21.7
2003-06-08,19.95,23.72,87.71,93.1,0.6,21.4
2003-06-09,1.31,23.74,85.54,93.12,0.53,20.96
2003-06-10,0.45,24.34,85.49,93.04,0.57,21.52
2003-06-11,1.25,23.95,88.7,93.01,0.47,21.83
2003-06-12,1.06,24.03,87.15,93.11,0.58,21.56
2003-06-13,5.75,23.41,87.35,93.15,0.59,21.04
2003-06-14,9.9,22.34,91.01,93.18,0.55,20.7
2003-06-15,6.79,21.66,91.12,93.15,0.53,20.07
2003-06-16,25.04,23.01,89.6,93.02,0.62,21.07
2003-06-17,12.33,22.8,93.31,93.04,0.59,21.63
2003-06-18,17.44,22.45,92.17,93.11,0.73,21.05
2003-06-19,13.64,22.21,93.0,93.14,0.78,20.99
2003-06-20,26.1,21.96,91.34,93.12,0.7,20.42
2003-06-21,24.4,22.12,92.31,93.0,0.62,20.75
2003-06-22,61.7,21.64,92.58,92.98,0.55,20.3
2003-06-23,45.17,20.92,91.92,93.01,0.65,19.49
2003-06-24,16.7,21.32,91.7,92.97,0.64,19.84
2003-06-25,1.58,21.72,90.67,92.96,0.61,20.03
2003-06-26,0.23,21.5,91.02,92.99,0.46,19.88
2003-06-27,3.77,21.84,89.54,93.03,0.49,19.93
2003-06-28,11.32,21.23,88.95,93.12,0.36,19.16
2003-06-29,7.36,20.98,90.45,93.09,0.46,19.24
2003-06-30,1.97,21.08,88.77,93.0,0.47,19.0
2003-07-01,11.27,21.56,90.26,92.89,0.54,19.8
2003-07-02,7.5,21.36,91.42,93.03,0.55,19.83
2003-07-03,10.06,21.54,90.32,93.14,0.52,19.77
2003-07-04,20.03,21.74,91.82,93.02,0.56,20.26
2003-07-05,25.58,21.81,92.13,93.01,0.67,20.41
2003-07-06,27.87,21.28,92.51,93.11,0.57,19.96
2003-07-07,1.13,20.88,92.36,93.16,0.47,19.53
2003-07-08,0.82,21.76,91.03,93.06,0.54,20.14
2003-07-09,1.3,20.99,93.31,93.06,0.43,19.81
2003-07-10,0.39,22.05,90.99,93.08,0.45,20.39
2003-07-11,13.7,21.42,91.99,93.07,0.52,19.99
2003-07-12,1.34,21.51,91.54,93.04,0.43,19.98
2003-07-13,8.62,21.7,94.08,93.0,0.68,20.67
2003-07-14,8.77,22.03,95.29,92.98,0.64,21.22
2003-07-15,33.83,21.91,94.52,93.06,0.64,20.97
2003-07-16,34.02,21.86,93.89,93.18,0.54,20.8
2003-07-17,10.75,22.25,93.14,93.18,0.41,21.03
2003-07-18,5.63,23.04,93.18,93.15,0.53,21.81
2003-07-19,1.47,22.68,93.87,93.05,0.53,21.6
2003-07-20,1.39,23.1,91.99,92.96,0.45,21.62
2003-07-21,0.59,22.91,92.86,93.03,0.49,21.62
2003-07-22,1.57,22.66,93.2,93.09,0.52,21.45
2003-07-23,2.18,22.34,93.62,93.09,0.54,21.21
2003-07-24,5.23,21.96,93.34,93.14,0.41,20.78
2003-07-25,7.95,21.79,91.97,93.15,0.45,20.33
2003-07-26,5.29,21.62,93.57,93.12,0.48,20.48
2003-07-27,4.89,21.73,92.87,93.17,0.49,20.45
2003-07-28,10.08,21.89,91.88,93.26,0.42,20.42
2003-07-29,5.15,22.24,90.47,93.25,0.47,20.49
2003-07-30,0.38,22.37,91.57,93.17,0.48,20.84
2003-07-31,8.46,22.15,91.67,93.17,0.4,20.67
2003-08-01,1.55,21.35,93.56,93.25,0.55,20.21
2003-08-02,0.06,21.81,88.54,93.27,0.29,19.68
2003-08-03,2.22,21.49,92.17,93.3,0.43,20.1
2003-08-04,10.04,21.53,93.3,93.32,0.46,20.33
2003-08-05,3.84,22.5,92.81,93.15,0.56,21.21
2003-08-06,3.22,22.53,91.79,93.01,0.71,21.06
2003-08-07,1.95,22.53,91.76,92.95,0.74,21.07
2003-08-08,12.21,22.62,89.97,92.94,0.78,20.8
2003-08-09,10.75,22.81,90.91,92.91,0.74,21.15
2003-08-10,1.56,22.8,90.89,92.97,0.55,21.13
2003-08-11,2.35,22.73,92.55,93.13,0.47,21.39
2003-08-12,10.15,22.47,94.47,93.18,0.48,21.5
2003-08-13,33.0,22.16,92.94,93.16,0.53,20.89
2003-08-14,15.79,21.41,92.36,93.18,0.58,20.05
2003-08-15,15.07,22.05,92.44,93.16,0.55,20.7
2003-08-16,4.84,22.11,91.86,93.21,0.54,20.64
2003-08-17,3.29,21.18,92.34,93.27,0.49,19.81
2003-08-18,0.9,21.52,92.52,93.24,0.52,20.19
2003-08-19,1.27,22.0,90.92,93.13,0.67,20.36
2003-08-20,6.08,22.09,90.98,92.99,0.68,20.46
2003-08-21,14.78,21.93,92.55,92.95,0.66,20.6
2003-08-22,40.02,21.78,93.38,93.01,0.75,20.6
2003-08-23,28.66,22.01,93.69,93.05,0.68,20.89
2003-08-24,5.71,22.5,92.71,93.01,0.64,21.21
2003-08-25,0.51,22.41,92.36,93.06,0.57,21.04
2003-08-26,0.39,21.99,92.67,93.14,0.44,20.69
2003-08-27,0.19,22.21,92.23,93.25,0.34,20.81
2003-08-28,0.11,21.84,89.96,93.27,0.24,19.97
2003-08-29,0.45,21.81,92.1,93.31,0.33,20.38
2003-08-30,0.76,22.16,90.63,93.3,0.49,20.44
2003-08-31,3.63,21.89,90.89,93.28,0.54,20.21
2003-09-01,3.31,21.59,92.21,93.25,0.55,20.19
2003-09-02,3.0,21.63,92.67,93.27,0.42,20.31
2003-09-03,1.69,22.15,91.42,93.24,0.42,20.57
2003-09-04,0.73,22.61,90.08,93.24,0.47,20.76
2003-09-05,0.19,22.46,89.53,93.2,0.49,20.52
2003-09-06,11.31,22.24,90.75,93.28,0.55,20.55
2003-09-07,1.93,22.54,89.91,93.31,0.52,20.68
2003-09-08,0.0,22.82,89.49,93.25,0.48,20.86
2003-09-09,0.05,22.77,89.68,93.2,0.55,20.86
2003-09-10,0.01,22.41,88.73,93.19,0.57,20.33
2003-09-11,0.0,22.21,87.35,93.24,0.63,19.84
2003-09-12,0.04,22.23,88.02,93.16,0.56,20.0
2003-09-13,0.19,22.21,88.58,93.16,0.54,20.08
2003-09-14,0.51,21.9,88.31,93.2,0.45,19.71
2003-09-15,0.09,22.24,87.86,93.17,0.46,19.96
2003-09-16,0.01,22.44,87.53,93.19,0.47,20.11
2003-09-17,0.43,22.84,88.44,93.21,0.54,20.69
2003-09-18,12.37,21.95,91.62,93.31,0.54,20.43
2003-09-19,2.56,22.14,89.32,93.33,0.39,20.14
2003-09-20,0.08,22.67,88.26,93.27,0.43,20.44
2003-09-21,0.0,22.76,87.08,93.25,0.42,20.27
2003-09-22,0.0,22.41,87.58,93.24,0.44,20.06
2003-09-23,0.0,22.87,87.6,93.15,0.45,20.52
2003-09-24,0.0,22.77,87.46,93.08,0.51,20.41
2003-09-25,1.1,23.12,88.23,93.04,0.5,20.87
2003-09-26,1.78,23.34,88.63,93.02,0.46,21.15
2003-09-27,0.17,23.17,87.1,92.99,0.4,20.69
2003-09-28,0.61,23.72,85.1,92.93,0.35,20.77
2003-09-29,0.11,23.61,85.94,92.97,0.39,20.87
2003-09-30,5.71,22.99,86.78,92.96,0.28,20.44
2003-10-01,22.19,23.29,87.0,92.87,0.22,20.76
2003-10-02,21.06,23.42,87.96,92.83,0.29,21.06
2003-10-03,9.79,23.16,89.94,92.89,0.35,21.26
2003-10-04,12.52,22.18,94.64,92.93,0.46,21.24
2003-10-05,39.87,22.7,93.33,92.95,0.52,21.49
2003-10-06,61.07,22.55,93.19,92.94,0.63,21.33
2003-10-07,63.56,22.51,94.85,92.98,0.63,21.61
2003-10-08,10.11,22.21,93.95,93.07,0.53,21.14
2003-10-09,1.33,22.09,89.77,93.2,0.47,20.2
2003-10-10,0.06,21.81,88.43,93.21,0.45,19.67
2003-10-11,0.39,22.65,87.6,93.12,0.4,20.27
2003-10-12,36.61,22.58,90.43,93.11,0.34,20.82
2003-10-13,31.28,22.23,93.82,93.21,0.31,21.13
2003-10-14,8.12,22.73,88.6,93.27,0.32,20.54
2003-10-15,1.22,23.21,88.58,93.21,0.32,21.01
2003-10-16,2.0,23.32,88.02,93.15,0.27,20.98
2003-10-17,1.16,22.86,93.4,93.12,0.45,21.7
2003-10-18,11.81,22.71,92.05,93.25,0.36,21.28
2003-10-19,6.65,22.64,94.43,93.27,0.36,21.66
2003-10-20,3.02,21.27,93.6,93.27,0.28,20.14
2003-10-21,6.66,21.36,93.57,93.17,0.43,20.21
2003-10-22,34.67,22.25,93.15,93.2,0.49,21.02
2003-10-23,24.48,22.33,95.67,93.29,0.46,21.59
2003-10-24,5.98,20.77,94.15,93.32,0.41,19.75
2003-10-25,0.06,22.29,89.97,93.22,0.29,20.38
2003-10-26,0.0,22.92,86.62,93.14,0.35,20.3
2003-10-27,0.36,23.04,82.48,93.22,0.29,19.59
2003-10-28,0.18,22.85,83.72,93.3,0.24,19.68
2003-10-29,0.01,22.84,86.3,93.33,0.22,20.2
2003-10-30,19.28,22.8,87.71,93.25,0.2,20.43
2003-10-31,23.15,22.71,88.04,93.19,0.22,20.39
2003-11-01,8.58,22.53,89.92,93.14,0.24,20.64
2003-11-02,6.18,22.58,87.82,93.25,0.22,20.24
2003-11-03,5.9,22.3,89.61,93.28,0.23,20.38
2003-11-04,1.58,22.33,85.48,93.25,0.24,19.5
2003-11-05,3.59,21.82,89.28,93.21,0.19,19.83
2003-11-06,3.33,22.02,90.41,93.15,0.2,20.23
2003-11-07,1.46,21.49,92.6,93.09,0.22,20.18
2003-11-08,4.56,21.62,92.66,93.11,0.15,20.31
2003-11-09,2.33,22.0,91.1,93.08,0.34,20.38
2003-11-10,0.2,22.72,86.1,93.13,0.28,20.05
2003-11-11,0.0,21.46,82.74,93.18,0.28,18.17
2003-11-12,0.36,22.32,84.21,93.23,0.24,19.29
2003-11-13,1.41,22.41,85.83,93.25,0.24,19.71
2003-11-14,2.79,22.87,90.03,93.34,0.22,21.01
2003-11-15,0.88,22.6,89.56,93.35,0.26,20.66
2003-11-16,0.21,21.89,86.91,93.31,0.26,19.42
2003-11-17,0.02,22.71,84.64,93.25,0.21,19.74
2003-11-18,0.2,22.25,84.57,93.23,0.3,19.22
2003-11-19,0.08,21.8,84.78,93.23,0.24,18.81
2003-11-20,0.02,21.7,85.0,93.26,0.23,18.79
2003-11-21,0.41,20.14,87.61,93.36,0.41,17.87
2003-11-22,0.74,20.48,89.83,93.39,0.38,18.67
2003-11-23,0.1,21.77,87.38,93.4,0.29,19.41
2003-11-24,0.0,20.12,82.25,93.46,0.34,16.75
2003-11-25,0.01,21.11,83.99,93.44,0.29,18.04
2003-11-26,1.52,21.65,87.01,93.32,0.22,19.25
2003-11-27,0.1,20.12,79.81,93.2,0.32,16.1
2003-11-28,0.96,20.68,87.91,93.13,0.24,18.52
2003-11-29,7.56,21.59,89.94,93.19,0.35,19.79
2003-11-30,1.38,22.44,88.75,93.24,0.24,20.38
2003-12-01,0.17,22.36,86.25,93.32,0.26,19.74
2003-12-02,0.01,21.63,82.14,93.31,0.29,18.15
2003-12-03,0.0,19.92,81.02,93.21,0.37,16.13
2003-12-04,0.0,19.53,81.25,93.18,0.35,15.8
2003-12-05,0.0,21.58,83.44,93.26,0.25,18.36
2003-12-06,0.0,20.46,79.86,93.34,0.34,16.46
2003-12-07,0.01,19.65,80.67,93.38,0.33,15.74
2003-12-08,0.0,19.07,79.89,93.43,0.34,15.07
2003-12-09,0.0,18.25,78.22,93.39,0.31,13.8
2003-12-10,0.0,18.08,77.58,93.35,0.29,13.49
2003-12-11,0.0,19.43,79.75,93.31,0.26,15.42
2003-12-12,0.0,20.29,82.01,93.3,0.31,16.73
2003-12-13,0.0,20.66,82.25,93.29,0.3,17.17
2003-12-14,0.0,20.4,69.73,93.24,0.34,14.01
2003-12-15,0.0,20.78,75.65,93.16,0.43,16.01
2003-12-16,0.0,21.35,84.22,93.16,0.3,18.18
2003-12-17,0.0,21.96,81.26,93.28,0.29,18.18
2003-12-18,0.0,22.05,83.05,93.4,0.31,18.68
2003-12-19,50.21,21.85,87.17,93.5,0.26,19.43
2003-12-20,19.8,19.88,89.93,93.62,0.31,18.05
2003-12-21,0.0,19.73,80.08,93.59,0.42,15.79
2003-12-22,0.0,18.35,76.22,93.52,0.48,13.64
2003-12-23,0.0,19.3,77.9,93.49,0.35,14.88
2003-12-24,0.01,20.74,81.44,93.44,0.37,17.17
2003-12-25,0.0,21.29,83.7,93.36,0.36,18.05
2003-12-26,0.0,22.3,83.3,93.27,0.18,18.97
2003-12-27,0.0,22.25,84.48,93.34,0.19,19.22
2003-12-28,0.03,22.16,82.16,93.42,0.26,18.66
2003-12-29,0.01,21.69,80.78,93.51,0.46,18.01
2003-12-30,0.0,20.84,77.98,93.56,0.52,16.57
2003-12-31,0.0,20.28,77.84,93.53,0.37,15.86
2004-01-01,0.14,21.38,80.71,93.43,0.29,17.62
2004-01-02,0.21,21.54,81.46,93.43,0.21,17.89
2004-01-03,3.79,20.17,86.78,93.47,0.19,17.68
2004-01-04,0.71,19.69,83.38,93.45,0.24,16.43
2004-01-05,0.0,21.23,80.8,93.49,0.28,17.4
2004-01-06,1.32,21.66,82.15,93.43,0.22,18.16
2004-01-07,0.41,21.56,80.96,93.45,0.19,17.74
2004-01-08,0.0,21.13,75.18,93.49,0.42,16.17
2004-01-09,0.0,20.07,72.42,93.5,0.58,14.51
2004-01-10,0.0,20.97,76.16,93.47,0.39,16.18
2004-01-11,0.0,20.29,70.75,93.46,0.41,14.1
2004-01-12,0.0,20.07,70.34,93.44,0.34,13.66
2004-01-13,0.0,20.3,68.23,93.35,0.34,13.31
2004-01-14,0.0,20.54,66.82,93.28,0.35,13.13
2004-01-15,0.0,20.75,62.66,93.32,0.38,12.29
2004-01-16,0.0,20.24,66.95,93.41,0.46,12.95
2004-01-17,0.0,20.48,60.36,93.33,0.39,11.46
2004-01-18,0.0,21.85,60.25,93.31,0.42,13.0
2004-01-19,0.0,21.97,70.62,93.24,0.46,15.36
2004-01-20,0.0,22.35,70.47,93.2,0.33,15.63
2004-01-21,0.0,22.64,72.39,93.12,0.32,16.51
2004-01-22,0.0,21.97,75.4,93.13,0.26,16.87
2004-01-23,0.0,22.94,70.34,93.13,0.27,16.39
2004-01-24,0.0,23.26,72.03,93.11,0.4,17.0
2004-01-25,0.01,23.43,74.42,93.18,0.36,17.77
2004-01-26,0.01,23.21,75.81,93.22,0.47,17.95
2004-01-27,0.21,23.77,71.35,93.13,0.35,17.23
2004-01-28,0.33,23.4,75.47,93.09,0.21,18.23
2004-01-29,0.0,23.96,68.1,93.13,0.25,16.86
2004-01-30,0.0,23.63,73.01,93.24,0.36,17.81
2004-01-31,16.17,23.33,77.78,93.21,0.3,18.46
2004-02-01,0.23,23.86,74.8,93.04,0.18,18.23
2004-02-02,0.0,23.36,66.99,93.1,0.28,15.45
2004-02-03,0.0,23.0,63.33,93.21,0.25,14.18
2004-02-04,0.0,23.19,66.62,93.23,0.35,15.48
2004-02-05,0.0,23.46,63.01,93.26,0.37,14.52
2004-02-06,0.0,23.77,67.21,93.33,0.38,15.89
2004-02-07,0.0,24.49,69.2,93.52,0.35,17.25
2004-02-08,2.41,23.11,73.46,93.53,0.27,17.43
2004-02-09,0.37,23.29,73.3,93.45,0.33,17.34
2004-02-10,0.0,23.67,69.23,93.48,0.32,16.6
2004-02-11,0.0,23.27,63.06,93.48,0.26,14.53
2004-02-12,0.0,23.39,62.62,93.47,0.28,14.48
2004-02-13,0.0,23.66,65.17,93.38,0.26,15.61
2004-02-14,0.0,22.82,55.69,93.32,0.31,11.72
2004-02-15,0.0,22.6,55.3,93.3,0.34,11.61
2004-02-16,0.0,22.44,53.34,93.34,0.28,10.87
2004-02-17,0.0,21.76,53.57,93.23,0.39,9.91
2004-02-18,0.0,22.25,60.85,93.19,0.47,12.8
2004-02-19,0.1,23.28,66.99,93.22,0.4,15.52
2004-02-20,0.06,24.01,62.84,93.29,0.31,14.67
2004-02-21,0.0,23.36,53.97,93.32,0.43,11.29
2004-02-22,0.0,22.37,55.59,93.27,0.4,10.8
2004-02-23,0.0,23.84,53.89,93.28,0.33,10.91
2004-02-24,0.0,23.9,49.56,93.36,0.35,10.44
2004-02-25,0.0,24.02,47.34,93.38,0.45,9.75
2004-02-26,0.0,24.23,52.61,93.28,0.41,11.78
2004-02-27,0.01,24.12,64.55,93.24,0.46,14.82
2004-02-28,0.08,25.22,66.44,93.21,0.56,16.51
2004-02-29,0.0,25.36,58.36,93.2,0.38,13.66
2004-03-01,0.0,24.87,53.39,93.21,0.38,11.26
2004-03-02,0.0,24.76,51.85,93.16,0.44,11.2
2004-03-03,0.0,25.2,50.98,93.17,0.39,12.12
2004-03-04,0.0,25.18,54.75,93.19,0.38,12.95
2004-03-05,0.0,25.2,48.65,93.15,0.4,10.03
2004-03-06,0.0,26.06,49.02,93.23,0.28,10.8
2004-03-07,0.0,26.27,52.61,93.24,0.36,11.91
2004-03-08,0.0,25.75,56.03,93.37,0.36,12.93
2004-03-09,0.0,25.43,60.61,93.36,0.32,15.83
2004-03-10,0.0,25.6,58.57,93.2,0.31,15.54
2004-03-11,0.0,25.63,57.53,93.21,0.4,14.88
2004-03-12,0.0,25.85,56.92,93.28,0.37,14.64
2004-03-13,2.75,25.86,60.0,93.37,0.39,15.89
2004-03-14,2.99,26.01,59.14,93.33,0.26,14.58
2004-03-15,1.03,26.33,54.18,93.27,0.28,14.13
2004-03-16,0.09,26.67,51.61,93.17,0.45,12.47
2004-03-17,0.0,26.38,62.06,93.19,0.42,15.86
2004-03-18,0.0,27.07,57.62,93.17,0.43,14.93
2004-03-19,0.0,26.81,58.69,93.05,0.51,14.03
2004-03-20,0.0,27.01,61.81,92.97,0.46,16.51
2004-03-21,0.0,27.57,59.8,93.0,0.41,16.92
2004-03-22,0.0,27.8,58.75,93.06,0.41,16.48
2004-03-23,0.05,27.11,65.54,93.14,0.53,18.67
2004-03-24,0.12,26.54,69.88,93.09,0.58,19.53
2004-03-25,0.08,26.09,67.85,93.03,0.59,18.85
2004-03-26,0.01,26.63,63.82,93.01,0.44,17.89
2004-03-27,2.67,27.0,64.48,93.15,0.37,18.29
2004-03-28,1.62,26.06,72.74,93.22,0.36,19.99
2004-03-29,0.55,25.39,74.98,93.25,0.36,20.18
2004-03-30,1.15,25.39,75.81,93.25,0.48,20.24
2004-03-31,6.12,25.89,74.7,93.24,0.41,20.08
2004-04-01,3.24,25.78,75.06,93.32,0.38,20.13
2004-04-02,0.01,25.74,71.47,93.35,0.31,19.31
2004-04-03,0.0,25.99,70.47,93.34,0.31,19.26
2004-04-04,0.33,24.86,79.84,93.4,0.39,20.73
2004-04-05,3.42,23.63,81.97,93.37,0.33,19.96
2004-04-06,4.71,21.95,87.97,93.33,0.3,19.75
2004-04-07,0.3,23.86,76.27,93.31,0.25,18.83
2004-04-08,0.34,24.37,78.43,93.24,0.33,19.85
2004-04-09,0.4,25.15,76.61,93.08,0.28,20.2
2004-04-10,0.08,26.73,66.25,93.06,0.35,18.14
2004-04-11,1.0,27.15,63.57,93.17,0.36,17.65
2004-04-12,0.44,27.2,68.54,93.12,0.43,19.56
2004-04-13,2.28,25.55,78.92,93.1,0.48,21.24
2004-04-14,0.27,26.54,71.38,93.1,0.46,19.97
2004-04-15,0.0,27.04,71.44,93.09,0.47,20.36
2004-04-16,0.0,26.14,72.4,93.13,0.47,20.2
2004-04-17,0.0,26.81,65.48,93.03,0.42,18.58
2004-04-18,0.0,26.95,66.02,92.97,0.51,18.98
2004-04-19,0.45,27.62,65.37,92.99,0.46,19.19
2004-04-20,0.34,28.53,61.99,93.14,0.37,18.54
2004-04-21,0.34,27.03,70.26,93.14,0.44,20.21
2004-04-22,4.83,27.07,68.44,92.96,0.39,19.41
2004-04-23,5.52,26.58,71.9,92.97,0.38,19.62
2004-04-24,1.53,26.84,69.86,92.94,0.29,19.72
2004-04-25,0.08,27.06,65.6,92.95,0.31,18.78
2004-04-26,6.48,25.92,74.37,93.07,0.3,20.21
2004-04-27,5.91,24.8,83.43,93.11,0.4,21.43
2004-04-28,0.55,26.18,73.51,92.97,0.4,20.27
2004-04-29,22.09,25.78,75.91,92.88,0.36,20.44
2004-04-30,11.32,25.97,77.07,92.81,0.35,20.9
2004-05-01,8.48,26.65,72.46,92.79,0.33,20.21
2004-05-02,59.21,26.09,77.62,92.75,0.28,21.02
2004-05-03,42.7,23.53,86.84,92.68,0.45,20.9
2004-05-04,45.51,23.67,93.68,92.47,0.84,22.56
2004-05-05,137.13,23.64,92.54,92.64,0.62,22.31
2004-05-06,63.32,22.83,91.86,92.69,0.74,21.38
2004-05-07,40.57,22.76,90.21,92.84,0.63,20.96
2004-05-08,16.8,23.29,88.34,92.81,0.5,21.08
2004-05-09,2.17,23.41,87.09,92.93,0.4,20.92
2004-05-10,1.5,23.33,88.4,93.05,0.52,21.14
2004-05-11,0.47,23.59,87.92,93.08,0.44,21.29
2004-05-12,0.01,23.39,86.48,92.99,0.41,20.79
2004-05-13,3.72,23.88,88.2,92.89,0.43,21.61
2004-05-14,2.58,23.81,91.61,92.99,0.56,22.29
2004-05-15,19.97,22.78,91.79,93.04,0.47,21.29
2004-05-16,28.48,22.74,94.25,93.01,0.61,21.73
2004-05-17,32.46,23.0,89.87,93.13,0.64,21.13
2004-05-18,22.87,22.97,94.85,93.14,0.72,22.08
2004-05-19,15.92,22.85,92.9,93.13,0.69,21.6
2004-05-20,39.95,22.65,94.13,93.12,0.66,21.6
2004-05-21,17.09,22.99,91.69,93.13,0.66,21.49
2004-05-22,19.58,22.77,93.74,93.1,0.62,21.65
2004-05-23,16.6,22.56,94.95,93.13,0.63,21.67
2004-05-24,14.24,22.47,91.94,93.17,0.58,21.01
2004-05-25,5.57,22.36,91.6,93.15,0.59,20.83
2004-05-26,17.3,22.03,94.72,93.09,0.55,21.12
2004-05-27,9.56,22.28,91.06,93.14,0.44,20.63
2004-05-28,0.26,22.29,89.01,93.17,0.36,20.22
2004-05-29,2.22,23.09,90.68,93.04,0.45,21.36
2004-05-30,1.1,22.09,90.77,93.09,0.41,20.41
2004-05-31,1.19,22.31,91.23,93.12,0.38,20.74
2004-06-01,0.75,22.57,92.82,93.16,0.39,21.28
2004-06-02,2.69,22.12,92.98,93.23,0.47,20.88
2004-06-03,19.2,22.04,94.18,93.19,0.61,21.03
2004-06-04,30.0,21.73,93.47,93.13,0.64,20.58
2004-06-05,54.43,21.31,93.46,93.22,0.65,20.17
2004-06-06,15.69,21.84,92.44,93.14,0.65,20.5
2004-06-07,22.76,21.75,92.96,93.15,0.68,20.5
2004-06-08,6.87,21.56,92.91,93.18,0.68,20.31
2004-06-09,20.04,21.17,93.36,93.28,0.65,20.01
2004-06-10,8.52,21.67,94.07,93.16,0.66,20.63
2004-06-11,11.84,21.78,95.0,93.02,0.56,20.91
2004-06-12,9.59,22.57,93.38,93.04,0.72,21.39
2004-06-13,12.33,22.43,93.82,93.1,0.68,21.34
2004-06-14,8.85,22.32,94.69,93.12,0.64,21.38
2004-06-15,10.72,22.44,93.85,93.22,0.58,21.34
2004-06-16,8.49,21.89,95.06,93.3,0.68,21.02
2004-06-17,4.76,22.46,94.2,93.17,0.73,21.44
2004-06-18,4.28,22.32,91.93,93.25,0.83,20.87
2004-06-19,0.97,22.06,91.1,93.24,0.68,20.46
2004-06-20,0.21,22.08,91.88,93.31,0.62,20.64
2004-06-21,0.04,21.96,90.98,93.42,0.52,20.34
2004-06-22,0.03,22.3,90.18,93.47,0.47,20.5
2004-06-23,0.77,22.25,88.95,93.3,0.56,20.22
2004-06-24,0.52,21.91,88.74,93.32,0.6,19.84
2004-06-25,1.54,22.6,88.95,93.33,0.6,20.54
2004-06-26,2.07,22.53,89.22,93.26,0.61,20.54
2004-06-27,11.85,22.66,89.77,93.25,0.73,20.79
2004-06-28,29.42,22.39,91.21,93.25,0.73,20.81
2004-06-29,14.28,22.42,92.58,93.22,0.66,21.1
2004-06-30,3.9,22.51,91.95,93.17,0.62,21.06
2004-07-01,2.92,22.29,91.22,93.2,0.71,20.7
2004-07-02,2.3,22.18,91.57,93.03,0.73,20.66
2004-07-03,2.62,22.11,92.85,92.92,0.78,20.85
2004-07-04,1.51,22.54,91.8,92.94,0.7,21.07
2004-07-05,5.26,21.88,91.99,93.0,0.47,20.44
2004-07-06,9.07,21.15,91.42,93.03,0.43,19.6
2004-07-07,16.7,21.12,93.42,92.96,0.44,19.95
2004-07-08,50.42,22.05,91.74,92.97,0.47,20.53
2004-07-09,36.12,21.54,96.53,93.05,0.64,20.96
2004-07-10,15.1,21.36,93.75,93.0,0.54,20.26
2004-07-11,2.27,21.25,93.61,93.03,0.6,20.14
2004-07-12,1.96,20.67,91.82,93.13,0.46,19.2
2004-07-13,4.88,21.27,91.06,93.17,0.57,19.64
2004-07-14,3.91,21.44,92.3,93.03,0.68,20.07
2004-07-15,12.56,21.44,94.24,93.0,0.71,20.44
2004-07-16,6.46,21.68,92.88,92.99,0.67,20.42
2004-07-17,1.29,21.97,90.4,93.05,0.51,20.21
2004-07-18,14.35,22.36,91.88,93.03,0.55,20.88
2004-07-19,1.87,20.8,93.19,93.03,0.55,19.61
2004-07-20,0.74,21.34,91.26,93.06,0.61,19.77
2004-07-21,3.04,21.41,93.57,93.12,0.69,20.3
2004-07-22,3.12,20.69,91.76,93.2,0.59,19.23
2004-07-23,1.8,20.45,93.5,93.19,0.46,19.3
2004-07-24,0.25,21.29,91.34,93.03,0.62,19.72
2004-07-25,0.86,22.14,90.32,93.0,0.73,20.38
2004-07-26,22.9,22.19,91.82,92.99,0.7,20.73
2004-07-27,14.39,21.39,93.51,93.04,0.58,20.25
2004-07-28,1.62,21.85,91.9,92.99,0.58,20.39
2004-07-29,1.07,21.41,92.41,93.07,0.58,20.06
2004-07-30,0.48,21.41,91.78,93.17,0.5,19.93
2004-07-31,0.07,21.47,92.77,93.22,0.43,20.19
2004-08-01,0.06,21.41,92.3,93.23,0.46,20.04
2004-08-02,0.38,21.82,91.05,93.08,0.64,20.21
2004-08-03,20.47,21.78,93.38,92.99,0.91,20.63
2004-08-04,46.75,21.09,94.49,92.95,0.83,20.13
2004-08-05,24.86,20.76,95.45,93.0,0.62,19.97
2004-08-06,12.11,21.26,94.79,93.09,0.66,20.36
2004-08-07,4.33,21.27,94.39,93.2,0.53,20.29
2004-08-08,1.12,21.65,93.85,93.28,0.56,20.57
2004-08-09,0.25,22.28,90.25,93.3,0.44,20.47
2004-08-10,0.11,22.07,89.96,93.29,0.49,20.22
2004-08-11,0.51,21.87,89.96,93.28,0.48,20.02
2004-08-12,9.37,21.74,92.32,93.3,0.51,20.36
2004-08-13,20.88,21.62,92.23,93.35,0.6,20.22
2004-08-14,8.05,21.25,92.66,93.35,0.52,19.93
2004-08-15,14.54,20.85,92.43,93.28,0.43,19.5
2004-08-16,18.04,20.54,93.03,93.25,0.63,19.33
2004-08-17,1.99,20.96,92.53,93.33,0.43,19.63
2004-08-18,1.59,21.73,92.84,93.36,0.61,20.45
2004-08-19,2.48,21.52,93.15,93.27,0.68,20.32
2004-08-20,1.58,21.38,92.81,93.14,0.63,20.11
2004-08-21,0.08,21.1,91.34,93.14,0.48,19.55
2004-08-22,0.12,22.03,90.47,93.21,0.58,20.3
2004-08-23,0.18,22.37,90.05,93.28,0.61,20.55
2004-08-24,0.13,22.27,90.08,93.3,0.58,20.45
2004-08-25,0.09,22.2,88.72,93.28,0.55,20.11
2004-08-26,0.74,22.17,89.27,93.19,0.64,20.2
2004-08-27,0.23,21.88,90.31,93.13,0.66,20.12
2004-08-28,0.01,21.82,89.24,93.15,0.67,19.85
2004-08-29,0.19,21.92,88.39,93.18,0.65,19.77
2004-08-30,0.03,21.78,89.17,93.16,0.61,19.79
2004-08-31,0.0,21.84,88.28,93.15,0.61,19.66
2004-09-01,0.0,21.8,88.88,93.01,0.53,19.74
2004-09-02,1.77,22.37,89.25,93.03,0.45,20.36
2004-09-03,1.1,22.01,89.84,93.15,0.37,20.12
2004-09-04,0.1,22.1,89.25,93.06,0.37,20.11
2004-09-05,7.8,21.36,89.93,93.0,0.42,19.52
2004-09-06,14.04,20.4,90.33,93.04,0.4,18.63
2004-09-07,5.26,21.37,90.55,93.11,0.42,19.63
2004-09-08,3.69,21.73,90.97,93.19,0.47,20.09
2004-09-09,2.35,21.42,90.65,93.23,0.43,19.72
2004-09-10,7.05,20.17,92.97,93.31,0.47,18.95
2004-09-11,13.08,21.69,92.85,93.23,0.61,20.42
2004-09-12,3.96,21.17,90.89,93.27,0.43,19.53
2004-09-13,0.64,21.57,90.44,93.31,0.37,19.82
2004-09-14,2.89,22.05,92.6,93.29,0.45,20.73
2004-09-15,27.6,21.86,93.53,93.22,0.51,20.72
2004-09-16,24.73,22.13,90.19,93.21,0.39,20.29
2004-09-17,12.16,22.55,92.05,93.19,0.49,21.09
2004-09-18,0.84,22.53,90.48,93.11,0.41,20.78
2004-09-19,4.15,22.64,89.96,93.05,0.4,20.77
2004-09-20,1.98,21.76,91.66,93.14,0.35,20.25
2004-09-21,0.52,22.15,89.97,93.12,0.34,20.27
2004-09-22,0.08,22.57,86.48,93.08,0.37,19.93
2004-09-23,0.36,22.65,88.02,93.02,0.27,20.34
2004-09-24,30.53,22.73,93.66,92.93,0.34,21.6
2004-09-25,11.61,22.07,95.54,92.94,0.33,21.31
2004-09-26,4.42,22.0,94.9,93.02,0.27,21.12
2004-09-27,39.32,21.86,90.28,93.1,0.37,20.06
2004-09-28,18.12,21.76,88.47,92.97,0.34,19.55
2004-09-29,1.35,21.83,88.67,93.16,0.33,19.66
2004-09-30,0.31,22.24,88.15,93.33,0.32,19.96
2004-10-01,0.96,22.16,91.4,93.4,0.31,20.57
2004-10-02,104.11,20.85,95.39,93.26,0.61,20.06
2004-10-03,58.68,21.05,94.19,93.24,0.74,20.05
2004-10-04,16.82,21.67,92.7,93.23,0.74,20.38
2004-10-05,3.13,21.56,91.17,93.22,0.56,19.96
2004-10-06,0.43,22.12,90.46,93.25,0.42,20.37
2004-10-07,0.01,21.63,85.79,93.25,0.3,18.84
2004-10-08,0.0,21.38,88.08,93.25,0.24,19.13
2004-10-09,0.0,22.54,87.71,93.32,0.32,20.15
2004-10-10,0.0,23.08,88.12,93.37,0.36,20.8
2004-10-11,18.11,22.56,93.03,93.36,0.4,21.3
2004-10-12,9.58,22.57,88.29,93.34,0.33,20.28
2004-10-13,3.57,22.87,91.95,93.31,0.39,21.36
2004-10-14,13.33,22.61,90.67,93.38,0.37,20.87
2004-10-15,5.87,22.46,91.36,93.3,0.42,20.88
2004-10-16,20.54,22.36,91.04,93.26,0.26,20.72
2004-10-17,19.44,23.29,87.24,93.24,0.18,20.81
2004-10-18,7.32,22.79,89.48,93.2,0.24,20.79
2004-10-19,4.37,21.94,90.85,93.19,0.21,20.25
2004-10-20,7.74,22.84,88.4,93.09,0.28,20.6
2004-10-21,24.34,22.62,91.66,93.13,0.23,21.08
2004-10-22,42.4,22.96,87.79,93.2,0.24,20.61
2004-10-23,6.78,23.03,88.52,93.18,0.2,20.83
2004-10-24,1.03,22.6,85.55,93.21,0.27,19.82
2004-10-25,27.08,22.65,88.36,93.24,0.27,20.45
2004-10-26,4.61,22.64,88.44,93.24,0.23,20.45
2004-10-27,5.39,22.52,88.43,93.23,0.28,20.34
2004-10-28,2.92,22.32,91.65,93.15,0.26,20.8
2004-10-29,34.77,22.13,90.84,93.1,0.29,20.44
2004-10-30,45.43,21.82,95.19,93.07,0.28,20.98
2004-10-31,20.78,21.52,95.41,93.15,0.28,20.71
2004-11-01,5.35,21.6,89.45,93.27,0.3,19.61
2004-11-02,1.22,22.32,87.72,93.26,0.26,19.94
2004-11-03,1.67,22.27,87.86,93.26,0.22,19.95
2004-11-04,0.07,21.21,86.14,93.26,0.23,18.6
2004-11-05,1.66,20.98,87.72,93.18,0.18,18.7
2004-11-06,4.52,20.87,95.05,93.12,0.31,19.99
2004-11-07,7.09,22.04,94.07,93.01,0.24,20.99
2004-11-08,37.61,22.08,93.35,93.1,0.24,20.89
2004-11-09,5.13,22.2,89.91,93.12,0.25,20.33
2004-11-10,7.14,22.49,92.94,93.16,0.17,21.22
2004-11-11,3.01,22.27,91.7,93.21,0.21,20.74
2004-11-12,14.4,21.58,91.94,93.32,0.27,20.12
2004-11-13,1.94,21.95,92.37,93.36,0.2,20.59
2004-11-14,2.42,22.47,87.78,93.32,0.22,20.18
2004-11-15,42.87,21.83,93.45,93.3,0.19,20.68
2004-11-16,1.19,21.51,87.58,93.32,0.3,19.17
2004-11-17,0.0,21.86,85.35,93.35,0.25,19.07
2004-11-18,0.0,21.75,85.58,93.37,0.2,18.98
2004-11-19,0.0,20.34,81.83,93.32,0.3,16.7
2004-11-20,0.5,21.32,86.26,93.32,0.24,18.78
2004-11-21,0.06,21.55,85.99,93.32,0.26,18.91
2004-11-22,0.05,22.0,86.49,93.25,0.32,19.48
2004-11-23,0.03,21.99,85.79,93.23,0.28,19.33
2004-11-24,0.69,22.09,88.84,93.18,0.22,20.05
2004-11-25,38.22,21.43,89.89,93.25,0.33,19.59
2004-11-26,5.69,21.89,88.02,93.28,0.32,19.63
2004-11-27,0.25,22.05,86.2,93.29,0.38,19.47
2004-11-28,0.0,21.39,84.79,93.42,0.39,18.53
2004-11-29,0.0,20.12,81.16,93.39,0.39,16.42
2004-11-30,0.0,18.78,80.56,93.34,0.42,14.94
2004-12-01,0.0,19.94,83.33,93.3,0.24,16.66
2004-12-02,0.26,21.45,84.78,93.43,0.22,18.59
2004-12-03,2.18,21.77,87.94,93.49,0.34,19.53
2004-12-04,0.05,21.54,85.08,93.39,0.34,18.71
2004-12-05,0.0,21.59,83.03,93.36,0.25,18.31
2004-12-06,0.0,19.31,80.65,93.49,0.38,15.46
2004-12-07,0.0,18.77,81.68,93.52,0.4,15.2
2004-12-08,0.05,21.44,84.56,93.4,0.29,18.51
2004-12-09,0.01,22.05,85.73,93.31,0.33,19.33
2004-12-10,0.0,20.25,82.26,93.33,0.36,16.72
2004-12-11,0.0,19.59,84.71,93.36,0.39,16.72
2004-12-12,0.05,20.57,84.8,93.38,0.4,17.73
2004-12-13,0.1,21.56,85.6,93.33,0.36,18.85
2004-12-14,0.16,22.07,86.6,93.14,0.3,19.6
2004-12-15,0.0,21.55,83.8,93.11,0.34,18.53
2004-12-16,0.0,19.59,80.54,93.26,0.38,15.81
2004-12-17,0.0,19.04,80.68,93.39,0.34,15.24
2004-12-18,0.0,18.97,80.24,93.36,0.3,15.03
2004-12-19,0.0,19.22,79.75,93.27,0.31,15.15
2004-12-20,0.0,19.64,80.48,93.18,0.44,15.62
2004-12-21,0.0,20.01,78.78,93.15,0.38,15.82
2004-12-22,0.01,19.6,75.36,93.19,0.37,14.69
2004-12-23,0.0,18.86,80.01,93.18,0.36,14.88
2004-12-24,0.0,19.98,83.44,93.26,0.31,16.74
2004-12-25,0.0,20.94,82.04,93.29,0.35,17.49
2004-12-26,0.0,19.75,80.67,93.23,0.35,15.96
2004-12-27,0.19,21.23,82.74,93.18,0.28,17.91
2004-12-28,0.02,21.0,81.73,93.25,0.36,17.58
2004-12-29,0.0,19.39,82.81,93.28,0.45,16.2
2004-12-30,0.37,19.86,81.27,93.29,0.31,16.14
2004-12-31,0.21,22.07,84.84,93.31,0.25,19.14
2005-01-01,0.17,21.71,85.23,93.39,0.22,18.92
2005-01-02,0.32,21.71,85.22,93.31,0.27,18.81
2005-01-03,0.31,21.54,84.89,93.3,0.17,18.64
2005-01-04,0.01,21.27,82.66,93.41,0.22,17.83
2005-01-05,0.0,20.1,79.43,93.43,0.23,15.94
2005-01-06,0.0,19.41,76.92,93.4,0.31,14.66
2005-01-07,0.0,19.61,80.15,93.38,0.36,15.7
2005-01-08,0.0,19.87,78.7,93.4,0.34,15.56
2005-01-09,0.0,19.6,77.41,93.34,0.34,14.97
2005-01-10,0.0,20.18,72.54,93.25,0.29,14.57
2005-01-11,0.0,20.82,63.55,93.31,0.35,13.14
2005-01-12,0.0,20.45,69.14,93.39,0.46,13.81
2005-01-13,0.0,19.46,73.04,93.35,0.36,13.97
2005-01-14,0.0,19.09,75.71,93.29,0.42,14.1
2005-01-15,0.0,19.58,72.46,93.28,0.31,13.66
2005-01-16,0.0,20.63,69.63,93.32,0.21,14.11
2005-01-17,0.0,21.72,72.0,93.3,0.44,15.83
2005-01-18,0.0,22.07,78.3,93.33,0.42,17.52
2005-01-19,0.0,23.04,77.73,93.31,0.28,18.45
2005-01-20,0.01,22.96,71.49,93.39,0.25,16.77
2005-01-21,0.09,22.38,76.63,93.5,0.49,17.8
2005-01-22,0.06,23.41,75.69,93.43,0.32,18.55
2005-01-23,0.01,23.74,73.76,93.36,0.22,18.26
2005-01-24,0.0,23.62,72.51,93.37,0.27,17.63
2005-01-25,0.0,23.01,70.87,93.31,0.29,16.48
2005-01-26,0.0,23.15,69.07,93.19,0.3,16.26
2005-01-27,3.48,22.62,77.61,93.14,0.33,17.84
2005-01-28,1.97,21.85,80.75,93.11,0.3,18.02
2005-01-29,38.94,21.97,77.26,93.1,0.32,17.28
2005-01-30,17.38,21.67,85.95,93.15,0.35,18.91
2005-01-31,6.09,22.11,88.84,93.24,0.43,19.97
2005-02-01,0.39,22.71,84.27,93.28,0.34,19.58
2005-02-02,0.09,22.85,81.64,93.31,0.16,19.24
2005-02-03,0.01,22.95,78.97,93.36,0.23,18.61
2005-02-04,0.0,23.77,73.54,93.35,0.23,18.13
2005-02-05,0.05,23.42,76.46,93.37,0.29,18.49
2005-02-06,0.05,23.43,74.54,93.38,0.19,17.91
2005-02-07,0.0,21.3,63.33,93.44,0.3,12.62
2005-02-08,0.0,21.92,65.4,93.42,0.29,13.93
2005-02-09,0.0,21.94,64.93,93.49,0.45,14.02
2005-02-10,0.0,22.01,64.93,93.51,0.33,14.18
2005-02-11,0.0,21.54,64.69,93.59,0.35,13.45
2005-02-12,0.0,21.09,62.65,93.52,0.42,12.32
2005-02-13,0.0,20.85,56.59,93.42,0.37,10.1
2005-02-14,0.0,22.32,48.02,93.28,0.39,8.32
2005-02-15,0.0,24.03,49.63,93.34,0.45,10.51
2005-02-16,0.0,24.14,60.56,93.25,0.4,13.23
2005-02-17,0.0,23.83,68.53,93.22,0.37,15.17
2005-02-18,0.0,24.48,63.71,93.27,0.42,14.41
2005-02-19,0.0,24.42,60.52,93.31,0.36,13.39
2005-02-20,0.0,23.8,57.98,93.32,0.4,12.16
2005-02-21,0.0,24.36,69.84,93.31,0.27,17.29
2005-02-22,0.27,24.87,71.01,93.36,0.22,18.36
2005-02-23,0.08,25.01,73.11,93.36,0.21,19.14
2005-02-24,0.0,25.32,70.51,93.32,0.26,18.6
2005-02-25,0.0,25.45,60.87,93.31,0.26,15.5
2005-02-26,0.0,24.47,56.0,93.38,0.25,13.59
2005-02-27,0.0,24.2,47.17,93.29,0.32,9.44
2005-02-28,0.0,24.4,51.36,93.29,0.34,11.09
2005-03-01,0.0,24.92,52.53,93.34,0.51,12.47
2005-03-02,0.0,25.31,60.48,93.5,0.46,14.92
2005-03-03,0.0,25.06,60.5,93.47,0.45,14.28
2005-03-04,5.91,25.76,67.25,93.54,0.35,17.71
2005-03-05,7.33,25.45,72.74,93.6,0.24,19.32
2005-03-06,0.34,25.18,72.49,93.59,0.17,19.2
2005-03-07,0.01,25.55,67.23,93.52,0.3,17.7
2005-03-08,0.0,24.69,70.8,93.58,0.24,18.12
2005-03-09,0.0,24.47,67.64,93.54,0.29,17.07
2005-03-10,2.43,23.92,76.53,93.46,0.3,19.05
2005-03-11,0.68,24.42,71.99,93.3,0.25,18.22
2005-03-12,0.35,25.16,71.53,93.28,0.28,18.72
2005-03-13,7.43,24.84,74.23,93.26,0.42,19.27
2005-03-14,4.73,23.83,81.67,93.23,0.15,20.12
2005-03-15,1.08,24.86,69.77,93.18,0.28,17.76
2005-03-16,0.0,24.92,63.05,93.22,0.29,15.53
2005-03-17,0.0,24.51,58.32,93.22,0.37,13.77
2005-03-18,0.0,24.93,52.4,93.2,0.39,11.02
2005-03-19,0.09,25.42,54.94,93.14,0.42,13.31
2005-03-20,0.0,25.46,66.34,93.22,0.41,17.5
2005-03-21,0.0,26.3,65.15,93.12,0.38,17.69
2005-03-22,0.0,26.59,66.49,93.07,0.44,18.5
2005-03-23,0.0,26.25,68.61,93.07,0.46,18.96
2005-03-24,0.01,26.78,64.75,93.04,0.45,18.48
2005-03-25,0.0,26.01,64.63,93.14,0.51,17.82
2005-03-26,0.0,24.87,66.99,93.23,0.48,17.37
2005-03-27,0.04,26.92,64.26,93.17,0.37,18.17
2005-03-28,0.03,26.78,66.66,93.2,0.33,19.11
2005-03-29,0.0,25.93,72.2,93.17,0.49,19.84
2005-03-30,1.86,25.36,76.49,93.04,0.44,20.47
2005-03-31,0.29,24.96,74.93,93.04,0.47,19.68
2005-04-01,0.0,26.25,66.65,92.97,0.53,18.26
2005-04-02,1.88,26.76,66.75,92.99,0.34,18.59
2005-04-03,24.13,24.8,78.85,93.1,0.28,20.26
2005-04-04,28.62,22.31,89.71,93.05,0.35,20.41
2005-04-05,7.29,22.34,87.6,92.99,0.31,20.06
2005-04-06,79.94,23.57,89.21,93.03,0.37,21.5
2005-04-07,36.08,22.36,91.24,93.14,0.32,20.75
2005-04-08,10.09,22.25,93.76,93.2,0.36,21.14
2005-04-09,0.32,23.39,88.9,93.2,0.29,21.27
2005-04-10,1.04,23.88,89.38,93.18,0.27,21.85
2005-04-11,6.74,23.97,91.44,93.17,0.29,22.37
2005-04-12,2.22,24.17,88.74,93.25,0.28,21.94
2005-04-13,9.71,24.08,89.36,93.37,0.27,22.03
2005-04-14,1.22,24.57,83.82,93.44,0.27,21.19
2005-04-15,0.15,24.69,82.04,93.42,0.28,20.93
2005-04-16,1.93,24.8,81.32,93.39,0.33,20.76
2005-04-17,0.9,24.96,79.45,93.33,0.31,20.32
2005-04-18,0.68,24.35,83.37,93.32,0.27,20.96
2005-04-19,11.46,24.41,82.94,93.37,0.21,20.84
2005-04-20,4.27,23.25,86.79,93.46,0.34,20.65
2005-04-21,0.24,23.74,80.53,93.32,0.3,19.66
2005-04-22,0.03,23.74,83.37,93.25,0.2,20.42
2005-04-23,0.14,24.4,84.52,93.22,0.31,21.25
2005-04-24,0.1,24.9,84.36,93.22,0.26,21.71
2005-04-25,1.55,24.18,88.99,93.21,0.34,22.1
2005-04-26,0.16,24.71,84.98,93.17,0.3,21.69
2005-04-27,0.01,24.61,86.53,93.14,0.27,21.94
2005-04-28,0.0,25.27,83.55,93.08,0.33,21.87
2005-04-29,0.12,25.78,83.36,92.95,0.36,22.33
2005-04-30,2.63,25.36,84.19,92.89,0.32,22.15
2005-05-01,4.15,24.94,83.08,92.99,0.33,21.51
2005-05-02,6.71,24.19,88.2,93.04,0.27,21.96
2005-05-03,2.12,24.66,82.46,93.05,0.41,21.07
2005-05-04,0.61,24.23,81.2,93.01,0.41,20.44
2005-05-05,0.05,24.26,82.76,92.95,0.43,20.84
2005-05-06,2.02,24.45,81.25,92.92,0.45,20.65
2005-05-07,5.02,23.33,89.12,92.97,0.4,21.32
2005-05-08,0.3,24.58,81.69,93.03,0.44,20.85
2005-05-09,0.12,24.52,81.15,93.1,0.51,20.73
2005-05-10,0.0,23.66,81.74,93.08,0.42,19.99
2005-05-11,0.41,23.39,86.37,93.07,0.4,20.83
2005-05-12,1.19,24.59,87.15,93.07,0.4,22.1
2005-05-13,0.13,24.88,83.61,93.04,0.37,21.58
2005-05-14,13.08,25.03,83.46,93.07,0.33,21.6
2005-05-15,2.29,24.98,82.67,93.15,0.38,21.42
2005-05-16,0.1,25.0,81.41,93.19,0.39,21.21
2005-05-17,0.03,24.97,77.61,93.16,0.37,20.18
2005-05-18,0.07,25.82,77.64,93.05,0.48,21.05
2005-05-19,0.0,26.38,79.34,92.97,0.48,21.99
2005-05-20,0.0,26.52,77.85,92.91,0.41,21.62
2005-05-21,0.0,26.24,78.01,92.96,0.43,21.52
2005-05-22,0.2,25.72,79.76,93.03,0.41,21.5
2005-05-23,0.11,25.44,82.63,93.08,0.44,21.98
2005-05-24,0.01,25.07,84.49,93.13,0.4,22.03
2005-05-25,0.67,25.17,81.68,93.1,0.36,21.36
2005-05-26,39.75,25.1,81.07,93.06,0.52,21.12
2005-05-27,19.87,24.03,86.21,93.15,0.53,21.34
2005-05-28,0.85,23.53,86.16,93.12,0.42,20.9
2005-05-29,40.1,24.09,86.16,93.04,0.41,21.37
2005-05-30,16.95,22.8,88.63,93.06,0.38,20.68
2005-05-31,4.11,23.44,88.47,92.97,0.62,21.26
2005-06-01,2.42,23.95,87.68,92.95,0.57,21.62
2005-06-02,0.52,24.15,86.71,92.91,0.62,21.62
2005-06-03,0.72,23.94,91.23,92.87,0.56,22.35
2005-06-04,11.46,24.09,88.47,92.82,0.47,21.89
2005-06-05,28.74,23.43,91.38,92.79,0.44,21.85
2005-06-06,6.91,23.14,91.43,92.94,0.58,21.59
2005-06-07,1.79,23.3,90.86,92.95,0.47,21.61
2005-06-08,17.13,24.0,90.35,92.83,0.47,22.19
2005-06-09,29.89,22.91,93.14,92.9,0.67,21.66
2005-06-10,9.66,22.91,90.71,92.99,0.63,21.18
2005-06-11,3.86,23.25,92.18,93.03,0.58,21.85
2005-06-12,5.6,23.39,88.89,92.98,0.5,21.3
2005-06-13,17.45,22.35,91.29,92.99,0.54,20.78
2005-06-14,10.03,22.54,88.74,93.02,0.49,20.45
2005-06-15,3.75,22.72,89.33,92.95,0.54,20.76
2005-06-16,47.61,22.98,94.05,92.93,0.74,21.94
2005-06-17,49.21,22.68,93.04,92.98,0.82,21.45
2005-06-18,5.29,22.13,93.09,92.98,0.6,20.91
2005-06-19,20.41,22.78,92.08,92.92,0.79,21.36
2005-06-20,74.66,22.85,92.57,92.94,0.9,21.52
2005-06-21,35.31,22.48,93.26,93.06,0.8,21.3
2005-06-22,4.59,22.32,92.36,93.19,0.67,20.95
2005-06-23,1.74,22.77,91.84,93.17,0.63,21.29
2005-06-24,2.87,23.06,91.78,93.11,0.7,21.57
2005-06-25,11.68,23.06,91.95,93.12,0.69,21.6
2005-06-26,9.89,22.71,92.2,93.19,0.64,21.31
2005-06-27,4.89,22.8,92.07,93.15,0.68,21.38
2005-06-28,3.54,22.5,91.23,93.09,0.68,20.91
2005-06-29,6.94,22.14,91.65,93.08,0.62,20.65
2005-06-30,9.09,22.78,91.25,93.11,0.61,21.19
2005-07-01,7.91,22.89,92.89,93.22,0.65,21.63
2005-07-02,8.94,22.65,91.88,93.27,0.61,21.18
2005-07-03,11.17,22.11,93.74,93.27,0.55,21.01
2005-07-04,25.39,22.44,93.93,93.19,0.67,21.37
2005-07-05,15.1,22.83,94.18,93.18,0.74,21.8
2005-07-06,2.18,21.84,92.68,93.28,0.75,20.56
2005-07-07,2.0,22.19,92.39,93.15,0.67,20.83
2005-07-08,1.35,22.89,91.64,93.02,0.76,21.38
2005-07-09,13.34,22.3,93.57,93.05,0.72,21.17
2005-07-10,22.44,21.78,95.36,93.1,0.8,20.97
2005-07-11,5.77,21.6,93.11,93.21,0.76,20.39
2005-07-12,1.2,22.11,92.36,93.18,0.75,20.76
2005-07-13,1.35,21.68,94.19,93.05,0.76,20.69
2005-07-14,14.93,21.66,92.24,93.08,0.58,20.28
2005-07-15,22.91,21.94,93.44,93.02,0.52,20.77
2005-07-16,6.54,22.39,92.44,92.97,0.47,21.03
2005-07-17,22.86,21.99,93.55,92.89,0.66,20.84
2005-07-18,6.87,22.44,92.22,92.99,0.6,21.04
2005-07-19,2.63,22.27,94.21,93.14,0.64,21.26
2005-07-20,7.99,22.05,94.5,93.13,0.63,21.1
2005-07-21,1.03,21.85,92.45,93.19,0.47,20.51
2005-07-22,4.31,21.7,93.17,93.12,0.47,20.49
2005-07-23,15.28,21.89,94.47,93.12,0.63,20.92
2005-07-24,9.77,21.94,93.36,93.18,0.74,20.76
2005-07-25,1.93,21.61,93.26,93.17,0.81,20.41
2005-07-26,13.64,22.17,92.86,93.11,0.84,20.9
2005-07-27,7.73,22.05,93.83,93.06,0.62,20.97
2005-07-28,8.64,22.47,92.81,93.15,0.7,21.19
2005-07-29,33.22,21.76,94.33,93.18,0.66,20.77
2005-07-30,37.28,21.39,94.3,93.06,0.82,20.41
2005-07-31,19.67,22.15,93.82,93.03,0.85,21.06
2005-08-01,45.5,22.11,94.88,93.12,0.8,21.23
2005-08-02,19.71,21.28,93.81,93.19,0.8,20.19
2005-08-03,3.27,21.37,93.07,93.2,0.55,20.12
2005-08-04,2.78,21.5,93.66,93.24,0.59,20.38
2005-08-05,2.59,21.86,92.65,93.28,0.66,20.54
2005-08-06,0.44,22.13,91.14,93.24,0.55,20.52
2005-08-07,0.07,22.3,90.13,93.15,0.53,20.49
2005-08-08,0.52,22.08,91.27,93.24,0.47,20.5
2005-08-09,2.91,21.99,92.72,93.31,0.53,20.7
2005-08-10,3.27,22.33,93.16,93.26,0.65,21.13
2005-08-11,1.26,22.24,93.27,93.22,0.64,21.05
2005-08-12,0.33,21.75,92.54,93.18,0.59,20.42
2005-08-13,0.43,22.25,91.78,93.12,0.55,20.77
2005-08-14,1.58,22.25,90.59,93.1,0.66,20.55
2005-08-15,1.8,22.48,90.52,93.06,0.65,20.75
2005-08-16,2.62,22.21,90.48,93.12,0.64,20.47
2005-08-17,0.62,22.09,90.88,93.2,0.6,20.44
2005-08-18,0.09,21.59,90.18,93.22,0.48,19.81
2005-08-19,0.8,22.06,91.13,93.23,0.54,20.46
2005-08-20,0.11,21.87,90.54,93.2,0.45,20.15
2005-08-21,0.0,22.51,88.01,93.15,0.47,20.26
2005-08-22,0.0,22.55,88.91,93.15,0.46,20.49
2005-08-23,6.01,22.71,89.65,93.16,0.38,20.77
2005-08-24,1.56,22.27,89.2,93.24,0.4,20.24
2005-08-25,2.2,22.32,90.54,93.23,0.47,20.58
2005-08-26,11.45,22.2,89.97,93.18,0.43,20.34
2005-08-27,29.17,22.25,91.99,93.1,0.52,20.8
2005-08-28,6.0,22.84,91.21,92.97,0.49,21.23
2005-08-29,0.26,22.7,92.37,93.01,0.52,21.33
2005-08-30,0.81,23.47,87.14,92.89,0.44,20.95
2005-08-31,2.99,22.98,90.43,92.79,0.54,21.19
2005-09-01,7.39,23.07,91.14,92.8,0.46,21.43
2005-09-02,20.23,22.33,95.35,92.88,0.47,21.53
2005-09-03,16.53,22.84,94.75,92.79,0.57,21.92
2005-09-04,66.71,22.43,96.07,92.68,0.76,21.77
2005-09-05,23.37,21.69,94.09,92.84,0.82,20.67
2005-09-06,37.23,21.39,94.01,92.92,0.67,20.35
2005-09-07,23.44,21.73,94.63,92.92,0.68,20.79
2005-09-08,8.36,21.9,94.08,92.89,0.88,20.88
2005-09-09,2.68,21.87,93.17,93.03,0.64,20.67
2005-09-10,22.29,21.75,93.28,93.01,0.63,20.57
2005-09-11,12.42,21.4,94.14,92.99,0.56,20.37
2005-09-12,10.23,21.48,94.61,93.01,0.59,20.55
2005-09-13,2.22,21.96,93.76,93.08,0.51,20.86
2005-09-14,0.77,22.26,91.76,93.2,0.42,20.77
2005-09-15,6.93,21.82,92.07,93.33,0.3,20.37
2005-09-16,2.19,22.22,92.11,93.37,0.34,20.78
2005-09-17,0.0,22.58,89.73,93.48,0.4,20.69
2005-09-18,0.0,22.4,89.73,93.52,0.51,20.51
2005-09-19,0.35,21.75,90.97,93.4,0.62,20.12
2005-09-20,3.85,22.11,91.78,93.19,0.82,20.65
2005-09-21,2.7,22.31,91.16,93.2,0.66,20.71
2005-09-22,0.57,22.39,89.52,93.32,0.49,20.44
2005-09-23,0.0,22.33,89.01,93.37,0.41,20.29
2005-09-24,0.04,22.51,88.16,93.36,0.4,20.27
2005-09-25,2.42,22.43,88.84,93.28,0.41,20.34
2005-09-26,0.29,22.24,88.93,93.22,0.45,20.17
2005-09-27,0.0,22.57,88.24,93.2,0.45,20.37
2005-09-28,0.52,22.5,88.78,93.2,0.39,20.4
2005-09-29,0.14,22.5,87.86,93.14,0.44,20.19
2005-09-30,0.01,22.01,87.21,93.25,0.4,19.59
2005-10-01,0.05,22.14,85.69,93.27,0.37,19.3
2005-10-02,1.98,22.63,90.19,93.24,0.43,20.78
2005-10-03,2.34,22.82,89.67,93.12,0.43,20.88
2005-10-04,33.37,23.19,89.01,93.14,0.36,21.06
2005-10-05,9.37,23.33,89.97,93.18,0.44,21.43
2005-10-06,0.0,24.18,85.71,93.14,0.31,21.3
2005-10-07,2.66,23.57,90.43,93.11,0.38,21.77
2005-10-08,10.54,21.72,95.46,93.12,0.36,20.93
2005-10-09,5.23,21.57,92.02,93.15,0.21,20.13
2005-10-10,18.61,22.92,88.28,93.02,0.29,20.63
2005-10-11,19.35,22.39,93.13,93.0,0.29,21.14
2005-10-12,25.43,22.27,95.11,92.96,0.48,21.41
2005-10-13,4.23,21.68,93.59,92.91,0.49,20.55
2005-10-14,1.05,22.27,90.0,92.93,0.42,20.41
2005-10-15,0.13,22.92,88.51,93.06,0.36,20.74
2005-10-16,0.03,22.72,86.65,93.17,0.29,20.11
2005-10-17,0.18,22.44,89.47,93.26,0.27,20.48
2005-10-18,3.02,22.07,90.59,93.24,0.28,20.31
2005-10-19,2.29,21.73,89.7,93.17,0.47,19.84
2005-10-20,0.21,22.27,89.65,93.04,0.38,20.38
2005-10-21,36.95,22.77,91.22,93.0,0.38,21.16
2005-10-22,133.72,22.27,94.94,93.08,0.34,21.38
2005-10-23,39.0,21.57,92.5,93.16,0.36,20.22
2005-10-24,19.67,21.71,93.74,93.17,0.34,20.59
2005-10-25,4.28,21.74,94.42,93.18,0.33,20.74
2005-10-26,0.72,21.25,88.74,93.11,0.33,19.15
2005-10-27,1.36,21.78,91.06,93.12,0.39,20.17
2005-10-28,1.03,21.91,89.91,93.2,0.43,20.07
2005-10-29,25.49,22.39,90.87,93.16,0.53,20.72
2005-10-30,27.64,22.45,92.24,93.1,0.53,21.04
2005-10-31,2.33,22.41,92.33,93.12,0.42,21.03
2005-11-01,10.73,22.42,91.44,93.15,0.43,20.85
2005-11-02,9.06,21.34,96.61,93.23,0.43,20.77
2005-11-03,3.31,21.7,91.96,93.2,0.29,20.24
2005-11-04,6.67,21.59,92.11,93.17,0.2,20.14
2005-11-05,15.11,21.45,93.76,93.17,0.29,20.32
2005-11-06,10.87,20.94,95.13,93.17,0.26,20.09
2005-11-07,2.42,22.2,90.3,93.06,0.34,20.37
2005-11-08,20.71,22.43,91.25,93.0,0.23,20.82
2005-11-09,0.88,21.81,90.73,93.11,0.16,20.11
2005-11-10,34.23,21.7,94.15,93.16,0.27,20.69
2005-11-11,8.46,21.72,94.0,93.15,0.27,20.66
2005-11-12,25.89,21.47,97.22,93.25,0.32,21.01
2005-11-13,67.76,21.39,93.28,93.33,0.32,20.19
2005-11-14,7.6,21.71,91.17,93.31,0.11,20.09
2005-11-15,0.05,22.21,87.4,93.24,0.24,19.79
2005-11-16,0.0,20.82,85.7,93.22,0.21,18.05
2005-11-17,0.05,18.9,80.69,93.3,0.31,14.96
2005-11-18,0.03,18.78,80.47,93.33,0.33,14.9
2005-11-19,0.09,20.17,83.93,93.31,0.2,17.07
2005-11-20,0.04,20.9,86.79,93.28,0.27,18.43
2005-11-21,2.08,20.56,91.42,93.12,0.3,19.0
2005-11-22,3.42,21.35,96.33,92.92,0.25,20.73
2005-11-23,18.26,22.08,96.06,93.02,0.31,21.41
2005-11-24,26.22,20.56,95.25,93.08,0.39,19.7
2005-11-25,4.4,21.41,90.33,93.14,0.4,19.61
2005-11-26,9.5,21.46,89.51,93.16,0.27,19.49
2005-11-27,4.25,21.78,89.05,93.22,0.26,19.7
2005-11-28,0.26,22.04,87.16,93.25,0.27,19.59
2005-11-29,3.43,20.26,83.99,93.24,0.33,17.13
2005-11-30,0.64,20.59,85.75,93.06,0.37,17.86
2005-12-01,0.05,21.69,88.02,93.04,0.29,19.39
2005-12-02,3.8,21.34,88.47,93.15,0.34,19.15
2005-12-03,5.72,22.02,94.35,93.05,0.33,21.01
2005-12-04,4.04,22.63,90.4,92.99,0.21,20.82
2005-12-05,6.9,20.77,94.47,93.04,0.28,19.81
2005-12-06,0.32,21.66,86.54,93.12,0.25,19.12
2005-12-07,0.0,20.95,84.03,93.19,0.29,17.8
2005-12-08,0.0,20.73,80.91,93.15,0.27,16.82
2005-12-09,0.64,20.92,81.09,93.1,0.34,17.23
2005-12-10,8.49,20.85,91.45,93.14,0.31,19.32
2005-12-11,6.53,20.98,95.19,93.06,0.36,20.15
2005-12-12,2.07,21.51,90.51,93.17,0.28,19.78
2005-12-13,6.9,21.79,91.99,93.18,0.3,20.35
2005-12-14,0.71,21.83,87.43,93.14,0.26,19.45
2005-12-15,0.0,21.59,84.88,93.19,0.28,18.7
2005-12-16,0.0,20.04,81.54,93.24,0.34,16.39
2005-12-17,0.17,20.52,85.34,93.18,0.28,17.73
2005-12-18,0.25,21.92,88.68,93.11,0.28,19.83
2005-12-19,0.11,22.38,86.67,93.02,0.33,19.81
2005-12-20,0.0,22.18,88.14,93.06,0.41,19.92
2005-12-21,0.01,22.21,87.9,93.18,0.42,19.88
2005-12-22,5.51,22.11,89.53,93.19,0.44,20.12
2005-12-23,0.55,21.63,88.03,93.19,0.41,19.32
2005-12-24,0.0,22.1,86.02,93.17,0.28,19.4
2005-12-25,0.0,21.64,84.38,93.3,0.22,18.58
2005-12-26,0.0,20.49,83.53,93.43,0.28,17.3
2005-12-27,0.0,19.0,80.65,93.5,0.32,15.2
2005-12-28,0.0,18.86,81.31,93.5,0.27,15.17
2005-12-29,0.0,20.4,82.36,93.47,0.24,16.98
2005-12-30,0.0,19.41,81.05,93.5,0.24,15.73
2005-12-31,0.0,19.06,81.88,93.49,0.31,15.56
2006-01-01,0.0,19.62,80.59,93.46,0.3,15.87
2006-01-02,0.0,19.58,82.15,93.35,0.31,16.12
2006-01-03,0.0,20.34,81.37,93.22,0.25,16.72
2006-01-04,0.03,21.22,83.73,93.17,0.21,18.08
2006-01-05,0.29,21.94,86.56,93.15,0.19,19.42
2006-01-06,0.04,21.57,85.44,93.14,0.31,18.84
2006-01-07,0.1,22.13,83.35,93.13,0.27,18.99
2006-01-08,9.04,21.75,88.22,93.19,0.32,19.58
2006-01-09,0.54,22.07,86.0,93.16,0.31,19.37
2006-01-10,0.05,21.86,84.98,93.16,0.31,18.96
2006-01-11,0.0,20.48,79.62,93.16,0.34,16.34
2006-01-12,0.04,21.74,83.45,93.18,0.24,18.59
2006-01-13,0.14,21.5,82.78,93.16,0.32,18.2
2006-01-14,0.61,21.57,87.49,93.19,0.38,19.31
2006-01-15,0.07,22.37,87.0,93.21,0.28,19.92
2006-01-16,3.32,22.85,85.67,93.29,0.19,20.1
2006-01-17,0.27,22.45,84.74,93.36,0.25,19.4
2006-01-18,0.0,21.07,80.71,93.37,0.27,17.25
2006-01-19,0.0,18.8,75.89,93.38,0.2,13.67
2006-01-20,0.0,18.53,74.7,93.43,0.28,13.15
2006-01-21,0.0,18.66,77.31,93.46,0.35,13.82
2006-01-22,0.0,19.25,72.39,93.45,0.42,13.35
2006-01-23,0.0,20.34,69.54,93.42,0.28,13.97
2006-01-24,0.0,20.83,70.12,93.46,0.36,14.64
2006-01-25,0.0,20.35,76.47,93.49,0.25,15.59
2006-01-26,0.0,18.95,75.23,93.58,0.33,13.83
2006-01-27,0.0,20.15,79.68,93.47,0.36,16.16
2006-01-28,0.0,21.1,79.45,93.34,0.28,17.04
2006-01-29,0.0,19.78,73.91,93.43,0.31,14.4
2006-01-30,0.0,18.53,72.54,93.5,0.36,12.63
2006-01-31,0.0,19.47,75.85,93.53,0.34,14.35
2006-02-01,0.0,20.06,75.28,93.52,0.32,14.87
2006-02-02,0.0,20.45,75.73,93.49,0.33,15.4
2006-02-03,0.01,21.56,76.6,93.5,0.31,16.76
2006-02-04,0.01,22.77,78.21,93.54,0.29,18.38
2006-02-05,0.0,22.63,74.84,93.44,0.35,17.47
2006-02-06,0.0,20.64,65.95,93.38,0.4,12.83
2006-02-07,0.0,19.76,63.95,93.39,0.39,11.41
2006-02-08,0.0,19.87,62.2,93.47,0.35,11.07
2006-02-09,0.0,21.61,66.66,93.55,0.3,14.14
2006-02-10,0.0,21.72,67.68,93.51,0.28,14.6
2006-02-11,0.0,20.62,63.04,93.41,0.43,12.33
2006-02-12,0.0,21.87,66.89,93.34,0.32,14.6
2006-02-13,0.0,20.72,63.92,93.36,0.36,12.59
2006-02-14,0.0,21.47,57.33,93.29,0.28,10.67
2006-02-15,0.0,23.58,49.38,93.22,0.24,11.36
2006-02-16,0.0,23.63,55.99,93.21,0.35,13.0
2006-02-17,0.0,24.17,57.99,93.29,0.25,13.6
2006-02-18,0.0,23.7,57.67,93.28,0.34,13.35
2006-02-19,0.0,23.45,54.33,93.26,0.37,11.69
2006-02-20,0.0,23.08,53.65,93.24,0.45,11.15
2006-02-21,0.0,23.14,51.33,93.22,0.33,10.39
2006-02-22,0.0,21.87,52.9,93.18,0.43,9.61
2006-02-23,0.0,21.88,49.73,93.13,0.38,8.74
2006-02-24,0.0,22.76,51.48,93.08,0.42,10.24
2006-02-25,0.0,24.65,59.2,93.12,0.35,15.0
2006-02-26,0.0,25.15,59.33,93.12,0.46,14.95
2006-02-27,0.0,25.18,67.34,93.13,0.35,17.62
2006-02-28,0.0,25.36,68.31,93.12,0.33,18.02
2006-03-01,0.0,25.99,64.77,93.08,0.32,17.66
2006-03-02,0.02,26.2,66.2,93.1,0.22,18.22
2006-03-03,67.86,24.05,79.52,93.26,0.22,19.84
2006-03-04,5.87,22.88,84.89,93.32,0.42,19.93
2006-03-05,1.14,24.0,78.05,93.27,0.37,19.17
2006-03-06,1.46,24.56,81.34,93.28,0.27,20.73
2006-03-07,0.84,23.6,78.19,93.33,0.27,19.14
2006-03-08,0.27,24.26,71.94,93.3,0.32,17.98
2006-03-09,6.73,24.21,77.82,93.39,0.25,19.46
2006-03-10,2.92,24.55,77.51,93.3,0.28,19.68
2006-03-11,2.07,24.48,78.4,93.23,0.48,19.88
2006-03-12,0.23,24.7,73.0,93.14,0.41,18.74
2006-03-13,0.0,24.6,68.45,93.14,0.36,17.45
2006-03-14,0.0,24.53,71.62,93.24,0.34,18.29
2006-03-15,0.07,24.92,71.48,93.25,0.38,18.49
2006-03-16,0.01,24.28,74.43,93.17,0.39,18.86
2006-03-17,0.0,24.0,73.52,93.17,0.34,18.34
2006-03-18,0.0,25.03,69.32,93.11,0.26,18.11
2006-03-19,0.0,25.1,65.5,93.16,0.26,17.05
2006-03-20,0.0,25.25,65.84,93.2,0.35,17.12
2006-03-21,0.06,25.29,67.52,93.11,0.36,17.57
2006-03-22,0.1,25.53,68.87,93.02,0.32,17.81
2006-03-23,0.96,26.13,69.2,92.95,0.33,18.45
2006-03-24,0.68,26.07,68.85,93.0,0.31,18.35
2006-03-25,0.0,25.97,70.01,93.15,0.33,18.85
2006-03-26,1.67,25.7,71.4,93.22,0.38,19.02
2006-03-27,0.51,25.71,70.91,93.09,0.41,18.65
2006-03-28,0.0,26.14,61.94,93.04,0.37,15.75
2006-03-29,0.0,26.08,67.73,93.14,0.39,17.74
2006-03-30,0.37,25.57,72.98,93.25,0.25,19.56
2006-03-31,0.06,26.28,67.75,93.26,0.32,18.24
2006-04-01,0.0,26.47,64.62,93.18,0.38,17.09
2006-04-02,0.0,26.41,67.01,93.17,0.39,18.01
2006-04-03,0.0,26.72,66.76,93.13,0.39,18.56
2006-04-04,0.0,26.82,64.81,93.1,0.37,18.0
2006-04-05,0.0,27.31,61.93,93.09,0.35,17.2
2006-04-06,0.0,26.77,67.26,93.15,0.46,18.8
2006-04-07,0.0,26.64,67.74,93.11,0.52,19.0
2006-04-08,0.0,26.83,65.89,93.0,0.44,18.67
2006-04-09,0.0,27.38,61.94,92.98,0.34,17.53
2006-04-10,0.08,27.29,62.57,93.06,0.36,17.68
2006-04-11,0.06,26.78,68.23,93.02,0.46,19.18
2006-04-12,1.66,26.17,72.4,92.91,0.48,20.06
2006-04-13,17.13,25.3,78.51,92.89,0.35,20.55
2006-04-14,8.05,25.5,77.26,93.01,0.29,20.35
2006-04-15,0.73,25.01,78.51,93.1,0.33,20.44
2006-04-16,0.19,24.27,79.2,93.03,0.37,20.07
2006-04-17,9.61,23.49,83.31,93.13,0.4,20.18
2006-04-18,3.94,24.45,79.6,93.15,0.44,20.2
2006-04-19,0.72,24.66,75.82,93.21,0.26,19.6
2006-04-20,1.64,25.36,75.22,93.22,0.28,19.86
2006-04-21,0.87,25.58,70.33,93.19,0.32,18.74
2006-04-22,0.33,25.86,69.15,93.12,0.42,18.37
2006-04-23,0.0,25.95,69.06,93.07,0.42,18.51
2006-04-24,0.0,26.95,65.59,93.06,0.33,17.81
2006-04-25,0.61,26.28,71.82,93.04,0.43,19.69
2006-04-26,0.22,25.97,73.8,93.04,0.52,20.14
2006-04-27,0.0,26.39,73.83,93.01,0.48,20.56
2006-04-28,0.0,25.62,77.49,93.01,0.56,20.96
2006-04-29,0.0,25.07,74.22,93.03,0.52,19.61
2006-04-30,0.0,26.15,71.15,93.04,0.52,19.64
2006-05-01,0.0,25.97,72.78,93.06,0.57,20.01
2006-05-02,0.0,26.2,73.98,93.01,0.55,20.54
2006-05-03,0.01,25.45,76.62,93.02,0.47,20.65
2006-05-04,2.2,26.24,71.75,93.14,0.23,19.74
2006-05-05,0.72,25.15,79.66,93.23,0.28,20.92
2006-05-06,0.0,25.39,77.56,93.16,0.32,20.62
2006-05-07,0.52,25.94,73.85,92.99,0.3,20.17
2006-05-08,0.45,26.48,72.81,93.04,0.34,20.23
2006-05-09,0.4,26.85,69.1,93.06,0.32,19.09
2006-05-10,0.32,26.06,74.81,93.03,0.34,20.51
2006-05-11,0.15,26.38,73.93,93.08,0.4,20.57
2006-05-12,0.05,26.13,73.8,93.17,0.38,20.49
2006-05-13,0.0,25.99,74.79,93.15,0.39,20.58
2006-05-14,0.2,25.94,72.39,93.14,0.41,19.9
2006-05-15,2.41,24.83,80.03,93.1,0.5,20.79
2006-05-16,7.47,25.18,78.82,93.08,0.42,20.64
2006-05-17,1.74,24.84,79.53,93.13,0.53,20.55
2006-05-18,59.96,23.41,89.33,93.06,0.59,21.48
2006-05-19,11.49,22.9,87.37,93.15,0.59,20.57
2006-05-20,0.03,23.32,81.66,93.2,0.45,19.73
2006-05-21,7.4,23.44,87.55,93.17,0.54,21.1
2006-05-22,33.12,23.44,87.55,93.15,0.53,21.06
2006-05-23,27.06,23.19,90.05,93.09,0.63,21.35
2006-05-24,10.99,23.23,87.67,93.0,0.67,20.9
2006-05-25,9.43,23.33,88.42,92.99,0.8,21.18
2006-05-26,27.88,22.34,90.75,93.17,0.61,20.66
2006-05-27,45.18,22.19,92.14,93.2,0.73,20.78
2006-05-28,37.71,22.8,92.1,93.05,0.81,21.39
2006-05-29,31.44,22.57,92.7,92.88,0.93,21.28
2006-05-30,55.84,22.91,93.37,92.78,1.01,21.75
2006-05-31,54.82,22.37,91.87,93.05,0.77,20.91
2006-06-01,5.0,22.53,90.62,93.18,0.52,20.82
2006-06-02,1.35,22.92,89.83,93.18,0.52,21.04
2006-06-03,2.68,23.02,90.21,93.12,0.51,21.22
2006-06-04,3.9,22.23,88.67,93.2,0.39,20.11
2006-06-05,5.05,21.82,89.69,93.19,0.42,19.92
2006-06-06,0.7,21.93,91.11,93.17,0.38,20.34
2006-06-07,0.45,21.22,88.84,93.18,0.34,19.17
2006-06-08,0.25,22.4,87.76,93.11,0.37,20.08
2006-06-09,0.17,22.4,88.81,93.08,0.39,20.32
2006-06-10,0.03,22.5,87.55,93.17,0.38,20.15
2006-06-11,0.0,22.45,87.3,93.18,0.38,20.03
2006-06-12,0.0,22.85,86.56,93.12,0.43,20.29
2006-06-13,0.07,23.01,87.52,93.09,0.43,20.64
2006-06-14,0.04,23.22,86.91,93.13,0.44,20.7
2006-06-15,6.11,23.69,88.58,93.09,0.48,21.52
2006-06-16,1.93,22.98,90.07,93.11,0.44,21.14
2006-06-17,0.11,22.07,88.22,93.12,0.28,19.86
2006-06-18,0.07,23.39,87.19,92.9,0.46,20.86
2006-06-19,2.01,23.08,85.16,92.85,0.31,20.24
2006-06-20,43.82,22.7,90.13,92.79,0.31,20.85
2006-06-21,71.83,22.72,91.89,92.73,0.42,21.24
2006-06-22,50.55,22.77,93.44,92.67,0.76,21.61
2006-06-23,54.54,22.64,93.32,92.77,0.9,21.47
2006-06-24,24.02,22.63,92.79,92.97,0.84,21.36
2006-06-25,18.46,21.98,92.79,93.07,0.64,20.7
2006-06-26,8.69,22.18,93.38,93.08,0.55,21.0
2006-06-27,7.35,22.89,92.64,93.05,0.58,21.57
2006-06-28,7.26,22.25,92.85,93.12,0.59,20.97
2006-06-29,47.39,22.03,93.18,93.19,0.7,20.83
2006-06-30,16.04,22.37,92.71,93.21,0.61,21.07
2006-07-01,1.74,21.87,92.78,93.28,0.63,20.59
2006-07-02,2.45,22.01,93.64,93.13,0.62,20.88
2006-07-03,5.96,22.16,93.99,93.05,0.84,21.11
2006-07-04,5.91,22.28,93.76,93.06,0.84,21.19
2006-07-05,10.17,22.47,92.2,93.19,0.78,21.07
2006-07-06,11.29,22.57,92.22,93.32,0.64,21.15
2006-07-07,20.1,22.56,91.84,93.24,0.68,21.08
2006-07-08,7.69,22.68,91.44,93.16,0.67,21.13
2006-07-09,2.36,22.24,92.58,93.18,0.6,20.91
2006-07-10,53.93,22.25,92.18,93.23,0.63,20.85
2006-07-11,52.28,22.22,93.91,93.22,0.69,21.15
2006-07-12,34.47,21.56,95.76,93.19,0.76,20.84
2006-07-13,27.51,21.42,94.69,93.15,0.79,20.5
2006-07-14,4.97,21.67,94.55,93.16,0.67,20.73
2006-07-15,7.73,22.18,94.15,93.18,0.76,21.16
2006-07-16,4.1,22.21,93.05,93.06,0.78,20.97
2006-07-17,7.09,21.99,93.05,92.98,0.8,20.77
2006-07-18,3.97,21.42,93.9,93.04,0.62,20.35
2006-07-19,1.84,21.98,92.44,93.13,0.56,20.62
2006-07-20,5.98,22.0,92.42,93.19,0.57,20.64
2006-07-21,3.06,22.0,92.11,93.15,0.54,20.58
2006-07-22,0.26,21.8,91.19,93.22,0.49,20.19
2006-07-23,0.15,22.19,89.82,93.28,0.46,20.31
2006-07-24,0.02,22.28,90.48,93.24,0.48,20.52
2006-07-25,2.49,22.18,91.67,93.15,0.48,20.67
2006-07-26,2.44,21.79,93.5,93.28,0.51,20.63
2006-07-27,8.7,21.16,92.63,93.3,0.59,19.84
2006-07-28,6.95,20.67,92.41,93.23,0.51,19.31
2006-07-29,9.2,21.62,92.83,93.15,0.53,20.34
2006-07-30,3.16,22.02,91.95,93.21,0.49,20.56
2006-07-31,1.95,21.86,92.44,93.22,0.53,20.5
2006-08-01,1.7,22.09,91.87,93.17,0.51,20.61
2006-08-02,1.44,22.19,90.43,93.15,0.52,20.43
2006-08-03,1.85,21.15,91.52,93.09,0.51,19.62
2006-08-04,1.4,20.83,92.26,93.07,0.4,19.44
2006-08-05,0.78,21.22,90.37,93.21,0.37,19.45
2006-08-06,0.18,21.82,88.9,93.34,0.33,19.75
2006-08-07,0.1,22.12,88.2,93.35,0.37,19.88
2006-08-08,1.22,21.71,88.16,93.37,0.36,19.46
2006-08-09,25.45,21.79,90.48,93.29,0.56,20.04
2006-08-10,52.2,21.33,93.67,93.23,0.57,20.21
2006-08-11,43.07,22.48,92.63,93.17,0.74,21.16
2006-08-12,32.26,21.67,93.78,93.13,0.75,20.58
2006-08-13,14.86,21.28,94.59,93.15,0.69,20.35
2006-08-14,24.08,21.8,93.51,93.11,0.65,20.65
2006-08-15,39.22,22.08,93.98,93.04,0.75,21.02
2006-08-16,29.22,20.66,94.39,93.04,0.71,19.68
2006-08-17,9.98,21.37,93.47,92.96,0.7,20.2
2006-08-18,6.22,21.57,92.1,93.1,0.53,20.15
2006-08-19,0.64,21.98,91.68,93.14,0.48,20.47
2006-08-20,6.06,22.12,91.78,93.12,0.49,20.62
2006-08-21,4.14,21.98,93.9,93.09,0.43,20.91
2006-08-22,0.6,21.76,93.43,93.1,0.34,20.58
2006-08-23,0.24,21.85,89.84,93.16,0.36,19.97
2006-08-24,2.96,21.56,92.24,93.2,0.44,20.16
2006-08-25,0.82,22.38,89.52,93.27,0.36,20.42
2006-08-26,0.0,20.88,90.72,93.33,0.23,19.2
2006-08-27,0.01,21.06,90.97,93.25,0.38,19.43
2006-08-28,1.18,21.75,90.03,93.17,0.56,19.94
2006-08-29,1.58,21.83,90.69,93.17,0.67,20.15
2006-08-30,0.39,22.41,89.23,93.18,0.54,20.41
2006-08-31,0.21,22.73,89.19,93.09,0.48,20.7
2006-09-01,2.33,22.64,89.93,93.07,0.46,20.78
2006-09-02,6.57,22.7,90.49,93.1,0.41,20.91
2006-09-03,1.89,22.86,93.73,93.03,0.49,21.73
2006-09-04,3.29,22.19,89.85,93.0,0.42,20.33
2006-09-05,0.55,21.79,91.76,92.94,0.37,20.3
2006-09-06,0.93,22.7,89.06,92.82,0.28,20.6
2006-09-07,1.98,22.49,92.92,92.84,0.37,21.22
2006-09-08,5.48,23.3,89.48,92.91,0.39,21.29
2006-09-09,18.28,22.47,90.11,93.0,0.7,20.64
2006-09-10,11.93,22.09,92.72,93.03,0.57,20.8
2006-09-11,21.8,21.89,93.37,93.0,0.75,20.73
2006-09-12,31.42,21.93,91.03,93.09,0.76,20.32
2006-09-13,31.79,21.52,91.7,93.23,0.72,20.05
2006-09-14,8.75,21.12,92.85,93.2,0.56,19.86
2006-09-15,35.48,21.89,93.03,93.16,0.66,20.65
2006-09-16,38.73,21.76,94.23,93.25,0.66,20.75
2006-09-17,7.93,21.55,94.54,93.29,0.57,20.6
2006-09-18,12.32,21.93,93.28,93.26,0.54,20.74
2006-09-19,4.03,21.95,92.1,93.2,0.45,20.52
2006-09-20,1.16,22.17,92.02,93.23,0.47,20.72
2006-09-21,24.47,21.58,93.82,93.31,0.41,20.5
2006-09-22,15.03,21.69,92.81,93.25,0.33,20.4
2006-09-23,3.81,21.94,93.2,93.25,0.25,20.72
2006-09-24,38.9,21.82,93.9,93.34,0.43,20.73
2006-09-25,50.97,20.6,94.43,93.43,0.37,19.62
2006-09-26,7.18,20.82,92.14,93.37,0.49,19.42
2006-09-27,0.08,21.42,90.63,93.17,0.41,19.7
2006-09-28,0.14,21.5,88.87,93.17,0.5,19.43
2006-09-29,0.56,21.2,90.07,93.19,0.49,19.39
2006-09-30,1.67,21.73,90.1,93.25,0.51,19.9
2006-10-01,1.55,21.55,89.23,93.28,0.48,19.57
2006-10-02,0.35,21.67,89.1,93.16,0.41,19.62
2006-10-03,0.11,22.4,88.76,93.16,0.37,20.34
2006-10-04,8.4,22.16,90.02,93.3,0.43,20.31
2006-10-05,2.95,22.24,90.04,93.31,0.43,20.39
2006-10-06,39.58,22.26,91.73,93.3,0.51,20.75
2006-10-07,95.04,22.24,95.6,93.25,0.6,21.48
2006-10-08,29.58,21.49,91.97,93.38,0.48,20.05
2006-10-09,1.0,20.99,94.15,93.4,0.32,19.98
2006-10-10,13.23,22.3,91.5,93.36,0.44,20.73
2006-10-11,0.92,21.91,91.81,93.45,0.29,20.43
2006-10-12,2.85,21.9,92.62,93.38,0.28,20.6
2006-10-13,0.54,21.57,90.44,93.39,0.3,19.78
2006-10-14,23.32,21.65,92.13,93.4,0.35,20.21
2006-10-15,16.12,23.04,89.03,93.27,0.28,20.95
2006-10-16,11.26,22.89,89.04,93.27,0.15,20.78
2006-10-17,3.66,22.76,90.03,93.3,0.16,20.89
2006-10-18,45.42,23.09,89.5,93.28,0.24,21.08
2006-10-19,17.48,22.68,90.94,93.26,0.3,20.98
2006-10-20,14.54,22.39,90.82,93.32,0.24,20.67
2006-10-21,4.86,22.24,89.37,93.39,0.19,20.23
2006-10-22,6.54,21.76,90.21,93.33,0.26,19.95
2006-10-23,5.84,22.0,90.99,93.28,0.21,20.34
2006-10-24,20.98,22.06,89.72,93.26,0.2,20.14
2006-10-25,2.97,22.12,88.44,93.28,0.23,19.94
2006-10-26,34.37,22.29,92.1,93.22,0.16,20.85
2006-10-27,21.29,22.06,93.01,93.17,0.24,20.8
2006-10-28,29.0,22.16,90.82,93.12,0.39,20.44
2006-10-29,14.44,21.54,95.67,93.12,0.42,20.79
2006-10-30,10.93,21.99,94.98,93.15,0.36,21.12
2006-10-31,2.01,21.85,96.59,93.14,0.43,21.28
2006-11-01,4.07,22.68,88.37,93.13,0.32,20.46
2006-11-02,3.69,23.06,89.69,93.04,0.27,21.11
2006-11-03,2.85,22.09,92.45,93.13,0.18,20.71
2006-11-04,6.49,21.36,93.23,93.24,0.24,20.15
2006-11-05,0.51,22.65,87.06,93.25,0.27,20.13
2006-11-06,49.94,21.74,95.84,93.26,0.21,21.01
2006-11-07,6.08,21.27,94.23,93.19,0.32,20.26
2006-11-08,14.95,21.39,91.44,93.27,0.27,19.87
2006-11-09,16.69,21.52,95.23,93.33,0.25,20.7
2006-11-10,15.58,21.94,89.85,93.35,0.25,20.06
2006-11-11,7.79,21.97,90.5,93.34,0.19,20.21
2006-11-12,0.48,22.12,89.52,93.25,0.22,20.19
2006-11-13,0.46,21.85,91.44,93.18,0.19,20.3
2006-11-14,13.39,22.11,90.3,93.13,0.19,20.31
2006-11-15,1.59,22.23,91.01,93.14,0.21,20.57
2006-11-16,0.51,22.67,88.53,93.1,0.12,20.5
2006-11-17,5.78,22.44,89.74,93.05,0.24,20.54
2006-11-18,41.3,22.11,91.97,93.09,0.28,20.63
2006-11-19,5.03,22.96,89.06,93.15,0.21,20.9
2006-11-20,2.85,22.75,90.68,93.18,0.15,21.02
2006-11-21,15.41,22.14,91.22,93.11,0.25,20.55
2006-11-22,4.18,21.6,91.32,93.19,0.41,20.02
2006-11-23,10.69,22.45,89.34,93.18,0.24,20.46
2006-11-24,4.08,22.52,90.8,93.18,0.15,20.81
2006-11-25,0.19,22.41,84.73,93.18,0.24,19.45
2006-11-26,3.15,23.04,87.71,93.11,0.2,20.68
2006-11-27,1.89,22.85,89.36,93.11,0.22,20.84
2006-11-28,1.14,22.96,86.79,93.18,0.21,20.43
2006-11-29,0.03,21.79,84.9,93.29,0.27,18.9
2006-11-30,0.0,21.9,85.31,93.32,0.27,19.13
2006-12-01,0.0,20.81,84.06,93.33,0.35,17.78
2006-12-02,0.0,20.27,82.46,93.32,0.33,16.88
2006-12-03,0.0,20.57,85.43,93.35,0.36,17.82
2006-12-04,0.03,20.06,85.4,93.45,0.38,17.34
2006-12-05,0.0,20.48,84.1,93.43,0.39,17.52
2006-12-06,0.0,19.98,81.5,93.37,0.31,16.41
2006-12-07,0.0,19.77,81.92,93.32,0.34,16.28
2006-12-08,0.0,19.63,82.25,93.35,0.38,16.15
2006-12-09,0.05,19.51,82.43,93.44,0.31,16.02
2006-12-10,0.29,21.07,86.42,93.36,0.29,18.49
2006-12-11,1.05,22.78,85.56,93.3,0.15,20.0
2006-12-12,0.37,22.77,88.88,93.25,0.19,20.68
2006-12-13,0.02,22.02,84.42,93.35,0.29,19.05
2006-12-14,0.0,20.58,81.65,93.37,0.43,17.11
2006-12-15,0.0,20.26,82.16,93.35,0.33,16.85
2006-12-16,0.0,19.36,80.73,93.35,0.48,15.71
2006-12-17,0.0,19.07,82.6,93.32,0.43,15.84
2006-12-18,0.0,20.95,83.21,93.26,0.31,17.74
2006-12-19,0.0,21.41,83.09,93.31,0.28,18.18
2006-12-20,0.02,21.01,84.46,93.34,0.29,18.09
2006-12-21,0.0,21.0,82.44,93.26,0.4,17.68
2006-12-22,0.0,20.55,82.08,93.17,0.44,17.17
2006-12-23,0.0,20.89,82.32,93.2,0.39,17.55
2006-12-24,0.0,20.85,83.03,93.19,0.37,17.62
2006-12-25,0.0,20.15,82.87,93.26,0.38,16.89
2006-12-26,0.0,20.1,81.73,93.24,0.36,16.54
2006-12-27,0.0,19.97,81.91,93.27,0.36,16.44
2006-12-28,0.0,20.07,80.22,93.36,0.33,16.12
2006-12-29,0.0,19.01,78.71,93.49,0.41,14.74
2006-12-30,0.0,18.6,76.74,93.51,0.4,13.88
2006-12-31,0.0,18.21,77.76,93.5,0.3,13.77
2007-01-01,0.0,19.57,81.03,93.52,0.25,15.83
2007-01-02,0.0,18.87,78.47,93.54,0.36,14.58
2007-01-03,0.0,18.52,77.73,93.51,0.34,14.1
2007-01-04,0.0,19.19,79.41,93.45,0.36,15.26
2007-01-05,0.0,18.86,79.12,93.38,0.34,14.76
2007-01-06,0.0,19.13,80.44,93.34,0.27,15.21
2007-01-07,0.0,19.22,79.06,93.37,0.38,15.07
2007-01-08,0.0,20.4,80.84,93.32,0.35,16.67
2007-01-09,0.0,21.71,82.12,93.39,0.37,18.31
2007-01-10,0.0,21.57,80.02,93.43,0.29,17.66
2007-01-11,0.0,22.29,81.41,93.34,0.26,18.64
2007-01-12,0.0,21.65,79.63,93.38,0.28,17.63
2007-01-13,0.0,20.38,74.72,93.39,0.37,15.18
2007-01-14,0.0,20.17,76.51,93.37,0.3,15.41
2007-01-15,0.0,22.09,80.79,93.32,0.22,18.27
2007-01-16,0.0,21.25,75.43,93.36,0.3,16.08
2007-01-17,0.0,20.86,73.5,93.42,0.31,15.24
2007-01-18,0.0,19.46,68.23,93.47,0.4,12.32
2007-01-19,0.0,19.2,65.17,93.47,0.39,11.38
2007-01-20,0.0,19.88,70.2,93.44,0.33,13.59
2007-01-21,0.0,20.09,69.91,93.48,0.25,13.56
2007-01-22,0.0,20.06,66.53,93.54,0.36,12.34
2007-01-23,0.0,19.99,62.03,93.57,0.35,11.29
2007-01-24,0.0,20.71,68.21,93.52,0.27,13.66
2007-01-25,0.0,21.4,68.67,93.44,0.31,14.49
2007-01-26,0.0,22.1,70.35,93.41,0.34,15.65
2007-01-27,3.06,22.45,78.89,93.44,0.3,18.26
2007-01-28,1.17,22.59,76.58,93.42,0.42,17.84
2007-01-29,0.0,23.38,68.54,93.38,0.34,16.67
2007-01-30,0.0,23.2,69.12,93.46,0.31,16.6
2007-01-31,0.0,22.24,64.26,93.53,0.32,14.01
2007-02-01,0.0,21.62,58.29,93.52,0.26,11.06
2007-02-02,0.0,21.24,62.25,93.48,0.26,12.69
2007-02-03,0.0,22.15,61.65,93.53,0.25,12.96
2007-02-04,0.0,22.26,64.76,93.43,0.46,14.13
2007-02-05,0.03,23.24,68.29,93.35,0.44,15.96
2007-02-06,0.22,22.78,62.64,93.37,0.38,13.42
2007-02-07,0.0,22.41,56.92,93.37,0.42,11.31
2007-02-08,0.0,21.74,58.28,93.38,0.35,11.49
2007-02-09,0.0,21.45,57.38,93.32,0.25,11.2
2007-02-10,0.0,22.99,68.84,93.29,0.2,16.25
2007-02-11,0.0,23.69,70.32,93.36,0.19,17.26
2007-02-12,0.11,23.88,68.7,93.37,0.39,16.88
2007-02-13,0.05,23.01,72.38,93.29,0.47,16.99
2007-02-14,0.0,22.8,66.82,93.36,0.44,14.76
2007-02-15,0.0,22.9,68.44,93.39,0.45,15.35
2007-02-16,0.0,23.7,64.37,93.25,0.43,14.94
2007-02-17,0.01,23.22,71.62,93.27,0.43,16.85
2007-02-18,0.37,23.69,68.98,93.22,0.25,16.64
2007-02-19,0.42,23.12,72.92,93.28,0.27,17.49
2007-02-20,0.01,23.5,64.03,93.29,0.34,15.35
2007-02-21,0.0,22.88,58.16,93.35,0.31,12.9
2007-02-22,0.0,22.12,56.22,93.17,0.28,11.31
2007-02-23,0.0,22.81,53.48,93.06,0.28,10.77
2007-02-24,0.0,23.11,56.05,93.15,0.4,11.92
2007-02-25,0.0,23.8,66.5,93.18,0.35,16.25
2007-02-26,0.06,25.27,65.86,93.09,0.37,17.1
2007-02-27,0.05,25.72,65.4,93.11,0.29,17.45
2007-02-28,0.0,25.14,66.51,93.18,0.31,17.13
2007-03-01,0.0,25.26,66.19,93.2,0.47,16.97
2007-03-02,0.28,25.15,71.7,93.16,0.54,18.92
2007-03-03,0.01,25.54,63.09,93.14,0.32,16.73
2007-03-04,0.0,25.4,60.79,93.19,0.35,15.54
2007-03-05,0.0,24.69,65.07,93.34,0.37,16.46
2007-03-06,0.0,25.03,59.74,93.21,0.35,14.86
2007-03-07,0.05,25.34,61.23,93.09,0.42,15.01
2007-03-08,1.38,25.37,62.18,93.09,0.33,15.52
2007-03-09,0.0,25.24,58.34,93.14,0.36,14.54
2007-03-10,0.0,25.68,58.31,93.24,0.34,15.0
2007-03-11,0.0,25.67,61.33,93.22,0.37,15.79
2007-03-12,0.0,25.37,56.5,93.28,0.4,13.41
2007-03-13,0.0,25.55,60.82,93.25,0.32,15.89
2007-03-14,0.0,26.64,61.24,93.17,0.27,16.94
2007-03-15,0.0,26.33,60.73,93.15,0.33,16.22
2007-03-16,0.0,26.58,60.45,93.18,0.31,16.7
2007-03-17,0.0,26.94,61.93,93.19,0.29,17.82
2007-03-18,0.0,26.87,57.97,93.12,0.35,15.87
2007-03-19,0.0,26.77,59.34,93.2,0.45,15.96
2007-03-20,0.0,26.71,57.62,93.31,0.46,14.23
2007-03-21,0.0,26.6,62.04,93.31,0.46,16.59
2007-03-22,0.0,27.03,59.65,93.31,0.4,16.06
2007-03-23,0.0,27.14,54.91,93.34,0.33,14.32
2007-03-24,0.0,27.38,59.18,93.35,0.46,16.31
2007-03-25,0.0,27.65,58.76,93.15,0.46,16.54
2007-03-26,0.0,27.74,59.14,93.12,0.46,17.06
2007-03-27,0.0,28.02,56.52,93.19,0.34,16.24
2007-03-28,0.0,27.94,53.91,93.25,0.31,15.55
2007-03-29,0.0,28.15,52.1,93.17,0.38,15.08
2007-03-30,0.0,27.46,51.98,93.16,0.38,14.26
2007-03-31,0.0,27.65,50.99,93.21,0.37,14.15
2007-04-01,0.03,27.71,59.32,93.24,0.36,17.8
2007-04-02,0.01,27.24,64.45,93.13,0.42,18.87
2007-04-03,0.0,28.21,56.99,93.03,0.44,16.06
2007-04-04,0.0,28.58,54.38,93.02,0.35,15.82
2007-04-05,0.0,27.72,48.69,93.09,0.31,13.36
2007-04-06,0.49,27.14,54.24,93.19,0.36,14.98
2007-04-07,2.37,26.86,60.53,93.17,0.38,16.65
2007-04-08,3.37,25.67,71.02,93.19,0.35,18.96
2007-04-09,9.64,25.22,74.95,93.19,0.29,19.49
2007-04-10,4.59,25.62,73.94,93.2,0.27,19.5
2007-04-11,2.9,24.85,78.2,93.14,0.32,20.11
2007-04-12,4.02,24.94,78.41,93.04,0.31,20.32
2007-04-13,21.3,25.16,75.65,93.06,0.34,19.58
2007-04-14,18.41,25.76,74.31,93.1,0.3,19.69
2007-04-15,8.5,25.84,72.29,93.13,0.29,19.34
2007-04-16,0.84,25.98,68.21,93.11,0.31,18.2
2007-04-17,2.01,25.37,73.56,93.13,0.34,19.46
2007-04-18,0.08,26.04,71.89,93.14,0.38,19.77
2007-04-19,0.0,25.76,73.72,93.14,0.33,20.13
2007-04-20,0.33,25.97,74.41,93.18,0.45,20.28
2007-04-21,18.31,25.71,77.79,93.2,0.4,20.88
2007-04-22,4.88,24.85,84.63,93.24,0.35,21.74
2007-04-23,1.79,25.12,80.12,93.18,0.33,20.99
2007-04-24,0.62,24.11,82.09,93.12,0.39,20.55
2007-04-25,0.0,26.66,67.5,92.99,0.26,18.61
2007-04-26,0.56,25.45,79.8,93.11,0.35,21.06
2007-04-27,2.8,25.91,76.15,93.19,0.25,20.58
2007-04-28,1.29,26.19,75.0,93.11,0.36,20.3
2007-04-29,4.1,25.96,76.53,93.08,0.31,20.56
2007-04-30,2.09,25.79,76.08,93.12,0.29,20.29
2007-05-01,0.49,26.1,75.89,93.2,0.41,20.63
2007-05-02,4.71,24.88,84.26,93.07,0.49,21.83
2007-05-03,5.65,23.88,88.26,92.98,0.52,21.7
2007-05-04,0.71,25.48,78.16,92.93,0.45,20.8
2007-05-05,27.32,24.74,86.64,93.0,0.42,22.14
2007-05-06,11.1,24.71,86.17,92.96,0.37,21.99
2007-05-07,0.2,25.19,80.59,92.96,0.3,21.11
2007-05-08,9.57,24.4,86.7,93.04,0.39,21.86
2007-05-09,11.35,23.65,90.36,93.18,0.43,21.86
2007-05-10,2.19,23.44,89.92,93.19,0.46,21.58
2007-05-11,0.01,24.48,83.2,93.06,0.52,21.15
2007-05-12,0.0,23.61,84.42,93.12,0.5,20.64
2007-05-13,0.26,24.36,82.34,93.06,0.59,20.94
2007-05-14,0.1,24.59,81.79,93.07,0.62,21.01
2007-05-15,0.0,24.74,78.8,93.07,0.6,20.44
2007-05-16,0.0,25.25,71.43,93.1,0.5,18.8
2007-05-17,0.0,24.83,72.49,93.09,0.43,18.69
2007-05-18,0.0,24.91,70.97,93.12,0.39,18.2
2007-05-19,0.0,24.81,71.38,93.15,0.4,18.17
2007-05-20,0.0,25.32,74.3,93.1,0.48,19.63
2007-05-21,0.0,25.36,76.28,93.0,0.47,20.32
2007-05-22,0.4,25.76,77.66,92.94,0.43,21.05
2007-05-23,0.91,26.19,78.12,93.0,0.35,21.46
2007-05-24,4.37,23.61,89.73,93.07,0.51,21.72
2007-05-25,0.81,24.55,76.19,93.09,0.35,19.4
2007-05-26,4.19,24.56,81.34,93.15,0.44,20.81
2007-05-27,18.77,24.19,84.09,93.19,0.53,20.99
2007-05-28,18.07,22.58,87.95,93.26,0.62,20.32
2007-05-29,13.58,22.62,88.09,93.21,0.57,20.37
2007-05-30,15.61,22.94,88.12,93.12,0.59,20.68
2007-05-31,1.11,23.32,86.19,93.1,0.46,20.66
2007-06-01,0.07,24.09,83.11,93.05,0.43,20.71
2007-06-02,0.08,24.55,82.2,93.0,0.42,20.93
2007-06-03,0.04,24.56,81.89,93.0,0.37,20.88
2007-06-04,0.05,24.83,79.39,93.01,0.32,20.5
2007-06-05,2.31,24.21,86.64,92.97,0.32,21.61
2007-06-06,4.13,24.47,85.91,92.95,0.54,21.61
2007-06-07,5.26,23.36,87.22,92.98,0.43,20.9
2007-06-08,8.26,23.66,87.65,92.97,0.49,21.27
2007-06-09,7.41,23.05,89.1,93.05,0.58,21.01
2007-06-10,5.36,23.65,88.63,93.0,0.51,21.5
2007-06-11,13.78,23.49,90.86,92.86,0.65,21.81
2007-06-12,18.59,23.03,90.0,92.76,0.63,21.2
2007-06-13,13.4,23.2,89.6,92.71,0.72,21.29
2007-06-14,8.58,22.62,91.45,92.73,0.69,21.1
2007-06-15,22.35,22.44,93.3,92.74,0.61,21.26
2007-06-16,14.85,22.42,91.83,92.8,0.67,20.97
2007-06-17,30.53,22.69,90.14,92.84,0.58,20.87
2007-06-18,34.4,22.4,92.74,92.87,0.77,21.12
2007-06-19,23.93,22.22,91.79,92.82,0.78,20.76
2007-06-20,25.43,21.32,91.96,92.76,0.75,19.89
2007-06-21,34.63,22.0,93.1,92.54,0.65,20.76
2007-06-22,53.03,22.37,95.09,92.55,1.03,21.54
2007-06-23,34.2,22.07,93.92,92.93,0.8,21.02
2007-06-24,3.27,22.66,90.57,93.22,0.47,20.94
2007-06-25,0.42,21.9,91.98,93.22,0.42,20.46
2007-06-26,4.03,22.72,91.06,93.09,0.49,21.08
2007-06-27,2.59,21.82,91.64,93.14,0.46,20.31
2007-06-28,2.66,22.4,92.83,93.12,0.54,21.12
2007-06-29,9.11,22.48,89.29,93.15,0.53,20.45
2007-06-30,12.05,21.9,91.45,93.11,0.64,20.34
2007-07-01,17.25,22.42,91.86,93.03,0.63,20.94
2007-07-02,28.54,22.82,90.9,93.1,0.6,21.14
2007-07-03,28.59,22.32,91.77,93.17,0.65,20.83
2007-07-04,7.69,21.97,93.5,93.25,0.57,20.82
2007-07-05,7.82,21.9,92.82,93.21,0.56,20.61
2007-07-06,6.85,21.37,93.03,93.23,0.63,20.14
2007-07-07,8.98,22.26,92.15,93.17,0.59,20.84
2007-07-08,8.39,22.2,92.57,93.17,0.58,20.87
2007-07-09,43.48,22.4,92.74,93.09,0.57,21.09
2007-07-10,29.17,22.5,94.26,93.03,0.65,21.49
2007-07-11,17.25,22.84,93.11,93.08,0.61,21.61
2007-07-12,15.51,22.62,94.17,93.11,0.63,21.6
2007-07-13,9.34,22.82,93.18,93.06,0.68,21.6
2007-07-14,3.82,22.53,93.28,92.97,0.7,21.33
2007-07-15,8.49,22.47,92.87,93.01,0.68,21.2
2007-07-16,42.15,22.63,95.86,92.99,0.72,21.92
2007-07-17,40.6,21.54,94.36,93.07,0.76,20.57
2007-07-18,23.23,21.86,92.63,93.0,0.64,20.54
2007-07-19,15.43,21.94,95.55,93.0,0.63,21.19
2007-07-20,28.28,21.36,94.9,93.03,0.71,20.49
2007-07-21,17.81,21.37,94.75,93.0,0.64,20.46
2007-07-22,4.22,21.15,93.6,92.91,0.59,20.02
2007-07-23,2.29,21.2,91.25,92.93,0.34,19.62
2007-07-24,16.5,20.98,95.67,92.92,0.54,20.22
2007-07-25,16.41,21.5,95.16,92.92,0.53,20.68
2007-07-26,14.67,21.89,94.23,92.95,0.6,20.88
2007-07-27,16.4,21.9,94.83,92.96,0.53,21.01
2007-07-28,10.62,21.76,95.21,93.0,0.5,20.93
2007-07-29,3.98,21.77,93.41,93.06,0.42,20.6
2007-07-30,4.96,21.88,93.43,93.08,0.43,20.72
2007-07-31,13.12,21.26,92.76,93.07,0.51,19.97
2007-08-01,6.85,21.36,93.55,93.1,0.58,20.23
2007-08-02,11.56,21.3,93.78,93.18,0.55,20.21
2007-08-03,3.98,21.89,92.73,93.22,0.49,20.6
2007-08-04,8.26,21.95,92.61,93.13,0.48,20.62
2007-08-05,14.17,21.53,94.01,93.1,0.62,20.46
2007-08-06,8.82,20.99,93.55,93.15,0.53,19.84
2007-08-07,5.69,21.74,93.25,93.12,0.52,20.54
2007-08-08,15.63,22.14,92.86,93.06,0.62,20.86
2007-08-09,37.4,21.97,93.63,93.01,0.63,20.84
2007-08-10,22.06,21.19,93.29,93.06,0.7,20.01
2007-08-11,7.72,20.8,93.3,93.15,0.45,19.6
2007-08-12,1.49,21.16,92.0,93.22,0.5,19.73
2007-08-13,0.02,21.33,90.35,93.23,0.37,19.55
2007-08-14,0.0,21.51,92.18,93.16,0.35,20.09
2007-08-15,0.49,22.15,90.7,93.08,0.42,20.41
2007-08-16,1.37,22.73,92.23,92.99,0.45,21.3
2007-08-17,0.18,22.35,93.33,93.08,0.43,21.16
2007-08-18,0.35,22.52,91.78,93.16,0.46,21.03
2007-08-19,0.89,22.51,90.02,93.16,0.55,20.66
2007-08-20,1.48,21.94,90.43,93.18,0.49,20.18
2007-08-21,13.2,21.48,94.67,93.13,0.53,20.56
2007-08-22,2.82,21.59,90.83,93.08,0.45,19.92
2007-08-23,1.45,21.49,92.72,93.02,0.44,20.2
2007-08-24,8.26,21.75,91.93,92.99,0.43,20.3
2007-08-25,5.49,21.58,95.59,92.97,0.47,20.82
2007-08-26,2.97,21.67,92.86,92.96,0.47,20.4
2007-08-27,2.91,21.99,91.26,92.98,0.4,20.39
2007-08-28,14.58,22.46,93.24,92.95,0.54,21.25
2007-08-29,11.08,21.94,93.34,93.01,0.55,20.76
2007-08-30,15.87,21.11,93.51,93.03,0.51,19.97
2007-08-31,13.65,20.9,92.8,93.07,0.57,19.65
2007-09-01,9.37,21.15,92.91,93.05,0.52,19.9
2007-09-02,4.79,21.28,94.12,93.05,0.5,20.25
2007-09-03,0.78,21.48,91.67,93.14,0.42,19.98
2007-09-04,14.74,21.3,91.31,93.08,0.4,19.74
2007-09-05,16.54,21.38,93.47,93.04,0.59,20.22
2007-09-06,10.47,21.29,93.61,93.08,0.56,20.18
2007-09-07,2.03,21.92,92.46,93.03,0.43,20.56
2007-09-08,1.2,22.03,92.86,92.98,0.43,20.75
2007-09-09,8.78,22.72,88.39,92.94,0.3,20.47
2007-09-10,27.13,23.43,87.93,92.92,0.28,21.02
2007-09-11,55.2,23.05,92.02,92.87,0.36,21.6
2007-09-12,25.22,22.41,91.67,92.92,0.37,20.9
2007-09-13,16.94,22.38,93.31,92.95,0.42,21.18
2007-09-14,26.26,21.69,96.12,93.0,0.55,21.03
2007-09-15,23.33,21.56,93.36,92.94,0.52,20.38
2007-09-16,28.45,22.12,94.61,92.85,0.54,21.18
2007-09-17,23.66,21.61,95.11,92.97,0.64,20.78
2007-09-18,13.34,20.65,93.77,93.02,0.64,19.56
2007-09-19,9.15,21.62,93.83,92.97,0.57,20.52
2007-09-20,4.51,22.19,92.83,93.01,0.65,20.91
2007-09-21,6.05,22.33,93.07,93.01,0.58,21.09
2007-09-22,14.77,22.46,93.42,92.98,0.69,21.29
2007-09-23,14.19,22.01,92.61,92.96,0.68,20.71
2007-09-24,20.35,21.69,92.95,92.98,0.66,20.45
2007-09-25,26.93,21.86,93.53,93.13,0.63,20.73
2007-09-26,1.26,21.76,92.56,93.17,0.27,20.43
2007-09-27,2.4,22.18,92.55,93.19,0.34,20.84
2007-09-28,2.11,21.68,91.72,93.22,0.33,20.18
2007-09-29,0.58,21.96,91.03,93.3,0.5,20.32
2007-09-30,1.86,22.14,91.56,93.27,0.53,20.61
2007-10-01,5.1,21.36,94.01,93.17,0.5,20.32
2007-10-02,4.17,20.91,92.08,93.11,0.36,19.5
2007-10-03,1.02,21.8,88.03,93.07,0.4,19.54
2007-10-04,1.28,21.93,88.97,93.05,0.52,19.92
2007-10-05,1.14,21.0,89.89,93.03,0.37,19.17
2007-10-06,1.25,20.99,91.31,93.01,0.37,19.42
2007-10-07,5.01,21.26,89.41,93.06,0.38,19.31
2007-10-08,1.1,21.13,89.43,93.08,0.38,19.18
2007-10-09,0.0,22.4,85.51,93.0,0.33,19.49
2007-10-10,2.49,23.29,85.53,92.97,0.31,20.37
2007-10-11,28.52,23.07,89.21,93.07,0.29,20.96
2007-10-12,7.7,22.5,92.11,93.25,0.4,21.04
2007-10-13,10.81,22.68,91.46,93.23,0.33,21.09
2007-10-14,3.87,22.28,95.28,93.1,0.35,21.47
2007-10-15,5.59,23.1,90.02,93.15,0.32,21.16
2007-10-16,3.86,22.11,92.27,93.17,0.26,20.67
2007-10-17,6.24,22.46,91.23,93.12,0.37,20.84
2007-10-18,11.3,21.44,95.33,93.19,0.42,20.64
2007-10-19,61.98,22.02,90.76,93.24,0.37,20.28
2007-10-20,20.32,20.72,93.93,93.28,0.54,19.67
2007-10-21,11.98,20.88,93.58,93.19,0.3,19.75
2007-10-22,22.48,21.35,94.14,93.11,0.37,20.32
2007-10-23,20.97,21.19,93.37,92.98,0.18,20.0
2007-10-24,15.32,20.14,94.76,92.92,0.33,19.24
2007-10-25,5.02,22.04,91.86,92.97,0.41,20.55
2007-10-26,9.3,21.93,88.25,92.99,0.42,19.7
2007-10-27,8.08,21.67,91.36,93.03,0.41,20.1
2007-10-28,10.76,20.89,93.9,92.99,0.25,19.82
2007-10-29,33.02,20.62,94.53,92.85,0.4,19.66
2007-10-30,8.78,21.52,92.59,92.9,0.34,20.17
2007-10-31,0.58,21.87,90.08,93.09,0.3,20.04
2007-11-01,1.7,22.41,87.34,93.12,0.29,19.97
2007-11-02,10.42,22.86,88.41,93.0,0.37,20.57
2007-11-03,7.37,22.68,89.16,92.92,0.23,20.59
2007-11-04,1.54,22.1,90.55,93.12,0.21,20.38
2007-11-05,0.06,21.26,87.91,93.26,0.24,19.08
2007-11-06,31.35,22.12,92.49,93.2,0.46,20.71
2007-11-07,7.99,22.56,91.91,93.14,0.45,21.08
2007-11-08,12.21,22.76,88.75,93.05,0.21,20.62
2007-11-09,2.55,21.54,86.76,93.14,0.24,19.0
2007-11-10,0.83,21.95,87.22,93.09,0.24,19.52
2007-11-11,0.05,21.41,83.31,93.15,0.29,18.16
2007-11-12,0.02,21.61,83.99,93.16,0.24,18.53
2007-11-13,0.95,21.59,84.0,93.13,0.35,18.49
2007-11-14,1.54,21.27,81.44,93.04,0.39,17.59
2007-11-15,0.0,20.05,76.4,93.17,0.32,15.16
2007-11-16,0.0,19.57,70.27,93.32,0.53,13.36
2007-11-17,0.0,19.05,75.15,93.18,0.35,14.12
2007-11-18,0.01,19.27,75.22,93.21,0.34,14.3
2007-11-19,0.22,20.95,84.57,93.35,0.28,18.01
2007-11-20,3.72,22.24,88.93,93.35,0.34,20.16
2007-11-21,1.18,22.15,88.66,93.29,0.3,20.05
2007-11-22,0.36,22.07,85.73,93.29,0.27,19.37
2007-11-23,0.02,22.55,85.8,93.24,0.26,19.8
2007-11-24,3.25,21.74,84.69,93.27,0.26,18.86
2007-11-25,0.28,19.81,78.17,93.33,0.41,15.45
2007-11-26,0.0,19.42,74.88,93.42,0.41,14.39
2007-11-27,0.01,21.28,79.06,93.35,0.36,17.27
2007-11-28,0.0,21.49,84.4,93.24,0.42,18.52
2007-11-29,18.04,22.22,87.37,93.21,0.27,19.85
2007-11-30,7.72,21.02,86.16,93.34,0.28,18.39
2007-12-01,0.0,20.57,82.21,93.38,0.35,17.17
2007-12-02,0.0,21.25,83.54,93.32,0.27,18.1
2007-12-03,0.07,21.6,84.13,93.29,0.27,18.6
2007-12-04,0.01,20.59,80.31,93.28,0.45,16.85
2007-12-05,0.07,20.59,83.15,93.28,0.47,17.42
2007-12-06,0.2,20.07,85.79,93.28,0.51,17.48
2007-12-07,0.09,20.98,83.46,93.28,0.33,17.81
2007-12-08,0.01,21.14,83.4,93.22,0.3,17.97
2007-12-09,0.0,21.62,84.46,93.21,0.2,18.71
2007-12-10,0.0,21.54,83.0,93.18,0.25,18.28
2007-12-11,0.0,20.47,81.51,93.17,0.32,16.89
2007-12-12,0.02,20.25,82.0,93.1,0.22,16.8
2007-12-13,0.73,19.86,85.87,93.02,0.31,17.29
2007-12-14,1.86,20.15,91.29,92.92,0.44,18.64
2007-12-15,0.24,21.16,85.7,92.92,0.43,18.52
2007-12-16,0.0,21.19,81.37,93.05,0.44,17.67
2007-12-17,0.66,20.96,83.95,93.08,0.4,17.94
2007-12-18,9.04,20.43,90.61,92.95,0.54,18.77
2007-12-19,30.75,21.31,93.39,92.85,0.56,20.15
2007-12-20,4.65,20.98,91.26,93.14,0.51,19.43
2007-12-21,0.39,21.13,88.27,93.34,0.37,18.99
2007-12-22,0.0,21.43,84.03,93.38,0.29,18.41
2007-12-23,0.0,20.49,83.31,93.33,0.3,17.3
2007-12-24,0.01,18.62,80.31,93.25,0.34,14.74
2007-12-25,0.0,17.73,73.88,93.27,0.44,12.58
2007-12-26,0.0,18.45,74.14,93.32,0.49,13.31
2007-12-27,0.0,19.78,78.69,93.39,0.38,15.6
2007-12-28,0.0,20.58,80.78,93.27,0.39,16.79
2007-12-29,0.0,20.38,79.62,93.17,0.39,16.31
2007-12-30,0.0,20.14,81.86,93.24,0.37,16.56
2007-12-31,0.0,19.96,81.65,93.26,0.28,16.34
2008-01-01,0.0,19.6,79.99,93.29,0.39,15.62
2008-01-02,0.0,18.58,79.47,93.35,0.35,14.4
2008-01-03,0.0,19.68,79.54,93.38,0.27,15.58
2008-01-04,0.02,21.52,83.19,93.37,0.31,18.27
2008-01-05,0.29,22.3,83.99,93.36,0.29,19.21
2008-01-06,0.01,20.4,76.17,93.45,0.42,15.62
2008-01-07,0.0,19.61,78.16,93.41,0.46,15.33
2008-01-08,0.0,19.78,78.31,93.4,0.38,15.47
2008-01-09,0.0,20.92,76.19,93.36,0.26,16.14
2008-01-10,0.0,21.27,76.27,93.32,0.26,16.46
2008-01-11,0.0,20.49,78.22,93.29,0.35,16.05
2008-01-12,0.0,20.02,76.59,93.32,0.34,15.19
2008-01-13,0.0,20.1,75.26,93.32,0.45,14.97
2008-01-14,0.0,19.57,74.03,93.33,0.36,14.03
2008-01-15,0.0,19.33,71.95,93.37,0.37,13.31
2008-01-16,0.0,19.52,73.35,93.47,0.37,13.81
2008-01-17,0.0,19.57,71.08,93.45,0.41,13.3
2008-01-18,0.0,19.68,68.6,93.26,0.34,12.82
2008-01-19,0.0,19.76,69.46,93.12,0.33,13.14
2008-01-20,0.0,20.64,68.17,93.15,0.34,13.59
2008-01-21,0.0,21.34,70.08,93.09,0.34,14.81
2008-01-22,0.0,22.4,75.07,93.03,0.3,17.14
2008-01-23,0.0,21.86,71.72,93.04,0.25,15.62
2008-01-24,0.0,21.34,69.37,93.08,0.33,14.52
2008-01-25,0.0,21.68,77.12,93.08,0.48,16.77
2008-01-26,0.0,22.77,75.23,93.03,0.43,17.38
2008-01-27,0.0,22.24,73.01,93.07,0.36,16.53
2008-01-28,0.0,22.79,68.88,93.21,0.43,15.66
2008-01-29,0.0,22.66,71.94,93.22,0.45,16.44
2008-01-30,0.0,22.8,73.43,93.12,0.42,17.01
2008-01-31,0.0,22.93,74.68,93.09,0.46,17.45
2008-02-01,0.0,23.63,70.61,93.08,0.34,17.08
2008-02-02,0.0,23.52,71.91,93.15,0.44,17.41
2008-02-03,0.15,23.51,72.4,93.09,0.32,17.31
2008-02-04,0.1,23.74,74.05,93.1,0.33,18.08
2008-02-05,0.0,23.89,74.29,93.08,0.22,18.53
2008-02-06,0.0,24.13,67.75,93.12,0.29,16.56
2008-02-07,0.0,23.69,74.65,93.06,0.28,18.42
2008-02-08,13.7,23.16,81.51,93.08,0.26,19.43
2008-02-09,5.3,22.57,87.52,93.12,0.3,20.21
2008-02-10,0.72,23.68,80.65,93.12,0.28,19.67
2008-02-11,0.59,24.2,72.44,93.13,0.29,17.9
2008-02-12,2.96,23.37,80.38,93.18,0.22,19.26
2008-02-13,0.22,24.4,73.59,93.23,0.28,18.49
2008-02-14,0.39,24.22,71.62,93.33,0.23,17.98
2008-02-15,0.02,24.13,65.93,93.36,0.2,16.17
2008-02-16,0.15,24.36,67.13,93.39,0.21,16.83
2008-02-17,0.18,24.37,68.37,93.36,0.28,17.28
2008-02-18,0.0,23.92,60.7,93.36,0.33,14.25
2008-02-19,0.0,23.81,57.67,93.4,0.38,13.33
2008-02-20,0.0,23.87,58.61,93.39,0.37,13.53
2008-02-21,0.0,23.93,58.87,93.41,0.37,13.8
2008-02-22,0.0,23.53,61.0,93.4,0.34,14.18
2008-02-23,0.0,23.86,59.59,93.33,0.37,14.03
2008-02-24,0.0,23.12,60.28,93.28,0.38,13.57
2008-02-25,0.01,23.43,57.42,93.22,0.42,12.47
2008-02-26,0.01,22.93,50.91,93.16,0.38,10.13
2008-02-27,0.0,23.28,51.35,93.28,0.28,10.92
2008-02-28,0.01,22.93,52.85,93.28,0.44,10.79
2008-02-29,0.03,22.61,56.48,93.24,0.25,12.48
2008-03-01,3.9,21.88,74.51,93.19,0.29,16.79
2008-03-02,7.31,23.48,79.53,93.2,0.26,19.13
2008-03-03,4.01,23.82,66.06,93.22,0.38,15.4
2008-03-04,2.56,23.1,48.61,93.16,0.35,8.07
2008-03-05,0.0,23.51,45.81,93.18,0.45,8.58
2008-03-06,0.11,23.21,53.68,93.28,0.36,10.87
2008-03-07,0.04,22.43,49.01,93.27,0.29,8.54
2008-03-08,0.0,22.19,47.18,93.19,0.33,8.06
2008-03-09,0.09,23.73,53.62,93.13,0.25,12.79
2008-03-10,0.49,23.85,56.87,93.18,0.33,12.72
2008-03-11,0.21,23.44,62.34,93.1,0.28,14.69
2008-03-12,11.61,22.65,76.28,93.04,0.32,17.87
2008-03-13,57.8,22.97,84.49,92.98,0.25,19.79
2008-03-14,19.92,22.99,86.74,93.11,0.21,20.38
2008-03-15,22.26,22.51,86.22,93.08,0.21,19.75
2008-03-16,14.76,22.47,82.76,93.0,0.2,18.94
2008-03-17,1.31,21.2,87.96,92.92,0.33,18.97
2008-03-18,9.22,21.68,88.01,92.9,0.24,19.45
2008-03-19,3.55,22.71,85.72,92.86,0.24,19.9
2008-03-20,31.17,21.37,92.55,92.81,0.24,20.03
2008-03-21,16.17,21.4,93.01,92.83,0.48,20.16
2008-03-22,26.84,22.43,92.11,92.93,0.57,20.98
2008-03-23,5.84,22.74,91.18,93.08,0.48,21.1
2008-03-24,0.12,22.17,88.63,93.2,0.31,20.04
2008-03-25,0.0,21.97,82.34,93.18,0.34,18.35
2008-03-26,0.0,22.88,82.36,93.15,0.38,19.25
2008-03-27,0.0,23.48,81.37,93.05,0.4,19.62
2008-03-28,2.58,24.17,84.06,93.03,0.4,20.84
2008-03-29,0.8,23.83,87.41,93.1,0.37,21.33
2008-03-30,3.75,23.58,88.54,93.12,0.41,21.36
2008-03-31,1.01,23.13,88.71,93.08,0.4,21.02
2008-04-01,0.21,23.19,86.1,93.09,0.44,20.57
2008-04-02,11.54,23.84,86.46,93.15,0.44,21.15
2008-04-03,2.13,24.29,82.23,93.18,0.31,20.55
2008-04-04,0.17,24.29,81.18,93.07,0.31,20.27
2008-04-05,0.89,24.29,81.65,93.15,0.23,20.52
2008-04-06,1.23,24.17,76.28,93.31,0.23,19.04
2008-04-07,10.38,23.37,77.28,93.23,0.23,18.37
2008-04-08,17.79,23.02,82.23,93.14,0.23,19.3
2008-04-09,9.46,22.8,84.59,93.1,0.23,19.7
2008-04-10,3.49,23.11,82.55,93.09,0.3,19.44
2008-04-11,0.19,23.59,81.18,93.02,0.3,19.55
2008-04-12,3.73,23.4,83.22,92.98,0.28,19.94
2008-04-13,2.58,23.22,83.72,92.94,0.21,19.82
2008-04-14,3.62,24.13,83.94,92.93,0.34,20.72
2008-04-15,1.32,24.42,82.56,93.04,0.34,20.73
2008-04-16,0.87,24.42,81.95,93.08,0.38,20.64
2008-04-17,1.44,24.38,83.56,93.03,0.35,20.94
2008-04-18,4.14,24.52,82.31,93.01,0.35,20.66
2008-04-19,1.04,24.8,81.21,93.0,0.34,20.74
2008-04-20,0.0,25.06,79.76,93.02,0.4,20.51
2008-04-21,0.0,25.52,77.01,92.97,0.31,20.13
2008-04-22,0.0,25.48,76.94,93.02,0.4,20.33
2008-04-23,0.0,25.49,76.56,93.08,0.37,20.29
2008-04-24,5.96,25.15,76.82,93.09,0.35,19.79
2008-04-25,0.93,25.02,75.72,93.05,0.28,19.2
2008-04-26,5.65,24.84,80.78,93.01,0.28,20.67
2008-04-27,5.91,24.12,87.43,92.9,0.49,21.59
2008-04-28,1.87,23.64,88.21,92.83,0.68,21.44
2008-04-29,12.05,23.59,88.71,92.86,0.53,21.48
2008-04-30,0.88,23.94,86.64,93.03,0.38,21.36
2008-05-01,0.0,24.27,83.45,93.1,0.37,21.02
2008-05-02,0.09,23.7,79.92,93.03,0.35,19.57
2008-05-03,0.24,23.89,78.79,92.99,0.37,19.36
2008-05-04,2.42,24.46,84.68,93.05,0.41,21.44
2008-05-05,1.77,23.9,83.55,93.18,0.47,20.61
2008-05-06,0.01,23.83,80.21,93.09,0.48,19.76
2008-05-07,2.81,23.67,83.06,93.0,0.44,20.31
2008-05-08,3.05,23.79,83.95,93.08,0.54,20.59
2008-05-09,3.67,23.33,84.19,93.17,0.48,20.19
2008-05-10,2.08,23.47,86.82,93.13,0.55,20.93
2008-05-11,4.94,23.42,87.33,93.12,0.41,21.01
2008-05-12,2.36,22.92,90.94,93.17,0.34,21.29
2008-05-13,0.04,23.48,82.07,93.25,0.33,19.88
2008-05-14,0.01,23.46,80.94,93.3,0.43,19.59
2008-05-15,2.03,23.53,82.98,93.31,0.51,20.19
2008-05-16,0.42,23.6,83.44,93.29,0.42,20.35
2008-05-17,0.08,24.08,84.12,93.19,0.58,20.96
2008-05-18,0.01,24.13,83.38,93.07,0.61,20.9
2008-05-19,4.61,24.24,82.32,93.11,0.5,20.7
2008-05-20,6.78,24.09,84.09,93.11,0.46,20.92
2008-05-21,2.55,23.63,86.68,93.12,0.53,21.08
2008-05-22,0.57,24.09,87.14,93.07,0.51,21.64
2008-05-23,0.19,23.67,83.76,93.06,0.39,20.47
2008-05-24,1.08,23.85,84.44,92.99,0.36,20.75
2008-05-25,7.11,23.28,83.92,92.99,0.4,20.09
2008-05-26,3.78,23.27,89.39,93.05,0.49,21.28
2008-05-27,0.2,24.28,80.69,93.08,0.37,20.32
2008-05-28,7.26,24.18,85.83,92.97,0.39,21.38
2008-05-29,14.68,23.52,88.77,93.0,0.48,21.42
2008-05-30,35.67,23.18,88.39,93.06,0.54,20.97
2008-05-31,11.15,22.77,92.17,93.03,0.56,21.37
2008-06-01,10.07,22.43,90.19,93.02,0.48,20.63
2008-06-02,13.33,22.7,88.92,92.96,0.45,20.59
2008-06-03,6.88,22.98,88.43,93.04,0.54,20.78
2008-06-04,1.53,22.58,89.69,93.23,0.47,20.68
2008-06-05,3.73,22.24,90.15,93.16,0.41,20.44
2008-06-06,14.45,22.47,91.85,93.02,0.55,21.0
2008-06-07,9.06,21.37,93.53,92.97,0.51,20.25
2008-06-08,15.69,21.94,92.91,93.0,0.57,20.68
2008-06-09,9.76,21.7,92.39,93.12,0.68,20.35
2008-06-10,1.92,21.77,91.09,93.19,0.37,20.16
2008-06-11,0.88,22.89,89.75,93.13,0.59,20.99
2008-06-12,2.34,22.98,89.37,93.11,0.64,21.03
2008-06-13,3.45,22.37,90.15,93.13,0.54,20.56
2008-06-14,1.04,22.69,89.07,93.11,0.56,20.64
2008-06-15,0.25,22.81,87.08,93.04,0.6,20.37
2008-06-16,6.38,22.78,89.26,92.99,0.58,20.8
2008-06-17,4.96,22.82,89.04,93.05,0.54,20.77
2008-06-18,10.79,22.23,91.96,93.04,0.44,20.77
2008-06-19,4.3,23.07,89.73,93.07,0.53,21.16
2008-06-20,12.17,23.11,90.69,93.12,0.48,21.38
2008-06-21,12.62,22.65,91.09,93.19,0.53,21.02
2008-06-22,6.48,22.12,89.98,93.15,0.51,20.28
2008-06-23,1.08,22.16,88.41,93.1,0.51,19.98
2008-06-24,0.91,22.65,87.97,93.05,0.59,20.4
2008-06-25,3.16,22.65,88.93,93.08,0.65,20.58
2008-06-26,1.54,22.41,88.38,93.14,0.57,20.23
2008-06-27,11.52,23.15,88.26,93.07,0.69,20.93
2008-06-28,18.11,22.8,91.89,93.08,0.62,21.35
2008-06-29,15.54,22.18,91.62,93.14,0.61,20.67
2008-06-30,17.06,22.25,90.72,93.16,0.58,20.56
2008-07-01,31.72,21.07,92.2,93.26,0.45,19.7
2008-07-02,0.8,21.73,89.82,93.3,0.46,19.86
2008-07-03,0.0,22.11,87.93,93.2,0.41,19.85
2008-07-04,0.45,22.84,88.23,93.17,0.38,20.59
2008-07-05,0.7,22.7,89.49,93.12,0.44,20.73
2008-07-06,5.11,22.95,90.58,93.13,0.51,21.21
2008-07-07,2.23,21.85,87.86,93.17,0.58,19.57
2008-07-08,0.86,21.62,89.08,93.07,0.63,19.61
2008-07-09,8.14,21.96,89.5,93.1,0.57,20.0
2008-07-10,12.04,21.77,88.78,93.18,0.5,19.66
2008-07-11,9.39,21.66,87.79,93.15,0.47,19.34
2008-07-12,2.03,22.09,89.08,92.97,0.48,20.04
2008-07-13,0.1,22.82,89.34,92.98,0.46,20.81
2008-07-14,4.79,23.18,89.5,93.07,0.39,21.17
2008-07-15,20.11,23.0,91.8,92.95,0.59,21.49
2008-07-16,11.42,22.15,92.88,92.88,0.65,20.89
2008-07-17,20.83,22.3,92.2,92.8,0.63,20.89
2008-07-18,17.38,22.16,91.74,92.86,0.73,20.68
2008-07-19,7.0,21.34,91.34,92.85,0.59,19.79
2008-07-20,9.68,21.97,91.43,92.84,0.56,20.41
2008-07-21,1.98,21.87,92.99,92.89,0.66,20.64
2008-07-22,2.24,21.96,90.83,92.81,0.5,20.29
2008-07-23,7.67,21.94,93.53,92.81,0.7,20.8
2008-07-24,10.7,21.38,94.41,92.92,0.72,20.42
2008-07-25,11.59,21.53,92.08,92.98,0.63,20.12
2008-07-26,9.21,21.73,90.77,93.0,0.66,20.06
2008-07-27,24.26,21.33,93.5,93.01,0.73,20.2
2008-07-28,21.01,21.15,94.48,93.0,0.72,20.2
2008-07-29,19.33,21.29,93.43,93.0,0.57,20.13
2008-07-30,15.9,20.89,93.35,93.03,0.5,19.72
2008-07-31,7.34,20.93,93.93,93.03,0.52,19.87
2008-08-01,1.77,21.64,91.63,93.04,0.44,20.13
2008-08-02,0.44,21.83,92.29,93.04,0.41,20.44
2008-08-03,0.09,22.22,91.32,92.98,0.44,20.64
2008-08-04,0.01,22.3,90.34,92.96,0.47,20.54
2008-08-05,1.68,22.01,90.95,93.07,0.43,20.35
2008-08-06,1.37,22.22,90.43,93.1,0.48,20.46
2008-08-07,0.49,21.81,90.87,93.06,0.52,20.16
2008-08-08,4.41,22.17,90.75,93.11,0.69,20.48
2008-08-09,3.75,21.49,91.93,93.08,0.53,20.04
2008-08-10,3.71,21.27,92.45,93.04,0.78,19.94
2008-08-11,21.8,20.75,92.84,93.0,0.63,19.5
2008-08-12,26.3,20.9,94.22,93.07,0.44,19.89
2008-08-13,8.29,20.88,92.48,93.2,0.35,19.53
2008-08-14,16.29,21.76,93.08,93.11,0.56,20.52
2008-08-15,5.76,20.91,93.61,92.99,0.56,19.8
2008-08-16,1.3,20.73,90.25,92.99,0.44,18.96
2008-08-17,1.49,21.41,91.13,93.11,0.5,19.8
2008-08-18,1.45,21.33,90.54,93.15,0.32,19.6
2008-08-19,0.46,22.04,92.29,93.15,0.34,20.65
2008-08-20,1.75,22.49,88.76,93.23,0.31,20.35
2008-08-21,0.99,21.59,91.56,93.26,0.48,20.06
2008-08-22,0.08,21.71,88.51,93.17,0.4,19.55
2008-08-23,7.16,21.59,90.75,93.09,0.47,19.91
2008-08-24,1.25,22.46,88.59,93.0,0.46,20.26
2008-08-25,1.87,22.63,89.58,92.98,0.44,20.68
2008-08-26,12.11,21.62,91.38,93.02,0.36,20.06
2008-08-27,3.11,22.09,90.52,92.93,0.34,20.31
2008-08-28,4.86,22.25,91.68,92.9,0.36,20.73
2008-08-29,10.68,23.23,88.36,92.84,0.38,20.93
2008-08-30,18.5,23.23,89.03,92.87,0.32,21.07
2008-08-31,52.06,22.29,96.26,92.9,0.62,21.65
2008-09-01,8.49,22.76,89.26,92.97,0.45,20.74
2008-09-02,1.56,22.58,89.72,92.99,0.42,20.65
2008-09-03,37.13,22.59,91.34,92.95,0.34,20.99
2008-09-04,9.36,22.84,91.79,93.02,0.36,21.33
2008-09-05,9.09,22.81,91.42,93.07,0.26,21.23
2008-09-06,39.67,22.51,93.05,93.07,0.39,21.26
2008-09-07,27.93,21.46,93.41,93.11,0.5,20.3
2008-09-08,24.96,20.92,93.95,93.13,0.48,19.86
2008-09-09,11.93,21.78,92.46,93.12,0.64,20.44
2008-09-10,8.67,21.72,93.72,93.0,0.68,20.63
2008-09-11,12.08,21.25,91.45,92.93,0.78,19.72
2008-09-12,6.83,21.38,92.4,93.0,0.6,20.02
2008-09-13,0.7,22.21,91.78,93.13,0.49,20.73
2008-09-14,12.05,22.18,90.7,93.25,0.5,20.48
2008-09-15,2.82,21.62,91.36,93.29,0.44,20.06
2008-09-16,0.48,21.63,91.95,93.24,0.53,20.19
2008-09-17,0.02,22.31,89.65,93.22,0.51,20.41
2008-09-18,0.0,21.96,88.09,93.19,0.43,19.74
2008-09-19,16.44,21.85,89.72,93.17,0.44,19.94
2008-09-20,25.37,22.2,91.81,93.22,0.49,20.7
2008-09-21,1.82,22.58,90.2,93.17,0.38,20.74
2008-09-22,0.0,22.22,90.43,93.18,0.36,20.47
2008-09-23,0.0,22.37,89.42,93.13,0.37,20.4
2008-09-24,0.09,22.51,89.03,93.21,0.37,20.45
2008-09-25,0.08,22.34,88.03,93.32,0.34,20.08
2008-09-26,0.0,22.19,88.8,93.28,0.34,20.09
2008-09-27,0.3,22.15,86.6,93.25,0.43,19.55
2008-09-28,0.23,21.64,85.95,93.29,0.4,18.91
2008-09-29,0.0,21.52,84.83,93.25,0.35,18.48
2008-09-30,0.0,21.97,84.63,93.16,0.38,18.88
2008-10-01,0.0,22.11,86.67,93.13,0.39,19.52
2008-10-02,0.0,21.73,84.29,93.08,0.34,18.6
2008-10-03,0.04,21.99,83.25,93.12,0.27,18.54
2008-10-04,0.01,22.45,84.52,93.11,0.26,19.34
2008-10-05,0.0,22.48,85.58,93.22,0.35,19.65
2008-10-06,8.09,23.09,88.0,93.19,0.4,20.76
2008-10-07,3.76,23.16,88.09,93.22,0.32,20.85
2008-10-08,8.39,23.16,88.7,93.15,0.33,20.99
2008-10-09,0.95,23.98,85.97,93.18,0.33,21.13
2008-10-10,3.14,23.84,86.1,93.26,0.18,21.08
2008-10-11,10.42,23.57,84.68,93.25,0.17,20.52
2008-10-12,8.23,22.18,87.73,93.19,0.19,19.85
2008-10-13,10.25,21.87,90.11,93.04,0.23,20.07
2008-10-14,25.78,22.37,93.52,93.02,0.28,21.23
2008-10-15,22.12,22.33,91.0,93.07,0.34,20.68
2008-10-16,4.18,21.69,90.81,93.05,0.35,20.01
2008-10-17,1.05,22.72,88.93,92.93,0.3,20.62
2008-10-18,1.37,23.01,86.48,92.97,0.26,20.42
2008-10-19,15.42,22.75,90.5,93.03,0.18,20.96
2008-10-20,33.84,22.85,89.28,92.94,0.33,20.77
2008-10-21,37.93,22.83,92.67,92.81,0.44,21.48
2008-10-22,12.45,22.08,92.72,92.88,0.58,20.76
2008-10-23,20.2,21.2,93.5,93.08,0.44,20.03
2008-10-24,23.5,22.09,91.59,93.18,0.54,20.56
2008-10-25,29.93,21.99,93.8,93.15,0.5,20.89
2008-10-26,6.68,21.6,90.53,93.16,0.51,19.88
2008-10-27,0.15,21.56,87.92,93.21,0.34,19.27
2008-10-28,0.0,21.7,87.84,93.22,0.29,19.38
2008-10-29,0.18,21.71,84.41,93.25,0.35,18.58
2008-10-30,0.85,22.1,83.54,93.31,0.32,18.83
2008-10-31,0.11,22.08,80.36,93.35,0.29,18.09
2008-11-01,0.0,21.49,83.19,93.31,0.26,18.0
2008-11-02,0.0,20.73,73.85,93.24,0.25,15.27
2008-11-03,0.0,20.9,73.16,93.28,0.4,15.34
2008-11-04,0.0,21.01,77.68,93.21,0.42,16.47
2008-11-05,0.01,21.09,81.14,93.15,0.37,17.23
2008-11-06,0.02,21.37,81.2,93.08,0.3,17.61
2008-11-07,0.01,21.49,80.72,93.17,0.35,17.63
2008-11-08,1.0,22.26,81.16,93.23,0.39,18.6
2008-11-09,8.71,22.58,83.97,93.2,0.32,19.49
2008-11-10,2.86,22.06,86.52,93.17,0.22,19.53
2008-11-11,2.44,21.9,82.41,93.15,0.27,18.38
2008-11-12,1.85,21.2,83.77,93.06,0.41,18.04
2008-11-13,0.03,21.22,82.51,92.99,0.38,17.71
2008-11-14,0.02,21.51,86.91,92.97,0.33,19.02
2008-11-15,0.0,21.35,84.39,92.84,0.27,18.25
2008-11-16,0.0,21.28,87.59,92.87,0.37,18.92
2008-11-17,6.23,22.47,86.82,92.87,0.28,19.95
2008-11-18,0.5,22.67,86.67,92.98,0.19,20.08
2008-11-19,1.12,22.24,88.42,93.13,0.19,20.05
2008-11-20,3.61,22.09,91.82,93.26,0.24,20.61
2008-11-21,1.15,22.21,86.07,93.24,0.23,19.54
2008-11-22,4.43,21.41,89.36,93.15,0.28,19.47
2008-11-23,6.3,20.71,92.64,93.22,0.32,19.42
2008-11-24,5.93,20.58,91.26,93.24,0.33,19.03
2008-11-25,4.29,20.61,89.3,93.22,0.34,18.66
2008-11-26,7.62,20.57,91.94,93.09,0.4,19.15
2008-11-27,10.15,21.77,90.37,92.94,0.33,19.95
2008-11-28,4.24,22.45,92.01,93.09,0.32,20.99
2008-11-29,1.34,22.77,88.46,93.32,0.36,20.57
2008-11-30,0.56,22.29,88.86,93.34,0.23,20.22
2008-12-01,1.73,22.45,86.36,93.32,0.29,19.84
2008-12-02,0.14,22.64,85.63,93.21,0.25,19.84
2008-12-03,0.0,21.29,83.63,93.17,0.24,18.07
2008-12-04,0.0,19.61,81.28,93.24,0.23,15.87
2008-12-05,0.0,19.69,80.74,93.38,0.2,15.84
2008-12-06,0.0,20.9,81.26,93.39,0.21,17.21
2008-12-07,0.07,21.94,84.26,93.25,0.17,18.93
2008-12-08,1.24,22.27,88.53,93.23,0.22,20.16
2008-12-09,1.05,21.61,92.88,93.23,0.21,20.38
2008-12-10,12.97,21.77,93.26,93.29,0.16,20.59
2008-12-11,0.89,21.77,87.72,93.28,0.2,19.44
2008-12-12,0.0,20.4,80.8,93.24,0.23,16.43
2008-12-13,0.24,21.17,84.24,93.28,0.2,18.11
2008-12-14,0.41,21.78,84.06,93.27,0.26,18.7
2008-12-15,1.04,21.68,86.31,93.23,0.28,19.06
2008-12-16,0.13,21.46,86.13,93.19,0.28,18.88
2008-12-17,0.0,21.68,82.21,93.24,0.35,18.29
2008-12-18,0.03,21.11,82.23,93.18,0.41,17.82
2008-12-19,0.0,21.33,83.46,93.19,0.37,18.26
2008-12-20,0.0,21.67,81.33,93.3,0.19,18.0
2008-12-21,0.0,20.69,80.29,93.3,0.22,16.73
2008-12-22,0.0,19.15,77.58,93.35,0.27,14.57
2008-12-23,0.0,19.0,78.56,93.34,0.34,14.66
2008-12-24,0.0,20.89,82.04,93.32,0.24,17.38
2008-12-25,0.0,21.1,81.61,93.34,0.31,17.5
2008-12-26,0.0,20.35,77.29,93.4,0.24,15.72
2008-12-27,0.0,18.56,76.17,93.39,0.36,13.64
2008-12-28,0.0,17.96,71.94,93.32,0.3,12.08
2008-12-29,0.0,17.44,70.05,93.32,0.3,11.27
2008-12-30,0.0,17.94,75.96,93.37,0.29,12.95
2008-12-31,0.0,17.96,73.94,93.35,0.24,12.41
2009-01-01,0.0,18.55,75.72,93.32,0.22,13.46
2009-01-02,0.0,19.27,76.23,93.38,0.22,14.3
2009-01-03,0.0,19.18,77.01,93.44,0.24,14.4
2009-01-04,0.0,19.28,73.92,93.37,0.35,13.83
2009-01-05,0.0,19.46,74.19,93.25,0.33,14.11
2009-01-06,0.0,20.5,72.95,93.25,0.34,14.98
2009-01-07,0.01,20.37,75.04,93.29,0.35,15.0
2009-01-08,0.0,22.34,77.01,93.4,0.21,17.61
2009-01-09,0.0,20.85,76.75,93.47,0.3,16.21
2009-01-10,0.0,21.32,74.8,93.43,0.36,16.24
2009-01-11,0.0,21.64,73.23,93.46,0.32,16.04
2009-01-12,0.0,21.18,71.82,93.59,0.37,15.29
2009-01-13,0.0,20.32,69.18,93.62,0.43,13.84
2009-01-14,0.0,20.47,70.67,93.61,0.44,14.43
2009-01-15,0.34,20.2,78.17,93.56,0.44,15.99
2009-01-16,0.03,20.96,69.3,93.55,0.38,14.35
2009-01-17,0.0,21.13,68.83,93.44,0.28,14.38
2009-01-18,0.0,20.9,67.27,93.38,0.3,13.69
2009-01-19,0.0,21.13,68.4,93.3,0.33,14.23
2009-01-20,0.0,20.5,64.27,93.34,0.36,12.08
2009-01-21,0.0,20.64,61.82,93.34,0.34,11.23
2009-01-22,0.0,20.73,59.82,93.27,0.27,10.84
2009-01-23,0.0,21.16,60.72,93.21,0.33,11.97
2009-01-24,0.0,21.24,62.9,93.17,0.41,12.54
2009-01-25,0.0,21.64,62.63,93.22,0.29,12.53
2009-01-26,6.7,22.39,75.18,93.26,0.25,17.14
2009-01-27,2.65,23.22,79.76,93.27,0.29,18.96
2009-01-28,0.01,24.43,73.32,93.22,0.24,18.49
2009-01-29,0.0,23.23,72.4,93.27,0.21,17.13
2009-01-30,0.0,22.32,54.98,93.26,0.33,10.17
2009-01-31,0.0,21.67,52.67,93.25,0.38,9.1
2009-02-01,0.0,22.21,53.1,93.34,0.42,10.18
2009-02-02,0.0,22.3,53.91,93.4,0.36,10.45
2009-02-03,0.0,22.35,56.21,93.4,0.41,11.4
2009-02-04,0.0,22.64,61.96,93.45,0.46,13.72
2009-02-05,0.0,22.57,62.2,93.42,0.34,13.34
2009-02-06,0.0,21.58,53.13,93.38,0.27,9.86
2009-02-07,0.0,21.89,57.12,93.31,0.26,11.23
2009-02-08,0.0,21.7,60.63,93.45,0.29,12.33
2009-02-09,0.0,21.6,58.6,93.46,0.36,11.46
2009-02-10,0.0,21.74,54.99,93.41,0.3,10.23
2009-02-11,0.0,22.8,62.06,93.34,0.49,13.57
2009-02-12,0.0,23.44,70.5,93.31,0.52,16.33
2009-02-13,0.0,23.96,67.86,93.22,0.52,16.11
2009-02-14,0.0,24.09,61.91,93.17,0.35,14.2
2009-02-15,0.0,23.63,61.88,93.14,0.32,13.71
2009-02-16,0.0,22.73,51.26,93.2,0.36,9.34
2009-02-17,0.0,22.38,54.12,93.22,0.3,10.41
2009-02-18,0.0,22.64,53.91,93.16,0.23,10.65
2009-02-19,0.0,22.68,53.2,93.07,0.36,10.87
2009-02-20,0.0,23.34,58.86,93.17,0.23,13.31
2009-02-21,0.0,25.07,62.57,93.19,0.24,16.16
2009-02-22,0.0,25.01,61.92,93.04,0.32,15.82
2009-02-23,0.0,25.54,61.89,93.11,0.36,16.15
2009-02-24,0.0,26.14,64.45,93.2,0.4,17.03
2009-02-25,0.0,26.05,66.37,93.15,0.41,17.6
2009-02-26,0.0,26.22,64.1,93.1,0.43,16.88
2009-02-27,0.0,26.33,55.93,93.19,0.29,13.42
2009-02-28,0.0,25.74,52.77,93.19,0.3,11.64
2009-03-01,0.0,25.98,54.55,93.16,0.39,12.32
2009-03-02,0.0,26.73,60.26,93.13,0.48,15.41
2009-03-03,0.0,26.18,58.49,93.17,0.42,14.43
2009-03-04,0.0,25.7,61.72,93.17,0.43,14.62
2009-03-05,0.0,25.94,65.08,93.16,0.43,16.51
2009-03-06,0.0,26.56,60.8,93.17,0.49,14.52
2009-03-07,0.0,26.73,57.51,93.11,0.44,13.68
2009-03-08,0.0,26.04,57.1,93.09,0.37,13.13
2009-03-09,7.91,22.9,67.54,93.22,0.34,15.97
2009-03-10,0.79,23.22,66.39,93.25,0.3,15.72
2009-03-11,1.82,22.63,80.4,93.23,0.26,18.84
2009-03-12,7.01,24.15,77.75,93.24,0.26,19.13
2009-03-13,6.42,23.17,77.4,93.32,0.23,18.4
2009-03-14,3.12,24.17,71.97,93.29,0.24,17.84
2009-03-15,0.44,24.38,70.95,93.22,0.3,17.73
2009-03-16,0.02,25.13,66.63,93.16,0.32,17.15
2009-03-17,0.0,25.48,64.65,93.15,0.34,16.17
2009-03-18,0.0,25.78,59.9,93.17,0.32,14.85
2009-03-19,0.0,25.52,62.63,93.17,0.39,15.22
2009-03-20,0.0,25.98,62.48,93.18,0.38,15.31
2009-03-21,0.0,26.2,63.8,93.14,0.39,16.82
2009-03-22,6.28,25.39,67.49,93.09,0.32,17.7
2009-03-23,2.81,25.47,66.49,93.19,0.35,16.75
2009-03-24,2.28,25.17,65.7,93.28,0.32,16.63
2009-03-25,0.1,25.61,62.91,93.23,0.31,16.04
2009-03-26,0.0,25.71,65.37,93.17,0.39,17.11
2009-03-27,4.04,24.75,75.83,93.2,0.31,19.51
2009-03-28,0.36,26.07,67.27,93.16,0.3,18.18
2009-03-29,0.0,26.46,60.74,93.13,0.31,15.99
2009-03-30,0.0,26.75,61.79,93.08,0.33,16.54
2009-03-31,0.0,26.77,59.14,92.97,0.41,15.15
2009-04-01,0.0,27.02,59.38,93.0,0.41,15.13
2009-04-02,0.0,27.11,59.28,93.07,0.36,15.72
2009-04-03,0.0,26.11,55.95,93.11,0.29,14.24
2009-04-04,0.0,26.07,54.51,93.15,0.33,14.02
2009-04-05,0.07,26.99,59.75,93.21,0.38,15.94
2009-04-06,7.36,27.31,66.0,93.08,0.37,18.38
2009-04-07,15.19,25.88,75.75,93.0,0.31,20.05
2009-04-08,4.06,25.62,73.25,93.0,0.32,19.03
2009-04-09,6.63,25.47,73.95,92.97,0.27,19.29
2009-04-10,5.72,25.04,70.95,93.0,0.34,17.9
2009-04-11,1.58,23.8,73.36,93.02,0.27,17.63
2009-04-12,0.11,24.71,72.55,92.99,0.41,18.07
2009-04-13,26.04,23.6,83.11,92.97,0.49,20.27
2009-04-14,8.31,24.24,78.92,92.95,0.48,19.7
2009-04-15,2.4,24.9,80.51,92.96,0.51,20.8
2009-04-16,0.0,24.36,80.51,92.89,0.43,20.48
2009-04-17,0.0,25.45,78.86,92.83,0.49,20.98
2009-04-18,0.71,26.4,74.82,93.0,0.37,20.71
2009-04-19,10.32,25.48,81.77,93.19,0.46,21.67
2009-04-20,9.83,24.33,86.24,93.19,0.46,21.58
2009-04-21,2.76,24.36,85.79,93.07,0.45,21.56
2009-04-22,0.62,24.74,81.79,93.13,0.41,21.04
2009-04-23,0.13,25.77,76.09,93.16,0.4,20.35
2009-04-24,0.67,26.14,74.14,93.13,0.4,20.14
2009-04-25,0.25,25.99,71.87,93.15,0.38,19.55
2009-04-26,0.0,26.37,71.26,93.14,0.29,19.77
2009-04-27,0.0,26.78,68.34,93.15,0.36,18.9
2009-04-28,0.03,27.06,70.12,93.18,0.4,19.69
2009-04-29,0.08,26.03,75.36,93.24,0.46,20.54
2009-04-30,2.71,24.76,82.63,93.25,0.48,21.28
2009-05-01,0.98,24.93,82.58,93.21,0.53,21.41
2009-05-02,0.0,25.37,80.28,93.26,0.47,21.28
2009-05-03,0.0,25.96,77.18,93.25,0.43,21.05
2009-05-04,1.85,24.96,81.24,93.17,0.35,21.12
2009-05-05,0.31,25.65,75.44,93.18,0.35,20.1
2009-05-06,0.0,24.58,81.33,93.21,0.34,20.84
2009-05-07,0.0,25.02,78.15,93.08,0.31,20.46
2009-05-08,8.17,24.65,84.11,93.04,0.33,21.53
2009-05-09,4.13,24.35,86.7,93.04,0.31,21.74
2009-05-10,1.01,24.41,85.54,92.96,0.38,21.52
2009-05-11,0.05,25.14,79.43,92.96,0.46,20.92
2009-05-12,10.54,25.78,80.71,92.94,0.49,21.77
2009-05-13,5.53,24.36,86.73,92.92,0.47,21.83
2009-05-14,0.0,25.07,80.0,92.87,0.58,21.03
2009-05-15,1.68,24.33,83.24,92.99,0.44,21.07
2009-05-16,20.9,23.62,80.39,93.08,0.28,19.48
2009-05-17,11.36,24.39,86.21,93.05,0.36,21.66
2009-05-18,10.0,24.42,84.33,93.03,0.44,21.29
2009-05-19,8.76,23.2,88.67,93.04,0.41,21.04
2009-05-20,16.92,21.88,88.19,93.06,0.5,19.71
2009-05-21,5.81,23.05,88.5,92.96,0.52,20.86
2009-05-22,7.13,23.09,88.97,92.96,0.59,21.04
2009-05-23,12.79,23.55,87.73,92.82,0.56,21.18
2009-05-24,58.31,22.01,91.31,92.8,0.4,20.43
2009-05-25,26.08,22.46,92.0,92.7,0.57,21.02
2009-05-26,13.18,22.71,90.96,92.75,0.57,21.08
2009-05-27,1.76,22.41,89.39,92.93,0.37,20.45
2009-05-28,0.06,23.59,88.37,92.93,0.47,21.41
2009-05-29,10.67,23.66,89.12,93.03,0.49,21.64
2009-05-30,17.44,23.56,92.1,92.97,0.47,22.13
2009-05-31,2.45,22.96,89.86,93.04,0.4,21.09
2009-06-01,3.42,23.33,86.46,93.11,0.54,20.74
2009-06-02,3.33,23.22,87.02,93.21,0.49,20.74
2009-06-03,3.09,23.44,87.99,93.25,0.54,21.18
2009-06-04,0.87,23.6,88.1,93.16,0.62,21.36
2009-06-05,20.99,23.64,88.15,93.09,0.8,21.42
2009-06-06,35.75,21.93,90.62,93.13,0.9,20.27
2009-06-07,29.23,21.26,89.09,93.16,0.7,19.28
2009-06-08,11.04,22.52,90.42,93.16,0.58,20.75
2009-06-09,2.16,22.98,88.63,93.16,0.54,20.84
2009-06-10,0.32,23.21,90.08,93.1,0.55,21.38
2009-06-11,11.75,23.3,88.2,93.17,0.47,21.07
2009-06-12,9.65,22.91,89.51,93.24,0.44,20.94
2009-06-13,5.98,22.27,91.37,93.31,0.49,20.7
2009-06-14,1.53,22.57,90.58,93.26,0.45,20.85
2009-06-15,2.76,22.31,90.3,93.23,0.48,20.54
2009-06-16,4.87,22.64,90.34,93.13,0.7,20.86
2009-06-17,11.18,22.38,90.74,93.04,0.67,20.7
2009-06-18,36.15,22.47,92.68,92.93,0.69,21.17
2009-06-19,33.02,21.81,93.47,92.95,0.62,20.68
2009-06-20,10.25,21.7,93.06,93.05,0.55,20.48
2009-06-21,5.34,22.12,91.06,93.14,0.48,20.5
2009-06-22,4.6,21.93,93.92,93.14,0.55,20.87
2009-06-23,4.04,22.01,91.58,93.06,0.66,20.49
2009-06-24,9.01,21.88,90.99,93.09,0.58,20.23
2009-06-25,17.01,21.35,89.96,93.12,0.64,19.52
2009-06-26,10.6,21.0,92.9,93.05,0.68,19.76
2009-06-27,3.96,21.0,89.3,93.03,0.44,19.03
2009-06-28,4.67,22.03,89.02,92.96,0.47,19.96
2009-06-29,10.65,22.3,91.66,92.97,0.52,20.77
2009-06-30,41.22,22.18,92.0,93.12,0.69,20.75
2009-07-01,27.08,21.3,93.52,93.21,0.73,20.17
2009-07-02,23.49,21.35,92.35,93.15,0.82,20.01
2009-07-03,16.62,21.46,92.66,93.04,0.7,20.16
2009-07-04,15.62,21.49,95.28,92.96,0.76,20.69
2009-07-05,14.69,21.48,92.96,92.96,0.75,20.23
2009-07-06,15.41,21.67,93.24,92.98,0.76,20.5
2009-07-07,5.47,20.69,94.15,93.09,0.58,19.69
2009-07-08,12.73,21.36,92.12,93.12,0.61,19.96
2009-07-09,10.72,21.18,92.01,93.19,0.62,19.75
2009-07-10,4.43,21.45,89.98,93.19,0.32,19.6
2009-07-11,2.84,22.09,93.27,93.23,0.45,20.88
2009-07-12,5.68,21.78,92.66,93.16,0.57,20.46
2009-07-13,17.84,22.4,92.44,93.1,0.73,21.05
2009-07-14,7.0,21.65,94.92,93.14,0.66,20.76
2009-07-15,9.22,21.2,93.07,93.16,0.69,19.98
2009-07-16,32.03,21.76,91.75,93.12,0.68,20.27
2009-07-17,65.51,21.59,95.31,93.04,0.89,20.79
2009-07-18,17.43,20.96,94.61,93.22,0.63,20.03
2009-07-19,5.07,20.97,94.16,93.32,0.57,19.94
2009-07-20,1.44,21.69,92.93,93.24,0.58,20.43
2009-07-21,0.7,21.53,90.98,93.27,0.65,19.88
2009-07-22,2.47,21.84,91.18,93.17,0.5,20.22
2009-07-23,3.93,21.84,91.13,93.22,0.43,20.21
2009-07-24,0.88,21.59,90.4,93.26,0.27,19.82
2009-07-25,0.04,22.64,90.18,93.22,0.45,20.84
2009-07-26,0.83,22.11,91.93,93.2,0.47,20.66
2009-07-27,7.91,22.33,92.9,93.19,0.54,21.06
2009-07-28,10.35,22.44,91.75,93.22,0.5,20.94
2009-07-29,32.63,22.49,92.68,93.25,0.54,21.16
2009-07-30,13.66,21.83,91.6,93.35,0.43,20.29
2009-07-31,16.16,22.01,94.01,93.29,0.49,20.95
2009-08-01,7.01,21.18,92.15,93.26,0.44,19.77
2009-08-02,0.53,21.66,92.87,93.2,0.5,20.39
2009-08-03,0.83,22.46,91.35,93.16,0.6,20.89
2009-08-04,3.15,22.19,91.84,93.17,0.67,20.72
2009-08-05,1.2,22.28,91.99,93.16,0.62,20.84
2009-08-06,0.91,22.81,90.74,93.1,0.65,21.12
2009-08-07,1.18,22.39,91.23,93.13,0.63,20.81
2009-08-08,1.26,22.38,91.75,93.04,0.55,20.89
2009-08-09,0.97,22.51,91.42,93.0,0.6,20.95
2009-08-10,3.09,22.76,91.3,92.97,0.69,21.17
2009-08-11,2.93,22.94,90.81,93.04,0.64,21.25
2009-08-12,0.8,22.94,90.33,93.05,0.6,21.16
2009-08-13,3.03,22.41,90.79,93.05,0.45,20.72
2009-08-14,12.19,22.43,93.18,93.05,0.48,21.21
2009-08-15,2.5,21.79,88.53,93.11,0.45,19.64
2009-08-16,20.85,21.08,91.84,93.02,0.37,19.6
2009-08-17,8.55,20.58,92.32,93.01,0.52,19.24
2009-08-18,1.12,21.48,93.09,92.95,0.43,20.28
2009-08-19,1.49,23.31,86.14,93.0,0.27,20.52
2009-08-20,13.84,22.59,89.69,93.03,0.26,20.66
2009-08-21,5.52,22.1,89.76,93.1,0.57,20.19
2009-08-22,1.98,21.2,90.83,93.16,0.41,19.52
2009-08-23,8.37,22.01,90.99,93.11,0.64,20.37
2009-08-24,3.01,21.71,92.13,93.19,0.59,20.31
2009-08-25,1.78,22.12,90.05,93.19,0.56,20.31
2009-08-26,5.07,21.19,92.85,93.29,0.55,19.93
2009-08-27,2.19,21.57,90.07,93.22,0.49,19.74
2009-08-28,1.06,22.63,90.0,93.18,0.59,20.79
2009-08-29,2.17,22.31,90.47,93.17,0.57,20.56
2009-08-30,2.42,22.38,90.45,93.18,0.52,20.63
2009-08-31,13.97,22.14,92.24,93.22,0.52,20.74
2009-09-01,22.74,22.1,91.96,93.18,0.69,20.66
2009-09-02,8.23,21.58,91.74,93.1,0.6,20.09
2009-09-03,4.23,21.94,91.3,93.11,0.67,20.37
2009-09-04,11.05,21.4,92.56,93.26,0.74,20.08
2009-09-05,14.14,21.72,92.04,93.22,0.82,20.31
2009-09-06,6.22,21.77,93.51,93.09,0.8,20.63
2009-09-07,1.36,22.16,92.56,93.08,0.58,20.83
2009-09-08,0.24,22.3,90.94,93.11,0.52,20.65
2009-09-09,0.11,22.44,89.52,93.13,0.46,20.5
2009-09-10,0.02,22.47,88.22,93.08,0.37,20.24
2009-09-11,0.0,22.62,87.16,93.1,0.42,20.16
2009-09-12,1.1,23.42,87.24,93.16,0.47,20.94
2009-09-13,2.73,22.27,91.49,93.25,0.38,20.75
2009-09-14,0.77,22.13,90.51,93.29,0.41,20.38
2009-09-15,0.18,22.83,87.71,93.1,0.4,20.47
2009-09-16,4.7,22.72,89.33,93.03,0.4,20.71
2009-09-17,9.27,22.49,94.35,93.09,0.36,21.49
2009-09-18,25.47,22.39,91.94,93.19,0.34,20.9
2009-09-19,14.81,21.16,89.69,93.26,0.34,19.27
2009-09-20,8.24,22.26,91.09,93.16,0.41,20.6
2009-09-21,3.03,22.66,89.87,93.11,0.33,20.75
2009-09-22,2.07,22.0,92.07,93.11,0.34,20.58
2009-09-23,7.41,22.29,90.41,93.21,0.37,20.48
2009-09-24,5.24,22.32,93.0,93.29,0.43,21.05
2009-09-25,12.63,22.02,89.95,93.32,0.41,20.15
2009-09-26,8.58,21.31,91.31,93.21,0.42,19.72
2009-09-27,29.84,22.06,95.01,93.02,0.5,21.19
2009-09-28,11.71,22.89,92.08,92.97,0.58,21.44
2009-09-29,4.02,22.08,91.83,93.02,0.52,20.61
2009-09-30,10.82,22.07,92.93,93.0,0.61,20.8
2009-10-01,32.34,21.46,92.16,92.91,0.74,20.06
2009-10-02,25.01,21.58,94.84,92.9,0.83,20.68
2009-10-03,8.47,21.71,91.36,93.1,0.74,20.16
2009-10-04,1.31,21.88,90.78,93.22,0.66,20.2
2009-10-05,0.18,21.81,89.3,93.3,0.53,19.85
2009-10-06,1.16,21.77,90.14,93.23,0.4,19.95
2009-10-07,0.41,22.11,89.0,93.18,0.42,20.03
2009-10-08,2.08,22.11,89.88,93.12,0.43,20.23
2009-10-09,0.22,22.53,88.37,93.09,0.4,20.28
2009-10-10,0.31,22.86,86.82,93.18,0.39,20.32
2009-10-11,0.03,23.05,86.96,93.22,0.38,20.52
2009-10-12,2.51,22.55,90.77,93.22,0.35,20.88
2009-10-13,0.65,22.84,87.73,93.29,0.3,20.48
2009-10-14,0.13,23.37,86.26,93.27,0.3,20.65
2009-10-15,0.25,22.48,89.34,93.26,0.27,20.57
2009-10-16,0.2,22.39,85.75,93.29,0.25,19.69
2009-10-17,0.0,22.97,83.07,93.19,0.34,19.54
2009-10-18,0.0,23.58,84.64,93.11,0.29,20.49
2009-10-19,0.74,23.63,84.46,93.22,0.27,20.51
2009-10-20,0.1,23.74,82.75,93.3,0.26,20.22
2009-10-21,0.01,23.31,83.56,93.33,0.31,19.97
2009-10-22,0.0,22.67,81.85,93.38,0.28,18.96
2009-10-23,0.0,22.23,82.2,93.33,0.33,18.57
2009-10-24,0.0,22.49,82.69,93.21,0.27,19.02
2009-10-25,0.47,22.8,83.79,93.19,0.26,19.66
2009-10-26,6.22,22.92,86.3,93.2,0.26,20.22
2009-10-27,1.49,23.07,83.78,93.18,0.27,19.8
2009-10-28,4.44,23.13,85.4,93.12,0.18,20.27
2009-10-29,11.72,22.69,88.45,93.2,0.25,20.48
2009-10-30,4.61,22.56,83.85,93.25,0.34,19.41
2009-10-31,2.14,22.33,85.62,93.19,0.24,19.5
2009-11-01,0.21,22.09,85.67,93.12,0.27,19.4
2009-11-02,0.33,22.75,82.25,93.1,0.37,19.29
2009-11-03,1.71,22.72,85.79,93.09,0.28,19.99
2009-11-04,10.41,22.45,89.48,93.09,0.28,20.48
2009-11-05,16.46,21.8,89.33,93.03,0.29,19.82
2009-11-06,6.84,21.62,90.96,92.93,0.32,19.98
2009-11-07,43.96,21.42,95.4,92.7,0.44,20.64
2009-11-08,27.99,22.23,96.04,92.68,0.63,21.56
2009-11-09,19.67,22.38,94.27,92.75,0.54,21.38
2009-11-10,24.6,21.38,89.7,92.83,0.44,19.49
2009-11-11,26.07,21.56,90.76,92.78,0.31,19.86
2009-11-12,1.73,22.77,87.53,92.93,0.26,20.37
2009-11-13,1.67,22.53,90.13,93.1,0.2,20.68
2009-11-14,32.02,20.84,91.97,93.06,0.24,19.41
2009-11-15,24.09,20.59,95.72,92.92,0.22,19.86
2009-11-16,5.64,21.99,92.8,92.98,0.21,20.69
2009-11-17,0.39,22.47,90.36,93.16,0.35,20.68
2009-11-18,0.95,22.02,88.53,93.31,0.31,19.81
2009-11-19,6.12,22.8,91.41,93.32,0.4,21.19
2009-11-20,2.93,22.37,89.46,93.43,0.33,20.4
2009-11-21,3.69,21.88,90.24,93.47,0.17,20.12
2009-11-22,5.19,21.36,91.4,93.38,0.18,19.8
2009-11-23,0.94,22.15,86.82,93.38,0.24,19.63
2009-11-24,0.23,22.32,81.98,93.44,0.28,18.64
2009-11-25,0.53,22.59,86.57,93.39,0.26,19.98
2009-11-26,0.05,21.58,87.83,93.32,0.29,19.25
2009-11-27,0.0,20.63,82.39,93.36,0.24,17.17
2009-11-28,0.0,19.98,83.28,93.42,0.28,16.66
2009-11-29,0.0,21.41,82.04,93.42,0.21,17.89
2009-11-30,0.0,22.26,84.65,93.39,0.23,19.33
2009-12-01,2.05,21.66,90.29,93.36,0.2,19.87
2009-12-02,0.91,22.44,87.37,93.32,0.19,20.03
2009-12-03,0.78,22.9,86.68,93.31,0.31,20.32
2009-12-04,0.39,22.61,88.03,93.36,0.36,20.31
2009-12-05,0.37,22.41,87.66,93.26,0.26,20.07
2009-12-06,0.01,21.36,83.63,93.22,0.26,18.25
2009-12-07,0.0,21.11,82.47,93.24,0.27,17.63
2009-12-08,0.0,20.65,80.16,93.24,0.24,16.69
2009-12-09,0.0,21.67,82.96,93.22,0.25,18.34
2009-12-10,0.0,19.88,79.78,93.18,0.41,15.85
2009-12-11,0.0,20.62,81.9,93.08,0.29,17.12
2009-12-12,0.91,21.43,86.58,93.09,0.24,18.93
2009-12-13,0.43,22.66,86.75,93.17,0.29,20.12
2009-12-14,0.1,22.59,84.56,93.3,0.27,19.63
2009-12-15,0.28,22.42,86.54,93.31,0.29,19.89
2009-12-16,0.29,22.0,84.49,93.39,0.32,19.01
2009-12-17,0.2,22.28,85.62,93.42,0.3,19.47
2009-12-18,0.01,22.22,86.66,93.44,0.22,19.7
2009-12-19,0.04,22.31,84.84,93.47,0.27,19.44
2009-12-20,0.06,22.55,82.48,93.46,0.28,19.16
2009-12-21,2.0,22.19,85.68,93.38,0.41,19.52
2009-12-22,0.89,22.03,86.2,93.35,0.33,19.42
2009-12-23,0.51,21.57,85.05,93.32,0.42,18.78
2009-12-24,0.07,21.54,83.61,93.3,0.39,18.45
2009-12-25,0.0,21.15,83.31,93.33,0.3,18.03
2009-12-26,0.18,21.87,82.97,93.24,0.24,18.58
2009-12-27,3.61,21.33,88.31,93.26,0.26,19.18
2009-12-28,0.58,21.51,86.72,93.25,0.24,19.02
2009-12-29,0.08,21.79,85.87,93.24,0.22,19.14
2009-12-30,0.0,21.98,80.15,93.23,0.28,18.09
2009-12-31,0.0,21.87,83.88,93.27,0.35,18.74
2010-01-01,0.0,21.71,81.83,93.25,0.27,18.13
2010-01-02,0.0,21.5,77.49,93.39,0.26,17.02
2010-01-03,0.0,20.5,79.29,93.43,0.32,16.42
2010-01-04,0.0,20.84,75.45,93.31,0.34,15.87
2010-01-05,0.0,20.83,78.82,93.17,0.33,16.69
2010-01-06,0.0,20.22,77.17,93.16,0.25,15.57
2010-01-07,0.0,21.3,79.66,93.22,0.24,17.24
2010-01-08,0.0,21.7,80.49,93.25,0.28,17.73
2010-01-09,4.73,22.24,86.89,93.2,0.22,19.74
2010-01-10,1.95,21.78,85.68,93.31,0.3,19.01
2010-01-11,0.1,22.43,80.53,93.43,0.34,18.45
2010-01-12,4.83,22.53,83.33,93.49,0.38,19.16
2010-01-13,2.75,22.74,88.86,93.49,0.41,20.61
2010-01-14,0.16,23.0,81.2,93.52,0.24,19.2
2010-01-15,0.0,22.25,76.24,93.59,0.28,17.34
2010-01-16,0.0,21.62,76.3,93.66,0.29,16.85
2010-01-17,0.0,21.45,75.41,93.71,0.33,16.34
2010-01-18,0.0,21.73,70.78,93.65,0.27,15.52
2010-01-19,0.0,22.41,73.61,93.48,0.31,16.91
2010-01-20,0.6,22.27,73.02,93.51,0.28,16.51
2010-01-21,0.32,21.6,75.32,93.44,0.31,16.34
2010-01-22,0.0,20.86,69.95,93.43,0.33,14.34
2010-01-23,0.0,20.12,68.12,93.43,0.28,13.11
2010-01-24,0.0,20.72,67.42,93.35,0.32,13.48
2010-01-25,0.0,20.99,70.56,93.36,0.38,14.52
2010-01-26,0.0,22.28,73.07,93.4,0.32,16.45
2010-01-27,0.0,22.41,68.04,93.4,0.26,15.04
2010-01-28,0.0,22.21,72.44,93.42,0.26,16.28
2010-01-29,0.0,22.75,68.9,93.45,0.25,15.91
2010-01-30,0.0,22.6,65.89,93.44,0.31,14.82
2010-01-31,0.0,22.57,69.12,93.48,0.37,15.81
2010-02-01,0.0,22.8,70.1,93.42,0.3,16.27
2010-02-02,0.0,22.95,65.55,93.33,0.27,15.0
2010-02-03,0.0,22.48,58.96,93.33,0.28,12.61
2010-02-04,0.0,22.91,57.71,93.38,0.27,12.69
2010-02-05,0.0,22.71,61.26,93.41,0.29,13.66
2010-02-06,0.0,22.03,57.02,93.43,0.31,11.22
2010-02-07,0.0,22.21,61.54,93.41,0.33,13.06
2010-02-08,0.0,23.07,62.31,93.32,0.32,14.37
2010-02-09,0.0,23.88,68.31,93.25,0.38,16.65
2010-02-10,0.0,24.26,67.3,93.26,0.35,16.52
2010-02-11,0.0,24.25,60.39,93.39,0.36,14.31
2010-02-12,0.0,25.1,62.21,93.36,0.32,16.05
2010-02-13,0.79,25.24,64.64,93.28,0.31,16.78
2010-02-14,0.03,25.46,62.24,93.18,0.33,15.69
2010-02-15,0.0,24.8,56.5,93.17,0.26,13.58
2010-02-16,0.0,24.61,53.56,93.27,0.35,12.37
2010-02-17,0.0,25.47,58.83,93.33,0.32,15.81
2010-02-18,0.0,24.97,65.55,93.43,0.37,16.3
2010-02-19,0.0,24.6,67.66,93.44,0.29,17.16
2010-02-20,0.0,24.3,52.29,93.44,0.32,11.64
2010-02-21,0.0,25.19,55.68,93.42,0.4,13.81
2010-02-22,0.0,26.27,60.39,93.38,0.34,15.78
2010-02-23,0.04,25.61,64.3,93.33,0.39,16.64
2010-02-24,0.0,25.91,67.93,93.22,0.41,18.29
2010-02-25,0.0,26.17,65.96,93.23,0.4,17.92
2010-02-26,0.0,26.61,62.17,93.3,0.38,16.93
2010-02-27,0.0,26.73,60.7,93.28,0.35,16.4
2010-02-28,0.0,26.49,58.62,93.33,0.34,15.39
2010-03-01,0.0,25.63,55.63,93.38,0.31,12.95
2010-03-02,0.0,25.38,54.14,93.37,0.48,12.63
2010-03-03,0.0,25.71,60.35,93.27,0.49,13.91
2010-03-04,0.0,25.78,67.38,93.27,0.47,17.67
2010-03-05,0.0,25.91,69.49,93.28,0.48,18.62
2010-03-06,0.04,25.68,70.78,93.36,0.55,18.98
2010-03-07,0.0,26.73,64.59,93.34,0.52,18.2
2010-03-08,0.0,27.29,61.37,93.3,0.37,16.84
2010-03-09,0.0,26.48,57.31,93.37,0.35,14.27
2010-03-10,0.0,25.94,55.24,93.41,0.27,14.54
2010-03-11,0.0,26.15,55.44,93.47,0.28,14.9
2010-03-12,0.0,25.96,56.67,93.51,0.35,14.95
2010-03-13,0.0,26.09,54.6,93.44,0.28,14.7
2010-03-14,0.0,27.07,58.79,93.35,0.42,16.3
2010-03-15,0.0,27.57,58.14,93.28,0.34,16.6
2010-03-16,0.77,25.92,63.46,93.32,0.25,17.45
2010-03-17,0.13,26.37,52.28,93.38,0.28,13.8
2010-03-18,0.0,25.88,52.97,93.45,0.24,13.97
2010-03-19,0.0,26.38,50.77,93.37,0.37,12.74
2010-03-20,0.0,26.85,52.17,93.28,0.39,13.75
2010-03-21,0.0,27.1,54.91,93.17,0.37,13.99
2010-03-22,0.0,27.04,60.15,93.02,0.48,15.92
2010-03-23,0.0,27.47,56.96,92.91,0.45,14.68
2010-03-24,0.0,27.46,60.29,92.99,0.47,17.25
2010-03-25,0.0,27.48,56.37,93.05,0.39,14.88
2010-03-26,4.99,26.95,67.95,93.09,0.46,19.14
2010-03-27,3.74,26.18,73.88,93.18,0.45,20.24
2010-03-28,0.0,26.35,70.59,93.21,0.29,19.74
2010-03-29,0.0,26.73,69.66,93.27,0.43,19.55
2010-03-30,18.86,25.78,76.86,93.3,0.47,20.68
2010-03-31,5.46,24.62,81.01,93.32,0.5,20.69
2010-04-01,0.29,25.73,72.73,93.22,0.4,19.5
2010-04-02,0.02,27.17,67.92,93.14,0.44,19.63
2010-04-03,0.47,26.73,70.45,93.15,0.26,19.95
2010-04-04,0.85,27.06,68.49,93.23,0.29,19.14
2010-04-05,13.71,25.09,79.78,93.24,0.28,20.64
2010-04-06,1.99,25.67,62.91,93.22,0.3,16.08
2010-04-07,0.86,26.32,58.82,93.24,0.25,16.53
2010-04-08,10.38,24.9,73.47,93.38,0.38,19.17
2010-04-09,1.05,26.48,71.95,93.27,0.35,19.5
2010-04-10,0.0,26.48,72.82,93.11,0.3,20.08
2010-04-11,0.0,27.46,71.33,93.01,0.35,20.29
2010-04-12,0.84,26.28,77.11,93.1,0.36,21.35
2010-04-13,0.65,25.84,77.08,93.12,0.42,20.92
2010-04-14,0.08,25.85,78.25,93.12,0.34,21.31
2010-04-15,0.67,26.6,72.67,93.15,0.3,20.52
2010-04-16,2.02,25.99,73.04,93.19,0.36,19.34
2010-04-17,3.88,25.8,77.48,93.26,0.26,20.79
2010-04-18,1.6,26.01,74.23,93.27,0.32,20.04
2010-04-19,0.25,24.44,83.52,93.24,0.36,21.24
2010-04-20,7.56,24.37,84.83,93.12,0.36,21.43
2010-04-21,1.41,25.21,79.22,93.11,0.47,20.82
2010-04-22,0.24,26.97,69.77,93.09,0.39,19.9
2010-04-23,8.08,26.54,76.5,93.15,0.35,21.06
2010-04-24,2.83,25.13,84.26,93.15,0.29,21.95
2010-04-25,5.5,25.34,81.23,93.07,0.23,21.47
2010-04-26,16.36,25.61,78.25,93.27,0.36,20.64
2010-04-27,6.43,25.56,76.03,93.38,0.27,20.05
2010-04-28,3.67,25.63,77.67,93.28,0.31,20.53
2010-04-29,0.99,25.92,77.0,93.15,0.31,20.93
2010-04-30,21.3,25.38,81.58,93.2,0.35,21.44
2010-05-01,2.31,25.26,75.38,93.24,0.36,19.79
2010-05-02,7.62,24.75,81.43,93.16,0.25,21.04
2010-05-03,8.06,24.84,87.61,93.0,0.29,22.44
2010-05-04,3.81,24.89,87.81,92.9,0.4,22.51
2010-05-05,0.25,25.13,84.54,92.9,0.39,22.06
2010-05-06,2.96,26.25,79.23,92.83,0.4,21.79
2010-05-07,1.61,25.75,84.14,92.83,0.39,22.49
2010-05-08,0.34,26.0,82.44,92.89,0.37,22.35
2010-05-09,2.09,24.58,86.59,92.9,0.39,22.0
2010-05-10,0.92,25.6,77.11,92.89,0.35,20.5
2010-05-11,0.36,25.51,81.87,92.94,0.46,21.82
2010-05-12,0.04,26.52,74.74,92.94,0.33,20.9
2010-05-13,0.0,26.18,79.85,92.94,0.43,21.98
2010-05-14,0.0,25.22,79.76,92.99,0.44,21.15
2010-05-15,0.48,25.63,74.25,92.96,0.4,20.05
2010-05-16,1.95,25.78,80.52,92.93,0.51,21.79
2010-05-17,8.63,26.22,80.4,92.92,0.5,22.0
2010-05-18,5.1,24.63,88.11,92.89,0.66,22.38
2010-05-19,25.42,23.37,88.76,92.88,0.77,21.33
2010-05-20,10.45,23.92,88.88,92.93,0.78,21.89
2010-05-21,6.02,23.69,87.34,93.01,0.69,21.28
2010-05-22,1.04,24.19,86.43,93.02,0.55,21.59
2010-05-23,4.92,24.23,87.29,93.04,0.52,21.82
2010-05-24,4.2,24.6,88.43,93.02,0.62,22.38
2010-05-25,16.69,23.51,87.69,93.12,0.6,21.21
2010-05-26,3.57,23.56,87.24,93.1,0.49,21.12
2010-05-27,5.1,24.2,89.29,93.1,0.51,22.2
2010-05-28,7.69,24.02,90.9,93.18,0.47,22.34
2010-05-29,16.82,23.67,91.44,93.17,0.63,22.11
2010-05-30,15.64,23.02,89.12,93.2,0.66,21.03
2010-05-31,5.53,22.66,89.92,93.22,0.56,20.83
2010-06-01,1.56,23.39,89.02,93.19,0.5,21.34
2010-06-02,13.05,24.68,86.5,93.21,0.52,22.03
2010-06-03,3.23,24.94,84.0,93.26,0.39,21.65
2010-06-04,21.58,24.27,91.48,93.33,0.44,22.7
2010-06-05,15.95,22.91,88.93,93.36,0.61,20.85
2010-06-06,16.64,21.97,89.96,93.23,0.59,20.13
2010-06-07,11.16,21.93,89.05,93.2,0.71,19.92
2010-06-08,3.99,22.09,90.13,93.15,0.61,20.31
2010-06-09,11.24,23.26,90.66,92.94,0.78,21.56
2010-06-10,15.73,22.87,93.96,92.82,0.8,21.83
2010-06-11,27.09,22.66,94.18,92.8,0.84,21.64
2010-06-12,44.94,22.86,93.43,92.8,0.87,21.7
2010-06-13,20.85,23.15,94.82,92.89,0.94,22.26
2010-06-14,9.71,22.13,91.04,93.2,0.6,20.52
2010-06-15,1.88,22.65,89.13,93.17,0.41,20.64
2010-06-16,3.85,22.92,89.86,93.18,0.32,21.05
2010-06-17,12.2,22.15,91.49,93.22,0.4,20.6
2010-06-18,7.04,22.26,90.94,93.2,0.39,20.59
2010-06-19,3.3,22.47,87.52,93.13,0.39,20.05
2010-06-20,3.0,22.64,88.79,93.14,0.38,20.52
2010-06-21,3.13,22.33,88.18,93.15,0.38,20.1
2010-06-22,15.57,22.4,91.61,93.11,0.46,20.89
2010-06-23,20.1,22.22,92.15,93.14,0.73,20.82
2010-06-24,17.0,21.61,90.95,93.07,0.79,20.0
2010-06-25,15.4,21.81,91.63,92.97,0.71,20.3
2010-06-26,14.97,22.32,90.59,93.0,0.66,20.59
2010-06-27,13.37,22.97,92.0,92.98,0.54,21.49
2010-06-28,20.22,23.03,93.01,93.0,0.63,21.78
2010-06-29,13.26,22.48,91.1,93.04,0.59,20.87
2010-06-30,10.22,21.42,90.28,93.03,0.7,19.69
2010-07-01,9.98,20.2,91.42,93.05,0.61,18.68
2010-07-02,2.44,21.47,88.72,93.0,0.56,19.38
2010-07-03,14.31,21.87,89.45,93.02,0.65,19.94
2010-07-04,29.08,22.18,91.23,93.06,0.58,20.6
2010-07-05,12.11,21.27,90.62,93.16,0.62,19.58
2010-07-06,4.02,21.28,91.31,93.17,0.59,19.71
2010-07-07,3.63,21.55,91.03,93.21,0.49,19.92
2010-07-08,8.91,21.63,91.35,93.25,0.41,20.05
2010-07-09,3.95,21.59,91.0,93.15,0.38,19.93
2010-07-10,5.28,23.15,88.44,93.06,0.31,20.91
2010-07-11,0.63,23.78,87.18,93.12,0.31,21.28
2010-07-12,0.26,22.8,89.21,93.18,0.35,20.79
2010-07-13,10.43,21.86,92.5,93.18,0.45,20.54
2010-07-14,7.1,21.88,91.14,93.11,0.53,20.29
2010-07-15,23.78,21.94,92.18,93.0,0.61,20.55
2010-07-16,15.35,21.52,93.78,92.89,0.75,20.44
2010-07-17,23.83,21.19,93.36,93.0,0.62,20.01
2010-07-18,22.42,21.81,93.43,93.07,0.7,20.65
2010-07-19,30.46,21.24,92.73,93.06,0.86,19.97
2010-07-20,12.03,21.41,94.64,93.01,0.72,20.49
2010-07-21,14.84,21.45,93.51,93.06,0.6,20.31
2010-07-22,2.86,21.08,93.35,93.12,0.47,19.92
2010-07-23,6.48,21.13,92.34,93.17,0.42,19.75
2010-07-24,3.27,20.7,92.82,93.15,0.42,19.43
2010-07-25,5.61,21.23,91.99,93.05,0.53,19.79
2010-07-26,12.26,21.57,91.61,93.12,0.53,20.06
2010-07-27,12.21,21.81,92.82,93.15,0.65,20.53
2010-07-28,12.67,21.61,92.67,93.09,0.74,20.3
2010-07-29,12.95,21.32,92.02,93.04,0.77,19.91
2010-07-30,4.27,21.29,91.37,93.11,0.66,19.73
2010-07-31,0.34,21.43,91.72,93.2,0.53,19.95
2010-08-01,0.03,22.2,90.26,93.25,0.42,20.42
2010-08-02,4.24,21.9,91.57,93.2,0.44,20.38
2010-08-03,9.04,21.43,92.69,93.13,0.48,20.11
2010-08-04,7.69,22.01,93.11,93.06,0.55,20.77
2010-08-05,2.34,22.44,93.01,93.14,0.45,21.18
2010-08-06,2.55,22.24,93.47,93.21,0.51,21.07
2010-08-07,1.93,22.55,91.94,93.17,0.48,21.08
2010-08-08,4.61,22.4,94.27,93.15,0.47,21.39
2010-08-09,4.1,22.68,91.43,93.12,0.55,21.12
2010-08-10,1.35,22.76,90.2,93.07,0.61,20.96
2010-08-11,3.65,22.49,90.68,93.06,0.62,20.79
2010-08-12,4.38,22.5,92.48,92.88,0.69,21.16
2010-08-13,15.16,22.53,91.59,92.89,0.73,21.0
2010-08-14,7.17,22.09,93.24,92.95,0.64,20.89
2010-08-15,19.16,22.19,95.97,92.93,0.74,21.5
2010-08-16,18.55,21.62,93.5,93.06,0.81,20.49
2010-08-17,2.71,21.55,93.4,92.99,0.68,20.39
2010-08-18,0.9,21.29,92.78,93.03,0.51,20.01
2010-08-19,0.49,22.21,91.75,93.02,0.48,20.71
2010-08-20,18.46,21.78,91.39,93.06,0.4,20.2
2010-08-21,5.85,20.59,93.9,93.02,0.42,19.53
2010-08-22,1.2,21.44,92.73,92.97,0.6,20.16
2010-08-23,0.34,21.93,92.41,92.91,0.59,20.58
2010-08-24,6.93,21.08,94.83,92.84,0.73,20.2
2010-08-25,6.08,20.99,93.87,92.87,0.7,19.93
2010-08-26,2.79,21.52,92.98,92.99,0.68,20.28
2010-08-27,8.48,21.75,91.76,93.04,0.58,20.26
2010-08-28,11.85,22.04,93.9,93.04,0.49,20.96
2010-08-29,9.29,22.17,93.69,93.1,0.58,21.05
2010-08-30,3.1,20.96,94.91,93.17,0.68,20.08
2010-08-31,0.61,20.74,92.18,93.17,0.35,19.35
2010-09-01,0.02,21.24,91.65,93.2,0.32,19.74
2010-09-02,0.08,21.71,91.1,93.25,0.42,20.09
2010-09-03,1.21,22.11,90.82,93.13,0.49,20.44
2010-09-04,0.15,21.71,91.4,93.11,0.37,20.16
2010-09-05,0.02,21.98,90.22,93.26,0.33,20.16
2010-09-06,0.28,21.75,90.35,93.24,0.34,19.99
2010-09-07,3.59,22.14,91.68,93.11,0.48,20.63
2010-09-08,10.95,21.85,92.05,93.12,0.48,20.42
2010-09-09,18.2,21.93,92.1,93.16,0.39,20.49
2010-09-10,21.46,21.65,93.21,93.13,0.49,20.44
2010-09-11,5.44,21.51,89.1,93.17,0.36,19.47
2010-09-12,2.09,22.29,88.18,93.13,0.34,20.02
2010-09-13,10.22,21.27,91.5,93.14,0.42,19.72
2010-09-14,6.01,21.22,91.41,93.07,0.35,19.65
2010-09-15,8.17,21.32,91.38,93.07,0.44,19.75
2010-09-16,3.69,21.4,92.08,93.07,0.44,19.98
2010-09-17,3.25,22.24,91.2,93.01,0.47,20.62
2010-09-18,6.25,21.4,91.59,92.96,0.48,19.87
2010-09-19,5.26,21.71,90.93,92.91,0.41,20.04
2010-09-20,0.33,22.32,89.12,92.94,0.35,20.25
2010-09-21,4.26,22.4,90.44,93.04,0.33,20.61
2010-09-22,17.83,21.94,92.18,93.07,0.28,20.53
2010-09-23,70.8,22.58,93.43,92.97,0.25,21.4
2010-09-24,24.92,22.12,94.81,93.0,0.46,21.23
2010-09-25,1.77,22.32,87.7,93.07,0.36,19.95
2010-09-26,7.91,22.82,87.0,93.01,0.33,20.26
2010-09-27,5.55,23.05,89.39,93.0,0.38,20.99
2010-09-28,8.14,23.02,89.19,93.06,0.46,20.96
2010-09-29,1.44,22.93,87.8,93.08,0.29,20.6
2010-09-30,2.23,23.09,85.63,92.96,0.27,20.21
2010-10-01,3.21,23.64,85.66,92.83,0.31,20.81
2010-10-02,26.71,22.73,92.44,92.83,0.44,21.35
2010-10-03,17.89,22.68,90.51,92.9,0.36,20.91
2010-10-04,14.37,22.7,91.22,92.89,0.4,21.07
2010-10-05,19.05,22.32,94.97,92.83,0.56,21.45
2010-10-06,41.82,22.26,94.11,92.88,0.68,21.23
2010-10-07,37.44,22.31,95.2,92.85,0.66,21.48
2010-10-08,21.26,22.63,95.3,92.89,0.5,21.81
2010-10-09,7.03,22.16,93.08,92.94,0.49,20.91
2010-10-10,1.58,21.68,90.65,93.03,0.39,19.99
2010-10-11,0.0,22.09,89.1,93.19,0.46,20.09
2010-10-12,0.01,22.21,89.58,93.31,0.42,20.28
2010-10-13,1.94,22.14,90.07,93.25,0.45,20.31
2010-10-14,10.9,22.09,92.53,93.17,0.49,20.74
2010-10-15,15.83,21.71,93.02,93.15,0.61,20.48
2010-10-16,6.56,21.6,90.57,93.07,0.57,19.88
2010-10-17,6.68,22.06,91.05,93.03,0.58,20.41
2010-10-18,16.72,21.76,90.16,93.13,0.51,19.95
2010-10-19,44.24,22.37,91.06,93.14,0.51,20.72
2010-10-20,7.89,21.47,93.04,93.16,0.4,20.25
2010-10-21,18.86,22.16,91.79,93.04,0.5,20.66
2010-10-22,17.88,21.81,94.36,93.0,0.56,20.83
2010-10-23,8.88,22.05,91.68,93.05,0.5,20.52
2010-10-24,0.87,22.07,89.88,93.06,0.41,20.18
2010-10-25,0.0,22.4,89.01,93.08,0.41,20.33
2010-10-26,5.93,22.73,90.54,93.13,0.37,20.96
2010-10-27,12.04,22.4,93.8,93.23,0.42,21.3
2010-10-28,9.83,21.97,91.23,93.25,0.34,20.36
2010-10-29,20.89,22.14,91.49,93.12,0.28,20.57
2010-10-30,14.82,22.09,92.46,93.13,0.22,20.71
2010-10-31,8.45,21.7,95.57,93.1,0.35,20.94
2010-11-01,4.7,21.59,90.69,92.95,0.32,19.86
2010-11-02,0.23,22.19,90.48,93.01,0.39,20.41
2010-11-03,16.05,22.45,90.94,93.2,0.4,20.76
2010-11-04,10.35,21.86,96.47,93.21,0.33,21.27
2010-11-05,34.55,21.8,92.1,93.23,0.39,20.37
2010-11-06,5.39,20.27,91.09,93.13,0.26,18.66
2010-11-07,0.16,20.92,92.92,92.89,0.39,19.68
2010-11-08,0.85,22.14,89.12,92.95,0.31,20.12
2010-11-09,13.66,21.81,92.75,93.33,0.3,20.5
2010-11-10,16.69,22.43,92.27,93.4,0.32,21.01
2010-11-11,11.72,21.09,95.45,93.34,0.48,20.31
2010-11-12,2.57,22.15,86.69,93.08,0.31,19.55
2010-11-13,5.42,23.13,88.65,92.99,0.32,20.96
2010-11-14,11.25,22.62,88.76,93.21,0.28,20.45
2010-11-15,6.76,22.06,87.57,93.29,0.33,19.59
2010-11-16,26.78,22.38,90.83,93.07,0.35,20.66
2010-11-17,12.5,21.83,93.84,93.01,0.36,20.75
2010-11-18,2.42,22.49,88.82,93.16,0.27,20.36
2010-11-19,14.49,22.05,88.75,93.17,0.21,19.92
2010-11-20,19.03,22.19,89.73,93.02,0.25,20.24
2010-11-21,18.77,21.16,92.24,93.05,0.32,19.76
2010-11-22,22.45,22.02,88.71,92.95,0.27,19.85
2010-11-23,7.56,21.6,91.3,92.99,0.26,20.01
2010-11-24,3.87,21.53,91.71,93.08,0.16,20.03
2010-11-25,3.82,20.59,92.94,93.11,0.27,19.34
2010-11-26,5.3,20.24,93.64,93.06,0.24,19.13
2010-11-27,2.64,20.21,93.0,93.02,0.26,18.97
2010-11-28,6.49,20.76,92.42,93.03,0.22,19.41
2010-11-29,0.19,21.35,89.09,93.03,0.27,19.34
2010-11-30,1.53,21.39,87.42,92.96,0.21,19.08
2010-12-01,8.75,21.37,94.26,92.93,0.17,20.38
2010-12-02,12.46,21.53,90.61,92.98,0.15,19.81
2010-12-03,2.07,21.23,92.11,93.03,0.22,19.81
2010-12-04,0.3,20.21,90.3,92.95,0.29,18.49
2010-12-05,0.1,19.47,87.97,92.81,0.29,17.28
2010-12-06,0.0,20.59,82.56,92.81,0.36,17.31
2010-12-07,5.28,21.06,86.57,92.82,0.23,18.49
2010-12-08,7.55,20.55,94.23,92.93,0.3,19.56
2010-12-09,0.74,21.55,91.12,92.96,0.45,19.94
2010-12-10,0.02,21.08,89.0,93.09,0.3,19.06
2010-12-11,0.93,20.94,90.32,93.07,0.29,19.15
2010-12-12,0.82,20.23,91.25,92.99,0.39,18.65
2010-12-13,0.12,20.05,85.49,93.03,0.32,17.15
2010-12-14,0.11,20.7,88.19,93.1,0.4,18.57
2010-12-15,3.65,20.87,89.75,93.07,0.2,19.04
2010-12-16,13.04,21.68,90.12,93.07,0.3,19.83
2010-12-17,8.0,21.47,90.86,93.12,0.31,19.76
2010-12-18,2.72,21.49,89.98,93.1,0.27,19.64
2010-12-19,0.1,19.86,82.61,93.17,0.36,16.5
2010-12-20,0.59,21.33,86.26,93.23,0.27,18.73
2010-12-21,0.09,21.17,87.63,93.18,0.31,18.89
2010-12-22,0.0,20.18,81.07,93.07,0.26,16.38
2010-12-23,0.0,18.85,81.82,93.1,0.22,15.08
2010-12-24,0.0,18.96,83.99,93.14,0.2,15.86
2010-12-25,0.0,20.43,83.46,93.11,0.17,17.26
2010-12-26,0.0,20.31,84.57,93.17,0.18,17.37
2010-12-27,0.0,20.29,83.53,93.17,0.24,17.06
2010-12-28,0.23,19.63,82.71,93.14,0.23,16.25
2010-12-29,0.12,19.77,90.31,93.12,0.3,18.08
2010-12-30,0.04,21.47,86.79,93.12,0.22,19.01
2010-12-31,1.53,21.31,86.74,93.08,0.18,18.82
2011-01-01,1.09,21.71,87.2,93.01,0.24,19.25
2011-01-02,0.0,21.78,85.68,92.98,0.35,18.98
2011-01-03,0.2,21.55,86.61,93.06,0.2,19.0
2011-01-04,0.1,21.2,84.67,93.1,0.18,18.27
2011-01-05,0.29,20.95,85.22,93.03,0.32,18.18
2011-01-06,0.05,21.17,83.73,93.06,0.21,18.08
2011-01-07,0.01,21.18,85.29,93.07,0.21,18.36
2011-01-08,0.0,22.04,85.63,92.99,0.34,19.31
2011-01-09,6.53,22.14,88.26,93.04,0.34,19.92
2011-01-10,3.22,22.19,83.65,93.11,0.34,18.95
2011-01-11,0.0,21.67,82.4,93.13,0.34,18.15
2011-01-12,0.0,19.94,81.91,93.13,0.3,16.31
2011-01-13,0.0,18.49,78.9,93.15,0.3,14.14
2011-01-14,0.0,18.9,81.23,93.22,0.17,15.15
2011-01-15,0.0,20.57,84.16,93.25,0.27,17.54
2011-01-16,0.13,22.07,84.14,93.19,0.2,19.03
2011-01-17,0.01,22.29,83.63,93.17,0.23,19.03
2011-01-18,0.0,21.23,81.55,93.18,0.24,17.58
2011-01-19,0.0,19.04,75.27,93.17,0.23,13.8
2011-01-20,0.0,18.34,75.55,93.24,0.29,13.16
2011-01-21,0.0,18.69,77.92,93.24,0.28,14.15
2011-01-22,0.0,19.48,80.23,93.32,0.33,15.54
2011-01-23,0.0,19.74,80.04,93.37,0.41,15.84
2011-01-24,0.0,19.76,78.76,93.32,0.38,15.59
2011-01-25,0.0,19.92,79.19,93.28,0.32,15.8
2011-01-26,0.03,20.71,81.37,93.32,0.35,17.09
2011-01-27,0.01,21.13,78.99,93.41,0.34,16.97
2011-01-28,0.0,20.61,80.17,93.34,0.33,16.7
2011-01-29,0.0,21.47,80.22,93.29,0.31,17.51
2011-01-30,0.0,21.53,78.96,93.24,0.37,17.37
2011-01-31,0.0,21.2,76.31,93.27,0.37,16.46
2011-02-01,0.0,20.58,72.07,93.29,0.31,14.68
2011-02-02,0.0,19.86,72.75,93.31,0.41,14.2
2011-02-03,0.0,19.9,82.23,93.31,0.32,16.61
2011-02-04,0.0,21.16,75.9,93.33,0.28,16.35
2011-02-05,0.0,20.42,70.87,93.19,0.34,14.02
2011-02-06,0.0,21.03,74.65,93.15,0.19,15.81
2011-02-07,0.0,21.88,77.93,93.15,0.23,17.4
2011-02-08,0.0,22.24,76.18,92.97,0.36,17.06
2011-02-09,20.28,21.88,76.39,92.93,0.29,16.88
2011-02-10,8.41,20.56,73.0,93.11,0.35,14.71
2011-02-11,0.0,19.69,63.98,93.19,0.36,11.67
2011-02-12,0.0,20.15,68.86,93.18,0.31,13.27
2011-02-13,0.0,20.45,64.23,93.08,0.34,12.33
2011-02-14,0.0,20.83,69.74,93.09,0.53,14.21
2011-02-15,0.0,21.34,79.31,93.16,0.49,17.08
2011-02-16,0.0,22.89,77.04,93.2,0.41,17.95
2011-02-17,0.0,23.13,76.89,93.2,0.44,18.07
2011-02-18,0.0,23.35,77.85,93.17,0.43,18.58
2011-02-19,0.0,23.85,75.48,93.27,0.33,18.55
2011-02-20,0.0,23.95,74.63,93.31,0.31,18.37
2011-02-21,1.1,24.1,75.92,93.26,0.29,18.81
2011-02-22,12.09,23.32,81.13,93.23,0.26,19.28
2011-02-23,4.68,22.64,82.22,93.32,0.25,18.97
2011-02-24,8.94,22.35,87.23,93.27,0.27,19.9
2011-02-25,1.79,22.55,84.31,93.09,0.25,19.46
2011-02-26,28.26,22.34,85.14,93.11,0.25,19.41
2011-02-27,8.56,22.14,78.53,93.22,0.26,17.72
2011-02-28,0.0,22.17,70.37,93.24,0.2,15.67
2011-03-01,0.0,21.8,69.69,93.2,0.29,15.07
2011-03-02,0.0,21.83,66.09,93.17,0.29,14.07
2011-03-03,0.0,22.19,62.18,93.19,0.25,13.1
2011-03-04,0.0,23.66,63.81,93.14,0.33,15.24
2011-03-05,0.0,24.36,70.4,93.15,0.24,17.72
2011-03-06,0.0,24.35,63.52,93.27,0.27,15.49
2011-03-07,0.0,23.46,58.43,93.36,0.32,13.25
2011-03-08,0.0,23.86,54.63,93.28,0.44,12.21
2011-03-09,0.0,24.48,59.91,93.25,0.31,14.17
2011-03-10,0.0,24.19,59.69,93.24,0.43,13.68
2011-03-11,0.0,24.07,64.64,93.13,0.37,15.03
2011-03-12,0.02,24.01,61.44,93.09,0.33,14.35
2011-03-13,3.27,24.41,68.0,93.17,0.37,16.86
2011-03-14,4.04,24.48,66.32,93.11,0.38,16.19
2011-03-15,0.0,24.12,60.98,93.04,0.32,14.47
2011-03-16,0.0,23.77,57.54,92.95,0.36,13.06
2011-03-17,0.04,23.51,58.18,93.04,0.4,13.16
2011-03-18,0.0,22.94,57.97,93.01,0.39,11.89
2011-03-19,0.0,24.53,68.21,93.0,0.42,17.06
2011-03-20,0.19,25.14,69.83,93.02,0.4,18.29
2011-03-21,0.01,24.78,72.09,93.14,0.42,18.51
2011-03-22,0.0,25.41,71.03,93.16,0.39,18.65
2011-03-23,4.35,25.69,70.16,93.13,0.39,18.41
2011-03-24,2.08,25.14,74.53,93.17,0.43,19.24
2011-03-25,1.57,24.89,75.8,93.17,0.46,19.61
2011-03-26,0.17,24.97,75.91,93.2,0.42,19.71
2011-03-27,0.0,25.75,70.99,93.2,0.35,18.9
2011-03-28,0.02,25.18,73.59,93.17,0.3,19.26
2011-03-29,5.2,25.49,73.94,93.22,0.36,19.34
2011-03-30,0.92,26.07,65.6,93.25,0.36,16.5
2011-03-31,0.0,26.09,67.33,93.25,0.37,17.45
2011-04-01,0.0,26.07,69.62,93.24,0.42,18.35
2011-04-02,0.25,25.73,73.3,93.22,0.4,19.65
2011-04-03,1.93,25.01,75.07,93.26,0.39,19.48
2011-04-04,0.13,25.06,70.16,93.23,0.4,18.25
2011-04-05,0.0,25.16,69.35,93.22,0.39,18.2
2011-04-06,0.0,25.63,63.78,93.22,0.31,16.76
2011-04-07,0.0,25.71,59.17,93.23,0.35,15.06
2011-04-08,2.82,25.68,68.84,93.27,0.44,17.73
2011-04-09,1.51,26.25,69.25,93.3,0.44,18.59
2011-04-10,0.6,26.62,67.31,93.3,0.34,18.55
2011-04-11,10.57,26.12,71.64,93.21,0.27,19.43
2011-04-12,5.15,25.67,73.06,93.19,0.35,19.32
2011-04-13,5.38,25.66,73.77,93.21,0.33,19.61
2011-04-14,1.96,24.14,82.1,93.15,0.37,20.48
2011-04-15,2.45,24.62,77.63,93.04,0.33,19.92
2011-04-16,0.2,25.82,63.51,93.1,0.26,16.1
2011-04-17,1.03,25.65,68.26,93.18,0.31,17.94
2011-04-18,2.16,25.06,77.69,93.07,0.33,20.12
2011-04-19,1.16,23.81,83.07,93.01,0.33,20.42
2011-04-20,0.78,24.07,77.01,93.02,0.19,19.2
2011-04-21,7.78,24.31,76.06,92.99,0.34,19.01
2011-04-22,11.68,23.14,89.41,92.95,0.39,21.15
2011-04-23,13.43,22.18,93.05,92.96,0.53,20.96
2011-04-24,3.38,23.59,82.21,92.98,0.28,19.92
2011-04-25,19.06,23.67,86.52,92.93,0.46,20.98
2011-04-26,5.82,24.14,83.6,92.96,0.38,20.77
2011-04-27,0.01,24.18,85.54,92.92,0.39,21.3
2011-04-28,4.31,23.98,86.93,92.89,0.47,21.46
2011-04-29,0.95,23.81,88.33,92.93,0.43,21.65
2011-04-30,0.28,25.13,78.06,93.0,0.44,20.47
2011-05-01,1.23,24.86,82.56,93.08,0.42,21.35
2011-05-02,0.49,24.88,82.63,93.12,0.41,21.3
2011-05-03,9.83,24.52,86.99,93.09,0.45,22.0
2011-05-04,0.75,23.56,85.55,93.17,0.44,20.81
2011-05-05,0.11,24.16,84.43,93.1,0.36,21.13
2011-05-06,0.05,24.62,84.22,93.13,0.48,21.55
2011-05-07,0.0,24.37,80.37,93.15,0.59,20.47
2011-05-08,0.0,23.94,75.99,93.05,0.55,18.87
2011-05-09,1.02,23.64,77.62,93.11,0.53,18.95
2011-05-10,0.62,24.5,76.86,93.13,0.53,19.5
2011-05-11,0.02,24.88,74.75,93.12,0.52,19.41
2011-05-12,0.0,25.08,73.46,93.12,0.51,19.33
2011-05-13,10.81,25.02,76.28,93.08,0.49,19.76
2011-05-14,8.3,25.32,78.95,93.07,0.46,20.82
2011-05-15,0.0,25.25,79.23,93.14,0.46,20.96
2011-05-16,0.0,26.73,71.83,93.13,0.34,20.02
2011-05-17,0.44,25.73,77.45,93.21,0.42,20.81
2011-05-18,0.3,25.28,79.87,93.18,0.44,21.15
2011-05-19,0.08,24.33,85.13,93.15,0.47,21.48
2011-05-20,6.19,25.1,80.96,93.04,0.42,21.18
2011-05-21,0.76,24.03,83.61,93.04,0.47,20.79
2011-05-22,0.02,25.1,72.51,93.06,0.41,18.95
2011-05-23,3.75,24.61,77.43,93.13,0.46,19.88
2011-05-24,2.72,24.31,88.45,93.07,0.51,22.1
2011-05-25,1.33,24.66,86.33,92.97,0.57,22.05
2011-05-26,5.38,23.73,85.15,93.07,0.55,20.88
2011-05-27,17.38,24.3,85.18,93.06,0.57,21.32
2011-05-28,19.86,22.79,85.78,93.11,0.48,20.07
2011-05-29,18.76,22.87,90.71,93.1,0.54,21.16
2011-05-30,27.61,23.82,91.64,93.05,0.72,22.28
2011-05-31,33.07,22.73,92.04,93.03,0.72,21.32
2011-06-01,53.07,22.96,91.58,92.95,0.77,21.45
2011-06-02,40.32,22.53,92.49,93.04,0.92,21.21
2011-06-03,31.48,22.39,92.43,93.07,0.56,21.04
2011-06-04,13.71,23.04,90.56,93.06,0.58,21.3
2011-06-05,15.87,22.41,91.39,93.07,0.5,20.86
2011-06-06,20.82,22.59,90.2,93.09,0.46,20.78
2011-06-07,2.86,22.77,90.43,93.1,0.42,20.99
2011-06-08,1.17,23.16,89.43,93.1,0.43,21.18
2011-06-09,8.15,22.98,91.69,93.04,0.53,21.48
2011-06-10,2.29,23.42,89.18,93.06,0.68,21.43
2011-06-11,0.0,23.28,89.22,93.09,0.61,21.3
2011-06-12,0.0,22.94,91.13,93.17,0.57,21.35
2011-06-13,11.4,22.44,89.78,93.34,0.55,20.56
2011-06-14,25.24,21.42,92.9,93.31,0.77,20.16
2011-06-15,12.63,21.4,91.31,93.36,0.39,19.83
2011-06-16,15.01,21.54,92.03,93.33,0.61,20.12
2011-06-17,15.29,21.32,90.25,93.25,0.64,19.54
2011-06-18,4.8,21.96,90.64,93.12,0.6,20.26
2011-06-19,4.36,22.73,89.52,93.0,0.75,20.81
2011-06-20,4.9,22.84,89.66,93.04,0.66,20.93
2011-06-21,2.51,22.51,91.16,93.12,0.61,20.91
2011-06-22,0.75,22.48,89.46,93.02,0.64,20.54
2011-06-23,4.51,23.07,89.0,92.92,0.68,21.02
2011-06-24,6.15,23.08,89.44,92.92,0.74,21.12
2011-06-25,9.87,23.21,91.64,92.93,0.73,21.7
2011-06-26,7.27,22.86,91.91,93.01,0.62,21.41
2011-06-27,3.51,22.13,89.06,93.09,0.74,20.11
2011-06-28,1.5,21.57,87.44,93.07,0.56,19.26
2011-06-29,0.02,22.16,89.23,93.09,0.42,20.15
2011-06-30,3.72,22.88,87.72,93.04,0.47,20.53
2011-07-01,3.57,22.68,89.11,93.06,0.47,20.62
2011-07-02,0.14,21.58,88.45,93.08,0.42,19.47
2011-07-03,0.06,22.26,87.64,93.11,0.38,19.96
2011-07-04,2.24,21.81,87.72,93.18,0.52,19.52
2011-07-05,20.8,20.31,89.46,93.16,0.49,18.41
2011-07-06,18.42,21.35,89.5,93.03,0.64,19.42
2011-07-07,10.34,21.98,88.0,93.07,0.48,19.71
2011-07-08,3.3,21.1,90.56,93.31,0.47,19.4
2011-07-09,6.9,21.49,90.01,93.27,0.42,19.66
2011-07-10,4.59,21.55,90.08,93.19,0.41,19.7
2011-07-11,20.4,22.42,91.54,93.06,0.78,20.88
2011-07-12,19.56,20.85,91.97,92.98,0.72,19.44
2011-07-13,3.66,21.06,89.67,92.95,0.63,19.16
2011-07-14,6.15,20.8,89.7,93.08,0.59,18.94
2011-07-15,10.26,21.09,91.73,93.08,0.64,19.61
2011-07-16,19.17,21.38,92.07,93.01,0.73,19.97
2011-07-17,11.91,21.29,91.83,93.0,0.63,19.83
2011-07-18,11.8,21.27,93.07,93.09,0.66,20.06
2011-07-19,5.78,21.22,92.94,93.16,0.49,19.98
2011-07-20,5.01,21.26,92.0,93.18,0.61,19.83
2011-07-21,3.76,21.59,90.87,93.17,0.49,19.93
2011-07-22,2.95,21.05,92.58,93.14,0.44,19.73
2011-07-23,7.48,21.57,92.59,93.09,0.45,20.24
2011-07-24,10.17,20.78,92.96,93.01,0.53,19.54
2011-07-25,4.45,21.08,91.01,93.06,0.55,19.44
2011-07-26,5.08,20.88,90.22,93.15,0.42,19.1
2011-07-27,0.62,20.38,91.21,93.22,0.42,18.8
2011-07-28,2.68,20.81,90.27,93.14,0.41,19.03
2011-07-29,4.28,20.16,90.38,93.09,0.38,18.42
2011-07-30,5.05,21.24,91.32,93.04,0.43,19.66
2011-07-31,2.43,22.1,91.64,93.01,0.53,20.57
2011-08-01,0.39,21.89,88.99,93.08,0.48,19.83
2011-08-02,1.56,22.5,89.91,93.09,0.62,20.64
2011-08-03,3.54,21.67,91.97,93.14,0.6,20.25
2011-08-04,2.86,21.54,90.45,93.2,0.53,19.8
2011-08-05,24.02,20.96,92.35,93.17,0.55,19.6
2011-08-06,34.06,20.86,91.95,93.11,0.65,19.43
2011-08-07,12.84,21.48,92.71,93.02,0.66,20.19
2011-08-08,8.98,21.67,92.73,93.0,0.51,20.38
2011-08-09,2.73,21.83,91.33,93.05,0.47,20.25
2011-08-10,2.27,21.71,90.47,93.11,0.47,19.96
2011-08-11,8.4,21.8,91.54,93.09,0.61,20.28
2011-08-12,15.79,21.15,91.88,92.95,0.48,19.69
2011-08-13,2.86,21.32,89.57,92.88,0.43,19.42
2011-08-14,0.02,21.38,86.14,93.07,0.26,18.75
2011-08-15,9.19,22.03,90.02,93.14,0.36,20.18
2011-08-16,4.03,21.6,91.38,93.08,0.45,20.05
2011-08-17,6.72,21.63,92.02,93.01,0.51,20.21
2011-08-18,3.12,21.25,91.32,93.04,0.61,19.7
2011-08-19,5.36,21.38,90.9,93.03,0.54,19.76
2011-08-20,3.02,22.0,93.28,93.01,0.61,20.8
2011-08-21,0.76,21.52,91.14,93.05,0.58,19.94
2011-08-22,0.44,21.4,90.75,93.08,0.51,19.71
2011-08-23,4.86,21.88,91.5,93.11,0.51,20.35
2011-08-24,3.17,20.32,91.45,93.11,0.36,18.79
2011-08-25,6.15,21.29,93.1,93.12,0.53,20.06
2011-08-26,2.55,21.8,90.69,93.19,0.41,20.1
2011-08-27,0.51,21.86,91.5,93.2,0.58,20.33
2011-08-28,6.64,22.19,91.42,93.16,0.59,20.63
2011-08-29,17.26,21.77,92.56,93.17,0.61,20.44
2011-08-30,12.38,21.48,91.12,93.18,0.55,19.86
2011-08-31,38.79,21.6,91.73,93.08,0.64,20.12
2011-09-01,24.76,21.6,94.1,93.05,0.64,20.58
2011-09-02,32.27,21.99,93.73,93.05,0.59,20.88
2011-09-03,8.75,21.39,93.51,93.08,0.58,20.26
2011-09-04,5.15,21.98,91.43,93.11,0.49,20.41
2011-09-05,1.81,22.33,90.93,93.16,0.47,20.67
2011-09-06,7.21,21.69,92.75,93.24,0.4,20.4
2011-09-07,3.17,21.44,90.95,93.21,0.44,19.81
2011-09-08,6.45,22.41,91.07,93.12,0.43,20.77
2011-09-09,9.63,21.5,92.44,93.19,0.46,20.16
2011-09-10,14.17,21.6,92.08,93.19,0.6,20.18
2011-09-11,6.08,21.79,92.91,93.06,0.63,20.53
2011-09-12,25.21,21.19,90.2,93.02,0.54,19.4
2011-09-13,17.7,19.76,91.94,93.05,0.53,18.33
2011-09-14,13.8,20.49,91.65,93.07,0.55,18.98
2011-09-15,14.72,21.14,92.86,93.05,0.56,19.86
2011-09-16,4.48,22.33,91.63,93.11,0.49,20.8
2011-09-17,2.56,22.31,91.66,93.15,0.41,20.78
2011-09-18,0.59,22.11,91.03,93.23,0.39,20.48
2011-09-19,5.91,22.29,89.99,93.28,0.43,20.45
2011-09-20,5.31,22.16,90.82,93.36,0.45,20.47
2011-09-21,4.81,21.47,92.06,93.31,0.45,20.04
2011-09-22,1.24,21.67,88.86,93.22,0.45,19.6
2011-09-23,0.25,21.53,89.86,93.16,0.37,19.67
2011-09-24,0.05,22.06,88.02,93.22,0.38,19.79
2011-09-25,0.17,22.32,87.75,93.27,0.32,19.97
2011-09-26,1.17,22.5,87.48,93.31,0.33,20.08
2011-09-27,0.14,22.48,88.09,93.2,0.44,20.21
2011-09-28,0.0,22.11,87.25,93.17,0.44,19.69
2011-09-29,0.37,22.12,88.83,93.13,0.42,20.02
2011-09-30,2.32,22.36,92.66,93.14,0.39,21.03
2011-10-01,1.03,22.58,89.31,93.14,0.29,20.55
2011-10-02,0.29,22.55,89.5,93.15,0.35,20.57
2011-10-03,1.0,22.82,88.17,93.12,0.43,20.58
2011-10-04,1.34,22.47,87.95,93.13,0.47,20.19
2011-10-05,1.28,22.56,87.01,93.2,0.35,20.0
2011-10-06,1.59,22.47,87.41,93.33,0.4,20.03
2011-10-07,0.62,22.5,86.23,93.3,0.37,19.84
2011-10-08,0.14,22.38,86.15,93.28,0.37,19.7
2011-10-09,0.3,22.4,86.71,93.26,0.4,19.86
2011-10-10,1.12,22.31,90.2,93.25,0.37,20.51
2011-10-11,0.77,22.58,89.02,93.27,0.33,20.52
2011-10-12,10.06,21.97,90.84,93.21,0.33,20.3
2011-10-13,9.64,22.71,89.57,93.07,0.32,20.73
2011-10-14,6.36,23.48,88.87,93.04,0.34,21.36
2011-10-15,4.85,23.24,91.19,93.0,0.33,21.6
2011-10-16,14.3,22.32,90.17,93.02,0.29,20.48
2011-10-17,6.29,22.12,89.95,93.06,0.3,20.22
2011-10-18,10.74,22.49,88.91,93.08,0.26,20.39
2011-10-19,9.65,22.49,89.98,93.02,0.29,20.61
2011-10-20,1.61,23.14,86.84,93.0,0.25,20.56
2011-10-21,2.17,23.6,85.24,92.98,0.22,20.73
2011-10-22,1.84,23.06,86.15,92.96,0.29,20.32
2011-10-23,7.65,21.64,89.74,93.06,0.32,19.75
2011-10-24,3.51,22.52,85.41,93.02,0.19,19.66
2011-10-25,8.28,21.9,88.33,92.97,0.21,19.72
2011-10-26,12.11,21.98,89.6,92.97,0.46,20.05
2011-10-27,9.58,22.28,90.0,93.07,0.28,20.41
2011-10-28,6.76,22.42,87.88,93.07,0.21,20.08
2011-10-29,19.56,21.26,90.56,93.03,0.28,19.54
2011-10-30,14.53,21.11,93.24,92.92,0.21,19.92
2011-10-31,13.18,22.14,88.64,92.92,0.29,19.97
2011-11-01,25.26,21.48,93.86,92.97,0.43,20.39
2011-11-02,16.21,21.45,93.13,93.04,0.35,20.24
2011-11-03,10.02,21.37,87.59,93.06,0.4,19.06
2011-11-04,3.44,21.49,86.37,93.11,0.42,18.86
2011-11-05,2.73,22.27,88.74,93.2,0.44,20.12
2011-11-06,18.98,22.35,92.82,93.24,0.28,21.06
2011-11-07,11.71,21.87,92.64,93.29,0.29,20.55
2011-11-08,0.86,20.66,82.49,93.3,0.35,17.08
2011-11-09,0.0,19.42,80.8,93.24,0.37,15.54
2011-11-10,0.0,19.26,78.24,93.25,0.38,14.87
2011-11-11,0.0,20.3,77.78,93.27,0.31,15.95
2011-11-12,0.0,21.31,80.5,93.25,0.31,17.53
2011-11-13,0.16,21.96,83.76,93.21,0.24,18.79
2011-11-14,0.78,21.79,85.1,93.24,0.24,18.89
2011-11-15,0.07,21.4,82.48,93.29,0.34,17.94
2011-11-16,0.35,21.08,81.54,93.22,0.33,17.45
2011-11-17,0.77,22.03,85.75,93.15,0.27,19.34
2011-11-18,0.56,22.86,84.1,93.15,0.26,19.76
2011-11-19,0.06,21.77,83.03,93.16,0.38,18.54
2011-11-20,0.06,20.88,81.26,93.2,0.47,17.33
2011-11-21,0.08,21.73,84.05,93.24,0.4,18.76
2011-11-22,0.0,21.87,83.28,93.17,0.39,18.7
2011-11-23,0.08,21.61,84.01,93.1,0.37,18.6
2011-11-24,2.24,22.36,87.2,93.03,0.39,20.01
2011-11-25,11.3,21.92,91.95,92.89,0.49,20.53
2011-11-26,17.81,22.62,89.26,92.61,0.83,20.7
2011-11-27,21.69,22.44,94.6,92.96,0.63,21.53
2011-11-28,8.73,22.09,92.36,93.04,0.44,20.69
2011-11-29,2.27,22.7,89.48,93.06,0.17,20.73
2011-11-30,5.03,22.87,90.06,93.08,0.17,20.99
2011-12-01,1.3,22.6,87.13,93.14,0.2,20.09
2011-12-02,0.21,22.51,86.91,93.12,0.29,19.94
2011-12-03,0.17,22.92,86.08,93.0,0.36,20.15
2011-12-04,13.09,22.38,88.38,93.06,0.31,20.15
2011-12-05,6.27,21.74,88.83,93.16,0.19,19.6
2011-12-06,0.37,20.05,83.73,93.18,0.32,16.83
2011-12-07,0.0,19.65,81.81,93.17,0.44,16.1
2011-12-08,0.0,19.55,81.94,93.14,0.35,16.0
2011-12-09,0.12,21.81,84.64,93.1,0.24,18.83
2011-12-10,0.05,22.42,84.58,93.17,0.21,19.42
2011-12-11,0.22,22.36,84.56,93.18,0.24,19.37
2011-12-12,0.06,21.55,84.2,93.23,0.19,18.55
2011-12-13,0.02,21.64,84.99,93.21,0.26,18.89
2011-12-14,0.0,21.86,84.93,93.25,0.29,19.05
2011-12-15,0.27,21.76,83.05,93.26,0.23,18.44
2011-12-16,0.18,21.14,81.67,93.29,0.38,17.56
2011-12-17,0.0,19.8,80.17,93.28,0.37,15.91
2011-12-18,0.06,20.3,82.43,93.26,0.42,17.03
2011-12-19,0.38,20.29,85.28,93.29,0.34,17.6
2011-12-20,0.03,19.6,80.99,93.22,0.36,15.95
2011-12-21,0.0,19.47,80.71,93.2,0.35,15.73
2011-12-22,0.0,19.35,81.82,93.2,0.38,15.93
2011-12-23,0.0,19.53,81.15,93.16,0.26,16.05
2011-12-24,2.08,20.94,79.27,93.11,0.21,16.82
2011-12-25,0.2,19.24,76.0,93.16,0.32,14.17
2011-12-26,0.0,18.85,72.12,93.24,0.44,12.97
2011-12-27,0.0,19.72,73.31,93.26,0.52,14.33
2011-12-28,0.0,20.21,83.85,93.26,0.4,16.95
2011-12-29,0.01,20.28,78.88,93.17,0.42,15.78
2011-12-30,21.48,21.47,86.42,93.06,0.51,18.98
2011-12-31,28.23,21.83,93.51,93.15,0.48,20.66
2012-01-01,0.37,20.46,81.74,93.25,0.39,16.74
2012-01-02,0.0,19.73,77.16,93.3,0.49,14.95
2012-01-03,0.0,21.0,77.28,93.27,0.43,16.32
2012-01-04,0.0,21.68,84.0,93.28,0.26,18.58
2012-01-05,0.0,22.46,82.63,93.4,0.25,19.02
2012-01-06,0.0,21.51,79.63,93.5,0.31,17.34
2012-01-07,0.0,20.17,78.7,93.53,0.31,15.83
2012-01-08,0.0,21.79,82.53,93.47,0.25,18.4
2012-01-09,0.0,23.03,81.15,93.4,0.2,19.29
2012-01-10,0.3,22.56,83.02,93.37,0.34,19.16
2012-01-11,0.6,22.51,83.21,93.38,0.26,19.2
2012-01-12,0.1,22.04,79.58,93.36,0.29,17.89
2012-01-13,0.0,21.25,78.54,93.41,0.29,16.95
2012-01-14,0.0,20.94,75.54,93.33,0.34,15.99
2012-01-15,0.0,19.56,72.4,93.21,0.32,13.83
2012-01-16,0.0,18.64,67.04,93.15,0.34,11.45
2012-01-17,0.0,19.19,65.94,93.1,0.36,11.62
2012-01-18,0.0,20.43,72.69,93.12,0.34,14.76
2012-01-19,0.16,21.49,78.0,93.08,0.33,16.8
2012-01-20,0.3,21.19,76.16,93.17,0.41,15.91
2012-01-21,0.0,21.16,69.96,93.2,0.37,14.44
2012-01-22,0.0,20.6,69.46,93.3,0.35,13.89
2012-01-23,0.0,19.78,66.94,93.33,0.3,12.35
2012-01-24,0.0,19.68,65.88,93.29,0.25,12.15
2012-01-25,0.0,19.89,62.55,93.27,0.3,11.12
2012-01-26,0.0,20.31,66.23,93.25,0.41,12.75
2012-01-27,0.0,20.73,70.88,93.26,0.41,14.42
2012-01-28,0.0,21.53,73.32,93.2,0.33,15.76
2012-01-29,0.0,21.36,76.3,93.19,0.24,16.47
2012-01-30,0.01,21.82,70.16,93.24,0.29,15.37
2012-01-31,0.02,21.37,68.41,93.34,0.39,14.71
2012-02-01,0.0,21.09,63.56,93.33,0.4,12.8
2012-02-02,0.0,21.08,65.81,93.34,0.39,13.56
2012-02-03,0.0,22.22,67.1,93.34,0.38,15.14
2012-02-04,0.0,22.99,64.86,93.32,0.27,15.13
2012-02-05,0.0,22.79,68.27,93.3,0.23,15.79
2012-02-06,0.0,22.98,67.07,93.26,0.2,15.34
2012-02-07,0.0,24.2,69.47,93.2,0.23,17.48
2012-02-08,0.0,23.92,67.4,93.15,0.24,16.69
2012-02-09,0.0,23.57,73.79,93.13,0.17,18.16
2012-02-10,1.61,22.94,75.24,93.18,0.24,17.86
2012-02-11,9.59,22.91,78.16,93.21,0.29,18.16
2012-02-12,3.0,23.33,70.56,93.25,0.25,16.29
2012-02-13,0.0,22.97,64.78,93.29,0.36,14.27
2012-02-14,0.0,23.06,65.11,93.34,0.37,14.12
2012-02-15,0.0,24.2,69.81,93.27,0.31,16.9
2012-02-16,0.0,24.79,68.26,93.1,0.34,17.16
2012-02-17,0.0,24.38,66.35,93.13,0.23,16.45
2012-02-18,0.0,23.94,62.89,93.22,0.26,14.85
2012-02-19,0.0,22.9,55.22,93.25,0.29,11.28
2012-02-20,0.0,23.2,51.9,93.21,0.32,9.5
2012-02-21,0.0,23.84,52.63,93.11,0.39,12.08
2012-02-22,0.0,23.65,48.93,93.07,0.37,9.94
2012-02-23,0.0,22.37,50.48,93.06,0.4,9.49
2012-02-24,0.0,22.85,43.08,93.05,0.29,7.06
2012-02-25,0.0,23.34,37.67,92.9,0.34,6.09
2012-02-26,0.0,22.96,41.59,92.89,0.29,6.23
2012-02-27,0.0,24.58,47.47,92.92,0.3,10.23
2012-02-28,0.0,24.72,59.33,93.0,0.44,15.21
2012-02-29,0.0,25.59,62.52,92.9,0.37,16.11
2012-03-01,0.0,26.05,62.14,92.98,0.35,16.74
2012-03-02,0.0,26.01,66.84,93.0,0.39,18.15
2012-03-03,0.0,25.48,66.94,93.0,0.43,17.87
2012-03-04,0.0,24.99,63.12,93.03,0.43,16.06
2012-03-05,0.0,24.9,66.58,93.1,0.33,17.18
2012-03-06,0.0,25.56,66.27,93.09,0.4,17.69
2012-03-07,0.19,24.61,73.51,92.99,0.55,18.56
2012-03-08,0.04,23.77,75.19,92.99,0.62,18.65
2012-03-09,0.0,24.81,64.26,92.93,0.52,16.47
2012-03-10,0.0,24.35,67.72,92.89,0.35,17.13
2012-03-11,0.1,25.51,60.27,92.95,0.29,15.42
2012-03-12,0.37,23.91,68.42,93.21,0.23,16.75
2012-03-13,0.65,25.08,67.01,93.25,0.23,17.55
2012-03-14,0.38,25.91,64.65,93.27,0.27,17.64
2012-03-15,0.12,26.66,63.45,93.3,0.33,17.89
2012-03-16,9.65,25.52,71.87,93.34,0.35,19.06
2012-03-17,2.93,26.27,66.58,93.26,0.35,17.62
2012-03-18,0.0,26.57,61.52,93.3,0.33,15.76
2012-03-19,0.0,26.9,63.12,93.31,0.38,16.92
2012-03-20,0.0,26.83,61.19,93.25,0.32,16.45
2012-03-21,0.0,26.43,64.6,93.21,0.42,17.18
2012-03-22,4.17,26.05,68.58,93.21,0.39,18.39
2012-03-23,1.48,25.95,65.31,93.25,0.37,16.32
2012-03-24,0.0,26.25,57.74,93.24,0.33,14.12
2012-03-25,0.0,25.43,54.77,93.25,0.4,11.85
2012-03-26,0.0,25.42,58.78,93.28,0.38,13.35
2012-03-27,1.42,24.99,61.93,93.34,0.42,14.84
2012-03-28,1.11,25.68,68.7,93.45,0.28,18.25
2012-03-29,2.26,25.12,73.58,93.44,0.35,19.22
2012-03-30,1.34,24.76,77.32,93.34,0.52,19.87
2012-03-31,11.37,25.75,71.32,93.26,0.37,18.97
2012-04-01,2.31,26.03,67.31,93.24,0.3,17.66
2012-04-02,0.23,24.44,70.02,93.38,0.32,17.53
2012-04-03,0.01,25.67,64.84,93.46,0.34,16.85
2012-04-04,3.0,25.52,70.67,93.43,0.43,18.35
2012-04-05,0.82,25.97,69.67,93.25,0.46,18.53
2012-04-06,14.38,25.65,73.97,93.16,0.45,19.64
2012-04-07,2.18,26.67,67.51,93.06,0.35,18.34
2012-04-08,0.0,27.18,63.13,93.05,0.31,17.59
2012-04-09,0.15,25.79,71.9,93.17,0.34,19.45
2012-04-10,0.04,26.43,68.82,93.18,0.35,19.02
2012-04-11,3.23,26.59,70.7,93.11,0.36,19.42
2012-04-12,1.49,25.29,75.48,93.11,0.37,19.73
2012-04-13,0.05,26.07,68.11,93.04,0.3,18.49
2012-04-14,0.41,26.17,67.02,93.11,0.29,18.05
2012-04-15,1.05,25.86,70.4,93.15,0.32,18.82
2012-04-16,0.35,25.86,71.2,93.12,0.34,19.07
2012-04-17,2.42,24.77,78.4,93.04,0.44,20.21
2012-04-18,0.76,24.73,80.35,93.0,0.45,20.66
2012-04-19,0.18,25.21,73.61,93.03,0.47,19.53
2012-04-20,6.02,25.71,75.01,93.1,0.36,19.79
2012-04-21,2.91,25.87,73.19,93.07,0.5,19.69
2012-04-22,0.95,26.05,78.26,92.88,0.43,21.17
2012-04-23,15.15,25.21,83.39,92.88,0.4,21.9
2012-04-24,34.07,24.47,86.02,92.99,0.34,21.63
2012-04-25,31.67,23.15,90.54,93.0,0.47,21.4
2012-04-26,15.92,23.37,88.13,93.0,0.32,21.09
2012-04-27,18.03,23.45,90.68,93.03,0.4,21.73
2012-04-28,5.93,23.27,89.08,93.06,0.36,21.22
2012-04-29,16.77,23.81,88.65,92.95,0.4,21.64
2012-04-30,11.44,23.6,89.59,92.93,0.49,21.68
2012-05-01,1.71,23.58,88.68,93.02,0.47,21.46
2012-05-02,1.26,23.57,88.29,93.13,0.47,21.39
2012-05-03,6.44,23.81,88.55,93.08,0.55,21.63
2012-05-04,7.71,23.16,92.55,93.03,0.51,21.83
2012-05-05,15.43,23.03,90.28,93.1,0.55,21.24
2012-05-06,2.03,23.6,82.28,93.16,0.46,20.02
2012-05-07,1.34,24.64,80.94,93.03,0.47,20.65
2012-05-08,8.1,24.15,83.79,93.04,0.44,20.88
2012-05-09,1.86,23.75,84.87,93.16,0.43,20.78
2012-05-10,0.85,24.02,83.15,93.23,0.4,20.57
2012-05-11,29.21,23.81,90.61,93.12,0.45,22.06
2012-05-12,12.57,23.64,89.5,93.0,0.52,21.68
2012-05-13,0.12,24.2,85.91,92.98,0.45,21.47
2012-05-14,0.01,24.29,88.04,93.03,0.43,22.02
2012-05-15,2.94,23.67,90.72,93.16,0.46,21.99
2012-05-16,1.11,24.31,86.38,93.06,0.37,21.62
2012-05-17,0.17,24.17,88.4,93.0,0.48,22.0
2012-05-18,1.12,24.21,89.31,93.03,0.38,22.21
2012-05-19,0.59,24.15,90.04,93.09,0.44,22.3
2012-05-20,0.29,23.87,88.63,93.03,0.32,21.76
2012-05-21,1.05,22.03,87.8,93.11,0.44,19.8
2012-05-22,0.38,22.87,89.24,93.06,0.5,20.88
2012-05-23,2.07,23.36,85.4,93.11,0.4,20.56
2012-05-24,1.24,23.58,88.31,93.06,0.48,21.38
2012-05-25,0.48,23.22,88.31,93.06,0.45,21.06
2012-05-26,0.9,23.2,88.75,93.05,0.5,21.15
2012-05-27,2.44,23.32,87.7,93.05,0.55,21.04
2012-05-28,0.47,23.7,87.39,93.02,0.55,21.34
2012-05-29,0.18,23.64,87.94,93.08,0.55,21.42
2012-05-30,0.13,23.78,86.98,93.02,0.61,21.34
2012-05-31,0.73,23.15,88.59,92.95,0.52,21.07
2012-06-01,0.3,23.09,86.01,92.98,0.44,20.42
2012-06-02,0.15,23.95,86.48,93.0,0.5,21.38
2012-06-03,6.69,24.28,87.13,92.98,0.58,21.83
2012-06-04,10.53,23.73,88.13,93.0,0.7,21.52
2012-06-05,6.44,22.86,86.97,93.05,0.65,20.4
2012-06-06,16.73,22.41,89.1,93.01,0.59,20.37
2012-06-07,9.51,21.78,90.1,93.02,0.6,20.0
2012-06-08,2.91,22.57,85.55,93.13,0.52,19.82
2012-06-09,1.45,22.69,90.15,93.17,0.51,20.89
2012-06-10,0.84,23.27,87.76,93.08,0.63,20.98
2012-06-11,0.41,23.0,87.62,93.0,0.55,20.7
2012-06-12,6.8,23.06,85.77,92.96,0.63,20.32
2012-06-13,5.38,21.58,86.38,93.03,0.46,19.01
2012-06-14,4.34,21.63,88.8,93.11,0.55,19.57
2012-06-15,5.22,22.32,89.0,93.08,0.56,20.27
2012-06-16,30.22,22.31,89.79,93.08,0.66,20.45
2012-06-17,17.85,21.3,89.57,93.21,0.55,19.4
2012-06-18,7.99,21.54,91.15,93.31,0.47,19.94
2012-06-19,4.71,22.81,90.47,93.27,0.65,21.05
2012-06-20,1.85,22.15,91.75,93.16,0.6,20.67
2012-06-21,8.09,22.51,89.6,93.18,0.58,20.59
2012-06-22,5.14,22.37,90.12,93.17,0.6,20.55
2012-06-23,1.14,23.04,87.76,93.06,0.56,20.71
2012-06-24,0.32,23.11,87.47,93.02,0.51,20.75
2012-06-25,0.87,22.75,88.94,93.16,0.41,20.68
2012-06-26,0.37,22.55,88.77,93.23,0.46,20.46
2012-06-27,7.14,21.6,88.56,93.26,0.49,19.5
2012-06-28,10.15,21.05,91.66,93.21,0.52,19.56
2012-06-29,8.54,21.69,90.9,93.1,0.54,20.05
2012-06-30,10.11,21.72,89.21,93.02,0.59,19.75
2012-07-01,18.07,21.27,91.37,92.9,0.7,19.75
2012-07-02,9.24,21.18,91.15,92.87,0.72,19.61
2012-07-03,4.24,22.1,89.43,92.85,0.69,20.14
2012-07-04,2.27,22.45,88.9,92.78,0.61,20.36
2012-07-05,0.85,22.67,88.55,92.89,0.51,20.5
2012-07-06,2.02,22.66,89.28,92.91,0.48,20.67
2012-07-07,4.19,22.6,90.16,92.83,0.56,20.78
2012-07-08,3.29,22.81,90.62,92.83,0.55,21.09
2012-07-09,19.42,22.57,91.7,92.85,0.65,21.07
2012-07-10,22.05,22.22,90.8,92.95,0.8,20.56
2012-07-11,11.5,21.89,89.2,93.03,0.72,19.91
2012-07-12,4.42,22.41,89.55,93.05,0.61,20.49
2012-07-13,6.49,22.41,89.27,93.01,0.61,20.42
2012-07-14,2.21,22.64,90.02,92.94,0.56,20.8
2012-07-15,0.56,22.64,90.18,92.99,0.47,20.84
2012-07-16,0.72,22.89,88.81,93.04,0.39,20.75
2012-07-17,2.33,22.87,88.21,93.15,0.41,20.63
2012-07-18,0.6,22.2,89.0,93.25,0.39,20.15
2012-07-19,0.28,22.18,90.69,93.22,0.47,20.48
2012-07-20,3.99,22.64,90.07,93.11,0.64,20.81
2012-07-21,5.41,22.38,90.49,93.13,0.71,20.66
2012-07-22,4.62,22.38,90.31,93.09,0.74,20.61
2012-07-23,1.82,22.74,88.89,93.0,0.68,20.68
2012-07-24,1.92,22.73,89.18,92.96,0.62,20.72
2012-07-25,5.3,22.7,90.14,93.06,0.62,20.88
2012-07-26,2.3,22.6,89.03,93.07,0.64,20.57
2012-07-27,0.24,22.39,89.33,92.99,0.56,20.43
2012-07-28,1.62,22.28,89.92,93.06,0.52,20.44
2012-07-29,2.05,22.22,90.73,93.19,0.49,20.52
2012-07-30,0.53,22.5,87.91,93.27,0.49,20.23
2012-07-31,0.14,22.08,90.18,93.25,0.43,20.29
2012-08-01,0.02,22.42,87.77,93.27,0.42,20.12
2012-08-02,0.0,22.38,88.29,93.29,0.51,20.21
2012-08-03,0.26,22.52,88.43,93.21,0.6,20.4
2012-08-04,0.41,22.59,87.3,93.13,0.61,20.2
2012-08-05,0.93,22.71,88.32,93.15,0.61,20.52
2012-08-06,6.01,22.58,88.32,93.19,0.55,20.38
2012-08-07,5.7,21.97,88.6,93.2,0.46,19.85
2012-08-08,9.95,21.96,90.95,93.21,0.55,20.32
2012-08-09,14.76,21.76,92.03,93.19,0.53,20.34
2012-08-10,12.3,21.73,90.51,93.13,0.48,19.99
2012-08-11,8.83,21.77,91.14,93.19,0.59,20.16
2012-08-12,1.99,21.93,90.62,93.17,0.62,20.24
2012-08-13,0.23,21.91,88.24,93.15,0.5,19.72
2012-08-14,17.19,21.27,88.38,93.17,0.36,19.09
2012-08-15,10.73,21.32,91.17,93.21,0.49,19.72
2012-08-16,16.95,21.72,92.04,93.11,0.55,20.29
2012-08-17,24.01,21.17,91.38,93.09,0.74,19.64
2012-08-18,3.43,20.85,90.16,93.12,0.71,19.09
2012-08-19,0.51,21.57,87.71,93.04,0.49,19.23
2012-08-20,0.08,22.37,86.67,92.99,0.47,19.8
2012-08-21,2.08,22.24,87.75,93.04,0.42,19.92
2012-08-22,0.67,22.96,86.68,93.02,0.37,20.33
2012-08-23,3.8,23.05,87.94,93.06,0.4,20.76
2012-08-24,23.21,22.8,88.28,93.09,0.37,20.55
2012-08-25,12.27,22.13,91.93,93.08,0.58,20.67
2012-08-26,4.83,21.47,93.43,93.12,0.62,20.31
2012-08-27,5.66,21.38,90.43,93.19,0.5,19.62
2012-08-28,8.03,21.76,89.6,93.18,0.49,19.84
2012-08-29,16.26,21.72,92.25,93.19,0.6,20.34
2012-08-30,12.92,21.69,92.63,93.12,0.69,20.38
2012-08-31,15.86,21.74,92.68,93.11,0.67,20.45
2012-09-01,0.98,21.74,89.23,93.15,0.49,19.75
2012-09-02,3.28,22.21,89.91,93.17,0.46,20.34
2012-09-03,13.28,22.22,93.35,93.04,0.66,21.04
2012-09-04,14.97,21.31,91.07,93.15,0.65,19.7
2012-09-05,0.98,22.17,87.5,93.13,0.39,19.82
2012-09-06,8.2,22.2,90.51,93.2,0.43,20.45
2012-09-07,3.14,22.01,90.39,93.24,0.46,20.25
2012-09-08,0.94,21.89,89.37,93.23,0.46,19.93
2012-09-09,11.62,21.15,91.17,93.28,0.59,19.58
2012-09-10,3.43,20.59,89.71,93.31,0.48,18.72
2012-09-11,0.9,21.5,88.2,93.24,0.41,19.26
2012-09-12,1.67,21.52,88.86,93.26,0.34,19.43
2012-09-13,23.09,22.43,90.08,93.28,0.51,20.58
2012-09-14,18.16,22.27,91.06,93.23,0.55,20.63
2012-09-15,7.53,22.29,91.4,93.18,0.54,20.72
2012-09-16,3.88,22.15,91.74,93.19,0.44,20.65
2012-09-17,1.82,22.68,89.89,93.18,0.47,20.79
2012-09-18,1.08,22.63,88.13,93.17,0.48,20.38
2012-09-19,0.18,22.97,86.53,93.04,0.39,20.32
2012-09-20,0.0,22.78,86.36,93.12,0.38,20.14
2012-09-21,0.0,23.03,85.52,93.14,0.33,20.16
2012-09-22,0.12,22.47,87.61,93.26,0.34,20.13
2012-09-23,0.07,22.8,86.04,93.21,0.4,20.1
2012-09-24,1.59,22.21,86.31,93.2,0.44,19.6
2012-09-25,0.35,22.0,87.09,93.22,0.44,19.53
2012-09-26,0.01,22.54,88.93,93.28,0.46,20.48
2012-09-27,2.18,22.34,89.75,93.31,0.45,20.44
2012-09-28,0.95,22.15,91.29,93.25,0.47,20.58
2012-09-29,0.67,22.35,90.35,93.15,0.43,20.56
2012-09-30,0.96,22.12,89.75,93.15,0.52,20.22
2012-10-01,0.61,22.24,87.99,93.2,0.48,19.98
2012-10-02,0.19,22.42,87.45,93.27,0.49,20.05
2012-10-03,0.07,22.35,87.34,93.28,0.42,19.94
2012-10-04,0.0,22.58,86.17,93.21,0.38,19.92
2012-10-05,0.0,22.68,83.79,93.24,0.33,19.42
2012-10-06,0.31,23.36,85.64,93.28,0.34,20.5
2012-10-07,8.92,23.19,90.72,93.29,0.39,21.46
2012-10-08,2.5,23.42,87.82,93.16,0.43,21.02
2012-10-09,7.98,23.05,86.39,93.06,0.39,20.38
2012-10-10,4.97,22.59,87.6,93.09,0.41,20.19
2012-10-11,3.64,23.22,87.28,93.06,0.34,20.75
2012-10-12,3.76,23.09,88.86,93.1,0.25,20.92
2012-10-13,3.06,23.15,90.42,93.13,0.39,21.34
2012-10-14,24.31,23.32,88.28,93.21,0.34,21.02
2012-10-15,6.18,22.24,91.95,93.38,0.29,20.78
2012-10-16,12.67,22.03,91.31,93.38,0.42,20.44
2012-10-17,11.58,22.51,88.15,93.28,0.36,20.2
2012-10-18,6.77,22.62,86.08,93.21,0.2,19.86
2012-10-19,12.85,22.44,89.07,93.15,0.25,20.38
2012-10-20,13.23,20.73,92.6,93.12,0.26,19.41
2012-10-21,20.59,21.66,93.09,93.13,0.4,20.41
2012-10-22,12.12,22.31,90.39,93.18,0.27,20.52
2012-10-23,5.19,22.52,88.44,93.15,0.25,20.34
2012-10-24,2.69,22.4,88.38,93.13,0.2,20.2
2012-10-25,0.33,23.18,84.52,93.09,0.22,20.12
2012-10-26,4.4,23.26,85.94,93.03,0.23,20.48
2012-10-27,7.88,22.28,89.11,93.02,0.26,20.23
2012-10-28,2.23,22.23,89.3,93.1,0.23,20.23
2012-10-29,4.95,22.34,88.98,93.1,0.25,20.27
2012-10-30,0.28,21.65,87.39,93.0,0.22,19.36
2012-10-31,21.55,21.15,90.26,92.9,0.27,19.37
2012-11-01,23.2,21.47,95.05,92.91,0.5,20.6
2012-11-02,1.89,22.04,88.81,93.12,0.46,19.94
2012-11-03,0.2,21.71,87.64,93.22,0.4,19.36
2012-11-04,0.03,21.57,86.42,93.16,0.34,18.9
2012-11-05,0.0,21.5,86.51,93.12,0.33,18.9
2012-11-06,0.45,22.81,85.57,93.12,0.27,20.01
2012-11-07,18.39,22.91,88.3,93.18,0.28,20.66
2012-11-08,24.79,22.25,92.36,93.15,0.3,20.86
2012-11-09,2.69,22.63,89.21,93.18,0.19,20.58
2012-11-10,0.62,22.79,86.05,93.27,0.22,20.02
2012-11-11,0.92,22.47,84.86,93.31,0.26,19.52
2012-11-12,2.88,22.07,84.22,93.31,0.29,18.91
2012-11-13,0.19,21.64,81.15,93.33,0.25,17.84
2012-11-14,0.0,21.15,77.62,93.18,0.32,16.48
2012-11-15,0.0,20.57,76.09,93.18,0.38,15.67
2012-11-16,0.01,20.8,79.23,93.3,0.44,16.69
2012-11-17,0.57,20.7,85.57,93.28,0.37,17.88
2012-11-18,0.0,21.59,84.83,93.2,0.38,18.62
2012-11-19,0.0,22.44,85.54,93.16,0.33,19.68
2012-11-20,0.0,22.9,85.33,93.19,0.36,20.01
2012-11-21,0.0,22.94,86.1,93.22,0.35,20.28
2012-11-22,10.64,22.75,89.41,93.18,0.42,20.78
2012-11-23,6.17,23.03,90.32,93.15,0.39,21.2
2012-11-24,2.57,21.77,91.51,93.13,0.34,20.22
2012-11-25,0.27,22.4,86.76,93.23,0.28,19.88
2012-11-26,0.02,21.78,85.12,93.29,0.25,19.0
2012-11-27,0.0,22.33,82.72,93.27,0.29,18.95
2012-11-28,0.0,22.09,81.95,93.26,0.26,18.53
2012-11-29,0.0,20.61,75.58,93.21,0.29,15.66
2012-11-30,0.0,20.72,75.73,93.26,0.34,15.87
2012-12-01,0.0,20.72,77.75,93.23,0.37,16.24
2012-12-02,0.0,20.57,79.66,93.26,0.33,16.55
2012-12-03,0.1,21.03,84.11,93.14,0.24,17.92
2012-12-04,0.59,22.37,87.88,93.05,0.12,20.11
2012-12-05,0.01,22.45,79.99,93.08,0.35,18.46
2012-12-06,0.48,23.2,82.62,93.22,0.24,19.84
2012-12-07,0.05,22.69,79.83,93.26,0.33,18.66
2012-12-08,0.02,22.65,77.74,93.29,0.29,18.16
2012-12-09,0.48,22.05,78.1,93.25,0.39,17.56
2012-12-10,0.15,21.19,73.41,93.25,0.4,15.46
2012-12-11,0.0,21.26,72.95,93.28,0.36,15.54
2012-12-12,0.0,22.22,74.22,93.29,0.39,16.82
2012-12-13,0.0,21.98,79.37,93.36,0.38,17.64
2012-12-14,0.0,21.76,75.4,93.42,0.3,16.55
2012-12-15,0.0,20.51,75.08,93.44,0.38,15.45
2012-12-16,0.0,20.73,76.43,93.38,0.42,16.14
2012-12-17,0.0,20.86,72.43,93.3,0.53,15.27
2012-12-18,0.02,21.86,73.75,93.26,0.45,16.71
2012-12-19,0.19,22.23,76.49,93.18,0.37,17.6
2012-12-20,0.09,22.92,76.8,93.08,0.4,18.26
2012-12-21,0.04,23.23,76.18,93.12,0.31,18.41
2012-12-22,0.0,22.37,70.71,93.19,0.31,16.29
2012-12-23,0.0,22.58,66.93,93.18,0.35,15.55
2012-12-24,0.0,22.7,71.26,93.16,0.27,16.73
2012-12-25,0.0,22.85,76.99,93.07,0.27,18.24
2012-12-26,0.72,22.73,78.34,93.01,0.24,18.46
2012-12-27,1.45,22.43,84.17,92.99,0.26,19.37
2012-12-28,0.48,22.81,83.96,92.92,0.25,19.7
2012-12-29,2.9,23.23,86.23,92.92,0.2,20.6
2012-12-30,0.62,24.03,80.05,93.03,0.23,19.96
2012-12-31,4.47,23.44,80.07,93.08,0.19,19.43
2013-01-01,0.28,23.76,72.51,93.18,0.28,17.69
2013-01-02,0.0,24.15,68.42,93.29,0.34,16.94
2013-01-03,0.0,23.75,67.35,93.37,0.31,16.11
2013-01-04,0.0,23.79,70.81,93.3,0.42,16.87
2013-01-05,0.0,24.02,73.3,93.15,0.28,18.1
2013-01-06,0.0,24.1,73.28,93.17,0.25,18.2
2013-01-07,0.09,24.14,71.4,93.2,0.22,17.84
2013-01-08,0.46,23.73,72.92,93.29,0.27,17.65
2013-01-09,0.35,23.36,74.53,93.31,0.28,18.01
2013-01-10,0.0,24.06,68.3,93.27,0.31,16.95
2013-01-11,0.0,23.35,65.44,93.31,0.31,15.43
2013-01-12,0.0,22.63,62.91,93.43,0.3,13.83
2013-01-13,0.0,22.14,63.36,93.34,0.4,13.68
2013-01-14,0.0,21.4,59.14,93.32,0.33,11.62
2013-01-15,0.0,21.56,60.5,93.37,0.29,11.67
2013-01-16,0.0,21.84,61.94,93.4,0.28,12.69
2013-01-17,0.0,22.19,61.99,93.39,0.31,12.95
2013-01-18,0.0,22.23,66.27,93.43,0.26,14.58
2013-01-19,0.0,22.69,64.97,93.4,0.32,14.57
2013-01-20,0.0,22.68,60.16,93.39,0.33,13.12
2013-01-21,0.0,23.33,65.12,93.44,0.36,15.16
2013-01-22,0.0,23.03,59.47,93.47,0.34,13.26
2013-01-23,0.0,23.11,59.42,93.48,0.33,13.21
2013-01-24,0.0,23.26,58.17,93.41,0.36,12.69
2013-01-25,0.0,22.99,61.18,93.44,0.27,13.56
2013-01-26,0.0,22.66,58.61,93.46,0.3,12.44
2013-01-27,0.0,23.15,58.89,93.46,0.31,13.17
2013-01-28,0.53,23.42,60.24,93.44,0.38,13.83
2013-01-29,0.12,23.53,63.43,93.37,0.39,14.84
2013-01-30,0.0,23.84,61.81,93.38,0.23,14.63
2013-01-31,0.0,23.41,57.04,93.38,0.26,12.94
2013-02-01,0.0,22.62,51.96,93.39,0.32,10.16
2013-02-02,0.0,22.59,53.9,93.36,0.32,10.77
2013-02-03,0.0,22.51,58.35,93.34,0.37,12.1
2013-02-04,0.0,23.26,59.6,93.43,0.47,13.0
2013-02-05,0.76,24.44,67.04,93.45,0.35,16.97
2013-02-06,17.7,23.43,80.47,93.49,0.22,19.19
2013-02-07,0.92,24.24,73.14,93.32,0.3,17.82
2013-02-08,0.0,24.73,71.88,93.24,0.31,18.29
2013-02-09,0.0,25.0,66.99,93.17,0.29,16.89
2013-02-10,0.0,24.61,61.13,93.16,0.25,15.07
2013-02-11,0.03,24.16,62.97,93.18,0.31,15.62
2013-02-12,0.07,24.94,62.76,93.11,0.27,16.41
2013-02-13,1.53,23.25,73.66,93.12,0.35,17.93
2013-02-14,3.27,22.69,75.33,93.21,0.56,17.64
2013-02-15,0.69,23.47,72.14,93.22,0.42,17.51
2013-02-16,0.13,24.61,65.92,93.13,0.55,16.79
2013-02-17,6.56,23.99,75.5,93.11,0.39,18.79
2013-02-18,13.69,23.13,83.84,93.1,0.34,19.85
2013-02-19,19.86,21.89,93.77,93.18,0.33,20.8
2013-02-20,0.34,24.3,71.89,93.25,0.22,17.86
2013-02-21,0.0,23.66,64.6,93.33,0.29,15.17
2013-02-22,0.0,23.15,61.18,93.4,0.33,13.65
2013-02-23,0.0,23.25,60.34,93.48,0.28,12.91
2013-02-24,0.0,23.67,62.47,93.4,0.33,14.1
2013-02-25,0.0,23.54,57.59,93.43,0.35,11.62
2013-02-26,0.0,23.06,50.86,93.45,0.39,9.18
2013-02-27,0.0,24.15,53.49,93.4,0.4,11.08
2013-02-28,0.0,24.18,57.69,93.27,0.43,13.28
2013-03-01,0.0,24.38,58.36,93.26,0.28,13.55
2013-03-02,0.0,24.05,52.37,93.31,0.42,11.24
2013-03-03,0.0,24.04,52.76,93.32,0.34,10.74
2013-03-04,0.0,24.73,55.76,93.31,0.3,13.1
2013-03-05,4.25,23.82,78.22,93.25,0.31,19.38
2013-03-06,1.18,24.74,73.69,93.28,0.32,19.06
2013-03-07,0.86,25.15,70.9,93.32,0.26,18.83
2013-03-08,7.19,24.08,72.8,93.42,0.22,18.13
2013-03-09,7.12,23.92,81.79,93.38,0.29,20.08
2013-03-10,0.39,25.14,72.89,93.23,0.29,18.83
2013-03-11,3.49,25.41,72.06,93.29,0.3,19.03
2013-03-12,0.5,24.65,72.87,93.36,0.29,18.44
2013-03-13,0.0,25.77,65.59,93.34,0.35,16.93
2013-03-14,0.0,25.52,61.33,93.3,0.22,15.35
2013-03-15,1.01,25.38,60.3,93.33,0.37,14.64
2013-03-16,3.79,24.87,71.58,93.4,0.3,18.13
2013-03-17,0.12,25.63,66.95,93.36,0.3,17.65
2013-03-18,0.0,25.51,68.71,93.21,0.36,18.19
2013-03-19,0.0,25.84,63.61,93.18,0.3,16.4
2013-03-20,0.0,26.24,63.16,93.25,0.29,16.93
2013-03-21,0.0,26.7,62.57,93.19,0.27,17.21
2013-03-22,0.0,26.82,60.52,93.07,0.4,16.15
2013-03-23,0.0,26.56,60.4,93.11,0.38,15.66
2013-03-24,0.56,27.07,61.18,93.15,0.4,16.71
2013-03-25,5.78,25.05,75.76,93.21,0.35,19.72
2013-03-26,5.79,24.97,76.62,93.12,0.4,19.79
2013-03-27,0.1,26.45,67.95,93.09,0.37,18.59
2013-03-28,0.04,25.98,73.21,93.18,0.42,19.92
2013-03-29,0.0,26.39,70.4,93.15,0.47,19.58
2013-03-30,0.0,25.89,72.38,93.06,0.43,19.82
2013-03-31,0.0,26.71,68.88,93.07,0.43,19.53
2013-04-01,0.0,26.85,68.17,93.14,0.46,19.39
2013-04-02,0.0,26.7,68.04,93.17,0.48,19.25
2013-04-03,0.0,26.68,67.51,93.16,0.39,19.16
2013-04-04,0.0,26.17,71.17,93.13,0.57,19.83
2013-04-05,0.0,26.65,68.06,93.04,0.51,19.34
2013-04-06,0.0,26.1,70.12,93.01,0.6,19.61
2013-04-07,0.0,26.28,70.5,92.93,0.54,19.83
2013-04-08,0.0,27.14,67.67,92.97,0.35,19.67
2013-04-09,1.23,26.7,71.78,93.07,0.48,20.02
2013-04-10,0.29,26.88,70.01,93.1,0.49,19.71
2013-04-11,0.0,26.9,68.7,93.06,0.49,19.55
2013-04-12,0.0,28.4,60.72,93.07,0.41,17.85
2013-04-13,0.0,27.95,62.86,93.2,0.41,18.84
2013-04-14,0.35,25.95,72.46,93.26,0.37,20.16
2013-04-15,5.29,24.8,79.17,93.19,0.49,20.6
2013-04-16,0.55,26.3,71.32,93.07,0.55,19.74
2013-04-17,0.0,26.31,70.01,92.94,0.59,19.71
2013-04-18,0.0,26.12,65.74,93.0,0.59,18.39
2013-04-19,0.0,26.43,64.09,93.0,0.57,18.11
2013-04-20,0.0,26.06,65.31,93.02,0.54,17.94
2013-04-21,0.24,26.34,62.19,92.99,0.48,16.6
2013-04-22,0.1,25.75,69.62,93.07,0.46,19.07
2013-04-23,0.41,26.63,68.44,93.21,0.44,19.55
2013-04-24,2.43,26.01,74.62,93.26,0.41,20.64
2013-04-25,1.42,25.81,74.75,93.24,0.36,20.37
2013-04-26,0.08,26.45,70.31,93.17,0.31,19.86
2013-04-27,0.11,26.8,68.14,93.15,0.32,19.54
2013-04-28,3.98,26.3,74.47,93.08,0.46,20.63
2013-04-29,1.64,25.65,78.06,93.04,0.46,21.06
2013-04-30,2.89,26.89,72.25,92.99,0.31,20.27
2013-05-01,7.22,25.9,77.27,92.99,0.34,20.65
2013-05-02,2.98,25.38,80.6,92.92,0.43,21.26
2013-05-03,0.09,25.85,77.87,92.87,0.47,21.14
2013-05-04,0.56,25.62,80.69,92.86,0.49,21.72
2013-05-05,0.36,25.39,77.18,92.93,0.47,20.59
2013-05-06,8.97,25.88,79.12,92.96,0.48,21.35
2013-05-07,7.43,24.84,83.63,93.07,0.51,21.57
2013-05-08,6.04,25.08,80.66,93.11,0.52,21.05
2013-05-09,1.36,26.23,75.03,93.1,0.52,20.6
2013-05-10,0.08,26.55,75.55,93.1,0.52,21.06
2013-05-11,1.39,25.95,77.24,92.94,0.53,21.17
2013-05-12,1.04,24.51,82.22,92.97,0.63,21.05
2013-05-13,2.04,23.32,84.75,92.92,0.64,20.51
2013-05-14,1.12,23.7,81.96,92.91,0.68,20.15
2013-05-15,0.08,24.79,73.92,92.92,0.68,19.35
2013-05-16,0.01,24.58,72.12,93.0,0.5,18.7
2013-05-17,0.0,25.22,75.32,93.06,0.55,20.05
2013-05-18,0.0,25.37,74.9,93.04,0.49,20.08
2013-05-19,4.01,26.51,72.98,92.98,0.46,20.35
2013-05-20,5.09,24.91,82.56,93.07,0.51,21.4
2013-05-21,1.01,25.26,71.55,93.14,0.46,18.69
2013-05-22,2.35,24.64,81.64,93.17,0.62,20.99
2013-05-23,6.65,24.39,84.59,93.18,0.59,21.38
2013-05-24,3.05,24.29,86.14,93.12,0.63,21.65
2013-05-25,20.16,23.64,84.68,93.23,0.68,20.7
2013-05-26,13.77,22.19,87.36,93.15,0.56,19.84
2013-05-27,12.29,22.67,88.48,93.13,0.59,20.54
2013-05-28,5.82,22.6,88.43,93.19,0.55,20.44
2013-05-29,6.83,22.8,87.46,93.13,0.61,20.5
2013-05-30,7.73,23.02,84.23,93.02,0.58,19.93
2013-05-31,28.2,22.39,90.22,93.0,0.73,20.63
2013-06-01,14.08,22.4,86.39,93.02,0.76,19.85
2013-06-02,22.56,21.89,88.86,93.06,0.81,19.87
2013-06-03,18.36,22.57,88.97,92.96,0.73,20.55
2013-06-04,2.13,22.78,87.33,92.99,0.53,20.4
2013-06-05,2.31,23.01,88.29,93.03,0.53,20.79
2013-06-06,26.54,22.96,87.72,92.96,0.69,20.67
2013-06-07,37.22,22.07,90.51,92.94,0.68,20.37
2013-06-08,28.06,22.02,91.17,93.02,0.79,20.43
2013-06-09,9.67,22.12,89.37,93.08,0.62,20.15
2013-06-10,7.01,22.49,89.31,93.07,0.63,20.51
2013-06-11,30.2,22.52,91.36,93.0,0.78,20.95
2013-06-12,24.77,21.44,90.33,92.96,0.77,19.7
2013-06-13,13.96,21.96,90.79,92.87,0.73,20.28
2013-06-14,4.8,22.95,92.55,92.79,0.82,21.62
2013-06-15,26.0,23.12,90.72,92.83,0.94,21.43
2013-06-16,44.75,22.72,91.81,92.99,0.83,21.24
2013-06-17,48.53,21.32,93.31,93.09,0.63,20.13
2013-06-18,26.79,21.78,92.98,92.99,0.61,20.53
2013-06-19,26.29,21.71,93.37,93.03,0.69,20.55
2013-06-20,16.7,21.78,93.04,93.08,0.63,20.55
2013-06-21,20.83,21.55,93.54,93.13,0.63,20.41
2013-06-22,26.69,21.04,92.72,93.15,0.73,19.75
2013-06-23,24.98,21.93,93.73,93.03,0.74,20.82
2013-06-24,15.46,22.67,93.79,93.02,0.86,21.58
2013-06-25,20.47,22.5,93.36,93.17,0.73,21.32
2013-06-26,21.18,22.15,93.46,93.27,0.67,20.99
2013-06-27,8.9,22.26,92.97,93.25,0.5,21.0
2013-06-28,0.74,21.69,92.11,93.21,0.38,20.27
2013-06-29,0.31,21.74,90.81,93.25,0.4,20.07
2013-06-30,9.28,21.94,91.24,93.3,0.55,20.35
2013-07-01,7.82,20.55,92.47,93.2,0.53,19.21
2013-07-02,20.57,21.24,91.88,93.08,0.68,19.77
2013-07-03,13.94,20.92,92.78,93.06,0.72,19.63
2013-07-04,10.3,22.04,92.46,92.99,0.68,20.69
2013-07-05,5.33,22.12,92.36,92.96,0.56,20.74
2013-07-06,2.21,21.91,92.09,93.03,0.63,20.49
2013-07-07,3.21,21.28,93.27,93.09,0.76,20.11
2013-07-08,30.66,21.45,92.44,93.07,0.72,20.12
2013-07-09,34.94,21.19,92.9,93.04,0.77,19.94
2013-07-10,30.42,20.79,93.82,93.02,0.74,19.72
2013-07-11,12.22,20.9,92.28,93.08,0.63,19.52
2013-07-12,11.39,21.03,93.98,93.1,0.65,19.99
2013-07-13,5.47,20.77,94.57,93.13,0.44,19.83
2013-07-14,4.91,21.72,93.97,93.06,0.51,20.66
2013-07-15,4.73,21.43,94.95,93.06,0.63,20.56
2013-07-16,12.18,21.09,93.46,93.12,0.66,19.94
2013-07-17,9.33,21.18,93.98,93.15,0.47,20.12
2013-07-18,22.73,21.2,93.26,93.12,0.63,20.02
2013-07-19,30.41,20.93,95.11,93.03,0.67,20.09
2013-07-20,13.6,21.01,94.52,93.13,0.59,20.06
2013-07-21,13.42,20.74,94.06,93.06,0.57,19.71
2013-07-22,8.66,21.28,94.33,92.96,0.64,20.29
2013-07-23,11.77,21.16,93.53,93.05,0.66,20.01
2013-07-24,12.05,21.1,93.66,93.15,0.78,20.0
2013-07-25,10.54,21.38,93.69,93.19,0.7,20.26
2013-07-26,14.59,20.99,92.7,93.12,0.55,19.69
2013-07-27,6.4,21.36,93.28,93.17,0.46,20.17
2013-07-28,3.81,22.18,92.02,93.33,0.58,20.75
2013-07-29,1.22,20.25,91.8,93.38,0.53,18.79
2013-07-30,0.24,21.32,92.71,93.18,0.5,20.03
2013-07-31,1.22,21.61,92.11,93.07,0.67,20.19
2013-08-01,6.58,21.74,93.55,93.06,0.79,20.6
2013-08-02,6.02,21.68,92.39,93.13,0.79,20.33
2013-08-03,12.75,21.34,92.49,93.17,0.67,20.0
2013-08-04,50.3,20.73,94.64,93.15,0.81,19.82
2013-08-05,32.96,20.5,94.42,93.14,0.78,19.53
2013-08-06,21.7,20.54,94.66,93.14,0.64,19.62
2013-08-07,5.22,20.89,94.45,93.15,0.52,19.93
2013-08-08,4.48,21.44,92.7,93.13,0.59,20.13
2013-08-09,3.68,21.33,94.64,93.12,0.53,20.4
2013-08-10,15.58,21.6,94.15,93.11,0.51,20.57
2013-08-11,1.32,21.58,93.79,93.1,0.53,20.48
2013-08-12,1.22,21.63,93.47,93.05,0.54,20.47
2013-08-13,5.63,21.53,94.0,92.97,0.51,20.48
2013-08-14,1.94,21.49,92.75,93.03,0.43,20.2
2013-08-15,1.28,21.76,92.54,93.08,0.45,20.42
2013-08-16,3.2,21.71,93.27,93.07,0.43,20.51
2013-08-17,3.11,21.98,90.98,93.14,0.37,20.32
2013-08-18,4.77,21.86,91.13,93.2,0.49,20.24
2013-08-19,2.52,21.6,91.98,93.22,0.43,20.16
2013-08-20,3.87,21.96,91.28,93.19,0.58,20.37
2013-08-21,2.2,21.96,91.61,93.09,0.57,20.43
2013-08-22,1.44,21.83,91.27,93.13,0.51,20.24
2013-08-23,1.18,22.15,90.21,93.11,0.57,20.34
2013-08-24,0.8,21.63,91.89,93.11,0.48,20.17
2013-08-25,1.04,22.18,89.59,93.04,0.53,20.25
2013-08-26,2.35,22.22,91.42,93.03,0.54,20.67
2013-08-27,8.63,22.33,91.06,93.04,0.46,20.67
2013-08-28,6.06,22.04,90.0,93.14,0.49,20.18
2013-08-29,7.88,22.24,92.55,93.17,0.5,20.88
2013-08-30,1.25,22.75,91.71,93.08,0.45,21.22
2013-08-31,0.92,23.52,89.77,92.97,0.43,21.58
2013-09-01,1.02,23.38,89.63,92.98,0.32,21.41
2013-09-02,1.64,23.14,91.23,93.13,0.36,21.52
2013-09-03,5.35,22.11,91.14,93.22,0.37,20.49
2013-09-04,1.82,21.2,89.83,93.28,0.23,19.34
2013-09-05,2.95,21.64,89.62,93.22,0.4,19.71
2013-09-06,20.52,20.98,93.95,93.24,0.44,19.94
2013-09-07,4.35,21.04,91.9,93.22,0.53,19.58
2013-09-08,4.12,20.84,92.54,93.15,0.59,19.52
2013-09-09,0.87,20.67,89.95,93.18,0.61,18.87
2013-09-10,9.92,21.42,89.39,93.05,0.54,19.47
2013-09-11,5.48,21.48,90.29,92.97,0.5,19.71
2013-09-12,7.13,21.75,91.28,93.1,0.58,20.16
2013-09-13,9.37,21.51,94.94,93.15,0.61,20.64
2013-09-14,4.96,22.29,91.35,93.07,0.6,20.71
2013-09-15,9.5,22.2,91.57,92.97,0.63,20.68
2013-09-16,16.69,22.64,92.93,92.9,0.67,21.37
2013-09-17,17.92,22.03,92.57,92.93,0.85,20.72
2013-09-18,5.47,21.62,91.9,93.01,0.66,20.17
2013-09-19,7.1,21.74,91.87,92.96,0.61,20.25
2013-09-20,3.29,22.49,92.63,92.92,0.7,21.17
2013-09-21,1.15,22.35,92.58,93.0,0.63,21.03
2013-09-22,0.64,22.03,90.86,93.06,0.45,20.36
2013-09-23,0.51,22.23,88.79,93.06,0.42,20.12
2013-09-24,0.04,22.53,88.5,93.1,0.46,20.36
2013-09-25,0.09,22.69,88.5,93.23,0.42,20.5
2013-09-26,0.0,22.68,86.12,93.32,0.35,19.96
2013-09-27,0.19,22.85,86.61,93.32,0.36,20.25
2013-09-28,0.27,22.01,90.3,93.3,0.37,20.23
2013-09-29,2.73,22.16,89.48,93.17,0.51,20.21
2013-09-30,4.92,22.06,90.16,93.05,0.52,20.24
2013-10-01,7.38,22.3,90.5,93.02,0.57,20.55
2013-10-02,4.82,22.46,89.94,93.12,0.58,20.59
2013-10-03,1.34,21.95,90.44,93.19,0.51,20.2
2013-10-04,0.03,21.79,87.58,93.28,0.43,19.45
2013-10-05,0.28,21.09,85.97,93.3,0.38,18.43
2013-10-06,1.69,21.8,88.83,93.21,0.48,19.72
2013-10-07,0.94,22.62,90.97,93.19,0.45,20.95
2013-10-08,27.02,22.86,93.02,93.25,0.4,21.59
2013-10-09,8.48,21.01,92.25,93.33,0.3,19.62
2013-10-10,1.64,21.63,90.5,93.33,0.29,19.89
2013-10-11,0.21,22.29,88.89,93.28,0.44,20.21
2013-10-12,2.19,21.78,90.98,93.15,0.43,20.14
2013-10-13,2.05,22.7,89.84,93.14,0.53,20.8
2013-10-14,0.01,22.95,87.76,93.17,0.42,20.63
2013-10-15,5.82,22.63,90.38,93.21,0.4,20.85
2013-10-16,27.35,22.27,90.8,93.13,0.4,20.57
2013-10-17,3.51,20.98,93.47,93.13,0.29,19.85
2013-10-18,13.0,21.65,91.52,93.14,0.29,20.13
2013-10-19,29.54,22.02,93.67,93.15,0.33,20.89
2013-10-20,15.15,21.88,92.06,93.12,0.4,20.44
2013-10-21,12.5,21.89,91.66,92.91,0.37,20.35
2013-10-22,10.44,22.3,94.39,92.93,0.54,21.32
2013-10-23,4.45,22.09,92.42,93.02,0.45,20.73
2013-10-24,1.25,22.05,91.03,93.05,0.4,20.43
2013-10-25,4.63,22.16,90.0,93.05,0.45,20.32
2013-10-26,0.81,22.43,88.9,93.09,0.36,20.37
2013-10-27,0.04,21.78,86.17,93.26,0.32,19.14
2013-10-28,0.0,21.67,86.2,93.3,0.29,18.93
2013-10-29,0.29,23.06,84.94,93.31,0.25,20.05
2013-10-30,4.37,23.24,85.51,93.33,0.33,20.36
2013-10-31,3.79,22.87,89.37,93.32,0.28,20.89
2013-11-01,1.51,22.9,87.69,93.28,0.26,20.54
2013-11-02,14.12,22.36,90.39,93.24,0.25,20.58
2013-11-03,3.26,22.28,90.11,93.27,0.22,20.44
2013-11-04,7.33,20.88,90.13,93.4,0.35,19.07
2013-11-05,2.82,22.05,89.19,93.36,0.29,20.07
2013-11-06,1.23,22.6,86.48,93.32,0.21,20.02
2013-11-07,0.08,22.51,86.52,93.25,0.22,19.95
2013-11-08,0.0,22.73,84.79,93.17,0.19,19.77
2013-11-09,0.0,22.15,80.62,93.18,0.22,18.31
2013-11-10,0.0,22.66,83.74,93.17,0.22,19.47
2013-11-11,1.76,22.17,89.01,93.1,0.29,20.15
2013-11-12,7.45,22.13,91.23,93.09,0.37,20.51
2013-11-13,15.3,21.75,90.85,93.18,0.19,20.07
2013-11-14,13.18,21.25,91.75,93.22,0.28,19.76
2013-11-15,15.19,21.68,86.58,93.17,0.21,19.11
2013-11-16,5.05,20.66,88.91,93.16,0.31,18.59
2013-11-17,1.92,21.82,89.54,93.14,0.32,19.84
2013-11-18,8.38,22.35,85.94,93.23,0.23,19.63
2013-11-19,1.64,22.79,84.37,93.26,0.2,19.73
2013-11-20,1.23,22.52,87.13,93.13,0.35,20.0
2013-11-21,16.95,22.51,92.49,92.99,0.33,21.09
2013-11-22,8.72,21.69,94.26,93.08,0.25,20.65
2013-11-23,2.53,22.08,89.13,93.14,0.31,20.02
2013-11-24,3.3,21.45,95.45,93.21,0.3,20.69
2013-11-25,27.21,22.4,88.93,93.16,0.21,20.32
2013-11-26,10.03,22.27,87.84,93.11,0.3,19.88
2013-11-27,2.21,22.4,87.85,93.15,0.29,20.04
2013-11-28,0.32,21.25,89.78,93.25,0.25,19.35
2013-11-29,0.07,21.99,84.9,93.29,0.25,19.07
2013-11-30,0.08,21.64,81.76,93.3,0.22,18.0
2013-12-01,24.1,21.54,88.05,93.35,0.29,19.32
2013-12-02,4.93,20.58,88.43,93.32,0.35,18.43
2013-12-03,0.4,20.66,85.77,93.18,0.34,18.0
2013-12-04,0.1,21.34,86.83,93.13,0.29,18.91
2013-12-05,0.0,21.69,83.28,93.1,0.2,18.53
2013-12-06,0.0,21.62,80.26,93.1,0.26,17.72
2013-12-07,0.0,21.74,75.86,93.08,0.41,16.92
2013-12-08,0.0,21.93,84.46,93.11,0.35,19.01
2013-12-09,0.0,21.6,87.54,93.03,0.38,19.26
2013-12-10,0.0,21.8,86.41,93.0,0.36,19.15
2013-12-11,0.0,21.02,80.21,93.06,0.34,17.0
2013-12-12,10.19,20.81,86.0,92.94,0.3,18.17
2013-12-13,3.57,22.35,89.74,92.95,0.47,20.46
2013-12-14,2.32,22.4,82.86,93.18,0.3,19.01
2013-12-15,1.05,22.61,85.75,93.23,0.29,19.84
2013-12-16,0.0,19.56,79.93,93.29,0.25,15.48
2013-12-17,0.0,18.36,79.24,93.22,0.38,14.25
2013-12-18,0.0,20.21,82.98,93.13,0.26,16.92
2013-12-19,0.0,21.26,83.13,93.23,0.22,18.0
2013-12-20,0.0,21.33,83.1,93.32,0.24,18.02
2013-12-21,0.0,20.51,81.69,93.35,0.25,16.9
2013-12-22,0.0,20.09,80.19,93.37,0.24,16.21
2013-12-23,0.0,19.48,77.87,93.43,0.39,15.11
2013-12-24,0.0,20.77,82.43,93.46,0.38,17.41
2013-12-25,0.0,20.95,81.23,93.54,0.33,17.28
2013-12-26,0.0,20.13,78.1,93.5,0.33,15.76
2013-12-27,0.0,20.26,79.12,93.41,0.29,16.15
2013-12-28,0.0,19.95,76.05,93.43,0.33,15.15
2013-12-29,0.0,19.83,79.14,93.36,0.27,15.72
2013-12-30,0.0,19.33,76.02,93.36,0.34,14.53
2013-12-31,0.0,19.45,76.81,93.38,0.38,14.81
2014-01-01,0.0,20.27,78.76,93.33,0.38,16.07
2014-01-02,0.0,20.25,78.13,93.4,0.32,15.9
2014-01-03,0.0,20.7,80.86,93.45,0.23,16.98
2014-01-04,0.0,20.99,79.38,93.35,0.24,16.97
2014-01-05,0.0,20.6,76.16,93.25,0.3,15.66
2014-01-06,0.0,20.84,77.63,93.22,0.36,16.22
2014-01-07,1.62,20.9,81.44,93.25,0.29,17.22
2014-01-08,1.32,21.36,84.57,93.31,0.35,18.38
2014-01-09,0.22,22.19,82.32,93.32,0.25,18.71
2014-01-10,0.0,21.74,76.93,93.33,0.26,17.07
2014-01-11,0.0,21.06,74.91,93.39,0.22,15.82
2014-01-12,0.0,21.5,73.25,93.48,0.29,15.88
2014-01-13,0.0,20.75,73.87,93.47,0.28,15.43
2014-01-14,0.06,22.42,77.53,93.37,0.17,17.89
2014-01-15,0.04,22.07,77.77,93.45,0.24,17.59
2014-01-16,0.21,22.68,74.36,93.5,0.26,17.31
2014-01-17,0.29,22.26,77.2,93.45,0.22,17.58
2014-01-18,0.01,21.89,73.99,93.45,0.24,16.49
2014-01-19,0.0,21.86,70.44,93.56,0.24,15.5
2014-01-20,0.0,22.29,71.11,93.59,0.24,16.13
2014-01-21,0.0,21.69,67.53,93.52,0.29,14.66
2014-01-22,0.0,22.25,70.01,93.45,0.3,15.86
2014-01-23,0.0,22.45,68.67,93.46,0.33,15.6
2014-01-24,0.47,22.57,70.56,93.36,0.34,16.06
2014-01-25,0.03,22.16,71.37,93.3,0.23,16.03
2014-01-26,0.0,21.5,64.57,93.32,0.39,13.65
2014-01-27,0.0,21.55,66.17,93.31,0.39,14.11
2014-01-28,0.0,22.09,63.13,93.32,0.34,13.74
2014-01-29,0.0,21.87,64.23,93.38,0.29,13.83
2014-01-30,0.0,22.25,64.96,93.38,0.31,14.29
2014-01-31,0.0,22.63,65.38,93.36,0.23,14.77
2014-02-01,0.0,23.04,66.08,93.32,0.25,15.35
2014-02-02,0.0,23.31,66.12,93.24,0.31,15.62
2014-02-03,0.0,23.19,58.79,93.15,0.31,13.12
2014-02-04,0.0,22.86,58.51,93.07,0.37,12.99
2014-02-05,0.0,23.21,60.49,93.05,0.38,13.49
2014-02-06,0.0,22.86,55.1,93.06,0.38,10.94
2014-02-07,0.0,22.16,53.23,93.12,0.38,9.91
2014-02-08,0.0,22.19,51.45,93.08,0.39,9.75
2014-02-09,0.0,22.32,61.29,93.11,0.56,13.41
2014-02-10,0.0,23.6,68.19,93.09,0.37,16.0
2014-02-11,0.0,23.59,64.7,93.0,0.4,15.06
2014-02-12,0.0,23.11,72.92,93.06,0.47,17.27
2014-02-13,0.02,24.07,68.15,93.21,0.36,16.64
2014-02-14,0.1,24.52,68.98,93.28,0.38,17.51
2014-02-15,0.07,24.09,73.63,93.17,0.5,18.39
2014-02-16,0.0,24.2,72.72,93.2,0.42,18.12
2014-02-17,0.01,25.26,64.49,93.27,0.43,16.49
2014-02-18,0.02,25.22,67.16,93.39,0.24,17.96
2014-02-19,0.0,25.0,62.29,93.34,0.35,16.04
2014-02-20,0.19,24.64,67.21,93.33,0.33,17.01
2014-02-21,10.06,24.07,74.62,93.37,0.28,18.4
2014-02-22,5.27,24.1,72.4,93.36,0.3,17.74
2014-02-23,0.0,24.15,63.22,93.33,0.25,15.25
2014-02-24,0.34,23.49,70.43,93.32,0.31,16.87
2014-02-25,0.23,24.51,66.75,93.36,0.29,17.17
2014-02-26,0.02,24.83,56.56,93.34,0.33,13.5
2014-02-27,0.09,24.77,62.55,93.37,0.39,15.82
2014-02-28,0.01,24.77,71.8,93.32,0.28,18.69
2014-03-01,0.68,24.3,75.8,93.25,0.28,19.31
2014-03-02,0.16,24.09,75.26,93.23,0.29,18.97
2014-03-03,2.9,23.85,74.74,93.26,0.24,18.55
2014-03-04,0.46,25.05,69.43,93.31,0.29,17.94
2014-03-05,0.81,22.94,81.14,93.32,0.21,19.34
2014-03-06,0.47,24.9,69.18,93.28,0.28,17.69
2014-03-07,0.63,24.71,66.57,93.33,0.18,17.04
2014-03-08,0.07,25.29,62.94,93.38,0.21,16.49
2014-03-09,0.3,24.5,61.26,93.38,0.21,15.2
2014-03-10,0.06,25.62,59.04,93.29,0.22,15.52
2014-03-11,0.0,24.98,56.58,93.31,0.24,14.06
2014-03-12,0.0,24.36,52.49,93.34,0.26,11.7
2014-03-13,0.0,24.81,53.22,93.28,0.33,12.56
2014-03-14,0.0,24.51,51.52,93.31,0.35,11.3
2014-03-15,0.0,24.32,48.16,93.42,0.38,9.51
2014-03-16,0.0,24.55,47.03,93.48,0.44,10.22
2014-03-17,0.0,25.03,49.46,93.43,0.32,11.55
2014-03-18,0.0,26.4,54.88,93.38,0.34,14.85
2014-03-19,0.02,25.86,56.31,93.35,0.33,15.28
2014-03-20,3.68,25.7,67.92,93.27,0.3,18.36
2014-03-21,2.34,26.18,66.48,93.16,0.33,17.83
2014-03-22,0.2,26.45,66.2,93.04,0.38,18.31
2014-03-23,0.0,26.79,60.39,93.1,0.3,16.66
2014-03-24,0.0,26.54,58.24,93.22,0.38,14.66
2014-03-25,0.0,26.61,52.57,93.14,0.34,12.11
2014-03-26,0.0,26.46,43.85,93.12,0.44,9.88
2014-03-27,0.0,26.45,45.56,93.23,0.44,10.52
2014-03-28,0.0,26.85,44.96,93.22,0.36,10.08
2014-03-29,0.0,27.39,43.87,93.15,0.36,10.43
2014-03-30,0.0,26.93,55.53,93.16,0.44,13.8
2014-03-31,0.0,27.33,62.56,93.15,0.5,17.23
2014-04-01,0.05,27.92,61.1,93.07,0.52,17.72
2014-04-02,0.04,27.65,60.89,93.02,0.51,18.04
2014-04-03,0.0,28.12,48.49,93.04,0.39,12.48
2014-04-04,0.0,28.2,52.8,93.16,0.36,14.47
2014-04-05,0.02,27.78,53.95,93.22,0.35,15.91
2014-04-06,1.72,27.44,59.05,93.28,0.42,17.21
2014-04-07,6.31,26.78,66.28,93.37,0.36,18.62
2014-04-08,4.69,24.35,82.86,93.39,0.31,20.9
2014-04-09,0.83,24.95,77.27,93.33,0.37,20.09
2014-04-10,0.39,26.26,69.52,93.3,0.33,18.76
2014-04-11,0.27,24.98,75.8,93.31,0.39,19.81
2014-04-12,9.21,25.39,74.06,93.17,0.41,19.54
2014-04-13,0.9,25.99,71.82,93.18,0.3,19.42
2014-04-14,2.2,25.8,73.05,93.27,0.33,19.58
2014-04-15,0.16,26.36,69.36,93.28,0.35,18.93
2014-04-16,0.14,25.85,70.4,93.22,0.41,18.68
2014-04-17,0.19,25.98,72.4,93.12,0.46,19.71
2014-04-18,0.06,26.62,69.17,93.22,0.53,19.33
2014-04-19,1.59,26.28,74.0,93.2,0.4,20.3
2014-04-20,0.41,26.36,69.42,93.08,0.26,19.23
2014-04-21,0.15,27.05,64.7,93.1,0.29,18.45
2014-04-22,2.52,26.8,66.33,93.24,0.27,18.42
2014-04-23,15.34,25.9,78.24,93.22,0.36,20.91
2014-04-24,8.4,25.03,82.52,93.14,0.36,21.42
2014-04-25,0.8,25.7,78.87,93.15,0.45,21.17
2014-04-26,0.68,27.07,72.74,93.09,0.38,20.6
2014-04-27,1.02,26.61,75.68,93.12,0.34,21.07
2014-04-28,0.33,25.82,77.97,93.21,0.36,21.13
2014-04-29,9.0,25.8,77.36,93.17,0.35,20.75
2014-04-30,17.84,25.41,80.07,93.16,0.32,20.82
2014-05-01,3.06,25.76,69.09,93.14,0.31,17.52
2014-05-02,1.72,26.33,73.65,93.04,0.29,20.24
2014-05-03,0.63,26.37,72.65,93.01,0.25,20.03
2014-05-04,7.22,25.15,80.34,92.93,0.23,21.14
2014-05-05,6.25,25.12,80.09,92.99,0.24,20.78
2014-05-06,38.26,23.99,82.86,93.0,0.25,20.52
2014-05-07,61.14,23.35,88.78,92.79,0.65,21.29
2014-05-08,47.57,23.42,89.19,93.03,0.75,21.41
2014-05-09,5.87,23.49,92.01,93.04,0.46,22.04
2014-05-10,0.78,24.25,87.39,93.07,0.4,21.82
2014-05-11,1.67,24.38,87.03,93.19,0.35,21.9
2014-05-12,5.35,24.39,88.69,93.21,0.35,22.22
2014-05-13,3.49,23.85,89.15,93.21,0.34,21.82
2014-05-14,0.42,24.43,87.18,93.17,0.48,21.97
2014-05-15,0.0,24.41,84.38,93.1,0.53,21.38
2014-05-16,0.0,23.86,80.91,93.11,0.49,20.01
2014-05-17,0.0,23.34,84.5,93.16,0.46,20.4
2014-05-18,0.17,25.01,82.03,93.12,0.41,21.32
2014-05-19,8.6,25.19,86.12,93.11,0.39,22.44
2014-05-20,3.73,24.38,90.26,93.12,0.44,22.56
2014-05-21,6.44,23.48,81.87,93.12,0.35,19.74
2014-05-22,1.13,24.43,85.08,93.05,0.45,21.44
2014-05-23,1.8,24.91,84.72,93.02,0.48,21.89
2014-05-24,4.65,23.75,90.71,93.01,0.46,22.06
2014-05-25,0.78,22.72,88.99,93.09,0.31,20.71
2014-05-26,4.11,23.62,87.63,93.09,0.38,21.29
2014-05-27,0.29,24.82,85.07,93.04,0.37,21.79
2014-05-28,6.17,24.63,86.11,93.12,0.31,21.88
2014-05-29,0.32,24.18,86.62,93.19,0.43,21.59
2014-05-30,0.0,24.52,85.63,93.09,0.47,21.71
2014-05-31,0.92,24.98,86.58,92.95,0.5,22.38
2014-06-01,3.88,24.47,89.89,92.93,0.55,22.61
2014-06-02,5.27,23.61,89.94,93.0,0.54,21.76
2014-06-03,1.1,23.67,86.44,92.93,0.45,21.1
2014-06-04,3.0,23.73,86.42,92.86,0.47,21.12
2014-06-05,10.29,23.59,88.41,92.8,0.55,21.37
2014-06-06,9.94,23.74,89.36,92.86,0.71,21.77
2014-06-07,15.24,23.11,88.31,92.91,0.77,20.97
2014-06-08,13.24,23.44,87.38,92.85,0.68,21.07
2014-06-09,11.84,23.33,89.52,92.87,0.76,21.39
2014-06-10,25.13,23.26,90.84,92.97,0.69,21.6
2014-06-11,18.96,23.21,90.4,93.04,0.56,21.45
2014-06-12,11.47,22.77,90.91,93.02,0.52,21.11
2014-06-13,9.85,22.7,88.7,93.04,0.55,20.59
2014-06-14,5.71,23.51,90.77,93.09,0.57,21.81
2014-06-15,1.97,23.04,89.55,93.16,0.49,21.09
2014-06-16,2.46,23.49,88.84,93.13,0.64,21.4
2014-06-17,10.02,23.45,88.45,93.08,0.7,21.28
2014-06-18,5.46,23.46,89.57,93.01,0.84,21.55
2014-06-19,6.83,23.57,89.43,93.03,0.76,21.62
2014-06-20,2.39,23.74,89.91,93.12,0.78,21.89
2014-06-21,2.7,23.01,90.36,93.31,0.71,21.25
2014-06-22,1.54,23.1,87.88,93.38,0.62,20.8
2014-06-23,0.89,23.55,88.12,93.27,0.66,21.32
2014-06-24,3.15,23.61,88.72,93.05,0.76,21.51
2014-06-25,1.49,23.08,89.24,93.04,0.72,21.11
2014-06-26,0.12,23.68,87.32,93.1,0.57,21.28
2014-06-27,0.0,23.87,88.88,93.15,0.45,21.78
2014-06-28,0.28,23.74,90.38,93.15,0.45,21.96
2014-06-29,1.73,23.57,89.27,93.11,0.48,21.57
2014-06-30,12.44,22.85,87.25,93.09,0.51,20.43
2014-07-01,11.42,22.8,93.2,93.17,0.74,21.61
2014-07-02,1.53,22.77,87.95,93.22,0.5,20.51
2014-07-03,0.43,23.1,89.04,93.05,0.6,21.07
2014-07-04,3.75,23.4,88.12,92.96,0.61,21.15
2014-07-05,4.97,23.48,89.56,92.98,0.75,21.52
2014-07-06,1.35,22.23,88.5,93.11,0.52,20.07
2014-07-07,0.27,21.27,87.94,93.17,0.52,19.06
2014-07-08,1.53,21.2,89.82,93.13,0.53,19.37
2014-07-09,8.87,21.95,89.7,93.13,0.56,20.05
2014-07-10,17.88,21.78,89.89,93.25,0.6,19.92
2014-07-11,7.35,22.6,90.66,93.27,0.71,20.9
2014-07-12,6.5,22.67,90.88,93.18,0.75,21.01
2014-07-13,22.58,22.36,90.08,93.11,0.77,20.55
2014-07-14,24.05,22.27,89.93,93.1,0.68,20.42
2014-07-15,33.02,22.03,92.36,93.07,0.6,20.66
2014-07-16,6.6,22.17,91.62,93.14,0.49,20.65
2014-07-17,1.22,22.3,90.46,93.12,0.51,20.57
2014-07-18,5.93,22.49,89.31,93.12,0.46,20.49
2014-07-19,9.38,22.29,90.77,93.2,0.55,20.6
2014-07-20,9.44,22.5,91.64,93.22,0.65,20.99
2014-07-21,7.73,22.19,92.31,93.2,0.63,20.81
2014-07-22,14.85,21.61,93.41,93.23,0.6,20.45
2014-07-23,13.69,21.23,91.61,93.29,0.65,19.73
2014-07-24,9.93,21.34,91.05,93.28,0.39,19.69
2014-07-25,10.32,21.31,91.08,93.31,0.5,19.7
2014-07-26,11.0,21.56,91.18,93.38,0.43,19.96
2014-07-27,6.51,22.03,93.01,93.4,0.52,20.78
2014-07-28,4.45,22.05,92.67,93.28,0.6,20.75
2014-07-29,2.27,22.35,91.44,93.18,0.57,20.8
2014-07-30,1.95,22.37,89.17,93.19,0.67,20.36
2014-07-31,25.21,22.23,92.85,93.14,0.59,20.95
2014-08-01,56.38,22.43,93.45,93.13,0.73,21.27
2014-08-02,20.23,22.1,92.13,93.19,0.56,20.68
2014-08-03,21.14,21.85,93.29,93.18,0.63,20.66
2014-08-04,13.39,21.25,93.34,93.13,0.55,20.07
2014-08-05,13.76,21.38,92.25,93.15,0.6,19.99
2014-08-06,8.14,21.31,91.15,93.22,0.54,19.71
2014-08-07,9.27,21.35,92.66,93.17,0.44,20.05
2014-08-08,11.57,21.05,92.58,93.18,0.53,19.74
2014-08-09,8.65,21.1,92.83,93.27,0.31,19.83
2014-08-10,9.18,21.03,93.34,93.3,0.5,19.85
2014-08-11,45.89,21.2,92.59,93.24,0.52,19.89
2014-08-12,11.49,21.02,93.54,93.18,0.52,19.88
2014-08-13,1.07,20.88,92.61,93.25,0.54,19.58
2014-08-14,0.33,21.28,92.76,93.26,0.53,20.0
2014-08-15,5.33,21.39,92.49,93.27,0.49,20.05
2014-08-16,9.61,21.19,92.55,93.28,0.38,19.85
2014-08-17,4.61,21.62,91.67,93.21,0.49,20.11
2014-08-18,17.82,22.71,90.64,93.17,0.42,20.94
2014-08-19,27.04,22.69,88.94,93.17,0.35,20.58
2014-08-20,10.29,22.98,91.53,92.99,0.51,21.4
2014-08-21,25.36,22.74,92.86,92.8,0.47,21.45
2014-08-22,39.42,22.88,94.54,92.69,0.52,21.92
2014-08-23,21.9,22.32,92.44,92.9,0.76,20.97
2014-08-24,1.27,22.2,91.9,93.1,0.5,20.75
2014-08-25,0.23,22.27,90.31,93.23,0.36,20.52
2014-08-26,0.24,21.73,92.09,93.26,0.45,20.33
2014-08-27,2.23,21.44,92.81,93.15,0.55,20.17
2014-08-28,7.2,21.95,91.69,93.08,0.64,20.45
2014-08-29,18.7,22.0,91.54,93.02,0.67,20.48
2014-08-30,20.47,21.64,92.45,93.07,0.73,20.29
2014-08-31,19.82,21.91,92.48,93.0,0.72,20.56
2014-09-01,20.02,22.24,92.6,92.97,0.66,20.92
2014-09-02,23.8,21.71,94.0,93.1,0.42,20.65
2014-09-03,11.47,21.3,92.02,93.28,0.44,19.87
2014-09-04,4.56,21.51,91.08,93.3,0.32,19.89
2014-09-05,15.3,21.31,91.55,93.31,0.41,19.76
2014-09-06,5.78,21.21,92.05,93.25,0.47,19.77
2014-09-07,3.16,21.06,95.07,93.26,0.51,20.22
2014-09-08,1.94,21.86,91.72,93.3,0.55,20.37
2014-09-09,0.57,22.01,91.12,93.31,0.53,20.4
2014-09-10,0.09,22.36,89.83,93.23,0.5,20.48
2014-09-11,0.14,22.31,89.35,93.26,0.47,20.34
2014-09-12,6.33,22.06,91.18,93.31,0.46,20.45
2014-09-13,7.22,22.49,90.41,93.25,0.51,20.71
2014-09-14,6.82,22.7,90.95,93.17,0.64,21.03
2014-09-15,1.87,22.21,91.83,93.12,0.52,20.74
2014-09-16,1.18,22.06,92.51,93.07,0.5,20.73
2014-09-17,0.81,22.45,90.23,93.02,0.6,20.66
2014-09-18,1.46,21.99,91.2,93.12,0.53,20.4
2014-09-19,0.89,22.58,89.78,93.14,0.55,20.67
2014-09-20,0.18,22.27,88.99,93.1,0.55,20.23
2014-09-21,0.0,22.91,87.8,93.07,0.51,20.59
2014-09-22,1.48,23.09,90.11,93.12,0.44,21.26
2014-09-23,7.74,23.63,91.31,93.04,0.48,22.0
2014-09-24,4.87,22.92,95.69,93.0,0.51,22.18
2014-09-25,6.46,23.49,90.75,93.1,0.4,21.77
2014-09-26,6.65,23.17,90.82,93.18,0.36,21.43
2014-09-27,14.3,23.05,92.64,93.18,0.27,21.7
2014-09-28,10.79,23.38,88.06,93.22,0.3,21.06
2014-09-29,5.98,23.68,87.25,93.18,0.36,21.16
2014-09-30,9.56,23.53,88.83,93.17,0.31,21.38
2014-10-01,1.76,23.47,89.22,93.2,0.3,21.43
2014-10-02,0.2,23.68,85.0,93.24,0.28,20.63
2014-10-03,1.18,23.33,86.24,93.23,0.36,20.59
2014-10-04,0.95,22.8,89.82,93.29,0.37,20.9
2014-10-05,5.5,22.13,91.06,93.36,0.32,20.54
2014-10-06,7.12,22.41,90.64,93.32,0.34,20.67
2014-10-07,24.28,22.26,91.17,93.21,0.31,20.62
2014-10-08,9.83,21.86,89.45,93.18,0.38,19.87
2014-10-09,11.07,22.3,91.34,93.13,0.32,20.69
2014-10-10,5.63,22.83,91.0,93.11,0.48,21.17
2014-10-11,1.36,20.53,88.46,93.11,0.32,18.42
2014-10-12,3.55,21.38,90.54,93.03,0.37,19.63
2014-10-13,1.08,23.52,91.02,93.0,0.43,21.85
2014-10-14,3.84,23.36,88.81,93.09,0.23,21.26
2014-10-15,8.17,22.37,95.47,93.19,0.32,21.6
2014-10-16,7.58,23.26,85.97,93.24,0.22,20.51
2014-10-17,45.13,22.23,84.6,93.28,0.26,19.07
2014-10-18,35.97,21.45,94.36,93.18,0.34,20.45
2014-10-19,13.8,21.46,90.94,93.15,0.22,19.8
2014-10-20,6.26,21.95,89.67,93.16,0.26,19.99
2014-10-21,8.84,21.49,90.61,93.28,0.35,19.77
2014-10-22,11.84,21.92,89.1,93.36,0.27,19.87
2014-10-23,9.18,22.76,88.54,93.27,0.31,20.53
2014-10-24,13.9,22.26,92.43,93.21,0.31,20.88
2014-10-25,13.71,22.42,92.75,93.26,0.3,21.11
2014-10-26,4.92,22.48,89.71,93.38,0.19,20.54
2014-10-27,10.71,22.9,88.8,93.36,0.36,20.79
2014-10-28,6.15,23.03,89.0,93.28,0.26,20.93
2014-10-29,6.89,22.76,90.79,93.22,0.24,21.03
2014-10-30,2.63,22.07,90.32,93.19,0.32,20.27
2014-10-31,0.26,21.68,88.32,93.2,0.34,19.47
2014-11-01,15.42,21.93,87.71,93.21,0.32,19.56
2014-11-02,14.84,21.94,88.11,93.28,0.22,19.71
2014-11-03,17.43,22.07,88.36,93.31,0.37,19.93
2014-11-04,5.32,21.09,93.06,93.36,0.28,19.84
2014-11-05,0.22,22.22,88.6,93.42,0.33,20.01
2014-11-06,0.1,22.6,81.51,93.32,0.31,18.88
2014-11-07,0.0,22.19,81.08,93.26,0.36,18.3
2014-11-08,0.0,22.58,86.14,93.28,0.36,19.88
2014-11-09,0.03,22.44,88.05,93.32,0.32,20.18
2014-11-10,2.52,22.93,90.39,93.21,0.38,21.13
2014-11-11,5.34,22.84,88.82,93.16,0.22,20.68
2014-11-12,12.73,22.36,87.62,93.12,0.21,20.03
2014-11-13,21.68,22.63,90.5,93.13,0.26,20.84
2014-11-14,13.56,22.05,93.08,93.3,0.28,20.83
2014-11-15,2.68,22.69,87.74,93.27,0.19,20.37
2014-11-16,2.83,22.1,88.06,93.22,0.26,19.86
2014-11-17,1.37,21.88,86.34,93.22,0.33,19.29
2014-11-18,0.52,21.91,86.13,93.29,0.37,19.31
2014-11-19,0.41,22.17,87.73,93.3,0.37,19.92
2014-11-20,1.7,21.81,86.61,93.24,0.36,19.33
2014-11-21,3.63,20.63,90.72,93.25,0.36,18.98
2014-11-22,1.36,21.87,87.26,93.24,0.22,19.47
2014-11-23,5.21,21.31,89.2,93.2,0.22,19.34
2014-11-24,0.94,21.6,87.31,93.18,0.29,19.2
2014-11-25,0.0,20.4,82.46,93.2,0.36,17.04
2014-11-26,0.01,20.61,84.04,93.04,0.33,17.63
2014-11-27,2.45,21.05,87.09,93.08,0.26,18.69
2014-11-28,2.13,20.32,89.72,93.2,0.23,18.45
2014-11-29,1.91,18.78,85.45,93.26,0.28,16.09
2014-11-30,0.4,18.89,82.75,93.14,0.39,15.78
2014-12-01,1.15,20.41,89.25,93.12,0.36,18.5
2014-12-02,0.21,21.2,89.18,93.26,0.3,19.25
2014-12-03,0.0,21.93,82.3,93.31,0.3,18.5
2014-12-04,0.0,20.76,84.01,93.34,0.31,17.51
2014-12-05,0.0,19.51,81.1,93.35,0.25,15.7
2014-12-06,0.0,20.04,80.6,93.31,0.23,16.21
2014-12-07,0.0,21.85,84.11,93.27,0.17,18.81
2014-12-08,0.79,22.68,86.71,93.3,0.18,20.14
2014-12-09,1.16,22.24,86.9,93.37,0.18,19.76
2014-12-10,9.2,21.82,89.22,93.31,0.2,19.79
2014-12-11,0.84,21.51,87.18,93.3,0.27,19.06
2014-12-12,2.45,21.71,87.53,93.33,0.19,19.35
2014-12-13,0.37,21.38,88.75,93.36,0.25,19.3
2014-12-14,0.55,22.42,87.1,93.35,0.22,19.97
2014-12-15,0.05,21.91,82.96,93.34,0.24,18.62
2014-12-16,0.58,22.27,86.12,93.31,0.29,19.65
2014-12-17,1.02,21.8,87.82,93.27,0.4,19.59
2014-12-18,0.74,22.03,85.35,93.29,0.39,19.32
2014-12-19,0.57,22.13,85.07,93.4,0.36,19.38
2014-12-20,0.05,21.05,84.11,93.37,0.34,18.08
2014-12-21,0.0,21.56,82.81,93.24,0.21,18.24
2014-12-22,0.0,21.78,81.86,93.21,0.32,18.23
2014-12-23,0.04,22.09,83.42,93.26,0.28,18.86
2014-12-24,0.06,22.43,84.28,93.37,0.23,19.41
2014-12-25,0.06,22.03,82.71,93.4,0.25,18.68
2014-12-26,0.0,19.94,80.47,93.27,0.34,16.2
2014-12-27,0.01,20.04,78.35,93.23,0.27,15.86
2014-12-28,0.41,20.04,85.59,93.26,0.24,17.43
2014-12-29,0.68,22.04,85.46,93.12,0.35,19.25
2014-12-30,0.88,22.68,88.28,92.98,0.47,20.43
2014-12-31,3.85,22.87,89.77,92.96,0.46,20.92
2015-01-01,1.84,22.05,87.21,93.1,0.42,19.62
2015-01-02,0.0,20.76,81.8,93.34,0.35,17.13
2015-01-03,0.0,20.88,80.78,93.44,0.33,16.96
2015-01-04,0.0,21.54,83.36,93.38,0.29,18.27
2015-01-05,0.0,22.2,77.62,93.35,0.29,17.73
2015-01-06,0.0,21.44,79.39,93.39,0.37,17.38
2015-01-07,0.0,21.24,83.88,93.38,0.38,18.03
2015-01-08,0.0,21.63,84.2,93.4,0.31,18.54
2015-01-09,0.0,21.8,83.68,93.45,0.26,18.58
2015-01-10,0.0,21.09,78.0,93.45,0.34,16.67
2015-01-11,0.0,18.76,71.42,93.45,0.39,12.75
2015-01-12,0.0,18.95,73.51,93.42,0.35,13.52
2015-01-13,0.0,18.75,72.93,93.36,0.36,13.22
2015-01-14,0.0,19.29,74.35,93.33,0.32,13.94
2015-01-15,0.0,20.11,73.03,93.35,0.35,14.47
2015-01-16,0.0,20.49,73.04,93.38,0.35,14.81
2015-01-17,0.0,21.78,75.42,93.42,0.32,16.69
2015-01-18,0.0,21.88,74.97,93.44,0.27,16.7
2015-01-19,0.0,21.45,74.28,93.41,0.25,16.09
2015-01-20,0.0,21.01,72.95,93.54,0.23,15.31
2015-01-21,0.21,20.69,73.48,93.65,0.24,15.2
2015-01-22,1.98,20.2,69.95,93.64,0.3,13.44
2015-01-23,0.04,21.63,73.42,93.44,0.28,15.94
2015-01-24,0.05,22.47,73.92,93.42,0.26,16.9
2015-01-25,0.0,22.36,72.81,93.5,0.23,16.61
2015-01-26,0.0,21.62,67.95,93.41,0.31,14.71
2015-01-27,0.0,22.04,69.98,93.3,0.34,15.51
2015-01-28,0.0,22.69,72.7,93.21,0.24,16.86
2015-01-29,0.0,22.89,72.64,93.33,0.33,16.97
2015-01-30,0.0,22.55,73.99,93.47,0.27,17.21
2015-01-31,0.0,22.77,66.85,93.46,0.34,15.6
2015-02-01,0.0,22.48,67.76,93.44,0.31,15.42
2015-02-02,0.0,22.0,62.66,93.48,0.35,13.33
2015-02-03,0.0,22.1,65.29,93.61,0.42,14.44
2015-02-04,0.0,21.86,68.06,93.58,0.39,15.2
2015-02-05,0.0,22.9,68.42,93.45,0.28,16.18
2015-02-06,0.32,23.35,61.92,93.42,0.3,14.22
2015-02-07,0.69,23.0,66.79,93.42,0.31,15.37
2015-02-08,0.0,22.44,65.6,93.37,0.3,14.92
2015-02-09,0.0,22.96,59.67,93.35,0.29,13.4
2015-02-10,0.0,22.56,65.63,93.41,0.26,14.95
2015-02-11,0.0,24.1,65.6,93.36,0.26,16.38
2015-02-12,0.2,24.5,65.14,93.33,0.35,16.54
2015-02-13,0.26,24.36,67.78,93.37,0.32,17.0
2015-02-14,0.0,24.24,68.53,93.28,0.37,16.86
2015-02-15,0.0,24.46,62.86,93.3,0.37,15.13
2015-02-16,0.0,23.59,56.1,93.4,0.39,12.42
2015-02-17,0.0,23.56,63.77,93.39,0.53,14.8
2015-02-18,0.0,23.07,58.97,93.33,0.52,12.36
2015-02-19,0.0,23.32,62.64,93.3,0.44,13.63
2015-02-20,0.0,22.55,56.83,93.3,0.38,11.05
2015-02-21,0.0,22.14,53.43,93.31,0.35,10.36
2015-02-22,0.0,22.23,49.57,93.34,0.4,9.45
2015-02-23,0.0,23.02,48.33,93.37,0.43,8.95
2015-02-24,0.0,23.51,49.4,93.29,0.54,10.2
2015-02-25,0.0,24.58,61.02,93.19,0.39,15.38
2015-02-26,0.03,24.86,67.37,93.13,0.4,17.35
2015-02-27,0.16,24.83,71.14,93.17,0.45,18.43
2015-02-28,0.08,24.56,72.4,93.18,0.42,18.55
2015-03-01,0.08,25.19,70.73,93.2,0.39,18.76
2015-03-02,1.57,24.84,73.93,93.33,0.47,19.21
2015-03-03,1.25,24.42,76.58,93.29,0.51,19.35
2015-03-04,0.09,23.92,76.7,93.3,0.41,19.15
2015-03-05,0.0,25.84,66.07,93.3,0.32,17.78
2015-03-06,4.43,25.47,69.36,93.41,0.27,18.33
2015-03-07,4.68,24.78,73.57,93.36,0.24,18.82
2015-03-08,4.29,24.61,68.99,93.43,0.27,17.41
2015-03-09,0.93,24.55,68.19,93.5,0.24,16.94
2015-03-10,0.01,24.96,60.31,93.46,0.23,14.71
2015-03-11,0.0,24.23,58.07,93.4,0.33,12.98
2015-03-12,0.0,25.21,62.56,93.39,0.33,15.86
2015-03-13,0.03,25.78,62.31,93.36,0.35,16.44
2015-03-14,2.19,24.56,67.82,93.44,0.3,17.14
2015-03-15,2.64,24.88,72.65,93.45,0.31,18.76
2015-03-16,8.97,24.0,79.84,93.46,0.26,19.68
2015-03-17,1.05,24.8,68.28,93.39,0.32,16.3
2015-03-18,0.0,25.17,64.15,93.27,0.35,15.61
2015-03-19,0.0,25.23,64.62,93.28,0.3,15.97
2015-03-20,0.0,25.82,58.33,93.34,0.3,13.98
2015-03-21,0.0,25.51,55.92,93.43,0.4,13.15
2015-03-22,0.0,25.53,55.53,93.39,0.49,12.97
2015-03-23,0.0,26.58,63.65,93.28,0.38,16.96
2015-03-24,0.0,27.12,64.05,93.18,0.36,17.85
2015-03-25,0.0,26.18,64.1,93.25,0.38,17.1
2015-03-26,0.0,26.0,59.19,93.35,0.4,15.41
2015-03-27,0.0,25.27,54.79,93.39,0.44,13.32
2015-03-28,0.14,25.68,58.24,93.29,0.41,14.57
2015-03-29,0.23,26.49,63.33,93.21,0.32,17.39
2015-03-30,0.25,26.96,61.73,93.18,0.34,17.48
2015-03-31,4.7,25.48,72.32,93.24,0.28,19.2
2015-04-01,8.86,25.58,74.98,93.22,0.29,19.67
2015-04-02,2.37,25.89,73.05,93.18,0.38,19.62
2015-04-03,0.07,26.08,72.46,93.07,0.45,19.87
2015-04-04,0.06,26.29,74.0,92.88,0.39,20.64
2015-04-05,0.0,26.22,73.04,92.94,0.34,20.31
2015-04-06,1.79,26.28,72.66,93.01,0.37,19.98
2015-04-07,4.62,26.37,73.65,93.04,0.35,20.13
2015-04-08,4.33,25.02,74.76,93.18,0.22,19.52
2015-04-09,5.53,25.64,62.9,93.21,0.27,16.36
2015-04-10,4.45,25.65,72.91,93.28,0.3,19.16
2015-04-11,2.25,25.05,76.81,93.34,0.3,19.91
2015-04-12,2.31,24.74,73.74,93.45,0.24,18.86
2015-04-13,3.12,24.04,78.6,93.41,0.28,19.54
2015-04-14,8.53,24.05,79.39,93.25,0.35,19.6
2015-04-15,17.74,23.91,82.83,93.25,0.28,20.36
2015-04-16,9.12,23.54,84.62,93.39,0.24,20.49
2015-04-17,11.89,24.18,80.94,93.32,0.36,20.1
2015-04-18,2.72,24.95,76.5,93.12,0.35,19.79
2015-04-19,0.07,25.32,75.28,93.1,0.29,20.03
2015-04-20,1.84,25.68,75.38,93.18,0.29,20.15
2015-04-21,11.96,25.19,77.57,93.2,0.24,20.22
2015-04-22,11.22,24.65,81.8,93.21,0.31,20.88
2015-04-23,1.74,24.41,84.62,93.26,0.34,21.34
2015-04-24,3.12,25.33,79.62,93.25,0.3,20.78
2015-04-25,8.56,24.02,77.3,93.23,0.3,19.29
2015-04-26,2.59,24.71,70.98,93.17,0.39,18.18
2015-04-27,0.42,25.52,72.15,93.25,0.28,19.1
2015-04-28,0.03,26.03,72.44,93.25,0.31,19.63
2015-04-29,1.38,26.09,74.61,93.23,0.38,20.14
2015-04-30,0.87,25.34,79.65,93.31,0.39,20.96
2015-05-01,0.01,25.73,75.62,93.25,0.33,20.39
2015-05-02,0.0,24.95,78.4,93.23,0.35,20.48
2015-05-03,0.0,25.57,73.62,93.18,0.37,19.74
2015-05-04,1.81,25.43,77.52,93.16,0.27,20.68
2015-05-05,3.13,24.8,79.54,93.12,0.25,20.45
2015-05-06,2.45,24.67,81.31,93.06,0.26,20.79
2015-05-07,9.11,24.56,84.2,93.17,0.38,21.34
2015-05-08,9.06,24.49,87.29,93.13,0.36,22.0
2015-05-09,10.83,23.81,89.52,93.06,0.44,21.83
2015-05-10,3.48,24.34,81.87,93.04,0.33,20.57
2015-05-11,8.15,23.35,82.96,93.15,0.27,19.93
2015-05-12,19.13,23.73,78.45,93.11,0.28,19.12
2015-05-13,10.83,24.07,83.66,92.99,0.15,20.74
2015-05-14,7.07,23.85,87.35,92.98,0.21,21.43
2015-05-15,28.23,23.66,94.74,93.04,0.45,22.74
2015-05-16,6.85,23.72,92.08,93.03,0.37,22.27
2015-05-17,14.72,23.31,95.68,92.94,0.48,22.55
2015-05-18,10.47,23.18,92.16,93.09,0.29,21.75
2015-05-19,10.75,23.69,87.68,93.17,0.33,21.3
2015-05-20,5.82,23.88,87.8,93.25,0.36,21.52
2015-05-21,0.73,24.37,86.85,93.28,0.45,21.81
2015-05-22,0.14,24.8,84.4,93.26,0.43,21.69
2015-05-23,3.82,24.12,87.85,93.25,0.58,21.81
2015-05-24,1.52,23.57,85.67,93.3,0.45,20.79
2015-05-25,0.26,24.32,85.31,93.26,0.39,21.44
2015-05-26,0.06,24.29,87.68,93.26,0.48,21.99
2015-05-27,3.08,23.89,88.68,93.22,0.47,21.77
2015-05-28,1.72,22.25,84.31,93.12,0.47,19.24
2015-05-29,1.67,23.8,87.27,93.07,0.48,21.33
2015-05-30,12.26,24.49,85.05,93.1,0.41,21.47
2015-05-31,8.58,23.8,87.75,93.07,0.47,21.45
2015-06-01,4.0,23.16,88.0,93.04,0.5,20.92
2015-06-02,21.2,23.38,88.8,93.06,0.44,21.28
2015-06-03,3.63,23.33,90.25,92.95,0.36,21.51
2015-06-04,3.17,23.86,86.91,92.94,0.31,21.31
2015-06-05,12.43,22.92,91.22,93.07,0.35,21.34
2015-06-06,0.34,23.43,85.22,93.06,0.26,20.47
2015-06-07,14.82,23.51,87.47,93.09,0.49,21.08
2015-06-08,10.38,22.31,87.72,93.18,0.53,19.99
2015-06-09,2.5,22.76,87.79,93.16,0.38,20.46
2015-06-10,4.31,23.04,91.14,93.09,0.35,21.41
2015-06-11,13.71,22.95,90.19,93.09,0.53,21.14
2015-06-12,7.53,22.13,89.86,93.15,0.5,20.28
2015-06-13,8.57,22.6,90.66,93.09,0.51,20.91
2015-06-14,4.9,22.38,89.37,93.08,0.4,20.41
2015-06-15,8.9,22.16,88.86,93.11,0.44,20.09
2015-06-16,8.38,21.88,89.71,93.1,0.44,20.0
2015-06-17,9.53,21.82,89.3,93.04,0.53,19.89
2015-06-18,13.32,22.75,89.5,93.02,0.52,20.79
2015-06-19,8.55,23.02,91.4,93.08,0.64,21.44
2015-06-20,3.34,23.47,89.77,93.04,0.79,21.58
2015-06-21,6.34,23.18,91.57,93.12,0.67,21.65
2015-06-22,3.18,23.61,89.43,93.12,0.71,21.65
2015-06-23,5.07,23.4,91.09,93.17,0.72,21.79
2015-06-24,3.61,23.46,90.0,93.29,0.66,21.61
2015-06-25,9.29,23.44,92.91,93.26,0.69,22.17
2015-06-26,33.39,21.89,87.97,93.32,0.63,19.67
2015-06-27,14.64,22.24,91.03,93.28,0.71,20.61
2015-06-28,11.34,23.28,90.29,93.3,0.65,21.49
2015-06-29,16.18,22.95,92.11,93.42,0.59,21.51
2015-06-30,12.23,22.74,89.99,93.34,0.36,20.85
2015-07-01,5.36,23.31,90.19,93.34,0.43,21.47
2015-07-02,1.55,23.2,89.6,93.39,0.47,21.25
2015-07-03,2.31,23.42,89.84,93.36,0.52,21.51
2015-07-04,4.98,23.42,90.41,93.33,0.67,21.64
2015-07-05,2.57,23.13,90.91,93.22,0.73,21.48
2015-07-06,0.35,22.82,89.32,93.18,0.71,20.85
2015-07-07,0.71,22.66,89.23,93.12,0.6,20.67
2015-07-08,3.04,22.42,90.96,93.19,0.55,20.79
2015-07-09,4.07,23.14,89.6,93.24,0.63,21.21
2015-07-10,9.88,23.15,90.17,93.15,0.68,21.33
2015-07-11,6.64,23.22,92.11,93.14,0.68,21.8
2015-07-12,0.57,23.08,89.92,93.12,0.54,21.21
2015-07-13,2.06,22.92,89.84,93.07,0.57,21.04
2015-07-14,6.82,23.38,90.46,92.97,0.7,21.61
2015-07-15,7.55,23.13,91.55,92.88,0.79,21.6
2015-07-16,5.44,23.1,90.08,92.9,0.68,21.27
2015-07-17,17.42,21.76,90.93,93.04,0.76,20.13
2015-07-18,13.44,21.91,90.28,93.16,0.62,20.12
2015-07-19,9.94,21.34,91.1,93.17,0.56,19.73
2015-07-20,11.12,22.02,90.81,93.03,0.62,20.34
2015-07-21,5.16,22.68,91.14,93.03,0.51,21.06
2015-07-22,6.67,22.05,92.1,93.14,0.54,20.64
2015-07-23,5.09,21.94,90.85,93.21,0.48,20.27
2015-07-24,1.35,21.83,89.61,93.31,0.46,19.92
2015-07-25,1.55,21.19,90.08,93.29,0.39,19.39
2015-07-26,1.04,20.84,89.6,93.33,0.25,18.96
2015-07-27,0.13,22.22,86.43,93.32,0.26,19.56
2015-07-28,3.6,22.49,88.12,93.35,0.31,20.21
2015-07-29,2.69,22.71,89.07,93.31,0.35,20.62
2015-07-30,0.0,22.31,89.44,93.32,0.42,20.36
2015-07-31,0.36,22.64,88.06,93.28,0.45,20.38
2015-08-01,1.06,22.66,90.45,93.32,0.51,20.89
2015-08-02,4.46,21.91,89.62,93.36,0.47,20.0
2015-08-03,5.56,22.13,91.56,93.32,0.47,20.59
2015-08-04,5.44,22.54,89.66,93.29,0.46,20.6
2015-08-05,2.92,22.34,90.02,93.31,0.4,20.47
2015-08-06,0.52,22.43,89.04,93.19,0.39,20.39
2015-08-07,0.96,22.03,92.67,93.14,0.41,20.72
2015-08-08,14.8,22.88,89.79,93.14,0.5,20.97
2015-08-09,4.22,22.85,90.11,92.99,0.66,21.02
2015-08-10,11.8,22.4,92.13,92.99,0.59,20.99
2015-08-11,2.46,22.9,89.98,93.11,0.6,21.06
2015-08-12,4.11,22.59,90.87,93.22,0.54,20.93
2015-08-13,6.9,22.57,91.08,93.17,0.53,20.94
2015-08-14,5.63,22.95,90.4,93.14,0.51,21.16
2015-08-15,1.65,22.68,91.69,93.17,0.46,21.16
2015-08-16,17.25,22.45,92.38,93.2,0.49,21.08
2015-08-17,5.56,23.4,88.82,93.06,0.48,21.24
2015-08-18,8.56,23.78,88.53,93.06,0.36,21.54
2015-08-19,3.83,23.47,88.19,93.18,0.36,21.22
2015-08-20,0.81,23.24,88.42,93.31,0.44,21.04
2015-08-21,9.07,23.16,89.93,93.28,0.41,21.27
2015-08-22,8.91,22.57,89.92,93.27,0.35,20.69
2015-08-23,4.13,22.16,86.46,93.3,0.31,19.52
2015-08-24,1.32,21.82,87.23,93.3,0.43,19.37
2015-08-25,0.58,22.3,89.8,93.22,0.43,20.38
2015-08-26,0.11,22.19,89.08,93.16,0.47,20.18
2015-08-27,0.36,22.34,90.77,93.15,0.46,20.67
2015-08-28,0.18,22.95,87.8,93.21,0.39,20.63
2015-08-29,0.08,23.07,87.67,93.18,0.42,20.73
2015-08-30,0.0,23.16,86.27,93.21,0.43,20.51
2015-08-31,0.02,23.37,85.38,93.24,0.37,20.49
2015-09-01,0.72,23.38,86.48,93.15,0.49,20.73
2015-09-02,6.32,23.04,87.86,93.08,0.4,20.65
2015-09-03,2.23,23.53,88.55,93.11,0.41,21.3
2015-09-04,2.54,23.23,92.26,93.24,0.41,21.81
2015-09-05,11.46,22.48,93.65,93.36,0.38,21.36
2015-09-06,5.97,22.36,90.24,93.4,0.44,20.55
2015-09-07,9.47,21.2,92.55,93.44,0.41,19.89
2015-09-08,4.68,21.57,88.14,93.41,0.43,19.32
2015-09-09,6.11,21.92,89.4,93.38,0.41,19.95
2015-09-10,11.44,22.47,89.99,93.36,0.47,20.6
2015-09-11,7.31,22.49,91.1,93.32,0.43,20.86
2015-09-12,3.55,22.83,90.08,93.3,0.37,21.0
2015-09-13,0.44,22.58,90.12,93.36,0.38,20.76
2015-09-14,0.46,22.78,87.8,93.33,0.46,20.48
2015-09-15,4.27,22.66,90.37,93.23,0.52,20.88
2015-09-16,13.95,22.91,89.69,93.09,0.63,20.98
2015-09-17,7.78,21.61,91.52,93.01,0.47,20.08
2015-09-18,5.14,22.16,88.56,93.05,0.46,20.0
2015-09-19,5.74,23.12,90.44,93.06,0.48,21.35
2015-09-20,10.56,22.32,91.34,93.09,0.45,20.74
2015-09-21,0.66,23.01,86.84,93.1,0.3,20.42
2015-09-22,0.43,23.61,86.56,93.08,0.39,20.96
2015-09-23,0.78,23.12,89.69,93.17,0.3,21.19
2015-09-24,3.14,24.09,86.35,93.15,0.29,21.38
2015-09-25,6.05,24.0,87.05,93.07,0.34,21.41
2015-09-26,3.75,23.8,86.94,93.07,0.45,21.24
2015-09-27,28.11,22.84,92.51,93.05,0.42,21.47
2015-09-28,13.61,22.78,89.5,93.03,0.34,20.78
2015-09-29,32.29,22.42,92.56,92.98,0.35,21.08
2015-09-30,4.96,22.33,89.12,93.08,0.4,20.27
2015-10-01,4.96,21.89,91.59,93.24,0.46,20.34
2015-10-02,5.73,22.48,91.01,93.44,0.49,20.79
2015-10-03,5.9,23.14,89.88,93.46,0.35,21.21
2015-10-04,19.57,22.28,93.45,93.46,0.28,21.11
2015-10-05,19.22,22.48,91.59,93.34,0.36,20.93
2015-10-06,3.66,21.34,85.78,93.27,0.22,18.56
2015-10-07,2.21,22.46,88.57,93.26,0.35,20.26
2015-10-08,4.95,22.29,90.68,93.34,0.5,20.56
2015-10-09,15.8,22.11,90.72,93.35,0.45,20.39
2015-10-10,7.79,22.3,91.74,93.36,0.43,20.8
2015-10-11,8.73,23.07,89.94,93.38,0.36,21.16
2015-10-12,10.73,22.95,89.75,93.37,0.23,21.03
2015-10-13,6.16,23.47,87.4,93.33,0.28,20.95
2015-10-14,10.56,23.56,87.56,93.33,0.31,21.11
2015-10-15,5.49,23.58,81.52,93.33,0.26,19.83
2015-10-16,1.29,23.64,80.61,93.33,0.24,19.65
2015-10-17,1.66,23.38,81.77,93.34,0.27,19.66
2015-10-18,6.69,23.26,86.34,93.41,0.21,20.62
2015-10-19,2.68,23.27,89.97,93.35,0.24,21.38
2015-10-20,1.41,23.88,86.67,93.19,0.27,21.23
2015-10-21,0.46,23.89,86.19,93.14,0.3,21.13
2015-10-22,4.43,23.07,89.42,93.25,0.27,21.06
2015-10-23,3.22,22.75,89.89,93.25,0.23,20.83
2015-10-24,8.17,23.02,86.59,93.19,0.26,20.33
2015-10-25,16.34,22.39,83.73,93.27,0.27,19.08
2015-10-26,0.41,22.6,78.64,93.36,0.25,18.28
2015-10-27,6.57,22.0,85.62,93.36,0.22,19.28
2015-10-28,3.73,21.64,89.04,93.31,0.21,19.61
2015-10-29,0.72,23.2,83.43,93.25,0.21,19.86
2015-10-30,10.69,22.51,87.57,93.18,0.39,20.1
2015-10-31,20.13,22.22,93.72,93.12,0.36,21.08
2015-11-01,9.68,22.64,90.97,93.24,0.52,20.95
2015-11-02,6.04,22.06,91.03,93.38,0.39,20.38
2015-11-03,7.54,22.69,88.74,93.39,0.34,20.55
2015-11-04,18.11,22.76,90.89,93.29,0.38,21.04
2015-11-05,23.85,22.45,92.8,93.27,0.38,21.13
2015-11-06,6.25,22.59,90.01,93.19,0.19,20.74
2015-11-07,27.71,22.36,91.07,93.2,0.18,20.71
2015-11-08,4.47,22.27,90.48,93.26,0.19,20.51
2015-11-09,5.51,21.75,93.82,93.19,0.5,20.65
2015-11-10,5.18,22.01,90.98,93.09,0.37,20.36
2015-11-11,5.99,21.71,89.66,93.14,0.31,19.79
2015-11-12,4.65,22.84,89.19,93.29,0.36,20.82
2015-11-13,5.46,21.6,92.75,93.33,0.3,20.3
2015-11-14,1.13,21.05,91.23,93.15,0.26,19.48
2015-11-15,2.27,20.71,94.48,93.04,0.27,19.76
2015-11-16,2.61,21.79,92.48,92.97,0.27,20.44
2015-11-17,13.13,22.73,90.57,93.0,0.32,20.96
2015-11-18,16.72,22.68,92.67,93.06,0.21,21.38
2015-11-19,5.27,22.02,95.31,93.12,0.16,21.22
2015-11-20,3.92,22.53,88.88,93.15,0.36,20.43
2015-11-21,3.49,21.88,87.92,93.15,0.33,19.59
2015-11-22,14.12,21.82,91.47,93.12,0.32,20.29
2015-11-23,11.27,21.26,90.85,93.26,0.29,19.59
2015-11-24,8.04,22.4,89.13,93.22,0.21,20.37
2015-11-25,0.02,22.56,84.18,93.24,0.23,19.48
2015-11-26,0.0,21.23,79.93,93.3,0.22,17.2
2015-11-27,0.49,21.93,87.23,93.2,0.28,19.59
2015-11-28,2.23,21.26,91.39,93.32,0.21,19.65
2015-11-29,12.06,21.95,85.25,93.38,0.25,19.14
2015-11-30,7.29,21.59,90.52,93.4,0.14,19.89
2015-12-01,0.52,21.7,89.6,93.28,0.21,19.83
2015-12-02,4.63,21.19,96.38,93.22,0.32,20.58
2015-12-03,0.68,22.7,88.14,93.28,0.22,20.41
2015-12-04,2.64,22.84,88.34,93.2,0.27,20.66
2015-12-05,3.63,21.91,91.56,93.13,0.36,20.4
2015-12-06,3.56,21.9,94.43,93.12,0.32,20.94
2015-12-07,11.2,22.41,91.11,93.23,0.3,20.79
2015-12-08,4.38,21.23,90.65,93.3,0.31,19.56
2015-12-09,2.95,22.25,89.53,93.33,0.18,20.33
2015-12-10,4.95,22.23,91.76,93.35,0.24,20.76
2015-12-11,2.36,22.71,87.73,93.29,0.24,20.37
2015-12-12,7.15,22.59,90.8,93.22,0.23,20.9
2015-12-13,5.27,22.82,90.46,93.25,0.3,21.02
2015-12-14,8.39,22.47,93.99,93.29,0.19,21.4
2015-12-15,8.29,23.14,90.81,93.3,0.27,21.42
2015-12-16,2.27,22.74,88.39,93.34,0.23,20.46
2015-12-17,0.1,21.43,81.73,93.34,0.29,17.86
2015-12-18,1.2,22.34,87.31,93.39,0.24,19.94
2015-12-19,6.68,22.17,88.6,93.51,0.23,20.01
2015-12-20,2.18,22.28,87.2,93.49,0.27,19.82
2015-12-21,0.02,21.28,81.86,93.53,0.28,17.68
2015-12-22,0.0,19.41,80.39,93.58,0.35,15.49
2015-12-23,0.0,20.22,84.9,93.58,0.3,17.37
2015-12-24,0.0,20.6,81.95,93.52,0.22,17.04
2015-12-25,0.0,20.16,82.07,93.49,0.35,16.65
2015-12-26,0.0,20.64,83.8,93.47,0.38,17.55
2015-12-27,0.64,21.7,84.63,93.51,0.36,18.8
2015-12-28,0.2,21.67,84.3,93.6,0.5,18.77
2015-12-29,0.19,21.93,84.43,93.53,0.34,19.02
2015-12-30,0.01,21.43,80.62,93.43,0.29,17.6
2015-12-31,0.0,20.14,80.96,93.48,0.44,16.49
2016-01-01,0.0,19.57,79.27,93.62,0.36,15.44
2016-01-02,0.0,19.33,80.45,93.69,0.37,15.48
2016-01-03,0.0,18.49,76.26,93.59,0.39,13.64
2016-01-04,0.0,18.92,79.86,93.58,0.35,14.86
2016-01-05,0.0,20.1,81.03,93.53,0.32,16.34
2016-01-06,0.0,21.24,83.12,93.5,0.23,17.99
2016-01-07,0.0,21.34,83.4,93.56,0.24,18.09
2016-01-08,0.0,20.57,83.57,93.59,0.28,17.49
2016-01-09,0.0,20.36,84.26,93.43,0.3,17.37
2016-01-10,0.0,20.48,80.48,93.49,0.3,16.58
2016-01-11,0.0,20.68,79.94,93.51,0.34,16.67
2016-01-12,0.0,20.07,78.68,93.4,0.28,15.77
2016-01-13,0.0,18.98,85.81,93.41,0.24,16.34
2016-01-14,0.0,20.1,81.09,93.38,0.29,16.41
2016-01-15,0.0,19.61,77.63,93.32,0.32,15.09
2016-01-16,0.0,19.8,82.91,93.3,0.37,16.38
2016-01-17,0.0,21.81,81.96,93.27,0.34,18.18
2016-01-18,0.0,22.06,84.03,93.21,0.29,18.95
2016-01-19,0.0,22.7,81.82,93.22,0.34,19.01
2016-01-20,0.34,22.8,83.35,93.31,0.37,19.47
2016-01-21,0.48,23.78,83.42,93.35,0.25,20.46
2016-01-22,0.06,23.16,82.03,93.39,0.22,19.54
2016-01-23,0.01,22.57,77.36,93.45,0.3,17.91
2016-01-24,0.0,22.94,76.31,93.49,0.3,18.02
2016-01-25,0.0,23.68,78.74,93.44,0.35,19.33
2016-01-26,0.14,24.0,80.0,93.4,0.32,19.85
2016-01-27,0.2,23.29,80.64,93.4,0.23,19.32
2016-01-28,0.0,23.24,73.04,93.43,0.26,17.47
2016-01-29,0.0,22.51,68.84,93.49,0.3,15.53
2016-01-30,0.0,20.83,68.73,93.47,0.32,13.78
2016-01-31,0.0,20.35,68.92,93.42,0.29,13.55
2016-02-01,0.0,20.84,64.2,93.44,0.38,12.48
2016-02-02,0.0,20.43,61.4,93.46,0.45,11.33
2016-02-03,0.0,20.45,56.61,93.41,0.48,10.36
2016-02-04,0.0,20.75,60.67,93.4,0.44,11.6
2016-02-05,0.0,21.13,62.48,93.38,0.37,12.53
2016-02-06,0.0,22.63,67.81,93.3,0.4,15.47
2016-02-07,2.38,23.83,74.47,93.39,0.27,18.42
2016-02-08,2.59,24.34,75.94,93.34,0.33,19.11
2016-02-09,1.16,24.25,75.23,93.35,0.26,18.82
2016-02-10,3.64,23.9,79.21,93.33,0.28,19.32
2016-02-11,5.27,23.9,76.95,93.3,0.3,18.78
2016-02-12,0.0,24.48,72.54,93.27,0.31,18.18
2016-02-13,0.0,24.09,69.48,93.29,0.35,16.87
2016-02-14,0.0,23.46,67.94,93.31,0.35,16.0
2016-02-15,0.0,24.03,65.59,93.38,0.3,15.86
2016-02-16,0.0,24.32,67.68,93.38,0.28,16.96
2016-02-17,0.0,24.26,66.1,93.37,0.31,16.29
2016-02-18,0.0,24.71,68.23,93.33,0.31,17.86
2016-02-19,0.0,24.75,65.26,93.45,0.31,16.88
2016-02-20,2.79,25.59,68.7,93.5,0.32,18.21
2016-02-21,3.17,25.48,72.22,93.44,0.35,18.86
2016-02-22,0.39,26.14,66.63,93.47,0.37,17.82
2016-02-23,0.0,24.99,65.3,93.42,0.47,16.13
2016-02-24,0.04,24.92,68.58,93.36,0.4,17.38
2016-02-25,1.18,25.85,67.66,93.36,0.32,17.67
2016-02-26,1.11,25.59,68.99,93.45,0.27,18.18
2016-02-27,0.48,25.07,67.21,93.51,0.24,17.47
2016-02-28,6.09,25.46,69.84,93.62,0.18,18.52
2016-02-29,1.2,23.63,71.95,93.58,0.27,17.26
2016-03-01,0.0,24.33,65.18,93.41,0.29,16.23
2016-03-02,0.0,24.98,65.85,93.42,0.25,17.0
2016-03-03,0.0,23.98,66.06,93.5,0.34,15.98
2016-03-04,0.0,22.82,62.28,93.41,0.29,14.14
2016-03-05,0.0,24.93,57.78,93.31,0.35,14.19
2016-03-06,0.01,25.32,63.9,93.25,0.44,16.34
2016-03-07,0.04,26.11,63.69,93.23,0.31,17.09
2016-03-08,0.0,25.61,65.26,93.2,0.37,17.03
2016-03-09,0.0,26.03,65.14,93.26,0.31,17.64
2016-03-10,0.02,26.33,66.36,93.33,0.29,18.19
2016-03-11,0.58,26.85,67.61,93.37,0.39,18.8
2016-03-12,2.67,26.18,72.85,93.35,0.39,19.95
2016-03-13,2.93,25.44,78.81,93.34,0.35,20.98
2016-03-14,0.33,26.79,70.95,93.33,0.33,20.16
2016-03-15,1.9,25.8,74.51,93.34,0.44,20.18
2016-03-16,1.01,26.24,68.88,93.26,0.37,18.8
2016-03-17,0.39,26.86,66.47,93.28,0.39,18.48
2016-03-18,0.0,27.37,63.42,93.25,0.36,18.05
2016-03-19,0.0,27.22,65.47,93.29,0.42,18.86
2016-03-20,0.0,27.76,62.25,93.28,0.36,17.34
2016-03-21,0.0,27.92,61.63,93.24,0.39,17.42
2016-03-22,6.19,26.27,74.62,93.18,0.43,20.58
2016-03-23,4.69,27.01,71.6,93.18,0.36,20.21
2016-03-24,1.16,27.68,67.0,93.32,0.33,19.13
2016-03-25,1.39,26.92,64.24,93.45,0.29,17.31
2016-03-26,0.16,27.06,62.21,93.41,0.38,16.9
2016-03-27,0.02,26.92,60.1,93.4,0.32,16.53
2016-03-28,1.16,27.09,63.7,93.39,0.29,18.41
2016-03-29,5.24,26.82,70.19,93.42,0.25,19.55
2016-03-30,2.31,27.24,65.47,93.42,0.33,18.14
2016-03-31,0.47,27.04,65.51,93.34,0.3,18.16
2016-04-01,0.79,27.36,64.78,93.17,0.31,18.07
2016-04-02,0.0,27.84,65.71,93.24,0.38,19.18
2016-04-03,0.13,27.97,64.36,93.36,0.43,18.93
2016-04-04,0.09,28.01,61.62,93.22,0.41,17.77
2016-04-05,0.02,27.09,67.89,93.2,0.49,19.51
2016-04-06,0.02,26.89,68.61,93.24,0.44,19.73
2016-04-07,2.09,27.39,69.31,93.17,0.41,20.1
2016-04-08,9.17,26.46,77.41,93.16,0.35,21.36
2016-04-09,18.33,24.02,92.37,93.27,0.41,22.65
2016-04-10,7.76,25.88,76.51,93.34,0.32,20.66
2016-04-11,0.27,27.0,70.9,93.26,0.37,20.13
2016-04-12,0.01,26.88,73.17,93.16,0.4,20.77
2016-04-13,0.01,26.97,74.26,93.03,0.44,21.3
2016-04-14,2.99,26.91,76.33,93.01,0.38,21.81
2016-04-15,2.44,27.39,74.83,93.15,0.33,21.52
2016-04-16,0.74,26.95,76.59,93.17,0.39,21.7
2016-04-17,0.05,26.66,74.55,93.11,0.37,21.05
2016-04-18,0.4,27.48,69.91,93.08,0.37,20.06
2016-04-19,1.26,27.63,71.38,93.12,0.35,20.77
2016-04-20,1.84,26.89,75.82,93.28,0.41,21.43
2016-04-21,1.73,26.45,77.53,93.24,0.41,21.52
2016-04-22,0.79,27.04,73.18,93.19,0.57,20.9
2016-04-23,0.32,26.67,73.32,93.03,0.6,20.81
2016-04-24,0.25,27.0,73.09,92.91,0.51,20.9
2016-04-25,0.28,27.12,72.44,92.98,0.46,20.91
2016-04-26,0.08,28.29,65.36,93.1,0.33,19.73
2016-04-27,0.01,27.17,70.35,93.1,0.34,20.21
2016-04-28,1.64,27.51,69.25,93.1,0.3,19.81
2016-04-29,0.81,27.89,66.9,93.12,0.34,19.44
2016-04-30,0.77,28.08,66.93,93.15,0.37,19.75
2016-05-01,0.85,27.46,69.74,93.14,0.4,19.91
2016-05-02,0.3,27.42,71.4,93.16,0.46,20.81
2016-05-03,0.0,27.76,68.15,93.09,0.46,20.14
2016-05-04,0.78,27.03,69.31,93.08,0.36,19.84
2016-05-05,1.86,26.4,74.68,93.13,0.28,20.7
2016-05-06,9.36,25.85,79.97,93.13,0.31,21.54
2016-05-07,6.04,25.66,81.81,93.11,0.35,21.87
2016-05-08,4.9,26.03,77.12,93.18,0.34,21.17
2016-05-09,1.14,26.04,73.19,93.14,0.22,20.18
2016-05-10,4.56,26.7,69.32,93.13,0.24,19.22
2016-05-11,11.77,25.07,80.23,93.14,0.29,20.74
2016-05-12,2.68,24.69,80.87,93.02,0.35,20.68
2016-05-13,1.48,26.25,75.87,92.97,0.43,20.66
2016-05-14,4.91,26.24,79.32,93.05,0.39,21.73
2016-05-15,8.08,25.22,79.48,93.08,0.35,20.66
2016-05-16,13.91,24.04,85.91,92.91,0.49,21.25
2016-05-17,28.05,23.58,83.41,92.84,0.34,20.21
2016-05-18,5.71,23.53,89.44,92.82,0.56,21.59
2016-05-19,9.51,24.2,88.83,92.94,0.57,22.13
2016-05-20,3.77,23.94,86.55,93.02,0.61,21.4
2016-05-21,0.01,24.86,81.94,93.11,0.61,21.34
2016-05-22,0.57,24.85,85.47,93.24,0.54,22.09
2016-05-23,0.42,25.41,84.99,93.23,0.64,22.5
2016-05-24,1.49,25.46,83.38,93.21,0.7,22.16
2016-05-25,9.39,25.04,87.32,93.14,0.68,22.62
2016-05-26,5.71,24.36,87.07,93.16,0.56,21.88
2016-05-27,7.86,24.67,86.1,93.16,0.64,21.92
2016-05-28,18.75,22.83,91.43,93.2,0.62,21.3
2016-05-29,2.23,23.11,88.32,93.15,0.56,20.97
2016-05-30,16.32,23.42,86.77,93.1,0.57,20.89
2016-05-31,8.44,23.47,88.89,93.16,0.57,21.36
2016-06-01,9.89,23.45,89.14,93.18,0.48,21.41
2016-06-02,12.42,22.86,91.54,93.1,0.56,21.33
2016-06-03,9.52,23.2,89.01,93.07,0.51,21.14
2016-06-04,3.17,23.34,88.46,93.09,0.48,21.17
2016-06-05,9.43,23.67,89.31,93.09,0.48,21.67
2016-06-06,7.96,23.66,89.13,93.11,0.49,21.63
2016-06-07,25.39,23.9,93.61,93.08,0.54,22.76
2016-06-08,33.61,23.36,92.98,93.14,0.5,22.1
2016-06-09,16.98,23.5,92.89,93.18,0.57,22.21
2016-06-10,11.91,22.51,90.4,93.27,0.55,20.77
2016-06-11,26.4,23.18,90.93,93.3,0.63,21.52
2016-06-12,4.14,22.99,90.23,93.31,0.63,21.21
2016-06-13,4.11,23.13,90.08,93.33,0.58,21.3
2016-06-14,0.99,23.24,89.49,93.26,0.65,21.29
2016-06-15,1.75,22.92,87.47,93.16,0.72,20.58
2016-06-16,4.99,22.96,89.29,93.02,0.77,20.97
2016-06-17,11.58,22.29,91.21,92.94,0.61,20.71
2016-06-18,9.84,21.77,89.94,93.0,0.64,19.94
2016-06-19,7.3,22.16,88.7,92.95,0.67,20.05
2016-06-20,5.21,22.02,89.52,92.9,0.61,20.11
2016-06-21,6.08,21.63,91.94,92.98,0.59,20.19
2016-06-22,6.75,21.33,90.28,93.14,0.59,19.57
2016-06-23,5.31,20.68,91.48,93.2,0.72,19.17
2016-06-24,0.99,21.65,90.32,93.09,0.67,19.91
2016-06-25,0.42,22.38,88.38,93.13,0.67,20.22
2016-06-26,4.67,22.68,89.84,93.14,0.57,20.82
2016-06-27,13.08,22.74,90.43,93.06,0.68,20.98
2016-06-28,14.9,22.4,91.42,93.13,0.59,20.83
2016-06-29,12.6,22.32,93.15,93.16,0.6,21.1
2016-06-30,3.14,22.55,91.49,93.17,0.63,21.02
2016-07-01,1.41,22.95,90.48,93.15,0.63,21.2
2016-07-02,1.82,22.91,89.32,93.15,0.63,20.93
2016-07-03,6.45,22.35,87.98,93.25,0.62,20.11
2016-07-04,12.49,22.21,90.33,93.22,0.59,20.45
2016-07-05,6.66,23.22,89.73,93.16,0.56,21.31
2016-07-06,18.31,23.17,92.58,93.13,0.58,21.84
2016-07-07,2.39,22.05,90.92,93.2,0.4,20.41
2016-07-08,9.72,21.17,90.32,93.24,0.43,19.38
2016-07-09,18.66,22.04,92.24,93.16,0.68,20.64
2016-07-10,7.68,22.66,92.55,93.14,0.83,21.34
2016-07-11,13.39,22.7,91.54,93.08,0.78,21.17
2016-07-12,13.02,22.44,91.58,93.13,0.66,20.92
2016-07-13,4.75,22.48,90.01,93.12,0.57,20.63
2016-07-14,11.87,22.55,90.73,93.02,0.49,20.84
2016-07-15,9.54,22.58,91.75,92.98,0.5,21.07
2016-07-16,21.29,22.17,92.08,93.07,0.54,20.75
2016-07-17,6.54,21.62,91.87,93.22,0.48,20.16
2016-07-18,9.22,20.85,92.65,93.26,0.5,19.54
2016-07-19,1.29,21.53,89.29,93.23,0.47,19.54
2016-07-20,2.29,21.98,90.56,93.17,0.55,20.25
2016-07-21,3.54,21.88,91.07,93.13,0.61,20.25
2016-07-22,5.42,21.71,91.15,93.09,0.66,20.12
2016-07-23,12.49,21.34,92.51,93.04,0.59,20.01
2016-07-24,17.07,21.62,93.28,93.01,0.65,20.45
2016-07-25,29.44,21.97,92.52,92.98,0.53,20.63
2016-07-26,21.03,21.63,92.59,92.95,0.38,20.31
2016-07-27,23.52,21.72,92.15,93.0,0.37,20.32
2016-07-28,8.94,22.17,92.34,93.03,0.44,20.77
2016-07-29,1.75,21.5,93.19,93.08,0.44,20.3
2016-07-30,6.74,21.42,92.8,93.13,0.4,20.14
2016-07-31,3.15,21.93,90.88,93.21,0.46,20.25
2016-08-01,2.9,21.92,91.61,93.23,0.59,20.4
2016-08-02,0.7,21.79,90.75,93.1,0.57,20.1
2016-08-03,2.18,21.86,91.61,93.02,0.68,20.35
2016-08-04,5.57,22.26,91.07,93.08,0.68,20.63
2016-08-05,4.79,22.0,91.79,93.18,0.53,20.52
2016-08-06,4.36,22.19,90.93,93.17,0.57,20.52
2016-08-07,3.03,22.39,90.44,93.21,0.63,20.62
2016-08-08,3.58,22.44,90.96,93.26,0.51,20.79
2016-08-09,3.52,22.49,90.11,93.22,0.6,20.66
2016-08-10,2.01,22.59,89.36,93.24,0.55,20.62
2016-08-11,1.79,22.39,90.85,93.31,0.57,20.71
2016-08-12,1.53,22.43,91.17,93.3,0.62,20.82
2016-08-13,1.85,22.83,89.85,93.19,0.65,20.95
2016-08-14,3.52,22.47,89.98,93.19,0.65,20.62
2016-08-15,3.99,22.34,89.84,93.16,0.71,20.47
2016-08-16,3.23,22.05,91.12,93.13,0.75,20.45
2016-08-17,2.97,22.14,90.0,93.05,0.69,20.32
2016-08-18,3.23,22.48,89.45,93.02,0.68,20.53
2016-08-19,3.26,22.33,89.42,93.04,0.57,20.36
2016-08-20,3.0,22.62,89.9,93.0,0.51,20.75
2016-08-21,2.72,22.75,89.51,93.06,0.5,20.77
2016-08-22,1.83,22.59,91.14,93.12,0.48,20.97
2016-08-23,3.54,22.03,91.52,93.12,0.53,20.5
2016-08-24,5.08,22.44,91.47,93.05,0.54,20.88
2016-08-25,7.14,22.23,92.29,93.08,0.58,20.85
2016-08-26,4.85,22.37,91.5,93.04,0.62,20.83
2016-08-27,17.67,21.61,92.28,93.13,0.49,20.23
2016-08-28,9.04,21.96,90.68,93.15,0.52,20.25
2016-08-29,3.77,21.88,89.49,93.1,0.48,19.9
2016-08-30,16.81,21.35,91.11,93.03,0.47,19.71
2016-08-31,10.55,19.71,91.92,93.1,0.36,18.27
2016-09-01,6.91,20.39,89.63,93.24,0.35,18.46
2016-09-02,1.36,20.65,91.63,93.29,0.35,19.15
2016-09-03,1.12,21.26,89.77,93.24,0.38,19.38
2016-09-04,0.18,21.93,89.62,93.35,0.35,20.0
2016-09-05,0.01,22.07,89.48,93.39,0.36,20.11
2016-09-06,0.0,21.59,90.13,93.41,0.46,19.78
2016-09-07,0.0,21.56,87.38,93.33,0.48,19.18
2016-09-08,0.0,21.55,87.98,93.27,0.48,19.31
2016-09-09,0.37,22.31,87.44,93.25,0.52,19.92
2016-09-10,4.59,22.29,88.97,93.19,0.61,20.22
2016-09-11,0.84,21.95,88.91,93.13,0.5,19.87
2016-09-12,0.31,22.06,88.15,93.09,0.5,19.82
2016-09-13,0.83,22.29,89.86,93.11,0.55,20.41
2016-09-14,1.94,22.3,91.01,93.11,0.55,20.66
2016-09-15,1.49,22.05,90.42,93.11,0.5,20.28
2016-09-16,1.62,22.62,89.72,93.09,0.5,20.7
2016-09-17,0.77,22.32,89.23,93.17,0.48,20.31
2016-09-18,1.48,21.83,91.13,93.27,0.48,20.22
2016-09-19,0.73,22.53,87.97,93.22,0.57,20.26
2016-09-20,1.19,21.81,90.84,93.15,0.54,20.16
2016-09-21,1.83,22.08,90.58,93.18,0.58,20.36
2016-09-22,0.68,21.75,90.05,93.21,0.61,19.95
2016-09-23,0.63,22.05,88.62,93.07,0.61,19.95
2016-09-24,1.13,22.07,88.32,93.0,0.69,19.9
2016-09-25,0.73,22.25,87.86,93.03,0.63,19.98
2016-09-26,1.57,22.22,87.73,93.12,0.55,19.9
2016-09-27,1.44,22.12,88.81,93.12,0.54,20.03
2016-09-28,4.23,22.24,89.9,93.06,0.53,20.4
2016-09-29,4.7,22.48,90.58,93.02,0.57,20.73
2016-09-30,1.35,21.76,90.53,93.04,0.49,20.03
2016-10-01,0.05,22.0,88.36,93.06,0.44,19.85
2016-10-02,0.0,22.44,84.27,93.17,0.38,19.32
2016-10-03,0.0,22.99,84.78,93.14,0.41,19.98
2016-10-04,0.0,22.79,85.5,93.18,0.43,19.99
2016-10-05,1.52,22.52,86.37,93.19,0.48,19.91
2016-10-06,0.72,22.02,84.56,93.18,0.49,18.98
2016-10-07,0.0,21.58,83.86,93.24,0.45,18.43
2016-10-08,0.0,22.01,86.66,93.29,0.43,19.47
2016-10-09,0.0,22.41,84.81,93.32,0.49,19.46
2016-10-10,0.07,22.17,84.78,93.26,0.52,19.25
2016-10-11,0.05,22.18,85.2,93.22,0.46,19.35
2016-10-12,0.2,22.81,83.34,93.15,0.35,19.49
2016-10-13,32.33,22.94,90.72,93.07,0.37,21.19
2016-10-14,3.56,22.71,83.16,93.14,0.26,19.3
2016-10-15,12.75,22.78,88.04,93.12,0.31,20.51
2016-10-16,8.25,23.19,88.38,93.18,0.28,20.96
2016-10-17,2.27,22.25,92.13,93.14,0.29,20.87
2016-10-18,0.08,22.79,87.16,93.09,0.39,20.35
2016-10-19,0.58,22.42,87.77,93.06,0.43,20.09
2016-10-20,3.75,22.66,89.24,92.98,0.52,20.65
2016-10-21,17.5,21.66,92.47,93.1,0.39,20.32
2016-10-22,3.71,22.21,88.39,93.22,0.42,20.03
2016-10-23,2.11,22.51,87.19,93.28,0.42,20.05
2016-10-24,0.24,22.27,84.45,93.24,0.32,19.17
2016-10-25,1.56,22.15,87.84,93.14,0.39,19.84
2016-10-26,9.32,22.24,88.73,93.13,0.34,20.09
2016-10-27,2.55,21.61,91.58,93.23,0.33,20.11
2016-10-28,0.0,22.27,84.25,93.25,0.27,19.2
2016-10-29,0.17,22.99,85.98,93.21,0.35,20.3
2016-10-30,14.81,23.25,88.19,93.19,0.33,20.95
2016-10-31,18.64,22.02,93.82,93.32,0.24,20.93
2016-11-01,19.19,21.86,90.34,93.29,0.32,20.04
2016-11-02,17.87,22.69,86.4,93.23,0.21,20.04
2016-11-03,13.03,22.15,90.53,93.27,0.21,20.39
2016-11-04,10.32,22.54,92.07,93.23,0.38,21.07
2016-11-05,2.15,22.9,89.74,93.14,0.39,20.96
2016-11-06,0.04,21.62,83.88,93.27,0.36,18.4
2016-11-07,0.0,20.94,81.4,93.34,0.29,17.08
2016-11-08,1.07,21.69,84.94,93.32,0.27,18.73
2016-11-09,2.04,21.56,87.24,93.38,0.32,19.06
2016-11-10,0.01,20.96,81.0,93.35,0.32,17.05
2016-11-11,1.86,21.43,84.63,93.3,0.29,18.3
2016-11-12,2.85,22.46,84.21,93.33,0.32,19.34
2016-11-13,2.63,22.74,85.92,93.38,0.25,19.97
2016-11-14,4.09,23.21,86.8,93.34,0.22,20.61
2016-11-15,3.29,22.81,82.75,93.29,0.23,19.36
2016-11-16,0.77,22.27,85.11,93.25,0.26,19.35
2016-11-17,0.29,22.37,84.45,93.26,0.28,19.34
2016-11-18,0.01,22.41,80.53,93.19,0.28,18.51
2016-11-19,0.01,21.89,78.46,93.16,0.26,17.53
2016-11-20,0.01,22.62,77.54,93.19,0.25,18.1
2016-11-21,0.06,21.59,81.44,93.21,0.35,17.91
2016-11-22,0.31,22.42,78.11,93.17,0.27,17.95
2016-11-23,0.76,21.82,78.41,93.17,0.4,17.29
2016-11-24,0.8,21.4,73.76,93.2,0.33,15.66
2016-11-25,0.0,21.17,72.58,93.2,0.37,15.32
2016-11-26,0.0,21.76,79.11,93.26,0.42,17.5
2016-11-27,0.0,21.8,78.31,93.28,0.41,17.24
2016-11-28,0.0,22.22,70.65,93.3,0.35,15.6
2016-11-29,0.0,22.02,78.27,93.37,0.44,17.57
2016-11-30,0.0,21.56,72.03,93.4,0.36,15.67
2016-12-01,0.37,20.93,76.49,93.29,0.32,16.08
2016-12-02,15.02,21.37,89.23,93.25,0.37,19.32
2016-12-03,8.47,21.91,90.22,93.33,0.34,20.09
2016-12-04,0.73,22.69,79.42,93.47,0.35,18.45
2016-12-05,0.29,22.52,81.88,93.38,0.27,18.93
2016-12-06,2.21,22.2,80.19,93.32,0.25,18.22
2016-12-07,0.09,21.3,70.19,93.35,0.4,14.91
2016-12-08,0.05,22.18,77.26,93.31,0.37,17.69
2016-12-09,0.03,22.65,84.02,93.22,0.44,19.54
2016-12-10,0.0,21.95,81.01,93.2,0.41,17.97
2016-12-11,0.0,20.87,79.29,93.12,0.35,16.5
2016-12-12,0.01,20.92,80.92,93.1,0.48,17.14
2016-12-13,2.98,21.45,86.96,93.02,0.53,19.0
2016-12-14,0.75,22.15,76.12,93.16,0.42,17.01
2016-12-15,0.14,21.6,74.04,93.27,0.39,16.06
2016-12-16,0.0,22.65,71.45,93.39,0.25,16.4
2016-12-17,0.13,22.89,73.51,93.44,0.2,17.24
2016-12-18,0.05,22.54,71.28,93.4,0.28,16.33
2016-12-19,0.01,22.4,69.18,93.37,0.22,15.72
2016-12-20,1.35,22.45,78.29,93.31,0.3,18.06
2016-12-21,0.23,23.94,76.14,93.39,0.28,18.8
2016-12-22,0.0,23.68,72.46,93.38,0.37,17.27
2016-12-23,0.0,23.58,70.73,93.29,0.4,16.72
2016-12-24,0.0,22.31,71.93,93.18,0.41,15.74
2016-12-25,0.0,21.54,70.99,93.27,0.41,14.92
2016-12-26,0.0,22.6,67.8,93.26,0.49,14.76
2016-12-27,0.12,23.02,65.32,93.22,0.34,14.95
2016-12-28,2.25,22.88,79.05,93.23,0.3,18.52
2016-12-29,0.52,22.95,72.67,93.28,0.4,16.84
2016-12-30,0.0,22.31,65.55,93.34,0.32,14.19
2016-12-31,0.0,21.68,61.08,93.32,0.31,12.38
2017-01-01,0.0,21.69,60.13,93.33,0.38,12.12
2017-01-02,0.0,22.14,67.95,93.4,0.38,14.95
2017-01-03,0.0,22.28,64.18,93.38,0.36,13.8
2017-01-04,0.0,22.24,63.09,93.34,0.48,13.5
2017-01-05,0.0,21.86,65.12,93.31,0.38,13.84
2017-01-06,0.0,21.96,67.85,93.28,0.4,14.45
2017-01-07,0.0,22.34,69.68,93.14,0.37,15.41
2017-01-08,0.0,22.09,67.39,93.09,0.38,14.19
2017-01-09,0.0,21.7,66.76,93.14,0.41,13.79
2017-01-10,0.0,22.34,73.45,93.24,0.34,16.61
2017-01-11,0.0,22.66,68.33,93.26,0.35,15.28
2017-01-12,0.0,22.27,68.39,93.22,0.29,15.15
2017-01-13,0.0,22.89,68.59,93.18,0.26,15.91
2017-01-14,0.0,22.68,65.03,93.27,0.29,14.91
2017-01-15,0.0,22.02,61.24,93.4,0.3,12.99
2017-01-16,0.0,21.98,63.78,93.42,0.25,13.75
2017-01-17,0.0,21.33,59.81,93.4,0.23,11.8
2017-01-18,0.0,20.88,55.42,93.41,0.37,10.08
2017-01-19,0.0,21.9,57.96,93.41,0.3,11.97
2017-01-20,0.12,22.81,59.44,93.41,0.2,12.94
2017-01-21,11.53,22.61,78.43,93.41,0.41,18.22
2017-01-22,3.38,22.68,73.3,93.51,0.33,17.07
2017-01-23,0.0,22.8,60.44,93.49,0.3,13.37
2017-01-24,0.0,22.54,58.88,93.43,0.32,13.38
2017-01-25,0.14,22.11,68.04,93.43,0.37,15.56
2017-01-26,1.02,23.26,73.76,93.4,0.25,17.91
2017-01-27,5.63,23.41,79.56,93.33,0.2,19.19
2017-01-28,8.19,23.03,80.26,93.3,0.21,18.83
2017-01-29,2.25,23.47,76.96,93.34,0.28,18.55
2017-01-30,0.04,24.41,67.22,93.36,0.22,16.79
2017-01-31,0.0,24.07,64.21,93.32,0.31,15.34
2017-02-01,0.0,22.76,58.31,93.4,0.34,11.85
2017-02-02,0.0,21.61,52.73,93.49,0.37,8.78
2017-02-03,0.0,21.6,56.96,93.48,0.32,10.89
2017-02-04,0.0,22.29,57.43,93.4,0.45,12.08
2017-02-05,0.0,22.31,57.92,93.36,0.46,11.79
2017-02-06,0.16,22.62,73.64,93.39,0.42,16.81
2017-02-07,0.18,23.98,68.22,93.34,0.4,16.25
2017-02-08,0.02,23.87,58.58,93.4,0.36,12.67
2017-02-09,0.04,23.29,53.88,93.32,0.4,11.12
2017-02-10,0.0,23.61,59.19,93.27,0.43,13.49
2017-02-11,0.0,23.24,61.12,93.32,0.34,13.31
2017-02-12,0.0,22.5,55.16,93.44,0.32,10.73
2017-02-13,0.02,22.71,55.66,93.48,0.33,11.75
2017-02-14,0.67,23.76,68.93,93.56,0.46,17.05
2017-02-15,0.0,24.32,56.13,93.6,0.48,14.08
2017-02-16,0.0,23.35,53.41,93.45,0.41,11.94
2017-02-17,0.0,22.4,48.36,93.35,0.38,8.7
2017-02-18,0.0,22.59,50.68,93.48,0.35,9.38
2017-02-19,0.0,22.4,48.62,93.48,0.34,9.32
2017-02-20,0.0,23.01,64.64,93.35,0.39,14.86
2017-02-21,0.0,25.37,65.42,93.22,0.43,16.52
2017-02-22,0.0,25.6,63.27,93.22,0.42,15.43
2017-02-23,0.0,25.39,57.43,93.3,0.36,13.1
2017-02-24,0.0,25.41,56.33,93.35,0.4,13.06
2017-02-25,0.0,25.23,51.66,93.37,0.38,11.24
2017-02-26,0.0,25.02,57.89,93.19,0.45,13.73
2017-02-27,0.0,24.98,51.77,93.22,0.35,12.29
2017-02-28,0.0,25.41,52.14,93.23,0.31,13.16
2017-03-01,0.0,25.22,45.09,93.24,0.26,9.19
2017-03-02,0.08,24.77,52.88,93.12,0.28,13.8
2017-03-03,7.13,25.3,63.76,92.99,0.2,16.81
2017-03-04,10.64,23.89,81.25,93.02,0.29,19.95
2017-03-05,4.52,24.12,81.08,93.03,0.34,20.12
2017-03-06,4.7,23.86,84.32,93.01,0.38,20.67
2017-03-07,0.1,25.08,75.64,93.01,0.32,19.7
2017-03-08,1.77,25.09,77.64,92.98,0.34,20.27
2017-03-09,8.4,23.98,84.33,93.0,0.31,20.77
2017-03-10,8.06,22.78,88.29,93.11,0.34,20.58
2017-03-11,4.96,24.16,72.5,93.23,0.39,17.97
2017-03-12,4.24,24.3,72.96,93.22,0.42,17.97
2017-03-13,0.6,24.72,75.44,93.22,0.44,19.25
2017-03-14,12.31,23.68,84.36,93.23,0.25,20.56
2017-03-15,14.9,23.48,83.34,93.29,0.29,20.0
2017-03-16,3.23,22.36,86.08,93.28,0.31,19.62
2017-03-17,1.52,24.46,73.06,93.26,0.39,18.09
2017-03-18,2.08,24.86,77.49,93.33,0.37,19.86
2017-03-19,0.94,25.33,75.46,93.35,0.38,19.83
2017-03-20,1.48,25.15,74.27,93.32,0.34,19.3
2017-03-21,2.61,25.05,73.16,93.34,0.28,18.95
2017-03-22,0.04,25.47,66.65,93.3,0.34,17.81
2017-03-23,0.0,25.7,63.42,93.29,0.37,16.57
2017-03-24,0.0,25.53,60.82,93.24,0.33,15.15
2017-03-25,0.0,25.5,60.16,93.29,0.36,14.04
2017-03-26,0.0,25.55,60.23,93.29,0.39,14.48
2017-03-27,0.0,25.46,59.6,93.33,0.37,13.64
2017-03-28,0.0,25.56,65.16,93.34,0.38,16.2
2017-03-29,0.0,26.17,63.73,93.29,0.33,16.33
2017-03-30,0.87,26.52,67.49,93.28,0.4,17.95
2017-03-31,2.57,26.38,71.1,93.35,0.27,19.46
2017-04-01,0.58,26.86,67.23,93.31,0.32,18.29
2017-04-02,0.54,26.71,67.43,93.22,0.4,18.45
2017-04-03,1.14,26.87,69.09,93.23,0.4,19.08
2017-04-04,0.0,27.02,67.66,93.26,0.44,19.06
2017-04-05,0.0,26.98,65.75,93.22,0.42,18.63
2017-04-06,3.58,26.23,71.89,93.15,0.41,19.73
2017-04-07,2.22,27.03,67.69,93.13,0.39,18.75
2017-04-08,1.0,27.66,65.03,93.08,0.31,18.42
2017-04-09,5.3,26.41,73.86,93.13,0.3,20.14
2017-04-10,1.44,25.87,74.72,93.08,0.42,20.08
2017-04-11,0.99,25.81,76.5,93.05,0.43,20.68
2017-04-12,0.54,26.23,73.54,93.09,0.36,20.2
2017-04-13,2.66,26.61,72.08,93.12,0.42,19.97
2017-04-14,2.02,25.6,76.81,93.12,0.39,20.29
2017-04-15,0.03,26.32,72.56,93.01,0.46,19.96
2017-04-16,0.13,26.51,71.45,93.04,0.47,19.97
2017-04-17,0.08,25.91,74.28,93.15,0.43,20.27
2017-04-18,0.01,26.04,71.95,93.14,0.43,19.71
2017-04-19,0.09,26.14,72.23,93.15,0.46,19.92
2017-04-20,1.06,25.61,76.07,93.16,0.49,20.42
2017-04-21,0.73,25.13,77.14,93.22,0.52,20.33
2017-04-22,1.73,25.21,76.73,93.2,0.47,20.19
2017-04-23,1.07,26.05,74.37,93.16,0.53,20.28
2017-04-24,0.05,26.13,72.3,93.19,0.53,20.0
2017-04-25,0.03,26.02,74.21,93.2,0.54,20.49
2017-04-26,4.78,25.17,80.64,93.19,0.37,21.25
2017-04-27,1.19,27.17,71.18,93.18,0.41,19.91
2017-04-28,0.44,27.41,68.0,93.19,0.43,19.4
2017-04-29,1.02,27.31,67.79,93.21,0.43,19.54
2017-04-30,2.14,27.43,66.39,93.15,0.33,18.75
2017-05-01,3.29,25.96,74.04,93.23,0.26,20.16
2017-05-02,14.28,26.09,73.29,93.28,0.28,19.76
2017-05-03,6.84,26.34,71.28,93.25,0.32,19.32
2017-05-04,4.31,25.97,74.95,93.26,0.32,20.28
2017-05-05,3.85,26.63,74.79,93.21,0.35,20.82
2017-05-06,16.48,25.47,83.45,93.32,0.29,22.03
2017-05-07,2.55,25.39,82.33,93.36,0.31,21.67
2017-05-08,2.93,25.18,71.76,93.33,0.3,18.68
2017-05-09,1.54,25.13,79.63,93.16,0.44,20.77
2017-05-10,12.18,25.28,82.56,93.11,0.34,21.64
2017-05-11,6.84,24.74,83.62,93.16,0.29,21.37
2017-05-12,18.81,25.33,81.86,93.11,0.28,21.48
2017-05-13,25.22,24.83,86.97,93.1,0.44,22.28
2017-05-14,2.08,24.94,83.2,93.1,0.48,21.6
2017-05-15,0.26,24.83,82.52,93.07,0.49,21.36
2017-05-16,1.27,24.82,85.07,93.01,0.47,21.89
2017-05-17,3.81,25.2,84.42,93.0,0.51,22.08
2017-05-18,9.71,24.68,84.04,93.1,0.5,21.48
2017-05-19,2.95,23.85,82.35,93.21,0.6,20.35
2017-05-20,8.14,24.04,86.73,93.09,0.53,21.55
2017-05-21,7.77,23.98,87.78,92.95,0.49,21.68
2017-05-22,7.41,23.87,85.89,93.0,0.46,21.17
2017-05-23,1.88,24.74,85.25,93.0,0.41,21.75
2017-05-24,5.11,24.4,87.41,93.02,0.49,22.01
2017-05-25,8.44,24.07,88.9,92.97,0.6,21.97
2017-05-26,5.19,24.4,87.16,92.98,0.58,21.94
2017-05-27,7.15,23.52,88.55,92.97,0.53,21.41
2017-05-28,19.63,23.57,91.03,92.99,0.6,21.94
2017-05-29,13.44,23.91,89.64,92.97,0.68,21.98
2017-05-30,18.49,24.28,90.7,93.02,0.74,22.57
2017-05-31,19.2,23.48,89.66,93.03,0.68,21.57
2017-06-01,13.82,22.76,87.42,93.03,0.65,20.4
2017-06-02,41.46,22.5,90.73,93.03,0.69,20.8
2017-06-03,8.36,22.52,89.89,93.18,0.71,20.69
2017-06-04,9.36,22.91,90.37,93.16,0.66,21.17
2017-06-05,15.47,23.35,91.12,93.15,0.64,21.74
2017-06-06,9.14,22.93,92.14,93.19,0.49,21.51
2017-06-07,12.91,22.79,89.56,93.26,0.45,20.84
2017-06-08,0.19,23.21,87.29,93.18,0.52,20.81
2017-06-09,1.3,22.6,90.22,93.15,0.53,20.82
2017-06-10,12.16,22.6,89.07,93.17,0.74,20.6
2017-06-11,4.99,22.16,90.83,93.12,0.67,20.51
2017-06-12,6.39,23.18,89.97,93.04,0.64,21.34
2017-06-13,4.77,23.5,90.29,93.02,0.56,21.71
2017-06-14,16.52,23.71,91.06,93.12,0.52,22.05
2017-06-15,6.31,23.31,92.02,93.15,0.42,21.85
2017-06-16,2.27,22.84,91.92,93.2,0.44,21.35
2017-06-17,5.39,22.89,88.39,93.16,0.35,20.69
2017-06-18,1.18,23.07,89.72,93.08,0.44,21.14
2017-06-19,2.31,23.36,90.32,93.05,0.47,21.56
2017-06-20,1.76,22.79,91.44,93.11,0.36,21.22
2017-06-21,3.34,22.8,91.71,93.14,0.41,21.28
2017-06-22,6.65,23.1,91.46,93.2,0.48,21.54
2017-06-23,9.58,22.96,91.16,93.18,0.63,21.33
2017-06-24,18.68,22.01,90.73,93.09,0.63,20.32
2017-06-25,15.3,22.21,91.7,93.02,0.69,20.72
2017-06-26,36.56,22.42,91.29,93.15,0.72,20.84
2017-06-27,29.9,22.36,92.61,93.21,0.65,21.03
2017-06-28,8.94,22.19,92.87,93.2,0.58,20.92
2017-06-29,3.01,22.1,91.2,93.17,0.37,20.46
2017-06-30,3.65,22.61,93.85,93.07,0.5,21.51
2017-07-01,8.99,22.29,92.77,93.11,0.48,20.99
2017-07-02,9.2,21.54,91.94,93.14,0.48,20.07
2017-07-03,13.38,21.41,91.62,93.22,0.55,19.9
2017-07-04,0.21,22.2,88.85,93.22,0.44,20.11
2017-07-05,5.41,22.4,92.17,93.22,0.48,20.99
2017-07-06,5.24,22.48,91.19,93.19,0.53,20.86
2017-07-07,6.28,21.68,92.02,93.19,0.6,20.27
2017-07-08,7.97,21.39,91.43,93.17,0.52,19.85
2017-07-09,10.0,20.77,90.77,93.19,0.49,19.11
2017-07-10,7.26,21.52,91.71,93.23,0.48,20.03
2017-07-11,4.98,21.96,92.35,93.24,0.56,20.59
2017-07-12,0.11,22.06,90.81,93.19,0.4,20.38
2017-07-13,10.98,22.24,91.18,93.19,0.54,20.64
2017-07-14,1.07,20.88,89.67,93.22,0.35,18.99
2017-07-15,1.93,22.1,92.12,93.24,0.47,20.66
2017-07-16,1.7,22.21,91.07,93.13,0.5,20.57
2017-07-17,4.13,22.07,91.31,93.1,0.57,20.5
2017-07-18,8.77,22.57,91.51,93.11,0.71,21.03
2017-07-19,11.11,22.44,92.57,93.13,0.59,21.09
2017-07-20,8.95,22.49,91.97,93.1,0.66,21.04
2017-07-21,6.49,22.04,89.96,93.17,0.6,20.21
2017-07-22,2.8,22.77,91.45,93.16,0.49,21.2
2017-07-23,1.17,22.96,90.91,93.15,0.44,21.28
2017-07-24,0.5,22.83,89.92,93.14,0.52,20.96
2017-07-25,0.11,23.12,89.37,93.04,0.44,21.13
2017-07-26,1.22,22.95,90.31,93.07,0.46,21.15
2017-07-27,7.35,22.89,89.5,93.17,0.54,20.93
2017-07-28,7.3,23.1,90.13,93.24,0.57,21.26
2017-07-29,5.77,22.67,90.67,93.23,0.47,20.94
2017-07-30,12.29,22.61,91.47,93.15,0.42,21.05
2017-07-31,18.57,23.03,90.13,93.15,0.46,21.16
2017-08-01,24.25,23.15,90.33,93.18,0.51,21.33
2017-08-02,11.45,22.75,91.12,93.23,0.54,21.12
2017-08-03,8.03,22.71,91.16,93.22,0.54,21.09
2017-08-04,13.57,22.88,91.95,93.02,0.65,21.42
2017-08-05,11.72,22.57,92.91,92.97,0.64,21.31
2017-08-06,4.96,22.64,91.8,92.93,0.56,21.16
2017-08-07,15.0,22.27,92.87,92.99,0.48,20.99
2017-08-08,17.31,21.99,92.69,93.07,0.43,20.67
2017-08-09,10.65,21.96,92.43,93.1,0.39,20.6
2017-08-10,17.14,21.94,90.22,93.09,0.36,20.11
2017-08-11,18.84,21.34,93.8,93.13,0.54,20.25
2017-08-12,6.86,21.85,91.12,93.16,0.42,20.23
2017-08-13,5.26,21.63,92.04,93.21,0.31,20.17
2017-08-14,12.03,22.75,88.72,93.24,0.35,20.61
2017-08-15,10.6,22.18,87.73,93.19,0.38,19.87
2017-08-16,3.4,21.36,90.55,93.15,0.35,19.65
2017-08-17,8.97,22.35,92.03,92.96,0.48,20.9
2017-08-18,8.59,22.25,92.37,92.94,0.6,20.88
2017-08-19,7.94,21.8,92.62,93.02,0.6,20.48
2017-08-20,8.99,22.19,91.84,93.0,0.63,20.71
2017-08-21,12.6,21.37,93.18,92.98,0.5,20.17
2017-08-22,3.23,21.62,92.74,92.99,0.5,20.33
2017-08-23,14.65,21.85,92.73,93.05,0.39,20.54
2017-08-24,5.4,22.32,92.4,93.03,0.43,20.93
2017-08-25,0.51,22.32,91.57,93.0,0.48,20.8
2017-08-26,3.86,22.28,92.7,92.91,0.49,20.97
2017-08-27,10.63,22.45,94.26,92.87,0.62,21.45
2017-08-28,18.31,22.35,93.21,92.88,0.56,21.14
2017-08-29,10.52,21.79,93.84,92.95,0.57,20.71
2017-08-30,8.88,22.36,91.08,93.05,0.44,20.72
2017-08-31,1.88,22.53,91.44,93.12,0.37,20.95
2017-09-01,23.13,22.84,92.82,93.11,0.42,21.52
2017-09-02,19.22,22.44,92.92,93.08,0.4,21.15
2017-09-03,5.01,22.45,92.57,93.08,0.44,21.09
2017-09-04,10.8,22.82,93.73,93.1,0.41,21.7
2017-09-05,14.51,22.51,93.26,93.12,0.39,21.32
2017-09-06,18.25,22.55,92.81,92.99,0.32,21.25
2017-09-07,11.65,23.22,90.17,92.9,0.29,21.37
2017-09-08,37.73,22.98,92.08,92.87,0.5,21.53
2017-09-09,14.21,22.69,91.27,92.91,0.35,21.08
2017-09-10,3.34,23.5,87.92,92.87,0.27,21.15
2017-09-11,4.32,23.58,90.11,92.91,0.35,21.7
2017-09-12,5.5,23.69,88.31,93.02,0.45,21.45
2017-09-13,19.2,23.03,91.52,93.08,0.58,21.46
2017-09-14,13.33,22.37,94.42,93.12,0.62,21.39
2017-09-15,5.27,22.36,93.11,93.12,0.42,21.14
2017-09-16,34.19,22.56,94.6,93.14,0.53,21.6
2017-09-17,46.61,21.87,93.9,93.34,0.55,20.78
2017-09-18,6.51,22.12,93.21,93.41,0.62,20.92
2017-09-19,3.72,22.39,93.21,93.29,0.71,21.18
2017-09-20,2.25,22.19,92.02,93.22,0.68,20.76
2017-09-21,1.58,21.96,91.19,93.15,0.62,20.37
2017-09-22,0.42,22.44,88.89,93.14,0.48,20.35
2017-09-23,0.03,23.0,87.99,93.17,0.39,20.68
2017-09-24,0.95,22.6,89.04,93.18,0.41,20.55
2017-09-25,2.0,22.28,90.35,93.07,0.41,20.5
2017-09-26,4.07,22.54,91.04,93.04,0.41,20.9
2017-09-27,7.75,22.19,92.67,93.08,0.39,20.87
2017-09-28,15.23,21.7,91.1,93.13,0.51,20.07
2017-09-29,5.65,21.92,90.48,93.09,0.54,20.18
2017-09-30,3.28,22.85,90.36,93.12,0.46,21.05
2017-10-01,2.43,22.13,91.4,93.15,0.39,20.55
2017-10-02,1.44,23.24,91.68,92.98,0.5,21.71
2017-10-03,1.52,23.14,92.24,92.99,0.44,21.75
2017-10-04,2.79,23.18,90.7,93.02,0.33,21.42
2017-10-05,11.42,23.06,92.8,92.89,0.31,21.74
2017-10-06,7.98,21.45,93.04,92.94,0.38,20.21
2017-10-07,10.56,22.31,91.35,92.92,0.4,20.71
2017-10-08,6.07,22.97,91.05,92.88,0.46,21.32
2017-10-09,0.52,22.78,93.42,92.87,0.38,21.62
2017-10-10,1.6,22.8,91.46,92.83,0.31,21.24
2017-10-11,5.5,22.39,90.97,92.94,0.37,20.7
2017-10-12,7.2,22.4,90.06,93.03,0.29,20.52
2017-10-13,16.11,21.87,92.83,93.0,0.25,20.57
2017-10-14,5.88,21.78,91.76,93.07,0.31,20.28
2017-10-15,4.32,21.75,91.45,93.18,0.37,20.19
2017-10-16,0.96,22.18,90.78,93.17,0.43,20.49
2017-10-17,11.29,21.78,93.43,93.12,0.29,20.59
2017-10-18,2.81,22.35,92.89,93.04,0.39,21.06
2017-10-19,0.29,23.31,88.55,93.03,0.38,21.13
2017-10-20,1.05,23.14,90.83,93.15,0.38,21.44
2017-10-21,10.8,23.1,91.76,93.24,0.53,21.58
2017-10-22,5.99,22.59,92.25,93.26,0.36,21.17
2017-10-23,0.08,22.41,87.56,93.27,0.36,20.0
2017-10-24,0.14,22.91,84.55,93.31,0.34,19.82
2017-10-25,2.28,23.49,85.94,93.36,0.2,20.82
2017-10-26,14.09,23.32,87.47,93.38,0.23,20.9
2017-10-27,28.32,22.92,90.93,93.26,0.28,21.2
2017-10-28,9.6,21.76,95.07,93.25,0.16,20.92
2017-10-29,0.23,22.61,84.44,93.32,0.2,19.59
2017-10-30,6.13,22.26,89.4,93.23,0.3,20.27
2017-10-31,9.32,21.83,94.12,93.12,0.22,20.78
2017-11-01,13.64,22.46,89.89,93.16,0.15,20.57
2017-11-02,7.16,22.41,88.92,93.11,0.26,20.29
2017-11-03,1.36,22.83,88.36,92.99,0.28,20.6
2017-11-04,11.92,22.55,89.94,92.97,0.19,20.67
2017-11-05,12.59,21.72,90.53,93.06,0.28,20.0
2017-11-06,8.19,21.32,93.38,93.12,0.29,20.14
2017-11-07,3.98,22.15,88.81,93.2,0.18,20.01
2017-11-08,28.67,21.75,89.28,93.23,0.28,19.75
2017-11-09,1.75,22.2,87.26,93.16,0.32,19.72
2017-11-10,0.04,21.86,85.14,93.12,0.32,18.97
2017-11-11,0.43,22.25,86.13,93.15,0.23,19.67
2017-11-12,1.15,22.31,86.45,93.08,0.32,19.66
2017-11-13,0.41,22.05,85.36,92.99,0.34,19.19
2017-11-14,0.35,21.74,89.01,92.97,0.39,19.7
2017-11-15,0.02,22.31,88.08,93.01,0.44,20.1
2017-11-16,0.02,21.09,84.56,93.07,0.32,18.06
2017-11-17,0.95,21.44,82.03,93.04,0.24,17.86
2017-11-18,0.69,22.03,82.38,93.1,0.34,18.53
2017-11-19,2.21,23.36,86.99,93.18,0.19,20.84
2017-11-20,6.44,23.0,88.12,93.21,0.21,20.69
2017-11-21,17.39,22.6,90.06,93.18,0.2,20.75
2017-11-22,3.12,22.49,89.44,93.11,0.17,20.51
2017-11-23,0.57,22.35,84.6,93.14,0.21,19.32
2017-11-24,0.0,21.98,86.95,93.26,0.22,19.52
2017-11-25,0.02,22.22,85.61,93.29,0.25,19.46
2017-11-26,3.32,21.23,90.05,93.35,0.18,19.46
2017-11-27,8.63,21.61,95.44,93.23,0.17,20.83
2017-11-28,1.24,22.54,88.39,93.16,0.28,20.37
2017-11-29,4.43,22.18,90.59,93.16,0.35,20.46
2017-11-30,46.94,21.53,95.46,92.86,0.66,20.76
2017-12-01,16.68,21.93,95.24,92.94,0.61,21.11
2017-12-02,2.51,21.7,89.67,93.18,0.5,19.8
2017-12-03,1.77,21.91,83.23,93.29,0.31,18.55
2017-12-04,0.04,22.11,85.62,93.21,0.35,19.25
2017-12-05,0.04,22.21,87.19,93.15,0.43,19.75
2017-12-06,0.23,21.92,89.74,93.07,0.41,20.07
2017-12-07,0.29,22.34,89.69,93.07,0.26,20.44
2017-12-08,0.05,22.6,86.47,93.12,0.33,19.94
2017-12-09,0.81,21.86,80.65,93.21,0.32,17.91
2017-12-10,2.23,21.65,82.63,93.31,0.34,18.27
2017-12-11,1.29,21.86,86.62,93.44,0.31,19.26
2017-12-12,0.22,22.71,88.02,93.43,0.34,20.43
2017-12-13,9.76,21.78,96.5,93.41,0.31,21.19
2017-12-14,1.13,21.76,86.77,93.39,0.23,19.21
2017-12-15,0.38,21.21,85.79,93.41,0.26,18.49
2017-12-16,0.04,21.82,84.88,93.45,0.37,18.95
2017-12-17,0.0,21.05,82.95,93.5,0.41,17.82
2017-12-18,0.0,19.78,81.17,93.55,0.38,16.2
2017-12-19,0.11,20.31,83.17,93.47,0.31,17.08
2017-12-20,0.21,21.27,84.69,93.47,0.39,18.39
2017-12-21,2.01,20.74,84.36,93.48,0.35,17.76
2017-12-22,0.17,21.09,83.41,93.36,0.39,17.92
2017-12-23,0.0,21.07,81.28,93.23,0.31,17.47
2017-12-24,0.0,20.08,79.79,93.22,0.31,16.11
2017-12-25,0.0,21.3,82.14,93.28,0.26,17.82
2017-12-26,0.0,21.38,82.53,93.31,0.3,17.96
2017-12-27,0.0,20.09,80.9,93.27,0.38,16.37
2017-12-28,0.0,18.28,81.76,93.23,0.43,14.84
2017-12-29,0.0,19.08,77.73,93.3,0.39,14.69
2017-12-30,0.0,20.14,78.03,93.28,0.27,15.84
2017-12-31,0.0,20.54,76.56,93.21,0.3,15.87
2018-01-01,0.0,20.99,82.99,93.13,0.31,17.7
2018-01-02,0.0,21.19,84.13,93.11,0.33,18.15
2018-01-03,0.0,21.71,83.63,93.21,0.36,18.53
2018-01-04,0.0,21.28,82.21,93.29,0.28,17.77
2018-01-05,0.0,20.16,79.88,93.2,0.31,16.18
2018-01-06,0.0,19.54,82.27,93.18,0.4,16.01
2018-01-07,0.0,20.67,85.63,93.2,0.37,17.89
2018-01-08,0.0,19.34,76.6,93.25,0.29,14.59
2018-01-09,0.74,19.66,79.7,93.38,0.22,15.59
2018-01-10,2.01,21.64,85.69,93.4,0.31,18.89
2018-01-11,0.11,22.24,82.1,93.41,0.23,18.72
2018-01-12,0.08,22.12,84.75,93.36,0.24,19.19
2018-01-13,0.01,21.86,79.4,93.3,0.24,17.79
2018-01-14,0.0,19.98,74.0,93.35,0.38,14.54
2018-01-15,0.0,20.24,76.31,93.35,0.36,15.34
2018-01-16,0.0,21.26,75.79,93.29,0.29,16.3
2018-01-17,0.0,21.47,81.92,93.28,0.28,17.92
2018-01-18,0.0,20.32,73.42,93.27,0.32,14.84
2018-01-19,0.0,19.28,73.34,93.32,0.3,13.67
2018-01-20,0.0,19.84,73.83,93.29,0.29,14.42
2018-01-21,0.0,19.95,72.84,93.2,0.33,14.26
2018-01-22,0.0,20.48,76.5,93.15,0.42,15.53
2018-01-23,0.0,21.49,78.7,93.15,0.36,17.04
2018-01-24,0.0,22.12,82.17,93.08,0.37,18.59
2018-01-25,0.18,22.61,76.1,93.03,0.32,17.62
2018-01-26,0.1,21.52,71.9,93.11,0.37,15.37
2018-01-27,0.02,21.96,74.96,93.14,0.42,16.56
2018-01-28,0.46,22.09,78.33,93.19,0.22,17.66
2018-01-29,0.0,21.93,68.81,93.27,0.21,15.19
2018-01-30,0.0,22.18,65.32,93.3,0.3,14.47
2018-01-31,0.0,21.11,63.79,93.33,0.43,13.27
2018-02-01,0.0,21.96,52.53,93.35,0.34,10.56
2018-02-02,0.0,22.39,53.14,93.24,0.44,11.21
2018-02-03,0.0,20.84,55.16,93.24,0.37,10.16
2018-02-04,0.0,20.58,59.2,93.26,0.32,11.07
2018-02-05,0.0,22.32,61.1,93.39,0.33,13.34
2018-02-06,1.44,23.72,71.48,93.4,0.31,17.59
2018-02-07,5.93,22.96,83.49,93.39,0.34,19.7
2018-02-08,2.24,22.47,80.41,93.32,0.22,18.53
2018-02-09,0.33,23.49,74.82,93.27,0.26,18.4
2018-02-10,0.02,23.59,71.24,93.34,0.22,17.45
2018-02-11,0.04,22.51,67.38,93.42,0.25,15.36
2018-02-12,1.15,21.96,77.63,93.52,0.2,17.49
2018-02-13,0.0,20.99,73.46,93.62,0.3,15.6
2018-02-14,0.0,22.31,68.05,93.57,0.31,15.2
2018-02-15,0.0,22.64,69.49,93.59,0.3,16.09
2018-02-16,0.0,22.26,63.41,93.54,0.4,13.96
2018-02-17,0.0,22.48,59.24,93.32,0.23,13.21
2018-02-18,0.0,24.02,57.09,93.21,0.41,13.78
2018-02-19,0.0,23.73,60.99,93.21,0.32,14.15
2018-02-20,0.0,23.29,59.35,93.22,0.33,13.34
2018-02-21,0.0,23.62,58.66,93.12,0.37,13.61
2018-02-22,0.0,23.89,56.96,93.11,0.41,12.97
2018-02-23,0.0,23.13,53.2,93.13,0.41,11.13
2018-02-24,0.0,23.36,57.32,93.24,0.32,12.71
2018-02-25,0.0,24.35,59.31,93.25,0.18,14.34
2018-02-26,0.0,24.86,61.76,93.23,0.29,15.88
2018-02-27,0.0,25.33,61.95,93.15,0.26,16.56
2018-02-28,0.87,25.27,61.0,93.15,0.2,15.66
2018-03-01,1.64,24.76,67.05,93.1,0.28,17.08
2018-03-02,0.0,25.24,52.1,93.11,0.38,12.23
2018-03-03,0.02,24.51,51.65,93.11,0.5,10.53
2018-03-04,0.06,25.82,59.29,93.08,0.36,14.9
2018-03-05,0.0,25.66,56.74,93.14,0.41,13.82
2018-03-06,0.0,25.67,55.99,93.19,0.43,13.6
2018-03-07,0.0,25.75,50.16,93.17,0.45,11.45
2018-03-08,0.0,25.85,54.02,93.18,0.41,13.07
2018-03-09,0.0,25.72,55.25,93.22,0.31,13.55
2018-03-10,0.0,25.14,51.31,93.17,0.38,12.25
2018-03-11,0.0,25.31,50.98,93.19,0.34,12.45
2018-03-12,0.06,24.99,61.58,93.23,0.33,16.1
2018-03-13,7.98,23.61,76.5,93.21,0.37,18.87
2018-03-14,1.43,24.01,71.91,93.19,0.51,17.93
2018-03-15,1.3,24.71,69.37,93.21,0.48,18.13
2018-03-16,0.41,24.94,72.98,93.12,0.4,19.0
2018-03-17,0.56,24.94,77.99,93.13,0.26,20.34
2018-03-18,15.0,25.09,75.85,93.19,0.21,19.68
2018-03-19,3.42,25.5,72.28,93.3,0.26,19.03
2018-03-20,0.11,25.62,60.51,93.26,0.35,14.47
2018-03-21,3.09,25.46,75.27,93.25,0.43,19.54
2018-03-22,0.94,25.42,72.53,93.11,0.44,19.01
2018-03-23,3.68,25.37,74.62,93.06,0.44,19.73
2018-03-24,1.12,26.54,67.56,93.13,0.29,18.54
2018-03-25,0.0,26.4,61.16,93.27,0.35,16.85
2018-03-26,0.19,26.58,58.08,93.33,0.36,14.87
2018-03-27,0.86,26.29,66.59,93.26,0.31,18.01
2018-03-28,0.93,25.74,75.29,93.26,0.39,20.26
2018-03-29,0.7,24.94,80.73,93.24,0.36,20.95
2018-03-30,0.72,24.43,82.78,93.2,0.37,21.04
2018-03-31,1.4,25.28,76.34,93.13,0.41,20.1
2018-04-01,2.06,26.13,69.97,93.05,0.2,19.01
2018-04-02,1.5,25.91,69.34,93.14,0.3,18.58
2018-04-03,0.25,26.18,68.47,93.11,0.33,18.82
2018-04-04,0.01,26.3,68.12,92.99,0.32,18.45
2018-04-05,0.0,26.3,67.24,92.94,0.26,18.36
2018-04-06,0.0,25.98,68.1,93.02,0.34,18.52
2018-04-07,0.86,26.92,63.22,93.08,0.31,17.39
2018-04-08,1.43,25.88,70.87,93.13,0.23,19.1
2018-04-09,3.02,25.14,71.01,93.17,0.27,18.58
2018-04-10,6.45,25.6,73.84,93.07,0.24,19.45
2018-04-11,4.56,24.97,79.99,93.11,0.23,20.7
2018-04-12,2.92,25.13,79.19,93.03,0.19,20.65
2018-04-13,10.89,24.8,78.88,93.09,0.32,20.23
2018-04-14,11.42,25.33,76.22,93.05,0.31,19.91
2018-04-15,5.23,24.45,83.62,93.12,0.3,21.24
2018-04-16,4.79,26.14,75.78,93.16,0.24,20.62
2018-04-17,1.34,26.09,75.69,93.22,0.31,20.57
2018-04-18,2.65,25.92,78.89,93.21,0.39,21.2
2018-04-19,0.35,26.46,75.53,93.09,0.39,20.65
2018-04-20,1.58,25.19,78.91,93.08,0.36,20.85
2018-04-21,2.67,26.93,70.53,93.03,0.31,19.6
2018-04-22,3.47,25.84,76.7,93.1,0.35,20.66
2018-04-23,0.58,26.66,70.74,93.09,0.38,19.74
2018-04-24,1.89,26.08,77.17,93.12,0.44,20.97
2018-04-25,2.23,25.8,78.54,93.06,0.38,21.16
2018-04-26,3.77,26.33,76.61,92.97,0.35,21.01
2018-04-27,5.88,25.71,81.24,93.07,0.28,21.75
2018-04-28,0.39,26.32,74.01,93.16,0.27,20.34
2018-04-29,0.36,26.43,76.12,93.11,0.39,21.02
2018-04-30,5.93,25.35,82.92,93.06,0.42,21.91
2018-05-01,2.64,26.14,74.33,93.09,0.4,20.35
2018-05-02,12.95,25.21,84.13,93.1,0.4,22.02
2018-05-03,13.98,25.98,79.83,93.07,0.34,21.6
2018-05-04,12.5,25.87,75.59,93.07,0.32,20.13
2018-05-05,11.62,25.34,80.7,93.19,0.36,21.19
2018-05-06,5.1,25.11,82.51,93.24,0.38,21.4
2018-05-07,1.22,24.94,81.86,93.18,0.35,21.22
2018-05-08,3.18,24.08,87.46,93.1,0.43,21.68
2018-05-09,41.63,23.91,86.02,93.12,0.33,21.15
2018-05-10,12.01,24.21,86.07,93.19,0.34,21.39
2018-05-11,7.45,23.89,86.32,93.19,0.28,21.21
2018-05-12,14.13,23.39,90.5,93.14,0.39,21.63
2018-05-13,6.94,23.91,86.86,93.08,0.35,21.3
2018-05-14,3.02,23.22,87.68,93.11,0.3,20.9
2018-05-15,4.75,23.88,82.9,93.01,0.29,20.48
2018-05-16,3.92,23.14,89.38,92.96,0.29,21.2
2018-05-17,6.62,23.86,85.88,92.97,0.4,21.09
2018-05-18,2.44,23.56,87.3,92.97,0.32,21.12
2018-05-19,1.41,24.37,85.1,92.92,0.4,21.37
2018-05-20,5.64,23.79,89.52,92.95,0.49,21.85
2018-05-21,3.21,22.66,89.64,93.06,0.31,20.76
2018-05-22,3.42,23.63,85.24,93.03,0.36,20.72
2018-05-23,2.17,23.87,92.8,92.93,0.52,22.57
2018-05-24,12.43,23.63,91.52,92.86,0.47,22.08
2018-05-25,12.96,23.3,93.0,92.67,0.59,22.02
2018-05-26,9.88,23.61,92.49,92.62,0.76,22.23
2018-05-27,10.17,23.33,94.84,92.64,0.63,22.42
2018-05-28,27.18,23.53,94.61,92.6,0.89,22.6
2018-05-29,11.95,23.49,92.98,92.82,0.76,22.26
2018-05-30,3.38,23.44,89.78,92.85,0.72,21.58
2018-05-31,1.69,23.43,90.17,92.93,0.44,21.62
2018-06-01,2.17,23.73,91.16,92.96,0.38,22.09
2018-06-02,3.08,23.76,92.86,92.96,0.47,22.47
2018-06-03,10.79,23.1,93.82,92.97,0.52,22.01
2018-06-04,13.69,23.18,92.99,92.91,0.51,21.92
2018-06-05,3.4,23.17,90.87,92.96,0.45,21.5
2018-06-06,6.3,23.05,88.48,93.21,0.48,20.89
2018-06-07,11.83,23.33,91.11,93.16,0.61,21.7
2018-06-08,16.65,23.92,90.84,93.02,0.95,22.26
2018-06-09,15.34,23.58,92.01,92.99,1.06,22.16
2018-06-10,17.75,23.94,92.47,93.07,0.87,22.59
2018-06-11,21.66,23.69,90.3,93.14,0.96,21.92
2018-06-12,16.18,23.44,90.55,93.11,0.85,21.73
2018-06-13,22.58,22.45,92.3,93.19,0.66,21.09
2018-06-14,10.47,22.1,90.46,93.22,0.6,20.37
2018-06-15,6.03,22.47,90.76,93.23,0.43,20.75
2018-06-16,10.44,22.27,90.36,93.32,0.45,20.5
2018-06-17,2.77,21.47,90.61,93.3,0.47,19.76
2018-06-18,4.44,22.56,88.03,93.21,0.45,20.24
2018-06-19,15.92,22.96,90.47,93.13,0.71,21.2
2018-06-20,28.5,22.71,93.17,93.11,0.68,21.49
2018-06-21,18.26,22.49,91.69,93.07,0.6,20.99
2018-06-22,8.17,21.95,89.64,93.06,0.51,20.04
2018-06-23,1.74,22.29,89.02,93.03,0.51,20.24
2018-06-24,2.13,22.4,90.42,93.1,0.46,20.64
2018-06-25,6.86,21.08,90.6,93.12,0.41,19.36
2018-06-26,7.91,21.56,91.27,93.05,0.55,19.97
2018-06-27,11.12,21.97,92.2,93.01,0.59,20.58
2018-06-28,15.59,21.37,92.36,93.08,0.39,20.0
2018-06-29,6.61,21.02,91.77,93.02,0.41,19.54
2018-06-30,7.49,21.12,91.28,93.05,0.36,19.53
2018-07-01,7.67,21.42,88.73,93.09,0.29,19.31
2018-07-02,18.46,21.8,91.31,93.1,0.39,20.2
2018-07-03,14.78,22.26,91.16,93.13,0.35,20.63
2018-07-04,0.24,22.77,90.74,93.17,0.48,21.05
2018-07-05,2.42,22.62,90.73,93.17,0.47,20.94
2018-07-06,4.93,22.46,90.69,93.13,0.62,20.76
2018-07-07,7.09,21.32,91.61,93.09,0.77,19.84
2018-07-08,13.39,21.86,93.14,93.02,0.77,20.66
2018-07-09,35.68,22.44,94.66,93.01,0.73,21.51
2018-07-10,33.73,22.19,95.06,93.1,0.76,21.34
2018-07-11,29.76,21.7,93.56,93.18,0.77,20.58
2018-07-12,10.9,21.75,92.89,93.14,0.64,20.48
2018-07-13,14.52,22.41,93.55,93.08,0.7,21.27
2018-07-14,13.64,22.53,94.17,93.02,0.67,21.51
2018-07-15,57.6,22.39,95.27,93.0,0.79,21.57
2018-07-16,34.64,21.6,94.35,93.07,0.73,20.62
2018-07-17,16.96,21.77,92.79,93.09,0.73,20.49
2018-07-18,19.07,21.52,93.88,93.12,0.69,20.45
2018-07-19,15.05,21.87,94.16,93.12,0.73,20.85
2018-07-20,3.81,21.72,93.93,93.16,0.68,20.66
2018-07-21,2.96,21.49,93.93,93.23,0.64,20.44
2018-07-22,2.58,21.98,93.0,93.18,0.65,20.74
2018-07-23,6.91,22.07,92.98,93.11,0.65,20.83
2018-07-24,9.12,21.98,92.31,93.2,0.7,20.61
2018-07-25,7.92,22.04,92.86,93.19,0.6,20.76
2018-07-26,3.92,21.63,93.98,93.25,0.62,20.58
2018-07-27,1.32,22.0,92.27,93.21,0.6,20.61
2018-07-28,4.17,21.93,92.11,93.13,0.56,20.51
2018-07-29,3.69,22.29,93.19,93.02,0.6,21.07
2018-07-30,15.78,22.24,94.16,93.06,0.58,21.21
2018-07-31,22.09,21.92,94.6,93.17,0.55,20.98
2018-08-01,7.04,21.83,93.26,93.25,0.44,20.63
2018-08-02,7.96,22.09,91.88,93.27,0.36,20.61
2018-08-03,7.8,21.3,91.94,93.37,0.47,19.85
2018-08-04,2.97,21.11,92.45,93.31,0.42,19.76
2018-08-05,3.14,21.93,92.3,93.31,0.6,20.55
2018-08-06,3.58,21.68,92.39,93.23,0.7,20.32
2018-08-07,10.92,21.73,92.34,93.1,0.7,20.36
2018-08-08,35.46,20.93,93.83,93.11,0.71,19.85
2018-08-09,22.69,21.34,93.16,93.25,0.6,20.12
2018-08-10,14.74,21.62,94.12,93.36,0.58,20.59
2018-08-11,3.31,21.63,93.78,93.28,0.65,20.53
2018-08-12,11.35,20.73,94.47,93.19,0.67,19.78
2018-08-13,10.99,21.56,93.63,93.19,0.63,20.44
2018-08-14,22.32,21.57,92.66,93.15,0.96,20.28
2018-08-15,63.19,21.74,94.26,93.12,1.05,20.75
2018-08-16,54.28,21.35,95.36,93.1,1.02,20.56
2018-08-17,26.33,22.05,94.32,93.03,0.97,21.06
2018-08-18,9.77,20.92,95.04,93.07,0.78,20.08
2018-08-19,6.43,21.29,95.05,93.06,0.72,20.44
2018-08-20,2.88,21.35,94.15,93.1,0.66,20.33
2018-08-21,2.79,21.57,92.16,93.17,0.55,20.16
2018-08-22,1.29,21.44,91.18,93.19,0.5,19.84
2018-08-23,0.72,21.39,91.75,93.2,0.5,19.9
2018-08-24,3.58,21.45,92.36,93.18,0.46,20.07
2018-08-25,1.06,22.22,90.75,93.11,0.5,20.52
2018-08-26,0.92,21.47,92.01,93.06,0.52,20.04
2018-08-27,10.25,21.24,93.11,93.09,0.48,20.03
2018-08-28,5.59,21.48,91.85,93.15,0.49,20.01
2018-08-29,0.86,21.58,92.26,93.2,0.51,20.2
2018-08-30,2.94,21.87,91.38,93.14,0.5,20.31
2018-08-31,7.75,21.59,93.71,93.17,0.45,20.49
2018-09-01,2.29,22.07,91.22,93.25,0.35,20.46
2018-09-02,0.19,21.77,92.33,93.23,0.4,20.39
2018-09-03,0.0,22.05,88.54,93.22,0.44,19.91
2018-09-04,0.0,22.07,88.46,93.26,0.49,19.9
2018-09-05,0.0,21.83,89.15,93.23,0.52,19.83
2018-09-06,0.01,22.02,89.07,93.18,0.54,20.01
2018-09-07,0.0,21.71,87.81,93.24,0.54,19.45
2018-09-08,0.0,22.09,88.33,93.17,0.51,19.9
2018-09-09,0.21,22.19,85.76,93.16,0.44,19.38
2018-09-10,3.35,22.45,84.91,93.28,0.4,19.39
2018-09-11,0.68,23.13,85.32,93.3,0.39,20.18
2018-09-12,0.01,23.17,83.57,93.18,0.4,19.78
2018-09-13,0.17,22.86,86.34,93.12,0.43,20.21
2018-09-14,0.89,22.32,87.71,93.16,0.33,20.0
2018-09-15,0.84,21.83,87.95,93.24,0.31,19.5
2018-09-16,1.42,21.55,92.79,93.17,0.32,20.25
2018-09-17,0.38,22.17,89.46,93.12,0.41,20.22
2018-09-18,1.12,22.03,89.28,93.16,0.53,20.06
2018-09-19,4.23,22.07,91.32,93.13,0.51,20.5
2018-09-20,3.19,22.08,88.51,92.95,0.5,19.91
2018-09-21,0.95,22.01,86.29,93.03,0.44,19.38
2018-09-22,0.15,22.5,88.51,93.17,0.28,20.35
2018-09-23,5.19,23.4,87.87,93.26,0.37,21.04
2018-09-24,25.8,22.12,93.75,93.28,0.43,21.02
2018-09-25,5.2,22.76,88.95,93.19,0.39,20.66
2018-09-26,0.65,23.76,85.91,93.03,0.41,20.95
2018-09-27,8.24,23.88,87.47,92.97,0.36,21.41
2018-09-28,29.64,22.72,92.59,93.01,0.39,21.37
2018-09-29,23.38,22.95,92.21,93.01,0.32,21.52
2018-09-30,6.17,23.8,88.01,93.03,0.36,21.43
2018-10-01,5.79,23.92,86.28,93.04,0.28,21.14
2018-10-02,12.07,23.32,89.49,93.1,0.26,21.36
2018-10-03,23.25,23.49,88.49,93.07,0.19,21.27
2018-10-04,23.91,22.77,88.14,93.03,0.26,20.5
2018-10-05,13.63,22.23,93.17,93.0,0.31,21.02
2018-10-06,13.49,22.76,91.1,93.01,0.46,21.11
2018-10-07,10.89,23.03,88.72,93.07,0.42,20.82
2018-10-08,29.31,22.85,89.33,93.1,0.39,20.79
2018-10-09,4.87,21.79,91.04,93.1,0.25,20.14
2018-10-10,1.04,21.68,90.23,93.1,0.37,19.88
2018-10-11,3.67,23.33,86.6,93.08,0.39,20.59
2018-10-12,2.79,23.67,87.54,93.15,0.35,21.17
2018-10-13,2.86,23.24,88.77,93.27,0.37,21.08
2018-10-14,32.0,22.08,94.17,93.35,0.35,21.07
2018-10-15,4.92,22.54,92.97,93.32,0.3,21.3
2018-10-16,28.6,22.08,92.49,93.41,0.29,20.73
2018-10-17,3.43,21.25,91.8,93.42,0.23,19.81
2018-10-18,3.74,22.51,84.67,93.32,0.26,19.49
2018-10-19,9.31,22.52,92.52,93.26,0.21,21.18
2018-10-20,13.93,22.59,90.84,93.32,0.39,20.85
2018-10-21,6.4,22.52,90.05,93.34,0.24,20.66
2018-10-22,8.32,22.15,91.39,93.34,0.26,20.55
2018-10-23,4.89,22.54,82.6,93.38,0.29,18.95
2018-10-24,3.4,22.2,80.24,93.32,0.38,18.14
2018-10-25,1.15,22.16,83.83,93.35,0.31,18.95
2018-10-26,0.0,22.12,84.87,93.38,0.27,19.21
2018-10-27,0.3,22.44,81.61,93.37,0.29,18.7
2018-10-28,0.66,21.47,84.96,93.31,0.39,18.6
2018-10-29,0.0,22.09,81.71,93.2,0.31,18.47
2018-10-30,0.01,22.68,83.61,93.15,0.31,19.24
2018-10-31,6.49,22.71,88.57,93.14,0.28,20.57
2018-11-01,5.64,22.2,93.0,93.1,0.23,20.96
2018-11-02,6.88,22.84,89.92,93.08,0.24,20.95
2018-11-03,13.03,22.55,90.29,93.18,0.27,20.73
2018-11-04,1.35,22.38,86.19,93.25,0.26,19.7
2018-11-05,1.49,22.55,83.46,93.28,0.2,19.23
2018-11-06,0.84,21.43,87.83,93.33,0.27,19.14
2018-11-07,0.09,22.4,82.66,93.31,0.25,19.01
2018-11-08,0.65,21.37,83.85,93.26,0.34,18.25
2018-11-09,3.23,21.84,89.33,93.18,0.22,19.86
2018-11-10,0.46,22.29,81.88,93.24,0.29,18.64
2018-11-11,2.53,22.04,84.63,93.34,0.31,19.02
2018-11-12,0.46,21.66,86.2,93.28,0.29,18.89
2018-11-13,0.23,22.28,87.4,93.14,0.36,19.83
2018-11-14,0.0,22.59,84.88,93.1,0.36,19.62
2018-11-15,5.63,22.49,84.12,93.15,0.36,19.29
2018-11-16,71.35,22.09,92.93,93.08,0.32,20.81
2018-11-17,0.09,22.08,86.56,93.23,0.51,19.44
2018-11-18,3.74,22.79,88.72,93.25,0.29,20.64
2018-11-19,12.35,22.97,87.82,93.33,0.2,20.61
2018-11-20,10.38,22.37,87.31,93.38,0.23,19.92
2018-11-21,3.81,21.21,89.95,93.34,0.31,19.35
2018-11-22,3.2,21.52,90.91,93.3,0.26,19.85
2018-11-23,8.94,21.76,92.59,93.46,0.33,20.42
2018-11-24,14.48,21.75,92.92,93.57,0.24,20.49
2018-11-25,4.77,21.8,89.49,93.49,0.25,19.81
2018-11-26,0.0,22.19,86.66,93.33,0.23,19.61
2018-11-27,0.0,20.3,82.57,93.35,0.32,16.87
2018-11-28,0.14,21.22,83.98,93.35,0.26,18.17
2018-11-29,8.64,22.15,89.24,93.41,0.31,20.17
2018-11-30,2.15,22.43,87.61,93.42,0.27,20.08
2018-12-01,0.32,22.47,87.46,93.28,0.18,20.09
2018-12-02,0.0,21.97,82.05,93.17,0.25,18.53
2018-12-03,0.07,21.87,82.29,93.22,0.24,18.43
2018-12-04,9.18,21.91,88.52,93.28,0.19,19.78
2018-12-05,0.71,22.43,87.51,93.25,0.24,20.04
2018-12-06,0.77,22.72,86.93,93.18,0.22,20.22
2018-12-07,0.35,22.68,84.6,93.2,0.2,19.68
2018-12-08,0.07,22.34,82.54,93.28,0.24,18.94
2018-12-09,0.0,21.87,82.54,93.3,0.3,18.44
2018-12-10,0.0,21.71,81.27,93.32,0.26,17.98
2018-12-11,0.0,21.7,81.24,93.33,0.35,18.01
2018-12-12,0.0,22.11,85.05,93.42,0.36,19.16
2018-12-13,0.0,22.51,83.66,93.44,0.31,19.32
2018-12-14,0.01,21.76,79.6,93.39,0.37,17.7
2018-12-15,0.0,21.23,83.89,93.34,0.38,18.1
2018-12-16,0.0,21.05,82.31,93.36,0.3,17.55
2018-12-17,0.0,21.29,87.73,93.38,0.35,18.95
2018-12-18,0.0,21.5,82.44,93.38,0.42,18.03
2018-12-19,0.0,21.91,84.45,93.35,0.3,18.86
2018-12-20,0.0,21.71,81.72,93.38,0.32,18.11
2018-12-21,0.0,21.64,81.57,93.36,0.32,17.99
2018-12-22,0.05,21.18,85.54,93.32,0.34,18.49
2018-12-23,1.62,22.15,87.36,93.31,0.3,19.79
2018-12-24,0.8,21.97,89.85,93.35,0.25,20.09
2018-12-25,1.87,22.57,82.95,93.37,0.25,19.21
2018-12-26,0.31,21.63,82.11,93.4,0.27,17.93
2018-12-27,0.29,21.88,82.71,93.34,0.32,18.43
2018-12-28,0.76,22.35,85.05,93.27,0.24,19.43
2018-12-29,1.75,21.12,90.95,93.39,0.23,19.5
2018-12-30,0.01,20.71,79.58,93.54,0.31,16.71
2018-12-31,0.0,20.6,80.13,93.61,0.33,16.71
2019-01-01,0.0,19.4,75.85,93.62,0.35,14.53
2019-01-02,0.0,18.18,74.41,93.63,0.44,12.92
2019-01-03,0.0,18.73,74.39,93.66,0.39,13.46
2019-01-04,0.0,18.49,74.93,93.6,0.45,13.38
2019-01-05,0.0,19.08,75.9,93.51,0.32,14.21
2019-01-06,0.0,19.3,74.75,93.41,0.23,14.07
2019-01-07,0.0,19.78,74.82,93.35,0.31,14.66
2019-01-08,0.0,19.77,75.35,93.39,0.44,14.83
2019-01-09,0.0,19.09,68.99,93.36,0.38,12.52
2019-01-10,0.0,19.35,68.25,93.36,0.39,12.62
2019-01-11,0.0,20.0,69.98,93.44,0.43,13.77
2019-01-12,0.0,19.96,73.02,93.4,0.41,14.38
2019-01-13,0.0,20.29,67.29,93.41,0.32,13.14
2019-01-14,0.12,20.8,76.09,93.36,0.36,15.93
2019-01-15,0.19,20.68,71.7,93.39,0.3,14.64
2019-01-16,0.0,20.6,65.95,93.4,0.39,13.17
2019-01-17,0.0,19.97,68.81,93.34,0.35,13.22
2019-01-18,0.0,19.63,67.41,93.35,0.35,12.51
2019-01-19,0.0,19.8,67.06,93.42,0.31,12.32
2019-01-20,0.0,19.41,64.78,93.49,0.38,11.38
2019-01-21,0.0,20.42,57.4,93.46,0.34,9.89
2019-01-22,0.0,20.54,59.73,93.43,0.4,11.31
2019-01-23,0.0,21.59,64.91,93.4,0.36,13.83
2019-01-24,0.0,22.28,73.96,93.46,0.31,16.47
2019-01-25,0.0,22.86,74.63,93.44,0.3,17.33
2019-01-26,0.0,23.47,74.17,93.41,0.31,17.71
2019-01-27,0.02,23.84,74.44,93.45,0.29,18.22
2019-01-28,0.01,23.81,73.23,93.47,0.3,18.0
2019-01-29,0.0,23.73,69.83,93.47,0.26,17.18
2019-01-30,0.0,23.01,67.74,93.47,0.27,15.78
2019-01-31,0.0,22.97,65.44,93.43,0.33,15.21
2019-02-01,0.0,22.75,66.5,93.42,0.26,15.26
2019-02-02,0.0,23.46,66.22,93.34,0.34,15.71
2019-02-03,0.0,23.8,65.03,93.41,0.28,15.7
2019-02-04,0.01,23.76,64.14,93.53,0.26,15.82
2019-02-05,0.09,23.76,71.1,93.53,0.17,17.74
2019-02-06,0.48,24.61,65.53,93.35,0.27,16.57
2019-02-07,0.55,24.57,67.96,93.37,0.39,16.95
2019-02-08,0.0,25.17,70.01,93.43,0.3,18.29
2019-02-09,4.41,24.41,78.13,93.42,0.27,19.82
2019-02-10,8.14,24.26,77.35,93.49,0.16,19.38
2019-02-11,0.39,23.88,68.69,93.47,0.28,16.68
2019-02-12,0.0,23.87,64.82,93.52,0.3,15.82
2019-02-13,0.0,23.88,60.34,93.6,0.29,14.53
2019-02-14,0.0,24.92,61.67,93.41,0.35,15.75
2019-02-15,0.11,25.65,67.4,93.45,0.32,18.23
2019-02-16,0.23,25.79,70.75,93.46,0.26,19.21
2019-02-17,0.23,25.38,70.88,93.38,0.47,18.76
2019-02-18,0.0,25.14,63.03,93.24,0.49,15.65
2019-02-19,0.09,26.06,64.54,93.26,0.28,17.89
2019-02-20,0.02,25.52,62.8,93.47,0.26,16.54
2019-02-21,0.0,25.0,58.71,93.59,0.25,14.53
2019-02-22,0.0,24.02,52.28,93.41,0.39,11.34
2019-02-23,0.0,24.17,48.28,93.29,0.4,10.43
2019-02-24,0.0,25.48,51.7,93.18,0.48,12.08
2019-02-25,0.0,25.58,56.66,93.18,0.38,13.21
2019-02-26,0.0,25.43,64.78,93.14,0.52,16.71
2019-02-27,0.0,25.27,69.03,93.11,0.47,18.26
2019-02-28,0.12,25.24,67.72,93.12,0.43,17.94
2019-03-01,0.31,26.26,65.07,93.1,0.37,17.84
2019-03-02,0.81,26.6,64.29,93.21,0.28,17.68
2019-03-03,0.44,26.5,63.4,93.18,0.25,17.45
2019-03-04,0.03,26.03,64.7,93.15,0.33,17.64
2019-03-05,0.0,26.85,64.15,93.12,0.45,17.93
2019-03-06,1.4,25.79,70.64,93.19,0.48,19.19
2019-03-07,0.59,26.25,69.33,93.13,0.35,18.93
2019-03-08,0.03,25.89,72.54,93.24,0.46,19.77
2019-03-09,7.3,25.19,75.52,93.36,0.34,19.89
2019-03-10,2.98,26.31,69.79,93.36,0.27,19.07
2019-03-11,0.0,26.81,63.77,93.43,0.29,17.59
2019-03-12,0.0,25.45,59.01,93.43,0.3,14.47
2019-03-13,0.0,25.53,48.15,93.42,0.47,11.16
2019-03-14,0.0,25.86,48.98,93.41,0.49,11.69
2019-03-15,0.0,25.74,46.91,93.37,0.44,11.45
2019-03-16,0.0,26.24,54.31,93.38,0.41,13.76
2019-03-17,0.0,26.22,58.38,93.35,0.38,15.1
2019-03-18,0.6,26.7,63.07,93.34,0.32,17.46
2019-03-19,0.8,26.45,66.94,93.22,0.3,18.39
2019-03-20,0.83,26.57,65.37,93.21,0.28,18.32
2019-03-21,0.01,26.76,59.99,93.26,0.33,16.14
2019-03-22,0.0,27.27,61.14,93.32,0.33,17.06
2019-03-23,0.0,27.66,59.73,93.3,0.34,17.38
2019-03-24,0.0,27.84,57.08,93.21,0.37,16.06
2019-03-25,0.0,27.79,55.14,93.2,0.37,15.39
2019-03-26,0.0,27.8,55.98,93.32,0.36,15.63
2019-03-27,0.01,27.29,56.87,93.46,0.41,15.26
2019-03-28,0.01,28.27,56.98,93.37,0.42,16.23
2019-03-29,0.01,28.07,58.27,93.23,0.46,16.49
2019-03-30,0.0,28.47,56.5,93.22,0.43,16.06
2019-03-31,0.0,28.28,59.24,93.28,0.48,17.83
2019-04-01,0.0,28.4,57.8,93.26,0.46,16.95
2019-04-02,0.0,28.7,54.99,93.2,0.4,16.5
2019-04-03,0.0,28.57,54.23,93.18,0.35,16.29
2019-04-04,1.18,27.95,57.42,93.33,0.43,16.5
2019-04-05,0.89,27.91,60.97,93.36,0.36,17.87
2019-04-06,0.16,27.96,60.14,93.31,0.46,17.49
2019-04-07,0.07,28.62,57.18,93.2,0.43,16.63
2019-04-08,0.0,28.63,56.4,93.11,0.4,17.15
2019-04-09,0.61,28.18,62.11,93.17,0.42,18.88
2019-04-10,0.3,28.89,59.48,93.19,0.35,18.06
2019-04-11,0.01,28.88,57.27,93.15,0.39,17.73
2019-04-12,0.0,29.4,55.12,93.09,0.39,16.94
2019-04-13,0.0,29.4,50.9,93.1,0.35,15.38
2019-04-14,0.0,29.23,51.42,93.13,0.39,15.35
2019-04-15,0.0,28.76,57.88,93.19,0.47,18.06
2019-04-16,5.8,27.77,66.46,93.18,0.39,19.89
2019-04-17,17.67,25.32,85.04,93.23,0.4,22.32
2019-04-18,7.13,26.25,76.97,93.18,0.31,20.89
2019-04-19,16.31,25.33,82.38,93.12,0.27,21.64
2019-04-20,22.16,24.88,84.09,93.01,0.31,21.59
2019-04-21,1.68,25.35,76.13,92.96,0.31,20.11
2019-04-22,8.68,26.59,71.07,92.95,0.41,19.74
2019-04-23,15.54,25.88,77.7,93.06,0.26,20.99
2019-04-24,1.35,26.73,68.12,93.11,0.3,18.91
2019-04-25,3.63,26.35,72.44,93.15,0.27,19.99
2019-04-26,1.5,26.57,74.35,93.05,0.35,20.71
2019-04-27,0.01,27.85,68.93,92.99,0.35,20.01
2019-04-28,0.0,28.1,68.23,93.01,0.33,20.14
2019-04-29,2.53,25.67,82.76,93.1,0.4,22.21
2019-04-30,1.02,24.76,80.62,93.09,0.54,20.85
2019-05-01,2.42,24.41,84.87,93.05,0.55,21.54
2019-05-02,0.75,24.98,80.06,93.03,0.45,20.84
2019-05-03,0.0,25.63,73.16,93.13,0.55,19.81
2019-05-04,0.0,25.63,72.52,93.28,0.55,19.65
2019-05-05,0.0,26.3,73.0,93.27,0.5,20.3
2019-05-06,0.62,27.22,72.57,93.15,0.52,20.62
2019-05-07,0.93,25.86,77.94,93.19,0.61,21.2
2019-05-08,0.49,24.1,74.33,93.3,0.5,18.7
2019-05-09,1.04,25.3,75.91,93.11,0.6,20.25
2019-05-10,0.9,26.75,72.34,93.05,0.48,20.16
2019-05-11,0.03,26.75,75.15,93.17,0.5,21.3
2019-05-12,0.62,26.34,77.56,93.12,0.53,21.53
2019-05-13,0.17,26.45,74.56,93.09,0.55,20.88
2019-05-14,0.1,26.16,74.35,93.07,0.54,20.67
2019-05-15,6.38,25.18,84.21,93.14,0.49,22.1
2019-05-16,1.69,25.86,79.68,93.18,0.43,21.54
2019-05-17,0.81,26.0,78.01,93.18,0.45,21.4
2019-05-18,0.2,26.5,75.69,93.06,0.37,21.07
2019-05-19,0.01,26.89,74.95,93.06,0.37,21.2
2019-05-20,0.05,27.82,69.06,93.1,0.33,20.05
2019-05-21,0.09,26.08,77.99,93.17,0.37,21.3
2019-05-22,0.03,26.93,73.42,93.1,0.35,20.97
2019-05-23,0.64,26.47,76.63,93.12,0.45,21.42
2019-05-24,8.46,24.98,86.92,93.17,0.4,22.45
2019-05-25,7.93,24.26,88.36,93.15,0.47,22.07
2019-05-26,1.63,25.34,82.47,93.01,0.47,21.77
2019-05-27,0.34,26.6,78.49,92.92,0.45,21.93
2019-05-28,2.2,26.66,77.01,92.93,0.43,21.71
2019-05-29,8.18,25.25,85.9,92.92,0.47,22.49
2019-05-30,3.81,25.04,86.22,92.92,0.47,22.38
2019-05-31,14.19,23.98,81.93,93.01,0.47,20.35
2019-06-01,0.99,25.36,78.73,93.03,0.43,20.81
2019-06-02,4.26,25.22,82.23,93.04,0.46,21.6
2019-06-03,5.0,24.52,85.95,93.03,0.51,21.78
2019-06-04,4.32,24.29,83.73,93.0,0.51,21.05
2019-06-05,28.35,24.29,84.51,92.93,0.36,21.18
2019-06-06,17.61,24.69,88.71,92.86,0.55,22.48
2019-06-07,3.9,24.49,85.56,93.0,0.53,21.69
2019-06-08,6.07,24.34,84.79,93.02,0.54,21.32
2019-06-09,29.04,23.88,86.18,93.06,0.65,21.16
2019-06-10,18.8,23.65,87.41,93.04,0.72,21.26
2019-06-11,14.37,23.83,88.0,93.09,0.73,21.57
2019-06-12,7.23,23.93,88.78,93.15,0.65,21.85
2019-06-13,6.28,23.64,90.75,93.2,0.6,21.94
2019-06-14,6.09,22.55,87.77,93.2,0.3,20.25
2019-06-15,2.29,23.0,89.69,93.18,0.37,21.04
2019-06-16,0.52,24.17,87.29,93.2,0.49,21.71
2019-06-17,0.36,24.25,87.89,93.23,0.58,21.98
2019-06-18,3.1,23.78,88.82,93.15,0.49,21.7
2019-06-19,7.23,23.2,91.82,93.08,0.57,21.73
2019-06-20,7.63,22.71,88.63,93.11,0.56,20.59
2019-06-21,8.18,22.36,91.93,93.02,0.57,20.93
2019-06-22,21.23,22.98,90.78,92.98,0.79,21.33
2019-06-23,6.59,23.04,89.7,92.92,0.48,21.14
2019-06-24,3.88,23.68,88.72,92.96,0.44,21.54
2019-06-25,2.31,23.95,89.64,93.07,0.53,22.02
2019-06-26,0.03,23.91,88.14,93.13,0.52,21.7
2019-06-27,0.0,23.92,86.83,93.09,0.61,21.42
2019-06-28,0.02,23.85,85.21,93.1,0.64,21.03
2019-06-29,0.02,23.6,86.49,93.1,0.65,21.07
2019-06-30,0.01,23.45,87.59,93.08,0.7,21.14
2019-07-01,0.08,24.01,87.09,93.03,0.59,21.57
2019-07-02,3.35,23.48,90.03,93.07,0.66,21.67
2019-07-03,7.45,23.58,89.88,93.13,0.61,21.71
2019-07-04,11.76,23.81,89.82,93.11,0.63,21.92
2019-07-05,5.32,23.56,89.49,93.06,0.65,21.61
2019-07-06,4.56,23.37,89.67,93.08,0.67,21.46
2019-07-07,5.35,23.42,89.71,93.13,0.58,21.5
2019-07-08,5.58,23.75,90.1,93.21,0.52,21.89
2019-07-09,9.23,22.71,89.82,93.21,0.38,20.82
2019-07-10,7.83,21.95,86.97,93.22,0.4,19.51
2019-07-11,1.55,22.29,87.68,93.28,0.35,19.92
2019-07-12,0.15,22.55,83.75,93.28,0.34,19.4
2019-07-13,3.53,23.03,87.87,93.28,0.38,20.71
2019-07-14,5.2,23.11,89.51,93.27,0.48,21.12
2019-07-15,12.05,22.26,88.41,93.17,0.58,20.12
2019-07-16,9.64,22.3,87.54,93.14,0.71,19.98
2019-07-17,10.72,22.09,88.36,93.03,0.78,19.96
2019-07-18,27.76,21.89,90.51,92.85,0.75,20.17
2019-07-19,44.93,22.05,93.27,92.76,1.0,20.88
2019-07-20,28.39,22.25,91.63,92.86,0.78,20.76
2019-07-21,19.96,22.53,90.87,92.91,0.82,20.88
2019-07-22,13.02,22.09,91.44,92.94,0.75,20.56
2019-07-23,4.77,21.66,89.76,93.02,0.54,19.79
2019-07-24,12.43,22.29,90.43,93.09,0.49,20.52
2019-07-25,8.97,21.61,90.49,93.23,0.37,19.85
2019-07-26,5.62,21.43,91.14,93.2,0.34,19.83
2019-07-27,0.0,22.59,88.37,93.15,0.39,20.4
2019-07-28,0.46,22.2,89.89,93.16,0.42,20.33
2019-07-29,0.22,22.18,91.58,93.16,0.43,20.66
2019-07-30,0.08,22.61,87.96,93.23,0.4,20.34
2019-07-31,0.12,22.51,89.38,93.29,0.35,20.53
2019-08-01,0.74,22.83,90.56,93.28,0.4,21.08
2019-08-02,1.57,22.62,91.92,93.27,0.48,21.16
2019-08-03,1.41,22.54,91.42,93.33,0.36,20.97
2019-08-04,4.3,22.75,92.36,93.25,0.52,21.36
2019-08-05,5.91,22.07,91.14,93.26,0.58,20.46
2019-08-06,25.51,22.1,91.47,93.19,0.61,20.54
2019-08-07,33.53,22.4,93.54,93.13,0.7,21.26
2019-08-08,55.04,22.29,94.58,93.08,0.92,21.36
2019-08-09,55.17,21.82,93.92,93.21,0.65,20.76
2019-08-10,25.37,21.18,92.5,93.22,0.47,19.84
2019-08-11,17.84,21.37,92.24,93.16,0.56,19.97
2019-08-12,8.96,22.0,90.94,93.13,0.74,20.37
2019-08-13,35.14,21.97,92.89,93.14,0.69,20.71
2019-08-14,16.81,22.23,93.56,93.21,0.74,21.1
2019-08-15,2.98,22.08,92.94,93.28,0.49,20.83
2019-08-16,5.18,21.61,90.66,93.23,0.44,19.88
2019-08-17,8.76,21.14,92.91,93.12,0.34,19.88
2019-08-18,17.62,21.46,92.86,93.16,0.39,20.18
2019-08-19,6.99,21.93,91.45,93.21,0.41,20.37
2019-08-20,11.89,22.31,92.5,93.19,0.46,20.94
2019-08-21,11.29,21.86,93.62,93.17,0.54,20.74
2019-08-22,19.67,21.08,93.18,93.23,0.55,19.89
2019-08-23,5.94,20.56,91.88,93.32,0.4,19.11
2019-08-24,5.31,20.92,91.03,93.3,0.37,19.28
2019-08-25,9.93,21.07,92.2,93.26,0.47,19.66
2019-08-26,12.88,21.64,94.2,93.22,0.7,20.63
2019-08-27,11.38,21.47,92.33,93.21,0.64,20.11
2019-08-28,4.99,21.45,92.26,93.22,0.47,20.06
2019-08-29,21.54,21.34,93.87,93.24,0.59,20.27
2019-08-30,5.07,21.5,91.53,93.07,0.51,19.97
2019-08-31,5.6,21.47,93.82,92.99,0.48,20.37
2019-09-01,8.72,22.59,92.93,93.08,0.5,21.33
2019-09-02,17.99,22.29,94.14,93.21,0.46,21.25
2019-09-03,7.04,22.22,92.51,93.18,0.45,20.86
2019-09-04,4.26,22.29,92.61,93.13,0.58,20.95
2019-09-05,8.5,22.26,93.23,93.14,0.55,21.04
2019-09-06,12.91,22.67,93.5,93.13,0.57,21.5
2019-09-07,7.91,22.57,92.91,93.2,0.55,21.29
2019-09-08,6.11,21.91,91.65,93.32,0.55,20.42
2019-09-09,7.96,21.78,91.2,93.21,0.43,20.19
2019-09-10,12.66,22.45,92.93,93.15,0.41,21.17
2019-09-11,22.84,22.98,92.73,93.24,0.43,21.66
2019-09-12,10.63,22.63,92.27,93.38,0.35,21.23
2019-09-13,15.41,21.93,91.69,93.42,0.29,20.42
2019-09-14,5.7,21.88,94.11,93.33,0.3,20.84
2019-09-15,7.26,21.71,92.51,93.3,0.3,20.37
2019-09-16,11.33,22.63,91.91,93.18,0.48,21.15
2019-09-17,14.73,21.65,91.5,93.07,0.38,20.12
2019-09-18,12.25,22.46,91.63,93.1,0.37,20.93
2019-09-19,12.38,22.14,91.46,93.19,0.37,20.58
2019-09-20,3.25,21.86,90.1,93.17,0.23,20.02
2019-09-21,1.71,22.38,88.36,93.11,0.34,20.18
2019-09-22,10.67,22.92,91.39,93.04,0.39,21.32
2019-09-23,17.13,22.56,92.44,93.11,0.38,21.19
2019-09-24,28.25,22.17,95.71,93.02,0.54,21.43
2019-09-25,11.2,22.41,94.27,93.08,0.47,21.41
2019-09-26,4.34,21.53,92.03,93.43,0.51,20.11
2019-09-27,11.62,22.89,85.77,93.49,0.31,20.09
2019-09-28,12.06,23.28,87.82,93.38,0.3,20.93
2019-09-29,16.93,22.53,87.99,93.4,0.22,20.28
2019-09-30,33.88,22.18,91.18,93.36,0.41,20.55
2019-10-01,3.22,22.68,88.5,93.38,0.37,20.47
2019-10-02,13.2,23.54,89.27,93.32,0.35,21.51
2019-10-03,7.25,23.79,87.32,93.28,0.35,21.33
2019-10-04,1.11,23.33,87.78,93.25,0.33,21.0
2019-10-05,4.19,23.29,87.0,93.16,0.26,20.76
2019-10-06,9.98,22.7,89.47,93.22,0.29,20.72
2019-10-07,9.51,22.69,89.81,93.27,0.35,20.8
2019-10-08,17.34,23.18,88.92,93.2,0.34,21.05
2019-10-09,3.88,23.42,90.4,93.16,0.34,21.59
2019-10-10,2.39,23.07,90.9,93.18,0.24,21.38
2019-10-11,15.13,23.18,90.12,93.15,0.27,21.3
2019-10-12,10.46,23.4,87.7,93.15,0.31,20.98
2019-10-13,36.29,23.8,87.7,93.18,0.27,21.43
2019-10-14,15.82,23.75,88.19,93.18,0.25,21.44
2019-10-15,8.54,23.53,89.18,93.16,0.22,21.5
2019-10-16,39.55,22.78,90.07,93.16,0.27,20.92
2019-10-17,18.33,21.74,92.56,93.14,0.37,20.41
2019-10-18,22.96,22.38,93.07,93.18,0.4,21.13
2019-10-19,16.58,23.21,88.81,93.21,0.2,21.07
2019-10-20,39.45,22.8,91.05,93.18,0.31,21.13
2019-10-21,52.81,21.7,96.13,93.16,0.39,21.02
2019-10-22,3.74,21.65,93.37,93.16,0.39,20.47
2019-10-23,23.0,21.6,92.64,93.18,0.39,20.28
2019-10-24,9.57,21.09,92.95,93.26,0.41,19.83
2019-10-25,6.49,21.57,91.32,93.27,0.41,19.98
2019-10-26,2.88,22.1,90.64,93.27,0.44,20.38
2019-10-27,0.37,21.62,86.49,93.29,0.24,19.04
2019-10-28,2.07,21.82,88.19,93.25,0.29,19.62
2019-10-29,22.78,20.38,91.89,93.19,0.36,18.93
2019-10-30,46.57,21.43,94.31,93.07,0.43,20.42
2019-10-31,28.51,21.64,94.99,93.2,0.53,20.77
2019-11-01,1.81,22.45,83.91,93.26,0.22,19.31
2019-11-02,4.04,22.75,88.87,93.26,0.25,20.69
2019-11-03,8.78,22.79,88.86,93.38,0.32,20.67
2019-11-04,6.18,22.94,88.4,93.44,0.37,20.73
2019-11-05,3.68,22.73,88.84,93.3,0.32,20.59
2019-11-06,3.92,23.26,89.91,93.16,0.34,21.3
2019-11-07,3.57,23.17,91.4,93.14,0.31,21.59
2019-11-08,1.6,23.27,90.79,93.19,0.31,21.54
2019-11-09,2.04,23.58,88.17,93.18,0.27,21.26
2019-11-10,9.0,23.38,91.89,93.11,0.39,21.87
2019-11-11,3.22,23.39,88.88,93.12,0.2,21.25
2019-11-12,3.54,22.22,92.34,93.21,0.2,20.83
2019-11-13,0.17,22.63,85.63,93.26,0.29,19.87
2019-11-14,3.19,22.98,86.47,93.23,0.23,20.39
2019-11-15,3.7,23.43,89.12,93.18,0.22,21.34
2019-11-16,4.31,23.05,88.34,93.22,0.19,20.79
2019-11-17,3.36,23.2,86.79,93.24,0.19,20.64
2019-11-18,2.45,23.4,88.12,93.24,0.24,21.11
2019-11-19,4.48,23.19,86.39,93.22,0.27,20.52
2019-11-20,21.75,22.69,89.74,93.17,0.22,20.74
2019-11-21,3.35,22.79,87.7,93.22,0.31,20.43
2019-11-22,2.83,22.14,90.26,93.31,0.19,20.32
2019-11-23,0.8,22.61,87.29,93.29,0.34,20.22
2019-11-24,1.04,22.77,86.23,93.27,0.26,20.1
2019-11-25,0.25,22.75,86.56,93.2,0.25,20.22
2019-11-26,0.16,22.61,85.23,93.14,0.31,19.81
2019-11-27,1.91,22.86,86.97,93.1,0.27,20.38
2019-11-28,3.79,22.46,90.91,93.16,0.24,20.8
2019-11-29,7.98,22.77,90.25,93.17,0.27,20.98
2019-11-30,14.67,22.32,92.86,93.18,0.31,21.06
2019-12-01,6.69,21.86,95.01,93.18,0.36,20.98
2019-12-02,9.99,21.87,92.99,93.26,0.33,20.61
2019-12-03,2.28,21.9,90.42,93.25,0.24,20.13
2019-12-04,1.4,22.0,85.9,93.32,0.27,19.33
2019-12-05,1.3,21.4,88.02,93.4,0.4,19.2
2019-12-06,0.3,21.58,85.52,93.35,0.41,18.9
2019-12-07,1.09,21.84,88.78,93.29,0.29,19.78
2019-12-08,0.05,21.66,84.13,93.37,0.27,18.61
2019-12-09,0.01,21.33,84.04,93.37,0.32,18.27
2019-12-10,0.01,21.84,84.05,93.28,0.19,18.77
2019-12-11,0.03,22.36,85.72,93.2,0.18,19.62
2019-12-12,0.0,21.71,87.3,93.24,0.18,19.36
2019-12-13,2.1,22.77,86.91,93.27,0.18,20.25
2019-12-14,16.37,22.21,91.98,93.37,0.2,20.76
2019-12-15,1.34,21.33,87.55,93.31,0.39,18.98
2019-12-16,0.02,21.03,86.78,93.3,0.3,18.55
2019-12-17,0.05,21.93,86.22,93.32,0.3,19.34
2019-12-18,0.05,22.27,84.93,93.32,0.35,19.46
2019-12-19,0.0,22.49,84.68,93.26,0.35,19.63
2019-12-20,0.52,22.32,86.21,93.24,0.21,19.75
2019-12-21,0.02,21.0,87.1,93.27,0.33,18.66
2019-12-22,0.01,22.65,84.12,93.27,0.26,19.6
2019-12-23,0.0,22.67,85.54,93.28,0.16,19.91
2019-12-24,0.32,22.45,85.82,93.35,0.13,19.71
2019-12-25,1.88,22.96,88.99,93.31,0.2,20.9
2019-12-26,0.06,23.15,85.62,93.32,0.18,20.34
2019-12-27,0.0,22.92,85.51,93.21,0.2,20.09
2019-12-28,0.0,22.29,82.92,93.26,0.24,18.93
2019-12-29,0.0,22.39,82.9,93.29,0.22,19.08
2019-12-30,0.0,22.49,83.31,93.33,0.17,19.26
2019-12-31,0.05,22.6,83.75,93.38,0.18,19.38
2020-01-01,0.01,22.68,84.94,93.4,0.27,19.69
2020-01-02,0.0,22.72,86.36,93.5,0.18,20.15
2020-01-03,0.0,23.34,82.99,93.44,0.27,19.95
2020-01-04,0.45,23.94,85.33,93.28,0.31,21.08
2020-01-05,0.91,22.96,88.12,93.24,0.23,20.72
2020-01-06,0.03,22.62,82.65,93.37,0.29,19.2
2020-01-07,0.09,22.27,82.06,93.38,0.23,18.74
2020-01-08,0.06,22.04,81.24,93.36,0.22,18.29
2020-01-09,0.0,21.6,81.28,93.36,0.25,17.86
2020-01-10,0.0,20.84,80.56,93.34,0.29,16.97
2020-01-11,0.0,20.28,78.42,93.38,0.25,15.92
2020-01-12,0.0,20.53,76.09,93.35,0.42,15.73
2020-01-13,0.0,21.87,76.71,93.27,0.35,17.27
2020-01-14,0.0,22.11,83.25,93.24,0.26,18.86
2020-01-15,0.0,21.38,82.79,93.27,0.3,18.03
2020-01-16,0.0,21.46,77.0,93.28,0.39,16.87
2020-01-17,0.15,21.88,76.69,93.29,0.27,17.1
2020-01-18,0.15,22.56,81.91,93.25,0.23,18.93
2020-01-19,2.88,22.65,84.19,93.3,0.21,19.57
2020-01-20,0.17,22.21,78.58,93.39,0.25,17.85
2020-01-21,0.0,22.07,74.5,93.43,0.26,16.74
2020-01-22,0.0,22.33,74.34,93.42,0.34,17.0
2020-01-23,0.0,23.07,79.14,93.35,0.3,18.93
2020-01-24,0.0,21.9,70.74,93.4,0.35,15.59
2020-01-25,0.0,21.21,65.05,93.44,0.31,13.13
2020-01-26,0.0,22.06,63.7,93.37,0.33,13.89
2020-01-27,0.0,23.27,73.26,93.37,0.44,17.36
2020-01-28,0.0,23.45,77.11,93.37,0.4,18.53
2020-01-29,0.0,23.29,69.98,93.44,0.42,16.5
2020-01-30,0.0,23.87,73.78,93.39,0.36,17.84
2020-01-31,0.0,23.87,72.95,93.26,0.32,17.69
2020-02-01,0.0,23.08,70.71,93.3,0.23,16.36
2020-02-02,0.0,23.11,67.55,93.47,0.32,15.84
2020-02-03,0.0,23.15,64.92,93.46,0.31,15.13
2020-02-04,0.0,23.58,65.54,93.32,0.37,15.93
2020-02-05,1.48,23.6,74.15,93.37,0.27,18.02
2020-02-06,2.65,23.71,78.74,93.38,0.25,19.21
2020-02-07,1.58,23.77,79.01,93.43,0.34,19.33
2020-02-08,0.03,23.85,76.07,93.46,0.3,18.72
2020-02-09,0.01,24.51,69.74,93.4,0.24,17.68
2020-02-10,0.0,24.56,66.25,93.35,0.23,16.89
2020-02-11,0.0,24.3,64.88,93.37,0.27,16.45
2020-02-12,0.0,24.08,64.21,93.49,0.25,15.87
2020-02-13,0.0,24.7,64.95,93.47,0.3,16.71
2020-02-14,1.41,24.39,64.67,93.33,0.42,16.08
2020-02-15,1.31,25.06,68.98,93.33,0.38,17.65
2020-02-16,0.0,24.61,62.9,93.38,0.34,15.12
2020-02-17,0.0,23.76,53.89,93.43,0.3,11.69
2020-02-18,0.0,23.65,55.09,93.42,0.36,12.24
2020-02-19,0.0,22.29,60.57,93.39,0.23,13.49
2020-02-20,0.0,23.14,56.84,93.31,0.34,11.97
2020-02-21,0.07,23.75,63.6,93.41,0.3,15.39
2020-02-22,0.04,25.13,66.3,93.48,0.42,17.64
2020-02-23,0.0,24.92,61.7,93.41,0.27,15.94
2020-02-24,0.0,24.86,61.52,93.26,0.32,15.93
2020-02-25,0.0,25.77,59.46,93.21,0.38,15.9
2020-02-26,0.0,25.66,60.4,93.23,0.33,15.75
2020-02-27,0.38,25.66,63.33,93.25,0.31,16.72
2020-02-28,1.57,25.15,68.59,93.17,0.3,18.14
2020-02-29,1.34,24.57,69.05,93.18,0.36,17.36
2020-03-01,0.65,25.21,67.44,93.23,0.35,17.67
2020-03-02,1.97,24.4,78.96,93.31,0.34,20.08
2020-03-03,1.15,23.84,77.44,93.37,0.24,19.15
2020-03-04,1.84,24.5,81.45,93.26,0.48,20.74
2020-03-05,1.03,24.4,77.97,93.2,0.39,19.78
2020-03-06,0.22,25.21,73.58,93.21,0.45,19.31
2020-03-07,0.0,25.74,69.54,93.34,0.42,18.85
2020-03-08,0.2,26.12,67.5,93.29,0.39,18.43
2020-03-09,0.3,26.64,69.05,93.19,0.36,19.5
2020-03-10,0.0,27.36,59.57,93.2,0.28,16.66
2020-03-11,2.48,26.29,64.37,93.25,0.35,17.25
2020-03-12,4.49,26.56,67.22,93.31,0.26,18.11
2020-03-13,0.0,26.4,60.66,93.3,0.3,15.33
2020-03-14,0.0,26.48,61.19,93.22,0.31,16.14
2020-03-15,0.0,26.91,63.47,93.18,0.29,17.8
2020-03-16,0.0,27.02,61.77,93.26,0.22,17.48
2020-03-17,0.0,26.84,58.36,93.36,0.23,16.19
2020-03-18,0.0,26.66,60.05,93.37,0.31,16.84
2020-03-19,0.0,27.73,57.65,93.32,0.38,16.33
2020-03-20,0.01,26.8,65.35,93.33,0.41,18.62
2020-03-21,3.24,25.9,71.84,93.29,0.29,19.7
2020-03-22,1.57,26.64,66.65,93.28,0.31,18.26
2020-03-23,3.04,26.26,70.23,93.22,0.3,19.24
2020-03-24,0.64,26.37,66.16,93.09,0.32,18.07
2020-03-25,2.24,25.8,68.47,93.1,0.25,18.32
2020-03-26,0.09,26.49,62.73,93.09,0.28,16.86
2020-03-27,0.0,27.02,59.4,93.28,0.34,16.69
2020-03-28,0.03,27.25,61.04,93.21,0.36,17.32
2020-03-29,0.15,27.15,60.51,93.15,0.33,16.44
2020-03-30,1.74,27.18,58.31,93.17,0.33,16.03
2020-03-31,1.76,26.73,58.81,93.23,0.42,14.73
2020-04-01,0.0,27.42,55.43,93.19,0.4,14.48
2020-04-02,0.0,27.72,57.72,93.12,0.31,16.37
2020-04-03,0.0,27.71,59.02,93.16,0.35,16.65
2020-04-04,0.03,27.59,58.75,93.24,0.38,16.93
2020-04-05,3.63,26.44,68.5,93.35,0.32,19.36
2020-04-06,3.62,26.32,73.5,93.34,0.31,20.28
2020-04-07,1.57,24.42,85.07,93.25,0.36,21.53
2020-04-08,1.46,24.97,77.62,93.31,0.31,20.11
2020-04-09,4.1,26.09,72.97,93.24,0.3,19.84
2020-04-10,0.86,26.47,67.98,93.26,0.34,18.55
2020-04-11,1.26,26.88,64.6,93.35,0.33,17.87
2020-04-12,0.76,27.15,62.74,93.32,0.29,17.46
2020-04-13,0.07,27.42,61.02,93.18,0.27,17.01
2020-04-14,0.17,27.93,60.16,93.19,0.32,16.88
2020-04-15,0.57,27.88,60.88,93.3,0.3,17.72
2020-04-16,0.45,27.57,62.24,93.21,0.35,17.8
2020-04-17,0.76,27.67,64.84,93.15,0.38,18.91
2020-04-18,1.47,27.92,65.15,93.18,0.33,19.1
2020-04-19,1.1,27.53,67.61,93.13,0.29,19.77
2020-04-20,1.69,27.73,63.01,93.12,0.29,18.65
2020-04-21,5.58,27.7,66.77,93.16,0.32,19.06
2020-04-22,7.49,26.63,74.19,93.17,0.34,20.52
2020-04-23,4.35,26.71,75.83,93.15,0.4,21.16
2020-04-24,3.87,25.28,80.67,93.14,0.46,21.23
2020-04-25,2.86,26.32,75.63,93.1,0.37,20.77
2020-04-26,8.99,25.47,83.11,93.16,0.21,22.04
2020-04-27,2.33,26.08,81.16,93.22,0.37,22.08
2020-04-28,2.06,25.55,80.67,93.19,0.35,21.51
2020-04-29,8.05,23.99,82.11,93.23,0.37,20.53
2020-04-30,0.31,26.12,64.43,93.28,0.32,18.07
2020-05-01,0.3,26.93,69.96,93.19,0.39,19.75
2020-05-02,0.8,27.18,71.5,93.04,0.35,20.38
2020-05-03,5.85,27.08,72.73,93.04,0.29,20.51
2020-05-04,3.88,26.93,72.86,93.14,0.27,20.49
2020-05-05,0.95,27.19,69.7,93.12,0.31,20.14
2020-05-06,6.24,25.53,83.47,93.11,0.34,22.12
2020-05-07,11.99,26.11,77.62,93.13,0.39,20.98
2020-05-08,12.98,25.37,84.0,93.1,0.32,22.05
2020-05-09,1.01,26.79,76.04,93.07,0.3,21.26
2020-05-10,1.45,26.41,78.65,93.11,0.32,21.81
2020-05-11,3.52,25.74,81.81,93.12,0.24,21.88
2020-05-12,8.28,25.5,79.98,93.09,0.21,21.26
2020-05-13,3.1,25.04,76.6,93.02,0.3,19.7
2020-05-14,4.12,25.33,83.81,92.96,0.32,21.99
2020-05-15,8.96,24.85,90.22,92.88,0.57,23.01
2020-05-16,4.06,24.9,82.96,92.88,0.5,21.47
2020-05-17,5.26,24.76,85.96,92.85,0.64,22.09
2020-05-18,17.54,23.34,86.42,92.88,0.85,20.83
2020-05-19,6.11,24.09,88.18,92.86,0.73,21.9
2020-05-20,2.91,24.72,85.68,92.9,0.6,21.97
2020-05-21,15.41,23.64,86.07,93.05,0.54,20.95
2020-05-22,3.77,24.16,81.21,93.01,0.53,20.39
2020-05-23,0.53,25.26,84.74,93.01,0.51,22.23
2020-05-24,0.2,25.24,86.68,93.07,0.6,22.7
2020-05-25,6.62,24.98,89.34,93.14,0.5,23.01
2020-05-26,2.79,25.09,87.36,93.15,0.44,22.66
2020-05-27,4.42,24.85,86.37,93.18,0.42,22.16
2020-05-28,25.84,24.48,89.59,93.12,0.45,22.51
2020-05-29,6.89,24.08,88.32,93.07,0.49,21.87
2020-05-30,2.1,24.22,82.85,93.05,0.34,20.79
2020-05-31,5.79,24.09,86.95,93.12,0.62,21.56
2020-06-01,8.08,23.7,91.92,93.21,0.62,22.25
2020-06-02,18.04,23.29,88.58,93.22,0.57,21.17
2020-06-03,4.97,23.43,88.46,93.19,0.58,21.23
2020-06-04,10.96,22.98,88.42,93.24,0.62,20.81
2020-06-05,18.7,23.16,90.72,93.21,0.6,21.47
2020-06-06,9.02,23.29,86.89,93.19,0.67,20.83
2020-06-07,12.32,22.61,90.26,93.14,0.51,20.84
2020-06-08,0.14,23.49,83.07,93.1,0.49,20.09
2020-06-09,1.28,23.19,87.92,93.08,0.51,20.93
2020-06-10,4.01,22.89,88.42,93.0,0.57,20.74
2020-06-11,4.79,22.63,87.0,92.92,0.6,20.2
2020-06-12,8.56,21.98,88.74,92.94,0.55,19.91
2020-06-13,9.83,23.11,86.8,92.99,0.58,20.59
2020-06-14,4.47,23.27,88.6,93.07,0.68,21.15
2020-06-15,2.34,23.95,88.55,92.97,0.56,21.78
2020-06-16,9.55,23.88,89.45,92.93,0.53,21.88
2020-06-17,7.53,22.8,90.11,92.98,0.5,20.97
2020-06-18,3.62,22.23,88.15,93.12,0.47,20.01
2020-06-19,5.59,22.28,90.07,93.15,0.36,20.45
2020-06-20,3.34,22.66,87.07,93.15,0.4,20.2
2020-06-21,13.26,21.58,92.15,93.07,0.55,20.17
2020-06-22,10.2,22.32,88.2,92.96,0.64,20.13
2020-06-23,0.9,22.69,85.31,93.02,0.37,19.86
2020-06-24,2.96,22.41,87.55,93.02,0.35,20.04
2020-06-25,20.14,22.12,89.62,92.87,0.49,20.2
2020-06-26,15.18,22.77,89.75,92.84,0.57,20.87
2020-06-27,9.56,22.63,92.61,92.93,0.56,21.32
2020-06-28,20.35,23.33,92.67,92.93,0.6,22.01
2020-06-29,14.16,23.35,91.72,92.87,0.57,21.84
2020-06-30,7.61,22.97,89.01,92.87,0.48,20.93
2020-07-01,1.29,22.14,90.44,93.0,0.36,20.39
2020-07-02,8.23,22.42,90.9,93.02,0.52,20.76
2020-07-03,9.22,20.81,91.96,93.11,0.41,19.4
2020-07-04,16.44,21.58,91.72,93.08,0.57,20.1
2020-07-05,3.19,22.18,87.55,93.02,0.54,19.84
2020-07-06,14.47,21.63,91.58,93.02,0.58,20.11
2020-07-07,18.01,21.93,91.01,93.07,0.46,20.29
2020-07-08,15.24,22.29,92.73,93.05,0.47,20.99
2020-07-09,22.87,21.81,93.02,92.99,0.39,20.57
2020-07-10,4.78,22.44,90.94,93.04,0.39,20.79
2020-07-11,8.09,22.35,90.85,93.04,0.37,20.67
2020-07-12,4.44,22.15,90.65,92.97,0.52,20.45
2020-07-13,11.83,22.38,91.92,92.87,0.56,20.92
2020-07-14,5.39,22.56,93.58,92.94,0.5,21.43
2020-07-15,5.7,22.33,92.9,92.96,0.5,21.08
2020-07-16,10.44,22.15,92.4,92.93,0.47,20.79
2020-07-17,17.39,21.64,92.59,92.91,0.41,20.31
2020-07-18,3.5,22.02,91.32,92.95,0.34,20.42
2020-07-19,10.76,22.5,90.99,92.89,0.35,20.84
2020-07-20,36.18,22.84,91.97,92.77,0.39,21.39
2020-07-21,4.87,23.33,87.24,92.82,0.21,20.82
2020-07-22,3.76,23.19,92.25,92.86,0.48,21.77
2020-07-23,14.95,23.09,92.16,92.86,0.46,21.65
2020-07-24,9.35,22.1,93.0,93.02,0.54,20.84
2020-07-25,1.64,21.72,92.43,93.12,0.46,20.36
2020-07-26,3.77,21.95,91.88,93.21,0.48,20.48
2020-07-27,2.25,22.09,89.92,93.13,0.38,20.22
2020-07-28,30.96,21.9,92.12,93.0,0.5,20.48
2020-07-29,52.06,21.66,93.1,92.89,0.66,20.44
2020-07-30,24.46,22.1,91.75,92.96,0.69,20.63
2020-07-31,19.47,22.54,93.21,92.92,0.62,21.34
2020-08-01,15.13,21.7,91.95,93.03,0.59,20.26
2020-08-02,16.89,21.38,93.03,93.08,0.65,20.15
2020-08-03,19.32,21.75,93.12,93.01,0.84,20.55
2020-08-04,14.59,21.81,93.04,92.95,0.7,20.58
2020-08-05,11.25,21.96,92.79,92.86,0.94,20.7
2020-08-06,25.44,22.8,93.7,92.92,0.88,21.7
2020-08-07,49.28,22.05,93.69,93.11,0.71,20.95
2020-08-08,43.43,21.72,93.7,93.08,0.76,20.62
2020-08-09,30.66,21.36,96.43,93.04,0.66,20.76
2020-08-10,8.48,21.77,95.32,93.1,0.5,20.95
2020-08-11,4.94,22.38,93.39,93.17,0.58,21.21
2020-08-12,2.34,22.36,91.75,93.26,0.54,20.88
2020-08-13,3.66,22.16,93.47,93.1,0.45,21.02
2020-08-14,2.74,22.16,92.52,93.01,0.44,20.82
2020-08-15,0.56,21.74,93.47,93.06,0.39,20.57
2020-08-16,1.54,22.22,92.94,93.06,0.41,20.96
2020-08-17,2.26,22.59,91.62,93.02,0.45,21.07
2020-08-18,3.06,22.62,91.74,93.03,0.47,21.11
2020-08-19,0.62,22.5,92.18,92.95,0.44,21.09
2020-08-20,0.32,21.98,92.92,92.97,0.41,20.73
2020-08-21,0.08,22.77,89.7,93.1,0.32,20.83
2020-08-22,6.77,23.22,90.56,93.14,0.37,21.47
2020-08-23,2.86,22.72,91.49,93.12,0.38,21.15
2020-08-24,7.07,22.57,89.72,93.11,0.34,20.65
2020-08-25,3.6,22.85,90.84,93.15,0.41,21.14
2020-08-26,4.15,22.62,92.46,93.15,0.41,21.25
2020-08-27,0.51,22.31,90.49,93.1,0.41,20.57
2020-08-28,0.91,22.97,87.78,93.01,0.46,20.63
2020-08-29,0.83,22.53,89.77,93.04,0.41,20.64
2020-08-30,0.24,23.13,89.96,93.04,0.44,21.26
2020-08-31,2.29,22.39,91.66,93.09,0.37,20.88
2020-09-01,9.08,22.15,92.33,93.06,0.47,20.77
2020-09-02,8.04,21.76,92.0,93.02,0.32,20.32
2020-09-03,17.0,22.57,92.19,92.95,0.38,21.14
2020-09-04,9.33,23.52,89.55,92.89,0.32,21.52
2020-09-05,9.21,23.23,89.84,92.83,0.36,21.28
2020-09-06,35.84,22.68,90.53,92.91,0.6,20.93
2020-09-07,21.16,22.27,91.62,93.06,0.61,20.77
2020-09-08,15.78,22.64,92.92,93.04,0.37,21.36
2020-09-09,18.88,22.26,92.87,93.01,0.51,20.97
2020-09-10,14.69,21.9,92.42,92.88,0.81,20.54
2020-09-11,15.95,21.33,92.85,93.02,0.56,20.07
2020-09-12,19.71,21.33,90.45,93.21,0.41,19.59
2020-09-13,12.04,21.35,93.17,93.22,0.4,20.13
2020-09-14,5.17,21.26,90.41,93.17,0.44,19.5
2020-09-15,5.51,21.93,91.87,93.13,0.48,20.45
2020-09-16,7.58,22.64,92.15,93.12,0.49,21.21
2020-09-17,11.7,22.52,93.34,93.16,0.52,21.33
2020-09-18,12.42,22.41,92.76,93.1,0.55,21.11
2020-09-19,14.51,21.93,92.25,92.99,0.63,20.53
2020-09-20,28.24,21.19,92.66,93.0,0.74,19.89
2020-09-21,11.06,21.51,92.31,93.0,0.78,20.15
2020-09-22,7.94,21.21,91.94,93.09,0.65,19.77
2020-09-23,3.69,22.06,91.54,93.11,0.48,20.51
2020-09-24,2.58,22.2,92.3,93.2,0.33,20.81
2020-09-25,7.68,21.69,91.08,93.19,0.25,20.05
2020-09-26,2.19,20.8,92.33,93.19,0.21,19.43
2020-09-27,2.28,21.85,89.39,93.18,0.3,19.85
2020-09-28,2.42,22.19,91.87,93.16,0.39,20.69
2020-09-29,5.89,22.01,91.36,93.08,0.47,20.43
2020-09-30,4.29,22.01,90.03,93.05,0.48,20.16
2020-10-01,0.19,21.78,90.77,93.08,0.41,20.09
2020-10-02,0.14,21.75,90.6,93.09,0.37,20.04
2020-10-03,0.15,21.87,89.94,93.14,0.43,20.01
2020-10-04,0.03,21.71,89.56,93.22,0.44,19.8
2020-10-05,0.03,22.01,87.14,93.12,0.49,19.58
2020-10-06,6.92,23.06,89.38,93.04,0.51,21.06
2020-10-07,2.83,22.89,90.37,93.09,0.53,21.11
2020-10-08,5.67,22.75,95.17,93.03,0.45,21.92
2020-10-09,16.14,22.23,94.96,93.07,0.42,21.34
2020-10-10,8.57,21.48,90.71,93.1,0.33,19.8
2020-10-11,14.04,20.68,93.27,93.02,0.44,19.49
2020-10-12,13.12,21.94,92.97,92.9,0.62,20.68
2020-10-13,12.93,21.49,91.92,92.86,0.7,20.05
2020-10-14,14.58,22.1,90.86,92.95,0.66,20.42
2020-10-15,7.97,22.1,90.41,92.94,0.48,20.33
2020-10-16,7.78,22.64,91.42,92.85,0.62,21.07
2020-10-17,1.4,22.35,91.13,92.94,0.39,20.73
2020-10-18,0.55,22.09,90.21,93.02,0.28,20.26
2020-10-19,5.17,22.25,90.4,92.98,0.34,20.46
2020-10-20,18.48,21.53,94.87,92.98,0.37,20.62
2020-10-21,4.2,22.09,91.17,93.05,0.42,20.47
2020-10-22,2.38,21.49,92.74,93.04,0.41,20.21
2020-10-23,0.01,21.86,87.98,93.08,0.41,19.63
2020-10-24,0.0,22.15,86.92,93.16,0.31,19.67
2020-10-25,123.66,21.93,86.34,93.21,0.28,19.24
2020-10-26,108.77,23.29,86.95,93.18,0.33,20.74
2020-10-27,2.32,23.21,89.71,93.13,0.35,21.27
2020-10-28,3.66,22.97,89.27,93.21,0.33,20.94
2020-10-29,3.14,22.83,88.6,93.21,0.31,20.65
2020-10-30,4.63,22.95,87.8,93.19,0.35,20.61
2020-10-31,3.95,23.48,83.62,93.18,0.23,20.27
2020-11-01,1.1,23.23,84.78,93.26,0.28,20.22
2020-11-02,5.04,23.43,87.86,93.3,0.33,21.11
2020-11-03,3.31,23.35,87.93,93.29,0.23,21.07
2020-11-04,8.67,23.52,87.71,93.25,0.21,21.16
2020-11-05,11.49,23.08,87.7,93.26,0.17,20.7
2020-11-06,4.41,22.52,86.93,93.33,0.22,19.99
2020-11-07,1.08,23.0,86.88,93.36,0.26,20.49
2020-11-08,7.56,23.06,88.27,93.39,0.18,20.83
2020-11-09,0.47,22.81,83.79,93.3,0.3,19.65
2020-11-10,1.71,21.91,83.24,93.12,0.34,18.62
2020-11-11,2.52,21.63,83.07,93.12,0.23,18.37
2020-11-12,7.98,22.5,94.0,93.15,0.26,21.46
2020-11-13,11.94,22.1,90.1,93.16,0.24,20.32
2020-11-14,0.57,23.3,87.4,93.06,0.26,20.89
2020-11-15,3.02,23.05,90.16,93.01,0.17,21.24
2020-11-16,14.63,22.53,92.06,93.07,0.31,21.09
2020-11-17,39.15,22.44,91.16,93.04,0.41,20.82
2020-11-18,20.6,21.76,92.79,93.16,0.41,20.46
2020-11-19,3.11,22.27,91.41,93.17,0.26,20.71
2020-11-20,2.53,22.35,86.79,93.22,0.24,19.82
2020-11-21,0.56,22.0,82.7,93.29,0.19,18.58
2020-11-22,0.0,21.2,82.1,93.33,0.21,17.66
2020-11-23,0.0,21.46,83.54,93.33,0.19,18.31
2020-11-24,0.0,21.8,84.13,93.21,0.27,18.7
2020-11-25,0.28,22.19,89.32,93.09,0.33,20.24
2020-11-26,6.7,22.18,92.7,93.06,0.53,20.89
2020-11-27,6.79,22.37,90.25,93.17,0.36,20.54
2020-11-28,3.31,22.19,90.95,93.28,0.28,20.54
2020-11-29,1.45,21.99,89.43,93.31,0.29,20.0
2020-11-30,0.33,22.64,86.83,93.3,0.26,20.15
2020-12-01,0.02,21.35,81.49,93.35,0.38,17.76
2020-12-02,4.48,21.63,85.62,93.23,0.35,18.98
2020-12-03,13.35,21.26,93.62,93.1,0.31,20.16
2020-12-04,9.85,21.43,96.41,92.86,0.48,20.82
2020-12-05,3.84,21.7,92.46,92.99,0.34,20.35
2020-12-06,12.55,22.36,89.83,93.13,0.23,20.5
2020-12-07,14.25,21.11,95.78,93.25,0.28,20.38
2020-12-08,4.93,22.05,89.7,93.35,0.32,20.12
2020-12-09,1.32,22.27,88.08,93.29,0.24,19.98
2020-12-10,2.09,22.12,86.84,93.31,0.17,19.59
2020-12-11,1.62,21.75,87.13,93.33,0.18,19.27
2020-12-12,0.69,21.24,84.03,93.31,0.21,18.11
2020-12-13,0.35,21.11,84.41,93.25,0.28,18.07
2020-12-14,0.0,19.63,82.84,93.25,0.35,16.23
2020-12-15,0.92,20.38,84.17,93.3,0.29,17.37
2020-12-16,2.71,20.78,91.2,93.33,0.27,19.23
2020-12-17,3.27,21.62,91.38,93.28,0.27,20.04
2020-12-18,2.54,21.83,88.87,93.27,0.3,19.75
2020-12-19,0.32,20.61,85.03,93.32,0.49,17.86
2020-12-20,0.0,20.83,82.92,93.35,0.39,17.62
2020-12-21,0.01,19.88,83.52,93.26,0.41,16.86
2020-12-22,0.05,20.64,85.25,93.23,0.27,17.91
2020-12-23,0.02,21.48,85.72,93.19,0.18,18.81
2020-12-24,0.0,22.33,83.65,93.1,0.23,19.16
2020-12-25,0.0,21.96,83.21,93.16,0.14,18.71
2020-12-26,0.0,20.69,81.86,93.26,0.3,17.17
2020-12-27,0.0,20.23,80.56,93.24,0.27,16.32
2020-12-28,0.01,21.01,83.29,93.2,0.2,17.62
2020-12-29,0.61,21.44,83.52,93.15,0.17,18.14
2020-12-30,3.9,22.34,87.51,93.11,0.31,19.99
2020-12-31,14.03,22.28,90.39,93.15,0.33,20.52
2021-01-01,0.89,20.69,83.64,93.23,0.38,17.56
2021-01-02,0.05,21.12,82.69,93.21,0.33,17.79
2021-01-03,4.08,22.18,87.35,93.12,0.22,19.84
2021-01-04,6.51,22.25,90.13,93.11,0.29,20.43
2021-01-05,3.17,22.2,88.46,93.17,0.21,20.04
2021-01-06,25.35,21.86,91.52,93.17,0.29,20.27
2021-01-07,15.28,22.61,93.01,92.99,0.27,21.34
2021-01-08,18.66,22.58,90.52,92.96,0.27,20.79
2021-01-09,6.42,22.51,90.88,93.02,0.2,20.8
2021-01-10,5.29,21.24,90.7,93.11,0.15,19.57
2021-01-11,3.57,20.93,88.42,93.19,0.29,18.81
2021-01-12,15.04,20.4,91.27,93.08,0.47,18.88
2021-01-13,10.21,21.11,89.69,93.07,0.52,19.26
2021-01-14,8.98,21.51,89.77,93.08,0.38,19.64
2021-01-15,5.05,21.46,91.57,93.1,0.32,19.94
2021-01-16,14.33,22.22,88.18,93.06,0.27,20.01
2021-01-17,1.03,21.94,85.43,93.13,0.18,19.03
2021-01-18,0.0,20.13,81.11,93.24,0.29,16.36
2021-01-19,0.0,20.08,81.61,93.25,0.33,16.49
2021-01-20,0.0,21.39,83.53,93.28,0.32,18.21
2021-01-21,0.08,22.88,86.9,93.24,0.22,20.36
2021-01-22,0.49,22.98,85.61,93.21,0.33,20.19
2021-01-23,0.2,22.38,87.29,93.25,0.3,19.92
2021-01-24,0.0,21.45,84.88,93.31,0.21,18.55
2021-01-25,0.0,20.47,81.96,93.35,0.21,16.9
2021-01-26,0.0,19.74,78.2,93.32,0.25,15.22
2021-01-27,0.0,18.99,78.45,93.33,0.27,14.55
2021-01-28,0.0,19.56,80.77,93.34,0.32,15.74
2021-01-29,0.0,21.33,82.51,93.36,0.26,17.87
2021-01-30,0.17,22.46,83.8,93.31,0.17,19.26
2021-01-31,0.01,21.56,81.05,93.33,0.23,17.8
2021-02-01,0.01,21.03,78.92,93.43,0.34,16.8
2021-02-02,0.0,21.12,78.84,93.44,0.33,16.88
2021-02-03,0.05,21.25,81.06,93.4,0.32,17.57
2021-02-04,0.01,21.21,76.57,93.41,0.27,16.48
2021-02-05,0.0,20.97,78.39,93.35,0.24,16.62
2021-02-06,0.0,20.97,78.85,93.27,0.21,16.65
2021-02-07,0.0,19.65,72.01,93.28,0.37,13.68
2021-02-08,0.0,19.39,73.98,93.33,0.45,13.99
2021-02-09,0.0,19.54,76.3,93.28,0.41,14.62
2021-02-10,0.0,18.95,73.39,93.25,0.32,13.21
2021-02-11,0.0,18.86,74.68,93.21,0.34,13.39
2021-02-12,0.0,19.06,74.9,93.28,0.31,13.71
2021-02-13,0.0,20.16,74.87,93.36,0.33,14.86
2021-02-14,0.0,21.19,76.68,93.39,0.36,16.26
2021-02-15,0.0,22.21,80.11,93.3,0.4,18.04
2021-02-16,0.0,22.47,81.15,93.28,0.34,18.56
2021-02-17,0.0,23.01,80.76,93.21,0.27,19.06
2021-02-18,0.19,21.78,79.38,93.33,0.19,17.71
2021-02-19,0.09,22.75,74.67,93.32,0.29,17.39
2021-02-20,3.39,23.28,78.94,93.23,0.26,18.83
2021-02-21,2.12,23.69,76.43,93.31,0.25,18.68
2021-02-22,0.14,23.74,75.68,93.37,0.29,18.7
2021-02-23,0.04,23.35,74.87,93.3,0.2,18.01
2021-02-24,0.0,23.18,67.49,93.25,0.2,15.76
2021-02-25,0.59,23.67,66.66,93.26,0.43,16.28
2021-02-26,0.78,24.3,72.52,93.16,0.39,17.99
2021-02-27,0.22,24.61,69.48,93.08,0.38,17.37
2021-02-28,0.0,23.61,61.07,93.12,0.41,13.77
2021-03-01,0.0,23.55,57.71,93.37,0.36,13.44
2021-03-02,0.0,22.95,60.73,93.38,0.35,13.53
2021-03-03,0.0,22.31,59.06,93.27,0.43,12.61
2021-03-04,0.0,22.55,59.0,93.24,0.4,12.47
2021-03-05,0.0,23.82,56.22,93.37,0.4,12.66
2021-03-06,0.0,24.99,59.28,93.38,0.45,15.48
2021-03-07,0.0,25.28,61.99,93.28,0.32,15.99
2021-03-08,0.0,25.18,61.71,93.28,0.28,15.75
2021-03-09,1.02,24.89,68.96,93.34,0.31,17.9
2021-03-10,4.06,24.56,70.4,93.35,0.3,17.57
2021-03-11,6.41,23.14,81.58,93.38,0.31,19.36
2021-03-12,0.57,23.71,72.81,93.41,0.3,17.57
2021-03-13,0.0,24.28,62.22,93.34,0.26,14.86
2021-03-14,0.0,25.1,62.08,93.23,0.32,15.58
2021-03-15,0.0,25.69,62.84,93.18,0.31,16.8
2021-03-16,0.0,25.76,57.65,93.2,0.39,15.1
2021-03-17,0.0,25.13,62.29,93.13,0.31,15.8
2021-03-18,0.0,24.67,58.53,93.17,0.33,14.33
2021-03-19,0.15,24.66,60.9,93.14,0.28,15.16
2021-03-20,0.18,25.15,64.62,93.05,0.35,16.81
2021-03-21,6.2,25.34,64.31,93.03,0.25,16.76
2021-03-22,4.8,24.7,64.63,93.14,0.33,15.95
2021-03-23,0.84,25.61,63.13,93.18,0.33,16.37
2021-03-24,2.01,24.9,70.46,93.21,0.32,18.14
2021-03-25,7.57,24.12,76.27,93.18,0.24,18.96
2021-03-26,0.24,24.8,66.33,93.08,0.32,17.09
2021-03-27,1.22,25.52,66.12,93.07,0.35,16.8
2021-03-28,5.89,24.63,76.19,93.08,0.28,19.33
2021-03-29,4.23,25.28,72.11,93.08,0.34,18.46
2021-03-30,4.76,25.45,74.08,93.0,0.37,19.36
2021-03-31,1.48,25.91,75.35,92.94,0.43,20.26
2021-04-01,3.82,25.57,80.07,92.93,0.48,21.26
2021-04-02,0.76,24.97,76.46,92.98,0.44,19.74
2021-04-03,0.0,24.61,73.16,93.05,0.46,18.63
2021-04-04,0.09,25.27,69.62,93.11,0.49,18.27
2021-04-05,0.05,27.06,65.97,93.08,0.36,18.63
2021-04-06,0.95,26.96,66.59,93.14,0.26,18.68
2021-04-07,2.19,26.24,64.61,93.24,0.36,17.03
2021-04-08,2.42,25.68,68.77,93.1,0.31,17.69
2021-04-09,0.22,26.28,64.95,93.01,0.26,17.11
2021-04-10,0.86,26.2,66.91,93.11,0.26,17.75
2021-04-11,5.94,25.61,73.2,93.25,0.27,19.31
2021-04-12,14.34,25.06,78.47,93.3,0.19,20.41
2021-04-13,6.35,24.93,77.83,93.26,0.22,20.01
2021-04-14,9.38,24.64,80.56,93.22,0.23,20.52
2021-04-15,11.15,23.57,87.67,93.21,0.29,21.15
2021-04-16,11.32,22.9,89.65,93.19,0.31,20.97
2021-04-17,0.16,24.68,79.71,93.22,0.3,20.41
2021-04-18,1.71,24.28,83.56,93.34,0.27,20.94
2021-04-19,2.79,23.7,86.89,93.21,0.29,21.17
2021-04-20,1.93,23.87,86.41,93.12,0.28,21.2
2021-04-21,7.56,24.55,84.13,93.21,0.34,21.29
2021-04-22,2.13,25.21,80.46,93.21,0.3,20.9
2021-04-23,3.65,25.5,78.21,93.19,0.29,20.59
2021-04-24,6.45,25.18,81.35,93.12,0.24,21.21
2021-04-25,2.72,25.14,79.1,93.1,0.2,20.7
2021-04-26,1.04,25.06,79.39,93.08,0.24,20.8
2021-04-27,3.43,23.89,87.27,93.16,0.27,21.5
2021-04-28,0.15,25.38,76.95,93.21,0.31,20.16
2021-04-29,0.47,25.25,80.88,93.16,0.3,21.24
2021-04-30,5.45,25.41,81.59,93.03,0.24,21.58
2021-05-01,6.35,25.34,80.9,93.02,0.23,21.21
2021-05-02,9.18,25.17,80.56,93.05,0.22,20.97
2021-05-03,6.55,24.93,83.01,93.01,0.32,21.42
2021-05-04,9.92,25.01,81.28,92.97,0.29,21.1
2021-05-05,3.53,25.36,79.37,92.99,0.23,20.87
2021-05-06,8.52,25.88,78.49,93.05,0.27,21.07
2021-05-07,16.12,25.26,81.08,93.12,0.26,21.23
2021-05-08,2.53,24.34,85.55,93.04,0.21,21.5
2021-05-09,1.48,25.61,80.56,92.96,0.3,21.45
2021-05-10,8.13,24.31,91.39,92.98,0.32,22.72
2021-05-11,14.98,24.27,86.95,93.01,0.38,21.76
2021-05-12,13.09,24.16,89.07,92.95,0.34,22.06
2021-05-13,38.53,24.16,86.78,92.91,0.44,21.55
2021-05-14,45.92,22.97,90.04,92.88,0.61,21.13
2021-05-15,49.53,23.04,94.13,92.79,0.83,22.03
2021-05-16,18.78,22.97,90.35,92.91,0.6,21.19
2021-05-17,12.92,23.34,90.43,93.02,0.46,21.57
2021-05-18,3.39,23.67,90.86,93.07,0.39,21.97
2021-05-19,19.44,23.71,93.17,93.01,0.48,22.48
2021-05-20,16.17,23.18,90.67,93.09,0.34,21.46
2021-05-21,3.36,22.07,91.17,93.18,0.34,20.44
2021-05-22,15.55,22.15,93.24,93.13,0.36,20.94
2021-05-23,2.63,23.19,89.54,93.15,0.31,21.23
2021-05-24,0.3,22.99,92.47,93.2,0.39,21.64
2021-05-25,17.04,22.2,90.62,93.15,0.59,20.5
2021-05-26,45.12,21.93,93.64,93.14,0.65,20.81
2021-05-27,6.66,22.55,90.76,93.12,0.63,20.86
2021-05-28,3.66,23.16,90.34,93.15,0.5,21.35
2021-05-29,4.11,23.08,90.04,93.2,0.49,21.23
2021-05-30,0.66,23.1,88.71,93.18,0.52,20.98
2021-05-31,13.78,23.42,89.62,93.01,0.54,21.5
2021-06-01,2.38,23.17,90.26,93.01,0.52,21.39
2021-06-02,1.63,24.06,88.24,92.96,0.44,21.79
2021-06-03,15.06,23.65,96.62,92.98,0.46,23.06
2021-06-04,21.05,23.56,94.27,93.1,0.51,22.55
2021-06-05,26.0,22.82,89.33,93.16,0.28,20.82
2021-06-06,12.31,23.19,89.29,93.12,0.37,21.17
2021-06-07,1.23,23.39,90.58,93.13,0.41,21.65
2021-06-08,8.61,22.93,91.66,93.14,0.47,21.41
2021-06-09,5.55,23.25,91.64,93.1,0.51,21.73
2021-06-10,2.71,23.14,90.31,93.0,0.59,21.34
2021-06-11,4.62,23.13,90.16,93.05,0.53,21.3
2021-06-12,18.4,23.16,91.05,93.11,0.67,21.5
2021-06-13,32.27,22.89,94.44,93.1,0.67,21.91
2021-06-14,10.45,21.76,91.47,93.11,0.67,20.22
2021-06-15,9.18,23.07,91.16,92.99,0.77,21.46
2021-06-16,10.64,23.28,92.36,93.09,0.79,21.91
2021-06-17,6.49,22.87,92.63,93.18,0.65,21.54
2021-06-18,2.48,22.71,92.54,93.25,0.56,21.37
2021-06-19,2.07,22.33,90.96,93.36,0.52,20.68
2021-06-20,4.03,22.72,92.13,93.31,0.52,21.29
2021-06-21,5.89,23.06,92.26,93.22,0.53,21.66
2021-06-22,5.31,22.59,92.86,93.13,0.4,21.29
2021-06-23,9.24,23.14,92.72,93.1,0.42,21.81
2021-06-24,2.73,22.75,91.33,93.19,0.45,21.17
2021-06-25,0.95,22.73,90.06,93.11,0.4,20.87
2021-06-26,13.41,22.4,91.82,93.08,0.49,20.89
2021-06-27,8.14,22.49,90.08,93.14,0.45,20.63
2021-06-28,2.9,21.39,89.04,93.08,0.44,19.38
2021-06-29,2.93,22.86,89.3,92.98,0.4,20.81
2021-06-30,1.29,22.98,91.13,93.0,0.4,21.36
2021-07-01,21.71,23.38,92.94,92.93,0.53,22.1
2021-07-02,10.74,22.94,92.19,93.02,0.42,21.52
2021-07-03,11.88,22.41,92.88,93.05,0.46,21.14
2021-07-04,21.15,22.17,91.81,93.05,0.37,20.68
2021-07-05,2.68,22.32,91.97,92.96,0.5,20.87
2021-07-06,4.26,22.62,93.73,92.8,0.51,21.51
2021-07-07,5.54,23.08,91.58,92.84,0.44,21.54
2021-07-08,10.15,23.18,92.14,92.94,0.51,21.74
2021-07-09,27.77,22.06,93.83,92.88,0.68,20.99
2021-07-10,28.03,20.83,92.84,92.93,0.91,19.6
2021-07-11,3.73,21.17,91.28,92.95,0.7,19.62
2021-07-12,5.82,21.68,93.58,92.96,0.66,20.55
2021-07-13,8.52,21.9,92.34,92.96,0.71,20.54
2021-07-14,18.19,21.33,93.48,93.02,0.59,20.18
2021-07-15,18.12,21.99,92.14,93.02,0.6,20.58
2021-07-16,23.76,22.24,92.5,93.11,0.6,20.91
2021-07-17,6.12,21.77,93.31,93.14,0.47,20.59
2021-07-18,6.49,21.95,94.45,93.06,0.63,20.98
2021-07-19,1.63,21.97,94.01,93.13,0.55,20.93
2021-07-20,1.25,22.22,92.52,93.29,0.54,20.88
2021-07-21,6.17,22.54,91.98,93.28,0.64,21.09
2021-07-22,11.92,22.38,93.72,93.1,0.72,21.28
2021-07-23,14.19,22.24,93.66,93.02,0.78,21.13
2021-07-24,13.38,22.12,92.96,93.08,0.7,20.87
2021-07-25,4.36,21.52,91.58,93.22,0.54,20.01
2021-07-26,5.54,22.18,92.02,93.18,0.52,20.74
2021-07-27,6.29,22.38,92.81,93.14,0.46,21.08
2021-07-28,3.38,22.18,92.12,93.19,0.4,20.75
2021-07-29,1.15,22.57,91.26,93.19,0.51,20.97
2021-07-30,1.65,22.58,91.04,93.28,0.56,20.95
2021-07-31,1.82,22.52,91.09,93.32,0.55,20.9
2021-08-01,0.91,22.54,90.47,93.23,0.51,20.79
2021-08-02,4.33,22.12,90.75,93.26,0.46,20.43
2021-08-03,3.73,21.69,91.83,93.39,0.43,20.21
2021-08-04,2.07,21.91,91.11,93.42,0.48,20.29
2021-08-05,11.12,22.28,92.16,93.28,0.51,20.87
2021-08-06,18.16,22.54,92.52,93.18,0.54,21.18
2021-08-07,17.87,22.37,92.85,93.19,0.61,21.1
2021-08-08,3.59,21.89,92.04,93.2,0.38,20.44
2021-08-09,12.18,21.1,90.99,93.24,0.3,19.48
2021-08-10,2.21,21.09,91.64,93.2,0.34,19.58
2021-08-11,10.06,21.53,91.92,93.18,0.57,20.07
2021-08-12,6.06,21.31,92.02,93.26,0.53,19.88
2021-08-13,7.91,21.72,91.9,93.14,0.53,20.26
2021-08-14,5.29,21.92,92.16,93.04,0.56,20.5
2021-08-15,2.69,22.16,91.18,93.08,0.52,20.55
2021-08-16,0.43,21.56,91.07,93.17,0.44,19.95
2021-08-17,11.13,21.22,92.07,93.22,0.42,19.8
2021-08-18,7.88,20.58,91.98,93.14,0.49,19.14
2021-08-19,2.59,21.43,88.69,93.1,0.38,19.3
2021-08-20,0.29,22.25,89.45,93.06,0.32,20.25
2021-08-21,10.42,22.73,87.05,93.12,0.34,20.15
2021-08-22,18.63,22.76,86.86,93.08,0.3,20.17
2021-08-23,23.48,22.32,89.02,93.1,0.28,20.24
2021-08-24,2.96,22.49,88.2,93.12,0.33,20.21
2021-08-25,13.55,22.64,89.38,93.04,0.37,20.62
2021-08-26,26.83,23.0,92.29,92.91,0.63,21.6
2021-08-27,24.11,22.43,95.39,92.91,0.6,21.64
2021-08-28,22.99,22.01,94.04,92.86,0.67,20.97
2021-08-29,13.88,21.84,94.07,92.88,0.76,20.81
2021-08-30,5.45,21.7,93.32,92.98,0.5,20.52
2021-08-31,4.01,22.61,91.78,92.99,0.37,21.1
2021-09-01,6.77,22.38,92.59,93.1,0.36,21.03
2021-09-02,24.36,21.58,93.56,93.1,0.31,20.43
2021-09-03,4.76,21.93,90.36,93.05,0.33,20.13
2021-09-04,8.27,22.27,92.38,93.08,0.47,20.89
2021-09-05,11.84,22.34,91.96,93.13,0.5,20.87
2021-09-06,9.21,20.92,93.28,93.15,0.43,19.73
2021-09-07,5.15,21.74,93.15,93.14,0.44,20.52
2021-09-08,4.87,22.21,91.86,93.19,0.57,20.74
2021-09-09,0.96,22.3,91.23,93.24,0.44,20.68
2021-09-10,0.67,22.3,91.46,93.21,0.46,20.74
2021-09-11,5.98,22.49,91.11,93.14,0.53,20.87
2021-09-12,14.25,22.37,92.21,93.09,0.64,20.98
2021-09-13,12.08,22.12,94.01,93.04,0.64,21.07
2021-09-14,3.26,22.86,92.36,93.05,0.48,21.47
2021-09-15,23.19,22.75,93.22,93.1,0.41,21.53
2021-09-16,28.77,22.61,92.53,93.06,0.46,21.26
2021-09-17,12.72,22.82,91.01,92.98,0.41,21.14
2021-09-18,1.95,22.95,90.26,93.07,0.37,21.12
2021-09-19,2.57,22.19,92.7,93.2,0.39,20.88
2021-09-20,1.6,22.67,90.19,93.16,0.33,20.82
2021-09-21,0.57,22.7,90.38,93.11,0.43,20.91
2021-09-22,2.2,22.44,90.28,92.98,0.42,20.62
2021-09-23,4.57,22.61,90.31,93.01,0.45,20.78
2021-09-24,9.45,23.29,88.97,93.03,0.42,21.15
2021-09-25,6.13,22.88,90.57,93.02,0.48,21.13
2021-09-26,8.41,22.14,89.72,92.89,0.41,20.25
2021-09-27,24.87,21.79,94.44,92.85,0.74,20.81
2021-09-28,6.35,21.24,91.74,93.09,0.55,19.75
2021-09-29,2.01,22.11,89.08,93.12,0.33,20.02
2021-09-30,18.75,22.42,89.48,93.16,0.29,20.41
2021-10-01,13.94,22.45,91.55,93.06,0.35,20.88
2021-10-02,18.44,22.66,93.62,92.95,0.28,21.53
2021-10-03,27.41,23.25,91.27,92.93,0.26,21.6
2021-10-04,5.29,23.47,91.02,92.9,0.31,21.78
2021-10-05,13.44,23.54,89.49,92.89,0.28,21.51
2021-10-06,1.97,22.39,93.3,92.87,0.31,21.19
2021-10-07,1.95,23.1,87.56,92.92,0.28,20.69
2021-10-08,36.51,22.98,92.85,93.05,0.49,21.69
2021-10-09,16.42,22.7,94.32,93.19,0.46,21.7
2021-10-10,3.93,22.81,93.25,93.14,0.37,21.61
2021-10-11,32.18,21.66,92.03,93.07,0.47,20.22
2021-10-12,16.71,21.54,91.09,93.08,0.51,19.94
2021-10-13,5.41,22.05,91.41,93.01,0.33,20.48
2021-10-14,7.96,22.9,93.06,92.88,0.48,21.65
2021-10-15,6.38,22.9,92.39,92.63,0.5,21.51
2021-10-16,47.55,23.09,95.69,92.57,0.78,22.34
2021-10-17,20.81,22.81,94.09,92.84,0.66,21.77
2021-10-18,7.41,22.54,92.61,93.09,0.51,21.2
2021-10-19,0.94,23.09,90.61,93.2,0.35,21.31
2021-10-20,32.34,23.11,92.89,93.29,0.35,21.83
2021-10-21,12.51,22.96,93.99,93.3,0.21,21.9
2021-10-22,12.04,23.43,90.53,93.33,0.29,21.65
2021-10-23,24.02,22.84,92.6,93.42,0.38,21.5
2021-10-24,15.03,22.23,92.09,93.42,0.33,20.78
2021-10-25,11.7,22.62,90.26,93.22,0.25,20.8
2021-10-26,5.92,22.95,89.94,93.12,0.17,21.02
2021-10-27,13.03,22.74,91.54,93.11,0.33,21.18
2021-10-28,8.62,22.15,91.6,93.17,0.25,20.64
2021-10-29,4.77,21.8,91.72,93.22,0.23,20.33
2021-10-30,5.91,21.95,90.51,93.27,0.26,20.19
2021-10-31,7.75,22.22,91.14,93.24,0.18,20.57
2021-11-01,21.97,21.96,92.73,93.12,0.25,20.64
2021-11-02,37.14,22.17,94.06,93.05,0.33,21.1
2021-11-03,4.58,22.01,92.28,93.13,0.24,20.6
2021-11-04,22.06,22.36,92.46,93.15,0.3,20.98
2021-11-05,7.84,21.9,93.07,93.2,0.33,20.65
2021-11-06,7.38,22.37,88.37,93.11,0.27,20.16
2021-11-07,6.17,21.97,91.25,93.09,0.3,20.33
2021-11-08,11.83,21.26,95.17,93.17,0.26,20.42
2021-11-09,3.8,20.42,90.4,93.21,0.29,18.74
2021-11-10,7.26,20.9,93.32,93.09,0.35,19.72
2021-11-11,2.86,21.4,95.51,92.92,0.47,20.61
2021-11-12,16.67,21.93,92.74,92.92,0.59,20.63
2021-11-13,24.11,22.49,94.41,93.0,0.5,21.49
2021-11-14,20.78,21.75,95.24,93.08,0.46,20.92
2021-11-15,19.81,22.31,94.16,92.93,0.4,21.27
2021-11-16,8.42,22.28,94.49,92.92,0.32,21.31
2021-11-17,25.01,22.67,89.41,93.08,0.22,20.69
2021-11-18,6.53,22.14,93.53,92.96,0.43,20.99
2021-11-19,11.28,21.98,95.24,92.74,0.59,21.16
2021-11-20,9.1,22.34,90.96,92.87,0.54,20.7
2021-11-21,0.03,22.12,85.76,93.09,0.3,19.28
2021-11-22,2.12,22.6,89.47,93.15,0.33,20.59
2021-11-23,11.96,22.33,90.14,93.14,0.25,20.52
2021-11-24,2.96,21.69,89.47,93.14,0.19,19.72
2021-11-25,25.02,21.24,91.67,93.1,0.29,19.77
2021-11-26,6.93,21.73,94.75,93.07,0.28,20.82
2021-11-27,3.96,21.63,92.24,93.11,0.26,20.25
2021-11-28,13.09,21.51,94.92,93.08,0.21,20.62
2021-11-29,34.14,21.62,92.29,93.16,0.41,20.21
2021-11-30,24.75,21.25,93.8,93.21,0.39,20.14
2021-12-01,5.52,22.58,87.32,93.2,0.34,20.12
2021-12-02,2.36,23.24,88.84,93.18,0.23,21.1
2021-12-03,27.48,22.92,90.72,93.26,0.22,21.22
2021-12-04,27.1,22.43,95.07,93.29,0.32,21.58
2021-12-05,4.51,22.91,90.03,93.28,0.27,21.02
2021-12-06,5.17,22.87,90.14,93.22,0.3,21.04
2021-12-07,1.3,23.38,87.8,93.21,0.19,21.05
2021-12-08,0.01,22.48,86.81,93.26,0.19,20.0
2021-12-09,2.81,22.69,87.66,93.31,0.21,20.33
2021-12-10,0.89,21.3,86.9,93.35,0.37,18.8
2021-12-11,1.25,21.85,87.5,93.32,0.28,19.5
2021-12-12,0.54,21.82,87.3,93.31,0.34,19.45
2021-12-13,0.08,21.35,88.04,93.24,0.31,19.16
2021-12-14,1.07,21.79,88.84,93.18,0.3,19.77
2021-12-15,0.33,22.13,88.2,93.25,0.24,19.94
2021-12-16,0.0,21.69,86.53,93.35,0.32,19.18
2021-12-17,0.01,21.84,84.93,93.43,0.23,18.97
2021-12-18,0.01,21.07,84.01,93.36,0.28,18.0
2021-12-19,0.0,20.39,82.28,93.45,0.3,16.92
2021-12-20,0.0,19.99,82.97,93.44,0.3,16.65
2021-12-21,0.0,20.85,82.11,93.52,0.24,17.33
2021-12-22,0.0,21.12,83.22,93.41,0.21,17.82
2021-12-23,0.0,20.93,83.14,93.35,0.25,17.57
2021-12-24,0.0,19.45,80.88,93.38,0.29,15.51
2021-12-25,0.0,19.42,82.98,93.41,0.27,16.03
2021-12-26,0.0,19.34,83.44,93.51,0.21,16.26
2021-12-27,0.0,19.91,82.61,93.51,0.24,16.47
2021-12-28,0.0,19.93,82.64,93.44,0.31,16.54
2021-12-29,0.0,20.09,82.81,93.38,0.29,16.68
2021-12-30,3.1,20.81,86.61,93.42,0.21,18.28
2021-12-31,3.62,22.06,88.53,93.43,0.31,19.9
2022-01-01,11.78,22.27,89.4,93.45,0.3,20.3
2022-01-02,2.76,21.97,86.73,93.37,0.45,19.46
2022-01-03,0.15,21.42,82.71,93.39,0.33,18.08
2022-01-04,0.53,21.38,84.28,93.43,0.33,18.37
2022-01-05,0.0,21.73,82.79,93.43,0.19,18.32
2022-01-06,0.0,21.94,82.62,93.35,0.17,18.52
2022-01-07,0.13,22.34,82.85,93.38,0.21,18.91
2022-01-08,0.33,22.31,83.9,93.4,0.15,19.17
2022-01-09,0.04,22.03,82.84,93.29,0.2,18.64
2022-01-10,0.0,22.03,83.18,93.29,0.17,18.62
2022-01-11,0.0,22.27,81.06,93.31,0.18,18.45
2022-01-12,0.0,22.36,85.27,93.29,0.3,19.47
2022-01-13,0.0,22.59,85.22,93.26,0.29,19.7
2022-01-14,0.0,22.52,85.39,93.25,0.34,19.65
2022-01-15,0.04,22.87,84.18,93.28,0.3,19.75
2022-01-16,0.16,22.58,83.18,93.35,0.2,19.25
2022-01-17,0.04,22.12,82.11,93.48,0.27,18.65
2022-01-18,0.0,21.86,80.38,93.46,0.25,18.02
2022-01-19,0.0,21.84,80.27,93.32,0.22,17.9
2022-01-20,0.01,21.82,76.52,93.24,0.29,16.99
2022-01-21,0.01,21.79,81.35,93.29,0.39,18.01
2022-01-22,0.0,21.95,85.16,93.18,0.45,19.22
2022-01-23,0.0,21.6,83.21,93.17,0.41,18.28
2022-01-24,0.0,21.13,81.12,93.1,0.33,17.38
2022-01-25,0.01,21.27,82.89,93.08,0.34,17.97
2022-01-26,0.43,21.34,84.75,93.1,0.39,18.45
2022-01-27,0.22,21.84,82.23,93.1,0.17,18.29
2022-01-28,0.03,21.11,80.31,93.18,0.47,17.26
2022-01-29,0.0,22.23,80.99,93.27,0.34,18.53
2022-01-30,0.0,23.63,78.85,93.25,0.2,19.36
2022-01-31,0.0,23.15,79.52,93.2,0.22,18.95
2022-02-01,0.05,22.81,78.77,93.16,0.27,18.48
2022-02-02,0.22,22.46,75.65,93.23,0.3,17.35
2022-02-03,0.0,22.05,79.65,93.26,0.42,17.97
2022-02-04,0.0,22.36,80.42,93.15,0.42,18.37
2022-02-05,0.0,22.39,77.56,93.15,0.35,17.74
2022-02-06,0.0,22.97,75.32,93.34,0.25,17.75
2022-02-07,0.0,22.28,72.9,93.39,0.26,16.52
2022-02-08,0.01,22.36,73.49,93.27,0.34,16.76
2022-02-09,0.1,21.85,70.67,93.23,0.3,15.49
2022-02-10,0.13,21.52,63.78,93.19,0.35,13.1
2022-02-11,0.94,22.35,74.82,93.15,0.26,17.13
2022-02-12,4.36,22.08,83.07,93.15,0.25,18.73
2022-02-13,0.21,22.33,76.94,93.06,0.31,17.53
2022-02-14,0.73,22.72,74.45,93.07,0.23,17.26
2022-02-15,0.75,22.48,75.9,93.1,0.26,17.38
2022-02-16,0.39,22.75,75.48,92.96,0.26,17.47
2022-02-17,0.01,23.23,69.7,92.87,0.26,16.55
2022-02-18,0.0,23.24,66.33,93.0,0.2,15.55
2022-02-19,0.0,23.46,66.91,93.2,0.25,15.82
2022-02-20,0.0,24.22,70.97,93.2,0.31,17.83
2022-02-21,0.0,25.04,73.27,93.13,0.37,19.09
2022-02-22,0.35,25.16,70.58,93.21,0.34,18.5
2022-02-23,0.08,23.44,60.94,93.39,0.27,14.23
2022-02-24,0.61,22.93,62.96,93.46,0.25,13.96
2022-02-25,0.0,23.5,64.63,93.38,0.29,15.39
2022-02-26,0.0,23.86,61.32,93.33,0.26,14.55
2022-02-27,2.23,24.04,67.46,93.35,0.25,16.73
2022-02-28,0.81,22.89,61.88,93.36,0.23,13.48
2022-03-01,0.0,23.08,57.09,93.34,0.25,12.58
2022-03-02,0.0,22.61,47.52,93.28,0.3,9.55
2022-03-03,0.0,22.9,52.68,93.23,0.34,11.04
2022-03-04,0.0,23.93,54.07,93.24,0.27,12.15
2022-03-05,0.05,24.81,60.52,93.2,0.19,15.57
2022-03-06,0.14,24.88,62.59,93.16,0.28,16.32
2022-03-07,0.35,24.4,64.88,93.16,0.24,16.53
2022-03-08,3.63,25.08,71.51,93.19,0.22,18.48
2022-03-09,0.82,25.73,64.41,93.14,0.25,16.76
2022-03-10,0.0,25.45,55.53,93.13,0.33,13.58
2022-03-11,0.0,24.64,53.03,93.09,0.37,12.3
2022-03-12,0.0,24.43,49.05,93.03,0.35,10.29
2022-03-13,0.0,24.42,48.18,93.05,0.35,10.71
2022-03-14,0.0,25.31,52.43,93.11,0.35,12.88
2022-03-15,0.5,25.32,61.92,93.08,0.38,15.93
2022-03-16,5.6,25.44,73.13,92.99,0.39,19.0
2022-03-17,2.63,25.96,67.09,92.97,0.38,17.13
2022-03-18,2.37,26.17,66.87,92.98,0.38,17.54
2022-03-19,4.83,24.96,75.17,93.0,0.39,19.13
2022-03-20,2.57,24.21,79.23,93.01,0.4,19.82
2022-03-21,0.55,25.1,72.92,93.04,0.46,18.88
2022-03-22,1.18,24.72,76.92,93.04,0.44,19.82
2022-03-23,21.48,25.52,76.64,92.96,0.29,20.27
2022-03-24,4.43,25.26,77.6,92.98,0.39,20.27
2022-03-25,3.76,25.15,77.9,93.06,0.37,20.17
2022-03-26,1.44,25.57,75.75,93.22,0.37,20.2
2022-03-27,4.43,25.74,74.15,93.25,0.31,19.85
2022-03-28,5.33,26.27,73.85,93.22,0.31,20.01
2022-03-29,3.1,26.35,73.67,93.13,0.37,19.98
2022-03-30,2.22,26.28,73.27,93.1,0.27,19.99
2022-03-31,0.35,26.56,69.7,93.12,0.3,19.01
2022-04-01,3.28,26.06,74.11,93.14,0.39,19.78
2022-04-02,5.76,25.19,77.57,93.22,0.31,20.08
2022-04-03,7.07,25.2,77.57,93.13,0.31,20.14
2022-04-04,1.42,26.12,68.98,93.17,0.37,18.31
2022-04-05,3.23,25.41,71.13,93.34,0.35,18.28
2022-04-06,25.47,24.33,81.18,93.39,0.27,20.3
2022-04-07,1.49,25.62,74.32,93.24,0.31,19.75
2022-04-08,37.56,24.56,81.6,93.18,0.22,20.67
2022-04-09,30.66,23.95,86.26,93.12,0.33,21.19
2022-04-10,7.8,23.89,84.83,93.1,0.39,20.78
2022-04-11,18.13,24.18,84.66,93.0,0.25,21.05
2022-04-12,20.97,24.23,85.33,92.94,0.17,21.25
2022-04-13,17.26,23.56,87.46,92.91,0.31,21.13
2022-04-14,7.91,22.57,84.36,93.0,0.35,19.5
2022-04-15,1.67,23.85,84.88,92.99,0.36,20.85
2022-04-16,3.7,24.36,87.83,92.93,0.33,22.0
2022-04-17,7.56,24.33,89.08,93.0,0.35,22.25
2022-04-18,5.74,23.16,87.0,93.18,0.33,20.69
2022-04-19,3.32,23.45,88.0,93.26,0.35,21.19
2022-04-20,0.01,24.98,82.19,93.06,0.32,21.25
2022-04-21,0.48,25.04,83.22,92.97,0.19,21.56
2022-04-22,4.07,24.25,87.41,93.03,0.28,21.77
2022-04-23,29.79,23.62,83.87,93.14,0.27,20.38
2022-04-24,0.31,24.72,79.26,93.01,0.18,20.32
2022-04-25,0.01,24.73,80.83,92.98,0.22,20.53
2022-04-26,0.16,25.54,80.09,93.0,0.36,21.28
2022-04-27,0.5,25.44,78.6,92.98,0.27,20.77
2022-04-28,2.06,24.8,85.07,93.08,0.3,21.68
2022-04-29,1.01,25.34,86.08,93.08,0.3,22.49
2022-04-30,0.29,24.87,87.1,93.01,0.34,22.36
2022-05-01,5.64,24.67,88.5,92.93,0.43,22.46
2022-05-02,2.62,24.64,86.09,92.93,0.42,21.93
2022-05-03,1.74,24.37,90.45,92.95,0.31,22.59
2022-05-04,5.34,24.79,88.19,93.02,0.35,22.42
2022-05-05,2.9,24.04,89.59,93.02,0.44,22.09
2022-05-06,0.44,23.99,81.76,92.98,0.28,20.14
2022-05-07,0.65,24.52,83.93,92.92,0.45,21.24
2022-05-08,2.44,24.99,85.41,92.78,0.45,22.05
2022-05-09,7.35,24.05,91.61,92.76,0.55,22.53
2022-05-10,8.99,23.37,91.22,92.81,0.59,21.79
2022-05-11,9.23,23.38,89.07,92.9,0.58,21.34
2022-05-12,7.71,23.24,87.69,92.94,0.59,20.92
2022-05-13,6.34,22.71,89.85,92.92,0.49,20.86
2022-05-14,34.23,22.25,90.92,92.94,0.55,20.61
2022-05-15,16.7,22.78,91.5,92.99,0.68,21.24
2022-05-16,15.43,22.36,93.54,92.92,0.61,21.24
2022-05-17,15.66,23.4,90.88,92.82,0.46,21.72
2022-05-18,15.45,23.28,90.31,92.84,0.65,21.49
2022-05-19,16.87,22.68,89.44,93.04,0.57,20.74
2022-05-20,12.15,23.07,88.92,93.15,0.41,20.95
2022-05-21,6.15,23.3,90.42,93.08,0.44,21.52
2022-05-22,2.88,22.92,91.01,93.0,0.41,21.27
2022-05-23,12.71,23.55,92.02,92.86,0.48,22.09
2022-05-24,11.93,24.46,89.94,93.02,0.45,22.53
2022-05-25,11.37,24.42,90.15,93.11,0.3,22.54
2022-05-26,10.19,22.8,88.54,93.23,0.39,20.57
2022-05-27,6.03,22.74,87.77,93.19,0.39,20.41
2022-05-28,7.86,22.99,89.3,93.1,0.44,20.99
2022-05-29,14.1,23.03,88.86,93.08,0.31,20.92
2022-05-30,7.56,22.75,89.87,93.03,0.42,20.85
2022-05-31,5.54,22.81,89.6,92.98,0.55,20.86
2022-06-01,11.28,22.38,92.08,92.94,0.55,20.97
2022-06-02,7.07,23.11,89.61,92.94,0.45,21.19
2022-06-03,1.18,22.62,90.38,92.94,0.4,20.86
2022-06-04,2.33,23.83,88.71,92.88,0.36,21.66
2022-06-05,12.26,23.53,90.88,92.91,0.34,21.84
2022-06-06,8.02,23.86,87.44,92.93,0.31,21.37
2022-06-07,4.48,23.2,93.07,93.0,0.46,21.96
2022-06-08,1.3,23.17,90.34,93.05,0.48,21.4
2022-06-09,0.69,23.37,89.63,93.01,0.46,21.44
2022-06-10,9.65,23.02,89.35,93.07,0.44,21.05
2022-06-11,5.8,22.79,88.78,93.14,0.34,20.66
2022-06-12,13.93,20.87,89.31,93.12,0.17,18.93
2022-06-13,9.62,22.02,88.35,93.13,0.28,19.81
2022-06-14,4.09,22.52,90.22,93.11,0.43,20.7
2022-06-15,9.48,22.33,90.34,93.02,0.41,20.56
2022-06-16,18.25,22.36,91.45,92.93,0.43,20.79
2022-06-17,17.48,22.25,88.26,92.96,0.46,20.03
2022-06-18,6.73,22.2,89.88,92.98,0.41,20.34
2022-06-19,4.64,22.3,90.6,93.03,0.43,20.58
2022-06-20,4.92,22.41,87.86,92.99,0.39,20.12
2022-06-21,3.1,22.09,91.43,92.91,0.36,20.54
2022-06-22,3.32,22.38,88.66,92.99,0.37,20.26
2022-06-23,9.48,21.49,92.33,93.07,0.28,20.13
2022-06-24,16.62,22.02,91.82,93.1,0.4,20.52
2022-06-25,10.39,21.82,90.17,92.97,0.58,20.04
2022-06-26,1.72,22.11,89.25,92.98,0.45,20.11
2022-06-27,3.41,22.94,89.28,93.07,0.5,20.94
2022-06-28,11.57,22.3,90.92,93.06,0.5,20.65
2022-06-29,7.87,22.27,91.78,92.95,0.55,20.79
2022-06-30,23.94,21.71,93.45,92.97,0.59,20.56
2022-07-01,5.51,22.31,91.02,92.95,0.63,20.68
2022-07-02,5.14,21.79,93.19,92.88,0.61,20.59
2022-07-03,15.77,21.65,92.31,92.93,0.68,20.29
2022-07-04,10.33,21.37,92.46,92.96,0.74,20.05
2022-07-05,10.51,21.26,91.83,92.95,0.73,19.81
2022-07-06,12.34,21.35,92.04,93.02,0.55,19.93
2022-07-07,10.83,20.84,92.96,93.2,0.46,19.61
2022-07-08,12.11,21.31,90.93,93.15,0.67,19.68
2022-07-09,5.72,20.71,93.24,93.02,0.59,19.53
2022-07-10,11.87,21.22,92.32,93.06,0.64,19.86
2022-07-11,7.34,20.96,91.51,93.24,0.58,19.44
2022-07-12,4.93,21.02,92.94,93.2,0.52,19.78
2022-07-13,10.89,21.9,92.73,93.03,0.7,20.6
2022-07-14,6.66,22.03,91.91,92.94,0.7,20.58
2022-07-15,8.8,21.99,92.26,92.97,0.54,20.6
2022-07-16,8.72,22.09,92.76,93.03,0.38,20.8
2022-07-17,27.16,22.13,93.09,93.08,0.41,20.91
2022-07-18,31.18,20.92,92.4,93.14,0.53,19.58
2022-07-19,6.29,21.62,91.38,93.08,0.43,20.07
2022-07-20,3.58,22.1,95.67,92.99,0.51,21.35
2022-07-21,12.93,22.22,92.56,93.01,0.48,20.88
2022-07-22,6.74,21.8,92.29,93.06,0.51,20.42
2022-07-23,6.88,21.55,92.53,93.05,0.44,20.22
2022-07-24,14.32,21.27,92.64,93.03,0.36,19.96
2022-07-25,10.44,22.39,90.3,93.05,0.46,20.58
2022-07-26,6.14,21.88,90.72,93.07,0.5,20.18
2022-07-27,36.3,22.08,94.6,92.95,0.43,21.13
2022-07-28,11.99,23.09,90.16,93.0,0.34,21.22
2022-07-29,33.02,23.79,85.96,93.0,0.28,20.95
2022-07-30,27.36,23.82,87.92,92.93,0.45,21.4
2022-07-31,27.66,22.56,92.43,92.82,0.42,21.19
2022-08-01,62.12,22.19,95.61,92.77,0.69,21.42
2022-08-02,21.7,21.7,94.46,92.72,0.65,20.74
2022-08-03,11.24,22.1,95.7,92.68,0.64,21.36
2022-08-04,37.99,21.57,96.22,92.82,0.83,20.92
2022-08-05,7.03,21.58,94.66,93.02,0.71,20.66
2022-08-06,9.74,21.76,93.32,92.96,0.61,20.59
2022-08-07,8.12,21.05,94.46,92.93,0.61,20.09
2022-08-08,10.07,21.88,94.33,92.9,0.62,20.89
2022-08-09,4.55,21.9,92.74,92.91,0.67,20.61
2022-08-10,1.05,21.75,91.77,92.93,0.62,20.28
2022-08-11,2.2,22.0,91.58,93.01,0.55,20.48
2022-08-12,1.24,21.88,90.07,93.09,0.45,20.07
2022-08-13,0.01,21.66,91.68,93.08,0.34,20.14
2022-08-14,0.02,21.67,88.46,93.12,0.4,19.49
2022-08-15,0.0,23.01,87.14,93.13,0.43,20.5
2022-08-16,0.0,23.7,87.49,93.05,0.43,21.24
2022-08-17,0.02,22.89,91.08,93.12,0.43,21.27
2022-08-18,3.34,22.81,90.54,93.07,0.46,21.06
2022-08-19,5.34,22.04,91.43,93.08,0.48,20.49
2022-08-20,0.99,21.92,90.15,93.12,0.48,20.09
2022-08-21,8.53,21.78,91.16,93.09,0.43,20.18
2022-08-22,15.4,21.87,92.14,93.1,0.51,20.44
2022-08-23,6.48,21.29,92.62,93.1,0.5,19.99
2022-08-24,9.05,21.05,93.85,93.14,0.47,19.98
2022-08-25,5.47,21.35,93.72,92.99,0.55,20.26
2022-08-26,19.42,20.8,93.74,92.96,0.47,19.71
2022-08-27,23.3,20.0,94.12,92.99,0.5,18.99
2022-08-28,13.08,21.18,90.63,92.93,0.49,19.46
2022-08-29,22.98,21.3,93.87,92.93,0.54,20.23
2022-08-30,59.85,21.92,93.22,92.93,0.45,20.71
2022-08-31,45.84,22.39,90.15,92.87,0.26,20.58
2022-09-01,17.71,22.19,90.26,92.91,0.42,20.37
2022-09-02,2.72,22.15,92.56,92.99,0.61,20.82
2022-09-03,8.55,22.86,91.52,92.99,0.44,21.28
2022-09-04,12.98,22.57,92.86,92.98,0.31,21.29
2022-09-05,21.16,23.31,90.7,92.92,0.35,21.54
2022-09-06,17.93,21.82,91.19,92.95,0.41,20.21
2022-09-07,18.31,21.42,93.84,93.05,0.69,20.36
2022-09-08,5.99,21.18,93.12,93.07,0.5,19.99
2022-09-09,9.11,21.35,94.86,93.04,0.47,20.47
2022-09-10,7.92,21.95,92.86,93.07,0.41,20.67
2022-09-11,5.35,21.81,93.01,93.06,0.47,20.56
2022-09-12,2.86,21.93,91.65,93.04,0.48,20.41
2022-09-13,4.0,21.77,90.81,93.18,0.36,20.08
2022-09-14,1.53,22.28,90.56,93.31,0.33,20.53
2022-09-15,0.07,22.37,88.32,93.35,0.34,20.17
2022-09-16,0.58,22.06,90.89,93.18,0.37,20.39
2022-09-17,3.02,22.54,90.16,93.16,0.4,20.68
2022-09-18,2.66,22.17,91.95,93.21,0.37,20.7
2022-09-19,1.22,22.16,92.26,93.2,0.43,20.77
2022-09-20,0.34,22.32,89.71,93.17,0.4,20.4
2022-09-21,0.03,22.45,88.43,93.14,0.41,20.26
2022-09-22,0.05,22.08,87.75,93.2,0.44,19.78
2022-09-23,0.02,22.05,87.62,93.24,0.41,19.73
2022-09-24,0.03,21.89,88.79,93.18,0.4,19.78
2022-09-25,0.78,22.31,87.89,93.03,0.42,19.99
2022-09-26,1.64,22.78,89.32,93.08,0.48,20.75
2022-09-27,0.05,22.83,85.78,93.03,0.49,20.04
2022-09-28,0.86,22.37,87.72,92.99,0.46,20.02
2022-09-29,1.02,21.71,91.6,93.0,0.34,20.18
2022-09-30,2.59,21.62,91.2,93.12,0.4,20.01
2022-10-01,1.97,20.96,90.05,93.16,0.37,19.15
2022-10-02,15.37,21.37,90.35,93.1,0.46,19.58
2022-10-03,6.95,21.59,90.06,93.05,0.54,19.75
2022-10-04,2.03,22.35,91.57,92.99,0.5,20.81
2022-10-05,1.22,21.17,90.62,93.01,0.39,19.47
2022-10-06,0.16,21.37,90.07,92.98,0.37,19.54
2022-10-07,0.71,21.74,86.49,93.04,0.33,19.1
2022-10-08,0.76,22.01,86.62,93.06,0.36,19.37
2022-10-09,10.72,22.47,90.94,93.08,0.36,20.75
2022-10-10,11.94,21.33,89.79,93.18,0.32,19.45
2022-10-11,13.87,22.79,85.49,93.12,0.28,19.94
2022-10-12,11.36,23.23,88.19,93.12,0.36,20.94
2022-10-13,11.51,23.3,89.85,93.08,0.34,21.36
2022-10-14,9.9,22.55,90.11,93.05,0.28,20.71
2022-10-15,9.52,21.79,92.43,92.97,0.21,20.41
2022-10-16,17.18,22.92,89.63,93.12,0.33,20.93
2022-10-17,7.79,22.6,92.19,93.28,0.42,21.17
2022-10-18,14.5,21.61,95.74,93.32,0.4,20.89
2022-10-19,4.55,22.11,90.03,93.23,0.32,20.24
2022-10-20,13.16,22.39,90.91,93.24,0.36,20.69
2022-10-21,17.39,22.63,90.21,93.33,0.27,20.82
2022-10-22,1.28,22.86,86.3,93.38,0.22,20.23
2022-10-23,5.84,22.41,88.05,93.33,0.32,20.11
2022-10-24,4.32,22.43,90.49,93.24,0.33,20.66
2022-10-25,0.37,22.63,86.46,93.22,0.3,19.96
2022-10-26,0.12,23.07,83.6,93.28,0.33,19.76
2022-10-27,1.09,22.71,82.3,93.26,0.37,19.14
2022-10-28,2.5,22.09,79.58,93.17,0.36,17.99
2022-10-29,3.9,22.14,85.4,93.13,0.23,19.23
2022-10-30,4.6,22.46,88.35,93.15,0.2,20.27
2022-10-31,10.11,22.25,90.71,93.18,0.2,20.55
2022-11-01,22.63,21.51,94.89,93.23,0.33,20.62
2022-11-02,6.95,21.57,90.25,93.19,0.27,19.77
2022-11-03,16.8,21.91,90.74,93.12,0.18,20.19
2022-11-04,22.35,21.9,90.17,93.25,0.21,20.1
2022-11-05,11.36,21.82,89.81,93.38,0.24,19.9
2022-11-06,11.86,22.06,88.49,93.41,0.26,19.87
2022-11-07,2.04,22.64,87.8,93.34,0.22,20.27
2022-11-08,4.8,22.38,86.77,93.31,0.21,19.85
2022-11-09,3.69,22.19,87.3,93.29,0.18,19.75
2022-11-10,1.82,22.3,86.09,93.22,0.27,19.62
2022-11-11,22.09,20.99,92.28,93.22,0.21,19.59
2022-11-12,27.53,21.17,95.49,93.17,0.29,20.38
2022-11-13,10.96,21.01,95.19,93.14,0.32,20.17
2022-11-14,17.81,21.95,87.71,93.32,0.26,19.59
2022-11-15,2.3,22.09,89.27,93.32,0.29,20.09
2022-11-16,2.01,22.7,87.95,93.22,0.34,20.42
2022-11-17,1.36,22.13,90.39,93.18,0.23,20.38
2022-11-18,0.13,21.27,83.47,93.24,0.29,18.03
2022-11-19,0.0,20.17,83.32,93.21,0.33,16.96
2022-11-20,0.0,20.81,80.63,93.1,0.34,17.06
2022-11-21,0.0,21.24,87.01,93.11,0.38,18.77
2022-11-22,0.0,21.32,86.9,93.15,0.36,18.8
2022-11-23,0.0,21.34,87.9,93.2,0.37,19.05
2022-11-24,0.0,22.01,88.35,93.18,0.26,19.79
2022-11-25,0.0,22.43,87.0,93.23,0.2,19.92
2022-11-26,0.1,22.69,85.27,93.18,0.22,19.77
2022-11-27,14.83,22.71,88.76,93.03,0.33,20.57
2022-11-28,16.82,22.91,90.07,93.05,0.28,21.02
2022-11-29,10.24,22.55,91.17,93.11,0.23,20.93
2022-11-30,3.43,21.77,88.03,93.2,0.16,19.52
2022-12-01,0.65,21.73,87.83,93.15,0.22,19.43
2022-12-02,1.19,22.64,86.9,93.13,0.15,20.11
2022-12-03,4.38,22.24,88.89,93.15,0.21,20.17
2022-12-04,14.59,22.25,89.14,93.21,0.17,20.2
2022-12-05,1.36,21.8,89.76,93.25,0.24,19.91
2022-12-06,0.0,22.32,84.82,93.2,0.19,19.4
2022-12-07,0.0,21.79,84.22,93.17,0.22,18.83
2022-12-08,2.02,20.76,86.68,93.13,0.33,18.23
2022-12-09,11.69,19.59,88.55,93.01,0.39,17.58
2022-12-10,15.26,20.13,90.86,92.9,0.46,18.49
2022-12-11,20.24,21.57,93.52,93.02,0.59,20.42
2022-12-12,11.4,21.68,90.97,93.07,0.36,20.03
2022-12-13,3.17,21.76,88.03,93.17,0.35,19.49
2022-12-14,17.1,21.86,87.27,93.25,0.25,19.41
2022-12-15,1.16,21.5,85.54,93.17,0.25,18.67
2022-12-16,0.0,20.41,81.88,93.14,0.31,16.68
2022-12-17,0.0,20.52,85.16,93.18,0.3,17.75
2022-12-18,0.0,21.41,86.21,93.11,0.27,18.82
2022-12-19,0.04,20.59,82.39,93.03,0.28,17.13
2022-12-20,0.19,20.96,88.85,93.01,0.24,18.97
2022-12-21,0.0,22.07,84.01,93.05,0.28,18.99
2022-12-22,0.0,21.44,81.7,93.09,0.37,17.96
2022-12-23,0.0,21.15,78.29,93.09,0.37,16.87
2022-12-24,0.0,22.27,84.26,93.17,0.35,19.28
2022-12-25,7.16,21.97,89.21,93.16,0.26,19.99
2022-12-26,6.26,22.57,89.56,93.23,0.26,20.61
2022-12-27,2.68,22.52,89.1,93.35,0.39,20.48
2022-12-28,0.36,22.31,86.78,93.49,0.24,19.77
2022-12-29,0.0,21.74,84.06,93.62,0.31,18.66
2022-12-30,0.0,20.73,81.8,93.68,0.23,17.1
2022-12-31,0.0,20.4,78.53,93.67,0.34,16.09
2023-01-01,0.0,19.83,80.82,93.59,0.37,16.02
2023-01-02,0.0,19.29,80.28,93.54,0.32,15.35
2023-01-03,0.0,19.4,82.67,93.56,0.34,16.05
2023-01-04,0.0,20.42,80.85,93.46,0.27,16.68
2023-01-05,0.0,20.19,80.3,93.47,0.28,16.3
2023-01-06,0.0,20.82,83.46,93.55,0.34,17.69
2023-01-07,0.0,20.55,82.06,93.48,0.36,17.19
2023-01-08,0.0,21.16,82.66,93.42,0.32,17.83
2023-01-09,0.0,21.27,82.14,93.51,0.27,17.82
2023-01-10,0.0,19.35,76.62,93.49,0.33,14.61
2023-01-11,0.0,19.05,77.71,93.38,0.3,14.51
2023-01-12,0.0,19.01,76.23,93.28,0.39,14.25
2023-01-13,0.0,19.5,72.76,93.32,0.44,14.01
2023-01-14,0.0,19.52,76.31,93.31,0.43,14.74
2023-01-15,0.0,20.49,73.73,93.25,0.41,15.23
2023-01-16,0.0,20.62,75.01,93.27,0.35,15.65
2023-01-17,0.0,20.19,77.81,93.33,0.22,15.65
2023-01-18,0.0,19.4,78.65,93.41,0.28,15.06
2023-01-19,0.0,19.16,75.48,93.41,0.35,14.12
2023-01-20,0.0,19.38,76.62,93.39,0.36,14.73
2023-01-21,0.0,19.98,77.79,93.35,0.31,15.49
2023-01-22,0.0,19.71,79.2,93.26,0.29,15.7
2023-01-23,1.72,21.11,82.07,93.21,0.18,17.68
2023-01-24,11.03,21.21,88.58,93.26,0.26,19.05
2023-01-25,0.25,21.81,80.09,93.22,0.24,17.77
2023-01-26,0.0,20.91,77.06,93.22,0.3,16.2
2023-01-27,0.0,20.11,75.01,93.23,0.32,14.95
2023-01-28,0.0,19.49,70.17,93.19,0.4,13.1
2023-01-29,0.0,19.86,74.0,93.12,0.34,14.29
2023-01-30,1.3,21.73,82.28,93.18,0.2,18.17
2023-01-31,1.03,22.29,79.11,93.16,0.34,18.05
2023-02-01,0.01,20.76,75.8,93.19,0.4,15.87
2023-02-02,4.33,21.22,79.6,93.18,0.37,17.07
2023-02-03,4.64,21.75,83.68,93.2,0.19,18.47
2023-02-04,2.23,22.16,82.06,93.15,0.3,18.53
2023-02-05,0.01,22.17,68.97,93.16,0.29,15.18
2023-02-06,0.01,21.99,66.55,93.21,0.4,14.84
2023-02-07,0.0,22.68,63.16,93.21,0.4,14.48
2023-02-08,0.0,22.12,67.66,93.21,0.45,15.02
2023-02-09,0.0,22.15,64.98,93.3,0.4,14.4
2023-02-10,0.0,21.54,64.51,93.34,0.52,13.64
2023-02-11,0.0,21.36,61.13,93.38,0.41,12.28
2023-02-12,0.0,21.78,56.21,93.39,0.46,11.2
2023-02-13,0.0,21.01,54.44,93.38,0.44,9.95
2023-02-14,0.0,21.91,55.33,93.36,0.36,10.82
2023-02-15,0.0,22.7,54.5,93.22,0.42,11.61
2023-02-16,0.0,21.79,56.73,93.25,0.43,11.33
2023-02-17,0.0,21.99,56.25,93.28,0.31,11.15
2023-02-18,0.0,22.28,59.49,93.33,0.36,12.26
2023-02-19,0.0,23.32,57.68,93.35,0.37,12.93
2023-02-20,0.0,23.87,63.14,93.34,0.51,14.97
2023-02-21,0.0,24.14,63.5,93.37,0.35,15.08
2023-02-22,0.0,22.77,54.36,93.35,0.4,11.27
2023-02-23,0.0,22.15,53.73,93.29,0.36,10.39
2023-02-24,0.0,23.65,59.64,93.35,0.42,13.59
2023-02-25,0.0,23.81,54.28,93.5,0.44,11.67
2023-02-26,0.0,22.44,49.15,93.56,0.41,8.87
2023-02-27,0.0,21.87,52.52,93.54,0.24,9.51
2023-02-28,0.23,22.55,63.32,93.53,0.18,14.51
2023-03-01,0.14,24.23,66.07,93.5,0.29,16.72
2023-03-02,0.07,24.23,57.31,93.58,0.31,13.38
2023-03-03,0.0,22.8,48.45,93.61,0.35,8.98
2023-03-04,0.0,23.91,53.28,93.59,0.29,12.18
2023-03-05,3.31,24.21,66.32,93.54,0.27,16.69
2023-03-06,0.01,24.27,56.62,93.42,0.29,12.96
2023-03-07,0.0,24.37,54.76,93.37,0.3,12.12
2023-03-08,0.0,24.31,58.08,93.33,0.23,13.71
2023-03-09,0.0,23.86,58.32,93.33,0.2,13.66
2023-03-10,0.0,24.2,57.13,93.29,0.29,13.79
2023-03-11,0.0,24.74,56.93,93.29,0.32,14.18
2023-03-12,0.0,25.08,55.11,93.27,0.31,13.5
2023-03-13,0.0,25.4,60.89,93.18,0.3,15.95
2023-03-14,0.0,25.6,54.97,93.12,0.41,13.82
2023-03-15,1.29,25.93,64.98,93.09,0.4,17.11
2023-03-16,2.24,25.63,70.13,93.16,0.32,18.57
2023-03-17,13.42,25.62,73.7,93.13,0.23,19.61
2023-03-18,4.27,25.07,75.95,93.12,0.34,19.53
2023-03-19,3.39,24.81,78.68,93.06,0.42,20.3
2023-03-20,2.66,24.28,77.3,93.06,0.43,19.43
2023-03-21,1.37,23.84,73.42,93.1,0.4,18.0
2023-03-22,0.16,24.66,62.0,93.09,0.41,14.48
2023-03-23,0.41,24.81,68.04,93.09,0.32,17.22
2023-03-24,2.23,25.19,72.83,93.09,0.38,19.08
2023-03-25,3.22,25.17,75.49,93.18,0.23,19.73
2023-03-26,9.07,25.23,74.86,93.18,0.37,19.59
2023-03-27,2.74,24.89,78.15,93.15,0.3,20.3
2023-03-28,1.05,26.01,73.36,93.13,0.34,20.03
2023-03-29,0.25,25.65,73.57,93.22,0.34,19.7
2023-03-30,3.28,26.35,66.95,93.14,0.43,18.05
2023-03-31,3.05,26.22,69.74,93.09,0.39,19.01
2023-04-01,0.97,25.88,67.82,93.12,0.36,18.48
2023-04-02,4.43,24.89,76.38,93.09,0.37,19.66
2023-04-03,4.69,23.89,82.52,93.08,0.36,20.36
2023-04-04,4.91,24.68,78.8,93.14,0.35,20.03
2023-04-05,0.21,25.38,73.24,93.12,0.29,19.26
2023-04-06,1.54,26.27,70.48,93.12,0.27,19.29
2023-04-07,1.17,26.11,67.11,93.25,0.24,18.12
2023-04-08,0.35,25.86,61.37,93.39,0.34,16.59
2023-04-09,1.15,25.92,65.23,93.38,0.28,17.33
2023-04-10,1.84,26.23,63.9,93.26,0.29,17.1
2023-04-11,1.55,26.4,63.95,93.28,0.37,17.59
2023-04-12,0.0,26.81,63.03,93.26,0.3,17.67
2023-04-13,0.0,27.36,57.55,93.25,0.38,15.63
2023-04-14,0.0,26.29,63.57,93.28,0.37,16.84
2023-04-15,0.0,27.31,60.54,93.16,0.31,16.57
2023-04-16,0.0,25.51,61.8,93.09,0.25,16.19
2023-04-17,0.0,26.69,59.88,93.09,0.33,16.45
2023-04-18,0.01,27.87,62.16,93.17,0.28,17.74
2023-04-19,0.06,27.01,66.51,93.06,0.36,18.43
2023-04-20,0.23,26.94,70.57,92.89,0.43,20.16
2023-04-21,1.08,26.67,72.27,92.86,0.45,20.4
2023-04-22,0.74,27.22,67.57,92.86,0.42,19.56
2023-04-23,1.0,27.01,70.79,92.88,0.43,20.34
2023-04-24,3.94,26.91,72.87,92.98,0.28,20.73
2023-04-25,11.38,25.43,77.19,93.07,0.29,20.42
2023-04-26,26.04,23.65,89.83,93.08,0.32,21.81
2023-04-27,18.9,25.52,77.4,93.07,0.18,20.57
2023-04-28,12.01,25.0,74.47,93.12,0.31,19.33
2023-04-29,30.73,24.66,81.98,93.07,0.2,20.98
2023-04-30,5.89,24.76,83.56,92.92,0.22,21.4
2023-05-01,21.02,23.35,92.01,92.95,0.3,21.9
2023-05-02,14.64,23.78,88.99,93.04,0.38,21.72
2023-05-03,7.56,23.08,89.15,93.16,0.37,21.07
2023-05-04,1.29,22.93,88.06,93.15,0.29,20.64
2023-05-05,0.77,23.44,83.86,93.03,0.39,20.25
2023-05-06,4.32,23.56,82.56,93.0,0.36,20.02
2023-05-07,3.67,22.9,84.28,93.05,0.46,19.85
2023-05-08,7.75,23.75,80.53,93.0,0.39,19.76
2023-05-09,6.41,24.78,79.86,93.01,0.34,20.5
2023-05-10,3.43,24.69,87.17,92.99,0.36,22.16
2023-05-11,3.13,24.98,85.5,93.07,0.46,22.1
2023-05-12,1.4,23.29,82.77,93.2,0.32,19.97
2023-05-13,0.07,24.42,81.73,93.23,0.43,20.77
2023-05-14,0.03,24.7,86.36,93.15,0.41,22.11
2023-05-15,0.01,24.99,86.22,93.17,0.36,22.36
2023-05-16,0.01,26.21,79.31,93.19,0.37,21.85
2023-05-17,3.45,26.19,80.41,93.22,0.34,22.04
2023-05-18,1.62,26.01,80.35,93.29,0.36,21.73
2023-05-19,0.84,24.57,88.49,93.25,0.32,22.43
2023-05-20,2.2,25.44,81.7,93.19,0.38,21.62
2023-05-21,5.0,25.62,80.62,93.22,0.33,21.53
2023-05-22,6.96,24.91,85.66,93.27,0.29,22.04
2023-05-23,0.21,25.33,78.5,93.32,0.32,20.57
2023-05-24,4.04,24.96,84.62,93.33,0.35,21.91
2023-05-25,3.15,25.03,84.01,93.37,0.44,21.82
2023-05-26,5.38,24.76,84.42,93.4,0.44,21.67
2023-05-27,2.96,24.06,87.66,93.24,0.43,21.7
2023-05-28,1.05,24.48,88.18,93.12,0.45,22.24
2023-05-29,0.85,25.1,84.95,93.07,0.31,22.11
2023-05-30,2.63,25.13,83.66,93.17,0.37,21.77
2023-05-31,2.92,24.92,80.28,93.18,0.29,20.83
2023-06-01,0.19,24.2,85.89,93.17,0.48,21.49
2023-06-02,5.18,24.61,84.02,93.17,0.39,21.41
2023-06-03,0.99,25.1,79.36,93.15,0.38,20.75
2023-06-04,2.28,24.5,86.09,93.12,0.36,21.81
2023-06-05,7.62,23.89,89.99,93.12,0.49,22.03
2023-06-06,5.3,24.28,85.13,93.12,0.43,21.34
2023-06-07,18.39,23.97,89.37,93.08,0.64,21.99
2023-06-08,5.18,24.1,85.96,93.15,0.59,21.4
2023-06-09,5.5,24.06,87.57,93.08,0.55,21.69
2023-06-10,3.54,23.85,85.6,93.07,0.52,21.1
2023-06-11,1.3,24.16,86.18,93.02,0.47,21.53
2023-06-12,16.2,24.13,90.2,93.03,0.49,22.31
2023-06-13,7.88,23.9,88.84,93.09,0.46,21.81
2023-06-14,3.49,23.36,86.37,93.21,0.46,20.75
2023-06-15,0.79,24.09,87.14,93.16,0.55,21.62
2023-06-16,0.59,24.34,84.75,93.14,0.68,21.36
2023-06-17,15.08,23.6,89.24,93.14,0.55,21.62
2023-06-18,16.46,23.48,90.02,93.13,0.42,21.63
2023-06-19,1.34,23.46,82.73,93.02,0.4,19.99
2023-06-20,11.38,23.24,87.07,92.95,0.36,20.75
2023-06-21,14.41,23.39,88.05,93.01,0.36,21.09
2023-06-22,6.31,23.53,86.02,93.04,0.41,20.8
2023-06-23,0.67,22.77,86.91,93.09,0.42,20.29
2023-06-24,0.44,22.7,88.27,93.06,0.33,20.5
2023-06-25,10.28,22.89,88.23,93.06,0.49,20.68
2023-06-26,2.17,22.12,86.83,93.11,0.34,19.62
2023-06-27,18.9,21.65,90.61,93.17,0.31,19.91
2023-06-28,5.01,22.26,88.94,93.25,0.33,20.18
2023-06-29,9.6,23.04,88.71,93.29,0.43,20.91
2023-06-30,6.45,22.83,88.58,93.25,0.34,20.68
2023-07-01,2.04,23.26,89.2,93.25,0.44,21.22
2023-07-02,22.43,21.8,87.55,93.28,0.49,19.48
2023-07-03,41.4,22.06,92.32,93.18,0.68,20.69
2023-07-04,28.27,22.44,89.68,93.07,0.81,20.57
2023-07-05,36.22,22.03,91.98,93.0,0.83,20.61
2023-07-06,15.44,22.41,91.36,93.11,0.71,20.86
2023-07-07,15.68,22.08,90.69,93.27,0.51,20.39
2023-07-08,8.22,22.17,89.66,93.29,0.41,20.26
2023-07-09,2.51,22.3,88.81,93.18,0.39,20.24
2023-07-10,14.16,23.12,90.02,93.12,0.35,21.24
2023-07-11,7.74,22.5,91.99,93.13,0.27,21.05
2023-07-12,1.87,22.74,89.02,93.15,0.4,20.69
2023-07-13,3.84,21.96,89.86,93.22,0.38,20.05
2023-07-14,0.7,21.88,90.57,93.29,0.43,20.15
2023-07-15,1.39,22.5,89.21,93.24,0.39,20.49
2023-07-16,3.51,22.82,91.45,93.18,0.38,21.26
2023-07-17,1.14,22.79,91.97,93.16,0.46,21.34
2023-07-18,4.45,22.91,91.55,93.17,0.63,21.37
2023-07-19,5.76,22.93,90.22,93.1,0.69,21.12
2023-07-20,2.84,22.96,91.77,93.08,0.56,21.47
2023-07-21,1.45,22.58,91.7,93.16,0.63,21.09
2023-07-22,6.87,21.94,91.26,93.28,0.67,20.37
2023-07-23,24.22,21.28,92.71,93.28,0.58,20.0
2023-07-24,14.9,21.49,92.68,93.22,0.49,20.17
2023-07-25,7.52,21.52,92.98,93.25,0.39,20.27
2023-07-26,5.31,21.69,91.39,93.34,0.53,20.14
2023-07-27,0.8,22.14,89.38,93.38,0.54,20.19
2023-07-28,0.17,22.03,88.33,93.32,0.49,19.87
2023-07-29,0.02,22.55,88.88,93.27,0.58,20.48
2023-07-30,0.02,22.71,88.43,93.21,0.59,20.55
2023-07-31,0.09,22.93,88.54,93.2,0.6,20.79
2023-08-01,0.04,22.97,88.52,93.23,0.57,20.82
2023-08-02,0.49,22.58,89.6,93.31,0.45,20.66
2023-08-03,1.64,22.97,89.17,93.28,0.54,20.94
2023-08-04,1.74,23.16,89.05,93.4,0.52,21.1
2023-08-05,0.26,22.86,88.75,93.46,0.57,20.76
2023-08-06,2.19,23.13,88.37,93.33,0.52,20.93
2023-08-07,1.12,23.29,89.07,93.17,0.48,21.21
2023-08-08,18.62,23.04,89.62,93.19,0.42,21.1
2023-08-09,6.33,22.62,91.2,93.3,0.34,21.0
2023-08-10,5.0,23.04,89.89,93.29,0.39,21.13
2023-08-11,7.2,23.39,89.37,93.22,0.46,21.36
2023-08-12,13.36,22.89,89.77,93.26,0.5,20.99
2023-08-13,5.66,23.38,87.4,93.22,0.5,20.96
2023-08-14,0.17,22.29,89.58,93.25,0.41,20.38
2023-08-15,0.7,22.45,87.57,93.25,0.4,20.11
2023-08-16,0.12,22.72,85.56,93.28,0.35,19.88
2023-08-17,0.05,22.94,87.43,93.29,0.42,20.54
2023-08-18,0.97,22.76,88.61,93.23,0.49,20.62
2023-08-19,0.86,22.72,87.87,93.18,0.5,20.43
2023-08-20,0.66,23.4,87.52,93.12,0.51,21.02
2023-08-21,0.25,23.76,87.08,93.02,0.48,21.26
2023-08-22,2.78,23.64,88.69,93.03,0.43,21.49
2023-08-23,5.97,23.27,87.53,93.09,0.4,20.86
2023-08-24,1.21,23.18,86.53,93.1,0.4,20.56
2023-08-25,0.0,23.06,86.0,93.11,0.35,20.36
2023-08-26,0.0,23.56,85.41,93.17,0.34,20.7
2023-08-27,0.0,23.94,86.34,93.23,0.42,21.27
2023-08-28,3.36,23.68,87.09,93.19,0.35,21.18
2023-08-29,17.77,23.05,88.89,93.11,0.46,20.96
2023-08-30,14.22,21.89,91.42,93.17,0.48,20.34
2023-08-31,4.95,22.59,88.79,93.16,0.38,20.48
2023-09-01,22.47,23.49,88.39,93.14,0.41,21.24
2023-09-02,18.41,22.6,89.0,93.18,0.47,20.56
2023-09-03,26.61,21.81,89.49,93.13,0.54,19.89
2023-09-04,7.47,21.69,91.62,93.0,0.51,20.19
2023-09-05,4.28,21.5,93.31,93.02,0.48,20.33
2023-09-06,7.65,21.78,89.3,93.13,0.33,19.79
2023-09-07,7.14,21.65,89.83,93.22,0.4,19.79
2023-09-08,2.61,21.98,88.72,93.29,0.38,19.87
2023-09-09,6.71,22.35,89.82,93.25,0.45,20.46
2023-09-10,11.17,21.49,86.41,93.22,0.51,18.92
2023-09-11,7.21,21.41,88.63,93.24,0.46,19.32
2023-09-12,1.21,22.17,90.37,93.24,0.43,20.4
2023-09-13,1.92,22.84,90.35,93.21,0.4,21.05
2023-09-14,8.29,22.16,89.96,93.23,0.35,20.28
2023-09-15,4.64,21.47,91.04,93.29,0.37,19.84
2023-09-16,9.06,22.5,90.34,93.26,0.38,20.7
2023-09-17,12.1,22.78,92.4,93.15,0.35,21.4
2023-09-18,24.77,22.86,91.25,93.13,0.4,21.24
2023-09-19,17.95,23.18,90.91,93.22,0.46,21.49
2023-09-20,10.32,22.76,90.23,93.25,0.4,20.94
2023-09-21,15.31,22.12,90.41,93.24,0.3,20.33
2023-09-22,10.65,22.68,91.29,93.21,0.35,21.05
2023-09-23,9.25,22.61,91.7,93.22,0.42,21.1
2023-09-24,7.27,22.49,91.43,93.25,0.38,20.92
2023-09-25,2.49,22.74,89.67,93.14,0.43,20.82
2023-09-26,5.5,22.69,88.38,93.14,0.38,20.49
2023-09-27,9.23,22.01,87.79,93.21,0.4,19.7
2023-09-28,16.06,22.13,89.01,93.22,0.4,20.06
2023-09-29,24.96,21.6,92.95,93.25,0.5,20.34
2023-09-30,34.35,22.21,90.82,93.31,0.56,20.51
2023-10-01,14.59,22.72,92.11,93.28,0.52,21.28
2023-10-02,11.38,23.1,91.41,93.3,0.55,21.51
2023-10-03,2.67,23.15,89.87,93.31,0.4,21.24
2023-10-04,3.3,23.05,89.33,93.3,0.35,21.01
2023-10-05,2.09,23.19,88.44,93.24,0.38,20.96
2023-10-06,1.34,23.0,86.72,93.18,0.34,20.4
2023-10-07,0.0,23.38,84.27,93.15,0.3,20.2
2023-10-08,11.59,23.69,87.73,93.25,0.27,21.31
2023-10-09,3.37,23.65,87.9,93.37,0.31,21.29
2023-10-10,2.1,23.63,89.64,93.34,0.34,21.65
2023-10-11,25.64,23.26,90.69,93.31,0.41,21.52
2023-10-12,7.26,22.46,95.63,93.31,0.39,21.71
2023-10-13,11.3,22.64,94.27,93.38,0.3,21.64
2023-10-14,37.94,23.08,90.12,93.38,0.29,21.22
2023-10-15,38.82,22.33,91.9,93.31,0.29,20.85
2023-10-16,4.34,22.46,90.95,93.31,0.25,20.8
2023-10-17,12.89,22.85,89.51,93.34,0.36,20.88
2023-10-18,2.0,23.35,84.45,93.41,0.27,20.21
2023-10-19,2.57,23.3,86.04,93.4,0.25,20.56
2023-10-20,5.66,23.3,85.53,93.38,0.27,20.49
2023-10-21,4.09,23.57,84.21,93.38,0.19,20.44
2023-10-22,2.76,22.88,87.14,93.43,0.26,20.36
2023-10-23,10.95,22.86,90.06,93.37,0.3,21.01
2023-10-24,15.1,23.16,88.56,93.33,0.23,20.98
2023-10-25,16.19,23.57,88.94,93.38,0.31,21.46
2023-10-26,11.4,23.63,89.49,93.4,0.19,21.59
2023-10-27,2.74,23.19,88.5,93.29,0.23,20.96
2023-10-28,3.34,23.44,88.54,93.26,0.21,21.22
2023-10-29,13.9,22.59,90.25,93.29,0.19,20.78
2023-10-30,17.7,21.84,91.64,93.28,0.22,20.34
2023-10-31,7.6,22.36,88.91,93.32,0.19,20.27
2023-11-01,9.99,22.84,89.53,93.3,0.29,20.83
2023-11-02,3.49,22.73,89.56,93.25,0.25,20.78
2023-11-03,12.85,22.92,89.72,93.14,0.21,20.95
2023-11-04,45.38,22.64,94.26,93.1,0.34,21.61
2023-11-05,15.9,21.72,93.4,93.29,0.36,20.58
2023-11-06,16.76,23.1,86.43,93.38,0.28,20.43
2023-11-07,17.73,22.54,94.56,93.33,0.23,21.58
2023-11-08,25.07,22.67,89.62,93.33,0.27,20.76
2023-11-09,16.49,22.45,88.16,93.38,0.24,20.25
2023-11-10,4.71,22.57,88.51,93.45,0.22,20.38
2023-11-11,2.43,23.07,89.48,93.44,0.19,21.09
2023-11-12,0.34,22.33,86.06,93.47,0.2,19.69
2023-11-13,0.59,21.9,84.29,93.41,0.3,18.96
2023-11-14,6.31,21.32,91.76,93.31,0.36,19.83
2023-11-15,7.37,22.01,85.7,93.32,0.29,19.31
2023-11-16,3.66,22.79,91.94,93.34,0.24,21.34
2023-11-17,4.33,23.47,90.05,93.33,0.21,21.63
2023-11-18,3.34,23.55,89.13,93.3,0.22,21.48
2023-11-19,1.89,22.85,88.27,93.33,0.27,20.63
2023-11-20,0.05,22.91,85.54,93.28,0.24,20.13
2023-11-21,9.72,23.31,89.28,93.25,0.26,21.3
2023-11-22,21.91,23.22,90.98,93.18,0.27,21.53
2023-11-23,5.72,22.59,95.97,93.1,0.26,21.9
2023-11-24,3.01,22.84,89.58,93.16,0.36,20.89
2023-11-25,7.03,22.66,91.46,93.25,0.25,21.1
2023-11-26,2.53,22.9,89.77,93.27,0.32,21.01
2023-11-27,4.94,23.13,87.84,93.23,0.25,20.83
2023-11-28,2.4,23.3,87.85,93.13,0.23,20.96
2023-11-29,1.68,23.06,87.78,93.15,0.19,20.73
2023-11-30,4.64,22.55,87.06,93.23,0.23,20.1
2023-12-01,5.0,22.92,87.56,93.19,0.15,20.52
2023-12-02,3.92,22.72,90.55,93.12,0.25,20.93
2023-12-03,8.36,23.51,91.35,93.07,0.33,21.88
2023-12-04,1.49,24.04,89.98,93.0,0.32,22.13
2023-12-05,0.12,23.47,89.54,93.04,0.26,21.5
2023-12-06,0.04,23.36,86.33,93.15,0.27,20.66
2023-12-07,6.26,23.77,88.63,93.2,0.3,21.57
2023-12-08,23.38,23.39,92.71,93.22,0.21,22.06
2023-12-09,10.29,22.73,94.54,93.27,0.19,21.76
2023-12-10,2.37,23.14,88.76,93.25,0.23,21.0
2023-12-11,0.87,21.82,90.29,93.27,0.28,20.02
2023-12-12,7.13,22.34,89.49,93.18,0.26,20.37
2023-12-13,0.2,22.25,86.75,93.19,0.26,19.73
2023-12-14,0.0,21.16,84.47,93.32,0.36,18.2
2023-12-15,0.02,22.25,87.75,93.31,0.24,19.99
2023-12-16,1.18,22.89,87.99,93.25,0.14,20.63
2023-12-17,43.0,21.97,94.02,93.17,0.27,20.93
2023-12-18,9.77,20.91,92.43,93.26,0.54,19.6
2023-12-19,1.32,20.01,89.46,93.32,0.52,18.17
2023-12-20,2.53,21.85,87.15,93.35,0.35,19.49
2023-12-21,2.63,22.41,89.42,93.36,0.29,20.45
2023-12-22,0.23,22.74,86.39,93.39,0.22,20.12
2023-12-23,0.0,20.73,88.44,93.46,0.26,18.64
2023-12-24,0.15,21.41,86.01,93.52,0.32,18.81
2023-12-25,1.27,22.7,87.57,93.43,0.35,20.38
2023-12-26,0.05,21.57,83.54,93.45,0.39,18.43
2023-12-27,0.01,21.44,84.91,93.43,0.41,18.61
2023-12-28,0.02,22.42,85.67,93.34,0.37,19.76
2023-12-29,0.15,22.64,86.23,93.37,0.42,20.09
2023-12-30,0.09,22.66,84.84,93.35,0.36,19.77
2023-12-31,0.02,21.64,83.92,93.38,0.34,18.56
2024-01-01,0.0,22.04,84.56,93.43,0.2,19.0
2024-01-02,1.66,22.03,85.84,93.37,0.23,19.39
2024-01-03,2.36,22.14,87.19,93.33,0.22,19.73
2024-01-04,9.41,22.33,90.54,93.33,0.2,20.61
2024-01-05,8.47,22.77,90.06,93.28,0.27,20.92
2024-01-06,3.24,22.24,89.49,93.27,0.25,20.28
2024-01-07,0.87,22.33,88.36,93.28,0.24,20.16
2024-01-08,1.56,22.15,90.24,93.32,0.31,20.35
2024-01-09,11.07,21.72,90.72,93.28,0.33,20.04
2024-01-10,0.99,20.73,87.85,93.34,0.35,18.56
2024-01-11,0.03,21.53,84.28,93.31,0.42,18.57
2024-01-12,0.0,21.15,82.01,93.35,0.39,17.71
2024-01-13,0.0,21.25,82.49,93.42,0.31,17.89
2024-01-14,0.0,21.79,83.25,93.4,0.3,18.56
2024-01-15,0.0,20.84,80.83,93.42,0.27,17.06
2024-01-16,0.0,20.77,81.09,93.32,0.32,17.1
2024-01-17,0.0,21.42,78.53,93.25,0.33,17.07
2024-01-18,0.0,21.25,75.74,93.32,0.34,16.37
2024-01-19,1.27,22.1,84.57,93.3,0.27,19.13
2024-01-20,1.3,22.86,86.03,93.38,0.22,20.14
2024-01-21,0.19,23.02,82.25,93.42,0.26,19.5
2024-01-22,0.0,22.66,81.19,93.52,0.25,18.89
2024-01-23,0.01,22.09,80.81,93.49,0.25,18.26
2024-01-24,0.91,22.39,85.29,93.46,0.32,19.47
2024-01-25,0.0,22.16,81.28,93.52,0.23,18.42
2024-01-26,0.0,21.09,78.68,93.64,0.35,16.82
2024-01-27,0.0,20.87,78.1,93.64,0.39,16.5
2024-01-28,0.0,21.71,79.65,93.58,0.25,17.69
2024-01-29,0.0,21.23,77.76,93.54,0.29,16.79
2024-01-30,0.02,21.69,76.37,93.49,0.31,16.89
2024-01-31,0.32,22.01,83.39,93.51,0.38,18.68
2024-02-01,0.2,22.87,82.25,93.54,0.39,19.26
2024-02-02,0.12,23.24,83.52,93.47,0.35,19.88
2024-02-03,0.0,23.62,82.13,93.49,0.15,20.02
2024-02-04,0.0,22.09,77.22,93.63,0.3,17.42
2024-02-05,0.0,20.99,73.69,93.65,0.36,15.53
2024-02-06,0.0,20.8,73.88,93.58,0.33,15.31
2024-02-07,0.0,21.08,72.89,93.57,0.21,15.17
2024-02-08,0.0,21.4,70.08,93.5,0.26,14.88
2024-02-09,0.0,21.49,72.15,93.52,0.32,15.49
2024-02-10,0.0,21.84,73.83,93.6,0.38,16.38
2024-02-11,0.0,22.77,71.88,93.65,0.35,16.75
2024-02-12,0.0,21.94,69.87,93.57,0.33,15.39
2024-02-13,0.0,22.31,71.26,93.53,0.3,16.04
2024-02-14,0.0,23.84,73.89,93.45,0.27,18.29
2024-02-15,0.0,23.04,69.17,93.44,0.25,16.26
2024-02-16,0.0,23.58,69.55,93.45,0.29,16.91
2024-02-17,0.0,24.23,69.4,93.36,0.27,17.34
2024-02-18,0.0,23.65,64.33,93.33,0.28,15.27
2024-02-19,0.0,24.38,65.94,93.37,0.29,16.41
2024-02-20,0.16,24.79,68.7,93.41,0.35,17.46
2024-02-21,0.39,25.44,73.38,93.37,0.34,19.62
2024-02-22,0.0,24.9,74.72,93.4,0.44,19.43
2024-02-23,0.0,25.14,71.75,93.34,0.41,18.64
2024-02-24,0.0,25.29,73.32,93.29,0.37,19.42
2024-02-25,0.0,25.69,68.61,93.19,0.18,18.42
2024-02-26,0.0,24.93,62.93,93.2,0.3,16.25
2024-02-27,0.01,25.56,65.36,93.26,0.26,17.89
2024-02-28,0.0,24.88,61.51,93.25,0.31,15.59
2024-02-29,0.0,25.14,59.99,93.31,0.3,15.3
2024-03-01,0.0,24.35,60.98,93.4,0.32,15.34
2024-03-02,0.0,24.57,53.7,93.4,0.38,12.92
2024-03-03,0.0,25.56,61.33,93.33,0.39,16.14
2024-03-04,0.0,25.84,66.11,93.32,0.42,17.36
2024-03-05,0.0,26.25,63.26,93.32,0.43,16.67
2024-03-06,0.0,26.08,67.2,93.35,0.49,17.95
2024-03-07,0.0,26.66,60.2,93.29,0.34,16.2
2024-03-08,0.02,25.95,67.78,93.34,0.42,18.06
2024-03-09,0.0,26.56,62.75,93.34,0.34,16.95
2024-03-10,0.0,26.95,63.21,93.44,0.35,17.86
2024-03-11,0.01,26.81,60.41,93.56,0.34,16.8
2024-03-12,0.11,26.74,60.53,93.5,0.35,16.69
2024-03-13,0.28,26.18,64.6,93.46,0.4,17.16
2024-03-14,0.93,26.23,71.35,93.44,0.49,19.56
2024-03-15,0.07,27.31,64.69,93.31,0.45,18.47
2024-03-16,0.16,27.18,61.52,93.32,0.28,17.27
2024-03-17,0.0,26.14,57.88,93.34,0.51,14.94
2024-03-18,0.0,26.38,57.49,93.32,0.42,14.77
2024-03-19,0.0,26.5,58.08,93.27,0.37,14.89
2024-03-20,0.19,26.62,58.66,93.26,0.43,15.37
2024-03-21,0.2,26.64,60.28,93.22,0.38,16.5
2024-03-22,0.11,27.26,62.74,93.1,0.31,18.16
2024-03-23,2.65,26.97,67.25,93.13,0.32,18.88
2024-03-24,1.68,27.04,61.4,93.26,0.32,16.51
2024-03-25,0.08,26.65,54.98,93.29,0.37,14.25
2024-03-26,0.43,26.93,52.72,93.37,0.41,13.6
2024-03-27,0.0,27.46,58.0,93.46,0.39,16.08
2024-03-28,2.51,27.23,63.34,93.37,0.39,17.86
2024-03-29,3.25,27.58,65.47,93.27,0.35,18.72
2024-03-30,0.0,27.84,64.3,93.35,0.36,18.54
2024-03-31,0.0,27.89,64.11,93.38,0.37,19.0
2024-04-01,0.01,27.75,65.18,93.23,0.37,19.31
2024-04-02,1.28,27.72,68.36,93.1,0.39,20.17
2024-04-03,1.23,27.94,67.86,93.15,0.43,19.93
2024-04-04,1.25,28.22,66.27,93.17,0.35,19.88
2024-04-05,1.75,28.29,67.8,93.14,0.39,20.08
2024-04-06,0.0,27.95,66.06,93.07,0.32,19.46
2024-04-07,0.01,28.56,65.08,93.03,0.41,19.55
2024-04-08,1.88,28.9,64.45,93.08,0.36,19.61
2024-04-09,1.27,28.43,61.77,93.12,0.26,18.12
2024-04-10,2.93,28.08,61.21,93.13,0.34,17.69
2024-04-11,3.87,27.87,66.94,93.17,0.27,19.48
2024-04-12,13.06,26.27,76.47,93.17,0.26,20.96
2024-04-13,3.74,26.4,71.87,93.19,0.28,19.64
2024-04-14,1.65,27.26,65.64,93.19,0.25,18.52
2024-04-15,0.04,27.63,60.88,93.23,0.27,17.69
2024-04-16,0.0,28.19,61.87,93.21,0.34,18.23
2024-04-17,0.0,27.96,71.92,93.17,0.42,21.42
2024-04-18,0.0,27.18,75.89,93.09,0.43,21.95
2024-04-19,0.01,26.86,76.02,92.97,0.44,21.8
2024-04-20,0.03,27.69,69.94,92.95,0.4,20.67
2024-04-21,2.0,28.16,68.49,92.98,0.38,20.48
2024-04-22,3.15,26.5,78.69,93.09,0.35,21.84
2024-04-23,1.41,27.38,72.2,93.0,0.3,20.85
2024-04-24,1.58,27.46,68.54,92.96,0.25,19.5
2024-04-25,0.28,27.75,64.86,92.94,0.32,18.68
2024-04-26,0.01,28.48,62.9,92.94,0.35,18.55
2024-04-27,0.02,29.12,62.77,92.92,0.38,19.19
2024-04-28,0.03,29.3,61.57,92.98,0.34,19.13
2024-04-29,0.06,29.39,60.53,93.06,0.4,18.57
2024-04-30,2.41,28.23,70.11,93.03,0.47,21.13
2024-05-01,1.43,28.01,74.5,92.88,0.47,22.1
2024-05-02,0.0,28.8,70.38,92.9,0.42,21.91
2024-05-03,0.0,28.06,75.37,93.01,0.49,22.71
2024-05-04,0.08,28.01,65.52,93.05,0.51,20.08
2024-05-05,1.39,27.13,71.26,92.99,0.49,20.77
2024-05-06,0.3,27.79,67.48,93.02,0.5,20.24
2024-05-07,0.12,28.38,64.69,93.12,0.47,19.98
2024-05-08,2.98,27.82,69.46,93.06,0.31,20.88
2024-05-09,14.4,25.76,84.92,93.04,0.33,22.71
2024-05-10,12.58,25.64,80.95,93.09,0.34,21.7
2024-05-11,4.42,26.48,76.34,93.17,0.25,21.25
2024-05-12,3.8,26.23,78.18,93.15,0.25,21.56
2024-05-13,6.32,25.28,82.96,93.08,0.18,21.8
2024-05-14,5.42,25.56,75.62,93.1,0.26,20.21
2024-05-15,11.99,25.77,78.81,93.1,0.23,21.1
2024-05-16,9.15,25.2,81.66,93.13,0.23,21.46
2024-05-17,21.13,25.58,80.2,93.02,0.27,21.35
2024-05-18,24.62,24.52,88.72,92.88,0.42,22.33
2024-05-19,14.65,24.07,87.86,92.78,0.55,21.75
2024-05-20,29.36,23.64,94.84,92.76,0.71,22.74
2024-05-21,16.58,24.65,86.71,92.74,0.31,21.99
2024-05-22,39.88,23.66,95.77,92.57,0.55,22.92
2024-05-23,17.24,23.77,94.51,92.59,0.83,22.81
2024-05-24,20.5,24.23,92.07,92.63,0.61,22.78
2024-05-25,21.46,23.52,91.72,92.81,0.61,22.02
2024-05-26,8.06,23.78,89.97,92.9,0.61,21.93
2024-05-27,10.92,24.17,90.21,92.96,0.63,22.36
2024-05-28,34.96,23.31,93.41,92.99,0.62,22.15
2024-05-29,50.1,23.6,90.96,92.94,0.56,21.94
2024-05-30,19.57,24.11,91.04,92.91,0.62,22.46
2024-05-31,18.49,24.35,92.31,92.94,0.56,22.95
2024-06-01,13.13,24.43,93.52,93.01,0.53,23.26
2024-06-02,10.36,23.98,90.68,93.04,0.34,22.23
2024-06-03,10.47,24.08,89.6,93.06,0.36,22.1
2024-06-04,3.8,23.96,91.02,93.14,0.36,22.29
2024-06-05,7.29,23.77,94.35,93.16,0.35,22.76
2024-06-06,25.32,23.19,92.24,93.27,0.33,21.76
2024-06-07,5.46,23.13,89.71,93.17,0.37,21.2
2024-06-08,13.46,23.15,93.41,93.18,0.5,21.95
2024-06-09,7.37,23.35,92.57,93.15,0.49,22.0
2024-06-10,3.0,23.45,90.33,93.23,0.54,21.66
2024-06-11,4.1,22.73,90.66,93.26,0.45,21.01
2024-06-12,7.91,22.4,92.22,93.34,0.45,21.0
2024-06-13,2.65,23.05,86.21,93.31,0.31,20.33
2024-06-14,0.15,23.5,88.52,93.17,0.36,21.32
2024-06-15,1.75,23.68,89.47,93.09,0.45,21.69
2024-06-16,1.62,23.53,90.66,93.08,0.33,21.78
2024-06-17,4.7,23.1,89.69,93.14,0.3,21.15
2024-06-18,17.91,23.01,91.62,93.13,0.34,21.45
2024-06-19,14.54,23.11,90.1,93.07,0.36,21.27
2024-06-20,7.9,22.57,89.14,93.1,0.43,20.51
2024-06-21,6.01,22.56,89.17,93.08,0.52,20.52
2024-06-22,6.59,22.11,90.32,92.92,0.62,20.35
2024-06-23,12.51,21.86,91.49,92.91,0.78,20.34
2024-06-24,22.21,21.77,93.06,92.93,0.74,20.55
2024-06-25,14.62,21.94,90.48,92.96,0.69,20.2
2024-06-26,23.78,22.06,92.77,92.96,0.68,20.78
2024-06-27,8.47,22.24,91.98,93.09,0.51,20.8
2024-06-28,2.87,22.74,90.49,93.1,0.43,20.96
2024-06-29,7.51,22.75,91.79,93.12,0.4,21.24
2024-06-30,3.11,22.32,92.75,93.19,0.28,21.01
2024-07-01,34.48,21.92,91.13,93.26,0.34,20.31
2024-07-02,5.77,22.3,88.6,93.12,0.29,20.16
2024-07-03,4.17,22.73,91.93,93.14,0.36,21.26
2024-07-04,2.09,22.71,88.56,93.21,0.41,20.55
2024-07-05,4.78,22.45,89.94,93.12,0.44,20.6
2024-07-06,8.36,21.67,92.24,93.08,0.35,20.28
2024-07-07,4.44,22.47,91.18,93.03,0.53,20.86
2024-07-08,9.17,21.74,93.27,92.96,0.63,20.56
2024-07-09,3.77,21.43,93.79,93.06,0.39,20.34
2024-07-10,11.5,21.83,92.84,93.26,0.39,20.54
2024-07-11,4.62,21.95,89.3,93.2,0.42,19.96
2024-07-12,12.59,22.74,91.48,93.1,0.45,21.17
2024-07-13,17.94,21.82,92.33,93.16,0.51,20.45
2024-07-14,14.37,22.49,90.52,93.03,0.68,20.76
2024-07-15,42.71,21.87,94.58,93.02,0.83,20.94
2024-07-16,19.74,22.03,94.11,93.04,0.77,21.01
2024-07-17,24.02,22.13,93.7,93.12,0.81,21.03
2024-07-18,9.56,22.0,94.27,93.2,0.74,21.0
2024-07-19,5.13,22.38,94.18,93.05,0.63,21.35
2024-07-20,2.09,22.53,93.27,93.08,0.5,21.33
2024-07-21,0.57,22.68,92.79,93.14,0.5,21.39
2024-07-22,1.69,22.34,92.08,93.3,0.51,20.91
2024-07-23,2.86,22.42,92.0,93.33,0.45,20.97
2024-07-24,8.71,22.36,91.68,93.19,0.56,20.86
2024-07-25,9.6,22.58,91.7,93.1,0.67,21.09
2024-07-26,6.89,22.32,93.41,93.16,0.75,21.16
2024-07-27,3.99,22.21,92.8,93.22,0.59,20.93
2024-07-28,13.11,22.43,93.02,93.05,0.57,21.17
2024-07-29,44.79,22.5,93.37,92.95,0.68,21.32
2024-07-30,15.74,21.87,93.83,93.13,0.48,20.79
2024-07-31,9.33,22.54,94.83,93.2,0.44,21.64
2024-08-01,12.5,22.85,92.92,93.2,0.47,21.58
2024-08-02,2.14,21.75,93.43,93.25,0.41,20.59
2024-08-03,5.21,22.07,91.5,93.28,0.43,20.53
2024-08-04,10.87,22.24,92.44,93.25,0.5,20.87
2024-08-05,6.34,22.19,91.84,93.23,0.37,20.69
2024-08-06,13.02,22.44,91.5,93.08,0.54,20.89
2024-08-07,6.68,21.91,94.13,93.12,0.5,20.88
2024-08-08,4.29,21.8,94.28,93.18,0.51,20.82
2024-08-09,4.23,22.54,91.67,93.19,0.43,21.03
2024-08-10,9.71,22.44,94.39,93.17,0.49,21.46
2024-08-11,9.47,23.05,93.4,92.97,0.51,21.87
2024-08-12,12.98,23.78,93.51,92.87,0.56,22.62
2024-08-13,50.65,24.22,88.47,92.88,0.37,21.96
2024-08-14,24.74,23.44,94.83,92.84,0.49,22.52
2024-08-15,19.69,23.81,91.59,92.77,0.38,22.24
2024-08-16,11.77,23.5,96.85,92.66,0.6,22.97
2024-08-17,6.91,23.17,95.25,92.82,0.61,22.35
2024-08-18,13.92,23.18,93.82,92.89,0.35,22.08
2024-08-19,4.96,23.56,92.75,92.87,0.42,22.24
2024-08-20,16.29,23.34,90.9,92.86,0.36,21.66
2024-08-21,15.47,21.81,93.15,93.04,0.75,20.59
2024-08-22,0.87,22.23,91.57,93.18,0.49,20.7
2024-08-23,0.05,22.85,88.91,93.26,0.4,20.74
2024-08-24,1.31,22.62,91.78,93.35,0.45,21.12
2024-08-25,0.8,22.52,91.15,93.36,0.53,20.93
2024-08-26,1.99,22.42,91.12,93.29,0.56,20.81
2024-08-27,1.87,22.57,92.01,93.3,0.47,21.13
2024-08-28,1.71,22.39,92.44,93.33,0.43,21.03
2024-08-29,15.44,22.65,91.8,93.22,0.54,21.15
2024-08-30,19.73,22.56,94.33,93.18,0.53,21.56
2024-08-31,12.71,22.21,93.8,93.21,0.52,21.11
2024-09-01,8.34,22.18,92.97,93.16,0.58,20.92
2024-09-02,6.15,21.99,93.15,93.17,0.49,20.77
2024-09-03,5.4,22.87,93.28,93.22,0.53,21.66
2024-09-04,6.78,22.89,93.03,93.24,0.55,21.64
2024-09-05,3.73,23.06,91.42,93.12,0.58,21.48
2024-09-06,2.84,22.91,92.82,93.15,0.57,21.62
2024-09-07,5.8,23.02,92.13,93.24,0.53,21.59
2024-09-08,9.3,22.58,93.77,93.3,0.52,21.48
2024-09-09,6.72,22.62,92.87,93.16,0.5,21.34
2024-09-10,6.5,23.29,93.54,93.11,0.58,22.14
2024-09-11,7.2,23.19,92.7,93.2,0.49,21.87
2024-09-12,1.08,22.52,88.47,93.3,0.44,20.33
2024-09-13,0.11,22.95,91.14,93.21,0.38,21.32
2024-09-14,1.31,22.99,90.43,93.19,0.43,21.23
2024-09-15,0.5,22.98,90.43,93.21,0.47,21.21
2024-09-16,0.02,23.09,89.72,93.21,0.48,21.17
2024-09-17,0.01,23.2,89.59,93.16,0.58,21.26
2024-09-18,0.01,22.73,89.36,93.06,0.47,20.76
2024-09-19,0.08,22.62,89.59,93.06,0.37,20.67
2024-09-20,0.13,22.72,89.19,93.04,0.44,20.74
2024-09-21,0.72,22.6,90.2,93.12,0.46,20.8
2024-09-22,4.3,22.69,91.1,93.04,0.48,21.04
2024-09-23,4.56,22.57,90.18,93.03,0.55,20.74
2024-09-24,3.45,22.6,91.1,92.97,0.54,20.98
2024-09-25,1.7,22.88,89.04,93.0,0.56,20.83
2024-09-26,1.35,23.02,89.07,93.02,0.47,20.97
2024-09-27,0.69,22.76,88.89,93.13,0.35,20.63
2024-09-28,1.47,23.55,88.6,93.12,0.41,21.35
2024-09-29,13.91,23.76,85.56,93.15,0.23,20.83
2024-09-30,8.54,23.33,89.19,93.15,0.23,21.32
2024-10-01,2.83,24.09,86.33,93.07,0.26,21.3
2024-10-02,2.05,23.75,88.49,93.15,0.36,21.48
2024-10-03,0.51,23.7,90.56,93.15,0.38,21.94
2024-10-04,8.12,23.33,92.07,93.17,0.29,21.89
2024-10-05,6.16,22.57,89.12,93.19,0.19,20.51
2024-10-06,14.2,22.82,89.45,93.12,0.27,20.82
2024-10-07,8.29,23.43,88.94,93.1,0.42,21.28
2024-10-08,7.41,23.35,90.34,93.25,0.35,21.54
2024-10-09,9.98,23.12,91.78,93.11,0.47,21.6
2024-10-10,3.93,22.71,90.52,93.03,0.41,20.94
2024-10-11,29.89,21.86,92.51,93.04,0.32,20.52
2024-10-12,27.96,22.51,91.5,93.07,0.29,20.95
2024-10-13,31.43,22.98,90.73,93.08,0.35,21.23
2024-10-14,11.91,22.14,93.32,93.1,0.28,20.97
2024-10-15,9.35,21.07,88.97,93.14,0.23,19.02
2024-10-16,2.85,21.14,90.65,93.12,0.31,19.43
2024-10-17,3.7,22.4,90.72,93.12,0.33,20.69
2024-10-18,3.68,23.25,89.41,93.12,0.37,21.22
2024-10-19,5.24,22.7,92.83,93.23,0.24,21.4
2024-10-20,14.33,23.57,90.2,93.25,0.33,21.71
2024-10-21,6.97,23.66,91.75,93.27,0.29,22.18
2024-10-22,15.24,23.2,89.26,93.26,0.34,21.16
2024-10-23,14.2,23.91,89.03,93.22,0.32,21.78
2024-10-24,8.5,21.9,91.21,93.3,0.16,20.31
2024-10-25,14.3,23.08,90.9,93.28,0.3,21.38
2024-10-26,3.07,23.17,88.49,93.25,0.29,20.96
2024-10-27,0.67,22.87,90.7,93.15,0.33,21.14
2024-10-28,3.58,22.83,89.81,93.11,0.29,20.92
2024-10-29,1.12,23.15,87.72,93.16,0.38,20.75
2024-10-30,0.18,23.42,88.47,93.16,0.38,21.16
2024-10-31,5.47,24.1,87.86,93.2,0.4,21.71
2024-11-01,9.65,23.35,93.69,93.26,0.3,22.23
2024-11-02,23.53,22.73,95.29,93.29,0.28,21.92
2024-11-03,5.21,23.22,89.89,93.28,0.22,21.29
2024-11-04,15.79,23.43,87.89,93.21,0.18,21.02
2024-11-05,9.41,22.81,85.58,93.28,0.23,19.99
2024-11-06,0.14,22.72,85.49,93.31,0.34,19.9
2024-11-07,4.37,23.05,89.56,93.26,0.28,21.08
2024-11-08,12.8,23.64,89.26,93.24,0.21,21.57
2024-11-09,5.39,23.05,85.81,93.23,0.34,20.26
2024-11-10,0.0,22.06,82.3,93.26,0.38,18.63
2024-11-11,0.03,22.19,80.67,93.18,0.39,18.49
2024-11-12,0.09,22.66,85.34,93.11,0.26,19.85
2024-11-13,0.27,22.88,88.91,93.0,0.29,20.76
2024-11-14,10.42,22.58,93.84,93.12,0.18,21.49
2024-11-15,8.51,22.63,90.17,93.2,0.21,20.81
2024-11-16,12.12,22.72,88.89,93.12,0.2,20.63
2024-11-17,8.2,22.92,89.27,93.11,0.23,20.91
2024-11-18,2.19,22.76,88.68,93.16,0.33,20.62
2024-11-19,2.7,22.68,87.34,93.22,0.29,20.29
2024-11-20,0.95,22.01,87.86,93.2,0.31,19.72
2024-11-21,1.16,22.64,86.8,93.18,0.22,20.07
2024-11-22,0.04,22.73,86.64,93.16,0.21,20.18
2024-11-23,0.0,22.75,85.11,93.25,0.17,19.87
2024-11-24,0.0,22.62,84.75,93.25,0.24,19.67
2024-11-25,0.1,21.61,86.02,93.19,0.19,19.0
2024-11-26,7.13,20.8,92.01,93.1,0.23,19.4
2024-11-27,3.32,20.91,94.09,93.04,0.27,19.87
2024-11-28,0.62,22.21,87.26,93.01,0.31,19.82
2024-11-29,3.55,21.87,92.65,92.97,0.38,20.57
2024-11-30,3.83,22.34,95.04,92.91,0.48,21.47
2024-12-01,21.79,23.21,93.01,92.79,0.64,21.95
2024-12-02,42.96,22.9,95.55,92.78,0.72,22.14
2024-12-03,4.11,22.96,90.97,93.03,0.4,21.33
2024-12-04,1.72,23.09,86.36,93.14,0.23,20.39
2024-12-05,1.76,22.46,89.75,93.2,0.29,20.52
2024-12-06,0.24,22.8,86.31,93.21,0.27,20.09
2024-12-07,0.91,22.79,87.56,93.21,0.18,20.37
2024-12-08,0.5,22.62,86.9,93.21,0.23,20.04
2024-12-09,0.19,22.45,85.39,93.18,0.2,19.53
2024-12-10,0.0,22.09,85.39,93.18,0.26,19.26
2024-12-11,2.3,21.88,86.27,93.16,0.32,19.31
2024-12-12,25.09,21.21,93.32,93.09,0.34,20.04
2024-12-13,42.21,21.63,94.66,93.06,0.38,20.71
2024-12-14,9.29,21.89,89.75,93.25,0.42,20.0
2024-12-15,1.17,20.67,85.99,93.34,0.35,17.94
2024-12-16,0.0,20.43,88.27,93.28,0.32,18.31
2024-12-17,0.0,21.83,85.95,93.21,0.24,19.04
2024-12-18,0.0,22.73,87.22,93.14,0.36,20.23
2024-12-19,0.0,23.0,86.55,93.12,0.32,20.38
2024-12-20,0.02,22.86,86.78,93.13,0.32,20.26
2024-12-21,0.37,23.01,89.34,93.16,0.4,21.11
2024-12-22,0.34,23.12,87.89,93.23,0.43,20.77
2024-12-23,0.49,22.14,86.58,93.21,0.39,19.54
2024-12-24,0.01,21.46,86.67,93.23,0.36,18.9
2024-12-25,0.0,21.95,86.92,93.32,0.44,19.46
2024-12-26,0.07,22.58,87.42,93.41,0.28,20.17
2024-12-27,2.42,22.75,86.48,93.47,0.22,20.11
2024-12-28,0.33,22.32,84.36,93.45,0.29,19.28
2024-12-29,0.17,21.69,84.12,93.47,0.27,18.63
2024-12-30,1.75,22.08,89.52,93.4,0.28,20.14
2024-12-31,0.31,22.21,87.69,93.37,0.44,19.94
2025-01-01,0.01,21.08,82.34,93.31,0.43,17.72
2025-01-02,0.0,20.14,80.83,93.32,0.36,16.4
2025-01-03,0.0,19.89,81.47,93.29,0.43,16.3
2025-01-04,0.0,20.1,79.09,93.27,0.3,15.91
2025-01-05,0.02,20.62,80.85,93.31,0.26,16.84
2025-01-06,0.0,19.98,80.15,93.31,0.27,16.01
2025-01-07,0.0,20.02,79.13,93.29,0.31,15.86
2025-01-08,0.0,20.55,82.19,93.25,0.26,17.16
2025-01-09,0.0,20.52,79.16,93.3,0.29,16.34
2025-01-10,0.0,22.05,81.92,93.4,0.33,18.54
2025-01-11,0.12,22.39,81.95,93.42,0.23,18.87
2025-01-12,0.11,21.98,82.91,93.36,0.22,18.67
2025-01-13,0.51,22.87,86.0,93.22,0.21,20.19
2025-01-14,0.43,22.16,82.07,93.32,0.3,18.66
2025-01-15,0.8,21.78,84.29,93.36,0.36,18.83
2025-01-16,0.0,21.4,79.92,93.36,0.39,17.55
2025-01-17,0.0,20.83,79.31,93.23,0.41,16.79
2025-01-18,8.39,20.39,86.24,93.19,0.36,17.88
2025-01-19,6.27,21.2,89.12,93.23,0.36,19.18
2025-01-20,1.08,22.21,83.87,93.2,0.19,19.04
2025-01-21,0.0,20.65,77.56,93.15,0.3,16.06
2025-01-22,0.02,21.59,79.14,93.12,0.17,17.41
2025-01-23,0.01,21.68,79.84,93.16,0.22,17.64
2025-01-24,0.0,20.92,75.9,93.11,0.23,15.93
2025-01-25,0.0,21.66,77.52,93.17,0.22,17.11
2025-01-26,0.0,20.96,76.81,93.16,0.29,16.32
2025-01-27,0.0,20.22,73.43,93.15,0.35,14.62
2025-01-28,0.0,21.09,75.14,93.2,0.26,16.01
2025-01-29,0.0,21.36,76.44,93.28,0.32,16.57
2025-01-30,0.15,22.51,81.75,93.21,0.22,18.97
2025-01-31,0.71,23.65,83.3,93.14,0.26,20.32
2025-02-01,0.09,23.73,79.89,93.21,0.24,19.6
2025-02-02,0.0,23.43,74.24,93.25,0.25,18.02
2025-02-03,0.0,23.05,71.12,93.3,0.34,16.79
2025-02-04,0.0,21.84,64.56,93.29,0.42,13.63
2025-02-05,0.0,20.98,69.12,93.21,0.37,14.24
2025-02-06,0.0,21.32,71.09,93.18,0.25,14.8
2025-02-07,0.0,21.04,65.01,93.32,0.31,12.78
2025-02-08,0.0,20.98,68.31,93.29,0.33,13.94
2025-02-09,0.0,21.95,69.38,93.28,0.28,15.18
2025-02-10,0.0,21.73,69.23,93.35,0.28,14.85
2025-02-11,0.0,22.11,64.94,93.39,0.28,13.95
2025-02-12,0.0,22.67,63.71,93.35,0.27,14.07
2025-02-13,0.0,22.69,58.57,93.38,0.35,12.08
2025-02-14,0.0,23.15,51.04,93.35,0.43,10.51
2025-02-15,0.0,23.35,63.41,93.28,0.35,14.25
2025-02-16,0.0,23.0,62.5,93.3,0.4,13.79
2025-02-17,0.0,22.78,62.89,93.41,0.35,13.72
2025-02-18,0.0,23.31,56.86,93.4,0.31,12.35
2025-02-19,0.0,24.01,56.89,93.26,0.38,13.12
2025-02-20,0.0,24.62,61.28,93.32,0.34,15.08
2025-02-21,0.0,23.99,61.29,93.39,0.37,14.28
2025-02-22,0.0,23.85,61.35,93.47,0.34,14.35
2025-02-23,0.0,24.22,54.76,93.46,0.4,12.93
2025-02-24,0.0,23.88,56.9,93.42,0.36,13.37
2025-02-25,0.16,24.15,61.23,93.49,0.27,14.81
2025-02-26,0.53,24.2,67.6,93.45,0.31,17.26
2025-02-27,0.01,24.78,57.98,93.32,0.29,14.55
2025-02-28,2.44,24.13,66.51,93.26,0.35,16.59
2025-03-01,2.68,24.84,76.22,93.16,0.25,19.83
2025-03-02,0.95,24.79,75.03,93.15,0.25,19.58
2025-03-03,0.45,25.84,69.0,93.19,0.25,18.64
2025-03-04,0.02,25.64,56.45,93.2,0.37,14.32
2025-03-05,0.0,26.01,52.32,93.24,0.47,13.26
2025-03-06,0.0,26.0,67.21,93.29,0.48,17.53
2025-03-07,4.35,26.24,68.5,93.2,0.39,18.28
2025-03-08,7.72,25.46,76.87,93.1,0.41,20.26
2025-03-09,0.25,25.52,63.33,93.11,0.31,15.72
2025-03-10,0.0,24.34,52.9,93.26,0.32,11.99
2025-03-11,5.78,24.22,75.94,93.24,0.39,19.27
2025-03-12,9.94,23.37,79.93,93.26,0.29,19.14
2025-03-13,3.16,25.16,69.95,93.17,0.3,17.92
2025-03-14,0.0,26.21,66.69,93.21,0.39,17.74
2025-03-15,0.0,25.79,63.15,93.24,0.35,15.79
2025-03-16,1.43,25.55,72.37,93.3,0.27,19.16
2025-03-17,13.31,23.87,86.47,93.31,0.33,21.14
2025-03-18,1.61,25.7,73.17,93.25,0.35,19.58
2025-03-19,1.95,26.16,72.32,93.36,0.25,19.6
2025-03-20,0.44,26.41,66.74,93.46,0.29,18.14
2025-03-21,8.85,25.95,72.33,93.48,0.27,19.59
2025-03-22,10.68,25.3,80.08,93.42,0.2,20.99
2025-03-23,2.57,25.69,74.43,93.38,0.29,19.81
2025-03-24,1.03,25.51,72.94,93.33,0.23,19.41
2025-03-25,1.34,25.54,68.51,93.16,0.29,17.53
2025-03-26,5.84,25.49,73.2,93.1,0.26,19.15
2025-03-27,4.29,25.19,76.41,93.08,0.33,19.95
2025-03-28,0.28,25.97,72.36,93.01,0.34,19.61
2025-03-29,0.0,26.44,65.02,92.99,0.38,17.17
2025-03-30,0.0,25.73,61.8,93.07,0.33,14.63
2025-03-31,0.24,25.99,67.44,93.09,0.33,17.48
2025-04-01,8.82,25.05,78.05,93.03,0.3,20.22
2025-04-02,14.76,25.18,77.28,93.12,0.39,20.01
2025-04-03,11.77,24.88,79.84,93.28,0.28,20.47
2025-04-04,29.91,24.43,81.35,93.3,0.28,20.5
2025-04-05,15.0,24.62,81.89,93.23,0.29,20.82
2025-04-06,17.49,24.38,86.05,93.15,0.38,21.6
2025-04-07,9.51,24.68,84.61,93.18,0.28,21.52
2025-04-08,1.98,24.9,81.48,93.28,0.32,20.98
2025-04-09,4.15,24.0,86.82,93.25,0.28,21.37
2025-04-10,1.46,23.39,89.72,93.11,0.36,21.5
2025-04-11,5.16,24.24,84.18,93.1,0.36,21.09
2025-04-12,4.1,23.64,87.38,93.17,0.32,21.22
2025-04-13,1.04,24.98,81.1,93.16,0.32,20.93
2025-04-14,4.32,25.54,78.4,93.12,0.35,20.7
2025-04-15,1.97,25.76,77.33,93.11,0.35,20.67
2025-04-16,0.05,25.34,79.0,93.17,0.31,20.9
2025-04-17,3.65,25.09,80.84,93.1,0.33,21.04
2025-04-18,10.67,24.86,85.18,93.08,0.38,21.81
2025-04-19,3.57,24.7,84.95,93.07,0.41,21.68
2025-04-20,2.13,24.8,83.94,93.1,0.35,21.55
2025-04-21,0.69,25.49,81.09,93.18,0.35,21.47
2025-04-22,2.15,25.61,77.42,93.27,0.28,20.45
2025-04-23,3.91,25.07,82.23,93.19,0.37,21.28
2025-04-24,3.69,25.15,85.26,93.05,0.42,22.18
2025-04-25,0.93,25.56,87.83,93.03,0.41,23.17
2025-04-26,2.49,25.5,87.98,93.03,0.33,23.13
2025-04-27,5.33,25.3,82.92,93.11,0.34,21.78
2025-04-28,8.23,24.44,88.75,93.0,0.21,22.25
2025-04-29,1.64,24.78,86.79,92.98,0.32,22.14
2025-04-30,5.35,24.04,94.55,93.01,0.43,23.09
2025-05-01,0.07,25.02,85.46,93.13,0.39,22.03
2025-05-02,6.59,25.17,94.69,93.12,0.37,24.22
2025-05-03,6.77,25.29,87.71,93.12,0.44,22.88
2025-05-04,0.38,24.83,85.66,93.07,0.41,22.03
2025-05-05,2.52,24.49,88.76,93.1,0.31,22.34
2025-05-06,0.72,24.41,90.27,93.13,0.37,22.6
2025-05-07,7.02,23.94,90.26,93.1,0.45,22.12
2025-05-08,8.07,24.71,84.53,93.06,0.51,21.62
2025-05-09,0.22,25.22,79.76,93.09,0.5,21.0
2025-05-10,0.07,25.04,78.88,93.12,0.45,20.6
2025-05-11,0.47,25.15,81.91,93.06,0.48,21.41
2025-05-12,2.86,25.27,85.27,92.93,0.5,22.36
2025-05-13,4.36,25.04,89.21,92.92,0.55,23.01
2025-05-14,4.74,24.71,86.76,93.0,0.51,22.11
2025-05-15,9.57,24.94,88.21,93.06,0.43,22.65
2025-05-16,6.73,25.14,84.63,93.02,0.45,22.01
2025-05-17,4.07,24.01,86.77,93.03,0.43,21.49
2025-05-18,11.97,23.42,87.3,92.9,0.4,21.01
2025-05-19,8.99,23.71,87.23,92.78,0.5,21.25
2025-05-20,7.55,23.07,86.01,92.84,0.72,20.49
2025-05-21,1.83,23.29,81.44,92.99,0.7,19.59
2025-05-22,0.81,24.52,82.62,93.03,0.54,21.06
2025-05-23,19.31,24.67,88.95,92.9,0.67,22.61
2025-05-24,36.04,23.98,90.25,92.96,0.57,22.21
2025-05-25,25.0,23.61,91.4,93.07,0.84,22.08
2025-05-26,44.02,23.85,90.18,93.04,0.94,22.09
2025-05-27,22.71,24.71,93.14,92.94,0.99,23.5
2025-05-28,17.15,24.62,91.58,92.91,1.06,23.11
2025-05-29,31.43,23.99,91.78,92.92,1.0,22.51
2025-05-30,27.61,22.62,90.21,93.02,0.95,20.88
2025-05-31,4.23,22.97,89.57,93.19,0.67,21.07
2025-06-01,5.26,23.93,89.38,93.24,0.6,21.91
2025-06-02,5.59,23.88,92.46,93.21,0.5,22.5
2025-06-03,8.63,24.23,89.67,93.22,0.49,22.27
2025-06-04,6.55,22.88,89.29,93.23,0.41,20.87
2025-06-05,4.32,23.45,86.12,93.18,0.45,20.79
2025-06-06,3.5,24.14,89.45,93.19,0.49,22.11
2025-06-07,2.34,24.05,89.05,93.21,0.55,21.96
2025-06-08,4.41,24.08,89.52,93.14,0.64,22.1
2025-06-09,5.42,23.65,90.76,93.08,0.64,21.96
2025-06-10,14.39,23.64,91.25,92.9,0.64,22.04
2025-06-11,18.05,23.08,93.11,92.82,0.67,21.86
2025-06-12,15.9,23.52,90.65,92.78,0.77,21.8
2025-06-13,17.25,22.92,88.61,92.9,0.88,20.84
2025-06-14,25.04,23.11,90.29,93.01,0.85,21.36
2025-06-15,34.88,22.36,91.47,93.08,0.9,20.85
2025-06-16,16.91,23.05,91.12,93.09,0.86,21.45
2025-06-17,15.7,23.37,92.39,93.18,0.66,22.0
2025-06-18,7.91,23.41,93.6,93.18,0.5,22.26
2025-06-19,8.0,23.2,92.73,93.19,0.53,21.89
2025-06-20,11.78,23.29,93.46,93.21,0.56,22.11
2025-06-21,6.24,23.42,93.24,93.19,0.62,22.21
2025-06-22,19.5,23.54,92.45,93.19,0.6,22.17
2025-06-23,7.27,22.79,91.52,93.21,0.5,21.23
2025-06-24,6.86,23.59,92.49,93.1,0.69,22.22
2025-06-25,24.65,23.44,92.78,93.07,0.66,22.13
2025-06-26,12.11,22.73,92.27,93.11,0.7,21.35
2025-06-27,20.84,22.41,91.62,93.17,0.5,20.9
2025-06-28,5.89,23.02,93.26,93.17,0.56,21.8
2025-06-29,2.16,22.94,91.16,93.13,0.49,21.32
2025-06-30,2.24,23.02,94.39,93.09,0.5,22.04
2025-07-01,5.35,23.11,93.57,93.14,0.52,21.97
2025-07-02,10.63,22.69,91.83,93.15,0.63,21.22
2025-07-03,5.05,22.13,90.91,93.24,0.54,20.49
2025-07-04,3.73,22.16,92.82,93.29,0.47,20.88
2025-07-05,3.1,22.89,92.24,93.24,0.53,21.47
2025-07-06,4.61,23.21,92.35,93.18,0.6,21.82
2025-07-07,4.12,23.25,91.92,93.14,0.67,21.79
2025-07-08,3.14,23.35,91.92,93.17,0.62,21.89
2025-07-09,2.34,23.58,90.86,93.15,0.72,21.91
2025-07-10,5.0,23.4,91.46,93.06,0.64,21.84
2025-07-11,15.51,23.35,92.58,93.02,0.67,22.01
2025-07-12,19.02,23.19,92.36,93.11,0.69,21.81
2025-07-13,8.49,22.69,92.87,93.13,0.68,21.42
2025-07-14,4.03,22.01,92.13,93.18,0.52,20.59
2025-07-15,4.14,22.25,91.21,93.1,0.64,20.65
2025-07-16,27.89,22.38,92.63,93.01,0.71,21.06
2025-07-17,9.63,22.38,92.13,93.0,0.73,20.97
2025-07-18,15.7,22.58,93.33,92.97,0.85,21.4
2025-07-19,23.65,21.95,93.79,92.89,1.01,20.88
2025-07-20,14.35,21.69,94.2,92.87,0.69,20.67
2025-07-21,9.14,22.11,93.44,92.96,0.57,20.94
2025-07-22,8.79,22.65,92.59,93.05,0.56,21.33
2025-07-23,17.77,22.26,92.43,93.01,0.69,20.91
2025-07-24,12.69,21.61,91.89,93.01,0.64,20.15
2025-07-25,11.68,21.47,92.09,93.04,0.66,20.05
2025-07-26,21.6,21.65,94.52,93.13,0.75,20.7
2025-07-27,5.89,21.68,92.11,93.21,0.57,20.27
2025-07-28,0.71,21.98,91.11,93.2,0.57,20.35
2025-07-29,0.51,22.36,91.23,93.22,0.7,20.77
2025-07-30,3.21,22.96,91.53,93.16,0.63,21.42
2025-07-31,6.86,22.97,92.33,93.1,0.65,21.59
2025-08-01,5.46,23.01,92.61,93.02,0.63,21.68
2025-08-02,11.76,22.59,95.16,92.97,0.67,21.76
2025-08-03,11.01,22.27,94.77,93.04,0.65,21.37
2025-08-04,11.08,22.77,94.74,93.05,0.58,21.85
2025-08-05,13.59,22.24,94.64,93.03,0.67,21.31
2025-08-06,4.93,22.12,92.13,93.03,0.59,20.72
2025-08-07,0.41,22.48,93.1,92.98,0.52,21.26
2025-08-08,2.16,22.78,93.29,92.99,0.43,21.57
2025-08-09,3.79,22.14,94.32,93.17,0.41,21.16
2025-08-10,14.33,21.8,95.86,93.15,0.43,21.11
2025-08-11,2.24,21.78,90.89,93.25,0.33,20.12
2025-08-12,3.32,21.52,91.05,93.16,0.48,19.88
2025-08-13,10.57,21.1,93.37,93.07,0.49,19.91
2025-08-14,12.9,21.62,92.83,93.11,0.48,20.33
2025-08-15,7.68,21.64,92.88,93.04,0.66,20.38
2025-08-16,15.06,22.09,93.6,92.9,0.64,20.97
2025-08-17,12.37,21.89,93.94,92.95,0.64,20.83
2025-08-18,3.86,22.21,93.49,93.14,0.62,21.07
2025-08-19,1.42,22.37,90.69,93.19,0.62,20.67
2025-08-20,0.63,21.81,92.34,93.19,0.43,20.44
2025-08-21,4.15,22.85,90.36,93.2,0.44,21.05
2025-08-22,1.57,22.8,92.3,93.17,0.43,21.39
2025-08-23,1.6,22.72,91.39,93.2,0.4,21.13
2025-08-24,1.56,22.82,91.06,93.2,0.48,21.18
2025-08-25,0.3,22.52,91.59,93.16,0.48,20.99
2025-08-26,1.09,22.84,90.55,93.17,0.55,21.1
2025-08-27,11.49,22.64,93.43,93.12,0.63,21.47
2025-08-28,18.37,22.17,94.48,93.11,0.66,21.21
2025-08-29,5.67,22.35,90.05,93.17,0.57,20.52
2025-08-30,10.11,22.73,91.06,93.22,0.56,21.08
2025-08-31,11.41,22.93,92.92,93.15,0.57,21.66
2025-09-01,0.54,22.54,91.99,93.05,0.63,21.1
2025-09-02,0.49,22.56,90.87,93.03,0.59,20.9
2025-09-03,7.69,22.45,91.62,93.01,0.62,20.93
2025-09-04,5.97,22.57,91.6,93.07,0.55,21.04
2025-09-05,5.46,22.91,91.05,93.11,0.55,21.25
2025-09-06,3.01,23.45,89.79,93.14,0.53,21.52
2025-09-07,3.27,22.86,92.18,93.11,0.56,21.44
2025-09-08,3.34,23.27,89.48,93.07,0.51,21.27
2025-09-09,17.72,23.67,91.08,93.07,0.44,21.97
2025-09-10,8.83,23.41,91.14,93.12,0.4,21.75
2025-09-11,6.4,23.09,91.11,93.08,0.45,21.43
2025-09-12,1.48,22.76,91.41,93.08,0.52,21.19
2025-09-13,0.02,22.66,91.03,93.12,0.44,21.03
2025-09-14,2.34,22.97,88.2,93.15,0.38,20.68
2025-09-15,5.48,22.78,90.34,93.11,0.45,20.97
2025-09-16,8.42,22.93,93.06,93.1,0.43,21.69
2025-09-17,16.88,22.64,93.85,93.11,0.44,21.54
2025-09-18,5.29,22.76,93.51,93.13,0.5,21.61
2025-09-19,0.94,22.42,92.08,93.24,0.28,20.97
2025-09-20,2.13,22.75,90.18,93.18,0.36,20.88
2025-09-21,6.37,22.8,91.72,93.11,0.42,21.26
2025-09-22,2.36,23.28,90.62,93.17,0.52,21.55
2025-09-23,5.92,22.99,93.31,93.25,0.51,21.8
2025-09-24,7.03,22.99,91.91,93.16,0.49,21.53
2025-09-25,19.65,22.39,91.02,93.08,0.52,20.73
2025-09-26,14.72,22.25,91.11,93.09,0.59,20.6
2025-09-27,11.41,22.01,91.13,93.2,0.57,20.38
2025-09-28,7.52,22.05,92.71,93.23,0.42,20.73
2025-09-29,4.11,22.99,91.2,93.16,0.59,21.38
2025-09-30,0.37,22.86,91.37,93.06,0.48,21.28
2025-10-01,0.03,23.25,89.78,93.03,0.47,21.34
2025-10-02,1.4,23.21,92.33,93.15,0.39,21.83
2025-10-03,2.03,23.82,89.71,93.26,0.35,21.85
2025-10-04,4.67,22.53,90.43,93.38,0.33,20.78
2025-10-05,6.58,22.89,89.35,93.34,0.34,20.85
2025-10-06,2.04,23.1,89.64,93.33,0.37,21.09
2025-10-07,0.1,23.32,88.18,93.28,0.41,21.07
2025-10-08,0.96,23.91,87.59,93.22,0.25,21.46
2025-10-09,16.12,22.93,96.27,93.2,0.46,22.29
2025-10-10,9.65,23.16,87.93,93.09,0.35,20.88
2025-10-11,8.2,23.61,88.49,93.06,0.33,21.38
2025-10-12,12.52,24.23,88.73,92.97,0.27,22.04
2025-10-13,7.86,24.17,90.12,92.99,0.3,22.26
2025-10-14,13.61,23.59,89.6,92.84,0.37,21.6
2025-10-15,11.49,23.33,90.17,92.81,0.31,21.44
2025-10-16,6.43,22.81,94.88,92.82,0.18,21.9
2025-10-17,19.57,23.25,94.85,92.89,0.32,22.35
2025-10-18,27.14,23.41,94.28,92.93,0.31,22.4
2025-10-19,22.15,22.7,93.67,92.85,0.5,21.54
2025-10-20,22.26,22.72,93.77,92.85,0.28,21.61
2025-10-21,9.87,22.58,91.17,92.88,0.24,20.94
2025-10-22,25.7,22.39,95.42,92.96,0.59,21.59
2025-10-23,5.74,22.89,91.46,93.11,0.47,21.31
2025-10-24,15.65,23.15,95.21,93.2,0.37,22.3
2025-10-25,2.6,23.18,92.19,93.19,0.41,21.71
2025-10-26,1.71,23.45,89.86,93.19,0.35,21.53
2025-10-27,14.99,22.31,95.54,93.21,0.39,21.52
2025-10-28,7.37,22.8,93.92,93.12,0.56,21.72
2025-10-29,4.75,23.21,91.66,93.13,0.58,21.68
2025-10-30,0.57,23.12,89.13,93.26,0.39,21.07
2025-10-31,0.0,23.02,87.97,93.37,0.36,20.72
2025-11-01,0.0,22.88,87.21,93.38,0.43,20.38
2025-11-02,0.0,22.25,87.47,93.44,0.44,19.82
2025-11-03,0.0,23.1,89.23,93.38,0.48,21.03
2025-11-04,0.0,22.91,90.5,93.31,0.53,21.18
2025-11-05,1.23,23.29,90.36,93.14,0.58,21.5
2025-11-06,1.37,22.34,87.03,93.22,0.48,19.84
2025-11-07,0.01,22.04,87.49,93.28,0.4,19.64
2025-11-08,3.36,22.95,88.33,93.28,0.43,20.69
2025-11-09,2.79,21.61,91.97,93.21,0.3,20.15
2025-11-10,0.22,22.06,88.14,93.21,0.28,19.86
2025-11-11,2.07,22.97,90.01,93.23,0.21,21.09
2025-11-12,3.88,23.28,89.85,93.28,0.13,21.34
2025-11-13,3.99,22.47,88.67,93.33,0.27,20.31
2025-11-14,6.26,22.64,89.67,93.25,0.27,20.65
2025-11-15,1.31,21.64,85.66,93.36,0.22,18.84
2025-11-16,0.7,22.5,86.91,93.39,0.2,19.98
2025-11-17,1.37,22.43,88.58,93.33,0.2,20.27
2025-11-18,25.69,21.84,93.14,93.18,0.23,20.62
2025-11-19,5.43,22.81,89.51,93.18,0.3,20.77
2025-11-20,1.19,23.1,85.01,93.28,0.19,20.11
2025-11-21,6.8,23.45,87.31,93.35,0.21,20.99
2025-11-22,15.85,22.49,94.42,93.32,0.23,21.5
2025-11-23,22.88,22.18,90.72,93.31,0.22,20.44
2025-11-24,6.56,21.57,92.29,93.3,0.34,20.19
2025-11-25,0.43,21.86,87.74,93.28,0.3,19.58
2025-11-26,0.03,21.24,86.19,93.27,0.35,18.72
2025-11-27,0.0,20.64,85.27,93.36,0.29,17.91
2025-11-28,3.34,19.1,89.82,93.27,0.38,17.33
2025-11-29,13.9,19.43,89.15,93.19,0.4,17.52
2025-11-30,2.41,21.21,87.17,93.15,0.32,18.84
2025-12-01,2.61,22.33,89.02,93.19,0.29,20.25
2025-12-02,6.4,22.6,93.77,93.11,0.37,21.5
2025-12-03,7.52,21.86,91.2,93.2,0.31,20.26
2025-12-04,5.55,21.81,86.73,93.33,0.27,19.29
2025-12-05,4.1,22.05,90.6,93.36,0.21,20.35
2025-12-06,0.64,22.07,87.46,93.43,0.26,19.7
2025-12-07,0.61,21.24,87.14,93.41,0.29,18.9
2025-12-08,0.13,21.04,84.26,93.39,0.26,17.98
2025-12-09,0.31,21.05,83.71,93.32,0.2,17.86
2025-12-10,0.02,21.42,85.3,93.34,0.3,18.64
2025-12-11,0.0,20.41,82.77,93.34,0.34,17.05
2025-12-12,0.0,20.75,84.52,93.29,0.29,17.79
2025-12-13,0.0,20.5,84.78,93.32,0.26,17.53
2025-12-14,0.0,19.14,79.52,93.36,0.36,15.05
2025-12-15,0.0,18.26,79.79,93.33,0.36,14.21
2025-12-16,2.5,20.84,86.99,93.25,0.28,18.43
2025-12-17,1.15,22.33,86.72,93.33,0.37,19.81
2025-12-18,0.0,19.24,82.66,93.35,0.42,15.99
2025-12-19,0.0,19.04,80.04,93.26,0.43,15.09
2025-12-20,0.0,18.95,82.51,93.21,0.41,15.64
2025-12-21,0.0,18.85,80.55,93.22,0.36,14.97
2025-12-22,0.0,18.79,83.4,93.25,0.29,15.69
2025-12-23,0.0,19.69,77.65,93.19,0.29,15.29
2025-12-24,0.0,19.92,79.13,93.21,0.36,15.89
2025-12-25,0.0,19.92,79.38,93.28,0.34,15.92
2025-12-26,0.0,20.01,83.47,93.26,0.37,16.81
2025-12-27,0.0,20.74,82.15,93.26,0.28,17.24
2025-12-28,0.0,20.53,81.14,93.34,0.28,16.87
2025-12-29,0.0,21.23,83.28,93.31,0.31,17.95
2025-12-30,0.0,21.99,85.07,93.32,0.32,19.07
2025-12-31,1.06,21.82,86.66,93.22,0.38,19.24
