date,rain,T2M,RH2M,PS,WS2M,T2MDEW
1995-01-01,0.0,-11.6,37.39,62.04,1.47,-23.03
1995-01-02,0.0,-10.14,41.22,62.11,1.38,-20.65
1995-01-03,0.0,-10.92,60.03,62.02,1.68,-17.23
1995-01-04,0.08,-12.59,72.4,62.04,1.49,-16.8
1995-01-05,0.0,-11.87,65.67,62.25,1.36,-17.53
1995-01-06,0.0,-11.44,69.76,62.35,1.04,-16.58
1995-01-07,0.0,-10.55,51.73,62.46,1.54,-18.91
1995-01-08,0.66,-10.52,76.5,62.02,1.23,-14.36
1995-01-09,19.18,-11.61,88.9,61.81,2.52,-13.84
1995-01-10,9.93,-14.05,77.53,62.09,1.43,-17.61
1995-01-11,1.05,-16.47,55.44,62.11,1.34,-23.51
1995-01-12,0.0,-16.96,74.89,62.0,1.24,-20.66
1995-01-13,0.01,-18.09,81.49,61.83,1.39,-20.84
1995-01-14,0.04,-15.41,80.51,62.0,1.31,-18.48
1995-01-15,1.75,-14.3,99.54,62.0,2.16,-15.05
1995-01-16,1.87,-15.08,96.3,62.15,2.75,-15.98
1995-01-17,0.0,-17.72,70.3,62.24,1.12,-22.17
1995-01-18,0.1,-11.02,61.48,62.46,1.02,-17.46
1995-01-19,0.0,-10.56,94.92,62.22,1.46,-11.84
1995-01-20,0.01,-12.12,99.01,61.8,1.98,-12.62
1995-01-21,0.0,-16.63,81.46,61.75,1.21,-19.62
1995-01-22,0.0,-17.51,49.26,61.84,1.44,-26.36
1995-01-23,0.0,-13.69,44.62,62.07,1.16,-24.3
1995-01-24,0.0,-13.82,79.61,62.1,1.24,-16.94
1995-01-25,0.0,-15.75,60.68,62.22,1.47,-21.94
1995-01-26,0.0,-12.28,38.09,62.42,1.36,-24.01
1995-01-27,0.0,-8.89,60.09,62.49,1.26,-16.6
1995-01-28,0.0,-9.98,87.47,62.45,1.28,-12.1
1995-01-29,0.0,-11.85,68.43,62.34,1.36,-17.25
1995-01-30,0.0,-10.39,45.96,62.42,1.42,-20.5
1995-01-31,0.0,-9.47,38.5,62.56,1.43,-21.31
1995-02-01,0.0,-9.15,43.61,62.51,1.31,-19.66
1995-02-02,0.0,-8.49,45.06,62.41,1.38,-18.53
1995-02-03,0.0,-9.53,57.96,62.28,1.59,-16.69
1995-02-04,0.0,-11.4,67.39,62.37,1.44,-16.71
1995-02-05,0.0,-11.57,67.72,62.41,1.4,-17.07
1995-02-06,0.0,-9.13,50.6,62.56,1.64,-18.46
1995-02-07,0.0,-4.11,51.12,62.68,1.51,-13.68
1995-02-08,0.0,-5.57,64.8,62.42,1.56,-12.27
1995-02-09,0.0,-3.61,51.51,62.38,1.3,-12.4
1995-02-10,0.0,-4.17,76.11,62.47,1.41,-8.24
1995-02-11,0.9,-5.62,94.46,62.47,1.87,-7.11
1995-02-12,3.0,-7.01,91.58,62.43,2.38,-8.57
1995-02-13,0.23,-7.31,76.96,62.46,1.75,-11.76
1995-02-14,12.68,-6.38,98.62,62.09,5.67,-7.18
1995-02-15,19.02,-10.82,90.37,61.85,1.51,-12.99
1995-02-16,0.26,-12.02,73.3,61.95,1.49,-16.52
1995-02-17,0.0,-11.96,77.6,61.87,1.99,-15.52
1995-02-18,0.0,-13.8,89.99,61.92,1.93,-15.7
1995-02-19,1.32,-12.68,93.79,61.98,2.17,-14.2
1995-02-20,0.06,-12.48,89.89,62.05,1.96,-14.54
1995-02-21,0.0,-12.26,67.27,61.98,1.35,-18.27
1995-02-22,0.24,-11.69,91.08,61.54,1.73,-13.49
1995-02-23,8.82,-13.16,90.19,61.67,1.67,-15.03
1995-02-24,0.0,-14.4,63.66,61.91,1.68,-20.83
1995-02-25,0.0,-9.26,55.78,62.07,1.35,-18.29
1995-02-26,0.0,-10.37,92.06,62.0,1.81,-11.93
1995-02-27,0.4,-11.33,91.08,62.02,1.87,-12.97
1995-02-28,3.79,-11.11,96.55,62.01,2.61,-12.23
1995-03-01,0.78,-10.5,81.22,62.25,1.64,-13.86
1995-03-02,4.42,-9.21,81.02,62.34,2.21,-12.33
1995-03-03,0.0,-9.69,74.39,62.33,1.51,-14.59
1995-03-04,0.0,-7.09,59.43,62.25,1.49,-14.65
1995-03-05,0.0,-8.61,79.97,62.16,2.43,-12.18
1995-03-06,0.0,-9.56,85.53,62.19,1.84,-12.29
1995-03-07,0.01,-9.86,79.61,62.21,1.93,-13.68
1995-03-08,0.0,-9.92,71.28,62.32,1.6,-15.25
1995-03-09,0.0,-9.07,65.83,62.28,1.83,-15.0
1995-03-10,0.33,-9.52,82.55,62.25,2.63,-12.53
1995-03-11,0.08,-9.96,82.03,62.32,1.58,-13.46
1995-03-12,0.0,-9.15,52.32,62.41,1.81,-18.44
1995-03-13,0.0,-9.14,55.14,62.25,1.59,-17.63
1995-03-14,0.0,-8.76,56.38,62.47,1.68,-17.19
1995-03-15,0.0,-5.91,65.47,62.78,1.01,-12.53
1995-03-16,0.3,-4.13,76.82,62.66,1.78,-8.28
1995-03-17,0.06,-5.41,81.53,62.53,1.6,-8.99
1995-03-18,0.06,-4.77,73.97,62.71,1.65,-10.04
1995-03-19,0.03,-3.99,77.38,62.87,1.6,-8.01
1995-03-20,0.0,-2.72,73.33,62.79,1.4,-7.54
1995-03-21,0.0,-1.05,47.19,62.82,1.54,-11.68
1995-03-22,0.0,0.31,54.48,62.83,1.71,-8.17
1995-03-23,0.0,-0.19,67.03,62.77,1.65,-6.07
1995-03-24,0.0,-0.04,74.22,62.72,1.52,-4.61
1995-03-25,0.11,-2.35,81.71,62.62,1.71,-5.78
1995-03-26,3.87,-3.99,92.24,62.33,1.52,-5.66
1995-03-27,1.16,-3.51,87.9,62.32,1.63,-5.78
1995-03-28,0.01,-3.31,77.32,62.27,2.11,-7.3
1995-03-29,3.48,-4.62,90.68,62.13,3.78,-6.08
1995-03-30,3.61,-5.88,83.55,62.15,2.24,-8.9
1995-03-31,5.02,-6.02,76.01,62.26,2.23,-10.38
1995-04-01,0.03,-6.95,57.43,62.28,1.84,-15.09
1995-04-02,0.0,-7.01,54.35,62.41,2.06,-15.46
1995-04-03,0.0,-6.34,52.84,62.47,1.8,-15.29
1995-04-04,0.0,-7.1,70.74,62.26,2.38,-12.2
1995-04-05,0.0,-7.45,63.9,62.33,1.8,-13.74
1995-04-06,0.0,-4.76,58.82,62.6,1.85,-12.52
1995-04-07,0.0,-1.17,64.26,62.44,1.92,-7.84
1995-04-08,0.0,-0.11,59.68,62.42,1.99,-7.52
1995-04-09,0.0,-0.29,57.03,62.69,2.16,-8.29
1995-04-10,0.32,-1.24,73.57,63.02,2.69,-6.09
1995-04-11,8.38,-3.27,86.95,62.85,2.46,-5.7
1995-04-12,0.16,-5.13,75.88,62.42,2.06,-9.48
1995-04-13,0.0,-2.7,54.76,62.27,1.92,-11.62
1995-04-14,0.0,-2.44,58.84,62.46,1.76,-10.02
1995-04-15,0.0,-2.27,63.78,62.73,1.54,-8.44
1995-04-16,0.0,-0.81,64.55,62.69,2.12,-7.0
1995-04-17,0.53,-0.92,69.3,62.77,1.81,-6.55
1995-04-18,0.06,0.15,72.21,62.88,2.33,-4.87
1995-04-19,0.56,0.3,62.36,62.78,2.03,-6.51
1995-04-20,0.01,-1.6,72.98,62.45,2.21,-6.28
1995-04-21,0.0,0.25,62.97,62.45,2.08,-7.15
1995-04-22,0.0,0.83,75.71,62.68,2.58,-3.68
1995-04-23,1.04,0.02,80.42,62.71,2.35,-3.58
1995-04-24,0.0,1.64,56.54,62.59,2.04,-6.94
1995-04-25,0.12,2.22,61.06,62.77,2.1,-5.07
1995-04-26,0.0,2.23,62.54,62.78,2.16,-5.05
1995-04-27,0.0,2.81,74.71,62.85,2.17,-2.05
1995-04-28,0.0,4.17,47.18,62.93,2.16,-7.46
1995-04-29,0.0,4.68,47.84,62.95,2.08,-6.09
1995-04-30,0.0,3.03,53.94,62.72,2.28,-5.86
1995-05-01,0.0,2.13,56.77,62.59,2.3,-6.2
1995-05-02,0.0,1.13,68.98,62.74,2.44,-4.76
1995-05-03,0.0,1.23,68.43,62.77,2.06,-4.74
1995-05-04,0.0,2.16,54.99,62.66,2.0,-6.65
1995-05-05,0.01,2.64,54.21,62.58,1.87,-6.24
1995-05-06,0.0,3.07,60.27,62.74,1.65,-4.43
1995-05-07,0.0,4.0,62.94,62.91,1.3,-2.9
1995-05-08,0.0,4.87,64.43,62.94,1.63,-2.72
1995-05-09,0.0,5.1,63.63,62.8,1.21,-1.86
1995-05-10,0.0,5.63,64.53,62.75,1.74,-1.54
1995-05-11,0.0,5.8,67.8,62.82,1.99,-0.52
1995-05-12,0.0,6.87,69.25,62.82,1.91,0.62
1995-05-13,0.0,6.89,63.9,62.7,1.84,-0.59
1995-05-14,0.0,7.16,60.45,62.53,1.77,-1.03
1995-05-15,0.0,7.62,52.91,62.48,2.17,-2.17
1995-05-16,0.0,7.44,42.44,62.51,1.91,-5.8
1995-05-17,0.0,7.43,45.89,62.52,2.23,-4.63
1995-05-18,0.0,6.08,58.03,62.49,2.74,-2.76
1995-05-19,0.0,4.74,75.04,62.63,3.11,-0.05
1995-05-20,0.0,4.48,62.18,62.78,2.47,-3.11
1995-05-21,0.0,3.56,53.31,62.62,2.57,-5.65
1995-05-22,0.0,3.0,55.33,62.56,2.6,-5.76
1995-05-23,0.0,3.14,49.89,62.72,2.37,-7.6
1995-05-24,0.0,3.65,43.94,62.81,2.43,-9.68
1995-05-25,0.0,3.61,53.63,62.87,2.32,-5.98
1995-05-26,0.0,5.36,41.94,62.89,2.15,-8.06
1995-05-27,0.0,6.57,26.25,62.9,2.44,-13.2
1995-05-28,0.0,6.97,25.1,62.85,2.41,-13.01
1995-05-29,0.0,6.68,27.79,62.84,2.0,-11.32
1995-05-30,0.0,7.42,27.97,62.86,2.19,-10.47
1995-05-31,0.0,8.44,34.8,62.91,2.31,-6.76
1995-06-01,0.0,8.73,36.78,62.92,2.18,-6.31
1995-06-02,0.0,8.7,32.5,62.84,2.36,-8.25
1995-06-03,0.0,7.88,38.09,62.83,2.31,-6.21
1995-06-04,0.0,8.21,37.7,62.78,2.2,-6.54
1995-06-05,0.0,9.01,26.84,62.74,2.08,-10.15
1995-06-06,0.0,9.52,20.35,62.71,2.06,-13.3
1995-06-07,0.0,9.18,27.38,62.7,2.13,-9.58
1995-06-08,0.0,10.0,32.29,62.65,2.13,-6.64
1995-06-09,0.0,10.37,33.99,62.59,2.07,-5.75
1995-06-10,0.0,10.43,36.19,62.57,2.4,-5.02
1995-06-11,0.0,9.33,45.58,62.53,2.31,-2.71
1995-06-12,0.0,8.97,51.61,62.56,2.35,-1.65
1995-06-13,0.0,9.08,54.58,62.68,2.36,-0.61
1995-06-14,0.0,9.72,48.41,62.75,2.08,-2.16
1995-06-15,0.0,10.23,44.18,62.72,1.94,-3.05
1995-06-16,0.0,9.99,46.14,62.65,2.22,-2.33
1995-06-17,0.0,9.32,54.39,62.53,2.56,-0.68
1995-06-18,0.23,8.47,74.65,62.54,2.82,3.46
1995-06-19,6.66,8.44,75.92,62.53,2.64,3.4
1995-06-20,8.17,6.64,78.45,62.54,2.33,2.37
1995-06-21,9.73,6.04,68.33,62.58,2.67,-0.32
1995-06-22,4.99,4.44,78.26,62.51,2.54,0.38
1995-06-23,6.61,4.46,74.78,62.43,2.2,-0.45
1995-06-24,0.03,6.44,69.0,62.48,1.84,0.04
1995-06-25,0.01,7.67,77.17,62.64,2.05,3.13
1995-06-26,2.28,8.68,73.72,62.69,2.21,3.23
1995-06-27,6.5,9.11,78.25,62.67,2.34,4.61
1995-06-28,4.09,9.11,74.46,62.6,2.32,3.89
1995-06-29,0.0,8.97,69.65,62.53,2.17,2.4
1995-06-30,0.78,8.69,72.8,62.43,2.1,2.94
1995-07-01,0.27,8.41,74.05,62.26,2.3,3.19
1995-07-02,1.72,8.56,74.0,62.22,2.21,3.41
1995-07-03,2.78,8.26,77.26,62.42,2.14,3.77
1995-07-04,5.72,8.23,84.01,62.45,2.28,5.15
1995-07-05,1.95,9.04,81.76,62.42,2.39,5.51
1995-07-06,0.03,9.12,81.63,62.45,2.21,5.52
1995-07-07,4.52,9.38,80.0,62.53,2.05,5.4
1995-07-08,7.17,9.69,82.07,62.59,1.97,6.12
1995-07-09,8.46,9.32,83.97,62.53,2.4,6.25
1995-07-10,3.67,8.81,84.1,62.41,2.67,5.76
1995-07-11,9.89,8.82,81.4,62.44,2.35,5.17
1995-07-12,10.12,8.77,79.74,62.51,2.08,4.61
1995-07-13,4.03,9.26,84.5,62.53,2.08,6.15
1995-07-14,0.15,9.71,84.03,62.57,2.24,6.62
1995-07-15,0.02,10.18,83.06,62.45,2.29,6.84
1995-07-16,14.5,10.88,82.23,62.35,2.02,7.39
1995-07-17,10.86,11.34,85.25,62.41,2.02,8.46
1995-07-18,31.13,10.74,88.42,62.52,1.64,8.52
1995-07-19,2.78,9.48,87.1,62.61,1.87,7.11
1995-07-20,4.86,9.37,86.82,62.64,2.31,6.95
1995-07-21,3.88,8.66,91.24,62.63,2.21,7.02
1995-07-22,3.65,8.15,88.42,62.58,1.58,6.06
1995-07-23,7.41,8.99,87.69,62.65,1.99,6.66
1995-07-24,1.12,9.45,89.53,62.73,2.5,7.49
1995-07-25,2.62,9.46,88.2,62.72,2.34,7.22
1995-07-26,0.14,9.3,81.6,62.56,2.3,5.73
1995-07-27,4.23,7.98,89.04,62.58,2.97,5.95
1995-07-28,29.07,8.36,90.53,62.65,1.99,6.62
1995-07-29,14.36,9.38,90.95,62.55,2.44,7.73
1995-07-30,1.39,9.44,88.38,62.49,2.21,7.3
1995-07-31,0.53,10.3,85.5,62.52,2.02,7.59
1995-08-01,13.14,10.54,89.44,62.53,2.12,8.58
1995-08-02,10.11,9.23,91.26,62.38,2.0,7.58
1995-08-03,4.99,8.44,90.71,62.38,2.08,6.76
1995-08-04,9.33,8.39,92.21,62.57,1.48,6.96
1995-08-05,1.98,9.5,89.64,62.63,2.21,7.64
1995-08-06,1.23,8.83,91.21,62.5,2.13,7.26
1995-08-07,2.02,9.06,85.06,62.37,2.16,6.38
1995-08-08,4.65,7.89,90.77,62.38,1.68,6.19
1995-08-09,14.93,7.99,90.15,62.6,1.97,6.16
1995-08-10,3.66,9.44,87.38,62.85,1.87,7.17
1995-08-11,3.88,9.67,92.88,62.87,1.75,8.35
1995-08-12,3.21,9.99,89.94,62.47,1.46,8.01
1995-08-13,11.46,8.72,87.59,62.12,1.84,6.41
1995-08-14,19.43,8.76,83.63,62.22,1.37,5.42
1995-08-15,4.87,9.63,78.15,62.5,1.65,4.63
1995-08-16,3.35,9.17,91.92,62.67,1.47,7.57
1995-08-17,22.13,9.07,92.83,62.8,1.84,7.74
1995-08-18,17.12,8.58,94.49,62.8,1.95,7.54
1995-08-19,12.97,8.01,85.61,62.69,1.49,5.5
1995-08-20,13.96,7.45,94.57,62.66,1.54,6.42
1995-08-21,4.25,8.0,89.05,62.67,1.88,6.09
1995-08-22,27.79,8.04,92.4,62.68,2.2,6.63
1995-08-23,11.03,8.93,90.41,62.69,2.05,7.07
1995-08-24,0.28,8.92,86.51,62.8,1.71,6.5
1995-08-25,9.56,9.15,90.97,62.82,1.9,7.51
1995-08-26,4.94,8.56,92.91,62.68,1.71,7.24
1995-08-27,7.2,8.31,92.8,62.59,1.85,6.96
1995-08-28,5.12,6.86,92.71,62.53,1.49,5.54
1995-08-29,9.29,7.23,85.07,62.45,1.54,4.61
1995-08-30,10.03,7.2,91.66,62.49,2.0,5.67
1995-08-31,7.87,6.92,91.49,62.52,2.22,5.37
1995-09-01,6.71,6.44,89.52,62.57,2.09,4.5
1995-09-02,0.62,6.22,82.28,62.61,1.45,3.14
1995-09-03,4.43,7.0,90.15,62.38,2.02,5.29
1995-09-04,15.62,7.18,92.36,62.28,2.54,5.77
1995-09-05,37.82,6.88,94.12,62.38,2.95,5.77
1995-09-06,1.93,7.09,92.62,62.56,2.4,5.8
1995-09-07,0.09,7.4,86.82,62.7,1.62,4.94
1995-09-08,0.24,7.37,85.32,62.77,1.61,4.77
1995-09-09,10.79,7.24,90.58,62.76,1.72,5.45
1995-09-10,1.11,7.44,90.37,62.81,1.88,5.62
1995-09-11,12.42,6.27,88.16,62.93,1.77,4.16
1995-09-12,0.8,5.43,81.56,63.01,1.7,2.17
1995-09-13,4.94,5.74,75.87,62.91,1.62,1.31
1995-09-14,0.09,5.01,67.57,62.78,1.47,-1.47
1995-09-15,11.34,4.35,76.02,62.73,1.56,-0.2
1995-09-16,0.3,4.34,76.25,62.76,1.39,-0.04
1995-09-17,0.0,4.68,70.25,62.89,1.48,-0.98
1995-09-18,0.0,5.24,73.09,62.84,1.44,0.05
1995-09-19,0.0,4.78,66.41,62.76,1.65,-1.79
1995-09-20,0.0,4.82,52.79,62.76,1.59,-4.79
1995-09-21,0.0,4.57,59.17,62.67,1.52,-3.73
1995-09-22,0.0,6.23,70.82,62.59,1.45,0.54
1995-09-23,0.0,6.22,82.64,62.63,1.53,2.95
1995-09-24,0.0,4.62,75.84,62.77,1.59,-0.3
1995-09-25,0.0,3.63,72.32,62.77,1.53,-1.73
1995-09-26,0.16,4.36,82.95,62.78,1.37,1.05
1995-09-27,0.01,5.43,85.5,62.77,1.01,2.52
1995-09-28,0.09,4.84,89.77,62.74,1.73,2.9
1995-09-29,4.35,3.32,75.36,62.78,1.48,-1.32
1995-09-30,22.44,3.65,68.05,62.7,1.61,-2.46
1995-10-01,0.0,3.95,69.65,62.79,1.49,-1.77
1995-10-02,0.0,3.08,71.65,62.87,1.6,-2.15
1995-10-03,0.0,2.8,67.31,62.81,1.6,-3.52
1995-10-04,0.0,0.82,67.77,62.69,1.65,-4.9
1995-10-05,0.0,1.46,59.19,62.68,1.49,-6.22
1995-10-06,0.0,2.9,64.17,62.72,1.3,-4.21
1995-10-07,0.0,3.57,78.48,62.83,1.27,-0.66
1995-10-08,0.0,4.21,75.94,62.92,1.35,-0.52
1995-10-09,0.0,3.17,80.33,62.99,1.4,-0.66
1995-10-10,0.0,2.65,70.21,62.84,1.33,-3.28
1995-10-11,0.0,2.6,71.11,62.83,1.42,-3.04
1995-10-12,0.0,3.67,56.54,62.82,1.21,-5.2
1995-10-13,0.0,4.03,53.3,62.9,1.35,-5.22
1995-10-14,0.0,2.87,52.85,62.86,1.24,-7.29
1995-10-15,0.0,1.68,70.74,62.88,1.35,-3.87
1995-10-16,0.32,1.28,71.57,62.91,1.41,-4.07
1995-10-17,1.02,-0.06,84.98,62.75,1.61,-2.69
1995-10-18,0.01,-0.78,72.36,62.71,1.61,-5.71
1995-10-19,0.0,-1.57,60.74,62.64,1.57,-8.84
1995-10-20,0.03,-2.93,66.72,62.68,1.66,-8.69
1995-10-21,0.0,-3.03,83.85,62.71,1.74,-6.03
1995-10-22,0.0,-3.69,69.45,62.71,1.43,-9.11
1995-10-23,0.0,-2.16,50.34,62.78,1.34,-11.72
1995-10-24,0.0,-1.24,37.22,62.83,1.34,-15.12
1995-10-25,0.0,-1.72,53.55,62.81,1.54,-10.66
1995-10-26,0.0,-2.41,66.34,62.88,1.61,-8.54
1995-10-27,0.0,-0.64,41.41,62.83,1.33,-12.52
1995-10-28,0.0,-0.24,45.81,62.81,1.48,-11.88
1995-10-29,0.0,-1.77,62.0,62.72,1.74,-8.64
1995-10-30,0.0,-3.21,81.31,62.58,1.6,-6.67
1995-10-31,0.23,-4.35,86.81,62.48,1.63,-6.87
1995-11-01,0.13,-3.92,67.85,62.42,1.32,-9.71
1995-11-02,0.0,-1.41,51.43,62.5,1.15,-10.67
1995-11-03,0.0,-1.14,49.52,62.52,1.43,-10.91
1995-11-04,0.0,-1.21,51.6,62.56,1.33,-10.61
1995-11-05,0.0,-2.71,66.3,62.63,1.31,-8.93
1995-11-06,0.0,-3.37,65.4,62.69,1.4,-9.73
1995-11-07,0.0,-2.97,52.2,62.78,1.48,-11.77
1995-11-08,0.0,-2.29,48.96,62.86,1.27,-12.0
1995-11-09,0.0,-2.0,50.72,62.76,1.34,-11.52
1995-11-10,1.19,-1.55,59.82,62.46,1.11,-9.02
1995-11-11,0.14,-1.73,70.89,62.56,1.26,-6.93
1995-11-12,0.0,0.63,41.68,62.62,1.43,-11.38
1995-11-13,0.0,1.6,35.54,62.87,1.49,-12.32
1995-11-14,0.0,2.97,28.82,63.08,1.36,-13.52
1995-11-15,0.0,1.39,29.96,62.85,1.33,-14.57
1995-11-16,0.0,-1.87,46.92,62.65,1.34,-12.88
1995-11-17,0.0,-4.56,71.11,62.66,1.53,-9.58
1995-11-18,0.0,-6.0,69.77,62.51,1.29,-11.5
1995-11-19,0.0,-5.23,59.4,62.49,1.46,-13.09
1995-11-20,0.0,-3.62,37.55,62.5,1.37,-16.61
1995-11-21,0.0,-3.69,39.79,62.58,1.24,-16.03
1995-11-22,0.0,-5.08,39.83,62.58,1.44,-16.71
1995-11-23,0.0,-6.31,44.19,62.65,1.19,-16.8
1995-11-24,0.0,-6.9,53.97,62.51,1.24,-15.27
1995-11-25,0.0,-6.1,42.52,62.25,1.18,-17.26
1995-11-26,0.0,-3.82,32.13,62.3,1.11,-18.18
1995-11-27,0.0,-5.2,47.42,62.36,1.7,-15.45
1995-11-28,0.01,-9.02,68.42,62.29,1.73,-14.53
1995-11-29,0.62,-8.73,75.32,62.47,1.88,-13.3
1995-11-30,0.0,-7.91,52.92,62.54,1.41,-16.65
1995-12-01,0.0,-6.95,35.66,62.43,1.07,-20.11
1995-12-02,0.0,-5.23,38.58,62.5,1.21,-17.58
1995-12-03,0.0,-5.73,50.71,62.55,1.16,-14.46
1995-12-04,0.0,-6.35,45.62,62.5,1.2,-16.19
1995-12-05,0.0,-5.27,32.97,62.53,1.1,-18.95
1995-12-06,0.0,-4.38,50.33,62.62,1.03,-13.27
1995-12-07,0.0,-3.2,49.47,62.73,1.07,-12.5
1995-12-08,0.02,-4.41,77.68,62.71,1.45,-8.32
1995-12-09,0.11,-6.34,87.02,62.54,1.21,-8.89
1995-12-10,0.0,-7.27,76.79,62.43,2.05,-11.3
1995-12-11,0.06,-9.1,84.47,62.54,2.12,-11.94
1995-12-12,0.0,-6.88,31.93,62.58,1.03,-20.69
1995-12-13,0.0,-6.52,69.04,62.56,1.16,-11.79
1995-12-14,0.0,-6.48,94.44,62.4,1.71,-7.63
1995-12-15,0.0,-7.48,67.09,62.43,1.77,-13.36
1995-12-16,0.0,-8.48,56.14,62.56,1.23,-15.93
1995-12-17,0.0,-4.42,56.52,62.67,1.07,-11.96
1995-12-18,0.0,-5.87,88.2,62.64,1.31,-8.15
1995-12-19,0.0,-5.66,52.93,62.57,1.12,-14.02
1995-12-20,0.0,-7.46,70.12,62.48,1.73,-12.71
1995-12-21,0.1,-9.04,88.27,62.36,1.64,-11.56
1995-12-22,0.01,-10.28,86.12,62.35,1.55,-12.73
1995-12-23,0.14,-10.02,57.6,62.22,1.09,-17.63
1995-12-24,4.47,-9.55,57.65,62.22,1.22,-17.16
1995-12-25,0.0,-10.75,67.77,62.32,1.19,-16.4
1995-12-26,0.0,-8.52,46.11,62.57,1.35,-18.26
1995-12-27,0.0,-6.9,48.44,62.69,1.09,-15.88
1995-12-28,0.0,-8.57,71.63,62.69,1.22,-13.15
1995-12-29,0.0,-10.18,68.3,62.58,1.37,-15.5
1995-12-30,0.0,-9.5,69.0,62.46,1.38,-14.93
1995-12-31,0.0,-9.0,84.27,62.41,1.16,-12.15
1996-01-01,0.0,-9.31,65.21,62.35,1.01,-15.57
1996-01-02,0.01,-9.47,62.88,62.41,1.4,-16.31
1996-01-03,0.02,-9.05,78.18,62.39,1.14,-13.17
1996-01-04,0.51,-7.7,61.99,62.28,1.15,-14.24
1996-01-05,0.0,-7.34,50.13,62.26,1.13,-16.35
1996-01-06,0.0,-7.8,47.23,62.31,1.28,-17.15
1996-01-07,0.0,-7.13,44.85,62.39,1.22,-17.36
1996-01-08,0.0,-5.86,42.57,62.56,1.25,-16.53
1996-01-09,0.0,-7.55,49.66,62.44,1.41,-16.84
1996-01-10,0.09,-11.0,72.83,62.1,1.7,-15.41
1996-01-11,0.0,-11.75,85.88,61.97,2.14,-14.59
1996-01-12,0.0,-11.13,45.46,61.99,1.34,-20.98
1996-01-13,0.01,-9.79,84.53,62.05,1.94,-12.64
1996-01-14,0.21,-9.51,94.4,61.92,2.65,-10.97
1996-01-15,5.22,-8.02,99.04,61.58,7.14,-8.44
1996-01-16,13.76,-12.54,94.82,61.7,3.95,-13.69
1996-01-17,5.6,-16.41,73.19,61.99,1.49,-21.47
1996-01-18,4.56,-11.02,36.65,62.13,0.99,-25.03
1996-01-19,0.43,-11.88,79.17,62.08,1.07,-15.07
1996-01-20,0.0,-13.52,85.1,61.97,1.22,-15.86
1996-01-21,0.0,-14.12,83.64,62.03,1.17,-16.76
1996-01-22,0.79,-12.82,96.76,62.19,2.47,-13.63
1996-01-23,1.13,-14.39,86.94,62.19,1.81,-16.76
1996-01-24,0.06,-12.47,59.82,62.22,1.6,-19.5
1996-01-25,0.0,-9.68,85.05,62.19,1.42,-12.63
1996-01-26,0.0,-12.69,51.9,62.07,1.62,-20.94
1996-01-27,0.0,-12.7,41.25,62.31,1.71,-23.07
1996-01-28,0.0,-11.5,31.9,62.41,1.22,-25.01
1996-01-29,0.0,-11.0,30.95,62.3,1.03,-25.17
1996-01-30,0.0,-7.74,33.2,62.33,1.1,-21.46
1996-01-31,0.0,-8.21,45.74,62.34,1.08,-17.81
1996-02-01,0.0,-8.58,57.1,62.33,1.2,-15.79
1996-02-02,0.0,-8.91,64.2,62.34,1.33,-15.18
1996-02-03,0.0,-8.05,53.01,62.51,1.55,-16.73
1996-02-04,0.0,-4.6,59.38,62.52,1.4,-11.61
1996-02-05,0.0,-7.43,63.37,62.43,1.51,-14.12
1996-02-06,0.0,-5.75,50.67,62.48,1.4,-15.07
1996-02-07,0.0,-5.21,67.3,62.49,1.41,-11.24
1996-02-08,0.0,-8.06,88.64,62.32,1.82,-10.37
1996-02-09,0.15,-8.98,86.91,62.2,1.69,-11.62
1996-02-10,22.79,-9.42,84.64,62.13,1.62,-12.32
1996-02-11,4.02,-10.5,71.11,62.27,1.46,-15.3
1996-02-12,0.1,-7.7,58.09,62.38,1.26,-15.2
1996-02-13,0.0,-6.73,57.77,62.3,1.28,-14.41
1996-02-14,0.0,-8.55,69.45,62.17,1.98,-13.85
1996-02-15,1.05,-9.92,95.46,62.02,3.12,-10.9
1996-02-16,0.0,-10.84,65.88,62.26,1.46,-17.16
1996-02-17,0.0,-8.2,45.12,62.42,1.32,-18.96
1996-02-18,0.0,-5.46,69.11,62.49,1.55,-10.67
1996-02-19,0.02,-8.04,76.27,62.22,1.48,-12.5
1996-02-20,0.03,-9.41,74.75,61.99,1.51,-14.82
1996-02-21,0.0,-9.33,79.56,62.1,1.4,-13.54
1996-02-22,0.0,-8.53,68.47,62.15,1.3,-14.3
1996-02-23,0.0,-6.55,94.67,62.31,2.21,-8.01
1996-02-24,4.98,-6.06,97.02,62.25,5.85,-6.85
1996-02-25,4.46,-7.42,92.24,62.27,2.7,-9.28
1996-02-26,13.05,-8.67,96.81,61.99,2.29,-9.71
1996-02-27,10.35,-9.83,68.9,62.31,1.48,-15.32
1996-02-28,0.16,-8.09,68.19,62.46,1.6,-13.55
1996-02-29,0.0,-7.25,51.78,62.64,1.5,-16.88
1996-03-01,0.0,-6.02,71.27,62.81,1.21,-11.01
1996-03-02,0.0,-6.55,85.7,62.63,1.57,-9.38
1996-03-03,0.0,-5.89,73.26,62.55,1.39,-10.86
1996-03-04,2.29,-6.17,73.29,62.68,1.59,-11.47
1996-03-05,0.83,-5.09,73.86,62.64,1.45,-10.18
1996-03-06,0.0,-4.17,71.52,62.52,1.57,-9.6
1996-03-07,0.19,-6.4,87.61,62.47,2.1,-8.86
1996-03-08,0.0,-5.3,55.11,62.51,1.46,-13.9
1996-03-09,0.0,-2.23,76.48,62.63,1.54,-6.45
1996-03-10,0.0,-1.93,74.19,62.67,1.45,-6.38
1996-03-11,0.0,-2.03,63.53,62.61,1.85,-8.98
1996-03-12,0.0,-3.54,80.4,62.69,1.33,-6.92
1996-03-13,0.0,-2.27,56.11,62.43,1.63,-10.93
1996-03-14,0.0,-1.57,61.3,62.38,1.84,-8.6
1996-03-15,0.05,-3.69,90.44,62.47,2.67,-5.46
1996-03-16,1.04,-4.54,88.95,62.42,1.98,-6.54
1996-03-17,0.32,-4.85,92.67,62.28,2.37,-6.39
1996-03-18,6.53,-5.49,92.12,62.4,3.05,-7.15
1996-03-19,8.47,-5.9,78.73,62.24,1.9,-9.65
1996-03-20,0.0,-5.16,63.75,62.22,1.73,-11.83
1996-03-21,0.17,-6.38,86.3,62.4,1.61,-9.15
1996-03-22,4.42,-5.56,86.83,62.29,2.41,-8.25
1996-03-23,0.76,-4.61,56.8,62.3,1.62,-13.41
1996-03-24,0.06,-3.54,63.57,62.26,1.72,-10.09
1996-03-25,0.0,-2.94,72.21,62.3,2.04,-7.87
1996-03-26,0.0,-2.8,62.28,62.18,1.88,-10.28
1996-03-27,0.07,0.29,43.36,62.31,1.88,-11.47
1996-03-28,0.02,-0.76,85.47,62.51,2.5,-3.31
1996-03-29,1.57,-1.36,89.06,62.35,4.37,-3.21
1996-03-30,0.58,-4.1,73.79,62.12,3.99,-8.56
1996-03-31,0.77,-7.66,63.2,62.02,2.57,-14.53
1996-04-01,0.0,-6.22,48.98,62.08,2.08,-16.24
1996-04-02,0.0,-4.37,46.54,62.29,1.94,-15.45
1996-04-03,0.0,-4.5,60.93,62.43,2.07,-11.96
1996-04-04,0.0,-3.48,56.47,62.5,2.02,-12.14
1996-04-05,0.0,-3.01,60.42,62.62,2.29,-10.27
1996-04-06,0.01,-2.79,69.79,62.7,2.22,-8.26
1996-04-07,1.78,-3.25,85.34,62.71,3.61,-6.0
1996-04-08,0.5,-3.81,63.08,62.57,2.3,-10.88
1996-04-09,1.34,-4.09,58.24,62.35,1.88,-12.06
1996-04-10,0.0,-3.41,53.46,62.35,2.02,-12.4
1996-04-11,0.0,-3.16,55.84,62.51,2.12,-11.69
1996-04-12,0.0,-2.45,55.88,62.77,1.98,-10.98
1996-04-13,0.0,-1.61,54.34,62.82,1.51,-10.44
1996-04-14,0.0,1.1,40.83,62.98,1.65,-11.54
1996-04-15,0.0,2.74,43.81,63.05,1.81,-8.74
1996-04-16,0.0,2.37,54.74,62.84,1.95,-6.51
1996-04-17,0.0,1.83,59.1,62.7,1.72,-5.82
1996-04-18,0.0,2.61,56.67,62.8,1.89,-5.8
1996-04-19,0.01,3.29,56.89,62.81,1.98,-5.15
1996-04-20,0.02,1.65,62.04,62.74,2.43,-5.46
1996-04-21,0.01,0.46,70.47,62.63,2.47,-5.03
1996-04-22,0.02,-0.12,80.31,62.69,2.4,-3.78
1996-04-23,1.12,-0.08,76.71,62.55,2.12,-4.68
1996-04-24,5.43,0.76,80.75,62.4,2.46,-2.79
1996-04-25,0.0,1.64,61.51,62.41,2.13,-6.0
1996-04-26,0.01,3.45,48.06,62.6,2.12,-7.56
1996-04-27,0.0,3.44,59.03,62.66,2.48,-4.44
1996-04-28,0.0,3.79,53.55,62.68,2.36,-5.97
1996-04-29,0.0,4.31,47.99,62.73,1.95,-7.04
1996-04-30,0.01,4.08,55.46,62.68,2.57,-4.79
1996-05-01,1.68,3.03,57.52,62.59,2.19,-5.35
1996-05-02,0.33,2.68,54.69,62.64,2.32,-6.23
1996-05-03,0.0,2.63,53.28,62.77,2.86,-6.26
1996-05-04,19.56,1.76,55.0,62.83,2.34,-6.78
1996-05-05,35.48,1.29,65.78,62.73,1.69,-4.78
1996-05-06,0.0,2.66,47.95,62.72,1.89,-7.95
1996-05-07,0.0,3.65,45.07,62.73,2.03,-7.78
1996-05-08,0.0,3.81,42.7,62.57,2.0,-8.11
1996-05-09,0.0,3.11,43.24,62.45,2.15,-8.49
1996-05-10,0.0,2.92,44.34,62.51,2.22,-8.24
1996-05-11,0.03,-0.04,77.46,62.6,3.0,-4.03
1996-05-12,0.01,0.99,54.78,62.59,2.17,-8.5
1996-05-13,0.09,2.29,56.4,62.55,2.63,-5.8
1996-05-14,0.0,1.82,61.34,62.52,2.23,-5.66
1996-05-15,0.01,2.22,69.64,62.67,2.34,-3.81
1996-05-16,0.01,1.26,75.46,62.78,2.53,-3.25
1996-05-17,0.08,1.16,67.86,62.68,2.36,-5.2
1996-05-18,0.01,1.83,63.29,62.54,2.32,-5.38
1996-05-19,0.03,1.81,66.48,62.59,1.98,-4.5
1996-05-20,0.01,2.64,70.06,62.71,1.61,-3.42
1996-05-21,0.0,3.19,66.43,62.85,1.97,-2.83
1996-05-22,0.0,4.75,66.31,62.87,2.04,-1.62
1996-05-23,0.0,4.48,76.87,62.79,2.02,0.3
1996-05-24,0.0,6.41,69.16,62.87,2.25,0.29
1996-05-25,0.01,6.46,51.88,62.91,2.4,-4.9
1996-05-26,0.01,6.34,43.8,62.74,2.29,-6.5
1996-05-27,0.0,6.75,54.03,62.53,2.23,-3.3
1996-05-28,0.0,5.7,60.18,62.39,2.46,-2.37
1996-05-29,0.0,4.96,58.85,62.49,2.65,-3.04
1996-05-30,3.74,5.16,59.71,62.74,1.95,-2.95
1996-05-31,0.0,5.57,51.47,62.87,2.28,-4.83
1996-06-01,0.0,5.4,49.04,62.74,2.25,-5.09
1996-06-02,0.0,5.38,52.5,62.58,2.11,-4.03
1996-06-03,0.0,5.56,44.95,62.62,2.22,-6.06
1996-06-04,0.0,4.94,50.89,62.57,2.57,-5.28
1996-06-05,2.18,2.68,76.2,62.46,2.58,-1.73
1996-06-06,0.29,4.37,63.73,62.56,1.98,-2.81
1996-06-07,0.0,5.97,52.67,62.75,1.95,-4.34
1996-06-08,0.04,7.64,49.88,62.85,1.84,-3.39
1996-06-09,16.62,6.92,69.81,62.97,1.81,0.88
1996-06-10,0.29,7.91,73.69,62.97,1.45,2.56
1996-06-11,0.21,8.53,75.85,63.02,1.65,3.75
1996-06-12,0.33,9.21,79.52,62.94,2.01,5.11
1996-06-13,0.14,8.71,81.92,62.86,2.28,5.17
1996-06-14,1.9,8.39,73.35,62.72,2.3,2.85
1996-06-15,1.38,7.41,71.93,62.6,2.19,1.52
1996-06-16,1.72,7.8,72.1,62.63,1.99,1.71
1996-06-17,1.02,8.45,73.77,62.67,2.07,2.99
1996-06-18,0.02,9.53,72.77,62.63,2.03,3.79
1996-06-19,10.4,9.49,75.43,62.52,1.99,4.18
1996-06-20,2.56,9.24,81.86,62.48,2.2,5.78
1996-06-21,5.06,9.45,77.51,62.5,2.46,4.98
1996-06-22,36.39,9.78,82.18,62.41,2.55,6.32
1996-06-23,7.75,9.56,86.01,62.38,2.46,6.93
1996-06-24,1.96,9.14,88.76,62.45,2.24,7.02
1996-06-25,3.08,8.63,93.05,62.48,1.98,7.31
1996-06-26,21.52,9.33,90.8,62.6,2.41,7.71
1996-06-27,6.09,8.89,86.27,62.68,2.03,6.28
1996-06-28,6.95,8.6,84.5,62.6,2.12,5.69
1996-06-29,11.85,7.63,85.81,62.58,2.21,4.97
1996-06-30,3.49,6.59,72.86,62.54,2.22,1.36
1996-07-01,0.28,5.86,71.14,62.5,1.97,0.33
1996-07-02,0.79,6.79,82.99,62.5,1.86,3.52
1996-07-03,0.06,8.29,83.72,62.65,2.02,5.31
1996-07-04,0.01,7.9,84.71,62.69,2.47,5.09
1996-07-05,8.73,7.08,82.16,62.5,2.32,3.66
1996-07-06,0.26,6.93,78.67,62.51,2.19,2.75
1996-07-07,0.0,7.73,78.52,62.72,1.96,3.64
1996-07-08,0.0,10.14,78.54,62.87,1.71,5.67
1996-07-09,4.23,10.9,83.49,62.83,2.05,7.67
1996-07-10,3.39,11.05,85.04,62.51,2.19,8.19
1996-07-11,5.16,9.95,85.76,62.32,2.64,7.31
1996-07-12,4.2,8.84,84.93,62.38,2.24,5.98
1996-07-13,5.17,8.98,83.14,62.49,2.15,5.62
1996-07-14,0.32,8.78,76.95,62.61,2.13,4.11
1996-07-15,2.27,8.03,71.59,62.68,1.88,2.49
1996-07-16,2.5,8.73,79.44,62.59,1.95,4.99
1996-07-17,11.06,9.91,84.42,62.62,2.26,6.9
1996-07-18,16.08,9.72,84.06,62.54,2.28,6.66
1996-07-19,2.51,8.63,79.5,62.44,2.19,4.23
1996-07-20,1.92,8.86,80.25,62.44,2.04,4.95
1996-07-21,19.69,9.46,83.16,62.46,1.98,6.13
1996-07-22,15.95,9.68,89.47,62.43,2.2,7.71
1996-07-23,6.34,9.46,91.63,62.36,2.38,7.93
1996-07-24,1.59,9.3,91.97,62.33,2.56,7.81
1996-07-25,4.78,8.78,87.89,62.39,2.03,6.62
1996-07-26,4.3,9.77,83.44,62.49,1.85,6.7
1996-07-27,0.12,11.07,87.46,62.43,1.88,8.69
1996-07-28,4.8,11.24,88.28,62.4,1.53,9.03
1996-07-29,2.83,11.77,84.92,62.36,1.81,8.61
1996-07-30,7.97,11.44,86.16,62.4,1.79,8.7
1996-07-31,16.42,10.79,88.25,62.42,1.57,8.47
1996-08-01,8.78,9.4,88.15,62.53,1.93,7.16
1996-08-02,7.52,8.86,91.3,62.52,1.91,7.22
1996-08-03,6.02,9.13,87.51,62.55,1.61,6.84
1996-08-04,3.31,9.88,89.43,62.59,2.06,7.91
1996-08-05,34.94,8.47,90.5,62.6,1.63,6.75
1996-08-06,2.58,8.97,84.14,62.52,1.81,6.17
1996-08-07,9.64,9.82,89.79,62.41,2.12,7.94
1996-08-08,16.58,9.85,87.01,62.4,2.03,7.46
1996-08-09,13.39,9.55,90.41,62.47,2.16,7.82
1996-08-10,3.32,9.72,90.6,62.58,2.11,8.08
1996-08-11,3.01,9.69,92.38,62.66,1.93,8.37
1996-08-12,5.13,9.25,94.11,62.65,1.52,8.14
1996-08-13,8.12,9.31,91.76,62.42,1.36,7.71
1996-08-14,33.07,8.99,90.23,62.45,1.6,7.12
1996-08-15,11.25,8.52,92.64,62.65,1.9,7.2
1996-08-16,6.31,8.71,91.72,62.68,2.11,7.17
1996-08-17,3.68,8.52,91.41,62.66,1.75,6.84
1996-08-18,1.52,9.18,86.31,62.57,1.88,6.49
1996-08-19,45.55,7.79,85.53,62.57,1.58,5.08
1996-08-20,24.03,6.73,85.3,62.63,1.6,4.16
1996-08-21,14.93,7.13,89.39,62.63,1.85,5.26
1996-08-22,8.87,7.14,90.2,62.65,2.02,5.31
1996-08-23,7.5,6.37,92.03,62.65,2.18,4.88
1996-08-24,18.75,6.52,89.38,62.66,2.0,4.62
1996-08-25,0.59,7.64,87.88,62.74,1.7,5.42
1996-08-26,0.0,8.15,78.27,62.9,1.6,4.1
1996-08-27,0.0,8.46,83.32,62.95,1.4,5.14
1996-08-28,5.66,9.12,90.16,62.87,1.42,7.31
1996-08-29,4.73,9.48,90.07,62.64,1.72,7.66
1996-08-30,11.46,8.88,89.65,62.68,1.9,7.04
1996-08-31,11.83,8.54,83.57,62.75,1.71,5.34
1996-09-01,14.13,7.63,78.78,62.72,1.57,3.38
1996-09-02,7.92,7.36,80.77,62.69,1.65,3.82
1996-09-03,11.49,5.48,81.24,62.71,1.19,2.29
1996-09-04,21.76,7.23,84.66,62.7,1.58,4.53
1996-09-05,8.49,7.37,89.0,62.76,1.99,5.36
1996-09-06,10.7,5.47,89.33,62.78,1.48,3.71
1996-09-07,6.17,6.09,86.2,62.67,1.11,3.7
1996-09-08,3.29,5.99,87.48,62.66,1.22,3.73
1996-09-09,16.7,5.81,93.85,62.68,1.13,4.64
1996-09-10,12.02,6.66,90.7,62.67,1.23,4.93
1996-09-11,1.58,8.08,79.96,62.65,0.81,4.22
1996-09-12,0.55,8.78,77.41,62.78,1.33,4.05
1996-09-13,1.65,8.2,87.81,62.73,1.46,5.8
1996-09-14,1.98,8.19,90.79,62.48,1.54,6.45
1996-09-15,0.66,6.31,90.15,62.52,1.96,4.52
1996-09-16,0.76,5.1,80.46,62.57,1.71,1.35
1996-09-17,0.05,4.6,75.31,62.39,1.62,-0.14
1996-09-18,0.85,3.72,73.72,62.31,1.51,-1.09
1996-09-19,4.72,4.38,74.64,62.28,1.23,-0.27
1996-09-20,0.0,6.1,73.38,62.45,1.49,0.91
1996-09-21,0.0,5.61,81.76,62.66,1.52,2.04
1996-09-22,0.0,5.56,79.75,62.77,1.47,1.54
1996-09-23,0.0,5.74,74.63,62.76,1.5,0.71
1996-09-24,0.0,6.15,74.98,62.88,1.48,1.4
1996-09-25,0.0,5.33,70.41,62.81,1.55,-0.31
1996-09-26,0.0,5.41,75.75,62.57,1.46,0.76
1996-09-27,0.67,4.78,83.36,62.64,1.59,1.45
1996-09-28,0.62,3.89,77.48,62.7,1.44,-0.38
1996-09-29,0.02,3.8,80.3,62.73,1.48,0.09
1996-09-30,15.75,3.76,78.21,62.71,1.39,-0.31
1996-10-01,0.03,3.73,79.85,62.8,1.51,-0.04
1996-10-02,0.0,2.88,76.51,62.84,1.62,-1.42
1996-10-03,0.0,2.38,72.22,62.68,1.58,-2.73
1996-10-04,14.54,2.65,90.27,62.46,2.08,0.98
1996-10-05,11.41,0.13,78.91,62.34,1.87,-3.69
1996-10-06,0.21,0.25,66.06,62.42,1.47,-6.14
1996-10-07,0.04,-0.59,57.54,62.6,1.67,-8.65
1996-10-08,0.0,-1.3,57.51,62.79,1.64,-9.32
1996-10-09,0.0,-0.71,63.24,62.73,1.6,-7.55
1996-10-10,0.0,0.48,64.96,62.69,1.48,-6.14
1996-10-11,0.0,-0.12,64.24,62.75,1.45,-6.74
1996-10-12,0.0,-0.44,69.11,62.85,1.44,-6.12
1996-10-13,0.0,-0.92,75.02,62.94,1.48,-5.61
1996-10-14,0.0,-1.31,67.1,62.78,1.51,-7.24
1996-10-15,0.0,-0.82,67.24,62.62,1.32,-6.98
1996-10-16,0.0,0.82,62.73,62.69,1.24,-6.44
1996-10-17,0.0,0.16,60.95,62.86,1.51,-7.13
1996-10-18,0.0,1.22,52.65,62.92,1.5,-7.82
1996-10-19,0.0,1.12,52.46,62.87,1.63,-8.37
1996-10-20,0.0,-1.92,69.22,62.79,1.72,-7.53
1996-10-21,0.94,-2.84,82.87,62.69,1.6,-5.91
1996-10-22,0.72,-3.05,67.84,62.68,1.58,-8.85
1996-10-23,0.21,-2.37,66.38,62.82,1.42,-8.63
1996-10-24,0.0,-1.74,48.99,62.85,1.4,-11.71
1996-10-25,0.0,-1.16,51.12,62.78,1.19,-10.48
1996-10-26,0.0,-1.2,61.17,62.7,1.28,-9.07
1996-10-27,0.02,-0.73,73.54,62.57,1.4,-5.51
1996-10-28,0.0,-0.48,73.77,62.64,1.31,-5.16
1996-10-29,0.0,1.05,55.89,62.56,1.29,-7.46
1996-10-30,0.0,1.24,42.98,62.5,1.55,-10.51
1996-10-31,0.0,1.02,41.34,62.66,1.62,-11.14
1996-11-01,0.0,0.93,38.9,62.73,1.52,-12.58
1996-11-02,0.0,-1.54,42.49,62.55,1.49,-13.29
1996-11-03,0.0,0.24,43.55,62.55,1.18,-11.44
1996-11-04,0.0,-0.47,52.91,62.69,1.67,-9.87
1996-11-05,0.0,-4.04,66.69,62.52,1.5,-10.18
1996-11-06,0.0,-4.12,58.4,62.54,1.39,-12.06
1996-11-07,0.0,-1.6,44.72,62.71,1.34,-12.79
1996-11-08,0.0,-0.46,39.32,62.79,1.27,-13.21
1996-11-09,0.0,-0.51,35.27,62.74,1.3,-14.56
1996-11-10,0.0,-0.86,29.13,62.66,1.28,-17.11
1996-11-11,0.0,-2.3,32.91,62.58,1.26,-16.79
1996-11-12,0.0,-4.48,46.6,62.53,1.25,-14.65
1996-11-13,0.0,-4.91,49.07,62.49,1.3,-14.56
1996-11-14,0.0,-4.68,41.43,62.73,1.26,-16.09
1996-11-15,0.0,-4.09,38.5,62.85,1.05,-16.68
1996-11-16,0.0,-2.33,32.39,62.71,1.2,-17.09
1996-11-17,0.0,-3.15,46.47,62.72,1.28,-13.34
1996-11-18,0.0,-3.66,69.79,62.8,1.07,-8.75
1996-11-19,0.0,-5.76,73.62,62.74,1.64,-10.18
1996-11-20,0.0,-7.3,82.94,62.7,2.36,-10.59
1996-11-21,0.0,-5.07,60.53,62.68,1.36,-12.48
1996-11-22,0.0,-3.74,40.84,62.58,1.13,-15.23
1996-11-23,0.0,-3.74,50.06,62.56,1.24,-12.76
1996-11-24,0.0,-4.95,54.2,62.41,1.53,-13.06
1996-11-25,0.0,-5.6,50.23,62.36,1.32,-14.67
1996-11-26,0.0,-6.68,61.54,62.44,1.17,-13.2
1996-11-27,0.0,-7.92,66.59,62.35,1.21,-13.63
1996-11-28,0.0,-8.92,58.2,62.28,1.41,-16.33
1996-11-29,0.0,-7.04,43.55,62.32,1.06,-17.98
1996-11-30,0.0,-5.96,44.32,62.4,1.44,-16.78
1996-12-01,0.0,-6.93,47.78,62.41,1.36,-16.68
1996-12-02,0.0,-7.92,61.88,62.33,1.45,-14.37
1996-12-03,0.0,-9.74,66.19,62.45,1.55,-15.22
1996-12-04,0.0,-8.55,47.59,62.47,1.38,-17.95
1996-12-05,0.0,-9.42,51.16,62.32,1.72,-17.82
1996-12-06,0.0,-9.5,47.47,62.41,1.23,-18.83
1996-12-07,0.0,-8.52,34.64,62.57,1.43,-21.63
1996-12-08,0.0,-8.14,27.66,62.51,1.16,-23.53
1996-12-09,0.0,-6.5,26.44,62.51,1.15,-22.32
1996-12-10,0.0,-5.8,29.07,62.55,0.96,-21.12
1996-12-11,0.0,-4.84,31.31,62.62,1.12,-19.79
1996-12-12,0.0,-5.07,40.52,62.72,1.04,-16.44
1996-12-13,0.0,-5.68,39.52,62.7,1.04,-17.43
1996-12-14,0.0,-6.71,41.1,62.48,1.27,-18.12
1996-12-15,0.0,-5.78,31.81,62.35,1.15,-20.44
1996-12-16,0.0,-4.2,28.14,62.55,1.14,-19.86
1996-12-17,0.0,-6.5,38.26,62.64,1.31,-18.91
1996-12-18,0.0,-5.18,39.02,62.74,1.37,-17.43
1996-12-19,0.0,-3.7,28.2,62.8,0.95,-20.28
1996-12-20,0.0,-5.15,31.39,62.75,1.03,-20.22
1996-12-21,0.0,-5.58,30.35,62.69,0.91,-20.77
1996-12-22,0.0,-5.35,28.75,62.67,1.0,-21.41
1996-12-23,0.0,-5.46,31.57,62.64,1.01,-20.05
1996-12-24,0.0,-4.05,32.22,62.63,1.05,-18.31
1996-12-25,0.0,-5.63,91.24,62.66,1.51,-7.27
1996-12-26,0.12,-6.76,86.02,62.53,1.39,-9.26
1996-12-27,0.0,-8.75,64.2,62.48,1.36,-15.22
1996-12-28,0.0,-6.65,38.5,62.52,1.38,-18.6
1996-12-29,0.0,-5.25,40.32,62.58,1.41,-16.96
1996-12-30,0.0,-4.75,38.7,62.72,1.42,-17.3
1996-12-31,0.0,-4.65,39.38,62.81,1.2,-17.37
1997-01-01,0.0,-5.44,37.88,62.78,1.33,-18.16
1997-01-02,0.0,-4.27,32.57,62.61,1.17,-18.71
1997-01-03,0.0,-3.82,34.0,62.5,1.02,-18.02
1997-01-04,0.0,-5.08,48.21,62.44,1.16,-15.4
1997-01-05,0.0,-8.44,69.36,62.32,1.68,-13.73
1997-01-06,0.0,-10.84,64.17,62.36,1.24,-17.18
1997-01-07,0.0,-9.66,45.95,62.38,1.4,-20.07
1997-01-08,0.0,-11.49,60.61,62.44,1.43,-18.27
1997-01-09,0.0,-9.86,44.57,62.5,1.29,-19.91
1997-01-10,0.0,-8.61,39.23,62.54,1.32,-20.26
1997-01-11,0.0,-8.68,43.59,62.39,1.22,-19.17
1997-01-12,0.0,-10.23,47.84,62.35,1.5,-19.38
1997-01-13,0.0,-9.48,40.93,62.28,1.24,-20.41
1997-01-14,0.0,-11.16,50.65,62.21,1.39,-19.51
1997-01-15,0.0,-12.57,61.86,62.14,1.5,-18.75
1997-01-16,0.0,-12.36,58.92,62.0,1.46,-19.21
1997-01-17,0.0,-9.39,46.35,62.2,1.49,-18.83
1997-01-18,0.0,-8.53,70.24,62.35,1.13,-13.59
1997-01-19,0.32,-10.5,97.83,61.73,3.09,-11.4
1997-01-20,12.73,-12.48,94.43,61.4,2.26,-13.94
1997-01-21,4.45,-14.84,84.91,61.62,1.32,-17.65
1997-01-22,0.02,-16.71,57.61,61.79,1.58,-23.5
1997-01-23,0.01,-12.78,63.39,61.9,1.82,-18.81
1997-01-24,0.0,-13.46,79.82,61.79,1.44,-17.11
1997-01-25,0.0,-13.72,40.93,61.99,1.43,-24.11
1997-01-26,0.0,-8.72,42.52,62.31,1.14,-19.27
1997-01-27,0.14,-9.88,93.97,62.24,2.21,-11.19
1997-01-28,0.0,-11.32,55.66,62.16,1.56,-19.09
1997-01-29,0.0,-7.59,46.82,62.19,1.29,-18.28
1997-01-30,0.0,-9.45,67.26,62.08,1.72,-15.09
1997-01-31,0.0,-10.8,60.65,61.81,1.62,-17.95
1997-02-01,0.0,-12.63,51.72,61.79,1.79,-21.04
1997-02-02,0.12,-9.63,82.14,61.7,2.34,-12.56
1997-02-03,1.3,-11.35,89.03,61.72,1.85,-13.57
1997-02-04,0.01,-11.74,72.91,61.77,1.52,-16.39
1997-02-05,0.0,-13.25,53.33,61.84,1.84,-21.39
1997-02-06,0.0,-11.94,39.87,61.87,1.82,-23.23
1997-02-07,0.0,-12.32,37.72,61.85,1.96,-24.32
1997-02-08,0.0,-12.84,63.47,61.76,2.24,-19.14
1997-02-09,1.37,-11.46,84.31,61.78,2.21,-14.35
1997-02-10,1.83,-13.02,88.14,61.8,2.42,-15.11
1997-02-11,0.28,-12.04,52.87,62.08,2.06,-20.38
1997-02-12,4.29,-9.39,47.38,62.32,2.16,-18.79
1997-02-13,0.0,-7.56,66.88,62.38,2.01,-13.2
1997-02-14,0.0,-9.58,73.93,62.11,2.01,-14.35
1997-02-15,0.01,-10.62,53.73,61.9,2.0,-19.41
1997-02-16,0.02,-11.68,61.19,61.88,1.61,-18.3
1997-02-17,0.0,-11.12,53.61,61.96,1.72,-19.34
1997-02-18,0.0,-11.5,64.13,62.04,2.18,-17.4
1997-02-19,1.4,-11.72,62.5,62.06,1.23,-17.87
1997-02-20,0.02,-10.31,56.04,62.29,1.63,-17.91
1997-02-21,0.0,-9.52,59.41,62.28,1.64,-16.38
1997-02-22,0.0,-10.73,65.4,62.15,2.14,-16.93
1997-02-23,0.0,-7.91,51.74,62.3,1.61,-16.61
1997-02-24,0.0,-5.31,67.12,62.56,1.85,-11.14
1997-02-25,0.0,-5.28,89.36,62.53,2.77,-7.17
1997-02-26,0.0,-7.64,71.96,62.37,1.83,-12.87
1997-02-27,0.0,-8.12,53.94,62.31,1.77,-17.07
1997-02-28,0.0,-4.99,44.77,62.57,1.78,-15.88
1997-03-01,0.0,-2.78,50.96,62.75,1.57,-11.93
1997-03-02,0.09,-5.53,84.58,62.65,2.87,-8.46
1997-03-03,0.0,-6.07,70.23,62.56,1.55,-11.83
1997-03-04,0.0,-4.83,52.8,62.56,1.63,-13.51
1997-03-05,0.0,-5.49,51.35,62.62,1.65,-14.81
1997-03-06,0.0,-4.02,49.11,62.73,1.65,-13.31
1997-03-07,0.0,-3.37,65.98,62.89,1.76,-9.4
1997-03-08,0.0,-2.51,63.25,62.83,1.89,-9.16
1997-03-09,0.0,-3.11,61.77,62.7,1.93,-10.29
1997-03-10,0.0,-3.13,51.19,62.73,1.65,-13.33
1997-03-11,0.0,-2.57,75.5,62.78,2.43,-6.97
1997-03-12,0.0,-4.56,57.15,62.6,2.19,-12.16
1997-03-13,0.03,-5.5,70.18,62.35,2.11,-10.87
1997-03-14,0.15,-5.53,65.88,62.31,1.77,-11.97
1997-03-15,1.01,-4.42,87.84,62.41,2.56,-6.61
1997-03-16,5.3,-5.33,81.49,62.44,2.02,-8.67
1997-03-17,2.64,-3.0,52.44,62.4,1.63,-12.06
1997-03-18,8.51,-3.63,84.28,62.42,1.98,-6.23
1997-03-19,3.37,-4.31,83.7,62.27,2.23,-7.47
1997-03-20,0.37,-5.78,73.14,62.03,2.43,-10.28
1997-03-21,0.16,-6.92,71.85,62.04,1.97,-12.2
1997-03-22,0.38,-7.63,84.66,62.04,2.16,-10.63
1997-03-23,0.0,-7.48,72.65,62.13,2.02,-12.49
1997-03-24,0.23,-6.59,56.37,62.25,1.88,-15.08
1997-03-25,0.79,-5.53,61.77,62.39,1.81,-12.93
1997-03-26,0.0,-4.71,55.96,62.53,1.75,-13.16
1997-03-27,0.0,-2.55,55.22,62.69,1.82,-11.02
1997-03-28,0.01,-3.75,84.89,62.62,1.53,-6.35
1997-03-29,1.06,-5.03,81.1,62.22,1.77,-8.11
1997-03-30,9.35,-3.02,75.05,62.2,1.26,-7.52
1997-03-31,0.22,-1.81,71.62,62.47,1.74,-7.14
1997-04-01,0.27,-3.9,84.8,62.24,1.96,-6.58
1997-04-02,1.31,-4.34,79.28,62.22,1.92,-8.11
1997-04-03,12.16,-5.05,88.91,62.13,2.32,-7.35
1997-04-04,33.76,-6.9,89.83,62.25,2.06,-8.94
1997-04-05,1.9,-8.87,86.74,62.21,1.8,-11.71
1997-04-06,4.02,-7.21,82.84,62.27,1.62,-10.77
1997-04-07,0.0,-4.4,72.89,62.31,1.61,-9.81
1997-04-08,0.0,-3.57,78.24,62.4,1.79,-7.53
1997-04-09,0.36,-3.83,88.36,62.43,1.42,-5.99
1997-04-10,5.44,-3.43,73.66,62.43,1.29,-8.61
1997-04-11,0.0,-2.67,71.02,62.61,1.71,-8.19
1997-04-12,0.0,-2.68,80.44,62.6,1.81,-6.39
1997-04-13,0.0,-2.05,70.32,62.5,1.87,-7.75
1997-04-14,0.0,-2.51,78.73,62.65,2.01,-6.69
1997-04-15,0.0,-2.55,78.62,62.66,2.55,-6.59
1997-04-16,14.15,-4.2,85.75,62.41,3.07,-6.7
1997-04-17,0.0,-4.66,83.35,62.34,1.58,-7.85
1997-04-18,0.0,-4.69,75.34,62.58,1.57,-9.24
1997-04-19,0.0,-2.87,80.72,62.67,1.93,-6.25
1997-04-20,0.0,-1.81,72.35,62.67,1.62,-7.14
1997-04-21,0.0,-0.75,72.8,62.69,1.56,-5.77
1997-04-22,0.0,0.05,75.08,62.76,1.23,-4.5
1997-04-23,0.0,0.83,65.49,62.88,1.63,-5.41
1997-04-24,0.0,1.22,72.4,62.86,1.56,-3.75
1997-04-25,0.0,1.56,68.52,62.74,1.95,-4.29
1997-04-26,0.0,1.79,66.81,62.84,1.69,-4.63
1997-04-27,0.02,1.35,74.99,62.85,1.81,-3.34
1997-04-28,0.03,1.34,74.68,62.83,1.99,-3.58
1997-04-29,0.59,1.16,70.42,62.79,2.05,-4.91
1997-04-30,0.26,0.32,76.85,62.85,2.02,-3.95
1997-05-01,0.01,0.75,76.97,62.76,1.85,-3.39
1997-05-02,1.42,0.42,75.96,62.73,2.38,-3.79
1997-05-03,46.56,0.89,82.23,62.63,2.29,-2.32
1997-05-04,1.31,0.63,75.96,62.53,1.88,-3.71
1997-05-05,4.17,1.01,81.89,62.47,1.85,-2.24
1997-05-06,0.1,1.97,81.65,62.49,1.67,-1.27
1997-05-07,0.03,2.19,84.03,62.54,2.4,-0.73
1997-05-08,4.23,-0.76,81.15,62.58,2.93,-4.22
1997-05-09,11.88,-2.04,57.74,62.51,2.32,-10.58
1997-05-10,23.77,-2.1,55.24,62.35,2.03,-10.61
1997-05-11,0.0,-0.97,51.57,62.51,2.08,-10.11
1997-05-12,0.0,-0.94,69.96,62.6,2.31,-6.04
1997-05-13,0.0,-0.88,70.26,62.63,2.0,-6.32
1997-05-14,0.0,-0.75,65.41,62.75,2.37,-6.85
1997-05-15,0.0,0.09,55.28,62.77,2.04,-8.38
1997-05-16,0.0,0.74,56.68,62.63,2.03,-7.62
1997-05-17,0.0,1.15,52.74,62.6,2.14,-7.78
1997-05-18,0.0,0.25,52.91,62.59,1.96,-8.76
1997-05-19,0.0,1.52,52.96,62.41,1.79,-7.76
1997-05-20,0.0,2.12,50.31,62.42,2.18,-7.55
1997-05-21,0.0,2.1,44.14,62.57,2.05,-9.13
1997-05-22,0.0,3.05,49.05,62.72,1.93,-6.94
1997-05-23,0.0,2.92,57.83,62.72,1.99,-5.01
1997-05-24,0.0,2.18,68.28,62.7,1.59,-3.5
1997-05-25,4.05,2.45,73.04,62.59,1.65,-2.23
1997-05-26,0.08,4.19,65.42,62.64,2.04,-2.28
1997-05-27,0.0,4.28,60.9,62.68,2.36,-3.21
1997-05-28,0.07,4.17,65.82,62.75,2.26,-2.56
1997-05-29,0.9,3.3,71.39,62.66,2.33,-1.91
1997-05-30,0.37,3.07,73.82,62.66,2.26,-2.04
1997-05-31,2.98,3.09,72.48,62.7,2.02,-2.42
1997-06-01,0.98,3.57,76.43,62.59,2.08,-0.89
1997-06-02,0.29,2.78,76.44,62.51,1.74,-1.29
1997-06-03,0.71,3.51,81.38,62.63,2.28,0.2
1997-06-04,0.06,5.25,82.84,62.8,2.17,2.08
1997-06-05,24.26,5.55,82.93,62.69,2.22,2.41
1997-06-06,0.26,4.99,84.48,62.57,2.19,2.18
1997-06-07,12.29,4.85,84.25,62.61,2.05,2.03
1997-06-08,0.05,5.24,81.93,62.72,2.02,1.92
1997-06-09,0.0,5.31,78.3,62.7,1.96,1.17
1997-06-10,0.2,4.91,65.37,62.62,2.01,-2.04
1997-06-11,0.0,5.17,75.63,62.59,1.9,0.73
1997-06-12,0.0,5.19,77.84,62.68,2.07,0.93
1997-06-13,5.47,5.41,78.35,62.8,2.28,1.44
1997-06-14,0.1,5.8,80.55,62.76,2.1,2.11
1997-06-15,0.0,6.76,68.46,62.77,1.9,0.46
1997-06-16,0.0,7.31,66.33,62.77,1.86,0.7
1997-06-17,0.01,7.21,61.76,62.61,1.87,-0.82
1997-06-18,0.0,7.25,64.28,62.57,2.17,-0.09
1997-06-19,6.86,6.55,77.7,62.55,1.8,2.26
1997-06-20,5.99,7.0,77.57,62.62,1.84,2.56
1997-06-21,21.96,8.5,79.45,62.65,1.84,4.35
1997-06-22,0.2,8.76,85.62,62.65,2.33,6.15
1997-06-23,0.0,8.44,83.88,62.58,2.24,5.4
1997-06-24,9.7,8.55,81.8,62.5,1.97,5.06
1997-06-25,3.53,8.68,79.38,62.44,1.98,4.52
1997-06-26,9.32,8.09,78.61,62.44,2.06,3.95
1997-06-27,3.74,7.26,75.89,62.34,2.02,2.63
1997-06-28,1.95,6.89,73.59,62.12,2.02,1.66
1997-06-29,1.12,6.91,76.14,62.11,2.0,2.2
1997-06-30,16.15,7.11,73.79,62.22,2.24,1.86
1997-07-01,1.3,7.33,75.01,62.37,2.02,2.39
1997-07-02,0.77,7.84,79.78,62.4,2.0,3.96
1997-07-03,0.02,8.44,76.34,62.52,1.8,3.65
1997-07-04,0.0,9.03,73.14,62.58,1.82,3.36
1997-07-05,0.69,9.61,74.76,62.6,1.99,4.26
1997-07-06,24.95,9.67,78.81,62.62,1.83,5.24
1997-07-07,3.9,9.43,76.0,62.54,1.77,4.55
1997-07-08,31.3,10.51,85.03,62.49,1.74,7.6
1997-07-09,4.69,10.32,87.48,62.37,1.95,7.95
1997-07-10,8.51,10.0,87.23,62.22,2.13,7.58
1997-07-11,38.7,8.88,86.47,62.26,2.15,6.33
1997-07-12,3.21,9.36,87.77,62.38,2.1,7.11
1997-07-13,1.86,9.72,89.04,62.47,1.94,7.7
1997-07-14,2.76,10.23,87.51,62.55,1.88,7.8
1997-07-15,20.62,10.69,84.5,62.44,1.65,7.63
1997-07-16,16.35,11.59,83.09,62.4,1.45,8.01
1997-07-17,9.15,11.77,68.48,62.51,1.11,3.77
1997-07-18,3.23,11.96,72.89,62.7,1.25,5.45
1997-07-19,1.41,11.76,82.09,62.77,1.34,7.42
1997-07-20,6.22,11.05,86.33,62.7,1.44,8.25
1997-07-21,31.05,8.9,90.25,62.73,1.37,7.08
1997-07-22,2.16,8.84,88.6,62.73,1.8,6.69
1997-07-23,1.96,9.17,85.86,62.69,1.99,6.54
1997-07-24,0.62,10.06,89.94,62.62,1.82,8.16
1997-07-25,0.58,8.57,87.51,62.59,1.01,6.31
1997-07-26,0.58,10.22,88.04,62.59,1.55,7.93
1997-07-27,7.64,10.41,88.47,62.63,1.41,8.12
1997-07-28,23.65,10.77,90.29,62.63,1.74,8.94
1997-07-29,6.41,9.05,95.57,62.5,1.83,8.12
1997-07-30,2.21,9.42,89.63,62.45,1.88,7.45
1997-07-31,1.31,8.97,90.8,62.46,1.92,7.27
1997-08-01,2.75,9.11,84.6,62.46,1.98,6.36
1997-08-02,19.88,8.06,90.78,62.33,1.76,6.36
1997-08-03,13.5,8.31,92.58,62.32,2.71,6.95
1997-08-04,0.06,7.85,81.62,62.29,1.91,4.45
1997-08-05,0.0,7.14,74.67,62.46,1.78,2.34
1997-08-06,1.03,8.18,74.63,62.64,1.84,3.48
1997-08-07,3.24,10.27,80.91,62.67,1.52,6.73
1997-08-08,10.59,10.2,86.41,62.76,1.22,7.51
1997-08-09,13.06,11.55,86.61,62.8,1.38,8.85
1997-08-10,9.71,11.38,89.0,62.76,1.6,9.15
1997-08-11,2.22,9.96,89.32,62.64,2.19,8.0
1997-08-12,34.37,8.9,92.13,62.58,2.54,7.46
1997-08-13,14.07,7.25,86.52,62.58,1.86,4.64
1997-08-14,7.37,6.49,82.58,62.64,1.93,3.25
1997-08-15,0.39,7.49,84.96,62.72,1.58,4.74
1997-08-16,0.1,8.51,81.74,62.76,1.64,5.12
1997-08-17,0.0,9.63,83.99,62.68,1.62,6.62
1997-08-18,0.41,10.57,83.96,62.6,1.43,7.21
1997-08-19,13.6,10.39,69.29,62.64,1.05,2.62
1997-08-20,0.91,9.68,67.79,62.78,1.33,1.88
1997-08-21,0.52,10.17,75.0,62.82,1.59,4.09
1997-08-22,0.34,8.94,88.01,62.74,1.51,6.57
1997-08-23,1.89,8.56,89.17,62.66,1.5,6.52
1997-08-24,10.91,7.74,93.69,62.61,1.61,6.54
1997-08-25,3.05,6.98,87.6,62.53,1.2,4.77
1997-08-26,2.44,7.15,90.15,62.55,2.37,5.33
1997-08-27,5.16,6.71,89.85,62.7,2.58,4.86
1997-08-28,14.33,7.0,88.51,62.7,2.1,4.93
1997-08-29,1.32,6.92,87.37,62.62,1.82,4.62
1997-08-30,0.3,7.01,78.64,62.64,1.69,3.09
1997-08-31,8.77,6.4,71.14,62.66,1.66,1.01
1997-09-01,0.05,6.3,70.3,62.73,1.77,0.68
1997-09-02,1.39,7.64,78.45,62.72,1.64,3.78
1997-09-03,2.68,7.72,83.63,62.72,1.51,4.84
1997-09-04,0.02,8.62,83.76,62.75,1.66,5.74
1997-09-05,0.0,8.93,84.59,62.8,1.75,6.22
1997-09-06,0.22,9.13,89.97,62.82,1.91,7.41
1997-09-07,4.16,8.11,92.14,62.93,1.73,6.71
1997-09-08,5.51,8.12,89.49,62.99,1.79,6.16
1997-09-09,0.02,7.85,92.62,62.96,2.11,6.5
1997-09-10,1.16,7.29,86.7,62.93,1.97,4.89
1997-09-11,12.79,7.08,79.34,62.84,1.49,3.12
1997-09-12,4.36,6.04,77.35,62.74,1.57,1.38
1997-09-13,0.13,5.99,70.5,62.81,1.56,0.11
1997-09-14,1.84,6.15,74.64,62.82,1.56,1.24
1997-09-15,0.03,7.1,80.61,62.78,1.61,3.5
1997-09-16,12.93,7.17,86.89,62.81,1.54,4.61
1997-09-17,0.86,6.06,86.35,62.96,1.61,3.43
1997-09-18,1.14,5.56,69.59,62.88,1.34,-0.68
1997-09-19,3.82,7.08,66.01,62.79,1.39,-0.07
1997-09-20,5.78,5.98,86.78,62.9,1.52,3.43
1997-09-21,4.86,4.47,88.45,62.87,1.76,2.37
1997-09-22,0.0,3.42,67.89,62.82,1.63,-2.84
1997-09-23,0.0,3.58,76.62,62.77,1.47,-0.86
1997-09-24,0.0,4.47,64.54,62.7,1.4,-2.47
1997-09-25,0.0,4.96,60.45,62.71,1.59,-2.79
1997-09-26,0.0,2.97,62.03,62.67,1.51,-4.42
1997-09-27,0.0,2.12,66.72,62.57,1.69,-4.19
1997-09-28,0.08,0.99,65.55,62.61,1.6,-5.41
1997-09-29,0.01,0.44,76.87,62.65,1.5,-3.63
1997-09-30,1.44,-0.1,81.59,62.52,1.76,-3.32
1997-10-01,0.35,0.05,82.13,62.6,1.62,-3.02
1997-10-02,0.5,0.77,81.24,62.68,1.22,-2.7
1997-10-03,0.32,1.17,81.16,62.76,1.62,-2.22
1997-10-04,0.68,0.79,81.29,62.8,1.59,-2.58
1997-10-05,1.09,-0.36,79.12,62.72,1.66,-3.79
1997-10-06,1.27,-0.86,80.22,62.69,1.81,-4.26
1997-10-07,1.57,-0.11,79.39,62.79,1.54,-3.61
1997-10-08,0.0,0.62,74.22,62.89,1.12,-3.95
1997-10-09,0.0,1.07,75.35,62.92,1.57,-3.22
1997-10-10,0.0,-0.14,71.09,62.89,1.48,-5.14
1997-10-11,2.88,-1.11,71.11,62.77,1.53,-6.3
1997-10-12,0.0,-0.74,74.82,62.85,1.48,-5.23
1997-10-13,0.0,-0.85,67.36,62.78,1.64,-7.02
1997-10-14,0.0,-1.54,62.22,62.78,1.53,-9.0
1997-10-15,0.0,-1.9,61.85,62.71,1.49,-9.22
1997-10-16,0.0,-0.87,71.47,62.83,1.41,-6.27
1997-10-17,0.04,-0.99,78.25,62.92,1.41,-4.99
1997-10-18,0.0,-0.79,70.75,62.9,1.47,-6.24
1997-10-19,0.1,-1.68,73.24,62.77,1.35,-6.28
1997-10-20,2.22,-2.65,87.08,62.7,1.98,-5.11
1997-10-21,0.03,-2.59,80.55,62.67,1.61,-6.12
1997-10-22,0.0,-2.94,69.76,62.58,1.49,-8.33
1997-10-23,0.0,-4.19,78.62,62.51,1.19,-7.96
1997-10-24,3.93,-3.39,78.68,62.61,1.16,-7.09
1997-10-25,0.6,-2.23,79.01,62.75,1.43,-6.33
1997-10-26,0.0,-2.23,68.15,62.8,1.62,-7.78
1997-10-27,0.0,-2.46,83.93,62.71,1.74,-5.48
1997-10-28,0.45,-3.08,86.26,62.6,1.96,-5.74
1997-10-29,0.22,-3.52,90.54,62.61,2.26,-5.5
1997-10-30,0.03,-2.59,76.83,62.82,1.42,-6.81
1997-10-31,0.0,-1.95,67.71,62.89,1.32,-7.85
1997-11-01,0.0,-3.19,57.58,62.86,1.58,-11.19
1997-11-02,0.0,-2.69,42.16,62.88,1.44,-14.43
1997-11-03,0.0,-2.25,46.62,62.97,1.38,-12.37
1997-11-04,0.0,-1.06,50.4,63.04,1.14,-10.45
1997-11-05,0.0,-0.49,47.3,63.05,1.37,-10.81
1997-11-06,0.0,-1.26,52.01,63.05,1.1,-10.17
1997-11-07,0.0,-1.1,58.09,63.04,1.35,-8.78
1997-11-08,0.0,-3.14,62.81,62.83,1.34,-10.05
1997-11-09,4.53,-5.05,85.6,62.5,2.87,-7.58
1997-11-10,2.7,-5.37,92.55,62.51,2.6,-7.04
1997-11-11,0.0,-6.18,78.85,62.48,1.51,-10.18
1997-11-12,0.0,-6.45,61.12,62.45,1.45,-13.62
1997-11-13,0.0,-5.07,53.61,62.52,1.14,-14.32
1997-11-14,0.0,-3.38,51.25,62.62,1.47,-13.03
1997-11-15,0.0,-3.65,46.36,62.58,1.35,-14.12
1997-11-16,0.0,-3.52,51.9,62.57,1.42,-12.41
1997-11-17,0.0,-4.55,76.37,62.57,1.54,-8.66
1997-11-18,0.0,-5.81,78.31,62.37,1.46,-9.4
1997-11-19,0.0,-6.86,90.04,62.29,1.63,-8.64
1997-11-20,0.0,-6.78,80.36,62.49,1.2,-10.56
1997-11-21,0.0,-6.77,67.5,62.67,1.32,-12.61
1997-11-22,0.02,-5.72,58.14,62.67,1.42,-13.14
1997-11-23,0.0,-6.27,88.97,62.42,1.85,-8.43
1997-11-24,0.04,-5.49,87.98,62.31,1.68,-7.77
1997-11-25,5.05,-5.26,93.9,62.27,3.06,-6.55
1997-11-26,13.36,-7.08,97.08,62.28,3.54,-7.71
1997-11-27,0.23,-9.01,75.75,62.42,1.24,-13.44
1997-11-28,0.0,-6.22,45.86,62.62,1.28,-15.88
1997-11-29,0.0,-6.39,48.0,62.66,1.51,-15.63
1997-11-30,10.79,-7.12,61.67,62.43,1.59,-14.29
1997-12-01,6.64,-8.86,84.97,62.24,1.17,-11.92
1997-12-02,0.01,-7.01,50.24,62.59,1.19,-16.0
1997-12-03,0.0,-7.97,73.3,62.44,1.37,-12.7
1997-12-04,0.0,-10.53,79.76,62.39,1.29,-14.03
1997-12-05,0.0,-10.96,78.16,62.58,1.34,-15.01
1997-12-06,0.0,-7.75,59.16,62.72,1.12,-14.86
1997-12-07,0.0,-7.68,52.99,62.55,1.14,-16.46
1997-12-08,1.53,-6.68,72.4,62.39,1.52,-11.59
1997-12-09,20.3,-6.63,97.36,62.01,1.28,-7.79
1997-12-10,8.21,-8.84,89.03,62.12,0.98,-10.95
1997-12-11,0.02,-7.05,62.9,62.4,0.82,-13.14
1997-12-12,0.03,-7.85,74.96,62.47,1.13,-12.1
1997-12-13,5.37,-9.13,91.86,62.12,1.49,-10.95
1997-12-14,1.19,-12.0,86.01,62.07,1.22,-14.75
1997-12-15,0.0,-11.3,64.79,62.33,1.25,-17.21
1997-12-16,0.0,-10.32,89.86,62.41,1.34,-12.4
1997-12-17,0.0,-11.79,69.22,62.49,1.24,-17.15
1997-12-18,0.04,-9.51,48.84,62.54,1.33,-18.96
1997-12-19,0.01,-9.37,47.14,62.49,1.16,-19.04
1997-12-20,0.0,-8.6,46.42,62.49,1.09,-18.57
1997-12-21,0.0,-7.79,40.9,62.56,1.09,-18.9
1997-12-22,0.27,-8.0,48.49,62.54,1.29,-17.25
1997-12-23,0.0,-9.29,62.67,62.36,1.05,-15.54
1997-12-24,0.0,-11.29,62.97,62.3,1.29,-18.07
1997-12-25,0.0,-9.44,43.97,62.38,1.19,-19.85
1997-12-26,0.0,-9.74,39.82,62.4,1.08,-21.34
1997-12-27,0.0,-11.41,52.52,62.24,1.45,-19.66
1997-12-28,0.0,-12.33,81.99,62.28,1.51,-15.47
1997-12-29,0.08,-13.13,89.14,62.24,1.85,-15.23
1997-12-30,0.54,-12.59,90.77,62.08,1.57,-14.67
1997-12-31,0.0,-13.29,58.87,62.28,1.33,-20.85
1998-01-01,0.0,-9.24,30.76,62.37,0.85,-24.26
1998-01-02,0.0,-9.43,37.86,62.45,1.26,-22.29
1998-01-03,0.0,-7.77,38.09,62.77,1.32,-20.02
1998-01-04,0.0,-5.1,56.69,62.79,0.88,-13.91
1998-01-05,0.0,-7.48,76.35,62.35,1.32,-11.78
1998-01-06,0.0,-6.02,50.13,62.42,1.33,-15.56
1998-01-07,0.0,-4.09,72.09,62.61,1.15,-8.73
1998-01-08,0.0,-7.13,74.87,62.52,1.44,-11.49
1998-01-09,0.0,-8.74,81.17,62.35,1.32,-12.34
1998-01-10,0.0,-7.43,45.07,62.45,1.06,-18.0
1998-01-11,0.0,-8.56,93.7,62.4,1.28,-10.08
1998-01-12,0.88,-10.15,90.68,62.01,1.52,-11.58
1998-01-13,0.04,-9.8,69.7,61.95,1.57,-15.47
1998-01-14,0.04,-9.0,59.78,62.13,1.15,-17.28
1998-01-15,0.26,-9.73,95.16,61.91,3.62,-10.71
1998-01-16,0.0,-11.79,42.77,61.86,1.3,-22.88
1998-01-17,0.0,-13.79,54.1,61.91,1.54,-22.25
1998-01-18,0.0,-14.79,53.43,61.96,1.57,-22.43
1998-01-19,0.0,-12.68,41.06,62.05,1.31,-23.54
1998-01-20,0.0,-13.3,53.88,62.05,1.53,-20.95
1998-01-21,0.0,-14.67,55.17,61.99,1.55,-22.08
1998-01-22,0.0,-10.35,41.53,62.09,1.74,-22.19
1998-01-23,0.0,-12.67,55.61,62.07,1.46,-19.82
1998-01-24,0.0,-12.84,45.2,62.27,1.47,-22.54
1998-01-25,0.0,-9.82,42.21,62.39,1.23,-20.29
1998-01-26,0.0,-10.7,43.31,62.35,1.39,-20.85
1998-01-27,0.0,-9.38,44.38,62.43,1.14,-19.59
1998-01-28,0.07,-9.13,74.22,62.49,1.55,-13.38
1998-01-29,0.77,-9.54,87.31,62.41,1.52,-12.08
1998-01-30,0.0,-8.72,55.38,62.64,1.0,-17.05
1998-01-31,0.0,-7.64,77.0,62.65,0.88,-11.62
1998-02-01,0.02,-7.07,86.08,62.58,1.42,-9.85
1998-02-02,0.27,-8.25,94.86,62.34,2.1,-9.23
1998-02-03,0.0,-10.61,82.42,62.27,1.61,-13.64
1998-02-04,0.0,-12.77,64.29,62.19,1.54,-18.99
1998-02-05,0.0,-11.61,47.11,62.17,1.41,-21.34
1998-02-06,0.0,-11.19,49.88,62.06,1.46,-19.97
1998-02-07,0.12,-10.33,59.57,62.2,1.38,-17.21
1998-02-08,0.05,-8.97,54.35,62.44,1.49,-17.0
1998-02-09,0.0,-6.13,50.95,62.59,1.52,-14.97
1998-02-10,0.0,-4.36,48.19,62.8,1.45,-14.01
1998-02-11,0.0,-5.62,60.25,62.71,1.28,-12.74
1998-02-12,0.0,-4.57,63.86,62.65,1.59,-11.31
1998-02-13,0.0,-3.11,51.24,62.72,1.34,-12.08
1998-02-14,0.56,-5.79,63.59,62.61,2.24,-12.66
1998-02-15,0.22,-6.97,84.63,62.37,1.7,-9.83
1998-02-16,0.0,-7.78,68.21,62.28,2.15,-13.93
1998-02-17,0.03,-7.65,88.19,62.2,2.8,-9.86
1998-02-18,1.62,-8.15,91.99,61.97,3.41,-9.67
1998-02-19,0.28,-9.0,76.63,61.94,1.8,-13.31
1998-02-20,0.0,-8.31,53.82,62.17,1.83,-17.07
1998-02-21,0.0,-8.39,67.38,62.21,1.57,-14.09
1998-02-22,0.0,-9.85,69.46,62.11,2.0,-15.73
1998-02-23,0.19,-9.24,79.43,62.12,1.98,-12.8
1998-02-24,4.35,-7.35,92.36,62.01,3.93,-9.07
1998-02-25,9.59,-8.54,90.75,62.01,3.07,-10.17
1998-02-26,0.75,-9.53,85.14,62.13,1.5,-12.41
1998-02-27,0.0,-8.83,60.67,62.26,1.75,-15.75
1998-02-28,0.0,-8.63,65.98,62.34,2.03,-14.53
1998-03-01,0.0,-9.61,69.22,62.31,1.75,-15.1
1998-03-02,0.0,-5.41,44.68,62.51,1.37,-16.34
1998-03-03,0.46,-4.53,78.71,62.69,1.82,-8.17
1998-03-04,2.62,-5.84,92.96,62.58,1.88,-7.36
1998-03-05,17.2,-7.21,87.77,62.32,2.08,-9.81
1998-03-06,0.35,-8.58,91.51,61.95,2.28,-10.62
1998-03-07,0.04,-10.63,58.2,61.96,1.83,-18.79
1998-03-08,0.0,-8.78,47.79,61.93,1.72,-18.59
1998-03-09,0.0,-6.95,59.25,62.13,1.82,-13.91
1998-03-10,0.0,-7.13,69.74,62.2,1.51,-12.53
1998-03-11,0.23,-7.27,74.45,62.31,1.78,-12.12
1998-03-12,13.43,-7.28,89.11,62.2,2.48,-9.57
1998-03-13,13.05,-9.24,92.65,62.09,2.02,-11.06
1998-03-14,0.0,-9.38,69.97,62.26,1.54,-14.98
1998-03-15,0.0,-7.18,67.29,62.44,1.63,-13.14
1998-03-16,0.0,-6.55,66.89,62.7,1.69,-12.9
1998-03-17,0.0,-5.82,74.08,62.6,1.76,-10.5
1998-03-18,0.0,-6.04,86.79,62.46,1.35,-8.71
1998-03-19,0.05,-5.54,79.41,62.48,1.45,-9.52
1998-03-20,0.0,-2.01,64.39,62.53,1.79,-8.73
1998-03-21,0.0,-1.86,70.1,62.65,1.7,-7.3
1998-03-22,0.0,-4.09,81.84,62.37,2.21,-7.52
1998-03-23,0.11,-6.96,68.0,62.1,2.61,-13.28
1998-03-24,0.09,-7.58,73.58,62.11,1.37,-12.37
1998-03-25,0.0,-5.65,47.16,62.2,1.56,-16.46
1998-03-26,0.0,-2.98,43.04,62.48,1.42,-14.7
1998-03-27,0.0,-2.65,53.83,62.75,1.63,-11.23
1998-03-28,0.37,-4.23,81.34,62.69,1.8,-7.5
1998-03-29,7.91,-5.21,88.53,62.43,2.24,-7.31
1998-03-30,0.0,-3.05,56.25,62.55,1.75,-12.35
1998-03-31,0.0,0.42,43.59,62.91,1.48,-11.33
1998-04-01,0.0,0.52,58.98,62.99,1.72,-7.16
1998-04-02,0.0,0.37,72.11,62.93,2.17,-4.77
1998-04-03,16.29,-1.36,84.18,62.8,2.0,-4.32
1998-04-04,0.08,-1.95,69.75,62.79,1.74,-7.69
1998-04-05,0.0,-2.31,60.99,62.9,1.81,-9.74
1998-04-06,0.0,-0.26,60.33,62.88,1.88,-8.05
1998-04-07,0.0,0.87,59.92,62.83,1.8,-6.81
1998-04-08,1.99,-0.7,84.85,62.62,2.65,-3.46
1998-04-09,4.4,-2.46,88.67,62.44,3.05,-4.29
1998-04-10,0.03,-2.22,66.32,62.57,1.91,-8.83
1998-04-11,0.0,-2.54,66.07,62.75,2.17,-8.61
1998-04-12,0.0,-2.68,67.62,62.5,2.17,-8.8
1998-04-13,0.0,-2.09,70.8,62.31,1.79,-7.53
1998-04-14,0.0,-1.0,63.92,62.66,1.96,-7.78
1998-04-15,0.0,-0.74,58.21,62.84,1.99,-9.03
1998-04-16,0.0,0.05,56.85,62.76,1.52,-8.29
1998-04-17,0.0,2.52,49.03,62.79,1.89,-8.01
1998-04-18,0.0,2.14,48.97,62.88,1.87,-8.07
1998-04-19,0.0,2.21,53.99,62.79,1.95,-6.63
1998-04-20,0.0,2.07,51.2,62.7,2.05,-7.62
1998-04-21,0.0,2.5,51.98,62.72,1.94,-7.11
1998-04-22,0.0,2.93,59.68,62.74,1.88,-5.04
1998-04-23,0.0,3.63,60.46,62.7,1.8,-4.16
1998-04-24,0.0,3.71,59.63,62.84,1.64,-4.17
1998-04-25,2.72,3.95,66.09,63.0,2.11,-2.62
1998-04-26,6.54,2.01,72.89,62.94,2.21,-2.71
1998-04-27,0.0,3.68,37.1,62.9,2.19,-10.42
1998-04-28,0.0,3.38,39.88,62.83,2.23,-9.64
1998-04-29,0.0,3.68,44.14,62.78,1.98,-8.25
1998-04-30,0.0,2.96,58.9,62.81,1.89,-4.84
1998-05-01,0.0,4.73,62.22,62.9,2.04,-2.41
1998-05-02,0.0,4.77,71.07,63.02,2.0,-0.71
1998-05-03,0.0,4.7,69.78,63.07,2.18,-1.3
1998-05-04,0.0,4.95,44.88,62.85,2.14,-7.65
1998-05-05,0.0,4.89,44.35,62.78,2.11,-6.68
1998-05-06,17.0,3.44,53.48,62.91,1.89,-6.24
1998-05-07,22.58,1.12,89.08,62.91,2.61,-0.88
1998-05-08,0.96,-1.11,70.89,62.75,2.14,-6.33
1998-05-09,0.03,-2.36,77.12,62.55,2.82,-6.17
1998-05-10,0.0,-1.53,76.46,62.49,2.07,-6.0
1998-05-11,0.0,-0.59,77.8,62.63,1.83,-4.72
1998-05-12,0.0,1.82,63.28,62.67,1.87,-5.31
1998-05-13,0.0,3.85,62.39,62.87,1.85,-3.34
1998-05-14,0.0,4.33,61.84,62.94,2.1,-2.88
1998-05-15,0.0,5.99,56.75,62.83,1.57,-2.84
1998-05-16,0.0,6.74,56.14,62.96,1.69,-1.88
1998-05-17,0.0,6.73,52.3,63.06,1.91,-3.44
1998-05-18,2.43,5.31,61.58,62.95,2.14,-2.43
1998-05-19,0.04,5.67,52.78,62.76,2.21,-4.22
1998-05-20,0.0,6.58,50.13,62.69,1.79,-4.01
1998-05-21,0.0,6.77,38.9,62.85,2.25,-7.49
1998-05-22,0.0,6.91,40.85,62.9,2.11,-6.51
1998-05-23,0.0,8.29,41.2,62.83,1.87,-5.97
1998-05-24,0.0,9.13,36.19,62.93,2.12,-6.16
1998-05-25,0.0,8.14,42.97,62.95,2.12,-4.58
1998-05-26,4.48,7.74,49.46,62.86,2.42,-3.57
1998-05-27,0.07,6.94,46.51,62.88,2.31,-5.13
1998-05-28,0.0,6.61,43.58,62.83,2.27,-5.99
1998-05-29,0.01,4.81,53.03,62.7,2.45,-4.56
1998-05-30,0.01,5.94,39.79,62.63,2.01,-7.84
1998-05-31,0.0,7.44,34.06,62.84,2.22,-8.31
1998-06-01,0.0,7.88,40.75,62.86,2.29,-5.46
1998-06-02,0.0,7.29,41.89,62.76,2.24,-6.17
1998-06-03,0.0,6.6,39.33,62.72,2.3,-7.95
1998-06-04,0.01,5.62,48.06,62.8,2.36,-5.21
1998-06-05,0.01,5.05,51.73,62.81,2.07,-5.72
1998-06-06,0.0,6.31,50.54,62.78,2.19,-4.81
1998-06-07,0.01,7.0,42.21,62.71,2.23,-6.14
1998-06-08,0.0,6.34,43.24,62.65,2.17,-7.04
1998-06-09,0.0,5.92,45.15,62.59,2.05,-7.06
1998-06-10,18.55,4.65,79.09,62.5,2.15,1.11
1998-06-11,14.74,6.58,89.95,62.45,3.59,4.82
1998-06-12,0.65,6.07,78.3,62.59,2.45,1.97
1998-06-13,0.0,4.93,59.79,62.59,2.32,-3.46
1998-06-14,0.04,5.33,59.8,62.86,2.3,-3.12
1998-06-15,0.21,6.63,62.92,63.02,2.12,-0.87
1998-06-16,5.21,7.75,72.77,62.83,1.62,2.35
1998-06-17,4.24,7.63,87.57,62.64,2.1,5.4
1998-06-18,0.36,9.27,79.91,62.69,2.17,5.52
1998-06-19,0.0,9.84,76.92,62.79,2.08,5.42
1998-06-20,0.0,9.38,60.82,62.64,2.02,0.77
1998-06-21,0.0,8.79,62.21,62.56,2.23,0.56
1998-06-22,0.0,8.6,66.66,62.6,2.01,1.47
1998-06-23,0.95,8.51,57.96,62.61,2.08,-1.21
1998-06-24,3.2,8.99,61.32,62.66,1.9,0.67
1998-06-25,0.0,10.04,59.59,62.62,2.02,1.29
1998-06-26,0.31,9.48,67.19,62.61,2.2,2.69
1998-06-27,3.39,9.82,72.87,62.6,2.22,3.93
1998-06-28,0.86,9.98,69.63,62.71,2.27,3.08
1998-06-29,0.37,10.75,77.69,62.6,2.21,6.21
1998-06-30,21.0,10.11,87.32,62.54,1.91,7.73
1998-07-01,11.19,10.34,85.64,62.57,2.44,7.65
1998-07-02,2.47,9.99,84.55,62.62,2.18,7.08
1998-07-03,1.73,10.4,77.73,62.63,1.97,6.25
1998-07-04,38.18,10.79,85.07,62.6,2.01,7.92
1998-07-05,22.8,10.41,90.91,62.49,1.92,8.75
1998-07-06,19.3,10.27,87.44,62.4,2.15,7.93
1998-07-07,5.6,9.14,83.69,62.34,1.65,6.02
1998-07-08,1.16,11.45,80.89,62.39,1.65,7.47
1998-07-09,3.74,12.38,80.61,62.54,1.48,7.93
1998-07-10,11.04,12.16,83.69,62.53,1.7,8.53
1998-07-11,2.05,10.32,87.94,62.49,1.98,8.02
1998-07-12,28.08,9.72,87.7,62.49,2.24,7.43
1998-07-13,2.04,9.68,86.44,62.58,2.27,7.13
1998-07-14,27.42,9.5,88.38,62.6,2.01,7.43
1998-07-15,25.07,9.86,89.03,62.62,1.73,7.88
1998-07-16,12.75,10.07,89.83,62.57,2.06,8.13
1998-07-17,1.45,9.6,89.35,62.54,2.05,7.61
1998-07-18,2.57,9.99,85.38,62.71,1.9,7.19
1998-07-19,20.13,9.42,86.76,62.72,2.0,6.88
1998-07-20,10.66,9.08,84.73,62.6,1.77,6.14
1998-07-21,0.1,9.0,84.7,62.55,1.83,6.01
1998-07-22,0.0,9.15,81.73,62.48,1.87,5.69
1998-07-23,20.08,8.6,87.97,62.55,1.9,6.3
1998-07-24,7.05,8.45,81.01,62.5,1.87,4.82
1998-07-25,3.42,8.92,86.97,62.5,1.75,6.39
1998-07-26,2.46,9.83,86.68,62.54,1.71,7.25
1998-07-27,2.14,9.77,80.07,62.59,1.71,5.53
1998-07-28,9.89,8.91,83.3,62.66,1.75,5.42
1998-07-29,0.9,9.28,80.97,62.76,1.8,5.61
1998-07-30,2.99,10.39,89.55,62.78,1.81,8.52
1998-07-31,1.61,10.67,89.91,62.8,2.01,8.76
1998-08-01,19.58,10.55,90.27,62.76,1.91,8.73
1998-08-02,21.64,10.68,89.54,62.69,2.0,8.7
1998-08-03,4.43,9.53,83.14,62.63,1.89,6.32
1998-08-04,0.25,9.73,83.26,62.51,1.8,6.55
1998-08-05,15.54,9.85,92.19,62.54,2.38,8.42
1998-08-06,10.58,9.69,88.08,62.59,1.93,7.35
1998-08-07,1.02,9.6,88.85,62.7,2.07,7.61
1998-08-08,0.66,10.66,87.22,62.75,1.87,8.3
1998-08-09,7.15,11.04,88.06,62.65,2.07,8.83
1998-08-10,13.42,10.82,90.36,62.68,2.01,9.08
1998-08-11,10.73,10.73,91.13,62.63,2.13,9.03
1998-08-12,3.53,9.98,84.43,62.47,1.93,7.03
1998-08-13,4.64,10.09,90.27,62.45,2.4,8.3
1998-08-14,23.56,9.66,90.23,62.62,2.03,7.84
1998-08-15,25.49,9.27,92.21,62.78,2.07,7.87
1998-08-16,16.66,8.79,88.08,62.78,1.25,6.64
1998-08-17,3.48,9.58,85.37,62.6,1.64,6.93
1998-08-18,0.66,9.04,82.67,62.67,1.78,5.73
1998-08-19,3.01,9.04,88.16,62.79,1.73,6.73
1998-08-20,19.85,9.05,85.1,62.72,1.83,6.37
1998-08-21,18.76,8.86,86.92,62.71,1.75,6.27
1998-08-22,36.85,7.96,74.52,62.82,1.69,3.05
1998-08-23,9.29,9.0,86.78,62.93,1.61,6.36
1998-08-24,0.34,8.76,86.71,62.88,1.61,6.2
1998-08-25,20.53,7.52,87.61,62.8,1.27,5.29
1998-08-26,18.52,8.56,77.59,62.79,1.68,4.37
1998-08-27,14.98,8.4,91.88,62.87,1.93,6.89
1998-08-28,7.07,7.94,87.1,62.82,1.39,5.71
1998-08-29,0.31,8.78,79.35,62.66,1.58,4.9
1998-08-30,3.24,7.92,77.96,62.53,1.79,3.67
1998-08-31,0.37,7.34,84.11,62.63,1.81,4.26
1998-09-01,0.01,5.91,76.29,62.67,1.73,1.1
1998-09-02,0.39,6.01,78.71,62.68,1.64,1.82
1998-09-03,0.61,6.9,87.97,62.79,1.66,4.59
1998-09-04,0.09,6.89,79.42,62.97,1.57,2.64
1998-09-05,0.0,6.91,69.75,62.96,1.52,0.85
1998-09-06,0.56,7.05,71.53,62.81,1.47,1.17
1998-09-07,0.24,7.51,83.3,62.83,1.56,4.35
1998-09-08,0.02,7.04,81.53,62.98,1.46,3.72
1998-09-09,2.43,6.89,76.5,62.88,1.63,2.48
1998-09-10,2.94,6.67,86.09,62.73,1.24,4.17
1998-09-11,0.73,6.3,86.2,62.73,1.53,3.66
1998-09-12,1.29,6.45,83.89,62.85,1.64,3.59
1998-09-13,9.2,6.09,87.13,62.81,1.48,3.79
1998-09-14,1.49,6.38,87.21,62.68,1.8,4.11
1998-09-15,1.2,6.77,90.02,62.64,1.59,4.9
1998-09-16,0.47,6.7,87.43,62.75,1.49,4.44
1998-09-17,0.07,7.62,78.44,62.96,1.35,3.66
1998-09-18,0.36,7.52,80.44,62.94,1.59,3.76
1998-09-19,0.23,8.12,78.21,62.89,1.7,4.13
1998-09-20,2.3,6.96,87.44,62.85,1.91,4.75
1998-09-21,23.46,5.92,91.73,62.76,2.2,4.47
1998-09-22,22.58,6.02,87.53,62.8,1.7,3.87
1998-09-23,12.1,5.51,88.73,62.87,1.43,3.61
1998-09-24,17.39,6.16,91.91,62.95,1.9,4.63
1998-09-25,3.04,7.22,86.16,63.05,1.42,4.65
1998-09-26,6.31,7.88,80.43,63.06,1.44,4.3
1998-09-27,0.08,8.01,85.07,63.09,1.35,5.23
1998-09-28,0.0,7.12,74.92,63.06,1.47,2.36
1998-09-29,0.0,6.85,77.59,62.92,1.41,2.55
1998-09-30,3.58,4.84,73.47,62.87,1.56,-0.35
1998-10-01,4.74,3.68,70.01,62.82,1.39,-1.79
1998-10-02,2.53,3.02,70.91,62.77,1.6,-2.43
1998-10-03,0.0,3.02,70.65,62.65,1.53,-2.28
1998-10-04,2.81,3.08,68.41,62.83,1.43,-2.77
1998-10-05,1.02,3.49,68.87,62.92,1.44,-2.3
1998-10-06,0.01,3.37,69.19,62.96,1.58,-2.33
1998-10-07,0.0,3.42,72.14,62.97,1.48,-1.72
1998-10-08,0.0,3.8,74.57,62.94,1.34,-1.19
1998-10-09,0.0,3.59,79.36,62.87,1.54,-0.34
1998-10-10,0.0,2.67,72.21,62.88,1.54,-2.65
1998-10-11,0.0,2.12,60.81,62.88,1.26,-5.33
1998-10-12,0.0,2.7,52.17,62.98,1.47,-6.66
1998-10-13,0.0,2.89,38.27,63.01,1.18,-10.27
1998-10-14,0.0,2.73,38.71,62.85,1.33,-10.24
1998-10-15,1.11,0.11,76.72,62.62,0.81,-3.78
1998-10-16,27.78,-0.26,92.56,62.62,1.7,-1.53
1998-10-17,61.87,1.61,95.55,62.66,2.68,0.88
1998-10-18,14.13,3.46,91.5,62.55,1.57,1.94
1998-10-19,0.03,0.61,88.14,62.57,1.42,-1.88
1998-10-20,0.04,-0.12,84.54,62.69,1.27,-3.14
1998-10-21,0.0,-0.76,64.33,62.77,1.22,-7.34
1998-10-22,0.0,0.1,62.93,62.84,1.19,-7.13
1998-10-23,0.0,-0.51,67.04,62.85,1.2,-6.57
1998-10-24,0.92,-0.3,78.94,62.9,1.48,-4.19
1998-10-25,0.01,-1.52,72.08,62.82,1.5,-6.55
1998-10-26,0.0,-4.04,61.16,62.74,1.54,-11.28
1998-10-27,0.0,-4.01,54.01,62.71,1.42,-13.0
1998-10-28,0.0,-1.44,46.76,62.89,1.32,-11.88
1998-10-29,0.0,-1.91,47.2,62.85,1.22,-12.27
1998-10-30,0.0,-3.48,54.69,62.83,1.48,-11.87
1998-10-31,0.0,-3.61,51.66,62.82,1.17,-12.89
1998-11-01,0.0,-1.37,46.99,62.92,1.27,-12.12
1998-11-02,0.0,-0.32,45.83,63.04,1.4,-10.95
1998-11-03,0.0,-0.21,46.04,62.98,1.21,-10.96
1998-11-04,0.0,-1.03,58.0,62.89,1.28,-9.09
1998-11-05,0.0,-2.7,75.56,62.82,1.44,-7.26
1998-11-06,0.28,-3.45,78.99,62.79,1.42,-7.54
1998-11-07,0.17,-4.19,83.06,62.65,1.55,-7.13
1998-11-08,0.45,-4.21,85.35,62.55,1.36,-6.96
1998-11-09,0.07,-4.39,78.19,62.6,1.55,-8.25
1998-11-10,0.0,-2.88,55.06,62.66,1.35,-11.52
1998-11-11,0.0,-0.99,43.34,62.87,1.23,-12.5
1998-11-12,0.0,0.32,39.19,62.99,1.31,-12.24
1998-11-13,0.0,-0.49,37.17,62.78,1.16,-14.08
1998-11-14,0.0,-2.02,34.72,62.73,1.41,-15.58
1998-11-15,0.0,-1.39,31.96,62.86,1.12,-16.37
1998-11-16,0.0,-1.99,37.94,62.79,1.26,-14.51
1998-11-17,0.0,-2.58,47.05,62.6,1.22,-12.66
1998-11-18,0.02,-3.77,60.82,62.53,1.34,-10.85
1998-11-19,0.07,-4.79,78.43,62.56,1.43,-8.76
1998-11-20,0.0,-5.37,74.5,62.62,1.41,-10.23
1998-11-21,0.0,-4.67,70.48,62.6,1.34,-10.0
1998-11-22,0.0,-4.44,74.26,62.65,1.45,-8.99
1998-11-23,0.0,-5.22,72.46,62.64,1.42,-10.2
1998-11-24,0.0,-5.04,69.91,62.69,1.41,-10.61
1998-11-25,0.0,-4.46,51.78,62.64,1.39,-13.59
1998-11-26,0.0,-4.94,51.31,62.6,1.34,-13.98
1998-11-27,0.0,-4.66,38.9,62.68,1.21,-16.84
1998-11-28,0.0,-3.73,37.9,62.72,1.19,-16.05
1998-11-29,0.0,-4.36,32.75,62.78,1.16,-18.22
1998-11-30,0.0,-5.32,38.44,62.83,1.03,-17.53
1998-12-01,0.0,-3.56,30.37,62.72,0.96,-19.44
1998-12-02,0.0,-3.63,42.52,62.73,1.07,-14.8
1998-12-03,0.0,-1.89,34.46,62.93,1.05,-15.62
1998-12-04,0.0,-1.74,43.16,62.96,1.13,-12.83
1998-12-05,0.0,-1.79,52.09,62.9,1.2,-10.95
1998-12-06,0.0,-0.95,40.06,63.06,1.12,-12.88
1998-12-07,0.0,-1.37,32.75,63.05,1.37,-15.68
1998-12-08,0.0,-3.23,30.67,62.75,1.13,-18.78
1998-12-09,0.0,-6.28,46.27,62.52,1.13,-16.9
1998-12-10,0.0,-7.52,45.71,62.63,1.79,-18.07
1998-12-11,0.0,-6.88,46.65,62.61,1.45,-17.41
1998-12-12,0.0,-4.98,39.82,62.7,1.85,-16.8
1998-12-13,0.0,-3.72,41.11,62.93,1.23,-15.69
1998-12-14,0.0,-2.76,40.11,62.94,1.09,-14.82
1998-12-15,0.0,-3.24,41.34,62.74,1.08,-14.74
1998-12-16,0.0,-4.39,37.27,62.59,1.07,-17.07
1998-12-17,0.0,-3.87,37.55,62.51,1.29,-16.57
1998-12-18,0.0,-3.85,36.46,62.52,1.41,-16.95
1998-12-19,0.0,-3.37,42.84,62.74,1.23,-14.56
1998-12-20,0.0,-5.06,68.33,62.53,0.9,-10.92
1998-12-21,0.0,-6.6,69.17,62.28,1.27,-11.84
1998-12-22,0.0,-8.21,62.85,62.31,1.43,-14.85
1998-12-23,0.0,-7.96,49.93,62.34,1.11,-17.2
1998-12-24,0.0,-9.87,52.86,62.41,1.36,-18.35
1998-12-25,0.0,-5.68,35.77,62.73,1.36,-18.62
1998-12-26,0.0,-3.93,38.05,62.6,1.4,-16.37
1998-12-27,0.0,-2.77,33.69,62.67,1.41,-16.91
1998-12-28,0.0,-3.57,40.37,62.73,1.15,-15.1
1998-12-29,0.0,-5.13,44.49,62.6,1.36,-15.32
1998-12-30,0.0,-7.93,70.92,62.24,2.06,-12.86
1998-12-31,0.0,-8.65,51.62,62.24,1.43,-18.06
1999-01-01,0.0,-5.78,39.5,62.52,1.52,-17.97
1999-01-02,0.0,-2.31,44.66,62.72,1.32,-12.8
1999-01-03,0.0,-3.29,53.43,62.61,1.41,-11.42
1999-01-04,0.0,-5.95,60.72,62.46,1.58,-12.9
1999-01-05,0.33,-8.45,62.27,62.24,2.21,-15.01
1999-01-06,5.59,-10.14,82.54,61.93,2.63,-13.22
1999-01-07,1.86,-10.46,93.61,61.69,1.87,-12.04
1999-01-08,0.23,-11.14,79.33,61.9,1.52,-14.88
1999-01-09,0.0,-12.34,78.25,61.68,1.11,-16.28
1999-01-10,0.0,-10.32,49.43,62.13,1.64,-19.61
1999-01-11,0.0,-5.88,63.91,62.34,1.39,-12.32
1999-01-12,0.0,-9.52,84.99,62.07,1.87,-12.4
1999-01-13,0.0,-10.47,75.47,62.1,1.26,-14.77
1999-01-14,0.0,-8.42,41.5,62.43,1.26,-19.62
1999-01-15,0.0,-8.1,41.44,62.49,1.19,-19.14
1999-01-16,0.0,-7.99,49.8,62.4,1.45,-17.46
1999-01-17,0.0,-7.88,50.88,62.47,1.35,-17.03
1999-01-18,0.0,-7.01,51.51,62.37,1.28,-16.36
1999-01-19,0.0,-7.57,71.36,62.38,1.42,-12.71
1999-01-20,0.04,-6.76,85.55,62.49,1.49,-9.23
1999-01-21,0.22,-8.01,95.18,62.44,2.24,-9.08
1999-01-22,0.0,-9.61,81.93,62.33,1.63,-12.95
1999-01-23,0.17,-9.93,82.58,62.3,2.11,-12.94
1999-01-24,0.18,-10.09,86.19,62.36,2.33,-12.58
1999-01-25,0.0,-9.84,65.67,62.33,1.5,-15.67
1999-01-26,0.0,-8.24,37.65,62.17,1.49,-20.39
1999-01-27,0.55,-9.82,76.27,61.99,2.35,-13.81
1999-01-28,18.95,-11.09,93.86,61.67,1.94,-12.69
1999-01-29,0.61,-12.25,84.79,61.82,1.21,-14.79
1999-01-30,0.0,-13.78,77.64,61.73,1.86,-17.35
1999-01-31,0.0,-14.78,81.53,61.8,1.59,-17.68
1999-02-01,0.0,-14.98,75.1,62.0,1.99,-18.84
1999-02-02,0.0,-14.06,86.04,62.26,2.46,-16.39
1999-02-03,0.0,-13.02,90.8,62.38,1.95,-14.83
1999-02-04,0.0,-12.65,73.76,62.43,1.58,-16.71
1999-02-05,0.0,-11.99,62.67,62.56,1.55,-18.21
1999-02-06,0.0,-8.31,47.29,62.71,1.21,-17.47
1999-02-07,0.04,-5.79,62.59,62.72,1.51,-12.32
1999-02-08,0.05,-6.12,88.79,62.6,1.48,-8.46
1999-02-09,0.0,-5.38,84.3,62.54,1.0,-8.38
1999-02-10,0.0,-5.1,82.84,62.62,1.36,-8.19
1999-02-11,0.0,-4.76,77.84,62.81,1.34,-8.84
1999-02-12,0.0,-3.52,69.13,63.04,1.34,-8.74
1999-02-13,0.0,-4.55,68.03,62.82,1.67,-10.15
1999-02-14,0.0,-4.56,48.76,62.76,1.39,-14.64
1999-02-15,0.0,-2.97,42.6,62.91,1.44,-14.26
1999-02-16,0.01,-3.26,47.19,62.95,1.28,-13.06
1999-02-17,0.0,-4.33,62.01,62.87,1.57,-11.58
1999-02-18,0.0,-5.72,62.77,62.72,1.66,-12.7
1999-02-19,0.0,-7.01,65.26,62.59,2.32,-13.77
1999-02-20,0.0,-5.35,46.59,62.63,1.39,-15.93
1999-02-21,0.0,-4.12,45.85,62.65,1.12,-14.43
1999-02-22,0.0,-2.56,51.85,62.81,1.35,-11.55
1999-02-23,0.82,-4.79,88.93,62.62,1.26,-6.98
1999-02-24,0.58,-5.67,94.62,62.39,3.48,-6.81
1999-02-25,0.01,-6.76,85.52,62.38,2.06,-9.62
1999-02-26,0.0,-7.03,80.48,62.34,1.82,-10.85
1999-02-27,0.0,-6.85,78.37,62.37,1.64,-11.07
1999-02-28,0.0,-6.84,80.25,62.42,1.75,-10.74
1999-03-01,0.0,-5.74,62.47,62.45,1.63,-12.96
1999-03-02,0.0,-2.85,57.85,62.52,1.4,-10.63
1999-03-03,0.0,-1.62,58.21,62.67,1.56,-9.38
1999-03-04,0.16,-2.04,60.5,62.57,1.63,-9.31
1999-03-05,0.0,-3.27,63.86,62.47,1.43,-10.07
1999-03-06,0.0,-2.01,59.25,62.46,1.6,-9.28
1999-03-07,0.0,-2.93,79.83,62.5,2.58,-6.29
1999-03-08,0.71,-4.22,89.21,62.34,3.51,-5.95
1999-03-09,0.32,-4.28,83.5,62.19,3.41,-7.44
1999-03-10,0.0,-5.24,79.68,62.24,2.2,-8.85
1999-03-11,0.0,-5.24,69.83,62.19,2.34,-10.5
1999-03-12,0.0,-6.98,66.81,62.07,2.32,-13.12
1999-03-13,0.0,-6.17,54.05,62.09,1.22,-15.41
1999-03-14,0.0,-2.31,38.25,62.5,1.69,-14.99
1999-03-15,0.0,-2.57,46.0,62.57,1.84,-13.01
1999-03-16,0.0,-3.12,46.21,62.36,2.17,-13.44
1999-03-17,0.0,-4.42,53.11,62.25,3.12,-12.59
1999-03-18,0.0,-5.91,67.5,62.28,2.04,-11.59
1999-03-19,0.0,-6.0,53.54,62.32,2.2,-14.9
1999-03-20,0.0,-6.91,61.35,62.21,2.51,-13.92
1999-03-21,0.0,-4.33,46.57,62.2,1.79,-15.32
1999-03-22,0.0,-3.3,47.42,62.37,2.19,-13.53
1999-03-23,0.0,-4.48,66.68,62.44,2.17,-10.49
1999-03-24,0.0,-3.99,69.09,62.46,2.72,-9.43
1999-03-25,0.0,-4.24,83.47,62.4,2.85,-7.22
1999-03-26,0.04,-5.02,61.92,62.17,2.24,-12.27
1999-03-27,0.0,-3.53,36.5,62.22,2.54,-16.93
1999-03-28,0.0,0.03,38.58,62.46,1.84,-12.88
1999-03-29,0.0,1.4,43.58,62.92,2.01,-9.91
1999-03-30,0.0,0.65,45.49,62.9,2.25,-10.12
1999-03-31,0.0,0.17,44.16,62.76,2.3,-11.0
1999-04-01,0.06,-1.37,62.71,62.72,2.19,-7.92
1999-04-02,0.19,-1.27,66.63,62.79,3.09,-7.26
1999-04-03,0.01,-1.44,58.75,62.86,2.17,-9.16
1999-04-04,0.0,-0.54,48.59,62.72,1.87,-11.0
1999-04-05,0.0,0.78,41.19,62.72,2.02,-11.03
1999-04-06,0.0,0.64,39.22,62.65,1.9,-12.35
1999-04-07,0.0,2.29,41.12,62.52,2.12,-10.2
1999-04-08,0.14,1.15,51.37,62.65,2.16,-7.94
1999-04-09,0.0,0.76,44.6,62.68,2.11,-11.12
1999-04-10,0.0,3.11,43.78,62.79,2.12,-8.57
1999-04-11,0.0,3.05,42.79,62.93,2.11,-8.83
1999-04-12,0.0,2.11,40.51,62.94,2.5,-9.95
1999-04-13,0.0,1.07,32.89,62.75,2.55,-13.77
1999-04-14,0.0,-0.25,29.68,62.57,2.72,-15.88
1999-04-15,0.0,-0.85,28.89,62.52,2.18,-16.63
1999-04-16,0.0,-0.35,29.07,62.6,2.07,-16.93
1999-04-17,0.0,0.3,30.55,62.59,2.32,-15.24
1999-04-18,0.0,0.17,37.31,62.57,2.26,-13.46
1999-04-19,0.0,1.99,37.87,62.69,1.91,-12.36
1999-04-20,0.0,3.85,27.66,62.89,2.05,-13.44
1999-04-21,0.0,4.23,31.53,63.06,2.33,-11.84
1999-04-22,0.0,2.98,33.49,62.86,2.17,-12.44
1999-04-23,0.0,3.9,27.86,62.57,1.94,-13.9
1999-04-24,0.0,4.12,32.37,62.57,2.53,-10.98
1999-04-25,0.0,2.81,35.65,62.63,2.23,-11.77
1999-04-26,0.0,3.42,27.31,62.64,2.29,-15.01
1999-04-27,0.0,3.22,26.64,62.69,2.25,-14.73
1999-04-28,0.0,3.82,21.52,62.76,2.24,-16.65
1999-04-29,0.0,4.52,22.81,62.71,2.25,-15.69
1999-04-30,0.0,5.31,27.43,62.75,2.22,-11.93
1999-05-01,0.0,4.39,41.57,62.85,2.8,-7.83
1999-05-02,0.33,4.27,41.29,62.81,2.22,-8.35
1999-05-03,0.06,4.5,35.21,62.83,2.36,-10.06
1999-05-04,0.03,5.01,37.28,62.94,1.86,-8.55
1999-05-05,0.0,5.67,46.12,62.9,2.48,-5.83
1999-05-06,0.0,5.85,37.85,62.79,2.08,-10.02
1999-05-07,0.0,5.33,31.17,62.65,2.4,-10.98
1999-05-08,0.28,3.8,58.23,62.72,2.13,-4.63
1999-05-09,0.01,3.03,64.72,62.69,1.83,-3.96
1999-05-10,0.6,2.9,64.03,62.67,1.99,-3.62
1999-05-11,0.02,2.95,59.55,62.67,1.94,-4.74
1999-05-12,0.29,3.45,59.59,62.66,2.16,-4.53
1999-05-13,0.0,2.4,60.33,62.47,2.6,-5.62
1999-05-14,0.0,1.29,69.66,62.28,2.24,-4.53
1999-05-15,0.0,4.22,46.36,62.51,2.39,-8.3
1999-05-16,0.0,5.17,39.97,62.65,1.87,-8.35
1999-05-17,0.0,6.27,37.14,62.74,2.26,-7.9
1999-05-18,0.0,5.22,44.02,62.8,2.11,-6.36
1999-05-19,0.0,5.55,41.45,62.72,1.9,-7.09
1999-05-20,0.0,5.93,41.17,62.71,2.07,-6.97
1999-05-21,0.26,5.66,57.26,62.64,1.97,-2.82
1999-05-22,0.12,6.8,67.52,62.6,2.02,0.51
1999-05-23,0.04,6.83,68.99,62.57,2.49,0.23
1999-05-24,0.02,6.97,79.51,62.35,3.09,3.08
1999-05-25,0.0,6.69,76.3,62.33,2.56,2.27
1999-05-26,0.0,6.74,57.81,62.52,2.24,-2.9
1999-05-27,0.0,6.83,43.77,62.73,2.21,-6.37
1999-05-28,0.0,6.47,29.95,62.62,2.41,-11.89
1999-05-29,0.0,5.28,24.81,62.36,2.44,-13.44
1999-05-30,0.0,4.94,41.32,62.36,2.35,-8.15
1999-05-31,1.42,4.19,53.15,62.48,2.61,-5.74
1999-06-01,3.44,2.14,58.17,62.5,2.18,-6.19
1999-06-02,0.63,1.56,73.82,62.35,2.4,-3.35
1999-06-03,0.37,0.9,70.79,62.29,2.57,-4.29
1999-06-04,1.12,1.52,76.67,62.48,2.48,-2.69
1999-06-05,0.02,2.84,66.08,62.48,2.15,-3.57
1999-06-06,0.0,5.4,57.84,62.55,1.71,-3.57
1999-06-07,0.21,6.94,48.09,62.66,1.96,-4.43
1999-06-08,0.0,7.84,47.49,62.64,2.17,-3.61
1999-06-09,0.03,7.87,60.43,62.68,2.17,-0.11
1999-06-10,1.37,7.76,63.1,62.7,2.43,0.24
1999-06-11,6.71,6.74,65.36,62.67,2.15,-0.53
1999-06-12,7.17,6.98,67.16,62.55,2.3,-0.08
1999-06-13,0.0,6.26,68.88,62.56,2.34,-0.1
1999-06-14,0.0,6.87,59.03,62.62,1.93,-1.94
1999-06-15,0.13,7.93,53.32,62.64,1.96,-2.23
1999-06-16,25.62,8.66,59.54,62.64,1.89,-0.05
1999-06-17,25.51,8.25,75.44,62.72,1.84,3.43
1999-06-18,0.03,8.89,77.05,62.8,2.07,4.47
1999-06-19,0.25,9.6,82.74,62.74,2.27,6.32
1999-06-20,4.23,8.67,88.02,62.6,2.31,6.39
1999-06-21,0.23,8.94,75.29,62.49,2.5,3.79
1999-06-22,0.06,7.62,67.86,62.44,2.13,0.63
1999-06-23,0.0,7.03,74.94,62.41,2.28,1.99
1999-06-24,0.0,7.55,74.81,62.43,2.27,2.68
1999-06-25,0.0,8.41,64.72,62.38,1.8,0.68
1999-06-26,22.54,8.11,72.16,62.5,2.05,2.38
1999-06-27,9.61,8.11,79.05,62.6,2.02,3.93
1999-06-28,2.03,8.83,78.84,62.63,1.77,4.3
1999-06-29,0.11,9.06,82.0,62.59,2.02,5.42
1999-06-30,0.23,8.99,78.33,62.57,1.92,4.4
1999-07-01,5.17,8.86,80.52,62.45,2.13,4.91
1999-07-02,2.36,9.27,85.78,62.3,2.67,6.54
1999-07-03,0.08,8.66,81.22,62.42,2.79,4.97
1999-07-04,5.97,7.6,79.11,62.57,2.4,3.5
1999-07-05,1.57,8.06,77.85,62.62,2.06,3.66
1999-07-06,0.13,8.39,81.88,62.66,2.02,4.85
1999-07-07,5.81,8.67,76.57,62.76,1.95,3.88
1999-07-08,0.98,9.32,76.25,62.77,1.86,4.48
1999-07-09,0.63,10.79,75.38,62.63,1.79,5.29
1999-07-10,0.0,10.48,69.96,62.47,2.12,3.92
1999-07-11,3.62,8.91,80.07,62.38,2.29,4.98
1999-07-12,4.43,8.8,78.73,62.38,2.64,4.38
1999-07-13,0.17,7.74,69.66,62.36,2.15,1.53
1999-07-14,0.0,8.73,75.1,62.4,1.94,3.75
1999-07-15,0.92,9.96,73.7,62.54,1.98,4.78
1999-07-16,0.25,11.16,76.47,62.51,1.98,6.24
1999-07-17,0.62,10.85,81.82,62.51,2.04,7.25
1999-07-18,1.11,11.08,85.83,62.53,2.14,8.39
1999-07-19,2.26,9.22,87.69,62.42,1.54,6.95
1999-07-20,13.86,9.77,84.52,62.44,2.78,6.84
1999-07-21,22.1,8.56,90.37,62.44,2.73,6.81
1999-07-22,5.49,9.07,85.51,62.44,2.34,6.34
1999-07-23,2.05,9.82,82.0,62.45,2.12,6.47
1999-07-24,0.06,10.24,84.77,62.44,2.35,7.4
1999-07-25,0.02,10.19,81.78,62.41,2.18,6.61
1999-07-26,0.99,10.04,79.39,62.38,2.01,5.82
1999-07-27,12.79,9.46,78.37,62.39,2.07,5.21
1999-07-28,7.35,9.25,88.3,62.38,2.07,7.08
1999-07-29,1.5,8.81,84.59,62.44,1.94,5.99
1999-07-30,12.44,9.0,84.9,62.47,1.87,6.31
1999-07-31,15.1,8.55,92.59,62.61,2.08,7.13
1999-08-01,2.62,9.59,80.2,62.7,1.78,5.84
1999-08-02,0.83,10.43,79.21,62.59,2.08,6.36
1999-08-03,2.4,9.05,88.7,62.55,1.58,6.95
1999-08-04,1.75,9.4,86.27,62.59,1.86,6.9
1999-08-05,2.69,10.63,84.17,62.43,1.64,7.57
1999-08-06,4.15,9.45,90.67,62.35,1.73,7.75
1999-08-07,10.45,8.69,85.5,62.38,1.51,6.09
1999-08-08,3.78,9.68,89.29,62.43,1.99,7.77
1999-08-09,8.57,9.56,91.29,62.49,1.96,8.05
1999-08-10,3.58,8.73,91.03,62.68,1.43,7.06
1999-08-11,6.41,9.42,85.39,62.55,1.99,6.82
1999-08-12,11.71,8.75,87.72,62.39,2.32,6.48
1999-08-13,0.52,6.33,76.41,62.27,1.91,1.58
1999-08-14,0.0,6.39,75.91,62.41,1.92,1.6
1999-08-15,0.04,7.16,74.24,62.63,1.86,1.82
1999-08-16,1.88,8.22,87.36,62.76,1.91,5.79
1999-08-17,0.18,8.92,84.32,62.73,1.78,5.96
1999-08-18,2.8,8.65,87.0,62.78,1.63,6.22
1999-08-19,13.81,8.91,88.16,62.8,1.88,6.71
1999-08-20,1.95,8.97,87.24,62.75,1.84,6.63
1999-08-21,0.1,9.37,86.56,62.59,2.12,6.85
1999-08-22,0.0,9.06,85.3,62.65,1.95,6.24
1999-08-23,0.0,9.22,81.63,62.69,1.88,5.61
1999-08-24,0.36,9.05,83.76,62.66,1.81,5.83
1999-08-25,1.88,7.8,87.43,62.53,2.16,5.45
1999-08-26,1.7,7.02,85.86,62.62,2.16,4.29
1999-08-27,0.54,6.67,75.13,62.71,1.92,1.56
1999-08-28,0.07,6.21,68.5,62.68,2.04,-0.35
1999-08-29,0.0,6.39,75.48,62.72,1.96,1.47
1999-08-30,0.0,6.68,79.0,62.66,1.61,2.23
1999-08-31,3.28,7.68,78.98,62.65,1.6,3.37
1999-09-01,0.46,7.8,84.6,62.68,1.97,4.73
1999-09-02,0.07,7.58,81.01,62.75,2.15,3.85
1999-09-03,1.26,7.22,74.66,62.72,2.05,1.78
1999-09-04,0.08,7.94,79.13,62.8,2.06,3.71
1999-09-05,0.37,7.31,80.23,62.77,1.83,3.71
1999-09-06,0.69,7.17,81.03,62.72,1.64,3.81
1999-09-07,1.16,8.14,82.12,62.69,1.91,4.76
1999-09-08,5.5,8.02,86.59,62.71,2.02,5.47
1999-09-09,3.7,7.33,88.38,62.67,2.04,5.19
1999-09-10,0.61,7.36,85.99,62.66,2.09,4.73
1999-09-11,0.41,7.44,89.47,62.67,2.17,5.48
1999-09-12,22.24,7.24,80.16,62.66,1.77,3.37
1999-09-13,13.92,7.32,81.05,62.69,1.46,3.59
1999-09-14,3.51,7.84,80.62,62.64,1.24,4.31
1999-09-15,3.74,8.38,86.22,62.58,1.21,5.63
1999-09-16,5.85,8.51,86.62,62.53,1.12,5.77
1999-09-17,28.51,8.68,84.14,62.54,1.39,5.4
1999-09-18,9.0,8.32,82.71,62.66,1.51,4.86
1999-09-19,6.49,7.23,86.77,62.92,1.27,4.86
1999-09-20,0.71,7.53,81.31,62.93,1.64,4.11
1999-09-21,0.0,7.56,82.48,62.8,1.44,4.22
1999-09-22,0.15,7.09,86.0,62.83,1.53,4.48
1999-09-23,1.88,6.63,87.07,62.94,1.57,4.27
1999-09-24,0.89,5.33,89.97,62.95,1.67,3.53
1999-09-25,0.0,5.41,75.59,62.81,1.61,0.53
1999-09-26,4.49,4.74,74.64,62.81,1.59,-0.26
1999-09-27,2.13,4.7,68.96,62.95,1.54,-1.43
1999-09-28,0.3,4.88,59.83,63.02,1.53,-3.34
1999-09-29,0.66,4.98,64.43,63.03,1.44,-2.02
1999-09-30,0.8,4.6,69.55,63.03,1.69,-1.13
1999-10-01,0.05,4.63,75.05,62.93,1.57,-0.05
1999-10-02,16.18,3.37,66.48,62.89,1.19,-2.99
1999-10-03,0.97,2.51,62.85,62.84,1.49,-4.48
1999-10-04,0.95,2.63,61.0,62.89,1.48,-4.93
1999-10-05,4.05,3.73,78.09,62.89,1.75,-0.15
1999-10-06,5.58,3.2,82.19,62.85,2.01,0.06
1999-10-07,0.02,1.34,77.27,62.7,1.99,-2.8
1999-10-08,0.0,0.4,63.96,62.62,1.59,-6.57
1999-10-09,0.0,0.49,50.39,62.69,1.52,-9.11
1999-10-10,0.0,0.51,43.26,62.76,1.58,-11.03
1999-10-11,0.0,-0.26,42.95,62.72,1.59,-11.62
1999-10-12,0.0,-1.74,44.93,62.66,1.57,-12.69
1999-10-13,0.0,-1.31,55.67,62.75,1.63,-9.59
1999-10-14,0.0,-0.23,53.46,62.82,1.37,-9.26
1999-10-15,0.0,0.33,54.44,62.83,1.57,-8.16
1999-10-16,0.0,-0.22,47.75,62.78,1.58,-10.62
1999-10-17,0.0,-0.79,48.33,62.59,1.55,-10.88
1999-10-18,0.0,-1.14,65.02,62.52,1.45,-7.7
1999-10-19,0.0,-1.06,66.44,62.41,1.34,-7.38
1999-10-20,0.0,-0.4,63.42,62.55,1.5,-7.09
1999-10-21,0.0,0.06,59.35,62.71,1.45,-7.71
1999-10-22,0.0,-0.54,64.18,62.9,1.45,-7.28
1999-10-23,0.0,-0.74,53.04,62.91,1.54,-9.98
1999-10-24,0.0,0.56,40.35,62.86,1.49,-11.71
1999-10-25,0.0,0.96,37.81,62.85,1.52,-11.93
1999-10-26,0.0,1.35,33.22,62.87,1.63,-13.3
1999-10-27,0.0,0.76,37.06,62.79,1.67,-12.74
1999-10-28,0.0,2.71,30.1,62.78,1.39,-13.42
1999-10-29,0.0,1.55,32.62,62.74,1.39,-13.48
1999-10-30,0.0,0.11,38.84,62.55,1.67,-12.72
1999-10-31,0.0,-0.76,46.18,62.61,1.49,-11.33
1999-11-01,0.0,-1.49,56.07,62.77,1.4,-9.79
1999-11-02,0.0,-0.44,46.83,62.82,1.5,-10.88
1999-11-03,0.0,-1.37,48.24,62.71,1.37,-11.45
1999-11-04,0.0,-2.09,62.81,62.71,1.53,-8.62
1999-11-05,0.0,-2.83,63.32,62.82,1.45,-9.52
1999-11-06,0.3,-3.56,61.55,62.74,1.61,-10.85
1999-11-07,0.02,-4.42,66.54,62.61,1.6,-11.08
1999-11-08,0.0,-4.93,55.82,62.51,1.57,-13.41
1999-11-09,0.0,-4.14,39.33,62.48,1.6,-16.54
1999-11-10,0.0,-3.6,48.16,62.54,1.67,-13.29
1999-11-11,0.0,-4.48,54.23,62.68,1.5,-13.33
1999-11-12,0.0,-3.08,36.44,62.71,1.3,-16.06
1999-11-13,0.0,-1.68,36.94,62.8,1.58,-14.58
1999-11-14,0.0,-0.65,38.29,62.88,1.52,-13.3
1999-11-15,0.0,-2.32,44.47,62.8,1.61,-13.27
1999-11-16,0.0,-4.57,41.51,62.75,1.44,-16.25
1999-11-17,0.0,-3.28,28.21,62.87,1.45,-19.12
1999-11-18,0.0,-3.39,27.72,62.72,1.5,-19.61
1999-11-19,0.0,-3.72,29.49,62.54,1.25,-19.19
1999-11-20,0.0,-5.76,37.17,62.45,1.26,-18.06
1999-11-21,0.0,-3.82,28.39,62.66,1.51,-19.47
1999-11-22,0.0,-4.79,33.55,62.77,1.74,-18.46
1999-11-23,0.0,-2.47,28.92,62.83,1.33,-17.84
1999-11-24,0.0,-1.41,34.04,62.85,1.02,-15.05
1999-11-25,0.0,-2.17,32.59,62.61,1.53,-16.57
1999-11-26,0.0,-4.54,51.13,62.47,1.38,-13.47
1999-11-27,0.0,-3.82,33.79,62.57,1.35,-17.57
1999-11-28,0.0,-1.26,33.81,62.73,1.66,-15.19
1999-11-29,0.0,-1.19,30.34,62.85,1.5,-16.88
1999-11-30,0.0,-0.31,17.95,62.83,1.14,-21.3
1999-12-01,0.0,-1.4,19.57,62.87,1.2,-21.32
1999-12-02,0.0,-2.43,24.2,62.79,1.41,-20.04
1999-12-03,0.0,-2.8,27.31,62.74,1.4,-19.28
1999-12-04,0.0,-4.52,29.45,62.66,1.37,-19.84
1999-12-05,0.0,-5.37,29.33,62.52,1.41,-20.53
1999-12-06,0.0,-6.43,35.52,62.4,1.37,-19.75
1999-12-07,0.19,-9.11,69.72,62.23,1.44,-14.34
1999-12-08,0.8,-8.02,69.72,62.32,0.6,-13.73
1999-12-09,0.0,-7.51,41.33,62.45,1.39,-18.55
1999-12-10,0.0,-8.65,53.39,62.34,1.22,-16.71
1999-12-11,0.0,-6.28,36.59,62.6,1.46,-18.81
1999-12-12,0.0,-4.68,42.54,62.64,1.35,-15.25
1999-12-13,0.0,-4.48,27.45,62.6,1.21,-20.41
1999-12-14,0.0,-4.88,35.82,62.4,1.48,-17.66
1999-12-15,0.0,-6.0,37.39,62.37,1.43,-19.15
1999-12-16,0.0,-4.04,24.72,62.63,1.65,-21.11
1999-12-17,0.0,-2.2,21.18,62.77,1.32,-20.97
1999-12-18,0.0,-1.97,19.19,62.77,1.17,-21.52
1999-12-19,0.0,-2.81,22.75,62.74,1.55,-20.67
1999-12-20,0.0,-5.88,30.82,62.62,1.7,-20.12
1999-12-21,0.0,-4.41,16.78,62.65,1.24,-24.97
1999-12-22,0.0,-3.2,16.22,62.77,1.15,-24.47
1999-12-23,0.0,-2.62,23.26,62.77,1.22,-20.04
1999-12-24,0.0,-4.3,21.99,62.72,1.32,-22.21
1999-12-25,0.0,-5.59,22.47,62.58,1.45,-23.05
1999-12-26,0.0,-6.15,32.15,62.38,1.47,-19.29
1999-12-27,0.0,-7.7,27.96,62.4,1.22,-22.84
1999-12-28,0.0,-4.53,21.88,62.67,1.52,-22.17
1999-12-29,0.0,-4.75,24.27,62.53,1.48,-21.45
1999-12-30,0.0,-6.75,24.33,62.2,1.22,-23.34
1999-12-31,0.0,-6.43,25.01,62.24,1.35,-22.54
2000-01-01,0.0,-5.47,24.56,62.43,1.3,-21.83
2000-01-02,0.0,-5.59,23.8,62.45,1.4,-22.27
2000-01-03,0.0,-5.01,20.39,62.33,1.28,-23.32
2000-01-04,0.0,-5.8,20.18,62.33,1.4,-24.23
2000-01-05,0.0,-7.25,21.33,62.32,1.37,-24.73
2000-01-06,0.0,-7.0,23.62,62.28,1.39,-23.58
2000-01-07,0.0,-5.47,39.25,62.35,1.32,-17.7
2000-01-08,0.0,-5.87,79.98,62.3,1.5,-9.36
2000-01-09,0.04,-6.97,92.16,62.13,2.37,-8.37
2000-01-10,0.0,-8.18,65.4,62.17,1.6,-14.43
2000-01-11,0.08,-8.71,85.72,62.34,1.68,-11.42
2000-01-12,7.48,-8.26,93.01,62.24,3.02,-9.76
2000-01-13,7.49,-9.42,95.76,61.9,3.58,-10.16
2000-01-14,0.37,-12.5,89.95,61.73,3.72,-14.26
2000-01-15,0.0,-15.62,80.4,61.73,2.77,-18.77
2000-01-16,0.0,-14.8,52.42,62.02,1.36,-22.72
2000-01-17,0.0,-9.97,49.11,62.46,1.37,-18.79
2000-01-18,0.0,-5.63,58.22,62.72,1.33,-12.79
2000-01-19,0.0,-6.87,79.14,62.38,2.2,-10.52
2000-01-20,0.0,-8.6,42.09,61.9,1.39,-19.8
2000-01-21,0.0,-9.63,55.98,62.09,1.29,-17.07
2000-01-22,0.02,-9.58,87.28,62.13,1.76,-12.04
2000-01-23,0.0,-10.74,48.76,62.09,1.5,-20.38
2000-01-24,0.0,-10.26,40.75,62.26,1.54,-21.9
2000-01-25,10.91,-10.84,69.73,62.4,1.75,-15.85
2000-01-26,2.23,-10.8,92.92,62.35,1.6,-12.38
2000-01-27,0.09,-12.28,90.57,62.19,1.38,-14.32
2000-01-28,0.0,-13.95,58.9,62.12,1.75,-21.02
2000-01-29,0.0,-9.65,38.21,62.33,1.64,-21.43
2000-01-30,0.0,-7.48,46.49,62.53,1.71,-17.28
2000-01-31,0.02,-8.51,64.93,62.32,2.05,-14.3
2000-02-01,0.31,-11.11,88.79,61.84,2.78,-13.31
2000-02-02,0.03,-10.96,77.1,61.99,1.75,-14.9
2000-02-03,0.0,-10.4,58.47,62.27,1.49,-17.39
2000-02-04,2.91,-10.59,69.27,62.05,1.93,-15.69
2000-02-05,9.76,-12.24,91.38,61.65,1.84,-14.1
2000-02-06,0.2,-11.96,89.43,61.83,1.45,-13.97
2000-02-07,0.19,-12.98,76.6,61.99,1.54,-16.78
2000-02-08,0.0,-12.86,69.63,61.95,1.68,-17.91
2000-02-09,0.0,-12.84,62.39,62.0,1.53,-18.91
2000-02-10,2.39,-10.85,85.25,61.89,2.47,-13.51
2000-02-11,3.4,-12.08,95.04,61.63,2.37,-13.43
2000-02-12,1.83,-13.89,94.76,61.76,2.24,-15.12
2000-02-13,0.0,-15.02,81.41,61.88,1.77,-18.13
2000-02-14,0.0,-14.86,68.96,62.02,1.83,-20.03
2000-02-15,0.0,-9.15,50.39,62.33,1.6,-17.79
2000-02-16,0.0,-10.66,71.73,62.02,2.9,-15.19
2000-02-17,0.0,-14.12,88.9,61.62,1.72,-16.02
2000-02-18,0.0,-15.32,74.11,61.63,1.71,-19.54
2000-02-19,0.0,-14.89,67.12,61.74,1.65,-20.03
2000-02-20,0.01,-14.51,79.76,61.8,1.83,-17.85
2000-02-21,0.0,-12.8,87.09,61.97,1.85,-15.06
2000-02-22,0.0,-13.25,70.7,62.13,1.77,-17.93
2000-02-23,0.0,-13.11,48.41,62.17,1.63,-22.32
2000-02-24,0.0,-11.54,45.99,62.12,1.46,-21.42
2000-02-25,0.0,-11.22,47.39,61.92,1.48,-21.01
2000-02-26,0.0,-12.1,55.72,61.83,1.65,-20.16
2000-02-27,0.0,-9.62,52.05,62.02,2.02,-18.18
2000-02-28,0.0,-7.11,45.0,62.25,2.03,-17.42
2000-02-29,0.0,-6.07,74.4,62.37,1.98,-10.43
2000-03-01,0.0,-8.39,63.7,62.13,1.68,-15.34
2000-03-02,0.0,-9.98,50.28,62.02,1.9,-19.9
2000-03-03,0.0,-8.29,37.29,62.18,1.8,-21.41
2000-03-04,0.09,-8.05,68.58,62.19,2.83,-13.52
2000-03-05,0.06,-7.05,83.11,62.17,3.02,-10.24
2000-03-06,0.0,-7.36,62.36,62.22,2.32,-15.36
2000-03-07,0.0,-8.85,70.57,62.16,2.68,-14.11
2000-03-08,0.0,-9.09,57.45,62.06,1.74,-17.12
2000-03-09,0.0,-7.53,42.24,61.95,2.03,-19.44
2000-03-10,0.0,-6.1,46.48,62.09,2.15,-16.56
2000-03-11,0.0,-6.51,72.71,62.1,2.42,-11.32
2000-03-12,3.04,-7.68,82.83,61.92,2.44,-10.95
2000-03-13,0.42,-8.93,66.24,61.9,1.8,-15.12
2000-03-14,0.0,-8.16,56.87,62.09,1.85,-16.66
2000-03-15,0.0,-7.18,50.04,62.1,1.89,-17.17
2000-03-16,0.0,-6.77,49.66,62.11,2.36,-16.82
2000-03-17,0.0,-6.78,52.91,62.12,2.33,-16.38
2000-03-18,0.0,-7.23,75.46,62.13,3.08,-11.71
2000-03-19,0.0,-7.25,52.5,62.19,2.05,-16.29
2000-03-20,0.0,-6.33,43.28,62.21,2.15,-18.24
2000-03-21,1.25,-7.24,81.53,62.34,2.36,-10.66
2000-03-22,11.93,-6.85,82.06,62.32,2.99,-10.28
2000-03-23,0.72,-7.72,84.09,62.16,1.74,-10.81
2000-03-24,0.01,-6.11,59.6,62.37,1.25,-14.06
2000-03-25,0.0,-4.44,30.49,62.67,1.88,-19.96
2000-03-26,0.0,-2.89,30.29,62.77,1.65,-18.86
2000-03-27,0.0,-1.77,37.44,62.8,1.78,-15.92
2000-03-28,0.0,-1.09,44.4,62.85,1.97,-12.74
2000-03-29,0.0,-0.41,43.6,62.94,1.93,-12.16
2000-03-30,0.0,0.24,45.5,62.91,2.18,-11.18
2000-03-31,0.0,0.52,39.19,62.83,1.96,-11.88
2000-04-01,0.0,-0.66,50.59,62.7,1.93,-10.24
2000-04-02,0.0,-0.09,33.07,62.52,1.98,-16.07
2000-04-03,0.0,-0.53,29.45,62.5,2.11,-16.03
2000-04-04,0.0,-1.54,32.26,62.54,2.13,-16.62
2000-04-05,0.0,-2.15,33.96,62.5,2.16,-16.75
2000-04-06,0.0,-1.59,29.89,62.45,2.07,-17.74
2000-04-07,0.0,-0.27,33.55,62.73,2.39,-14.63
2000-04-08,0.0,-0.58,42.15,62.7,2.3,-12.31
2000-04-09,0.23,-1.5,47.14,62.34,2.01,-12.38
2000-04-10,0.01,0.3,35.93,62.48,1.86,-13.75
2000-04-11,0.0,1.7,22.9,62.7,1.94,-17.66
2000-04-12,0.0,2.58,24.77,62.79,1.97,-15.64
2000-04-13,0.0,2.77,29.67,62.64,1.92,-13.36
2000-04-14,0.16,1.52,43.56,62.57,1.81,-10.06
2000-04-15,0.19,1.23,53.48,62.63,2.21,-7.51
2000-04-16,0.0,0.87,49.26,62.65,2.53,-9.57
2000-04-17,0.0,1.76,44.36,62.62,2.31,-10.35
2000-04-18,0.0,2.86,47.04,62.8,2.38,-7.89
2000-04-19,0.0,3.64,46.15,62.9,2.25,-8.22
2000-04-20,0.04,4.13,51.49,62.8,2.12,-5.75
2000-04-21,0.0,3.51,51.24,62.68,2.03,-6.31
2000-04-22,0.0,1.88,62.91,62.72,1.79,-4.92
2000-04-23,0.0,1.57,68.89,62.61,2.08,-4.43
2000-04-24,0.0,1.65,65.09,62.41,2.03,-5.12
2000-04-25,0.0,3.41,42.18,62.39,2.32,-9.69
2000-04-26,0.0,3.37,40.56,62.6,2.45,-9.54
2000-04-27,3.97,3.04,55.59,62.6,2.48,-5.81
2000-04-28,0.12,2.04,48.04,62.45,2.71,-9.02
2000-04-29,0.0,1.31,35.06,62.51,2.47,-13.15
2000-04-30,0.0,2.46,29.44,62.68,2.31,-14.25
2000-05-01,0.0,3.64,29.16,62.65,1.89,-13.77
2000-05-02,0.0,5.05,24.51,62.84,2.03,-14.64
2000-05-03,0.0,6.23,22.22,63.06,1.96,-14.2
2000-05-04,0.0,4.85,34.87,63.0,2.42,-9.99
2000-05-05,10.98,3.51,61.03,62.98,2.17,-3.58
2000-05-06,3.43,2.17,71.68,62.84,1.64,-2.65
2000-05-07,0.04,3.79,65.47,62.67,0.89,-2.89
2000-05-08,0.0,5.47,56.1,62.75,1.53,-4.12
2000-05-09,0.0,6.37,54.03,62.81,1.64,-4.52
2000-05-10,0.0,8.07,55.94,62.86,1.56,-2.16
2000-05-11,0.0,8.47,57.21,62.87,1.83,-1.15
2000-05-12,0.33,8.14,62.77,62.9,1.88,0.36
2000-05-13,0.03,7.34,65.08,62.88,2.09,-0.23
2000-05-14,0.0,7.37,65.41,62.75,2.29,0.29
2000-05-15,3.81,7.42,70.07,62.78,2.12,1.15
2000-05-16,0.3,7.5,67.38,62.67,2.06,0.78
2000-05-17,0.0,7.24,49.29,62.6,2.12,-4.0
2000-05-18,0.0,7.05,49.97,62.51,1.89,-3.63
2000-05-19,0.0,7.64,52.61,62.58,2.2,-2.28
2000-05-20,3.44,7.0,55.1,62.67,2.15,-2.13
2000-05-21,0.05,6.72,55.77,62.56,2.08,-2.96
2000-05-22,0.0,7.01,54.58,62.6,2.3,-3.74
2000-05-23,0.02,6.62,62.98,62.66,2.43,-1.36
2000-05-24,0.0,7.17,58.27,62.55,2.24,-2.68
2000-05-25,0.55,7.03,51.19,62.5,2.56,-3.99
2000-05-26,0.01,7.03,44.83,62.43,2.51,-5.95
2000-05-27,0.42,7.22,41.03,62.6,2.3,-6.89
2000-05-28,0.71,7.15,47.86,62.65,2.13,-5.22
2000-05-29,0.2,7.66,50.16,62.75,2.21,-3.02
2000-05-30,1.32,6.56,56.8,62.74,2.61,-2.23
2000-05-31,0.12,5.7,57.32,62.64,2.46,-3.73
2000-06-01,0.12,5.94,58.9,62.46,2.48,-2.89
2000-06-02,0.0,7.61,55.5,62.6,2.05,-2.32
2000-06-03,0.21,7.64,57.19,62.68,2.53,-1.99
2000-06-04,3.45,6.51,61.6,62.71,2.09,-2.56
2000-06-05,0.6,6.32,61.22,62.67,2.18,-2.46
2000-06-06,6.86,7.37,70.9,62.6,2.37,1.06
2000-06-07,16.76,7.81,78.77,62.45,1.98,3.77
2000-06-08,7.27,7.83,93.83,62.27,4.1,6.67
2000-06-09,5.4,6.9,81.3,62.5,3.09,3.49
2000-06-10,0.17,5.86,60.5,62.54,2.29,-2.48
2000-06-11,0.03,5.64,69.12,62.49,2.1,-0.72
2000-06-12,0.0,7.25,73.7,62.45,1.85,1.93
2000-06-13,0.06,8.0,73.53,62.46,1.93,2.71
2000-06-14,0.02,8.56,68.72,62.56,1.97,2.17
2000-06-15,10.05,8.28,76.0,62.54,2.19,3.54
2000-06-16,1.26,8.61,81.33,62.56,2.01,5.03
2000-06-17,0.01,8.82,78.41,62.6,2.13,4.55
2000-06-18,0.0,8.89,70.8,62.61,2.1,3.1
2000-06-19,0.01,8.81,73.46,62.62,2.29,3.51
2000-06-20,11.64,9.22,77.47,62.62,2.12,4.65
2000-06-21,22.35,8.78,77.48,62.56,2.29,4.2
2000-06-22,4.77,6.73,75.31,62.5,2.39,1.96
2000-06-23,0.05,6.41,79.81,62.45,2.27,2.49
2000-06-24,0.83,7.56,82.12,62.31,2.07,4.07
2000-06-25,0.27,8.26,81.9,62.37,2.11,4.69
2000-06-26,0.4,9.04,80.57,62.47,1.93,5.07
2000-06-27,0.8,9.25,83.88,62.57,1.84,6.06
2000-06-28,1.5,10.05,82.5,62.64,2.12,6.57
2000-06-29,0.45,9.57,84.75,62.68,2.25,6.63
2000-06-30,0.48,8.43,87.1,62.63,2.13,6.27
2000-07-01,4.72,9.26,75.32,62.62,2.13,4.49
2000-07-02,0.97,8.43,81.66,62.58,2.52,4.79
2000-07-03,24.22,8.56,82.72,62.59,2.22,5.16
2000-07-04,0.23,8.97,86.01,62.61,2.08,6.36
2000-07-05,0.0,9.65,78.46,62.63,2.08,5.32
2000-07-06,0.14,9.94,78.03,62.54,2.16,5.33
2000-07-07,10.24,9.94,82.5,62.53,2.12,6.48
2000-07-08,3.52,10.3,84.35,62.43,2.26,7.18
2000-07-09,2.84,9.76,85.6,62.32,2.53,7.02
2000-07-10,4.33,9.38,89.12,62.31,2.52,7.31
2000-07-11,1.69,9.9,88.53,62.4,2.34,7.68
2000-07-12,2.59,9.43,83.86,62.55,1.96,6.39
2000-07-13,0.4,9.64,84.26,62.55,1.91,6.68
2000-07-14,9.9,9.35,86.46,62.5,1.89,6.82
2000-07-15,25.98,9.23,86.84,62.41,1.74,6.82
2000-07-16,11.66,9.18,92.58,62.4,2.57,7.76
2000-07-17,9.14,9.3,88.18,62.42,2.44,7.11
2000-07-18,2.59,9.42,93.59,62.31,2.6,8.2
2000-07-19,9.72,8.36,87.48,62.38,1.78,6.2
2000-07-20,0.3,9.82,79.92,62.47,1.94,6.14
2000-07-21,3.25,8.76,91.49,62.54,1.92,7.18
2000-07-22,5.82,7.63,89.96,62.6,1.91,5.8
2000-07-23,12.3,9.32,86.14,62.52,1.86,6.76
2000-07-24,12.75,9.32,90.15,62.46,2.05,7.47
2000-07-25,2.25,8.67,93.22,62.57,1.9,7.46
2000-07-26,13.73,9.32,89.68,62.58,1.84,7.36
2000-07-27,5.46,8.85,88.82,62.55,1.9,6.89
2000-07-28,3.02,7.83,91.76,62.58,1.69,6.4
2000-07-29,1.8,9.33,85.38,62.69,2.03,6.75
2000-07-30,4.73,9.09,93.26,62.62,1.88,7.87
2000-07-31,3.27,9.05,91.22,62.48,2.07,7.49
2000-08-01,8.32,8.22,89.3,62.39,2.65,6.27
2000-08-02,0.95,6.44,89.39,62.45,2.39,4.48
2000-08-03,0.02,6.24,75.4,62.45,2.0,1.61
2000-08-04,0.01,6.65,73.8,62.56,1.93,1.67
2000-08-05,0.0,8.82,76.86,62.58,1.8,4.39
2000-08-06,1.76,9.88,81.41,62.66,1.72,6.25
2000-08-07,0.02,9.81,78.98,62.71,1.83,5.46
2000-08-08,0.0,9.28,80.31,62.7,1.97,5.2
2000-08-09,0.0,9.11,83.7,62.62,2.08,5.75
2000-08-10,1.87,8.57,78.34,62.67,1.94,4.1
2000-08-11,1.17,8.04,88.41,62.64,1.4,5.93
2000-08-12,1.38,8.72,87.62,62.72,1.32,6.33
2000-08-13,0.4,9.55,83.89,62.83,1.84,6.49
2000-08-14,22.67,9.71,84.47,62.69,2.06,6.8
2000-08-15,25.64,8.71,89.5,62.62,2.02,6.76
2000-08-16,2.48,8.33,81.82,62.52,1.74,4.88
2000-08-17,0.5,9.09,84.18,62.47,2.03,6.24
2000-08-18,2.63,8.91,90.65,62.64,2.43,7.23
2000-08-19,0.74,8.34,93.01,62.72,1.91,7.03
2000-08-20,0.12,9.37,83.56,62.67,1.72,6.25
2000-08-21,0.09,8.86,78.43,62.59,1.88,4.37
2000-08-22,3.4,7.97,78.2,62.72,1.67,3.82
2000-08-23,21.73,7.73,87.79,62.81,1.71,5.6
2000-08-24,1.25,9.2,80.11,62.76,1.57,5.63
2000-08-25,0.49,9.84,77.77,62.81,1.6,5.47
2000-08-26,0.0,9.77,89.13,62.79,1.48,7.59
2000-08-27,1.77,10.05,89.89,62.69,1.84,8.15
2000-08-28,3.74,10.45,86.54,62.52,1.53,7.74
2000-08-29,6.86,9.72,85.72,62.41,1.79,6.94
2000-08-30,3.0,9.09,88.27,62.27,2.0,6.91
2000-08-31,6.66,8.3,88.59,62.28,1.94,6.15
2000-09-01,0.25,7.36,78.2,62.41,1.72,3.04
2000-09-02,0.8,7.08,82.71,62.48,1.83,3.74
2000-09-03,3.47,7.94,87.17,62.62,1.96,5.45
2000-09-04,0.29,8.78,88.34,62.74,1.95,6.6
2000-09-05,36.27,8.39,81.52,62.61,1.78,4.91
2000-09-06,4.64,7.43,82.5,62.53,1.77,4.21
2000-09-07,7.18,6.34,79.15,62.59,1.86,2.34
2000-09-08,1.0,5.99,81.82,62.68,1.85,2.58
2000-09-09,0.55,4.73,76.58,62.63,1.8,0.44
2000-09-10,0.15,3.54,68.16,62.52,1.75,-2.62
2000-09-11,0.0,3.3,70.22,62.43,1.73,-2.37
2000-09-12,0.05,5.52,72.33,62.59,1.69,0.23
2000-09-13,0.0,6.45,78.96,62.83,1.71,2.34
2000-09-14,0.43,6.16,72.32,62.87,1.62,0.84
2000-09-15,1.99,6.29,72.59,62.78,1.65,0.91
2000-09-16,0.0,7.25,71.96,62.75,1.58,1.91
2000-09-17,0.01,7.19,76.84,62.77,1.46,2.77
2000-09-18,9.56,6.76,80.14,62.69,1.48,2.92
2000-09-19,4.82,5.49,87.32,62.74,1.65,3.27
2000-09-20,8.09,4.01,85.36,62.81,1.74,1.4
2000-09-21,0.32,4.19,72.51,62.9,1.68,-0.91
2000-09-22,0.01,4.39,74.96,62.94,1.57,-0.57
2000-09-23,0.0,2.66,71.0,62.83,1.66,-2.7
2000-09-24,0.0,2.21,59.17,62.73,1.69,-5.82
2000-09-25,1.35,2.03,64.69,62.7,1.77,-4.85
2000-09-26,2.71,1.65,67.86,62.75,1.88,-4.43
2000-09-27,0.0,1.46,68.18,62.73,1.72,-4.68
2000-09-28,0.0,1.58,65.93,62.64,1.34,-5.32
2000-09-29,0.0,2.93,65.62,62.62,1.43,-3.81
2000-09-30,0.0,3.66,55.68,62.68,1.63,-5.41
2000-10-01,0.0,3.46,57.44,62.83,1.63,-4.88
2000-10-02,0.0,2.99,52.67,62.89,1.75,-6.63
2000-10-03,0.0,4.94,45.35,62.89,1.47,-6.65
2000-10-04,0.0,5.56,42.27,62.91,1.54,-6.89
2000-10-05,0.0,5.14,40.87,62.97,1.5,-7.84
2000-10-06,0.0,4.88,39.99,63.05,1.44,-8.1
2000-10-07,0.0,3.86,43.82,62.98,1.49,-8.37
2000-10-08,0.08,3.28,54.42,62.82,1.53,-5.63
2000-10-09,0.0,1.87,61.8,62.7,1.64,-5.41
2000-10-10,0.0,0.8,49.17,62.74,1.62,-10.02
2000-10-11,0.0,0.66,40.85,62.79,1.72,-12.13
2000-10-12,0.0,0.25,38.53,62.75,1.75,-12.71
2000-10-13,0.0,0.16,38.38,62.56,1.7,-13.06
2000-10-14,0.0,-0.69,45.06,62.49,1.61,-11.61
2000-10-15,0.0,1.51,37.57,62.8,1.56,-12.1
2000-10-16,0.0,3.69,33.32,63.02,1.63,-11.43
2000-10-17,0.0,4.2,33.53,62.98,1.64,-10.92
2000-10-18,0.0,3.74,39.53,62.84,1.86,-9.48
2000-10-19,0.0,3.5,37.69,62.77,2.05,-10.26
2000-10-20,0.0,2.05,34.67,62.73,1.83,-12.82
2000-10-21,0.0,2.06,35.11,62.69,1.79,-12.74
2000-10-22,0.0,0.65,37.35,62.6,1.78,-12.79
2000-10-23,0.0,-0.54,43.01,62.6,1.79,-12.53
2000-10-24,0.0,-1.24,42.01,62.7,1.76,-13.6
2000-10-25,0.0,-1.26,40.2,62.75,1.9,-14.17
2000-10-26,0.0,-0.8,43.33,62.7,1.77,-12.74
2000-10-27,0.0,0.59,32.23,62.71,1.22,-14.33
2000-10-28,0.0,0.42,24.99,62.91,2.2,-17.6
2000-10-29,0.0,1.13,28.25,63.0,1.74,-15.62
2000-10-30,0.0,3.21,30.45,62.84,1.4,-12.77
2000-10-31,0.0,3.07,33.8,62.68,1.23,-11.94
2000-11-01,0.0,1.36,45.82,62.8,1.42,-9.75
2000-11-02,0.0,0.2,51.33,62.9,1.48,-9.58
2000-11-03,0.0,-0.1,44.98,62.97,1.64,-11.52
2000-11-04,0.0,0.96,34.13,62.98,1.5,-13.26
2000-11-05,0.0,0.38,35.98,62.74,1.47,-13.23
2000-11-06,0.0,-1.53,43.35,62.52,1.58,-12.82
2000-11-07,0.0,-1.09,42.79,62.71,1.59,-12.78
2000-11-08,0.12,-0.15,39.4,62.86,1.11,-12.15
2000-11-09,0.04,-0.76,39.17,62.73,1.45,-12.92
2000-11-10,0.0,1.45,25.82,62.86,1.49,-15.91
2000-11-11,0.0,1.9,24.34,62.96,1.31,-15.98
2000-11-12,0.0,-1.16,56.39,62.7,1.09,-8.98
2000-11-13,0.01,-4.29,65.79,62.48,1.84,-10.76
2000-11-14,0.03,-4.37,34.36,62.53,1.6,-18.83
2000-11-15,0.0,-1.98,22.85,62.73,1.52,-20.11
2000-11-16,0.0,-0.94,23.35,62.86,1.46,-18.52
2000-11-17,0.0,-1.87,35.92,62.76,1.5,-14.85
2000-11-18,0.05,-5.32,78.52,62.48,2.17,-9.26
2000-11-19,0.0,-4.45,64.29,62.38,1.08,-11.45
2000-11-20,0.0,-3.63,41.49,62.46,1.59,-15.3
2000-11-21,0.0,-4.42,53.03,62.56,1.44,-12.7
2000-11-22,0.0,-4.42,61.91,62.68,1.51,-10.91
2000-11-23,0.03,-4.85,79.51,62.82,1.68,-8.42
2000-11-24,0.0,-4.57,64.57,62.66,1.54,-10.72
2000-11-25,0.0,-4.37,35.53,62.47,1.47,-17.89
2000-11-26,0.02,-5.16,39.63,62.48,1.48,-16.68
2000-11-27,0.07,-7.22,73.03,62.35,1.89,-11.71
2000-11-28,0.06,-8.1,66.26,62.3,1.26,-14.36
2000-11-29,0.0,-7.98,36.91,62.34,1.77,-20.41
2000-11-30,0.0,-8.97,54.01,62.3,1.84,-16.7
2000-12-01,0.0,-10.15,33.71,62.22,1.58,-24.0
2000-12-02,0.0,-7.19,15.23,62.61,1.81,-28.45
2000-12-03,0.0,-3.91,26.03,62.81,1.51,-19.84
2000-12-04,0.0,-4.46,26.84,62.58,1.46,-20.45
2000-12-05,0.0,-6.81,33.6,62.36,1.69,-19.66
2000-12-06,0.0,-7.1,17.47,62.4,1.36,-26.82
2000-12-07,0.0,-5.6,26.85,62.55,1.25,-21.18
2000-12-08,0.0,-6.43,51.87,62.49,1.23,-15.64
2000-12-09,0.0,-6.0,26.31,62.29,1.35,-21.85
2000-12-10,0.0,-6.79,28.18,62.29,1.49,-21.72
2000-12-11,0.0,-6.89,31.2,62.31,1.46,-21.38
2000-12-12,0.0,-4.6,15.84,62.5,1.52,-25.45
2000-12-13,0.0,-4.36,30.8,62.5,1.45,-18.51
2000-12-14,0.0,-4.94,30.74,62.43,1.39,-19.0
2000-12-15,0.0,-2.86,20.29,62.64,1.45,-21.3
2000-12-16,0.0,-1.89,35.19,62.85,0.94,-14.73
2000-12-17,0.0,-2.12,59.29,62.9,1.82,-9.36
2000-12-18,0.0,-5.54,54.29,62.62,1.69,-14.16
2000-12-19,0.0,-4.78,14.89,62.5,1.19,-26.75
2000-12-20,0.0,-3.97,11.38,62.7,1.15,-28.01
2000-12-21,0.0,-2.44,10.93,62.8,1.42,-27.25
2000-12-22,0.0,-0.43,10.38,62.84,1.3,-26.12
2000-12-23,0.0,-1.45,10.39,62.73,1.18,-27.41
2000-12-24,0.0,-4.03,16.61,62.64,1.34,-24.26
2000-12-25,0.0,-4.85,16.0,62.56,1.13,-25.43
2000-12-26,0.0,-4.65,15.39,62.55,1.18,-25.74
2000-12-27,0.0,-5.36,16.13,62.52,1.17,-26.52
2000-12-28,0.0,-7.34,27.64,62.48,1.39,-22.15
2000-12-29,0.0,-7.71,24.29,62.53,1.44,-24.45
2000-12-30,0.03,-4.95,16.97,62.56,1.29,-25.97
2000-12-31,1.56,-7.48,64.96,62.27,1.88,-13.44
2001-01-01,10.01,-9.15,82.9,61.82,1.95,-12.13
2001-01-02,0.53,-9.47,86.53,62.03,1.22,-11.98
2001-01-03,0.0,-10.11,65.51,62.2,1.61,-15.97
2001-01-04,0.0,-12.88,57.41,62.03,1.48,-19.84
2001-01-05,0.0,-10.24,33.32,62.29,1.59,-23.29
2001-01-06,0.0,-8.91,30.14,62.34,1.23,-22.79
2001-01-07,0.0,-10.88,38.3,62.02,1.51,-22.31
2001-01-08,0.0,-12.64,57.26,61.81,1.4,-19.42
2001-01-09,0.0,-11.64,48.6,62.07,1.5,-20.56
2001-01-10,0.0,-8.63,28.01,62.25,1.37,-23.61
2001-01-11,0.0,-7.33,29.47,62.23,1.25,-21.54
2001-01-12,0.66,-8.33,51.1,62.18,1.44,-17.68
2001-01-13,0.06,-10.11,60.95,62.15,1.34,-17.27
2001-01-14,0.04,-8.64,31.53,62.27,1.48,-22.55
2001-01-15,0.0,-8.65,29.06,62.29,1.39,-24.04
2001-01-16,0.0,-9.21,30.08,62.34,1.36,-23.47
2001-01-17,0.0,-7.1,31.17,62.51,1.22,-21.85
2001-01-18,0.0,-8.07,40.85,62.48,1.56,-18.82
2001-01-19,0.0,-7.33,33.28,62.53,1.48,-20.24
2001-01-20,0.0,-8.01,37.65,62.47,1.49,-19.99
2001-01-21,0.0,-10.07,47.09,62.12,2.41,-19.49
2001-01-22,7.35,-12.57,90.26,61.73,3.16,-14.49
2001-01-23,1.46,-13.52,79.54,61.65,2.09,-16.89
2001-01-24,0.0,-9.54,28.45,61.96,2.15,-24.25
2001-01-25,0.0,-8.22,39.23,62.17,1.99,-19.57
2001-01-26,0.0,-7.91,35.08,62.3,1.81,-21.08
2001-01-27,0.0,-6.03,22.79,62.44,1.52,-23.45
2001-01-28,0.0,-4.28,23.96,62.61,1.28,-21.07
2001-01-29,0.0,-4.7,43.5,62.66,2.19,-15.51
2001-01-30,0.0,-5.38,74.68,62.65,2.35,-10.06
2001-01-31,0.0,-6.76,70.31,62.45,2.61,-12.32
2001-02-01,0.0,-8.96,48.83,62.31,2.39,-18.3
2001-02-02,0.0,-9.9,29.85,62.11,1.64,-24.54
2001-02-03,0.0,-8.15,25.21,62.05,1.61,-24.87
2001-02-04,0.0,-10.66,38.11,62.02,1.76,-22.22
2001-02-05,0.0,-10.71,31.15,62.13,1.68,-24.33
2001-02-06,0.0,-9.38,27.68,62.31,1.72,-24.46
2001-02-07,0.0,-8.16,28.73,62.37,1.82,-23.06
2001-02-08,0.0,-6.49,25.04,62.35,1.72,-23.41
2001-02-09,0.0,-4.34,16.88,62.36,1.67,-25.19
2001-02-10,0.0,-6.06,21.72,62.24,1.88,-24.06
2001-02-11,0.0,-8.08,20.96,62.16,1.95,-26.63
2001-02-12,0.0,-8.84,27.9,62.35,1.89,-23.8
2001-02-13,0.0,-6.61,36.44,62.49,1.54,-18.87
2001-02-14,0.55,-6.77,86.85,62.47,1.76,-9.24
2001-02-15,1.58,-7.22,76.66,62.36,1.09,-11.44
2001-02-16,0.0,-5.97,50.26,62.57,1.71,-15.16
2001-02-17,0.0,-5.7,74.46,62.58,1.92,-9.96
2001-02-18,0.0,-6.33,58.75,62.48,1.6,-14.15
2001-02-19,0.0,-4.94,35.79,62.46,1.58,-18.64
2001-02-20,0.18,-5.96,56.57,62.24,1.76,-14.39
2001-02-21,0.01,-7.65,66.98,62.05,1.55,-13.75
2001-02-22,0.0,-4.98,39.84,62.27,1.78,-17.04
2001-02-23,0.0,-4.43,73.02,62.33,1.9,-9.55
2001-02-24,0.1,-5.14,65.82,62.26,2.39,-11.98
2001-02-25,0.34,-6.35,88.0,61.86,3.65,-8.49
2001-02-26,0.0,-9.04,64.99,61.9,2.18,-15.04
2001-02-27,0.0,-7.32,40.77,62.27,2.27,-19.84
2001-02-28,0.0,-9.05,53.15,62.44,2.59,-16.97
2001-03-01,0.0,-9.26,38.0,62.43,1.74,-21.46
2001-03-02,0.0,-7.51,32.9,62.52,1.21,-21.38
2001-03-03,0.0,-5.63,28.88,62.64,2.1,-21.0
2001-03-04,0.0,-6.09,30.31,62.55,1.97,-20.67
2001-03-05,0.04,-6.78,36.95,62.27,1.48,-19.53
2001-03-06,0.01,-4.56,33.52,62.43,1.8,-18.34
2001-03-07,0.0,-5.78,35.31,62.45,2.08,-18.64
2001-03-08,0.0,-6.21,41.48,62.44,1.85,-17.71
2001-03-09,0.0,-6.43,47.29,62.38,1.72,-16.05
2001-03-10,0.0,-5.41,47.66,62.44,1.86,-15.35
2001-03-11,0.0,-4.17,44.27,62.54,1.93,-14.98
2001-03-12,0.0,-4.39,41.87,62.54,1.82,-15.76
2001-03-13,0.06,-5.47,61.52,62.54,1.78,-11.93
2001-03-14,0.28,-5.2,75.45,62.51,1.97,-9.7
2001-03-15,0.0,-5.36,58.77,62.6,2.04,-13.91
2001-03-16,0.0,-5.54,29.98,62.42,2.03,-22.28
2001-03-17,0.0,-4.75,26.17,62.26,2.09,-21.17
2001-03-18,0.0,-4.4,31.53,62.46,1.97,-18.94
2001-03-19,0.0,-2.28,40.3,62.66,2.01,-14.68
2001-03-20,0.43,-3.48,84.62,62.58,3.04,-6.14
2001-03-21,0.15,-3.61,81.51,62.34,2.47,-6.97
2001-03-22,0.15,-4.71,83.16,62.2,2.71,-7.62
2001-03-23,0.0,-4.67,63.42,62.25,2.03,-11.52
2001-03-24,0.0,-3.61,42.26,62.26,1.94,-15.46
2001-03-25,0.0,-2.72,41.31,62.2,2.04,-14.64
2001-03-26,0.0,-1.41,41.35,62.28,2.04,-13.48
2001-03-27,0.0,-0.7,37.04,62.35,2.18,-14.94
2001-03-28,0.22,-1.72,55.76,62.42,2.19,-10.6
2001-03-29,1.04,-2.32,81.31,62.3,4.31,-5.83
2001-03-30,7.1,-4.34,81.75,62.17,3.49,-7.85
2001-03-31,0.02,-5.24,74.02,62.36,2.2,-10.45
2001-04-01,0.0,-4.47,64.63,62.35,1.61,-11.24
2001-04-02,0.0,-2.84,65.73,62.4,1.95,-9.25
2001-04-03,0.0,-2.44,62.02,62.6,2.36,-9.93
2001-04-04,0.0,-1.99,56.63,62.81,1.79,-10.24
2001-04-05,0.0,-2.0,52.76,62.66,1.65,-10.99
2001-04-06,0.0,-1.39,60.55,62.79,1.69,-8.62
2001-04-07,0.0,0.83,42.55,62.9,1.94,-11.82
2001-04-08,0.0,0.78,38.65,62.63,2.37,-11.96
2001-04-09,0.0,0.18,46.87,62.58,2.47,-10.03
2001-04-10,0.0,0.3,55.15,62.84,1.82,-7.89
2001-04-11,0.0,1.26,51.25,62.9,1.79,-8.05
2001-04-12,0.0,-0.39,60.66,62.71,1.78,-7.44
2001-04-13,4.26,-1.13,81.12,62.68,2.51,-4.75
2001-04-14,1.53,-1.87,82.83,62.77,1.82,-4.91
2001-04-15,0.04,-1.12,76.77,62.82,2.02,-5.51
2001-04-16,11.49,-2.55,84.11,62.59,1.93,-5.36
2001-04-17,22.0,-1.81,83.08,62.44,2.48,-4.9
2001-04-18,3.55,-2.93,89.41,62.41,1.96,-4.91
2001-04-19,0.07,-2.84,81.58,62.47,1.96,-6.23
2001-04-20,0.0,-2.15,80.6,62.33,2.02,-5.73
2001-04-21,0.0,-1.78,63.86,62.32,2.25,-8.94
2001-04-22,0.0,-0.66,57.79,62.43,1.89,-9.45
2001-04-23,0.0,1.55,43.61,62.74,2.0,-10.69
2001-04-24,0.0,1.54,47.84,62.92,1.8,-9.04
2001-04-25,0.0,1.92,69.8,62.73,1.91,-3.77
2001-04-26,0.0,2.18,55.45,62.71,2.49,-6.92
2001-04-27,0.0,2.73,64.13,62.72,2.2,-4.05
2001-04-28,0.0,2.58,56.91,62.6,2.66,-5.93
2001-04-29,0.0,3.25,48.13,62.63,1.86,-7.73
2001-04-30,0.0,3.43,49.42,62.87,2.12,-6.87
2001-05-01,0.0,4.2,45.29,62.97,2.14,-7.21
2001-05-02,0.0,3.45,58.57,62.77,2.46,-4.49
2001-05-03,6.0,2.15,61.21,62.58,2.33,-5.12
2001-05-04,0.32,3.81,56.25,62.62,1.69,-5.18
2001-05-05,0.0,5.21,49.77,62.74,1.91,-5.93
2001-05-06,0.0,5.7,48.45,62.75,2.45,-5.09
2001-05-07,0.14,5.57,52.47,62.78,2.14,-4.62
2001-05-08,0.0,5.34,54.66,62.7,2.64,-4.13
2001-05-09,0.0,5.95,49.81,62.53,2.29,-5.11
2001-05-10,0.0,7.0,45.08,62.59,1.96,-5.82
2001-05-11,0.0,8.78,35.36,62.89,2.05,-6.84
2001-05-12,0.0,7.67,46.5,62.92,1.82,-4.5
2001-05-13,0.0,6.9,51.15,62.81,1.88,-3.96
2001-05-14,0.11,6.13,55.87,62.8,2.07,-2.89
2001-05-15,17.8,4.61,66.38,62.81,2.71,-2.28
2001-05-16,15.16,3.26,82.94,62.71,2.06,0.09
2001-05-17,0.55,3.47,81.37,62.55,2.0,0.02
2001-05-18,7.64,4.49,72.0,62.53,1.2,-0.86
2001-05-19,1.26,3.64,85.63,62.5,1.57,1.13
2001-05-20,0.02,3.93,84.21,62.5,2.32,1.2
2001-05-21,0.02,3.79,74.95,62.49,2.24,-1.01
2001-05-22,0.0,4.98,67.69,62.56,2.05,-1.93
2001-05-23,0.0,5.51,66.72,62.55,2.08,-1.07
2001-05-24,0.0,5.99,57.9,62.44,2.22,-2.48
2001-05-25,0.0,5.73,50.35,62.49,2.27,-4.58
2001-05-26,0.66,4.67,58.4,62.64,2.05,-4.09
2001-05-27,23.52,5.42,61.53,62.65,1.67,-2.16
2001-05-28,7.96,5.41,64.76,62.52,1.74,-1.5
2001-05-29,0.42,4.43,70.97,62.48,2.07,-1.0
2001-05-30,0.08,5.08,72.57,62.4,1.95,-0.16
2001-05-31,0.24,6.64,72.45,62.37,1.86,1.17
2001-06-01,78.02,7.38,81.32,62.51,1.82,3.65
2001-06-02,3.53,7.55,87.85,62.67,1.87,5.19
2001-06-03,0.3,7.17,89.08,62.68,2.48,5.14
2001-06-04,2.28,6.48,89.52,62.53,2.83,4.59
2001-06-05,0.36,4.86,84.12,62.4,2.26,2.05
2001-06-06,1.09,4.24,83.02,62.29,2.28,1.31
2001-06-07,0.64,4.3,80.04,62.38,2.1,0.71
2001-06-08,0.02,5.84,83.42,62.33,1.81,2.83
2001-06-09,0.13,5.79,85.23,62.41,1.87,3.12
2001-06-10,0.0,6.79,83.12,62.46,1.49,3.65
2001-06-11,0.9,9.03,78.19,62.56,1.5,4.58
2001-06-12,1.62,9.83,81.39,62.66,1.7,6.07
2001-06-13,16.9,9.05,88.64,62.73,2.11,6.86
2001-06-14,16.85,8.2,77.42,62.6,1.8,3.88
2001-06-15,9.86,6.99,92.25,62.42,2.22,5.58
2001-06-16,2.94,7.96,88.18,62.3,2.36,5.8
2001-06-17,1.66,7.42,85.47,62.37,1.84,4.78
2001-06-18,1.52,7.28,76.52,62.48,1.96,2.88
2001-06-19,0.01,6.73,70.64,62.41,1.78,0.81
2001-06-20,1.22,7.59,83.65,62.37,1.94,4.45
2001-06-21,0.95,8.42,83.71,62.43,2.29,5.33
2001-06-22,1.94,7.55,77.69,62.45,2.13,3.23
2001-06-23,6.51,7.33,78.14,62.5,2.11,2.75
2001-06-24,7.71,7.59,86.58,62.53,2.05,5.06
2001-06-25,18.18,8.42,80.47,62.56,2.1,4.76
2001-06-26,4.55,8.18,78.73,62.52,2.14,4.07
2001-06-27,2.84,8.68,75.22,62.5,1.8,3.92
2001-06-28,26.51,10.21,70.77,62.48,1.47,3.62
2001-06-29,5.19,10.8,65.04,62.6,1.73,2.92
2001-06-30,6.61,10.62,88.14,62.66,1.61,8.28
2001-07-01,12.17,9.4,84.84,62.69,1.16,6.51
2001-07-02,1.07,9.75,83.44,62.61,1.67,6.62
2001-07-03,0.54,9.5,84.19,62.57,1.91,6.57
2001-07-04,3.42,9.44,75.99,62.56,1.79,4.97
2001-07-05,44.78,9.47,79.37,62.52,1.92,5.57
2001-07-06,2.83,10.09,86.94,62.48,2.17,7.66
2001-07-07,7.16,8.74,92.65,62.53,1.66,7.34
2001-07-08,3.0,9.23,83.57,62.56,1.87,6.28
2001-07-09,3.23,9.72,80.39,62.62,1.67,6.17
2001-07-10,5.19,10.33,87.07,62.61,1.93,7.89
2001-07-11,17.33,8.43,87.52,62.54,1.2,6.24
2001-07-12,7.95,9.27,88.21,62.65,2.07,7.08
2001-07-13,8.27,9.48,87.88,62.64,2.17,7.29
2001-07-14,23.64,9.47,93.11,62.53,1.94,8.2
2001-07-15,33.97,9.44,94.57,62.4,2.83,8.44
2001-07-16,17.02,9.2,91.23,62.42,2.62,7.59
2001-07-17,9.81,7.72,91.49,62.51,2.09,6.13
2001-07-18,7.02,9.3,81.73,62.55,1.8,6.01
2001-07-19,2.99,10.53,84.59,62.49,1.73,7.72
2001-07-20,11.63,10.49,92.46,62.54,1.83,9.2
2001-07-21,6.24,11.37,89.55,62.5,1.63,9.39
2001-07-22,6.52,10.37,94.25,62.65,1.86,9.35
2001-07-23,0.59,10.28,91.76,62.76,1.85,8.83
2001-07-24,6.13,10.11,91.31,62.69,2.42,8.69
2001-07-25,34.75,10.38,89.4,62.67,2.0,8.42
2001-07-26,24.72,10.46,90.8,62.68,2.2,8.74
2001-07-27,7.9,10.08,92.18,62.56,2.37,8.74
2001-07-28,9.77,9.46,84.97,62.5,1.85,6.61
2001-07-29,1.87,8.69,77.69,62.53,1.81,4.36
2001-07-30,7.79,8.58,81.76,62.57,2.28,5.31
2001-07-31,0.27,8.71,86.44,62.7,1.98,6.1
2001-08-01,0.0,8.13,69.82,62.57,1.68,2.06
2001-08-02,2.38,9.05,76.5,62.44,1.86,4.61
2001-08-03,7.95,9.12,88.33,62.71,1.87,6.98
2001-08-04,1.4,8.98,88.89,62.96,1.8,6.93
2001-08-05,9.33,9.03,89.42,62.92,1.95,7.05
2001-08-06,2.75,8.58,89.09,62.77,1.72,6.64
2001-08-07,0.38,9.11,89.32,62.75,2.02,7.2
2001-08-08,3.57,9.6,89.75,62.75,2.05,7.81
2001-08-09,3.25,8.96,93.64,62.87,2.02,7.83
2001-08-10,1.25,8.96,89.0,62.96,1.79,6.97
2001-08-11,5.35,9.59,84.54,62.92,1.65,6.72
2001-08-12,16.9,10.38,86.15,62.75,1.59,7.69
2001-08-13,18.48,8.97,95.72,62.62,1.46,8.11
2001-08-14,25.14,8.78,94.91,62.78,1.66,7.75
2001-08-15,1.06,9.1,89.4,62.87,1.87,7.19
2001-08-16,2.05,9.36,87.05,62.69,1.89,7.15
2001-08-17,20.32,9.54,83.42,62.59,1.7,6.44
2001-08-18,27.82,9.51,83.32,62.55,1.78,6.51
2001-08-19,3.81,8.73,79.18,62.64,1.57,4.6
2001-08-20,4.27,8.39,72.31,62.78,1.65,2.87
2001-08-21,0.54,8.72,81.66,62.81,1.7,5.27
2001-08-22,7.05,7.83,82.41,62.56,2.1,4.62
2001-08-23,0.93,7.34,86.67,62.51,2.09,4.81
2001-08-24,0.04,6.42,80.1,62.54,1.77,2.83
2001-08-25,0.12,6.97,82.43,62.61,1.73,3.63
2001-08-26,6.17,7.02,75.69,62.58,1.74,2.33
2001-08-27,2.55,6.96,77.94,62.48,1.72,2.78
2001-08-28,13.58,7.23,79.07,62.35,1.63,3.3
2001-08-29,12.7,7.59,86.94,62.35,1.68,5.08
2001-08-30,29.23,7.1,85.9,62.42,1.75,4.29
2001-08-31,9.83,6.47,84.55,62.58,1.72,3.74
2001-09-01,0.07,6.08,74.6,62.62,1.74,1.27
2001-09-02,4.88,6.49,79.77,62.65,1.75,2.62
2001-09-03,14.14,7.54,90.33,62.7,1.77,5.65
2001-09-04,1.75,6.47,86.62,62.69,1.81,4.03
2001-09-05,0.31,4.48,71.06,62.61,1.78,-1.07
2001-09-06,0.0,5.04,75.09,62.65,1.79,0.48
2001-09-07,0.08,5.78,83.03,62.81,1.69,2.68
2001-09-08,0.03,5.58,75.9,62.9,1.69,1.01
2001-09-09,8.29,5.11,72.31,62.72,1.61,-0.2
2001-09-10,1.67,5.31,85.88,62.58,1.71,2.77
2001-09-11,0.01,6.03,85.52,62.61,1.81,3.37
2001-09-12,0.81,4.92,84.65,62.72,1.72,2.15
2001-09-13,0.92,3.87,68.75,62.7,1.6,-2.14
2001-09-14,5.97,3.42,63.58,62.84,1.44,-3.47
2001-09-15,0.04,3.59,55.46,62.93,1.59,-4.99
2001-09-16,0.0,3.86,62.19,62.89,1.68,-3.31
2001-09-17,0.0,3.26,75.14,62.7,1.45,-1.31
2001-09-18,0.0,3.54,79.06,62.64,1.64,-0.36
2001-09-19,0.0,3.18,67.7,62.64,1.49,-3.39
2001-09-20,0.0,2.85,66.36,62.74,1.67,-3.7
2001-09-21,0.0,2.41,61.17,62.9,1.56,-5.14
2001-09-22,0.0,3.17,67.21,62.92,1.53,-3.14
2001-09-23,0.0,3.15,64.26,62.91,1.45,-3.72
2001-09-24,0.01,3.48,67.17,62.91,1.5,-2.9
2001-09-25,0.0,3.38,76.96,62.86,1.62,-0.98
2001-09-26,0.0,2.53,70.24,62.76,1.56,-3.01
2001-09-27,0.0,2.63,68.91,62.75,1.52,-3.16
2001-09-28,0.0,3.65,70.06,62.82,1.5,-1.95
2001-09-29,11.35,3.49,77.68,62.87,1.44,-0.87
2001-09-30,0.21,3.95,75.1,62.94,1.5,-0.65
2001-10-01,0.07,4.5,77.6,62.9,1.24,0.48
2001-10-02,0.03,5.0,82.77,62.81,1.5,1.77
2001-10-03,1.03,3.94,77.63,62.76,1.55,-0.3
2001-10-04,0.14,3.44,78.99,62.8,1.85,-0.28
2001-10-05,0.0,2.02,68.74,62.72,1.54,-3.98
2001-10-06,0.0,1.98,62.17,62.78,1.33,-5.21
2001-10-07,0.0,3.39,63.02,62.94,1.28,-3.72
2001-10-08,0.0,3.77,55.4,62.99,1.43,-4.97
2001-10-09,0.0,3.3,66.28,62.89,1.3,-3.15
2001-10-10,0.0,1.29,73.5,62.81,1.48,-3.64
2001-10-11,0.0,-0.38,56.65,62.81,1.37,-8.46
2001-10-12,0.0,-1.41,54.18,62.85,1.46,-10.07
2001-10-13,0.0,-0.81,62.01,62.74,1.37,-8.07
2001-10-14,0.0,-0.58,69.28,62.64,1.44,-6.08
2001-10-15,0.0,-0.53,62.84,62.7,1.38,-7.43
2001-10-16,0.0,0.12,55.7,62.76,1.49,-8.49
2001-10-17,0.0,-0.84,61.0,62.61,1.42,-8.08
2001-10-18,0.0,0.07,49.59,62.61,1.47,-9.62
2001-10-19,0.0,0.15,50.77,62.86,1.48,-9.27
2001-10-20,0.0,1.44,49.55,62.98,1.55,-8.34
2001-10-21,0.0,0.79,57.76,62.9,1.38,-7.12
2001-10-22,0.0,-0.39,62.85,62.94,1.35,-7.18
2001-10-23,0.0,-0.05,56.39,62.89,1.29,-8.41
2001-10-24,0.0,1.67,45.26,62.85,1.51,-9.79
2001-10-25,0.0,-0.24,53.8,62.62,1.33,-9.07
2001-10-26,0.0,1.57,45.5,62.69,1.25,-9.57
2001-10-27,0.0,1.4,49.57,62.9,1.35,-8.89
2001-10-28,0.0,0.52,56.54,62.87,1.24,-7.76
2001-10-29,0.0,-0.53,61.74,62.81,1.33,-7.41
2001-10-30,0.0,-0.88,64.0,62.78,1.54,-7.48
2001-10-31,0.0,-1.04,60.6,62.8,1.48,-8.19
2001-11-01,0.0,-1.62,57.07,62.9,1.59,-9.85
2001-11-02,0.0,-0.71,61.25,63.0,1.45,-7.69
2001-11-03,0.11,-2.53,70.3,62.84,1.56,-7.74
2001-11-04,0.22,-3.83,77.13,62.73,1.34,-7.87
2001-11-05,0.0,-3.82,68.46,62.77,1.58,-9.81
2001-11-06,0.27,-5.34,87.08,62.78,1.55,-8.0
2001-11-07,0.03,-5.04,77.74,62.59,1.33,-9.36
2001-11-08,0.0,-5.53,63.18,62.52,1.45,-12.65
2001-11-09,0.0,-3.64,50.89,62.7,1.36,-12.93
2001-11-10,0.01,-3.49,46.0,62.67,1.37,-13.83
2001-11-11,0.0,-4.05,49.18,62.64,1.35,-13.68
2001-11-12,0.0,-2.51,46.9,62.75,1.16,-12.51
2001-11-13,0.0,0.3,37.62,62.96,1.37,-12.77
2001-11-14,0.0,1.62,35.74,63.12,1.42,-12.24
2001-11-15,0.0,1.64,27.48,63.05,1.22,-15.36
2001-11-16,0.0,-0.15,27.36,62.99,1.21,-17.07
2001-11-17,0.0,-1.96,34.02,62.89,1.21,-16.34
2001-11-18,0.0,-0.89,34.25,62.9,1.33,-15.21
2001-11-19,0.0,0.05,33.27,62.93,1.33,-14.62
2001-11-20,0.0,0.38,33.28,63.0,1.14,-14.28
2001-11-21,0.0,-1.21,36.92,62.94,1.2,-14.61
2001-11-22,0.0,-3.0,38.52,62.79,1.26,-16.03
2001-11-23,0.0,-3.76,42.95,62.68,1.4,-15.79
2001-11-24,0.0,-2.32,36.23,62.84,1.34,-16.31
2001-11-25,0.0,-1.53,33.14,62.9,1.03,-16.01
2001-11-26,0.0,-4.26,46.02,62.74,1.26,-14.67
2001-11-27,0.0,-6.32,59.51,62.62,1.5,-13.53
2001-11-28,0.0,-6.98,53.0,62.43,1.17,-15.41
2001-11-29,0.0,-6.01,49.15,62.48,1.37,-15.52
2001-11-30,0.0,-5.68,40.22,62.68,1.3,-17.69
2001-12-01,0.0,-4.16,37.59,62.65,1.19,-16.6
2001-12-02,0.0,-4.23,42.5,62.56,1.5,-15.26
2001-12-03,0.0,-2.85,62.55,62.66,1.21,-9.12
2001-12-04,0.0,-3.78,70.98,62.56,1.59,-8.71
2001-12-05,0.0,-4.37,49.14,62.49,1.16,-14.54
2001-12-06,0.0,-3.28,38.14,62.55,1.2,-15.46
2001-12-07,0.0,-4.17,58.54,62.51,1.72,-11.59
2001-12-08,0.0,-7.51,62.36,62.36,2.06,-14.36
2001-12-09,0.0,-6.57,45.15,62.42,1.55,-16.91
2001-12-10,0.0,-7.38,52.56,62.49,1.32,-15.64
2001-12-11,0.05,-8.02,81.76,62.59,1.79,-11.27
2001-12-12,0.0,-7.23,55.3,62.64,1.06,-15.61
2001-12-13,0.0,-3.42,45.09,62.8,1.14,-13.92
2001-12-14,0.0,-5.09,68.94,62.72,1.1,-10.49
2001-12-15,3.42,-7.75,95.4,62.51,1.46,-9.15
2001-12-16,0.0,-8.31,60.42,62.56,1.24,-15.34
2001-12-17,0.0,-5.88,51.09,62.7,0.96,-14.3
2001-12-18,0.66,-5.52,74.4,62.72,1.7,-10.04
2001-12-19,3.01,-8.33,74.34,62.53,2.0,-12.88
2001-12-20,0.0,-8.92,48.57,62.71,1.5,-18.53
2001-12-21,0.0,-6.3,36.68,62.9,1.27,-19.0
2001-12-22,0.0,-3.83,34.1,63.01,1.21,-17.41
2001-12-23,0.0,-4.4,40.75,62.92,1.09,-15.62
2001-12-24,0.0,-5.83,46.79,62.79,1.1,-15.49
2001-12-25,0.0,-6.2,51.26,62.68,1.06,-14.77
2001-12-26,0.0,-7.9,55.46,62.71,0.92,-15.19
2001-12-27,0.0,-9.31,56.63,62.72,1.31,-16.71
2001-12-28,0.0,-9.91,50.35,62.63,1.28,-18.41
2001-12-29,0.0,-9.62,47.13,62.52,1.37,-19.17
2001-12-30,0.0,-8.7,39.93,62.38,1.04,-19.8
2001-12-31,0.0,-9.72,35.24,62.38,1.87,-22.39
2002-01-01,0.0,-7.49,34.48,62.66,1.52,-20.49
2002-01-02,0.0,-6.29,35.03,62.68,1.16,-19.22
2002-01-03,0.0,-6.53,41.16,62.69,1.25,-18.02
2002-01-04,0.0,-6.7,52.43,62.64,1.3,-15.11
2002-01-05,0.0,-5.98,51.07,62.57,1.23,-14.51
2002-01-06,0.0,-6.19,55.02,62.51,1.25,-14.1
2002-01-07,0.0,-7.81,66.26,62.54,1.2,-13.33
2002-01-08,0.0,-7.72,51.39,62.5,1.28,-16.68
2002-01-09,0.0,-7.0,31.09,62.65,1.26,-21.55
2002-01-10,0.0,-5.21,34.56,62.66,1.27,-18.74
2002-01-11,0.0,-5.26,44.46,62.53,1.62,-15.84
2002-01-12,0.0,-3.69,43.26,62.58,1.36,-14.8
2002-01-13,0.08,-4.7,79.53,62.48,1.8,-8.3
2002-01-14,2.65,-6.77,92.5,62.19,3.02,-8.57
2002-01-15,7.77,-7.24,97.7,61.95,3.54,-8.18
2002-01-16,0.09,-10.66,76.92,62.0,1.86,-14.74
2002-01-17,0.02,-11.63,79.74,61.96,1.89,-15.14
2002-01-18,1.61,-11.12,90.27,61.82,2.18,-13.06
2002-01-19,1.03,-11.84,81.3,61.99,1.77,-14.99
2002-01-20,0.55,-13.45,73.94,62.07,1.75,-17.6
2002-01-21,0.0,-11.83,49.29,62.13,1.6,-20.67
2002-01-22,0.0,-12.06,57.46,62.08,1.52,-19.07
2002-01-23,0.0,-12.06,57.7,62.04,1.42,-18.96
2002-01-24,0.0,-12.12,50.33,61.89,1.49,-20.51
2002-01-25,0.02,-13.31,68.02,61.78,1.9,-18.42
2002-01-26,0.18,-14.0,82.71,61.77,1.61,-16.92
2002-01-27,12.29,-12.28,96.83,61.6,1.84,-13.15
2002-01-28,0.01,-14.16,82.01,61.88,1.2,-17.31
2002-01-29,0.0,-15.18,69.52,62.09,1.41,-20.02
2002-01-30,0.0,-13.03,55.71,62.29,1.5,-20.27
2002-01-31,0.0,-10.23,38.43,62.43,1.01,-21.67
2002-02-01,0.0,-9.34,46.08,62.55,1.02,-18.92
2002-02-02,0.0,-11.34,56.51,62.41,1.79,-18.83
2002-02-03,0.0,-10.37,31.94,62.28,1.41,-24.13
2002-02-04,0.0,-9.17,29.36,62.38,1.26,-24.39
2002-02-05,0.16,-10.2,52.06,62.27,2.33,-19.13
2002-02-06,0.44,-9.83,92.0,62.07,3.12,-11.12
2002-02-07,6.39,-9.58,90.49,62.04,3.94,-11.15
2002-02-08,14.45,-9.87,95.37,62.11,4.09,-11.3
2002-02-09,15.08,-12.55,99.51,62.19,4.48,-13.06
2002-02-10,0.14,-13.49,74.65,62.49,1.54,-17.55
2002-02-11,26.75,-9.84,85.19,62.1,1.43,-12.58
2002-02-12,3.28,-11.92,95.03,62.23,2.09,-13.27
2002-02-13,0.0,-13.47,47.5,62.56,1.46,-22.74
2002-02-14,0.0,-10.71,60.57,62.7,1.31,-17.07
2002-02-15,0.0,-10.06,61.09,62.66,1.34,-16.45
2002-02-16,0.0,-6.76,70.77,62.69,1.1,-11.59
2002-02-17,0.0,-7.87,80.01,62.68,1.31,-11.31
2002-02-18,0.0,-10.33,78.8,62.75,1.44,-14.14
2002-02-19,0.0,-9.17,61.13,62.75,1.43,-16.46
2002-02-20,0.0,-7.99,64.83,62.57,1.33,-14.9
2002-02-21,0.01,-8.84,85.13,62.6,1.37,-11.8
2002-02-22,1.21,-7.08,83.7,62.81,1.91,-9.9
2002-02-23,7.73,-6.5,94.49,62.7,2.46,-7.59
2002-02-24,0.68,-7.94,86.4,62.5,1.9,-10.49
2002-02-25,1.78,-9.5,89.96,62.19,2.62,-11.58
2002-02-26,0.05,-10.25,66.06,62.35,1.35,-16.89
2002-02-27,0.01,-7.66,78.62,62.28,1.39,-11.49
2002-02-28,0.01,-7.71,64.68,62.38,1.57,-14.54
2002-03-01,3.83,-6.1,97.26,62.37,2.68,-7.15
2002-03-02,15.3,-7.34,99.6,62.08,4.0,-8.06
2002-03-03,0.32,-10.72,67.5,62.12,1.14,-16.05
2002-03-04,0.0,-9.13,64.21,62.25,1.43,-15.7
2002-03-05,0.0,-9.55,70.17,62.29,1.27,-15.48
2002-03-06,0.0,-8.06,66.29,62.44,1.57,-14.89
2002-03-07,0.0,-7.09,74.35,62.44,1.48,-12.35
2002-03-08,0.0,-7.06,80.57,62.45,1.22,-10.68
2002-03-09,0.37,-6.14,81.05,62.65,1.71,-9.56
2002-03-10,0.77,-6.23,93.29,62.75,2.4,-7.54
2002-03-11,0.0,-5.62,56.38,62.72,1.45,-14.6
2002-03-12,0.0,-3.76,58.77,62.69,1.64,-11.38
2002-03-13,0.0,-5.96,67.46,62.71,1.32,-11.69
2002-03-14,0.0,-6.31,72.26,62.61,1.52,-11.99
2002-03-15,0.0,-4.77,69.77,62.55,1.49,-10.5
2002-03-16,0.0,-5.39,70.5,62.52,1.88,-11.26
2002-03-17,0.0,-3.78,64.85,62.69,1.63,-10.59
2002-03-18,0.0,-2.65,62.77,62.92,1.47,-9.92
2002-03-19,0.0,-1.45,50.6,63.02,1.43,-11.24
2002-03-20,0.0,-1.68,56.65,62.88,1.5,-9.85
2002-03-21,0.0,-2.13,72.24,62.68,1.52,-7.14
2002-03-22,0.0,-2.03,68.38,62.48,1.49,-7.87
2002-03-23,0.0,-2.08,69.06,62.39,1.75,-7.7
2002-03-24,0.54,-4.18,73.73,62.3,1.83,-9.24
2002-03-25,0.45,-4.88,85.46,62.25,2.52,-7.56
2002-03-26,0.0,-5.29,60.17,62.39,1.64,-12.96
2002-03-27,0.0,-4.56,63.85,62.52,1.61,-11.3
2002-03-28,0.0,-3.64,66.29,62.55,1.69,-9.9
2002-03-29,0.0,-2.99,66.12,62.61,1.79,-9.31
2002-03-30,0.0,-2.27,63.13,62.67,1.78,-9.38
2002-03-31,0.02,-1.69,66.83,62.72,1.86,-7.59
2002-04-01,2.89,-3.55,83.9,62.68,2.32,-6.59
2002-04-02,0.07,-5.04,74.49,62.49,1.8,-9.91
2002-04-03,0.0,-3.99,53.8,62.44,2.18,-13.28
2002-04-04,0.0,-0.5,48.47,62.62,1.84,-10.41
2002-04-05,0.0,-0.12,60.17,62.85,1.64,-7.43
2002-04-06,0.0,-0.59,64.18,62.96,1.8,-7.05
2002-04-07,0.61,-0.49,61.72,62.96,1.61,-7.55
2002-04-08,0.01,-1.97,81.6,62.71,2.11,-5.08
2002-04-09,0.72,-2.26,76.6,62.51,1.79,-6.65
2002-04-10,0.0,-2.61,78.58,62.29,1.72,-6.49
2002-04-11,0.0,-1.52,73.63,62.49,1.42,-6.3
2002-04-12,0.0,0.97,58.41,62.83,1.79,-7.56
2002-04-13,0.0,2.34,53.15,62.98,1.93,-6.94
2002-04-14,0.0,4.12,54.26,62.83,2.11,-4.83
2002-04-15,0.0,4.74,47.2,62.96,1.93,-5.96
2002-04-16,0.0,4.76,44.07,62.91,1.75,-7.55
2002-04-17,0.0,2.71,54.3,62.88,1.64,-5.7
2002-04-18,0.0,2.63,41.39,62.73,1.77,-10.51
2002-04-19,0.0,3.5,39.14,62.84,2.07,-9.73
2002-04-20,0.0,3.32,44.34,62.99,1.83,-8.22
2002-04-21,0.0,2.96,48.93,62.79,1.6,-7.19
2002-04-22,0.0,4.09,51.04,62.72,2.15,-5.98
2002-04-23,0.04,3.62,54.06,62.87,2.08,-5.37
2002-04-24,0.61,2.72,68.99,62.81,2.87,-3.04
2002-04-25,24.76,1.23,83.16,62.61,4.02,-1.85
2002-04-26,0.7,-0.95,73.8,62.42,2.39,-5.77
2002-04-27,0.0,-0.27,55.53,62.45,2.86,-8.68
2002-04-28,6.68,-0.98,66.7,62.51,3.25,-6.82
2002-04-29,0.11,-1.53,62.41,62.38,2.67,-8.09
2002-04-30,0.0,-0.09,51.11,62.45,2.56,-9.65
2002-05-01,0.0,0.59,69.99,62.64,2.6,-4.74
2002-05-02,2.19,1.16,67.67,62.71,2.03,-4.69
2002-05-03,0.04,2.4,46.3,62.79,2.07,-8.62
2002-05-04,0.0,4.36,46.72,62.73,2.08,-6.97
2002-05-05,0.0,5.01,45.86,62.71,2.06,-6.48
2002-05-06,0.0,4.27,52.54,62.75,2.26,-5.06
2002-05-07,0.55,4.09,50.76,62.85,2.2,-5.72
2002-05-08,0.01,5.18,44.99,62.8,1.95,-7.12
2002-05-09,0.0,6.42,42.16,62.91,2.07,-6.44
2002-05-10,0.0,6.21,42.5,62.8,2.41,-6.49
2002-05-11,0.0,6.92,37.49,62.59,1.7,-8.12
2002-05-12,0.0,7.62,32.94,62.72,2.06,-8.38
2002-05-13,0.0,7.52,35.52,62.94,2.11,-8.05
2002-05-14,0.18,7.76,50.67,63.02,2.04,-3.16
2002-05-15,0.01,7.92,60.34,62.96,1.95,-0.32
2002-05-16,0.0,7.9,59.0,62.77,1.92,-0.88
2002-05-17,0.0,7.39,49.55,62.62,2.17,-3.34
2002-05-18,0.0,6.11,39.13,62.39,2.62,-8.13
2002-05-19,2.18,5.22,33.34,62.26,2.83,-10.34
2002-05-20,4.36,3.93,42.74,62.27,2.37,-8.15
2002-05-21,0.0,4.51,32.94,62.47,1.86,-10.78
2002-05-22,0.0,6.11,31.29,62.7,2.49,-10.24
2002-05-23,0.0,6.09,37.24,62.86,2.4,-7.86
2002-05-24,0.0,6.17,41.76,62.89,1.91,-6.79
2002-05-25,1.73,4.56,55.61,62.82,2.13,-4.2
2002-05-26,0.42,4.09,53.45,62.67,1.76,-5.26
2002-05-27,1.83,5.14,41.42,62.56,2.29,-8.92
2002-05-28,2.68,4.28,50.97,62.59,2.18,-6.07
2002-05-29,0.74,3.87,63.58,62.67,2.51,-3.23
2002-05-30,2.18,3.48,72.62,62.64,1.98,-1.91
2002-05-31,0.03,4.73,74.54,62.72,1.88,-0.04
2002-06-01,3.6,4.88,74.99,62.72,1.89,0.23
2002-06-02,0.69,4.86,72.31,62.69,1.88,-0.28
2002-06-03,0.0,5.57,63.77,62.68,2.07,-1.36
2002-06-04,0.03,5.57,64.59,62.63,2.07,-1.04
2002-06-05,9.02,5.72,66.5,62.64,2.13,-0.56
2002-06-06,1.23,6.46,61.85,62.62,2.24,-1.08
2002-06-07,0.0,6.83,54.46,62.63,2.05,-2.85
2002-06-08,0.08,8.83,43.93,62.65,1.79,-4.51
2002-06-09,2.33,8.29,51.56,62.76,1.98,-2.46
2002-06-10,3.66,8.0,57.62,62.79,1.98,-1.12
2002-06-11,9.84,7.59,60.92,62.81,1.95,-0.99
2002-06-12,4.1,6.77,71.45,62.67,2.05,1.09
2002-06-13,0.0,6.86,64.77,62.53,2.04,-0.22
2002-06-14,2.29,6.59,60.15,62.58,2.13,-1.21
2002-06-15,0.67,6.79,59.12,62.55,1.96,-1.23
2002-06-16,2.55,6.4,59.78,62.66,1.8,-1.61
2002-06-17,1.03,6.53,59.5,62.71,2.18,-2.11
2002-06-18,2.27,6.51,48.05,62.57,1.97,-5.04
2002-06-19,0.01,6.4,52.3,62.52,2.15,-3.92
2002-06-20,0.0,6.64,61.24,62.42,2.19,-1.06
2002-06-21,0.01,7.03,59.96,62.38,1.95,-1.17
2002-06-22,0.0,9.06,54.45,62.46,1.65,-1.46
2002-06-23,2.24,10.29,59.92,62.77,2.1,1.0
2002-06-24,2.52,9.91,71.2,62.84,2.13,3.74
2002-06-25,0.52,9.01,72.69,62.84,2.27,3.27
2002-06-26,0.32,8.45,78.6,62.83,1.71,4.35
2002-06-27,0.42,9.22,79.45,62.82,1.92,5.27
2002-06-28,0.35,9.47,86.08,62.84,1.86,6.8
2002-06-29,10.12,9.59,84.06,62.78,2.28,6.51
2002-06-30,6.99,9.55,77.09,62.65,2.3,5.13
2002-07-01,0.01,10.0,66.74,62.61,2.12,3.36
2002-07-02,0.64,9.84,64.43,62.67,1.96,2.63
2002-07-03,3.61,8.58,64.95,62.66,2.15,1.5
2002-07-04,8.22,7.72,70.25,62.63,2.1,1.75
2002-07-05,0.46,7.69,64.8,62.63,2.05,-0.43
2002-07-06,0.06,7.69,69.87,62.57,2.03,1.36
2002-07-07,0.0,7.83,64.61,62.46,2.09,0.48
2002-07-08,0.0,8.11,64.59,62.52,2.17,0.54
2002-07-09,0.0,8.56,62.56,62.62,1.96,0.59
2002-07-10,4.19,8.1,62.81,62.57,1.93,0.25
2002-07-11,14.77,7.28,60.94,62.46,1.95,-1.1
2002-07-12,1.85,6.95,63.61,62.55,2.0,-0.67
2002-07-13,0.62,8.42,65.19,62.61,1.81,1.39
2002-07-14,0.53,8.24,62.72,62.62,1.97,0.68
2002-07-15,0.01,8.02,61.7,62.64,1.94,0.14
2002-07-16,0.36,8.27,66.06,62.67,1.93,1.55
2002-07-17,0.04,8.99,69.03,62.8,1.86,2.94
2002-07-18,2.4,9.67,75.31,62.83,2.05,4.82
2002-07-19,16.43,9.54,81.04,62.79,2.0,5.85
2002-07-20,1.32,9.54,71.62,62.63,2.06,3.93
2002-07-21,0.08,8.58,76.22,62.47,2.05,3.74
2002-07-22,2.13,7.83,76.91,62.45,2.24,3.12
2002-07-23,0.4,7.88,74.96,62.5,2.01,2.85
2002-07-24,1.44,8.06,74.75,62.48,2.14,2.92
2002-07-25,0.0,8.17,78.85,62.52,2.05,4.0
2002-07-26,3.92,8.04,79.08,62.49,2.15,3.9
2002-07-27,0.61,7.88,79.9,62.53,2.16,3.88
2002-07-28,0.54,8.37,81.7,62.63,2.3,4.76
2002-07-29,0.18,8.35,78.09,62.58,2.21,4.05
2002-07-30,0.0,7.86,76.9,62.55,2.05,3.21
2002-07-31,14.52,7.79,80.02,62.68,1.97,3.83
2002-08-01,0.13,8.84,68.22,62.76,1.87,2.17
2002-08-02,28.02,9.24,77.34,62.68,1.88,4.71
2002-08-03,14.43,8.43,82.53,62.56,1.78,5.21
2002-08-04,11.43,8.58,88.51,62.58,2.03,6.45
2002-08-05,3.34,8.77,86.65,62.6,1.51,6.33
2002-08-06,4.82,8.78,89.49,62.59,1.85,6.78
2002-08-07,2.01,9.15,85.26,62.67,1.95,6.46
2002-08-08,0.74,9.13,90.14,62.6,1.47,7.23
2002-08-09,5.48,10.3,80.52,62.58,1.83,6.69
2002-08-10,20.77,10.96,87.99,62.47,1.7,8.67
2002-08-11,9.39,11.25,85.13,62.43,1.52,8.18
2002-08-12,14.93,9.94,90.14,62.42,1.81,7.96
2002-08-13,24.15,7.92,91.54,62.45,1.46,6.37
2002-08-14,11.34,7.53,89.37,62.53,1.74,5.68
2002-08-15,13.71,8.12,85.87,62.52,1.89,5.67
2002-08-16,0.05,8.28,87.82,62.45,1.97,6.02
2002-08-17,0.01,8.02,79.59,62.43,1.73,4.15
2002-08-18,0.37,8.0,81.34,62.57,1.77,4.37
2002-08-19,0.72,8.25,83.58,62.57,1.73,5.18
2002-08-20,3.13,8.16,80.1,62.51,1.76,4.43
2002-08-21,10.55,7.26,84.52,62.59,1.94,4.5
2002-08-22,2.72,7.9,86.64,62.8,1.64,5.5
2002-08-23,1.41,8.45,91.31,62.87,1.52,6.88
2002-08-24,0.69,8.35,90.79,62.95,1.3,6.71
2002-08-25,10.67,9.1,89.84,62.92,1.53,7.19
2002-08-26,11.75,8.35,91.27,62.87,1.63,6.8
2002-08-27,1.52,9.47,84.9,62.78,1.43,6.72
2002-08-28,2.85,8.05,91.36,62.8,1.18,6.44
2002-08-29,1.48,6.12,87.32,62.97,1.34,3.94
2002-08-30,1.17,7.41,88.24,62.92,1.57,5.32
2002-08-31,4.34,7.88,91.06,62.84,1.99,6.23
2002-09-01,2.49,7.94,89.78,62.86,2.06,6.09
2002-09-02,5.74,7.62,89.22,62.92,2.02,5.65
2002-09-03,6.32,6.56,88.67,62.87,1.83,4.49
2002-09-04,5.88,5.77,83.39,62.72,1.92,2.68
2002-09-05,15.09,4.51,77.15,62.7,1.77,0.43
2002-09-06,26.18,4.95,84.63,62.64,2.09,2.31
2002-09-07,8.48,5.73,88.34,62.6,1.87,3.49
2002-09-08,1.33,5.33,86.36,62.65,2.04,2.85
2002-09-09,0.07,5.51,87.34,62.63,1.99,3.14
2002-09-10,1.1,4.39,88.35,62.62,2.0,2.28
2002-09-11,6.29,4.59,83.93,62.72,1.78,1.81
2002-09-12,19.12,5.66,89.38,62.79,1.91,3.85
2002-09-13,21.13,6.05,92.42,62.83,1.83,4.68
2002-09-14,0.78,6.21,89.27,62.82,1.72,4.2
2002-09-15,0.09,5.78,87.26,62.74,1.76,3.49
2002-09-16,7.2,5.28,91.56,62.66,2.1,3.84
2002-09-17,2.65,3.78,78.46,62.61,1.77,-0.25
2002-09-18,0.63,2.8,67.44,62.78,1.71,-3.1
2002-09-19,0.01,2.83,70.51,62.92,1.72,-2.5
2002-09-20,0.02,3.17,71.07,62.95,1.71,-1.95
2002-09-21,4.19,3.65,72.15,62.91,1.42,-1.43
2002-09-22,0.34,4.72,80.42,62.85,1.34,1.21
2002-09-23,0.01,4.34,77.18,62.77,1.63,0.25
2002-09-24,0.21,3.29,72.34,62.65,1.77,-1.78
2002-09-25,0.0,2.23,64.67,62.71,1.55,-4.56
2002-09-26,0.0,2.06,63.51,62.76,1.53,-4.97
2002-09-27,0.0,2.5,71.54,62.8,1.68,-2.85
2002-09-28,0.0,1.8,64.57,62.87,1.68,-4.79
2002-09-29,0.0,1.96,60.52,62.9,1.53,-5.71
2002-09-30,0.0,2.57,67.34,62.94,1.52,-3.47
2002-10-01,0.0,2.69,62.55,63.02,1.66,-4.43
2002-10-02,0.0,2.76,56.54,63.02,1.58,-5.87
2002-10-03,0.0,2.79,52.8,62.92,1.62,-6.57
2002-10-04,0.0,2.47,51.37,62.96,1.59,-7.02
2002-10-05,0.0,2.26,57.36,62.98,1.63,-6.01
2002-10-06,0.0,1.83,62.48,63.07,1.62,-5.44
2002-10-07,0.0,0.94,61.53,63.02,1.52,-6.37
2002-10-08,0.0,1.66,64.65,63.0,1.47,-4.8
2002-10-09,0.0,3.46,59.79,63.03,1.12,-4.22
2002-10-10,0.17,3.39,62.07,63.05,1.46,-4.0
2002-10-11,0.84,2.42,69.66,62.83,1.35,-2.99
2002-10-12,6.4,1.19,79.42,62.55,1.21,-2.28
2002-10-13,0.57,0.33,89.5,62.67,1.56,-1.52
2002-10-14,0.05,0.54,80.92,62.71,1.23,-3.0
2002-10-15,0.0,1.58,77.57,62.82,1.46,-2.62
2002-10-16,0.0,1.6,72.68,62.83,1.46,-3.84
2002-10-17,0.0,0.22,78.68,62.69,1.78,-3.84
2002-10-18,0.0,-0.74,72.82,62.46,1.39,-5.74
2002-10-19,0.0,-0.58,75.42,62.49,1.56,-5.08
2002-10-20,0.0,-1.61,60.78,62.69,1.66,-8.88
2002-10-21,0.0,-1.18,58.19,62.8,1.52,-8.97
2002-10-22,0.0,-1.95,72.4,62.68,1.47,-7.0
2002-10-23,0.0,-3.01,61.23,62.59,1.6,-10.33
2002-10-24,0.0,-3.27,50.97,62.63,1.61,-12.65
2002-10-25,0.0,-1.23,51.32,62.8,1.63,-10.87
2002-10-26,0.0,-1.51,46.54,62.83,1.48,-12.39
2002-10-27,0.0,-2.63,51.77,62.6,1.7,-12.08
2002-10-28,0.0,-2.16,54.89,62.51,1.54,-10.92
2002-10-29,0.0,-2.99,54.67,62.57,1.65,-11.88
2002-10-30,0.0,-3.91,56.06,62.67,1.45,-12.18
2002-10-31,0.0,-4.02,64.47,62.69,1.44,-10.64
2002-11-01,0.04,-3.17,69.54,62.7,1.24,-8.85
2002-11-02,0.02,-3.34,83.54,62.69,0.91,-6.6
2002-11-03,0.0,-2.84,72.72,62.73,1.23,-8.0
2002-11-04,0.0,-2.67,68.76,62.82,1.35,-8.26
2002-11-05,0.0,-2.92,73.31,62.73,1.32,-7.68
2002-11-06,0.0,-3.7,72.46,62.72,1.31,-8.43
2002-11-07,0.0,-3.96,70.27,62.81,1.31,-9.28
2002-11-08,0.0,-3.01,63.9,62.83,1.32,-9.52
2002-11-09,0.0,-3.09,50.45,62.81,1.08,-12.14
2002-11-10,0.0,-3.15,62.41,62.75,1.31,-9.85
2002-11-11,0.0,-3.97,56.15,62.65,1.56,-12.3
2002-11-12,0.01,-4.41,69.75,62.47,1.78,-9.64
2002-11-13,0.0,-5.07,76.04,62.33,1.41,-9.48
2002-11-14,0.0,-3.22,38.61,62.43,1.26,-16.1
2002-11-15,0.0,-3.35,42.36,62.59,1.66,-15.25
2002-11-16,0.0,-3.98,39.29,62.69,1.58,-16.66
2002-11-17,0.0,-3.17,36.35,62.72,1.52,-16.53
2002-11-18,0.0,-2.84,28.16,62.67,1.38,-19.1
2002-11-19,0.0,-5.2,33.84,62.52,1.76,-19.11
2002-11-20,0.0,-5.07,36.63,62.53,1.44,-18.47
2002-11-21,0.0,-2.02,25.77,62.83,1.28,-18.82
2002-11-22,0.0,-1.24,30.2,62.85,1.51,-16.2
2002-11-23,0.0,-0.4,35.81,62.86,1.22,-13.46
2002-11-24,0.0,-1.86,54.46,62.78,1.09,-9.93
2002-11-25,0.0,-3.06,54.1,62.58,1.29,-11.52
2002-11-26,0.0,-2.86,35.75,62.62,1.28,-16.19
2002-11-27,0.0,-1.78,23.19,62.8,1.33,-19.72
2002-11-28,0.0,-0.82,19.35,62.93,1.02,-20.54
2002-11-29,0.0,-1.72,23.59,62.94,1.13,-19.38
2002-11-30,0.0,-3.44,23.76,62.71,1.53,-20.82
2002-12-01,0.0,-5.58,32.73,62.51,1.17,-19.56
2002-12-02,0.0,-1.24,24.25,62.77,1.2,-18.62
2002-12-03,0.0,-3.91,27.24,62.7,1.87,-19.73
2002-12-04,0.0,-7.69,37.12,62.5,1.58,-19.65
2002-12-05,0.0,-8.31,45.45,62.43,1.71,-18.13
2002-12-06,0.0,-7.64,53.0,62.54,1.76,-15.89
2002-12-07,0.0,-6.97,31.69,62.64,1.27,-20.81
2002-12-08,0.0,-5.88,29.18,62.71,1.13,-20.56
2002-12-09,0.0,-4.32,22.94,62.73,1.22,-22.5
2002-12-10,0.0,-3.79,25.87,62.77,1.22,-20.05
2002-12-11,0.0,-3.57,30.93,62.82,1.09,-17.94
2002-12-12,0.0,-3.84,45.34,62.98,1.33,-13.79
2002-12-13,0.0,-1.84,46.73,63.08,1.4,-12.14
2002-12-14,0.0,-2.21,51.68,63.04,1.42,-11.13
2002-12-15,0.0,-2.66,40.22,62.88,1.27,-14.16
2002-12-16,0.0,-3.84,51.92,62.75,1.29,-12.62
2002-12-17,0.0,-5.47,45.99,62.56,1.21,-16.64
2002-12-18,0.0,-6.53,31.59,62.37,1.12,-20.77
2002-12-19,0.0,-6.72,61.7,62.28,1.45,-13.29
2002-12-20,0.0,-7.45,57.42,62.23,1.43,-14.93
2002-12-21,0.0,-7.92,37.19,62.24,1.6,-20.73
2002-12-22,0.0,-6.0,23.93,62.37,1.23,-23.05
2002-12-23,0.0,-6.33,30.27,62.36,1.18,-21.36
2002-12-24,0.92,-8.89,50.44,62.16,1.32,-17.26
2002-12-25,0.02,-9.35,47.65,62.21,1.3,-18.28
2002-12-26,0.0,-8.0,36.65,62.33,1.55,-20.33
2002-12-27,0.0,-9.19,38.38,62.16,1.5,-21.31
2002-12-28,0.0,-8.83,27.95,62.17,1.58,-23.99
2002-12-29,0.0,-9.83,23.0,62.22,1.33,-26.58
2002-12-30,0.03,-10.8,32.63,62.18,1.65,-23.97
2002-12-31,6.07,-12.04,76.33,61.78,1.26,-15.79
2003-01-01,0.0,-8.65,52.08,62.15,1.53,-18.04
2003-01-02,0.0,-5.76,30.0,62.66,1.52,-21.68
2003-01-03,0.0,-9.61,55.16,62.47,2.15,-17.36
2003-01-04,0.0,-10.13,49.57,62.32,1.44,-19.44
2003-01-05,0.0,-7.04,29.02,62.68,1.63,-22.19
2003-01-06,0.0,-5.75,22.65,62.71,1.89,-23.68
2003-01-07,0.0,-9.93,36.44,62.45,1.69,-22.18
2003-01-08,0.0,-10.23,25.55,62.33,1.34,-26.24
2003-01-09,0.0,-8.97,21.84,62.47,1.4,-27.13
2003-01-10,0.0,-11.52,34.49,62.42,1.38,-24.06
2003-01-11,0.0,-9.76,29.32,62.46,1.36,-23.97
2003-01-12,0.0,-9.93,35.55,62.47,1.56,-22.08
2003-01-13,0.0,-11.52,40.59,62.38,1.58,-23.4
2003-01-14,0.0,-7.49,27.19,62.62,1.3,-23.05
2003-01-15,0.0,-5.84,26.42,62.83,1.16,-21.7
2003-01-16,0.0,-3.73,23.07,62.85,1.35,-21.13
2003-01-17,0.0,-1.52,25.08,62.94,1.21,-18.46
2003-01-18,0.0,-1.72,22.83,63.04,1.14,-19.65
2003-01-19,0.0,-2.23,15.89,62.91,1.25,-23.9
2003-01-20,0.0,-3.72,16.87,62.69,1.19,-25.11
2003-01-21,0.0,-4.47,17.36,62.57,1.33,-24.91
2003-01-22,0.0,-5.18,25.45,62.37,1.32,-21.14
2003-01-23,0.0,-8.21,34.51,62.11,2.07,-20.75
2003-01-24,0.0,-8.56,23.82,61.96,1.73,-25.11
2003-01-25,0.0,-8.95,43.89,62.24,1.66,-18.87
2003-01-26,0.0,-8.2,50.27,62.53,1.52,-17.2
2003-01-27,0.77,-7.27,64.33,62.48,1.46,-13.61
2003-01-28,9.49,-8.22,95.47,62.21,2.35,-9.38
2003-01-29,0.56,-8.66,74.05,62.17,1.23,-13.32
2003-01-30,4.07,-9.37,85.12,62.05,1.72,-12.08
2003-01-31,22.69,-10.23,94.04,61.98,1.84,-11.72
2003-02-01,11.47,-12.32,94.7,62.15,2.82,-13.58
2003-02-02,0.06,-15.95,73.33,62.56,1.46,-20.1
2003-02-03,0.0,-14.4,50.18,62.59,1.38,-22.63
2003-02-04,0.0,-14.49,43.07,62.52,1.6,-25.19
2003-02-05,0.0,-13.21,48.37,62.51,1.71,-22.03
2003-02-06,0.0,-8.13,51.77,62.55,1.22,-16.73
2003-02-07,0.0,-8.28,82.43,62.27,1.63,-11.18
2003-02-08,0.0,-11.91,86.11,62.03,1.41,-14.32
2003-02-09,0.0,-12.29,62.86,62.07,1.44,-18.48
2003-02-10,0.0,-12.31,59.44,62.19,1.6,-19.35
2003-02-11,0.0,-10.56,68.17,62.19,1.33,-16.07
2003-02-12,0.0,-12.03,73.09,62.16,1.47,-16.74
2003-02-13,0.0,-11.77,68.51,62.02,1.99,-17.18
2003-02-14,0.0,-10.3,51.66,62.12,1.63,-19.43
2003-02-15,0.0,-7.59,59.55,62.38,1.38,-14.63
2003-02-16,0.0,-7.06,85.67,62.49,1.39,-9.62
2003-02-17,2.54,-7.08,95.09,62.27,2.2,-8.18
2003-02-18,7.48,-7.21,98.15,61.98,3.81,-8.0
2003-02-19,4.74,-8.77,99.33,61.62,5.65,-9.3
2003-02-20,0.01,-12.03,78.48,62.1,1.6,-15.7
2003-02-21,0.0,-9.72,58.12,62.34,1.56,-17.07
2003-02-22,0.0,-7.33,61.93,62.46,1.52,-14.21
2003-02-23,7.71,-6.89,73.52,62.47,1.45,-11.51
2003-02-24,0.0,-7.53,78.52,62.4,1.5,-11.66
2003-02-25,0.0,-7.87,65.83,62.25,1.59,-14.18
2003-02-26,0.0,-6.71,65.11,62.32,1.83,-13.77
2003-02-27,0.04,-5.76,68.89,62.53,1.51,-11.57
2003-02-28,0.56,-5.37,86.45,62.62,1.72,-7.8
2003-03-01,6.79,-5.3,81.68,62.52,2.47,-8.33
2003-03-02,12.96,-4.97,96.45,62.3,5.1,-5.58
2003-03-03,2.03,-6.83,97.4,61.97,6.88,-7.57
2003-03-04,0.0,-11.46,62.99,61.82,2.26,-18.8
2003-03-05,0.0,-8.78,41.57,62.07,2.07,-20.9
2003-03-06,0.0,-9.18,55.1,62.15,1.84,-17.2
2003-03-07,0.0,-10.88,54.64,62.11,2.29,-20.13
2003-03-08,0.0,-8.7,44.97,62.22,2.25,-19.25
2003-03-09,0.0,-5.78,67.43,62.42,1.78,-11.76
2003-03-10,0.0,-7.06,84.43,62.36,2.18,-10.09
2003-03-11,0.0,-7.59,74.28,62.26,1.4,-12.38
2003-03-12,0.0,-7.52,85.22,62.39,1.64,-10.42
2003-03-13,0.0,-6.27,77.06,62.57,1.57,-10.77
2003-03-14,0.0,-3.69,64.51,62.64,1.8,-10.39
2003-03-15,0.0,-4.46,78.72,62.5,1.97,-8.18
2003-03-16,0.0,-7.24,75.32,62.41,1.87,-11.83
2003-03-17,0.0,-6.27,86.22,62.57,1.59,-8.8
2003-03-18,0.0,-6.19,71.21,62.63,1.69,-11.62
2003-03-19,0.0,-6.5,62.96,62.47,1.82,-13.75
2003-03-20,0.0,-5.35,61.23,62.36,2.02,-13.13
2003-03-21,0.0,-4.81,59.77,62.52,2.06,-12.87
2003-03-22,0.0,-2.98,58.92,62.82,1.59,-10.87
2003-03-23,0.0,-1.61,63.94,62.86,1.63,-8.36
2003-03-24,0.0,-2.58,84.0,62.77,1.41,-5.43
2003-03-25,0.53,-3.87,79.98,62.67,1.84,-7.53
2003-03-26,0.0,-2.76,69.41,62.68,1.45,-8.64
2003-03-27,0.0,-1.04,60.98,62.69,1.5,-9.23
2003-03-28,0.03,-0.27,58.03,62.71,1.72,-8.66
2003-03-29,0.26,-3.15,87.6,62.48,1.76,-5.49
2003-03-30,0.3,-3.38,84.72,62.43,2.23,-6.11
2003-03-31,0.0,-2.22,45.58,62.45,2.05,-13.47
2003-04-01,0.0,-1.78,46.02,62.38,2.21,-12.77
2003-04-02,0.0,-2.11,46.45,62.37,2.3,-13.1
2003-04-03,0.34,-2.95,68.42,62.39,2.44,-8.91
2003-04-04,0.92,-3.37,86.88,62.48,4.16,-5.58
2003-04-05,0.11,-3.16,71.22,62.64,2.25,-8.55
2003-04-06,0.0,-1.59,35.57,62.77,1.94,-15.48
2003-04-07,0.0,-0.47,42.1,62.89,1.71,-12.83
2003-04-08,0.0,1.35,43.62,62.8,2.0,-10.66
2003-04-09,0.0,1.97,52.85,62.79,1.75,-7.29
2003-04-10,0.0,1.16,61.84,62.85,2.04,-6.27
2003-04-11,0.0,1.06,63.46,62.85,1.87,-6.29
2003-04-12,0.0,2.34,58.1,62.75,1.93,-6.57
2003-04-13,0.0,2.77,55.88,62.7,1.85,-6.37
2003-04-14,0.0,1.47,69.1,62.85,2.11,-4.43
2003-04-15,0.0,1.38,72.13,62.8,2.23,-4.17
2003-04-16,0.0,0.37,82.3,62.82,3.4,-2.84
2003-04-17,0.0,2.21,41.19,62.78,1.91,-11.58
2003-04-18,0.0,3.9,40.09,62.75,2.24,-9.45
2003-04-19,3.67,-0.16,77.87,62.57,3.33,-4.14
2003-04-20,0.78,-1.25,72.27,62.47,3.1,-6.49
2003-04-21,0.0,0.24,54.46,62.64,2.11,-9.38
2003-04-22,0.0,2.79,35.26,62.81,2.0,-12.1
2003-04-23,0.0,4.35,38.72,62.93,2.0,-9.32
2003-04-24,0.0,4.78,46.93,62.97,1.9,-6.31
2003-04-25,0.0,4.31,50.82,62.97,2.11,-5.62
2003-04-26,0.11,3.53,46.84,62.86,2.47,-7.61
2003-04-27,6.85,1.71,68.03,62.7,2.93,-4.16
2003-04-28,0.75,-0.76,82.2,62.64,1.62,-3.8
2003-04-29,0.0,0.52,74.96,62.76,1.44,-3.92
2003-04-30,0.0,2.94,74.15,62.83,2.08,-1.89
2003-05-01,0.12,3.26,74.49,62.64,2.72,-1.77
2003-05-02,0.05,2.91,79.37,62.51,5.07,-0.85
2003-05-03,0.01,0.66,67.77,62.12,7.54,-5.08
2003-05-04,0.0,-2.53,35.3,62.14,2.75,-16.18
2003-05-05,0.0,-1.35,32.7,62.29,2.79,-16.06
2003-05-06,0.0,-1.05,40.3,62.4,2.24,-12.86
2003-05-07,0.0,-0.27,37.61,62.5,1.82,-13.37
2003-05-08,0.0,1.08,36.22,62.65,1.78,-12.19
2003-05-09,0.0,1.39,43.55,62.78,2.0,-9.72
2003-05-10,0.02,2.35,42.73,62.87,2.49,-9.95
2003-05-11,0.03,2.18,47.78,62.83,2.76,-7.9
2003-05-12,0.49,2.77,37.2,62.76,2.21,-11.62
2003-05-13,4.75,3.0,57.12,62.82,2.23,-5.08
2003-05-14,0.31,2.99,47.43,62.75,1.99,-8.22
2003-05-15,0.06,2.67,46.47,62.57,2.2,-8.56
2003-05-16,0.0,3.81,39.78,62.54,2.21,-10.16
2003-05-17,0.0,4.3,33.16,62.52,2.43,-11.13
2003-05-18,0.0,4.0,36.53,62.51,2.21,-10.34
2003-05-19,0.0,4.59,40.15,62.6,2.26,-8.42
2003-05-20,0.0,5.0,41.84,62.76,2.37,-7.79
2003-05-21,0.0,5.98,39.89,62.81,2.36,-8.21
2003-05-22,7.89,4.5,59.51,62.75,2.35,-3.41
2003-05-23,0.34,3.58,71.25,62.7,2.16,-1.82
2003-05-24,4.16,3.61,61.13,62.68,2.15,-4.45
2003-05-25,0.0,4.28,56.6,62.71,2.3,-4.76
2003-05-26,0.58,4.14,64.43,62.65,2.35,-3.08
2003-05-27,0.0,4.64,52.95,62.5,2.33,-5.38
2003-05-28,0.0,3.47,41.78,62.6,2.58,-10.01
2003-05-29,0.0,4.36,36.86,62.75,2.25,-10.18
2003-05-30,0.0,5.97,33.77,62.79,2.0,-9.9
2003-05-31,0.0,6.94,37.35,62.89,2.08,-7.63
2003-06-01,0.0,6.76,42.35,62.83,2.26,-5.89
2003-06-02,0.0,7.17,44.95,62.75,1.93,-4.77
2003-06-03,0.0,8.55,43.59,62.76,2.17,-3.96
2003-06-04,1.0,7.92,43.48,62.7,2.16,-4.43
2003-06-05,0.02,7.26,40.41,62.53,2.06,-6.04
2003-06-06,0.01,7.57,38.27,62.46,2.19,-6.86
2003-06-07,0.0,8.01,33.0,62.55,2.21,-7.86
2003-06-08,0.0,7.78,36.81,62.67,2.19,-7.25
2003-06-09,0.19,8.04,45.87,62.7,2.24,-5.03
2003-06-10,12.13,6.36,66.39,62.54,2.12,-0.64
2003-06-11,1.37,5.61,55.62,62.52,1.88,-3.78
2003-06-12,0.0,6.09,53.34,62.6,1.99,-3.84
2003-06-13,0.0,6.1,57.2,62.64,2.13,-2.52
2003-06-14,0.0,6.72,58.96,62.71,2.01,-1.43
2003-06-15,0.0,7.47,56.91,62.65,1.95,-1.49
2003-06-16,10.91,7.53,60.8,62.63,2.18,-0.33
2003-06-17,5.5,7.47,62.67,62.72,1.88,-0.07
2003-06-18,0.72,7.36,64.27,62.69,1.88,0.11
2003-06-19,0.96,7.16,74.65,62.46,1.57,2.23
2003-06-20,0.03,7.81,77.03,62.36,2.36,3.29
2003-06-21,2.03,8.32,75.78,62.36,2.31,3.26
2003-06-22,5.21,8.06,69.74,62.45,2.24,1.43
2003-06-23,1.99,7.7,75.75,62.53,2.19,2.74
2003-06-24,8.22,8.09,77.2,62.55,2.12,3.29
2003-06-25,5.89,9.34,79.18,62.47,1.91,5.02
2003-06-26,0.47,9.97,81.5,62.45,2.34,6.41
2003-06-27,5.5,9.45,82.31,62.52,2.41,6.02
2003-06-28,0.7,9.32,72.55,62.41,2.35,3.43
2003-06-29,2.43,8.34,75.94,62.38,2.3,3.38
2003-06-30,0.98,8.06,68.18,62.38,2.15,1.14
2003-07-01,0.1,8.24,77.41,62.56,2.27,3.65
2003-07-02,0.65,9.34,77.29,62.83,2.17,4.7
2003-07-03,1.49,10.51,74.73,62.83,2.17,5.19
2003-07-04,24.83,10.68,80.94,62.64,2.2,6.7
2003-07-05,37.75,8.02,91.14,62.75,1.81,6.43
2003-07-06,2.46,7.93,88.1,62.79,1.72,5.69
2003-07-07,0.29,8.24,87.08,62.6,1.82,5.85
2003-07-08,1.78,8.43,88.99,62.49,1.93,6.42
2003-07-09,10.2,8.52,85.97,62.49,2.46,5.82
2003-07-10,14.62,7.69,89.29,62.5,1.96,5.65
2003-07-11,6.1,7.54,86.44,62.38,1.63,5.11
2003-07-12,2.13,8.12,85.59,62.44,2.08,5.53
2003-07-13,3.74,8.48,87.95,62.51,2.28,6.24
2003-07-14,3.74,9.37,86.55,62.59,2.08,6.68
2003-07-15,14.23,9.36,91.33,62.73,2.12,7.77
2003-07-16,4.82,9.09,87.5,62.84,2.15,6.76
2003-07-17,6.55,9.46,92.09,62.92,2.29,7.96
2003-07-18,5.56,9.33,92.92,62.92,1.96,8.03
2003-07-19,3.47,10.79,85.64,62.6,1.44,7.99
2003-07-20,21.41,10.66,84.27,62.57,1.55,7.14
2003-07-21,13.61,9.13,83.98,62.67,1.39,6.25
2003-07-22,0.19,10.06,86.98,62.57,1.66,7.61
2003-07-23,0.17,10.66,90.14,62.54,2.13,8.89
2003-07-24,0.05,10.8,87.62,62.57,1.97,8.46
2003-07-25,5.74,10.08,88.76,62.52,1.76,8.04
2003-07-26,1.02,9.43,91.79,62.61,2.29,7.93
2003-07-27,0.7,9.88,81.88,62.83,1.93,6.57
2003-07-28,8.67,9.94,87.26,62.86,2.01,7.6
2003-07-29,9.47,8.38,91.14,62.75,1.22,6.74
2003-07-30,2.54,10.59,82.04,62.49,1.83,7.16
2003-07-31,19.65,10.87,90.77,62.52,2.33,9.08
2003-08-01,12.5,9.87,91.4,62.66,1.74,8.19
2003-08-02,7.8,9.46,86.54,62.67,1.92,7.05
2003-08-03,4.31,8.86,91.94,62.72,2.16,7.45
2003-08-04,9.94,8.89,87.96,62.79,2.06,6.72
2003-08-05,9.43,9.16,85.9,62.79,2.06,6.6
2003-08-06,1.19,9.66,87.55,62.72,1.88,7.33
2003-08-07,1.05,10.09,89.62,62.73,2.16,8.26
2003-08-08,15.41,10.04,89.1,62.71,2.15,7.98
2003-08-09,9.02,8.93,86.36,62.6,1.88,6.45
2003-08-10,6.62,8.86,86.97,62.52,1.71,6.56
2003-08-11,5.6,7.94,89.14,62.64,1.82,5.98
2003-08-12,9.3,8.28,85.6,62.69,1.78,5.66
2003-08-13,8.76,8.01,81.43,62.63,1.94,4.68
2003-08-14,4.92,8.35,87.88,62.63,1.87,6.18
2003-08-15,2.1,9.09,86.9,62.7,1.93,6.75
2003-08-16,1.45,9.7,84.24,62.84,1.64,6.86
2003-08-17,8.39,10.31,87.48,62.75,1.75,8.03
2003-08-18,4.31,9.52,89.98,62.61,2.51,7.63
2003-08-19,11.61,8.64,85.08,62.44,2.14,5.82
2003-08-20,1.8,7.32,83.45,62.4,1.88,4.26
2003-08-21,0.24,7.53,77.67,62.57,1.76,3.37
2003-08-22,0.0,8.28,81.82,62.78,1.65,4.98
2003-08-23,6.28,8.53,82.14,62.91,1.61,5.34
2003-08-24,3.78,9.21,88.21,62.77,1.94,7.1
2003-08-25,25.93,9.53,92.5,62.7,1.83,8.21
2003-08-26,11.51,9.86,91.01,62.64,2.22,8.14
2003-08-27,12.45,8.73,87.79,62.72,1.84,6.48
2003-08-28,21.75,8.59,90.48,62.75,1.63,6.8
2003-08-29,0.97,9.1,89.76,62.84,1.99,7.27
2003-08-30,9.03,9.37,89.68,62.8,2.05,7.52
2003-08-31,4.09,9.04,85.38,62.69,1.71,6.35
2003-09-01,15.79,9.17,80.89,62.59,1.66,5.62
2003-09-02,10.07,8.17,80.15,62.64,1.66,4.26
2003-09-03,3.08,8.53,77.62,62.67,1.78,4.4
2003-09-04,23.72,7.97,83.4,62.68,1.74,4.79
2003-09-05,13.84,7.39,79.29,62.68,1.72,3.44
2003-09-06,4.8,7.17,83.42,62.73,1.78,4.25
2003-09-07,1.73,7.53,91.58,62.67,1.88,5.97
2003-09-08,15.29,7.55,89.77,62.62,1.84,5.62
2003-09-09,3.08,7.17,92.24,62.64,2.09,5.68
2003-09-10,0.88,7.16,89.3,62.68,1.78,5.2
2003-09-11,0.37,8.0,91.04,62.67,1.94,6.3
2003-09-12,0.47,8.01,89.0,62.62,1.87,5.97
2003-09-13,0.03,7.66,87.44,62.77,1.64,5.35
2003-09-14,0.43,7.32,78.28,62.83,1.59,3.19
2003-09-15,14.82,6.39,80.39,62.78,1.53,2.83
2003-09-16,1.08,6.59,83.88,62.77,1.42,3.66
2003-09-17,0.2,6.64,81.96,62.78,1.6,3.33
2003-09-18,27.79,6.39,84.28,62.93,1.51,3.38
2003-09-19,2.94,5.93,70.45,62.94,1.48,0.14
2003-09-20,0.0,7.89,77.79,62.92,1.52,3.64
2003-09-21,2.45,8.98,87.19,62.96,1.43,6.39
2003-09-22,4.56,8.13,89.69,62.89,1.74,6.1
2003-09-23,2.92,5.43,94.1,62.79,1.9,4.38
2003-09-24,9.93,4.74,89.03,62.75,1.71,2.79
2003-09-25,1.28,3.99,62.76,62.93,1.57,-3.12
2003-09-26,0.0,3.76,42.93,62.91,1.35,-7.86
2003-09-27,0.0,2.8,47.9,62.75,1.7,-7.57
2003-09-28,0.08,1.46,54.56,62.69,1.69,-7.24
2003-09-29,0.0,1.27,57.24,62.73,1.6,-6.82
2003-09-30,0.0,1.41,55.44,62.72,1.59,-7.23
2003-10-01,0.0,0.79,43.66,62.7,1.51,-10.56
2003-10-02,0.0,1.53,43.81,62.75,1.46,-9.9
2003-10-03,0.0,1.08,52.88,62.9,1.49,-8.02
2003-10-04,0.0,2.17,50.11,62.9,1.29,-7.82
2003-10-05,0.0,3.31,60.88,62.87,1.28,-4.51
2003-10-06,0.0,3.47,65.06,62.91,1.31,-3.41
2003-10-07,0.0,2.82,57.31,62.94,1.36,-5.45
2003-10-08,0.0,2.57,63.34,62.8,1.39,-4.55
2003-10-09,0.0,1.35,59.55,62.64,1.61,-6.22
2003-10-10,0.0,0.16,42.67,62.52,1.5,-11.4
2003-10-11,0.0,-1.54,46.41,62.58,1.49,-12.04
2003-10-12,0.0,-1.59,43.37,62.71,1.32,-12.98
2003-10-13,0.0,-0.8,44.7,62.85,1.61,-11.87
2003-10-14,0.0,0.14,46.78,62.93,1.51,-10.3
2003-10-15,0.17,0.95,38.01,63.01,1.42,-12.12
2003-10-16,15.03,1.28,45.94,63.09,1.34,-9.42
2003-10-17,0.0,1.64,44.27,63.06,1.55,-9.6
2003-10-18,0.0,1.06,54.51,62.99,1.61,-7.13
2003-10-19,0.0,0.06,58.0,62.88,1.53,-7.66
2003-10-20,0.0,-1.85,61.33,62.85,1.6,-9.17
2003-10-21,0.07,-1.72,59.0,62.77,1.5,-9.31
2003-10-22,0.52,-0.94,66.8,62.84,1.4,-7.25
2003-10-23,1.43,-0.49,71.07,62.87,1.34,-5.67
2003-10-24,0.03,-1.35,62.06,62.78,1.33,-8.55
2003-10-25,0.0,-2.3,67.59,62.66,1.44,-8.25
2003-10-26,0.0,-2.95,68.22,62.6,1.46,-8.66
2003-10-27,0.0,-0.58,61.2,62.81,1.22,-7.8
2003-10-28,0.0,0.41,55.41,63.18,1.36,-8.17
2003-10-29,0.0,0.7,43.39,63.18,1.38,-10.82
2003-10-30,0.0,0.72,48.67,62.93,1.42,-9.56
2003-10-31,0.0,1.74,45.63,62.73,1.1,-9.62
2003-11-01,0.0,1.36,51.48,62.81,1.24,-8.21
2003-11-02,0.0,-0.31,49.83,62.88,1.32,-10.14
2003-11-03,0.0,1.4,44.21,62.98,1.44,-9.79
2003-11-04,0.0,1.04,39.82,62.88,1.34,-11.27
2003-11-05,0.0,-1.14,38.79,62.77,1.46,-14.0
2003-11-06,0.0,-3.11,49.49,62.63,1.34,-12.76
2003-11-07,0.0,-3.83,44.76,62.56,1.44,-14.76
2003-11-08,0.0,-4.98,52.05,62.65,1.28,-13.73
2003-11-09,0.0,-3.07,37.12,62.71,1.22,-15.69
2003-11-10,0.0,-1.44,27.53,62.67,1.11,-17.82
2003-11-11,0.0,-3.37,47.15,62.66,1.48,-13.76
2003-11-12,0.0,-3.26,47.04,62.71,1.2,-13.74
2003-11-13,0.0,-2.55,41.86,62.84,1.07,-13.78
2003-11-14,0.0,-3.3,52.71,62.89,1.12,-11.76
2003-11-15,0.06,-3.66,52.95,62.75,1.35,-12.25
2003-11-16,0.64,-5.03,69.44,62.53,1.79,-10.42
2003-11-17,3.81,-6.16,92.31,62.41,3.04,-7.94
2003-11-18,0.12,-6.82,67.21,62.51,1.83,-12.53
2003-11-19,0.02,-6.11,46.61,62.61,1.27,-16.36
2003-11-20,0.0,-4.18,26.64,62.66,1.13,-20.35
2003-11-21,0.0,-1.5,23.06,62.86,1.23,-19.46
2003-11-22,0.0,-2.55,26.32,62.87,1.17,-19.0
2003-11-23,0.0,-2.39,22.57,62.84,1.06,-20.55
2003-11-24,0.0,-3.08,25.61,62.99,1.25,-19.37
2003-11-25,0.0,-3.44,22.09,62.9,1.11,-21.77
2003-11-26,0.0,-4.12,23.47,62.66,1.3,-21.9
2003-11-27,0.0,-6.02,31.08,62.48,1.39,-20.83
2003-11-28,0.0,-5.93,26.97,62.47,1.32,-21.77
2003-11-29,0.0,-4.86,25.1,62.63,1.23,-22.14
2003-11-30,0.0,-3.41,27.5,62.68,1.21,-19.32
2003-12-01,0.0,-3.58,38.54,62.71,1.18,-15.59
2003-12-02,0.0,-4.7,57.38,62.62,1.46,-11.97
2003-12-03,0.0,-5.4,49.82,62.44,1.06,-14.46
2003-12-04,0.0,-6.01,58.88,62.4,1.28,-13.07
2003-12-05,0.0,-4.76,39.3,62.57,1.33,-16.4
2003-12-06,0.0,-4.18,40.51,62.53,1.37,-16.1
2003-12-07,0.0,-2.12,34.74,62.65,1.41,-15.76
2003-12-08,0.0,-3.03,57.17,62.71,1.44,-10.56
2003-12-09,0.04,-5.07,69.27,62.6,1.37,-10.33
2003-12-10,0.01,-6.23,75.65,62.59,1.13,-10.47
2003-12-11,0.01,-4.79,39.51,62.67,1.24,-16.82
2003-12-12,2.37,-5.73,50.78,62.7,1.56,-14.8
2003-12-13,4.0,-7.88,75.02,62.78,1.49,-12.0
2003-12-14,0.13,-7.52,54.99,62.8,1.48,-15.33
2003-12-15,2.2,-7.69,56.85,62.62,1.8,-15.39
2003-12-16,3.09,-9.32,88.25,62.29,2.07,-11.69
2003-12-17,0.0,-8.99,80.13,62.28,1.13,-12.66
2003-12-18,0.0,-9.22,61.73,62.33,1.25,-15.63
2003-12-19,0.0,-9.64,76.42,62.41,1.15,-13.5
2003-12-20,0.0,-10.45,64.41,62.53,1.46,-16.4
2003-12-21,0.0,-7.97,42.11,62.6,1.25,-18.46
2003-12-22,0.0,-8.74,46.17,62.56,1.25,-18.59
2003-12-23,0.0,-11.29,63.31,62.35,1.75,-17.34
2003-12-24,0.0,-11.35,56.05,62.27,1.31,-18.87
2003-12-25,0.0,-9.16,37.11,62.32,1.39,-22.38
2003-12-26,0.01,-11.49,54.51,62.18,1.4,-19.07
2003-12-27,3.48,-12.42,80.66,62.01,1.77,-15.84
2003-12-28,0.22,-12.81,49.14,62.07,1.58,-21.92
2003-12-29,0.0,-6.42,47.55,62.58,1.36,-16.3
2003-12-30,0.0,-5.92,67.57,62.68,1.34,-11.32
2003-12-31,0.0,-7.42,76.86,62.57,1.5,-11.3
2004-01-01,0.0,-9.75,84.5,62.35,1.88,-12.64
2004-01-02,0.0,-10.74,69.59,62.3,1.43,-16.13
2004-01-03,0.0,-10.56,35.84,62.28,1.42,-22.7
2004-01-04,0.0,-11.34,41.15,62.3,1.19,-21.74
2004-01-05,0.0,-10.18,52.69,62.37,1.23,-18.17
2004-01-06,0.0,-10.31,62.64,62.41,1.06,-16.36
2004-01-07,0.0,-10.56,49.31,62.44,1.28,-19.25
2004-01-08,0.0,-9.85,53.36,62.47,1.4,-17.97
2004-01-09,0.0,-5.99,62.78,62.54,1.4,-12.67
2004-01-10,0.0,-4.08,45.8,62.67,1.2,-14.35
2004-01-11,0.0,-4.42,55.97,62.54,1.36,-12.36
2004-01-12,0.0,-4.58,53.24,62.47,1.71,-13.87
2004-01-13,0.0,-7.28,77.27,62.23,1.89,-11.6
2004-01-14,0.0,-7.07,45.65,62.12,1.53,-17.64
2004-01-15,0.0,-4.63,43.24,62.41,1.43,-15.53
2004-01-16,0.0,-5.15,68.15,62.61,1.31,-10.41
2004-01-17,1.1,-6.69,77.96,62.39,2.04,-10.44
2004-01-18,0.82,-9.06,78.05,62.08,1.47,-12.81
2004-01-19,0.0,-6.86,39.05,62.23,1.09,-18.66
2004-01-20,0.0,-5.75,50.07,62.35,1.28,-15.42
2004-01-21,13.31,-8.05,94.52,62.07,2.04,-9.29
2004-01-22,4.02,-10.32,80.01,62.11,1.84,-13.8
2004-01-23,31.12,-8.78,96.72,61.9,3.08,-10.08
2004-01-24,2.05,-14.73,80.77,61.82,1.25,-17.87
2004-01-25,0.0,-15.7,72.9,61.87,1.4,-19.74
2004-01-26,0.0,-16.01,83.47,61.86,1.41,-18.48
2004-01-27,0.0,-18.37,66.13,62.0,1.67,-23.28
2004-01-28,0.0,-14.45,51.33,62.06,1.47,-23.11
2004-01-29,0.01,-13.61,71.96,62.01,1.35,-17.82
2004-01-30,5.04,-13.33,89.48,61.87,1.61,-15.26
2004-01-31,13.37,-13.02,96.59,61.71,2.72,-13.97
2004-02-01,0.25,-15.99,85.04,61.89,1.38,-18.35
2004-02-02,0.0,-17.03,50.7,61.98,1.42,-25.04
2004-02-03,0.0,-14.09,39.25,62.1,1.61,-26.39
2004-02-04,0.0,-12.05,59.61,62.01,1.2,-19.04
2004-02-05,0.0,-16.47,66.6,61.97,1.36,-21.67
2004-02-06,0.0,-16.27,54.67,62.04,1.93,-23.48
2004-02-07,0.0,-13.49,58.67,62.47,2.18,-21.38
2004-02-08,0.0,-8.88,50.4,62.65,1.0,-18.94
2004-02-09,1.19,-8.89,89.83,62.53,2.17,-10.71
2004-02-10,0.25,-10.37,92.76,62.53,1.88,-12.1
2004-02-11,0.0,-12.17,72.56,62.55,1.74,-16.95
2004-02-12,0.0,-9.92,55.18,62.74,1.94,-18.27
2004-02-13,0.0,-9.46,64.63,62.68,1.5,-16.46
2004-02-14,0.0,-9.89,68.2,62.41,1.42,-15.7
2004-02-15,0.0,-10.25,62.89,62.33,1.79,-17.3
2004-02-16,0.0,-6.71,53.23,62.67,1.76,-15.6
2004-02-17,0.0,-4.88,51.81,62.6,1.19,-14.03
2004-02-18,0.0,-7.58,89.21,62.23,2.38,-9.74
2004-02-19,0.0,-9.02,74.67,62.16,1.5,-13.93
2004-02-20,0.0,-8.62,50.17,62.41,1.55,-18.41
2004-02-21,0.0,-6.6,42.7,62.67,1.52,-18.63
2004-02-22,0.0,-7.87,60.18,62.46,1.82,-15.61
2004-02-23,0.0,-4.99,37.2,62.59,1.63,-18.9
2004-02-24,0.0,-3.56,38.84,62.78,1.51,-16.51
2004-02-25,0.0,-2.17,33.16,62.87,1.38,-17.05
2004-02-26,0.0,-2.25,45.55,62.69,1.28,-12.67
2004-02-27,0.0,-5.34,70.07,62.58,1.88,-10.62
2004-02-28,0.0,-6.19,73.12,62.49,1.35,-11.15
2004-02-29,0.0,-7.13,56.38,62.45,1.5,-15.44
2004-03-01,0.0,-6.2,41.29,62.47,1.47,-18.53
2004-03-02,0.0,-5.68,44.68,62.52,1.6,-16.51
2004-03-03,0.0,-5.63,45.28,62.5,1.81,-16.77
2004-03-04,0.0,-5.32,37.16,62.57,1.6,-18.29
2004-03-05,0.0,-5.86,45.71,62.49,1.76,-16.37
2004-03-06,0.0,-6.95,50.94,62.35,1.24,-16.42
2004-03-07,0.0,-4.64,34.97,62.71,3.37,-18.65
2004-03-08,0.0,-1.04,33.75,63.15,1.36,-15.7
2004-03-09,0.0,0.19,50.62,63.01,1.25,-9.59
2004-03-10,0.0,-2.68,74.88,62.72,1.84,-7.24
2004-03-11,0.0,-3.58,65.08,62.67,1.64,-10.15
2004-03-12,0.0,-3.21,56.37,62.76,1.63,-11.42
2004-03-13,0.0,-2.91,52.91,62.84,1.75,-12.54
2004-03-14,0.0,-1.27,43.81,62.93,1.73,-12.74
2004-03-15,0.0,-0.78,53.78,62.83,1.83,-10.07
2004-03-16,0.0,0.09,47.62,62.75,1.91,-11.32
2004-03-17,0.0,1.94,36.23,62.96,2.0,-12.2
2004-03-18,0.0,0.66,39.49,62.94,2.12,-12.69
2004-03-19,0.0,0.38,36.75,62.69,2.0,-13.23
2004-03-20,0.0,2.99,30.5,62.6,2.02,-12.83
2004-03-21,0.0,1.74,47.71,62.7,2.33,-8.66
2004-03-22,0.0,-0.17,65.33,62.78,2.5,-6.33
2004-03-23,0.0,-0.18,65.86,62.67,2.97,-6.48
2004-03-24,0.0,-1.68,69.93,62.55,3.27,-7.31
2004-03-25,0.0,-3.58,58.99,62.45,2.6,-11.77
2004-03-26,0.0,-3.32,43.15,62.6,2.08,-14.7
2004-03-27,0.0,-2.35,50.07,62.71,1.91,-11.78
2004-03-28,0.0,-1.7,57.11,62.73,2.06,-10.36
2004-03-29,0.0,-1.89,43.26,62.61,2.07,-13.8
2004-03-30,0.0,-1.16,50.98,62.61,1.95,-10.84
2004-03-31,0.0,-0.75,53.25,62.67,1.64,-9.61
2004-04-01,0.0,-0.62,48.7,62.86,1.78,-10.92
2004-04-02,0.0,-0.78,58.34,62.88,1.94,-8.47
2004-04-03,0.0,0.35,54.32,62.85,1.96,-8.82
2004-04-04,0.0,1.6,49.9,62.92,1.68,-8.74
2004-04-05,0.0,1.95,60.17,62.8,1.55,-5.79
2004-04-06,0.0,2.22,65.43,62.65,1.26,-4.28
2004-04-07,0.0,2.26,61.3,62.75,2.06,-4.69
2004-04-08,1.35,0.84,60.24,62.69,2.09,-6.3
2004-04-09,1.21,0.78,57.88,62.63,2.4,-7.53
2004-04-10,0.05,0.89,55.37,62.79,2.14,-8.19
2004-04-11,0.0,2.12,44.38,62.83,2.27,-10.01
2004-04-12,0.0,2.18,42.84,62.68,2.47,-10.01
2004-04-13,0.0,1.81,51.78,62.55,2.79,-7.64
2004-04-14,0.0,2.42,47.83,62.45,2.75,-8.13
2004-04-15,0.0,2.19,33.66,62.42,2.38,-13.47
2004-04-16,0.0,4.2,27.43,62.58,2.01,-13.6
2004-04-17,0.0,2.94,52.13,62.55,3.15,-6.24
2004-04-18,0.0,3.54,45.35,62.49,1.91,-8.3
2004-04-19,0.0,4.93,41.6,62.82,2.09,-7.77
2004-04-20,0.0,3.27,55.9,63.07,1.9,-5.56
2004-04-21,0.06,3.42,60.68,62.89,2.45,-4.54
2004-04-22,2.32,1.52,73.33,62.64,2.59,-3.67
2004-04-23,0.24,-1.2,79.12,62.42,2.16,-4.86
2004-04-24,0.05,-0.62,74.17,62.45,1.39,-5.36
2004-04-25,0.0,2.85,56.28,62.63,1.52,-6.81
2004-04-26,0.0,4.41,55.08,62.79,1.94,-5.47
2004-04-27,0.81,3.15,70.73,62.81,2.35,-2.38
2004-04-28,0.42,3.01,59.48,62.72,2.68,-6.27
2004-04-29,3.26,1.79,80.33,62.63,3.54,-1.85
2004-04-30,21.62,0.22,82.44,62.41,3.71,-3.12
2004-05-01,6.14,-2.9,90.49,62.25,4.01,-4.59
2004-05-02,0.0,-3.95,63.26,62.45,2.22,-11.05
2004-05-03,0.0,-0.72,42.79,62.58,2.18,-12.32
2004-05-04,0.0,-0.67,50.86,62.63,1.99,-10.42
2004-05-05,0.0,0.54,53.47,62.66,1.62,-9.2
2004-05-06,0.0,4.4,41.9,62.87,1.94,-8.24
2004-05-07,0.0,4.6,54.2,63.04,1.91,-4.79
2004-05-08,0.0,4.11,60.84,62.98,2.15,-4.21
2004-05-09,0.0,5.08,57.31,62.85,2.27,-4.19
2004-05-10,0.0,4.94,51.15,62.76,1.9,-5.59
2004-05-11,0.0,5.57,48.17,62.7,2.39,-5.73
2004-05-12,0.0,5.01,44.58,62.56,2.51,-7.77
2004-05-13,0.0,5.76,50.5,62.48,2.0,-5.28
2004-05-14,0.0,6.76,48.36,62.62,2.02,-4.88
2004-05-15,0.0,7.58,44.64,62.7,1.96,-4.93
2004-05-16,0.0,8.13,50.29,62.81,2.0,-2.77
2004-05-17,0.0,8.28,58.11,62.81,2.14,-0.7
2004-05-18,0.0,7.76,58.33,62.54,1.69,-0.76
2004-05-19,0.0,7.71,53.85,62.33,2.2,-1.72
2004-05-20,0.0,7.2,42.66,62.43,2.5,-5.69
2004-05-21,0.0,7.29,36.34,62.46,2.33,-7.62
2004-05-22,8.29,6.65,41.54,62.49,2.57,-6.93
2004-05-23,22.07,4.02,72.25,62.57,2.23,-1.08
2004-05-24,2.82,3.16,75.6,62.59,2.2,-1.38
2004-05-25,4.1,4.09,71.9,62.61,2.2,-1.62
2004-05-26,1.93,4.7,67.53,62.69,2.56,-1.7
2004-05-27,2.07,4.21,71.8,62.81,2.42,-1.56
2004-05-28,0.17,3.62,59.58,62.83,2.4,-4.83
2004-05-29,0.0,4.17,59.3,62.67,2.14,-4.18
2004-05-30,0.0,5.52,60.58,62.8,2.04,-2.24
2004-05-31,0.04,6.73,58.56,62.92,2.02,-1.7
2004-06-01,0.85,5.85,64.91,62.94,2.4,-1.18
2004-06-02,0.21,5.21,68.34,62.83,2.4,-0.82
2004-06-03,0.0,5.44,60.16,62.62,2.05,-2.57
2004-06-04,0.5,5.23,66.0,62.65,2.28,-1.09
2004-06-05,0.39,4.62,71.94,62.76,2.1,-0.67
2004-06-06,8.37,5.2,71.19,62.75,2.07,-0.23
2004-06-07,0.26,4.74,76.31,62.75,2.1,0.16
2004-06-08,7.5,4.24,73.36,62.76,2.39,-0.74
2004-06-09,0.11,4.73,60.64,62.81,2.08,-3.26
2004-06-10,0.21,4.56,70.19,62.65,2.05,-1.09
2004-06-11,0.25,5.34,79.34,62.67,2.09,1.42
2004-06-12,0.0,7.23,74.95,62.74,1.51,2.08
2004-06-13,30.03,8.73,76.53,62.73,1.66,3.66
2004-06-14,8.42,8.91,85.76,62.61,2.07,6.12
2004-06-15,0.02,8.93,84.18,62.58,1.99,6.03
2004-06-16,20.6,9.08,85.21,62.5,2.11,6.22
2004-06-17,60.89,9.31,85.23,62.24,1.9,6.53
2004-06-18,10.68,7.7,89.91,62.27,1.76,5.91
2004-06-19,7.21,7.9,87.08,62.27,1.99,5.55
2004-06-20,6.35,7.67,92.01,62.34,2.24,6.17
2004-06-21,1.1,6.97,87.42,62.44,2.31,4.61
2004-06-22,0.12,5.85,86.21,62.49,2.13,3.37
2004-06-23,0.01,5.43,78.74,62.38,2.05,1.48
2004-06-24,0.14,5.19,78.88,62.49,2.1,1.17
2004-06-25,0.05,4.79,76.87,62.57,2.03,0.45
2004-06-26,0.0,5.06,78.02,62.58,2.21,1.01
2004-06-27,0.0,6.0,75.97,62.58,1.92,1.12
2004-06-28,0.0,6.53,77.03,62.69,1.75,2.1
2004-06-29,0.0,7.47,75.12,62.66,1.85,2.6
2004-06-30,0.0,8.44,80.79,62.59,1.92,4.76
2004-07-01,0.0,8.81,81.79,62.64,1.65,5.35
2004-07-02,30.51,8.87,86.78,62.59,1.87,6.4
2004-07-03,5.98,9.32,86.73,62.61,1.99,6.79
2004-07-04,2.64,9.41,88.87,62.67,2.09,7.36
2004-07-05,10.79,9.52,89.68,62.65,2.17,7.67
2004-07-06,35.69,9.8,89.99,62.58,2.13,7.9
2004-07-07,5.48,9.49,84.25,62.55,1.91,6.36
2004-07-08,8.7,9.46,86.25,62.57,1.96,6.73
2004-07-09,0.14,8.73,88.1,62.45,2.01,6.41
2004-07-10,0.18,7.05,79.28,62.33,1.99,2.99
2004-07-11,0.96,7.51,85.81,62.39,1.92,4.81
2004-07-12,8.0,7.68,86.53,62.48,1.95,5.18
2004-07-13,7.35,8.04,88.18,62.51,1.99,5.82
2004-07-14,14.5,8.32,88.18,62.42,1.97,6.06
2004-07-15,3.34,8.51,84.69,62.49,2.03,5.64
2004-07-16,1.93,8.66,83.4,62.6,1.94,5.5
2004-07-17,14.68,8.33,83.13,62.6,1.97,5.21
2004-07-18,4.35,7.25,82.18,62.42,1.99,3.81
2004-07-19,0.3,5.65,63.85,62.36,1.97,-1.94
2004-07-20,0.0,4.95,73.38,62.3,2.0,-0.09
2004-07-21,3.94,5.99,86.48,62.39,2.17,3.55
2004-07-22,5.23,5.83,83.36,62.58,2.0,2.78
2004-07-23,0.41,6.6,77.05,62.74,1.77,2.19
2004-07-24,9.52,8.08,80.71,62.73,1.81,4.55
2004-07-25,27.24,9.55,83.22,62.62,1.72,6.21
2004-07-26,40.59,9.98,87.66,62.53,1.84,7.65
2004-07-27,11.27,10.24,92.42,62.53,2.23,8.92
2004-07-28,6.0,9.9,90.96,62.57,2.16,8.31
2004-07-29,3.59,9.07,90.56,62.68,2.13,7.41
2004-07-30,5.74,9.07,90.58,62.72,2.41,7.37
2004-07-31,0.9,9.07,89.74,62.63,2.34,7.12
2004-08-01,15.41,8.7,90.89,62.51,2.18,6.96
2004-08-02,27.78,8.01,87.18,62.48,1.89,5.71
2004-08-03,10.7,8.72,91.01,62.54,1.89,7.07
2004-08-04,0.18,9.39,90.37,62.56,1.83,7.61
2004-08-05,1.58,10.56,85.22,62.6,1.81,7.83
2004-08-06,12.07,10.01,90.65,62.6,2.06,8.29
2004-08-07,24.79,9.45,91.2,62.65,2.24,7.8
2004-08-08,15.27,8.54,93.55,62.63,2.15,7.31
2004-08-09,2.51,8.97,90.03,62.56,1.97,7.03
2004-08-10,0.64,8.87,89.8,62.6,2.06,7.0
2004-08-11,16.57,9.21,89.4,62.58,2.02,7.27
2004-08-12,8.88,8.93,92.16,62.67,2.27,7.46
2004-08-13,2.38,8.81,91.55,62.68,1.95,7.23
2004-08-14,1.51,9.73,88.64,62.65,1.39,7.53
2004-08-15,2.46,10.2,86.42,62.61,0.96,7.37
2004-08-16,16.75,9.74,90.94,62.62,1.45,7.96
2004-08-17,11.62,8.59,90.5,62.75,1.52,6.76
2004-08-18,12.33,7.97,90.38,62.66,1.88,6.26
2004-08-19,2.77,8.6,89.8,62.48,2.02,6.76
2004-08-20,13.87,7.37,83.97,62.49,1.82,4.3
2004-08-21,5.78,7.63,79.94,62.65,1.71,3.9
2004-08-22,9.14,7.45,86.41,62.8,1.79,5.02
2004-08-23,11.25,7.76,84.83,62.81,1.67,5.07
2004-08-24,13.34,7.04,85.51,62.76,1.56,4.53
2004-08-25,4.1,7.69,86.13,62.68,1.61,5.25
2004-08-26,0.33,7.96,85.1,62.5,1.81,5.31
2004-08-27,0.73,7.16,80.74,62.45,1.69,3.41
2004-08-28,0.0,6.41,75.65,62.58,1.78,1.89
2004-08-29,0.72,6.28,66.55,62.62,1.71,-0.29
2004-08-30,4.44,6.27,73.2,62.63,1.69,1.26
2004-08-31,0.01,5.7,73.97,62.62,1.8,0.71
2004-09-01,0.0,5.62,71.91,62.63,1.71,0.11
2004-09-02,0.0,5.5,61.69,62.84,1.59,-2.19
2004-09-03,0.0,5.39,56.63,62.9,1.57,-3.3
2004-09-04,0.0,5.8,63.26,62.8,1.57,-1.59
2004-09-05,0.0,5.09,68.45,62.79,1.64,-1.07
2004-09-06,0.0,5.47,55.6,62.93,1.65,-3.41
2004-09-07,0.0,6.68,55.62,62.9,1.66,-2.38
2004-09-08,0.0,8.49,53.28,62.76,1.62,-1.24
2004-09-09,0.0,7.66,71.29,62.61,1.45,1.9
2004-09-10,5.51,7.08,85.36,62.63,1.46,4.24
2004-09-11,0.15,7.74,74.02,62.59,1.39,1.8
2004-09-12,3.42,8.18,57.59,62.79,1.42,-1.72
2004-09-13,1.66,8.07,63.12,62.99,1.49,-0.34
2004-09-14,4.38,7.54,82.98,62.89,1.57,4.11
2004-09-15,4.52,6.62,94.31,62.65,1.47,5.46
2004-09-16,2.8,6.24,92.75,62.76,1.98,4.88
2004-09-17,4.91,5.54,88.43,62.87,1.69,3.4
2004-09-18,0.42,5.03,73.66,62.83,1.59,0.16
2004-09-19,0.0,4.47,66.89,62.84,1.56,-1.89
2004-09-20,4.77,3.82,66.18,62.91,1.53,-2.71
2004-09-21,0.55,3.99,73.05,62.93,1.68,-1.09
2004-09-22,0.81,3.61,83.61,62.85,1.72,0.9
2004-09-23,0.02,3.84,72.98,62.9,1.56,-1.13
2004-09-24,0.0,3.19,70.46,62.87,1.52,-2.47
2004-09-25,0.0,4.33,56.09,62.98,1.53,-4.13
2004-09-26,0.0,5.29,61.75,63.11,1.46,-1.92
2004-09-27,0.0,6.54,63.08,63.03,1.42,-0.52
2004-09-28,0.22,5.68,75.27,62.87,1.57,1.21
2004-09-29,0.48,4.28,80.61,62.94,1.39,0.83
2004-09-30,0.15,5.43,66.67,63.08,1.27,-0.89
2004-10-01,0.01,5.32,69.21,63.11,1.3,-0.47
2004-10-02,4.34,4.58,79.93,63.03,1.93,1.0
2004-10-03,3.68,2.17,92.66,62.91,1.53,0.95
2004-10-04,0.03,3.19,87.27,62.8,1.5,0.89
2004-10-05,0.0,3.63,71.78,62.64,1.34,-2.08
2004-10-06,0.0,3.97,76.31,62.72,1.35,-0.54
2004-10-07,0.0,3.25,80.83,62.68,1.54,-0.49
2004-10-08,0.0,2.32,65.15,62.66,1.62,-4.5
2004-10-09,0.06,1.95,47.87,62.88,1.48,-8.34
2004-10-10,9.19,0.45,69.26,62.95,1.86,-5.23
2004-10-11,8.55,-1.48,88.14,62.8,2.35,-3.61
2004-10-12,9.04,-2.97,71.18,62.72,2.0,-8.09
2004-10-13,0.45,-3.09,75.11,62.77,1.71,-7.5
2004-10-14,2.3,-3.42,73.09,62.62,1.09,-8.13
2004-10-15,0.01,-1.9,64.76,62.67,1.33,-8.26
2004-10-16,0.0,-0.63,55.68,62.81,1.52,-8.7
2004-10-17,0.0,-0.79,51.61,62.9,1.4,-9.94
2004-10-18,0.0,-0.85,59.12,62.92,1.32,-8.31
2004-10-19,0.0,-1.92,66.4,62.88,1.4,-8.15
2004-10-20,0.0,-2.84,61.6,62.84,1.47,-9.92
2004-10-21,0.0,-3.39,63.51,62.87,1.48,-10.27
2004-10-22,0.0,-2.95,60.48,62.84,1.25,-10.77
2004-10-23,0.0,-1.11,52.08,62.79,1.38,-10.97
2004-10-24,0.0,-2.58,72.91,62.83,1.41,-7.6
2004-10-25,0.0,-2.83,70.94,62.89,1.42,-8.36
2004-10-26,0.0,-3.56,75.82,62.85,1.5,-7.88
2004-10-27,0.0,-4.44,74.93,62.69,1.4,-8.75
2004-10-28,0.1,-4.95,79.93,62.64,1.34,-8.75
2004-10-29,0.0,-5.24,81.14,62.6,1.15,-9.02
2004-10-30,0.0,-3.79,69.61,62.65,1.15,-9.62
2004-10-31,0.0,-2.99,56.77,62.68,1.31,-10.9
2004-11-01,0.0,-4.68,53.02,62.66,1.55,-13.56
2004-11-02,0.0,-5.71,58.65,62.61,1.59,-13.56
2004-11-03,0.0,-4.35,59.94,62.63,1.35,-12.04
2004-11-04,0.0,-1.35,43.34,62.74,1.28,-13.07
2004-11-05,0.0,-0.69,39.26,62.84,1.28,-13.66
2004-11-06,0.0,-2.46,40.07,62.83,1.19,-14.69
2004-11-07,0.0,-3.82,50.48,62.68,1.39,-13.57
2004-11-08,0.0,-3.49,43.35,62.66,1.44,-14.68
2004-11-09,0.0,-3.28,43.73,62.59,1.43,-14.6
2004-11-10,0.0,-2.9,41.58,62.63,1.3,-14.49
2004-11-11,0.0,-4.35,55.57,62.65,1.32,-12.43
2004-11-12,0.0,-4.8,54.9,62.76,1.39,-13.17
2004-11-13,0.0,-4.39,60.83,62.81,1.43,-11.31
2004-11-14,0.0,-3.79,44.94,62.78,1.43,-14.69
2004-11-15,0.0,-3.13,36.41,62.76,1.33,-16.23
2004-11-16,0.0,-1.58,32.38,62.75,1.05,-16.11
2004-11-17,0.0,-1.02,31.6,62.85,1.0,-15.42
2004-11-18,0.0,-3.91,64.09,62.69,1.56,-10.11
2004-11-19,0.0,-2.98,46.59,62.68,1.32,-13.72
2004-11-20,0.0,-1.81,39.07,62.8,1.31,-14.02
2004-11-21,0.0,-1.79,47.15,62.77,1.47,-11.71
2004-11-22,0.0,-2.79,58.88,62.71,1.38,-10.17
2004-11-23,0.0,-4.14,69.64,62.59,1.32,-9.58
2004-11-24,0.0,-4.01,65.79,62.58,1.33,-10.26
2004-11-25,0.0,-5.08,72.58,62.72,1.21,-10.34
2004-11-26,0.0,-5.46,70.35,62.69,1.17,-10.76
2004-11-27,0.0,-5.84,75.3,62.66,1.29,-10.21
2004-11-28,0.0,-5.1,51.45,62.71,1.15,-14.98
2004-11-29,0.0,-2.38,35.18,62.75,1.18,-15.53
2004-11-30,0.02,-5.34,78.59,62.52,1.78,-9.07
2004-12-01,3.82,-7.13,86.6,62.48,1.62,-9.79
2004-12-02,0.01,-8.39,51.23,62.74,1.45,-17.85
2004-12-03,0.0,-3.95,32.64,62.99,1.35,-17.73
2004-12-04,0.0,-3.67,41.24,62.92,1.48,-14.88
2004-12-05,0.0,-4.16,38.44,62.77,1.03,-16.62
2004-12-06,0.0,-2.99,25.19,62.85,1.17,-20.1
2004-12-07,0.0,-1.33,37.35,63.04,0.82,-13.93
2004-12-08,0.0,-2.48,32.93,62.99,1.2,-16.29
2004-12-09,0.0,-2.7,29.73,62.84,1.3,-18.18
2004-12-10,0.0,-2.02,27.71,62.9,1.4,-18.25
2004-12-11,0.0,-1.56,33.0,62.98,1.28,-15.63
2004-12-12,0.0,-2.1,31.37,63.04,1.24,-16.51
2004-12-13,0.0,-2.75,33.7,62.97,1.33,-16.72
2004-12-14,0.0,-3.68,40.55,62.65,1.24,-15.62
2004-12-15,0.0,-3.82,36.92,62.58,1.64,-16.6
2004-12-16,0.0,-3.5,36.89,62.77,1.67,-16.61
2004-12-17,0.0,-1.1,35.34,62.95,1.65,-14.48
2004-12-18,0.0,-0.57,23.38,62.86,1.26,-18.6
2004-12-19,0.37,-5.13,43.61,62.33,2.25,-16.48
2004-12-20,0.49,-8.84,85.86,62.0,1.91,-11.62
2004-12-21,0.0,-8.38,75.61,62.03,1.52,-12.78
2004-12-22,0.0,-8.67,59.53,62.13,1.65,-15.77
2004-12-23,0.0,-10.44,66.18,62.14,1.64,-16.04
2004-12-24,0.0,-11.33,54.03,62.25,1.49,-19.02
2004-12-25,0.0,-12.41,51.25,62.16,1.34,-20.78
2004-12-26,0.0,-11.46,32.77,61.97,1.82,-24.89
2004-12-27,0.0,-5.2,36.25,62.37,1.43,-18.52
2004-12-28,0.0,-2.96,68.87,62.71,1.26,-8.27
2004-12-29,0.0,-1.85,31.17,62.81,0.95,-16.57
2004-12-30,0.05,-4.11,70.54,62.78,0.53,-9.13
2004-12-31,1.34,-5.05,94.69,62.63,1.34,-6.23
2005-01-01,1.33,-5.56,91.74,62.56,3.61,-7.04
2005-01-02,0.19,-7.31,86.82,62.42,2.57,-9.93
2005-01-03,0.03,-11.33,89.7,62.22,2.57,-12.8
2005-01-04,0.0,-7.54,46.4,62.6,1.23,-17.22
2005-01-05,0.0,-6.52,52.42,62.58,1.67,-14.68
2005-01-06,0.0,-9.46,55.17,62.41,1.4,-17.17
2005-01-07,0.0,-7.78,30.44,62.44,1.24,-21.97
2005-01-08,0.0,-7.91,45.38,62.33,1.36,-17.85
2005-01-09,0.01,-10.25,69.08,62.07,1.42,-15.31
2005-01-10,0.0,-11.4,66.33,61.7,2.11,-17.49
2005-01-11,0.0,-9.5,51.66,62.0,1.44,-19.17
2005-01-12,0.0,-5.95,41.14,62.47,1.58,-16.93
2005-01-13,0.0,-6.2,54.88,62.46,1.35,-14.27
2005-01-14,0.0,-8.1,54.22,62.34,1.2,-16.75
2005-01-15,0.0,-7.47,44.63,62.27,1.5,-18.09
2005-01-16,0.41,-8.68,59.02,62.2,1.68,-16.03
2005-01-17,7.42,-10.26,84.83,61.86,1.97,-13.15
2005-01-18,0.45,-12.46,81.47,61.79,1.7,-15.52
2005-01-19,0.0,-14.41,58.57,61.96,1.57,-21.17
2005-01-20,0.0,-12.08,41.38,62.16,1.62,-22.55
2005-01-21,1.8,-9.37,70.12,62.34,1.61,-14.32
2005-01-22,11.91,-11.86,95.71,61.9,2.66,-13.17
2005-01-23,3.18,-12.24,77.84,61.71,1.06,-16.13
2005-01-24,0.01,-10.43,73.45,62.18,1.09,-14.87
2005-01-25,0.0,-10.89,74.64,62.19,0.98,-15.24
2005-01-26,0.0,-11.81,63.89,62.0,1.2,-17.93
2005-01-27,2.27,-13.66,82.21,61.9,2.02,-16.58
2005-01-28,9.57,-14.09,91.48,61.81,2.36,-15.77
2005-01-29,0.07,-14.54,83.31,61.96,1.23,-17.14
2005-01-30,0.0,-14.39,86.85,62.12,1.71,-16.54
2005-01-31,0.01,-12.82,83.5,62.23,1.26,-15.63
2005-02-01,0.0,-15.55,65.15,62.21,1.46,-20.88
2005-02-02,0.0,-12.97,51.4,62.17,1.38,-20.86
2005-02-03,0.0,-11.97,70.87,62.15,1.19,-16.8
2005-02-04,0.01,-12.77,92.94,62.02,1.29,-14.23
2005-02-05,0.27,-12.7,85.44,62.02,1.16,-15.24
2005-02-06,9.81,-10.94,92.14,61.99,1.57,-12.8
2005-02-07,8.64,-9.54,99.33,62.14,3.32,-10.14
2005-02-08,4.3,-9.53,88.21,62.39,2.4,-11.8
2005-02-09,1.96,-10.34,93.79,62.65,1.78,-11.86
2005-02-10,0.38,-9.55,87.12,62.77,1.25,-11.94
2005-02-11,0.73,-7.46,97.64,62.7,2.11,-8.41
2005-02-12,1.51,-9.38,90.99,62.57,1.92,-11.08
2005-02-13,0.0,-10.63,72.88,62.32,1.86,-14.92
2005-02-14,0.03,-8.71,80.32,62.07,1.49,-11.94
2005-02-15,12.63,-7.32,95.22,61.75,4.32,-8.54
2005-02-16,1.24,-11.09,94.49,61.68,2.69,-12.23
2005-02-17,1.76,-12.5,86.36,61.79,2.68,-14.78
2005-02-18,2.94,-11.98,97.11,61.94,3.05,-12.76
2005-02-19,1.98,-9.14,98.34,62.08,4.75,-9.76
2005-02-20,0.12,-10.87,95.45,62.22,3.0,-11.79
2005-02-21,0.87,-11.34,83.53,62.3,2.14,-14.13
2005-02-22,2.58,-11.63,81.59,62.19,1.58,-15.1
2005-02-23,0.0,-9.4,70.2,62.52,1.44,-14.67
2005-02-24,0.0,-7.16,91.31,62.48,1.61,-8.97
2005-02-25,0.0,-7.68,81.65,62.42,1.44,-11.16
2005-02-26,0.0,-6.13,54.17,62.45,1.38,-14.24
2005-02-27,0.0,-5.48,68.71,62.47,1.22,-11.22
2005-02-28,0.0,-6.13,89.59,62.52,1.41,-8.22
2005-03-01,0.05,-5.47,91.29,62.59,1.6,-7.24
2005-03-02,0.0,-3.67,81.74,62.77,1.25,-7.15
2005-03-03,0.03,-3.61,74.19,62.91,1.39,-8.43
2005-03-04,0.51,-5.36,72.43,62.89,1.2,-10.52
2005-03-05,2.42,-5.15,86.0,62.91,1.04,-7.69
2005-03-06,0.08,-5.2,77.15,62.84,1.41,-9.57
2005-03-07,0.0,-4.09,57.16,62.84,1.41,-11.57
2005-03-08,0.16,-4.89,73.03,62.88,1.44,-9.75
2005-03-09,8.42,-4.82,84.28,62.65,1.3,-7.76
2005-03-10,1.98,-5.26,90.38,62.4,1.72,-7.21
2005-03-11,3.53,-5.35,83.3,62.25,1.14,-8.71
2005-03-12,0.0,-3.95,50.79,62.55,2.03,-14.39
2005-03-13,0.0,-1.68,44.21,62.87,1.64,-13.65
2005-03-14,0.0,-0.83,59.27,62.76,1.61,-9.16
2005-03-15,0.0,-0.63,73.67,62.62,1.57,-5.69
2005-03-16,0.0,-0.87,74.45,62.78,1.95,-5.64
2005-03-17,0.17,-1.85,62.38,62.89,1.7,-8.86
2005-03-18,0.12,-2.53,67.44,62.8,1.8,-8.31
2005-03-19,2.24,-3.01,90.49,62.67,2.45,-4.87
2005-03-20,0.75,-3.32,65.19,62.62,1.84,-9.42
2005-03-21,16.62,-3.06,83.81,62.32,3.49,-5.77
2005-03-22,2.19,-6.23,82.29,62.15,2.34,-9.42
2005-03-23,0.0,-6.5,82.74,62.08,1.83,-9.87
2005-03-24,0.0,-6.78,79.74,62.17,1.6,-10.83
2005-03-25,0.12,-5.1,63.26,62.32,1.85,-12.36
2005-03-26,0.11,-3.65,63.42,62.36,1.87,-10.86
2005-03-27,0.05,-5.22,67.9,62.46,2.11,-11.46
2005-03-28,0.0,-6.08,64.13,62.4,1.76,-13.12
2005-03-29,0.0,-6.02,59.16,62.42,2.0,-13.87
2005-03-30,0.0,-6.79,71.4,62.37,2.2,-11.79
2005-03-31,0.0,-5.42,58.56,62.37,1.82,-13.72
2005-04-01,0.0,-3.89,56.45,62.52,1.85,-12.34
2005-04-02,0.0,-3.77,61.32,62.61,1.96,-11.04
2005-04-03,0.0,-3.33,63.86,62.67,1.76,-10.48
2005-04-04,0.0,-1.1,51.43,62.85,1.88,-11.22
2005-04-05,0.0,0.08,57.07,62.94,1.86,-8.38
2005-04-06,0.0,-1.81,64.24,62.76,2.1,-8.84
2005-04-07,0.0,-2.75,82.93,62.53,4.26,-5.85
2005-04-08,0.01,-3.58,72.94,62.44,4.84,-8.29
2005-04-09,0.03,-5.94,63.28,62.3,4.35,-12.28
2005-04-10,0.06,-7.43,65.98,62.25,2.84,-13.53
2005-04-11,0.02,-6.27,45.53,62.41,1.98,-17.33
2005-04-12,0.0,-1.7,36.43,62.68,1.98,-15.1
2005-04-13,0.0,-0.43,44.67,62.88,2.18,-11.45
2005-04-14,0.0,-0.77,57.02,62.92,2.16,-8.57
2005-04-15,0.0,-0.68,59.74,62.97,1.79,-8.09
2005-04-16,0.0,-0.99,60.64,62.89,1.87,-8.65
2005-04-17,0.0,-0.61,60.65,62.76,2.16,-8.15
2005-04-18,0.0,-0.62,63.36,62.74,0.91,-7.25
2005-04-19,0.0,1.42,43.59,62.93,1.5,-10.48
2005-04-20,0.0,1.74,49.9,63.12,1.83,-8.14
2005-04-21,0.0,2.23,52.33,62.99,1.88,-7.07
2005-04-22,0.0,2.14,62.15,62.99,1.64,-4.69
2005-04-23,0.0,1.73,68.09,63.0,1.95,-3.96
2005-04-24,0.18,1.86,76.79,62.87,2.32,-2.52
2005-04-25,2.15,1.77,84.41,62.81,2.54,-1.14
2005-04-26,0.07,0.62,73.42,62.68,1.91,-4.6
2005-04-27,0.2,0.5,58.59,62.53,2.31,-7.7
2005-04-28,0.03,-1.71,71.84,62.39,2.3,-6.64
2005-04-29,0.41,-0.13,75.15,62.36,1.92,-4.93
2005-04-30,2.52,-0.07,76.84,62.4,2.2,-4.24
2005-05-01,0.29,0.32,82.79,62.48,2.05,-2.89
2005-05-02,6.28,1.36,79.27,62.54,2.08,-2.46
2005-05-03,1.05,0.93,81.29,62.44,1.86,-2.24
2005-05-04,0.98,1.83,77.5,62.42,2.27,-2.08
2005-05-05,0.04,2.05,77.86,62.38,2.33,-2.13
2005-05-06,0.35,2.05,77.64,62.38,2.36,-2.02
2005-05-07,0.06,3.43,65.98,62.48,2.22,-3.33
2005-05-08,0.0,3.49,62.17,62.61,2.45,-4.13
2005-05-09,0.0,2.4,61.15,62.53,2.6,-5.95
2005-05-10,0.01,0.12,68.22,62.26,2.52,-5.77
2005-05-11,0.0,1.73,51.36,62.44,2.68,-7.65
2005-05-12,0.0,1.68,46.92,62.52,2.43,-9.07
2005-05-13,1.14,2.19,48.05,62.54,2.81,-8.49
2005-05-14,0.02,2.04,46.65,62.55,2.39,-8.68
2005-05-15,0.0,3.3,38.78,62.61,2.59,-10.38
2005-05-16,0.0,3.42,48.61,62.74,2.65,-7.46
2005-05-17,0.01,3.18,52.31,62.76,2.54,-6.46
2005-05-18,0.0,3.18,50.49,62.82,2.46,-6.67
2005-05-19,0.19,3.39,44.27,62.76,2.37,-8.69
2005-05-20,0.04,3.57,48.4,62.7,2.91,-6.66
2005-05-21,0.0,3.96,56.95,62.75,2.94,-4.19
2005-05-22,0.0,3.95,72.04,62.78,3.13,-1.23
2005-05-23,0.0,4.33,65.25,62.8,2.68,-2.33
2005-05-24,0.0,4.21,51.99,62.82,2.31,-6.03
2005-05-25,0.0,4.7,33.58,62.79,2.42,-11.41
2005-05-26,0.01,4.39,48.36,62.86,2.64,-5.99
2005-05-27,0.03,4.06,52.12,62.86,2.26,-5.64
2005-05-28,0.0,5.18,46.4,62.78,2.35,-6.56
2005-05-29,0.0,5.19,44.44,62.93,2.23,-6.43
2005-05-30,0.17,5.28,54.3,62.94,2.52,-3.87
2005-05-31,0.0,4.74,65.88,62.72,2.28,-2.16
2005-06-01,0.0,4.88,49.29,62.48,2.39,-6.56
2005-06-02,0.0,5.61,34.87,62.47,2.34,-9.62
2005-06-03,0.0,5.1,48.86,62.52,1.92,-5.28
2005-06-04,0.7,5.72,55.62,62.57,1.91,-3.17
2005-06-05,0.14,5.8,59.51,62.69,2.28,-2.22
2005-06-06,0.48,5.37,61.22,62.7,2.38,-2.11
2005-06-07,0.03,5.37,58.1,62.62,2.47,-3.5
2005-06-08,0.19,4.59,69.35,62.49,2.48,-1.11
2005-06-09,0.45,5.54,61.65,62.44,2.12,-2.4
2005-06-10,0.0,6.68,49.26,62.51,2.09,-4.18
2005-06-11,0.0,7.42,36.6,62.62,2.44,-7.84
2005-06-12,0.0,7.88,37.69,62.6,2.61,-7.08
2005-06-13,0.0,6.95,48.87,62.67,2.4,-4.35
2005-06-14,0.0,7.24,40.94,62.77,2.33,-6.63
2005-06-15,0.0,7.34,47.49,62.66,2.27,-4.48
2005-06-16,0.0,7.4,57.45,62.6,2.18,-1.54
2005-06-17,0.09,7.63,57.22,62.54,1.95,-1.25
2005-06-18,0.07,7.56,67.0,62.51,2.29,1.15
2005-06-19,0.0,8.48,64.97,62.6,2.2,1.34
2005-06-20,0.0,9.03,54.72,62.71,2.06,-0.87
2005-06-21,2.64,9.33,52.45,62.84,2.02,-0.94
2005-06-22,2.28,9.2,64.56,62.83,2.13,2.06
2005-06-23,0.39,9.68,59.42,62.67,1.75,1.15
2005-06-24,0.07,11.33,39.75,62.58,1.96,-5.53
2005-06-25,12.66,10.7,62.56,62.67,1.99,1.7
2005-06-26,5.07,11.17,82.31,62.58,2.17,7.53
2005-06-27,8.04,10.87,83.28,62.55,2.6,7.6
2005-06-28,2.34,10.02,84.61,62.47,2.48,7.06
2005-06-29,12.49,8.82,83.09,62.51,1.41,5.76
2005-06-30,8.17,9.38,81.36,62.44,1.27,6.02
2005-07-01,0.77,8.7,84.18,62.51,2.08,5.76
2005-07-02,0.92,9.3,81.22,62.5,2.52,5.47
2005-07-03,4.92,8.22,73.87,62.49,2.34,3.2
2005-07-04,13.73,7.67,87.24,62.38,1.75,5.3
2005-07-05,15.01,7.55,88.99,62.36,2.37,5.51
2005-07-06,9.38,7.79,88.5,62.53,2.35,5.68
2005-07-07,4.03,8.77,87.22,62.62,2.32,6.36
2005-07-08,0.71,9.8,82.38,62.71,2.11,6.42
2005-07-09,8.63,11.14,84.89,62.65,2.0,8.28
2005-07-10,9.3,11.45,86.44,62.63,1.61,8.71
2005-07-11,25.55,9.25,87.37,62.73,1.34,6.77
2005-07-12,12.38,9.06,92.09,62.69,1.64,7.66
2005-07-13,9.25,9.16,92.66,62.66,2.39,7.85
2005-07-14,9.91,9.33,90.2,62.76,2.43,7.52
2005-07-15,3.99,9.16,92.28,62.8,2.3,7.76
2005-07-16,2.24,8.92,91.95,62.73,2.68,7.44
2005-07-17,29.17,8.76,88.0,62.65,2.16,6.57
2005-07-18,20.68,8.9,88.65,62.63,1.56,6.73
2005-07-19,1.51,9.41,81.08,62.62,1.78,5.68
2005-07-20,2.64,9.69,89.99,62.57,2.24,7.86
2005-07-21,2.73,9.88,86.33,62.53,1.76,7.25
2005-07-22,29.8,10.11,89.95,62.51,1.97,8.22
2005-07-23,5.32,9.81,88.51,62.54,1.94,7.58
2005-07-24,8.74,10.04,88.8,62.53,1.95,7.95
2005-07-25,4.36,10.43,89.25,62.52,2.11,8.41
2005-07-26,4.22,9.74,90.65,62.53,1.96,7.98
2005-07-27,1.74,9.78,89.31,62.58,2.23,7.79
2005-07-28,1.1,10.01,90.94,62.55,1.91,8.34
2005-07-29,15.62,10.15,90.43,62.52,2.2,8.33
2005-07-30,3.69,10.02,93.5,62.49,2.11,8.8
2005-07-31,35.07,10.27,90.5,62.54,1.67,8.51
2005-08-01,3.96,10.41,84.44,62.56,1.46,7.54
2005-08-02,5.08,10.83,87.97,62.55,1.8,8.62
2005-08-03,4.84,10.19,88.99,62.65,1.75,8.2
2005-08-04,1.34,10.66,85.76,62.66,1.85,8.03
2005-08-05,18.43,10.2,89.62,62.49,2.09,8.19
2005-08-06,2.9,8.29,79.97,62.35,1.92,4.33
2005-08-07,0.72,7.03,79.27,62.26,1.83,3.15
2005-08-08,0.79,7.25,82.07,62.45,1.81,3.84
2005-08-09,0.0,7.12,79.45,62.53,1.93,3.3
2005-08-10,0.0,7.93,83.81,62.44,1.96,4.95
2005-08-11,0.03,9.12,83.41,62.4,1.96,6.05
2005-08-12,0.03,9.03,88.97,62.55,2.06,6.95
2005-08-13,0.13,9.53,85.44,62.63,1.81,6.8
2005-08-14,0.49,10.4,83.73,62.56,1.81,7.33
2005-08-15,15.42,10.21,91.9,62.58,2.14,8.69
2005-08-16,15.81,9.83,92.55,62.67,2.27,8.39
2005-08-17,6.53,9.1,89.09,62.62,2.2,7.13
2005-08-18,0.29,8.63,85.06,62.62,1.88,5.92
2005-08-19,21.59,7.77,80.03,62.58,1.85,4.02
2005-08-20,7.2,7.92,88.03,62.55,1.82,5.58
2005-08-21,0.96,7.5,82.19,62.58,1.75,3.94
2005-08-22,5.68,7.23,82.74,62.68,1.75,3.73
2005-08-23,7.8,7.29,82.23,62.73,1.96,4.05
2005-08-24,43.12,7.72,88.11,62.65,1.89,5.5
2005-08-25,0.04,7.12,86.93,62.66,1.79,4.51
2005-08-26,22.0,6.27,81.58,62.66,1.65,2.78
2005-08-27,2.02,6.15,88.2,62.7,2.01,3.95
2005-08-28,2.19,5.79,80.02,62.74,1.71,1.84
2005-08-29,0.0,5.48,69.55,62.73,1.57,-0.61
2005-08-30,0.0,6.45,65.48,62.63,1.74,-0.39
2005-08-31,0.0,7.3,63.37,62.66,1.62,-0.31
2005-09-01,0.0,7.74,75.12,62.83,1.61,2.77
2005-09-02,8.46,8.27,76.4,62.96,1.6,3.57
2005-09-03,1.33,7.45,78.71,62.93,1.66,3.12
2005-09-04,2.5,8.19,80.59,62.78,1.55,4.49
2005-09-05,8.65,9.22,80.98,62.75,1.44,5.1
2005-09-06,2.46,9.55,76.2,62.85,1.53,4.03
2005-09-07,0.35,9.76,83.75,62.96,1.42,6.31
2005-09-08,12.02,8.43,91.38,63.01,1.56,6.88
2005-09-09,3.82,7.22,77.24,62.98,1.61,3.21
2005-09-10,8.9,6.15,86.74,62.78,1.59,3.84
2005-09-11,1.61,6.31,87.7,62.7,1.66,4.08
2005-09-12,2.3,5.97,90.67,62.72,1.63,4.28
2005-09-13,7.15,5.85,89.1,62.84,1.44,3.97
2005-09-14,3.57,6.41,87.76,62.89,1.55,4.29
2005-09-15,2.16,6.96,88.31,62.81,1.59,4.82
2005-09-16,11.58,7.4,86.75,62.64,1.61,5.0
2005-09-17,30.83,6.52,89.91,62.65,1.09,4.79
2005-09-18,9.6,6.31,92.13,62.83,2.29,4.84
2005-09-19,0.02,6.58,79.53,62.96,1.47,2.92
2005-09-20,0.0,6.4,66.67,62.9,1.47,0.04
2005-09-21,4.35,6.95,71.6,62.97,1.45,1.58
2005-09-22,1.98,6.16,74.82,62.98,1.41,1.54
2005-09-23,15.65,5.78,79.48,62.84,1.48,2.14
2005-09-24,31.08,4.66,91.63,62.66,1.39,3.19
2005-09-25,10.28,5.95,95.73,62.51,2.6,5.18
2005-09-26,1.7,4.22,88.86,62.58,1.89,2.23
2005-09-27,5.56,3.3,73.96,62.75,1.6,-1.3
2005-09-28,0.11,3.2,71.84,62.82,1.57,-1.97
2005-09-29,0.31,2.78,64.08,62.77,1.59,-3.98
2005-09-30,4.56,2.61,64.95,62.82,1.49,-4.06
2005-10-01,0.0,3.05,67.77,62.87,1.4,-3.18
2005-10-02,0.0,4.35,71.0,62.89,1.46,-1.14
2005-10-03,0.0,3.79,70.44,62.8,1.48,-2.09
2005-10-04,0.0,2.96,70.58,62.88,1.56,-2.62
2005-10-05,0.0,2.26,62.69,62.95,1.62,-4.92
2005-10-06,0.0,2.94,56.25,62.95,1.57,-5.65
2005-10-07,0.0,3.36,63.14,62.9,1.36,-3.95
2005-10-08,0.0,3.17,74.45,62.91,1.33,-1.48
2005-10-09,1.23,1.64,72.24,62.9,1.54,-3.5
2005-10-10,0.02,1.79,74.13,62.85,1.3,-2.82
2005-10-11,0.18,0.84,77.27,62.93,1.33,-3.31
2005-10-12,0.0,-0.06,69.25,62.89,1.43,-5.37
2005-10-13,0.0,-0.61,70.16,62.85,1.49,-6.12
2005-10-14,0.0,-1.03,63.36,62.87,1.48,-8.09
2005-10-15,0.0,-0.25,49.97,62.9,1.49,-9.88
2005-10-16,0.0,0.08,46.94,62.91,1.6,-10.42
2005-10-17,0.0,-1.5,54.03,62.87,1.38,-10.25
2005-10-18,0.0,-2.16,69.94,62.85,1.34,-7.9
2005-10-19,0.93,-2.31,74.44,62.79,1.34,-7.07
2005-10-20,0.29,-2.07,70.58,62.73,1.48,-7.58
2005-10-21,0.01,-0.4,64.14,62.71,0.99,-6.87
2005-10-22,0.0,1.98,46.83,62.75,1.02,-8.57
2005-10-23,0.0,1.86,47.25,62.83,1.53,-8.8
2005-10-24,0.0,1.54,48.51,62.84,1.18,-9.01
2005-10-25,0.0,-0.38,55.04,62.83,1.46,-8.82
2005-10-26,0.0,-2.06,53.75,62.76,1.66,-10.76
2005-10-27,0.0,-1.56,47.85,62.81,1.51,-11.6
2005-10-28,0.0,-1.3,40.82,62.93,1.24,-13.32
2005-10-29,0.0,-1.86,38.94,62.68,1.48,-14.64
2005-10-30,0.0,-2.07,52.06,62.5,1.53,-11.38
2005-10-31,0.01,-3.64,65.69,62.43,1.32,-10.02
2005-11-01,0.01,-4.38,66.9,62.47,1.52,-10.24
2005-11-02,0.0,-4.84,61.63,62.61,1.42,-11.7
2005-11-03,0.03,-5.47,68.26,62.61,1.24,-11.03
2005-11-04,0.0,-5.0,71.08,62.58,1.31,-10.27
2005-11-05,0.0,-5.13,62.08,62.67,1.39,-12.28
2005-11-06,0.0,-4.17,40.39,62.71,1.24,-15.72
2005-11-07,0.0,-3.8,39.7,62.65,1.2,-15.86
2005-11-08,0.0,-4.29,50.66,62.66,1.41,-13.6
2005-11-09,0.0,-4.14,50.94,62.7,1.36,-13.56
2005-11-10,0.0,-2.2,40.58,62.75,1.33,-13.99
2005-11-11,0.0,-2.51,45.25,62.72,1.25,-12.92
2005-11-12,0.0,-2.97,46.31,62.75,1.17,-13.31
2005-11-13,0.0,-2.6,36.44,62.72,1.46,-15.71
2005-11-14,0.0,-2.69,40.68,62.71,1.2,-14.78
2005-11-15,0.0,-2.15,47.0,62.63,1.49,-11.92
2005-11-16,0.0,-4.84,34.67,62.51,1.53,-18.16
2005-11-17,0.0,-3.86,30.75,62.54,1.46,-18.86
2005-11-18,0.0,-2.15,27.57,62.61,1.23,-18.55
2005-11-19,0.0,-2.2,35.29,62.81,1.16,-15.62
2005-11-20,0.0,-2.93,46.5,62.86,1.3,-13.07
2005-11-21,0.0,-2.82,45.03,62.87,1.29,-13.37
2005-11-22,0.0,-4.64,52.79,62.69,1.24,-13.23
2005-11-23,0.0,-5.99,50.27,62.6,1.11,-15.3
2005-11-24,0.0,-5.27,36.38,62.62,1.04,-18.05
2005-11-25,0.0,-5.19,36.48,62.6,0.98,-18.52
2005-11-26,0.0,-5.74,44.12,62.55,1.4,-16.33
2005-11-27,0.0,-7.65,50.56,62.53,1.34,-16.83
2005-11-28,0.03,-8.28,72.78,62.59,1.39,-12.93
2005-11-29,0.06,-7.34,57.36,62.54,1.37,-14.93
2005-11-30,0.0,-7.44,58.26,62.3,1.61,-14.63
2005-12-01,0.0,-8.4,67.8,62.31,1.77,-13.86
2005-12-02,0.0,-7.02,52.27,62.6,1.26,-15.91
2005-12-03,0.0,-6.24,36.49,62.55,1.73,-19.42
2005-12-04,0.0,-8.33,51.02,62.33,1.52,-17.28
2005-12-05,0.0,-6.29,44.31,62.46,1.45,-17.36
2005-12-06,0.0,-4.13,33.45,62.58,1.06,-18.48
2005-12-07,0.0,-6.41,41.82,62.51,1.2,-17.36
2005-12-08,0.0,-6.75,38.01,62.43,1.03,-18.67
2005-12-09,0.0,-8.73,45.49,62.31,1.29,-18.65
2005-12-10,0.0,-10.46,57.19,62.33,1.24,-17.51
2005-12-11,0.0,-9.94,49.12,62.4,1.52,-20.07
2005-12-12,0.0,-7.94,36.28,62.5,1.29,-20.88
2005-12-13,0.0,-7.21,34.38,62.56,1.16,-20.2
2005-12-14,0.0,-6.13,25.46,62.57,0.9,-22.94
2005-12-15,0.0,-5.9,32.14,62.64,1.03,-20.25
2005-12-16,0.0,-6.62,37.6,62.76,1.11,-18.75
2005-12-17,0.0,-7.05,38.96,62.64,1.08,-18.68
2005-12-18,0.0,-7.74,40.18,62.52,1.23,-19.1
2005-12-19,0.0,-6.92,35.65,62.37,1.29,-19.57
2005-12-20,0.0,-7.78,44.22,62.35,1.61,-18.14
2005-12-21,0.0,-9.84,70.29,62.34,1.92,-14.86
2005-12-22,0.14,-10.27,88.07,62.25,1.49,-12.77
2005-12-23,0.31,-10.53,82.56,62.02,0.88,-13.7
2005-12-24,0.01,-9.57,62.24,62.12,1.13,-16.42
2005-12-25,0.0,-7.2,32.2,62.41,1.19,-21.32
2005-12-26,0.0,-4.17,36.55,62.56,1.07,-16.75
2005-12-27,0.0,-4.84,62.38,62.62,1.15,-11.08
2005-12-28,0.0,-6.86,68.55,62.46,1.61,-12.07
2005-12-29,0.0,-7.66,43.7,62.45,1.3,-18.34
2005-12-30,0.0,-8.89,37.79,62.5,1.5,-20.87
2005-12-31,0.0,-9.21,42.17,62.55,1.39,-19.79
2006-01-01,0.0,-9.51,50.64,62.63,1.92,-17.72
2006-01-02,6.63,-9.73,90.13,62.34,3.98,-11.59
2006-01-03,3.44,-10.08,91.69,62.2,4.35,-11.66
2006-01-04,0.0,-11.15,61.42,62.39,2.06,-17.18
2006-01-05,0.0,-11.48,69.29,62.44,1.96,-16.34
2006-01-06,0.0,-11.47,58.73,62.47,1.78,-18.28
2006-01-07,0.0,-10.17,46.15,62.49,1.32,-19.5
2006-01-08,0.0,-9.3,34.42,62.53,1.31,-22.06
2006-01-09,0.0,-7.24,40.52,62.59,1.15,-18.9
2006-01-10,0.0,-7.07,73.53,62.65,0.9,-11.33
2006-01-11,0.0,-8.21,55.61,62.47,1.2,-16.14
2006-01-12,0.0,-9.62,50.3,62.34,1.28,-18.16
2006-01-13,0.0,-8.65,44.89,62.25,1.5,-18.61
2006-01-14,0.0,-7.83,58.61,62.28,1.51,-14.94
2006-01-15,0.49,-7.13,94.72,62.4,1.6,-8.23
2006-01-16,0.83,-7.39,97.07,62.38,3.18,-8.25
2006-01-17,1.32,-8.73,99.61,62.21,4.65,-9.14
2006-01-18,0.03,-8.14,76.43,62.29,2.82,-12.05
2006-01-19,0.0,-8.61,51.32,62.32,2.82,-16.81
2006-01-20,0.0,-10.27,50.0,62.31,2.01,-18.95
2006-01-21,0.0,-11.88,41.69,62.15,1.69,-22.03
2006-01-22,0.0,-10.75,50.37,62.08,1.66,-18.92
2006-01-23,0.0,-12.87,51.65,61.9,1.84,-20.85
2006-01-24,0.0,-12.16,49.82,62.08,1.32,-21.06
2006-01-25,0.0,-8.3,37.96,62.37,1.21,-20.52
2006-01-26,0.0,-8.96,52.79,62.53,1.37,-17.37
2006-01-27,0.0,-5.28,45.7,62.62,1.43,-15.13
2006-01-28,0.0,-5.53,80.27,62.65,1.26,-8.79
2006-01-29,0.0,-3.96,54.2,62.77,1.14,-12.48
2006-01-30,0.0,-2.78,48.41,62.97,1.16,-12.53
2006-01-31,0.0,-2.27,38.36,63.1,1.1,-14.53
2006-02-01,0.0,-3.89,58.69,63.05,0.96,-10.92
2006-02-02,0.0,-3.68,49.91,62.92,1.3,-12.75
2006-02-03,0.0,-5.24,54.98,62.74,1.37,-13.31
2006-02-04,0.0,-4.7,39.19,62.85,1.78,-17.03
2006-02-05,0.0,-1.91,34.71,62.95,1.51,-15.78
2006-02-06,0.0,-1.26,31.41,62.87,1.51,-16.12
2006-02-07,0.0,-2.3,41.02,62.74,1.27,-14.34
2006-02-08,0.21,-5.19,70.51,62.72,1.28,-10.06
2006-02-09,0.0,-5.3,55.67,62.72,1.4,-13.57
2006-02-10,0.0,-2.19,32.42,62.73,1.24,-16.81
2006-02-11,0.0,-0.88,42.98,62.74,1.54,-12.57
2006-02-12,0.0,-2.49,65.13,62.75,1.76,-8.89
2006-02-13,0.0,-2.65,66.13,62.72,1.97,-8.56
2006-02-14,0.0,-4.26,74.1,62.47,1.66,-8.72
2006-02-15,0.0,-5.68,92.2,62.19,2.76,-6.95
2006-02-16,0.0,-5.38,66.94,62.2,1.7,-11.59
2006-02-17,0.0,-2.25,43.54,62.48,1.68,-13.27
2006-02-18,0.0,-0.14,48.03,62.88,1.65,-10.17
2006-02-19,0.0,-0.36,45.31,62.88,1.33,-11.17
2006-02-20,0.0,-2.26,56.21,62.81,1.59,-10.32
2006-02-21,0.0,-3.83,53.23,62.67,1.53,-13.14
2006-02-22,0.0,-1.95,37.83,62.65,1.43,-14.83
2006-02-23,0.0,-2.3,69.64,62.72,1.82,-8.0
2006-02-24,0.0,-2.04,47.5,62.63,1.91,-12.33
2006-02-25,0.06,-2.6,51.31,62.63,1.93,-11.88
2006-02-26,1.35,-4.71,88.76,62.54,3.07,-6.88
2006-02-27,0.01,-5.0,59.93,62.4,1.66,-13.03
2006-02-28,0.0,-5.66,45.29,62.31,1.86,-16.57
2006-03-01,0.0,-4.03,42.24,62.43,1.71,-15.97
2006-03-02,0.0,-4.65,48.25,62.5,1.77,-14.8
2006-03-03,0.0,-4.55,43.14,62.59,1.84,-16.37
2006-03-04,0.0,-5.29,43.92,62.49,1.96,-16.18
2006-03-05,0.0,-5.69,53.5,62.44,1.89,-14.27
2006-03-06,0.71,-6.18,68.58,62.56,1.78,-12.03
2006-03-07,0.03,-5.25,81.08,62.64,1.7,-8.85
2006-03-08,0.0,-4.32,63.65,62.79,1.88,-11.35
2006-03-09,0.54,-4.35,79.01,62.91,1.2,-7.97
2006-03-10,31.51,-3.89,89.61,62.56,1.6,-5.8
2006-03-11,26.81,-4.39,93.61,62.17,1.67,-5.74
2006-03-12,0.41,-5.6,75.03,62.1,1.13,-10.74
2006-03-13,7.82,-6.2,71.56,62.27,1.55,-11.79
2006-03-14,3.15,-6.05,92.08,62.34,1.69,-7.78
2006-03-15,1.5,-6.54,90.25,62.26,2.67,-8.52
2006-03-16,0.0,-9.18,76.65,62.26,1.48,-13.5
2006-03-17,0.0,-9.08,66.3,62.25,1.6,-15.93
2006-03-18,0.0,-7.03,57.13,62.42,1.59,-15.63
2006-03-19,0.0,-4.55,56.72,62.54,1.55,-12.73
2006-03-20,0.0,-5.0,84.39,62.52,1.95,-7.68
2006-03-21,0.0,-4.97,79.07,62.37,1.5,-9.01
2006-03-22,0.0,-5.93,61.92,62.22,1.83,-13.68
2006-03-23,0.0,-4.93,57.98,62.35,1.68,-13.16
2006-03-24,0.78,-3.95,65.22,62.51,1.84,-10.28
2006-03-25,3.11,-5.23,87.92,62.5,1.78,-7.49
2006-03-26,3.53,-6.34,90.79,62.35,2.08,-8.39
2006-03-27,0.0,-6.73,77.41,62.35,2.14,-11.09
2006-03-28,0.0,-7.42,77.24,62.3,1.37,-11.67
2006-03-29,0.0,-4.53,61.29,62.51,1.57,-12.12
2006-03-30,0.0,-1.81,59.97,62.73,1.49,-9.96
2006-03-31,0.0,-1.36,69.44,62.76,1.61,-6.76
2006-04-01,0.0,-2.26,76.22,62.62,2.14,-6.64
2006-04-02,0.14,-3.28,81.84,62.55,1.89,-6.66
2006-04-03,0.0,-3.36,70.07,62.52,1.82,-9.18
2006-04-04,0.0,-2.42,57.08,62.45,1.88,-10.72
2006-04-05,0.0,-2.15,56.09,62.5,2.0,-11.0
2006-04-06,0.0,-2.05,57.31,62.58,1.9,-10.39
2006-04-07,0.0,-1.75,58.58,62.61,1.96,-10.12
2006-04-08,0.0,-0.4,56.24,62.66,1.72,-8.87
2006-04-09,0.56,-1.58,85.79,62.64,2.48,-3.94
2006-04-10,1.09,-2.0,86.29,62.44,4.55,-4.26
2006-04-11,0.0,-2.44,64.52,62.43,2.59,-9.36
2006-04-12,0.0,-3.65,53.38,62.35,2.29,-12.56
2006-04-13,0.0,-3.85,41.53,62.42,1.98,-15.73
2006-04-14,0.0,-2.9,38.18,62.63,1.76,-15.17
2006-04-15,0.0,-1.62,51.04,62.68,1.87,-10.8
2006-04-16,0.17,-2.09,68.46,62.55,2.85,-7.85
2006-04-17,4.98,-2.35,75.67,62.53,2.61,-6.6
2006-04-18,2.74,-3.42,85.73,62.32,1.88,-6.17
2006-04-19,0.63,-3.18,82.86,62.46,2.08,-6.43
2006-04-20,0.0,-1.77,72.19,62.66,1.73,-7.09
2006-04-21,0.0,-0.62,66.01,62.62,2.0,-7.31
2006-04-22,0.0,0.81,70.86,62.57,1.97,-4.47
2006-04-23,0.01,1.1,65.17,62.62,2.17,-5.35
2006-04-24,0.0,1.13,59.83,62.62,1.64,-6.64
2006-04-25,0.0,1.68,66.95,62.65,1.83,-4.3
2006-04-26,0.0,2.76,60.52,62.72,1.55,-5.43
2006-04-27,0.0,4.41,46.63,62.85,1.39,-7.28
2006-04-28,0.0,3.71,51.23,62.92,1.57,-6.82
2006-04-29,0.0,4.53,55.13,62.85,1.77,-4.65
2006-04-30,0.0,4.63,59.68,62.91,2.13,-3.22
2006-05-01,0.0,3.86,53.06,62.87,1.93,-6.02
2006-05-02,0.0,3.08,62.29,62.92,2.29,-4.45
2006-05-03,0.0,1.28,69.2,62.84,1.88,-4.56
2006-05-04,0.01,4.06,56.65,62.81,1.65,-4.77
2006-05-05,0.0,5.29,50.71,63.0,2.14,-5.23
2006-05-06,0.0,5.86,53.86,62.9,1.98,-3.64
2006-05-07,3.94,5.45,59.76,62.89,2.34,-2.55
2006-05-08,8.96,5.58,63.86,62.93,2.27,-1.79
2006-05-09,0.45,5.1,71.36,62.84,2.11,-0.73
2006-05-10,2.85,4.69,70.73,62.65,2.26,-1.07
2006-05-11,1.69,4.79,67.38,62.71,1.89,-1.42
2006-05-12,0.42,4.84,53.19,62.8,1.76,-4.87
2006-05-13,0.01,5.57,37.4,62.86,2.09,-9.57
2006-05-14,0.4,6.63,53.19,62.97,1.99,-3.4
2006-05-15,0.06,6.09,67.73,62.89,1.79,-0.83
2006-05-16,13.67,6.18,74.98,62.93,1.58,0.88
2006-05-17,0.45,5.87,77.92,62.96,1.77,1.84
2006-05-18,0.02,4.72,80.22,62.77,2.44,1.16
2006-05-19,3.01,4.96,83.18,62.6,2.24,1.89
2006-05-20,1.05,5.15,81.49,62.51,1.78,1.68
2006-05-21,29.48,5.36,84.6,62.52,2.18,2.63
2006-05-22,12.47,5.58,84.2,62.58,1.95,2.69
2006-05-23,0.02,6.62,74.84,62.56,1.84,1.84
2006-05-24,0.02,6.97,77.01,62.54,1.69,2.41
2006-05-25,2.95,7.09,79.41,62.65,2.0,3.11
2006-05-26,1.87,6.99,79.34,62.77,1.94,2.96
2006-05-27,16.39,7.4,78.9,62.75,1.64,3.17
2006-05-28,1.61,6.22,77.93,62.6,1.97,2.05
2006-05-29,0.01,5.85,68.03,62.42,2.02,-0.2
2006-05-30,0.0,6.02,73.96,62.42,1.89,1.09
2006-05-31,0.05,6.49,76.04,62.64,2.18,1.84
2006-06-01,0.0,6.18,71.13,62.73,1.96,0.36
2006-06-02,2.15,5.86,67.53,62.63,1.7,-0.81
2006-06-03,4.87,5.92,84.4,62.38,2.38,3.23
2006-06-04,0.23,6.87,81.09,62.47,2.61,3.26
2006-06-05,0.0,5.96,65.17,62.55,2.32,-1.85
2006-06-06,0.0,5.75,72.24,62.56,2.34,0.26
2006-06-07,0.0,6.09,66.32,62.66,2.02,-0.68
2006-06-08,0.0,6.77,55.04,62.71,1.99,-3.1
2006-06-09,0.0,6.86,55.62,62.64,1.93,-2.22
2006-06-10,0.0,6.39,54.97,62.64,2.08,-3.02
2006-06-11,0.0,5.99,50.61,62.64,2.04,-4.29
2006-06-12,0.05,5.46,53.88,62.58,2.47,-3.61
2006-06-13,0.07,4.38,61.29,62.57,2.12,-3.32
2006-06-14,0.01,4.18,68.84,62.63,2.02,-1.66
2006-06-15,0.04,5.08,76.7,62.66,2.36,0.65
2006-06-16,2.15,4.73,75.56,62.67,2.32,-0.05
2006-06-17,0.89,2.99,80.84,62.71,2.73,-0.46
2006-06-18,0.0,3.38,60.6,62.67,2.13,-5.32
2006-06-19,1.05,4.18,62.29,62.66,2.06,-3.33
2006-06-20,2.16,4.64,68.08,62.65,1.87,-1.58
2006-06-21,0.01,6.89,69.64,62.7,1.56,0.73
2006-06-22,3.63,8.0,79.34,62.7,1.83,3.81
2006-06-23,4.08,8.6,82.07,62.8,2.12,5.04
2006-06-24,3.92,9.49,76.81,62.86,2.0,4.77
2006-06-25,4.41,10.15,84.29,62.79,2.22,7.18
2006-06-26,2.74,10.14,84.52,62.67,2.31,7.3
2006-06-27,3.13,7.58,90.94,62.6,1.67,5.98
2006-06-28,11.18,8.73,78.99,62.6,2.2,4.64
2006-06-29,20.28,8.82,83.87,62.53,2.06,5.74
2006-06-30,12.46,8.32,83.86,62.5,2.11,5.3
2006-07-01,0.53,9.92,82.81,62.49,2.23,6.61
2006-07-02,0.0,10.39,81.38,62.53,1.99,6.61
2006-07-03,0.03,10.44,77.43,62.65,2.09,5.87
2006-07-04,5.95,10.3,87.67,62.64,2.23,8.13
2006-07-05,4.99,10.72,78.59,62.69,1.98,6.29
2006-07-06,0.31,12.07,79.87,62.62,1.55,7.78
2006-07-07,0.0,12.47,78.67,62.48,2.0,7.93
2006-07-08,4.46,12.88,83.07,62.48,1.95,9.35
2006-07-09,32.82,10.27,93.37,62.48,1.71,8.93
2006-07-10,16.72,9.63,87.57,62.4,1.53,7.35
2006-07-11,4.82,9.28,94.11,62.36,2.02,8.09
2006-07-12,5.03,9.04,88.5,62.4,1.87,6.93
2006-07-13,9.01,9.01,89.42,62.42,2.38,7.02
2006-07-14,0.5,8.9,88.5,62.43,2.59,6.7
2006-07-15,0.0,8.85,81.96,62.5,2.23,5.42
2006-07-16,9.02,8.95,87.5,62.55,2.21,6.66
2006-07-17,4.57,9.94,89.36,62.52,2.08,8.0
2006-07-18,10.51,9.72,91.78,62.55,2.11,8.2
2006-07-19,33.79,10.07,90.06,62.6,2.15,8.18
2006-07-20,8.28,9.32,92.15,62.68,2.33,7.87
2006-07-21,4.12,10.17,89.99,62.72,2.07,8.36
2006-07-22,11.31,9.77,90.71,62.74,1.59,8.05
2006-07-23,3.12,10.57,87.45,62.72,1.78,8.21
2006-07-24,0.82,9.86,92.46,62.75,1.25,8.4
2006-07-25,34.62,10.26,92.03,62.68,2.02,8.74
2006-07-26,26.13,9.25,90.44,62.68,1.95,7.49
2006-07-27,12.02,8.33,90.82,62.5,1.8,6.68
2006-07-28,9.57,8.31,88.19,62.32,1.72,6.2
2006-07-29,2.42,7.91,85.91,62.55,1.78,5.46
2006-07-30,8.88,9.66,80.91,62.71,1.98,6.23
2006-07-31,2.46,9.51,85.84,62.75,1.72,6.82
2006-08-01,25.46,9.82,88.91,62.7,1.75,7.72
2006-08-02,33.43,9.0,92.28,62.68,1.54,7.59
2006-08-03,4.45,8.86,88.5,62.65,1.7,6.76
2006-08-04,17.01,8.68,92.88,62.67,1.89,7.41
2006-08-05,14.3,7.69,90.55,62.78,1.66,5.99
2006-08-06,15.61,8.46,90.94,62.75,2.3,6.81
2006-08-07,3.17,8.45,92.46,62.64,2.27,7.09
2006-08-08,1.56,8.83,91.5,62.53,2.19,7.32
2006-08-09,2.97,8.67,90.59,62.54,1.91,6.91
2006-08-10,10.09,8.29,91.85,62.58,1.79,6.88
2006-08-11,2.73,9.15,81.86,62.71,1.52,5.84
2006-08-12,0.2,8.76,86.37,62.72,1.46,6.35
2006-08-13,6.14,8.68,84.79,62.7,1.57,5.99
2006-08-14,0.42,9.06,81.32,62.6,1.6,5.62
2006-08-15,0.0,8.58,88.22,62.58,1.78,6.44
2006-08-16,0.32,8.51,86.7,62.64,1.84,6.14
2006-08-17,0.16,8.69,84.14,62.71,1.92,5.88
2006-08-18,0.01,9.05,84.15,62.78,1.51,6.2
2006-08-19,13.82,8.71,91.55,62.8,1.07,7.23
2006-08-20,4.09,9.06,87.25,62.75,1.79,6.86
2006-08-21,0.19,9.06,90.87,62.73,1.87,7.41
2006-08-22,7.02,9.05,85.65,62.72,1.73,6.43
2006-08-23,5.54,9.47,88.96,62.72,1.71,7.46
2006-08-24,15.09,10.21,91.03,62.7,1.81,8.56
2006-08-25,2.31,9.75,90.74,62.72,1.84,8.08
2006-08-26,4.65,9.47,87.89,62.55,1.84,7.16
2006-08-27,6.24,8.19,83.51,62.46,2.4,5.17
2006-08-28,1.1,6.59,79.73,62.51,1.75,2.82
2006-08-29,0.41,5.9,73.83,62.71,1.86,0.94
2006-08-30,1.69,5.93,78.38,62.84,1.72,1.95
2006-08-31,1.05,6.75,86.81,62.73,1.49,4.4
2006-09-01,3.02,6.97,89.23,62.57,2.28,4.9
2006-09-02,10.86,5.0,86.26,62.65,2.31,2.61
2006-09-03,1.23,6.47,83.17,62.85,1.85,3.4
2006-09-04,0.0,6.88,74.52,62.89,1.69,1.98
2006-09-05,1.13,7.73,78.96,62.9,1.48,3.84
2006-09-06,4.17,8.3,78.52,62.92,1.35,4.22
2006-09-07,6.11,8.41,87.32,62.88,1.51,6.03
2006-09-08,12.23,9.25,87.47,62.85,1.56,6.76
2006-09-09,3.09,9.07,84.81,62.87,1.62,6.11
2006-09-10,0.79,8.86,89.75,62.84,1.6,6.86
2006-09-11,0.27,7.24,82.82,62.63,1.74,4.07
2006-09-12,2.32,6.89,87.78,62.64,1.61,4.47
2006-09-13,0.33,5.94,85.85,62.75,1.71,3.25
2006-09-14,0.08,5.79,86.69,62.79,1.89,3.44
2006-09-15,5.5,5.29,83.57,62.83,1.64,2.21
2006-09-16,1.99,5.79,79.04,62.9,1.49,1.7
2006-09-17,0.09,7.43,80.41,62.81,1.41,3.63
2006-09-18,0.42,7.84,88.39,62.79,1.6,5.65
2006-09-19,0.02,6.81,85.94,62.79,1.73,4.19
2006-09-20,0.48,5.53,82.76,62.87,1.73,2.35
2006-09-21,17.46,5.21,83.19,62.71,1.66,2.13
2006-09-22,0.76,3.4,71.88,62.61,1.59,-1.84
2006-09-23,0.01,3.34,70.94,62.69,1.4,-2.36
2006-09-24,0.0,3.47,70.67,62.77,1.5,-2.4
2006-09-25,0.0,2.77,57.56,62.83,1.62,-5.76
2006-09-26,0.0,2.72,59.3,62.78,1.7,-5.37
2006-09-27,0.0,2.1,53.94,62.69,1.71,-6.9
2006-09-28,0.0,2.83,58.9,62.87,1.5,-5.02
2006-09-29,0.0,2.9,60.25,62.96,1.52,-4.89
2006-09-30,0.0,2.91,59.29,63.02,1.47,-4.98
2006-10-01,0.0,3.08,60.04,63.0,1.54,-4.59
2006-10-02,0.0,3.21,61.96,62.89,1.52,-4.21
2006-10-03,0.0,2.81,71.93,62.84,1.57,-2.66
2006-10-04,0.0,2.53,71.71,62.67,1.51,-2.7
2006-10-05,0.0,4.01,61.2,62.61,1.35,-3.64
2006-10-06,0.0,3.14,59.56,62.65,1.71,-4.88
2006-10-07,0.0,3.49,55.45,62.72,1.33,-5.65
2006-10-08,0.0,3.75,56.05,62.86,1.44,-5.66
2006-10-09,0.0,2.88,61.55,62.89,1.61,-4.93
2006-10-10,0.0,2.85,64.88,62.95,1.62,-3.96
2006-10-11,0.0,1.54,62.98,62.97,1.59,-5.68
2006-10-12,0.0,2.01,70.14,62.96,1.67,-3.71
2006-10-13,0.23,1.13,68.59,63.1,1.53,-4.83
2006-10-14,0.05,0.06,69.95,63.07,1.58,-5.41
2006-10-15,0.0,0.76,62.33,62.98,1.47,-6.24
2006-10-16,0.0,0.74,65.12,62.97,1.4,-5.89
2006-10-17,0.0,1.16,68.14,62.97,1.35,-5.01
2006-10-18,0.41,0.53,72.95,62.91,1.43,-4.41
2006-10-19,0.66,-1.33,83.28,62.8,1.43,-4.41
2006-10-20,7.4,-2.01,84.98,62.85,1.63,-4.66
2006-10-21,1.21,-2.35,84.73,62.77,1.34,-5.11
2006-10-22,1.19,-2.82,92.49,62.72,1.26,-4.41
2006-10-23,0.01,-1.25,75.41,62.76,1.05,-6.0
2006-10-24,0.0,0.19,60.16,62.96,1.35,-7.27
2006-10-25,0.0,-0.94,72.35,63.05,1.37,-6.05
2006-10-26,0.0,-1.83,71.37,63.04,1.45,-7.35
2006-10-27,0.0,-2.57,69.24,63.0,1.44,-8.05
2006-10-28,0.0,-2.48,66.17,62.91,1.41,-8.7
2006-10-29,0.0,-1.58,62.2,62.88,1.3,-8.68
2006-10-30,0.0,-0.23,55.22,62.84,1.21,-8.88
2006-10-31,0.0,-0.01,70.91,62.88,1.15,-5.28
2006-11-01,0.0,-0.4,78.78,62.86,1.08,-4.19
2006-11-02,0.0,-1.11,79.02,62.87,1.1,-4.69
2006-11-03,0.0,-1.02,76.25,62.85,1.07,-5.12
2006-11-04,0.0,-0.41,71.09,62.84,1.21,-5.79
2006-11-05,0.0,0.5,58.2,62.83,1.23,-7.53
2006-11-06,0.0,-0.01,61.97,62.77,1.23,-7.18
2006-11-07,0.0,-2.23,75.23,62.72,1.24,-7.03
2006-11-08,0.0,-2.01,73.27,62.83,1.04,-6.87
2006-11-09,0.0,-1.35,72.3,62.93,0.98,-6.72
2006-11-10,0.0,-1.06,69.2,63.0,1.3,-6.9
2006-11-11,0.0,-0.72,63.58,63.0,1.32,-7.4
2006-11-12,0.0,-1.73,55.96,62.91,1.31,-9.77
2006-11-13,0.0,-2.3,55.41,62.78,1.45,-10.79
2006-11-14,0.0,-3.56,54.2,62.73,1.28,-12.19
2006-11-15,0.0,-3.0,62.64,62.8,1.28,-9.66
2006-11-16,0.0,-3.27,64.75,62.72,1.24,-9.45
2006-11-17,0.03,-4.07,67.4,62.63,1.46,-10.22
2006-11-18,0.16,-3.72,84.01,62.64,1.48,-6.51
2006-11-19,0.0,-4.08,61.27,62.52,1.5,-10.97
2006-11-20,0.0,-3.31,39.93,62.46,1.51,-15.22
2006-11-21,0.69,-2.8,42.67,62.48,1.53,-13.95
2006-11-22,2.18,-5.19,81.25,62.35,2.21,-8.28
2006-11-23,0.02,-6.64,70.13,62.25,1.69,-12.52
2006-11-24,0.0,-8.28,63.51,62.21,1.58,-15.36
2006-11-25,0.0,-8.2,45.58,62.29,1.39,-18.52
2006-11-26,0.0,-7.24,33.2,62.29,1.38,-20.67
2006-11-27,0.0,-7.8,53.89,62.31,1.52,-16.01
2006-11-28,0.0,-7.72,55.28,62.38,1.35,-15.87
2006-11-29,0.0,-8.11,43.74,62.54,1.53,-18.43
2006-11-30,0.0,-6.48,32.63,62.54,1.42,-19.89
2006-12-01,0.0,-7.01,39.66,62.48,1.2,-18.38
2006-12-02,0.0,-4.97,28.79,62.56,0.97,-20.04
2006-12-03,0.0,-4.55,68.32,62.76,1.09,-9.83
2006-12-04,1.12,-5.1,89.02,62.78,1.91,-7.15
2006-12-05,13.12,-5.14,93.18,62.7,3.14,-6.72
2006-12-06,0.54,-6.8,79.46,62.65,1.56,-10.51
2006-12-07,0.01,-7.84,76.75,62.54,1.64,-11.99
2006-12-08,0.0,-9.51,61.33,62.53,1.32,-16.06
2006-12-09,0.0,-6.69,36.07,62.63,1.08,-19.14
2006-12-10,0.74,-8.17,74.25,62.39,2.07,-12.57
2006-12-11,1.32,-10.84,81.33,61.94,1.9,-14.0
2006-12-12,0.0,-10.64,53.43,62.29,1.54,-18.59
2006-12-13,0.04,-7.18,56.07,62.59,1.27,-14.83
2006-12-14,0.0,-5.69,42.56,62.81,1.2,-17.1
2006-12-15,0.0,-2.34,29.33,62.91,1.18,-17.17
2006-12-16,0.0,-3.9,38.0,63.0,1.16,-16.25
2006-12-17,0.0,-4.46,39.33,62.9,1.22,-16.39
2006-12-18,0.0,-4.74,36.48,62.68,1.41,-17.71
2006-12-19,0.0,-3.9,33.62,62.77,1.29,-17.5
2006-12-20,0.0,-4.79,56.66,62.89,1.06,-13.12
2006-12-21,0.0,-7.35,72.4,62.71,1.59,-11.97
2006-12-22,0.0,-9.31,52.3,62.6,1.39,-18.25
2006-12-23,0.0,-7.16,27.68,62.65,1.28,-22.94
2006-12-24,0.0,-8.65,34.74,62.62,1.41,-21.44
2006-12-25,0.08,-7.6,40.52,62.61,1.16,-18.55
2006-12-26,0.44,-7.63,75.63,62.41,1.65,-11.75
2006-12-27,0.0,-8.02,74.44,62.27,1.2,-12.71
2006-12-28,0.0,-5.8,33.06,62.48,1.58,-19.54
2006-12-29,0.0,-3.81,29.68,62.7,1.4,-18.51
2006-12-30,0.0,-3.67,32.32,62.58,1.95,-17.47
2006-12-31,0.0,-7.48,43.34,62.39,2.09,-18.58
2007-01-01,0.0,-10.23,49.67,62.3,1.45,-19.29
2007-01-02,0.0,-9.32,28.14,62.44,1.47,-24.07
2007-01-03,0.0,-8.03,24.34,62.56,1.27,-24.21
2007-01-04,0.0,-8.08,32.55,62.52,2.35,-21.88
2007-01-05,0.0,-10.87,41.05,62.37,2.37,-21.71
2007-01-06,0.0,-12.59,53.27,62.3,2.24,-20.41
2007-01-07,0.0,-11.7,46.51,62.28,1.42,-21.86
2007-01-08,0.0,-7.59,30.45,62.47,1.46,-21.75
2007-01-09,0.0,-7.97,40.41,62.6,1.75,-19.15
2007-01-10,0.0,-10.99,55.1,62.42,1.62,-18.77
2007-01-11,0.0,-11.07,42.84,62.29,1.77,-21.64
2007-01-12,0.0,-12.53,58.46,62.18,1.59,-19.59
2007-01-13,0.0,-12.97,43.54,62.07,1.66,-23.07
2007-01-14,0.0,-10.29,49.62,62.1,1.35,-19.51
2007-01-15,0.0,-10.51,82.71,62.07,1.66,-13.73
2007-01-16,0.0,-12.33,71.66,62.06,1.63,-17.47
2007-01-17,0.0,-10.15,43.27,62.31,1.35,-20.6
2007-01-18,0.0,-7.51,62.29,62.49,1.59,-14.33
2007-01-19,0.0,-9.12,73.54,62.34,1.9,-14.62
2007-01-20,0.0,-9.84,30.77,62.21,1.71,-24.14
2007-01-21,0.0,-9.64,32.92,62.26,1.34,-22.71
2007-01-22,0.0,-7.81,27.14,62.49,1.59,-23.47
2007-01-23,0.0,-6.19,28.55,62.77,1.49,-21.43
2007-01-24,0.0,-5.46,32.91,62.85,1.44,-19.41
2007-01-25,0.0,-4.24,44.14,62.85,1.2,-14.84
2007-01-26,0.0,-5.04,57.12,62.86,1.34,-12.61
2007-01-27,0.0,-6.59,55.71,62.85,1.59,-14.62
2007-01-28,0.0,-7.28,54.89,62.94,1.47,-15.4
2007-01-29,0.24,-6.08,47.34,62.91,1.51,-15.88
2007-01-30,0.84,-6.21,77.75,62.71,1.33,-10.09
2007-01-31,0.0,-5.69,54.31,62.68,1.45,-14.85
2007-02-01,0.0,-3.91,35.17,62.72,1.6,-17.49
2007-02-02,0.0,-3.13,35.91,62.75,1.43,-16.67
2007-02-03,0.0,-3.96,37.98,62.61,1.28,-16.52
2007-02-04,0.0,-5.7,77.11,62.27,1.66,-9.65
2007-02-05,0.09,-5.03,48.63,62.24,1.61,-15.59
2007-02-06,0.39,-6.97,83.34,62.23,1.46,-10.08
2007-02-07,11.21,-8.02,87.54,62.2,1.25,-10.69
2007-02-08,0.02,-8.31,62.26,62.37,1.29,-15.14
2007-02-09,0.09,-6.84,64.38,62.51,1.42,-13.21
2007-02-10,24.05,-7.43,91.56,62.27,1.66,-9.32
2007-02-11,26.54,-7.85,97.2,62.06,2.69,-9.22
2007-02-12,1.33,-10.13,95.36,61.98,1.75,-11.77
2007-02-13,11.98,-11.51,92.95,61.69,1.71,-13.25
2007-02-14,5.9,-12.4,89.14,61.62,1.46,-14.37
2007-02-15,0.0,-15.47,82.39,61.82,1.54,-18.27
2007-02-16,0.0,-13.77,91.92,61.81,1.48,-15.49
2007-02-17,0.0,-15.34,82.73,61.97,1.35,-17.92
2007-02-18,0.56,-15.9,74.04,62.15,1.34,-19.81
2007-02-19,0.07,-12.56,84.65,62.32,1.21,-15.21
2007-02-20,0.0,-12.09,53.59,62.45,1.48,-20.15
2007-02-21,0.0,-10.27,79.67,62.55,1.41,-13.44
2007-02-22,0.0,-10.37,90.44,62.46,0.96,-12.07
2007-02-23,0.0,-10.54,63.87,62.35,1.34,-16.28
2007-02-24,0.0,-9.56,67.92,62.36,1.41,-14.83
2007-02-25,0.01,-9.27,81.34,62.13,1.39,-12.38
2007-02-26,0.59,-9.88,83.22,62.02,1.43,-13.08
2007-02-27,5.24,-7.16,89.79,62.18,3.13,-9.1
2007-02-28,15.46,-6.69,98.2,61.96,4.44,-7.35
2007-03-01,3.75,-8.95,91.69,61.84,2.27,-10.45
2007-03-02,0.0,-11.94,54.01,61.97,1.6,-20.47
2007-03-03,0.0,-7.85,71.27,62.36,1.72,-13.15
2007-03-04,0.0,-8.07,79.27,62.45,1.27,-12.01
2007-03-05,0.0,-8.57,57.97,62.45,1.38,-16.71
2007-03-06,0.0,-9.2,65.3,62.26,1.75,-15.83
2007-03-07,0.0,-7.9,48.16,62.21,1.53,-19.06
2007-03-08,0.0,-6.68,54.81,62.31,1.41,-15.89
2007-03-09,0.33,-8.54,77.24,62.3,1.55,-13.45
2007-03-10,2.92,-8.65,89.95,62.34,1.7,-10.94
2007-03-11,2.08,-8.1,85.42,62.39,2.08,-11.0
2007-03-12,17.27,-6.21,97.85,62.29,4.01,-7.09
2007-03-13,17.21,-4.81,99.92,62.11,6.98,-5.08
2007-03-14,2.24,-11.9,84.8,62.07,1.78,-14.63
2007-03-15,0.0,-14.04,66.96,62.05,1.94,-19.59
2007-03-16,0.0,-9.64,64.05,62.25,1.86,-15.93
2007-03-17,0.0,-4.12,65.66,62.55,1.56,-10.16
2007-03-18,0.0,-1.86,71.16,62.73,1.56,-7.02
2007-03-19,0.05,-2.41,68.42,62.85,1.74,-8.39
2007-03-20,1.35,-4.02,93.82,62.81,2.22,-5.37
2007-03-21,5.03,-4.98,88.27,62.66,2.13,-7.4
2007-03-22,1.11,-4.61,81.31,62.7,1.79,-8.34
2007-03-23,0.0,-4.03,56.57,62.8,1.91,-12.65
2007-03-24,0.0,-4.2,65.64,62.65,1.83,-10.88
2007-03-25,0.0,-4.84,60.63,62.45,1.33,-12.57
2007-03-26,0.0,-3.47,56.55,62.57,1.56,-12.05
2007-03-27,0.0,-0.88,54.32,62.82,1.27,-10.11
2007-03-28,0.0,0.56,47.6,63.03,1.55,-10.58
2007-03-29,0.0,0.13,64.71,63.0,1.66,-6.84
2007-03-30,0.0,0.49,64.51,63.04,1.62,-6.82
2007-03-31,0.0,0.31,54.29,63.1,1.51,-8.8
2007-04-01,0.0,-1.02,66.24,63.0,1.95,-7.33
2007-04-02,0.0,-1.44,57.61,62.76,1.83,-10.0
2007-04-03,0.0,-0.5,54.08,62.65,1.6,-9.72
2007-04-04,0.0,-0.33,47.83,62.74,1.57,-10.87
2007-04-05,0.0,0.16,61.38,62.84,1.75,-7.02
2007-04-06,0.01,-0.38,57.05,62.85,1.75,-8.6
2007-04-07,0.19,-1.56,79.51,62.75,1.94,-5.14
2007-04-08,0.0,-1.88,65.54,62.69,1.82,-8.72
2007-04-09,0.0,-0.72,64.99,62.6,1.4,-7.47
2007-04-10,0.0,0.07,55.35,62.69,1.52,-9.33
2007-04-11,0.0,1.3,57.93,62.73,1.68,-7.43
2007-04-12,0.0,2.79,59.67,62.81,1.74,-5.29
2007-04-13,0.0,2.47,68.53,62.89,1.72,-3.63
2007-04-14,0.0,3.85,69.97,63.03,1.73,-2.16
2007-04-15,0.0,4.69,63.94,63.09,1.82,-2.86
2007-04-16,0.1,4.87,56.88,63.02,1.58,-4.03
2007-04-17,6.69,4.79,64.5,62.96,2.06,-2.05
2007-04-18,3.75,2.92,77.38,63.0,2.02,-1.28
2007-04-19,0.02,2.88,72.66,62.88,1.91,-2.36
2007-04-20,0.24,3.15,69.07,62.83,1.93,-2.67
2007-04-21,0.0,2.36,66.67,62.65,2.06,-3.85
2007-04-22,0.01,2.1,71.05,62.58,1.86,-3.16
2007-04-23,0.0,2.86,57.12,62.6,2.37,-5.91
2007-04-24,0.0,1.5,45.51,62.62,2.24,-9.84
2007-04-25,0.77,0.64,58.64,62.65,2.29,-6.85
2007-04-26,0.09,1.47,63.06,62.77,1.66,-5.61
2007-04-27,0.0,4.15,42.68,62.96,1.76,-8.63
2007-04-28,0.0,4.31,48.3,63.04,2.0,-6.34
2007-04-29,0.0,3.91,55.66,63.01,1.71,-4.5
2007-04-30,0.0,3.95,66.59,63.09,1.58,-2.29
2007-05-01,1.13,4.63,72.98,63.13,1.67,-0.34
2007-05-02,0.68,4.71,75.25,62.97,1.64,0.06
2007-05-03,0.7,3.79,80.22,62.83,1.51,0.42
2007-05-04,0.37,4.05,79.85,62.86,1.87,0.35
2007-05-05,0.01,4.78,70.57,62.88,2.29,-0.76
2007-05-06,0.03,4.16,65.43,62.78,2.06,-2.76
2007-05-07,0.12,4.48,73.29,62.72,1.78,-0.63
2007-05-08,3.53,4.83,76.57,62.71,2.42,0.33
2007-05-09,0.41,4.19,59.57,62.8,2.44,-4.04
2007-05-10,0.39,4.16,50.05,62.81,2.24,-6.55
2007-05-11,4.57,3.21,55.65,62.65,2.67,-5.8
2007-05-12,0.32,1.63,65.76,62.64,1.66,-4.51
2007-05-13,0.0,4.53,66.9,62.63,1.77,-2.17
2007-05-14,0.0,6.22,66.58,62.62,1.8,-1.2
2007-05-15,0.0,7.3,62.27,62.63,1.69,-1.03
2007-05-16,0.62,6.52,76.14,62.84,1.97,1.98
2007-05-17,0.0,6.06,74.73,62.77,2.1,1.07
2007-05-18,0.72,6.69,78.81,62.75,2.06,2.62
2007-05-19,0.01,6.87,70.49,62.78,2.35,0.8
2007-05-20,0.0,5.91,62.98,62.67,2.39,-1.8
2007-05-21,0.0,4.56,43.54,62.48,2.22,-7.74
2007-05-22,0.0,4.0,53.94,62.52,2.26,-5.58
2007-05-23,0.0,4.2,67.69,62.62,2.47,-2.06
2007-05-24,0.0,4.13,55.55,62.58,2.56,-5.37
2007-05-25,0.02,2.79,63.95,62.61,2.69,-4.3
2007-05-26,0.8,1.88,73.25,62.67,2.88,-3.07
2007-05-27,1.76,1.8,66.14,62.68,2.44,-5.04
2007-05-28,0.0,2.53,66.98,62.72,2.47,-4.17
2007-05-29,0.0,2.69,64.32,62.73,2.03,-4.57
2007-05-30,0.0,3.95,59.76,62.77,1.89,-4.32
2007-05-31,0.0,4.71,59.14,62.84,2.21,-4.14
2007-06-01,0.0,5.48,62.88,62.72,1.97,-2.02
2007-06-02,0.0,6.72,58.33,62.75,2.23,-1.88
2007-06-03,0.0,6.11,59.61,62.83,2.43,-2.41
2007-06-04,0.0,6.16,66.38,62.93,2.6,-0.65
2007-06-05,0.0,6.7,57.12,62.74,2.19,-2.68
2007-06-06,0.0,7.49,52.93,62.7,2.26,-3.1
2007-06-07,0.0,9.55,53.25,62.71,2.15,-0.68
2007-06-08,0.0,9.8,53.02,62.76,2.06,-0.16
2007-06-09,0.0,10.23,43.31,62.72,2.09,-2.94
2007-06-10,0.0,10.23,43.5,62.65,2.02,-2.91
2007-06-11,0.04,9.93,64.58,62.66,2.03,2.51
2007-06-12,0.09,9.5,66.64,62.69,2.16,2.37
2007-06-13,1.7,9.37,65.86,62.73,2.31,2.33
2007-06-14,1.36,9.45,66.62,62.62,2.73,2.12
2007-06-15,4.49,8.55,72.64,62.46,2.76,2.81
2007-06-16,5.41,6.4,77.77,62.4,2.54,2.03
2007-06-17,0.57,5.39,62.22,62.38,2.42,-2.73
2007-06-18,0.12,6.62,61.03,62.44,2.48,-2.46
2007-06-19,0.02,6.08,64.38,62.46,2.38,-1.45
2007-06-20,2.87,6.5,72.86,62.52,2.23,0.95
2007-06-21,0.43,7.63,80.62,62.65,1.98,3.96
2007-06-22,0.44,9.01,80.2,62.77,1.58,4.87
2007-06-23,0.82,8.1,79.33,62.87,1.56,4.14
2007-06-24,0.76,10.1,78.64,62.91,1.92,5.67
2007-06-25,2.18,8.97,88.42,62.82,1.28,6.73
2007-06-26,0.81,9.6,79.31,62.59,1.63,5.44
2007-06-27,11.86,11.64,78.32,62.43,1.68,6.93
2007-06-28,4.05,10.64,86.79,62.54,1.86,8.04
2007-06-29,0.51,10.78,82.44,62.7,2.82,7.36
2007-06-30,29.04,10.85,84.27,62.66,2.43,7.9
2007-07-01,24.94,10.84,88.94,62.48,2.73,8.82
2007-07-02,11.36,9.82,90.56,62.46,2.88,8.12
2007-07-03,22.31,9.61,87.96,62.44,2.59,7.37
2007-07-04,19.92,9.7,88.94,62.37,1.69,7.63
2007-07-05,21.24,10.51,87.59,62.38,2.07,8.17
2007-07-06,2.35,10.12,90.02,62.42,2.45,8.3
2007-07-07,12.06,9.81,87.3,62.51,2.05,7.33
2007-07-08,9.72,8.66,86.07,62.58,1.76,6.09
2007-07-09,3.85,9.32,83.76,62.56,1.92,6.34
2007-07-10,0.44,10.19,85.95,62.51,1.77,7.49
2007-07-11,22.27,10.49,89.43,62.58,1.89,8.45
2007-07-12,13.51,9.99,91.66,62.51,2.11,8.49
2007-07-13,6.82,9.7,89.74,62.38,2.23,7.72
2007-07-14,0.51,7.37,79.29,62.36,2.04,3.16
2007-07-15,0.79,6.95,72.83,62.42,1.76,1.64
2007-07-16,0.03,7.23,76.15,62.5,1.92,2.68
2007-07-17,0.0,7.51,79.86,62.54,1.82,3.46
2007-07-18,5.49,8.16,82.45,62.52,1.86,4.78
2007-07-19,0.11,9.3,86.09,62.52,1.93,6.7
2007-07-20,0.54,9.43,88.55,62.47,1.78,7.29
2007-07-21,26.14,9.8,88.89,62.4,2.26,7.73
2007-07-22,17.9,9.37,91.63,62.49,2.17,7.85
2007-07-23,17.2,9.33,92.21,62.63,2.49,7.92
2007-07-24,5.96,9.18,93.38,62.68,2.24,7.94
2007-07-25,3.62,9.73,90.94,62.58,2.03,8.09
2007-07-26,4.97,9.3,91.1,62.52,2.23,7.72
2007-07-27,3.52,8.68,87.33,62.44,2.06,6.32
2007-07-28,0.85,8.48,85.67,62.55,1.95,5.74
2007-07-29,21.73,8.9,85.83,62.65,1.54,6.23
2007-07-30,34.12,9.81,88.77,62.73,1.79,7.73
2007-07-31,35.49,10.06,90.0,62.63,2.02,8.25
2007-08-01,30.06,10.08,91.33,62.51,1.98,8.48
2007-08-02,32.53,9.57,90.65,62.52,2.38,7.85
2007-08-03,13.52,8.04,89.88,62.64,1.78,6.2
2007-08-04,5.81,8.76,90.46,62.52,1.99,6.97
2007-08-05,4.57,9.61,90.26,62.53,1.9,7.73
2007-08-06,1.98,9.34,88.59,62.72,1.71,7.21
2007-08-07,0.12,9.93,82.74,62.7,1.76,6.79
2007-08-08,39.25,10.21,89.28,62.58,1.76,8.1
2007-08-09,0.48,10.27,87.25,62.61,1.6,7.98
2007-08-10,12.04,11.02,91.52,62.58,1.73,9.56
2007-08-11,5.82,10.48,95.18,62.47,1.75,9.6
2007-08-12,29.5,9.92,94.25,62.37,1.41,8.84
2007-08-13,36.44,10.11,94.54,62.33,2.48,9.11
2007-08-14,17.52,10.09,92.62,62.43,2.43,8.7
2007-08-15,3.47,8.53,85.68,62.49,1.83,5.74
2007-08-16,1.95,7.03,74.11,62.45,1.81,1.95
2007-08-17,16.36,7.46,83.24,62.44,1.66,4.26
2007-08-18,5.57,7.73,83.26,62.54,1.9,4.79
2007-08-19,6.3,8.45,91.56,62.69,1.92,6.87
2007-08-20,0.73,8.05,88.69,62.78,1.68,6.1
2007-08-21,0.39,7.9,89.36,62.81,1.74,5.97
2007-08-22,15.37,8.38,84.19,62.81,1.66,5.54
2007-08-23,1.96,9.0,87.84,62.76,1.43,6.68
2007-08-24,3.31,9.22,86.04,62.8,1.78,6.71
2007-08-25,9.85,8.92,86.99,62.82,1.63,6.46
2007-08-26,17.08,8.59,84.78,62.7,1.7,5.86
2007-08-27,33.09,8.34,84.89,62.71,1.87,5.55
2007-08-28,2.56,7.35,88.2,62.79,1.09,5.27
2007-08-29,0.12,7.91,87.6,62.76,1.57,5.69
2007-08-30,4.39,8.49,86.63,62.68,1.64,6.07
2007-08-31,17.88,8.5,92.82,62.63,1.81,7.19
2007-09-01,12.16,9.11,91.95,62.61,1.76,7.65
2007-09-02,3.65,9.24,92.7,62.67,1.8,7.93
2007-09-03,7.49,9.33,94.02,62.67,2.16,8.28
2007-09-04,32.76,8.9,89.22,62.49,1.64,6.95
2007-09-05,6.0,7.27,90.57,62.39,1.75,5.46
2007-09-06,2.07,5.66,75.57,62.41,1.76,1.09
2007-09-07,0.13,5.49,83.27,62.43,1.48,2.19
2007-09-08,0.0,5.86,82.3,62.59,1.67,2.56
2007-09-09,0.0,5.31,77.75,62.67,1.73,1.19
2007-09-10,3.05,5.34,83.08,62.7,1.71,2.25
2007-09-11,0.21,5.48,79.63,62.72,1.57,1.74
2007-09-12,0.03,5.54,74.4,62.68,1.68,0.7
2007-09-13,0.06,5.93,74.46,62.67,1.56,0.98
2007-09-14,0.02,5.63,77.91,62.7,1.49,1.47
2007-09-15,0.0,6.41,75.23,62.67,1.46,1.64
2007-09-16,0.0,7.64,79.62,62.74,1.43,3.58
2007-09-17,0.0,8.14,82.91,62.89,1.48,5.05
2007-09-18,0.0,7.89,78.1,62.86,1.47,3.62
2007-09-19,4.34,6.8,78.39,62.72,1.42,2.38
2007-09-20,4.59,6.76,87.52,62.8,1.5,4.55
2007-09-21,1.05,6.15,87.37,62.84,1.77,3.92
2007-09-22,0.01,4.67,87.51,62.8,1.67,2.49
2007-09-23,0.0,4.05,80.35,62.75,1.51,0.55
2007-09-24,0.0,4.89,80.48,62.62,1.72,1.26
2007-09-25,8.08,4.88,85.12,62.62,1.77,2.17
2007-09-26,2.62,4.59,91.82,62.66,2.07,3.13
2007-09-27,0.07,3.65,83.37,62.61,1.98,0.78
2007-09-28,9.07,2.65,75.02,62.61,2.0,-1.71
2007-09-29,0.42,2.51,87.75,62.72,2.16,0.42
2007-09-30,0.0,2.55,73.94,62.88,1.61,-2.44
2007-10-01,0.0,2.15,55.06,62.74,1.55,-6.64
2007-10-02,0.0,1.4,50.04,62.66,1.73,-8.43
2007-10-03,0.0,0.61,45.58,62.68,1.79,-10.16
2007-10-04,0.0,0.53,59.18,62.74,2.07,-7.14
2007-10-05,0.0,0.76,80.66,62.67,2.19,-3.0
2007-10-06,0.0,0.31,70.22,62.54,1.97,-5.25
2007-10-07,0.0,0.85,60.77,62.47,1.59,-6.47
2007-10-08,0.0,0.38,40.54,62.56,1.65,-11.57
2007-10-09,0.0,0.75,44.8,62.64,1.52,-10.28
2007-10-10,0.0,1.17,35.13,62.71,1.45,-12.54
2007-10-11,0.0,0.09,65.86,62.82,1.57,-6.03
2007-10-12,0.0,-0.05,52.05,62.89,1.53,-9.27
2007-10-13,0.0,0.71,42.76,62.89,1.24,-11.14
2007-10-14,0.0,-0.34,57.46,62.92,1.53,-8.24
2007-10-15,2.22,-0.64,68.06,62.92,1.49,-6.48
2007-10-16,3.03,-1.44,80.2,62.75,1.55,-4.92
2007-10-17,0.74,-1.24,76.57,62.65,1.38,-5.33
2007-10-18,0.0,-0.8,75.05,62.73,1.17,-5.3
2007-10-19,0.0,0.33,65.2,62.79,1.21,-6.28
2007-10-20,0.0,0.21,57.71,62.74,1.5,-8.69
2007-10-21,0.0,-1.98,70.43,62.71,1.75,-7.65
2007-10-22,0.0,-2.68,59.44,62.76,1.43,-10.21
2007-10-23,0.0,-2.0,62.35,62.75,1.68,-8.97
2007-10-24,0.0,-0.52,49.0,62.93,1.59,-10.56
2007-10-25,0.0,0.11,43.16,62.99,1.54,-11.52
2007-10-26,0.0,0.32,38.46,62.98,1.42,-12.81
2007-10-27,0.0,-0.56,40.71,62.89,1.4,-12.67
2007-10-28,0.0,-0.95,41.64,62.73,1.42,-12.63
2007-10-29,0.0,-0.47,35.85,62.75,1.21,-14.31
2007-10-30,0.0,-1.23,39.0,62.86,1.31,-13.89
2007-10-31,0.0,-0.51,37.22,62.89,1.3,-13.63
2007-11-01,0.0,0.32,44.31,62.85,1.36,-10.97
2007-11-02,0.0,1.11,38.51,62.66,1.34,-12.08
2007-11-03,0.0,2.76,36.42,62.7,1.26,-11.36
2007-11-04,0.0,3.02,45.47,62.9,1.28,-7.83
2007-11-05,0.0,1.47,54.83,62.79,1.43,-7.02
2007-11-06,0.0,-0.25,49.22,62.7,1.62,-10.0
2007-11-07,0.0,-0.91,47.23,62.72,1.35,-11.6
2007-11-08,0.02,-4.64,67.6,62.56,1.31,-10.45
2007-11-09,0.0,-4.58,71.72,62.5,1.5,-9.69
2007-11-10,0.0,-4.9,69.65,62.48,1.49,-10.4
2007-11-11,0.0,-5.54,69.86,62.53,1.58,-11.24
2007-11-12,0.0,-5.08,63.74,62.54,1.41,-12.13
2007-11-13,0.0,-5.3,62.83,62.44,1.4,-12.0
2007-11-14,0.0,-5.32,62.1,62.48,1.39,-12.32
2007-11-15,0.0,-5.44,55.88,62.69,1.47,-13.61
2007-11-16,0.0,-5.09,48.42,62.76,1.16,-14.68
2007-11-17,0.0,-4.8,42.97,62.76,1.46,-16.15
2007-11-18,0.0,-2.28,32.28,62.78,1.15,-17.81
2007-11-19,0.0,-4.0,42.71,62.84,1.25,-15.65
2007-11-20,0.0,-5.36,46.86,62.76,1.37,-15.71
2007-11-21,0.0,-4.25,43.42,62.68,1.32,-15.41
2007-11-22,0.0,-3.58,42.18,62.81,1.36,-15.09
2007-11-23,0.0,-2.07,37.35,62.82,1.42,-15.11
2007-11-24,0.0,-2.17,40.41,62.78,1.37,-14.31
2007-11-25,0.0,-1.06,37.32,62.84,1.56,-14.21
2007-11-26,0.0,-0.19,32.9,63.01,1.46,-14.96
2007-11-27,0.0,-1.65,33.32,62.87,1.47,-16.6
2007-11-28,0.0,-1.7,31.31,62.7,1.26,-17.0
2007-11-29,0.0,-2.99,36.96,62.63,1.55,-16.28
2007-11-30,0.21,-7.45,60.8,62.56,1.31,-14.38
2007-12-01,0.0,-7.71,58.01,62.56,1.19,-15.0
2007-12-02,0.0,-7.01,51.9,62.52,1.4,-15.47
2007-12-03,0.0,-8.33,56.93,62.41,1.2,-15.98
2007-12-04,0.0,-6.28,42.6,62.68,1.39,-17.26
2007-12-05,0.0,-3.92,45.45,62.93,1.07,-13.9
2007-12-06,0.0,-4.48,39.36,62.91,1.11,-16.47
2007-12-07,0.0,-6.18,75.38,62.63,1.34,-10.65
2007-12-08,0.0,-8.18,63.65,62.34,1.1,-14.39
2007-12-09,0.0,-7.96,61.44,62.31,1.01,-15.03
2007-12-10,0.76,-9.51,95.94,62.09,1.45,-10.83
2007-12-11,1.29,-9.82,90.32,62.05,2.14,-11.9
2007-12-12,0.69,-10.05,81.1,62.16,1.88,-13.26
2007-12-13,1.22,-10.55,78.47,62.15,2.02,-14.21
2007-12-14,0.0,-11.43,70.87,62.13,1.73,-16.12
2007-12-15,0.0,-11.1,57.12,62.18,1.32,-18.41
2007-12-16,0.0,-10.2,43.76,62.37,1.32,-20.44
2007-12-17,0.0,-10.19,43.22,62.46,1.5,-20.39
2007-12-18,0.0,-5.78,39.12,62.66,0.82,-17.26
2007-12-19,0.0,-6.73,49.63,62.62,1.1,-15.83
2007-12-20,0.0,-6.03,56.37,62.67,1.31,-13.55
2007-12-21,0.0,-6.61,60.01,62.73,1.95,-13.68
2007-12-22,0.0,-4.6,37.1,62.65,1.31,-17.34
2007-12-23,0.0,-4.36,33.88,62.71,1.17,-18.31
2007-12-24,0.0,-5.48,37.86,62.51,1.24,-17.63
2007-12-25,0.0,-6.27,30.23,62.42,1.29,-20.77
2007-12-26,0.0,-6.21,30.16,62.51,1.26,-20.94
2007-12-27,0.0,-6.44,26.36,62.61,1.43,-22.67
2007-12-28,0.0,-6.77,24.18,62.48,1.31,-23.52
2007-12-29,0.0,-9.36,37.81,62.35,2.49,-21.42
2007-12-30,0.0,-9.91,34.19,62.42,1.52,-22.7
2007-12-31,0.0,-9.1,37.64,62.37,1.38,-21.37
2008-01-01,0.0,-9.5,45.51,62.32,1.74,-19.31
2008-01-02,0.0,-11.51,59.75,62.36,1.6,-18.0
2008-01-03,0.0,-10.53,67.41,62.49,1.07,-15.69
2008-01-04,0.0,-9.71,54.59,62.52,1.14,-17.08
2008-01-05,0.0,-9.92,68.89,62.59,0.79,-15.07
2008-01-06,0.0,-8.45,94.84,62.55,1.37,-9.57
2008-01-07,0.0,-6.99,73.29,62.74,1.2,-11.64
2008-01-08,1.18,-6.59,83.27,62.77,1.46,-9.54
2008-01-09,4.26,-7.71,96.89,62.53,2.78,-8.65
2008-01-10,2.55,-8.55,97.81,62.19,4.86,-9.09
2008-01-11,0.0,-10.52,85.09,62.17,2.92,-13.31
2008-01-12,0.0,-7.93,57.67,62.34,1.18,-15.46
2008-01-13,0.0,-8.49,74.31,62.38,1.3,-13.06
2008-01-14,0.0,-8.34,47.18,62.43,1.26,-17.73
2008-01-15,0.0,-6.05,69.4,62.56,1.22,-11.08
2008-01-16,0.0,-5.54,74.36,62.78,1.22,-10.02
2008-01-17,1.94,-6.42,97.59,62.49,2.63,-7.02
2008-01-18,1.11,-8.44,98.01,61.9,5.41,-8.91
2008-01-19,0.0,-11.57,90.36,61.79,3.18,-13.5
2008-01-20,0.0,-13.22,90.99,61.73,2.92,-14.99
2008-01-21,0.0,-15.39,49.74,61.76,1.71,-24.05
2008-01-22,0.0,-14.88,55.56,61.73,2.57,-21.67
2008-01-23,0.0,-15.87,90.69,61.47,2.75,-17.68
2008-01-24,0.0,-16.75,76.29,61.6,1.63,-20.64
2008-01-25,0.0,-15.98,80.74,61.61,1.54,-18.99
2008-01-26,0.0,-15.09,94.52,61.54,2.15,-16.43
2008-01-27,0.0,-14.18,61.95,61.67,1.33,-20.6
2008-01-28,0.0,-12.0,70.49,61.74,1.35,-16.84
2008-01-29,0.0,-13.08,92.24,61.45,2.06,-14.62
2008-01-30,0.0,-15.05,93.38,61.27,1.91,-16.68
2008-01-31,0.0,-15.27,61.34,61.48,1.48,-22.12
2008-02-01,0.0,-12.5,37.88,61.8,1.72,-23.75
2008-02-02,0.02,-11.21,50.14,61.86,1.84,-20.07
2008-02-03,2.53,-11.72,94.47,61.65,2.36,-12.87
2008-02-04,0.0,-12.38,82.81,61.85,2.42,-15.21
2008-02-05,0.26,-11.44,90.51,61.93,3.59,-13.09
2008-02-06,5.56,-10.41,94.15,61.92,4.48,-11.63
2008-02-07,3.13,-11.41,91.47,61.86,3.95,-12.85
2008-02-08,0.25,-12.1,96.87,61.81,4.23,-12.77
2008-02-09,0.0,-13.51,72.89,61.89,1.46,-18.0
2008-02-10,0.0,-13.64,49.98,61.88,1.47,-21.98
2008-02-11,0.0,-13.99,50.72,62.02,1.98,-22.0
2008-02-12,0.0,-14.74,39.91,61.99,1.74,-25.26
2008-02-13,0.0,-13.45,43.95,62.16,2.1,-23.29
2008-02-14,0.0,-9.58,40.02,62.38,1.51,-21.3
2008-02-15,0.0,-9.14,58.07,62.46,1.99,-16.43
2008-02-16,0.0,-6.86,48.61,62.52,1.92,-16.1
2008-02-17,0.0,-5.71,68.33,62.4,2.23,-11.43
2008-02-18,0.0,-9.74,75.63,62.1,1.63,-14.43
2008-02-19,0.02,-9.92,66.03,62.08,1.59,-16.24
2008-02-20,0.0,-7.7,43.41,62.41,1.85,-18.41
2008-02-21,0.0,-3.79,54.52,62.71,1.9,-11.92
2008-02-22,0.0,-5.73,73.51,62.61,2.27,-10.27
2008-02-23,0.0,-6.97,83.34,62.45,2.1,-10.11
2008-02-24,0.0,-7.71,83.27,62.35,2.16,-10.84
2008-02-25,0.0,-9.31,62.5,62.12,1.93,-16.33
2008-02-26,0.0,-8.69,48.55,62.19,1.97,-18.53
2008-02-27,0.0,-4.78,38.31,62.57,1.67,-17.39
2008-02-28,0.0,-2.44,40.02,62.82,1.86,-14.75
2008-02-29,0.0,-1.93,42.66,62.7,1.95,-13.34
2008-03-01,0.0,-3.41,53.55,62.6,1.98,-12.25
2008-03-02,0.0,-4.9,54.46,62.52,1.8,-13.79
2008-03-03,0.0,-5.68,63.72,62.5,1.58,-12.12
2008-03-04,0.0,-5.42,62.92,62.35,2.17,-12.05
2008-03-05,0.0,-4.77,57.06,62.47,1.86,-13.12
2008-03-06,0.0,-2.83,49.3,62.79,1.88,-12.76
2008-03-07,0.0,-4.62,56.68,62.78,2.0,-13.0
2008-03-08,0.0,-4.28,51.41,62.67,1.72,-14.09
2008-03-09,0.0,-2.86,43.67,62.76,1.92,-14.41
2008-03-10,0.0,-3.46,36.57,62.81,1.74,-16.61
2008-03-11,0.0,-3.58,37.66,62.68,1.58,-16.04
2008-03-12,0.0,-3.69,54.46,62.66,1.39,-11.54
2008-03-13,1.91,-3.91,69.35,62.6,1.84,-9.46
2008-03-14,0.01,-3.99,73.24,62.5,1.57,-9.22
2008-03-15,0.0,-2.98,57.16,62.4,1.87,-11.46
2008-03-16,0.0,-2.3,52.23,62.51,2.06,-11.86
2008-03-17,0.0,-2.8,54.24,62.48,2.1,-12.11
2008-03-18,0.0,-3.56,53.9,62.43,2.45,-12.29
2008-03-19,0.0,-5.03,62.57,62.42,1.67,-11.58
2008-03-20,0.0,-3.85,51.71,62.33,1.52,-13.07
2008-03-21,0.0,-3.68,46.65,62.39,1.91,-14.36
2008-03-22,0.0,-3.03,60.59,62.49,2.17,-9.93
2008-03-23,0.0,-3.99,43.22,62.52,1.9,-15.54
2008-03-24,0.0,-2.85,47.85,62.52,1.69,-13.09
2008-03-25,0.0,-2.68,50.93,62.55,1.91,-12.45
2008-03-26,0.0,-2.32,51.68,62.55,2.0,-11.95
2008-03-27,0.0,-2.43,55.5,62.41,2.17,-11.34
2008-03-28,0.0,-3.75,60.52,62.31,2.02,-11.22
2008-03-29,0.0,-4.08,70.8,62.41,1.45,-9.46
2008-03-30,0.0,-3.29,58.01,62.43,2.04,-10.93
2008-03-31,0.0,-4.38,71.24,62.44,2.03,-9.77
2008-04-01,0.02,-3.97,73.08,62.38,2.14,-8.71
2008-04-02,7.73,-3.02,65.33,62.42,1.95,-9.68
2008-04-03,6.17,-4.23,78.46,62.47,1.67,-7.98
2008-04-04,7.35,-3.81,90.58,62.31,1.75,-5.71
2008-04-05,23.8,-4.27,88.68,62.49,2.37,-6.4
2008-04-06,4.82,-5.64,89.76,62.65,1.83,-7.55
2008-04-07,0.0,-5.46,67.97,62.63,1.79,-11.79
2008-04-08,0.0,-2.89,59.98,62.64,1.67,-10.89
2008-04-09,0.0,-2.74,69.6,62.67,1.66,-8.61
2008-04-10,0.0,-0.21,66.09,62.71,1.64,-6.53
2008-04-11,0.21,-0.01,79.49,62.59,2.04,-3.81
2008-04-12,0.31,-1.27,79.22,62.62,2.32,-4.98
2008-04-13,0.0,-1.66,70.14,62.54,2.14,-7.27
2008-04-14,0.04,-1.27,62.0,62.55,1.95,-8.75
2008-04-15,0.21,-0.8,84.22,62.64,2.4,-3.62
2008-04-16,1.42,-1.13,87.45,62.58,4.88,-3.37
2008-04-17,0.0,-1.72,69.23,62.57,2.08,-7.7
2008-04-18,0.0,-0.76,60.35,62.55,2.32,-8.52
2008-04-19,0.0,-0.66,52.91,62.61,2.05,-10.14
2008-04-20,0.0,0.4,48.0,62.65,1.79,-10.47
2008-04-21,0.0,1.61,48.19,62.67,2.08,-8.77
2008-04-22,0.0,2.26,52.25,62.87,1.95,-7.53
2008-04-23,0.0,2.3,47.34,62.99,2.09,-8.56
2008-04-24,0.0,2.8,50.33,62.97,1.97,-7.23
2008-04-25,0.0,2.49,57.52,62.97,2.25,-5.52
2008-04-26,0.0,1.57,52.46,62.82,2.3,-7.41
2008-04-27,0.0,1.44,47.51,62.52,2.16,-9.29
2008-04-28,0.0,1.71,58.13,62.49,1.95,-6.27
2008-04-29,0.0,2.87,54.23,62.63,2.1,-6.21
2008-04-30,0.0,3.51,42.59,62.8,2.02,-8.78
2008-05-01,0.0,3.1,41.57,62.68,2.14,-9.29
2008-05-02,0.0,3.47,43.48,62.45,1.64,-8.23
2008-05-03,0.0,4.71,51.67,62.5,1.85,-5.21
2008-05-04,3.28,4.96,49.76,62.72,2.25,-5.32
2008-05-05,1.14,2.71,62.99,62.68,2.34,-4.22
2008-05-06,0.0,2.79,53.39,62.51,2.06,-7.68
2008-05-07,0.0,2.9,49.98,62.61,2.04,-6.88
2008-05-08,0.45,2.52,61.41,62.67,1.94,-4.47
2008-05-09,0.5,2.75,63.48,62.58,2.16,-4.36
2008-05-10,0.02,2.2,75.59,62.57,2.46,-2.41
2008-05-11,0.0,2.2,74.39,62.56,1.98,-2.78
2008-05-12,0.57,2.47,78.11,62.62,2.08,-1.43
2008-05-13,0.35,3.58,74.5,62.71,2.04,-1.11
2008-05-14,0.03,4.07,66.37,62.67,2.16,-2.35
2008-05-15,0.0,4.68,64.82,62.67,2.05,-2.08
2008-05-16,2.41,4.77,71.07,62.67,2.07,-0.87
2008-05-17,0.55,4.94,66.22,62.5,2.3,-1.55
2008-05-18,4.52,3.37,71.8,62.35,1.94,-1.83
2008-05-19,5.93,3.25,81.07,62.48,2.08,-0.07
2008-05-20,6.8,2.69,86.19,62.4,1.7,0.37
2008-05-21,9.5,5.34,71.85,62.27,1.61,-0.41
2008-05-22,0.73,5.59,72.42,62.48,1.95,0.06
2008-05-23,7.62,4.17,86.93,62.54,1.85,1.9
2008-05-24,0.26,5.33,77.96,62.55,2.19,1.16
2008-05-25,4.18,4.43,78.25,62.55,2.09,0.31
2008-05-26,0.3,4.65,61.32,62.66,1.94,-4.04
2008-05-27,0.02,3.83,63.54,62.66,2.15,-3.53
2008-05-28,0.0,3.31,60.17,62.54,2.18,-4.23
2008-05-29,0.0,3.26,57.8,62.55,1.87,-5.39
2008-05-30,0.02,3.91,67.19,62.59,1.82,-2.18
2008-05-31,10.8,4.51,75.29,62.61,2.12,-0.04
2008-06-01,1.78,4.74,83.81,62.65,1.4,1.89
2008-06-02,2.02,5.83,83.44,62.71,2.01,2.77
2008-06-03,0.07,6.09,85.51,62.81,2.25,3.55
2008-06-04,2.58,6.72,81.71,62.76,2.09,3.27
2008-06-05,1.63,7.42,83.25,62.52,1.59,4.18
2008-06-06,0.47,7.99,75.14,62.42,1.79,2.53
2008-06-07,6.24,8.86,81.61,62.51,1.83,5.2
2008-06-08,18.97,7.72,91.35,62.57,1.39,6.15
2008-06-09,3.81,8.26,85.45,62.67,1.92,5.65
2008-06-10,1.14,8.76,89.19,62.7,1.76,6.88
2008-06-11,0.51,9.66,89.09,62.68,2.22,7.76
2008-06-12,30.56,9.1,91.16,62.59,1.61,7.5
2008-06-13,13.91,8.87,90.15,62.42,1.42,7.18
2008-06-14,22.61,8.85,92.15,62.24,0.65,7.3
2008-06-15,43.54,8.95,93.44,62.27,1.22,7.59
2008-06-16,2.02,9.08,90.95,62.28,1.48,7.36
2008-06-17,1.44,8.52,90.82,62.23,1.67,6.87
2008-06-18,16.08,9.37,89.61,62.31,2.25,7.49
2008-06-19,4.69,8.7,91.38,62.41,2.38,7.14
2008-06-20,2.21,8.29,88.08,62.55,1.65,6.09
2008-06-21,0.84,8.56,86.16,62.53,1.95,5.77
2008-06-22,0.01,7.48,81.13,62.5,2.04,3.86
2008-06-23,5.81,8.27,88.12,62.51,1.99,6.04
2008-06-24,6.77,8.37,90.37,62.52,2.26,6.67
2008-06-25,1.55,10.07,86.42,62.64,1.45,7.41
2008-06-26,37.43,10.68,88.13,62.73,1.41,8.24
2008-06-27,5.31,9.39,81.39,62.57,1.76,6.05
2008-06-28,13.13,7.95,92.31,62.45,2.4,6.59
2008-06-29,3.62,7.4,90.27,62.46,2.26,5.59
2008-06-30,1.44,7.89,83.47,62.47,1.96,4.92
2008-07-01,6.49,8.01,86.37,62.53,1.84,5.63
2008-07-02,17.48,9.31,85.95,62.55,1.9,6.7
2008-07-03,17.81,10.24,84.53,62.51,1.75,7.2
2008-07-04,8.31,10.63,88.63,62.44,1.33,8.4
2008-07-05,5.05,9.35,91.58,62.52,1.53,7.76
2008-07-06,6.38,8.79,85.76,62.58,1.38,6.19
2008-07-07,1.14,8.26,89.29,62.51,1.43,6.34
2008-07-08,1.3,8.42,91.22,62.49,2.03,6.79
2008-07-09,1.36,8.76,90.68,62.64,2.21,7.04
2008-07-10,10.76,9.22,89.75,62.69,2.13,7.38
2008-07-11,4.71,8.83,90.6,62.52,1.89,7.17
2008-07-12,8.05,8.59,93.26,62.34,2.61,7.39
2008-07-13,13.59,8.12,92.06,62.42,2.08,6.67
2008-07-14,3.18,8.29,85.45,62.54,2.07,5.68
2008-07-15,7.61,9.39,88.12,62.47,1.84,7.21
2008-07-16,13.01,10.15,90.06,62.41,1.76,8.36
2008-07-17,25.42,10.67,89.6,62.4,1.4,8.71
2008-07-18,31.09,10.02,94.19,62.44,2.11,8.98
2008-07-19,5.01,9.72,90.31,62.5,2.39,7.99
2008-07-20,10.91,9.18,88.1,62.57,1.78,7.01
2008-07-21,7.27,9.44,89.91,62.56,1.92,7.6
2008-07-22,2.6,9.51,88.43,62.47,1.97,7.35
2008-07-23,0.57,9.13,86.57,62.48,1.86,6.54
2008-07-24,0.42,9.23,82.82,62.45,1.97,6.02
2008-07-25,0.85,9.29,87.5,62.42,1.88,6.8
2008-07-26,0.34,8.99,90.28,62.47,1.97,7.18
2008-07-27,5.41,8.78,86.77,62.57,1.8,6.48
2008-07-28,2.99,9.61,91.45,62.62,2.18,8.11
2008-07-29,26.21,10.44,87.71,62.59,1.71,8.27
2008-07-30,49.99,10.76,91.34,62.53,1.63,9.17
2008-07-31,24.48,10.48,84.92,62.58,1.62,7.32
2008-08-01,0.95,10.51,84.86,62.69,1.78,7.36
2008-08-02,23.59,9.23,90.03,62.73,1.72,7.41
2008-08-03,6.45,9.38,84.64,62.66,2.16,6.72
2008-08-04,13.97,8.38,94.78,62.67,1.92,7.38
2008-08-05,7.09,8.75,90.88,62.66,1.97,7.11
2008-08-06,2.08,8.93,90.52,62.48,1.52,7.15
2008-08-07,8.01,9.82,87.74,62.28,1.49,7.44
2008-08-08,14.9,8.34,89.88,62.38,0.93,6.49
2008-08-09,4.38,9.08,86.05,62.47,1.4,6.66
2008-08-10,41.27,8.88,89.81,62.45,1.6,7.01
2008-08-11,24.23,7.9,90.54,62.43,1.6,6.23
2008-08-12,8.38,7.86,88.43,62.47,1.78,5.81
2008-08-13,7.31,7.61,93.29,62.53,1.75,6.31
2008-08-14,11.97,7.38,90.6,62.5,1.03,5.67
2008-08-15,9.0,7.87,91.87,62.38,1.68,6.38
2008-08-16,30.4,8.04,93.69,62.47,2.04,6.85
2008-08-17,15.66,8.05,94.32,62.57,1.86,6.94
2008-08-18,9.11,8.38,91.25,62.57,1.78,6.7
2008-08-19,4.65,7.92,83.46,62.65,1.66,4.86
2008-08-20,2.57,8.71,84.35,62.75,1.82,5.9
2008-08-21,3.35,8.91,92.94,62.72,2.07,7.62
2008-08-22,1.94,8.64,92.92,62.73,2.02,7.32
2008-08-23,0.18,8.38,91.85,62.78,1.73,6.85
2008-08-24,0.0,8.83,86.72,62.87,1.47,6.41
2008-08-25,7.43,9.6,83.73,62.9,1.6,6.64
2008-08-26,24.41,9.38,88.18,62.86,1.74,7.17
2008-08-27,5.17,7.58,79.59,62.72,1.72,3.72
2008-08-28,1.36,6.21,75.17,62.57,1.72,1.54
2008-08-29,1.45,5.79,81.36,62.52,1.75,2.47
2008-08-30,1.65,5.02,88.26,62.61,1.52,2.95
2008-08-31,1.2,5.1,81.81,62.78,1.81,1.89
2008-09-01,5.22,5.18,80.35,62.79,1.57,1.74
2008-09-02,0.91,6.04,79.49,62.8,1.57,2.36
2008-09-03,6.44,6.11,82.97,62.71,1.67,3.09
2008-09-04,7.38,5.68,91.22,62.65,1.77,4.17
2008-09-05,3.4,5.41,87.92,62.62,1.75,3.2
2008-09-06,11.92,2.96,76.1,62.68,1.53,-1.13
2008-09-07,5.68,3.66,67.9,62.79,1.47,-2.03
2008-09-08,0.11,4.37,70.32,62.83,1.6,-0.9
2008-09-09,0.0,4.4,66.94,62.86,1.58,-1.64
2008-09-10,0.0,4.66,64.45,62.89,1.57,-1.84
2008-09-11,11.34,5.05,66.93,62.86,1.51,-1.4
2008-09-12,0.41,6.06,77.22,62.83,1.51,1.82
2008-09-13,3.35,5.93,84.17,62.8,1.5,2.94
2008-09-14,0.57,5.92,81.41,62.8,1.52,2.53
2008-09-15,0.12,5.02,69.83,62.75,1.54,-0.78
2008-09-16,0.2,5.89,74.37,62.64,1.57,1.17
2008-09-17,7.81,5.79,78.43,62.73,1.65,1.73
2008-09-18,2.83,4.74,91.02,62.73,1.72,3.19
2008-09-19,26.08,4.56,92.44,62.62,1.56,3.26
2008-09-20,17.09,4.86,92.4,62.55,2.49,3.49
2008-09-21,4.15,2.64,81.9,62.64,1.8,-0.38
2008-09-22,0.47,2.81,77.55,62.6,1.62,-1.19
2008-09-23,1.1,3.0,83.88,62.67,1.58,0.15
2008-09-24,0.0,2.71,75.15,62.64,1.61,-1.69
2008-09-25,0.0,2.45,72.12,62.62,1.58,-2.63
2008-09-26,0.0,2.89,69.04,62.55,1.61,-2.77
2008-09-27,0.0,3.47,68.09,62.59,1.6,-2.45
2008-09-28,0.0,3.51,71.41,62.65,1.56,-1.71
2008-09-29,0.0,4.37,71.63,62.75,1.55,-0.88
2008-09-30,0.89,4.77,75.23,62.87,1.43,-0.04
2008-10-01,0.02,5.07,71.45,62.91,1.51,-0.39
2008-10-02,0.17,4.85,67.6,62.89,1.42,-1.73
2008-10-03,4.02,5.35,69.92,62.98,1.4,-0.71
2008-10-04,4.66,5.63,66.48,62.9,1.3,-1.6
2008-10-05,3.91,5.27,77.3,62.85,1.64,0.94
2008-10-06,0.26,2.73,76.93,62.79,1.6,-1.36
2008-10-07,0.0,1.99,72.03,62.76,1.61,-3.05
2008-10-08,0.0,0.88,65.95,62.68,1.67,-5.31
2008-10-09,0.3,-0.03,67.9,62.82,1.7,-5.59
2008-10-10,0.0,0.85,64.81,62.95,1.64,-5.87
2008-10-11,0.0,2.05,62.99,63.06,1.45,-5.23
2008-10-12,0.0,2.29,64.72,63.03,1.58,-4.52
2008-10-13,0.0,2.1,66.74,62.87,1.31,-4.52
2008-10-14,3.29,0.82,72.27,62.95,1.52,-4.19
2008-10-15,0.89,-0.59,66.47,63.0,1.37,-6.39
2008-10-16,0.27,-0.4,67.47,62.95,1.48,-6.3
2008-10-17,0.02,-1.11,58.94,62.79,1.53,-8.73
2008-10-18,0.0,-0.13,63.33,62.83,1.28,-6.96
2008-10-19,0.0,0.25,61.23,62.9,1.39,-6.84
2008-10-20,0.0,-0.79,53.29,62.78,1.53,-9.86
2008-10-21,0.0,-1.3,69.45,62.78,1.37,-6.92
2008-10-22,0.0,-2.35,71.44,62.73,1.6,-7.66
2008-10-23,0.0,-1.68,69.43,62.69,1.45,-7.33
2008-10-24,0.0,-1.13,65.48,62.7,1.48,-7.66
2008-10-25,0.0,-1.53,65.86,62.66,1.25,-7.68
2008-10-26,0.0,-2.42,75.48,62.54,1.35,-7.17
2008-10-27,0.0,-0.52,44.01,62.47,1.47,-12.31
2008-10-28,0.0,1.27,46.02,62.74,1.48,-10.21
2008-10-29,0.0,-1.0,55.44,62.77,1.52,-9.28
2008-10-30,0.0,-2.19,62.12,62.8,1.66,-9.46
2008-10-31,0.0,-1.79,59.47,62.79,1.57,-9.81
2008-11-01,0.0,1.08,39.98,62.86,1.55,-11.37
2008-11-02,0.0,0.69,38.89,62.83,1.5,-12.12
2008-11-03,0.0,-0.8,46.5,62.83,1.42,-11.9
2008-11-04,0.0,-2.39,44.25,62.59,1.63,-13.82
2008-11-05,0.0,-0.64,40.55,62.65,1.42,-12.86
2008-11-06,0.0,1.71,44.21,62.8,1.34,-9.49
2008-11-07,0.0,3.66,40.03,62.98,1.29,-8.84
2008-11-08,0.0,3.38,42.18,63.07,1.4,-8.58
2008-11-09,0.0,2.87,33.66,63.1,1.23,-11.68
2008-11-10,0.0,2.51,27.49,63.08,1.0,-14.67
2008-11-11,0.0,1.32,29.77,62.92,1.13,-14.7
2008-11-12,0.0,-1.1,35.88,62.69,1.47,-15.07
2008-11-13,0.0,-3.5,43.03,62.55,1.64,-14.93
2008-11-14,0.0,-4.89,48.17,62.56,1.43,-14.51
2008-11-15,0.0,-3.5,32.13,62.65,1.28,-17.93
2008-11-16,0.0,-2.82,36.29,62.69,1.34,-15.9
2008-11-17,0.0,-2.05,31.44,62.65,1.29,-16.93
2008-11-18,0.0,-2.82,34.05,62.68,1.34,-16.57
2008-11-19,0.13,-4.79,54.26,62.68,1.82,-13.21
2008-11-20,6.21,-8.13,88.87,62.5,2.69,-10.39
2008-11-21,0.0,-8.54,58.91,62.46,1.37,-16.1
2008-11-22,0.0,-4.47,40.83,62.75,1.28,-15.87
2008-11-23,0.0,-4.22,56.36,62.8,1.18,-11.89
2008-11-24,0.0,-4.37,51.19,62.66,1.35,-13.75
2008-11-25,0.0,-3.4,47.75,62.79,1.33,-13.25
2008-11-26,0.0,-3.61,45.09,62.91,1.2,-13.92
2008-11-27,0.0,-3.04,38.49,62.99,1.14,-15.54
2008-11-28,0.0,-1.85,41.0,63.13,1.32,-13.39
2008-11-29,0.0,-1.52,45.73,63.18,1.48,-12.37
2008-11-30,0.0,-1.04,37.79,63.1,1.34,-13.82
2008-12-01,0.0,-1.29,38.45,62.93,1.19,-13.87
2008-12-02,0.0,-2.93,45.59,62.7,1.34,-13.41
2008-12-03,0.0,-2.26,40.0,62.66,1.32,-14.56
2008-12-04,0.0,-1.63,35.67,62.78,1.03,-14.82
2008-12-05,0.0,-2.1,34.0,63.02,1.03,-15.99
2008-12-06,0.0,-1.81,37.26,62.99,1.17,-14.94
2008-12-07,0.0,-0.79,46.64,62.94,1.09,-11.45
2008-12-08,0.0,-0.43,74.08,63.05,1.05,-5.15
2008-12-09,0.04,-2.12,63.81,62.92,1.33,-8.31
2008-12-10,0.03,-5.33,60.8,62.7,1.51,-12.34
2008-12-11,0.0,-6.91,67.58,62.57,1.53,-12.94
2008-12-12,0.0,-6.92,47.5,62.54,1.22,-17.03
2008-12-13,0.0,-5.83,37.22,62.7,1.14,-18.3
2008-12-14,0.0,-5.87,40.32,62.73,1.15,-17.99
2008-12-15,0.0,-5.78,47.29,62.73,1.24,-15.97
2008-12-16,0.0,-5.63,66.32,62.8,0.83,-11.63
2008-12-17,0.0,-5.43,71.41,62.97,1.24,-10.49
2008-12-18,0.0,-2.58,51.29,63.11,1.06,-11.29
2008-12-19,0.02,-3.02,79.68,62.98,0.81,-6.51
2008-12-20,0.1,-4.61,96.13,62.85,1.43,-5.6
2008-12-21,0.0,-5.28,88.75,62.66,1.43,-7.24
2008-12-22,0.0,-6.44,46.43,62.63,1.28,-17.03
2008-12-23,0.0,-5.43,37.44,62.55,1.25,-18.09
2008-12-24,0.0,-6.56,49.35,62.33,1.28,-15.87
2008-12-25,0.0,-7.06,50.65,62.33,1.49,-16.18
2008-12-26,0.0,-8.16,55.77,62.22,1.62,-16.12
2008-12-27,0.0,-7.76,41.44,62.25,1.34,-18.75
2008-12-28,0.0,-7.51,37.71,62.27,1.35,-20.1
2008-12-29,0.0,-7.44,49.43,62.35,1.44,-16.47
2008-12-30,0.0,-8.82,69.22,62.36,1.65,-13.95
2008-12-31,0.0,-10.8,59.63,62.18,1.43,-17.63
2009-01-01,0.0,-10.15,40.51,62.15,1.46,-21.07
2009-01-02,0.0,-7.7,47.98,62.37,1.49,-17.0
2009-01-03,0.13,-5.81,61.83,62.47,1.24,-12.09
2009-01-04,1.6,-8.37,94.03,62.15,2.11,-9.79
2009-01-05,0.17,-11.06,80.07,61.98,1.5,-14.61
2009-01-06,0.0,-12.06,69.2,62.1,1.61,-17.0
2009-01-07,0.0,-11.61,82.01,62.28,1.77,-14.77
2009-01-08,0.0,-10.45,82.16,62.46,1.64,-13.61
2009-01-09,0.0,-9.96,68.5,62.59,1.53,-15.16
2009-01-10,0.0,-9.78,70.74,62.57,1.5,-14.54
2009-01-11,0.0,-9.59,57.44,62.56,1.3,-17.28
2009-01-12,0.0,-7.13,41.98,62.75,1.27,-18.0
2009-01-13,0.0,-6.27,41.67,62.93,1.26,-17.63
2009-01-14,0.0,-6.29,52.55,62.99,1.01,-14.38
2009-01-15,0.01,-3.65,42.37,63.01,0.95,-14.24
2009-01-16,1.36,-4.49,73.02,63.08,0.65,-9.28
2009-01-17,0.28,-5.77,81.76,62.88,0.93,-9.07
2009-01-18,1.96,-6.44,93.29,62.65,3.09,-7.95
2009-01-19,0.06,-6.33,62.58,62.64,1.39,-13.1
2009-01-20,0.0,-5.04,40.22,62.72,0.97,-16.75
2009-01-21,0.0,-1.75,44.54,62.92,1.06,-12.88
2009-01-22,0.0,-3.67,78.71,62.95,0.56,-7.31
2009-01-23,0.0,-3.22,81.43,62.92,0.74,-6.45
2009-01-24,0.0,-3.59,87.37,62.91,0.6,-5.91
2009-01-25,0.0,-4.24,78.73,62.71,2.17,-7.93
2009-01-26,0.0,-5.23,86.15,62.5,1.93,-7.99
2009-01-27,0.0,-7.05,85.07,62.36,2.52,-9.95
2009-01-28,0.0,-6.06,44.88,62.47,1.48,-17.16
2009-01-29,0.0,-5.38,40.68,62.6,1.74,-17.66
2009-01-30,0.0,-6.88,57.74,62.45,1.94,-14.36
2009-01-31,0.0,-7.59,44.72,62.22,1.31,-17.8
2009-02-01,0.0,-6.24,49.09,62.38,1.17,-15.75
2009-02-02,0.0,-6.56,46.62,62.48,1.31,-16.39
2009-02-03,0.0,-6.18,63.75,62.48,1.71,-12.5
2009-02-04,0.0,-7.08,59.98,62.54,1.88,-14.72
2009-02-05,0.0,-8.05,64.66,62.53,1.94,-14.37
2009-02-06,0.0,-8.36,80.83,62.53,2.05,-11.88
2009-02-07,0.0,-7.12,56.06,62.58,1.42,-15.46
2009-02-08,0.0,-4.97,35.12,62.75,1.25,-18.45
2009-02-09,0.0,-4.57,50.73,62.83,1.42,-14.03
2009-02-10,12.2,-5.4,78.12,62.46,2.69,-9.6
2009-02-11,10.21,-9.32,85.98,62.08,2.11,-12.26
2009-02-12,0.02,-6.99,53.36,62.35,1.29,-15.3
2009-02-13,0.12,-4.25,71.56,62.44,1.73,-9.16
2009-02-14,0.14,-7.0,89.41,62.37,2.28,-9.22
2009-02-15,0.0,-8.24,69.75,62.33,1.45,-14.16
2009-02-16,0.0,-6.73,55.01,62.5,1.34,-15.27
2009-02-17,0.0,-6.52,58.42,62.56,1.49,-13.85
2009-02-18,0.0,-8.33,59.38,62.45,1.43,-15.87
2009-02-19,0.0,-6.24,45.55,62.43,1.42,-16.73
2009-02-20,0.0,-6.61,79.76,62.63,2.31,-10.38
2009-02-21,0.0,-7.81,61.27,62.51,1.69,-14.67
2009-02-22,0.01,-5.96,63.14,62.21,1.72,-12.53
2009-02-23,0.09,-5.9,87.13,62.25,1.91,-8.44
2009-02-24,0.0,-6.12,85.22,62.17,2.66,-9.05
2009-02-25,0.0,-6.1,66.8,62.08,2.44,-12.27
2009-02-26,0.0,-7.52,69.51,62.07,2.06,-13.02
2009-02-27,0.0,-8.91,53.58,62.1,1.89,-18.24
2009-02-28,0.0,-9.26,50.13,61.89,2.18,-18.7
2009-03-01,0.0,-5.18,49.64,62.3,2.18,-14.68
2009-03-02,0.0,-1.99,58.21,62.61,1.8,-9.65
2009-03-03,0.0,-2.67,56.75,62.66,2.09,-10.62
2009-03-04,0.0,-4.25,68.97,62.56,1.7,-9.69
2009-03-05,0.0,-4.39,47.97,62.4,2.01,-14.7
2009-03-06,0.0,-3.86,38.01,62.49,2.11,-16.9
2009-03-07,0.0,-5.57,58.37,62.48,2.31,-12.58
2009-03-08,0.0,-5.94,65.95,62.38,2.45,-12.43
2009-03-09,0.0,-6.52,68.71,62.51,2.35,-12.22
2009-03-10,0.0,-7.14,64.34,62.47,2.44,-13.34
2009-03-11,0.0,-6.52,40.23,62.45,2.21,-18.59
2009-03-12,0.0,-2.21,32.85,62.73,1.56,-16.91
2009-03-13,0.0,-2.0,37.65,62.94,1.74,-14.93
2009-03-14,0.0,-4.06,48.02,62.86,1.9,-14.43
2009-03-15,0.0,-5.14,56.52,62.56,1.64,-13.43
2009-03-16,0.0,-3.84,57.77,62.53,1.78,-11.69
2009-03-17,0.19,-4.1,67.38,62.59,1.96,-10.05
2009-03-18,0.33,-3.65,61.96,62.55,1.69,-10.91
2009-03-19,0.0,-3.64,71.86,62.54,1.98,-8.87
2009-03-20,0.27,-4.18,86.55,62.51,2.12,-6.64
2009-03-21,0.03,-4.69,81.78,62.43,1.92,-7.94
2009-03-22,0.0,-4.54,67.61,62.48,1.68,-10.8
2009-03-23,0.0,-2.91,64.55,62.66,1.73,-9.26
2009-03-24,0.05,-2.95,70.52,62.67,2.0,-8.58
2009-03-25,2.66,-4.34,85.25,62.48,1.99,-7.17
2009-03-26,0.02,-4.78,70.93,62.19,1.53,-9.89
2009-03-27,5.86,-3.85,70.41,62.38,2.12,-9.35
2009-03-28,0.53,-2.14,73.94,62.53,2.0,-7.41
2009-03-29,0.62,-4.14,81.06,62.43,2.05,-7.37
2009-03-30,0.0,-3.99,67.91,62.38,2.17,-10.08
2009-03-31,0.0,-2.37,58.59,62.29,1.96,-10.71
2009-04-01,0.0,-0.58,52.4,62.54,2.05,-10.07
2009-04-02,1.91,0.3,70.03,62.72,2.15,-5.21
2009-04-03,2.73,-1.48,74.88,62.73,2.21,-6.1
2009-04-04,0.0,0.26,38.47,62.75,1.82,-13.67
2009-04-05,0.24,2.23,40.74,62.79,2.07,-10.53
2009-04-06,2.08,-1.72,69.58,62.6,2.11,-7.17
2009-04-07,1.42,-3.69,69.72,62.47,2.29,-9.66
2009-04-08,7.51,-3.73,76.76,62.41,3.09,-7.88
2009-04-09,7.2,-5.23,91.09,62.3,2.89,-6.95
2009-04-10,0.0,-3.54,54.88,62.52,1.83,-12.31
2009-04-11,0.0,0.67,44.09,62.72,1.89,-10.93
2009-04-12,0.0,0.7,57.52,62.77,2.1,-7.44
2009-04-13,0.0,0.52,62.27,62.65,1.97,-7.11
2009-04-14,0.0,1.01,60.69,62.7,2.11,-6.54
2009-04-15,0.21,0.87,60.6,62.81,2.31,-6.49
2009-04-16,0.02,-0.01,75.28,62.65,2.56,-4.63
2009-04-17,0.0,0.92,54.77,62.49,1.93,-8.88
2009-04-18,0.0,3.0,45.54,62.59,2.18,-8.54
2009-04-19,0.0,3.91,44.61,62.67,1.99,-8.3
2009-04-20,0.0,3.8,48.08,62.69,2.97,-7.18
2009-04-21,0.0,1.1,62.69,62.49,3.64,-5.6
2009-04-22,0.0,-0.19,63.34,62.48,3.31,-7.2
2009-04-23,0.0,-0.25,47.36,62.65,2.32,-11.22
2009-04-24,0.0,-0.14,42.85,62.73,2.32,-12.39
2009-04-25,0.0,-0.01,36.31,62.83,2.4,-14.21
2009-04-26,0.0,0.53,35.31,62.8,2.11,-13.93
2009-04-27,0.0,4.08,43.71,62.87,2.19,-7.75
2009-04-28,0.0,5.66,45.07,62.95,2.27,-6.37
2009-04-29,0.0,4.69,51.37,63.02,2.18,-5.4
2009-04-30,0.0,5.33,39.07,62.94,2.19,-8.44
2009-05-01,0.0,5.54,40.28,63.0,1.82,-7.8
2009-05-02,0.0,3.48,58.93,63.01,1.86,-4.48
2009-05-03,0.08,2.3,71.36,62.91,2.11,-2.69
2009-05-04,0.84,2.55,67.86,62.8,2.39,-4.04
2009-05-05,1.47,1.92,73.78,62.82,3.04,-3.19
2009-05-06,0.03,1.54,64.69,62.76,2.58,-5.37
2009-05-07,0.0,1.67,56.47,62.62,2.48,-6.9
2009-05-08,0.0,1.93,54.36,62.57,2.48,-7.08
2009-05-09,0.0,2.27,48.97,62.48,2.32,-7.78
2009-05-10,4.25,1.7,59.9,62.45,3.31,-5.71
2009-05-11,2.1,0.87,64.42,62.43,2.82,-5.88
2009-05-12,0.02,0.66,71.09,62.38,2.15,-4.73
2009-05-13,0.0,3.15,56.01,62.43,2.12,-6.09
2009-05-14,0.0,4.45,58.25,62.5,2.39,-4.04
2009-05-15,0.23,4.03,59.39,62.67,2.57,-4.09
2009-05-16,3.5,4.71,53.4,62.8,2.44,-5.51
2009-05-17,0.05,5.23,54.47,62.91,2.17,-4.08
2009-05-18,0.0,7.25,43.1,62.94,1.93,-5.75
2009-05-19,5.95,6.34,54.27,63.0,1.97,-3.54
2009-05-20,4.86,5.86,70.22,62.86,2.13,0.13
2009-05-21,0.0,6.03,69.29,62.84,2.36,-0.49
2009-05-22,0.0,5.15,57.49,62.81,2.28,-3.68
2009-05-23,0.24,4.38,57.67,62.72,2.25,-3.91
2009-05-24,6.74,3.77,57.31,62.54,2.04,-4.88
2009-05-25,0.04,3.29,61.24,62.36,2.06,-4.19
2009-05-26,0.0,4.15,60.52,62.15,1.48,-3.82
2009-05-27,0.1,4.29,66.38,62.54,2.26,-1.97
2009-05-28,10.01,3.61,67.52,62.59,1.98,-2.45
2009-05-29,0.38,3.87,70.85,62.62,2.06,-1.42
2009-05-30,2.62,3.31,66.82,62.49,1.78,-2.69
2009-05-31,16.43,4.37,66.0,62.44,1.73,-2.51
2009-06-01,8.04,4.37,68.13,62.47,2.01,-1.98
2009-06-02,0.0,6.17,64.02,62.49,1.99,-1.07
2009-06-03,0.0,7.15,60.2,62.63,2.08,-1.57
2009-06-04,0.0,7.92,53.52,62.63,2.0,-2.12
2009-06-05,0.5,6.62,59.63,62.6,2.12,-1.8
2009-06-06,0.25,4.91,73.93,62.45,2.68,-0.02
2009-06-07,0.0,4.31,53.78,62.35,2.11,-5.39
2009-06-08,0.0,4.47,41.19,62.41,2.26,-8.31
2009-06-09,0.0,4.32,42.95,62.57,2.16,-8.0
2009-06-10,0.0,4.62,52.18,62.72,2.34,-4.84
2009-06-11,0.06,4.95,47.35,62.74,2.16,-6.43
2009-06-12,0.0,5.0,57.74,62.71,2.25,-3.33
2009-06-13,0.0,4.56,60.51,62.82,2.17,-3.35
2009-06-14,0.0,4.83,66.42,62.82,2.07,-1.64
2009-06-15,0.87,4.66,73.41,62.66,2.69,-0.66
2009-06-16,0.03,4.2,65.35,62.6,2.58,-3.03
2009-06-17,0.0,4.95,63.34,62.6,2.37,-2.67
2009-06-18,0.0,5.69,59.51,62.62,2.23,-2.87
2009-06-19,0.0,6.18,59.62,62.66,2.16,-2.32
2009-06-20,0.0,6.48,56.66,62.67,2.19,-2.57
2009-06-21,0.0,6.94,49.17,62.65,2.05,-4.28
2009-06-22,0.0,7.36,43.84,62.67,1.97,-5.29
2009-06-23,0.0,7.79,39.68,62.7,2.02,-6.25
2009-06-24,0.0,9.0,37.86,62.8,2.08,-5.51
2009-06-25,0.0,9.55,42.73,62.84,1.99,-3.3
2009-06-26,0.0,9.85,49.54,62.76,2.06,-1.12
2009-06-27,0.0,10.35,55.2,62.7,2.07,0.77
2009-06-28,17.53,9.96,67.6,62.71,2.38,3.46
2009-06-29,16.02,9.16,74.99,62.63,1.91,3.96
2009-06-30,7.33,8.15,72.22,62.58,2.08,2.55
2009-07-01,2.83,7.22,64.89,62.53,2.09,-0.33
2009-07-02,0.1,6.73,72.61,62.41,2.31,1.3
2009-07-03,0.0,5.62,73.43,62.42,2.11,0.19
2009-07-04,0.0,6.27,72.33,62.51,2.15,0.51
2009-07-05,0.0,6.99,62.97,62.59,2.0,-1.06
2009-07-06,0.0,7.31,61.66,62.63,1.95,-0.9
2009-07-07,14.15,7.63,68.97,62.6,2.04,1.27
2009-07-08,4.39,8.65,75.56,62.63,2.04,3.65
2009-07-09,2.77,9.85,80.81,62.67,2.28,5.97
2009-07-10,2.65,9.56,82.1,62.73,2.18,6.18
2009-07-11,0.62,10.09,79.81,62.72,1.85,6.38
2009-07-12,4.2,10.71,84.84,62.56,2.34,7.83
2009-07-13,2.88,9.75,77.02,62.5,2.28,5.18
2009-07-14,0.29,8.6,84.84,62.52,1.85,5.76
2009-07-15,2.89,9.21,83.5,62.62,2.28,6.05
2009-07-16,6.35,9.87,79.21,62.68,1.91,5.89
2009-07-17,2.34,10.62,80.83,62.58,2.12,6.81
2009-07-18,12.14,10.84,85.82,62.68,2.32,8.24
2009-07-19,0.55,11.28,79.58,62.62,2.06,7.14
2009-07-20,0.64,11.12,83.18,62.53,2.22,7.62
2009-07-21,18.25,9.99,83.25,62.7,1.92,6.82
2009-07-22,3.64,9.98,86.55,62.65,2.22,7.43
2009-07-23,6.06,9.92,85.68,62.69,2.32,7.23
2009-07-24,15.95,9.99,85.07,62.72,1.98,7.16
2009-07-25,5.52,10.81,86.66,62.65,1.97,8.21
2009-07-26,15.92,10.98,83.55,62.47,1.98,7.89
2009-07-27,35.42,9.88,93.3,62.33,2.04,8.52
2009-07-28,8.96,9.05,88.61,62.32,2.14,6.95
2009-07-29,14.39,9.21,90.8,62.41,2.51,7.53
2009-07-30,3.34,8.47,85.29,62.5,1.86,5.63
2009-07-31,2.2,8.67,84.81,62.51,2.02,5.9
2009-08-01,1.45,9.13,80.72,62.55,1.87,5.52
2009-08-02,0.36,10.17,84.36,62.6,1.94,7.29
2009-08-03,4.65,11.04,89.48,62.56,1.95,9.06
2009-08-04,2.18,11.46,88.84,62.51,1.89,9.28
2009-08-05,0.24,11.18,86.42,62.49,1.94,8.42
2009-08-06,25.46,10.67,88.59,62.5,2.06,8.47
2009-08-07,33.78,10.04,89.27,62.55,1.95,7.95
2009-08-08,7.97,9.12,83.47,62.57,1.83,5.89
2009-08-09,2.35,9.4,80.4,62.51,1.84,5.65
2009-08-10,10.19,10.11,90.17,62.58,1.99,8.26
2009-08-11,0.89,10.13,90.25,62.81,1.85,8.43
2009-08-12,0.12,11.27,88.08,62.78,1.65,9.09
2009-08-13,4.95,11.74,86.65,62.71,1.55,8.99
2009-08-14,11.24,10.26,91.62,62.69,1.45,8.6
2009-08-15,5.53,8.82,91.67,62.75,1.54,7.28
2009-08-16,1.31,8.24,89.46,62.69,1.72,6.35
2009-08-17,2.98,8.67,89.01,62.75,2.22,6.62
2009-08-18,8.8,8.47,90.03,62.74,2.15,6.55
2009-08-19,0.08,6.55,74.9,62.77,1.69,1.88
2009-08-20,0.01,5.56,71.94,62.68,1.68,-0.11
2009-08-21,0.8,5.98,77.71,62.63,1.71,1.74
2009-08-22,0.01,6.63,76.38,62.56,1.64,2.03
2009-08-23,0.0,6.74,79.45,62.62,1.86,2.83
2009-08-24,5.72,7.11,78.84,62.75,1.67,2.8
2009-08-25,9.02,7.57,82.45,62.77,1.63,4.13
2009-08-26,2.2,7.72,85.96,62.77,1.59,5.05
2009-08-27,4.53,8.25,86.79,62.74,1.93,5.81
2009-08-28,8.52,8.89,87.84,62.87,1.47,6.63
2009-08-29,6.12,9.19,90.07,62.87,1.34,7.21
2009-08-30,11.66,8.31,83.33,62.95,1.56,5.37
2009-08-31,11.85,7.52,87.49,63.0,1.32,5.31
2009-09-01,3.48,8.07,87.0,62.9,1.86,5.63
2009-09-02,0.22,7.17,78.51,62.73,1.63,3.0
2009-09-03,5.68,5.67,87.63,62.68,2.59,3.5
2009-09-04,10.95,5.02,64.1,62.61,1.81,-1.84
2009-09-05,1.54,4.44,68.5,62.47,1.72,-1.41
2009-09-06,0.0,4.42,67.84,62.45,1.64,-1.62
2009-09-07,0.02,5.1,73.09,62.59,1.56,-0.1
2009-09-08,9.3,5.62,84.01,62.74,1.85,2.71
2009-09-09,18.28,5.71,90.52,62.81,1.91,4.02
2009-09-10,34.38,6.1,91.19,62.68,1.78,4.46
2009-09-11,19.06,6.18,89.62,62.72,1.74,4.29
2009-09-12,2.76,5.65,89.85,62.87,1.9,3.77
2009-09-13,0.0,5.97,76.96,62.91,1.72,1.84
2009-09-14,0.0,4.34,67.09,62.86,1.68,-2.06
2009-09-15,0.0,4.12,73.76,62.69,1.69,-0.76
2009-09-16,0.0,3.57,67.64,62.74,1.77,-2.51
2009-09-17,0.0,3.9,65.51,62.87,1.74,-2.8
2009-09-18,0.0,4.55,64.82,62.94,1.62,-2.41
2009-09-19,0.0,6.53,62.78,62.9,1.37,-1.12
2009-09-20,1.99,7.1,63.94,62.9,1.51,-0.49
2009-09-21,4.02,6.58,73.68,62.89,1.47,1.58
2009-09-22,3.91,5.51,73.65,62.8,1.52,0.55
2009-09-23,0.0,6.18,67.94,62.75,1.63,-0.14
2009-09-24,0.32,6.22,60.1,62.8,1.62,-2.06
2009-09-25,23.45,6.88,51.44,62.81,1.31,-3.67
2009-09-26,1.06,7.13,60.93,62.97,1.39,-1.29
2009-09-27,0.0,5.89,69.45,62.97,1.58,-0.13
2009-09-28,0.0,5.55,54.65,62.97,1.48,-3.49
2009-09-29,0.04,4.71,55.47,62.87,1.58,-4.35
2009-09-30,1.43,5.32,68.22,62.83,1.45,-0.77
2009-10-01,6.64,6.0,81.01,62.96,1.44,2.61
2009-10-02,0.03,5.56,79.32,63.01,1.49,1.59
2009-10-03,0.13,5.28,76.36,62.85,1.58,0.87
2009-10-04,25.68,4.75,78.63,62.8,1.6,0.95
2009-10-05,18.9,4.19,88.28,62.79,1.71,2.13
2009-10-06,15.36,3.67,84.8,62.65,1.73,1.16
2009-10-07,1.02,2.7,82.57,62.45,2.02,-0.2
2009-10-08,0.0,0.94,62.79,62.38,1.75,-6.21
2009-10-09,0.0,-0.58,59.4,62.46,1.65,-8.31
2009-10-10,0.0,-1.97,65.43,62.62,1.71,-8.64
2009-10-11,0.0,-2.0,61.95,62.72,1.55,-9.2
2009-10-12,0.0,-1.47,64.2,62.78,1.64,-7.84
2009-10-13,0.0,-0.59,65.04,62.84,1.56,-6.97
2009-10-14,0.0,-1.0,65.34,62.87,1.5,-7.42
2009-10-15,0.0,-1.2,63.14,62.88,1.49,-8.03
2009-10-16,0.0,-1.31,62.74,62.88,1.69,-7.9
2009-10-17,0.0,-1.23,68.88,62.68,1.55,-7.08
2009-10-18,0.0,-2.58,79.54,62.54,1.61,-6.4
2009-10-19,0.0,-3.62,72.5,62.59,1.62,-8.9
2009-10-20,0.0,-2.84,59.47,62.64,1.67,-10.6
2009-10-21,0.0,-2.82,53.18,62.74,1.7,-11.73
2009-10-22,0.0,-2.93,49.88,62.86,1.62,-12.62
2009-10-23,0.0,-2.35,38.99,62.78,1.44,-14.88
2009-10-24,0.0,-2.04,35.68,62.7,1.66,-15.29
2009-10-25,0.0,-2.72,40.44,62.7,1.56,-14.67
2009-10-26,0.0,-2.26,40.49,62.81,1.45,-14.23
2009-10-27,0.0,-1.0,40.36,62.81,1.37,-13.01
2009-10-28,0.0,-2.02,53.0,62.9,1.48,-10.67
2009-10-29,0.0,-2.0,54.19,63.03,1.5,-10.57
2009-10-30,0.0,-0.93,46.53,62.85,1.25,-11.79
2009-10-31,0.0,-0.33,45.42,62.78,1.36,-11.21
2009-11-01,0.0,-1.96,55.36,62.84,1.43,-10.34
2009-11-02,0.0,-2.52,65.22,62.96,1.46,-8.97
2009-11-03,0.0,-2.33,68.68,63.03,1.39,-7.93
2009-11-04,0.0,-2.05,52.34,63.06,1.18,-10.82
2009-11-05,0.0,-1.78,54.86,63.0,1.48,-10.37
2009-11-06,0.0,-2.86,58.9,62.88,1.52,-10.53
2009-11-07,0.0,-3.51,59.4,62.7,1.5,-11.16
2009-11-08,0.0,-3.65,57.85,62.66,1.52,-11.34
2009-11-09,0.2,-4.96,75.58,62.53,2.31,-9.1
2009-11-10,0.57,-5.6,84.7,62.34,2.41,-8.34
2009-11-11,0.0,-4.76,42.61,62.39,1.26,-16.14
2009-11-12,0.15,-0.91,34.83,62.72,1.16,-15.27
2009-11-13,1.01,-0.71,84.62,62.86,2.17,-3.34
2009-11-14,0.06,-1.87,68.32,62.73,1.99,-7.96
2009-11-15,0.01,-3.39,84.48,62.36,2.44,-5.84
2009-11-16,0.06,-5.61,55.64,62.38,1.9,-13.76
2009-11-17,0.35,-7.12,74.47,62.37,1.67,-11.74
2009-11-18,0.0,-7.6,59.42,62.35,1.71,-15.25
2009-11-19,0.0,-7.57,38.98,62.4,1.48,-19.86
2009-11-20,0.0,-5.17,34.62,62.63,1.57,-18.61
2009-11-21,0.0,-4.29,34.37,62.68,1.38,-18.2
2009-11-22,0.0,-4.32,36.7,62.68,1.38,-17.37
2009-11-23,0.0,-2.74,27.92,62.81,1.17,-18.73
2009-11-24,0.0,-2.7,23.55,62.73,1.1,-20.33
2009-11-25,0.0,-4.12,29.56,62.57,1.22,-18.99
2009-11-26,0.0,-5.14,31.48,62.47,1.57,-19.29
2009-11-27,0.0,-2.3,26.94,62.66,1.25,-18.5
2009-11-28,0.0,-1.54,41.15,62.83,1.03,-13.15
2009-11-29,0.0,-1.96,57.63,62.84,1.13,-9.39
2009-11-30,0.0,-1.64,53.74,62.87,0.92,-9.78
2009-12-01,0.0,-2.92,46.74,62.87,0.89,-12.6
2009-12-02,0.0,-2.46,32.28,62.84,1.26,-16.55
2009-12-03,0.0,-2.31,25.94,62.83,1.2,-18.95
2009-12-04,0.0,-2.66,34.28,62.71,1.13,-15.75
2009-12-05,0.0,-5.83,40.44,62.45,1.63,-17.22
2009-12-06,0.0,-7.39,43.69,62.35,1.3,-18.1
2009-12-07,0.0,-6.58,27.17,62.39,1.13,-22.58
2009-12-08,0.0,-4.66,25.56,62.5,1.05,-21.06
2009-12-09,0.0,-3.71,44.1,62.63,1.18,-14.41
2009-12-10,0.0,-4.47,77.06,62.58,1.41,-8.38
2009-12-11,0.0,-4.86,70.07,62.5,1.39,-10.33
2009-12-12,0.0,-4.93,58.93,62.55,0.94,-12.05
2009-12-13,0.0,-7.01,81.1,62.43,1.53,-10.51
2009-12-14,0.01,-7.96,60.77,62.51,1.24,-15.11
2009-12-15,0.06,-7.9,90.07,62.46,1.31,-9.92
2009-12-16,0.0,-8.59,69.87,62.47,1.53,-14.13
2009-12-17,0.0,-9.03,61.71,62.48,1.5,-15.63
2009-12-18,0.0,-9.03,66.57,62.52,1.4,-14.81
2009-12-19,0.0,-8.68,45.85,62.68,1.35,-19.39
2009-12-20,0.0,-5.52,40.34,62.76,1.36,-17.07
2009-12-21,0.0,-7.0,31.85,62.64,1.05,-20.6
2009-12-22,0.0,-7.64,34.74,62.4,1.29,-20.57
2009-12-23,0.0,-9.56,51.16,62.21,1.33,-17.87
2009-12-24,0.0,-9.25,43.74,62.17,1.26,-19.47
2009-12-25,0.0,-6.6,26.79,62.29,1.37,-22.06
2009-12-26,0.0,-6.94,38.43,62.22,1.19,-18.46
2009-12-27,0.0,-7.67,31.34,62.22,1.24,-21.22
2009-12-28,0.0,-8.4,34.05,62.18,1.08,-21.23
2009-12-29,0.0,-7.51,34.59,62.21,1.24,-20.08
2009-12-30,0.0,-9.48,46.63,62.01,1.23,-18.75
2009-12-31,0.0,-9.3,43.34,62.12,1.37,-20.8
2010-01-01,0.0,-6.58,25.95,62.45,1.42,-22.76
2010-01-02,0.0,-4.75,22.73,62.72,1.37,-22.28
2010-01-03,6.93,-6.12,55.92,62.63,1.84,-15.18
2010-01-04,0.04,-7.61,60.3,62.19,1.35,-15.2
2010-01-05,0.0,-6.36,35.26,62.31,1.61,-19.57
2010-01-06,0.0,-6.46,35.39,62.46,1.61,-19.47
2010-01-07,0.0,-4.3,22.65,62.68,1.18,-22.31
2010-01-08,0.0,-7.06,30.17,62.5,1.45,-21.71
2010-01-09,0.0,-8.18,28.01,62.44,1.32,-23.13
2010-01-10,0.0,-7.98,25.83,62.48,1.19,-23.99
2010-01-11,0.0,-8.36,26.33,62.52,1.19,-23.97
2010-01-12,0.0,-8.55,27.57,62.47,1.43,-24.1
2010-01-13,4.09,-9.77,73.37,62.16,1.9,-14.38
2010-01-14,0.0,-8.22,57.59,62.57,1.31,-15.89
2010-01-15,0.0,-6.34,44.03,62.82,1.44,-16.77
2010-01-16,0.0,-4.85,32.49,62.93,1.28,-18.81
2010-01-17,0.0,-5.84,40.29,62.81,1.35,-17.59
2010-01-18,0.0,-8.37,44.95,62.67,1.32,-18.32
2010-01-19,0.0,-9.13,45.38,62.48,1.28,-18.79
2010-01-20,0.0,-8.42,50.7,62.65,1.4,-17.0
2010-01-21,0.0,-8.18,54.49,62.52,1.71,-16.21
2010-01-22,0.0,-8.57,58.32,62.51,1.31,-15.78
2010-01-23,0.0,-7.4,57.71,62.53,1.38,-15.0
2010-01-24,0.0,-7.54,52.35,62.4,1.35,-15.81
2010-01-25,0.0,-8.53,65.24,62.39,1.33,-14.29
2010-01-26,0.0,-8.58,51.66,62.46,1.43,-17.53
2010-01-27,0.0,-6.71,42.79,62.52,1.37,-17.33
2010-01-28,0.0,-7.29,52.91,62.52,1.34,-15.79
2010-01-29,0.0,-8.78,64.15,62.45,1.86,-15.16
2010-01-30,0.0,-8.75,42.84,62.41,1.45,-20.19
2010-01-31,0.0,-7.98,36.32,62.33,1.42,-20.59
2010-02-01,0.0,-9.61,51.7,62.17,1.5,-17.82
2010-02-02,0.0,-10.87,59.73,62.12,1.61,-17.74
2010-02-03,0.0,-11.13,48.42,62.18,1.6,-20.43
2010-02-04,0.0,-10.02,44.24,62.25,1.56,-20.02
2010-02-05,0.0,-7.56,51.5,62.4,1.54,-15.96
2010-02-06,0.0,-6.69,75.23,62.57,1.6,-10.88
2010-02-07,0.06,-5.79,88.02,62.65,1.57,-7.98
2010-02-08,10.43,-6.44,97.89,62.18,3.69,-6.82
2010-02-09,15.25,-9.23,99.0,61.81,5.71,-9.89
2010-02-10,0.04,-13.75,76.38,62.23,1.49,-17.49
2010-02-11,0.0,-10.8,60.71,62.51,1.56,-17.06
2010-02-12,0.19,-11.77,87.36,62.4,2.0,-14.08
2010-02-13,0.0,-12.02,49.26,62.26,1.6,-20.93
2010-02-14,0.0,-12.2,63.35,62.12,1.81,-18.24
2010-02-15,0.0,-12.87,69.39,62.16,1.88,-17.7
2010-02-16,0.0,-11.37,86.0,62.27,2.09,-13.7
2010-02-17,0.0,-12.04,86.09,62.19,1.85,-14.32
2010-02-18,0.0,-9.34,50.97,62.33,1.63,-18.03
2010-02-19,0.0,-7.55,65.16,62.47,1.57,-13.64
2010-02-20,0.0,-6.55,46.8,62.59,1.66,-16.87
2010-02-21,0.0,-4.62,48.52,62.63,1.7,-14.46
2010-02-22,0.18,-5.03,55.91,62.58,1.57,-13.07
2010-02-23,5.72,-7.21,85.69,62.13,1.13,-9.96
2010-02-24,0.0,-7.52,74.78,62.15,1.56,-12.1
2010-02-25,0.0,-5.59,58.9,62.35,1.34,-13.32
2010-02-26,0.0,-4.8,70.32,62.52,1.67,-10.16
2010-02-27,0.0,-4.98,69.07,62.54,1.58,-10.66
2010-02-28,0.0,-3.18,61.23,62.59,1.8,-10.68
2010-03-01,0.0,-4.72,89.05,62.6,2.36,-6.6
2010-03-02,0.0,-5.41,51.93,62.5,1.85,-15.3
2010-03-03,0.04,-5.29,49.35,62.35,1.31,-14.77
2010-03-04,1.02,-4.78,78.77,62.31,2.81,-8.15
2010-03-05,0.12,-5.29,65.44,62.34,2.0,-11.84
2010-03-06,0.0,-5.59,47.21,62.45,1.97,-16.37
2010-03-07,0.01,-6.54,70.2,62.51,1.58,-11.88
2010-03-08,0.0,-5.37,53.79,62.54,2.25,-14.59
2010-03-09,0.0,-5.55,55.93,62.73,1.98,-14.37
2010-03-10,0.0,-4.92,49.71,62.83,1.72,-15.27
2010-03-11,0.0,-3.07,39.22,62.93,1.84,-15.96
2010-03-12,0.0,-4.22,48.85,62.85,1.94,-14.3
2010-03-13,0.0,-3.75,54.5,62.63,1.86,-12.84
2010-03-14,0.0,-3.39,59.94,62.46,1.54,-10.7
2010-03-15,0.0,-1.96,47.83,62.65,1.78,-12.45
2010-03-16,0.0,-2.96,70.92,62.86,1.51,-8.39
2010-03-17,0.0,-1.32,54.81,63.03,1.75,-10.17
2010-03-18,0.0,1.2,51.75,63.17,1.58,-8.54
2010-03-19,0.0,3.77,37.41,63.15,1.72,-10.56
2010-03-20,0.0,3.72,45.37,63.07,1.99,-8.21
2010-03-21,0.0,3.2,42.18,62.94,1.88,-9.34
2010-03-22,0.0,2.82,32.48,62.65,2.1,-12.69
2010-03-23,0.0,1.81,39.34,62.59,2.14,-10.9
2010-03-24,0.0,1.38,43.35,62.68,2.02,-10.42
2010-03-25,0.0,1.26,48.51,62.75,1.94,-9.41
2010-03-26,0.0,0.72,56.32,62.75,1.84,-7.26
2010-03-27,0.0,-0.72,64.74,62.71,1.99,-7.27
2010-03-28,0.0,1.03,41.19,62.7,2.24,-12.26
2010-03-29,0.0,1.53,44.0,62.69,2.49,-10.4
2010-03-30,0.0,-0.53,61.6,62.54,3.06,-7.35
2010-03-31,0.0,-1.44,51.01,62.45,2.32,-11.23
2010-04-01,0.0,-2.06,36.61,62.43,2.43,-16.04
2010-04-02,0.0,-1.7,39.31,62.57,2.47,-14.62
2010-04-03,0.0,-0.61,61.58,62.76,2.02,-8.28
2010-04-04,0.0,-0.33,49.72,62.82,2.23,-11.02
2010-04-05,0.0,-0.58,38.74,62.76,2.33,-14.17
2010-04-06,0.0,0.02,37.51,62.72,2.0,-14.79
2010-04-07,0.0,3.04,27.62,63.05,2.3,-14.58
2010-04-08,0.0,3.69,29.55,63.26,1.96,-12.42
2010-04-09,0.0,4.04,31.96,62.9,2.24,-11.66
2010-04-10,0.0,3.36,38.88,62.6,1.96,-10.25
2010-04-11,0.0,3.75,43.95,62.73,2.05,-7.9
2010-04-12,0.0,2.4,58.61,62.78,2.2,-5.23
2010-04-13,0.0,2.57,48.26,62.75,1.5,-8.68
2010-04-14,0.0,3.31,35.41,62.86,1.84,-12.14
2010-04-15,0.0,4.18,28.94,63.08,1.94,-12.59
2010-04-16,0.0,5.32,33.34,63.06,2.2,-9.77
2010-04-17,0.0,5.27,41.98,62.99,2.22,-7.59
2010-04-18,0.06,4.2,63.05,62.9,3.07,-2.59
2010-04-19,1.92,3.26,75.73,62.7,3.44,-1.24
2010-04-20,0.03,3.65,65.26,62.61,2.66,-3.45
2010-04-21,0.0,2.56,66.34,62.63,3.13,-3.75
2010-04-22,0.0,2.25,62.98,62.74,2.61,-5.16
2010-04-23,0.0,1.63,59.18,62.77,2.85,-6.09
2010-04-24,0.0,0.79,54.93,62.69,2.69,-8.2
2010-04-25,0.0,1.73,43.31,62.65,2.1,-10.48
2010-04-26,0.0,2.83,33.67,62.94,2.05,-13.13
2010-04-27,0.0,4.47,41.2,63.13,2.18,-8.42
2010-04-28,0.07,3.22,71.24,63.07,2.42,-2.02
2010-04-29,0.0,3.66,58.79,63.01,2.06,-5.35
2010-04-30,0.02,3.42,63.53,63.04,1.85,-3.74
2010-05-01,0.06,2.93,71.09,63.05,2.14,-2.38
2010-05-02,0.28,3.06,67.31,62.85,1.84,-3.66
2010-05-03,0.0,4.74,65.75,62.66,2.14,-2.71
2010-05-04,0.0,6.31,56.55,62.71,2.08,-3.79
2010-05-05,0.0,5.25,68.69,62.74,2.4,-0.98
2010-05-06,0.56,4.31,70.68,62.72,2.29,-1.23
2010-05-07,8.86,3.3,78.79,62.73,2.33,-0.78
2010-05-08,0.0,3.18,61.7,62.68,2.12,-4.65
2010-05-09,0.0,4.08,54.2,62.57,2.36,-5.81
2010-05-10,0.03,3.87,51.53,62.61,2.47,-6.38
2010-05-11,0.0,3.35,54.84,62.63,2.28,-5.53
2010-05-12,0.0,4.08,46.96,62.67,2.44,-7.69
2010-05-13,0.0,3.79,48.99,62.73,2.61,-6.99
2010-05-14,0.0,3.89,46.41,62.71,3.18,-6.97
2010-05-15,0.0,3.8,48.16,62.72,2.32,-6.89
2010-05-16,0.0,5.16,47.06,62.79,2.46,-6.42
2010-05-17,0.0,6.6,52.15,63.02,2.45,-3.31
2010-05-18,2.37,6.05,67.11,63.06,3.2,-0.05
2010-05-19,0.62,4.85,70.72,62.82,3.94,-0.79
2010-05-20,0.0,3.79,56.8,62.58,2.11,-4.72
2010-05-21,0.0,6.68,38.54,62.8,2.01,-7.92
2010-05-22,0.0,7.28,38.54,62.97,2.19,-6.62
2010-05-23,5.3,5.87,57.86,62.88,2.4,-2.34
2010-05-24,0.08,6.34,47.56,62.63,2.57,-5.78
2010-05-25,0.0,6.75,40.91,62.46,2.16,-6.92
2010-05-26,0.0,7.42,30.33,62.57,2.43,-9.99
2010-05-27,0.01,7.87,34.44,62.7,2.48,-8.47
2010-05-28,1.1,6.03,69.75,62.78,3.6,0.11
2010-05-29,0.68,4.86,65.92,62.76,3.15,-2.01
2010-05-30,0.0,3.58,55.1,62.65,2.05,-5.64
2010-05-31,0.0,5.95,44.03,62.7,2.06,-6.58
2010-06-01,0.0,6.88,41.77,62.81,2.31,-6.16
2010-06-02,0.03,6.78,48.93,62.91,2.29,-4.18
2010-06-03,0.02,6.86,57.13,62.97,2.46,-2.32
2010-06-04,4.95,5.85,67.08,62.86,2.75,-0.98
2010-06-05,0.0,4.81,52.18,62.62,2.6,-5.83
2010-06-06,0.0,3.96,46.02,62.45,2.53,-8.76
2010-06-07,5.85,4.33,56.78,62.56,2.21,-4.67
2010-06-08,11.54,3.88,80.12,62.59,2.91,0.32
2010-06-09,3.01,4.84,73.93,62.64,2.21,-0.31
2010-06-10,0.37,4.35,70.5,62.7,2.23,-1.57
2010-06-11,0.0,5.12,68.88,62.67,2.08,-1.07
2010-06-12,0.0,5.92,73.09,62.67,2.23,0.56
2010-06-13,2.84,5.3,77.24,62.64,2.56,0.91
2010-06-14,0.37,4.99,70.93,62.66,2.21,-0.79
2010-06-15,0.0,6.41,56.59,62.68,2.13,-3.14
2010-06-16,0.0,5.55,74.88,62.64,2.7,0.71
2010-06-17,0.0,5.73,73.68,62.65,2.45,0.62
2010-06-18,0.0,7.58,60.33,62.8,1.92,-1.37
2010-06-19,0.0,8.1,62.45,62.85,2.15,0.13
2010-06-20,0.21,8.51,74.13,62.9,2.1,3.32
2010-06-21,1.21,8.69,67.15,62.82,2.26,1.86
2010-06-22,6.44,8.25,65.22,62.67,2.04,1.3
2010-06-23,7.91,7.92,71.32,62.64,1.62,2.28
2010-06-24,23.73,7.48,78.24,62.54,2.07,3.13
2010-06-25,3.58,7.0,71.94,62.54,1.84,1.26
2010-06-26,0.01,7.47,71.27,62.55,2.14,1.68
2010-06-27,5.28,7.58,77.84,62.6,2.16,3.15
2010-06-28,0.53,7.69,73.75,62.59,2.38,2.35
2010-06-29,0.0,7.71,69.26,62.61,2.11,1.38
2010-06-30,0.59,7.43,69.65,62.66,2.06,1.03
2010-07-01,27.68,6.12,79.75,62.63,1.78,2.22
2010-07-02,1.71,6.46,67.3,62.71,1.87,-0.14
2010-07-03,1.2,7.75,73.37,62.79,2.21,2.47
2010-07-04,12.01,8.0,86.45,62.85,1.65,5.45
2010-07-05,25.67,8.3,88.27,62.82,2.37,6.1
2010-07-06,25.21,7.87,89.15,62.86,2.24,5.86
2010-07-07,3.26,8.43,84.74,62.98,1.65,5.65
2010-07-08,3.73,9.71,80.08,63.0,1.93,6.05
2010-07-09,6.21,10.06,86.97,62.83,2.04,7.55
2010-07-10,2.56,9.16,85.17,62.72,1.97,6.3
2010-07-11,12.79,8.67,80.8,62.59,1.93,5.02
2010-07-12,2.16,8.16,88.63,62.51,2.22,6.12
2010-07-13,1.91,8.33,73.62,62.65,1.89,3.26
2010-07-14,2.62,8.95,80.65,62.8,1.81,5.09
2010-07-15,10.01,9.49,76.58,62.85,1.86,4.77
2010-07-16,2.86,11.07,84.84,62.78,1.85,8.12
2010-07-17,3.61,11.5,88.18,62.78,1.67,9.25
2010-07-18,4.2,11.63,90.96,62.65,1.72,9.97
2010-07-19,23.32,10.66,90.74,62.5,2.67,8.97
2010-07-20,22.88,8.47,88.82,62.56,1.55,6.45
2010-07-21,6.78,8.23,89.28,62.61,1.56,6.24
2010-07-22,25.19,8.51,93.98,62.64,2.49,7.36
2010-07-23,1.63,9.63,89.29,62.58,1.98,7.68
2010-07-24,5.61,10.32,90.9,62.42,1.65,8.71
2010-07-25,1.98,10.35,93.05,62.47,1.95,9.13
2010-07-26,8.21,9.29,92.77,62.52,2.01,8.03
2010-07-27,5.75,8.4,89.28,62.69,2.15,6.43
2010-07-28,8.31,8.19,89.9,62.79,1.68,6.36
2010-07-29,12.77,9.78,82.82,62.72,1.8,6.74
2010-07-30,85.53,10.52,90.9,62.61,2.0,8.85
2010-07-31,53.07,7.83,90.95,62.67,0.91,6.2
2010-08-01,11.96,8.63,91.26,62.68,1.81,6.98
2010-08-02,1.13,9.9,83.64,62.71,1.96,6.96
2010-08-03,4.64,9.24,87.89,62.58,1.85,7.01
2010-08-04,14.29,9.42,87.41,62.6,1.71,7.0
2010-08-05,9.09,9.52,90.46,62.73,1.86,7.7
2010-08-06,5.64,9.41,90.66,62.93,2.23,7.74
2010-08-07,4.63,9.88,87.08,62.86,1.68,7.62
2010-08-08,23.87,8.98,89.98,62.79,1.88,7.21
2010-08-09,18.64,9.77,85.24,62.73,1.92,7.21
2010-08-10,10.81,10.02,91.04,62.73,2.12,8.35
2010-08-11,1.72,9.66,91.3,62.72,1.94,8.05
2010-08-12,3.09,9.33,92.46,62.72,1.78,7.89
2010-08-13,21.73,9.12,86.29,62.77,1.91,6.67
2010-08-14,1.93,8.06,93.43,62.7,1.48,6.87
2010-08-15,4.26,9.94,89.31,62.88,1.86,8.01
2010-08-16,3.72,9.92,94.83,62.9,1.96,9.02
2010-08-17,5.61,10.61,93.26,62.63,1.98,9.38
2010-08-18,38.32,9.64,93.32,62.61,1.42,8.5
2010-08-19,19.04,7.87,89.51,62.83,0.58,6.06
2010-08-20,6.11,9.39,89.68,62.92,1.69,7.6
2010-08-21,36.05,9.68,93.07,62.76,2.22,8.42
2010-08-22,9.63,9.42,86.85,62.68,1.42,6.94
2010-08-23,18.08,8.72,88.4,62.62,1.7,6.62
2010-08-24,36.96,8.56,85.03,62.54,1.88,5.82
2010-08-25,20.28,7.39,92.24,62.74,1.99,5.91
2010-08-26,17.79,7.25,84.44,62.8,1.34,4.56
2010-08-27,0.41,9.11,89.32,62.78,1.77,7.22
2010-08-28,13.47,9.49,93.58,62.76,1.86,8.4
2010-08-29,10.15,9.68,88.91,62.74,1.63,7.47
2010-08-30,15.59,9.42,88.91,62.68,1.59,7.22
2010-08-31,4.17,9.3,92.22,62.67,1.39,7.77
2010-09-01,33.26,9.53,93.17,62.82,1.67,8.28
2010-09-02,11.61,9.82,94.72,62.81,2.15,8.89
2010-09-03,21.61,8.46,97.91,62.71,2.05,7.91
2010-09-04,11.7,8.52,95.52,62.61,1.98,7.57
2010-09-05,19.83,8.34,93.03,62.69,1.71,7.08
2010-09-06,9.88,9.1,93.09,62.68,1.87,7.83
2010-09-07,14.31,8.82,92.93,62.64,2.3,7.45
2010-09-08,23.84,7.76,94.33,62.78,2.49,6.72
2010-09-09,3.53,7.45,93.12,62.86,1.98,6.16
2010-09-10,0.88,7.84,92.58,62.76,1.73,6.43
2010-09-11,16.36,7.95,85.01,62.74,2.03,5.22
2010-09-12,18.93,6.74,94.39,62.75,1.94,5.61
2010-09-13,8.92,6.56,91.66,62.68,1.93,5.04
2010-09-14,8.44,5.98,92.86,62.63,1.94,4.67
2010-09-15,3.46,5.57,84.02,62.65,1.63,2.8
2010-09-16,31.28,5.26,83.44,62.63,1.58,2.36
2010-09-17,21.5,5.03,85.22,62.64,1.67,2.41
2010-09-18,38.38,5.47,87.19,62.64,2.05,3.28
2010-09-19,56.47,4.19,94.96,62.73,2.02,3.25
2010-09-20,0.51,6.11,92.95,62.79,1.4,4.8
2010-09-21,4.03,7.18,90.36,62.82,1.62,5.51
2010-09-22,9.89,7.28,94.22,62.8,2.32,6.21
2010-09-23,1.57,5.72,94.25,62.75,2.3,4.64
2010-09-24,5.48,4.51,86.97,62.7,1.61,2.13
2010-09-25,0.01,2.78,67.35,62.77,1.38,-3.13
2010-09-26,0.0,3.09,72.08,62.87,1.53,-1.91
2010-09-27,0.0,3.07,61.49,62.89,1.41,-4.28
2010-09-28,0.0,3.51,47.66,62.91,1.45,-6.82
2010-09-29,0.0,3.23,42.68,62.97,1.44,-8.62
2010-09-30,0.0,2.96,51.38,62.96,1.45,-6.54
2010-10-01,3.27,3.74,57.74,62.95,1.38,-4.3
2010-10-02,0.09,3.12,61.12,62.93,1.5,-4.47
2010-10-03,0.0,2.32,67.86,62.86,1.45,-3.7
2010-10-04,0.0,2.7,72.07,62.72,0.98,-2.32
2010-10-05,0.0,3.38,71.27,62.66,0.99,-2.11
2010-10-06,0.0,3.66,82.04,62.66,1.42,0.35
2010-10-07,0.0,3.33,83.97,62.67,1.44,0.38
2010-10-08,0.0,3.01,74.96,62.56,1.57,-1.6
2010-10-09,0.0,2.62,73.75,62.32,1.35,-1.97
2010-10-10,0.0,1.53,68.17,62.33,1.54,-4.25
2010-10-11,0.0,0.79,66.51,62.57,1.43,-5.24
2010-10-12,0.0,0.86,65.47,62.71,1.39,-5.44
2010-10-13,0.0,2.9,58.45,62.7,1.22,-5.34
2010-10-14,0.0,3.87,56.18,62.71,1.28,-5.34
2010-10-15,0.0,4.42,64.6,62.86,1.44,-2.41
2010-10-16,0.0,4.55,66.01,62.87,1.19,-2.22
2010-10-17,0.0,4.35,76.59,62.83,1.17,-0.27
2010-10-18,0.0,4.19,76.35,62.9,1.29,-0.48
2010-10-19,0.0,3.62,72.8,62.94,1.34,-1.43
2010-10-20,0.0,2.27,76.33,62.84,1.39,-1.98
2010-10-21,2.67,0.44,80.29,62.46,1.76,-3.19
2010-10-22,5.4,-1.89,81.54,62.32,2.27,-5.27
2010-10-23,0.12,-2.64,86.54,62.36,2.08,-5.23
2010-10-24,0.0,-2.62,52.8,62.45,1.44,-11.42
2010-10-25,0.0,-2.28,50.0,62.62,1.36,-11.62
2010-10-26,0.0,-2.72,53.43,62.74,1.5,-11.25
2010-10-27,0.0,-3.91,50.12,62.76,1.44,-13.07
2010-10-28,0.0,-1.55,39.23,62.81,1.27,-13.75
2010-10-29,0.0,0.12,40.1,62.93,1.2,-12.23
2010-10-30,0.0,-1.27,56.41,62.93,1.57,-9.19
2010-10-31,0.0,-2.53,66.19,62.83,1.25,-8.49
2010-11-01,0.0,-2.18,64.53,62.67,1.43,-8.42
2010-11-02,0.0,-1.17,61.3,62.73,1.33,-8.3
2010-11-03,0.0,0.39,50.01,62.94,1.4,-9.38
2010-11-04,0.0,1.34,43.42,62.94,1.39,-9.96
2010-11-05,0.0,1.09,37.37,62.98,1.05,-12.24
2010-11-06,0.0,-0.67,40.42,62.92,1.22,-12.63
2010-11-07,0.0,-1.67,49.04,62.96,1.29,-11.45
2010-11-08,0.0,-1.38,44.52,63.12,1.45,-12.35
2010-11-09,0.0,0.19,36.05,63.24,1.4,-13.2
2010-11-10,0.0,1.18,33.26,62.96,1.26,-13.57
2010-11-11,0.0,1.55,37.75,62.77,1.11,-12.54
2010-11-12,0.0,-0.71,35.66,62.52,1.23,-14.44
2010-11-13,0.02,-2.66,39.46,62.53,1.4,-14.71
2010-11-14,0.24,-3.67,47.27,62.86,1.16,-13.46
2010-11-15,0.0,-2.99,53.36,62.99,1.15,-11.55
2010-11-16,0.07,-3.37,61.51,62.82,1.41,-10.07
2010-11-17,0.01,-2.21,63.64,62.83,1.29,-8.72
2010-11-18,14.25,-3.14,84.47,62.71,1.48,-5.97
2010-11-19,0.02,-5.41,85.4,62.41,1.63,-8.06
2010-11-20,0.0,-6.31,78.83,62.18,1.49,-10.2
2010-11-21,0.0,-3.44,46.58,62.41,1.23,-14.06
2010-11-22,0.03,-3.48,49.25,62.58,1.03,-12.97
2010-11-23,0.0,-4.08,57.35,62.62,1.17,-11.56
2010-11-24,0.1,-3.54,60.73,62.78,1.39,-10.81
2010-11-25,0.06,-2.35,81.22,62.88,1.72,-5.48
2010-11-26,0.0,-4.29,66.14,62.67,1.4,-10.31
2010-11-27,0.0,-5.15,65.11,62.5,1.35,-11.46
2010-11-28,0.0,-6.17,58.82,62.54,1.24,-14.25
2010-11-29,0.0,-7.38,51.59,62.56,1.4,-16.52
2010-11-30,0.0,-6.51,51.12,62.42,1.29,-15.69
2010-12-01,0.0,-5.62,43.81,62.43,1.14,-16.29
2010-12-02,0.0,-6.93,44.83,62.4,1.16,-17.53
2010-12-03,0.0,-6.59,50.97,62.5,1.34,-15.6
2010-12-04,0.0,-5.83,50.24,62.44,1.09,-15.22
2010-12-05,0.0,-6.49,52.47,62.46,1.13,-15.0
2010-12-06,0.0,-6.57,48.51,62.65,1.26,-16.09
2010-12-07,0.0,-6.06,42.53,62.68,1.32,-16.94
2010-12-08,0.0,-5.89,41.96,62.5,1.44,-17.68
2010-12-09,0.0,-7.75,67.81,62.31,1.52,-13.45
2010-12-10,0.0,-8.3,75.61,62.07,1.43,-12.71
2010-12-11,0.0,-8.83,67.65,61.93,1.43,-14.47
2010-12-12,0.0,-6.7,49.32,61.94,1.48,-16.3
2010-12-13,0.0,-5.69,45.35,62.08,1.13,-16.03
2010-12-14,0.0,-7.39,54.52,62.23,1.36,-15.52
2010-12-15,0.0,-6.58,47.07,62.48,1.5,-16.61
2010-12-16,0.0,-5.31,38.25,62.45,1.18,-17.48
2010-12-17,0.0,-8.77,49.48,62.29,1.31,-17.37
2010-12-18,0.0,-10.92,55.08,62.13,1.38,-18.14
2010-12-19,0.0,-11.32,54.8,62.3,1.44,-19.33
2010-12-20,0.0,-6.77,45.27,62.53,1.4,-16.79
2010-12-21,0.0,-6.53,43.04,62.34,1.34,-17.48
2010-12-22,0.0,-8.78,54.26,62.01,1.27,-16.44
2010-12-23,0.0,-10.14,76.46,61.99,1.51,-14.13
2010-12-24,0.0,-10.97,61.37,62.15,1.22,-17.55
2010-12-25,0.0,-8.78,41.5,62.19,1.19,-20.08
2010-12-26,0.0,-8.73,46.7,62.26,1.44,-18.37
2010-12-27,0.0,-9.39,47.78,62.35,1.29,-18.56
2010-12-28,0.01,-8.65,45.82,62.45,1.2,-18.09
2010-12-29,0.88,-7.57,69.74,62.5,1.5,-12.87
2010-12-30,15.47,-7.9,97.43,62.1,3.28,-8.82
2010-12-31,6.94,-10.3,96.97,61.68,2.81,-11.33
2011-01-01,0.0,-14.28,66.69,61.77,1.48,-20.05
2011-01-02,0.03,-10.18,38.62,62.17,1.31,-22.37
2011-01-03,0.0,-9.09,35.66,62.39,1.2,-22.23
2011-01-04,0.0,-7.53,36.23,62.4,0.93,-20.23
2011-01-05,0.0,-10.64,40.85,62.23,1.03,-21.53
2011-01-06,0.0,-9.77,39.82,62.4,1.06,-21.2
2011-01-07,0.0,-9.86,54.88,62.3,1.25,-17.2
2011-01-08,0.0,-11.6,74.83,62.01,1.91,-15.78
2011-01-09,0.0,-13.52,82.46,61.86,1.36,-16.61
2011-01-10,0.0,-12.65,50.91,62.01,1.73,-21.56
2011-01-11,0.05,-8.75,56.14,62.12,1.23,-16.56
2011-01-12,0.0,-10.29,51.59,62.08,1.29,-18.71
2011-01-13,0.07,-10.95,62.53,62.05,1.18,-16.91
2011-01-14,0.96,-11.38,76.66,62.06,1.91,-15.03
2011-01-15,5.88,-10.77,98.94,61.76,4.31,-11.09
2011-01-16,0.0,-13.71,65.67,61.61,1.69,-20.01
2011-01-17,0.1,-9.59,66.7,61.87,2.07,-15.81
2011-01-18,0.0,-12.91,86.31,61.79,2.08,-15.71
2011-01-19,0.0,-13.16,50.94,61.84,1.78,-22.01
2011-01-20,0.0,-8.01,47.6,62.22,1.3,-18.14
2011-01-21,0.0,-9.28,85.09,62.22,1.5,-12.22
2011-01-22,0.0,-10.81,49.57,62.21,1.53,-19.26
2011-01-23,0.0,-12.63,64.43,62.27,1.19,-18.41
2011-01-24,0.0,-13.49,56.06,62.25,1.58,-20.8
2011-01-25,0.18,-13.97,68.07,62.16,1.74,-19.06
2011-01-26,0.34,-13.45,71.09,62.19,1.19,-18.04
2011-01-27,0.0,-11.01,45.91,62.37,1.44,-20.68
2011-01-28,0.0,-9.3,49.14,62.33,1.27,-18.3
2011-01-29,0.0,-9.74,72.42,62.25,0.99,-14.26
2011-01-30,0.0,-11.29,93.49,62.15,1.68,-12.91
2011-01-31,0.0,-9.82,56.15,62.42,1.63,-17.61
2011-02-01,0.0,-8.7,49.73,62.5,1.48,-17.75
2011-02-02,0.0,-6.46,54.9,62.61,1.38,-14.66
2011-02-03,0.0,-4.93,62.22,62.77,1.54,-11.64
2011-02-04,0.0,-3.9,66.84,62.82,1.49,-9.57
2011-02-05,0.0,-5.3,67.07,62.61,1.64,-11.02
2011-02-06,0.06,-7.14,91.45,62.52,1.92,-9.2
2011-02-07,6.56,-7.43,99.03,62.15,4.98,-8.14
2011-02-08,0.74,-8.49,74.07,62.01,1.73,-13.49
2011-02-09,0.45,-10.17,58.47,62.13,1.54,-17.56
2011-02-10,0.0,-8.09,64.76,62.29,1.19,-13.98
2011-02-11,0.0,-7.59,66.22,62.42,1.23,-13.27
2011-02-12,0.0,-5.73,73.34,62.45,1.15,-10.27
2011-02-13,1.77,-6.37,96.21,62.31,2.66,-7.53
2011-02-14,5.07,-7.34,92.74,62.09,2.0,-9.11
2011-02-15,3.02,-8.27,95.64,61.96,2.75,-9.66
2011-02-16,9.93,-10.0,88.57,61.85,2.05,-12.22
2011-02-17,0.08,-11.73,79.1,61.89,1.51,-15.31
2011-02-18,0.0,-12.95,78.55,61.95,1.7,-16.92
2011-02-19,0.0,-10.81,85.84,62.18,1.79,-13.06
2011-02-20,0.24,-11.58,82.06,62.25,1.45,-14.85
2011-02-21,0.0,-11.41,75.03,62.32,1.68,-16.25
2011-02-22,0.0,-8.45,57.59,62.43,1.49,-16.37
2011-02-23,0.0,-8.54,76.09,62.4,1.88,-12.74
2011-02-24,0.12,-10.02,88.89,62.18,2.0,-12.06
2011-02-25,2.04,-10.54,92.5,61.9,2.33,-12.13
2011-02-26,0.77,-10.74,95.82,61.94,2.85,-11.63
2011-02-27,0.01,-11.38,84.77,62.22,1.76,-14.34
2011-02-28,0.01,-8.56,64.53,62.42,1.47,-15.0
2011-03-01,0.19,-8.49,96.27,62.37,1.73,-9.69
2011-03-02,0.9,-8.2,90.59,62.34,1.78,-10.31
2011-03-03,1.49,-7.13,97.01,62.29,2.96,-8.0
2011-03-04,0.46,-8.15,89.82,62.28,1.78,-10.31
2011-03-05,0.0,-9.22,65.24,62.39,1.46,-15.42
2011-03-06,0.0,-8.05,68.96,62.61,1.78,-14.06
2011-03-07,0.0,-5.96,55.08,62.68,1.54,-14.44
2011-03-08,0.0,-6.64,72.22,62.36,1.62,-11.85
2011-03-09,0.0,-8.93,83.53,62.18,1.92,-12.42
2011-03-10,0.0,-9.08,81.34,62.29,1.63,-12.93
2011-03-11,0.0,-6.6,80.29,62.33,1.4,-10.49
2011-03-12,0.0,-5.68,69.14,62.42,1.67,-12.21
2011-03-13,0.0,-3.85,58.68,62.53,1.53,-12.18
2011-03-14,0.0,-3.23,50.77,62.66,2.02,-13.1
2011-03-15,0.0,-1.46,42.98,62.93,1.27,-13.45
2011-03-16,0.0,-0.12,46.54,62.8,1.82,-10.68
2011-03-17,0.0,0.07,55.89,62.7,2.19,-8.56
2011-03-18,0.0,-2.03,76.27,62.49,2.38,-6.09
2011-03-19,0.39,-2.98,82.65,62.26,3.58,-5.91
2011-03-20,0.14,-4.89,80.82,62.11,3.98,-8.12
2011-03-21,0.0,-4.59,56.95,62.3,1.97,-12.9
2011-03-22,0.0,-3.19,51.05,62.52,2.02,-12.46
2011-03-23,0.0,-3.32,60.54,62.62,1.66,-10.44
2011-03-24,0.0,-3.66,69.28,62.62,1.74,-9.24
2011-03-25,0.0,-2.82,70.38,62.6,1.82,-8.44
2011-03-26,0.0,-1.89,70.45,62.65,2.06,-7.36
2011-03-27,0.0,-2.03,68.31,62.6,2.04,-8.04
2011-03-28,0.0,-2.0,76.67,62.62,2.12,-6.31
2011-03-29,4.63,-2.22,83.85,62.66,2.33,-5.15
2011-03-30,0.4,-3.34,76.21,62.56,2.2,-7.76
2011-03-31,0.0,-4.61,54.14,62.43,2.07,-13.45
2011-04-01,0.0,-4.93,66.93,62.42,2.3,-11.48
2011-04-02,0.1,-4.47,71.63,62.5,2.24,-9.61
2011-04-03,0.37,-5.82,75.65,62.47,2.91,-10.29
2011-04-04,0.0,-6.39,60.14,62.41,2.24,-13.68
2011-04-05,0.0,-5.4,68.65,62.62,2.42,-10.68
2011-04-06,0.0,-5.51,82.07,62.61,2.04,-8.77
2011-04-07,0.0,-4.52,82.43,62.6,2.33,-7.89
2011-04-08,0.0,-3.6,55.92,62.57,1.8,-12.1
2011-04-09,0.0,-2.23,62.61,62.71,1.87,-9.12
2011-04-10,0.25,-2.69,76.8,62.91,1.44,-6.82
2011-04-11,0.0,-1.8,76.92,62.84,1.7,-5.91
2011-04-12,3.05,-1.86,92.76,62.69,3.12,-3.16
2011-04-13,0.6,-1.94,78.2,62.62,1.97,-6.21
2011-04-14,0.0,-0.87,77.72,62.54,1.87,-4.81
2011-04-15,0.09,0.15,75.25,62.55,1.89,-4.43
2011-04-16,0.03,1.12,70.85,62.82,1.84,-4.35
2011-04-17,11.82,-0.1,89.63,62.84,2.89,-1.93
2011-04-18,3.62,-1.04,86.81,62.58,3.1,-3.49
2011-04-19,0.01,-3.21,72.42,62.48,2.71,-8.47
2011-04-20,0.0,-3.35,67.86,62.46,2.21,-9.17
2011-04-21,0.0,-2.58,66.94,62.53,2.04,-8.8
2011-04-22,0.01,-2.47,69.34,62.52,1.54,-8.06
2011-04-23,0.0,1.45,56.03,62.59,1.49,-7.42
2011-04-24,0.0,2.61,50.28,62.67,1.4,-8.19
2011-04-25,0.0,3.87,52.04,62.73,1.41,-6.57
2011-04-26,0.0,4.02,57.56,62.84,1.56,-5.14
2011-04-27,0.0,3.74,64.62,62.76,1.97,-3.6
2011-04-28,0.0,4.18,63.62,62.66,1.88,-2.63
2011-04-29,0.0,3.65,67.23,62.7,2.06,-2.51
2011-04-30,0.0,3.26,63.24,62.84,2.23,-3.9
2011-05-01,0.74,3.27,62.29,62.77,1.85,-4.44
2011-05-02,0.17,2.16,69.36,62.56,1.7,-3.38
2011-05-03,0.0,4.65,51.5,62.65,1.57,-6.16
2011-05-04,1.02,4.56,63.14,62.79,1.92,-3.2
2011-05-05,2.09,4.2,73.96,62.78,2.09,-0.88
2011-05-06,5.76,2.97,78.91,62.77,2.61,-1.01
2011-05-07,0.0,1.12,79.33,62.56,2.65,-2.38
2011-05-08,0.0,2.4,65.68,62.4,2.16,-4.34
2011-05-09,0.0,4.33,54.97,62.57,2.03,-5.25
2011-05-10,0.0,3.35,63.35,62.63,2.34,-3.77
2011-05-11,0.0,3.99,67.36,62.64,2.21,-2.01
2011-05-12,1.23,4.17,52.31,62.73,2.25,-6.04
2011-05-13,2.16,3.34,64.85,62.81,2.16,-3.44
2011-05-14,0.0,3.39,66.23,62.76,1.91,-3.22
2011-05-15,0.0,5.89,50.66,62.95,1.72,-5.48
2011-05-16,0.0,7.46,42.79,63.18,1.78,-5.75
2011-05-17,1.17,6.52,60.98,63.17,1.75,-1.58
2011-05-18,0.03,6.01,68.74,62.96,1.68,-0.03
2011-05-19,0.0,6.12,67.55,62.75,2.04,-0.31
2011-05-20,3.41,5.84,70.88,62.55,2.71,-0.04
2011-05-21,1.09,5.66,69.82,62.49,2.92,-0.81
2011-05-22,0.19,3.45,79.85,62.48,2.84,-0.23
2011-05-23,0.0,4.92,63.38,62.57,1.92,-2.94
2011-05-24,0.0,6.62,46.27,62.74,2.1,-5.72
2011-05-25,8.13,6.76,62.67,62.86,2.15,-1.0
2011-05-26,23.05,6.48,81.52,62.88,2.07,2.82
2011-05-27,1.16,5.69,70.6,62.82,2.07,-0.16
2011-05-28,0.01,5.93,71.07,62.71,1.94,0.36
2011-05-29,16.26,5.83,81.88,62.75,2.29,2.36
2011-05-30,1.08,5.37,82.3,62.62,2.14,2.04
2011-05-31,10.73,4.82,79.49,62.43,2.33,0.91
2011-06-01,19.03,4.03,72.19,62.57,1.79,-1.34
2011-06-02,0.26,3.11,62.3,62.73,2.08,-4.05
2011-06-03,0.0,3.53,46.56,62.73,1.82,-7.57
2011-06-04,0.0,4.96,58.49,62.64,1.76,-3.38
2011-06-05,9.57,5.46,74.16,62.72,1.96,0.55
2011-06-06,4.47,5.6,80.38,62.76,1.73,1.82
2011-06-07,1.85,5.23,78.89,62.61,1.69,1.21
2011-06-08,2.83,5.1,76.7,62.48,0.97,0.69
2011-06-09,15.93,4.4,80.27,62.36,1.67,0.95
2011-06-10,7.78,5.57,79.75,62.29,1.69,1.81
2011-06-11,2.57,7.28,74.8,62.41,1.82,2.34
2011-06-12,0.0,6.86,78.75,62.62,1.87,2.84
2011-06-13,0.0,6.82,71.0,62.63,1.97,1.24
2011-06-14,13.19,7.18,78.78,62.53,1.92,3.17
2011-06-15,0.66,7.41,77.61,62.42,1.61,2.82
2011-06-16,0.0,8.65,77.55,62.38,1.83,4.34
2011-06-17,6.74,8.37,88.06,62.36,2.3,6.14
2011-06-18,8.81,7.42,77.43,62.43,2.05,3.18
2011-06-19,10.41,7.66,85.0,62.33,2.11,4.9
2011-06-20,6.81,8.16,84.74,62.49,2.21,5.38
2011-06-21,0.0,9.11,80.18,62.6,1.9,5.26
2011-06-22,0.08,9.86,77.8,62.54,1.98,5.56
2011-06-23,10.4,9.68,88.25,62.49,1.72,7.43
2011-06-24,25.02,11.02,87.74,62.43,1.87,8.74
2011-06-25,17.42,10.86,87.47,62.37,1.12,8.36
2011-06-26,17.89,9.99,88.2,62.43,1.99,7.91
2011-06-27,3.13,8.85,90.79,62.41,1.78,7.24
2011-06-28,5.86,8.81,87.87,62.36,2.3,6.64
2011-06-29,13.13,7.76,89.55,62.42,2.15,5.92
2011-06-30,18.16,7.88,92.43,62.37,2.67,6.54
2011-07-01,2.93,7.22,84.9,62.4,2.01,4.39
2011-07-02,0.17,7.22,77.62,62.38,1.92,2.95
2011-07-03,0.06,7.87,83.71,62.51,1.84,4.78
2011-07-04,0.0,8.02,74.29,62.71,1.87,3.16
2011-07-05,31.11,8.6,82.76,62.78,1.79,5.24
2011-07-06,20.6,9.38,81.68,62.79,1.68,5.91
2011-07-07,5.5,8.95,90.99,62.72,1.93,7.29
2011-07-08,2.11,8.52,90.67,62.78,2.26,6.84
2011-07-09,8.67,8.23,92.2,62.67,2.37,6.82
2011-07-10,11.93,7.09,90.05,62.58,1.69,5.35
2011-07-11,1.0,8.64,89.32,62.52,1.99,6.63
2011-07-12,1.46,9.51,86.35,62.55,1.87,6.91
2011-07-13,0.93,9.8,84.24,62.6,1.77,6.78
2011-07-14,14.71,9.95,90.24,62.52,1.52,8.0
2011-07-15,38.3,7.93,96.0,62.49,2.37,7.11
2011-07-16,16.7,7.63,92.46,62.44,1.94,6.27
2011-07-17,5.98,8.3,88.5,62.42,2.05,6.22
2011-07-18,4.42,9.25,89.97,62.4,1.64,7.35
2011-07-19,16.29,9.96,92.48,62.35,2.06,8.62
2011-07-20,30.86,9.86,89.08,62.3,2.12,7.9
2011-07-21,3.64,9.93,87.14,62.37,1.91,7.53
2011-07-22,6.99,9.48,91.96,62.41,1.5,8.03
2011-07-23,10.32,9.53,94.03,62.46,1.96,8.47
2011-07-24,11.79,9.82,89.92,62.65,1.87,8.02
2011-07-25,4.27,8.82,88.93,62.89,1.79,6.81
2011-07-26,2.15,9.11,91.44,62.93,1.71,7.55
2011-07-27,43.17,9.6,94.63,62.69,2.18,8.58
2011-07-28,14.71,10.19,90.07,62.58,1.96,8.3
2011-07-29,4.16,9.25,91.71,62.62,2.09,7.82
2011-07-30,0.57,9.78,84.38,62.56,1.7,6.83
2011-07-31,31.02,9.75,82.02,62.5,1.64,6.3
2011-08-01,5.51,9.69,86.41,62.49,1.69,7.07
2011-08-02,5.86,9.85,90.29,62.52,1.92,7.98
2011-08-03,0.66,10.22,85.25,62.55,1.73,7.4
2011-08-04,7.43,9.6,85.87,62.51,0.66,6.84
2011-08-05,22.3,10.49,83.54,62.46,1.47,7.37
2011-08-06,2.81,10.93,89.62,62.43,1.51,8.92
2011-08-07,0.15,8.84,90.95,62.49,0.9,7.15
2011-08-08,0.93,8.9,88.84,62.58,2.42,6.9
2011-08-09,4.23,8.55,86.92,62.58,1.87,6.24
2011-08-10,4.28,8.88,89.11,62.58,2.04,6.92
2011-08-11,2.79,8.98,93.0,62.56,2.16,7.62
2011-08-12,4.74,8.31,88.55,62.48,1.87,6.15
2011-08-13,16.25,7.83,90.24,62.58,2.09,6.05
2011-08-14,6.04,7.61,90.25,62.71,1.84,5.89
2011-08-15,34.64,7.29,92.13,62.58,2.66,5.87
2011-08-16,51.42,6.13,92.41,62.52,2.41,4.87
2011-08-17,12.46,7.05,92.74,62.49,1.84,5.76
2011-08-18,42.77,7.73,91.71,62.61,1.84,6.19
2011-08-19,15.82,7.91,93.81,62.71,2.0,6.73
2011-08-20,8.84,8.08,93.35,62.86,1.63,6.85
2011-08-21,0.57,9.48,92.15,62.85,1.64,8.0
2011-08-22,15.79,9.68,93.32,62.82,1.1,8.4
2011-08-23,15.77,10.82,89.8,62.71,0.92,8.79
2011-08-24,6.71,10.33,87.25,62.7,1.47,7.73
2011-08-25,0.52,10.21,88.37,62.76,1.47,7.97
2011-08-26,13.22,9.84,92.26,62.77,1.4,8.34
2011-08-27,8.58,8.58,95.4,62.73,2.07,7.62
2011-08-28,0.73,8.2,93.25,62.78,1.86,6.92
2011-08-29,5.08,8.88,91.73,62.85,1.79,7.38
2011-08-30,8.97,9.48,92.54,62.89,2.04,8.12
2011-08-31,1.41,9.19,89.01,62.83,1.73,7.19
2011-09-01,0.8,8.35,92.82,62.76,2.33,7.14
2011-09-02,5.83,7.28,83.34,62.69,1.43,4.35
2011-09-03,2.88,7.53,81.29,62.66,1.67,4.12
2011-09-04,0.85,7.48,89.18,62.8,1.69,5.54
2011-09-05,0.63,7.75,88.18,62.8,1.46,5.64
2011-09-06,11.27,8.18,89.3,62.65,1.39,6.22
2011-09-07,14.49,8.52,90.46,62.51,1.49,6.81
2011-09-08,12.07,7.99,89.21,62.57,1.14,6.09
2011-09-09,6.04,7.97,89.03,62.76,1.84,6.03
2011-09-10,3.8,7.67,93.4,62.85,1.68,6.45
2011-09-11,4.94,8.24,92.16,62.72,1.79,6.8
2011-09-12,5.71,8.29,91.81,62.77,1.76,6.75
2011-09-13,17.75,8.58,86.65,62.76,1.45,6.01
2011-09-14,44.71,8.29,92.68,62.66,1.6,6.83
2011-09-15,37.55,6.7,89.35,62.6,1.68,4.77
2011-09-16,13.42,5.32,85.12,62.6,1.12,2.9
2011-09-17,0.0,5.63,77.39,62.51,1.49,1.54
2011-09-18,0.0,4.66,65.05,62.56,1.42,-1.88
2011-09-19,0.0,4.08,66.18,62.73,1.43,-2.12
2011-09-20,0.0,4.17,68.41,62.76,1.41,-1.61
2011-09-21,0.0,3.82,64.89,62.65,1.46,-2.81
2011-09-22,0.0,4.28,66.81,62.7,1.42,-1.97
2011-09-23,0.0,4.51,72.92,62.72,1.48,-0.39
2011-09-24,0.21,3.85,68.63,62.71,1.54,-2.07
2011-09-25,0.05,3.39,67.76,62.73,1.62,-2.69
2011-09-26,0.0,2.8,64.98,62.73,1.56,-3.75
2011-09-27,0.0,2.83,71.77,62.62,1.56,-2.24
2011-09-28,0.04,3.45,77.05,62.6,1.76,-0.59
2011-09-29,0.88,3.03,68.88,62.66,1.62,-2.78
2011-09-30,0.0,3.24,71.27,62.73,1.68,-2.09
2011-10-01,0.37,3.09,68.75,62.65,1.76,-2.77
2011-10-02,0.0,3.87,68.04,62.55,1.45,-2.35
2011-10-03,0.05,4.63,52.41,62.62,1.24,-5.56
2011-10-04,3.87,4.79,57.29,62.74,1.51,-4.48
2011-10-05,0.05,3.52,62.99,62.97,1.59,-3.51
2011-10-06,0.0,3.11,57.96,63.06,1.62,-4.94
2011-10-07,10.56,2.49,62.11,62.95,1.64,-4.94
2011-10-08,0.03,1.78,65.99,62.93,1.38,-4.17
2011-10-09,0.0,1.38,66.67,62.94,1.34,-4.64
2011-10-10,0.0,1.93,58.67,63.04,1.55,-5.83
2011-10-11,0.0,3.02,51.8,63.13,1.36,-6.67
2011-10-12,0.0,4.24,46.97,63.09,1.31,-6.45
2011-10-13,0.0,6.02,46.22,62.98,1.28,-5.5
2011-10-14,0.0,3.5,62.91,62.85,1.65,-3.13
2011-10-15,0.0,0.98,60.66,62.72,1.53,-6.73
2011-10-16,0.0,0.73,67.0,62.7,1.49,-5.41
2011-10-17,0.0,-0.22,66.86,62.75,1.5,-6.44
2011-10-18,0.0,-0.04,60.3,62.82,1.29,-7.53
2011-10-19,0.0,-0.3,54.96,62.7,1.32,-8.76
2011-10-20,0.0,-1.06,58.75,62.6,1.55,-9.02
2011-10-21,0.0,-2.38,76.96,62.61,1.3,-6.57
2011-10-22,0.0,-1.08,66.88,62.65,1.55,-7.12
2011-10-23,0.0,-0.58,67.53,62.84,1.51,-6.33
2011-10-24,0.0,-1.2,75.37,62.82,1.34,-5.71
2011-10-25,0.0,-2.7,81.16,62.69,1.53,-6.34
2011-10-26,0.0,-1.67,60.17,62.75,1.25,-9.29
2011-10-27,0.0,-0.73,46.4,62.77,1.57,-11.41
2011-10-28,0.0,-0.77,52.45,62.78,1.43,-9.96
2011-10-29,0.0,-1.13,54.72,62.72,1.4,-9.92
2011-10-30,0.0,-1.47,61.72,62.57,1.55,-8.81
2011-10-31,0.0,-3.4,70.02,62.52,1.57,-8.89
2011-11-01,0.0,-3.43,71.78,62.52,1.6,-8.74
2011-11-02,0.0,-2.82,60.41,62.5,1.6,-10.37
2011-11-03,0.0,-2.75,63.24,62.56,1.53,-9.54
2011-11-04,0.15,-3.83,65.72,62.61,1.56,-10.36
2011-11-05,0.0,-4.05,61.97,62.6,1.55,-11.07
2011-11-06,0.0,-2.98,47.39,62.47,1.52,-13.35
2011-11-07,0.0,-0.91,43.77,62.69,1.26,-12.63
2011-11-08,0.0,0.81,36.08,62.87,1.34,-12.72
2011-11-09,0.0,1.31,49.77,62.94,1.53,-8.37
2011-11-10,0.0,2.41,66.08,62.92,1.32,-3.5
2011-11-11,0.0,0.45,79.73,62.77,1.7,-2.95
2011-11-12,0.0,-1.59,62.93,62.68,1.32,-9.02
2011-11-13,0.0,-3.76,63.67,62.65,1.51,-10.65
2011-11-14,0.0,-4.23,57.91,62.62,1.57,-12.1
2011-11-15,0.0,-4.2,53.84,62.6,1.62,-12.82
2011-11-16,0.0,-4.92,50.33,62.44,1.49,-14.68
2011-11-17,0.0,-3.1,48.81,62.55,1.51,-12.96
2011-11-18,0.0,-1.76,54.7,62.67,1.46,-10.1
2011-11-19,0.0,-1.26,46.85,62.8,1.34,-11.57
2011-11-20,0.0,-1.38,47.95,62.94,1.47,-11.5
2011-11-21,0.0,0.26,36.64,63.02,1.28,-13.08
2011-11-22,0.0,0.28,40.02,62.95,1.12,-12.24
2011-11-23,0.0,-0.23,37.76,63.06,1.1,-13.13
2011-11-24,0.0,-1.5,43.14,63.06,1.12,-12.74
2011-11-25,0.0,-1.08,30.33,62.96,1.17,-16.24
2011-11-26,0.0,-0.71,25.75,62.85,1.12,-18.04
2011-11-27,0.0,-0.29,23.11,62.81,1.24,-19.05
2011-11-28,0.0,-1.44,29.16,62.69,1.31,-17.2
2011-11-29,0.0,-0.86,30.3,62.65,1.15,-16.69
2011-11-30,0.0,2.03,34.45,62.83,1.47,-12.47
2011-12-01,0.0,0.34,46.98,62.92,1.46,-10.14
2011-12-02,0.0,-0.74,40.96,62.77,1.4,-12.35
2011-12-03,0.0,-3.47,43.45,62.48,1.69,-14.77
2011-12-04,0.0,-2.57,33.17,62.46,1.39,-16.8
2011-12-05,0.04,-2.5,34.37,62.58,1.54,-15.86
2011-12-06,0.32,-4.98,52.49,62.58,1.54,-13.57
2011-12-07,0.54,-5.92,61.55,62.71,1.37,-12.71
2011-12-08,0.0,-5.99,59.35,62.71,1.55,-13.42
2011-12-09,4.5,-7.42,87.91,62.5,1.67,-9.86
2011-12-10,0.0,-8.04,66.72,62.22,1.35,-13.88
2011-12-11,0.0,-7.29,47.32,62.31,1.3,-17.26
2011-12-12,0.0,-6.75,40.34,62.47,1.4,-18.9
2011-12-13,0.0,-7.91,41.15,62.5,1.28,-19.15
2011-12-14,0.0,-7.17,33.34,62.44,0.99,-20.81
2011-12-15,0.0,-8.18,42.83,62.38,1.21,-18.61
2011-12-16,0.0,-8.74,39.17,62.38,1.29,-20.22
2011-12-17,0.0,-6.56,39.02,62.5,1.24,-18.12
2011-12-18,0.0,-7.13,45.02,62.53,1.19,-16.87
2011-12-19,0.0,-8.25,48.04,62.39,1.48,-17.81
2011-12-20,0.0,-11.09,68.48,62.31,2.06,-15.99
2011-12-21,0.0,-10.78,59.64,62.41,1.46,-17.73
2011-12-22,0.0,-9.69,37.3,62.44,1.3,-21.69
2011-12-23,0.0,-8.41,32.45,62.38,1.3,-21.96
2011-12-24,0.0,-8.54,40.84,62.3,1.05,-19.55
2011-12-25,0.0,-8.24,55.6,62.36,1.11,-15.66
2011-12-26,0.0,-9.57,56.8,62.32,1.28,-16.82
2011-12-27,0.0,-10.23,59.84,62.33,1.18,-16.8
2011-12-28,0.0,-10.17,60.37,62.56,1.25,-16.87
2011-12-29,0.0,-9.53,43.97,62.58,1.31,-19.68
2011-12-30,0.0,-9.1,38.75,62.6,1.34,-20.74
2011-12-31,0.37,-9.46,56.37,62.65,2.04,-17.08
2012-01-01,0.32,-9.07,64.38,62.31,1.19,-15.01
2012-01-02,0.0,-10.22,65.7,62.13,1.26,-15.9
2012-01-03,0.0,-9.61,63.95,62.07,1.33,-16.07
2012-01-04,0.0,-9.99,85.63,62.06,1.58,-12.83
2012-01-05,0.03,-10.34,92.63,62.04,2.06,-11.8
2012-01-06,4.21,-11.59,94.6,61.99,2.73,-12.94
2012-01-07,4.14,-12.11,97.52,62.0,4.22,-13.12
2012-01-08,3.29,-11.43,96.89,62.06,2.95,-12.3
2012-01-09,4.63,-14.08,94.3,61.86,1.75,-15.55
2012-01-10,0.0,-16.33,84.29,61.98,1.36,-19.25
2012-01-11,0.81,-16.49,74.09,61.99,1.33,-20.42
2012-01-12,0.74,-15.95,73.04,61.83,1.19,-20.35
2012-01-13,0.0,-16.03,62.48,62.05,1.68,-21.78
2012-01-14,0.18,-10.87,66.51,62.1,1.39,-16.1
2012-01-15,3.19,-9.03,83.3,62.0,1.97,-11.77
2012-01-16,4.4,-10.5,97.89,61.67,2.72,-11.37
2012-01-17,0.57,-12.99,89.83,61.63,1.32,-14.65
2012-01-18,0.52,-14.73,86.97,61.56,1.89,-16.73
2012-01-19,0.0,-16.62,90.07,61.57,1.9,-18.29
2012-01-20,0.0,-16.48,89.26,61.69,1.55,-18.56
2012-01-21,0.0,-14.69,47.15,61.94,1.11,-23.65
2012-01-22,0.0,-11.64,89.06,62.12,1.31,-13.75
2012-01-23,0.0,-13.0,75.49,62.22,1.13,-16.75
2012-01-24,0.0,-14.02,47.49,62.15,1.57,-23.18
2012-01-25,0.0,-12.36,67.49,62.1,1.67,-18.03
2012-01-26,0.0,-12.8,95.83,62.04,1.48,-13.84
2012-01-27,0.0,-12.86,51.44,61.99,1.34,-21.33
2012-01-28,0.0,-14.08,67.72,61.88,1.45,-19.18
2012-01-29,0.0,-15.1,69.71,62.08,1.65,-19.96
2012-01-30,0.0,-13.15,58.8,62.28,1.64,-20.13
2012-01-31,0.0,-12.94,60.49,62.23,1.39,-19.51
2012-02-01,0.0,-12.18,60.41,62.2,1.42,-19.09
2012-02-02,0.0,-9.68,55.67,62.33,0.98,-17.65
2012-02-03,0.0,-7.82,67.32,62.42,1.22,-13.08
2012-02-04,0.81,-8.85,94.93,62.25,2.85,-9.99
2012-02-05,0.52,-10.2,95.28,62.23,2.66,-11.36
2012-02-06,0.0,-10.93,72.3,62.35,2.15,-15.83
2012-02-07,0.16,-11.2,85.46,62.09,3.79,-13.84
2012-02-08,0.76,-12.65,93.37,61.47,3.03,-14.19
2012-02-09,0.0,-13.23,66.06,61.72,1.53,-18.8
2012-02-10,0.0,-11.24,53.63,61.96,1.25,-19.07
2012-02-11,0.0,-12.12,74.83,61.99,1.39,-16.34
2012-02-12,0.05,-9.8,87.49,62.02,2.36,-12.01
2012-02-13,0.08,-9.99,97.05,61.99,4.12,-10.62
2012-02-14,0.0,-11.27,88.23,62.18,2.2,-13.52
2012-02-15,0.0,-11.57,88.25,61.97,2.86,-13.61
2012-02-16,0.0,-12.62,90.74,61.93,2.37,-14.4
2012-02-17,0.0,-11.34,56.26,62.22,1.2,-19.03
2012-02-18,0.0,-8.25,77.76,62.39,1.48,-12.0
2012-02-19,0.0,-6.42,77.89,62.35,1.62,-10.42
2012-02-20,0.04,-5.7,85.07,62.32,1.59,-8.6
2012-02-21,0.01,-6.11,94.21,62.2,3.22,-7.37
2012-02-22,0.0,-7.67,88.02,62.27,3.36,-10.09
2012-02-23,0.0,-7.32,81.48,62.29,3.98,-10.5
2012-02-24,0.0,-8.59,88.45,62.19,3.47,-10.86
2012-02-25,0.0,-8.53,71.71,62.26,2.17,-13.18
2012-02-26,0.0,-6.03,46.6,62.3,1.42,-16.45
2012-02-27,0.0,-5.28,51.32,62.22,1.4,-14.23
2012-02-28,0.0,-7.94,80.37,61.78,2.04,-11.52
2012-02-29,0.0,-8.54,77.2,61.75,2.01,-13.14
2012-03-01,0.0,-8.82,67.03,61.93,2.13,-14.8
2012-03-02,0.0,-9.16,63.74,61.84,1.97,-15.96
2012-03-03,0.0,-7.86,58.79,61.91,1.98,-15.45
2012-03-04,0.46,-4.99,72.13,62.3,2.67,-9.79
2012-03-05,1.11,-4.17,93.43,62.22,4.37,-5.14
2012-03-06,8.18,-6.18,91.08,61.96,2.73,-7.76
2012-03-07,0.02,-8.49,77.8,61.76,2.82,-12.86
2012-03-08,0.15,-10.6,71.53,61.63,2.93,-15.4
2012-03-09,0.0,-10.68,69.97,61.73,1.83,-15.63
2012-03-10,0.0,-10.71,70.89,61.94,2.04,-15.81
2012-03-11,0.0,-9.67,58.49,62.26,1.87,-17.04
2012-03-12,0.57,-8.64,62.16,62.4,2.46,-15.44
2012-03-13,3.31,-7.71,88.23,62.16,2.12,-10.21
2012-03-14,0.0,-7.57,67.46,62.27,2.31,-13.32
2012-03-15,0.0,-7.22,55.94,62.17,1.42,-15.36
2012-03-16,0.0,-3.97,55.46,62.5,1.8,-12.49
2012-03-17,0.0,-3.36,69.6,62.55,1.8,-8.87
2012-03-18,0.0,-2.5,57.84,62.75,1.97,-10.9
2012-03-19,0.0,-1.26,52.12,62.9,1.92,-10.39
2012-03-20,0.0,-2.48,76.85,62.74,4.63,-6.56
2012-03-21,0.0,-4.43,49.85,62.54,2.67,-14.08
2012-03-22,0.0,-2.87,26.04,62.59,1.72,-19.16
2012-03-23,0.0,-0.92,37.82,62.79,1.71,-13.46
2012-03-24,0.0,-1.82,47.28,62.88,1.88,-11.87
2012-03-25,0.0,-1.49,44.49,62.82,1.78,-12.53
2012-03-26,0.0,-3.29,79.0,62.8,2.35,-7.06
2012-03-27,0.0,-2.78,61.25,62.87,1.69,-10.06
2012-03-28,0.0,-2.53,60.33,62.88,1.96,-10.07
2012-03-29,0.0,-1.26,50.04,62.66,1.58,-12.17
2012-03-30,0.0,1.0,33.28,62.72,1.66,-14.0
2012-03-31,0.0,0.99,51.75,62.94,1.76,-8.59
2012-04-01,0.0,0.35,58.91,63.0,1.69,-7.36
2012-04-02,0.0,1.12,55.76,63.04,1.93,-7.22
2012-04-03,0.0,0.61,65.06,63.08,1.86,-5.86
2012-04-04,0.0,0.03,74.89,62.86,1.89,-4.62
2012-04-05,0.63,-0.88,74.69,62.63,2.11,-5.78
2012-04-06,0.01,-1.44,59.81,62.54,2.09,-9.65
2012-04-07,0.0,-1.4,72.18,62.58,1.91,-6.51
2012-04-08,0.0,-0.08,64.38,62.56,1.77,-6.92
2012-04-09,0.0,-0.04,62.44,62.64,1.94,-7.13
2012-04-10,2.19,-1.02,74.66,62.69,2.09,-5.43
2012-04-11,11.82,-2.47,86.63,62.53,2.67,-4.98
2012-04-12,1.16,-3.1,79.07,62.38,1.88,-6.99
2012-04-13,6.66,-3.22,76.19,62.43,2.11,-7.33
2012-04-14,0.1,-3.3,68.4,62.51,2.07,-9.21
2012-04-15,0.24,-2.7,78.0,62.44,2.18,-6.79
2012-04-16,1.19,-2.33,61.98,62.43,2.11,-9.7
2012-04-17,0.01,-1.56,71.25,62.37,1.71,-6.92
2012-04-18,0.0,-0.32,67.28,62.43,1.75,-6.56
2012-04-19,0.0,1.05,65.06,62.65,1.92,-5.61
2012-04-20,0.0,2.85,70.38,62.81,1.91,-2.84
2012-04-21,0.0,1.87,74.76,62.7,2.29,-2.87
2012-04-22,0.57,-0.03,79.0,62.34,2.73,-4.09
2012-04-23,0.0,-0.29,77.3,62.38,2.28,-4.79
2012-04-24,0.0,0.24,70.6,62.53,2.1,-5.63
2012-04-25,0.0,0.19,73.72,62.6,2.44,-4.76
2012-04-26,0.0,-0.09,71.66,62.72,2.26,-5.67
2012-04-27,0.05,-0.5,80.79,62.48,2.52,-4.05
2012-04-28,12.76,-0.94,85.19,62.23,3.02,-3.74
2012-04-29,0.96,-2.29,75.18,62.22,2.42,-7.06
2012-04-30,0.25,-2.48,78.35,62.25,2.57,-6.63
2012-05-01,0.0,-3.2,70.4,62.39,2.23,-8.46
2012-05-02,0.0,-2.06,66.29,62.42,2.01,-8.46
2012-05-03,0.01,-0.69,55.92,62.38,2.03,-8.83
2012-05-04,0.0,-0.95,63.91,62.42,1.68,-7.49
2012-05-05,1.38,-0.81,74.66,62.6,1.83,-5.25
2012-05-06,0.0,1.46,62.68,62.63,1.84,-5.63
2012-05-07,0.0,2.91,66.33,62.69,2.09,-3.44
2012-05-08,0.0,3.67,62.25,62.82,1.83,-3.9
2012-05-09,0.0,3.87,55.18,62.94,2.04,-5.23
2012-05-10,0.0,4.25,63.66,63.01,2.11,-3.21
2012-05-11,0.0,3.4,77.14,62.81,2.23,-1.08
2012-05-12,0.0,2.95,73.91,62.67,2.3,-2.14
2012-05-13,0.0,2.76,58.54,62.66,2.17,-6.15
2012-05-14,0.0,3.06,60.92,62.57,2.39,-4.78
2012-05-15,0.0,2.47,58.27,62.62,2.04,-5.75
2012-05-16,0.0,3.82,51.39,62.54,2.02,-5.87
2012-05-17,0.0,4.75,52.19,62.69,2.05,-4.79
2012-05-18,0.0,4.44,58.2,62.78,2.06,-3.56
2012-05-19,0.0,3.59,62.98,62.81,2.33,-3.38
2012-05-20,0.17,3.57,52.05,62.8,2.44,-6.66
2012-05-21,0.01,3.54,49.1,62.77,2.38,-6.97
2012-05-22,0.0,3.67,47.62,62.77,2.41,-7.77
2012-05-23,0.0,4.13,48.33,62.68,2.11,-6.52
2012-05-24,0.0,5.96,33.18,62.6,2.12,-10.47
2012-05-25,0.0,7.11,32.82,62.74,2.11,-8.71
2012-05-26,0.0,5.96,52.81,62.78,2.33,-3.57
2012-05-27,0.0,5.58,60.0,62.71,2.18,-2.6
2012-05-28,0.0,6.04,53.38,62.7,2.2,-3.76
2012-05-29,0.0,6.35,52.42,62.8,2.08,-3.59
2012-05-30,0.0,8.39,41.94,62.71,1.85,-5.44
2012-05-31,0.0,8.51,37.39,62.75,2.31,-5.89
2012-06-01,0.0,7.96,37.31,62.74,2.14,-6.51
2012-06-02,0.07,7.5,37.02,62.64,2.41,-7.35
2012-06-03,0.05,5.93,45.77,62.43,2.47,-5.38
2012-06-04,2.01,5.99,49.02,62.47,2.55,-4.67
2012-06-05,1.73,5.92,53.12,62.53,1.97,-3.51
2012-06-06,0.03,5.26,66.97,62.45,2.59,-1.22
2012-06-07,0.0,4.58,76.52,62.54,2.73,0.22
2012-06-08,0.0,4.68,72.47,62.57,2.34,-0.57
2012-06-09,0.0,5.49,66.7,62.52,2.35,-1.12
2012-06-10,0.0,5.29,61.16,62.42,2.34,-2.72
2012-06-11,0.0,6.1,58.74,62.5,2.35,-2.62
2012-06-12,0.0,6.61,56.06,62.68,2.17,-2.52
2012-06-13,0.0,7.36,52.64,62.82,2.03,-2.6
2012-06-14,0.0,8.09,51.04,62.78,2.1,-2.79
2012-06-15,0.0,8.14,47.51,62.63,2.05,-3.37
2012-06-16,0.0,8.46,42.59,62.5,2.1,-4.84
2012-06-17,0.01,8.57,38.8,62.56,2.2,-5.49
2012-06-18,0.61,8.59,54.31,62.65,2.19,-1.18
2012-06-19,0.0,8.54,60.53,62.52,2.29,0.21
2012-06-20,0.0,8.29,58.76,62.46,2.1,-0.3
2012-06-21,0.0,9.67,54.47,62.54,2.25,-0.22
2012-06-22,0.72,9.04,60.01,62.7,2.29,0.71
2012-06-23,11.21,9.15,67.17,62.58,2.37,1.66
2012-06-24,6.91,7.94,72.37,62.44,2.16,2.31
2012-06-25,0.16,7.39,64.82,62.47,2.31,0.19
2012-06-26,12.17,6.55,70.54,62.39,2.15,0.82
2012-06-27,1.68,6.6,72.61,62.5,2.1,1.11
2012-06-28,0.0,7.54,64.38,62.62,2.02,0.26
2012-06-29,0.01,7.6,64.79,62.63,2.12,0.78
2012-06-30,0.0,8.23,66.67,62.59,2.02,1.65
2012-07-01,24.32,8.61,73.46,62.65,1.91,3.36
2012-07-02,12.53,9.35,83.93,62.7,1.8,6.24
2012-07-03,12.95,10.21,79.62,62.48,1.93,6.09
2012-07-04,0.52,9.96,78.94,62.4,2.15,5.88
2012-07-05,0.22,9.48,81.1,62.44,2.44,5.84
2012-07-06,11.12,8.79,81.27,62.39,2.28,5.16
2012-07-07,4.63,8.18,88.13,62.29,2.25,6.0
2012-07-08,1.94,9.13,86.87,62.42,2.22,6.68
2012-07-09,1.05,9.6,87.15,62.59,2.21,7.26
2012-07-10,7.01,9.22,90.79,62.69,1.91,7.48
2012-07-11,15.2,9.59,90.07,62.7,2.15,7.75
2012-07-12,1.58,9.67,90.09,62.64,2.53,7.87
2012-07-13,33.45,9.68,91.77,62.49,3.23,8.12
2012-07-14,8.4,8.0,85.59,62.4,2.34,5.34
2012-07-15,3.16,8.31,87.61,62.46,2.7,6.09
2012-07-16,0.01,8.4,82.84,62.65,2.49,5.17
2012-07-17,0.26,9.58,88.18,62.64,2.24,7.33
2012-07-18,0.82,10.75,87.22,62.47,2.09,8.4
2012-07-19,1.84,10.24,83.51,62.42,2.48,7.11
2012-07-20,10.02,8.44,77.22,62.57,2.09,3.85
2012-07-21,1.52,9.54,90.14,62.71,2.2,7.62
2012-07-22,16.12,11.18,87.71,62.66,2.08,8.9
2012-07-23,7.64,11.11,90.57,62.42,2.31,9.48
2012-07-24,23.02,10.56,90.69,62.31,2.27,8.95
2012-07-25,6.29,10.43,90.22,62.44,2.57,8.67
2012-07-26,1.72,9.38,95.15,62.52,2.5,8.44
2012-07-27,10.51,10.1,92.44,62.45,2.61,8.64
2012-07-28,0.62,10.14,94.48,62.46,2.22,9.2
2012-07-29,15.63,10.6,93.33,62.46,1.97,9.46
2012-07-30,12.22,10.49,92.06,62.47,2.32,9.05
2012-07-31,5.44,9.34,93.34,62.46,1.8,8.17
2012-08-01,1.83,10.56,90.84,62.48,1.79,8.99
2012-08-02,0.71,10.57,91.03,62.42,1.76,8.94
2012-08-03,52.96,9.86,92.25,62.34,2.77,8.52
2012-08-04,31.6,9.32,92.37,62.41,3.13,7.92
2012-08-05,0.83,8.69,88.51,62.55,2.38,6.53
2012-08-06,0.01,8.8,86.6,62.64,2.01,6.37
2012-08-07,12.69,9.34,90.21,62.69,2.1,7.57
2012-08-08,6.82,9.26,89.47,62.66,2.01,7.35
2012-08-09,8.69,9.43,92.1,62.5,2.44,8.02
2012-08-10,4.92,8.52,92.27,62.54,2.35,7.1
2012-08-11,17.41,8.08,90.13,62.67,1.89,6.3
2012-08-12,11.08,8.7,90.16,62.6,2.25,6.88
2012-08-13,2.47,8.46,88.31,62.56,2.36,6.43
2012-08-14,18.07,8.54,92.6,62.6,2.46,7.18
2012-08-15,23.57,8.47,88.33,62.71,2.01,6.46
2012-08-16,9.94,8.87,95.46,62.75,1.94,8.06
2012-08-17,27.79,9.62,88.33,62.69,1.69,7.53
2012-08-18,68.22,8.5,96.16,62.71,1.49,7.84
2012-08-19,4.76,8.04,93.56,62.63,1.18,6.82
2012-08-20,15.88,9.9,88.82,62.59,1.63,7.93
2012-08-21,8.7,8.98,92.29,62.59,1.21,7.57
2012-08-22,4.21,7.84,93.11,62.66,1.55,6.56
2012-08-23,9.04,7.82,95.83,62.68,1.96,7.15
2012-08-24,18.31,7.99,92.72,62.65,1.74,6.61
2012-08-25,8.98,8.65,87.55,62.7,1.73,6.5
2012-08-26,6.09,8.34,93.28,62.72,1.92,7.1
2012-08-27,4.46,7.63,92.13,62.65,1.6,6.33
2012-08-28,1.75,7.36,92.47,62.76,1.94,6.02
2012-08-29,1.75,7.88,88.58,62.87,1.67,5.89
2012-08-30,8.04,8.32,92.88,62.81,2.08,7.06
2012-08-31,5.75,8.08,96.5,62.7,1.58,7.42
2012-09-01,0.85,8.84,91.43,62.67,1.34,7.24
2012-09-02,3.48,7.86,97.87,62.67,1.75,7.61
2012-09-03,0.36,7.7,95.43,62.65,1.74,6.82
2012-09-04,4.94,7.34,93.98,62.76,1.92,6.15
2012-09-05,5.28,7.41,93.84,62.86,1.96,6.17
2012-09-06,1.95,7.4,92.86,62.89,2.14,6.09
2012-09-07,17.71,7.54,87.1,62.88,2.03,5.3
2012-09-08,4.63,7.77,90.66,62.88,1.95,6.05
2012-09-09,0.0,8.06,85.56,62.91,1.55,5.5
2012-09-10,0.41,8.77,86.27,62.85,1.65,6.14
2012-09-11,15.24,9.5,90.23,62.74,1.82,7.7
2012-09-12,21.35,9.52,92.78,62.67,2.0,8.17
2012-09-13,17.81,8.9,94.82,62.57,2.3,7.94
2012-09-14,16.78,7.94,98.94,62.4,3.32,7.76
2012-09-15,7.47,8.43,92.94,62.4,2.27,7.15
2012-09-16,8.01,8.27,94.1,62.5,2.36,7.17
2012-09-17,42.61,7.38,92.45,62.74,2.44,5.86
2012-09-18,19.76,5.09,92.99,62.71,2.21,3.84
2012-09-19,0.17,4.7,87.74,62.74,1.9,2.55
2012-09-20,0.0,5.04,78.09,62.75,1.68,1.19
2012-09-21,0.0,5.43,87.58,62.76,1.71,3.23
2012-09-22,0.0,4.52,86.1,62.77,1.86,1.96
2012-09-23,0.0,4.17,86.14,62.65,1.76,1.55
2012-09-24,0.0,3.39,85.01,62.54,1.58,0.54
2012-09-25,0.0,4.39,89.71,62.64,1.62,2.43
2012-09-26,0.0,4.17,79.54,62.92,1.48,0.34
2012-09-27,0.0,4.21,80.16,63.06,1.58,0.5
2012-09-28,0.0,4.51,76.6,63.02,1.61,0.18
2012-09-29,2.55,4.64,81.45,63.07,1.64,0.99
2012-09-30,0.89,4.85,76.22,63.06,1.54,0.56
2012-10-01,0.08,4.68,67.83,63.05,1.48,-1.46
2012-10-02,0.0,3.95,69.13,62.92,1.57,-1.95
2012-10-03,0.0,2.56,83.24,62.67,1.94,-0.28
2012-10-04,0.0,1.51,78.5,62.48,1.58,-2.5
2012-10-05,0.0,1.88,82.04,62.56,1.49,-1.45
2012-10-06,0.0,1.78,71.07,62.8,1.46,-3.77
2012-10-07,0.0,1.95,69.59,62.94,1.43,-4.05
2012-10-08,0.0,1.34,81.78,62.8,1.69,-1.94
2012-10-09,0.26,0.29,84.9,62.67,1.84,-2.41
2012-10-10,0.01,-0.13,84.87,62.69,1.67,-3.0
2012-10-11,0.0,-0.48,77.53,62.65,1.42,-4.71
2012-10-12,0.0,-0.42,82.51,62.65,1.54,-3.81
2012-10-13,0.0,-0.47,80.92,62.7,1.78,-4.17
2012-10-14,0.0,-0.26,78.18,62.72,1.59,-4.49
2012-10-15,0.23,0.01,87.43,62.86,1.67,-2.43
2012-10-16,0.0,-1.77,86.55,62.86,1.74,-4.29
2012-10-17,0.0,-2.22,80.93,62.89,1.47,-5.78
2012-10-18,0.0,-2.06,82.03,62.87,1.45,-5.44
2012-10-19,0.0,-1.59,74.1,62.89,1.54,-6.77
2012-10-20,0.0,-1.93,79.16,62.9,1.48,-5.73
2012-10-21,0.0,-1.71,80.53,62.88,1.61,-5.3
2012-10-22,0.0,-2.96,82.75,62.84,1.57,-6.23
2012-10-23,0.2,-3.21,85.42,62.73,1.88,-5.96
2012-10-24,0.4,-4.23,90.35,62.42,1.55,-6.11
2012-10-25,0.0,-2.69,88.37,62.43,1.4,-4.97
2012-10-26,0.0,-3.55,82.94,62.5,1.4,-6.81
2012-10-27,0.0,-3.31,80.54,62.55,1.18,-6.87
2012-10-28,0.0,-1.23,77.51,62.73,1.27,-5.38
2012-10-29,0.0,-1.09,79.18,62.8,1.39,-4.98
2012-10-30,0.0,-0.14,74.36,62.84,1.31,-5.03
2012-10-31,0.0,-0.33,76.51,62.91,1.45,-4.78
2012-11-01,0.0,-0.75,74.53,62.87,1.38,-5.51
2012-11-02,0.0,-0.86,69.19,62.8,1.42,-6.52
2012-11-03,0.0,-1.41,63.34,62.72,1.36,-8.53
2012-11-04,0.0,-1.83,71.7,62.67,1.52,-7.3
2012-11-05,0.0,-2.58,73.74,62.62,1.26,-7.33
2012-11-06,0.0,-3.84,83.53,62.57,1.42,-7.01
2012-11-07,0.0,-3.56,88.86,62.45,1.38,-5.85
2012-11-08,0.0,-4.25,70.85,62.3,1.52,-9.84
2012-11-09,0.0,-3.7,63.8,62.42,1.32,-10.44
2012-11-10,0.0,-4.25,80.56,62.56,1.46,-7.81
2012-11-11,0.0,-3.61,85.51,62.39,0.88,-6.65
2012-11-12,0.0,-2.82,74.16,62.55,1.28,-8.14
2012-11-13,0.0,-4.32,74.48,62.65,1.54,-9.09
2012-11-14,0.0,-4.34,61.1,62.5,1.45,-11.78
2012-11-15,0.0,-3.39,48.75,62.6,1.41,-14.49
2012-11-16,0.0,-1.11,38.45,62.92,1.12,-14.19
2012-11-17,0.0,-2.91,46.38,62.86,1.24,-12.89
2012-11-18,0.0,-5.11,71.12,62.62,1.82,-10.23
2012-11-19,0.0,-5.43,73.71,62.58,1.26,-10.15
2012-11-20,0.0,-4.29,55.31,62.72,1.06,-12.64
2012-11-21,0.0,-3.31,53.58,62.7,1.44,-11.51
2012-11-22,0.0,-3.16,56.96,62.6,1.46,-10.75
2012-11-23,0.0,-6.02,77.34,62.39,1.98,-10.16
2012-11-24,0.0,-7.91,87.1,62.19,1.62,-10.5
2012-11-25,0.0,-6.77,73.54,62.35,1.14,-11.78
2012-11-26,0.0,-5.74,63.32,62.44,1.36,-11.98
2012-11-27,0.0,-4.39,47.4,62.44,1.12,-14.3
2012-11-28,0.0,-3.38,50.13,62.45,1.35,-12.67
2012-11-29,3.92,-6.41,84.61,62.23,2.87,-9.19
2012-11-30,0.13,-7.04,72.08,62.27,1.2,-12.52
2012-12-01,0.0,-5.7,42.93,62.45,1.04,-16.69
2012-12-02,0.0,-4.91,54.38,62.65,1.02,-12.76
2012-12-03,0.0,-4.65,48.63,62.75,1.0,-13.77
2012-12-04,0.0,-3.71,43.75,62.81,1.07,-14.14
2012-12-05,0.0,-1.0,39.24,62.93,0.99,-12.81
2012-12-06,0.0,-2.11,42.08,62.86,1.05,-13.1
2012-12-07,0.0,-2.93,55.82,62.72,0.76,-10.82
2012-12-08,0.0,-3.97,69.02,62.56,1.0,-9.17
2012-12-09,0.0,-5.43,70.86,62.39,1.12,-10.43
2012-12-10,0.0,-6.39,69.33,62.27,1.48,-11.74
2012-12-11,4.59,-8.69,95.42,62.07,2.22,-10.06
2012-12-12,0.02,-9.63,87.57,62.01,1.46,-12.27
2012-12-13,3.09,-9.13,94.72,62.03,2.03,-10.37
2012-12-14,5.88,-8.6,98.19,62.32,3.02,-9.36
2012-12-15,0.01,-8.85,93.96,62.56,1.97,-10.42
2012-12-16,0.0,-9.09,92.53,62.61,1.93,-10.51
2012-12-17,0.0,-6.98,60.4,62.75,1.02,-13.89
2012-12-18,0.0,-6.17,78.68,62.66,1.48,-10.0
2012-12-19,0.0,-8.12,52.03,62.38,1.51,-17.15
2012-12-20,0.0,-8.25,39.49,62.3,1.3,-19.65
2012-12-21,0.0,-8.12,42.86,62.41,1.25,-19.41
2012-12-22,0.0,-6.68,41.06,62.56,1.28,-18.34
2012-12-23,0.0,-5.2,35.63,62.69,1.1,-18.01
2012-12-24,0.0,-7.3,58.55,62.48,1.46,-14.33
2012-12-25,0.0,-8.47,61.6,62.22,1.2,-15.15
2012-12-26,0.0,-6.25,42.23,62.29,1.34,-17.52
2012-12-27,0.0,-4.83,59.03,62.34,1.22,-11.82
2012-12-28,0.19,-8.39,69.89,62.1,2.64,-13.32
2012-12-29,0.17,-9.06,72.36,62.23,2.0,-13.56
2012-12-30,0.0,-8.54,55.13,62.28,1.45,-16.65
2012-12-31,0.0,-7.02,38.29,62.22,1.04,-19.11
2013-01-01,0.0,-5.18,44.25,62.31,1.47,-16.56
2013-01-02,0.0,-8.94,51.27,62.14,1.52,-17.83
2013-01-03,0.0,-9.93,57.16,62.19,1.78,-17.18
2013-01-04,0.0,-10.96,66.67,62.13,2.31,-16.28
2013-01-05,0.0,-12.72,72.48,61.82,1.64,-17.12
2013-01-06,0.0,-12.62,74.62,61.91,1.71,-16.81
2013-01-07,0.0,-12.98,62.26,61.9,1.62,-18.91
2013-01-08,0.0,-11.17,45.57,62.0,1.66,-20.99
2013-01-09,0.12,-9.59,64.83,62.16,1.81,-15.21
2013-01-10,0.0,-9.57,41.97,62.09,1.98,-20.6
2013-01-11,0.0,-7.29,40.72,62.33,1.54,-18.51
2013-01-12,0.1,-5.87,72.22,62.57,1.83,-10.61
2013-01-13,0.0,-7.41,86.47,62.29,1.51,-9.73
2013-01-14,0.0,-7.83,78.25,62.28,1.39,-11.93
2013-01-15,0.0,-9.57,77.85,62.3,1.9,-13.09
2013-01-16,0.0,-9.16,91.1,62.41,2.16,-10.47
2013-01-17,23.9,-7.38,98.77,62.35,5.39,-7.53
2013-01-18,46.36,-7.09,100.0,61.87,6.92,-7.45
2013-01-19,0.79,-14.7,95.55,62.08,1.33,-15.69
2013-01-20,0.0,-14.42,91.11,62.15,1.12,-15.87
2013-01-21,0.0,-14.9,79.6,62.32,1.33,-18.09
2013-01-22,0.0,-13.64,91.7,62.39,1.18,-15.16
2013-01-23,0.0,-14.35,86.41,62.33,1.47,-16.41
2013-01-24,0.0,-15.49,77.44,62.22,1.28,-19.0
2013-01-25,0.0,-13.94,76.84,62.38,1.32,-17.61
2013-01-26,0.0,-13.49,51.43,62.37,1.4,-21.93
2013-01-27,0.0,-9.98,44.95,62.46,1.06,-21.11
2013-01-28,0.0,-9.72,79.4,62.38,1.03,-13.39
2013-01-29,0.0,-12.4,71.24,62.33,1.41,-17.23
2013-01-30,0.0,-9.53,55.57,62.47,0.98,-17.93
2013-01-31,0.0,-9.19,80.98,62.47,1.04,-12.39
2013-02-01,0.0,-9.26,87.33,62.44,0.95,-11.72
2013-02-02,0.0,-8.71,87.71,62.35,1.23,-10.82
2013-02-03,0.17,-8.97,88.72,62.34,1.35,-11.26
2013-02-04,18.49,-6.68,98.54,62.43,3.38,-7.45
2013-02-05,44.33,-6.23,99.54,62.34,4.21,-6.94
2013-02-06,12.98,-6.31,99.53,62.33,5.33,-7.19
2013-02-07,0.28,-10.88,86.79,62.16,1.19,-13.44
2013-02-08,0.05,-12.77,74.53,62.23,1.4,-17.31
2013-02-09,0.0,-10.1,71.31,62.44,1.17,-15.74
2013-02-10,0.0,-11.0,82.82,62.47,1.16,-13.96
2013-02-11,0.0,-11.19,78.43,62.52,1.36,-14.79
2013-02-12,0.0,-9.16,87.63,62.51,1.52,-11.34
2013-02-13,0.0,-10.08,95.44,62.39,1.49,-11.1
2013-02-14,0.0,-10.39,77.15,62.38,1.46,-14.32
2013-02-15,8.4,-9.08,95.23,62.11,2.07,-10.44
2013-02-16,15.61,-8.35,99.34,61.64,2.94,-9.0
2013-02-17,4.75,-10.14,98.73,61.67,1.63,-10.79
2013-02-18,0.01,-10.07,92.38,62.05,1.09,-11.71
2013-02-19,0.0,-10.39,75.12,62.17,1.5,-14.66
2013-02-20,0.0,-9.06,92.86,62.27,1.48,-10.38
2013-02-21,3.51,-10.49,84.59,62.43,1.73,-13.35
2013-02-22,3.56,-8.7,94.09,62.55,2.02,-9.9
2013-02-23,8.03,-7.82,96.78,62.4,2.44,-8.84
2013-02-24,2.41,-7.44,86.13,62.49,1.25,-10.09
2013-02-25,0.0,-7.48,83.76,62.71,1.56,-10.66
2013-02-26,0.01,-6.94,70.63,62.71,1.93,-12.53
2013-02-27,1.07,-7.07,95.6,62.52,4.59,-8.04
2013-02-28,0.0,-7.84,81.77,62.52,1.91,-11.44
2013-03-01,0.0,-6.24,54.81,62.64,1.54,-15.26
2013-03-02,0.0,-4.95,67.17,62.8,1.47,-11.53
2013-03-03,0.0,-4.39,61.44,62.85,1.62,-12.39
2013-03-04,0.0,-3.35,59.87,62.87,1.75,-11.57
2013-03-05,0.0,-5.02,78.55,62.83,1.28,-9.1
2013-03-06,0.0,-3.44,79.07,62.83,1.17,-7.64
2013-03-07,0.0,-3.01,68.49,62.87,1.47,-9.25
2013-03-08,0.0,-3.05,73.81,62.86,1.56,-8.06
2013-03-09,0.0,-4.11,77.25,62.6,1.64,-8.69
2013-03-10,0.0,-5.2,92.58,62.41,2.03,-6.74
2013-03-11,0.0,-4.73,86.68,62.56,1.35,-7.47
2013-03-12,0.0,-4.05,71.79,62.63,1.36,-9.31
2013-03-13,1.89,-3.19,73.81,62.67,1.68,-7.7
2013-03-14,6.05,-3.98,93.82,62.55,3.42,-5.12
2013-03-15,1.99,-5.27,87.09,62.67,2.39,-7.74
2013-03-16,0.0,-5.42,90.15,62.73,1.62,-7.69
2013-03-17,0.0,-6.16,89.04,62.57,1.68,-8.55
2013-03-18,0.0,-5.15,65.99,62.39,1.67,-12.2
2013-03-19,0.0,-2.89,70.9,62.46,1.63,-8.47
2013-03-20,0.0,-3.72,90.45,62.66,1.55,-5.73
2013-03-21,0.0,-4.27,85.83,62.46,1.33,-6.92
2013-03-22,0.0,-2.96,72.68,62.4,1.74,-8.38
2013-03-23,0.26,-3.04,81.12,62.63,2.33,-6.33
2013-03-24,1.39,-3.15,92.71,62.73,3.22,-4.62
2013-03-25,0.05,-4.57,79.81,62.45,1.52,-8.32
2013-03-26,0.0,-3.92,67.6,62.39,1.55,-10.16
2013-03-27,0.0,-1.51,77.53,62.59,1.63,-5.44
2013-03-28,0.16,-2.97,88.92,62.64,2.2,-4.97
2013-03-29,1.04,-3.67,86.83,62.4,1.07,-6.02
2013-03-30,0.0,-3.06,92.62,62.28,1.65,-4.5
2013-03-31,0.0,-2.87,90.02,62.37,1.62,-4.75
2013-04-01,0.0,-2.07,86.47,62.57,1.78,-4.69
2013-04-02,0.03,-3.36,82.97,62.68,1.59,-6.39
2013-04-03,0.05,-3.58,89.69,62.54,2.02,-5.52
2013-04-04,0.0,-3.65,76.71,62.34,1.94,-7.99
2013-04-05,0.0,-4.47,67.55,62.23,2.03,-10.95
2013-04-06,0.0,-2.51,59.75,62.35,1.8,-10.65
2013-04-07,0.0,-1.1,68.44,62.52,1.84,-6.77
2013-04-08,0.0,-0.55,75.51,62.7,1.91,-4.99
2013-04-09,0.38,-0.43,81.53,62.79,2.36,-3.7
2013-04-10,0.0,-1.51,86.02,62.72,2.49,-4.11
2013-04-11,0.0,-2.13,90.43,62.6,1.96,-3.9
2013-04-12,0.0,-1.09,83.8,62.71,1.89,-4.13
2013-04-13,0.01,-1.68,81.78,62.76,1.73,-5.02
2013-04-14,0.18,-1.32,87.07,62.66,1.85,-3.75
2013-04-15,0.0,-0.64,85.9,62.42,1.88,-3.27
2013-04-16,0.0,-0.35,87.26,62.39,2.74,-2.77
2013-04-17,0.0,-1.43,77.63,62.3,2.27,-5.28
2013-04-18,0.0,-1.44,67.66,62.45,1.8,-7.07
2013-04-19,0.0,-1.67,71.67,62.52,1.38,-6.7
2013-04-20,0.07,-1.38,79.15,62.53,1.98,-5.0
2013-04-21,0.03,-2.25,88.43,62.47,1.8,-4.45
2013-04-22,0.0,-1.47,91.42,62.51,1.56,-3.16
2013-04-23,0.0,-0.36,90.3,62.67,1.9,-2.16
2013-04-24,0.0,0.44,89.48,62.84,1.65,-1.67
2013-04-25,0.02,1.36,80.41,62.91,1.52,-2.14
2013-04-26,0.94,0.85,90.55,62.9,2.73,-0.9
2013-04-27,0.0,1.1,73.39,62.83,1.71,-3.79
2013-04-28,0.0,1.68,86.11,62.68,2.1,-0.86
2013-04-29,0.35,1.25,88.05,62.8,2.42,-0.91
2013-04-30,0.19,1.64,88.45,62.84,2.29,-0.51
2013-05-01,0.0,1.26,76.9,62.65,3.12,-2.64
2013-05-02,0.0,0.46,62.54,62.33,2.25,-6.18
2013-05-03,0.0,1.4,64.31,62.29,2.2,-5.2
2013-05-04,0.0,1.33,63.08,62.48,2.5,-5.12
2013-05-05,0.0,1.48,69.13,62.73,2.47,-3.84
2013-05-06,0.0,1.76,80.53,62.74,2.65,-1.72
2013-05-07,0.0,2.53,64.33,62.73,2.03,-4.2
2013-05-08,0.0,3.44,61.87,62.7,2.28,-3.74
2013-05-09,0.0,3.78,51.54,62.68,2.26,-5.88
2013-05-10,0.0,3.86,57.62,62.75,2.21,-4.43
2013-05-11,0.26,2.27,82.36,62.47,3.16,-0.81
2013-05-12,2.05,0.68,86.49,62.5,3.02,-1.78
2013-05-13,0.0,2.18,82.14,62.46,2.22,-1.12
2013-05-14,0.0,2.77,78.16,62.5,2.77,-1.16
2013-05-15,0.0,2.99,69.25,62.53,2.31,-2.78
2013-05-16,0.0,3.47,69.58,62.49,2.3,-1.91
2013-05-17,0.0,4.39,67.91,62.65,2.33,-1.48
2013-05-18,0.0,6.01,56.92,62.74,1.77,-2.56
2013-05-19,0.0,7.12,44.68,62.85,2.19,-4.46
2013-05-20,0.0,7.14,50.21,62.86,2.16,-3.01
2013-05-21,0.0,7.57,55.01,62.86,2.31,-1.73
2013-05-22,0.0,8.18,50.12,62.85,2.2,-2.28
2013-05-23,0.0,8.55,46.91,62.79,2.24,-2.96
2013-05-24,0.0,9.03,43.77,62.84,2.22,-3.34
2013-05-25,0.0,8.41,53.18,62.87,2.27,-1.3
2013-05-26,0.0,7.8,62.31,62.89,2.28,0.4
2013-05-27,0.91,6.12,71.25,62.82,2.65,0.72
2013-05-28,0.25,5.87,59.61,62.76,2.56,-2.32
2013-05-29,0.0,5.0,45.98,62.7,2.95,-6.09
2013-05-30,6.2,4.2,48.96,62.6,1.72,-6.16
2013-05-31,0.0,6.0,56.3,62.56,1.92,-2.8
2013-06-01,0.0,7.11,55.65,62.67,2.03,-2.15
2013-06-02,0.0,7.47,66.15,62.65,2.18,0.7
2013-06-03,1.01,7.58,75.64,62.69,2.25,2.78
2013-06-04,0.02,8.09,71.89,62.78,2.23,2.45
2013-06-05,3.16,8.78,73.42,62.85,2.39,3.63
2013-06-06,0.13,7.6,75.67,62.74,2.41,2.98
2013-06-07,0.47,7.76,70.96,62.68,2.28,2.03
2013-06-08,1.41,8.69,70.55,62.59,1.86,2.85
2013-06-09,1.69,9.71,65.53,62.61,1.96,2.16
2013-06-10,16.77,10.47,74.22,62.68,2.02,5.29
2013-06-11,12.25,9.72,90.64,62.72,2.37,8.05
2013-06-12,3.61,8.05,84.7,62.7,1.87,5.22
2013-06-13,39.9,7.33,88.97,62.6,2.1,5.36
2013-06-14,33.54,7.33,90.79,62.51,2.72,5.65
2013-06-15,86.58,6.66,88.26,62.51,2.79,4.47
2013-06-16,119.62,6.51,96.84,62.34,4.46,5.95
2013-06-17,70.77,5.39,96.05,62.14,3.87,4.73
2013-06-18,1.85,4.42,79.0,62.35,2.33,0.42
2013-06-19,0.03,6.22,83.03,62.36,1.74,2.95
2013-06-20,0.0,8.38,80.52,62.46,1.62,4.28
2013-06-21,0.0,9.68,80.6,62.49,1.8,5.75
2013-06-22,19.68,9.95,89.04,62.57,1.91,7.91
2013-06-23,12.41,10.33,87.59,62.52,1.65,7.89
2013-06-24,37.17,10.53,87.82,62.5,1.83,8.11
2013-06-25,16.31,10.74,90.5,62.59,2.2,9.04
2013-06-26,3.79,10.11,90.98,62.51,1.91,8.47
2013-06-27,11.08,9.1,94.74,62.39,2.88,8.15
2013-06-28,4.01,8.85,91.11,62.38,2.41,7.21
2013-06-29,9.65,9.15,89.7,62.39,2.05,7.28
2013-06-30,0.02,8.99,82.23,62.48,2.02,5.45
2013-07-01,6.07,8.45,88.18,62.47,2.11,6.38
2013-07-02,7.8,8.82,89.4,62.49,2.07,6.9
2013-07-03,7.14,9.51,90.23,62.62,2.05,7.7
2013-07-04,1.14,10.47,86.51,62.61,1.69,8.07
2013-07-05,6.64,10.6,91.17,62.55,1.88,9.02
2013-07-06,6.57,9.65,94.25,62.64,2.27,8.66
2013-07-07,43.18,9.55,93.1,62.62,1.92,8.27
2013-07-08,23.89,9.55,89.48,62.51,1.78,7.58
2013-07-09,4.12,8.67,88.68,62.39,1.84,6.54
2013-07-10,0.31,8.23,79.87,62.37,1.86,4.47
2013-07-11,4.7,8.6,83.03,62.56,1.76,5.42
2013-07-12,1.0,7.77,91.51,62.73,1.49,6.21
2013-07-13,10.99,9.34,88.36,62.65,1.76,7.25
2013-07-14,3.71,10.69,91.11,62.52,2.33,9.1
2013-07-15,19.01,10.68,94.02,62.59,3.04,9.66
2013-07-16,21.81,10.23,93.58,62.6,2.23,9.13
2013-07-17,17.83,10.45,94.91,62.58,1.96,9.52
2013-07-18,5.49,11.08,93.14,62.39,2.17,9.86
2013-07-19,21.4,10.5,93.36,62.33,2.57,9.32
2013-07-20,9.14,9.07,93.21,62.54,2.05,7.83
2013-07-21,29.01,9.13,89.79,62.43,1.77,7.31
2013-07-22,5.48,9.1,96.95,62.4,2.43,8.46
2013-07-23,0.67,9.05,94.6,62.55,2.12,8.08
2013-07-24,15.35,9.27,95.26,62.49,3.28,8.45
2013-07-25,1.54,8.49,90.36,62.38,2.18,6.78
2013-07-26,0.52,9.44,92.03,62.3,2.4,7.95
2013-07-27,1.27,9.59,90.09,62.51,1.54,7.72
2013-07-28,19.65,11.58,82.94,62.58,1.32,7.64
2013-07-29,9.4,11.69,86.58,62.58,1.63,8.65
2013-07-30,7.79,12.0,87.1,62.47,1.61,9.34
2013-07-31,16.56,11.57,88.99,62.39,1.82,9.38
2013-08-01,9.43,9.45,89.27,62.56,1.59,7.47
2013-08-02,3.01,9.51,92.77,62.63,1.93,8.2
2013-08-03,28.13,9.68,90.38,62.72,1.75,7.91
2013-08-04,30.16,8.85,96.48,62.69,1.74,8.1
2013-08-05,11.34,9.65,91.84,62.62,2.22,8.09
2013-08-06,34.71,8.57,95.52,62.62,1.61,7.76
2013-08-07,12.94,9.49,94.43,62.67,1.79,8.47
2013-08-08,12.47,8.62,97.82,62.61,1.79,8.08
2013-08-09,4.79,7.83,95.87,62.56,1.34,6.97
2013-08-10,6.96,8.42,90.29,62.65,1.53,6.66
2013-08-11,11.52,8.05,96.1,62.76,1.92,7.17
2013-08-12,9.81,9.21,93.31,62.75,2.07,8.03
2013-08-13,16.2,7.85,97.55,62.65,2.43,7.33
2013-08-14,8.84,8.11,95.08,62.61,2.58,7.16
2013-08-15,13.81,8.22,94.16,62.66,2.34,7.14
2013-08-16,7.27,8.18,91.52,62.58,2.07,6.65
2013-08-17,20.72,7.77,95.59,62.5,1.83,6.96
2013-08-18,2.05,8.28,91.28,62.53,1.85,6.74
2013-08-19,4.88,8.1,94.97,62.6,2.07,7.22
2013-08-20,8.65,8.31,91.48,62.48,2.09,6.78
2013-08-21,6.09,7.95,95.17,62.42,2.16,7.06
2013-08-22,0.64,7.87,93.09,62.62,1.95,6.68
2013-08-23,4.32,8.72,90.9,62.73,1.87,7.13
2013-08-24,1.76,8.73,83.67,62.76,1.65,5.8
2013-08-25,4.96,9.07,84.53,62.65,1.94,6.33
2013-08-26,0.19,8.85,79.32,62.57,1.71,5.1
2013-08-27,9.31,8.63,88.3,62.53,1.94,6.43
2013-08-28,1.06,8.18,90.91,62.67,1.91,6.54
2013-08-29,1.73,8.62,92.92,62.76,2.18,7.35
2013-08-30,38.33,8.64,92.5,62.72,2.21,7.27
2013-08-31,13.87,8.59,92.49,62.7,2.2,7.24
2013-09-01,11.29,7.98,90.33,62.75,1.92,6.28
2013-09-02,6.55,7.88,92.83,62.76,2.1,6.6
2013-09-03,3.87,7.05,90.7,62.7,1.89,5.3
2013-09-04,4.13,5.91,82.93,62.53,1.78,2.83
2013-09-05,0.62,5.51,91.04,62.43,2.05,3.91
2013-09-06,0.51,5.76,86.11,62.52,1.69,3.41
2013-09-07,0.67,6.53,90.87,62.63,1.27,4.85
2013-09-08,12.4,6.39,92.69,62.77,1.73,4.99
2013-09-09,1.53,6.59,89.86,62.8,1.56,4.75
2013-09-10,8.62,6.62,91.18,62.66,1.68,5.05
2013-09-11,2.56,6.4,92.04,62.75,1.13,4.98
2013-09-12,5.95,6.66,88.59,62.97,1.56,4.64
2013-09-13,0.79,6.1,84.93,63.0,1.6,3.38
2013-09-14,4.44,4.99,77.15,62.78,1.5,0.88
2013-09-15,3.7,4.43,83.0,62.59,1.5,1.39
2013-09-16,0.03,4.07,83.99,62.55,1.54,1.08
2013-09-17,0.0,4.43,74.72,62.6,1.36,-0.28
2013-09-18,0.0,5.65,83.09,62.67,1.43,2.42
2013-09-19,0.06,5.77,81.65,62.74,1.3,2.26
2013-09-20,3.46,6.47,84.04,62.79,1.48,3.44
2013-09-21,6.74,5.37,87.21,62.85,1.85,3.1
2013-09-22,1.04,6.5,82.27,62.76,1.49,3.36
2013-09-23,0.0,6.84,80.02,62.72,1.63,3.22
2013-09-24,4.15,5.97,89.76,62.79,1.68,4.06
2013-09-25,1.06,5.82,83.29,62.89,1.41,2.82
2013-09-26,2.97,6.92,79.22,62.85,1.24,2.76
2013-09-27,2.7,7.11,84.9,62.81,1.81,4.26
2013-09-28,0.55,5.49,81.31,62.8,1.47,2.14
2013-09-29,5.82,4.94,82.97,62.67,1.36,1.95
2013-09-30,5.54,5.15,84.4,62.7,1.54,2.26
2013-10-01,0.29,5.27,86.71,62.9,1.4,2.83
2013-10-02,1.08,5.3,81.6,63.02,1.48,2.04
2013-10-03,2.16,5.22,82.23,62.9,1.37,2.11
2013-10-04,1.1,5.61,91.88,62.73,1.34,4.03
2013-10-05,0.05,6.76,84.21,62.62,1.17,3.18
2013-10-06,1.44,6.69,56.07,62.73,1.01,-3.06
2013-10-07,2.51,6.79,56.28,62.97,1.17,-3.08
2013-10-08,0.7,6.78,64.41,63.09,1.38,-0.79
2013-10-09,0.0,7.3,84.94,63.06,1.25,4.27
2013-10-10,0.6,5.81,91.58,63.1,1.21,4.32
2013-10-11,1.68,3.31,84.45,63.0,1.17,0.68
2013-10-12,1.36,2.37,84.14,62.88,1.79,-0.36
2013-10-13,0.01,2.6,80.01,62.87,1.57,-0.82
2013-10-14,0.0,3.31,70.61,62.73,1.5,-1.94
2013-10-15,0.0,2.52,68.67,62.77,1.4,-3.21
2013-10-16,0.44,1.71,69.17,62.77,1.42,-4.05
2013-10-17,0.01,1.03,71.09,62.88,1.55,-4.03
2013-10-18,0.0,0.52,77.07,62.86,1.44,-3.45
2013-10-19,0.26,0.42,81.38,62.79,1.41,-2.92
2013-10-20,0.91,0.01,79.48,62.64,1.34,-3.65
2013-10-21,0.01,0.81,62.53,62.53,1.2,-6.47
2013-10-22,0.0,1.71,54.39,62.77,1.25,-7.67
2013-10-23,0.0,1.48,61.33,63.02,1.3,-6.08
2013-10-24,0.0,1.06,61.06,62.94,1.28,-6.75
2013-10-25,0.0,-0.16,67.14,62.76,1.33,-6.5
2013-10-26,0.0,-0.21,68.75,62.72,1.34,-5.94
2013-10-27,0.0,-1.42,72.69,62.58,1.48,-6.46
2013-10-28,0.0,-2.98,65.73,62.41,1.48,-9.68
2013-10-29,0.0,-2.03,60.25,62.64,1.5,-9.2
2013-10-30,0.0,-2.05,68.14,62.75,1.45,-7.85
2013-10-31,0.57,-3.56,81.58,62.73,1.75,-6.83
2013-11-01,0.08,-3.83,86.37,62.68,1.82,-6.31
2013-11-02,0.0,-4.93,71.07,62.59,1.38,-10.44
2013-11-03,0.0,-3.89,60.39,62.67,1.41,-11.3
2013-11-04,0.0,-2.82,47.98,62.87,1.24,-12.71
2013-11-05,0.0,-0.98,52.37,62.95,1.06,-9.57
2013-11-06,0.0,-2.29,66.32,62.8,1.47,-8.04
2013-11-07,0.52,-4.43,80.05,62.6,2.48,-8.14
2013-11-08,6.1,-6.07,95.16,62.4,2.84,-7.47
2013-11-09,0.35,-7.02,84.28,62.41,1.47,-10.23
2013-11-10,0.0,-5.52,76.1,62.52,0.88,-10.01
2013-11-11,0.0,-4.85,57.01,62.44,1.34,-12.67
2013-11-12,0.0,-6.34,79.07,62.4,1.57,-10.07
2013-11-13,0.0,-6.56,58.86,62.5,1.33,-13.98
2013-11-14,0.0,-6.5,43.64,62.56,1.31,-17.41
2013-11-15,0.0,-5.07,45.04,62.71,1.25,-15.27
2013-11-16,0.0,-4.54,46.86,62.83,1.24,-14.49
2013-11-17,0.0,-4.33,52.76,62.87,1.23,-12.77
2013-11-18,0.0,-3.33,49.87,62.85,1.11,-12.48
2013-11-19,0.0,-2.12,45.87,62.78,1.22,-12.64
2013-11-20,0.0,-2.57,42.16,62.57,1.1,-14.01
2013-11-21,0.0,-3.42,47.43,62.54,1.22,-14.05
2013-11-22,0.0,-2.58,41.64,62.72,1.22,-14.14
2013-11-23,0.0,-0.38,39.73,62.85,1.28,-12.54
2013-11-24,0.0,-0.87,43.21,62.9,1.21,-11.76
2013-11-25,0.0,-0.69,37.75,62.76,1.08,-13.15
2013-11-26,0.0,-1.07,33.3,62.66,1.03,-15.04
2013-11-27,0.0,-0.9,35.24,62.81,1.02,-14.57
2013-11-28,0.0,-2.14,31.19,62.98,1.21,-16.61
2013-11-29,0.0,-3.27,41.79,62.89,1.12,-14.85
2013-11-30,0.0,-3.24,48.55,62.67,1.18,-13.48
2013-12-01,0.0,-2.52,37.96,62.76,1.24,-15.27
2013-12-02,0.0,-3.55,37.54,62.7,1.38,-16.61
2013-12-03,0.0,-7.45,72.73,62.48,1.46,-12.1
2013-12-04,0.0,-7.02,60.63,62.62,1.27,-13.85
2013-12-05,0.0,-4.41,47.52,62.57,1.07,-14.06
2013-12-06,0.0,-3.57,52.58,62.53,1.29,-12.62
2013-12-07,0.0,-4.11,54.55,62.56,1.16,-12.68
2013-12-08,0.0,-4.74,66.23,62.49,1.32,-10.71
2013-12-09,0.0,-6.53,66.35,62.32,1.49,-12.4
2013-12-10,0.0,-6.89,59.2,62.32,1.27,-14.1
2013-12-11,0.0,-6.58,62.27,62.34,1.18,-13.17
2013-12-12,0.0,-7.11,63.55,62.18,1.36,-13.93
2013-12-13,0.0,-6.27,45.75,62.15,1.66,-16.94
2013-12-14,0.0,-6.43,41.53,62.32,1.9,-17.58
2013-12-15,0.0,-3.18,43.24,62.55,1.42,-14.09
2013-12-16,0.0,-1.58,37.65,62.67,1.41,-14.28
2013-12-17,0.0,-4.14,52.11,62.5,1.56,-13.01
2013-12-18,0.0,-7.91,55.17,62.19,1.63,-16.09
2013-12-19,0.02,-10.69,77.86,62.04,1.87,-14.29
2013-12-20,0.03,-10.16,78.0,62.14,1.39,-14.09
2013-12-21,0.22,-10.18,83.53,62.21,2.45,-12.86
2013-12-22,2.55,-9.67,96.06,62.26,3.6,-10.59
2013-12-23,0.0,-9.16,85.89,62.49,2.04,-11.82
2013-12-24,0.0,-8.89,55.47,62.65,1.83,-16.28
2013-12-25,0.0,-9.17,64.4,62.58,2.36,-14.94
2013-12-26,0.0,-10.67,64.08,62.39,1.63,-16.71
2013-12-27,0.0,-11.89,72.13,62.23,2.32,-16.55
2013-12-28,0.0,-11.71,74.81,62.18,1.68,-15.97
2013-12-29,0.0,-11.06,44.42,62.28,1.51,-20.8
2013-12-30,0.35,-11.28,54.04,62.3,2.06,-19.94
2013-12-31,2.04,-9.64,93.49,62.31,3.45,-10.99
2014-01-01,0.01,-10.76,80.29,62.41,1.79,-14.07
2014-01-02,0.0,-7.87,45.36,62.55,1.07,-17.75
2014-01-03,0.0,-6.78,44.94,62.54,1.16,-16.78
2014-01-04,0.0,-10.01,59.25,62.25,1.83,-16.98
2014-01-05,0.0,-11.42,82.82,61.97,1.98,-14.25
2014-01-06,0.0,-12.75,80.42,61.92,1.65,-16.32
2014-01-07,0.0,-9.73,44.73,62.15,1.29,-19.65
2014-01-08,0.0,-8.68,77.14,62.4,1.75,-12.47
2014-01-09,0.0,-10.16,95.19,62.05,2.93,-11.33
2014-01-10,3.13,-11.54,88.52,62.01,2.65,-13.57
2014-01-11,4.75,-10.53,81.56,62.0,1.53,-13.85
2014-01-12,0.18,-7.9,52.07,62.57,1.41,-16.12
2014-01-13,0.0,-6.75,81.29,62.6,1.52,-9.91
2014-01-14,0.0,-8.32,89.29,62.43,1.68,-10.42
2014-01-15,0.0,-8.88,89.53,62.32,1.27,-11.11
2014-01-16,0.0,-8.59,79.9,62.4,1.41,-12.27
2014-01-17,4.07,-8.05,74.39,62.36,1.4,-12.38
2014-01-18,38.22,-9.44,95.48,62.11,1.6,-10.87
2014-01-19,0.0,-11.07,70.84,62.62,1.17,-16.46
2014-01-20,0.68,-8.04,54.38,62.81,1.37,-16.6
2014-01-21,0.1,-7.98,73.22,62.77,1.45,-12.6
2014-01-22,13.68,-7.72,93.53,62.56,1.95,-9.17
2014-01-23,3.93,-8.27,90.16,62.5,1.59,-10.38
2014-01-24,0.0,-10.32,84.62,62.42,1.34,-13.31
2014-01-25,0.0,-11.36,65.69,62.47,1.36,-17.54
2014-01-26,0.0,-9.27,65.54,62.5,1.07,-14.93
2014-01-27,0.0,-10.12,66.92,62.47,1.34,-16.15
2014-01-28,0.0,-8.4,48.99,62.54,1.36,-17.79
2014-01-29,0.0,-7.8,62.32,62.51,1.22,-14.27
2014-01-30,0.0,-10.26,71.32,62.51,1.37,-15.53
2014-01-31,0.0,-8.78,61.62,62.58,1.28,-15.55
2014-02-01,0.0,-7.14,63.21,62.65,1.31,-13.24
2014-02-02,0.0,-6.32,63.65,62.61,1.18,-12.64
2014-02-03,0.21,-7.68,96.18,62.34,2.53,-8.88
2014-02-04,0.03,-7.69,89.27,62.09,2.06,-9.62
2014-02-05,0.37,-8.76,97.23,61.94,2.56,-9.67
2014-02-06,1.63,-9.57,68.12,62.09,1.86,-16.17
2014-02-07,13.99,-7.33,98.36,61.92,4.74,-7.85
2014-02-08,0.93,-10.17,90.39,61.86,2.26,-11.9
2014-02-09,0.0,-12.34,77.41,61.73,1.83,-16.04
2014-02-10,0.0,-12.51,81.51,61.7,2.34,-15.74
2014-02-11,0.15,-13.29,95.45,61.63,1.99,-14.33
2014-02-12,0.09,-12.58,62.12,61.9,1.48,-19.46
2014-02-13,3.49,-10.27,71.51,62.12,1.94,-14.91
2014-02-14,28.23,-10.09,99.0,61.75,3.55,-10.62
2014-02-15,12.07,-12.87,100.0,61.45,3.03,-13.17
2014-02-16,0.2,-16.77,87.55,61.61,1.26,-18.96
2014-02-17,0.16,-15.74,52.32,62.15,2.11,-23.39
2014-02-18,0.0,-10.09,42.68,62.56,1.23,-20.94
2014-02-19,0.0,-8.83,62.53,62.48,1.37,-15.71
2014-02-20,0.0,-11.03,80.9,62.32,1.58,-13.92
2014-02-21,0.37,-10.24,91.23,62.32,2.2,-11.62
2014-02-22,1.37,-9.97,93.08,62.3,2.15,-11.03
2014-02-23,0.02,-10.02,81.19,62.44,1.38,-13.36
2014-02-24,0.0,-8.02,74.74,62.62,1.55,-12.9
2014-02-25,0.0,-7.08,78.74,62.6,1.99,-10.93
2014-02-26,0.2,-8.79,86.32,62.39,2.22,-11.5
2014-02-27,14.0,-8.84,96.3,62.2,2.67,-9.92
2014-02-28,4.82,-9.04,92.97,62.12,1.97,-10.62
2014-03-01,11.19,-9.92,91.36,62.08,2.07,-11.74
2014-03-02,0.66,-10.95,91.08,62.09,1.73,-12.8
2014-03-03,0.0,-10.06,79.49,62.3,1.47,-13.72
2014-03-04,0.0,-9.03,93.81,62.39,1.88,-10.69
2014-03-05,0.05,-9.91,97.13,62.25,2.12,-10.77
2014-03-06,0.0,-10.63,88.36,62.23,1.47,-12.95
2014-03-07,0.0,-9.27,69.73,62.38,1.44,-14.83
2014-03-08,0.0,-8.08,77.93,62.53,1.49,-12.09
2014-03-09,0.01,-7.0,82.44,62.49,1.93,-10.35
2014-03-10,0.33,-7.36,89.07,62.48,1.85,-9.57
2014-03-11,11.29,-7.24,93.25,62.5,2.22,-9.19
2014-03-12,1.7,-7.21,94.63,62.45,3.07,-8.55
2014-03-13,0.0,-6.78,70.21,62.62,1.39,-12.6
2014-03-14,0.0,-4.27,66.38,62.71,1.44,-10.59
2014-03-15,0.0,-2.79,61.75,62.94,1.05,-9.74
2014-03-16,0.0,-2.2,68.06,63.02,1.48,-8.01
2014-03-17,11.24,-2.41,67.23,62.94,1.59,-8.9
2014-03-18,1.2,-4.69,95.24,62.63,3.0,-5.77
2014-03-19,0.0,-7.18,84.47,62.36,1.68,-10.62
2014-03-20,0.0,-5.52,73.82,62.38,1.69,-10.96
2014-03-21,0.07,-5.48,84.72,62.36,1.61,-8.44
2014-03-22,0.06,-5.29,90.13,62.26,1.4,-7.33
2014-03-23,0.84,-4.86,87.09,62.48,1.33,-7.32
2014-03-24,2.47,-4.01,94.24,62.58,2.2,-5.1
2014-03-25,0.16,-4.06,84.56,62.62,1.61,-6.89
2014-03-26,0.0,-4.3,85.25,62.65,1.84,-6.98
2014-03-27,0.06,-4.03,94.89,62.68,1.76,-5.19
2014-03-28,1.29,-4.1,86.28,62.73,2.22,-6.65
2014-03-29,0.07,-4.35,72.02,62.68,1.57,-9.46
2014-03-30,0.0,-4.02,86.7,62.5,1.6,-6.6
2014-03-31,0.0,-4.28,72.05,62.38,1.62,-10.07
2014-04-01,0.0,-3.48,84.96,62.31,1.68,-6.42
2014-04-02,5.21,-4.16,86.16,62.34,1.76,-6.85
2014-04-03,1.27,-3.48,83.3,62.42,1.51,-6.62
2014-04-04,0.0,-0.87,73.64,62.7,1.69,-5.84
2014-04-05,0.0,-1.21,74.58,62.74,1.78,-5.9
2014-04-06,1.73,-1.45,77.51,62.87,2.1,-5.32
2014-04-07,2.4,-2.7,85.53,62.74,2.75,-5.18
2014-04-08,0.0,-3.47,74.12,62.63,1.93,-8.62
2014-04-09,0.0,-4.16,78.04,62.55,2.15,-8.26
2014-04-10,0.0,-3.5,69.71,62.58,1.48,-9.59
2014-04-11,0.0,-2.51,82.78,62.6,2.07,-5.67
2014-04-12,0.22,-3.8,81.98,62.52,1.94,-7.29
2014-04-13,1.73,-3.97,85.2,62.63,1.36,-6.84
2014-04-14,0.0,-3.23,84.1,62.77,1.75,-6.38
2014-04-15,0.01,-2.14,77.84,62.79,1.77,-6.43
2014-04-16,0.64,-2.28,90.67,62.56,2.27,-4.01
2014-04-17,1.18,-3.34,84.98,62.49,2.15,-6.06
2014-04-18,2.41,-3.33,87.45,62.66,1.28,-5.56
2014-04-19,5.1,-2.77,89.36,62.6,2.89,-4.68
2014-04-20,0.0,-2.85,82.66,62.63,1.58,-6.21
2014-04-21,0.0,-1.61,75.58,62.8,1.72,-6.1
2014-04-22,0.0,-1.02,79.6,62.95,1.75,-4.78
2014-04-23,0.0,-0.86,85.72,62.75,1.66,-3.54
2014-04-24,0.26,-0.23,79.69,62.63,1.71,-3.95
2014-04-25,0.0,0.58,80.79,62.78,2.06,-2.8
2014-04-26,0.0,0.22,81.07,62.8,2.44,-3.21
2014-04-27,0.0,1.07,78.61,62.83,1.32,-2.94
2014-04-28,0.0,1.96,72.84,62.86,1.69,-3.18
2014-04-29,0.0,2.91,71.28,62.92,1.55,-2.23
2014-04-30,0.0,3.19,70.94,62.98,1.58,-1.94
2014-05-01,0.0,3.06,73.43,62.85,1.47,-1.64
2014-05-02,0.03,0.59,89.23,62.79,1.26,-1.18
2014-05-03,0.2,1.51,85.57,62.78,1.69,-0.94
2014-05-04,0.32,2.73,86.54,62.69,2.21,0.34
2014-05-05,0.04,1.83,89.82,62.77,2.05,0.11
2014-05-06,4.97,2.63,85.75,62.8,2.04,0.09
2014-05-07,0.05,3.36,84.81,62.68,2.13,0.65
2014-05-08,0.01,4.15,68.19,62.67,2.11,-1.99
2014-05-09,0.0,2.54,65.76,62.54,2.37,-3.72
2014-05-10,0.29,2.55,65.54,62.56,2.38,-3.87
2014-05-11,0.38,0.96,77.74,62.6,2.23,-3.03
2014-05-12,5.13,1.25,87.23,62.55,3.08,-1.11
2014-05-13,4.11,0.07,85.8,62.58,2.36,-2.43
2014-05-14,0.01,0.31,63.28,62.57,2.16,-6.76
2014-05-15,0.0,0.98,65.79,62.49,2.23,-5.61
2014-05-16,0.0,2.53,70.7,62.57,2.43,-3.29
2014-05-17,0.0,3.46,82.24,62.83,2.44,0.22
2014-05-18,0.0,4.16,72.57,62.93,2.21,-1.04
2014-05-19,0.0,3.84,68.95,62.93,2.44,-2.02
2014-05-20,0.0,3.4,63.0,62.8,2.77,-3.87
2014-05-21,0.0,3.14,75.18,62.6,2.47,-1.6
2014-05-22,0.0,4.35,63.99,62.56,2.5,-2.51
2014-05-23,1.12,4.32,69.29,62.74,3.01,-1.28
2014-05-24,0.2,3.28,77.81,62.87,3.24,-0.64
2014-05-25,2.73,3.02,73.22,62.95,2.39,-2.13
2014-05-26,2.05,2.85,79.23,62.94,2.2,-0.84
2014-05-27,0.02,3.64,75.56,62.81,2.25,-0.87
2014-05-28,0.0,4.94,70.04,62.71,1.99,-0.74
2014-05-29,0.0,6.48,59.04,62.8,2.03,-2.03
2014-05-30,0.41,6.48,61.54,62.86,2.1,-0.97
2014-05-31,11.0,6.78,61.18,62.87,2.34,-1.29
2014-06-01,12.07,5.53,70.14,62.96,1.9,-0.05
2014-06-02,0.0,5.39,64.66,62.91,1.83,-1.97
2014-06-03,0.0,6.16,62.82,62.78,2.01,-1.2
2014-06-04,0.0,7.12,57.85,62.79,1.95,-1.32
2014-06-05,0.0,7.87,55.6,62.79,2.02,-1.26
2014-06-06,0.0,8.74,54.45,62.76,2.09,-0.68
2014-06-07,0.0,8.38,55.56,62.68,2.14,-0.54
2014-06-08,0.0,8.04,47.39,62.61,2.29,-3.17
2014-06-09,0.0,7.78,45.79,62.61,2.22,-3.69
2014-06-10,0.0,7.73,43.44,62.64,2.2,-4.18
2014-06-11,0.45,7.23,38.89,62.65,2.19,-6.28
2014-06-12,0.92,6.13,44.09,62.53,2.23,-6.01
2014-06-13,0.21,6.44,58.81,62.35,1.94,-2.01
2014-06-14,0.01,7.43,66.32,62.42,1.72,0.35
2014-06-15,0.0,9.13,65.75,62.61,2.01,1.13
2014-06-16,10.05,9.53,77.63,62.64,2.0,4.94
2014-06-17,3.84,9.29,83.99,62.6,2.31,6.24
2014-06-18,0.48,9.2,78.3,62.52,2.27,4.87
2014-06-19,0.85,9.02,75.6,62.45,2.3,4.07
2014-06-20,1.38,9.05,73.71,62.44,2.31,3.8
2014-06-21,2.64,8.56,72.63,62.54,2.33,3.06
2014-06-22,0.04,7.62,73.42,62.53,2.91,2.21
2014-06-23,0.2,6.57,74.41,62.47,2.44,1.62
2014-06-24,0.05,6.32,78.51,62.34,2.62,2.33
2014-06-25,0.72,6.41,82.2,62.46,2.69,3.08
2014-06-26,0.01,6.81,79.4,62.74,2.47,2.95
2014-06-27,0.0,8.32,74.98,62.89,2.29,3.53
2014-06-28,5.02,8.85,82.48,62.78,2.44,5.49
2014-06-29,1.04,8.29,83.32,62.59,1.95,5.12
2014-06-30,2.1,8.09,87.58,62.53,2.09,5.75
2014-07-01,2.05,8.04,84.89,62.66,2.12,5.29
2014-07-02,5.17,8.85,85.55,62.69,2.52,6.14
2014-07-03,0.57,8.47,84.94,62.53,2.59,5.71
2014-07-04,7.88,8.63,83.79,62.48,2.69,5.61
2014-07-05,2.02,8.56,81.62,62.66,2.28,5.06
2014-07-06,0.6,9.12,82.9,62.75,2.47,5.87
2014-07-07,0.88,8.67,78.75,62.62,2.49,4.59
2014-07-08,11.08,8.44,78.76,62.53,2.0,4.25
2014-07-09,1.4,9.02,83.74,62.59,2.15,5.94
2014-07-10,0.0,9.84,79.29,62.66,2.08,5.83
2014-07-11,0.0,9.77,82.1,62.67,2.1,6.4
2014-07-12,15.8,9.58,84.36,62.63,2.06,6.7
2014-07-13,27.06,8.98,88.24,62.69,2.12,6.82
2014-07-14,21.13,10.02,87.48,62.6,1.91,7.73
2014-07-15,4.84,10.12,89.14,62.5,2.16,8.17
2014-07-16,4.79,9.7,90.66,62.59,2.38,8.05
2014-07-17,8.7,8.86,93.78,62.47,2.72,7.72
2014-07-18,14.06,8.3,89.01,62.38,2.05,6.29
2014-07-19,12.09,8.67,91.75,62.36,2.43,7.13
2014-07-20,6.19,9.16,91.08,62.44,2.62,7.62
2014-07-21,1.3,8.87,89.02,62.46,2.0,6.86
2014-07-22,15.27,9.72,89.23,62.6,1.68,7.7
2014-07-23,3.36,10.7,87.94,62.51,1.73,8.39
2014-07-24,8.01,10.32,91.96,62.55,2.1,8.91
2014-07-25,5.41,10.24,90.95,62.62,2.15,8.63
2014-07-26,3.15,9.46,93.22,62.76,2.29,8.29
2014-07-27,8.55,8.49,94.92,62.77,1.71,7.53
2014-07-28,6.13,9.31,95.08,62.59,2.22,8.45
2014-07-29,3.05,9.07,92.9,62.61,2.24,7.84
2014-07-30,0.06,9.93,88.98,62.67,2.14,7.96
2014-07-31,3.01,9.81,90.67,62.72,2.33,8.27
2014-08-01,14.39,10.13,90.31,62.64,2.16,8.38
2014-08-02,13.81,10.26,90.76,62.54,2.09,8.52
2014-08-03,8.46,10.01,90.05,62.43,2.29,8.15
2014-08-04,23.78,9.87,91.78,62.4,2.52,8.34
2014-08-05,2.23,9.61,91.71,62.52,2.17,8.05
2014-08-06,34.09,10.18,89.61,62.51,1.72,8.31
2014-08-07,9.63,9.23,95.81,62.5,1.83,8.46
2014-08-08,16.23,10.07,92.84,62.56,2.31,8.8
2014-08-09,10.46,9.54,86.86,62.74,1.89,7.11
2014-08-10,10.66,9.52,83.34,62.77,1.8,6.49
2014-08-11,2.76,9.98,89.89,62.71,1.95,8.14
2014-08-12,1.71,10.34,87.62,62.6,1.95,8.02
2014-08-13,4.35,10.08,90.19,62.47,1.98,8.28
2014-08-14,27.81,9.57,91.26,62.4,2.36,8.0
2014-08-15,64.15,9.05,93.85,62.47,2.97,7.95
2014-08-16,11.12,7.73,89.15,62.63,2.15,5.76
2014-08-17,0.01,6.83,73.43,62.68,1.78,1.72
2014-08-18,3.46,7.47,78.16,62.88,1.63,3.21
2014-08-19,0.08,7.78,82.89,62.92,1.75,4.52
2014-08-20,0.0,8.3,86.1,62.84,1.82,5.64
2014-08-21,0.33,7.89,86.23,62.67,1.76,5.24
2014-08-22,0.02,7.71,86.35,62.73,1.77,5.05
2014-08-23,0.33,7.35,86.53,62.8,1.79,4.81
2014-08-24,0.01,7.01,83.91,62.81,1.73,3.88
2014-08-25,0.0,7.0,84.06,62.8,1.8,4.03
2014-08-26,1.72,6.26,80.86,62.77,1.76,2.67
2014-08-27,4.23,6.54,83.2,62.73,1.94,3.44
2014-08-28,3.77,6.52,86.18,62.84,1.54,3.95
2014-08-29,0.46,7.14,85.73,62.85,1.79,4.54
2014-08-30,0.03,7.47,88.18,62.82,1.85,5.24
2014-08-31,3.09,7.56,86.9,62.68,1.78,5.13
2014-09-01,6.99,6.67,93.14,62.63,1.72,5.39
2014-09-02,0.49,7.2,90.23,62.75,1.83,5.42
2014-09-03,5.95,7.35,88.28,62.81,2.34,5.27
2014-09-04,5.32,7.13,79.62,62.68,2.11,3.38
2014-09-05,26.02,6.92,89.91,62.57,2.24,5.16
2014-09-06,7.89,7.64,92.12,62.67,2.12,6.25
2014-09-07,0.7,7.54,91.55,62.84,2.13,6.0
2014-09-08,0.82,7.9,90.53,62.87,1.88,6.21
2014-09-09,0.15,7.24,85.34,62.77,1.93,4.61
2014-09-10,4.17,6.71,76.78,62.77,1.73,2.39
2014-09-11,1.97,6.65,86.47,62.8,1.92,4.24
2014-09-12,9.64,6.32,86.6,62.77,2.01,3.96
2014-09-13,0.03,5.47,80.96,62.65,1.94,2.1
2014-09-14,1.43,5.29,81.04,62.65,1.71,1.86
2014-09-15,0.0,4.89,70.55,62.63,1.54,-0.82
2014-09-16,0.0,6.41,76.2,62.57,1.56,1.96
2014-09-17,0.0,7.95,83.92,62.62,1.61,4.67
2014-09-18,0.0,8.61,83.28,62.8,1.59,5.48
2014-09-19,0.0,7.25,81.91,62.84,1.72,3.68
2014-09-20,0.17,6.0,90.14,62.69,2.18,4.19
2014-09-21,0.2,4.56,78.86,62.63,1.75,0.63
2014-09-22,0.0,6.28,79.57,62.66,1.59,2.26
2014-09-23,0.0,6.73,80.69,62.67,1.79,2.82
2014-09-24,0.0,5.63,81.83,62.74,1.87,2.04
2014-09-25,0.0,4.41,87.51,62.77,1.91,1.89
2014-09-26,5.5,4.5,77.94,62.77,1.43,0.03
2014-09-27,0.02,4.43,80.15,62.87,1.67,0.74
2014-09-28,0.43,4.44,83.76,62.86,1.98,1.6
2014-09-29,1.37,3.74,90.11,62.8,1.3,1.81
2014-09-30,19.52,3.28,92.29,62.86,1.56,1.92
2014-10-01,8.38,3.31,94.66,62.91,1.68,2.35
2014-10-02,0.33,5.2,86.99,62.9,1.26,2.56
2014-10-03,0.0,6.01,85.15,62.88,1.31,2.95
2014-10-04,0.0,5.84,90.05,63.0,1.41,3.88
2014-10-05,0.0,4.63,88.85,63.09,1.46,2.64
2014-10-06,0.0,4.08,84.81,63.1,1.62,1.43
2014-10-07,0.63,3.19,85.93,62.95,1.52,0.55
2014-10-08,0.17,1.75,58.25,62.96,1.46,-6.1
2014-10-09,0.0,1.89,69.25,62.93,1.63,-3.61
2014-10-10,0.0,0.74,71.86,62.8,1.54,-4.81
2014-10-11,0.0,0.29,60.86,62.75,1.43,-7.25
2014-10-12,0.0,0.93,60.78,62.89,1.4,-6.63
2014-10-13,0.01,0.94,68.14,62.95,1.56,-4.77
2014-10-14,9.15,0.76,81.67,62.72,2.05,-2.39
2014-10-15,0.62,-0.84,83.22,62.84,2.03,-3.87
2014-10-16,0.0,-1.66,72.59,62.78,1.67,-6.75
2014-10-17,0.0,-1.51,73.77,62.8,1.5,-6.33
2014-10-18,0.0,-0.79,69.75,62.76,1.41,-6.18
2014-10-19,0.0,0.43,73.24,62.82,1.55,-4.53
2014-10-20,0.01,0.14,75.28,62.88,1.71,-4.34
2014-10-21,0.0,0.56,71.96,62.93,1.35,-4.82
2014-10-22,0.0,1.49,83.3,63.06,1.38,-1.7
2014-10-23,0.0,1.76,79.08,62.93,1.38,-2.17
2014-10-24,1.0,1.08,85.23,62.85,1.65,-1.81
2014-10-25,9.65,-0.45,87.32,62.77,1.58,-2.94
2014-10-26,0.07,-1.22,87.49,62.85,1.36,-3.62
2014-10-27,0.0,-1.49,78.98,62.75,1.53,-5.17
2014-10-28,0.02,-1.82,78.41,62.65,1.79,-5.86
2014-10-29,0.0,-2.79,84.8,62.69,1.44,-5.74
2014-10-30,0.0,-3.08,79.93,62.71,1.55,-6.93
2014-10-31,0.0,-2.12,72.28,62.79,1.28,-7.09
2014-11-01,0.0,-1.39,68.75,62.8,1.52,-6.77
2014-11-02,0.0,-2.18,67.73,62.86,1.4,-8.66
2014-11-03,0.0,-1.64,60.43,62.78,1.35,-9.02
2014-11-04,0.0,-1.65,70.57,62.7,1.42,-6.86
2014-11-05,0.0,-2.59,81.75,62.68,1.35,-5.89
2014-11-06,0.0,-0.6,53.41,62.71,1.39,-9.44
2014-11-07,0.17,-0.48,61.64,62.87,1.54,-7.44
2014-11-08,0.38,-1.81,76.07,62.99,2.28,-6.13
2014-11-09,0.0,-2.34,74.32,63.02,1.88,-7.12
2014-11-10,0.0,-2.29,60.26,62.9,1.56,-9.63
2014-11-11,0.0,-3.34,55.79,62.78,1.64,-11.51
2014-11-12,0.0,-3.24,64.18,62.82,1.32,-9.7
2014-11-13,0.0,-2.11,45.58,62.96,1.15,-12.95
2014-11-14,0.0,-0.94,35.47,62.95,1.01,-14.35
2014-11-15,0.0,-1.74,41.6,62.76,1.12,-13.44
2014-11-16,0.0,-2.77,44.92,62.71,1.19,-13.48
2014-11-17,0.0,-2.31,38.92,62.76,1.27,-14.66
2014-11-18,0.0,-2.73,42.26,62.86,1.31,-14.03
2014-11-19,0.0,-2.8,45.15,62.84,1.36,-13.38
2014-11-20,0.0,-2.63,45.71,62.74,1.22,-13.22
2014-11-21,0.0,-3.91,56.48,62.65,1.11,-11.91
2014-11-22,0.0,-5.37,57.91,62.47,1.28,-12.87
2014-11-23,0.0,-5.61,56.34,62.5,1.07,-13.73
2014-11-24,0.0,-3.43,42.02,62.65,1.27,-14.97
2014-11-25,0.0,-3.55,48.65,62.64,1.4,-13.06
2014-11-26,0.0,-2.79,46.87,62.41,1.35,-12.84
2014-11-27,0.0,-4.31,60.44,62.44,1.5,-11.3
2014-11-28,0.0,-5.47,71.35,62.51,1.44,-10.94
2014-11-29,0.0,-5.63,61.98,62.57,1.12,-12.84
2014-11-30,0.0,-4.3,58.83,62.69,1.19,-11.76
2014-12-01,0.0,-3.0,41.74,62.78,1.03,-15.29
2014-12-02,0.0,-0.25,25.89,62.85,1.19,-17.03
2014-12-03,0.0,-1.12,31.99,62.78,1.18,-15.4
2014-12-04,0.0,-2.34,32.78,62.8,1.09,-16.23
2014-12-05,0.0,-4.02,34.48,62.89,1.26,-17.22
2014-12-06,0.0,-3.6,43.19,62.84,1.0,-14.2
2014-12-07,0.0,-4.14,44.12,62.69,1.17,-14.61
2014-12-08,0.0,-6.08,47.89,62.57,1.91,-15.55
2014-12-09,0.0,-7.71,62.61,62.56,1.92,-14.3
2014-12-10,0.0,-9.37,58.81,62.42,1.58,-16.43
2014-12-11,1.86,-8.12,46.2,62.48,1.21,-18.43
2014-12-12,0.79,-7.52,44.35,62.56,1.43,-18.17
2014-12-13,10.06,-8.14,82.25,62.41,1.74,-11.44
2014-12-14,6.74,-9.62,93.96,62.13,2.02,-11.2
2014-12-15,3.91,-10.26,94.89,62.02,1.49,-11.78
2014-12-16,0.06,-9.95,75.55,62.19,1.2,-14.49
2014-12-17,0.0,-9.41,44.2,62.56,1.41,-19.78
2014-12-18,0.0,-6.57,37.83,62.85,1.14,-18.46
2014-12-19,0.0,-6.46,37.52,62.96,0.92,-18.48
2014-12-20,0.0,-7.19,41.4,62.71,1.18,-18.31
2014-12-21,0.0,-7.78,52.89,62.48,1.08,-15.73
2014-12-22,0.0,-8.1,65.54,62.46,0.87,-13.66
2014-12-23,0.0,-9.16,64.62,62.34,1.78,-14.91
2014-12-24,0.0,-9.06,55.57,62.57,1.03,-16.78
2014-12-25,0.0,-7.19,43.68,62.59,1.45,-17.46
2014-12-26,0.0,-9.92,62.27,62.25,1.57,-16.31
2014-12-27,0.0,-10.5,46.78,62.38,1.82,-20.49
2014-12-28,0.0,-8.54,36.99,62.57,1.24,-20.69
2014-12-29,0.0,-7.11,37.15,62.42,1.15,-19.55
2014-12-30,0.0,-9.28,56.9,62.27,1.62,-16.5
2014-12-31,0.0,-9.87,59.71,62.37,1.95,-16.71
2015-01-01,0.01,-8.72,71.84,62.57,1.06,-13.49
2015-01-02,4.04,-6.92,88.69,62.5,1.35,-9.05
2015-01-03,8.93,-8.09,96.62,62.29,2.4,-9.1
2015-01-04,1.47,-10.57,82.86,62.25,1.71,-13.74
2015-01-05,0.0,-8.98,61.42,62.3,1.51,-15.52
2015-01-06,0.0,-7.88,70.98,62.25,1.47,-12.94
2015-01-07,0.0,-11.51,66.25,62.04,1.16,-17.7
2015-01-08,0.0,-12.42,45.09,62.31,2.08,-22.98
2015-01-09,0.0,-7.93,43.3,62.55,1.6,-18.88
2015-01-10,0.0,-5.16,34.81,62.63,1.46,-18.77
2015-01-11,0.0,-2.77,31.06,62.8,1.41,-18.02
2015-01-12,0.0,-3.89,41.6,62.78,1.24,-15.32
2015-01-13,0.05,-6.07,48.93,62.52,1.75,-16.0
2015-01-14,3.12,-9.31,89.4,62.05,2.01,-11.61
2015-01-15,0.01,-10.26,85.12,62.2,1.33,-13.03
2015-01-16,0.0,-9.5,85.29,62.21,0.84,-12.54
2015-01-17,0.0,-9.59,60.78,62.36,1.53,-16.71
2015-01-18,0.0,-9.33,57.44,62.32,1.39,-16.79
2015-01-19,0.0,-9.01,55.08,62.41,1.47,-16.81
2015-01-20,0.0,-7.71,50.03,62.59,1.52,-16.81
2015-01-21,0.52,-8.55,69.5,62.62,1.96,-13.81
2015-01-22,2.37,-8.27,94.09,62.39,2.47,-9.73
2015-01-23,0.61,-10.33,83.31,62.25,1.97,-13.19
2015-01-24,0.01,-10.26,73.16,62.37,1.67,-14.98
2015-01-25,0.13,-9.94,64.67,62.42,1.97,-16.21
2015-01-26,2.6,-11.42,84.21,62.26,2.36,-14.25
2015-01-27,0.18,-11.19,91.67,62.13,2.75,-12.72
2015-01-28,0.0,-12.13,75.93,62.05,1.64,-16.27
2015-01-29,0.0,-13.37,93.2,61.92,2.63,-15.13
2015-01-30,0.0,-11.89,50.45,62.11,1.56,-20.57
2015-01-31,0.0,-8.92,63.58,62.22,1.56,-15.07
2015-02-01,0.0,-9.03,82.38,62.34,1.34,-12.2
2015-02-02,1.46,-8.77,95.86,62.39,2.11,-9.63
2015-02-03,5.03,-8.66,98.34,62.48,3.7,-9.3
2015-02-04,0.01,-9.65,74.32,62.59,1.17,-14.45
2015-02-05,0.0,-7.16,43.27,62.57,1.15,-18.19
2015-02-06,0.0,-7.87,55.98,62.52,1.53,-15.9
2015-02-07,0.0,-9.66,71.49,62.36,1.66,-14.48
2015-02-08,0.0,-9.17,78.36,62.36,1.59,-12.73
2015-02-09,0.0,-9.2,82.48,62.48,1.29,-12.52
2015-02-10,0.0,-8.12,66.1,62.57,1.28,-14.59
2015-02-11,0.0,-6.57,75.46,62.4,1.39,-10.89
2015-02-12,0.0,-6.48,69.12,62.25,1.34,-12.35
2015-02-13,0.0,-5.82,52.5,62.21,1.53,-14.96
2015-02-14,0.0,-5.94,81.93,62.21,1.83,-9.12
2015-02-15,0.0,-4.76,65.06,62.38,1.34,-11.85
2015-02-16,0.26,-5.25,85.45,62.62,1.63,-7.77
2015-02-17,0.03,-5.27,85.52,62.43,1.4,-7.96
2015-02-18,0.02,-6.34,91.53,62.26,2.21,-7.94
2015-02-19,0.2,-6.32,82.8,62.42,1.66,-9.56
2015-02-20,6.94,-5.63,93.93,62.57,2.45,-6.86
2015-02-21,0.01,-5.43,68.44,62.59,1.57,-11.22
2015-02-22,0.0,-1.68,53.43,62.76,1.53,-10.84
2015-02-23,0.0,-0.1,60.86,62.93,1.31,-7.2
2015-02-24,0.2,-1.01,59.17,62.8,1.54,-8.29
2015-02-25,2.92,-4.36,95.11,62.38,4.1,-5.25
2015-02-26,1.35,-5.86,92.11,62.0,4.68,-7.26
2015-02-27,2.24,-8.58,88.1,62.15,3.07,-10.89
2015-02-28,0.32,-7.42,89.48,62.34,2.52,-9.72
2015-03-01,34.11,-4.72,96.38,62.18,3.62,-5.77
2015-03-02,42.2,-5.79,97.68,62.11,3.78,-6.97
2015-03-03,7.12,-7.97,98.13,61.93,2.9,-9.25
2015-03-04,0.42,-8.8,97.63,61.86,2.22,-10.17
2015-03-05,0.28,-10.66,84.22,62.23,1.75,-13.42
2015-03-06,0.08,-9.89,95.13,62.33,1.33,-11.14
2015-03-07,0.31,-10.52,80.99,62.35,1.64,-13.69
2015-03-08,2.77,-9.52,97.07,62.38,3.02,-10.49
2015-03-09,2.23,-9.53,95.54,62.48,4.11,-10.79
2015-03-10,0.0,-9.14,73.94,62.73,1.57,-13.71
2015-03-11,0.0,-6.0,64.69,62.87,1.64,-12.61
2015-03-12,0.0,-4.22,61.04,62.89,1.25,-11.2
2015-03-13,0.0,-5.19,78.18,62.66,1.3,-9.07
2015-03-14,3.82,-5.51,92.59,62.65,1.53,-7.03
2015-03-15,2.19,-5.83,92.98,62.55,1.69,-7.6
2015-03-16,2.1,-6.67,90.35,62.54,1.95,-8.85
2015-03-17,0.11,-6.4,85.65,62.48,1.49,-9.17
2015-03-18,0.0,-6.91,82.08,62.26,1.54,-10.39
2015-03-19,0.0,-5.06,65.6,62.55,1.47,-12.04
2015-03-20,0.0,-3.41,80.94,62.77,1.58,-6.93
2015-03-21,0.0,-2.92,78.57,62.85,1.27,-6.8
2015-03-22,0.0,-1.71,75.64,62.8,1.56,-6.53
2015-03-23,0.0,-0.9,71.77,62.73,1.36,-6.9
2015-03-24,0.0,0.45,68.31,62.89,1.55,-5.77
2015-03-25,0.0,0.0,81.39,63.03,1.33,-3.62
2015-03-26,0.13,-0.34,76.27,63.09,1.75,-4.65
2015-03-27,0.0,0.89,75.97,63.01,1.2,-3.78
2015-03-28,0.01,0.76,79.51,62.96,1.76,-3.08
2015-03-29,5.81,-2.03,83.83,62.73,2.5,-4.96
2015-03-30,7.11,-3.7,91.57,62.48,1.52,-5.41
2015-03-31,0.02,-3.58,79.88,62.52,1.68,-7.24
2015-04-01,2.44,-3.11,91.13,62.5,2.08,-4.88
2015-04-02,0.89,-2.77,86.64,62.45,1.91,-5.21
2015-04-03,15.39,-3.78,95.32,62.19,2.84,-4.79
2015-04-04,2.54,-3.78,84.16,62.05,2.13,-6.71
2015-04-05,0.27,-4.41,87.93,62.18,1.92,-6.78
2015-04-06,0.2,-3.67,77.25,62.32,1.97,-7.77
2015-04-07,1.9,-3.84,88.73,62.41,2.61,-5.92
2015-04-08,0.37,-3.77,87.63,62.49,1.71,-6.06
2015-04-09,0.0,-1.85,79.42,62.57,1.91,-5.73
2015-04-10,0.0,-1.31,74.0,62.62,1.93,-6.26
2015-04-11,0.0,-1.52,82.53,62.71,1.71,-4.7
2015-04-12,0.03,-2.2,84.27,62.89,1.87,-5.12
2015-04-13,0.03,-0.61,84.27,62.81,1.25,-3.75
2015-04-14,3.99,0.58,72.7,62.81,1.69,-4.89
2015-04-15,6.49,0.23,92.04,62.87,1.48,-1.06
2015-04-16,2.1,0.81,86.52,62.87,2.12,-1.62
2015-04-17,0.0,0.78,57.83,62.53,1.95,-7.47
2015-04-18,0.0,0.99,56.62,62.48,2.06,-7.31
2015-04-19,0.1,1.79,66.9,62.84,2.0,-4.38
2015-04-20,0.4,2.04,84.77,63.07,2.92,-0.72
2015-04-21,0.0,1.36,81.82,62.77,1.86,-1.92
2015-04-22,0.0,2.0,77.51,62.53,2.03,-2.16
2015-04-23,0.0,0.62,82.35,62.63,1.63,-2.54
2015-04-24,0.0,0.74,79.75,62.76,1.93,-2.78
2015-04-25,0.47,0.96,79.15,62.79,1.92,-2.84
2015-04-26,0.02,2.55,77.76,62.71,1.92,-1.88
2015-04-27,0.66,3.4,82.4,62.85,2.47,0.06
2015-04-28,0.3,1.77,66.29,62.72,2.52,-4.96
2015-04-29,0.0,1.47,73.73,62.63,2.27,-3.54
2015-04-30,3.49,1.76,74.02,62.79,2.86,-3.31
2015-05-01,1.64,1.12,79.97,62.74,2.77,-2.65
2015-05-02,0.05,-0.18,76.56,62.64,2.48,-4.31
2015-05-03,0.0,-0.03,65.14,62.75,2.08,-6.5
2015-05-04,0.0,1.86,63.52,62.84,1.63,-5.25
2015-05-05,0.0,3.72,66.51,62.85,1.82,-2.61
2015-05-06,0.0,3.27,72.24,62.77,1.78,-1.83
2015-05-07,0.05,4.85,65.56,62.92,1.61,-1.99
2015-05-08,0.0,5.51,71.32,62.95,1.98,-0.08
2015-05-09,0.0,4.72,74.32,62.88,1.73,-0.18
2015-05-10,0.13,4.85,75.12,62.87,1.91,0.11
2015-05-11,1.74,4.63,79.89,62.9,2.39,0.89
2015-05-12,0.08,4.08,76.58,62.89,2.4,-0.52
2015-05-13,0.0,3.34,80.27,62.83,2.62,-0.26
2015-05-14,0.03,3.48,74.67,62.84,2.42,-1.42
2015-05-15,0.2,3.39,77.42,62.75,2.1,-0.87
2015-05-16,0.03,5.6,70.92,62.65,1.52,-0.15
2015-05-17,0.0,6.0,79.13,62.7,2.07,1.96
2015-05-18,0.0,5.74,68.03,62.84,2.37,-0.64
2015-05-19,0.0,5.57,59.27,62.89,2.41,-2.68
2015-05-20,0.0,4.86,55.66,62.76,2.27,-4.15
2015-05-21,0.0,5.19,53.7,62.69,2.29,-4.02
2015-05-22,0.0,5.99,46.24,62.65,2.23,-5.37
2015-05-23,0.0,5.38,51.93,62.6,2.51,-4.42
2015-05-24,0.0,5.06,54.65,62.7,2.48,-3.77
2015-05-25,0.0,5.74,51.53,62.78,2.95,-3.87
2015-05-26,0.02,5.27,48.49,62.83,3.18,-4.97
2015-05-27,0.0,5.16,40.76,62.78,2.16,-7.47
2015-05-28,0.23,5.58,36.89,62.77,2.06,-8.41
2015-05-29,0.01,6.73,42.91,62.91,2.26,-5.54
2015-05-30,0.0,5.36,61.47,62.88,2.79,-1.88
2015-05-31,0.05,4.09,70.97,62.72,2.69,-1.36
2015-06-01,0.01,2.13,74.89,62.55,2.76,-2.56
2015-06-02,0.0,2.59,72.69,62.73,2.13,-2.24
2015-06-03,0.02,4.33,69.0,62.86,2.81,-1.6
2015-06-04,0.75,4.65,76.03,62.96,3.35,0.12
2015-06-05,0.19,5.19,69.9,62.9,2.71,-0.7
2015-06-06,0.0,5.87,65.06,62.71,2.38,-1.6
2015-06-07,0.02,6.57,67.61,62.75,2.48,0.15
2015-06-08,1.9,6.77,64.89,62.8,2.29,-0.12
2015-06-09,0.18,6.93,64.85,62.76,2.2,-0.22
2015-06-10,0.05,7.27,71.11,62.71,2.56,1.49
2015-06-11,0.0,6.94,68.31,62.72,2.84,0.69
2015-06-12,0.0,6.11,69.86,62.62,2.52,0.19
2015-06-13,0.96,5.46,71.97,62.55,2.64,0.1
2015-06-14,1.23,5.38,82.89,62.39,3.35,2.22
2015-06-15,0.03,5.59,80.73,62.49,3.6,2.03
2015-06-16,0.0,6.29,74.34,62.55,2.62,1.19
2015-06-17,0.98,8.11,68.68,62.6,2.62,1.44
2015-06-18,1.56,7.88,82.73,62.63,2.34,4.6
2015-06-19,6.91,8.66,80.66,62.66,1.86,4.73
2015-06-20,3.61,8.01,81.32,62.67,2.16,4.57
2015-06-21,2.83,8.28,77.06,62.63,2.45,3.71
2015-06-22,0.44,7.88,79.27,62.45,2.56,3.81
2015-06-23,1.51,8.34,82.11,62.39,2.9,4.88
2015-06-24,2.56,8.12,81.31,62.45,2.65,4.42
2015-06-25,14.53,6.67,87.69,62.25,3.32,4.44
2015-06-26,2.59,6.49,68.53,62.24,2.28,0.15
2015-06-27,0.28,7.08,69.42,62.42,2.06,0.55
2015-06-28,15.45,8.2,72.91,62.74,2.18,2.46
2015-06-29,12.52,7.25,84.61,62.86,1.97,4.32
2015-06-30,2.54,7.69,84.21,62.8,2.42,4.7
2015-07-01,2.28,7.57,82.44,62.77,2.41,4.22
2015-07-02,3.32,7.95,78.53,62.73,2.26,3.72
2015-07-03,0.54,8.57,87.62,62.66,1.71,6.25
2015-07-04,12.56,10.87,76.1,62.59,1.8,5.58
2015-07-05,11.29,11.0,83.83,62.51,2.18,7.57
2015-07-06,24.69,8.55,91.57,62.49,2.13,7.02
2015-07-07,10.54,8.73,90.04,62.43,2.02,6.96
2015-07-08,5.06,9.22,89.88,62.52,1.9,7.36
2015-07-09,2.17,9.93,88.35,62.54,2.25,7.7
2015-07-10,30.64,8.14,91.18,62.45,3.04,6.63
2015-07-11,23.02,7.51,86.65,62.57,1.55,5.21
2015-07-12,12.45,8.58,90.43,62.65,1.73,6.8
2015-07-13,17.18,9.95,86.65,62.68,1.75,7.52
2015-07-14,2.0,11.38,86.63,62.6,1.51,8.87
2015-07-15,3.47,12.35,86.04,62.38,1.43,9.39
2015-07-16,11.38,11.42,85.09,62.35,1.84,8.19
2015-07-17,4.53,9.61,89.75,62.46,1.78,7.67
2015-07-18,2.97,8.95,90.67,62.45,1.74,7.23
2015-07-19,0.56,9.45,90.11,62.44,1.58,7.52
2015-07-20,1.93,8.81,90.66,62.52,1.49,7.04
2015-07-21,7.2,9.49,83.82,62.73,1.25,6.59
2015-07-22,2.47,10.83,89.57,62.71,1.95,8.89
2015-07-23,1.57,9.66,90.84,62.8,1.83,8.02
2015-07-24,1.58,10.14,89.97,62.71,1.49,8.19
2015-07-25,16.18,10.31,88.05,62.64,1.97,7.93
2015-07-26,8.57,9.59,83.54,62.65,1.85,6.5
2015-07-27,6.09,9.38,86.09,62.6,1.81,6.7
2015-07-28,3.08,9.7,86.99,62.58,1.93,7.25
2015-07-29,0.0,10.49,85.85,62.54,1.92,7.75
2015-07-30,1.17,10.88,90.04,62.49,2.03,8.97
2015-07-31,14.07,9.47,91.59,62.43,2.06,7.91
2015-08-01,14.8,8.65,93.18,62.6,2.21,7.47
2015-08-02,1.31,8.17,93.4,62.73,1.99,6.98
2015-08-03,4.73,8.29,88.6,62.76,1.75,6.25
2015-08-04,0.38,9.84,81.27,62.7,2.04,6.52
2015-08-05,0.31,9.97,90.44,62.57,2.31,8.27
2015-08-06,14.66,10.19,92.3,62.51,1.65,8.8
2015-08-07,24.31,9.86,92.4,62.62,1.13,8.47
2015-08-08,14.06,10.09,92.9,62.71,1.71,8.72
2015-08-09,4.69,9.74,91.01,62.63,1.44,7.96
2015-08-10,2.89,9.34,92.38,62.7,2.03,7.88
2015-08-11,6.67,9.35,92.73,62.86,2.31,8.07
2015-08-12,1.06,9.08,94.02,62.85,2.09,8.05
2015-08-13,5.69,9.58,93.23,62.8,2.43,8.49
2015-08-14,1.1,10.14,92.82,62.8,2.65,8.97
2015-08-15,9.84,9.76,94.59,62.8,3.33,8.87
2015-08-16,5.37,9.02,95.46,62.78,2.21,8.21
2015-08-17,11.87,9.38,92.89,62.67,2.92,8.11
2015-08-18,2.32,8.43,82.96,62.71,1.73,5.19
2015-08-19,15.89,9.75,77.46,62.67,1.46,4.82
2015-08-20,26.14,9.74,80.12,62.61,1.39,5.53
2015-08-21,11.18,8.32,93.51,62.57,2.13,7.14
2015-08-22,12.25,7.67,89.83,62.5,2.42,5.81
2015-08-23,12.58,7.85,90.47,62.52,2.14,6.11
2015-08-24,1.52,8.05,84.81,62.64,1.89,5.29
2015-08-25,0.01,8.3,77.61,62.67,1.75,3.97
2015-08-26,0.33,8.0,80.11,62.7,1.77,4.22
2015-08-27,2.94,8.27,78.78,62.79,1.71,4.21
2015-08-28,0.56,7.64,80.35,62.79,1.71,3.85
2015-08-29,0.67,7.19,74.5,62.67,1.68,2.36
2015-08-30,7.37,7.15,85.64,62.67,1.65,4.38
2015-08-31,2.32,6.38,75.24,62.65,1.67,1.61
2015-09-01,0.5,6.05,82.01,62.52,1.71,2.62
2015-09-02,8.13,6.82,86.84,62.51,1.92,4.35
2015-09-03,0.94,6.58,90.47,62.77,2.16,4.84
2015-09-04,0.06,6.69,86.23,62.98,1.88,4.12
2015-09-05,0.0,5.95,80.1,62.94,1.69,2.13
2015-09-06,0.0,5.37,83.75,62.84,1.82,2.33
2015-09-07,0.01,4.61,78.97,62.78,1.68,0.55
2015-09-08,0.0,5.1,70.71,62.85,1.61,-0.55
2015-09-09,0.0,5.63,64.06,62.93,1.58,-1.57
2015-09-10,0.0,6.07,70.9,63.02,1.57,0.35
2015-09-11,0.0,5.87,63.38,63.03,1.76,-1.2
2015-09-12,0.0,5.44,54.96,63.03,1.64,-3.44
2015-09-13,0.15,5.38,66.69,62.98,1.52,-1.45
2015-09-14,0.0,6.29,82.99,62.87,1.57,2.91
2015-09-15,1.79,5.03,76.47,62.85,1.71,0.47
2015-09-16,1.69,4.77,78.34,62.82,1.68,0.66
2015-09-17,0.01,4.61,64.02,62.9,1.7,-2.24
2015-09-18,1.13,5.46,68.88,62.99,1.46,-0.4
2015-09-19,6.14,5.63,91.48,62.91,2.16,4.13
2015-09-20,5.66,5.42,87.63,62.85,1.91,3.24
2015-09-21,0.72,6.64,79.01,62.74,1.63,2.89
2015-09-22,5.87,7.21,94.0,62.73,2.84,6.15
2015-09-23,1.73,6.22,86.91,62.78,2.01,3.77
2015-09-24,0.02,4.75,81.76,62.58,1.83,1.22
2015-09-25,0.0,4.66,80.01,62.5,1.98,1.07
2015-09-26,0.0,3.74,87.68,62.63,2.19,1.46
2015-09-27,0.0,2.18,81.12,62.72,2.01,-1.42
2015-09-28,0.0,2.74,81.67,62.84,1.65,-0.76
2015-09-29,0.0,3.49,67.05,63.08,1.63,-2.64
2015-09-30,0.0,4.45,55.53,63.25,1.59,-4.53
2015-10-01,0.0,4.66,57.38,63.28,1.44,-4.0
2015-10-02,0.0,3.99,64.53,63.15,1.55,-3.0
2015-10-03,0.0,3.78,62.39,62.95,1.65,-3.81
2015-10-04,0.0,1.96,63.74,63.0,1.58,-4.67
2015-10-05,0.0,2.43,63.83,62.99,1.42,-4.2
2015-10-06,0.0,2.95,69.8,62.93,1.39,-2.77
2015-10-07,0.0,2.66,69.32,62.98,1.43,-3.39
2015-10-08,0.0,3.18,73.01,62.85,1.35,-2.0
2015-10-09,0.0,4.53,77.9,62.64,1.24,0.11
2015-10-10,0.0,4.36,76.11,62.66,1.44,-0.46
2015-10-11,0.0,3.81,82.87,62.86,1.56,0.56
2015-10-12,3.82,3.87,86.99,62.92,1.42,1.3
2015-10-13,1.1,4.19,86.47,62.95,1.27,1.29
2015-10-14,5.3,2.8,89.2,63.07,1.62,0.75
2015-10-15,0.3,1.38,73.6,63.0,1.38,-3.26
2015-10-16,0.5,1.97,72.63,63.01,1.5,-3.24
2015-10-17,0.0,2.69,71.93,63.04,1.63,-2.45
2015-10-18,0.0,2.05,69.59,63.1,1.61,-3.59
2015-10-19,0.0,2.03,70.19,63.07,1.76,-3.6
2015-10-20,0.0,0.52,82.51,62.87,1.83,-2.87
2015-10-21,0.0,-0.72,66.39,62.8,1.45,-7.15
2015-10-22,0.0,-0.58,63.9,62.78,1.57,-7.74
2015-10-23,0.0,-0.63,67.57,62.75,1.52,-6.82
2015-10-24,0.01,-0.29,65.48,62.78,1.77,-6.85
2015-10-25,0.55,-1.28,79.35,62.96,1.72,-5.01
2015-10-26,1.71,-2.66,76.45,62.93,1.65,-7.07
2015-10-27,0.06,-3.37,72.8,62.82,1.67,-8.63
2015-10-28,0.0,-2.62,76.98,62.72,1.39,-6.92
2015-10-29,0.22,-0.66,69.12,62.72,0.96,-6.82
2015-10-30,0.0,1.54,45.07,62.84,1.0,-9.82
2015-10-31,0.0,2.38,59.18,62.98,1.17,-5.82
2015-11-01,0.0,0.77,73.72,63.0,1.4,-4.41
2015-11-02,0.0,-0.14,77.85,63.02,1.3,-4.34
2015-11-03,0.0,-1.85,68.37,62.83,1.56,-7.73
2015-11-04,0.32,-2.86,70.04,62.69,1.9,-8.35
2015-11-05,0.72,-4.62,89.59,62.58,2.17,-6.32
2015-11-06,0.03,-4.16,81.25,62.59,1.52,-7.62
2015-11-07,0.0,-2.63,63.5,62.76,1.35,-9.9
2015-11-08,0.0,-3.27,78.37,62.84,1.55,-7.49
2015-11-09,0.0,-3.71,83.41,62.8,1.51,-6.72
2015-11-10,0.0,-3.68,82.22,62.69,1.54,-6.84
2015-11-11,0.0,-2.32,65.26,62.69,1.33,-9.12
2015-11-12,0.0,1.16,49.09,62.95,1.22,-8.69
2015-11-13,0.0,0.72,67.16,62.99,1.64,-5.39
2015-11-14,0.0,-1.35,81.01,62.74,1.56,-5.0
2015-11-15,0.0,-2.57,70.2,62.67,1.79,-8.29
2015-11-16,0.0,-3.34,73.2,62.55,1.14,-8.66
2015-11-17,0.0,-3.07,70.51,62.52,1.47,-8.77
2015-11-18,0.0,-0.3,36.31,62.83,1.44,-13.67
2015-11-19,0.0,1.11,40.62,63.05,1.25,-10.93
2015-11-20,0.0,1.3,39.57,63.05,1.17,-11.16
2015-11-21,0.0,0.95,38.99,63.02,1.24,-12.07
2015-11-22,0.0,-0.62,39.3,62.95,1.43,-13.61
2015-11-23,0.0,-0.9,40.6,62.95,1.33,-12.36
2015-11-24,0.0,-0.97,37.27,62.93,1.42,-13.45
2015-11-25,0.0,-0.5,32.83,62.92,1.38,-14.53
2015-11-26,0.32,-3.79,61.21,62.67,2.43,-11.19
2015-11-27,0.83,-4.96,90.37,62.36,2.03,-6.77
2015-11-28,0.24,-3.91,90.4,62.66,1.62,-5.38
2015-11-29,0.0,-4.48,55.54,62.97,1.5,-13.1
2015-11-30,0.0,-2.93,55.84,63.01,1.23,-11.83
2015-12-01,0.0,-3.24,49.96,62.77,1.36,-12.48
2015-12-02,0.0,-4.95,64.13,62.62,1.34,-11.35
2015-12-03,0.0,-2.45,45.58,62.63,1.34,-13.74
2015-12-04,0.0,0.47,35.11,62.74,1.51,-13.3
2015-12-05,0.0,-0.58,40.77,62.81,1.67,-12.54
2015-12-06,0.01,-2.06,49.96,62.82,1.71,-11.36
2015-12-07,0.0,-3.12,43.19,62.8,1.47,-14.08
2015-12-08,0.0,-3.12,46.07,62.78,1.34,-13.17
2015-12-09,0.15,-4.6,51.24,62.71,1.48,-14.49
2015-12-10,0.92,-6.57,85.96,62.43,2.07,-9.15
2015-12-11,12.63,-7.04,96.44,62.06,4.75,-7.94
2015-12-12,1.97,-8.7,85.13,62.13,1.41,-11.36
2015-12-13,0.0,-9.5,78.76,62.23,1.49,-13.27
2015-12-14,0.0,-9.59,74.73,62.23,1.18,-13.93
2015-12-15,0.0,-9.09,41.17,62.25,1.2,-20.27
2015-12-16,0.0,-7.51,51.28,62.33,1.43,-17.24
2015-12-17,0.14,-11.68,85.61,62.04,1.99,-14.36
2015-12-18,0.0,-10.34,55.42,62.14,1.31,-18.91
2015-12-19,0.0,-9.25,49.24,62.37,1.55,-18.77
2015-12-20,0.0,-11.59,67.22,62.22,1.71,-16.94
2015-12-21,0.0,-11.83,76.83,62.21,1.47,-15.98
2015-12-22,0.0,-11.95,75.88,62.34,1.8,-16.0
2015-12-23,0.03,-13.25,82.22,62.21,1.95,-16.0
2015-12-24,0.01,-12.32,74.69,62.08,1.2,-16.75
2015-12-25,0.0,-8.17,41.2,62.51,1.52,-19.18
2015-12-26,0.0,-3.48,56.57,62.77,1.42,-11.07
2015-12-27,0.0,-2.44,64.05,62.96,1.44,-8.61
2015-12-28,0.0,-3.6,46.86,63.06,1.29,-13.72
2015-12-29,0.0,-3.59,32.89,62.83,1.15,-17.72
2015-12-30,0.0,-6.88,43.21,62.66,1.71,-17.18
2015-12-31,0.0,-8.52,40.56,62.7,1.07,-20.34
2016-01-01,0.0,-4.58,30.63,62.86,1.11,-19.55
2016-01-02,0.0,-6.05,45.38,62.73,1.19,-15.88
2016-01-03,0.0,-4.43,40.25,62.61,0.95,-16.18
2016-01-04,0.45,-4.94,60.42,62.76,1.03,-12.14
2016-01-05,0.08,-6.7,88.54,62.58,0.99,-9.09
2016-01-06,0.0,-7.31,83.91,62.53,1.22,-10.74
2016-01-07,0.69,-8.27,85.91,62.53,1.54,-11.03
2016-01-08,2.17,-9.69,91.77,62.25,2.14,-11.46
2016-01-09,0.0,-7.91,48.13,62.18,1.36,-17.59
2016-01-10,0.0,-5.8,50.62,62.48,1.36,-14.84
2016-01-11,0.0,-6.01,55.21,62.56,1.43,-13.99
2016-01-12,0.0,-6.52,55.39,62.41,1.35,-14.4
2016-01-13,0.09,-9.96,74.1,62.18,1.47,-14.69
2016-01-14,0.0,-8.91,57.06,62.26,1.39,-16.55
2016-01-15,0.0,-9.33,70.07,62.13,1.33,-14.62
2016-01-16,0.0,-8.35,54.67,62.14,1.52,-16.76
2016-01-17,0.0,-7.8,56.55,62.2,1.32,-15.49
2016-01-18,0.0,-9.93,64.38,62.1,1.93,-16.4
2016-01-19,0.21,-10.99,81.28,61.93,1.79,-14.56
2016-01-20,0.06,-9.74,65.25,61.82,1.28,-17.02
2016-01-21,0.0,-9.25,35.53,62.15,1.54,-22.17
2016-01-22,0.0,-8.43,36.98,62.26,1.58,-20.59
2016-01-23,0.0,-8.65,45.46,62.35,1.51,-18.44
2016-01-24,0.0,-9.19,53.3,62.24,1.52,-17.29
2016-01-25,0.0,-8.96,55.1,62.13,1.7,-16.86
2016-01-26,0.0,-9.18,76.26,62.17,1.7,-12.89
2016-01-27,0.0,-8.96,77.91,62.18,1.78,-12.77
2016-01-28,0.01,-7.01,53.98,62.38,1.68,-15.93
2016-01-29,4.56,-6.33,85.82,62.59,2.55,-8.88
2016-01-30,0.95,-7.19,86.14,62.48,2.18,-9.71
2016-01-31,0.36,-8.39,81.52,62.35,2.23,-11.75
2016-02-01,0.0,-8.5,67.62,62.37,1.44,-14.33
2016-02-02,0.0,-8.55,45.62,62.42,1.54,-18.71
2016-02-03,0.0,-6.76,32.61,62.49,1.16,-20.51
2016-02-04,0.0,-3.91,29.73,62.75,1.38,-19.02
2016-02-05,0.0,-2.65,28.4,62.84,1.61,-17.89
2016-02-06,0.0,-5.14,45.62,62.6,2.55,-16.04
2016-02-07,16.02,-7.67,86.36,62.27,2.36,-10.26
2016-02-08,0.07,-7.73,80.94,62.34,1.42,-11.4
2016-02-09,0.0,-7.51,67.31,62.35,1.42,-13.6
2016-02-10,0.12,-8.88,80.82,62.13,2.22,-12.35
2016-02-11,0.18,-10.41,91.3,61.98,3.61,-12.1
2016-02-12,0.01,-9.99,75.54,62.11,2.03,-14.3
2016-02-13,8.7,-11.79,81.14,62.18,2.5,-14.95
2016-02-14,0.14,-11.85,81.46,62.36,1.91,-15.21
2016-02-15,0.0,-10.08,74.54,62.5,1.82,-14.56
2016-02-16,0.0,-9.33,73.01,62.68,1.82,-14.09
2016-02-17,0.0,-7.85,57.7,62.93,1.49,-15.15
2016-02-18,0.15,-3.4,64.41,63.01,1.34,-9.42
2016-02-19,1.04,-2.94,76.16,63.08,1.07,-7.02
2016-02-20,9.47,-4.01,91.81,62.76,2.86,-5.48
2016-02-21,0.01,-5.42,57.54,62.59,1.41,-13.75
2016-02-22,0.0,-5.02,51.22,62.56,1.55,-14.52
2016-02-23,0.0,-5.87,63.96,62.48,1.8,-12.57
2016-02-24,0.0,-7.22,41.92,62.48,2.36,-19.2
2016-02-25,0.0,-5.7,49.03,62.69,1.53,-15.59
2016-02-26,0.0,-5.63,65.85,62.85,1.53,-11.72
2016-02-27,0.0,-5.21,64.58,62.85,1.61,-11.8
2016-02-28,0.0,-4.48,63.01,62.9,1.52,-11.49
2016-02-29,0.25,-4.85,79.61,62.87,1.44,-8.62
2016-03-01,0.0,-4.66,74.62,62.75,1.49,-9.54
2016-03-02,0.0,-4.22,83.23,62.81,1.41,-7.38
2016-03-03,0.0,-2.75,72.29,62.88,1.49,-7.91
2016-03-04,0.02,-2.76,78.0,62.72,1.62,-6.61
2016-03-05,1.66,-4.41,84.48,62.66,1.89,-7.2
2016-03-06,4.34,-5.16,86.14,62.63,2.11,-7.79
2016-03-07,0.39,-5.23,81.1,62.57,1.69,-8.68
2016-03-08,0.05,-4.29,79.16,62.51,1.68,-8.26
2016-03-09,0.0,-3.61,74.53,62.54,1.41,-8.17
2016-03-10,0.03,-2.98,79.35,62.69,1.52,-6.93
2016-03-11,6.4,-3.3,86.64,62.79,1.86,-5.7
2016-03-12,14.58,-4.62,86.11,62.62,2.31,-7.34
2016-03-13,10.5,-5.74,89.36,62.38,1.94,-7.81
2016-03-14,3.08,-6.89,93.92,62.37,1.78,-8.15
2016-03-15,0.01,-7.29,87.14,62.41,1.7,-9.55
2016-03-16,0.0,-5.87,66.95,62.44,1.73,-12.45
2016-03-17,6.56,-4.15,82.74,62.5,2.33,-7.08
2016-03-18,3.52,-4.63,89.58,62.55,1.75,-6.44
2016-03-19,2.04,-4.6,91.12,62.56,2.14,-6.25
2016-03-20,0.64,-5.6,87.25,62.56,2.14,-7.79
2016-03-21,0.01,-5.7,69.96,62.38,1.69,-11.44
2016-03-22,0.0,-6.14,50.66,62.37,2.24,-16.14
2016-03-23,0.0,-2.73,47.96,62.75,1.88,-13.45
2016-03-24,0.0,0.59,52.89,63.14,1.39,-8.19
2016-03-25,0.0,1.5,63.97,63.24,1.49,-4.84
2016-03-26,0.15,0.16,64.22,63.15,1.94,-6.21
2016-03-27,0.66,-1.66,86.0,62.86,2.27,-4.24
2016-03-28,0.0,-1.85,71.1,62.74,1.5,-7.39
2016-03-29,0.0,0.31,72.48,62.8,1.83,-4.6
2016-03-30,0.0,-0.79,83.96,62.83,1.88,-3.73
2016-03-31,0.0,0.45,69.12,62.77,1.6,-5.5
2016-04-01,0.0,1.78,65.64,62.74,1.9,-5.01
2016-04-02,0.0,2.75,73.34,62.97,1.74,-2.15
2016-04-03,0.07,3.58,69.22,63.13,1.92,-2.56
2016-04-04,1.98,1.01,78.33,62.93,2.03,-3.03
2016-04-05,0.03,0.11,70.54,62.74,1.68,-5.4
2016-04-06,2.12,-1.24,74.52,62.68,1.8,-5.64
2016-04-07,6.57,-1.9,87.28,62.62,2.63,-4.14
2016-04-08,0.03,-2.14,76.15,62.69,2.12,-6.58
2016-04-09,0.0,-1.01,68.13,62.82,2.38,-6.76
2016-04-10,0.0,0.49,70.74,62.85,2.18,-4.76
2016-04-11,0.6,-0.29,76.93,62.72,2.38,-4.63
2016-04-12,0.0,0.77,61.51,62.54,2.09,-7.53
2016-04-13,0.01,1.33,62.89,62.43,2.41,-6.51
2016-04-14,0.0,2.31,61.82,62.53,1.98,-5.28
2016-04-15,0.0,4.03,56.02,62.79,2.09,-4.85
2016-04-16,0.0,4.32,63.15,62.8,1.9,-2.59
2016-04-17,2.41,4.29,75.36,62.83,2.67,-0.32
2016-04-18,2.0,2.87,84.11,62.82,2.9,-0.08
2016-04-19,0.11,2.57,74.74,62.94,2.0,-2.18
2016-04-20,0.0,3.11,58.98,62.91,2.01,-5.39
2016-04-21,0.0,3.47,53.98,62.64,2.49,-6.28
2016-04-22,3.76,1.57,68.07,62.45,3.66,-4.3
2016-04-23,0.31,-0.75,69.61,62.26,3.13,-6.38
2016-04-24,0.0,-1.23,54.35,62.28,2.04,-9.85
2016-04-25,0.0,1.11,47.18,62.56,2.26,-9.92
2016-04-26,0.0,1.44,41.27,62.85,2.23,-10.84
2016-04-27,0.0,1.52,50.68,62.78,2.54,-8.17
2016-04-28,0.0,1.62,47.33,62.72,2.3,-9.12
2016-04-29,0.0,1.33,52.65,62.75,1.65,-8.1
2016-04-30,0.0,2.79,52.94,62.74,1.48,-6.52
2016-05-01,0.0,5.37,46.12,62.81,2.1,-6.62
2016-05-02,0.0,6.23,41.48,62.95,2.32,-6.29
2016-05-03,1.05,4.21,55.72,62.89,1.85,-4.84
2016-05-04,3.7,2.97,77.5,62.79,2.61,-1.24
2016-05-05,17.26,1.96,83.79,62.76,2.36,-1.03
2016-05-06,1.14,2.71,83.47,62.63,1.82,-0.2
2016-05-07,0.11,4.14,79.1,62.69,1.93,0.17
2016-05-08,1.12,5.56,77.11,62.85,1.39,0.58
2016-05-09,0.2,5.6,81.41,62.97,1.82,1.98
2016-05-10,7.7,5.34,84.21,63.0,2.08,2.31
2016-05-11,1.89,4.51,89.84,62.86,2.71,2.77
2016-05-12,0.09,4.62,82.32,62.65,2.36,1.46
2016-05-13,0.04,4.92,69.7,62.7,2.1,-1.14
2016-05-14,0.79,5.25,72.67,62.86,2.4,0.23
2016-05-15,0.03,5.24,62.05,62.9,2.02,-1.99
2016-05-16,0.0,6.11,55.18,62.77,2.52,-3.21
2016-05-17,0.0,6.1,58.87,62.65,1.72,-1.92
2016-05-18,0.0,7.43,56.92,62.76,2.05,-1.03
2016-05-19,0.0,6.95,59.02,62.82,1.96,-1.06
2016-05-20,0.22,7.08,62.6,62.67,1.91,-0.22
2016-05-21,0.12,6.93,62.91,62.6,1.77,-0.46
2016-05-22,0.77,7.91,59.64,62.72,2.08,-0.85
2016-05-23,3.32,6.25,72.55,62.76,2.38,0.96
2016-05-24,1.55,4.3,77.1,62.53,2.93,-0.07
2016-05-25,0.13,3.79,72.54,62.25,2.63,-1.65
2016-05-26,0.0,4.95,70.66,62.43,2.54,-0.6
2016-05-27,0.0,6.22,60.7,62.61,2.19,-1.7
2016-05-28,3.98,6.05,66.98,62.6,2.64,-0.6
2016-05-29,3.91,4.29,85.23,62.47,3.34,1.62
2016-05-30,0.05,3.69,81.26,62.48,3.04,0.29
2016-05-31,0.0,5.87,71.59,62.58,2.15,0.21
2016-06-01,0.0,6.7,71.57,62.78,2.08,0.71
2016-06-02,0.5,7.79,73.64,62.88,2.18,2.68
2016-06-03,1.56,8.26,68.31,62.95,2.03,2.19
2016-06-04,0.6,8.08,71.63,63.02,2.21,2.61
2016-06-05,3.0,7.68,68.2,63.02,2.19,1.32
2016-06-06,2.48,6.42,78.74,62.9,2.44,2.46
2016-06-07,1.98,6.0,79.61,62.77,1.99,2.23
2016-06-08,1.33,6.24,78.83,62.69,2.44,2.31
2016-06-09,2.69,6.47,78.14,62.61,2.05,2.39
2016-06-10,1.71,7.24,75.46,62.65,2.15,2.51
2016-06-11,0.08,7.34,78.83,62.66,2.35,3.38
2016-06-12,0.96,7.44,79.05,62.61,2.29,3.45
2016-06-13,0.23,8.04,83.69,62.56,2.21,4.97
2016-06-14,4.02,8.51,82.29,62.47,1.94,5.13
2016-06-15,10.71,8.38,88.68,62.4,1.61,6.23
2016-06-16,14.07,8.01,90.74,62.52,2.53,6.4
2016-06-17,0.07,8.45,82.87,62.68,2.16,5.23
2016-06-18,0.8,9.0,79.12,62.86,1.9,4.88
2016-06-19,0.23,9.85,79.16,62.88,2.13,5.71
2016-06-20,1.66,10.53,78.9,62.81,2.12,6.17
2016-06-21,4.39,9.67,88.86,62.67,3.14,7.61
2016-06-22,6.35,9.15,85.23,62.73,2.33,6.31
2016-06-23,0.02,9.08,75.2,62.7,2.09,3.95
2016-06-24,0.0,9.55,71.18,62.65,2.16,3.17
2016-06-25,0.64,9.6,79.04,62.82,2.27,5.52
2016-06-26,0.47,10.36,78.74,62.81,2.28,6.04
2016-06-27,2.22,10.77,86.67,62.74,2.71,8.25
2016-06-28,3.17,10.87,85.0,62.88,2.04,8.02
2016-06-29,0.76,11.43,83.29,62.95,2.24,8.18
2016-06-30,5.79,11.41,86.6,62.74,2.59,8.87
2016-07-01,3.04,11.09,84.62,62.48,2.37,8.12
2016-07-02,17.8,10.31,88.03,62.43,2.38,8.11
2016-07-03,7.34,9.58,88.79,62.45,2.78,7.54
2016-07-04,5.41,9.49,90.14,62.42,2.6,7.64
2016-07-05,1.96,10.21,82.4,62.43,2.37,6.79
2016-07-06,2.16,10.33,84.76,62.52,2.6,7.46
2016-07-07,0.31,9.8,82.17,62.6,2.41,6.28
2016-07-08,1.11,9.67,78.97,62.58,2.12,5.4
2016-07-09,0.42,9.99,85.6,62.53,2.61,7.21
2016-07-10,0.18,10.58,86.86,62.48,2.64,8.19
2016-07-11,2.14,10.73,85.07,62.55,2.47,7.96
2016-07-12,5.42,10.06,91.41,62.63,2.24,8.59
2016-07-13,2.71,11.08,88.66,62.63,2.06,8.96
2016-07-14,6.42,9.76,93.44,62.56,1.86,8.53
2016-07-15,7.08,9.39,88.03,62.56,1.41,7.3
2016-07-16,28.85,9.49,94.26,62.57,2.98,8.47
2016-07-17,34.8,7.97,93.44,62.62,1.85,6.74
2016-07-18,8.14,9.22,92.19,62.57,2.34,7.79
2016-07-19,0.66,9.34,84.62,62.56,2.14,6.44
2016-07-20,0.2,9.71,84.2,62.62,1.98,6.65
2016-07-21,3.89,9.98,89.95,62.62,2.25,8.18
2016-07-22,14.4,9.32,90.09,62.6,2.49,7.46
2016-07-23,58.58,8.8,86.45,62.66,1.83,6.21
2016-07-24,8.7,9.61,89.29,62.76,2.03,7.67
2016-07-25,0.35,10.46,88.86,62.77,2.1,8.47
2016-07-26,7.04,10.09,91.03,62.75,2.3,8.49
2016-07-27,7.74,7.97,91.25,62.84,1.89,6.44
2016-07-28,4.09,9.29,92.39,62.71,2.37,7.89
2016-07-29,9.42,9.58,93.49,62.6,2.49,8.37
2016-07-30,13.01,9.06,92.94,62.62,2.07,7.8
2016-07-31,8.29,9.81,88.73,62.59,2.13,7.77
2016-08-01,9.37,9.44,92.44,62.49,2.35,8.12
2016-08-02,2.96,8.22,92.65,62.44,2.2,6.86
2016-08-03,0.78,8.91,87.93,62.57,2.15,6.76
2016-08-04,1.84,9.78,87.97,62.69,2.05,7.59
2016-08-05,16.57,9.37,92.1,62.67,1.92,7.88
2016-08-06,10.15,9.19,91.43,62.65,2.03,7.59
2016-08-07,8.28,9.2,91.86,62.65,2.05,7.66
2016-08-08,6.41,9.73,91.77,62.64,2.3,8.23
2016-08-09,15.76,9.65,92.09,62.54,2.42,8.18
2016-08-10,13.62,8.74,88.98,62.55,1.9,6.83
2016-08-11,7.68,8.99,93.66,62.66,2.4,7.88
2016-08-12,6.42,9.63,92.76,62.66,2.19,8.22
2016-08-13,0.94,9.87,90.23,62.6,2.3,8.07
2016-08-14,2.58,9.21,93.08,62.57,2.0,7.99
2016-08-15,5.52,9.18,92.57,62.45,2.47,7.8
2016-08-16,2.62,8.09,89.16,62.39,2.23,6.13
2016-08-17,3.42,7.95,91.32,62.45,2.19,6.33
2016-08-18,2.08,8.5,92.34,62.59,2.13,7.07
2016-08-19,2.17,9.36,87.92,62.63,1.97,7.13
2016-08-20,4.71,8.02,88.12,62.73,1.42,5.95
2016-08-21,3.05,9.28,80.03,62.75,1.79,5.57
2016-08-22,7.07,9.15,82.25,62.85,2.08,5.94
2016-08-23,2.43,9.51,87.92,62.82,2.07,7.26
2016-08-24,2.69,8.97,89.48,62.79,1.93,7.0
2016-08-25,1.46,8.66,81.58,62.91,1.75,5.31
2016-08-26,2.45,8.22,88.87,62.94,1.77,6.18
2016-08-27,2.67,7.97,87.14,63.01,1.94,5.65
2016-08-28,0.02,7.85,83.44,63.02,1.86,4.89
2016-08-29,1.64,7.99,85.64,62.79,2.06,5.36
2016-08-30,2.13,7.54,88.25,62.66,2.11,5.47
2016-08-31,6.78,7.48,89.99,62.69,1.82,5.64
2016-09-01,2.77,7.48,90.46,62.65,1.95,5.72
2016-09-02,0.4,7.8,86.08,62.53,1.93,5.19
2016-09-03,0.01,6.77,78.71,62.46,1.77,2.72
2016-09-04,4.15,6.79,89.02,62.58,1.89,4.71
2016-09-05,2.18,7.84,88.36,62.65,1.85,5.64
2016-09-06,0.14,6.98,76.99,62.74,1.79,2.53
2016-09-07,0.0,6.73,69.57,62.76,1.73,0.84
2016-09-08,0.72,6.88,72.67,62.81,1.68,1.49
2016-09-09,0.22,8.34,77.69,62.87,1.68,4.08
2016-09-10,1.1,8.34,83.14,62.82,1.76,5.18
2016-09-11,1.59,7.4,83.58,62.75,1.65,4.03
2016-09-12,2.44,6.54,82.49,62.78,1.82,3.18
2016-09-13,0.44,6.28,83.0,62.88,1.59,2.88
2016-09-14,0.14,6.59,81.6,62.93,1.65,2.97
2016-09-15,0.12,6.73,81.13,62.87,1.73,3.21
2016-09-16,0.0,5.97,80.03,62.83,1.56,1.89
2016-09-17,0.0,5.91,79.56,62.74,1.66,1.88
2016-09-18,0.02,6.96,87.87,62.81,1.76,4.75
2016-09-19,0.97,7.8,84.87,62.76,1.68,4.92
2016-09-20,1.52,7.58,82.34,62.75,1.58,4.39
2016-09-21,5.66,6.93,91.96,62.87,2.29,5.48
2016-09-22,0.82,6.11,89.95,62.87,2.2,4.22
2016-09-23,0.14,4.12,86.01,62.67,1.62,1.48
2016-09-24,0.3,4.16,85.39,62.58,1.79,1.57
2016-09-25,0.09,5.18,83.54,62.63,1.67,2.22
2016-09-26,0.5,5.77,84.95,62.75,1.39,2.7
2016-09-27,0.2,5.65,83.89,62.78,1.58,2.72
2016-09-28,0.03,5.73,90.25,62.75,1.98,4.0
2016-09-29,0.0,5.8,84.16,62.74,1.57,2.86
2016-09-30,0.0,7.03,80.75,62.84,1.57,3.15
2016-10-01,0.0,7.24,80.09,62.99,1.47,3.05
2016-10-02,0.02,6.63,79.79,63.13,1.52,2.66
2016-10-03,0.0,6.31,75.31,63.02,1.45,1.38
2016-10-04,0.34,5.88,77.62,62.87,1.51,1.55
2016-10-05,3.53,4.87,76.18,62.77,1.76,0.44
2016-10-06,1.41,4.22,75.9,62.82,1.56,-0.49
2016-10-07,0.01,3.55,61.47,62.85,1.5,-4.29
2016-10-08,0.09,3.01,75.67,62.83,1.59,-1.62
2016-10-09,0.01,1.86,70.79,62.68,1.62,-4.15
2016-10-10,0.04,0.35,73.38,62.56,1.6,-4.65
2016-10-11,0.03,1.59,77.38,62.56,1.37,-2.6
2016-10-12,0.0,2.73,80.98,62.57,1.73,-0.79
2016-10-13,0.0,1.57,67.1,62.69,1.34,-5.07
2016-10-14,0.0,2.6,64.77,62.85,1.48,-4.67
2016-10-15,0.0,2.82,61.66,62.89,1.52,-5.4
2016-10-16,0.0,2.41,59.18,62.91,1.59,-5.69
2016-10-17,0.0,1.38,63.47,62.81,1.69,-5.75
2016-10-18,0.0,2.04,57.36,62.71,1.68,-6.35
2016-10-19,0.0,1.17,59.35,62.65,1.62,-6.62
2016-10-20,0.0,1.28,61.48,62.58,1.68,-6.26
2016-10-21,0.0,-0.2,60.21,62.6,1.46,-8.13
2016-10-22,0.0,0.88,48.62,62.7,1.56,-9.82
2016-10-23,0.0,1.72,45.09,62.69,1.43,-10.11
2016-10-24,0.0,0.19,55.56,62.6,1.82,-8.71
2016-10-25,0.0,-1.94,60.52,62.52,1.51,-9.54
2016-10-26,0.0,-2.46,54.41,62.68,1.49,-11.06
2016-10-27,0.0,-1.3,52.1,62.86,1.58,-11.38
2016-10-28,0.0,0.18,44.37,62.81,1.56,-11.71
2016-10-29,0.0,-1.88,65.86,62.72,1.18,-8.26
2016-10-30,0.0,-0.88,53.95,62.88,1.52,-10.02
2016-10-31,0.0,-1.15,55.06,63.02,1.47,-9.74
2016-11-01,0.0,-1.54,61.96,62.93,1.43,-8.45
2016-11-02,0.0,-1.29,64.47,62.93,1.43,-7.65
2016-11-03,0.0,-1.0,61.63,62.96,1.36,-8.22
2016-11-04,0.0,-1.77,60.53,62.74,1.56,-9.61
2016-11-05,0.0,-2.86,64.73,62.48,1.3,-9.87
2016-11-06,0.0,-3.47,64.7,62.51,1.59,-10.36
2016-11-07,0.0,-3.36,51.55,62.54,1.53,-13.13
2016-11-08,0.0,-0.04,28.47,62.81,1.75,-16.48
2016-11-09,0.0,0.89,25.16,63.01,1.69,-16.86
2016-11-10,0.0,1.36,21.02,62.92,1.43,-18.59
2016-11-11,0.0,-1.62,30.75,62.82,1.9,-17.3
2016-11-12,0.0,-4.5,41.94,62.82,1.86,-16.32
2016-11-13,0.0,-4.81,49.1,62.82,1.43,-14.42
2016-11-14,0.0,-4.78,46.49,62.69,1.57,-15.26
2016-11-15,0.0,-4.69,50.05,62.65,1.34,-14.0
2016-11-16,0.0,-3.94,39.68,62.76,1.5,-15.88
2016-11-17,0.0,-1.51,35.46,62.9,1.4,-14.91
2016-11-18,0.0,-1.23,39.73,62.77,1.45,-13.52
2016-11-19,0.0,-1.28,43.43,62.64,1.36,-12.72
2016-11-20,0.0,-1.31,32.93,62.76,1.18,-15.46
2016-11-21,0.0,-1.5,26.29,62.81,1.13,-17.81
2016-11-22,0.0,-1.31,33.58,62.82,1.23,-14.93
2016-11-23,0.0,-1.58,32.99,62.81,1.11,-15.34
2016-11-24,0.0,-1.84,42.53,62.84,1.44,-12.83
2016-11-25,0.0,-0.69,34.35,62.88,1.6,-14.28
2016-11-26,0.0,-0.17,37.21,62.92,1.58,-12.95
2016-11-27,0.0,-1.8,43.07,62.8,1.72,-12.67
2016-11-28,0.0,-0.05,28.08,62.77,1.6,-16.11
2016-11-29,0.0,-0.9,29.52,62.85,1.35,-16.17
2016-11-30,0.0,-1.27,40.98,62.86,1.48,-12.74
2016-12-01,0.0,-3.8,57.26,62.8,1.4,-11.33
2016-12-02,0.0,-3.85,35.99,62.82,1.46,-17.95
2016-12-03,0.0,-0.11,23.92,63.06,1.29,-18.18
2016-12-04,0.0,1.93,24.93,63.1,1.34,-15.59
2016-12-05,0.0,0.57,28.69,62.98,1.38,-15.13
2016-12-06,0.0,0.84,24.62,63.02,1.32,-16.79
2016-12-07,0.0,1.19,26.3,63.02,1.41,-15.76
2016-12-08,0.0,-0.22,19.91,62.89,1.23,-20.06
2016-12-09,0.0,-2.0,27.92,62.72,1.24,-18.07
2016-12-10,0.0,-3.46,31.23,62.64,1.24,-17.74
2016-12-11,0.04,-5.47,45.13,62.62,1.16,-16.49
2016-12-12,0.0,-4.31,27.54,62.54,1.59,-20.29
2016-12-13,0.0,-5.66,27.49,62.51,1.62,-21.3
2016-12-14,0.0,-5.42,24.57,62.53,1.35,-22.25
2016-12-15,0.0,-1.32,18.71,62.72,1.43,-21.22
2016-12-16,0.0,-0.58,20.51,62.89,1.04,-19.51
2016-12-17,0.0,-1.92,20.61,62.84,1.56,-20.49
2016-12-18,0.0,-3.0,20.87,62.78,1.14,-21.41
2016-12-19,0.0,-2.94,21.31,62.82,1.15,-21.12
2016-12-20,0.0,-1.79,13.79,62.83,1.19,-24.99
2016-12-21,0.0,0.96,12.85,62.99,1.24,-23.24
2016-12-22,0.0,-0.39,16.24,62.88,1.32,-21.86
2016-12-23,0.0,-2.66,23.85,62.64,1.46,-19.45
2016-12-24,0.01,-6.0,39.67,62.3,2.49,-17.62
2016-12-25,3.36,-8.99,83.01,62.17,1.43,-12.17
2016-12-26,0.0,-7.09,34.34,62.41,1.65,-20.24
2016-12-27,0.0,-2.23,31.76,62.71,1.44,-16.54
2016-12-28,0.0,-2.39,44.89,62.7,1.72,-12.86
2016-12-29,0.0,-2.72,40.37,62.69,1.71,-14.61
2016-12-30,0.0,-5.32,56.51,62.54,1.31,-13.05
2016-12-31,0.0,-6.76,66.02,62.43,1.4,-12.83
2017-01-01,4.4,-7.23,91.23,62.28,1.72,-9.11
2017-01-02,0.33,-8.35,93.03,62.31,1.48,-9.93
2017-01-03,0.01,-7.89,62.63,62.43,1.3,-14.53
2017-01-04,0.11,-7.84,89.62,62.32,1.92,-9.81
2017-01-05,0.02,-9.14,70.32,62.18,1.41,-14.57
2017-01-06,9.21,-9.53,75.99,62.07,2.63,-13.63
2017-01-07,25.88,-10.9,97.42,61.71,2.4,-12.04
2017-01-08,0.35,-16.93,88.63,61.84,1.84,-18.84
2017-01-09,0.0,-17.61,82.63,61.84,1.58,-20.25
2017-01-10,0.38,-16.41,98.31,61.73,1.87,-17.01
2017-01-11,1.26,-16.41,87.46,61.67,1.15,-18.69
2017-01-12,0.02,-16.86,93.24,61.73,1.29,-18.39
2017-01-13,0.0,-17.49,81.84,61.87,1.35,-20.13
2017-01-14,0.0,-16.25,75.86,62.21,1.25,-19.81
2017-01-15,0.85,-12.18,99.16,62.25,1.73,-12.84
2017-01-16,4.43,-12.79,99.2,62.13,2.8,-13.21
2017-01-17,0.09,-12.57,85.38,62.13,1.8,-14.99
2017-01-18,0.02,-13.25,97.37,62.41,2.37,-14.05
2017-01-19,0.0,-13.15,95.1,62.52,2.03,-14.32
2017-01-20,0.0,-12.76,52.98,62.7,1.09,-20.31
2017-01-21,0.01,-9.54,66.1,62.78,1.15,-15.11
2017-01-22,0.02,-9.88,85.53,62.75,1.38,-12.43
2017-01-23,0.0,-9.95,63.4,62.76,1.16,-16.01
2017-01-24,0.94,-7.32,67.29,62.85,1.31,-12.99
2017-01-25,4.8,-6.96,90.04,62.95,1.64,-8.93
2017-01-26,9.13,-7.27,85.15,62.66,2.99,-10.02
2017-01-27,8.72,-8.81,93.58,62.16,2.16,-10.37
2017-01-28,0.0,-8.62,46.23,62.5,1.28,-18.47
2017-01-29,0.0,-6.48,80.34,62.63,1.03,-9.93
2017-01-30,0.07,-6.62,74.16,62.53,1.23,-11.1
2017-01-31,0.23,-9.32,92.5,62.24,1.78,-10.84
2017-02-01,0.0,-8.7,48.8,62.41,1.39,-18.4
2017-02-02,0.0,-5.89,40.03,62.73,1.08,-17.48
2017-02-03,0.0,-2.35,35.25,62.89,0.95,-15.48
2017-02-04,0.39,-4.61,49.54,62.78,2.16,-14.26
2017-02-05,10.17,-6.6,96.24,62.44,4.66,-7.74
2017-02-06,1.14,-9.1,87.57,62.29,1.97,-11.58
2017-02-07,0.01,-8.43,59.33,62.46,1.11,-15.37
2017-02-08,0.0,-7.51,77.6,62.53,2.73,-11.5
2017-02-09,0.0,-11.39,81.62,62.13,2.41,-14.74
2017-02-10,0.0,-11.54,62.72,62.23,1.56,-18.52
2017-02-11,0.0,-8.46,60.39,62.48,1.35,-15.49
2017-02-12,0.0,-8.38,55.92,62.72,1.3,-16.56
2017-02-13,0.0,-8.46,44.7,62.84,1.29,-19.19
2017-02-14,0.0,-6.6,44.98,63.03,1.68,-17.54
2017-02-15,0.0,-3.17,53.09,63.0,1.27,-12.2
2017-02-16,0.0,-2.45,75.57,62.9,1.26,-6.94
2017-02-17,0.0,-1.35,74.32,62.96,1.51,-5.71
2017-02-18,0.0,-0.91,74.62,63.05,1.6,-5.59
2017-02-19,0.67,-3.26,87.46,62.81,2.13,-5.36
2017-02-20,5.43,-5.6,89.08,62.21,2.8,-7.47
2017-02-21,4.53,-7.47,93.68,61.95,3.97,-8.56
2017-02-22,0.04,-9.29,88.37,62.12,1.85,-11.7
2017-02-23,0.0,-8.87,69.89,62.3,1.88,-14.69
2017-02-24,0.0,-6.42,45.0,62.47,1.49,-17.85
2017-02-25,0.0,-5.72,53.15,62.47,1.9,-14.74
2017-02-26,0.0,-7.35,69.7,62.32,1.86,-13.23
2017-02-27,0.0,-5.84,64.54,62.53,1.46,-12.31
2017-02-28,0.45,-4.57,67.82,62.7,1.62,-10.33
2017-03-01,2.72,-6.38,87.49,62.52,2.17,-8.57
2017-03-02,0.41,-8.22,85.03,62.32,2.12,-11.11
2017-03-03,0.0,-8.06,73.97,62.1,1.66,-12.84
2017-03-04,0.0,-7.68,68.86,62.06,1.86,-13.35
2017-03-05,0.0,-7.91,69.58,62.09,1.66,-13.06
2017-03-06,0.0,-7.93,67.46,62.1,1.86,-14.17
2017-03-07,1.61,-7.93,82.87,62.14,2.19,-11.16
2017-03-08,9.89,-7.56,94.86,61.97,2.89,-8.72
2017-03-09,3.13,-8.51,88.36,61.87,3.27,-10.68
2017-03-10,8.85,-10.04,89.92,61.64,2.96,-12.2
2017-03-11,5.89,-12.48,91.07,61.56,2.61,-14.4
2017-03-12,0.16,-12.44,73.37,61.76,1.33,-17.01
2017-03-13,0.0,-9.52,71.53,62.06,2.36,-14.25
2017-03-14,0.0,-10.1,84.99,62.27,1.6,-12.77
2017-03-15,0.01,-8.18,67.14,62.44,1.62,-14.05
2017-03-16,2.35,-6.72,90.45,62.33,2.08,-8.68
2017-03-17,0.41,-7.59,89.21,62.03,1.83,-9.69
2017-03-18,0.0,-6.98,76.39,62.13,1.57,-11.71
2017-03-19,0.0,-6.35,82.41,62.33,1.74,-9.76
2017-03-20,0.0,-5.45,61.57,62.45,1.55,-13.02
2017-03-21,0.0,-1.91,57.17,62.7,1.63,-9.97
2017-03-22,0.0,-0.15,67.15,62.86,1.86,-5.97
2017-03-23,0.03,-0.78,70.06,62.9,2.31,-6.05
2017-03-24,0.0,-2.24,79.32,62.77,1.64,-6.1
2017-03-25,0.01,-0.15,64.55,62.78,1.79,-6.6
2017-03-26,0.0,0.86,67.56,62.87,1.54,-5.58
2017-03-27,0.0,1.92,57.73,62.93,2.0,-6.24
2017-03-28,0.0,2.63,50.6,63.01,1.75,-7.37
2017-03-29,0.0,2.3,62.21,62.9,1.69,-4.63
2017-03-30,0.0,2.72,56.97,62.91,1.64,-6.04
2017-03-31,0.0,2.98,66.72,63.02,1.79,-3.34
2017-04-01,0.0,1.57,71.63,62.77,2.04,-4.15
2017-04-02,0.0,0.11,59.43,62.57,2.37,-8.1
2017-04-03,0.0,0.05,62.51,62.6,2.18,-7.1
2017-04-04,0.94,0.17,70.89,62.72,2.01,-5.41
2017-04-05,25.86,-1.6,93.7,62.6,3.78,-2.65
2017-04-06,13.58,-1.19,94.73,62.48,5.93,-2.04
2017-04-07,1.57,-2.35,91.34,62.5,4.56,-4.05
2017-04-08,0.0,-4.56,69.43,62.6,2.64,-9.96
2017-04-09,0.0,-4.08,60.33,62.53,2.02,-11.22
2017-04-10,0.0,-3.95,53.73,62.37,1.74,-13.24
2017-04-11,0.0,-1.82,43.51,62.57,1.82,-13.51
2017-04-12,0.0,0.44,53.53,62.77,1.73,-8.77
2017-04-13,0.0,1.8,49.58,62.89,1.91,-8.89
2017-04-14,0.09,1.42,65.25,62.82,1.87,-4.84
2017-04-15,0.0,3.25,52.86,62.7,1.7,-6.52
2017-04-16,0.0,5.2,42.32,62.95,1.6,-7.37
2017-04-17,0.0,5.83,56.51,63.07,1.84,-3.02
2017-04-18,0.0,6.33,52.65,62.98,1.8,-3.36
2017-04-19,0.0,5.38,60.29,62.81,1.82,-2.46
2017-04-20,0.0,5.29,64.71,62.76,1.95,-1.41
2017-04-21,1.27,5.43,64.63,62.79,2.02,-1.45
2017-04-22,1.75,4.16,63.91,62.79,1.98,-2.9
2017-04-23,1.54,3.77,64.57,62.75,2.35,-3.23
2017-04-24,0.13,2.23,73.56,62.69,2.37,-2.97
2017-04-25,0.18,1.53,67.09,62.55,2.42,-5.01
2017-04-26,0.37,-0.03,66.65,62.55,2.4,-6.73
2017-04-27,0.36,-0.17,69.63,62.7,1.71,-6.06
2017-04-28,0.02,1.37,67.22,62.68,2.23,-4.79
2017-04-29,4.32,1.41,67.66,62.78,2.48,-5.07
2017-04-30,2.79,0.0,85.5,62.72,3.38,-2.83
2017-05-01,0.09,-0.55,66.35,62.72,2.02,-7.0
2017-05-02,0.0,1.81,58.34,62.87,2.12,-6.36
2017-05-03,0.56,1.18,76.09,62.9,2.33,-2.88
2017-05-04,0.62,1.51,81.0,62.75,2.21,-1.96
2017-05-05,0.1,3.14,69.53,62.8,2.32,-2.61
2017-05-06,0.0,4.41,59.92,62.98,2.05,-3.89
2017-05-07,0.0,5.54,67.24,63.09,1.84,-0.51
2017-05-08,0.04,5.56,64.81,63.07,2.2,-1.17
2017-05-09,0.24,4.81,66.2,62.89,1.99,-1.96
2017-05-10,0.38,4.44,75.12,62.9,2.28,-0.17
2017-05-11,0.04,5.67,70.63,63.0,2.18,-0.19
2017-05-12,5.5,5.31,76.05,63.06,2.02,0.72
2017-05-13,0.13,5.68,73.23,62.93,2.13,0.6
2017-05-14,0.0,5.56,69.52,62.82,2.49,-0.09
2017-05-15,0.0,5.53,65.74,62.75,2.27,-0.98
2017-05-16,0.53,5.34,68.12,62.69,2.61,-0.88
2017-05-17,4.84,3.21,74.6,62.61,2.26,-1.47
2017-05-18,3.77,3.19,84.94,62.58,2.45,0.63
2017-05-19,6.77,4.67,83.16,62.65,2.14,1.65
2017-05-20,5.03,4.66,78.4,62.62,2.34,0.69
2017-05-21,6.82,5.03,78.09,62.65,2.07,0.76
2017-05-22,2.17,3.63,80.67,62.73,2.22,0.0
2017-05-23,8.17,4.6,79.56,62.75,1.7,0.67
2017-05-24,0.14,5.33,85.91,62.75,1.95,2.75
2017-05-25,2.45,4.84,85.92,62.72,2.09,2.38
2017-05-26,4.31,5.34,85.16,62.67,2.44,2.73
2017-05-27,0.12,5.58,68.91,62.65,1.96,-0.26
2017-05-28,5.39,5.12,72.81,62.6,1.71,0.09
2017-05-29,0.57,4.46,79.89,62.42,1.52,0.71
2017-05-30,3.57,4.6,87.41,62.35,2.22,2.41
2017-05-31,2.72,4.74,82.13,62.48,2.85,1.45
2017-06-01,0.17,4.36,73.12,62.59,2.19,-0.88
2017-06-02,0.0,5.86,67.39,62.62,2.03,-0.58
2017-06-03,0.0,8.65,51.29,62.75,1.86,-2.44
2017-06-04,0.0,9.62,61.13,62.89,2.0,1.73
2017-06-05,0.7,9.51,65.66,62.84,2.19,2.14
2017-06-06,20.06,8.21,79.3,62.86,2.83,4.05
2017-06-07,8.34,6.05,86.43,62.84,2.59,3.57
2017-06-08,0.11,6.11,83.15,62.67,2.38,3.02
2017-06-09,2.93,5.41,86.33,62.58,2.7,2.9
2017-06-10,1.07,5.06,78.87,62.59,2.49,0.95
2017-06-11,1.49,4.73,82.58,62.5,2.27,1.47
2017-06-12,0.14,5.68,80.26,62.42,2.28,1.98
2017-06-13,0.02,5.96,79.88,62.51,2.67,2.23
2017-06-14,0.0,6.3,75.85,62.72,2.43,1.67
2017-06-15,0.23,6.09,78.73,62.64,2.63,2.14
2017-06-16,3.21,6.15,83.0,62.58,2.44,3.03
2017-06-17,4.97,6.95,81.46,62.55,1.57,3.45
2017-06-18,0.86,8.31,83.45,62.54,1.66,5.06
2017-06-19,11.25,6.83,91.8,62.37,1.85,5.32
2017-06-20,12.76,7.42,93.61,62.4,2.56,6.17
2017-06-21,3.6,6.55,86.29,62.42,2.68,4.11
2017-06-22,3.95,5.45,80.79,62.49,2.09,1.91
2017-06-23,0.02,7.03,72.03,62.55,1.58,1.7
2017-06-24,0.14,9.65,78.89,62.48,1.68,5.25
2017-06-25,19.08,10.02,87.48,62.56,2.13,7.67
2017-06-26,20.82,10.17,88.7,62.7,2.19,8.08
2017-06-27,2.9,10.1,91.42,62.69,2.29,8.62
2017-06-28,12.53,9.59,87.47,62.71,2.34,7.25
2017-06-29,22.37,8.07,90.2,62.65,2.02,6.31
2017-06-30,3.11,8.21,88.59,62.49,2.23,6.12
2017-07-01,3.36,9.13,85.62,62.43,2.23,6.65
2017-07-02,3.21,10.23,90.14,62.45,2.55,8.44
2017-07-03,2.7,10.23,89.77,62.45,2.38,8.37
2017-07-04,0.38,10.13,87.11,62.4,2.12,7.61
2017-07-05,6.36,9.74,85.3,62.48,2.17,6.9
2017-07-06,21.83,9.04,87.8,62.56,2.34,6.79
2017-07-07,5.2,9.32,90.63,62.66,1.99,7.54
2017-07-08,0.17,10.54,88.98,62.68,1.84,8.48
2017-07-09,2.67,10.93,86.52,62.65,2.0,8.46
2017-07-10,11.18,10.4,89.02,62.63,2.29,8.29
2017-07-11,12.89,9.11,91.48,62.6,2.3,7.58
2017-07-12,21.86,8.91,93.47,62.63,2.2,7.75
2017-07-13,7.87,9.27,92.35,62.64,2.37,7.96
2017-07-14,0.32,9.19,91.17,62.66,1.75,7.67
2017-07-15,2.52,10.14,90.97,62.66,2.24,8.54
2017-07-16,2.79,10.06,91.77,62.66,2.17,8.54
2017-07-17,7.15,9.11,94.28,62.65,1.86,8.05
2017-07-18,2.38,8.38,88.51,62.74,1.66,6.37
2017-07-19,1.93,9.2,89.26,62.65,2.19,7.21
2017-07-20,0.31,9.68,88.83,62.5,2.19,7.66
2017-07-21,8.21,9.82,92.68,62.55,2.71,8.55
2017-07-22,6.63,9.43,88.66,62.6,1.98,7.43
2017-07-23,2.51,9.0,91.7,62.56,2.32,7.53
2017-07-24,3.94,8.6,87.28,62.5,1.56,6.4
2017-07-25,4.31,8.98,94.79,62.48,2.31,7.96
2017-07-26,4.52,9.63,90.1,62.57,2.21,7.79
2017-07-27,6.65,10.0,89.94,62.68,2.3,8.12
2017-07-28,5.36,9.17,90.24,62.77,1.82,7.34
2017-07-29,2.63,9.18,91.26,62.76,1.66,7.61
2017-07-30,3.05,9.85,90.72,62.63,1.96,8.13
2017-07-31,9.2,9.17,91.64,62.62,1.55,7.61
2017-08-01,7.13,9.13,89.45,62.69,1.53,7.27
2017-08-02,5.53,10.15,91.32,62.59,1.97,8.55
2017-08-03,11.96,10.4,93.0,62.42,2.31,9.06
2017-08-04,22.22,10.36,92.5,62.42,2.4,9.1
2017-08-05,8.41,10.64,91.0,62.58,2.13,9.06
2017-08-06,1.23,9.73,93.95,62.71,1.83,8.59
2017-08-07,7.77,9.63,88.48,62.79,1.64,7.56
2017-08-08,8.76,10.17,92.74,62.82,1.95,8.84
2017-08-09,5.85,10.63,93.16,62.71,2.4,9.39
2017-08-10,1.72,10.88,88.0,62.52,1.72,8.58
2017-08-11,3.07,10.63,88.34,62.46,2.02,8.46
2017-08-12,1.11,9.94,88.29,62.5,2.08,7.63
2017-08-13,2.99,9.09,83.39,62.67,1.89,5.69
2017-08-14,0.93,8.78,79.9,62.85,1.89,4.92
2017-08-15,0.0,8.78,77.3,62.79,1.79,4.3
2017-08-16,0.0,8.81,73.47,62.61,1.74,3.66
2017-08-17,0.38,8.38,75.81,62.59,1.79,3.78
2017-08-18,6.49,8.5,85.87,62.72,1.84,5.75
2017-08-19,6.27,8.7,85.05,62.86,2.01,5.89
2017-08-20,5.92,9.2,90.0,62.83,2.07,7.4
2017-08-21,10.16,9.3,89.32,62.72,2.2,7.35
2017-08-22,1.57,9.29,81.75,62.76,1.81,5.67
2017-08-23,2.12,9.25,85.01,62.79,1.77,6.44
2017-08-24,5.04,9.1,92.34,62.71,2.31,7.67
2017-08-25,9.62,8.27,90.59,62.66,1.95,6.48
2017-08-26,3.02,7.89,83.68,62.59,1.8,4.98
2017-08-27,9.18,7.38,82.77,62.6,1.68,4.1
2017-08-28,8.93,7.49,84.76,62.7,1.72,4.8
2017-08-29,2.19,8.08,87.0,62.81,1.65,5.73
2017-08-30,1.11,8.86,89.18,62.87,1.71,6.77
2017-08-31,19.85,7.59,93.83,62.83,1.7,6.34
2017-09-01,34.96,6.63,90.41,62.66,1.65,4.93
2017-09-02,8.82,6.76,82.68,62.61,1.77,3.67
2017-09-03,1.22,6.09,81.06,62.58,1.94,2.78
2017-09-04,0.03,7.77,87.71,62.72,1.59,5.45
2017-09-05,0.06,7.97,86.0,62.74,1.59,5.39
2017-09-06,2.72,7.42,84.36,62.76,1.95,4.57
2017-09-07,4.51,6.75,86.64,62.84,2.0,4.27
2017-09-08,0.25,6.79,81.46,62.9,1.49,3.46
2017-09-09,0.26,8.64,80.83,62.76,1.56,4.89
2017-09-10,0.65,7.21,88.7,62.83,2.09,5.07
2017-09-11,0.04,5.54,78.49,62.95,1.86,1.62
2017-09-12,0.0,5.79,82.73,62.92,1.63,2.52
2017-09-13,0.02,5.57,74.62,62.94,1.45,0.57
2017-09-14,0.0,5.11,69.33,62.93,1.61,-1.02
2017-09-15,0.22,5.76,70.69,62.93,1.68,0.25
2017-09-16,0.11,6.08,72.31,62.93,1.2,1.14
2017-09-17,0.38,6.43,87.58,62.93,1.82,4.18
2017-09-18,0.52,6.89,82.38,62.89,1.47,3.68
2017-09-19,0.12,6.27,74.29,62.8,1.62,1.24
2017-09-20,0.0,5.81,59.31,62.81,1.59,-2.3
2017-09-21,1.54,6.55,61.71,62.73,1.61,-1.35
2017-09-22,18.9,6.02,91.71,62.72,1.5,4.53
2017-09-23,46.71,6.34,94.33,62.76,2.28,5.33
2017-09-24,5.68,6.02,91.26,62.85,1.81,4.41
2017-09-25,0.12,5.56,85.18,62.76,1.86,2.95
2017-09-26,0.0,5.54,82.94,62.84,1.79,2.48
2017-09-27,0.0,5.61,80.76,62.92,1.74,2.1
2017-09-28,0.02,5.49,80.45,62.84,1.53,1.78
2017-09-29,0.0,4.53,72.32,62.82,1.68,-0.84
2017-09-30,0.0,4.74,64.27,62.93,1.66,-2.48
2017-10-01,0.0,5.09,71.82,62.9,1.51,-0.66
2017-10-02,0.0,3.74,76.69,62.8,1.56,-0.82
2017-10-03,0.0,5.35,56.45,62.87,1.4,-3.74
2017-10-04,0.0,6.02,56.24,63.02,1.48,-3.3
2017-10-05,0.0,4.62,56.64,63.04,1.52,-4.22
2017-10-06,0.0,4.84,40.49,63.06,1.43,-8.18
2017-10-07,0.0,4.42,46.79,62.99,1.3,-6.75
2017-10-08,0.0,3.39,63.62,62.88,1.47,-3.81
2017-10-09,0.0,2.94,74.21,62.87,1.47,-2.17
2017-10-10,0.0,2.5,65.8,62.8,1.69,-4.16
2017-10-11,0.0,2.01,60.27,62.82,1.63,-5.54
2017-10-12,0.0,2.17,61.92,62.75,1.59,-5.24
2017-10-13,0.02,1.83,71.39,62.62,1.72,-3.61
2017-10-14,0.0,1.56,63.94,62.57,1.42,-5.94
2017-10-15,0.0,0.9,57.41,62.62,1.77,-7.21
2017-10-16,0.0,1.0,57.03,62.63,1.49,-7.14
2017-10-17,0.0,2.64,50.18,62.76,1.28,-7.76
2017-10-18,0.0,5.13,39.78,62.91,1.22,-7.93
2017-10-19,0.0,4.23,58.37,62.99,1.27,-4.22
2017-10-20,0.0,1.98,62.74,62.91,1.53,-5.3
2017-10-21,0.0,1.33,55.36,62.65,1.3,-7.53
2017-10-22,0.0,0.15,63.82,62.54,1.79,-6.6
2017-10-23,0.0,-2.54,64.8,62.57,1.74,-8.84
2017-10-24,0.0,-1.65,60.22,62.69,1.72,-9.37
2017-10-25,0.0,0.13,57.07,62.82,1.31,-8.42
2017-10-26,0.0,0.43,66.35,62.94,1.36,-6.04
2017-10-27,0.0,-1.69,74.11,62.79,1.4,-6.79
2017-10-28,0.0,-2.43,79.13,62.71,1.44,-6.39
2017-10-29,0.0,-2.58,78.46,62.8,1.26,-6.64
2017-10-30,0.0,-0.32,61.47,62.82,1.31,-7.78
2017-10-31,0.0,0.58,57.64,62.74,1.28,-7.94
2017-11-01,0.0,0.5,66.96,62.8,1.31,-5.7
2017-11-02,0.0,0.95,54.39,62.78,1.46,-7.98
2017-11-03,0.0,-0.02,60.16,62.75,1.23,-7.71
2017-11-04,0.0,1.14,64.75,62.97,1.41,-5.55
2017-11-05,0.0,1.26,55.45,62.97,1.46,-7.5
2017-11-06,0.0,2.4,48.99,62.9,1.47,-7.84
2017-11-07,0.0,1.04,46.95,62.85,1.24,-9.64
2017-11-08,0.0,-1.18,57.32,62.82,1.39,-9.23
2017-11-09,0.0,-3.19,69.63,62.66,1.53,-8.7
2017-11-10,0.0,-1.76,57.22,62.78,1.42,-9.81
2017-11-11,0.0,-1.1,53.32,62.86,1.22,-10.17
2017-11-12,0.0,-1.15,43.47,62.7,1.33,-12.34
2017-11-13,0.0,-1.52,39.87,62.64,1.53,-13.45
2017-11-14,0.0,-4.15,62.65,62.53,2.44,-11.05
2017-11-15,0.0,-5.8,77.03,62.5,2.28,-9.76
2017-11-16,0.0,-5.52,75.21,62.54,1.77,-10.11
2017-11-17,0.03,-5.37,70.18,62.58,1.74,-10.73
2017-11-18,1.4,-5.99,87.67,62.59,2.22,-8.26
2017-11-19,0.88,-5.82,89.17,62.54,2.06,-7.98
2017-11-20,0.03,-5.94,81.18,62.56,1.57,-9.61
2017-11-21,0.0,-6.28,50.75,62.48,1.55,-15.85
2017-11-22,0.0,-6.83,44.47,62.39,1.26,-17.46
2017-11-23,0.0,-5.42,39.62,62.42,1.29,-17.28
2017-11-24,0.0,-4.06,35.51,62.61,1.4,-17.04
2017-11-25,0.0,-3.05,46.36,62.73,1.3,-13.21
2017-11-26,0.0,-4.57,54.34,62.71,1.19,-12.92
2017-11-27,0.0,-3.91,38.37,62.5,1.61,-16.26
2017-11-28,0.0,-4.29,42.5,62.46,1.55,-15.64
2017-11-29,0.0,-5.25,61.07,62.61,1.39,-12.1
2017-11-30,0.0,-5.3,38.62,62.59,1.3,-17.74
2017-12-01,0.0,-4.06,28.58,62.6,1.15,-19.67
2017-12-02,0.0,-3.46,34.25,62.68,1.24,-17.24
2017-12-03,0.0,-3.67,29.29,62.69,1.25,-18.75
2017-12-04,0.0,-4.19,31.36,62.65,1.68,-18.61
2017-12-05,0.0,-4.64,60.05,62.65,1.98,-11.63
2017-12-06,0.11,-4.47,73.56,62.64,1.64,-9.1
2017-12-07,0.22,-3.64,74.31,62.67,1.4,-8.29
2017-12-08,0.0,-3.54,42.3,62.7,1.7,-16.39
2017-12-09,0.0,-1.22,29.31,62.77,1.28,-17.35
2017-12-10,0.0,-1.2,29.13,62.78,1.28,-16.85
2017-12-11,3.58,-3.72,61.95,62.55,2.19,-10.68
2017-12-12,18.29,-7.13,96.83,62.25,3.65,-8.02
2017-12-13,0.41,-10.12,91.97,62.38,2.5,-11.87
2017-12-14,0.05,-10.89,75.01,62.53,1.74,-15.17
2017-12-15,0.0,-9.9,48.31,62.65,1.21,-18.73
2017-12-16,0.0,-9.92,39.51,62.72,1.3,-21.15
2017-12-17,0.0,-8.51,44.18,62.89,1.34,-18.81
2017-12-18,0.0,-6.53,45.23,63.08,1.45,-16.93
2017-12-19,0.0,-5.83,52.47,63.14,1.28,-14.44
2017-12-20,0.0,-4.77,60.52,63.16,1.2,-11.75
2017-12-21,0.0,-6.13,67.34,63.0,1.51,-11.6
2017-12-22,0.0,-7.96,41.85,62.74,1.32,-19.3
2017-12-23,0.0,-6.31,30.27,62.62,1.43,-21.0
2017-12-24,0.0,-6.02,48.1,62.49,1.41,-15.44
2017-12-25,0.0,-8.32,55.35,62.43,1.2,-16.32
2017-12-26,0.0,-3.91,38.47,62.72,1.31,-16.08
2017-12-27,0.0,-2.4,42.01,62.78,1.4,-13.28
2017-12-28,0.0,-6.11,53.69,62.67,1.68,-14.17
2017-12-29,0.0,-8.36,58.77,62.65,1.4,-15.29
2017-12-30,0.0,-9.22,67.0,62.49,1.47,-14.73
2017-12-31,0.0,-9.95,66.51,62.27,1.51,-15.73
2018-01-01,0.01,-11.18,75.3,61.94,1.4,-15.37
2018-01-02,0.0,-11.58,65.32,61.93,1.36,-17.5
2018-01-03,0.0,-9.45,41.9,62.13,1.33,-19.84
2018-01-04,0.0,-9.38,47.09,62.16,1.65,-18.69
2018-01-05,0.0,-11.38,72.75,61.96,1.71,-16.06
2018-01-06,0.0,-11.7,40.48,61.9,1.61,-22.64
2018-01-07,0.0,-10.72,30.91,62.07,1.8,-24.62
2018-01-08,0.0,-8.38,28.87,62.38,1.48,-22.99
2018-01-09,0.0,-6.68,23.6,62.68,1.41,-23.86
2018-01-10,0.0,-3.99,20.8,62.83,1.02,-23.11
2018-01-11,0.0,-0.55,24.85,62.87,0.92,-18.55
2018-01-12,0.0,-3.09,36.25,62.66,1.15,-15.62
2018-01-13,0.0,-6.05,34.12,62.43,1.5,-19.91
2018-01-14,0.0,-6.43,37.32,62.52,1.83,-19.19
2018-01-15,0.0,-7.25,34.85,62.47,1.68,-20.8
2018-01-16,0.0,-5.4,22.17,62.51,1.4,-23.6
2018-01-17,0.0,-7.12,25.96,62.47,2.0,-22.68
2018-01-18,0.0,-5.43,28.87,62.59,1.11,-20.09
2018-01-19,0.0,-5.28,27.93,62.69,1.23,-20.51
2018-01-20,0.0,-4.26,22.38,62.58,1.23,-22.33
2018-01-21,0.0,-3.08,21.59,62.62,1.29,-21.75
2018-01-22,0.0,-2.89,22.24,62.47,1.51,-21.91
2018-01-23,11.95,-8.05,61.8,61.89,2.96,-15.3
2018-01-24,1.55,-10.26,79.85,61.78,1.48,-13.86
2018-01-25,0.0,-10.0,59.58,61.9,1.47,-17.23
2018-01-26,0.0,-11.62,65.86,61.88,1.32,-17.17
2018-01-27,0.0,-12.03,49.57,61.97,1.67,-20.75
2018-01-28,0.0,-9.54,43.59,62.24,1.79,-19.45
2018-01-29,0.0,-6.93,56.47,62.49,1.32,-14.31
2018-01-30,0.0,-5.63,52.74,62.63,1.5,-14.21
2018-01-31,0.0,-2.35,34.04,62.62,1.32,-16.0
2018-02-01,0.0,-5.35,61.92,62.55,1.85,-12.23
2018-02-02,0.0,-6.67,57.56,62.36,1.74,-14.56
2018-02-03,0.0,-8.4,73.44,62.33,2.01,-13.25
2018-02-04,0.0,-7.95,34.75,62.44,1.51,-21.31
2018-02-05,0.02,-6.95,66.07,62.71,1.91,-12.92
2018-02-06,0.01,-7.31,71.12,62.6,2.86,-12.26
2018-02-07,0.0,-8.28,47.02,62.26,1.85,-18.01
2018-02-08,0.0,-9.11,51.51,62.08,1.99,-17.62
2018-02-09,0.0,-9.07,53.25,62.04,1.54,-17.12
2018-02-10,0.0,-8.45,49.5,62.32,1.76,-17.41
2018-02-11,0.91,-8.04,66.44,62.48,1.79,-13.81
2018-02-12,6.55,-7.94,97.13,62.34,3.52,-8.98
2018-02-13,1.29,-9.52,71.66,62.57,1.95,-14.45
2018-02-14,0.0,-8.87,50.85,62.64,1.54,-17.48
2018-02-15,0.0,-4.06,63.76,62.83,1.72,-10.61
2018-02-16,0.0,-5.55,74.27,62.69,1.53,-10.32
2018-02-17,0.0,-6.63,63.31,62.28,2.07,-13.13
2018-02-18,0.0,-7.38,42.21,62.22,1.7,-19.13
2018-02-19,0.0,-5.91,48.16,62.44,1.41,-16.02
2018-02-20,0.02,-4.14,49.85,62.5,1.44,-13.97
2018-02-21,1.81,-5.74,77.84,62.4,1.78,-9.76
2018-02-22,0.06,-5.85,70.35,62.32,1.52,-11.65
2018-02-23,0.0,-4.66,59.54,62.43,1.39,-12.43
2018-02-24,6.49,-5.54,90.86,62.65,1.9,-7.27
2018-02-25,2.43,-6.85,83.56,62.62,1.4,-9.82
2018-02-26,0.0,-3.11,48.01,62.68,1.69,-13.34
2018-02-27,0.0,-2.29,59.07,62.74,1.41,-9.9
2018-02-28,0.0,-3.98,70.09,62.66,1.33,-9.44
2018-03-01,0.0,-3.03,64.25,62.57,1.54,-9.42
2018-03-02,0.03,-4.24,80.48,62.48,1.81,-7.96
2018-03-03,4.22,-5.46,76.42,62.32,2.0,-9.64
2018-03-04,4.58,-5.62,93.65,62.23,2.76,-6.78
2018-03-05,0.03,-6.81,83.41,62.31,1.8,-9.98
2018-03-06,0.0,-6.69,57.6,62.41,1.55,-14.88
2018-03-07,0.0,-4.62,51.76,62.58,1.86,-13.99
2018-03-08,0.0,-5.17,62.1,62.69,1.88,-12.05
2018-03-09,0.0,-6.19,67.25,62.62,1.83,-12.68
2018-03-10,0.0,-4.99,53.76,62.55,1.8,-14.26
2018-03-11,0.0,-4.35,66.89,62.54,1.88,-10.94
2018-03-12,0.0,-3.15,65.5,62.58,1.72,-10.04
2018-03-13,0.0,-1.63,50.18,62.74,2.09,-11.84
2018-03-14,0.0,-3.76,69.56,62.66,2.5,-9.42
2018-03-15,1.95,-5.31,84.97,62.41,2.59,-8.0
2018-03-16,0.02,-5.91,61.95,62.29,1.91,-12.94
2018-03-17,0.0,-6.18,54.05,62.26,1.92,-14.99
2018-03-18,0.0,-3.59,43.99,62.63,1.82,-15.34
2018-03-19,0.0,-2.03,46.11,62.86,2.0,-12.57
2018-03-20,0.02,-2.13,56.63,62.75,1.91,-10.88
2018-03-21,12.24,-2.57,77.36,62.47,2.85,-6.59
2018-03-22,5.23,-4.86,82.44,62.36,1.87,-8.09
2018-03-23,0.06,-4.24,75.71,62.45,1.85,-8.7
2018-03-24,0.0,-3.16,73.18,62.76,2.0,-8.34
2018-03-25,0.08,-3.62,64.11,62.82,1.71,-10.4
2018-03-26,0.0,-0.75,29.65,62.87,1.75,-16.76
2018-03-27,0.0,1.17,35.04,62.85,1.9,-13.34
2018-03-28,0.0,-1.44,50.99,62.71,2.17,-10.82
2018-03-29,0.0,-2.12,53.26,62.54,2.72,-10.94
2018-03-30,0.0,-1.75,48.96,62.36,1.11,-11.48
2018-03-31,0.0,-1.25,26.97,62.57,2.43,-18.12
2018-04-01,0.0,0.99,33.19,62.74,1.57,-14.49
2018-04-02,0.0,2.68,50.49,62.84,1.68,-7.31
2018-04-03,0.33,1.23,71.68,62.8,1.9,-4.14
2018-04-04,0.12,0.8,72.33,62.64,1.75,-4.53
2018-04-05,0.08,1.11,73.74,62.61,1.5,-3.71
2018-04-06,0.34,0.94,74.71,62.71,1.77,-3.94
2018-04-07,5.18,0.02,80.0,62.69,1.89,-3.71
2018-04-08,3.78,0.79,81.62,62.69,1.77,-2.53
2018-04-09,2.14,1.67,80.64,62.73,1.7,-1.85
2018-04-10,3.98,1.54,77.87,62.69,2.82,-2.67
2018-04-11,17.01,-1.3,87.61,62.62,2.23,-3.58
2018-04-12,1.12,-2.1,76.74,62.47,2.01,-5.98
2018-04-13,0.0,-2.31,64.92,62.52,1.84,-8.9
2018-04-14,0.0,-0.29,62.32,62.61,1.89,-7.34
2018-04-15,0.0,0.56,65.45,62.71,2.01,-5.97
2018-04-16,0.78,0.13,72.57,62.9,1.66,-4.99
2018-04-17,0.47,0.25,50.08,62.94,2.28,-9.61
2018-04-18,0.02,1.11,56.71,62.73,2.15,-7.42
2018-04-19,1.31,1.16,64.8,62.6,2.87,-5.31
2018-04-20,3.55,0.15,78.75,62.52,4.75,-3.52
2018-04-21,0.04,-0.96,62.69,62.57,2.88,-8.39
2018-04-22,0.0,-0.07,44.48,62.62,2.06,-11.46
2018-04-23,0.0,1.04,56.62,62.68,1.86,-7.75
2018-04-24,0.0,2.27,63.44,62.73,1.1,-4.53
2018-04-25,0.0,2.76,64.84,62.69,2.22,-3.93
2018-04-26,0.0,3.08,63.25,62.74,1.95,-3.89
2018-04-27,0.06,2.47,70.0,62.86,2.28,-3.17
2018-04-28,1.53,3.04,65.02,62.82,2.23,-3.84
2018-04-29,0.22,2.94,64.54,62.62,2.03,-3.64
2018-04-30,0.73,3.41,64.09,62.6,1.33,-4.06
2018-05-01,0.2,4.1,62.77,62.78,2.02,-3.36
2018-05-02,3.92,3.46,67.6,62.8,2.27,-2.73
2018-05-03,0.35,2.61,58.98,62.84,2.21,-5.51
2018-05-04,0.04,2.9,67.03,62.78,2.3,-3.26
2018-05-05,1.75,2.97,67.74,62.77,2.33,-3.52
2018-05-06,0.71,2.19,67.05,62.85,2.77,-3.62
2018-05-07,3.21,1.61,69.55,62.73,2.23,-3.6
2018-05-08,14.35,-0.45,85.9,62.49,3.01,-2.95
2018-05-09,0.47,-0.58,64.88,62.54,1.99,-6.87
2018-05-10,0.0,2.31,53.56,62.71,1.76,-6.96
2018-05-11,0.0,5.79,47.47,62.93,1.82,-5.64
2018-05-12,0.45,5.69,69.32,63.03,2.13,-0.32
2018-05-13,1.08,3.99,79.5,62.91,2.22,0.18
2018-05-14,0.03,3.43,73.35,62.69,2.14,-1.8
2018-05-15,0.0,4.07,68.27,62.68,2.2,-2.11
2018-05-16,0.0,4.54,63.91,62.68,2.26,-2.45
2018-05-17,0.0,4.6,54.21,62.74,2.22,-4.87
2018-05-18,0.8,3.81,66.13,62.72,2.4,-2.35
2018-05-19,0.07,4.14,64.87,62.72,2.46,-2.71
2018-05-20,0.01,4.65,40.23,62.83,2.03,-9.98
2018-05-21,0.0,6.3,33.38,62.97,2.13,-9.2
2018-05-22,0.0,7.16,32.27,62.99,2.17,-9.02
2018-05-23,0.65,5.57,41.39,62.94,2.33,-7.42
2018-05-24,0.12,5.2,37.04,62.81,2.36,-9.02
2018-05-25,0.01,5.85,35.67,62.8,2.1,-8.81
2018-05-26,0.0,5.41,38.36,62.76,2.5,-8.15
2018-05-27,0.67,4.37,49.65,62.79,1.88,-6.06
2018-05-28,0.05,5.26,55.73,62.6,2.21,-3.32
2018-05-29,0.02,4.75,54.25,62.59,2.42,-4.3
2018-05-30,0.38,5.04,60.71,62.67,2.01,-2.52
2018-05-31,0.15,7.25,62.64,62.8,2.08,-0.88
2018-06-01,7.91,6.31,72.25,62.85,2.0,0.47
2018-06-02,0.24,6.44,69.22,62.72,1.82,0.02
2018-06-03,0.0,8.91,49.05,62.64,1.81,-3.35
2018-06-04,0.0,9.64,53.84,62.75,1.94,-1.61
2018-06-05,13.72,8.93,80.03,62.92,1.91,4.87
2018-06-06,4.32,9.21,82.23,62.89,2.1,5.78
2018-06-07,0.15,9.6,72.22,62.67,2.27,3.58
2018-06-08,4.0,8.72,85.96,62.51,2.13,6.12
2018-06-09,10.08,8.12,80.34,62.39,1.33,4.44
2018-06-10,2.28,8.65,81.11,62.4,2.13,5.11
2018-06-11,0.45,8.42,78.11,62.31,2.11,4.13
2018-06-12,0.53,8.16,70.99,62.23,2.26,2.35
2018-06-13,1.0,7.7,69.61,62.28,2.24,2.04
2018-06-14,26.25,8.52,71.49,62.3,2.08,2.65
2018-06-15,1.61,7.86,81.27,62.42,2.22,4.21
2018-06-16,6.44,6.68,82.56,62.51,2.27,3.42
2018-06-17,1.55,6.3,67.83,62.51,2.11,0.01
2018-06-18,0.01,6.23,77.13,62.51,2.2,1.8
2018-06-19,0.32,6.37,77.38,62.54,2.19,2.31
2018-06-20,0.13,6.89,76.27,62.68,2.14,2.17
2018-06-21,0.03,7.54,77.58,62.77,2.24,3.06
2018-06-22,3.29,7.9,76.14,62.75,2.07,3.12
2018-06-23,0.28,8.66,70.25,62.74,2.16,2.21
2018-06-24,0.0,7.81,72.78,62.66,2.14,2.36
2018-06-25,0.04,8.31,70.13,62.55,2.26,2.34
2018-06-26,1.92,8.08,79.58,62.52,2.06,4.1
2018-06-27,10.19,8.42,85.91,62.58,2.21,5.83
2018-06-28,16.08,8.96,89.02,62.73,2.44,6.95
2018-06-29,1.72,10.34,84.49,62.7,2.38,7.43
2018-06-30,4.93,10.88,86.9,62.66,2.29,8.49
2018-07-01,4.01,11.44,84.29,62.55,2.33,8.47
2018-07-02,16.57,10.26,86.52,62.45,2.64,7.75
2018-07-03,9.35,8.09,84.2,62.39,2.41,5.19
2018-07-04,2.63,6.94,78.37,62.4,2.31,2.87
2018-07-05,0.01,7.46,62.25,62.53,1.9,-0.28
2018-07-06,0.0,8.71,68.89,62.59,2.08,2.51
2018-07-07,0.02,10.33,76.98,62.61,1.99,5.91
2018-07-08,1.03,11.19,81.08,62.64,2.08,7.36
2018-07-09,6.34,11.05,82.07,62.63,1.99,7.33
2018-07-10,14.04,11.18,81.87,62.62,1.97,7.43
2018-07-11,16.27,10.89,90.23,62.53,2.49,9.19
2018-07-12,7.4,10.95,87.74,62.49,2.32,8.68
2018-07-13,4.92,8.39,85.93,62.51,1.33,5.98
2018-07-14,2.38,9.38,87.91,62.47,1.63,7.24
2018-07-15,2.11,9.5,93.25,62.51,1.58,8.24
2018-07-16,2.98,9.59,88.99,62.56,2.05,7.61
2018-07-17,2.4,9.52,92.54,62.58,2.43,8.14
2018-07-18,5.01,9.81,88.1,62.63,2.2,7.55
2018-07-19,1.83,9.68,87.49,62.64,2.08,7.39
2018-07-20,4.83,9.94,87.16,62.6,1.74,7.54
2018-07-21,5.57,10.63,86.96,62.53,1.92,8.23
2018-07-22,2.56,9.5,92.1,62.54,2.31,8.03
2018-07-23,6.9,9.8,90.49,62.53,2.3,8.02
2018-07-24,4.16,10.03,90.99,62.55,2.5,8.37
2018-07-25,3.04,10.21,92.65,62.5,2.59,8.85
2018-07-26,12.79,9.47,91.27,62.5,2.15,7.89
2018-07-27,24.49,9.03,89.08,62.46,2.03,7.01
2018-07-28,32.58,8.39,90.16,62.45,1.52,6.58
2018-07-29,8.54,9.06,89.08,62.45,2.13,7.07
2018-07-30,1.47,9.14,83.33,62.44,1.87,6.07
2018-07-31,0.7,8.63,91.57,62.39,2.3,7.05
2018-08-01,1.9,8.78,87.77,62.38,2.28,6.63
2018-08-02,5.75,9.5,87.52,62.48,1.97,7.18
2018-08-03,10.06,10.13,86.38,62.52,1.93,7.48
2018-08-04,9.6,11.34,88.33,62.5,1.65,9.04
2018-08-05,26.48,10.32,94.86,62.5,1.8,9.39
2018-08-06,12.79,9.85,92.34,62.44,1.67,8.38
2018-08-07,11.75,8.2,94.25,62.54,1.57,7.08
2018-08-08,6.14,8.87,87.34,62.68,1.77,6.65
2018-08-09,3.21,9.95,89.5,62.82,1.94,8.0
2018-08-10,2.06,10.78,90.55,62.67,1.87,9.07
2018-08-11,1.84,11.21,88.95,62.46,1.86,9.15
2018-08-12,33.56,9.85,92.42,62.34,1.68,8.36
2018-08-13,21.2,8.56,93.41,62.42,1.69,7.36
2018-08-14,0.97,9.65,88.41,62.5,1.86,7.36
2018-08-15,0.67,9.0,80.03,62.67,1.79,5.24
2018-08-16,0.28,9.32,91.22,62.79,1.58,7.61
2018-08-17,2.73,9.81,89.93,62.63,2.15,7.95
2018-08-18,2.87,9.46,88.86,62.6,1.9,7.44
2018-08-19,5.47,10.66,89.7,62.53,1.64,8.75
2018-08-20,5.41,10.46,91.07,62.68,2.22,8.88
2018-08-21,18.63,9.97,92.77,62.65,2.01,8.64
2018-08-22,10.76,9.32,93.52,62.59,1.88,8.12
2018-08-23,7.9,9.4,95.91,62.58,1.71,8.59
2018-08-24,10.22,9.81,91.83,62.56,2.08,8.35
2018-08-25,6.32,8.8,82.25,62.53,1.82,5.44
2018-08-26,8.47,8.47,88.64,62.5,1.81,6.36
2018-08-27,5.8,8.94,75.25,62.67,1.57,4.29
2018-08-28,6.11,9.33,86.0,62.74,1.56,6.63
2018-08-29,5.51,9.75,90.97,62.77,2.0,8.12
2018-08-30,5.27,9.74,85.2,62.62,1.71,7.0
2018-08-31,1.55,8.89,85.63,62.65,1.8,6.04
2018-09-01,3.75,8.15,84.11,62.75,1.83,5.36
2018-09-02,4.2,7.28,92.5,62.71,1.53,5.93
2018-09-03,8.24,7.88,91.21,62.7,1.81,6.23
2018-09-04,3.02,8.28,87.59,62.74,1.66,6.08
2018-09-05,1.76,7.98,91.53,62.68,1.76,6.43
2018-09-06,3.0,8.49,86.86,62.78,1.9,6.06
2018-09-07,1.76,7.87,84.17,62.91,1.19,4.95
2018-09-08,2.64,8.25,87.87,62.9,1.82,6.02
2018-09-09,4.36,8.62,88.98,62.97,1.81,6.56
2018-09-10,2.39,8.35,84.95,63.02,1.79,5.53
2018-09-11,9.77,7.97,86.63,62.9,1.99,5.47
2018-09-12,0.86,6.98,84.28,62.59,1.76,4.15
2018-09-13,10.09,6.65,91.36,62.6,1.95,4.99
2018-09-14,0.98,5.09,76.39,62.73,1.84,0.52
2018-09-15,0.06,4.78,60.86,62.86,1.71,-3.06
2018-09-16,0.0,3.71,61.51,62.73,1.72,-3.76
2018-09-17,0.0,3.6,64.08,62.67,1.71,-3.35
2018-09-18,0.0,4.12,66.17,62.72,1.5,-2.61
2018-09-19,0.0,5.36,72.64,62.78,1.42,0.11
2018-09-20,0.01,5.4,77.98,62.89,1.59,1.49
2018-09-21,1.15,5.6,80.66,62.99,1.68,2.02
2018-09-22,25.19,4.73,92.18,63.0,1.8,3.36
2018-09-23,19.36,4.25,94.77,63.0,2.09,3.27
2018-09-24,31.32,3.78,92.26,62.86,1.57,2.45
2018-09-25,5.01,4.91,92.0,62.79,2.02,3.51
2018-09-26,0.0,4.44,72.52,62.82,1.56,-0.79
2018-09-27,0.0,4.18,72.73,62.88,1.66,-1.13
2018-09-28,0.22,3.98,78.96,62.91,1.88,0.2
2018-09-29,0.11,3.76,79.82,62.93,1.72,0.13
2018-09-30,0.01,3.61,71.47,62.87,1.65,-1.68
2018-10-01,0.0,2.3,66.84,62.87,1.62,-4.02
2018-10-02,0.0,1.96,67.43,62.86,1.52,-4.26
2018-10-03,0.0,1.44,70.66,62.81,1.53,-4.01
2018-10-04,0.0,0.12,76.97,62.83,1.51,-4.05
2018-10-05,0.0,0.35,68.07,62.88,1.5,-5.43
2018-10-06,0.0,-0.11,67.12,62.79,1.53,-6.12
2018-10-07,0.0,-0.16,71.58,62.7,1.29,-5.3
2018-10-08,0.0,1.21,73.18,62.68,1.49,-3.79
2018-10-09,0.0,0.98,60.03,62.77,1.51,-6.35
2018-10-10,0.43,0.06,62.27,62.79,1.3,-6.41
2018-10-11,5.67,-0.49,66.01,62.79,1.55,-6.6
2018-10-12,0.79,-1.54,64.28,62.82,1.31,-8.08
2018-10-13,0.0,-1.58,62.67,62.72,1.49,-8.3
2018-10-14,0.0,-0.88,56.86,62.73,1.51,-9.35
2018-10-15,0.0,-1.25,55.52,62.82,1.43,-9.72
2018-10-16,0.0,-1.28,51.0,62.88,1.32,-10.59
2018-10-17,0.0,-1.79,75.16,62.75,1.52,-6.14
2018-10-18,0.0,-2.29,75.5,62.69,1.45,-7.02
2018-10-19,0.0,-2.57,73.22,62.74,1.49,-7.75
2018-10-20,0.0,-3.11,72.57,62.82,1.5,-8.13
2018-10-21,0.0,-3.57,69.32,62.81,1.46,-9.05
2018-10-22,0.0,-3.71,76.87,62.67,1.55,-8.02
2018-10-23,0.05,-4.82,79.46,62.59,1.52,-8.7
2018-10-24,0.0,-3.77,76.27,62.61,1.35,-8.13
2018-10-25,0.0,-4.0,71.94,62.75,1.49,-9.47
2018-10-26,0.0,-3.62,65.98,62.88,1.48,-9.97
2018-10-27,0.0,-2.55,69.41,62.88,1.11,-8.04
2018-10-28,0.0,-0.07,51.63,62.89,1.0,-9.75
2018-10-29,0.0,1.84,46.19,62.99,1.07,-9.54
2018-10-30,0.0,1.87,50.91,63.06,1.4,-7.83
2018-10-31,0.0,1.02,57.31,63.07,1.32,-7.76
2018-11-01,0.0,-1.05,60.43,62.98,1.06,-8.06
2018-11-02,1.49,-2.86,75.65,62.78,1.81,-7.21
2018-11-03,13.63,-3.73,97.26,62.63,4.05,-4.45
2018-11-04,0.53,-5.76,88.69,62.62,1.69,-8.04
2018-11-05,0.0,-6.75,69.08,62.57,1.62,-12.71
2018-11-06,0.0,-5.48,52.4,62.62,1.41,-15.25
2018-11-07,0.0,-3.71,55.38,62.78,1.5,-12.41
2018-11-08,0.0,-2.92,54.68,62.77,1.36,-11.4
2018-11-09,0.0,-3.11,60.83,62.66,1.36,-10.04
2018-11-10,0.0,-3.85,64.09,62.65,1.42,-10.06
2018-11-11,0.0,-3.99,72.54,62.73,1.39,-8.99
2018-11-12,0.04,-4.35,80.66,62.62,1.45,-8.0
2018-11-13,0.58,-5.14,91.17,62.4,1.74,-6.95
2018-11-14,7.57,-5.92,91.93,62.38,1.74,-7.49
2018-11-15,3.12,-6.88,72.66,62.51,1.24,-12.11
2018-11-16,0.0,-5.34,58.05,62.46,1.68,-12.93
2018-11-17,0.0,-5.6,55.87,62.39,1.24,-13.94
2018-11-18,0.0,-3.81,58.04,62.56,1.21,-11.44
2018-11-19,0.0,-5.07,80.49,62.75,1.21,-8.51
2018-11-20,0.0,-5.81,59.44,62.75,1.06,-13.83
2018-11-21,0.0,-2.72,31.76,62.85,0.99,-17.94
2018-11-22,0.0,-2.37,33.5,62.89,1.22,-17.21
2018-11-23,0.0,-4.28,44.74,62.93,1.31,-15.15
2018-11-24,0.0,-0.4,36.49,63.01,1.18,-13.64
2018-11-25,0.0,-0.96,47.86,62.97,1.39,-11.08
2018-11-26,0.0,-1.63,44.85,62.95,1.14,-12.65
2018-11-27,0.0,-0.72,46.32,63.11,0.91,-11.2
2018-11-28,0.11,-1.57,61.2,63.09,0.97,-8.33
2018-11-29,0.0,-3.14,44.74,63.02,0.88,-13.54
2018-11-30,0.0,-4.72,50.16,62.77,1.29,-14.11
2018-12-01,0.0,-3.82,50.71,62.63,1.32,-13.61
2018-12-02,0.0,-5.55,65.1,62.42,1.4,-12.05
2018-12-03,0.0,-4.82,54.66,62.53,1.22,-13.29
2018-12-04,0.0,-2.94,51.27,62.66,1.04,-12.07
2018-12-05,0.0,-4.15,61.14,62.42,1.19,-11.3
2018-12-06,0.0,-7.52,81.23,62.17,1.72,-11.21
2018-12-07,0.0,-7.9,58.86,62.25,1.37,-15.5
2018-12-08,0.0,-5.92,53.05,62.44,1.21,-14.36
2018-12-09,0.0,-6.95,58.74,62.35,1.25,-14.19
2018-12-10,0.02,-8.83,79.34,62.23,1.57,-12.55
2018-12-11,0.79,-9.66,91.78,62.2,2.01,-11.68
2018-12-12,0.86,-9.88,95.36,62.17,1.7,-11.16
2018-12-13,1.19,-9.52,96.03,62.19,1.76,-10.81
2018-12-14,0.02,-10.91,80.73,62.37,1.18,-14.4
2018-12-15,0.0,-10.16,51.29,62.61,1.36,-19.15
2018-12-16,0.0,-8.71,46.14,62.81,1.47,-18.61
2018-12-17,0.0,-8.49,44.33,62.75,1.42,-19.04
2018-12-18,0.0,-7.17,46.72,62.55,1.44,-17.21
2018-12-19,0.0,-3.3,40.15,62.71,1.31,-14.91
2018-12-20,0.0,-7.0,38.76,62.59,1.57,-19.37
2018-12-21,0.0,-7.79,30.99,62.5,1.17,-22.47
2018-12-22,0.0,-5.75,28.22,62.57,0.98,-22.15
2018-12-23,0.0,-7.24,34.03,62.57,1.6,-20.73
2018-12-24,0.0,-9.02,43.75,62.38,1.54,-19.61
2018-12-25,0.0,-10.35,62.61,62.19,1.09,-16.66
2018-12-26,0.02,-11.29,64.37,61.94,2.07,-17.5
2018-12-27,0.02,-12.84,75.0,61.69,1.64,-17.61
2018-12-28,0.0,-12.18,46.38,62.0,1.9,-21.97
2018-12-29,0.0,-9.34,46.98,62.42,1.41,-19.01
2018-12-30,0.0,-7.08,55.51,62.67,1.41,-14.9
2018-12-31,0.0,-7.71,58.15,62.69,1.23,-15.06
2019-01-01,0.01,-7.83,51.22,62.62,1.48,-17.78
2019-01-02,0.05,-10.61,90.89,62.38,1.95,-12.55
2019-01-03,0.0,-12.32,55.41,62.29,1.76,-20.06
2019-01-04,0.05,-9.0,58.48,62.44,1.46,-16.47
2019-01-05,0.61,-9.75,94.53,62.35,2.22,-10.93
2019-01-06,2.73,-11.25,95.54,62.04,1.6,-12.44
2019-01-07,0.03,-11.56,70.95,62.12,1.07,-16.56
2019-01-08,0.0,-9.67,72.75,62.2,1.54,-14.32
2019-01-09,0.0,-10.26,76.26,62.12,1.33,-14.46
2019-01-10,0.0,-8.29,53.96,62.28,1.45,-16.44
2019-01-11,0.0,-10.67,90.2,62.27,1.6,-12.67
2019-01-12,1.14,-11.04,77.54,62.22,2.14,-14.74
2019-01-13,1.6,-11.1,95.06,62.19,2.64,-12.17
2019-01-14,0.0,-11.72,44.76,62.18,1.49,-22.13
2019-01-15,0.0,-7.62,46.92,62.48,1.51,-17.19
2019-01-16,0.0,-6.24,76.16,62.53,1.62,-10.26
2019-01-17,0.0,-9.59,72.84,62.28,1.17,-14.42
2019-01-18,0.0,-9.17,49.61,62.31,1.36,-18.27
2019-01-19,0.0,-6.25,80.35,62.51,1.27,-9.49
2019-01-20,0.03,-5.62,74.16,62.63,1.11,-10.13
2019-01-21,8.42,-8.26,94.16,62.35,1.92,-9.85
2019-01-22,28.81,-9.35,99.56,61.91,4.15,-10.1
2019-01-23,4.81,-11.49,99.63,62.03,2.86,-12.12
2019-01-24,0.14,-15.77,86.67,62.18,1.43,-18.09
2019-01-25,6.59,-14.32,97.16,61.92,2.48,-15.24
2019-01-26,0.39,-18.33,70.51,62.12,1.44,-22.97
2019-01-27,1.79,-16.08,94.77,62.04,1.29,-17.34
2019-01-28,0.0,-19.15,76.64,62.06,1.58,-22.4
2019-01-29,0.0,-17.33,65.75,62.15,1.73,-22.56
2019-01-30,0.96,-8.27,69.72,62.4,1.39,-13.87
2019-01-31,2.55,-8.09,99.28,62.32,2.96,-8.87
2019-02-01,1.65,-10.14,99.71,62.21,3.29,-11.02
2019-02-02,0.0,-12.97,76.63,62.33,1.2,-16.69
2019-02-03,0.0,-13.08,56.04,62.54,1.23,-19.95
2019-02-04,0.0,-10.72,49.37,62.75,1.24,-19.44
2019-02-05,0.0,-8.97,64.74,62.58,1.33,-14.96
2019-02-06,0.41,-10.49,95.1,62.24,2.4,-11.81
2019-02-07,20.19,-7.81,99.99,61.88,6.26,-8.14
2019-02-08,10.09,-11.22,96.86,61.87,4.57,-12.27
2019-02-09,0.01,-15.86,68.51,62.08,1.71,-20.89
2019-02-10,0.01,-10.03,59.79,62.44,1.23,-17.06
2019-02-11,0.0,-9.78,92.82,62.59,1.24,-11.49
2019-02-12,0.0,-8.55,80.02,62.78,1.16,-11.87
2019-02-13,0.11,-5.22,88.72,62.93,0.89,-7.43
2019-02-14,10.1,-6.72,92.92,62.53,2.05,-8.35
2019-02-15,9.46,-9.1,93.9,62.28,1.95,-10.25
2019-02-16,0.48,-12.45,75.67,62.18,1.39,-16.76
2019-02-17,0.52,-10.54,60.31,62.1,1.63,-17.55
2019-02-18,7.24,-8.62,94.46,61.87,3.06,-9.98
2019-02-19,5.58,-10.02,97.67,62.09,2.81,-11.03
2019-02-20,3.96,-8.84,81.0,62.62,1.64,-12.06
2019-02-21,8.96,-5.3,99.04,62.72,4.7,-5.65
2019-02-22,0.93,-8.3,94.9,62.53,2.28,-9.63
2019-02-23,0.0,-9.21,61.51,62.33,1.45,-16.05
2019-02-24,0.0,-10.05,94.64,62.04,2.29,-11.39
2019-02-25,0.22,-12.81,90.03,61.78,1.5,-14.68
2019-02-26,5.7,-12.72,93.5,61.73,2.13,-14.28
2019-02-27,7.44,-12.65,96.33,61.42,1.87,-13.95
2019-02-28,0.05,-13.56,79.4,61.69,1.21,-17.24
2019-03-01,0.02,-10.5,56.32,62.15,1.44,-18.39
2019-03-02,5.08,-7.97,85.63,62.39,1.62,-10.57
2019-03-03,5.44,-7.6,96.55,62.11,2.05,-8.41
2019-03-04,3.85,-9.99,86.3,61.87,1.74,-12.58
2019-03-05,0.45,-9.53,89.12,61.84,1.53,-11.62
2019-03-06,0.0,-10.67,79.71,62.0,1.89,-14.56
2019-03-07,0.09,-10.04,78.18,62.06,1.76,-13.97
2019-03-08,0.02,-9.46,64.69,62.26,1.39,-16.01
2019-03-09,0.0,-8.04,79.26,62.3,1.39,-12.03
2019-03-10,0.0,-8.98,74.45,62.4,1.72,-13.98
2019-03-11,4.71,-8.0,75.21,62.5,2.22,-12.74
2019-03-12,1.78,-6.6,84.43,62.57,1.85,-9.66
2019-03-13,0.44,-6.81,76.5,62.62,1.79,-11.1
2019-03-14,5.34,-8.05,92.43,62.55,2.43,-9.5
2019-03-15,1.05,-7.52,88.19,62.52,1.8,-9.82
2019-03-16,0.01,-7.33,80.03,62.63,1.53,-11.44
2019-03-17,0.38,-5.82,84.26,62.57,1.65,-8.57
2019-03-18,0.04,-5.68,83.95,62.51,1.19,-8.75
2019-03-19,0.01,-5.46,80.69,62.35,1.37,-9.16
2019-03-20,3.04,-6.86,87.28,62.43,1.87,-9.42
2019-03-21,0.68,-7.17,84.98,62.52,1.5,-10.15
2019-03-22,0.01,-7.56,84.96,62.53,1.7,-10.86
2019-03-23,0.0,-5.69,57.08,62.61,1.35,-14.6
2019-03-24,0.03,-3.47,75.89,62.62,1.61,-7.76
2019-03-25,4.76,-4.99,95.14,62.53,1.5,-6.19
2019-03-26,0.01,-5.45,72.07,62.51,1.74,-11.1
2019-03-27,0.0,-2.44,60.98,62.87,1.42,-10.2
2019-03-28,0.0,0.14,66.85,62.91,1.44,-5.95
2019-03-29,0.0,-0.53,70.32,62.83,1.55,-6.32
2019-03-30,0.0,-1.34,69.51,62.81,1.34,-6.87
2019-03-31,0.0,-2.61,62.89,62.67,1.54,-9.9
2019-04-01,0.07,-4.34,80.17,62.53,2.02,-8.2
2019-04-02,0.0,-3.11,65.17,62.69,1.8,-9.76
2019-04-03,0.0,-1.09,71.76,62.78,1.85,-6.56
2019-04-04,0.0,0.46,79.55,62.88,1.48,-3.42
2019-04-05,0.0,0.45,79.67,62.87,1.51,-3.29
2019-04-06,0.38,-0.23,76.11,62.79,1.65,-4.57
2019-04-07,0.33,-0.98,78.45,62.65,1.45,-4.82
2019-04-08,11.65,-2.09,80.44,62.57,1.64,-5.57
2019-04-09,0.0,-0.49,72.33,62.63,1.48,-5.66
2019-04-10,0.0,0.34,80.48,62.88,1.71,-3.36
2019-04-11,0.0,0.85,53.33,62.89,1.54,-8.67
2019-04-12,0.0,0.48,76.21,62.89,1.63,-3.81
2019-04-13,0.0,0.93,72.75,62.89,1.51,-4.21
2019-04-14,0.0,1.11,68.05,62.91,1.54,-4.82
2019-04-15,0.0,1.69,68.67,62.9,1.53,-4.09
2019-04-16,3.33,0.11,85.59,62.75,1.81,-2.59
2019-04-17,4.35,-2.55,92.96,62.52,2.86,-4.07
2019-04-18,7.86,-2.24,86.79,62.47,1.83,-4.73
2019-04-19,0.01,-0.66,80.95,62.43,1.32,-3.89
2019-04-20,0.0,1.23,79.06,62.47,1.85,-2.54
2019-04-21,0.02,1.41,79.96,62.49,1.75,-2.15
2019-04-22,0.01,2.16,73.61,62.57,1.74,-2.82
2019-04-23,0.0,3.72,64.47,62.85,1.79,-3.1
2019-04-24,0.39,3.54,70.58,63.03,1.97,-2.18
2019-04-25,0.32,3.61,60.97,63.09,2.07,-3.74
2019-04-26,0.21,2.94,64.59,62.98,1.87,-3.42
2019-04-27,0.0,3.82,37.91,62.92,1.92,-10.32
2019-04-28,0.0,4.49,37.68,62.86,2.06,-9.09
2019-04-29,0.0,3.82,41.21,62.87,2.04,-8.63
2019-04-30,0.52,2.86,56.08,62.81,2.84,-5.21
2019-05-01,2.32,1.81,77.75,62.69,3.51,-2.25
2019-05-02,4.41,1.56,72.93,62.74,2.52,-3.26
2019-05-03,0.7,0.81,73.38,62.75,2.42,-4.07
2019-05-04,0.0,0.93,59.23,62.73,2.02,-7.34
2019-05-05,0.02,0.56,47.94,62.71,2.15,-10.27
2019-05-06,0.0,2.03,42.32,62.67,1.92,-10.15
2019-05-07,0.0,2.77,46.22,62.7,2.2,-8.34
2019-05-08,0.0,3.2,44.02,62.76,1.91,-8.56
2019-05-09,0.0,4.44,48.33,62.68,2.01,-6.64
2019-05-10,0.59,4.88,64.33,62.77,2.69,-2.15
2019-05-11,0.18,1.92,81.44,62.8,2.28,-1.45
2019-05-12,0.18,2.27,73.52,62.66,2.53,-2.41
2019-05-13,1.66,2.76,78.44,62.62,2.13,-1.23
2019-05-14,1.48,1.25,79.34,62.6,1.93,-2.44
2019-05-15,0.46,2.76,65.74,62.77,2.01,-4.32
2019-05-16,1.29,2.41,80.8,62.8,2.53,-1.12
2019-05-17,2.45,2.46,84.22,62.71,2.71,-0.44
2019-05-18,0.32,2.51,68.85,62.57,1.99,-3.69
2019-05-19,0.0,4.01,69.35,62.74,2.1,-1.75
2019-05-20,0.0,4.15,62.2,62.94,1.95,-3.4
2019-05-21,0.0,4.59,60.11,62.97,2.09,-3.06
2019-05-22,0.0,5.26,60.32,62.89,2.04,-2.52
2019-05-23,0.97,4.05,76.98,62.85,2.24,-0.16
2019-05-24,3.4,3.52,78.3,62.83,2.71,-0.47
2019-05-25,0.03,3.08,62.91,62.55,2.02,-4.07
2019-05-26,0.03,4.83,62.39,62.67,2.38,-2.87
2019-05-27,0.0,4.22,54.74,62.74,2.36,-5.15
2019-05-28,0.0,4.67,48.59,62.72,2.23,-6.57
2019-05-29,0.0,5.76,48.22,62.75,2.28,-5.21
2019-05-30,0.0,6.53,52.04,62.77,1.73,-3.28
2019-05-31,0.0,7.05,51.11,62.88,2.1,-3.23
2019-06-01,0.16,6.98,52.46,62.93,2.08,-2.59
2019-06-02,0.6,6.26,64.87,62.87,2.08,-0.45
2019-06-03,1.85,6.51,63.08,62.86,2.26,-1.09
2019-06-04,0.01,6.85,52.43,62.87,2.37,-3.31
2019-06-05,0.0,7.37,39.9,62.91,2.19,-7.1
2019-06-06,0.88,6.32,58.24,62.96,2.74,-2.13
2019-06-07,0.02,5.77,57.65,62.92,2.09,-3.5
2019-06-08,0.01,6.54,56.21,62.85,2.24,-2.89
2019-06-09,0.0,6.53,58.7,62.74,2.07,-1.88
2019-06-10,0.0,7.9,47.09,62.69,2.22,-4.18
2019-06-11,2.67,7.6,49.9,62.78,2.35,-2.82
2019-06-12,4.7,6.07,67.12,62.84,2.41,-0.11
2019-06-13,0.33,6.25,59.01,62.79,2.05,-2.29
2019-06-14,0.02,7.29,47.85,62.7,2.07,-4.71
2019-06-15,0.0,7.22,39.75,62.7,2.17,-6.78
2019-06-16,0.01,7.1,57.81,62.64,2.27,-1.49
2019-06-17,8.29,5.53,76.89,62.49,3.14,1.04
2019-06-18,0.72,4.09,71.28,62.44,2.22,-1.45
2019-06-19,0.27,5.14,72.15,62.55,2.52,-0.31
2019-06-20,0.2,5.84,76.99,62.62,2.2,1.46
2019-06-21,0.12,6.5,75.98,62.76,2.17,1.74
2019-06-22,5.64,7.17,73.36,62.79,2.25,1.66
2019-06-23,2.1,7.88,69.25,62.8,2.43,0.86
2019-06-24,5.57,8.42,81.16,62.88,2.65,4.76
2019-06-25,3.18,7.88,84.69,62.89,2.53,5.04
2019-06-26,0.29,7.33,68.78,62.73,2.2,1.13
2019-06-27,0.21,7.87,70.09,62.56,2.42,1.54
2019-06-28,0.15,8.3,64.98,62.48,2.1,0.69
2019-06-29,0.03,8.52,66.11,62.56,2.21,1.57
2019-06-30,2.52,8.26,76.11,62.63,2.17,3.44
2019-07-01,2.71,8.68,76.6,62.66,2.18,3.97
2019-07-02,0.36,8.99,72.43,62.77,1.88,3.22
2019-07-03,13.23,9.76,75.03,62.76,2.07,4.4
2019-07-04,3.49,10.45,78.33,62.67,1.95,6.28
2019-07-05,2.1,10.05,82.38,62.51,2.6,6.59
2019-07-06,3.76,10.02,84.22,62.36,2.5,7.02
2019-07-07,4.78,10.16,85.77,62.41,2.39,7.45
2019-07-08,4.45,10.36,86.73,62.46,2.56,7.91
2019-07-09,19.55,10.05,82.7,62.43,1.94,6.87
2019-07-10,2.91,10.38,86.23,62.32,2.32,7.81
2019-07-11,4.2,9.8,88.16,62.37,2.5,7.63
2019-07-12,1.7,9.57,86.93,62.48,2.5,7.16
2019-07-13,8.0,8.9,86.86,62.49,2.01,6.36
2019-07-14,7.31,7.59,84.95,62.35,2.51,4.83
2019-07-15,10.43,7.25,88.57,62.3,2.59,5.18
2019-07-16,6.09,6.64,85.42,62.49,1.7,4.07
2019-07-17,3.5,7.99,85.51,62.54,1.71,5.24
2019-07-18,0.54,8.57,85.1,62.6,2.04,5.76
2019-07-19,0.96,8.39,88.25,62.71,2.53,6.21
2019-07-20,1.21,8.98,83.94,62.82,1.95,5.93
2019-07-21,1.08,9.45,81.97,62.81,1.93,6.01
2019-07-22,0.07,10.25,77.76,62.75,1.88,5.83
2019-07-23,0.07,10.76,79.42,62.64,1.32,6.7
2019-07-24,5.79,11.9,75.67,62.58,2.03,6.42
2019-07-25,4.74,10.8,87.38,62.53,1.78,8.34
2019-07-26,14.89,9.11,86.88,62.48,1.44,6.73
2019-07-27,11.05,9.36,85.59,62.51,2.02,6.8
2019-07-28,1.22,10.2,86.61,62.72,2.04,7.68
2019-07-29,1.36,10.74,83.82,62.79,2.03,7.73
2019-07-30,1.56,10.58,90.69,62.67,1.67,8.89
2019-07-31,1.58,10.18,92.05,62.58,1.76,8.8
2019-08-01,3.51,9.62,92.19,62.57,2.43,8.23
2019-08-02,6.54,9.16,87.13,62.58,1.96,6.88
2019-08-03,4.35,8.79,92.88,62.56,1.79,7.51
2019-08-04,6.59,10.28,82.27,62.53,1.88,6.95
2019-08-05,3.21,11.09,86.52,62.43,1.9,8.49
2019-08-06,5.12,10.27,85.33,62.42,1.98,7.53
2019-08-07,4.9,8.74,88.77,62.46,1.38,6.7
2019-08-08,6.97,10.03,81.13,62.46,1.03,6.42
2019-08-09,10.05,9.77,87.21,62.58,1.36,7.27
2019-08-10,1.19,10.2,86.58,62.65,2.09,7.82
2019-08-11,10.46,10.43,90.77,62.65,1.97,8.72
2019-08-12,3.31,10.87,90.02,62.6,1.83,8.94
2019-08-13,12.99,9.59,91.97,62.68,1.76,8.09
2019-08-14,3.05,9.29,88.35,62.78,1.88,7.22
2019-08-15,2.44,9.52,93.45,62.76,1.81,8.29
2019-08-16,8.56,8.96,92.61,62.63,1.74,7.58
2019-08-17,24.67,9.18,88.67,62.64,2.18,7.1
2019-08-18,38.45,7.41,94.71,62.75,2.54,6.38
2019-08-19,2.12,7.53,84.79,62.9,1.81,4.65
2019-08-20,0.02,7.39,75.85,62.81,1.69,2.79
2019-08-21,2.6,7.2,77.09,62.75,1.73,2.89
2019-08-22,1.86,7.67,81.46,62.75,1.82,4.39
2019-08-23,0.8,8.56,86.6,62.81,1.64,6.09
2019-08-24,1.01,9.04,84.11,62.79,1.68,6.19
2019-08-25,3.11,8.74,93.02,62.72,1.84,7.42
2019-08-26,0.93,8.41,86.59,62.83,1.68,5.95
2019-08-27,0.15,7.78,86.92,62.89,1.29,5.43
2019-08-28,0.02,9.18,77.75,62.97,1.3,4.92
2019-08-29,1.55,9.51,77.29,62.96,1.49,5.04
2019-08-30,2.4,9.83,85.62,62.73,1.59,7.15
2019-08-31,6.51,9.8,88.9,62.69,1.63,7.78
2019-09-01,3.32,9.56,90.67,62.76,1.94,7.82
2019-09-02,0.53,10.12,80.45,62.76,1.6,6.54
2019-09-03,0.37,9.99,84.38,62.72,1.73,6.96
2019-09-04,1.22,9.93,87.21,62.69,1.63,7.33
2019-09-05,1.48,9.17,84.49,62.72,1.61,6.34
2019-09-06,5.38,9.74,84.03,62.67,1.57,6.61
2019-09-07,1.18,9.04,76.48,62.69,1.5,4.26
2019-09-08,0.11,7.72,57.86,62.77,1.56,-1.05
2019-09-09,0.0,8.58,54.62,62.67,1.44,-1.24
2019-09-10,0.03,9.12,65.42,62.66,1.51,1.66
2019-09-11,3.24,8.78,70.84,62.79,1.6,2.52
2019-09-12,0.03,8.2,77.47,62.87,1.66,3.64
2019-09-13,0.19,7.9,77.65,62.92,1.62,3.11
2019-09-14,1.93,7.42,75.73,62.92,1.62,2.59
2019-09-15,0.37,7.57,73.45,62.88,1.71,2.35
2019-09-16,1.05,6.41,63.44,62.75,1.72,-1.0
2019-09-17,0.21,4.48,64.27,62.78,1.71,-2.6
2019-09-18,0.53,4.99,66.06,62.92,1.46,-1.51
2019-09-19,0.22,6.05,67.69,62.99,1.55,-0.7
2019-09-20,0.64,5.87,82.33,62.97,1.6,2.54
2019-09-21,4.45,5.59,77.21,62.92,1.74,1.46
2019-09-22,4.44,5.24,79.52,62.98,1.39,1.39
2019-09-23,1.29,6.55,70.75,62.99,1.2,0.39
2019-09-24,2.1,6.97,68.67,63.06,1.56,0.19
2019-09-25,1.43,7.69,83.19,63.17,1.58,4.11
2019-09-26,5.39,6.67,93.46,63.19,1.88,5.41
2019-09-27,13.01,6.11,90.46,63.04,1.75,4.36
2019-09-28,35.48,4.67,88.84,62.92,1.85,2.75
2019-09-29,5.87,4.52,88.2,62.95,1.77,2.32
2019-09-30,26.34,4.13,85.42,62.85,1.62,1.55
2019-10-01,2.71,3.19,89.25,62.78,1.89,1.3
2019-10-02,0.02,3.53,66.16,62.83,1.46,-2.68
2019-10-03,1.26,3.07,69.47,62.83,1.75,-2.66
2019-10-04,0.36,1.38,80.74,62.85,1.97,-1.84
2019-10-05,0.0,2.07,74.33,62.84,1.44,-2.49
2019-10-06,0.02,3.13,66.68,62.95,1.63,-3.23
2019-10-07,0.36,1.79,72.43,63.0,1.73,-3.05
2019-10-08,0.06,1.95,73.5,62.94,1.44,-2.89
2019-10-09,0.61,0.69,76.9,62.85,1.55,-3.37
2019-10-10,0.0,0.99,71.11,62.81,1.56,-4.28
2019-10-11,0.0,1.76,60.9,62.8,1.58,-5.59
2019-10-12,0.0,1.33,57.87,62.86,1.43,-6.72
2019-10-13,0.0,1.25,58.95,62.9,1.55,-6.65
2019-10-14,0.0,1.93,68.43,62.95,1.54,-4.04
2019-10-15,0.0,1.46,68.1,63.01,1.5,-4.42
2019-10-16,0.0,1.56,69.59,63.02,1.42,-4.03
2019-10-17,0.35,1.23,63.85,62.99,1.55,-5.82
2019-10-18,0.05,-0.2,63.29,63.01,1.47,-7.3
2019-10-19,0.0,-0.82,65.62,63.06,1.73,-6.98
2019-10-20,0.0,-1.57,68.28,62.96,1.58,-7.13
2019-10-21,0.0,-1.69,51.63,62.8,1.41,-10.76
2019-10-22,0.0,-0.88,49.11,62.71,1.56,-11.19
2019-10-23,0.0,-1.38,47.18,62.67,1.53,-11.78
2019-10-24,0.0,-2.05,55.47,62.67,1.6,-10.56
2019-10-25,0.0,-2.09,61.07,62.72,1.51,-9.7
2019-10-26,0.0,-1.73,49.32,62.78,1.65,-11.57
2019-10-27,0.0,0.15,45.7,62.88,1.6,-11.1
2019-10-28,0.0,1.14,40.34,62.98,1.55,-11.23
2019-10-29,0.0,1.59,41.82,63.0,1.33,-10.32
2019-10-30,0.0,0.46,50.24,62.84,1.38,-9.57
2019-10-31,0.0,-1.55,62.87,62.77,1.61,-8.51
2019-11-01,0.0,-0.39,50.57,62.85,1.45,-10.2
2019-11-02,0.0,-0.52,57.12,62.89,1.36,-8.4
2019-11-03,0.19,-1.24,73.52,62.9,1.8,-5.9
2019-11-04,0.01,-3.25,64.46,62.76,1.59,-9.92
2019-11-05,0.0,-1.73,38.06,62.63,1.58,-14.72
2019-11-06,0.07,-2.46,42.34,62.52,1.92,-13.75
2019-11-07,6.95,-4.83,77.86,62.58,1.37,-8.59
2019-11-08,1.13,-4.37,91.37,62.77,1.84,-5.79
2019-11-09,0.01,-4.14,62.49,62.84,1.55,-11.2
2019-11-10,0.0,-3.93,45.56,62.76,1.46,-14.7
2019-11-11,0.0,-2.23,43.57,62.75,1.17,-13.63
2019-11-12,0.0,-1.45,42.23,62.92,1.25,-13.2
2019-11-13,0.0,-0.44,34.57,63.06,1.14,-14.01
2019-11-14,0.36,-1.86,57.8,63.13,0.97,-9.49
2019-11-15,0.09,-3.01,72.87,63.0,1.35,-7.69
2019-11-16,0.06,-2.26,63.14,62.96,1.54,-8.94
2019-11-17,0.0,-2.46,52.51,62.91,1.3,-11.58
2019-11-18,0.0,-2.78,32.59,62.73,1.25,-16.94
2019-11-19,0.0,-2.3,30.36,62.66,1.15,-17.47
2019-11-20,0.0,-1.43,36.86,62.71,0.92,-14.79
2019-11-21,0.0,-1.39,50.33,62.87,1.13,-10.63
2019-11-22,0.44,-1.47,79.15,63.0,1.35,-5.11
2019-11-23,0.87,-3.4,88.57,62.87,1.93,-5.44
2019-11-24,0.0,-4.03,46.78,62.77,1.61,-14.21
2019-11-25,0.17,-6.32,64.68,62.76,1.56,-12.76
2019-11-26,2.02,-6.35,83.37,62.7,0.97,-9.2
2019-11-27,7.08,-5.68,93.01,62.64,3.22,-7.23
2019-11-28,10.18,-6.14,98.15,62.59,3.43,-6.9
2019-11-29,0.6,-9.41,76.68,62.55,1.41,-13.55
2019-11-30,0.0,-9.19,46.85,62.58,1.16,-18.71
2019-12-01,0.0,-7.84,46.5,62.56,1.13,-17.54
2019-12-02,0.0,-9.81,59.96,62.48,1.32,-16.72
2019-12-03,0.0,-9.71,50.93,62.6,1.78,-18.96
2019-12-04,0.0,-6.24,42.38,62.92,1.4,-17.68
2019-12-05,0.0,-4.61,32.53,63.03,1.23,-19.14
2019-12-06,0.0,-5.51,37.13,62.99,1.13,-18.12
2019-12-07,0.0,-6.02,41.77,62.86,1.2,-17.26
2019-12-08,0.0,-6.04,35.07,62.82,1.41,-19.84
2019-12-09,0.0,-4.18,37.03,62.76,1.26,-17.54
2019-12-10,0.0,-4.46,58.1,62.52,1.13,-11.76
2019-12-11,0.13,-6.01,61.04,62.3,1.39,-12.74
2019-12-12,12.33,-7.83,94.54,62.11,1.86,-9.44
2019-12-13,23.14,-8.83,99.01,61.83,2.38,-9.71
2019-12-14,2.36,-12.72,92.41,62.22,1.27,-14.4
2019-12-15,0.06,-13.61,88.54,62.23,1.05,-15.9
2019-12-16,0.0,-16.05,63.1,62.33,1.26,-22.26
2019-12-17,0.0,-15.07,43.39,62.44,1.51,-25.46
2019-12-18,0.0,-8.48,49.62,62.64,1.08,-17.67
2019-12-19,0.0,-6.98,77.29,62.57,1.09,-10.7
2019-12-20,0.21,-8.05,90.4,62.38,1.75,-9.98
2019-12-21,0.09,-10.3,86.44,62.26,1.88,-12.59
2019-12-22,0.0,-12.43,59.06,62.34,1.28,-19.7
2019-12-23,0.0,-10.6,43.29,62.32,1.15,-21.26
2019-12-24,0.0,-12.81,50.16,62.31,1.22,-21.36
2019-12-25,0.0,-13.61,48.0,62.17,1.26,-22.54
2019-12-26,0.0,-17.15,64.21,61.86,1.73,-23.37
2019-12-27,0.0,-14.45,54.52,62.18,3.35,-22.35
2019-12-28,0.0,-10.09,46.81,62.43,1.43,-20.19
2019-12-29,0.0,-7.48,33.01,62.49,1.11,-21.8
2019-12-30,0.0,-10.02,48.05,62.36,1.32,-20.27
2019-12-31,0.0,-14.07,65.71,62.31,1.81,-19.89
2020-01-01,0.0,-13.36,72.92,62.38,1.49,-17.9
2020-01-02,0.46,-11.56,91.49,62.41,1.39,-13.61
2020-01-03,0.37,-12.18,79.54,62.19,1.36,-15.69
2020-01-04,2.47,-13.99,78.48,61.94,1.32,-17.42
2020-01-05,0.02,-13.05,64.16,61.98,1.23,-19.1
2020-01-06,4.18,-8.44,88.13,62.33,1.34,-10.64
2020-01-07,13.09,-8.45,98.16,62.1,2.06,-9.3
2020-01-08,15.74,-11.25,99.42,61.74,3.21,-12.03
2020-01-09,0.14,-16.64,67.5,61.9,1.03,-21.55
2020-01-10,0.0,-16.18,45.11,62.32,1.71,-25.95
2020-01-11,0.04,-9.17,44.43,62.58,1.0,-20.33
2020-01-12,0.27,-5.82,80.99,62.7,0.7,-9.11
2020-01-13,14.48,-6.36,96.82,62.26,3.97,-7.24
2020-01-14,0.27,-10.78,93.87,62.16,2.23,-12.14
2020-01-15,0.07,-11.77,91.46,62.24,1.94,-13.57
2020-01-16,6.22,-11.33,85.45,62.02,1.04,-14.06
2020-01-17,6.61,-11.32,94.93,61.91,1.82,-12.87
2020-01-18,1.91,-13.84,93.73,61.97,1.38,-15.15
2020-01-19,0.0,-18.41,69.03,61.99,1.48,-23.34
2020-01-20,0.04,-13.26,67.49,62.07,1.06,-19.75
2020-01-21,0.2,-11.55,98.4,62.18,1.91,-12.33
2020-01-22,0.0,-13.79,88.54,62.33,1.26,-16.0
2020-01-23,0.0,-15.95,45.97,62.17,1.53,-25.4
2020-01-24,0.0,-11.69,44.66,62.33,1.44,-21.83
2020-01-25,0.0,-9.58,60.05,62.33,1.18,-16.35
2020-01-26,0.0,-9.93,73.56,62.12,1.26,-14.47
2020-01-27,1.09,-11.4,60.74,61.99,1.08,-18.84
2020-01-28,12.98,-8.99,97.74,61.84,2.33,-9.94
2020-01-29,7.71,-11.62,97.23,61.97,2.28,-12.53
2020-01-30,0.0,-17.42,84.32,61.96,1.61,-20.1
2020-01-31,0.0,-14.93,63.74,61.93,1.79,-21.2
2020-02-01,0.22,-15.81,91.86,61.86,1.37,-17.59
2020-02-02,0.0,-16.16,68.75,62.29,1.8,-21.48
2020-02-03,0.0,-13.93,52.76,62.33,1.48,-22.07
2020-02-04,0.0,-14.21,59.06,62.11,1.61,-21.41
2020-02-05,0.0,-12.26,64.69,62.08,1.3,-18.38
2020-02-06,0.0,-12.21,59.76,61.97,1.56,-20.07
2020-02-07,0.0,-15.9,83.83,61.94,1.21,-18.85
2020-02-08,0.0,-16.34,72.86,62.18,2.7,-21.29
2020-02-09,0.0,-11.16,48.15,62.56,1.54,-21.07
2020-02-10,0.0,-8.86,38.65,62.49,1.22,-21.88
2020-02-11,0.0,-5.86,39.66,62.67,1.17,-18.29
2020-02-12,0.0,-3.78,61.91,62.88,1.51,-10.28
2020-02-13,0.0,-3.58,75.12,62.88,1.49,-8.07
2020-02-14,0.0,-5.54,60.44,62.47,1.32,-13.74
2020-02-15,0.0,-5.04,42.92,62.53,1.41,-17.76
2020-02-16,0.0,-6.03,48.04,62.7,1.36,-16.83
2020-02-17,0.0,-7.46,55.88,62.64,1.37,-16.0
2020-02-18,0.0,-5.75,45.88,62.57,1.48,-16.96
2020-02-19,0.0,-6.4,61.87,62.5,1.51,-13.37
2020-02-20,4.28,-7.21,78.94,62.53,1.42,-11.23
2020-02-21,12.62,-7.82,95.2,62.42,1.39,-9.42
2020-02-22,0.07,-7.69,85.02,62.66,1.32,-10.32
2020-02-23,12.25,-8.0,83.38,62.57,1.32,-11.25
2020-02-24,1.75,-8.25,84.68,62.34,1.45,-10.93
2020-02-25,1.9,-7.54,92.18,62.2,1.44,-9.3
2020-02-26,0.04,-9.03,77.56,62.22,1.83,-13.84
2020-02-27,0.0,-5.85,67.74,62.55,1.39,-12.04
2020-02-28,0.23,-5.51,77.62,62.56,1.55,-9.74
2020-02-29,4.87,-6.55,89.08,62.49,0.94,-9.02
2020-03-01,0.17,-8.33,85.35,62.37,1.51,-11.35
2020-03-02,0.01,-8.01,82.83,62.36,1.46,-11.57
2020-03-03,0.0,-7.91,78.36,62.28,1.48,-12.53
2020-03-04,0.42,-8.74,81.26,62.25,1.68,-12.58
2020-03-05,1.73,-8.86,92.61,62.15,2.23,-11.06
2020-03-06,11.73,-8.34,89.36,62.0,2.42,-10.63
2020-03-07,13.34,-9.06,98.37,62.04,2.71,-9.73
2020-03-08,0.12,-9.86,78.56,62.42,1.4,-13.61
2020-03-09,0.0,-7.6,57.14,62.42,1.54,-15.37
2020-03-10,0.0,-7.86,67.12,62.28,1.61,-13.97
2020-03-11,16.56,-6.39,86.01,62.19,2.59,-9.0
2020-03-12,6.73,-7.18,88.65,62.43,2.65,-9.63
2020-03-13,17.77,-6.78,95.79,62.33,3.12,-8.33
2020-03-14,4.22,-9.46,95.65,62.23,2.09,-10.94
2020-03-15,2.39,-10.13,79.6,62.27,1.21,-13.93
2020-03-16,0.0,-8.11,78.03,62.52,1.54,-12.47
2020-03-17,0.0,-6.11,79.57,62.62,1.4,-10.14
2020-03-18,0.36,-7.07,88.46,62.55,1.69,-9.59
2020-03-19,0.59,-6.68,86.14,62.36,1.35,-9.58
2020-03-20,0.08,-6.7,84.64,62.38,1.33,-9.96
2020-03-21,5.32,-5.59,86.46,62.46,1.6,-8.25
2020-03-22,5.3,-5.74,90.22,62.44,1.35,-7.57
2020-03-23,0.0,-4.44,81.73,62.56,1.25,-8.42
2020-03-24,4.58,-2.92,84.54,62.62,1.67,-5.82
2020-03-25,0.11,-4.49,78.54,62.6,1.35,-8.6
2020-03-26,0.37,-2.71,57.38,62.7,1.43,-11.02
2020-03-27,17.41,-3.71,96.77,62.67,3.64,-4.6
2020-03-28,0.53,-5.39,90.25,62.56,2.09,-7.25
2020-03-29,0.05,-5.47,81.58,62.49,1.68,-8.76
2020-03-30,0.0,-4.17,57.32,62.66,1.43,-12.9
2020-03-31,2.6,-1.81,74.13,62.68,2.16,-6.27
2020-04-01,0.53,-4.55,89.95,62.56,1.67,-6.38
2020-04-02,0.2,-6.11,83.87,62.36,2.2,-8.96
2020-04-03,0.0,-5.3,74.35,62.45,1.63,-10.58
2020-04-04,0.0,-5.09,78.72,62.58,1.7,-9.31
2020-04-05,0.03,-4.88,79.41,62.71,1.6,-8.92
2020-04-06,0.04,-4.94,77.34,62.68,1.79,-9.46
2020-04-07,0.57,-3.73,61.62,62.59,1.75,-11.14
2020-04-08,0.18,-4.84,90.7,62.55,2.08,-6.66
2020-04-09,0.0,-3.75,80.15,62.59,1.6,-7.72
2020-04-10,0.0,-2.49,81.12,62.77,1.88,-6.03
2020-04-11,0.0,-1.27,60.18,62.95,1.52,-8.9
2020-04-12,0.0,1.36,61.91,62.98,1.43,-6.18
2020-04-13,0.0,2.23,81.15,62.93,1.4,-1.32
2020-04-14,0.06,1.26,82.34,62.97,1.37,-1.84
2020-04-15,1.64,-0.31,82.35,62.98,1.53,-3.39
2020-04-16,0.01,-0.55,61.55,62.78,1.61,-7.81
2020-04-17,6.49,-1.07,80.36,62.67,2.12,-4.38
2020-04-18,4.98,-0.96,90.39,62.7,2.96,-2.65
2020-04-19,0.73,-2.37,91.01,62.58,2.4,-4.09
2020-04-20,4.42,-3.31,84.87,62.57,1.9,-6.05
2020-04-21,8.24,-2.5,93.42,62.43,2.46,-3.78
2020-04-22,0.15,-1.48,84.36,62.42,1.68,-4.34
2020-04-23,0.75,-1.09,76.29,62.48,1.35,-5.25
2020-04-24,0.0,0.12,68.01,62.48,1.4,-5.7
2020-04-25,8.08,0.5,86.82,62.57,1.98,-1.72
2020-04-26,4.44,-0.05,90.51,62.68,1.71,-1.69
2020-04-27,17.46,0.31,87.61,62.72,1.97,-1.79
2020-04-28,0.35,1.18,84.76,62.74,1.34,-1.48
2020-04-29,0.0,1.77,85.96,62.67,1.42,-0.82
2020-04-30,1.31,2.27,85.1,62.76,2.04,-0.51
2020-05-01,0.04,3.53,81.23,62.71,1.58,-0.12
2020-05-02,2.43,2.63,81.19,62.8,1.79,-0.75
2020-05-03,11.96,1.77,83.61,62.81,1.95,-1.14
2020-05-04,2.49,0.97,68.87,62.75,1.93,-4.62
2020-05-05,0.48,0.07,77.2,62.65,2.0,-3.92
2020-05-06,1.88,-0.62,76.64,62.6,2.03,-5.09
2020-05-07,1.22,-1.35,73.75,62.5,1.66,-5.97
2020-05-08,0.0,1.35,71.34,62.67,1.75,-4.17
2020-05-09,0.24,2.19,78.47,62.83,2.02,-1.8
2020-05-10,3.33,2.12,64.31,62.89,1.64,-4.24
2020-05-11,0.04,1.67,78.15,62.83,1.9,-2.29
2020-05-12,0.77,1.82,80.98,62.78,2.02,-1.37
2020-05-13,0.27,2.65,74.64,62.72,1.36,-1.74
2020-05-14,0.44,2.93,69.46,62.82,1.91,-2.38
2020-05-15,0.0,2.69,57.25,62.81,1.89,-5.52
2020-05-16,0.0,3.37,67.49,62.71,1.89,-2.78
2020-05-17,0.0,3.33,65.12,62.69,1.99,-3.37
2020-05-18,0.0,1.83,70.27,62.58,2.52,-3.71
2020-05-19,0.0,1.63,57.59,62.49,2.03,-6.8
2020-05-20,0.0,4.2,54.5,62.48,1.55,-5.15
2020-05-21,0.0,6.7,51.05,62.67,1.91,-3.7
2020-05-22,0.0,6.67,53.48,62.81,2.06,-2.91
2020-05-23,0.64,5.27,67.92,62.94,2.53,-0.85
2020-05-24,0.01,5.29,66.42,62.91,2.02,-1.26
2020-05-25,0.02,5.96,67.04,62.81,2.04,-0.26
2020-05-26,0.72,5.13,64.35,62.82,1.36,-1.76
2020-05-27,3.14,5.16,64.41,62.77,1.69,-1.72
2020-05-28,8.03,2.62,83.46,62.62,1.62,-0.19
2020-05-29,3.23,2.91,82.6,62.68,2.38,-0.28
2020-05-30,6.78,3.23,77.45,62.68,2.24,-1.0
2020-05-31,16.21,2.85,83.29,62.69,2.41,-0.15
2020-06-01,4.3,2.06,88.48,62.65,2.12,0.02
2020-06-02,1.59,2.97,74.02,62.65,2.04,-1.99
2020-06-03,4.1,3.3,83.84,62.62,2.27,0.41
2020-06-04,2.47,3.24,78.03,62.6,1.98,-0.83
2020-06-05,14.46,3.38,82.03,62.46,1.32,0.42
2020-06-06,3.64,4.59,82.11,62.43,1.87,1.42
2020-06-07,1.01,5.06,86.11,62.52,1.83,2.54
2020-06-08,2.96,6.69,85.14,62.56,1.76,3.89
2020-06-09,0.07,6.87,78.55,62.71,1.81,2.76
2020-06-10,0.48,6.55,82.7,62.76,1.94,3.34
2020-06-11,0.0,6.49,69.78,62.71,1.8,0.35
2020-06-12,0.31,7.22,75.64,62.66,1.92,2.52
2020-06-13,1.41,6.4,70.42,62.69,1.96,0.26
2020-06-14,0.66,6.58,69.3,62.76,2.16,0.34
2020-06-15,0.12,6.37,73.69,62.58,2.14,1.01
2020-06-16,5.49,6.88,77.39,62.48,1.87,2.51
2020-06-17,0.71,7.45,77.76,62.51,1.91,2.96
2020-06-18,0.13,8.08,75.47,62.59,2.12,3.07
2020-06-19,1.26,7.36,72.23,62.7,2.0,1.84
2020-06-20,2.08,6.93,70.5,62.71,2.11,0.82
2020-06-21,0.97,7.03,76.82,62.6,1.91,2.44
2020-06-22,0.26,8.37,75.73,62.58,1.98,3.65
2020-06-23,7.15,9.79,83.51,62.8,2.02,6.59
2020-06-24,18.69,9.78,88.45,62.84,2.82,7.76
2020-06-25,1.82,8.17,83.08,62.66,2.34,5.02
2020-06-26,0.1,7.93,75.05,62.51,1.95,3.19
2020-06-27,0.0,9.03,83.11,62.53,1.9,5.78
2020-06-28,1.1,9.44,77.36,62.63,2.11,4.77
2020-06-29,0.47,8.64,74.56,62.74,1.82,3.54
2020-06-30,1.34,8.59,66.66,62.75,1.89,1.42
2020-07-01,3.5,9.36,74.2,62.71,1.75,4.09
2020-07-02,3.12,10.14,74.29,62.6,1.96,4.94
2020-07-03,7.18,10.14,82.71,62.63,2.13,6.85
2020-07-04,21.88,8.86,77.73,62.59,2.06,4.53
2020-07-05,1.7,7.67,77.7,62.5,2.0,3.43
2020-07-06,2.19,8.42,78.81,62.51,1.9,4.22
2020-07-07,5.44,8.6,86.65,62.71,1.83,6.1
2020-07-08,11.43,9.12,91.68,62.76,2.05,7.59
2020-07-09,1.55,9.76,88.8,62.59,2.31,7.72
2020-07-10,3.63,9.19,81.13,62.44,2.17,5.67
2020-07-11,8.81,9.23,88.74,62.38,2.43,7.13
2020-07-12,5.01,8.11,81.09,62.53,1.97,4.5
2020-07-13,0.01,8.97,78.64,62.56,2.07,5.13
2020-07-14,0.64,9.78,78.41,62.68,1.95,5.45
2020-07-15,1.49,9.82,74.46,62.73,1.84,4.63
2020-07-16,2.6,9.8,86.33,62.69,2.05,7.3
2020-07-17,0.28,10.57,88.73,62.75,2.49,8.61
2020-07-18,1.84,11.11,86.55,62.83,2.01,8.56
2020-07-19,1.14,10.63,83.81,62.63,2.21,7.39
2020-07-20,7.81,9.08,78.3,62.43,2.27,4.7
2020-07-21,7.12,7.09,78.44,62.56,2.63,2.95
2020-07-22,1.51,7.23,62.11,62.62,2.0,-0.71
2020-07-23,1.62,7.81,75.25,62.52,1.66,3.02
2020-07-24,1.13,9.01,86.26,62.82,1.96,6.38
2020-07-25,4.66,9.66,88.63,62.99,1.93,7.49
2020-07-26,7.51,9.44,88.96,62.97,1.64,7.36
2020-07-27,1.51,10.3,79.31,62.82,2.11,6.51
2020-07-28,5.9,10.31,85.36,62.69,2.1,7.47
2020-07-29,19.55,10.21,80.72,62.7,2.12,6.5
2020-07-30,45.38,8.6,86.63,62.75,1.77,6.22
2020-07-31,13.62,9.66,91.11,62.7,1.99,7.98
2020-08-01,1.85,10.16,89.08,62.71,1.85,8.08
2020-08-02,0.06,10.2,83.22,62.57,1.76,6.72
2020-08-03,1.21,10.03,86.17,62.37,1.63,7.36
2020-08-04,3.09,9.86,81.27,62.34,1.87,6.31
2020-08-05,2.22,9.51,84.84,62.51,1.56,6.77
2020-08-06,1.9,10.63,87.55,62.75,1.73,8.31
2020-08-07,1.55,9.98,87.55,62.82,1.36,7.65
2020-08-08,1.05,11.0,84.28,62.67,1.63,8.06
2020-08-09,8.35,11.12,91.7,62.61,2.31,9.57
2020-08-10,8.67,10.97,90.6,62.67,2.24,9.1
2020-08-11,8.42,11.09,89.08,62.6,2.03,8.99
2020-08-12,3.27,11.41,92.84,62.5,2.37,10.18
2020-08-13,10.4,9.34,94.98,62.51,2.03,8.37
2020-08-14,3.57,9.88,86.23,62.5,1.62,7.43
2020-08-15,9.87,10.16,85.26,62.48,1.8,7.5
2020-08-16,7.84,11.56,89.84,62.52,1.78,9.63
2020-08-17,2.16,10.75,94.03,62.63,1.85,9.75
2020-08-18,7.81,10.97,92.33,62.61,1.82,9.57
2020-08-19,5.73,10.66,91.87,62.51,2.28,9.11
2020-08-20,24.62,7.99,91.82,62.62,1.55,6.47
2020-08-21,8.81,7.78,88.4,62.81,1.61,5.74
2020-08-22,1.79,8.98,84.93,62.78,1.68,6.22
2020-08-23,1.43,9.78,83.25,62.66,1.49,6.38
2020-08-24,2.14,10.32,89.18,62.69,1.46,8.25
2020-08-25,3.29,9.6,89.27,62.84,1.68,7.59
2020-08-26,7.45,10.12,92.91,62.85,2.42,8.88
2020-08-27,3.26,9.45,91.17,62.79,2.22,7.74
2020-08-28,4.02,8.51,92.74,62.63,2.22,7.02
2020-08-29,0.56,8.56,84.12,62.68,1.83,5.71
2020-08-30,3.28,9.14,90.88,62.73,2.02,7.47
2020-08-31,0.15,8.98,80.13,62.89,1.77,5.07
2020-09-01,0.0,9.7,74.65,62.95,1.74,4.4
2020-09-02,0.58,9.59,84.67,63.02,1.79,6.57
2020-09-03,1.94,9.31,88.45,63.1,2.05,7.21
2020-09-04,0.03,8.8,84.12,63.04,1.71,5.91
2020-09-05,2.12,8.34,74.99,62.87,1.72,3.69
2020-09-06,3.12,7.86,83.78,62.78,2.0,4.98
2020-09-07,0.12,7.43,81.96,62.85,1.72,4.27
2020-09-08,0.44,7.44,69.13,62.9,1.52,1.63
2020-09-09,0.58,7.04,55.15,62.92,1.55,-2.05
2020-09-10,0.0,6.89,42.76,62.73,1.65,-5.64
2020-09-11,0.0,5.74,47.63,62.75,1.7,-5.31
2020-09-12,2.44,6.5,48.44,62.93,1.52,-4.66
2020-09-13,0.68,7.05,60.13,62.96,1.55,-0.77
2020-09-14,2.67,8.0,71.7,62.87,1.58,2.62
2020-09-15,0.35,7.63,63.37,62.82,1.68,0.2
2020-09-16,0.06,8.47,68.71,62.84,1.73,2.4
2020-09-17,0.01,8.73,70.5,62.82,1.84,2.86
2020-09-18,0.0,8.08,55.87,62.81,1.78,-0.71
2020-09-19,0.0,6.46,43.3,62.76,1.5,-6.54
2020-09-20,0.0,5.66,49.62,62.68,1.7,-5.47
2020-09-21,0.0,6.17,50.01,62.68,1.7,-4.67
2020-09-22,1.03,6.93,58.39,62.69,1.67,-1.44
2020-09-23,0.53,6.93,72.4,62.63,1.85,1.66
2020-09-24,3.46,6.64,68.66,62.68,1.58,-0.15
2020-09-25,0.0,4.72,54.29,62.62,1.82,-5.3
2020-09-26,0.08,2.38,69.07,62.56,1.99,-3.66
2020-09-27,0.0,2.85,54.43,62.7,1.63,-6.15
2020-09-28,0.0,3.72,51.39,62.82,1.68,-6.77
2020-09-29,0.0,4.01,45.19,62.78,1.61,-7.55
2020-09-30,0.0,4.04,45.77,62.72,1.64,-7.18
2020-10-01,0.0,3.96,45.97,62.71,1.67,-7.42
2020-10-02,0.0,4.6,44.38,62.79,1.6,-7.59
2020-10-03,0.0,4.57,52.1,62.82,1.6,-5.8
2020-10-04,0.0,4.19,54.1,62.86,1.47,-5.79
2020-10-05,0.0,4.5,43.37,62.82,1.49,-8.06
2020-10-06,0.0,5.22,38.2,62.86,1.53,-8.83
2020-10-07,0.0,4.14,39.65,62.96,1.56,-9.56
2020-10-08,0.0,3.53,36.64,62.97,1.55,-10.82
2020-10-09,0.0,4.26,38.59,63.03,1.48,-9.29
2020-10-10,0.0,5.03,31.58,62.95,1.52,-11.18
2020-10-11,0.0,5.35,38.78,62.85,1.52,-8.19
2020-10-12,0.0,4.68,52.47,62.75,1.62,-5.43
2020-10-13,0.0,3.18,67.2,62.82,1.86,-3.06
2020-10-14,0.0,3.51,59.04,62.88,1.61,-4.73
2020-10-15,0.0,3.75,50.57,62.91,1.52,-6.81
2020-10-16,0.0,4.5,35.99,62.87,1.59,-9.85
2020-10-17,0.0,4.96,30.94,62.9,1.41,-11.23
2020-10-18,0.0,3.97,44.18,62.84,1.56,-8.17
2020-10-19,0.0,2.86,46.25,62.73,1.5,-8.35
2020-10-20,0.0,1.94,61.69,62.65,1.61,-5.54
2020-10-21,0.0,0.48,59.08,62.7,1.72,-7.78
2020-10-22,0.0,-1.28,79.93,62.56,1.6,-5.17
2020-10-23,0.0,-0.07,74.41,62.56,1.72,-5.25
2020-10-24,0.0,-0.73,54.61,62.61,1.79,-10.06
2020-10-25,0.0,-1.64,50.35,62.72,2.01,-12.5
2020-10-26,0.01,-2.94,60.06,62.64,1.5,-10.46
2020-10-27,0.0,-0.67,41.04,62.71,1.74,-12.67
2020-10-28,0.0,-0.42,41.75,62.81,1.59,-12.62
2020-10-29,0.01,-1.95,55.74,62.88,1.93,-10.36
2020-10-30,0.0,-2.15,53.55,62.88,2.06,-11.43
2020-10-31,0.0,-1.02,59.83,62.91,1.74,-8.69
2020-11-01,0.03,-0.8,70.18,62.89,2.03,-6.54
2020-11-02,0.5,-1.56,69.7,62.84,1.79,-7.3
2020-11-03,0.04,-2.48,63.22,62.73,1.67,-9.31
2020-11-04,0.0,-3.26,58.31,62.58,1.6,-10.97
2020-11-05,0.0,-3.57,55.9,62.69,1.71,-12.22
2020-11-06,0.0,-3.78,27.22,62.9,1.63,-20.55
2020-11-07,0.0,-2.41,23.04,62.95,1.4,-20.48
2020-11-08,0.0,-0.97,25.34,63.04,1.46,-18.27
2020-11-09,0.0,-0.96,30.55,62.94,1.45,-15.97
2020-11-10,0.0,-2.35,38.4,62.91,1.5,-14.94
2020-11-11,0.0,-3.65,36.59,62.96,1.61,-16.84
2020-11-12,0.0,-3.07,22.36,63.04,1.55,-21.46
2020-11-13,0.0,-1.32,20.25,62.97,1.29,-20.47
2020-11-14,0.0,-1.51,26.84,62.86,1.37,-17.86
2020-11-15,5.03,-3.83,57.18,62.79,2.43,-11.64
2020-11-16,5.92,-7.02,90.49,62.59,2.4,-9.05
2020-11-17,0.0,-7.17,55.1,62.49,1.52,-15.1
2020-11-18,0.0,-7.56,54.08,62.39,1.6,-15.68
2020-11-19,0.0,-8.27,72.56,62.3,1.96,-13.1
2020-11-20,0.0,-8.14,58.81,62.37,1.52,-15.62
2020-11-21,0.0,-8.88,48.13,62.25,1.53,-18.2
2020-11-22,0.0,-6.43,35.86,62.43,1.39,-19.26
2020-11-23,0.81,-6.82,82.36,62.55,1.59,-9.97
2020-11-24,0.48,-7.29,84.93,62.52,1.67,-10.13
2020-11-25,3.83,-7.25,90.91,62.57,2.14,-9.21
2020-11-26,5.27,-7.62,94.21,62.59,2.43,-8.99
2020-11-27,0.0,-7.68,57.38,62.88,1.44,-15.88
2020-11-28,0.0,-3.62,39.91,63.05,1.48,-15.51
2020-11-29,0.0,-0.65,49.74,62.99,1.29,-9.98
2020-11-30,0.0,-2.91,61.48,62.85,1.21,-9.63
2020-12-01,0.0,-2.87,53.09,62.9,1.41,-11.54
2020-12-02,0.0,-4.64,44.66,62.67,1.54,-15.36
2020-12-03,0.0,-4.57,36.8,62.58,1.38,-17.27
2020-12-04,0.0,-5.14,48.51,62.48,1.43,-14.66
2020-12-05,0.0,-6.2,65.74,62.5,1.36,-12.19
2020-12-06,0.0,-6.15,61.56,62.67,1.3,-12.74
2020-12-07,0.0,-3.33,41.72,62.8,1.29,-14.6
2020-12-08,0.02,-3.38,60.69,62.89,1.41,-10.1
2020-12-09,0.06,-4.74,63.74,62.76,1.41,-11.15
2020-12-10,0.03,-5.61,62.9,62.62,1.47,-12.01
2020-12-11,0.54,-6.87,66.63,62.6,1.63,-12.79
2020-12-12,10.01,-8.65,93.83,62.35,2.74,-10.09
2020-12-13,0.01,-10.91,58.93,62.28,1.41,-18.24
2020-12-14,0.0,-11.23,51.9,62.32,1.59,-19.8
2020-12-15,0.0,-10.65,59.46,62.35,1.87,-17.83
2020-12-16,0.0,-11.48,76.72,62.35,2.13,-15.6
2020-12-17,0.0,-11.5,42.48,62.37,1.24,-21.98
2020-12-18,0.0,-10.66,35.88,62.36,1.03,-22.7
2020-12-19,0.0,-7.93,31.49,62.55,1.12,-21.73
2020-12-20,0.0,-5.2,35.99,62.82,0.98,-17.51
2020-12-21,0.0,-5.31,38.39,62.72,0.78,-16.88
2020-12-22,0.0,-7.0,37.69,62.56,1.16,-18.74
2020-12-23,0.0,-8.48,39.39,62.44,1.46,-19.69
2020-12-24,0.0,-10.2,51.51,62.31,1.41,-18.61
2020-12-25,0.0,-10.13,39.37,62.43,1.18,-22.19
2020-12-26,0.0,-8.25,31.09,62.53,1.23,-22.05
2020-12-27,0.51,-10.34,47.44,62.2,2.26,-20.84
2020-12-28,2.68,-11.92,86.59,61.97,2.76,-14.32
2020-12-29,0.0,-13.5,46.95,62.19,1.92,-22.82
2020-12-30,0.0,-12.14,36.96,62.33,1.46,-23.91
2020-12-31,0.01,-9.11,33.07,62.56,1.27,-22.36
2021-01-01,0.0,-7.31,30.68,62.59,1.17,-21.37
2021-01-02,0.68,-8.5,61.18,62.59,1.1,-15.42
2021-01-03,2.29,-6.74,87.3,62.63,1.7,-9.16
2021-01-04,0.93,-6.75,82.57,62.7,1.46,-10.09
2021-01-05,8.39,-7.33,93.42,62.57,1.94,-8.75
2021-01-06,9.72,-8.85,83.49,62.43,2.33,-11.47
2021-01-07,0.0,-10.3,39.62,62.41,1.28,-21.65
2021-01-08,0.0,-10.51,43.29,62.42,2.03,-20.72
2021-01-09,0.0,-9.63,57.62,62.57,1.65,-17.14
2021-01-10,0.0,-8.19,27.53,62.55,1.24,-24.48
2021-01-11,0.0,-6.78,22.75,62.54,1.11,-25.06
2021-01-12,0.0,-6.28,23.37,62.54,0.99,-24.34
2021-01-13,0.0,-5.21,25.82,62.5,1.16,-23.01
2021-01-14,0.0,-2.95,26.37,62.61,1.25,-20.72
2021-01-15,0.0,-2.37,33.07,62.56,1.32,-16.01
2021-01-16,0.0,-6.69,37.96,62.44,1.35,-19.5
2021-01-17,0.0,-3.7,29.8,62.57,1.19,-19.09
2021-01-18,0.0,-7.47,50.8,62.52,1.38,-16.61
2021-01-19,0.0,-9.01,67.64,62.25,1.31,-15.09
2021-01-20,0.0,-10.96,40.47,62.13,1.82,-22.7
2021-01-21,0.0,-8.5,37.03,62.33,2.37,-20.91
2021-01-22,0.0,-5.32,39.86,62.48,1.44,-17.15
2021-01-23,0.57,-8.21,72.24,62.18,3.08,-13.22
2021-01-24,0.2,-10.79,79.92,62.12,1.53,-14.51
2021-01-25,0.0,-11.51,42.46,62.26,1.55,-22.07
2021-01-26,0.0,-11.28,33.38,62.23,1.51,-24.39
2021-01-27,0.0,-10.99,34.8,62.31,1.57,-23.86
2021-01-28,0.0,-11.55,48.32,62.26,1.54,-20.5
2021-01-29,0.0,-13.12,57.54,62.1,1.56,-19.92
2021-01-30,0.0,-11.5,49.12,62.11,1.66,-20.79
2021-01-31,0.0,-8.34,37.96,62.33,1.44,-20.37
2021-02-01,0.0,-8.33,55.27,62.54,1.6,-16.22
2021-02-02,0.0,-9.39,39.67,62.5,1.66,-21.31
2021-02-03,1.64,-10.57,73.22,62.4,1.83,-14.83
2021-02-04,13.93,-10.54,90.87,62.28,2.14,-12.12
2021-02-05,1.96,-13.48,85.7,62.02,1.31,-16.19
2021-02-06,0.0,-13.17,62.97,62.08,1.73,-19.28
2021-02-07,0.0,-8.04,45.72,62.58,1.71,-18.07
2021-02-08,0.0,-5.27,42.26,62.77,1.67,-16.32
2021-02-09,0.0,-3.2,40.36,62.66,1.53,-15.4
2021-02-10,0.0,-6.68,60.99,62.37,1.29,-13.48
2021-02-11,0.0,-6.24,52.18,62.5,1.56,-15.17
2021-02-12,0.0,-5.78,43.31,62.53,1.42,-17.32
2021-02-13,0.0,-4.41,46.69,62.52,1.32,-14.78
2021-02-14,0.0,-5.61,59.26,62.4,1.36,-13.12
2021-02-15,0.0,-8.03,64.56,62.33,1.56,-14.72
2021-02-16,0.03,-9.15,67.2,62.26,1.48,-15.25
2021-02-17,0.0,-8.23,76.79,62.28,1.14,-12.65
2021-02-18,0.0,-7.77,77.18,62.44,1.2,-12.2
2021-02-19,0.0,-6.82,49.65,62.55,1.25,-16.98
2021-02-20,0.0,-3.05,46.18,62.78,1.49,-14.06
2021-02-21,0.0,-2.08,51.67,62.81,1.67,-11.22
2021-02-22,0.0,-2.12,58.14,62.83,1.7,-9.52
2021-02-23,0.1,-3.62,67.04,62.67,2.0,-9.61
2021-02-24,0.0,-4.83,59.1,62.57,1.91,-12.82
2021-02-25,0.0,-5.45,56.15,62.51,1.71,-13.51
2021-02-26,0.47,-3.43,55.57,62.4,1.96,-12.28
2021-02-27,5.16,-5.1,89.84,62.27,2.83,-6.58
2021-02-28,0.05,-6.83,68.6,62.35,1.78,-12.72
2021-03-01,0.0,-7.27,54.03,62.42,2.0,-16.07
2021-03-02,0.0,-4.83,44.59,62.53,1.74,-16.15
2021-03-03,0.0,-4.11,50.17,62.52,1.8,-13.45
2021-03-04,0.0,-5.8,51.26,62.49,1.68,-15.06
2021-03-05,0.0,-6.25,50.39,62.36,1.89,-16.13
2021-03-06,0.02,-4.09,49.41,62.47,1.94,-14.29
2021-03-07,2.75,-4.29,87.33,62.56,2.66,-6.47
2021-03-08,3.04,-4.0,82.02,62.64,1.97,-7.34
2021-03-09,0.0,-4.72,68.61,62.74,1.64,-10.54
2021-03-10,0.88,-4.85,73.88,62.68,2.11,-9.66
2021-03-11,0.0,-4.0,65.68,62.75,1.72,-10.97
2021-03-12,0.36,-4.84,84.49,62.92,1.59,-7.9
2021-03-13,0.0,-2.81,69.28,62.82,1.27,-9.26
2021-03-14,0.0,-1.98,50.33,62.68,1.71,-11.47
2021-03-15,0.0,-2.94,55.7,62.61,1.91,-11.67
2021-03-16,0.0,-3.26,61.96,62.59,1.72,-10.68
2021-03-17,0.0,-2.62,61.23,62.58,1.88,-9.85
2021-03-18,0.0,-3.41,55.39,62.65,1.68,-12.41
2021-03-19,0.0,-2.23,50.88,62.65,1.86,-11.45
2021-03-20,0.0,-2.58,61.13,62.46,1.66,-10.03
2021-03-21,0.25,-1.68,62.86,62.54,1.91,-8.81
2021-03-22,5.24,-3.05,82.88,62.75,1.99,-6.45
2021-03-23,2.17,-3.21,77.26,62.83,2.02,-7.4
2021-03-24,0.03,-4.34,76.36,62.64,2.11,-8.79
2021-03-25,0.0,-3.56,52.71,62.48,1.85,-13.42
2021-03-26,0.0,-0.74,39.79,62.65,1.75,-13.8
2021-03-27,0.0,0.4,55.14,62.68,1.82,-8.68
2021-03-28,0.09,0.6,71.58,62.6,2.4,-4.56
2021-03-29,0.64,-0.91,73.16,62.58,3.36,-5.59
2021-03-30,0.01,-1.41,57.37,62.25,2.94,-9.1
2021-03-31,0.0,-2.18,40.45,62.01,2.65,-15.35
2021-04-01,0.0,-3.52,32.03,61.93,2.75,-18.34
2021-04-02,0.0,-5.09,32.99,62.12,3.21,-18.75
2021-04-03,0.0,-4.29,33.04,62.31,2.23,-18.48
2021-04-04,0.0,-0.95,41.65,62.59,2.09,-13.27
2021-04-05,0.11,-0.59,72.79,62.78,2.21,-5.89
2021-04-06,1.15,-0.84,76.76,62.81,2.52,-4.93
2021-04-07,4.18,-1.92,79.66,62.75,3.43,-5.57
2021-04-08,0.0,-2.15,64.37,62.6,2.64,-9.1
2021-04-09,0.0,-2.49,47.19,62.62,2.24,-12.98
2021-04-10,0.0,-1.33,42.51,62.77,2.21,-12.95
2021-04-11,0.0,-0.94,50.78,62.85,1.99,-10.89
2021-04-12,0.0,-1.59,62.85,62.88,2.22,-8.14
2021-04-13,0.0,0.94,48.02,62.81,1.73,-10.79
2021-04-14,0.0,0.46,66.47,62.81,2.0,-5.77
2021-04-15,0.0,0.54,64.01,62.78,1.85,-6.29
2021-04-16,1.23,0.26,63.1,62.72,2.17,-6.97
2021-04-17,13.92,-1.74,86.4,62.6,3.67,-4.31
2021-04-18,2.14,-3.35,73.26,62.68,1.79,-8.27
2021-04-19,0.01,-2.02,48.89,62.5,2.34,-12.7
2021-04-20,4.02,-2.59,60.58,62.51,2.12,-10.8
2021-04-21,27.72,-1.75,91.26,62.45,4.82,-3.27
2021-04-22,6.89,-4.5,90.76,62.5,2.1,-6.19
2021-04-23,16.44,-5.52,87.83,62.54,2.53,-7.76
2021-04-24,1.09,-3.87,75.68,62.51,0.91,-8.46
2021-04-25,0.0,-1.85,43.11,62.77,1.62,-14.1
2021-04-26,0.0,0.05,56.16,62.86,1.69,-8.55
2021-04-27,0.0,0.14,70.51,62.87,1.66,-5.85
2021-04-28,0.0,1.34,64.55,62.99,1.84,-5.08
2021-04-29,0.41,1.1,78.41,62.96,1.75,-2.88
2021-04-30,0.07,0.69,71.67,62.9,1.9,-4.61
2021-05-01,0.49,2.13,79.61,62.88,1.64,-1.63
2021-05-02,6.78,2.09,85.96,62.86,1.69,-0.45
2021-05-03,0.97,1.69,85.63,62.71,1.43,-0.7
2021-05-04,1.07,2.5,79.18,62.68,1.72,-1.03
2021-05-05,1.3,1.98,84.61,62.68,2.16,-0.73
2021-05-06,6.87,2.19,86.11,62.75,2.23,-0.32
2021-05-07,1.01,2.03,83.61,62.81,2.93,-0.96
2021-05-08,3.83,1.62,84.44,62.67,2.45,-1.2
2021-05-09,1.66,2.06,85.65,62.6,2.57,-0.47
2021-05-10,0.81,2.36,83.87,62.54,1.39,-0.5
2021-05-11,0.37,2.47,83.34,62.54,2.35,-0.4
2021-05-12,3.93,1.58,83.72,62.4,2.6,-1.38
2021-05-13,8.58,-0.05,84.72,62.35,2.47,-2.79
2021-05-14,0.02,0.52,67.35,62.4,2.16,-5.51
2021-05-15,0.03,0.96,68.86,62.64,2.27,-5.11
2021-05-16,0.0,2.97,60.9,62.84,2.01,-4.9
2021-05-17,0.0,2.74,74.14,62.95,1.6,-1.87
2021-05-18,0.45,3.68,72.56,62.81,1.85,-1.52
2021-05-19,26.94,3.48,79.71,62.55,1.82,0.03
2021-05-20,33.02,2.37,89.17,62.4,1.77,0.55
2021-05-21,0.18,1.11,65.3,62.62,1.79,-5.43
2021-05-22,0.0,2.37,64.78,62.65,1.72,-4.5
2021-05-23,2.03,2.96,79.44,62.67,2.12,-0.84
2021-05-24,0.21,2.86,75.79,62.6,2.08,-1.71
2021-05-25,0.0,3.07,61.77,62.56,1.85,-4.48
2021-05-26,0.0,4.12,53.93,62.56,1.77,-4.81
2021-05-27,0.0,5.64,55.35,62.63,1.74,-3.53
2021-05-28,4.51,5.92,66.41,62.75,2.07,-1.03
2021-05-29,4.68,6.15,80.96,62.8,2.22,2.68
2021-05-30,0.05,5.95,82.83,62.7,2.2,2.84
2021-05-31,8.91,4.97,83.95,62.54,2.43,2.01
2021-06-01,1.19,3.26,82.33,62.6,2.22,0.06
2021-06-02,2.02,3.33,83.81,62.6,2.17,0.38
2021-06-03,0.17,4.47,84.66,62.77,2.47,1.68
2021-06-04,0.54,4.88,78.2,62.85,2.23,0.73
2021-06-05,0.32,5.32,79.92,62.78,1.99,1.43
2021-06-06,1.18,6.09,78.28,62.75,1.85,2.02
2021-06-07,1.12,7.44,71.29,62.56,1.38,1.66
2021-06-08,0.0,9.87,53.52,62.61,1.47,-0.96
2021-06-09,4.44,10.45,65.43,62.67,1.76,2.76
2021-06-10,2.87,9.41,82.7,62.5,1.73,5.78
2021-06-11,6.59,8.88,75.21,62.44,1.89,3.54
2021-06-12,4.15,8.19,80.54,62.5,2.04,4.19
2021-06-13,1.39,7.8,79.0,62.51,2.13,3.64
2021-06-14,0.88,6.73,73.78,62.37,2.19,1.44
2021-06-15,4.93,6.58,68.82,62.23,2.32,-0.22
2021-06-16,8.23,5.95,75.71,62.4,2.28,1.12
2021-06-17,4.62,6.54,75.88,62.5,2.23,1.9
2021-06-18,33.14,5.86,85.48,62.55,2.08,3.24
2021-06-19,16.86,5.71,90.76,62.54,1.78,4.05
2021-06-20,3.76,5.73,70.84,62.59,1.96,0.06
2021-06-21,0.2,6.44,67.41,62.68,1.94,0.06
2021-06-22,0.0,7.06,71.81,62.75,2.08,1.54
2021-06-23,0.06,6.28,70.18,62.81,1.98,0.09
2021-06-24,0.75,6.35,76.68,62.66,1.98,1.68
2021-06-25,4.12,5.52,70.3,62.62,1.99,-0.57
2021-06-26,0.23,6.4,67.54,62.73,2.09,-0.13
2021-06-27,0.0,7.91,69.78,62.92,2.05,1.59
2021-06-28,0.0,9.2,78.67,62.9,2.05,4.91
2021-06-29,0.0,9.63,68.63,62.73,1.92,2.78
2021-06-30,0.0,10.22,75.01,62.6,1.98,5.09
2021-07-01,0.19,8.9,77.52,62.54,2.21,4.44
2021-07-02,3.83,7.24,70.84,62.59,2.33,0.89
2021-07-03,0.18,7.23,79.31,62.64,2.31,3.33
2021-07-04,6.64,8.06,81.81,62.7,2.29,4.55
2021-07-05,0.62,8.84,83.63,62.8,2.21,5.7
2021-07-06,0.2,9.25,77.8,62.76,2.12,4.85
2021-07-07,0.09,9.66,70.59,62.73,2.15,3.48
2021-07-08,2.45,9.07,80.21,62.78,2.05,5.13
2021-07-09,0.41,9.91,81.15,62.7,2.11,6.14
2021-07-10,0.68,10.98,84.24,62.7,1.92,7.96
2021-07-11,11.51,10.51,88.37,62.78,2.24,8.36
2021-07-12,16.76,8.78,90.43,62.87,2.23,7.05
2021-07-13,11.24,8.76,95.12,62.78,2.98,7.82
2021-07-14,3.09,9.2,85.95,62.81,1.96,6.46
2021-07-15,0.4,9.69,76.89,62.89,1.62,5.21
2021-07-16,1.97,11.14,76.84,63.0,1.76,6.68
2021-07-17,9.11,12.35,79.36,62.8,1.77,8.11
2021-07-18,18.16,12.12,86.69,62.61,2.01,9.59
2021-07-19,33.64,10.21,94.21,62.5,1.76,9.15
2021-07-20,5.36,9.95,90.81,62.46,2.08,8.31
2021-07-21,14.58,9.4,89.76,62.42,2.14,7.56
2021-07-22,21.89,9.55,91.77,62.4,2.33,8.08
2021-07-23,1.18,9.08,91.29,62.54,1.71,7.5
2021-07-24,2.78,10.11,85.7,62.59,1.59,7.58
2021-07-25,4.07,11.91,85.58,62.59,1.4,9.25
2021-07-26,6.19,12.43,88.01,62.39,1.14,10.12
2021-07-27,29.39,13.08,77.58,62.26,1.64,8.13
2021-07-28,17.79,10.14,89.59,62.37,1.31,8.28
2021-07-29,10.1,9.55,84.25,62.44,1.62,6.76
2021-07-30,5.61,9.51,82.94,62.53,1.79,6.45
2021-07-31,0.9,9.78,89.51,62.56,2.04,7.85
2021-08-01,0.74,9.74,86.46,62.48,2.06,7.22
2021-08-02,9.93,9.24,90.11,62.56,1.89,7.42
2021-08-03,8.65,9.65,84.58,62.67,1.78,6.89
2021-08-04,7.28,9.47,82.23,62.69,1.72,6.2
2021-08-05,1.03,9.24,88.19,62.63,1.74,7.01
2021-08-06,1.37,9.75,89.23,62.62,2.18,7.72
2021-08-07,3.55,9.28,88.83,62.74,2.02,7.27
2021-08-08,7.78,9.67,87.45,62.8,1.99,7.37
2021-08-09,7.57,9.29,84.22,62.81,2.01,6.45
2021-08-10,0.77,8.78,78.82,62.67,1.62,4.73
2021-08-11,0.19,9.15,80.69,62.68,1.83,5.38
2021-08-12,0.83,9.32,82.13,62.78,1.69,5.72
2021-08-13,1.28,9.63,79.75,62.68,1.86,5.75
2021-08-14,4.51,8.97,89.94,62.51,2.34,6.98
2021-08-15,0.28,7.33,77.97,62.6,1.97,3.16
2021-08-16,0.01,7.07,71.85,62.8,1.74,1.61
2021-08-17,0.05,7.62,70.87,62.84,1.72,1.81
2021-08-18,2.2,8.01,70.13,62.74,1.6,2.02
2021-08-19,3.62,8.92,76.37,62.73,1.77,4.56
2021-08-20,28.57,8.16,88.9,62.83,1.32,6.2
2021-08-21,19.91,7.86,91.49,62.96,1.1,6.43
2021-08-22,1.56,9.08,89.35,62.91,1.63,7.13
2021-08-23,0.49,9.94,83.68,62.73,1.82,6.99
2021-08-24,2.51,10.25,91.15,62.61,2.04,8.63
2021-08-25,9.6,10.95,89.01,62.45,1.82,8.89
2021-08-26,5.07,10.45,88.71,62.42,1.74,8.27
2021-08-27,9.54,9.61,90.12,62.59,1.96,7.67
2021-08-28,3.94,8.44,85.27,62.62,1.77,5.46
2021-08-29,6.52,7.12,74.54,62.68,1.74,2.25
2021-08-30,0.47,6.69,65.81,62.86,1.71,0.05
2021-08-31,0.76,6.93,68.64,63.0,1.73,0.93
2021-09-01,1.59,6.98,78.19,62.98,1.4,3.08
2021-09-02,1.64,7.23,85.85,62.85,1.79,4.78
2021-09-03,5.22,7.4,83.2,62.77,1.68,4.31
2021-09-04,4.22,7.85,82.23,62.71,1.34,4.77
2021-09-05,0.47,9.12,81.31,62.76,1.41,5.62
2021-09-06,0.89,9.82,82.76,62.89,1.62,6.66
2021-09-07,2.11,9.23,94.0,62.94,2.32,8.22
2021-09-08,9.9,8.01,90.17,62.85,1.41,6.21
2021-09-09,12.17,7.68,92.22,62.78,1.45,6.26
2021-09-10,16.74,7.52,91.0,62.78,1.91,5.79
2021-09-11,9.95,6.04,88.02,62.81,1.57,3.95
2021-09-12,6.26,6.46,86.52,62.64,1.55,4.13
2021-09-13,11.46,6.4,89.92,62.69,1.68,4.51
2021-09-14,2.12,7.2,86.53,62.84,1.52,4.63
2021-09-15,0.56,7.28,84.31,62.86,1.52,4.37
2021-09-16,5.3,7.23,87.79,62.69,1.4,4.99
2021-09-17,0.34,8.24,85.54,62.64,1.41,5.11
2021-09-18,0.01,9.08,80.31,62.85,1.57,4.98
2021-09-19,2.04,9.87,90.83,63.02,1.87,8.13
2021-09-20,4.13,8.48,86.56,62.98,1.68,5.96
2021-09-21,3.56,7.53,80.29,62.83,1.63,3.86
2021-09-22,4.68,6.09,81.92,62.74,1.63,2.87
2021-09-23,14.06,5.91,91.54,62.82,1.64,4.34
2021-09-24,4.83,6.32,89.21,62.92,1.61,4.38
2021-09-25,0.07,6.17,82.2,62.83,1.61,2.83
2021-09-26,0.06,6.66,77.1,62.79,1.4,2.28
2021-09-27,0.0,7.82,83.9,62.87,1.41,4.63
2021-09-28,0.58,7.75,88.58,62.96,1.54,5.54
2021-09-29,4.44,7.73,88.21,62.98,1.27,5.4
2021-09-30,2.15,8.17,85.99,63.02,1.43,5.52
2021-10-01,0.15,7.48,86.36,62.98,1.58,4.82
2021-10-02,0.37,6.2,74.77,62.86,1.58,1.52
2021-10-03,0.01,6.05,75.47,62.72,1.61,1.3
2021-10-04,0.29,4.49,66.86,62.77,1.49,-1.69
2021-10-05,0.02,3.85,54.37,62.9,1.46,-4.72
2021-10-06,0.0,4.87,57.54,62.86,1.44,-3.47
2021-10-07,0.0,6.05,58.87,62.78,1.53,-2.54
2021-10-08,0.0,5.0,53.11,62.72,1.67,-4.91
2021-10-09,0.0,3.41,42.32,62.74,1.76,-8.74
2021-10-10,0.0,3.07,48.62,62.79,1.33,-7.51
2021-10-11,0.0,2.73,43.84,62.8,1.51,-8.76
2021-10-12,0.0,2.26,43.04,62.82,1.57,-9.27
2021-10-13,0.0,2.36,47.15,62.81,1.65,-8.09
2021-10-14,0.0,2.92,51.47,62.87,1.3,-6.72
2021-10-15,0.0,3.98,61.27,62.84,1.39,-3.41
2021-10-16,0.0,4.1,42.39,62.88,1.46,-7.98
2021-10-17,4.17,4.42,62.66,62.91,1.46,-2.89
2021-10-18,55.23,1.32,92.1,62.63,1.22,0.08
2021-10-19,5.72,1.9,92.04,62.65,1.7,0.46
2021-10-20,0.39,1.72,77.31,62.84,1.38,-2.29
2021-10-21,0.0,1.58,56.48,62.84,1.59,-6.72
2021-10-22,0.0,1.79,44.39,62.85,1.42,-9.85
2021-10-23,0.11,-0.09,50.8,62.89,1.87,-9.19
2021-10-24,3.28,-1.99,57.41,62.83,1.81,-9.57
2021-10-25,0.52,-3.08,65.56,62.73,1.52,-9.04
2021-10-26,0.18,-3.79,51.27,62.65,1.55,-12.76
2021-10-27,0.56,-4.41,56.22,62.71,1.45,-12.05
2021-10-28,0.03,-2.72,57.9,62.87,1.49,-10.47
2021-10-29,0.0,-2.58,59.31,62.99,1.52,-10.33
2021-10-30,0.0,-2.6,48.77,62.88,1.33,-12.65
2021-10-31,0.0,-2.4,55.35,62.7,1.25,-10.98
2021-11-01,0.14,-3.59,61.67,62.66,1.61,-10.89
2021-11-02,0.17,-5.32,66.75,62.71,1.48,-11.46
2021-11-03,0.06,-5.29,76.76,62.65,1.45,-9.52
2021-11-04,0.0,-4.47,54.85,62.58,1.44,-12.91
2021-11-05,0.0,-3.33,53.3,62.59,1.46,-11.96
2021-11-06,0.0,-3.04,49.62,62.57,1.34,-12.45
2021-11-07,0.0,-3.19,46.33,62.6,1.28,-13.49
2021-11-08,0.0,-3.06,40.36,62.72,1.4,-15.07
2021-11-09,0.0,-1.12,35.48,62.82,1.3,-14.69
2021-11-10,0.0,-0.52,25.82,62.81,1.12,-18.07
2021-11-11,0.0,-0.57,25.27,62.73,1.22,-18.38
2021-11-12,0.0,-0.91,27.03,62.77,1.25,-17.79
2021-11-13,0.0,-1.17,25.43,62.74,1.18,-18.67
2021-11-14,0.0,-1.06,25.62,62.63,1.74,-18.45
2021-11-15,0.0,-4.49,40.38,62.39,1.39,-16.49
2021-11-16,0.0,-3.15,34.48,62.57,1.25,-17.23
2021-11-17,0.0,-0.07,22.15,62.88,1.26,-18.83
2021-11-18,0.0,-1.15,32.09,62.79,1.47,-15.57
2021-11-19,0.0,-3.24,41.26,62.64,1.38,-14.63
2021-11-20,0.0,-3.02,53.97,62.62,1.31,-11.71
2021-11-21,0.0,-4.26,53.09,62.64,1.4,-13.42
2021-11-22,0.0,-2.83,31.73,62.53,1.3,-17.69
2021-11-23,0.0,-2.46,32.0,62.49,1.39,-17.08
2021-11-24,0.0,-2.63,38.87,62.6,1.34,-15.03
2021-11-25,0.0,-4.54,58.6,62.54,1.33,-11.94
2021-11-26,0.0,-4.44,58.45,62.48,1.31,-12.17
2021-11-27,0.0,-3.67,45.22,62.6,1.35,-14.32
2021-11-28,0.0,-4.43,48.46,62.72,1.18,-13.92
2021-11-29,0.0,-3.73,30.91,62.8,1.09,-18.22
2021-11-30,0.0,-2.44,23.76,62.82,1.2,-19.98
2021-12-01,0.0,-2.12,39.11,62.9,0.67,-14.72
2021-12-02,1.24,-3.45,76.74,62.89,0.74,-7.35
2021-12-03,8.83,-3.47,94.16,62.78,1.48,-4.48
2021-12-04,0.03,-4.02,80.93,62.79,1.43,-7.53
2021-12-05,0.67,-5.66,88.11,62.68,2.23,-8.11
2021-12-06,4.63,-7.38,90.82,62.37,2.34,-9.03
2021-12-07,0.0,-9.05,60.58,62.54,1.69,-16.2
2021-12-08,0.0,-5.57,45.78,62.68,1.34,-16.17
2021-12-09,0.0,-7.93,59.1,62.68,1.2,-15.21
2021-12-10,0.0,-9.07,49.39,62.58,1.32,-18.45
2021-12-11,0.0,-8.47,48.28,62.61,1.7,-18.25
2021-12-12,0.0,-4.72,34.26,62.67,1.04,-18.05
2021-12-13,0.0,-7.04,37.76,62.53,1.52,-18.95
2021-12-14,0.0,-10.88,58.47,62.33,1.97,-18.19
2021-12-15,0.0,-11.79,48.37,62.31,1.6,-21.25
2021-12-16,0.0,-13.62,58.02,62.23,2.59,-21.0
2021-12-17,0.02,-13.51,75.69,62.1,2.21,-17.82
2021-12-18,0.0,-12.46,65.43,62.03,1.01,-18.4
2021-12-19,0.0,-10.52,40.4,62.33,1.58,-21.93
2021-12-20,0.0,-6.78,38.61,62.45,1.37,-18.62
2021-12-21,0.0,-8.0,52.98,62.3,1.48,-16.18
2021-12-22,0.0,-7.88,49.96,62.23,1.38,-16.96
2021-12-23,0.0,-7.25,60.47,62.22,1.44,-13.97
2021-12-24,0.0,-9.1,69.5,62.17,1.29,-14.68
2021-12-25,0.0,-10.67,67.15,62.17,1.41,-16.42
2021-12-26,0.19,-9.57,76.04,62.29,1.55,-13.46
2021-12-27,0.01,-10.48,76.23,62.26,1.4,-14.76
2021-12-28,0.17,-11.53,62.15,62.2,1.43,-17.9
2021-12-29,0.02,-11.99,65.45,62.08,1.26,-17.77
2021-12-30,0.0,-11.49,53.87,62.42,1.38,-19.17
2021-12-31,0.0,-9.41,47.6,62.57,1.4,-18.63
2022-01-01,0.0,-8.32,51.16,62.58,1.29,-16.81
2022-01-02,0.0,-7.42,61.22,62.53,1.24,-13.84
2022-01-03,0.01,-7.57,55.18,62.49,1.05,-15.31
2022-01-04,3.7,-6.28,81.69,62.52,1.32,-9.47
2022-01-05,19.62,-6.58,97.19,62.3,2.06,-7.56
2022-01-06,1.11,-9.25,93.32,62.26,1.49,-10.79
2022-01-07,0.21,-10.12,85.05,62.39,1.82,-12.87
2022-01-08,29.92,-8.5,88.9,62.4,1.71,-10.83
2022-01-09,10.45,-9.56,96.84,62.12,2.59,-11.4
2022-01-10,17.79,-10.39,97.91,62.07,3.0,-11.83
2022-01-11,3.95,-14.06,89.46,62.13,1.26,-16.04
2022-01-12,1.33,-13.36,87.17,61.99,1.08,-15.81
2022-01-13,0.0,-13.66,72.66,62.1,1.21,-17.79
2022-01-14,0.0,-16.53,61.79,62.15,1.39,-22.29
2022-01-15,0.0,-17.42,66.79,62.31,1.72,-22.64
2022-01-16,0.0,-9.18,49.84,62.59,1.17,-18.19
2022-01-17,0.0,-8.36,70.36,62.62,0.99,-13.38
2022-01-18,0.0,-10.3,89.9,62.34,1.25,-12.09
2022-01-19,0.88,-9.37,66.31,62.15,1.05,-15.69
2022-01-20,0.52,-9.62,98.41,61.71,1.18,-10.45
2022-01-21,0.49,-12.9,86.84,61.76,1.34,-15.13
2022-01-22,6.46,-12.7,92.53,61.53,1.51,-14.09
2022-01-23,15.6,-11.69,94.7,61.55,1.82,-13.39
2022-01-24,3.07,-12.39,94.07,61.62,1.51,-13.9
2022-01-25,3.85,-13.7,90.84,61.68,1.23,-15.47
2022-01-26,2.29,-15.55,82.61,61.64,1.25,-18.16
2022-01-27,0.03,-17.21,67.97,61.74,1.67,-22.25
2022-01-28,0.0,-12.89,50.57,62.08,1.6,-21.54
2022-01-29,0.0,-11.52,65.6,62.34,1.62,-17.21
2022-01-30,0.0,-9.33,47.73,62.15,1.62,-19.13
2022-01-31,0.0,-11.15,71.68,62.01,1.51,-15.85
2022-02-01,0.0,-12.3,57.78,61.75,1.84,-19.67
2022-02-02,0.9,-7.87,64.54,61.97,1.9,-14.48
2022-02-03,17.68,-10.7,98.77,61.48,2.27,-11.48
2022-02-04,9.34,-13.39,94.28,61.24,1.64,-14.83
2022-02-05,0.04,-15.14,66.97,61.65,1.72,-20.73
2022-02-06,0.0,-8.53,57.55,62.26,1.38,-16.06
2022-02-07,0.0,-9.59,82.45,62.22,1.44,-12.34
2022-02-08,0.01,-12.27,82.92,62.08,1.55,-15.2
2022-02-09,1.62,-12.13,97.38,61.96,1.89,-13.34
2022-02-10,0.0,-13.08,65.07,62.02,1.51,-19.63
2022-02-11,0.0,-14.09,64.1,62.0,2.27,-20.75
2022-02-12,0.0,-8.27,43.5,62.25,1.39,-18.93
2022-02-13,0.0,-8.22,57.16,62.18,1.23,-16.65
2022-02-14,0.0,-8.73,71.46,62.17,1.51,-13.84
2022-02-15,0.0,-10.07,85.16,62.1,1.31,-12.95
2022-02-16,0.0,-11.0,76.29,61.97,1.64,-15.31
2022-02-17,0.0,-11.04,57.95,61.98,1.35,-18.28
2022-02-18,0.0,-9.87,59.07,62.09,1.49,-17.92
2022-02-19,0.01,-11.37,77.7,62.04,1.5,-15.87
2022-02-20,0.01,-10.79,74.54,61.52,1.13,-15.42
2022-02-21,0.0,-10.76,66.99,61.79,1.72,-16.91
2022-02-22,1.32,-5.81,76.52,62.36,2.18,-9.91
2022-02-23,4.01,-6.83,95.24,62.44,2.53,-7.84
2022-02-24,5.18,-8.81,91.49,62.36,1.9,-10.77
2022-02-25,0.55,-10.03,86.21,62.3,1.33,-12.72
2022-02-26,8.09,-9.21,95.33,62.33,2.89,-10.72
2022-02-27,0.14,-11.35,77.52,62.37,1.28,-15.39
2022-02-28,0.0,-9.52,74.42,62.48,1.65,-14.49
2022-03-01,0.0,-7.16,84.7,62.56,1.48,-9.96
2022-03-02,0.0,-7.3,82.47,62.56,1.23,-10.8
2022-03-03,0.75,-7.34,81.16,62.54,1.88,-10.8
2022-03-04,0.09,-8.23,85.37,62.48,1.5,-11.21
2022-03-05,0.0,-6.27,68.63,62.6,1.59,-12.34
2022-03-06,0.0,-2.42,55.21,62.71,1.25,-10.35
2022-03-07,0.0,-4.24,61.54,62.77,1.48,-10.79
2022-03-08,0.0,-5.96,75.78,62.73,1.59,-10.71
2022-03-09,0.0,-4.6,70.36,62.69,1.48,-10.23
2022-03-10,0.0,-4.65,72.12,62.59,1.32,-9.75
2022-03-11,0.0,-4.56,70.39,62.6,1.67,-10.54
2022-03-12,0.0,-2.24,53.38,62.66,1.52,-11.76
2022-03-13,0.0,-1.2,57.87,62.76,1.47,-9.24
2022-03-14,0.0,-0.17,58.79,62.87,1.55,-8.43
2022-03-15,0.0,-0.14,60.82,62.73,1.81,-7.75
2022-03-16,0.0,-0.15,47.16,62.66,1.55,-11.32
2022-03-17,0.0,2.55,43.26,62.88,1.25,-10.29
2022-03-18,0.0,2.98,58.45,62.97,1.34,-5.69
2022-03-19,0.09,1.04,66.24,62.8,1.59,-5.15
2022-03-20,0.03,-1.19,70.75,62.61,1.79,-6.5
2022-03-21,0.0,-1.36,66.95,62.63,1.43,-8.02
2022-03-22,0.0,0.17,49.57,62.67,1.66,-10.37
2022-03-23,0.0,-1.26,67.65,62.65,1.97,-7.24
2022-03-24,0.12,-2.65,71.51,62.5,1.86,-7.73
2022-03-25,0.01,-2.53,71.52,62.43,1.93,-8.09
2022-03-26,0.0,-0.96,58.86,62.58,1.78,-9.42
2022-03-27,0.0,2.27,39.49,62.81,1.79,-10.67
2022-03-28,0.0,1.97,41.0,62.86,1.83,-10.48
2022-03-29,0.0,3.11,29.46,62.81,1.81,-13.38
2022-03-30,0.0,1.86,27.39,62.86,1.92,-15.07
2022-03-31,0.0,1.3,34.85,62.89,1.98,-12.96
2022-04-01,0.0,3.48,35.89,62.88,1.76,-10.88
2022-04-02,0.0,2.85,48.05,62.97,2.18,-7.55
2022-04-03,0.0,0.56,49.91,62.92,1.8,-9.66
2022-04-04,0.0,2.06,44.53,62.88,1.99,-9.51
2022-04-05,0.0,2.73,43.37,63.09,1.86,-9.24
2022-04-06,0.0,2.48,45.41,63.1,2.02,-9.02
2022-04-07,0.0,2.27,53.97,63.05,1.95,-6.83
2022-04-08,0.0,2.94,60.01,62.93,1.81,-4.89
2022-04-09,0.0,2.82,55.79,62.85,2.09,-5.82
2022-04-10,0.0,3.47,48.76,62.81,1.76,-7.24
2022-04-11,0.0,4.63,51.05,62.88,1.81,-5.45
2022-04-12,0.0,3.97,49.62,62.91,1.3,-6.18
2022-04-13,3.91,2.48,61.77,62.75,2.1,-4.56
2022-04-14,0.29,-0.2,70.47,62.52,2.23,-5.6
2022-04-15,0.01,-1.5,60.77,62.41,2.13,-8.85
2022-04-16,0.01,-0.49,76.09,62.42,2.12,-4.78
2022-04-17,0.0,1.75,59.99,62.58,1.51,-6.47
2022-04-18,0.0,4.18,47.88,62.87,1.72,-6.61
2022-04-19,0.0,3.36,56.36,63.0,2.04,-4.88
2022-04-20,0.0,4.0,51.98,62.85,2.15,-6.23
2022-04-21,0.29,1.96,56.54,62.84,1.58,-6.72
2022-04-22,0.05,0.72,75.96,62.75,2.4,-3.6
2022-04-23,0.0,1.21,54.87,62.75,2.23,-8.77
2022-04-24,0.0,1.73,51.74,62.62,1.63,-8.55
2022-04-25,0.0,2.68,54.69,62.68,2.48,-6.87
2022-04-26,0.0,1.97,57.63,62.72,1.92,-6.2
2022-04-27,0.0,4.97,47.48,62.81,1.91,-6.54
2022-04-28,0.06,5.11,52.25,62.97,2.16,-4.64
2022-04-29,0.15,5.37,55.05,62.92,1.82,-3.89
2022-04-30,0.04,4.98,56.44,62.77,2.26,-3.6
2022-05-01,0.76,2.61,70.66,62.7,1.77,-2.44
2022-05-02,0.0,5.06,57.64,62.63,1.66,-3.82
2022-05-03,5.72,4.64,69.96,62.8,1.97,-0.9
2022-05-04,1.86,3.77,68.91,62.88,2.0,-2.09
2022-05-05,0.2,3.63,67.15,62.68,2.24,-2.88
2022-05-06,0.17,3.32,76.1,62.68,2.16,-1.07
2022-05-07,1.42,3.19,70.94,62.72,1.91,-2.64
2022-05-08,0.39,4.16,74.17,62.7,2.15,-0.43
2022-05-09,1.66,4.87,74.14,62.73,2.0,0.08
2022-05-10,0.86,5.68,74.2,62.72,1.8,0.63
2022-05-11,0.2,6.41,74.66,62.67,2.11,1.45
2022-05-12,0.56,6.44,74.19,62.67,2.56,1.58
2022-05-13,0.07,6.06,60.02,62.52,2.1,-2.26
2022-05-14,0.0,7.12,48.61,62.63,2.15,-4.4
2022-05-15,0.0,7.22,39.88,62.82,2.28,-6.54
2022-05-16,1.42,6.27,48.6,62.81,2.38,-4.57
2022-05-17,0.92,4.37,65.5,62.59,2.22,-2.02
2022-05-18,1.2,4.48,72.16,62.64,2.06,-0.81
2022-05-19,0.0,6.02,59.25,62.72,2.11,-2.22
2022-05-20,1.41,5.17,56.32,62.71,2.87,-3.3
2022-05-21,0.27,3.5,59.41,62.44,2.34,-4.21
2022-05-22,11.31,2.54,74.32,62.18,2.73,-1.99
2022-05-23,8.01,1.29,80.0,62.28,2.0,-2.34
2022-05-24,12.36,0.51,78.46,62.44,2.6,-3.2
2022-05-25,0.01,2.17,74.92,62.48,1.56,-2.32
2022-05-26,0.05,5.18,81.57,62.5,1.64,1.73
2022-05-27,0.4,5.95,86.39,62.43,2.46,3.44
2022-05-28,6.02,5.64,84.32,62.47,2.35,2.85
2022-05-29,0.43,4.69,71.86,62.57,2.11,-1.12
2022-05-30,0.66,4.67,72.4,62.62,2.24,-0.63
2022-05-31,0.14,4.39,64.19,62.59,1.89,-2.75
2022-06-01,0.07,5.79,58.19,62.68,1.95,-2.75
2022-06-02,0.0,5.78,51.55,62.66,2.07,-4.35
2022-06-03,0.0,5.73,46.94,62.62,1.97,-5.44
2022-06-04,0.0,6.07,51.45,62.7,2.0,-3.76
2022-06-05,0.0,6.53,53.64,62.78,2.05,-3.05
2022-06-06,0.0,7.47,59.06,62.77,2.06,-0.61
2022-06-07,0.0,7.89,59.77,62.72,2.09,-0.53
2022-06-08,0.0,7.97,62.66,62.69,2.12,0.26
2022-06-09,0.02,7.12,65.58,62.64,2.24,0.33
2022-06-10,2.97,6.79,66.65,62.65,2.35,0.25
2022-06-11,1.43,7.29,61.38,62.66,2.12,-0.59
2022-06-12,0.15,7.6,61.86,62.77,2.03,-0.47
2022-06-13,0.01,8.35,59.22,62.86,2.15,-0.83
2022-06-14,0.0,8.77,63.42,62.81,2.12,1.49
2022-06-15,7.51,8.39,71.13,62.69,2.14,2.54
2022-06-16,8.47,6.75,84.0,62.62,2.27,3.71
2022-06-17,2.14,6.93,76.86,62.52,2.31,2.42
2022-06-18,5.28,6.51,74.1,62.56,2.56,1.23
2022-06-19,1.84,5.7,79.19,62.46,3.16,1.6
2022-06-20,2.34,4.57,84.58,62.32,3.16,1.64
2022-06-21,7.5,4.34,75.99,62.4,2.39,-0.2
2022-06-22,0.06,6.39,67.33,62.77,1.91,-0.27
2022-06-23,0.02,8.05,62.85,62.88,2.07,0.46
2022-06-24,0.0,8.17,69.21,62.77,1.97,1.89
2022-06-25,0.0,9.08,72.66,62.7,2.15,3.63
2022-06-26,0.55,10.09,73.78,62.8,2.1,4.36
2022-06-27,0.51,10.91,78.65,62.83,2.23,6.57
2022-06-28,2.12,11.52,77.98,62.66,2.03,6.89
2022-06-29,9.55,11.44,82.86,62.47,2.25,8.06
2022-06-30,6.42,10.96,84.18,62.43,1.71,7.84
2022-07-01,3.63,9.73,87.29,62.53,1.37,7.39
2022-07-02,25.52,10.9,87.06,62.51,1.64,8.49
2022-07-03,14.74,10.67,86.44,62.58,1.85,8.02
2022-07-04,1.87,11.14,83.71,62.63,1.7,8.0
2022-07-05,16.98,11.7,89.17,62.69,1.58,9.57
2022-07-06,14.97,10.74,90.97,62.91,1.7,9.05
2022-07-07,2.41,10.11,91.11,62.94,1.93,8.5
2022-07-08,5.64,11.06,84.09,62.82,1.77,8.1
2022-07-09,13.43,10.69,92.01,62.59,2.46,9.23
2022-07-10,9.65,10.38,89.64,62.61,2.38,8.44
2022-07-11,4.2,10.15,91.27,62.72,2.49,8.57
2022-07-12,3.02,10.44,89.74,62.66,2.2,8.56
2022-07-13,2.11,10.31,90.17,62.58,2.8,8.57
2022-07-14,7.93,8.78,91.12,62.6,2.89,7.17
2022-07-15,2.03,8.63,86.63,62.77,2.25,6.18
2022-07-16,4.56,9.2,85.62,62.86,2.03,6.48
2022-07-17,1.43,9.84,84.91,62.96,1.79,6.97
2022-07-18,0.02,10.67,81.57,62.85,1.99,7.17
2022-07-19,1.16,11.02,89.54,62.7,1.79,9.0
2022-07-20,6.21,10.01,88.04,62.59,1.45,7.56
2022-07-21,6.76,9.31,85.7,62.7,1.46,6.46
2022-07-22,2.72,9.84,87.35,62.81,1.5,7.39
2022-07-23,12.29,9.35,88.04,62.8,1.42,7.16
2022-07-24,8.04,9.11,88.35,62.77,1.91,6.98
2022-07-25,7.69,9.61,90.3,62.86,1.91,7.74
2022-07-26,2.94,9.13,92.45,62.92,1.73,7.58
2022-07-27,3.61,9.65,90.37,62.85,1.63,7.77
2022-07-28,12.0,9.49,90.92,62.88,2.1,7.82
2022-07-29,24.92,9.77,88.74,62.86,2.39,7.75
2022-07-30,35.95,9.29,94.29,62.68,2.26,8.25
2022-07-31,15.9,9.22,90.78,62.56,2.29,7.56
2022-08-01,2.21,9.21,86.51,62.61,1.81,6.78
2022-08-02,5.11,9.46,82.06,62.64,1.66,5.94
2022-08-03,6.49,9.6,77.58,62.76,1.55,5.31
2022-08-04,12.59,9.37,89.94,62.78,1.81,7.58
2022-08-05,4.72,9.53,94.11,62.71,1.94,8.49
2022-08-06,8.63,9.91,90.6,62.56,1.92,8.23
2022-08-07,8.46,8.43,94.15,62.53,1.36,7.34
2022-08-08,3.59,8.99,83.71,62.66,1.52,6.17
2022-08-09,0.83,9.57,81.99,62.7,1.75,6.4
2022-08-10,8.05,10.95,90.54,62.59,2.03,9.18
2022-08-11,19.53,8.33,92.04,62.66,2.12,6.86
2022-08-12,0.0,9.55,80.35,62.72,1.78,5.8
2022-08-13,0.0,11.08,73.79,62.71,1.84,5.82
2022-08-14,19.84,9.58,91.23,62.74,2.2,7.97
2022-08-15,13.38,8.25,88.78,62.83,1.76,6.2
2022-08-16,5.55,9.17,87.06,62.86,1.77,6.88
2022-08-17,1.47,9.84,87.52,62.82,1.77,7.51
2022-08-18,0.58,10.8,85.2,62.7,1.66,7.79
2022-08-19,11.94,10.97,92.21,62.59,1.58,9.49
2022-08-20,23.79,7.79,93.11,62.68,1.6,6.59
2022-08-21,6.37,8.49,85.35,62.68,1.95,5.93
2022-08-22,0.25,9.38,90.75,62.62,2.04,7.74
2022-08-23,2.78,9.46,88.2,62.81,1.91,7.29
2022-08-24,6.75,8.64,89.45,62.93,1.69,6.72
2022-08-25,0.19,9.22,85.94,62.9,1.8,6.76
2022-08-26,0.06,9.69,82.63,62.84,1.66,6.4
2022-08-27,0.02,9.74,79.88,62.74,1.64,5.95
2022-08-28,6.47,9.92,85.93,62.77,2.19,7.36
2022-08-29,4.41,9.01,92.36,62.98,2.44,7.57
2022-08-30,0.21,9.04,89.95,63.03,1.78,7.08
2022-08-31,0.82,9.39,79.71,62.89,1.74,5.46
2022-09-01,1.52,9.34,83.66,62.9,1.82,6.42
2022-09-02,0.33,9.17,87.99,62.95,1.91,6.91
2022-09-03,1.77,8.75,89.89,62.67,1.93,6.76
2022-09-04,4.4,7.22,90.97,62.62,1.98,5.53
2022-09-05,0.42,5.72,80.59,62.73,1.65,2.11
2022-09-06,0.0,6.62,79.95,62.85,1.69,2.89
2022-09-07,1.42,7.54,81.29,63.04,1.66,3.97
2022-09-08,0.84,7.91,76.58,63.09,1.54,3.21
2022-09-09,0.63,8.36,80.03,63.05,1.63,4.35
2022-09-10,8.49,8.02,81.81,62.96,1.5,4.45
2022-09-11,14.39,7.12,86.01,62.82,1.49,4.42
2022-09-12,2.51,7.1,84.59,62.71,1.64,4.17
2022-09-13,0.52,6.97,82.9,62.78,1.37,3.69
2022-09-14,8.13,7.76,92.84,62.8,2.08,6.36
2022-09-15,13.55,7.81,92.57,62.62,1.93,6.38
2022-09-16,14.29,7.4,93.27,62.39,1.88,6.13
2022-09-17,4.82,6.5,92.77,62.5,1.98,5.23
2022-09-18,0.54,6.81,84.39,62.74,1.56,3.89
2022-09-19,5.49,7.25,90.15,62.84,1.88,5.49
2022-09-20,3.34,7.45,87.54,62.88,1.79,5.27
2022-09-21,11.71,7.36,94.07,62.87,2.57,6.3
2022-09-22,8.69,7.43,91.93,62.84,2.09,5.9
2022-09-23,89.17,6.17,90.68,62.81,1.67,4.56
2022-09-24,49.06,4.96,92.96,62.68,1.3,3.76
2022-09-25,30.53,5.84,95.74,62.66,3.27,5.12
2022-09-26,3.16,5.44,84.48,62.84,1.82,2.46
2022-09-27,0.0,5.29,82.22,62.72,1.64,2.04
2022-09-28,3.2,4.91,84.08,62.65,1.55,2.1
2022-09-29,0.12,4.44,85.58,62.69,1.58,1.87
2022-09-30,0.0,4.56,85.51,62.74,1.53,1.99
2022-10-01,0.46,3.71,79.82,62.67,1.53,0.1
2022-10-02,0.02,4.07,77.5,62.71,1.4,0.04
2022-10-03,0.0,4.25,81.44,62.85,1.47,0.97
2022-10-04,0.02,4.69,74.92,63.0,1.48,0.19
2022-10-05,3.08,4.03,67.33,62.9,1.52,-2.02
2022-10-06,0.17,3.99,85.84,62.82,2.12,1.65
2022-10-07,8.18,4.11,91.35,62.88,1.59,2.54
2022-10-08,7.05,2.24,88.46,62.85,0.66,0.43
2022-10-09,8.65,4.02,91.21,62.9,1.64,2.58
2022-10-10,8.07,3.05,88.08,62.92,2.0,1.07
2022-10-11,6.57,0.52,81.33,62.73,2.16,-2.63
2022-10-12,1.12,0.51,87.61,62.68,1.86,-1.76
2022-10-13,0.06,0.75,85.78,62.77,1.64,-1.81
2022-10-14,0.0,1.34,76.62,62.78,1.4,-2.86
2022-10-15,0.0,2.01,77.05,62.77,1.5,-2.19
2022-10-16,0.0,1.97,73.7,62.95,1.53,-2.75
2022-10-17,0.0,1.6,66.28,62.91,1.58,-4.68
2022-10-18,0.26,-1.18,73.55,62.7,1.58,-6.05
2022-10-19,0.06,-2.04,78.09,62.62,1.57,-6.07
2022-10-20,0.06,-2.7,70.7,62.79,1.57,-7.86
2022-10-21,0.0,-2.44,71.76,62.88,1.72,-7.78
2022-10-22,0.0,-1.49,70.53,62.86,1.14,-6.94
2022-10-23,0.0,-0.46,71.03,62.92,1.53,-5.76
2022-10-24,0.0,0.11,66.8,62.7,1.37,-5.92
2022-10-25,0.0,-0.61,65.7,62.58,1.49,-6.88
2022-10-26,0.0,-0.83,64.78,62.79,1.62,-7.57
2022-10-27,0.0,-1.32,66.21,62.79,1.83,-8.0
2022-10-28,0.0,-1.24,64.41,62.76,1.45,-8.26
2022-10-29,0.0,-0.49,58.55,62.82,1.53,-8.81
2022-10-30,0.0,-0.82,63.16,62.87,1.49,-7.81
2022-10-31,0.0,-0.55,57.51,62.91,1.42,-8.81
2022-11-01,0.0,-1.52,68.87,62.93,1.58,-7.37
2022-11-02,0.0,-0.88,62.06,62.73,1.2,-8.33
2022-11-03,0.0,0.44,56.95,62.77,1.31,-7.7
2022-11-04,0.0,0.3,63.76,62.91,1.32,-6.49
2022-11-05,0.0,-0.71,66.91,63.03,1.37,-6.6
2022-11-06,0.0,-1.99,62.37,63.0,1.29,-8.59
2022-11-07,0.0,-2.17,61.5,62.9,1.32,-8.99
2022-11-08,0.0,-2.83,65.04,62.82,1.35,-9.19
2022-11-09,1.59,-3.18,86.13,62.75,1.96,-5.75
2022-11-10,1.42,-5.48,79.4,62.71,1.52,-8.98
2022-11-11,0.07,-5.3,64.18,62.65,1.35,-11.67
2022-11-12,0.0,-5.43,60.95,62.61,1.46,-12.61
2022-11-13,0.13,-4.11,52.13,62.61,1.3,-13.61
2022-11-14,5.05,-4.81,93.4,62.64,1.63,-6.4
2022-11-15,0.02,-4.1,78.58,62.62,1.29,-7.81
2022-11-16,0.0,-4.87,88.33,62.45,1.51,-7.19
2022-11-17,0.0,-5.08,58.24,62.4,1.21,-12.7
2022-11-18,0.0,-2.14,44.53,62.66,1.18,-12.88
2022-11-19,0.0,-2.11,47.25,62.77,1.35,-12.26
2022-11-20,0.0,-4.06,64.03,62.69,1.43,-10.3
2022-11-21,0.0,-3.27,49.61,62.66,1.28,-12.42
2022-11-22,0.0,-3.72,52.65,62.63,1.49,-12.11
2022-11-23,0.0,-4.67,65.5,62.58,1.4,-10.92
2022-11-24,0.0,-2.64,49.52,62.78,1.26,-12.75
2022-11-25,0.0,-0.07,33.21,62.96,1.09,-14.47
2022-11-26,0.0,-0.3,37.53,62.81,1.11,-13.57
2022-11-27,0.0,-1.37,44.41,62.55,1.02,-12.19
2022-11-28,0.0,-2.35,43.9,62.6,1.2,-13.5
2022-11-29,0.0,-2.05,39.29,62.73,1.13,-14.5
2022-11-30,0.0,-1.64,32.23,62.78,1.08,-16.58
2022-12-01,0.0,-1.59,39.75,62.73,1.09,-14.16
2022-12-02,0.0,-1.31,45.39,62.64,1.09,-11.9
2022-12-03,0.0,-3.62,54.04,62.61,1.51,-11.77
2022-12-04,0.0,-4.63,44.03,62.66,1.3,-15.36
2022-12-05,0.0,-5.46,56.08,62.67,1.32,-13.4
2022-12-06,0.0,-4.11,41.93,62.61,1.25,-15.35
2022-12-07,0.0,-3.38,34.63,62.58,0.9,-16.79
2022-12-08,0.0,-3.57,37.99,62.66,0.95,-15.97
2022-12-09,0.0,-5.1,63.3,62.62,1.42,-11.47
2022-12-10,0.0,-6.05,69.67,62.69,1.34,-11.36
2022-12-11,0.0,-4.77,44.71,62.78,1.08,-15.04
2022-12-12,0.0,-4.22,36.84,62.73,1.33,-16.72
2022-12-13,0.0,-4.38,37.54,62.75,0.96,-16.69
2022-12-14,0.0,-3.84,34.97,62.68,1.14,-17.19
2022-12-15,0.0,-4.59,43.46,62.56,1.33,-15.66
2022-12-16,0.0,-3.2,39.88,62.53,1.1,-15.09
2022-12-17,0.0,-4.09,46.32,62.65,1.24,-14.29
2022-12-18,0.0,-3.67,36.02,62.67,1.12,-16.67
2022-12-19,0.0,-4.53,33.99,62.48,1.03,-18.35
2022-12-20,0.0,-5.33,30.64,62.42,1.28,-20.0
2022-12-21,0.0,-8.29,44.92,62.39,1.52,-18.51
2022-12-22,0.0,-8.39,42.6,62.29,1.16,-18.97
2022-12-23,0.0,-8.52,54.21,62.23,1.7,-17.16
2022-12-24,0.0,-10.29,86.24,62.11,1.32,-12.87
2022-12-25,0.0,-9.55,55.08,62.26,1.05,-17.2
2022-12-26,0.0,-9.34,91.74,62.38,1.75,-11.2
2022-12-27,0.0,-9.17,48.77,62.37,1.45,-18.35
2022-12-28,0.0,-6.6,41.53,62.4,1.4,-17.57
2022-12-29,0.87,-6.04,88.05,62.6,1.82,-8.1
2022-12-30,0.63,-7.7,95.36,62.45,2.14,-8.76
2022-12-31,0.0,-8.86,61.6,62.39,1.45,-15.75
2023-01-01,0.0,-8.73,48.15,62.42,1.17,-18.4
2023-01-02,0.0,-9.61,74.49,62.38,1.79,-13.8
2023-01-03,0.0,-11.46,80.51,62.3,1.47,-14.71
2023-01-04,0.0,-9.92,54.87,62.37,1.17,-18.22
2023-01-05,0.0,-8.61,40.95,62.72,1.46,-20.08
2023-01-06,0.0,-7.1,43.62,62.87,1.33,-17.95
2023-01-07,0.0,-4.01,49.72,62.88,1.01,-13.37
2023-01-08,0.0,-4.46,68.36,62.85,1.18,-10.0
2023-01-09,0.0,-4.47,66.4,62.93,1.24,-10.2
2023-01-10,0.0,-4.99,59.42,62.7,1.05,-12.22
2023-01-11,0.44,-6.81,74.9,62.38,2.08,-11.45
2023-01-12,0.81,-9.04,92.87,61.96,2.62,-10.67
2023-01-13,7.03,-9.45,95.44,62.02,3.52,-10.46
2023-01-14,2.11,-9.86,88.55,62.05,2.39,-12.05
2023-01-15,0.0,-9.47,51.79,62.05,1.67,-17.99
2023-01-16,0.0,-11.31,67.24,62.04,1.84,-16.9
2023-01-17,0.0,-11.39,66.38,61.99,1.54,-16.82
2023-01-18,0.0,-9.83,49.46,62.25,1.05,-18.46
2023-01-19,1.26,-9.51,92.37,62.32,1.55,-11.36
2023-01-20,7.45,-9.39,98.35,62.13,3.53,-10.13
2023-01-21,0.12,-11.12,88.59,62.25,1.94,-13.28
2023-01-22,0.0,-11.89,83.88,62.23,1.72,-14.66
2023-01-23,0.0,-10.8,72.28,62.33,1.62,-15.46
2023-01-24,3.38,-8.66,94.19,62.29,3.51,-9.78
2023-01-25,3.73,-8.06,96.79,62.3,3.84,-8.79
2023-01-26,0.02,-10.51,72.7,62.49,1.66,-15.19
2023-01-27,0.0,-10.54,61.31,62.62,1.33,-17.06
2023-01-28,0.0,-8.24,47.06,62.62,1.44,-18.0
2023-01-29,2.18,-7.42,60.55,62.53,2.2,-14.65
2023-01-30,8.52,-9.06,94.17,62.52,2.58,-10.55
2023-01-31,0.02,-10.2,83.31,62.41,1.65,-13.29
2023-02-01,0.0,-9.85,50.7,62.55,1.31,-18.96
2023-02-02,0.0,-7.3,50.15,62.6,1.32,-16.36
2023-02-03,0.0,-6.27,63.96,62.56,1.25,-12.27
2023-02-04,0.0,-7.05,72.62,62.37,1.38,-11.81
2023-02-05,0.0,-6.75,66.95,62.28,1.55,-13.13
2023-02-06,1.46,-8.27,87.34,62.23,1.59,-10.62
2023-02-07,0.15,-9.69,78.12,62.12,1.62,-14.07
2023-02-08,0.0,-7.49,56.4,62.28,1.51,-15.53
2023-02-09,1.3,-6.96,88.83,62.34,2.38,-9.3
2023-02-10,1.94,-6.77,94.75,62.32,3.62,-8.01
2023-02-11,2.75,-7.94,97.0,62.24,4.67,-8.8
2023-02-12,0.02,-13.11,69.75,62.04,2.21,-18.45
2023-02-13,0.0,-5.72,48.62,62.42,1.73,-15.33
2023-02-14,0.0,-3.35,60.67,62.67,1.52,-10.28
2023-02-15,0.0,-3.01,57.1,62.65,1.51,-11.31
2023-02-16,0.0,-2.57,58.43,62.78,1.74,-10.63
2023-02-17,0.0,-0.04,47.16,62.94,1.68,-10.28
2023-02-18,0.0,-0.66,39.29,63.0,1.67,-13.18
2023-02-19,0.0,-1.84,47.85,62.88,1.52,-11.79
2023-02-20,0.0,-2.83,64.66,62.71,1.93,-9.0
2023-02-21,5.57,-4.84,90.1,62.58,2.53,-6.82
2023-02-22,0.91,-6.29,69.34,62.47,1.37,-11.68
2023-02-23,0.01,-5.9,61.33,62.44,1.12,-12.77
2023-02-24,0.0,-5.32,71.0,62.64,1.53,-10.61
2023-02-25,0.0,-5.9,78.92,62.72,1.52,-10.22
2023-02-26,0.02,-5.99,82.47,62.8,1.74,-9.58
2023-02-27,0.01,-6.24,81.68,62.72,1.49,-9.93
2023-02-28,0.55,-6.17,76.83,62.79,1.24,-10.6
2023-03-01,1.08,-5.34,87.44,62.84,1.56,-7.79
2023-03-02,0.05,-5.36,77.8,62.94,1.4,-9.36
2023-03-03,0.01,-4.24,77.05,63.0,1.34,-8.55
2023-03-04,0.0,-3.95,80.45,62.98,1.42,-7.41
2023-03-05,0.0,-4.42,78.02,62.88,1.64,-8.47
2023-03-06,0.0,-4.96,80.7,62.67,1.55,-8.67
2023-03-07,0.34,-4.44,84.97,62.71,1.46,-7.44
2023-03-08,2.03,-5.18,86.41,62.75,1.55,-7.89
2023-03-09,0.01,-5.05,83.63,62.68,1.3,-8.28
2023-03-10,0.0,-2.49,64.64,62.68,1.38,-9.39
2023-03-11,0.0,-2.1,73.41,62.79,1.52,-7.1
2023-03-12,0.21,-2.34,82.67,62.85,1.57,-5.5
2023-03-13,0.37,-2.64,83.1,62.79,1.51,-5.77
2023-03-14,2.17,-3.76,71.86,62.47,1.62,-8.94
2023-03-15,0.69,-3.48,84.66,62.41,1.55,-6.53
2023-03-16,0.46,-3.59,72.6,62.53,1.34,-8.49
2023-03-17,3.37,-3.97,89.18,62.5,1.45,-6.1
2023-03-18,6.47,-4.32,94.94,62.29,1.99,-5.39
2023-03-19,1.6,-3.93,91.39,62.19,1.82,-5.59
2023-03-20,5.2,-4.19,92.51,62.02,1.62,-5.73
2023-03-21,14.9,-4.65,96.77,61.93,1.99,-5.52
2023-03-22,0.1,-5.45,85.72,62.15,1.52,-8.06
2023-03-23,0.0,-5.0,84.44,62.23,1.67,-8.18
2023-03-24,0.48,-4.87,87.63,62.4,1.88,-7.17
2023-03-25,15.77,-4.17,94.69,62.44,3.49,-5.25
2023-03-26,3.39,-4.84,89.18,62.36,2.11,-6.82
2023-03-27,0.0,-6.09,85.06,62.31,1.71,-9.16
2023-03-28,0.0,-5.1,79.9,62.4,1.6,-8.83
2023-03-29,0.03,-4.29,81.84,62.55,1.57,-7.94
2023-03-30,1.4,-3.69,84.5,62.45,1.85,-6.71
2023-03-31,22.22,-3.75,91.17,62.16,2.31,-5.42
2023-04-01,11.52,-4.11,92.96,62.12,2.04,-5.5
2023-04-02,0.79,-4.79,87.24,62.13,1.64,-7.1
2023-04-03,1.04,-5.12,81.95,62.31,1.8,-8.44
2023-04-04,2.5,-4.81,93.2,62.31,2.63,-6.26
2023-04-05,0.0,-5.44,68.26,62.4,1.66,-11.17
2023-04-06,0.0,-5.0,66.22,62.62,1.65,-10.95
2023-04-07,0.0,-3.24,59.3,62.85,1.49,-10.98
2023-04-08,0.0,-2.93,71.69,62.95,1.6,-8.57
2023-04-09,0.0,-2.23,77.85,62.9,1.38,-6.76
2023-04-10,0.0,-1.63,77.85,62.81,1.57,-5.85
2023-04-11,0.0,-1.21,78.6,62.86,1.94,-5.41
2023-04-12,0.0,-0.5,81.32,62.87,1.54,-4.12
2023-04-13,0.0,0.51,76.9,62.86,1.63,-3.88
2023-04-14,0.0,0.78,74.43,62.95,1.66,-4.34
2023-04-15,0.0,0.98,78.23,62.93,1.56,-3.09
2023-04-16,0.0,0.59,73.68,62.87,1.55,-4.66
2023-04-17,0.0,1.65,70.92,62.9,1.65,-3.76
2023-04-18,3.92,1.67,80.11,63.01,2.04,-1.96
2023-04-19,11.45,0.77,91.23,62.69,3.0,-0.87
2023-04-20,17.34,-0.95,94.45,62.32,3.4,-2.0
2023-04-21,2.54,-3.16,84.91,62.26,2.6,-6.17
2023-04-22,0.01,-4.37,71.33,62.29,1.76,-9.55
2023-04-23,0.0,-3.23,71.01,62.39,1.37,-8.34
2023-04-24,0.0,-2.71,84.13,62.61,1.38,-5.45
2023-04-25,0.99,-1.13,86.68,62.64,1.75,-3.56
2023-04-26,0.56,-1.06,88.73,62.59,1.9,-3.22
2023-04-27,1.96,-1.56,85.39,62.64,1.65,-4.18
2023-04-28,0.33,-1.15,77.41,62.69,1.77,-5.17
2023-04-29,1.92,-0.28,89.59,62.53,1.92,-2.2
2023-04-30,8.55,-0.14,90.86,62.28,1.71,-1.79
2023-05-01,14.98,-0.57,94.6,62.3,2.26,-1.56
2023-05-02,6.98,-0.45,91.23,62.39,2.38,-2.02
2023-05-03,10.65,-1.7,93.22,62.5,2.47,-3.04
2023-05-04,4.41,-1.22,90.43,62.52,1.74,-3.15
2023-05-05,0.0,-0.41,80.12,62.5,1.71,-4.03
2023-05-06,0.71,-0.11,75.07,62.51,1.93,-4.8
2023-05-07,0.5,-1.22,65.73,62.54,2.0,-7.85
2023-05-08,2.34,-1.75,84.0,62.52,3.2,-4.58
2023-05-09,1.43,-1.63,77.0,62.51,2.69,-5.55
2023-05-10,0.06,-0.25,67.24,62.45,1.69,-6.36
2023-05-11,0.0,1.51,60.02,62.69,1.49,-6.12
2023-05-12,0.0,4.04,44.43,62.9,1.78,-7.77
2023-05-13,0.01,3.45,65.21,62.92,2.01,-2.85
2023-05-14,0.05,2.72,66.49,62.68,2.08,-3.39
2023-05-15,0.82,2.13,70.31,62.57,2.21,-3.16
2023-05-16,0.01,3.44,67.5,62.72,1.87,-2.93
2023-05-17,2.26,4.0,73.99,62.82,2.17,-0.96
2023-05-18,0.06,3.6,69.14,62.91,2.19,-2.59
2023-05-19,0.0,3.33,70.67,62.69,2.13,-2.31
2023-05-20,0.0,3.15,71.39,62.61,2.15,-2.25
2023-05-21,0.0,5.51,56.88,62.87,1.68,-2.94
2023-05-22,0.0,6.01,63.39,63.02,1.96,-0.95
2023-05-23,6.75,6.16,77.57,62.97,2.16,1.94
2023-05-24,10.0,3.3,89.96,62.76,3.07,1.62
2023-05-25,5.67,2.22,86.01,62.54,2.62,-0.34
2023-05-26,0.24,2.32,77.73,62.58,2.24,-1.96
2023-05-27,0.6,1.73,75.64,62.59,2.09,-2.76
2023-05-28,0.01,3.56,54.53,62.74,1.99,-6.08
2023-05-29,10.6,4.05,82.78,62.87,2.18,0.74
2023-05-30,2.37,3.63,83.67,62.86,2.9,0.58
2023-05-31,17.16,3.3,90.4,62.66,4.36,1.62
2023-06-01,1.74,2.4,87.46,62.6,3.15,0.08
2023-06-02,0.45,1.4,86.33,62.5,2.78,-1.1
2023-06-03,0.01,2.48,74.41,62.64,2.12,-2.1
2023-06-04,0.02,4.72,60.46,62.8,1.83,-3.48
2023-06-05,3.12,4.43,79.98,62.7,2.54,0.7
2023-06-06,0.26,3.21,71.53,62.63,1.89,-1.92
2023-06-07,0.34,4.04,74.59,62.64,2.08,-0.54
2023-06-08,0.18,4.73,77.32,62.66,2.05,0.76
2023-06-09,0.03,5.76,79.74,62.59,1.73,2.1
2023-06-10,0.1,5.52,85.87,62.56,2.09,3.11
2023-06-11,0.27,7.02,86.31,62.52,2.11,4.47
2023-06-12,0.22,7.48,80.97,62.49,2.12,3.89
2023-06-13,0.68,8.33,77.3,62.53,1.98,4.01
2023-06-14,0.8,7.35,76.23,62.52,2.27,2.62
2023-06-15,0.17,5.56,80.51,62.54,2.18,2.11
2023-06-16,0.0,7.07,71.91,62.58,2.25,1.59
2023-06-17,0.36,7.27,68.02,62.73,1.98,0.42
2023-06-18,0.3,8.13,72.02,62.73,1.93,2.55
2023-06-19,2.27,8.89,79.07,62.68,2.14,4.68
2023-06-20,5.5,9.25,82.85,62.64,1.88,5.95
2023-06-21,3.19,9.68,87.87,62.75,1.98,7.54
2023-06-22,5.73,11.28,85.67,62.82,1.53,8.56
2023-06-23,3.42,11.63,86.57,62.83,1.54,8.88
2023-06-24,8.75,11.8,85.92,62.76,1.8,9.04
2023-06-25,17.89,8.58,92.2,62.71,1.77,7.15
2023-06-26,18.1,7.77,84.92,62.72,1.73,5.08
2023-06-27,2.64,8.63,82.53,62.68,1.93,5.52
2023-06-28,6.57,9.28,86.2,62.76,1.98,6.74
2023-06-29,3.28,9.46,86.26,62.69,2.45,6.97
2023-06-30,6.98,8.88,87.67,62.58,2.09,6.55
2023-07-01,4.5,8.95,82.89,62.62,2.11,5.68
2023-07-02,0.89,9.91,77.55,62.65,1.96,5.56
2023-07-03,1.6,10.49,83.19,62.68,2.07,7.24
2023-07-04,6.79,9.68,83.06,62.63,2.24,6.46
2023-07-05,6.55,8.75,76.92,62.55,1.79,4.45
2023-07-06,20.14,7.94,87.28,62.7,1.48,5.64
2023-07-07,5.5,7.81,91.6,62.78,1.52,6.24
2023-07-08,33.64,8.22,96.24,62.79,2.24,7.42
2023-07-09,29.16,8.56,93.65,62.81,2.76,7.43
2023-07-10,35.28,9.19,94.81,62.78,2.93,8.26
2023-07-11,9.38,9.35,88.84,62.79,1.97,7.31
2023-07-12,23.14,9.27,88.55,62.73,2.27,7.33
2023-07-13,4.32,9.64,87.93,62.76,1.43,7.4
2023-07-14,4.09,10.22,90.0,62.75,1.36,8.3
2023-07-15,3.62,10.5,90.33,62.73,2.06,8.65
2023-07-16,4.41,10.21,92.4,62.78,2.12,8.8
2023-07-17,9.35,10.55,87.81,62.74,1.67,8.28
2023-07-18,9.59,10.54,92.56,62.66,1.3,9.14
2023-07-19,4.89,10.22,90.54,62.67,1.41,8.39
2023-07-20,6.65,9.92,90.8,62.76,1.52,8.29
2023-07-21,1.46,10.94,89.49,62.9,1.9,9.07
2023-07-22,16.3,10.08,93.76,63.02,2.39,9.04
2023-07-23,2.28,9.44,91.29,63.0,2.03,7.84
2023-07-24,4.31,9.68,85.05,62.81,1.74,7.1
2023-07-25,5.16,10.32,91.7,62.81,2.14,8.89
2023-07-26,8.32,9.55,85.65,62.84,2.0,7.03
2023-07-27,2.66,10.49,85.48,62.77,1.85,7.88
2023-07-28,9.46,9.75,91.95,62.62,2.3,8.29
2023-07-29,3.76,9.18,90.38,62.56,1.92,7.41
2023-07-30,3.83,9.83,89.31,62.55,2.12,7.84
2023-07-31,2.91,10.16,80.12,62.55,1.78,6.56
2023-08-01,0.36,11.26,87.03,62.55,1.72,8.79
2023-08-02,0.72,11.25,87.18,62.58,2.1,8.9
2023-08-03,16.13,10.97,90.89,62.56,1.72,9.32
2023-08-04,19.94,9.82,89.63,62.71,1.8,7.98
2023-08-05,15.58,10.82,88.95,62.78,1.89,8.83
2023-08-06,4.79,10.71,89.44,62.55,2.09,8.66
2023-08-07,1.17,10.42,90.04,62.35,2.18,8.57
2023-08-08,2.06,10.57,87.42,62.46,1.79,8.23
2023-08-09,1.82,10.72,83.91,62.72,2.15,7.73
2023-08-10,11.32,9.89,91.68,62.82,1.66,8.2
2023-08-11,7.11,10.25,91.53,62.84,1.77,8.64
2023-08-12,8.23,11.01,89.57,62.67,1.8,9.21
2023-08-13,29.44,11.74,91.28,62.55,2.03,10.16
2023-08-14,47.53,9.43,92.82,62.77,2.2,8.18
2023-08-15,2.33,9.68,89.63,62.77,1.91,7.86
2023-08-16,0.06,9.81,88.08,62.83,1.7,7.62
2023-08-17,13.59,10.09,87.15,62.82,1.82,7.73
2023-08-18,7.29,9.33,91.05,62.89,1.44,7.7
2023-08-19,3.29,9.75,90.4,62.98,1.43,7.99
2023-08-20,5.38,10.83,83.83,63.0,1.5,7.9
2023-08-21,7.63,12.08,90.02,62.85,1.52,10.1
2023-08-22,20.69,12.06,92.65,62.7,1.86,10.71
2023-08-23,18.23,10.23,95.99,62.53,1.74,9.48
2023-08-24,1.15,9.58,91.66,62.45,1.94,8.0
2023-08-25,1.84,7.68,78.52,62.5,1.9,3.71
2023-08-26,26.11,6.95,79.91,62.58,1.71,3.16
2023-08-27,5.26,6.79,85.87,62.53,1.78,4.15
2023-08-28,0.88,6.32,81.44,62.51,1.69,2.91
2023-08-29,0.23,6.54,78.69,62.68,1.61,2.58
2023-08-30,0.33,8.28,80.88,62.85,1.58,4.61
2023-08-31,0.02,9.91,86.81,62.92,1.63,7.42
2023-09-01,0.2,10.34,87.88,62.97,1.64,8.11
2023-09-02,0.0,9.58,78.19,62.91,1.58,5.54
2023-09-03,0.0,8.59,75.62,62.85,1.56,4.14
2023-09-04,0.34,7.26,72.17,62.81,1.58,2.05
2023-09-05,0.06,6.81,76.74,62.87,1.66,2.43
2023-09-06,0.78,6.87,85.36,62.94,1.89,4.24
2023-09-07,0.25,7.25,84.0,62.96,1.57,4.26
2023-09-08,1.19,7.73,83.21,62.88,1.63,4.55
2023-09-09,11.41,7.76,86.02,62.82,1.63,5.17
2023-09-10,6.37,8.19,85.34,62.71,1.72,5.43
2023-09-11,3.29,9.75,85.79,62.65,1.32,6.75
2023-09-12,1.96,10.52,80.68,62.77,1.49,6.43
2023-09-13,1.86,11.44,86.67,62.81,1.48,8.66
2023-09-14,15.89,9.76,91.3,62.95,1.49,8.16
2023-09-15,5.74,8.51,87.89,62.97,1.36,6.32
2023-09-16,2.51,7.44,88.12,62.93,1.16,5.33
2023-09-17,1.82,7.45,88.89,62.83,1.46,5.44
2023-09-18,0.44,7.71,87.81,62.83,1.66,5.4
2023-09-19,0.49,7.71,86.68,62.96,1.67,5.32
2023-09-20,0.16,8.07,85.39,62.97,1.58,5.35
2023-09-21,0.02,6.52,72.51,62.89,1.49,0.91
2023-09-22,1.05,5.77,70.9,62.85,1.51,0.2
2023-09-23,0.1,5.69,65.1,62.87,1.47,-0.95
2023-09-24,0.66,5.13,54.77,62.82,1.51,-3.72
2023-09-25,0.0,4.3,57.71,62.85,1.55,-3.88
2023-09-26,0.0,4.62,53.3,62.93,1.47,-4.46
2023-09-27,0.0,4.57,57.14,62.92,1.4,-3.8
2023-09-28,0.0,3.97,57.92,62.91,1.66,-3.99
2023-09-29,0.02,3.8,58.63,62.92,1.71,-3.99
2023-09-30,0.84,4.26,76.42,62.92,1.87,-0.01
2023-10-01,0.99,4.88,78.93,62.86,1.71,1.05
2023-10-02,0.16,4.18,76.37,62.86,2.1,0.05
2023-10-03,0.01,4.06,78.85,62.84,1.67,0.03
2023-10-04,0.0,3.61,65.84,62.85,1.48,-2.79
2023-10-05,0.0,5.01,49.66,62.82,1.35,-5.21
2023-10-06,0.0,5.97,57.85,62.83,1.48,-2.73
2023-10-07,0.0,4.53,58.16,62.89,1.58,-3.65
2023-10-08,0.0,4.07,53.47,62.93,1.73,-5.21
2023-10-09,1.38,3.28,44.51,62.97,1.49,-8.35
2023-10-10,0.09,0.7,64.42,62.87,1.72,-5.76
2023-10-11,0.0,2.29,56.93,62.83,1.25,-6.03
2023-10-12,0.0,3.82,53.14,63.0,1.61,-5.77
2023-10-13,0.0,2.45,56.16,63.04,1.52,-6.04
2023-10-14,0.83,1.68,61.82,62.95,1.51,-5.58
2023-10-15,0.24,0.05,68.56,62.79,1.57,-5.35
2023-10-16,8.65,-1.45,83.86,62.8,1.98,-4.41
2023-10-17,5.49,-2.7,80.82,62.82,1.44,-6.25
2023-10-18,0.0,-2.63,74.35,62.77,1.39,-7.07
2023-10-19,0.0,-2.26,70.27,62.77,1.44,-7.55
2023-10-20,0.0,-2.09,70.6,62.83,1.53,-7.36
2023-10-21,0.0,-1.52,70.15,62.92,1.45,-6.94
2023-10-22,0.0,-1.76,70.55,62.94,1.39,-7.03
2023-10-23,0.11,-2.37,81.22,62.81,1.53,-5.65
2023-10-24,0.0,-2.4,72.6,62.8,1.39,-7.5
2023-10-25,0.0,-2.15,75.66,62.85,1.4,-6.44
2023-10-26,0.0,-0.92,74.71,62.83,1.54,-5.5
2023-10-27,0.0,0.1,70.03,62.82,1.44,-5.36
2023-10-28,0.0,0.82,67.67,62.9,1.45,-5.11
2023-10-29,0.0,0.1,67.49,62.86,0.95,-5.49
2023-10-30,0.0,-0.04,71.16,62.93,1.33,-5.24
2023-10-31,0.0,-0.68,74.37,63.03,1.29,-5.46
2023-11-01,0.0,-0.99,62.53,63.09,1.41,-7.92
2023-11-02,0.0,-1.92,65.22,62.9,1.46,-8.05
2023-11-03,0.0,-2.78,75.17,62.67,1.49,-7.12
2023-11-04,0.0,-2.1,65.18,62.59,1.01,-8.49
2023-11-05,0.0,-0.41,64.57,62.77,1.27,-7.34
2023-11-06,0.0,-2.02,72.13,62.87,1.31,-7.37
2023-11-07,0.0,-1.85,64.84,62.8,1.32,-8.21
2023-11-08,0.0,-2.48,67.85,62.73,1.3,-8.37
2023-11-09,0.02,-3.31,77.47,62.71,1.41,-7.41
2023-11-10,1.83,-4.08,85.0,62.75,1.79,-6.75
2023-11-11,0.54,-2.78,78.87,62.7,1.1,-6.71
2023-11-12,0.0,-0.73,53.78,62.96,1.29,-9.41
2023-11-13,0.0,-1.32,61.64,63.03,1.18,-8.36
2023-11-14,0.0,-2.24,61.12,62.97,1.33,-9.1
2023-11-15,0.0,-3.0,59.77,62.96,1.22,-10.86
2023-11-16,0.0,-1.8,61.14,63.05,1.24,-8.94
2023-11-17,0.0,-1.03,68.53,63.06,1.14,-6.91
2023-11-18,0.0,-1.12,67.59,62.97,1.3,-7.01
2023-11-19,0.0,-1.75,61.94,62.96,1.43,-8.66
2023-11-20,0.0,-3.37,60.47,62.91,1.35,-10.21
2023-11-21,0.0,-3.81,56.33,62.77,1.27,-12.16
2023-11-22,0.0,-1.05,45.2,62.67,1.18,-12.18
2023-11-23,0.0,-1.98,62.71,62.65,1.35,-8.99
2023-11-24,0.0,-4.32,69.75,62.76,1.2,-9.65
2023-11-25,0.0,-3.74,60.78,62.91,1.35,-11.1
2023-11-26,0.0,-1.73,59.6,63.03,1.12,-8.89
2023-11-27,0.0,-3.07,80.53,62.73,1.59,-6.57
2023-11-28,0.0,-4.36,90.09,62.53,1.12,-6.42
2023-11-29,0.1,-3.79,80.33,62.63,1.24,-7.28
2023-11-30,0.36,-5.25,90.74,62.6,1.71,-7.16
2023-12-01,1.13,-5.51,84.39,62.66,1.32,-8.32
2023-12-02,0.01,-5.83,80.59,62.68,1.43,-9.36
2023-12-03,0.04,-6.39,80.28,62.77,1.59,-10.1
2023-12-04,1.62,-5.49,85.82,62.52,1.28,-8.4
2023-12-05,0.19,-5.42,73.67,62.43,0.96,-10.08
2023-12-06,0.0,-4.88,76.59,62.68,1.1,-9.05
2023-12-07,0.0,-5.07,73.64,62.58,1.07,-9.83
2023-12-08,0.0,-4.43,66.59,62.51,1.14,-10.49
2023-12-09,0.0,-6.59,58.65,62.44,1.24,-14.28
2023-12-10,0.0,-5.52,38.91,62.35,1.32,-17.86
2023-12-11,0.0,-6.05,54.26,62.33,1.0,-14.98
2023-12-12,0.0,-9.1,81.48,62.1,1.58,-12.33
2023-12-13,0.0,-8.52,69.58,62.23,1.56,-14.25
2023-12-14,0.0,-4.47,49.32,62.6,1.28,-13.79
2023-12-15,0.0,-1.73,32.05,62.78,1.09,-16.04
2023-12-16,0.0,-5.62,42.13,62.51,1.84,-17.49
2023-12-17,0.0,-9.37,62.56,62.36,1.49,-15.55
2023-12-18,0.0,-8.81,47.29,62.49,1.23,-18.22
2023-12-19,0.0,-6.09,39.37,62.77,1.49,-18.06
2023-12-20,0.0,-1.66,33.94,62.95,1.38,-15.73
2023-12-21,0.0,-1.05,30.28,62.95,1.14,-16.43
2023-12-22,0.0,-0.8,32.89,62.91,1.1,-15.51
2023-12-23,0.0,-3.22,57.97,62.88,1.28,-10.78
2023-12-24,0.0,-4.23,62.68,62.95,1.39,-11.49
2023-12-25,0.0,-2.28,47.35,62.9,1.24,-12.26
2023-12-26,0.0,-1.56,36.4,62.94,1.14,-14.88
2023-12-27,0.0,-4.52,51.57,62.89,1.3,-13.65
2023-12-28,0.0,-3.97,39.72,62.76,1.24,-16.28
2023-12-29,0.0,-3.87,38.18,62.76,1.07,-16.64
2023-12-30,0.0,-4.81,44.51,62.64,0.94,-15.83
2023-12-31,0.0,-5.52,60.27,62.54,1.29,-12.41
2024-01-01,0.0,-7.6,59.44,62.47,1.13,-14.63
2024-01-02,0.0,-9.42,55.05,62.39,1.39,-17.45
2024-01-03,0.0,-8.34,46.41,62.38,1.23,-18.52
2024-01-04,0.0,-9.5,43.83,62.37,1.29,-19.68
2024-01-05,0.0,-8.95,46.61,62.35,1.4,-18.79
2024-01-06,0.0,-9.43,54.4,62.43,1.31,-17.25
2024-01-07,0.0,-9.09,51.28,62.52,1.37,-17.6
2024-01-08,0.0,-7.76,47.38,62.6,1.56,-17.83
2024-01-09,0.0,-9.4,59.74,62.44,2.0,-16.41
2024-01-10,0.0,-8.09,49.42,62.44,1.55,-17.22
2024-01-11,0.0,-5.15,35.1,62.61,1.43,-18.47
2024-01-12,0.0,-3.77,36.93,62.74,1.39,-16.53
2024-01-13,0.0,-2.8,44.17,62.72,0.97,-13.34
2024-01-14,0.0,-4.59,31.53,62.6,1.14,-19.0
2024-01-15,0.0,-5.47,38.38,62.4,1.51,-17.83
2024-01-16,0.0,-7.16,52.51,62.18,1.52,-15.69
2024-01-17,0.0,-8.46,77.1,62.08,1.49,-12.49
2024-01-18,0.0,-8.56,73.01,62.14,1.33,-13.35
2024-01-19,0.0,-8.73,61.47,62.28,1.49,-15.59
2024-01-20,0.0,-8.49,67.16,62.2,1.45,-14.13
2024-01-21,0.0,-8.25,53.21,62.19,1.24,-17.49
2024-01-22,0.0,-7.0,44.31,62.35,1.62,-18.17
2024-01-23,0.0,-9.15,66.98,62.12,1.39,-15.06
2024-01-24,0.0,-9.86,84.59,62.07,1.23,-12.82
2024-01-25,0.0,-8.91,71.19,62.26,1.62,-13.96
2024-01-26,0.0,-9.48,82.8,62.37,1.78,-12.35
2024-01-27,0.0,-8.58,64.44,62.38,1.62,-15.11
2024-01-28,0.0,-5.91,66.43,62.49,1.67,-11.72
2024-01-29,0.0,-6.94,86.6,62.34,1.67,-9.32
2024-01-30,1.01,-7.87,67.0,62.25,1.83,-13.89
2024-01-31,4.32,-8.53,74.37,62.14,2.27,-12.86
2024-02-01,16.63,-10.05,95.96,62.0,4.07,-11.17
2024-02-02,0.12,-14.36,55.42,62.1,1.64,-21.54
2024-02-03,0.76,-10.39,69.0,62.35,1.59,-15.39
2024-02-04,17.25,-9.18,97.61,62.25,2.87,-9.99
2024-02-05,4.51,-11.91,94.66,62.14,2.24,-13.21
2024-02-06,0.02,-14.16,90.53,62.14,1.81,-15.76
2024-02-07,0.0,-13.42,76.0,62.21,1.54,-17.16
2024-02-08,0.0,-15.03,65.62,62.27,2.52,-21.07
2024-02-09,0.0,-11.0,53.54,62.55,1.48,-19.46
2024-02-10,0.0,-11.1,50.92,62.66,1.39,-19.54
2024-02-11,0.0,-9.75,63.13,62.7,1.37,-16.12
2024-02-12,0.0,-8.75,74.06,62.67,1.45,-13.46
2024-02-13,0.0,-7.8,77.09,62.6,1.44,-11.83
2024-02-14,0.0,-9.22,73.91,62.54,1.43,-14.23
2024-02-15,0.0,-6.97,59.77,62.71,1.49,-14.35
2024-02-16,0.0,-5.66,58.08,62.77,1.38,-13.56
2024-02-17,0.0,-4.86,57.75,62.49,1.57,-12.75
2024-02-18,0.06,-5.09,78.33,62.43,1.72,-8.96
2024-02-19,7.92,-6.83,94.17,62.3,4.2,-8.31
2024-02-20,3.01,-7.81,95.14,62.1,4.36,-9.05
2024-02-21,0.31,-9.85,94.14,61.86,3.39,-11.32
2024-02-22,0.05,-13.02,89.48,61.85,1.68,-15.26
2024-02-23,0.0,-13.58,75.06,62.0,1.8,-18.04
2024-02-24,0.24,-13.44,90.68,61.92,2.31,-15.25
2024-02-25,0.0,-13.03,69.64,62.22,1.39,-17.97
2024-02-26,0.0,-9.95,65.57,62.51,1.44,-15.53
2024-02-27,0.16,-7.75,89.97,62.4,1.43,-9.78
2024-02-28,0.0,-6.61,72.55,62.38,1.48,-11.72
2024-02-29,0.0,-5.55,65.14,62.49,1.45,-11.83
2024-03-01,5.9,-5.23,83.04,62.67,1.61,-8.28
2024-03-02,25.94,-5.16,98.71,62.27,4.38,-5.78
2024-03-03,31.8,-5.88,100.0,62.02,6.06,-6.62
2024-03-04,0.98,-10.68,92.46,62.11,2.72,-12.41
2024-03-05,0.0,-11.34,65.46,62.35,1.16,-16.67
2024-03-06,0.12,-9.52,79.69,62.28,1.59,-12.8
2024-03-07,0.18,-9.27,96.63,62.21,2.04,-10.13
2024-03-08,0.0,-9.21,81.47,62.4,1.53,-12.79
2024-03-09,0.0,-7.58,57.38,62.55,1.51,-15.8
2024-03-10,0.0,-4.77,59.25,62.78,1.53,-12.64
2024-03-11,0.19,-5.45,90.09,62.69,1.66,-7.34
2024-03-12,0.97,-6.02,89.86,62.58,1.37,-8.08
2024-03-13,0.91,-6.14,81.46,62.39,2.31,-9.7
2024-03-14,0.38,-6.69,86.59,62.49,1.52,-9.33
2024-03-15,0.0,-5.74,77.09,62.55,1.57,-10.3
2024-03-16,0.0,-5.57,82.97,62.64,1.4,-8.65
2024-03-17,0.0,-5.46,77.53,62.7,1.52,-9.94
2024-03-18,0.0,-4.8,71.9,62.62,1.47,-9.89
2024-03-19,0.39,-6.76,81.04,62.56,1.53,-10.61
2024-03-20,0.0,-3.7,72.55,62.67,1.35,-9.37
2024-03-21,0.08,-2.3,76.13,62.59,1.74,-6.57
2024-03-22,0.29,-3.42,86.04,62.43,1.9,-5.84
2024-03-23,0.0,-3.04,63.57,62.41,1.27,-10.44
2024-03-24,0.02,-2.73,66.86,62.69,1.45,-8.97
2024-03-25,0.0,-2.8,73.08,62.65,1.73,-7.96
2024-03-26,0.0,-1.06,61.21,62.79,1.67,-8.8
2024-03-27,0.0,0.63,71.18,62.98,1.41,-4.43
2024-03-28,0.04,1.06,76.52,62.98,1.84,-3.06
2024-03-29,2.5,0.21,86.37,62.99,2.85,-2.31
2024-03-30,10.02,-1.2,92.32,62.9,3.46,-2.6
2024-03-31,1.05,-3.08,85.56,62.76,2.2,-5.66
2024-04-01,0.01,-1.69,72.66,62.5,1.72,-6.92
2024-04-02,0.0,-1.29,74.8,62.47,1.91,-5.95
2024-04-03,0.0,-2.24,68.98,62.66,1.98,-7.65
2024-04-04,0.0,-1.29,78.95,62.66,2.05,-5.13
2024-04-05,0.0,-2.42,73.01,62.54,2.18,-7.37
2024-04-06,0.0,-3.31,64.48,62.51,1.97,-9.95
2024-04-07,0.0,-2.93,66.77,62.53,2.22,-9.1
2024-04-08,0.01,-3.0,77.31,62.59,1.57,-7.29
2024-04-09,0.0,-2.4,81.39,62.64,1.24,-6.01
2024-04-10,0.0,-2.0,75.66,62.78,1.55,-6.48
2024-04-11,0.02,-2.86,72.29,62.89,1.53,-7.77
2024-04-12,0.0,-1.04,67.27,62.87,1.6,-7.26
2024-04-13,0.15,0.1,81.61,62.92,1.53,-3.31
2024-04-14,1.18,-0.07,90.31,62.95,1.97,-1.84
2024-04-15,0.96,0.88,86.5,62.97,2.15,-1.38
2024-04-16,0.01,0.15,77.32,62.79,2.17,-4.2
2024-04-17,0.02,1.66,46.58,62.69,1.72,-9.62
2024-04-18,0.05,2.21,55.85,62.71,1.98,-6.14
2024-04-19,3.28,0.56,67.27,62.68,2.45,-5.86
2024-04-20,1.08,-0.1,83.27,62.52,2.71,-3.22
2024-04-21,0.27,1.27,73.49,62.59,2.2,-4.07
2024-04-22,0.05,-0.23,73.99,62.59,2.24,-5.32
2024-04-23,0.15,-0.85,78.42,62.53,2.12,-4.84
2024-04-24,0.14,-0.25,71.05,62.53,2.13,-5.82
2024-04-25,0.0,1.52,63.17,62.65,1.88,-5.81
2024-04-26,0.03,2.28,59.75,62.75,1.99,-5.74
2024-04-27,6.93,-0.43,84.1,62.69,3.23,-3.33
2024-04-28,0.03,0.13,70.01,62.71,1.9,-5.52
2024-04-29,3.58,0.49,78.32,62.72,3.47,-3.64
2024-04-30,0.08,0.31,69.41,62.52,2.84,-6.05
2024-05-01,0.41,-2.94,70.95,62.1,3.05,-8.22
2024-05-02,0.0,1.38,47.48,62.35,1.87,-9.75
2024-05-03,0.0,4.5,49.21,62.72,2.29,-6.41
2024-05-04,0.0,3.44,68.56,62.77,2.56,-2.55
2024-05-05,0.0,3.93,59.8,62.58,2.21,-4.02
2024-05-06,0.09,3.53,73.28,62.71,1.93,-1.71
2024-05-07,0.0,3.7,76.77,62.88,1.92,-0.59
2024-05-08,0.1,4.33,69.66,62.8,1.75,-1.92
2024-05-09,0.45,4.94,70.69,62.75,1.98,-1.59
2024-05-10,2.34,5.51,74.08,62.83,1.99,-0.18
2024-05-11,4.68,4.85,79.44,62.95,2.44,0.81
2024-05-12,1.4,3.25,73.33,62.96,2.28,-1.83
2024-05-13,0.01,2.73,51.44,62.98,2.15,-7.53
2024-05-14,0.0,3.66,50.88,63.0,1.96,-6.33
2024-05-15,0.73,3.43,63.06,63.07,1.3,-3.63
2024-05-16,0.0,5.13,66.5,63.1,1.77,-1.4
2024-05-17,0.0,6.54,66.81,63.04,1.71,0.08
2024-05-18,0.95,7.37,65.84,62.85,1.81,0.29
2024-05-19,1.19,6.73,71.56,62.77,2.12,1.37
2024-05-20,1.64,5.84,69.7,62.85,2.08,-0.07
2024-05-21,0.06,5.8,66.9,62.89,1.98,-0.94
2024-05-22,0.22,6.37,68.55,62.9,2.11,0.49
2024-05-23,1.02,7.27,72.72,62.81,2.01,1.94
2024-05-24,1.12,7.74,75.16,62.81,2.05,2.69
2024-05-25,0.34,7.91,69.23,62.75,2.06,1.68
2024-05-26,0.22,8.41,59.15,62.74,2.09,-0.09
2024-05-27,0.04,8.35,53.76,62.63,2.18,-1.32
2024-05-28,0.0,7.7,44.01,62.49,2.31,-4.95
2024-05-29,0.77,7.01,41.34,62.68,2.51,-6.3
2024-05-30,5.1,6.93,51.12,62.86,2.66,-2.85
2024-05-31,0.15,6.67,41.08,62.88,2.16,-6.37
2024-06-01,1.88,6.41,43.85,62.92,2.41,-5.74
2024-06-02,0.18,5.68,55.73,62.88,1.92,-3.08
2024-06-03,1.63,6.31,59.59,62.82,2.13,-1.87
2024-06-04,0.21,5.23,72.04,62.82,2.56,0.24
2024-06-05,4.22,5.67,66.5,62.92,2.55,-1.06
2024-06-06,3.84,4.9,64.97,62.9,2.15,-1.72
2024-06-07,0.0,5.88,55.06,62.81,2.48,-3.52
2024-06-08,0.0,6.01,55.61,62.75,2.33,-3.53
2024-06-09,0.0,6.14,72.3,62.75,2.21,0.88
2024-06-10,0.0,6.93,56.78,62.84,2.32,-2.26
2024-06-11,0.0,7.17,51.22,62.86,2.37,-2.99
2024-06-12,0.0,7.76,50.11,62.88,2.15,-2.92
2024-06-13,0.0,8.49,51.76,62.84,2.14,-2.63
2024-06-14,0.0,8.62,57.87,62.79,2.22,-0.37
2024-06-15,0.0,8.81,60.92,62.78,2.0,0.71
2024-06-16,0.0,10.05,58.79,62.88,2.22,1.48
2024-06-17,0.51,10.17,59.91,62.93,2.14,1.58
2024-06-18,0.3,9.78,65.12,62.7,2.4,2.67
2024-06-19,11.09,8.93,68.22,62.56,2.63,2.15
2024-06-20,0.33,6.78,60.29,62.6,2.06,-2.13
2024-06-21,0.89,7.72,71.44,62.67,2.4,2.01
2024-06-22,0.57,8.31,80.29,62.71,2.32,4.47
2024-06-23,0.56,9.77,76.64,62.82,2.44,5.02
2024-06-24,1.41,9.84,77.99,62.77,2.18,5.64
2024-06-25,0.26,10.24,75.37,62.75,2.32,5.51
2024-06-26,0.85,10.73,76.96,62.78,2.45,6.12
2024-06-27,6.45,10.81,79.38,62.83,2.08,6.72
2024-06-28,4.05,10.97,86.93,62.68,2.15,8.55
2024-06-29,2.0,10.93,89.15,62.58,2.14,8.9
2024-06-30,3.9,11.79,80.05,62.57,2.27,7.81
2024-07-01,4.4,12.35,83.29,62.41,2.21,9.05
2024-07-02,13.66,11.75,89.48,62.38,2.27,9.73
2024-07-03,10.01,11.41,90.15,62.52,1.92,9.5
2024-07-04,10.11,11.34,89.09,62.65,2.31,9.26
2024-07-05,31.5,10.44,93.14,62.47,3.48,9.15
2024-07-06,12.24,9.88,88.41,62.38,3.1,7.63
2024-07-07,20.49,9.05,85.24,62.58,1.72,6.31
2024-07-08,8.66,9.46,84.93,62.74,1.52,6.66
2024-07-09,0.46,10.35,82.15,62.86,1.85,7.17
2024-07-10,1.36,10.87,86.3,62.91,2.08,8.25
2024-07-11,3.07,9.99,82.49,62.62,2.14,6.65
2024-07-12,1.44,8.82,87.31,62.49,2.14,6.39
2024-07-13,0.15,8.86,76.35,62.52,1.97,4.24
2024-07-14,0.26,9.38,81.72,62.57,2.09,5.83
2024-07-15,10.24,10.57,85.77,62.8,2.1,7.98
2024-07-16,5.15,10.77,91.22,62.87,1.9,8.93
2024-07-17,2.13,11.07,83.3,62.85,1.95,7.82
2024-07-18,2.71,11.04,76.24,62.72,1.78,5.85
2024-07-19,8.21,10.71,78.15,62.66,1.98,6.36
2024-07-20,3.53,11.78,86.5,62.72,2.09,9.17
2024-07-21,9.83,12.04,89.69,62.72,2.48,10.2
2024-07-22,9.76,12.0,89.51,62.69,2.48,10.02
2024-07-23,10.97,11.39,91.06,62.6,1.84,9.7
2024-07-24,5.84,9.84,91.79,62.42,1.21,8.23
2024-07-25,6.98,10.14,93.03,62.41,1.96,8.88
2024-07-26,10.52,11.57,85.14,62.48,2.23,8.92
2024-07-27,11.18,11.48,91.86,62.67,1.94,10.06
2024-07-28,6.07,11.3,91.51,62.7,1.93,9.81
2024-07-29,11.66,12.42,88.93,62.7,1.81,10.31
2024-07-30,3.04,12.35,89.79,62.8,2.02,10.4
2024-07-31,13.0,12.85,88.5,62.67,2.18,10.57
2024-08-01,28.38,9.25,91.62,62.66,2.25,7.78
2024-08-02,2.92,9.87,86.57,62.58,2.09,7.38
2024-08-03,2.72,8.93,88.59,62.63,1.76,6.91
2024-08-04,7.54,9.91,88.4,62.73,2.01,7.84
2024-08-05,2.75,10.15,92.94,62.81,2.05,8.81
2024-08-06,3.8,10.27,93.49,62.63,2.12,9.1
2024-08-07,7.88,9.1,92.02,62.67,1.53,7.54
2024-08-08,11.84,9.07,94.24,62.77,1.77,7.98
2024-08-09,11.38,10.04,92.38,62.8,1.57,8.67
2024-08-10,3.86,10.7,89.72,62.73,1.45,8.7
2024-08-11,11.33,7.78,91.48,62.72,1.42,6.34
2024-08-12,2.58,8.73,89.97,62.8,1.31,6.91
2024-08-13,1.82,9.71,91.3,62.87,1.09,8.13
2024-08-14,1.22,11.98,87.15,62.89,1.54,9.26
2024-08-15,0.79,11.19,88.19,62.89,1.5,8.85
2024-08-16,1.83,10.09,91.39,62.85,1.97,8.42
2024-08-17,3.4,9.03,83.58,62.96,1.31,6.14
2024-08-18,3.58,10.33,85.18,62.9,1.95,7.76
2024-08-19,5.35,9.54,89.8,62.82,1.88,7.66
2024-08-20,12.32,9.33,91.87,62.81,2.34,7.85
2024-08-21,4.92,9.64,85.01,62.89,1.81,6.77
2024-08-22,4.03,9.72,85.64,62.83,1.62,6.92
2024-08-23,2.56,9.3,89.77,62.89,1.95,7.44
2024-08-24,8.43,8.76,90.48,62.92,1.78,6.99
2024-08-25,2.27,8.53,91.2,62.84,1.6,6.93
2024-08-26,15.69,8.51,91.76,62.8,1.91,6.98
2024-08-27,3.76,8.46,89.04,62.92,1.96,6.46
2024-08-28,19.53,8.81,86.51,62.84,1.65,6.43
2024-08-29,3.35,8.39,87.72,62.84,1.87,6.24
2024-08-30,1.99,8.07,88.46,63.0,1.57,6.04
2024-08-31,0.15,9.95,77.56,63.01,1.54,5.86
2024-09-01,10.38,9.82,87.4,63.0,1.61,7.51
2024-09-02,9.23,8.59,92.15,62.96,1.88,7.1
2024-09-03,12.03,8.36,89.72,62.99,2.03,6.47
2024-09-04,2.06,8.68,86.41,62.8,1.49,6.22
2024-09-05,0.65,8.89,83.1,62.65,1.78,5.95
2024-09-06,2.47,9.1,90.34,62.78,2.2,7.37
2024-09-07,1.44,8.81,91.74,62.85,2.13,7.31
2024-09-08,6.65,8.63,86.81,62.9,1.61,6.26
2024-09-09,1.29,9.17,84.54,62.75,1.7,6.4
2024-09-10,8.77,8.75,91.12,62.73,2.37,7.12
2024-09-11,3.98,8.13,87.65,62.77,1.93,5.88
2024-09-12,14.32,7.72,87.33,62.62,1.31,5.44
2024-09-13,30.26,6.66,84.43,62.43,1.48,3.98
2024-09-14,2.42,6.14,87.1,62.54,1.89,3.92
2024-09-15,0.87,6.92,87.12,62.63,1.82,4.46
2024-09-16,0.01,6.91,79.39,62.8,1.6,2.99
2024-09-17,4.56,6.85,87.64,62.94,1.81,4.67
2024-09-18,7.74,5.59,86.8,62.9,1.26,3.37
2024-09-19,0.14,8.04,76.72,63.0,1.73,3.81
2024-09-20,0.0,8.95,75.55,63.0,1.66,4.3
2024-09-21,0.0,8.88,75.77,63.03,1.59,4.11
2024-09-22,0.0,9.37,85.21,63.03,1.45,6.45
2024-09-23,0.0,9.99,85.8,63.04,1.27,7.13
2024-09-24,0.83,10.32,87.69,62.97,1.38,7.73
2024-09-25,4.66,8.99,88.25,62.9,1.4,6.3
2024-09-26,9.93,6.78,92.42,62.83,1.0,5.4
2024-09-27,4.46,7.49,92.67,62.76,2.3,6.17
2024-09-28,0.97,7.08,85.0,62.87,1.82,4.1
2024-09-29,0.01,6.48,70.99,63.06,1.52,0.61
2024-09-30,0.06,6.84,61.62,63.02,1.51,-1.02
2024-10-01,0.0,7.62,65.0,62.85,1.46,0.6
2024-10-02,0.0,6.24,67.91,62.82,1.32,-0.42
2024-10-03,0.0,5.25,71.71,62.75,1.52,-0.29
2024-10-04,0.0,4.86,83.98,62.78,1.54,1.66
2024-10-05,0.01,3.4,77.12,62.88,1.49,-0.87
2024-10-06,0.0,3.09,68.34,63.06,1.54,-2.93
2024-10-07,0.05,3.84,78.37,63.17,1.44,-0.25
2024-10-08,0.16,3.88,78.93,63.12,1.55,0.18
2024-10-09,0.0,2.98,73.12,62.96,1.54,-1.71
2024-10-10,0.0,1.81,66.79,62.85,1.62,-4.08
2024-10-11,0.0,2.72,66.34,62.86,1.45,-3.92
2024-10-12,0.0,3.08,64.04,62.92,1.51,-4.0
2024-10-13,0.0,2.94,72.74,62.96,1.54,-2.27
2024-10-14,0.94,2.11,73.87,62.93,1.53,-2.67
2024-10-15,0.0,2.95,70.29,62.86,1.35,-3.06
2024-10-16,0.0,2.89,74.64,62.85,1.61,-1.76
2024-10-17,0.0,1.46,73.04,62.84,1.57,-3.72
2024-10-18,0.0,1.49,73.98,62.81,1.52,-3.42
2024-10-19,0.0,2.38,75.13,62.83,1.11,-2.33
2024-10-20,0.0,2.46,84.82,62.88,1.29,-0.5
2024-10-21,0.0,2.02,83.09,62.88,1.45,-1.05
2024-10-22,0.0,1.45,80.01,62.92,1.36,-2.08
2024-10-23,0.0,0.86,73.8,62.98,1.39,-3.91
2024-10-24,0.0,1.72,65.72,62.98,1.31,-4.34
2024-10-25,0.0,3.77,49.96,62.94,1.16,-6.7
2024-10-26,0.0,5.03,51.28,62.98,1.44,-5.14
2024-10-27,0.0,5.34,56.85,62.94,1.31,-3.6
2024-10-28,0.0,4.77,69.38,62.89,1.25,-1.25
2024-10-29,0.0,3.22,62.44,62.89,1.4,-4.04
2024-10-30,0.0,1.85,59.51,62.93,1.47,-5.95
2024-10-31,0.0,2.05,51.08,62.96,1.26,-7.94
2024-11-01,0.0,3.81,46.02,62.98,1.32,-7.65
2024-11-02,0.0,4.57,47.01,63.08,1.3,-6.93
2024-11-03,0.0,2.76,56.24,63.1,1.31,-5.93
2024-11-04,0.0,2.17,68.86,62.89,1.25,-3.69
2024-11-05,0.0,3.53,58.38,62.96,1.22,-5.07
2024-11-06,0.0,4.99,46.59,63.06,1.19,-6.76
2024-11-07,0.0,4.94,51.18,63.07,1.32,-5.51
2024-11-08,0.0,3.65,59.6,63.03,1.36,-4.62
2024-11-09,0.0,2.24,62.4,62.99,1.36,-4.87
2024-11-10,0.0,1.28,55.84,62.99,1.39,-7.46
2024-11-11,0.0,-0.89,58.37,62.9,1.49,-9.11
2024-11-12,0.0,-2.07,51.82,62.79,1.35,-11.43
2024-11-13,0.0,-0.88,37.28,62.74,1.23,-13.75
2024-11-14,0.0,-0.74,41.55,62.88,1.58,-12.35
2024-11-15,0.0,-1.13,37.62,62.83,1.71,-13.86
2024-11-16,0.0,-3.36,58.94,62.57,1.72,-10.98
2024-11-17,0.0,-3.28,51.27,62.64,1.25,-12.69
2024-11-18,0.0,-2.39,37.23,62.72,1.24,-15.19
2024-11-19,0.0,-2.46,38.57,62.72,1.24,-14.98
2024-11-20,0.0,-2.05,40.91,62.67,1.51,-14.1
2024-11-21,0.0,-2.26,38.61,62.62,1.56,-14.7
2024-11-22,0.0,-3.28,44.22,62.56,1.53,-14.46
2024-11-23,0.0,-4.88,55.48,62.6,1.21,-12.69
2024-11-24,0.0,-4.79,58.34,62.59,1.27,-12.37
2024-11-25,0.0,-4.28,60.04,62.53,1.15,-11.5
2024-11-26,0.0,-4.7,65.87,62.47,1.23,-10.72
2024-11-27,0.0,-4.56,67.72,62.42,1.15,-10.37
2024-11-28,0.0,-3.63,48.71,62.58,1.21,-14.15
2024-11-29,0.0,-2.09,45.87,62.75,1.11,-12.72
2024-11-30,0.0,-3.15,50.77,62.63,1.14,-11.9
2024-12-01,0.0,-3.9,65.14,62.51,1.49,-9.76
2024-12-02,0.0,-5.41,59.81,62.51,1.49,-12.41
2024-12-03,0.0,-5.5,55.86,62.63,1.33,-13.47
2024-12-04,0.0,-4.96,51.72,62.57,1.17,-14.0
2024-12-05,0.0,-3.64,22.6,62.52,1.35,-21.63
2024-12-06,0.0,-4.84,27.61,62.37,1.68,-20.43
2024-12-07,0.0,-7.41,52.01,62.14,2.22,-16.74
2024-12-08,0.14,-10.41,90.16,61.92,3.02,-12.37
2024-12-09,0.38,-11.31,88.34,61.84,2.31,-13.67
2024-12-10,0.0,-7.7,38.09,62.25,1.65,-19.87
2024-12-11,0.0,-6.87,54.93,62.46,1.79,-14.52
2024-12-12,0.0,-9.43,62.55,62.3,2.59,-15.98
2024-12-13,0.0,-7.44,32.79,62.42,1.05,-21.42
2024-12-14,0.0,-4.24,29.24,62.75,1.39,-19.44
2024-12-15,0.0,-1.13,27.6,63.05,1.17,-17.2
2024-12-16,0.0,-1.53,22.02,62.95,1.69,-19.49
2024-12-17,0.0,-6.44,47.26,62.64,2.13,-16.23
2024-12-18,0.0,-5.65,33.86,62.62,1.44,-19.27
2024-12-19,0.0,-6.13,42.49,62.52,1.84,-17.51
2024-12-20,0.0,-8.12,56.62,62.34,1.22,-15.88
2024-12-21,0.0,-8.35,43.73,62.34,1.31,-18.8
2024-12-22,0.0,-7.02,38.13,62.44,1.43,-19.09
2024-12-23,1.7,-9.96,69.71,62.28,1.79,-15.14
2024-12-24,2.59,-9.42,85.49,62.22,1.88,-12.03
2024-12-25,0.02,-9.76,71.85,62.42,1.37,-14.67
2024-12-26,0.0,-7.48,51.19,62.79,1.48,-16.15
2024-12-27,10.97,-6.3,66.36,62.78,2.09,-12.34
2024-12-28,17.94,-7.4,97.41,62.46,2.9,-8.23
2024-12-29,0.26,-9.88,87.07,62.44,1.29,-12.4
2024-12-30,0.0,-9.77,50.02,62.62,1.39,-18.63
2024-12-31,0.0,-7.52,46.24,62.7,1.05,-17.11
2025-01-01,0.0,-6.35,52.76,62.68,1.23,-14.69
2025-01-02,0.0,-4.86,61.27,62.9,1.14,-11.58
2025-01-03,0.0,-3.54,46.42,63.08,0.94,-13.47
2025-01-04,0.0,-3.48,39.5,63.0,1.14,-15.32
2025-01-05,0.0,-6.9,58.73,62.72,2.22,-14.66
2025-01-06,1.94,-9.17,88.37,62.3,2.23,-11.49
2025-01-07,0.02,-10.37,63.06,62.22,1.42,-17.24
2025-01-08,0.0,-7.99,44.15,62.31,1.29,-18.42
2025-01-09,0.0,-8.19,39.95,62.52,1.12,-19.71
2025-01-10,0.0,-6.95,36.56,62.7,1.17,-19.64
2025-01-11,0.45,-8.24,65.72,62.48,1.91,-14.35
2025-01-12,2.06,-9.56,93.47,62.16,1.38,-11.15
2025-01-13,0.0,-9.93,70.91,62.35,1.39,-14.89
2025-01-14,0.0,-8.41,52.92,62.59,1.35,-16.62
2025-01-15,0.0,-9.47,50.45,62.66,1.73,-18.74
2025-01-16,3.01,-10.43,91.64,62.42,2.99,-12.14
2025-01-17,0.0,-10.01,63.88,62.58,1.15,-16.22
2025-01-18,0.0,-7.16,52.56,62.69,1.22,-15.59
2025-01-19,0.0,-5.62,64.99,62.82,1.1,-11.59
2025-01-20,0.0,-5.04,67.64,62.72,1.5,-10.47
2025-01-21,0.0,-6.32,74.64,62.55,2.05,-10.74
2025-01-22,0.0,-8.01,78.8,62.4,2.48,-11.8
2025-01-23,0.0,-9.42,92.83,62.21,2.36,-10.68
2025-01-24,0.0,-9.47,65.71,62.34,1.49,-15.85
2025-01-25,0.0,-5.67,27.99,62.55,1.31,-21.27
2025-01-26,0.0,-4.32,25.79,62.61,1.56,-21.47
2025-01-27,0.0,-4.89,29.01,62.46,1.7,-20.74
2025-01-28,0.0,-4.77,27.34,62.48,1.36,-20.98
2025-01-29,0.0,-6.41,52.8,62.49,2.46,-14.86
2025-01-30,0.0,-8.94,73.77,62.15,2.09,-13.43
2025-01-31,0.0,-9.51,75.9,62.12,2.34,-13.87
2025-02-01,0.0,-9.67,86.56,62.29,2.33,-12.31
2025-02-02,0.0,-8.26,64.64,62.46,1.5,-14.92
2025-02-03,0.0,-4.94,30.27,62.65,1.73,-20.42
2025-02-04,4.23,-5.03,88.07,62.55,4.63,-7.13
2025-02-05,0.73,-8.54,93.75,62.19,3.87,-10.1
2025-02-06,0.0,-10.56,40.63,62.27,1.65,-21.96
2025-02-07,0.0,-7.41,33.51,62.43,1.13,-20.63
2025-02-08,0.0,-6.87,61.48,62.5,1.27,-13.54
2025-02-09,0.0,-6.81,74.47,62.48,1.35,-11.16
2025-02-10,0.0,-7.52,72.39,62.44,1.35,-12.14
2025-02-11,0.12,-8.33,76.51,62.31,1.53,-13.05
2025-02-12,0.0,-9.72,56.95,62.19,1.78,-17.82
2025-02-13,0.0,-9.23,40.62,62.19,2.13,-20.8
2025-02-14,0.0,-6.14,44.45,62.22,1.69,-16.12
2025-02-15,0.71,-7.26,67.2,62.16,1.33,-12.8
2025-02-16,0.0,-7.33,54.04,62.32,1.56,-16.18
2025-02-17,0.0,-7.71,70.16,62.45,1.52,-13.03
2025-02-18,0.0,-8.45,52.84,62.44,1.57,-17.06
2025-02-19,0.05,-7.51,54.08,62.33,1.69,-16.06
2025-02-20,9.2,-7.35,91.1,62.3,3.14,-9.34
2025-02-21,2.42,-7.61,77.65,62.43,1.56,-11.99
2025-02-22,0.34,-7.56,75.9,62.37,1.63,-11.67
2025-02-23,0.01,-7.61,78.65,62.45,1.41,-11.54
2025-02-24,0.0,-8.05,61.05,62.58,1.75,-15.53
2025-02-25,0.12,-4.83,53.6,62.85,1.16,-13.5
2025-02-26,3.19,-3.74,80.4,62.93,1.49,-7.14
2025-02-27,24.28,-4.96,89.38,62.59,2.41,-7.1
2025-02-28,57.86,-4.69,99.3,62.24,5.17,-5.34
2025-03-01,2.35,-7.83,94.33,62.38,2.09,-9.43
2025-03-02,0.0,-10.25,58.29,62.36,1.06,-17.3
2025-03-03,0.78,-9.77,65.85,62.37,1.9,-16.1
2025-03-04,3.99,-9.56,97.13,62.21,3.48,-10.42
2025-03-05,0.0,-9.21,44.11,62.23,1.41,-19.68
2025-03-06,0.0,-4.73,52.99,62.42,1.65,-14.03
2025-03-07,0.0,-6.04,60.73,62.28,1.74,-14.15
2025-03-08,0.0,-6.53,73.04,62.21,1.61,-12.08
2025-03-09,0.0,-4.01,69.36,62.63,1.31,-10.11
2025-03-10,0.02,-3.78,80.77,62.9,1.57,-7.14
2025-03-11,0.03,-4.32,81.32,62.84,1.47,-7.89
2025-03-12,0.0,-4.39,80.25,62.57,1.85,-8.06
2025-03-13,0.2,-5.29,81.16,62.42,2.05,-8.72
2025-03-14,1.29,-4.96,79.43,62.52,1.69,-8.72
2025-03-15,12.49,-5.71,95.63,62.6,3.09,-6.51
2025-03-16,4.2,-5.74,94.03,62.49,2.71,-6.7
2025-03-17,0.24,-7.45,83.6,62.33,1.55,-10.62
2025-03-18,0.0,-5.77,71.16,62.53,1.58,-11.31
2025-03-19,0.64,-4.75,73.99,62.7,1.82,-9.25
2025-03-20,0.01,-6.03,80.09,62.8,1.69,-9.92
2025-03-21,0.0,-5.82,81.22,62.64,1.66,-9.37
2025-03-22,0.01,-5.6,68.82,62.48,1.17,-11.44
2025-03-23,0.0,-4.53,54.13,62.77,1.62,-13.95
2025-03-24,0.0,-2.13,58.66,62.93,1.62,-10.43
2025-03-25,0.0,-0.64,71.27,62.82,1.66,-5.9
2025-03-26,0.01,0.05,47.3,62.78,1.56,-10.12
2025-03-27,0.04,-1.5,67.94,62.76,1.8,-7.25
2025-03-28,0.0,-4.1,60.65,62.58,2.37,-11.65
2025-03-29,0.0,-2.17,34.99,62.62,1.4,-15.93
2025-03-30,0.49,-1.68,40.74,62.74,2.0,-13.75
2025-03-31,0.01,-2.49,52.92,62.73,1.73,-11.28
2025-04-01,0.0,-3.41,60.88,62.65,1.88,-11.01
2025-04-02,0.0,-3.86,61.12,62.78,1.98,-11.29
2025-04-03,0.0,-3.33,56.44,62.86,1.83,-11.73
2025-04-04,0.0,-2.68,68.38,62.74,1.57,-8.37
2025-04-05,0.0,-1.52,54.0,62.67,1.69,-11.07
2025-04-06,0.0,0.54,47.63,62.78,1.71,-10.29
2025-04-07,0.0,1.45,61.56,62.99,1.68,-5.95
2025-04-08,0.0,1.72,71.65,63.11,1.53,-3.64
2025-04-09,4.39,2.2,78.0,62.98,1.89,-1.92
2025-04-10,2.44,0.78,79.69,62.62,2.05,-3.08
2025-04-11,9.02,-0.28,73.05,62.48,1.94,-5.3
2025-04-12,10.41,-1.21,85.34,62.45,1.87,-3.82
2025-04-13,0.11,0.28,77.3,62.63,1.42,-3.88
2025-04-14,0.0,2.39,57.44,62.75,1.5,-6.76
2025-04-15,0.0,3.07,65.45,62.82,1.8,-3.95
2025-04-16,4.31,3.76,63.31,62.83,1.64,-4.3
2025-04-17,0.09,3.48,75.25,62.71,1.87,-1.46
2025-04-18,0.45,4.31,58.05,62.78,2.31,-4.66
2025-04-19,0.68,2.22,78.51,62.78,2.63,-1.63
2025-04-20,0.56,2.37,78.58,62.8,2.95,-1.71
2025-04-21,1.06,2.47,75.61,62.98,2.49,-2.38
2025-04-22,0.08,2.49,62.65,62.97,2.02,-5.18
2025-04-23,0.0,2.31,49.36,62.76,2.26,-8.46
2025-04-24,0.0,1.44,49.73,62.64,2.5,-8.58
2025-04-25,0.0,0.8,49.49,62.73,2.11,-8.61
2025-04-26,0.0,1.81,39.73,62.76,1.97,-11.03
2025-04-27,0.0,1.42,54.29,62.86,1.88,-7.34
2025-04-28,0.0,3.27,48.35,62.77,1.61,-8.33
2025-04-29,0.0,3.48,43.77,62.78,1.63,-8.95
2025-04-30,0.0,4.37,49.52,62.85,1.44,-7.69
2025-05-01,1.17,3.6,77.29,62.89,1.84,-0.86
2025-05-02,2.55,3.0,84.5,62.8,1.55,0.09
2025-05-03,1.59,3.07,84.63,62.72,2.26,0.28
2025-05-04,9.72,2.04,78.42,62.62,1.73,-1.66
2025-05-05,2.33,2.73,81.75,62.65,1.93,-0.38
2025-05-06,5.92,2.94,87.32,62.65,1.66,0.74
2025-05-07,3.65,3.23,89.35,62.62,1.36,1.33
2025-05-08,4.42,4.11,82.66,62.75,1.89,1.06
2025-05-09,1.4,4.79,80.16,62.86,1.96,1.2
2025-05-10,9.96,4.68,88.89,62.84,2.3,2.69
2025-05-11,1.88,4.07,87.01,62.77,2.58,1.7
2025-05-12,0.02,3.04,73.15,62.68,2.11,-1.96
2025-05-13,0.0,3.73,64.97,62.73,2.22,-3.35
2025-05-14,0.0,4.4,67.98,62.78,2.19,-1.73
2025-05-15,0.23,5.11,74.25,62.84,2.14,0.22
2025-05-16,0.9,4.84,72.54,62.81,2.2,-0.19
2025-05-17,0.09,5.06,70.51,62.79,1.75,-0.48
2025-05-18,3.62,6.36,70.55,62.81,1.93,0.69
2025-05-19,1.14,6.04,76.08,62.83,2.58,1.5
2025-05-20,0.2,6.42,71.43,62.73,1.85,0.54
2025-05-21,4.55,6.29,75.48,62.78,1.85,1.35
2025-05-22,0.01,8.08,55.24,62.7,1.46,-2.02
2025-05-23,0.0,8.17,53.24,62.67,1.65,-3.0
2025-05-24,9.67,7.07,79.17,62.67,1.95,2.88
2025-05-25,2.52,6.06,76.54,62.73,2.19,1.65
2025-05-26,18.09,7.67,80.63,62.65,1.39,3.81
2025-05-27,6.74,7.8,85.88,62.63,1.61,5.11
2025-05-28,2.16,7.0,82.19,62.54,2.18,3.67
2025-05-29,4.75,6.68,78.51,62.43,2.12,2.55
2025-05-30,1.36,5.72,72.58,62.38,2.06,0.19
2025-05-31,0.35,4.14,66.15,62.45,2.21,-2.73
2025-06-01,0.38,2.86,67.05,62.43,2.58,-3.31
2025-06-02,3.12,1.94,67.13,62.35,2.34,-4.1
2025-06-03,9.25,1.58,74.16,62.4,2.45,-3.02
2025-06-04,5.95,1.08,78.53,62.51,2.32,-2.64
2025-06-05,1.45,2.06,80.11,62.69,1.93,-1.38
2025-06-06,0.0,6.07,63.33,62.8,1.42,-1.9
2025-06-07,0.0,8.23,59.36,62.93,1.64,-0.93
2025-06-08,0.0,8.95,73.79,62.97,1.86,3.61
2025-06-09,0.0,9.09,64.73,62.93,1.94,2.08
2025-06-10,0.01,9.44,63.26,62.92,1.97,2.02
2025-06-11,0.62,9.01,68.86,62.96,2.03,2.77
2025-06-12,1.09,9.41,70.43,62.94,2.05,3.51
2025-06-13,2.39,9.34,73.98,62.92,2.0,4.29
2025-06-14,0.04,9.81,69.39,62.79,2.13,3.48
2025-06-15,14.01,8.68,78.97,62.7,2.11,4.45
2025-06-16,5.53,8.68,79.65,62.65,2.08,4.88
2025-06-17,3.91,8.25,83.24,62.66,2.12,5.28
2025-06-18,2.76,9.08,81.03,62.51,2.01,5.6
2025-06-19,1.5,10.95,75.4,62.47,1.65,5.71
2025-06-20,2.52,12.02,76.42,62.63,1.82,6.65
2025-06-21,0.2,11.64,86.86,62.75,1.83,9.1
2025-06-22,1.76,10.96,86.7,62.64,2.03,8.48
2025-06-23,1.86,11.3,84.02,62.47,1.96,8.23
2025-06-24,1.13,12.21,83.84,62.5,1.9,9.04
2025-06-25,4.69,11.08,88.38,62.7,1.41,8.87
2025-06-26,0.56,10.09,88.68,62.87,1.82,7.95
2025-06-27,10.42,10.08,84.02,62.75,2.11,7.12
2025-06-28,20.23,9.86,89.14,62.57,1.6,7.87
2025-06-29,23.27,9.91,90.62,62.4,1.61,8.2
2025-06-30,24.52,9.38,87.7,62.37,1.4,6.99
2025-07-01,7.52,10.05,85.91,62.54,1.66,7.39
2025-07-02,4.97,10.29,88.09,62.63,1.85,8.09
2025-07-03,6.32,10.56,88.49,62.67,2.02,8.46
2025-07-04,0.8,12.19,76.98,62.65,1.28,6.69
2025-07-05,1.12,12.86,70.38,62.64,1.51,5.14
2025-07-06,12.44,12.45,80.23,62.58,1.77,7.82
2025-07-07,24.11,9.33,93.38,62.6,1.35,8.05
2025-07-08,4.68,10.06,79.91,62.66,1.49,6.27
2025-07-09,10.47,9.34,82.95,62.65,1.86,6.23
2025-07-10,14.03,8.03,89.84,62.67,1.61,6.2
2025-07-11,6.7,8.69,88.68,62.69,1.99,6.64
2025-07-12,2.58,9.11,88.23,62.79,2.0,6.9
2025-07-13,4.3,9.76,83.39,62.77,2.23,6.72
2025-07-14,3.94,9.01,88.66,62.69,1.87,6.94
2025-07-15,6.0,9.55,89.85,62.62,2.12,7.67
2025-07-16,7.38,9.59,91.14,62.64,2.05,7.97
2025-07-17,3.99,8.7,91.98,62.71,1.71,7.22
2025-07-18,3.3,9.47,90.22,62.77,1.34,7.68
2025-07-19,0.43,11.76,84.96,62.67,1.73,8.91
2025-07-20,22.47,11.46,92.54,62.56,1.44,10.04
2025-07-21,11.41,9.75,92.48,62.67,1.39,8.33
2025-07-22,4.09,10.12,91.42,62.59,1.96,8.59
2025-07-23,6.24,10.78,89.93,62.43,2.05,8.9
2025-07-24,1.96,10.71,86.85,62.41,1.99,8.32
2025-07-25,21.99,10.42,87.77,62.48,2.06,8.19
2025-07-26,1.23,10.83,90.97,62.59,1.67,9.08
2025-07-27,3.66,11.08,91.83,62.55,1.42,9.35
2025-07-28,5.49,11.35,88.39,62.47,1.31,9.09
2025-07-29,7.6,10.54,92.69,62.5,1.81,9.16
2025-07-30,12.57,10.36,92.2,62.57,2.25,8.9
2025-07-31,5.35,10.0,90.28,62.62,2.06,8.21
2025-08-01,5.96,10.46,89.72,62.67,2.02,8.58
2025-08-02,2.08,10.24,90.79,62.68,2.13,8.5
2025-08-03,11.86,10.08,83.16,62.72,1.73,6.99
2025-08-04,12.25,10.21,87.43,62.69,1.96,7.96
2025-08-05,38.46,9.59,94.78,62.69,2.93,8.63
2025-08-06,11.69,8.22,93.32,62.72,1.5,7.01
2025-08-07,1.65,10.08,89.62,62.7,1.93,8.27
2025-08-08,5.75,10.15,88.88,62.82,2.17,8.17
2025-08-09,1.37,9.85,91.58,62.93,1.89,8.3
2025-08-10,13.84,10.89,92.33,62.84,1.82,9.47
2025-08-11,25.16,10.42,93.53,62.76,1.65,9.2
2025-08-12,6.94,11.32,90.0,62.72,1.8,9.44
2025-08-13,15.03,11.66,86.54,62.7,1.67,9.13
2025-08-14,24.67,9.72,93.73,62.84,1.37,8.58
2025-08-15,5.85,10.43,92.9,62.75,1.79,9.12
2025-08-16,9.73,9.32,94.2,62.69,1.54,8.2
2025-08-17,25.85,8.73,93.95,62.81,1.65,7.62
2025-08-18,20.78,8.66,92.8,62.92,1.93,7.37
2025-08-19,1.95,9.17,91.4,62.84,2.2,7.56
2025-08-20,6.48,8.83,92.01,62.8,2.02,7.33
2025-08-21,1.73,9.73,86.99,62.77,1.63,7.34
2025-08-22,10.82,10.44,90.89,62.62,1.63,8.72
2025-08-23,6.78,8.34,92.96,62.61,1.06,7.0
2025-08-24,5.66,8.64,91.79,62.75,2.03,7.1
2025-08-25,22.27,7.86,92.5,62.73,1.57,6.44
2025-08-26,4.4,8.08,91.32,62.86,1.86,6.48
2025-08-27,1.67,9.61,88.2,62.82,1.55,7.47
2025-08-28,8.0,9.9,91.61,62.72,1.24,8.28
2025-08-29,10.38,9.0,92.58,62.8,1.33,7.57
2025-08-30,4.96,9.05,90.55,62.91,1.66,7.28
2025-08-31,17.61,7.77,95.31,62.75,2.23,6.93
2025-09-01,22.06,6.46,95.87,62.57,2.05,5.65
2025-09-02,22.69,6.47,94.1,62.63,2.09,5.36
2025-09-03,18.85,6.79,91.88,62.82,1.84,5.31
2025-09-04,4.97,7.27,90.06,62.91,1.45,5.44
2025-09-05,3.47,8.35,84.62,62.89,1.6,5.57
2025-09-06,4.67,8.7,90.26,62.94,1.86,6.79
2025-09-07,1.45,7.88,87.69,62.88,1.6,5.67
2025-09-08,0.95,8.14,88.33,62.91,1.84,6.06
2025-09-09,0.17,8.95,82.65,62.99,1.71,5.75
2025-09-10,1.12,9.48,85.11,62.87,1.52,6.64
2025-09-11,1.35,9.66,82.55,62.8,1.72,6.37
2025-09-12,3.9,10.01,91.08,62.91,1.4,8.29
2025-09-13,5.44,8.84,92.35,62.95,1.36,7.47
2025-09-14,4.2,9.03,90.29,62.93,1.63,7.37
2025-09-15,14.28,9.66,91.2,62.76,1.55,7.92
2025-09-16,8.52,8.74,93.66,62.77,2.23,7.62
2025-09-17,7.93,8.12,91.98,62.83,1.69,6.51
2025-09-18,6.33,7.62,88.9,62.81,2.24,5.58
2025-09-19,2.0,7.18,88.73,62.9,1.65,4.97
2025-09-20,0.02,6.81,81.55,62.81,1.38,3.38
2025-09-21,0.0,8.04,71.89,62.74,1.17,2.03
2025-09-22,0.0,9.0,71.59,62.83,1.49,2.73
2025-09-23,0.0,8.58,88.25,62.85,1.51,6.31
2025-09-24,0.0,7.76,77.82,62.8,1.46,3.39
2025-09-25,0.0,6.69,73.53,62.86,1.55,1.77
2025-09-26,0.0,6.24,66.95,62.96,1.5,-0.15
2025-09-27,0.0,6.88,77.8,63.14,1.48,2.61
2025-09-28,0.0,7.51,77.28,63.02,1.48,3.18
2025-09-29,1.66,6.64,79.94,62.9,1.6,2.82
2025-09-30,0.14,5.21,70.35,62.73,1.5,-0.62
2025-10-01,0.03,4.97,82.17,62.67,1.49,1.68
2025-10-02,2.61,5.1,81.37,62.92,1.46,1.56
2025-10-03,0.06,4.46,65.46,63.05,1.45,-2.1
2025-10-04,0.23,4.23,67.04,62.87,1.37,-1.85
2025-10-05,2.35,2.15,56.08,62.77,1.6,-6.09
2025-10-06,11.72,0.14,75.32,62.83,1.89,-4.14
2025-10-07,6.65,-1.51,93.08,62.7,1.74,-2.89
2025-10-08,7.18,-1.35,84.32,62.71,1.84,-4.14
2025-10-09,1.29,-0.72,88.34,62.76,1.45,-2.91
2025-10-10,0.03,-1.01,76.49,62.73,1.73,-5.11
2025-10-11,0.0,-0.18,65.81,62.72,1.34,-6.52
2025-10-12,0.0,1.76,66.78,62.8,1.52,-4.44
2025-10-13,0.0,3.07,65.32,62.87,1.5,-3.83
2025-10-14,0.0,4.13,64.55,62.86,1.49,-3.16
2025-10-15,0.0,3.3,68.63,62.89,1.6,-2.59
2025-10-16,0.0,2.31,59.1,62.93,1.56,-5.66
2025-10-17,0.0,2.31,66.73,62.99,1.51,-3.99
2025-10-18,0.0,1.73,72.89,62.92,1.47,-3.19
2025-10-19,0.0,2.58,70.18,62.89,1.45,-2.78
2025-10-20,0.0,2.11,65.46,62.95,1.53,-4.28
2025-10-21,0.22,1.29,77.05,62.98,1.79,-2.83
2025-10-22,0.32,0.35,78.73,62.97,1.7,-3.44
2025-10-23,1.96,-0.86,79.4,62.86,1.53,-4.43
2025-10-24,0.0,-0.28,78.01,62.85,1.41,-4.12
2025-10-25,0.0,-1.32,72.33,62.75,1.46,-6.37
2025-10-26,0.0,-0.44,76.89,62.87,1.43,-4.76
2025-10-27,0.0,-1.06,68.77,62.95,1.62,-6.78
2025-10-28,0.0,-1.54,57.92,62.92,1.53,-9.4
2025-10-29,0.0,-0.21,58.78,62.94,1.49,-8.09
2025-10-30,0.0,0.19,56.86,62.92,1.0,-7.63
2025-10-31,0.0,0.16,57.64,62.82,1.36,-7.94
2025-11-01,0.0,0.55,61.59,62.8,1.3,-6.88
2025-11-02,0.0,0.23,50.21,62.74,1.54,-9.54
2025-11-03,0.0,1.97,39.49,62.69,1.41,-11.2
2025-11-04,0.2,-2.33,68.17,62.57,2.43,-8.26
2025-11-05,0.01,-3.93,79.25,62.46,1.56,-8.05
2025-11-06,0.0,-4.09,60.56,62.59,1.33,-11.61
2025-11-07,0.0,-2.9,42.71,62.78,1.39,-14.39
2025-11-08,0.0,-2.58,41.21,62.78,1.47,-14.91
2025-11-09,0.0,-4.23,51.18,62.62,1.39,-13.5
2025-11-10,0.0,-4.04,52.31,62.62,1.51,-13.01
2025-11-11,0.0,-4.36,49.69,62.67,1.35,-13.88
2025-11-12,0.0,-3.92,45.4,62.72,1.4,-14.38
2025-11-13,0.0,-5.31,52.69,62.68,1.32,-14.31
2025-11-14,0.0,-4.71,59.25,62.69,1.31,-12.33
2025-11-15,0.0,-3.34,47.49,62.8,1.32,-13.56
2025-11-16,0.0,-2.47,44.49,62.98,1.36,-13.79
2025-11-17,0.0,0.04,39.89,63.08,1.4,-12.46
2025-11-18,0.0,-0.02,44.58,62.92,1.3,-11.22
2025-11-19,0.0,-1.23,56.07,62.84,1.4,-9.6
2025-11-20,0.0,-2.77,55.52,62.85,1.4,-11.25
2025-11-21,0.0,-4.05,48.64,62.84,1.36,-14.11
2025-11-22,0.0,-5.69,59.13,62.62,1.42,-13.3
2025-11-23,0.0,-6.62,64.89,62.57,1.34,-13.22
2025-11-24,0.0,-6.02,52.24,62.66,1.29,-14.86
2025-11-25,0.0,-5.41,44.7,62.65,1.28,-16.0
2025-11-26,0.0,-5.01,47.93,62.79,1.41,-15.03
2025-11-27,0.0,-3.23,34.42,62.95,1.14,-16.72
2025-11-28,0.0,-4.23,36.38,62.86,1.21,-17.13
2025-11-29,0.0,-3.63,34.93,62.74,1.12,-16.85
2025-11-30,0.0,-3.07,38.73,62.8,0.91,-15.25
2025-12-01,0.0,-2.82,39.94,62.69,1.26,-14.66
2025-12-02,0.0,-5.6,59.15,62.43,1.6,-12.94
2025-12-03,0.0,-7.66,61.31,62.56,1.32,-14.74
2025-12-04,0.0,-6.3,40.62,62.73,1.14,-17.82
2025-12-05,0.0,-5.02,43.95,62.79,1.33,-16.05
2025-12-06,0.0,-4.32,44.46,62.83,1.17,-15.36
2025-12-07,0.0,-4.45,54.13,62.81,1.15,-12.6
2025-12-08,0.0,-6.13,71.39,62.72,1.28,-11.23
2025-12-09,0.0,-5.64,47.09,62.69,1.19,-15.88
2025-12-10,0.0,-3.12,43.01,62.78,1.02,-14.35
2025-12-11,0.0,-3.66,47.52,62.72,1.35,-14.69
2025-12-12,0.0,-3.43,42.12,62.7,1.35,-15.22
2025-12-13,0.0,-3.28,53.94,62.86,1.41,-12.09
2025-12-14,0.0,-2.57,49.32,62.97,1.32,-12.2
2025-12-15,0.0,-3.86,55.21,62.95,1.34,-12.18
2025-12-16,0.0,-3.73,56.3,62.84,1.47,-12.05
2025-12-17,0.0,-1.54,41.96,63.0,1.44,-13.49
2025-12-18,0.0,0.2,28.51,63.0,0.99,-16.67
2025-12-19,0.0,-0.23,42.44,62.87,1.18,-11.81
2025-12-20,0.0,1.17,30.82,62.78,0.97,-13.9
2025-12-21,0.0,-2.26,69.23,62.91,0.77,-7.83
2025-12-22,0.0,-3.69,57.03,62.87,1.19,-11.37
2025-12-23,0.0,-5.91,42.54,62.58,1.13,-16.97
2025-12-24,0.0,-4.77,32.36,62.44,1.09,-19.91
2025-12-25,0.0,-3.56,30.84,62.62,1.01,-18.87
2025-12-26,0.0,-4.32,48.53,62.6,0.84,-14.36
2025-12-27,0.0,-6.36,51.61,62.61,1.28,-15.43
2025-12-28,0.0,-5.84,57.19,62.67,1.14,-13.47
2025-12-29,0.0,-6.27,66.99,62.57,1.21,-11.81
2025-12-30,0.0,-7.32,70.02,62.47,1.33,-12.54
2025-12-31,0.0,-6.71,64.31,62.25,1.22,-12.75
