date,rain,T2M,RH2M,PS,WS2M,T2MDEW
1995-01-01,0.0,22.85,66.31,101.15,1.77,16.07
1995-01-02,0.0,23.18,62.14,101.12,1.53,15.24
1995-01-03,0.0,23.24,69.3,101.08,1.66,17.24
1995-01-04,0.0,23.12,71.5,101.15,2.74,17.6
1995-01-05,0.0,22.44,73.5,101.29,3.52,17.27
1995-01-06,0.07,22.95,77.4,101.28,3.88,18.66
1995-01-07,0.07,23.87,75.55,101.32,4.54,19.17
1995-01-08,0.72,23.57,81.11,101.04,3.57,20.12
1995-01-09,12.44,24.06,83.75,100.94,2.46,21.12
1995-01-10,3.02,24.27,79.07,100.97,1.95,20.37
1995-01-11,0.12,23.27,81.33,101.08,4.06,19.82
1995-01-12,25.85,22.98,83.89,100.97,3.75,20.05
1995-01-13,12.58,21.13,79.36,101.08,4.26,17.3
1995-01-14,2.52,21.69,79.11,101.16,4.0,17.8
1995-01-15,1.64,22.32,81.59,101.22,4.23,18.95
1995-01-16,0.0,22.93,80.26,101.21,3.91,19.27
1995-01-17,0.53,23.0,76.57,101.23,4.58,18.52
1995-01-18,4.43,22.52,78.84,101.39,4.75,18.6
1995-01-19,0.0,22.97,74.48,101.3,3.63,18.02
1995-01-20,0.0,22.71,75.25,101.05,1.84,17.9
1995-01-21,0.0,22.93,70.08,100.99,1.58,16.86
1995-01-22,0.0,22.76,68.31,101.06,1.46,16.32
1995-01-23,0.0,23.24,71.94,101.12,1.44,17.82
1995-01-24,0.02,23.2,71.17,101.13,1.55,17.52
1995-01-25,0.5,22.91,75.43,101.27,2.68,18.14
1995-01-26,0.25,22.49,69.56,101.33,3.25,16.21
1995-01-27,0.19,22.37,64.49,101.28,3.16,15.01
1995-01-28,0.19,22.72,66.73,101.25,3.12,15.93
1995-01-29,0.0,22.83,67.62,101.23,2.65,16.23
1995-01-30,0.0,23.22,66.85,101.25,2.78,16.38
1995-01-31,0.0,23.23,69.37,101.29,3.33,16.94
1995-02-01,0.0,23.34,70.98,101.34,3.07,17.5
1995-02-02,0.0,23.71,71.38,101.29,2.47,18.08
1995-02-03,0.0,23.77,74.37,101.23,2.75,18.83
1995-02-04,0.0,23.73,76.22,101.21,2.66,19.17
1995-02-05,0.0,23.68,77.87,101.32,2.27,19.42
1995-02-06,0.0,24.27,73.22,101.37,2.42,18.99
1995-02-07,0.0,24.35,76.0,101.32,3.29,19.7
1995-02-08,0.0,24.31,73.83,101.08,2.28,19.05
1995-02-09,0.0,24.73,74.59,100.95,2.37,19.47
1995-02-10,0.0,24.82,77.21,100.85,2.6,20.1
1995-02-11,0.0,25.51,77.82,100.87,2.89,20.94
1995-02-12,0.0,25.86,71.73,100.89,2.48,19.99
1995-02-13,0.0,25.65,70.59,100.92,2.87,19.39
1995-02-14,0.0,25.16,66.62,100.88,2.88,17.74
1995-02-15,0.0,25.1,61.9,100.75,2.93,16.54
1995-02-16,0.0,25.42,70.58,100.7,2.84,19.14
1995-02-17,0.0,25.03,77.38,100.8,2.2,20.6
1995-02-18,0.03,25.57,77.15,100.74,3.8,21.1
1995-02-19,0.04,26.53,76.89,100.68,4.12,21.77
1995-02-20,0.21,26.46,77.03,100.72,3.26,21.7
1995-02-21,0.18,26.56,76.14,100.72,3.33,21.56
1995-02-22,0.03,26.16,79.31,100.66,3.78,22.03
1995-02-23,0.0,26.4,76.4,100.68,4.2,21.62
1995-02-24,0.29,26.89,71.18,100.69,3.24,20.7
1995-02-25,0.19,26.5,72.54,100.81,2.06,20.97
1995-02-26,0.0,26.23,70.74,100.75,2.27,20.3
1995-02-27,0.22,26.49,74.47,100.66,3.55,21.33
1995-02-28,0.22,26.84,75.96,100.62,3.76,21.91
1995-03-01,0.16,27.7,69.81,100.72,2.63,20.73
1995-03-02,0.0,27.41,69.9,100.85,2.16,20.76
1995-03-03,0.0,27.48,70.0,100.83,2.26,20.96
1995-03-04,0.01,27.8,69.96,100.79,2.84,21.38
1995-03-05,0.0,27.73,70.21,100.71,3.11,21.43
1995-03-06,0.06,27.28,73.99,100.75,3.03,22.01
1995-03-07,0.02,27.38,69.1,100.82,2.47,20.84
1995-03-08,0.03,27.02,72.74,100.91,3.4,21.47
1995-03-09,0.02,27.28,69.54,100.83,2.5,20.81
1995-03-10,0.12,26.86,76.41,100.87,2.6,22.19
1995-03-11,0.08,27.23,74.18,100.91,2.76,21.95
1995-03-12,0.3,27.62,71.37,100.85,2.31,21.76
1995-03-13,0.37,27.87,69.95,100.78,2.04,21.74
1995-03-14,0.01,28.23,66.61,100.87,2.09,21.31
1995-03-15,0.0,28.41,64.44,101.02,2.17,20.83
1995-03-16,0.0,29.06,63.29,100.89,3.35,20.97
1995-03-17,0.0,29.21,61.89,100.87,2.1,20.88
1995-03-18,0.0,29.11,61.73,100.93,2.3,20.48
1995-03-19,0.09,29.08,60.0,101.01,1.79,19.91
1995-03-20,0.04,29.61,61.73,100.82,2.59,20.86
1995-03-21,0.0,29.47,61.63,100.72,3.19,20.76
1995-03-22,0.0,29.77,59.96,100.6,3.08,20.42
1995-03-23,0.0,29.25,63.26,100.43,3.26,20.85
1995-03-24,0.02,29.68,65.38,100.35,4.19,21.85
1995-03-25,0.25,29.15,67.52,100.4,4.37,22.02
1995-03-26,0.38,28.68,67.91,100.47,3.01,21.72
1995-03-27,1.38,28.57,66.79,100.43,2.89,21.41
1995-03-28,0.17,28.97,67.62,100.41,3.5,21.93
1995-03-29,0.23,29.09,72.66,100.34,4.38,23.37
1995-03-30,0.17,29.26,71.61,100.28,4.58,23.27
1995-03-31,0.18,29.19,71.88,100.35,4.36,23.19
1995-04-01,0.14,29.38,71.27,100.34,4.22,23.21
1995-04-02,0.19,29.67,68.41,100.45,3.73,22.69
1995-04-03,0.23,29.48,68.71,100.61,3.14,22.64
1995-04-04,0.51,29.37,66.69,100.61,2.72,22.17
1995-04-05,0.93,29.24,67.65,100.65,2.93,22.35
1995-04-06,0.15,29.37,67.12,100.7,2.99,22.16
1995-04-07,0.08,30.13,65.19,100.38,4.35,22.11
1995-04-08,0.0,30.89,64.83,100.1,5.23,22.61
1995-04-09,0.09,30.19,70.78,100.34,4.6,23.91
1995-04-10,0.06,29.57,70.33,100.71,3.86,22.93
1995-04-11,0.0,29.43,66.55,100.73,3.29,21.63
1995-04-12,0.0,29.74,58.26,100.59,3.96,19.43
1995-04-13,0.01,29.9,62.94,100.38,4.85,21.1
1995-04-14,0.09,29.68,71.31,100.39,4.54,23.55
1995-04-15,0.05,29.8,69.75,100.52,4.06,23.25
1995-04-16,0.62,30.25,64.51,100.43,3.2,22.26
1995-04-17,1.64,30.49,63.35,100.42,3.38,22.23
1995-04-18,0.29,30.64,64.61,100.47,3.36,22.64
1995-04-19,0.33,29.82,69.25,100.45,3.2,23.19
1995-04-20,0.2,30.14,67.04,100.32,3.8,22.93
1995-04-21,0.15,29.9,70.14,100.35,3.46,23.68
1995-04-22,0.23,29.61,71.5,100.4,3.43,23.61
1995-04-23,0.41,30.26,69.85,100.4,3.64,23.86
1995-04-24,0.06,31.52,64.76,100.22,4.26,23.47
1995-04-25,0.23,31.55,64.38,100.22,4.17,23.49
1995-04-26,0.17,30.88,68.89,100.23,3.97,23.99
1995-04-27,0.13,30.3,70.1,100.37,4.33,23.57
1995-04-28,0.12,30.54,67.75,100.42,4.37,23.36
1995-04-29,0.18,31.22,66.03,100.35,4.48,23.43
1995-04-30,0.15,31.53,64.88,100.14,4.05,23.36
1995-05-01,0.31,31.23,67.46,100.03,4.44,24.02
1995-05-02,0.97,30.58,68.77,100.25,3.65,23.87
1995-05-03,0.77,30.54,69.44,100.3,3.32,23.84
1995-05-04,0.47,30.66,69.71,100.16,3.45,24.17
1995-05-05,1.54,30.11,70.84,100.12,2.34,24.04
1995-05-06,1.96,29.73,64.49,100.25,2.3,21.79
1995-05-07,7.58,28.39,73.23,100.38,4.07,23.03
1995-05-08,15.01,28.19,79.05,100.17,6.98,24.14
1995-05-09,65.77,28.55,88.13,99.59,5.55,26.41
1995-05-10,107.92,28.44,85.21,99.38,6.0,25.7
1995-05-11,75.82,28.68,88.79,99.42,6.41,26.66
1995-05-12,36.66,28.49,88.9,99.38,6.09,26.5
1995-05-13,10.02,28.93,82.86,99.33,4.62,25.67
1995-05-14,8.36,28.24,84.41,99.23,6.34,25.33
1995-05-15,16.59,28.19,86.49,99.39,6.37,25.73
1995-05-16,0.35,29.44,82.33,99.51,5.75,26.03
1995-05-17,0.3,29.66,77.77,99.75,3.29,25.1
1995-05-18,0.08,29.21,71.95,99.94,3.26,23.3
1995-05-19,0.2,28.52,81.34,100.16,3.71,24.87
1995-05-20,0.92,28.59,85.93,100.35,4.38,25.97
1995-05-21,0.21,28.55,83.59,100.22,4.13,25.44
1995-05-22,0.05,28.57,80.57,100.1,3.63,24.82
1995-05-23,0.65,28.44,82.91,100.23,3.17,25.2
1995-05-24,0.17,28.28,85.12,100.32,3.23,25.5
1995-05-25,0.01,28.06,83.76,100.38,3.15,25.01
1995-05-26,0.03,28.28,83.08,100.37,3.23,25.07
1995-05-27,0.01,29.45,79.88,100.24,3.93,25.51
1995-05-28,0.02,29.37,78.96,100.16,4.41,25.25
1995-05-29,0.15,29.53,78.67,100.0,4.12,25.33
1995-05-30,0.54,29.26,81.63,99.92,3.6,25.68
1995-05-31,0.34,28.91,87.55,99.93,3.06,26.62
1995-06-01,0.25,29.27,84.45,99.87,3.72,26.24
1995-06-02,0.3,29.02,90.16,99.76,3.58,27.23
1995-06-03,0.4,29.22,87.99,99.74,3.8,27.01
1995-06-04,0.38,29.1,85.52,99.76,3.58,26.38
1995-06-05,0.84,29.2,85.81,99.64,4.32,26.56
1995-06-06,1.26,29.15,85.64,99.51,5.09,26.47
1995-06-07,0.3,30.83,77.15,99.33,3.46,25.85
1995-06-08,0.65,31.17,70.61,99.23,4.06,24.67
1995-06-09,0.49,31.22,71.05,99.25,5.06,25.02
1995-06-10,0.24,30.41,74.13,99.34,4.09,25.05
1995-06-11,0.03,30.43,71.22,99.42,4.74,24.25
1995-06-12,0.09,29.86,84.22,99.55,3.82,26.87
1995-06-13,0.15,29.99,81.87,99.7,2.7,26.44
1995-06-14,0.15,29.66,82.38,99.83,2.1,26.29
1995-06-15,0.65,29.88,81.2,99.9,3.4,26.26
1995-06-16,0.44,29.77,83.13,99.89,3.74,26.55
1995-06-17,11.2,29.58,85.4,99.7,3.23,26.85
1995-06-18,1.76,29.38,82.23,99.74,3.91,26.0
1995-06-19,1.12,29.19,83.71,99.85,4.06,26.13
1995-06-20,1.68,28.75,84.44,99.94,4.83,25.82
1995-06-21,9.86,27.87,87.98,99.96,4.23,25.7
1995-06-22,7.24,27.75,85.25,99.85,5.25,25.02
1995-06-23,4.53,28.05,84.16,99.79,4.84,25.06
1995-06-24,3.56,28.22,86.08,99.77,4.93,25.65
1995-06-25,1.26,28.87,81.79,99.84,4.43,25.37
1995-06-26,1.79,27.99,84.08,99.85,4.64,24.99
1995-06-27,15.13,28.21,86.73,99.62,5.54,25.74
1995-06-28,7.32,28.39,86.23,99.54,5.19,25.83
1995-06-29,23.54,28.05,87.99,99.56,5.65,25.86
1995-06-30,35.75,28.01,91.73,99.52,5.3,26.55
1995-07-01,4.47,28.14,87.43,99.27,4.77,25.83
1995-07-02,1.2,28.26,84.02,99.41,3.59,25.24
1995-07-03,0.52,28.44,83.06,99.77,3.46,25.25
1995-07-04,0.18,28.91,83.53,99.82,3.26,25.81
1995-07-05,2.94,28.09,85.61,99.75,3.36,25.45
1995-07-06,2.24,28.33,85.61,99.68,3.59,25.65
1995-07-07,1.56,27.6,89.83,99.68,4.66,25.79
1995-07-08,2.77,28.08,86.14,99.74,3.59,25.53
1995-07-09,2.6,28.26,88.0,99.63,3.43,26.07
1995-07-10,10.52,28.28,88.55,99.4,4.2,26.2
1995-07-11,38.13,27.9,88.4,99.46,5.21,25.8
1995-07-12,26.79,27.96,86.32,99.74,4.74,25.44
1995-07-13,12.87,28.02,87.16,99.83,4.81,25.66
1995-07-14,5.55,28.06,86.1,99.79,4.86,25.49
1995-07-15,7.04,27.9,87.72,99.74,5.37,25.66
1995-07-16,7.16,27.75,87.72,99.72,5.84,25.51
1995-07-17,9.98,27.95,84.34,99.69,5.54,25.0
1995-07-18,20.5,27.66,86.85,99.66,5.95,25.25
1995-07-19,10.99,27.24,87.58,99.68,6.81,25.0
1995-07-20,10.69,27.38,85.32,99.76,6.84,24.66
1995-07-21,5.51,27.0,87.19,99.92,6.95,24.69
1995-07-22,9.71,27.05,88.04,99.85,6.91,24.89
1995-07-23,16.28,26.51,91.61,99.85,6.46,25.05
1995-07-24,12.43,26.77,90.27,99.96,5.99,25.06
1995-07-25,5.08,27.26,87.62,100.07,4.69,25.01
1995-07-26,0.71,28.14,86.36,99.94,3.44,25.61
1995-07-27,5.92,28.05,85.76,99.9,2.75,25.42
1995-07-28,4.79,28.03,87.8,99.84,2.49,25.81
1995-07-29,2.27,27.7,90.88,99.75,3.78,26.08
1995-07-30,0.66,27.6,89.93,99.75,4.02,25.81
1995-07-31,1.4,28.08,89.73,99.84,4.12,26.25
1995-08-01,1.62,28.01,88.36,99.81,4.4,25.9
1995-08-02,1.4,27.68,89.0,99.65,4.84,25.71
1995-08-03,3.61,27.98,86.97,99.57,4.42,25.59
1995-08-04,0.61,28.11,86.81,99.82,3.61,25.68
1995-08-05,1.13,28.21,89.45,99.98,4.17,26.29
1995-08-06,1.0,28.07,90.73,99.86,4.05,26.42
1995-08-07,4.87,27.64,90.16,99.73,4.66,25.89
1995-08-08,3.84,27.67,86.93,99.58,5.09,25.27
1995-08-09,4.1,27.21,89.92,99.71,4.85,25.43
1995-08-10,2.8,27.57,87.91,100.07,2.61,25.33
1995-08-11,1.34,27.13,91.6,100.32,3.6,25.65
1995-08-12,3.42,27.51,90.07,100.24,4.67,25.73
1995-08-13,7.44,27.42,93.37,99.96,4.55,26.27
1995-08-14,7.2,27.62,90.0,99.97,4.57,25.82
1995-08-15,2.84,27.54,85.52,100.04,3.47,24.85
1995-08-16,1.04,27.62,83.19,100.01,2.14,24.45
1995-08-17,0.59,27.5,89.72,99.94,3.33,25.67
1995-08-18,2.73,27.62,89.34,100.08,4.07,25.69
1995-08-19,2.61,27.82,91.3,100.13,3.82,26.26
1995-08-20,1.42,28.13,89.63,100.08,3.8,26.25
1995-08-21,1.47,28.37,87.02,99.96,3.26,25.94
1995-08-22,0.77,28.36,88.67,99.83,3.32,26.29
1995-08-23,3.27,28.19,89.23,99.82,3.49,26.24
1995-08-24,3.3,27.69,89.44,99.96,3.13,25.79
1995-08-25,30.34,27.23,92.46,99.97,3.63,25.92
1995-08-26,17.06,27.52,90.51,99.82,3.93,25.83
1995-08-27,9.16,27.18,88.49,99.6,4.31,25.12
1995-08-28,9.43,27.69,88.6,99.46,2.85,25.64
1995-08-29,7.25,27.43,89.41,99.33,2.77,25.53
1995-08-30,17.07,27.06,90.11,99.08,4.69,25.3
1995-08-31,13.85,27.31,91.18,99.14,6.65,25.76
1995-09-01,7.29,27.83,88.36,99.15,7.71,25.72
1995-09-02,1.14,27.53,87.03,99.45,6.62,25.17
1995-09-03,7.29,28.07,87.65,99.6,5.89,25.8
1995-09-04,8.2,27.57,87.26,99.82,4.1,25.22
1995-09-05,0.56,28.28,82.96,99.93,3.51,25.03
1995-09-06,0.01,27.88,82.61,100.04,3.25,24.55
1995-09-07,0.01,28.57,81.2,100.1,2.71,24.92
1995-09-08,0.45,28.8,81.33,100.23,1.72,25.24
1995-09-09,1.48,28.49,80.34,100.29,0.84,24.77
1995-09-10,2.75,28.14,83.04,100.25,2.29,24.98
1995-09-11,10.22,27.56,88.93,100.18,3.57,25.58
1995-09-12,17.23,27.68,86.75,100.34,2.24,25.28
1995-09-13,15.7,27.81,87.66,100.37,3.88,25.58
1995-09-14,4.16,27.68,89.19,100.13,4.36,25.75
1995-09-15,3.21,27.78,89.62,99.94,4.71,25.93
1995-09-16,4.15,27.29,91.58,99.83,3.2,25.82
1995-09-17,10.61,27.08,90.88,99.8,5.99,25.48
1995-09-18,10.85,27.49,87.5,99.88,5.54,25.23
1995-09-19,3.59,28.06,85.84,99.88,3.72,25.45
1995-09-20,3.12,28.27,88.01,99.89,3.29,26.06
1995-09-21,4.31,28.32,88.95,99.93,3.08,26.29
1995-09-22,22.07,27.48,84.4,100.03,3.05,24.59
1995-09-23,4.55,27.53,79.3,100.16,1.92,23.54
1995-09-24,0.07,27.56,74.85,100.23,1.62,22.58
1995-09-25,3.36,27.41,83.89,100.13,1.89,24.41
1995-09-26,2.86,27.02,89.3,100.17,4.35,25.12
1995-09-27,0.27,27.38,88.44,100.15,4.3,25.29
1995-09-28,5.58,26.96,91.62,100.17,4.8,25.5
1995-09-29,32.47,27.3,88.16,100.22,3.5,25.17
1995-09-30,23.58,27.14,86.61,100.28,2.07,24.71
1995-10-01,0.07,27.39,84.02,100.37,1.81,24.43
1995-10-02,0.45,27.82,86.13,100.46,2.85,25.28
1995-10-03,0.46,28.82,76.36,100.36,1.28,24.17
1995-10-04,1.13,28.23,80.94,100.22,1.89,24.64
1995-10-05,1.94,27.67,86.45,100.24,3.06,25.21
1995-10-06,4.42,26.97,87.95,100.24,4.69,24.81
1995-10-07,26.83,27.33,89.94,100.16,4.86,25.55
1995-10-08,27.22,27.45,91.56,99.97,5.19,25.97
1995-10-09,58.15,27.88,89.41,99.98,6.08,25.99
1995-10-10,42.07,27.15,89.13,100.03,3.68,25.23
1995-10-11,28.47,26.99,88.23,100.19,2.98,24.89
1995-10-12,44.12,26.55,88.49,100.3,1.82,24.51
1995-10-13,19.85,27.02,85.0,100.35,1.52,24.28
1995-10-14,12.59,27.12,90.25,100.33,3.62,25.4
1995-10-15,56.93,26.79,90.98,100.28,5.47,25.21
1995-10-16,45.93,26.84,89.88,100.28,3.29,25.05
1995-10-17,13.97,27.07,89.83,100.42,2.92,25.28
1995-10-18,4.53,27.03,85.1,100.54,1.36,24.29
1995-10-19,1.9,26.65,86.61,100.43,1.83,24.23
1995-10-20,1.1,26.36,89.52,100.35,2.1,24.52
1995-10-21,1.37,26.76,84.19,100.45,1.79,23.87
1995-10-22,8.67,27.25,82.0,100.6,1.48,23.91
1995-10-23,16.13,26.52,89.42,100.69,3.28,24.65
1995-10-24,23.49,26.64,87.36,100.77,4.6,24.37
1995-10-25,0.07,25.66,74.69,100.77,4.84,20.78
1995-10-26,0.64,25.71,79.9,100.76,4.5,21.93
1995-10-27,0.0,26.18,79.73,100.66,3.84,22.39
1995-10-28,0.0,26.42,81.24,100.59,4.34,22.94
1995-10-29,0.03,26.03,81.24,100.5,4.31,22.52
1995-10-30,0.46,26.0,81.92,100.34,4.71,22.63
1995-10-31,4.16,26.43,81.97,100.21,2.89,23.08
1995-11-01,1.76,26.44,85.31,100.23,2.65,23.77
1995-11-02,0.34,26.54,85.11,100.41,4.18,23.81
1995-11-03,0.24,26.07,81.7,100.57,5.18,22.67
1995-11-04,0.0,25.27,74.71,100.58,4.67,20.4
1995-11-05,0.0,25.18,77.42,100.57,4.5,20.92
1995-11-06,0.0,25.01,77.59,100.55,4.97,20.77
1995-11-07,4.06,25.22,85.04,100.51,5.77,22.5
1995-11-08,11.24,25.3,85.02,100.11,7.7,22.56
1995-11-09,34.26,26.24,83.85,99.6,5.65,23.27
1995-11-10,0.08,26.8,80.02,100.36,3.15,22.99
1995-11-11,0.49,25.87,84.56,100.69,2.61,23.05
1995-11-12,0.04,25.82,75.13,100.78,2.2,20.92
1995-11-13,0.0,25.5,67.83,100.89,1.97,19.07
1995-11-14,0.0,24.58,73.33,100.91,3.43,19.45
1995-11-15,0.07,24.26,77.56,100.67,3.72,20.02
1995-11-16,0.09,24.86,77.71,100.5,2.7,20.63
1995-11-17,0.28,25.86,86.99,100.52,3.42,23.53
1995-11-18,0.51,25.83,88.06,100.47,2.66,23.69
1995-11-19,7.33,25.58,84.74,100.46,1.24,22.79
1995-11-20,7.7,24.5,84.95,100.68,4.08,21.77
1995-11-21,2.76,25.02,84.2,100.78,4.97,22.15
1995-11-22,1.26,25.12,85.36,100.87,4.82,22.49
1995-11-23,1.98,25.06,88.02,100.81,5.9,22.94
1995-11-24,4.89,22.99,86.39,100.44,7.78,20.55
1995-11-25,0.0,23.96,75.48,100.53,2.42,19.29
1995-11-26,0.05,24.91,66.9,100.85,1.1,18.25
1995-11-27,0.0,24.72,67.05,101.03,1.74,18.16
1995-11-28,0.0,24.27,65.7,101.06,1.85,17.31
1995-11-29,0.0,24.29,63.05,101.1,1.3,16.78
1995-11-30,0.0,23.34,71.83,101.13,3.2,17.93
1995-12-01,0.0,23.16,72.92,101.08,3.4,17.97
1995-12-02,0.0,23.81,73.92,101.16,2.26,18.85
1995-12-03,0.0,24.09,72.78,101.15,1.67,18.87
1995-12-04,0.0,24.48,74.87,101.05,1.42,19.71
1995-12-05,0.02,24.67,76.91,101.03,1.16,20.33
1995-12-06,0.59,23.45,83.67,101.17,3.41,20.52
1995-12-07,0.0,22.42,74.81,101.3,3.82,17.64
1995-12-08,0.0,21.97,68.65,101.32,3.54,15.85
1995-12-09,0.0,21.92,70.68,101.22,3.08,16.3
1995-12-10,0.0,22.05,75.82,101.19,2.99,17.53
1995-12-11,0.0,22.24,73.28,101.28,3.34,17.18
1995-12-12,0.0,22.27,73.63,101.32,2.9,17.25
1995-12-13,0.0,22.65,74.33,101.29,2.26,17.81
1995-12-14,0.0,22.8,72.24,101.19,1.9,17.47
1995-12-15,0.0,22.88,72.96,101.22,2.26,17.73
1995-12-16,0.0,22.64,73.95,101.33,2.92,17.67
1995-12-17,0.0,22.93,74.34,101.35,2.77,18.07
1995-12-18,0.0,23.15,75.23,101.34,2.34,18.46
1995-12-19,0.0,23.45,71.32,101.31,2.2,17.89
1995-12-20,0.0,22.96,72.73,101.31,2.62,17.7
1995-12-21,0.0,22.94,73.53,101.29,2.76,17.9
1995-12-22,0.0,22.81,77.07,101.31,2.72,18.51
1995-12-23,0.0,23.03,74.98,101.21,2.01,18.26
1995-12-24,0.0,23.29,77.93,101.13,2.01,19.17
1995-12-25,0.01,23.84,74.16,101.24,2.65,18.86
1995-12-26,0.09,23.43,75.85,101.42,3.51,18.89
1995-12-27,0.16,23.28,83.01,101.5,4.39,20.19
1995-12-28,0.02,23.18,81.12,101.51,4.01,19.72
1995-12-29,0.0,22.92,79.68,101.44,3.46,19.16
1995-12-30,0.0,22.72,75.67,101.26,2.47,18.17
1995-12-31,0.03,22.88,76.48,101.23,2.11,18.49
1996-01-01,0.0,22.62,79.3,101.27,2.75,18.81
1996-01-02,0.01,22.77,75.04,101.33,2.8,18.09
1996-01-03,0.04,23.2,79.86,101.3,2.93,19.49
1996-01-04,0.02,23.43,77.68,101.17,2.07,19.27
1996-01-05,0.02,23.2,80.29,101.07,2.27,19.57
1996-01-06,1.5,23.19,78.46,101.09,1.92,19.17
1996-01-07,0.02,23.57,73.95,101.18,1.4,18.64
1996-01-08,0.05,23.35,80.61,101.26,2.68,19.79
1996-01-09,0.47,23.77,78.11,101.2,3.31,19.67
1996-01-10,1.19,23.88,74.77,101.07,1.94,19.08
1996-01-11,0.01,23.9,74.69,100.92,1.94,19.06
1996-01-12,0.01,24.36,70.16,100.94,1.37,18.47
1996-01-13,0.01,24.21,75.04,101.0,1.6,19.43
1996-01-14,0.0,24.23,76.78,100.86,1.49,19.81
1996-01-15,0.0,23.97,79.86,100.86,1.82,20.12
1996-01-16,0.0,23.94,80.03,100.91,2.06,20.21
1996-01-17,0.0,24.23,77.25,100.98,1.85,19.91
1996-01-18,0.0,24.21,72.84,101.03,1.79,18.92
1996-01-19,0.15,24.42,71.06,100.91,1.78,18.73
1996-01-20,0.19,24.29,70.13,100.81,1.61,18.43
1996-01-21,0.06,24.35,70.53,100.87,1.6,18.56
1996-01-22,0.01,24.17,75.42,101.02,2.44,19.44
1996-01-23,0.0,23.79,73.59,101.11,3.42,18.32
1996-01-24,0.0,23.65,68.66,101.02,2.85,17.17
1996-01-25,0.0,23.96,59.38,100.91,1.69,15.25
1996-01-26,0.0,24.43,60.02,100.83,1.39,15.83
1996-01-27,0.0,23.94,72.97,100.93,3.35,18.53
1996-01-28,0.0,23.81,75.52,101.03,3.03,19.03
1996-01-29,0.0,23.98,74.27,101.0,2.94,18.92
1996-01-30,0.0,24.45,73.66,100.92,2.1,19.21
1996-01-31,0.58,24.67,75.44,100.93,1.95,19.94
1996-02-01,0.68,24.18,76.78,100.92,2.88,19.69
1996-02-02,0.0,24.14,68.96,100.97,3.3,17.93
1996-02-03,0.0,24.1,61.85,100.95,2.44,16.07
1996-02-04,0.0,24.67,68.91,100.97,2.61,18.35
1996-02-05,0.0,24.89,65.27,100.95,2.56,17.76
1996-02-06,0.08,24.68,70.14,100.95,2.56,18.71
1996-02-07,0.0,24.43,65.73,101.0,2.85,17.37
1996-02-08,0.21,24.05,65.1,101.01,2.74,16.93
1996-02-09,0.0,24.1,65.3,101.0,2.69,17.09
1996-02-10,0.12,24.03,69.17,101.02,2.69,17.83
1996-02-11,0.34,24.85,72.74,101.04,1.99,19.35
1996-02-12,0.41,24.49,76.84,101.06,3.78,19.93
1996-02-13,14.35,24.15,76.71,100.9,2.58,19.73
1996-02-14,9.79,24.4,70.58,100.8,2.1,18.62
1996-02-15,0.0,24.3,70.58,100.71,2.23,18.45
1996-02-16,0.0,24.42,70.6,100.75,2.37,18.49
1996-02-17,0.0,24.95,70.76,100.83,2.54,18.74
1996-02-18,0.0,25.48,67.49,100.92,2.32,18.32
1996-02-19,0.0,24.93,69.31,100.92,2.06,18.5
1996-02-20,0.0,25.09,65.82,100.8,2.18,17.94
1996-02-21,0.0,25.38,78.88,100.7,3.48,21.24
1996-02-22,0.02,26.48,80.99,100.66,4.65,22.74
1996-02-23,0.01,26.83,78.2,100.78,3.82,22.44
1996-02-24,0.0,26.42,78.24,100.85,3.02,22.0
1996-02-25,0.08,26.25,77.81,100.8,3.53,21.72
1996-02-26,0.0,26.16,71.04,100.86,3.04,19.73
1996-02-27,0.01,26.27,69.78,100.95,2.28,19.68
1996-02-28,0.0,26.48,64.75,100.94,2.89,18.56
1996-02-29,0.0,26.38,63.72,101.0,2.22,18.06
1996-03-01,0.0,26.74,63.79,101.06,1.99,18.71
1996-03-02,0.04,26.05,72.23,100.92,1.86,20.46
1996-03-03,0.88,26.01,70.73,100.9,2.15,19.85
1996-03-04,0.6,25.98,69.04,100.99,2.41,19.54
1996-03-05,0.17,26.22,66.55,100.9,2.27,19.03
1996-03-06,0.0,26.32,69.23,100.8,2.13,19.88
1996-03-07,0.0,26.84,66.38,100.81,2.47,19.62
1996-03-08,0.0,27.3,67.23,100.8,2.75,20.17
1996-03-09,0.06,27.61,69.03,100.77,3.34,20.55
1996-03-10,0.0,27.38,69.11,100.71,2.98,20.58
1996-03-11,0.0,27.66,68.97,100.65,3.2,20.59
1996-03-12,0.05,27.61,71.77,100.72,3.16,21.3
1996-03-13,0.01,27.94,69.86,100.53,3.99,21.12
1996-03-14,0.04,28.25,70.09,100.44,4.84,21.7
1996-03-15,0.15,27.92,69.53,100.47,4.27,21.4
1996-03-16,0.01,28.51,67.66,100.35,4.73,21.11
1996-03-17,0.01,28.97,61.87,100.37,4.64,19.82
1996-03-18,0.02,28.9,55.15,100.38,3.74,17.58
1996-03-19,0.02,28.77,52.26,100.28,3.19,16.34
1996-03-20,0.01,29.13,55.0,100.25,3.5,17.87
1996-03-21,0.16,28.56,65.51,100.4,3.41,20.39
1996-03-22,0.0,28.66,65.02,100.49,3.37,20.43
1996-03-23,0.0,28.73,68.98,100.46,3.89,21.8
1996-03-24,0.0,28.88,71.28,100.44,4.22,22.46
1996-03-25,0.03,28.65,72.64,100.38,4.26,22.7
1996-03-26,0.02,28.76,76.04,100.18,5.23,23.64
1996-03-27,0.15,29.22,73.76,100.05,5.85,23.52
1996-03-28,0.21,29.33,75.99,100.07,4.98,24.12
1996-03-29,0.1,28.59,81.67,100.08,4.92,24.92
1996-03-30,0.12,28.66,77.73,100.1,4.95,24.0
1996-03-31,0.17,29.27,72.9,100.1,5.01,23.33
1996-04-01,0.2,29.3,72.22,100.11,4.53,23.29
1996-04-02,0.56,28.75,73.44,100.29,3.27,23.19
1996-04-03,0.55,28.54,72.58,100.4,3.25,22.81
1996-04-04,0.03,28.5,71.41,100.45,3.39,22.41
1996-04-05,0.04,28.23,71.99,100.53,3.35,22.04
1996-04-06,0.0,28.1,67.09,100.6,2.9,20.34
1996-04-07,0.0,28.0,67.56,100.73,3.44,20.59
1996-04-08,0.0,29.06,63.32,100.55,3.89,20.33
1996-04-09,0.08,29.32,68.87,100.32,4.01,22.46
1996-04-10,0.01,29.28,70.29,100.28,3.51,22.94
1996-04-11,0.36,29.05,70.01,100.35,3.03,22.81
1996-04-12,0.51,28.39,74.33,100.6,2.23,23.25
1996-04-13,0.83,28.01,74.58,100.75,2.5,22.99
1996-04-14,0.15,28.01,73.81,100.74,2.11,22.77
1996-04-15,0.27,28.52,69.54,100.7,1.82,22.07
1996-04-16,0.15,29.16,68.38,100.43,3.46,22.49
1996-04-17,0.97,28.81,77.02,100.37,3.36,24.28
1996-04-18,0.42,29.49,73.53,100.43,3.92,24.01
1996-04-19,0.25,30.05,72.28,100.35,4.54,24.17
1996-04-20,0.2,30.5,67.44,100.27,3.64,23.3
1996-04-21,0.27,30.58,70.97,100.27,3.63,24.27
1996-04-22,0.22,30.19,72.46,100.38,3.23,24.4
1996-04-23,0.33,29.7,73.23,100.43,3.68,24.08
1996-04-24,1.1,29.87,71.4,100.35,4.35,23.65
1996-04-25,6.21,30.01,68.77,100.2,4.2,23.05
1996-04-26,3.84,29.33,75.77,100.11,3.82,24.29
1996-04-27,2.44,29.51,77.27,100.07,4.37,24.84
1996-04-28,0.23,30.42,73.15,99.95,4.84,24.64
1996-04-29,0.56,30.42,76.22,99.82,5.22,25.48
1996-04-30,2.45,30.62,76.73,99.82,4.49,25.76
1996-05-01,2.75,31.28,71.17,99.74,4.07,24.84
1996-05-02,0.21,31.01,73.74,99.75,3.51,24.99
1996-05-03,0.34,30.16,80.62,100.03,2.77,26.14
1996-05-04,1.47,29.6,77.8,100.16,2.82,25.06
1996-05-05,5.63,29.04,77.26,100.03,2.38,24.57
1996-05-06,0.87,30.01,70.02,99.94,2.01,23.72
1996-05-07,1.29,30.3,74.54,100.04,3.39,25.15
1996-05-08,2.12,30.18,75.7,100.02,4.18,25.13
1996-05-09,2.05,30.79,73.26,99.91,4.92,24.99
1996-05-10,2.73,31.19,72.68,99.95,3.92,24.91
1996-05-11,0.18,32.39,64.53,100.1,3.58,23.38
1996-05-12,0.0,32.15,63.7,100.16,4.19,23.33
1996-05-13,0.0,32.22,66.37,100.03,5.06,24.23
1996-05-14,0.0,33.23,60.08,99.85,4.6,23.29
1996-05-15,0.0,33.54,57.62,99.95,4.15,23.04
1996-05-16,0.1,32.91,61.05,100.12,3.64,23.55
1996-05-17,0.14,31.76,69.46,100.18,3.69,25.15
1996-05-18,0.23,31.03,73.49,100.09,4.79,25.5
1996-05-19,0.89,31.58,67.85,100.08,4.53,24.49
1996-05-20,0.53,31.8,67.98,100.16,3.19,24.89
1996-05-21,0.07,31.18,70.41,100.18,3.48,24.96
1996-05-22,0.07,30.68,71.72,100.17,3.91,24.85
1996-05-23,0.14,31.12,70.23,100.05,4.53,24.72
1996-05-24,0.32,30.63,72.28,100.06,4.38,24.83
1996-05-25,0.33,31.17,72.44,100.03,4.8,25.37
1996-05-26,0.44,31.05,67.64,100.0,4.74,24.15
1996-05-27,0.86,31.08,65.07,99.86,4.21,23.22
1996-05-28,0.52,30.24,74.62,99.69,5.85,25.06
1996-05-29,0.24,31.32,71.96,99.57,5.72,25.28
1996-05-30,0.31,31.22,65.19,99.85,6.08,23.54
1996-05-31,0.48,29.87,67.78,100.26,3.44,22.89
1996-06-01,19.47,29.44,73.35,100.13,4.66,23.96
1996-06-02,34.95,28.8,84.35,99.99,4.76,25.84
1996-06-03,0.69,29.72,80.5,99.92,5.46,25.87
1996-06-04,0.85,29.59,81.95,99.99,5.04,26.07
1996-06-05,0.48,29.43,80.44,99.98,4.2,25.47
1996-06-06,3.52,28.16,83.28,100.15,3.26,25.03
1996-06-07,2.47,29.27,78.34,100.09,3.17,24.91
1996-06-08,0.34,29.21,82.42,100.06,2.88,25.83
1996-06-09,0.57,29.61,73.93,100.11,1.99,24.28
1996-06-10,0.61,29.29,77.68,100.13,1.41,24.9
1996-06-11,3.21,28.74,78.7,100.12,2.07,24.62
1996-06-12,8.55,28.64,83.15,99.9,4.7,25.49
1996-06-13,14.09,28.13,85.01,99.55,7.17,25.35
1996-06-14,37.37,28.08,88.07,99.22,6.81,25.93
1996-06-15,74.62,27.99,89.77,98.74,7.98,26.17
1996-06-16,47.99,28.13,88.43,98.62,9.97,26.05
1996-06-17,29.26,28.03,88.09,99.23,8.22,25.87
1996-06-18,14.61,28.28,89.2,99.53,6.64,26.33
1996-06-19,4.46,28.45,89.3,99.65,6.35,26.52
1996-06-20,0.57,28.29,87.57,99.74,6.28,26.0
1996-06-21,0.72,28.03,86.69,99.8,5.21,25.58
1996-06-22,1.59,28.36,85.25,99.82,4.36,25.61
1996-06-23,0.12,28.79,83.08,99.87,4.06,25.58
1996-06-24,0.16,28.91,81.71,99.97,4.77,25.43
1996-06-25,1.75,28.8,84.49,99.89,3.99,25.91
1996-06-26,7.33,28.01,87.6,99.99,4.83,25.77
1996-06-27,61.75,27.88,88.5,100.14,5.26,25.81
1996-06-28,10.47,27.61,89.13,100.13,4.45,25.66
1996-06-29,5.41,27.28,89.34,100.17,5.22,25.38
1996-06-30,4.69,27.41,86.37,100.15,4.37,24.92
1996-07-01,0.92,27.15,85.6,100.09,3.93,24.51
1996-07-02,0.23,27.91,86.36,100.13,3.22,25.38
1996-07-03,0.7,27.75,88.78,100.31,3.29,25.74
1996-07-04,0.55,27.36,89.23,100.28,4.11,25.43
1996-07-05,0.95,27.16,90.74,99.98,4.75,25.52
1996-07-06,1.3,27.4,86.49,99.8,3.67,24.91
1996-07-07,2.47,26.76,90.38,99.79,4.08,25.07
1996-07-08,1.12,27.29,90.71,99.99,3.49,25.65
1996-07-09,1.66,27.38,89.73,100.14,2.12,25.55
1996-07-10,2.68,27.67,86.57,99.98,2.89,25.21
1996-07-11,2.56,28.17,87.6,99.64,3.03,25.89
1996-07-12,1.26,28.4,88.13,99.62,3.13,26.22
1996-07-13,4.07,27.57,90.45,99.71,3.65,25.87
1996-07-14,12.87,28.18,85.93,99.61,1.8,25.6
1996-07-15,22.04,28.26,87.13,99.56,3.31,25.89
1996-07-16,11.19,27.83,86.92,99.57,4.37,25.43
1996-07-17,6.07,28.25,85.62,99.61,3.08,25.55
1996-07-18,2.29,28.32,87.63,99.58,3.28,26.04
1996-07-19,4.99,27.75,89.37,99.48,4.83,25.83
1996-07-20,6.87,27.56,90.86,99.46,5.65,25.94
1996-07-21,6.98,27.24,89.56,99.55,6.28,25.37
1996-07-22,8.47,27.64,85.36,99.47,6.6,24.9
1996-07-23,9.75,27.72,87.51,99.51,6.41,25.42
1996-07-24,2.17,27.66,87.14,99.41,6.52,25.29
1996-07-25,7.15,27.91,85.82,99.35,6.48,25.24
1996-07-26,3.71,27.95,86.49,99.61,6.82,25.45
1996-07-27,4.26,27.8,85.32,99.83,6.28,25.08
1996-07-28,2.21,28.27,85.72,99.85,4.91,25.59
1996-07-29,1.38,28.03,86.03,99.77,3.98,25.43
1996-07-30,3.43,27.85,84.99,99.71,4.47,25.04
1996-07-31,4.49,27.17,88.33,99.62,6.15,25.07
1996-08-01,5.59,27.0,87.27,99.76,5.5,24.68
1996-08-02,1.16,27.83,84.3,99.72,5.37,24.86
1996-08-03,0.16,27.61,84.7,99.7,4.9,24.75
1996-08-04,1.13,27.88,86.6,99.69,4.03,25.4
1996-08-05,1.84,27.17,91.5,99.92,4.88,25.68
1996-08-06,2.2,27.21,89.73,99.99,4.68,25.38
1996-08-07,9.36,27.54,87.92,99.93,4.36,25.34
1996-08-08,3.28,27.8,84.63,99.84,4.07,24.92
1996-08-09,2.06,27.44,88.09,99.65,4.33,25.27
1996-08-10,0.91,27.5,87.16,99.68,3.76,25.15
1996-08-11,4.29,27.43,86.26,99.77,2.55,24.9
1996-08-12,5.42,27.61,89.01,99.71,2.61,25.63
1996-08-13,12.35,28.22,88.06,99.47,3.92,26.01
1996-08-14,22.13,27.85,90.87,99.42,3.87,26.22
1996-08-15,17.34,28.13,87.24,99.69,2.74,25.78
1996-08-16,5.5,27.56,89.14,99.89,3.54,25.61
1996-08-17,7.03,27.75,88.25,100.03,3.66,25.62
1996-08-18,28.5,27.5,89.36,100.09,3.98,25.61
1996-08-19,20.19,27.28,89.09,99.99,4.38,25.33
1996-08-20,3.18,27.29,88.4,100.09,3.76,25.21
1996-08-21,4.98,27.38,88.24,100.19,4.2,25.27
1996-08-22,6.65,26.64,90.52,100.33,2.97,24.98
1996-08-23,1.65,26.62,88.15,100.28,2.46,24.5
1996-08-24,2.52,26.71,89.77,100.09,3.47,24.9
1996-08-25,3.64,27.05,88.37,99.87,4.05,24.95
1996-08-26,4.89,27.02,87.89,99.71,2.63,24.83
1996-08-27,7.47,27.02,88.79,99.68,2.72,25.02
1996-08-28,8.43,27.5,86.51,99.81,3.86,25.03
1996-08-29,5.52,27.56,88.48,99.85,4.57,25.49
1996-08-30,8.15,27.6,88.37,99.96,3.93,25.49
1996-08-31,7.51,27.65,88.35,100.14,3.59,25.53
1996-09-01,8.25,27.49,90.3,100.19,3.57,25.77
1996-09-02,4.55,27.27,87.52,100.14,2.16,24.99
1996-09-03,2.08,27.28,87.73,100.05,1.71,25.06
1996-09-04,1.31,27.58,82.11,100.04,1.92,24.17
1996-09-05,2.6,26.95,88.11,100.04,2.3,24.84
1996-09-06,11.25,27.19,88.4,100.12,2.13,25.12
1996-09-07,24.26,26.92,90.38,100.14,3.2,25.23
1996-09-08,14.77,26.41,89.76,100.11,2.34,24.61
1996-09-09,7.17,27.01,84.74,100.04,1.62,24.21
1996-09-10,1.82,27.77,80.0,99.97,1.36,23.94
1996-09-11,0.78,28.0,79.94,99.9,1.64,24.16
1996-09-12,1.52,28.19,82.3,99.93,1.67,24.84
1996-09-13,0.15,28.21,83.02,99.93,1.63,25.03
1996-09-14,0.98,28.59,84.94,99.77,2.97,25.79
1996-09-15,1.03,27.7,88.33,99.76,2.82,25.61
1996-09-16,1.99,28.22,85.44,99.75,2.48,25.51
1996-09-17,1.29,28.15,89.47,99.66,3.95,26.26
1996-09-18,1.63,29.07,83.39,99.69,3.05,25.91
1996-09-19,10.93,28.96,82.24,99.88,2.92,25.6
1996-09-20,16.11,28.88,79.68,100.02,2.06,24.92
1996-09-21,6.38,28.48,80.04,100.13,1.73,24.7
1996-09-22,0.5,28.15,80.53,100.23,1.85,24.48
1996-09-23,0.92,27.8,81.55,100.18,1.49,24.33
1996-09-24,0.47,28.05,79.82,100.25,1.92,24.16
1996-09-25,3.96,28.41,81.94,100.22,1.95,24.98
1996-09-26,4.36,28.03,88.25,100.01,3.9,25.91
1996-09-27,3.34,28.52,82.28,99.88,2.03,25.08
1996-09-28,5.2,27.74,82.57,99.96,1.9,24.44
1996-09-29,20.19,26.24,88.12,99.84,2.1,24.13
1996-09-30,50.11,27.52,87.79,99.71,4.03,25.31
1996-10-01,33.6,27.55,88.32,99.84,5.81,25.46
1996-10-02,21.69,27.6,89.64,99.98,4.52,25.76
1996-10-03,59.5,27.45,87.86,100.1,4.06,25.27
1996-10-04,10.08,27.53,85.59,100.21,3.57,24.9
1996-10-05,4.41,27.86,87.56,100.12,3.48,25.61
1996-10-06,3.81,28.25,80.17,100.19,2.55,24.41
1996-10-07,0.23,28.15,78.19,100.5,2.3,23.98
1996-10-08,0.97,27.63,81.84,100.7,3.17,24.24
1996-10-09,0.4,27.0,82.31,100.68,3.04,23.72
1996-10-10,0.93,26.68,81.66,100.63,3.07,23.27
1996-10-11,0.62,26.56,84.37,100.59,2.87,23.71
1996-10-12,0.57,26.96,81.24,100.69,4.38,23.45
1996-10-13,0.43,26.89,81.29,100.78,4.73,23.4
1996-10-14,0.33,26.99,82.58,100.66,4.18,23.76
1996-10-15,7.77,27.3,83.82,100.48,3.93,24.32
1996-10-16,3.61,26.91,84.62,100.42,5.17,24.11
1996-10-17,13.57,27.01,87.36,100.43,6.68,24.75
1996-10-18,14.8,26.89,87.8,100.46,5.95,24.71
1996-10-19,22.04,26.86,89.24,100.47,5.38,24.96
1996-10-20,62.5,26.93,88.71,100.43,4.68,24.92
1996-10-21,35.41,26.92,86.66,100.47,3.33,24.51
1996-10-22,6.87,26.57,83.64,100.52,2.06,23.56
1996-10-23,4.47,26.4,83.91,100.61,2.38,23.46
1996-10-24,0.09,26.76,81.92,100.62,2.91,23.41
1996-10-25,0.73,26.62,85.14,100.57,3.99,23.92
1996-10-26,4.65,26.83,86.13,100.32,5.56,24.32
1996-10-27,8.12,25.52,90.26,99.83,5.41,23.79
1996-10-28,3.3,27.11,80.28,100.07,3.07,23.35
1996-10-29,0.22,27.54,77.84,100.28,1.88,23.26
1996-10-30,6.05,27.0,79.93,100.43,2.32,23.21
1996-10-31,2.0,26.52,80.22,100.49,1.7,22.8
1996-11-01,0.01,27.08,72.21,100.54,1.22,21.63
1996-11-02,0.03,27.66,62.62,100.42,1.21,19.58
1996-11-03,0.0,25.91,63.2,100.4,2.14,18.31
1996-11-04,0.01,25.53,66.14,100.37,2.57,18.67
1996-11-05,0.57,24.83,80.6,100.26,4.31,21.24
1996-11-06,8.55,26.27,89.77,100.13,4.67,24.46
1996-11-07,27.53,26.39,86.2,100.45,3.63,23.9
1996-11-08,2.54,26.14,71.36,100.8,1.46,20.51
1996-11-09,0.0,25.33,74.27,100.83,1.99,20.39
1996-11-10,0.72,26.71,76.95,100.67,1.65,22.29
1996-11-11,0.24,26.28,82.9,100.7,1.85,23.14
1996-11-12,0.0,26.39,81.22,100.7,1.77,22.89
1996-11-13,7.27,26.48,77.93,100.68,1.83,22.32
1996-11-14,0.01,26.06,76.11,100.93,2.5,21.52
1996-11-15,0.0,25.51,76.16,101.12,3.72,20.98
1996-11-16,0.0,24.96,70.71,101.06,3.68,19.25
1996-11-17,0.0,24.4,73.98,101.05,4.0,19.42
1996-11-18,0.0,24.16,73.38,101.12,4.31,19.01
1996-11-19,0.0,23.76,72.31,101.12,3.96,18.41
1996-11-20,0.15,24.06,77.94,101.08,4.68,19.92
1996-11-21,2.13,25.15,85.72,100.92,4.9,22.56
1996-11-22,1.21,25.36,86.41,100.86,3.99,22.92
1996-11-23,0.02,25.26,84.69,100.83,4.0,22.49
1996-11-24,0.0,24.3,78.76,100.82,3.76,20.34
1996-11-25,0.0,23.86,74.76,100.8,3.64,19.08
1996-11-26,0.0,24.15,77.39,100.84,3.88,19.91
1996-11-27,0.0,24.15,80.92,100.77,4.0,20.62
1996-11-28,0.0,24.17,78.7,100.64,5.0,20.16
1996-11-29,0.0,23.34,74.58,100.6,6.38,18.46
1996-11-30,0.0,22.74,64.95,100.68,5.14,15.64
1996-12-01,0.0,22.89,64.83,100.75,4.62,15.8
1996-12-02,0.07,23.25,67.43,100.67,5.4,16.74
1996-12-03,0.89,24.04,81.36,100.58,7.37,20.58
1996-12-04,8.89,24.23,89.35,100.6,7.1,22.34
1996-12-05,6.97,23.8,88.75,100.64,5.59,21.76
1996-12-06,3.03,25.09,83.91,100.77,4.65,22.19
1996-12-07,0.11,24.02,77.67,100.99,5.43,19.81
1996-12-08,0.0,23.55,71.91,101.01,4.3,18.09
1996-12-09,0.0,22.2,67.04,100.95,4.42,15.7
1996-12-10,0.0,21.96,71.68,100.97,4.36,16.48
1996-12-11,0.0,21.71,74.93,100.98,4.31,16.92
1996-12-12,0.08,22.62,78.07,100.99,4.91,18.48
1996-12-13,0.1,23.55,81.53,101.02,4.92,20.14
1996-12-14,0.01,23.74,81.75,100.95,3.02,20.39
1996-12-15,0.0,24.06,84.84,100.83,2.51,21.33
1996-12-16,0.0,24.01,84.35,100.96,3.05,21.17
1996-12-17,0.0,23.39,80.14,101.11,3.5,19.69
1996-12-18,0.0,22.56,77.71,101.13,2.71,18.39
1996-12-19,0.0,21.94,72.07,101.2,2.96,16.57
1996-12-20,0.0,21.84,69.35,101.25,3.27,15.88
1996-12-21,0.0,22.01,69.27,101.29,3.07,16.04
1996-12-22,0.0,22.0,71.53,101.34,3.03,16.52
1996-12-23,0.0,21.76,65.88,101.35,2.68,14.94
1996-12-24,0.0,21.69,62.4,101.27,2.16,14.05
1996-12-25,0.0,21.82,69.29,101.24,2.15,15.84
1996-12-26,0.0,22.53,69.46,101.13,2.15,16.56
1996-12-27,0.0,22.71,67.54,101.12,2.08,16.28
1996-12-28,0.0,22.75,73.94,101.22,2.73,17.71
1996-12-29,0.0,22.87,74.96,101.24,2.83,18.08
1996-12-30,0.0,22.54,74.99,101.25,3.14,17.8
1996-12-31,0.0,22.11,74.88,101.32,3.68,17.33
1997-01-01,0.0,22.07,66.83,101.36,3.35,15.49
1997-01-02,0.0,22.22,67.14,101.25,2.31,15.74
1997-01-03,0.0,22.49,70.46,101.18,2.31,16.8
1997-01-04,0.0,21.85,71.11,101.19,3.0,16.24
1997-01-05,0.0,21.92,68.0,101.19,3.03,15.64
1997-01-06,0.0,21.94,69.86,101.26,3.68,16.05
1997-01-07,0.12,22.39,78.09,101.25,4.56,18.25
1997-01-08,0.46,22.67,82.5,101.28,5.31,19.5
1997-01-09,2.73,23.13,80.41,101.24,5.04,19.51
1997-01-10,0.9,23.42,77.93,101.28,3.89,19.25
1997-01-11,0.07,23.47,74.19,101.31,2.83,18.46
1997-01-12,0.0,23.67,72.39,101.26,2.84,18.28
1997-01-13,0.0,23.72,76.86,101.16,2.87,19.29
1997-01-14,1.02,23.86,78.7,101.11,2.26,19.85
1997-01-15,0.5,24.11,76.28,101.04,2.01,19.61
1997-01-16,0.84,22.87,82.15,101.05,1.48,19.62
1997-01-17,0.13,23.05,75.46,101.16,2.89,18.17
1997-01-18,0.0,22.98,66.38,101.28,2.67,16.16
1997-01-19,0.0,23.01,67.21,101.07,2.0,16.41
1997-01-20,0.0,23.47,73.8,100.77,3.38,18.46
1997-01-21,0.13,24.0,76.78,100.73,2.75,19.57
1997-01-22,0.45,23.4,75.26,100.93,2.54,18.59
1997-01-23,0.05,22.38,55.92,101.03,3.16,12.23
1997-01-24,0.0,23.1,60.76,100.89,1.61,14.72
1997-01-25,0.0,22.96,71.48,100.89,2.01,17.22
1997-01-26,0.0,22.62,71.52,101.07,2.4,16.89
1997-01-27,0.0,22.65,70.21,101.1,2.57,16.68
1997-01-28,0.0,22.56,73.88,101.01,2.37,17.47
1997-01-29,0.0,23.61,66.91,100.99,2.1,16.96
1997-01-30,0.0,23.96,67.71,100.93,1.89,17.5
1997-01-31,0.0,23.86,73.1,100.78,3.21,18.63
1997-02-01,0.0,24.86,72.14,100.68,3.86,18.98
1997-02-02,0.0,24.62,70.75,100.57,3.64,18.46
1997-02-03,0.0,24.65,75.66,100.53,3.73,19.83
1997-02-04,0.0,25.02,74.87,100.62,3.27,19.89
1997-02-05,0.0,25.21,71.91,100.69,2.97,19.26
1997-02-06,0.0,25.35,73.33,100.79,2.65,19.66
1997-02-07,0.01,24.55,74.56,100.84,2.38,19.08
1997-02-08,0.01,24.82,69.06,100.74,2.23,17.96
1997-02-09,0.0,24.68,78.26,100.57,4.06,20.52
1997-02-10,0.02,25.44,73.81,100.56,3.79,20.1
1997-02-11,0.03,25.54,62.67,100.75,2.37,16.59
1997-02-12,0.0,24.58,52.39,100.96,2.77,12.72
1997-02-13,0.0,24.68,50.67,100.91,1.73,12.63
1997-02-14,0.0,24.65,53.18,100.78,1.73,13.35
1997-02-15,0.0,25.11,63.34,100.71,3.1,16.95
1997-02-16,0.0,25.32,70.57,100.7,3.78,18.77
1997-02-17,0.0,25.51,72.64,100.67,3.32,19.51
1997-02-18,0.0,25.56,71.72,100.71,3.3,19.61
1997-02-19,0.0,25.03,75.64,100.81,3.44,20.08
1997-02-20,0.0,25.81,75.25,100.91,3.51,20.59
1997-02-21,0.06,25.95,71.89,101.0,2.37,19.9
1997-02-22,0.13,25.66,77.41,100.98,2.68,21.19
1997-02-23,0.42,25.48,74.54,101.04,2.1,20.13
1997-02-24,0.2,25.35,70.79,101.13,2.11,19.1
1997-02-25,0.0,25.44,71.74,101.07,2.63,19.49
1997-02-26,0.0,25.68,70.93,100.92,3.34,19.64
1997-02-27,0.0,26.37,69.75,100.81,4.04,19.91
1997-02-28,0.0,26.81,66.3,100.84,2.97,19.11
1997-03-01,0.0,26.35,73.72,100.89,2.32,20.84
1997-03-02,0.01,26.39,69.46,100.92,2.07,19.77
1997-03-03,0.0,26.66,61.86,101.01,2.46,18.01
1997-03-04,0.0,26.44,60.9,101.04,2.61,17.31
1997-03-05,0.0,26.6,59.44,101.01,2.09,16.8
1997-03-06,0.0,26.62,59.96,101.08,1.59,17.13
1997-03-07,0.0,26.46,61.86,101.1,2.13,17.77
1997-03-08,0.0,27.21,60.55,100.97,2.93,18.15
1997-03-09,0.0,27.62,66.29,100.86,3.68,19.92
1997-03-10,0.0,27.86,70.1,100.86,3.81,21.05
1997-03-11,0.02,28.47,67.67,100.88,3.88,20.81
1997-03-12,0.05,28.7,67.99,100.69,4.43,21.12
1997-03-13,0.0,28.81,68.2,100.49,4.5,21.36
1997-03-14,0.03,29.05,70.68,100.39,4.67,22.38
1997-03-15,0.01,29.18,70.67,100.54,4.43,22.46
1997-03-16,0.03,29.34,67.99,100.62,3.34,21.73
1997-03-17,0.04,29.01,72.22,100.62,3.71,22.78
1997-03-18,0.01,29.08,70.11,100.66,3.61,22.28
1997-03-19,0.03,29.56,69.06,100.5,4.04,22.23
1997-03-20,0.01,29.45,69.12,100.39,4.58,22.24
1997-03-21,0.05,30.15,66.9,100.31,4.7,22.21
1997-03-22,0.55,29.99,62.27,100.35,3.74,20.91
1997-03-23,1.71,29.64,71.76,100.38,4.0,23.31
1997-03-24,0.67,28.85,68.95,100.52,4.44,22.02
1997-03-25,2.67,27.66,72.26,100.69,2.43,22.03
1997-03-26,5.57,27.75,69.07,100.74,2.19,21.3
1997-03-27,6.71,28.28,64.86,100.76,2.12,20.94
1997-03-28,0.0,28.6,65.73,100.64,2.6,21.33
1997-03-29,0.07,29.03,69.83,100.49,3.71,22.66
1997-03-30,0.11,28.67,71.94,100.53,4.51,22.78
1997-03-31,0.18,28.83,71.82,100.53,4.2,22.84
1997-04-01,0.6,28.45,73.91,100.46,4.27,23.01
1997-04-02,1.31,27.96,75.53,100.43,3.86,22.95
1997-04-03,1.63,27.89,73.72,100.55,3.69,22.58
1997-04-04,10.4,27.45,74.51,100.65,2.32,22.43
1997-04-05,2.47,27.75,68.47,100.71,2.21,21.09
1997-04-06,0.67,28.08,64.03,100.72,2.1,20.35
1997-04-07,1.49,28.48,66.77,100.56,3.41,21.26
1997-04-08,2.25,28.54,71.59,100.55,4.5,22.61
1997-04-09,0.85,28.97,71.75,100.51,4.87,22.95
1997-04-10,0.71,29.22,71.15,100.52,4.75,23.08
1997-04-11,1.57,29.27,71.47,100.54,4.53,23.09
1997-04-12,6.9,28.92,72.61,100.55,4.14,23.17
1997-04-13,4.36,29.08,72.39,100.41,4.66,23.16
1997-04-14,1.87,29.72,70.32,100.4,5.03,23.0
1997-04-15,0.78,29.45,73.14,100.51,5.27,23.74
1997-04-16,0.36,29.51,70.69,100.5,4.72,23.17
1997-04-17,4.68,29.02,66.28,100.6,4.68,21.69
1997-04-18,0.74,29.55,65.15,100.66,3.92,21.78
1997-04-19,0.17,29.64,61.52,100.71,1.93,21.07
1997-04-20,0.1,29.07,62.89,100.7,2.34,20.89
1997-04-21,0.06,29.51,62.73,100.57,2.55,20.95
1997-04-22,0.81,29.57,65.06,100.55,2.86,21.65
1997-04-23,0.41,29.41,67.45,100.64,2.94,22.19
1997-04-24,0.85,29.46,67.14,100.59,3.28,22.1
1997-04-25,2.29,30.1,65.39,100.41,3.88,22.43
1997-04-26,3.08,29.88,69.05,100.46,4.47,23.12
1997-04-27,0.56,29.61,71.8,100.53,4.21,23.67
1997-04-28,0.56,29.71,70.16,100.5,4.53,23.43
1997-04-29,1.03,30.29,67.02,100.45,3.63,23.06
1997-04-30,4.73,29.94,71.69,100.59,2.46,24.06
1997-05-01,5.76,29.6,73.53,100.58,2.48,24.22
1997-05-02,0.28,29.97,70.35,100.56,2.8,23.72
1997-05-03,0.11,30.55,64.81,100.44,2.94,22.91
1997-05-04,0.04,31.17,64.56,100.28,3.62,23.31
1997-05-05,0.84,29.89,66.83,100.33,3.02,22.76
1997-05-06,2.07,29.41,66.54,100.4,3.23,22.37
1997-05-07,0.37,30.01,65.99,100.41,3.44,22.48
1997-05-08,0.68,30.37,66.11,100.41,3.32,22.9
1997-05-09,0.13,30.82,66.29,100.24,3.61,23.29
1997-05-10,1.14,31.41,67.38,100.04,4.74,24.3
1997-05-11,1.78,31.56,68.35,100.08,4.69,24.73
1997-05-12,1.3,31.17,69.25,100.12,4.47,24.56
1997-05-13,0.48,31.35,66.98,100.1,4.7,24.08
1997-05-14,0.28,30.96,67.08,100.18,4.75,23.69
1997-05-15,0.17,30.84,65.31,100.23,4.41,23.11
1997-05-16,0.13,31.71,61.66,100.06,4.06,22.54
1997-05-17,0.43,30.92,68.8,99.9,3.53,24.08
1997-05-18,1.53,30.83,70.75,99.75,2.44,24.54
1997-05-19,1.19,31.51,69.13,99.62,3.65,23.98
1997-05-20,1.02,31.03,69.95,99.69,4.48,24.01
1997-05-21,0.08,32.19,68.27,99.81,4.25,24.62
1997-05-22,0.03,33.38,62.49,99.91,5.3,24.62
1997-05-23,0.05,32.32,67.73,100.01,5.36,25.19
1997-05-24,0.1,31.29,72.71,100.06,4.62,25.65
1997-05-25,1.61,31.02,75.05,100.13,4.94,25.91
1997-05-26,0.97,30.96,74.69,100.14,5.35,25.69
1997-05-27,0.08,31.22,74.15,100.15,5.68,25.84
1997-05-28,0.03,32.28,70.94,100.04,5.86,25.84
1997-05-29,0.01,34.41,56.01,99.76,4.13,22.88
1997-05-30,0.03,34.49,51.01,99.76,3.41,21.6
1997-05-31,0.98,33.1,65.96,100.0,4.0,25.45
1997-06-01,0.23,32.76,67.81,100.1,4.14,25.73
1997-06-02,0.01,34.02,56.8,100.05,3.2,23.05
1997-06-03,0.0,33.28,57.21,100.18,3.82,22.89
1997-06-04,0.02,33.11,62.28,100.23,5.03,24.3
1997-06-05,0.23,31.96,66.81,100.23,5.26,24.82
1997-06-06,0.56,30.97,72.09,100.21,5.31,25.28
1997-06-07,0.4,31.06,73.6,100.19,5.93,25.59
1997-06-08,0.77,30.44,75.6,100.32,4.96,25.46
1997-06-09,1.45,29.35,80.59,100.39,5.31,25.65
1997-06-10,4.38,31.28,65.48,100.17,4.76,23.72
1997-06-11,3.25,31.05,69.07,100.02,4.64,24.45
1997-06-12,7.08,29.04,80.76,100.03,4.89,25.39
1997-06-13,9.32,28.45,83.71,100.17,3.91,25.4
1997-06-14,1.94,28.82,80.28,100.18,3.66,25.0
1997-06-15,0.97,29.57,77.96,100.23,4.92,25.26
1997-06-16,0.69,30.53,72.41,100.23,4.48,24.73
1997-06-17,0.81,30.88,71.53,100.1,4.48,24.91
1997-06-18,1.28,30.66,72.33,99.99,4.83,24.92
1997-06-19,2.74,29.61,75.6,100.05,5.21,24.66
1997-06-20,1.85,29.82,71.72,100.17,5.56,23.96
1997-06-21,0.59,29.9,73.23,100.27,4.89,24.42
1997-06-22,1.63,29.56,74.0,100.16,5.9,24.24
1997-06-23,3.8,30.14,69.63,99.92,6.07,23.65
1997-06-24,3.51,28.64,77.58,99.7,5.51,24.2
1997-06-25,6.92,28.71,80.44,99.49,4.85,24.9
1997-06-26,1.04,29.96,72.28,99.4,3.73,24.02
1997-06-27,2.77,30.05,73.32,99.32,4.98,24.54
1997-06-28,0.85,30.46,71.49,99.24,5.19,24.42
1997-06-29,0.07,30.54,71.12,99.19,4.94,24.33
1997-06-30,0.95,29.29,77.61,99.37,5.51,24.85
1997-07-01,4.06,29.12,80.49,99.45,4.2,25.3
1997-07-02,5.67,28.42,84.25,99.47,4.52,25.43
1997-07-03,6.72,28.38,80.06,99.56,4.76,24.47
1997-07-04,6.56,28.52,80.53,99.68,5.13,24.67
1997-07-05,1.36,29.2,74.88,99.75,5.88,24.01
1997-07-06,0.56,29.56,72.44,99.7,5.71,23.79
1997-07-07,10.64,28.72,79.04,99.71,5.82,24.57
1997-07-08,9.18,27.84,82.79,99.93,6.59,24.56
1997-07-09,2.67,28.94,79.74,99.93,6.19,24.91
1997-07-10,0.34,28.69,81.15,99.83,5.57,24.97
1997-07-11,2.68,28.87,79.22,99.92,5.45,24.79
1997-07-12,1.41,28.94,78.57,99.89,4.34,24.62
1997-07-13,0.14,29.37,77.25,99.87,3.59,24.77
1997-07-14,0.16,29.25,77.96,99.93,3.69,24.87
1997-07-15,0.12,29.09,77.52,99.73,3.78,24.63
1997-07-16,0.08,30.21,70.35,99.49,3.51,23.89
1997-07-17,0.25,29.34,73.03,99.5,4.4,23.83
1997-07-18,0.41,29.22,75.37,99.72,4.01,24.25
1997-07-19,0.89,29.05,80.93,99.85,3.79,25.29
1997-07-20,3.69,28.05,85.98,99.89,3.89,25.45
1997-07-21,7.87,28.67,79.07,99.85,3.61,24.6
1997-07-22,4.45,29.55,77.12,99.76,2.99,24.88
1997-07-23,5.74,29.32,78.31,99.66,3.28,25.04
1997-07-24,3.36,28.6,82.54,99.65,5.3,25.21
1997-07-25,9.38,27.91,86.28,99.69,6.15,25.36
1997-07-26,16.58,27.91,86.31,99.8,6.17,25.36
1997-07-27,18.95,27.94,85.94,99.9,5.16,25.33
1997-07-28,7.37,28.43,82.95,99.88,5.39,25.13
1997-07-29,12.71,27.52,85.63,99.57,6.66,24.85
1997-07-30,11.72,28.14,82.29,99.42,6.91,24.76
1997-07-31,14.44,28.22,83.44,99.42,7.43,25.05
1997-08-01,2.23,28.36,82.69,99.62,6.87,25.05
1997-08-02,0.99,29.23,78.99,99.74,5.16,25.07
1997-08-03,1.71,28.82,79.15,99.68,4.76,24.76
1997-08-04,5.69,27.84,81.59,99.6,5.48,24.36
1997-08-05,1.73,27.74,78.93,99.67,6.26,23.63
1997-08-06,0.58,28.37,77.45,99.79,4.8,23.93
1997-08-07,0.28,28.88,77.13,99.87,3.82,24.32
1997-08-08,1.16,28.88,78.05,100.09,2.41,24.54
1997-08-09,2.76,28.78,78.87,100.14,1.31,24.61
1997-08-10,4.15,29.14,78.43,100.13,1.58,24.9
1997-08-11,4.14,27.77,85.69,100.16,3.37,25.11
1997-08-12,65.91,27.73,87.38,100.17,4.34,25.41
1997-08-13,14.74,27.73,87.86,100.2,3.41,25.5
1997-08-14,3.66,27.1,89.05,100.24,3.82,25.13
1997-08-15,5.23,27.1,89.24,100.18,4.02,25.17
1997-08-16,28.08,27.88,87.54,100.15,3.27,25.61
1997-08-17,18.56,28.23,86.66,99.96,3.25,25.77
1997-08-18,10.36,27.86,87.22,99.77,4.19,25.52
1997-08-19,5.01,27.6,87.13,99.67,4.6,25.26
1997-08-20,8.38,26.78,87.25,99.74,5.73,24.49
1997-08-21,4.97,27.39,87.37,99.73,6.59,25.09
1997-08-22,27.07,27.63,87.21,99.83,5.83,25.29
1997-08-23,24.84,27.75,84.1,100.0,5.47,24.78
1997-08-24,0.17,28.3,83.32,100.0,4.25,25.12
1997-08-25,0.08,28.36,84.19,99.94,3.43,25.38
1997-08-26,0.45,28.35,85.55,99.79,3.66,25.66
1997-08-27,5.12,27.58,88.9,99.59,3.97,25.58
1997-08-28,5.6,27.44,88.47,99.45,6.41,25.37
1997-08-29,1.5,26.52,82.97,99.68,6.91,23.38
1997-08-30,0.02,27.71,78.87,99.95,4.63,23.63
1997-08-31,0.19,27.93,82.05,100.09,4.37,24.5
1997-09-01,0.28,28.58,81.3,100.16,3.55,25.01
1997-09-02,0.22,28.78,82.34,100.16,2.87,25.41
1997-09-03,0.25,28.58,81.49,100.21,2.56,25.06
1997-09-04,4.22,28.0,84.56,100.3,2.67,25.15
1997-09-05,3.69,27.73,87.31,100.31,3.09,25.43
1997-09-06,3.13,27.64,89.21,100.31,3.66,25.71
1997-09-07,6.21,27.56,89.19,100.3,3.14,25.61
1997-09-08,5.08,27.23,89.7,100.23,3.77,25.39
1997-09-09,5.44,27.04,90.73,100.35,3.87,25.4
1997-09-10,3.2,27.11,90.27,100.52,3.7,25.39
1997-09-11,2.78,26.86,89.61,100.54,3.64,25.01
1997-09-12,4.22,26.77,90.5,100.49,4.24,25.09
1997-09-13,5.15,27.0,90.03,100.49,3.96,25.23
1997-09-14,1.49,27.18,88.82,100.48,3.89,25.18
1997-09-15,13.1,28.16,82.08,100.28,2.34,24.77
1997-09-16,53.54,28.15,86.0,100.28,3.15,25.58
1997-09-17,20.77,27.93,82.76,100.39,2.66,24.68
1997-09-18,6.24,28.0,84.93,100.46,2.65,25.21
1997-09-19,0.97,28.74,81.47,100.31,2.12,25.2
1997-09-20,1.61,28.02,85.43,100.28,1.58,25.34
1997-09-21,7.31,27.5,88.16,100.21,2.87,25.38
1997-09-22,4.89,27.66,88.86,100.1,4.32,25.66
1997-09-23,3.45,27.77,89.83,99.98,4.95,25.96
1997-09-24,6.96,27.74,91.95,99.61,4.33,26.34
1997-09-25,47.94,28.06,87.71,99.61,5.44,25.82
1997-09-26,12.96,28.75,83.35,100.01,3.88,25.55
1997-09-27,1.14,29.22,80.86,100.17,3.21,25.46
1997-09-28,0.77,28.62,83.84,100.44,3.65,25.57
1997-09-29,5.57,28.11,86.43,100.61,4.17,25.63
1997-09-30,4.89,27.52,87.69,100.63,4.54,25.31
1997-10-01,2.96,27.97,77.96,100.71,2.65,23.6
1997-10-02,0.19,28.03,72.84,100.83,1.82,22.59
1997-10-03,0.38,27.86,74.03,100.95,1.5,22.68
1997-10-04,11.7,28.45,70.19,100.88,1.64,22.39
1997-10-05,5.51,28.62,69.61,100.69,1.83,22.28
1997-10-06,1.61,28.18,75.54,100.65,1.9,23.4
1997-10-07,2.09,27.77,78.21,100.74,1.82,23.52
1997-10-08,4.89,27.43,80.54,100.88,1.59,23.77
1997-10-09,7.71,27.07,80.84,100.95,2.02,23.49
1997-10-10,1.92,27.32,77.29,100.9,1.82,22.97
1997-10-11,0.01,27.69,71.94,100.91,1.65,22.17
1997-10-12,0.04,27.85,70.83,100.99,1.78,22.05
1997-10-13,0.03,28.41,70.57,100.91,1.15,22.53
1997-10-14,0.22,28.31,72.27,100.82,1.44,22.84
1997-10-15,0.08,27.68,78.39,100.82,1.95,23.59
1997-10-16,0.15,27.81,78.84,100.86,2.39,23.79
1997-10-17,0.22,27.69,80.93,100.98,2.91,24.09
1997-10-18,2.59,27.98,77.51,100.98,3.36,23.65
1997-10-19,1.65,27.89,74.74,100.91,3.12,22.97
1997-10-20,0.03,27.65,74.73,100.87,2.56,22.76
1997-10-21,0.15,27.57,75.13,100.89,2.19,22.76
1997-10-22,1.34,27.44,74.41,100.84,1.69,22.47
1997-10-23,1.85,27.09,77.18,100.78,1.54,22.74
1997-10-24,2.44,27.15,81.6,100.91,3.03,23.73
1997-10-25,1.5,27.17,81.68,100.96,4.21,23.76
1997-10-26,0.66,27.2,78.86,101.01,4.34,23.18
1997-10-27,2.44,27.37,79.02,100.98,3.77,23.39
1997-10-28,14.16,26.84,83.26,100.96,3.48,23.76
1997-10-29,12.41,26.17,88.29,100.95,3.31,24.1
1997-10-30,15.31,25.84,87.97,101.04,3.37,23.71
1997-10-31,22.04,26.33,87.67,101.08,4.39,24.13
1997-11-01,4.75,26.25,87.8,101.03,4.14,24.07
1997-11-02,3.55,26.57,86.42,101.03,4.04,24.12
1997-11-03,1.5,26.75,82.93,101.1,4.69,23.58
1997-11-04,0.03,26.54,80.22,101.2,4.64,22.83
1997-11-05,0.0,26.03,80.08,101.13,4.13,22.31
1997-11-06,0.08,25.79,79.03,101.12,4.31,21.81
1997-11-07,0.25,26.09,80.92,101.15,4.38,22.51
1997-11-08,0.01,25.98,82.14,101.06,3.83,22.63
1997-11-09,0.2,26.26,81.26,100.88,3.15,22.75
1997-11-10,0.01,26.93,78.49,100.87,2.59,22.83
1997-11-11,0.01,26.41,74.84,100.88,2.3,21.51
1997-11-12,0.03,26.83,77.22,100.81,1.95,22.5
1997-11-13,0.2,26.52,81.32,100.82,2.03,23.07
1997-11-14,0.62,26.43,83.28,100.81,3.06,23.35
1997-11-15,1.58,26.54,80.9,100.76,3.26,22.95
1997-11-16,3.58,26.67,82.94,100.75,4.08,23.53
1997-11-17,35.92,25.87,87.57,100.82,4.01,23.66
1997-11-18,24.15,25.57,87.78,100.78,3.49,23.41
1997-11-19,12.34,25.7,85.93,100.78,3.08,23.17
1997-11-20,5.29,25.97,84.45,100.86,4.5,23.14
1997-11-21,0.95,26.11,85.02,101.0,5.1,23.39
1997-11-22,9.03,25.96,86.45,101.06,4.89,23.53
1997-11-23,8.25,25.56,87.47,100.91,3.57,23.33
1997-11-24,0.46,26.15,82.14,100.7,2.02,22.85
1997-11-25,0.17,26.53,78.91,100.75,1.65,22.57
1997-11-26,0.03,26.41,79.7,100.92,2.26,22.6
1997-11-27,1.1,26.34,80.99,100.88,2.2,22.84
1997-11-28,0.26,26.5,82.62,100.95,3.29,23.31
1997-11-29,0.51,27.04,80.53,101.01,3.75,23.4
1997-11-30,0.35,26.77,80.54,101.03,3.3,23.15
1997-12-01,0.04,26.39,78.63,101.1,2.68,22.36
1997-12-02,0.16,25.82,82.98,101.1,3.02,22.69
1997-12-03,10.38,25.82,81.06,101.04,3.07,22.3
1997-12-04,4.54,25.94,77.9,101.04,3.55,21.76
1997-12-05,0.2,25.61,78.73,101.14,4.31,21.63
1997-12-06,0.02,25.51,79.24,101.19,4.48,21.64
1997-12-07,0.0,25.17,83.05,100.98,4.01,22.07
1997-12-08,5.93,25.59,84.11,100.77,3.83,22.71
1997-12-09,15.2,25.21,87.78,100.66,4.16,23.06
1997-12-10,1.18,25.47,74.98,100.73,2.56,20.45
1997-12-11,0.25,23.27,71.85,101.03,3.75,17.83
1997-12-12,0.0,23.93,79.14,101.11,3.63,20.06
1997-12-13,1.93,24.75,81.64,101.06,3.59,21.38
1997-12-14,10.92,25.36,85.27,100.93,2.27,22.7
1997-12-15,0.81,23.73,76.23,101.1,4.23,19.24
1997-12-16,0.45,23.92,80.1,101.24,4.56,20.22
1997-12-17,1.14,24.29,83.98,101.19,4.45,21.39
1997-12-18,0.27,24.14,82.92,101.12,4.42,21.03
1997-12-19,0.11,24.25,82.0,101.15,4.2,20.95
1997-12-20,0.01,24.22,78.66,101.16,2.78,20.24
1997-12-21,0.01,24.62,74.25,101.15,1.59,19.7
1997-12-22,0.08,23.83,79.37,101.28,2.69,19.99
1997-12-23,0.25,23.89,81.59,101.21,2.5,20.53
1997-12-24,3.03,24.05,81.68,101.07,2.55,20.72
1997-12-25,2.04,24.11,83.54,101.1,3.02,21.15
1997-12-26,0.19,24.22,79.07,101.17,2.82,20.35
1997-12-27,2.37,24.22,79.38,101.16,2.81,20.4
1997-12-28,0.91,24.28,80.79,101.23,2.86,20.72
1997-12-29,0.59,24.73,79.98,101.27,2.79,20.99
1997-12-30,0.61,24.78,80.09,101.25,2.83,21.06
1997-12-31,0.0,25.07,76.9,101.17,2.63,20.68
1998-01-01,0.29,25.2,77.27,101.12,3.38,20.88
1998-01-02,3.05,24.77,81.82,101.21,3.57,21.42
1998-01-03,0.51,24.64,80.53,101.35,3.51,20.98
1998-01-04,0.02,23.87,69.13,101.37,3.94,17.52
1998-01-05,0.0,23.56,61.26,101.22,2.64,15.41
1998-01-06,0.0,23.48,68.63,101.15,2.63,17.18
1998-01-07,0.0,23.2,71.22,101.22,2.68,17.59
1998-01-08,0.0,23.52,71.71,101.17,2.65,17.97
1998-01-09,0.01,23.79,70.67,101.01,2.34,17.92
1998-01-10,0.0,23.83,67.49,100.99,2.37,17.25
1998-01-11,0.0,23.91,73.83,101.04,2.48,18.84
1998-01-12,0.0,24.77,74.05,100.84,1.45,19.67
1998-01-13,0.0,24.94,77.3,100.75,2.31,20.38
1998-01-14,0.0,25.5,77.36,100.82,2.41,20.77
1998-01-15,0.0,25.37,76.32,100.82,2.08,20.72
1998-01-16,0.0,25.74,73.28,100.66,3.2,20.12
1998-01-17,0.02,25.7,79.24,100.78,3.38,21.65
1998-01-18,0.04,25.28,79.55,100.84,3.39,21.29
1998-01-19,0.01,24.87,76.69,100.93,2.51,20.36
1998-01-20,0.04,24.97,74.59,101.04,3.13,20.03
1998-01-21,0.06,26.03,74.77,100.9,3.79,21.11
1998-01-22,2.82,24.24,77.25,101.0,2.63,19.96
1998-01-23,12.16,24.11,83.28,101.0,3.7,21.05
1998-01-24,4.39,24.77,82.33,101.09,4.19,21.51
1998-01-25,0.44,25.24,79.24,101.21,3.5,21.33
1998-01-26,0.2,25.32,72.73,101.15,2.6,19.99
1998-01-27,0.07,24.92,76.15,101.16,2.53,20.34
1998-01-28,0.0,25.11,74.08,101.32,2.62,19.95
1998-01-29,0.05,25.19,76.33,101.38,2.28,20.51
1998-01-30,0.0,25.6,76.31,101.38,2.34,20.97
1998-01-31,0.0,25.63,76.39,101.4,2.75,20.99
1998-02-01,0.0,25.65,75.49,101.28,2.54,20.83
1998-02-02,0.83,25.86,73.22,101.25,2.01,20.58
1998-02-03,0.45,26.3,72.82,101.22,1.97,20.89
1998-02-04,0.41,26.52,72.78,101.19,1.91,21.02
1998-02-05,7.07,25.68,79.1,101.17,2.43,21.73
1998-02-06,1.58,25.26,78.1,101.05,2.92,21.07
1998-02-07,10.54,25.65,76.38,100.95,2.93,21.11
1998-02-08,8.46,24.31,77.57,101.21,4.03,20.01
1998-02-09,0.18,24.53,74.59,101.34,3.59,19.47
1998-02-10,0.0,24.24,71.67,101.34,3.25,18.48
1998-02-11,0.0,24.18,67.45,101.27,2.96,17.41
1998-02-12,0.0,24.96,63.58,101.17,1.92,17.18
1998-02-13,0.0,25.25,59.1,101.17,1.79,16.31
1998-02-14,0.0,25.15,61.98,101.18,1.83,17.08
1998-02-15,0.0,25.48,64.65,100.96,2.55,18.08
1998-02-16,0.0,25.75,67.79,100.9,2.65,19.15
1998-02-17,0.0,25.87,70.07,100.9,2.92,19.75
1998-02-18,0.0,26.42,72.95,100.8,3.54,20.95
1998-02-19,0.0,26.85,76.28,100.72,4.11,22.05
1998-02-20,1.81,27.45,77.13,100.7,3.87,22.74
1998-02-21,0.95,27.12,79.82,100.8,3.39,23.17
1998-02-22,0.41,27.17,77.09,100.76,4.41,22.68
1998-02-23,8.28,26.72,79.31,100.82,3.6,22.76
1998-02-24,0.31,26.79,77.8,100.89,3.27,22.43
1998-02-25,0.0,27.16,75.72,100.82,3.74,22.25
1998-02-26,0.0,27.64,75.72,100.68,4.02,22.7
1998-02-27,0.11,27.94,75.3,100.75,3.42,22.78
1998-02-28,0.07,27.55,75.7,100.86,2.16,22.74
1998-03-01,0.11,27.73,71.08,100.9,2.4,21.89
1998-03-02,0.03,27.72,69.36,100.95,2.07,21.49
1998-03-03,0.05,27.3,73.83,101.06,2.56,22.11
1998-03-04,0.04,27.2,73.48,101.01,2.07,21.85
1998-03-05,0.0,26.99,71.22,100.87,2.23,21.21
1998-03-06,0.0,26.97,68.17,100.72,2.81,20.45
1998-03-07,0.01,27.51,71.98,100.51,3.59,21.73
1998-03-08,0.08,28.7,74.18,100.49,3.62,23.29
1998-03-09,0.27,28.5,74.57,100.54,3.1,23.17
1998-03-10,0.04,28.53,76.66,100.51,3.71,23.79
1998-03-11,0.07,28.85,73.22,100.68,4.12,23.26
1998-03-12,0.88,28.68,75.88,100.72,4.3,23.73
1998-03-13,0.31,28.74,74.33,100.69,4.97,23.31
1998-03-14,0.43,28.69,71.59,100.65,3.22,22.68
1998-03-15,0.18,28.17,70.33,100.81,2.47,21.93
1998-03-16,0.01,28.07,67.43,101.01,2.33,21.09
1998-03-17,0.02,27.91,69.84,100.96,1.92,21.67
1998-03-18,0.03,28.17,68.89,100.98,2.18,21.6
1998-03-19,0.36,28.77,66.88,100.86,2.2,21.56
1998-03-20,0.02,28.79,67.59,100.79,2.55,21.86
1998-03-21,0.0,29.31,68.19,100.78,3.45,22.24
1998-03-22,0.01,29.86,68.91,100.59,4.65,22.91
1998-03-23,0.02,29.49,72.87,100.53,4.86,23.81
1998-03-24,0.04,29.11,73.19,100.48,5.13,23.45
1998-03-25,0.52,29.21,71.89,100.5,3.47,23.15
1998-03-26,0.42,28.46,74.94,100.7,3.01,23.46
1998-03-27,0.42,28.86,70.72,100.8,2.52,22.75
1998-03-28,0.73,28.87,71.87,100.77,2.81,23.09
1998-03-29,0.92,28.9,71.07,100.75,3.57,22.87
1998-03-30,0.31,28.8,70.34,100.8,4.05,22.56
1998-03-31,1.31,29.42,68.81,100.78,3.12,22.5
1998-04-01,7.76,28.14,75.89,100.92,2.53,23.4
1998-04-02,0.93,28.23,72.87,100.79,2.65,22.76
1998-04-03,0.03,28.68,72.2,100.72,3.17,23.04
1998-04-04,1.09,28.67,72.72,100.76,2.93,23.02
1998-04-05,1.46,29.2,69.83,100.9,2.46,22.86
1998-04-06,0.05,30.13,64.89,100.8,3.21,22.35
1998-04-07,0.1,29.8,71.04,100.61,4.22,23.71
1998-04-08,0.05,29.96,69.8,100.39,4.26,23.41
1998-04-09,0.02,29.5,70.11,100.37,3.77,23.14
1998-04-10,0.0,29.47,67.68,100.48,3.76,22.43
1998-04-11,0.0,30.04,67.09,100.59,4.16,22.63
1998-04-12,0.01,30.91,64.26,100.38,4.67,22.77
1998-04-13,0.0,30.7,64.93,100.23,5.28,22.68
1998-04-14,0.05,29.87,69.29,100.44,3.92,23.16
1998-04-15,0.01,29.56,68.31,100.67,3.75,22.21
1998-04-16,0.0,29.49,66.49,100.62,3.91,21.56
1998-04-17,0.0,29.64,68.26,100.52,4.23,22.42
1998-04-18,0.0,30.35,67.98,100.39,4.48,23.09
1998-04-19,0.02,30.14,75.44,100.37,4.43,24.99
1998-04-20,0.09,29.96,77.73,100.25,5.06,25.35
1998-04-21,0.05,30.4,76.06,100.32,5.47,25.36
1998-04-22,0.1,30.43,74.78,100.37,5.53,25.08
1998-04-23,0.11,30.07,76.09,100.36,5.14,25.09
1998-04-24,1.49,29.87,77.25,100.39,4.39,25.13
1998-04-25,0.71,29.58,76.32,100.48,4.47,24.68
1998-04-26,0.11,30.19,70.79,100.46,4.02,23.87
1998-04-27,0.08,30.99,67.21,100.37,3.98,23.62
1998-04-28,0.27,31.07,69.64,100.33,3.05,24.5
1998-04-29,0.99,31.04,69.52,100.32,3.08,24.43
1998-04-30,0.37,30.77,70.91,100.29,4.16,24.47
1998-05-01,0.28,31.03,69.88,100.31,3.76,24.41
1998-05-02,0.15,31.14,68.63,100.39,3.86,24.35
1998-05-03,0.03,30.92,69.37,100.35,4.52,24.31
1998-05-04,0.01,31.04,68.59,100.13,4.73,24.11
1998-05-05,0.07,31.68,68.32,99.94,5.21,24.56
1998-05-06,0.29,30.56,72.92,100.27,3.87,24.92
1998-05-07,0.07,30.43,72.64,100.49,3.99,24.68
1998-05-08,0.04,31.03,69.45,100.45,3.83,24.3
1998-05-09,0.05,31.25,68.06,100.24,3.81,24.15
1998-05-10,0.05,31.65,65.16,100.14,4.47,23.87
1998-05-11,0.61,31.26,67.66,100.28,3.25,24.3
1998-05-12,1.92,31.0,69.02,100.31,2.13,24.4
1998-05-13,0.3,31.33,65.32,100.29,2.27,23.7
1998-05-14,0.03,31.07,66.08,100.26,2.18,23.73
1998-05-15,0.0,31.12,63.16,100.08,2.63,22.81
1998-05-16,0.29,30.71,69.78,100.05,2.47,24.21
1998-05-17,1.95,30.9,71.82,99.97,3.54,25.02
1998-05-18,16.16,31.05,71.13,99.78,3.31,24.76
1998-05-19,6.93,31.76,71.63,99.55,2.51,25.6
1998-05-20,4.89,32.64,73.74,99.58,3.72,26.82
1998-05-21,4.11,31.62,80.51,99.83,3.3,27.73
1998-05-22,0.08,32.94,72.73,99.82,3.89,26.99
1998-05-23,0.02,33.47,67.87,99.74,4.28,26.2
1998-05-24,0.66,32.12,78.34,99.74,4.16,27.75
1998-05-25,0.29,32.17,74.04,99.82,4.99,26.79
1998-05-26,0.08,32.36,69.72,99.79,5.49,25.77
1998-05-27,0.07,32.73,73.14,99.75,4.34,26.89
1998-05-28,0.08,33.53,68.29,99.67,4.06,26.16
1998-05-29,0.6,33.14,68.0,99.65,3.51,26.04
1998-05-30,0.32,32.39,73.85,99.59,3.84,26.72
1998-05-31,0.04,31.59,78.97,99.81,5.02,27.35
1998-06-01,0.06,31.89,74.46,99.81,4.82,26.49
1998-06-02,0.56,32.13,71.93,99.75,4.33,26.02
1998-06-03,0.25,31.92,68.94,99.78,2.96,25.24
1998-06-04,0.12,31.26,70.36,99.95,3.56,24.87
1998-06-05,0.1,31.26,72.8,100.04,3.79,25.47
1998-06-06,0.25,31.36,73.21,100.02,3.03,25.56
1998-06-07,0.11,31.56,72.56,100.02,4.3,25.8
1998-06-08,0.1,32.46,67.76,99.98,4.37,25.48
1998-06-09,0.01,33.16,63.41,99.91,4.21,24.93
1998-06-10,0.01,31.82,63.78,99.91,5.54,23.78
1998-06-11,1.55,30.37,71.34,99.91,4.02,24.47
1998-06-12,6.75,29.42,77.14,99.85,3.91,24.88
1998-06-13,39.86,29.37,78.41,99.62,2.6,25.15
1998-06-14,58.23,28.46,84.75,99.25,6.34,25.63
1998-06-15,11.53,28.72,86.41,99.71,6.89,26.23
1998-06-16,7.47,29.41,84.81,100.02,4.72,26.58
1998-06-17,3.14,29.48,85.32,99.9,3.59,26.74
1998-06-18,6.09,29.36,86.33,99.85,3.67,26.82
1998-06-19,2.18,29.2,85.61,99.95,4.79,26.51
1998-06-20,2.51,29.61,83.27,99.8,5.28,26.41
1998-06-21,3.85,28.64,84.91,99.64,4.93,25.84
1998-06-22,2.02,28.94,83.25,99.62,5.08,25.76
1998-06-23,14.31,28.27,85.58,99.64,4.3,25.62
1998-06-24,0.85,29.29,81.64,99.6,4.84,25.75
1998-06-25,0.56,29.49,80.59,99.59,4.37,25.71
1998-06-26,2.58,29.05,85.79,99.49,4.95,26.41
1998-06-27,2.51,28.74,86.79,99.44,5.21,26.3
1998-06-28,0.72,29.46,81.85,99.44,5.61,25.96
1998-06-29,5.88,29.31,81.68,99.39,6.35,25.78
1998-06-30,2.47,28.33,84.43,99.33,5.62,25.4
1998-07-01,8.31,28.55,82.25,99.33,6.03,25.15
1998-07-02,5.84,29.04,82.33,99.42,5.36,25.64
1998-07-03,8.31,29.0,82.02,99.67,4.97,25.5
1998-07-04,6.38,29.18,82.73,99.82,5.61,25.83
1998-07-05,1.77,29.06,82.27,99.96,5.41,25.63
1998-07-06,2.98,28.87,82.28,99.93,5.25,25.44
1998-07-07,16.11,28.96,83.45,99.88,4.67,25.79
1998-07-08,26.93,28.14,83.61,99.83,5.96,25.07
1998-07-09,24.7,27.58,85.77,99.7,6.26,24.97
1998-07-10,12.08,28.53,85.28,99.54,6.03,25.78
1998-07-11,6.34,28.43,86.76,99.62,4.97,25.98
1998-07-12,1.1,28.82,85.55,99.78,4.88,26.11
1998-07-13,2.75,28.41,88.39,100.05,4.88,26.3
1998-07-14,1.3,28.67,87.88,100.14,4.28,26.46
1998-07-15,5.94,28.28,89.07,100.2,4.16,26.31
1998-07-16,1.53,28.55,87.27,100.07,3.37,26.2
1998-07-17,6.56,28.3,88.54,100.03,3.72,26.23
1998-07-18,2.8,28.02,87.6,100.17,2.78,25.78
1998-07-19,1.79,28.17,84.03,100.23,1.49,25.21
1998-07-20,0.45,28.64,79.25,100.02,1.48,24.61
1998-07-21,0.34,29.1,79.55,99.96,1.51,25.13
1998-07-22,0.25,29.84,79.21,99.92,2.13,25.77
1998-07-23,1.06,29.85,84.66,99.91,2.74,26.96
1998-07-24,8.92,29.67,82.08,99.93,2.84,26.22
1998-07-25,7.59,28.84,83.58,99.9,3.51,25.77
1998-07-26,5.22,28.43,85.3,99.8,3.83,25.72
1998-07-27,5.57,28.37,82.62,99.64,3.24,25.1
1998-07-28,10.49,27.83,87.6,99.44,4.87,25.59
1998-07-29,4.39,28.47,82.8,99.47,5.23,25.24
1998-07-30,1.32,28.72,80.99,99.61,6.17,25.1
1998-07-31,3.84,28.91,84.01,99.83,4.07,25.88
1998-08-01,4.05,28.16,88.51,99.95,4.31,26.08
1998-08-02,8.5,27.91,90.27,100.07,4.53,26.18
1998-08-03,3.6,28.22,88.3,100.15,5.73,26.1
1998-08-04,5.11,27.92,89.75,100.07,5.47,26.09
1998-08-05,1.39,28.02,87.91,99.88,5.5,25.83
1998-08-06,1.16,27.98,86.75,99.77,4.99,25.55
1998-08-07,5.67,27.73,87.73,99.79,4.8,25.51
1998-08-08,3.09,28.19,85.62,99.79,4.88,25.53
1998-08-09,4.58,28.36,86.36,99.64,4.3,25.83
1998-08-10,17.73,27.9,90.08,99.7,5.35,26.12
1998-08-11,12.71,28.09,88.74,99.84,5.21,26.05
1998-08-12,2.91,28.07,89.69,99.91,4.98,26.21
1998-08-13,6.16,28.12,90.11,99.87,4.81,26.35
1998-08-14,3.56,27.93,90.75,99.99,4.75,26.27
1998-08-15,1.08,27.72,91.21,100.24,4.52,26.17
1998-08-16,0.94,27.81,87.87,100.33,3.47,25.61
1998-08-17,0.36,28.27,86.39,100.15,3.55,25.75
1998-08-18,1.1,27.92,88.0,100.14,3.02,25.73
1998-08-19,3.11,28.27,85.95,100.1,2.81,25.67
1998-08-20,6.59,28.51,86.59,99.95,2.52,26.05
1998-08-21,2.65,28.17,87.41,99.92,1.9,25.87
1998-08-22,33.69,27.97,87.99,99.89,3.08,25.8
1998-08-23,36.54,28.2,91.29,99.87,4.82,26.66
1998-08-24,15.64,28.09,89.87,100.0,3.31,26.28
1998-08-25,6.85,27.94,88.9,100.08,3.7,25.96
1998-08-26,17.99,27.98,90.18,100.11,4.36,26.24
1998-08-27,20.58,27.91,89.96,100.35,4.55,26.13
1998-08-28,2.05,28.01,88.57,100.44,4.39,25.96
1998-08-29,1.09,28.29,87.19,100.22,4.11,25.95
1998-08-30,3.27,28.08,90.79,100.01,4.62,26.45
1998-08-31,3.25,27.98,89.95,100.02,4.58,26.19
1998-09-01,1.95,27.44,91.66,100.09,4.82,25.99
1998-09-02,2.69,27.68,87.77,100.06,4.67,25.46
1998-09-03,3.31,28.1,86.26,100.04,3.12,25.54
1998-09-04,5.31,27.68,89.09,100.04,2.53,25.72
1998-09-05,3.54,27.89,89.2,100.19,3.76,25.95
1998-09-06,3.72,27.93,89.5,100.13,3.57,26.05
1998-09-07,16.7,27.87,91.31,99.92,4.41,26.34
1998-09-08,40.5,27.28,91.05,99.9,4.83,25.7
1998-09-09,15.23,27.96,89.93,100.03,5.48,26.17
1998-09-10,9.44,28.01,89.53,99.9,5.01,26.14
1998-09-11,8.89,28.05,89.1,99.79,5.56,26.1
1998-09-12,10.0,27.91,90.62,99.86,5.33,26.25
1998-09-13,13.09,27.72,91.28,99.87,5.4,26.19
1998-09-14,6.61,27.69,89.08,99.86,4.48,25.73
1998-09-15,0.96,28.29,86.51,99.75,3.7,25.83
1998-09-16,0.75,28.62,83.15,99.84,3.02,25.46
1998-09-17,1.67,28.09,85.4,99.99,2.53,25.41
1998-09-18,1.18,28.36,83.4,100.02,1.53,25.24
1998-09-19,19.67,28.19,82.2,99.94,1.65,24.82
1998-09-20,15.48,27.27,89.49,99.83,1.63,25.41
1998-09-21,3.89,27.62,88.59,99.92,3.8,25.57
1998-09-22,0.84,27.99,86.31,100.09,3.02,25.48
1998-09-23,1.5,27.89,89.78,100.23,2.88,26.07
1998-09-24,3.85,28.18,83.55,100.32,1.32,25.1
1998-09-25,20.04,28.44,82.84,100.32,1.16,25.24
1998-09-26,36.92,27.93,88.11,100.29,3.11,25.78
1998-09-27,12.9,27.73,86.72,100.19,5.3,25.33
1998-09-28,22.68,28.24,88.55,100.23,5.02,26.19
1998-09-29,17.75,27.75,89.21,100.22,3.49,25.83
1998-09-30,6.59,27.64,85.84,100.24,3.18,25.05
1998-10-01,5.39,27.61,86.9,100.27,2.54,25.23
1998-10-02,10.25,27.88,86.69,100.25,2.21,25.45
1998-10-03,4.93,28.25,81.68,100.1,1.45,24.82
1998-10-04,9.27,28.17,82.99,100.14,2.46,25.01
1998-10-05,4.61,28.0,87.15,100.2,3.91,25.68
1998-10-06,3.47,28.27,82.26,100.25,4.5,24.95
1998-10-07,2.66,28.27,84.39,100.24,4.59,25.4
1998-10-08,18.03,28.17,87.1,100.25,4.71,25.84
1998-10-09,64.15,27.52,89.74,100.18,4.21,25.69
1998-10-10,27.58,27.31,91.37,100.14,3.78,25.8
1998-10-11,14.66,27.36,91.03,100.21,2.7,25.78
1998-10-12,11.32,27.41,88.85,100.32,2.4,25.42
1998-10-13,34.7,27.72,90.96,100.22,5.03,26.13
1998-10-14,30.31,27.57,89.53,99.93,5.35,25.71
1998-10-15,18.87,27.41,88.84,99.75,3.39,25.4
1998-10-16,6.73,28.01,88.16,99.95,4.59,25.86
1998-10-17,3.51,27.97,87.21,100.31,4.08,25.64
1998-10-18,1.57,27.47,85.96,100.22,3.97,24.9
1998-10-19,0.04,27.76,80.16,100.1,4.09,23.99
1998-10-20,0.19,27.35,77.24,100.18,3.18,22.95
1998-10-21,0.36,27.58,75.0,100.33,3.17,22.66
1998-10-22,0.07,27.33,77.28,100.42,4.1,22.97
1998-10-23,1.07,27.06,78.02,100.49,3.06,22.86
1998-10-24,0.13,27.88,76.27,100.57,2.62,23.25
1998-10-25,0.05,28.2,76.46,100.55,2.19,23.62
1998-10-26,0.0,28.16,78.13,100.56,1.7,23.98
1998-10-27,2.24,27.47,86.5,100.58,3.37,25.03
1998-10-28,5.64,27.11,87.17,100.64,5.66,24.81
1998-10-29,31.32,25.38,90.42,100.35,7.59,23.65
1998-10-30,81.94,27.7,87.88,100.35,5.53,25.52
1998-10-31,41.0,27.24,88.8,100.57,4.48,25.25
1998-11-01,16.69,27.09,88.29,100.7,3.79,25.0
1998-11-02,4.75,26.98,88.52,100.74,3.16,24.91
1998-11-03,1.51,27.26,87.12,100.66,3.55,24.93
1998-11-04,8.7,26.99,85.61,100.61,4.69,24.37
1998-11-05,8.82,26.75,85.58,100.61,4.97,24.14
1998-11-06,14.16,27.36,86.29,100.61,5.04,24.88
1998-11-07,6.5,27.37,86.77,100.6,4.09,24.98
1998-11-08,1.93,27.04,86.16,100.67,3.19,24.54
1998-11-09,10.81,26.73,85.18,100.76,2.68,24.04
1998-11-10,4.22,26.71,80.37,100.77,2.02,23.05
1998-11-11,0.63,26.41,80.55,100.77,2.77,22.79
1998-11-12,5.26,26.46,83.65,100.74,4.22,23.47
1998-11-13,3.46,25.93,84.44,100.54,5.33,23.09
1998-11-14,15.04,24.89,86.77,100.31,6.97,22.52
1998-11-15,52.74,25.34,92.39,99.69,5.55,24.01
1998-11-16,4.98,24.03,84.12,100.34,4.89,21.17
1998-11-17,0.09,25.53,78.21,100.43,2.9,21.4
1998-11-18,0.03,26.42,68.56,100.45,1.63,19.98
1998-11-19,0.01,26.23,78.28,100.56,1.94,22.13
1998-11-20,0.64,26.34,82.84,100.5,3.23,23.17
1998-11-21,0.4,26.46,79.44,100.41,3.39,22.56
1998-11-22,0.0,26.73,74.15,100.43,1.82,21.66
1998-11-23,0.12,26.87,71.33,100.68,1.21,21.17
1998-11-24,0.0,26.65,71.72,100.83,0.95,21.1
1998-11-25,0.08,25.95,78.04,100.84,1.95,21.82
1998-11-26,0.03,24.87,65.54,100.85,2.83,17.65
1998-11-27,0.0,22.92,70.29,100.86,3.42,17.13
1998-11-28,0.0,23.58,72.48,100.78,2.95,18.23
1998-11-29,0.0,24.13,75.69,100.85,2.53,19.51
1998-11-30,0.0,24.23,81.01,100.97,2.33,20.75
1998-12-01,0.0,23.85,71.92,100.99,2.29,18.36
1998-12-02,0.0,23.36,71.32,100.97,3.0,17.77
1998-12-03,0.0,23.19,75.64,101.1,4.23,18.54
1998-12-04,0.0,23.18,73.22,101.15,3.82,18.03
1998-12-05,0.0,22.8,68.18,101.08,3.06,16.48
1998-12-06,0.0,22.44,72.11,101.11,2.61,17.12
1998-12-07,0.0,22.48,76.28,101.06,3.25,18.04
1998-12-08,0.0,22.74,76.59,101.03,2.46,18.37
1998-12-09,0.0,23.0,77.75,101.05,2.7,18.85
1998-12-10,0.0,22.79,77.4,101.13,3.09,18.58
1998-12-11,0.0,22.88,77.59,101.17,3.96,18.72
1998-12-12,0.0,23.08,75.54,101.18,3.74,18.46
1998-12-13,0.0,22.53,72.89,101.24,3.88,17.39
1998-12-14,0.0,21.9,74.66,101.22,4.16,17.16
1998-12-15,0.03,22.22,76.52,101.1,4.05,17.84
1998-12-16,0.02,22.49,75.64,101.08,4.08,17.86
1998-12-17,0.0,22.17,73.98,101.08,3.81,17.17
1998-12-18,0.0,21.94,67.85,101.03,3.0,15.62
1998-12-19,0.0,22.18,67.23,100.99,2.57,15.76
1998-12-20,0.0,21.73,68.84,100.88,3.02,15.68
1998-12-21,0.0,22.04,68.87,100.84,2.1,15.99
1998-12-22,0.0,22.75,64.8,100.94,1.45,15.74
1998-12-23,0.0,23.19,64.35,100.98,1.39,16.06
1998-12-24,0.0,22.23,71.65,101.13,3.06,16.8
1998-12-25,0.0,22.12,70.01,101.21,2.85,16.31
1998-12-26,0.0,21.53,71.27,101.14,3.43,16.0
1998-12-27,0.0,20.88,66.12,101.16,3.31,14.06
1998-12-28,0.0,20.92,70.52,101.28,3.2,15.25
1998-12-29,0.0,21.12,72.16,101.23,2.81,15.85
1998-12-30,0.0,21.4,69.31,101.1,1.87,15.48
1998-12-31,0.0,21.37,71.72,101.11,2.4,15.99
1999-01-01,0.0,21.4,76.63,101.24,3.34,17.06
1999-01-02,0.0,20.99,71.26,101.15,3.2,15.43
1999-01-03,0.0,20.47,67.38,101.01,2.75,14.1
1999-01-04,0.0,20.73,68.28,100.9,2.17,14.62
1999-01-05,0.0,21.28,67.49,100.85,1.99,14.98
1999-01-06,0.0,21.97,70.5,100.68,1.9,16.3
1999-01-07,0.07,22.38,82.96,100.69,3.17,19.27
1999-01-08,0.0,23.21,79.68,100.79,3.03,19.39
1999-01-09,0.0,23.28,74.76,100.83,1.93,18.49
1999-01-10,0.06,22.65,78.53,101.01,2.62,18.66
1999-01-11,0.02,22.11,75.04,101.12,4.3,17.38
1999-01-12,0.0,21.97,78.61,101.08,3.25,18.0
1999-01-13,0.0,22.27,78.67,101.06,2.86,18.34
1999-01-14,0.0,22.36,74.87,101.19,3.25,17.57
1999-01-15,0.0,22.02,69.81,101.25,3.36,16.16
1999-01-16,0.0,22.05,68.2,101.26,2.43,15.81
1999-01-17,0.0,22.27,71.28,101.15,2.11,16.74
1999-01-18,0.0,22.24,77.33,101.05,2.78,17.99
1999-01-19,0.0,22.11,74.77,101.04,2.69,17.28
1999-01-20,0.0,22.01,76.21,101.1,3.49,17.47
1999-01-21,0.0,22.23,74.13,101.14,3.03,17.23
1999-01-22,0.0,22.71,69.21,100.98,2.47,16.57
1999-01-23,0.0,22.94,69.68,100.91,2.37,16.93
1999-01-24,0.19,23.32,71.25,100.98,2.35,17.41
1999-01-25,0.02,23.98,56.67,100.92,1.76,14.66
1999-01-26,0.0,23.98,59.15,100.77,2.09,15.2
1999-01-27,0.0,23.66,71.22,100.65,2.08,17.83
1999-01-28,0.0,23.26,68.82,100.74,1.95,16.99
1999-01-29,0.0,24.04,64.43,100.75,1.53,16.77
1999-01-30,0.0,24.26,69.21,100.63,1.81,18.04
1999-01-31,0.0,24.13,72.35,100.6,1.71,18.67
1999-02-01,0.0,24.16,76.58,100.82,3.58,19.67
1999-02-02,0.0,24.01,77.31,100.93,4.19,19.61
1999-02-03,0.0,23.89,80.69,100.98,5.06,20.19
1999-02-04,0.0,24.43,76.29,101.0,4.31,19.71
1999-02-05,0.0,24.99,76.78,101.11,3.87,20.36
1999-02-06,0.0,25.09,75.51,101.18,3.41,20.15
1999-02-07,0.0,24.9,76.45,101.15,2.74,20.22
1999-02-08,0.0,25.18,74.6,101.05,1.75,20.19
1999-02-09,0.23,24.89,77.24,100.93,2.02,20.5
1999-02-10,0.0,24.86,73.4,100.92,2.87,19.41
1999-02-11,0.0,24.75,68.88,101.04,2.95,18.13
1999-02-12,0.0,25.35,70.23,101.19,3.34,19.02
1999-02-13,0.0,25.83,66.56,101.08,2.47,18.45
1999-02-14,0.0,25.81,69.84,100.93,1.84,19.47
1999-02-15,0.0,25.51,72.57,100.99,2.12,19.85
1999-02-16,0.05,25.49,74.48,101.14,2.56,20.27
1999-02-17,0.0,25.58,73.75,101.07,1.93,20.06
1999-02-18,0.0,25.98,70.25,101.0,1.64,19.73
1999-02-19,0.0,25.76,69.44,100.99,2.19,19.36
1999-02-20,0.03,25.73,64.3,100.96,1.54,18.04
1999-02-21,0.01,26.09,66.01,100.99,1.36,18.94
1999-02-22,0.0,26.44,69.57,101.08,2.14,20.05
1999-02-23,0.0,26.75,69.73,101.04,2.0,20.27
1999-02-24,0.0,26.88,66.84,100.86,2.41,19.74
1999-02-25,0.0,26.78,70.11,100.77,2.65,20.41
1999-02-26,0.0,26.9,71.06,100.71,2.18,20.62
1999-02-27,0.0,27.19,63.56,100.75,1.69,18.98
1999-02-28,0.0,27.23,62.6,100.82,2.11,18.88
1999-03-01,0.0,26.8,71.42,100.82,1.99,20.65
1999-03-02,0.0,27.39,67.92,100.68,2.22,20.2
1999-03-03,0.19,27.47,69.92,100.66,2.14,21.19
1999-03-04,0.0,27.62,68.54,100.51,1.71,20.85
1999-03-05,0.0,27.63,69.81,100.31,2.35,20.77
1999-03-06,0.0,27.54,70.59,100.23,2.7,20.5
1999-03-07,0.0,28.07,65.97,100.21,2.85,19.73
1999-03-08,0.0,28.64,60.29,100.08,3.03,18.79
1999-03-09,0.0,29.01,64.08,100.05,3.49,19.98
1999-03-10,0.0,28.87,68.32,100.15,3.9,21.48
1999-03-11,0.0,28.38,69.09,100.19,3.95,21.37
1999-03-12,0.0,28.08,67.88,100.24,4.14,20.6
1999-03-13,0.0,27.98,71.11,100.31,4.06,21.45
1999-03-14,0.0,28.07,69.99,100.4,2.96,21.5
1999-03-15,0.0,27.85,66.18,100.5,2.25,20.4
1999-03-16,0.0,27.83,67.67,100.34,3.25,20.53
1999-03-17,0.0,28.75,66.84,100.2,4.59,21.22
1999-03-18,0.01,30.04,64.66,100.16,4.76,21.73
1999-03-19,0.14,29.76,64.12,100.18,2.7,20.94
1999-03-20,0.07,29.21,71.56,100.18,2.77,22.78
1999-03-21,0.04,29.14,71.5,100.2,3.68,22.89
1999-03-22,0.03,28.8,73.63,100.35,2.7,23.25
1999-03-23,0.0,28.73,72.06,100.49,2.5,22.82
1999-03-24,0.0,28.58,75.86,100.49,3.6,23.46
1999-03-25,0.01,29.2,73.45,100.48,3.97,23.59
1999-03-26,0.0,30.22,67.32,100.31,4.55,22.47
1999-03-27,0.0,30.09,66.49,100.24,4.49,21.96
1999-03-28,0.01,29.33,65.56,100.32,2.8,20.61
1999-03-29,0.0,28.88,73.66,100.4,3.02,22.62
1999-03-30,0.0,28.69,74.48,100.35,3.75,22.8
1999-03-31,0.0,28.79,69.93,100.31,3.61,21.68
1999-04-01,0.0,28.94,70.67,100.34,3.71,21.8
1999-04-02,0.0,28.35,69.7,100.49,3.2,21.48
1999-04-03,0.0,27.99,67.45,100.57,2.91,20.25
1999-04-04,0.0,28.36,64.94,100.52,3.19,20.0
1999-04-05,0.21,29.3,69.46,100.51,3.74,22.57
1999-04-06,1.0,29.29,71.05,100.35,3.42,23.07
1999-04-07,0.32,29.52,73.38,100.16,3.48,23.65
1999-04-08,0.02,29.23,74.27,100.17,4.19,23.57
1999-04-09,0.05,29.51,73.95,100.24,3.56,23.86
1999-04-10,0.05,30.24,68.16,100.17,4.43,22.77
1999-04-11,0.01,30.03,70.98,100.12,4.86,23.36
1999-04-12,0.13,31.08,67.14,99.97,4.16,23.04
1999-04-13,0.33,30.33,76.22,99.87,3.37,24.98
1999-04-14,0.07,30.31,77.03,99.88,1.81,25.34
1999-04-15,0.12,29.89,75.02,100.06,2.11,24.56
1999-04-16,0.13,29.72,70.17,100.19,2.03,23.22
1999-04-17,0.2,29.78,73.02,100.17,2.0,24.12
1999-04-18,0.2,30.3,70.11,100.16,2.05,23.86
1999-04-19,0.04,30.26,68.9,100.12,2.47,23.53
1999-04-20,0.06,30.09,69.59,100.2,2.69,23.25
1999-04-21,0.02,29.8,68.86,100.29,2.43,22.73
1999-04-22,0.07,29.64,68.35,100.13,2.48,22.56
1999-04-23,0.06,29.73,70.94,99.88,3.45,23.37
1999-04-24,0.06,30.35,71.81,99.83,4.47,24.3
1999-04-25,0.08,31.06,70.82,99.87,5.18,24.67
1999-04-26,0.04,30.74,74.23,99.86,5.26,25.23
1999-04-27,0.11,30.77,75.44,99.87,4.78,25.59
1999-04-28,0.2,30.46,76.09,99.98,4.42,25.54
1999-04-29,0.08,30.89,73.45,99.9,5.35,25.29
1999-04-30,0.16,30.37,78.5,99.96,4.84,26.06
1999-05-01,0.3,30.0,78.83,100.13,4.21,25.77
1999-05-02,0.3,30.77,65.18,100.07,2.45,23.03
1999-05-03,1.48,30.18,76.1,100.08,4.3,25.28
1999-05-04,0.36,30.2,74.82,100.09,4.19,24.98
1999-05-05,1.04,29.66,78.77,100.14,4.4,25.4
1999-05-06,0.97,30.67,73.12,100.05,4.48,24.77
1999-05-07,1.19,30.8,72.81,99.92,4.47,24.98
1999-05-08,1.26,31.05,70.16,99.88,4.36,24.48
1999-05-09,2.85,31.58,64.22,100.0,4.07,23.43
1999-05-10,14.27,29.69,76.8,100.12,4.52,25.07
1999-05-11,2.24,29.59,72.79,100.14,3.35,24.1
1999-05-12,0.74,29.96,72.89,100.19,3.35,24.25
1999-05-13,2.97,30.1,72.39,100.09,4.13,24.27
1999-05-14,2.2,29.9,75.73,99.95,3.96,24.89
1999-05-15,0.67,29.52,77.68,100.01,4.21,25.04
1999-05-16,0.71,30.11,72.81,100.04,4.3,24.4
1999-05-17,1.11,30.76,69.84,100.01,4.41,24.2
1999-05-18,0.57,30.99,70.85,100.0,4.38,24.77
1999-05-19,18.59,31.35,71.68,99.83,3.73,25.42
1999-05-20,1.26,30.64,72.04,99.78,3.18,24.65
1999-05-21,4.21,32.12,63.04,99.61,4.06,23.88
1999-05-22,1.12,31.15,71.51,99.66,4.09,25.03
1999-05-23,5.74,28.94,81.85,99.78,4.58,25.46
1999-05-24,6.35,29.08,79.89,99.69,4.13,25.14
1999-05-25,5.57,28.27,82.22,99.51,5.3,24.87
1999-05-26,2.47,29.81,71.66,99.53,3.2,23.79
1999-05-27,2.16,30.14,73.04,99.8,4.41,24.48
1999-05-28,0.68,30.71,73.18,99.71,5.92,25.0
1999-05-29,0.72,31.33,70.68,99.57,5.7,25.0
1999-05-30,1.08,31.44,67.76,99.7,4.8,24.41
1999-05-31,0.48,32.13,65.22,99.92,4.87,24.45
1999-06-01,2.96,31.41,65.81,100.08,4.97,24.01
1999-06-02,1.48,29.73,73.92,100.09,4.38,24.46
1999-06-03,2.64,31.29,66.49,99.9,3.3,23.96
1999-06-04,0.79,30.59,70.08,99.95,3.41,24.26
1999-06-05,0.83,31.0,69.05,99.9,4.25,24.25
1999-06-06,0.43,31.43,68.11,99.76,4.6,24.28
1999-06-07,1.07,30.66,71.61,99.76,5.27,24.72
1999-06-08,1.22,30.38,70.66,99.67,3.99,24.23
1999-06-09,1.05,29.91,73.6,99.6,4.22,24.56
1999-06-10,1.91,29.69,74.84,99.6,4.41,24.63
1999-06-11,10.33,28.9,78.78,99.73,5.25,24.71
1999-06-12,16.72,28.69,84.16,99.81,5.03,25.74
1999-06-13,7.8,29.42,78.21,99.89,4.32,25.08
1999-06-14,4.11,29.4,79.21,99.85,4.25,25.32
1999-06-15,5.7,27.94,83.3,99.7,5.37,24.8
1999-06-16,24.71,27.36,80.9,99.53,7.09,23.71
1999-06-17,42.74,27.06,83.26,99.38,8.16,23.92
1999-06-18,5.13,28.35,80.27,99.47,7.9,24.51
1999-06-19,11.39,27.97,84.8,99.74,6.26,25.14
1999-06-20,13.93,28.08,84.19,99.8,6.1,25.13
1999-06-21,1.05,28.87,81.16,99.8,4.92,25.21
1999-06-22,0.55,28.92,78.18,99.83,5.37,24.65
1999-06-23,0.27,29.01,77.28,99.88,5.25,24.56
1999-06-24,0.21,28.33,76.82,99.98,4.38,23.72
1999-06-25,0.16,28.19,77.75,99.91,3.79,23.88
1999-06-26,0.42,27.86,80.51,99.87,4.06,24.17
1999-06-27,1.51,27.9,82.07,100.01,4.38,24.52
1999-06-28,0.35,28.44,78.46,100.15,4.45,24.24
1999-06-29,0.51,28.72,80.88,100.13,3.74,25.08
1999-06-30,0.24,28.74,79.67,100.09,3.38,24.81
1999-07-01,0.57,28.39,80.13,100.01,4.24,24.55
1999-07-02,0.05,28.92,77.7,99.84,4.64,24.49
1999-07-03,0.04,29.23,77.6,99.79,3.73,24.76
1999-07-04,0.43,28.39,81.22,99.88,4.1,24.77
1999-07-05,0.38,28.31,81.05,99.88,4.32,24.69
1999-07-06,5.44,28.46,85.11,99.94,4.27,25.7
1999-07-07,3.69,27.88,83.59,100.07,3.65,24.78
1999-07-08,0.51,27.92,84.81,100.14,3.26,25.06
1999-07-09,2.01,28.03,85.46,100.1,4.44,25.3
1999-07-10,0.74,28.29,83.75,99.92,4.61,25.22
1999-07-11,0.87,28.27,83.77,99.77,4.85,25.22
1999-07-12,2.82,28.21,80.85,99.75,4.98,24.53
1999-07-13,1.6,28.39,79.38,99.74,5.01,24.36
1999-07-14,3.57,28.79,78.73,99.5,5.23,24.62
1999-07-15,2.39,28.42,80.63,99.43,5.23,24.65
1999-07-16,1.7,28.12,79.92,99.51,5.56,24.16
1999-07-17,0.82,28.31,82.55,99.57,6.21,24.93
1999-07-18,1.88,28.82,81.01,99.67,5.58,25.11
1999-07-19,1.33,28.7,84.13,99.67,5.01,25.62
1999-07-20,1.64,28.59,81.74,99.81,5.27,25.03
1999-07-21,8.03,28.39,79.83,99.81,6.05,24.41
1999-07-22,8.07,27.8,82.6,99.72,6.12,24.47
1999-07-23,3.95,28.16,81.93,99.67,5.09,24.67
1999-07-24,3.64,28.21,78.78,99.62,5.68,24.02
1999-07-25,3.68,28.07,77.91,99.58,5.76,23.65
1999-07-26,6.9,27.88,82.71,99.49,5.66,24.58
1999-07-27,17.14,27.2,87.44,99.52,5.77,24.93
1999-07-28,3.13,28.25,81.15,99.52,5.47,24.59
1999-07-29,0.28,28.89,75.3,99.55,4.28,23.84
1999-07-30,0.31,28.71,76.84,99.57,2.97,24.12
1999-07-31,1.01,28.52,78.38,99.65,2.4,24.29
1999-08-01,6.63,27.8,84.15,99.62,4.04,24.84
1999-08-02,4.52,27.64,86.43,99.45,5.15,25.14
1999-08-03,4.26,28.21,79.98,99.46,5.95,24.31
1999-08-04,0.8,28.5,78.13,99.62,5.71,24.15
1999-08-05,3.26,28.23,78.7,99.72,5.37,24.03
1999-08-06,5.06,28.51,78.46,99.61,5.97,24.18
1999-08-07,9.23,27.7,82.08,99.58,6.94,24.31
1999-08-08,3.71,28.55,77.48,99.55,6.08,24.02
1999-08-09,1.17,28.4,78.44,99.71,5.96,24.14
1999-08-10,0.57,28.43,80.31,100.04,4.7,24.53
1999-08-11,0.32,28.54,82.73,100.03,3.85,25.25
1999-08-12,5.6,28.27,84.77,99.94,4.48,25.43
1999-08-13,5.7,27.85,85.71,99.85,4.62,25.21
1999-08-14,1.79,28.1,82.8,99.93,4.46,24.84
1999-08-15,13.51,27.61,84.63,100.13,3.45,24.77
1999-08-16,16.64,27.47,87.34,100.12,3.46,25.17
1999-08-17,34.75,27.46,86.63,100.1,4.34,24.99
1999-08-18,18.86,27.52,87.09,100.29,4.59,25.16
1999-08-19,7.66,27.62,88.5,100.29,4.19,25.55
1999-08-20,4.25,27.58,88.0,100.15,4.15,25.4
1999-08-21,1.47,27.78,86.44,99.88,3.93,25.27
1999-08-22,0.34,28.71,81.36,99.84,3.43,25.12
1999-08-23,2.08,28.66,83.16,99.95,1.58,25.5
1999-08-24,2.1,28.36,84.67,99.92,1.53,25.51
1999-08-25,4.01,27.54,86.59,99.78,2.05,25.08
1999-08-26,6.38,27.42,88.2,99.76,4.39,25.29
1999-08-27,6.77,27.26,87.35,99.96,3.28,24.97
1999-08-28,7.83,27.07,88.2,99.89,4.14,24.94
1999-08-29,6.15,26.98,86.63,99.87,4.49,24.54
1999-08-30,6.84,27.53,86.16,99.86,4.52,24.98
1999-08-31,8.72,27.84,86.13,99.82,4.44,25.26
1999-09-01,2.73,28.06,85.02,99.82,4.23,25.25
1999-09-02,2.42,27.91,85.61,99.99,4.87,25.24
1999-09-03,1.93,27.38,87.15,99.99,5.39,25.05
1999-09-04,1.43,27.91,82.15,99.93,4.45,24.53
1999-09-05,5.42,28.4,83.0,99.9,3.03,25.18
1999-09-06,5.32,27.89,84.05,99.92,2.55,24.92
1999-09-07,3.57,27.26,84.53,99.78,1.56,24.42
1999-09-08,15.81,26.89,86.66,99.7,0.85,24.49
1999-09-09,7.43,27.2,86.38,99.65,1.72,24.73
1999-09-10,7.62,27.55,87.17,99.71,5.19,25.22
1999-09-11,3.18,28.09,85.22,99.92,5.24,25.37
1999-09-12,4.67,27.82,87.42,99.91,4.18,25.55
1999-09-13,2.3,27.99,85.51,99.92,5.6,25.3
1999-09-14,1.33,27.99,84.23,99.95,5.29,25.04
1999-09-15,1.18,28.38,82.54,99.95,4.39,25.06
1999-09-16,2.7,28.01,84.17,99.9,3.85,25.05
1999-09-17,3.31,27.83,82.84,99.85,4.22,24.59
1999-09-18,3.8,27.64,82.02,99.83,5.1,24.26
1999-09-19,0.76,27.91,81.3,100.04,4.54,24.36
1999-09-20,0.87,28.11,84.73,100.14,3.8,25.25
1999-09-21,1.49,28.02,86.73,100.12,4.05,25.57
1999-09-22,0.69,28.04,85.46,100.15,3.52,25.32
1999-09-23,3.83,27.66,88.28,100.26,3.93,25.54
1999-09-24,0.84,27.7,87.28,100.43,4.34,25.37
1999-09-25,0.08,27.59,86.49,100.35,4.03,25.1
1999-09-26,2.23,27.59,86.79,100.25,3.92,25.17
1999-09-27,2.67,27.02,86.85,100.31,2.29,24.64
1999-09-28,5.6,26.68,87.25,100.34,2.98,24.37
1999-09-29,5.42,26.7,89.62,100.37,3.53,24.86
1999-09-30,5.65,26.8,87.75,100.5,3.15,24.59
1999-10-01,5.21,26.27,86.53,100.47,2.53,23.82
1999-10-02,3.58,26.64,86.02,100.43,2.28,24.08
1999-10-03,3.59,27.04,85.62,100.37,2.09,24.42
1999-10-04,1.79,27.16,83.82,100.42,2.27,24.15
1999-10-05,12.29,26.84,87.62,100.43,3.21,24.61
1999-10-06,31.32,26.87,89.17,100.53,2.8,24.95
1999-10-07,26.21,26.42,89.42,100.54,2.09,24.55
1999-10-08,1.75,26.69,86.14,100.45,1.18,24.18
1999-10-09,0.46,26.71,85.62,100.52,1.93,24.09
1999-10-10,0.31,27.83,80.92,100.6,1.76,24.23
1999-10-11,0.41,27.96,83.1,100.55,1.64,24.8
1999-10-12,0.02,27.76,80.12,100.45,1.62,24.02
1999-10-13,1.11,27.8,78.78,100.48,2.2,23.77
1999-10-14,11.19,27.24,86.35,100.47,3.92,24.76
1999-10-15,3.82,27.23,85.91,100.41,3.86,24.65
1999-10-16,4.42,27.02,83.62,100.24,3.84,23.98
1999-10-17,3.37,27.59,80.15,99.71,3.85,23.83
1999-10-18,0.27,28.38,78.22,99.68,3.28,24.13
1999-10-19,2.31,28.05,81.57,100.08,2.24,24.56
1999-10-20,8.09,27.11,85.99,100.34,3.22,24.56
1999-10-21,11.35,27.07,87.63,100.42,3.62,24.84
1999-10-22,9.39,26.66,90.21,100.6,3.31,24.94
1999-10-23,5.39,26.35,88.43,100.6,4.1,24.3
1999-10-24,5.2,26.44,87.74,100.5,3.83,24.25
1999-10-25,4.04,26.55,89.14,100.44,2.61,24.62
1999-10-26,2.84,26.53,89.75,100.46,2.55,24.71
1999-10-27,1.44,27.29,79.11,100.28,1.81,23.22
1999-10-28,2.29,27.04,74.41,100.09,2.48,21.94
1999-10-29,0.05,25.43,77.47,99.96,3.32,21.16
1999-10-30,0.87,27.21,79.38,99.83,3.08,23.25
1999-10-31,2.99,27.71,78.5,99.9,1.74,23.55
1999-11-01,4.74,27.13,79.44,100.11,2.19,23.23
1999-11-02,12.87,26.03,92.75,100.27,2.15,24.79
1999-11-03,10.36,26.27,91.36,100.36,3.3,24.76
1999-11-04,2.41,26.39,89.9,100.46,3.41,24.61
1999-11-05,0.15,26.2,86.17,100.65,3.19,23.68
1999-11-06,0.01,26.23,80.97,100.72,3.19,22.6
1999-11-07,0.0,26.65,71.03,100.71,2.68,20.83
1999-11-08,0.07,26.62,65.77,100.72,2.33,19.61
1999-11-09,0.06,26.6,61.12,100.76,2.17,18.24
1999-11-10,0.0,25.84,61.0,100.82,2.64,17.59
1999-11-11,0.0,25.52,62.11,100.93,2.7,17.48
1999-11-12,0.0,25.11,60.64,100.98,3.25,16.73
1999-11-13,0.0,24.87,58.58,101.03,2.87,15.86
1999-11-14,0.0,24.82,57.25,101.01,2.7,15.51
1999-11-15,0.0,24.81,58.1,100.97,2.63,15.7
1999-11-16,0.0,24.58,60.69,101.04,2.19,16.23
1999-11-17,0.0,24.54,70.49,101.14,3.3,18.65
1999-11-18,0.0,24.4,70.74,101.11,4.11,18.49
1999-11-19,0.03,24.59,70.71,100.94,4.07,18.69
1999-11-20,0.32,24.81,67.57,100.93,4.34,18.16
1999-11-21,0.02,24.45,62.72,100.97,4.42,16.46
1999-11-22,0.03,24.76,69.75,100.98,4.64,18.67
1999-11-23,0.05,24.84,76.49,100.89,4.37,20.32
1999-11-24,0.0,24.33,73.33,100.85,3.98,19.06
1999-11-25,0.09,23.73,74.76,100.81,3.6,18.7
1999-11-26,0.04,24.29,76.99,100.74,3.44,19.68
1999-11-27,0.06,25.21,76.8,100.79,3.79,20.63
1999-11-28,0.0,25.11,70.79,100.89,3.86,19.13
1999-11-29,0.0,24.72,72.74,100.88,3.23,19.23
1999-11-30,0.0,24.11,63.22,100.9,3.11,16.24
1999-12-01,0.0,24.0,63.85,101.0,3.27,16.4
1999-12-02,0.0,23.88,64.52,101.13,2.76,16.36
1999-12-03,0.01,23.57,69.45,101.15,3.69,17.44
1999-12-04,0.0,23.74,65.43,101.17,3.08,16.58
1999-12-05,0.0,24.03,65.28,101.08,3.05,16.83
1999-12-06,0.07,23.8,67.95,101.02,3.34,17.32
1999-12-07,0.27,24.11,69.49,101.03,3.41,17.92
1999-12-08,0.0,24.54,69.3,101.0,3.83,18.1
1999-12-09,0.07,24.77,63.19,100.91,5.34,16.62
1999-12-10,0.19,24.62,63.3,100.89,5.02,16.68
1999-12-11,0.0,24.27,59.97,100.93,4.36,15.5
1999-12-12,0.0,23.66,59.67,101.03,4.94,14.77
1999-12-13,0.0,23.6,60.69,100.99,4.22,14.99
1999-12-14,0.0,23.83,63.91,100.89,3.42,15.94
1999-12-15,0.0,23.94,67.42,100.87,3.24,17.11
1999-12-16,0.0,23.75,64.93,100.98,3.67,16.28
1999-12-17,0.0,23.25,61.71,101.03,3.41,14.76
1999-12-18,0.0,22.74,56.42,100.97,3.71,12.75
1999-12-19,0.0,22.46,63.74,101.0,3.97,14.79
1999-12-20,0.02,22.84,72.17,101.02,3.61,17.25
1999-12-21,0.06,23.69,74.34,101.05,4.56,18.42
1999-12-22,0.0,23.55,69.44,101.2,4.58,17.12
1999-12-23,0.02,23.5,72.85,101.24,3.85,18.11
1999-12-24,0.03,23.54,72.8,101.25,3.8,18.11
1999-12-25,0.0,23.77,70.58,101.18,3.16,17.84
1999-12-26,0.0,24.07,70.62,101.06,2.81,18.24
1999-12-27,0.03,23.92,73.91,101.14,3.19,18.88
1999-12-28,0.0,23.74,74.89,101.22,3.1,18.79
1999-12-29,0.0,23.81,71.04,101.14,3.04,17.99
1999-12-30,0.0,23.81,67.63,100.89,2.04,17.11
1999-12-31,0.01,23.74,70.03,100.9,2.71,17.69
2000-01-01,0.05,23.74,71.24,100.98,3.72,17.94
2000-01-02,0.0,23.77,71.48,100.97,3.71,17.93
2000-01-03,0.0,23.38,63.14,100.86,3.62,15.32
2000-01-04,0.0,23.3,61.34,100.88,3.46,14.77
2000-01-05,0.0,23.36,64.26,100.9,4.01,15.54
2000-01-06,0.01,23.59,63.2,100.87,3.22,15.63
2000-01-07,0.0,23.27,57.53,100.93,3.73,13.5
2000-01-08,0.0,22.82,55.44,100.93,3.53,12.31
2000-01-09,0.0,23.24,65.09,100.9,2.6,15.58
2000-01-10,0.0,23.55,67.42,100.86,2.11,16.7
2000-01-11,0.0,23.55,67.33,100.9,2.47,16.68
2000-01-12,0.0,23.56,69.67,100.83,2.28,16.79
2000-01-13,0.0,24.08,76.4,100.77,1.96,19.09
2000-01-14,0.0,25.2,70.86,100.62,1.52,19.0
2000-01-15,0.0,25.38,67.03,100.71,1.88,18.39
2000-01-16,0.0,25.32,65.17,100.87,1.71,17.75
2000-01-17,0.0,24.99,68.24,101.06,2.99,18.28
2000-01-18,0.0,24.74,75.66,101.12,3.02,19.6
2000-01-19,0.0,24.23,66.94,100.96,1.98,16.68
2000-01-20,0.0,24.93,72.57,100.74,2.71,18.77
2000-01-21,0.0,24.98,77.12,100.86,3.3,20.29
2000-01-22,0.0,24.76,76.4,100.91,2.79,19.97
2000-01-23,0.0,25.07,76.46,100.85,3.17,20.25
2000-01-24,0.0,24.84,71.3,100.97,2.29,18.79
2000-01-25,0.01,24.68,74.05,101.17,3.44,19.53
2000-01-26,0.0,24.65,71.3,101.19,3.48,18.93
2000-01-27,0.0,24.41,67.98,101.11,3.82,17.82
2000-01-28,0.0,24.71,60.12,101.1,3.08,16.0
2000-01-29,0.0,25.32,54.51,101.09,1.86,14.98
2000-01-30,0.0,24.95,65.11,101.2,2.81,17.66
2000-01-31,0.0,24.71,69.81,101.2,2.67,18.59
2000-02-01,0.0,24.57,70.7,101.0,2.82,18.73
2000-02-02,0.0,24.76,67.19,100.99,3.01,17.92
2000-02-03,0.0,25.0,73.4,101.08,2.47,19.63
2000-02-04,0.01,25.36,77.1,100.92,2.84,20.78
2000-02-05,0.0,25.33,78.45,100.73,3.86,21.04
2000-02-06,8.6,25.26,80.03,100.67,3.43,21.42
2000-02-07,2.17,25.43,78.09,100.68,2.83,21.19
2000-02-08,0.27,25.44,75.7,100.68,2.56,20.75
2000-02-09,0.19,25.6,75.49,100.74,3.3,20.86
2000-02-10,0.39,26.26,73.85,100.75,2.72,21.01
2000-02-11,0.14,25.95,72.82,100.73,2.83,20.52
2000-02-12,0.83,26.17,75.4,100.68,3.25,21.3
2000-02-13,0.74,26.22,72.9,100.65,2.42,20.78
2000-02-14,0.33,26.05,73.66,100.8,3.53,20.79
2000-02-15,0.01,26.21,69.55,100.89,4.6,19.94
2000-02-16,0.0,25.61,71.21,100.84,3.07,19.78
2000-02-17,0.37,25.65,76.08,100.57,3.36,20.89
2000-02-18,0.6,26.63,73.16,100.52,3.09,21.11
2000-02-19,1.03,25.61,77.36,100.6,2.76,21.25
2000-02-20,3.09,24.91,79.03,100.61,4.13,20.94
2000-02-21,3.21,25.7,76.46,100.68,3.99,21.15
2000-02-22,0.36,26.05,71.58,100.76,4.15,20.29
2000-02-23,0.0,26.04,69.55,100.8,3.71,19.78
2000-02-24,0.4,26.17,75.11,100.86,3.72,21.22
2000-02-25,1.7,26.1,76.14,100.77,3.73,21.45
2000-02-26,14.81,25.25,81.64,100.62,3.25,21.86
2000-02-27,1.55,24.76,76.56,100.78,4.04,20.17
2000-02-28,0.0,26.02,70.22,100.9,3.28,19.79
2000-02-29,0.0,26.5,56.19,100.85,1.89,16.21
2000-03-01,0.0,26.96,59.8,100.65,3.35,17.23
2000-03-02,0.0,27.5,60.62,100.6,4.11,18.11
2000-03-03,0.0,28.11,59.14,100.59,3.9,18.03
2000-03-04,0.0,28.02,63.67,100.6,4.06,19.23
2000-03-05,0.0,27.45,68.42,100.58,3.77,20.2
2000-03-06,0.0,27.18,68.55,100.56,3.65,19.93
2000-03-07,0.0,27.11,70.29,100.64,3.35,20.29
2000-03-08,0.0,27.24,75.79,100.59,3.87,22.07
2000-03-09,0.04,28.32,71.71,100.43,3.96,21.88
2000-03-10,0.1,27.72,59.42,100.47,2.66,16.53
2000-03-11,0.01,27.87,75.0,100.51,4.16,22.42
2000-03-12,0.0,28.17,73.79,100.36,5.2,22.41
2000-03-13,0.08,27.91,73.13,100.31,4.95,22.14
2000-03-14,0.04,27.75,74.42,100.47,4.37,22.2
2000-03-15,0.02,28.15,71.83,100.48,4.09,21.91
2000-03-16,0.0,28.06,60.82,100.43,2.99,17.42
2000-03-17,0.01,27.26,77.13,100.43,2.73,22.57
2000-03-18,0.0,27.6,74.94,100.45,3.82,22.39
2000-03-19,0.02,28.67,69.83,100.43,4.09,21.98
2000-03-20,0.01,28.53,67.59,100.42,3.24,21.03
2000-03-21,0.0,27.7,70.44,100.63,2.05,21.4
2000-03-22,0.0,27.26,67.39,100.67,1.96,20.21
2000-03-23,0.0,27.1,68.39,100.64,2.4,20.12
2000-03-24,0.0,27.79,64.27,100.66,1.75,19.94
2000-03-25,0.0,28.14,60.7,100.72,2.71,18.84
2000-03-26,0.14,28.0,72.94,100.74,4.65,22.11
2000-03-27,0.41,27.85,71.9,100.72,3.06,21.91
2000-03-28,0.43,27.85,68.94,100.66,3.25,20.88
2000-03-29,0.05,27.78,67.98,100.61,3.34,20.53
2000-03-30,0.0,27.64,69.66,100.51,3.43,20.9
2000-03-31,0.0,27.57,71.29,100.39,4.01,21.27
2000-04-01,0.05,28.09,77.43,100.33,3.89,23.49
2000-04-02,0.03,28.73,75.12,100.32,3.31,23.55
2000-04-03,0.0,28.94,72.39,100.35,4.31,23.02
2000-04-04,0.0,29.14,72.22,100.29,4.36,23.07
2000-04-05,0.02,29.15,71.87,100.28,4.54,22.87
2000-04-06,0.09,28.73,74.67,100.31,4.44,23.3
2000-04-07,0.07,29.09,75.35,100.51,4.68,23.85
2000-04-08,0.07,30.36,67.02,100.41,4.87,22.92
2000-04-09,4.08,30.68,66.76,100.15,5.17,23.3
2000-04-10,3.42,30.28,69.79,100.12,4.48,23.7
2000-04-11,0.18,29.9,73.45,100.15,4.41,24.14
2000-04-12,0.09,30.2,68.77,100.17,4.36,22.95
2000-04-13,0.08,29.62,73.87,100.06,4.81,24.01
2000-04-14,3.7,29.28,77.8,99.97,4.3,24.76
2000-04-15,7.62,29.52,80.09,100.04,4.35,25.47
2000-04-16,4.73,29.36,78.66,100.2,3.77,25.05
2000-04-17,1.71,29.92,75.35,100.19,3.82,24.67
2000-04-18,1.26,30.04,73.94,100.36,3.95,24.53
2000-04-19,0.33,30.27,69.86,100.39,4.28,23.66
2000-04-20,0.07,30.44,68.75,100.25,5.19,23.59
2000-04-21,0.03,31.18,64.89,100.11,5.4,23.1
2000-04-22,0.04,30.85,67.4,100.1,5.29,23.49
2000-04-23,0.03,30.57,68.66,100.09,4.68,23.71
2000-04-24,0.07,30.34,70.5,100.12,4.85,24.08
2000-04-25,0.07,30.78,71.24,99.89,4.8,24.51
2000-04-26,0.11,30.7,74.27,99.84,4.63,25.11
2000-04-27,0.13,30.64,75.48,99.78,5.03,25.26
2000-04-28,0.11,30.45,75.61,99.88,4.52,25.36
2000-04-29,0.16,30.78,74.8,100.02,5.14,25.53
2000-04-30,0.17,30.8,74.15,100.14,4.4,25.4
2000-05-01,0.84,30.2,76.59,100.12,4.79,25.47
2000-05-02,0.83,30.04,78.88,100.15,4.38,25.75
2000-05-03,1.37,29.88,78.6,100.27,4.4,25.51
2000-05-04,0.84,29.97,70.21,100.33,3.52,23.68
2000-05-05,3.22,29.89,71.25,100.3,4.06,23.95
2000-05-06,1.08,29.27,74.62,100.34,2.84,24.21
2000-05-07,10.33,28.62,80.23,100.4,2.47,24.87
2000-05-08,2.93,29.57,74.46,100.34,2.53,24.32
2000-05-09,0.07,30.26,69.42,100.31,3.0,23.89
2000-05-10,0.08,30.71,72.18,100.18,4.07,24.9
2000-05-11,0.35,31.38,69.91,100.02,4.53,24.89
2000-05-12,0.44,32.07,67.7,99.91,3.85,25.0
2000-05-13,0.06,32.7,64.29,99.84,3.49,24.57
2000-05-14,0.0,33.71,60.2,99.78,2.6,23.79
2000-05-15,0.22,33.28,64.59,99.79,1.84,24.76
2000-05-16,3.48,33.33,64.23,99.84,2.75,25.07
2000-05-17,4.86,32.0,64.27,99.85,5.06,24.15
2000-05-18,0.66,32.57,61.88,99.81,3.87,23.86
2000-05-19,0.14,33.01,59.54,99.76,5.64,23.57
2000-05-20,0.63,33.09,62.24,99.73,4.2,24.41
2000-05-21,0.3,31.54,67.88,99.78,3.1,24.63
2000-05-22,0.65,30.85,74.09,99.81,4.26,25.5
2000-05-23,1.52,30.01,79.28,99.89,5.1,25.95
2000-05-24,2.17,29.94,79.57,99.95,4.72,25.89
2000-05-25,0.56,30.34,72.58,99.92,4.41,24.65
2000-05-26,0.35,30.72,72.02,99.85,5.23,24.91
2000-05-27,0.39,30.67,71.54,99.91,5.42,24.74
2000-05-28,0.43,31.35,70.31,99.93,4.97,25.09
2000-05-29,9.48,30.9,77.56,99.98,4.72,26.37
2000-05-30,6.65,29.82,79.28,99.97,4.29,25.78
2000-05-31,0.68,30.09,72.16,99.87,3.76,24.31
2000-06-01,2.72,29.85,72.9,99.74,4.21,24.33
2000-06-02,1.09,30.11,72.41,99.71,3.15,24.33
2000-06-03,2.94,29.88,74.1,99.59,2.84,24.58
2000-06-04,9.5,28.59,82.87,99.32,2.77,25.35
2000-06-05,46.73,28.26,86.88,98.57,6.78,25.88
2000-06-06,17.55,28.39,83.99,99.08,8.32,25.39
2000-06-07,7.19,28.61,87.73,99.69,6.72,26.37
2000-06-08,2.08,28.58,84.55,99.96,5.38,25.67
2000-06-09,0.43,29.63,76.23,99.97,5.41,24.81
2000-06-10,1.5,30.13,77.53,99.91,5.34,25.66
2000-06-11,1.56,29.51,80.49,99.85,5.77,25.7
2000-06-12,0.78,28.55,82.04,99.8,3.96,25.12
2000-06-13,0.66,29.37,74.6,99.85,4.24,24.24
2000-06-14,0.34,30.26,72.0,99.87,2.67,24.46
2000-06-15,0.26,30.77,69.04,99.76,2.85,24.26
2000-06-16,0.47,31.16,66.44,99.67,2.95,23.96
2000-06-17,3.08,29.79,74.75,99.65,3.58,24.77
2000-06-18,3.19,27.69,82.32,99.51,5.49,24.36
2000-06-19,2.42,28.15,81.27,99.5,5.54,24.57
2000-06-20,0.95,29.25,79.16,99.59,5.39,25.08
2000-06-21,0.67,29.08,81.53,99.77,4.81,25.5
2000-06-22,0.4,28.43,81.88,99.87,4.15,24.95
2000-06-23,0.32,28.28,78.59,99.98,3.75,24.09
2000-06-24,0.21,28.82,78.22,99.9,2.96,24.54
2000-06-25,0.87,29.04,76.8,99.82,3.61,24.45
2000-06-26,11.57,28.8,78.44,99.82,3.58,24.59
2000-06-27,7.58,27.96,82.83,99.75,2.75,24.73
2000-06-28,8.95,27.57,83.97,99.57,3.02,24.58
2000-06-29,9.86,27.47,86.06,99.4,2.78,24.91
2000-06-30,3.67,27.71,83.66,99.52,4.3,24.66
2000-07-01,0.14,29.14,77.53,99.62,3.94,24.66
2000-07-02,3.05,27.75,83.86,99.63,2.73,24.76
2000-07-03,1.09,28.18,81.9,99.56,3.76,24.71
2000-07-04,0.69,28.59,79.94,99.57,4.49,24.68
2000-07-05,4.43,29.23,81.5,99.49,5.35,25.66
2000-07-06,3.13,28.87,80.92,99.53,3.03,25.14
2000-07-07,2.18,28.25,83.42,99.49,1.72,25.13
2000-07-08,0.87,28.95,80.32,99.49,3.38,25.09
2000-07-09,0.84,29.44,76.49,99.43,5.13,24.7
2000-07-10,2.78,28.78,78.38,99.39,6.71,24.52
2000-07-11,12.96,28.51,78.84,99.28,7.8,24.35
2000-07-12,6.85,28.98,77.85,99.32,8.16,24.51
2000-07-13,7.24,28.97,77.8,99.62,7.91,24.57
2000-07-14,1.85,28.91,78.85,99.75,5.85,24.71
2000-07-15,1.0,28.87,76.57,99.65,5.48,24.17
2000-07-16,4.8,28.66,77.23,99.63,4.85,24.14
2000-07-17,11.99,27.91,81.49,99.62,6.15,24.36
2000-07-18,3.37,28.4,78.49,99.5,6.89,24.18
2000-07-19,2.29,29.14,73.04,99.49,6.24,23.64
2000-07-20,0.36,29.25,75.35,99.73,4.75,24.25
2000-07-21,0.18,29.14,77.55,99.99,4.07,24.73
2000-07-22,0.29,28.97,76.6,100.14,3.73,24.34
2000-07-23,0.2,29.27,75.24,100.0,3.53,24.29
2000-07-24,2.16,28.78,78.78,99.96,3.36,24.63
2000-07-25,1.33,28.52,78.27,100.05,3.41,24.27
2000-07-26,0.41,28.07,77.32,100.03,3.31,23.64
2000-07-27,0.96,29.31,70.83,99.8,3.91,23.19
2000-07-28,0.58,29.14,73.31,99.82,3.52,23.74
2000-07-29,0.69,29.19,75.23,99.91,3.46,24.26
2000-07-30,0.35,29.3,76.63,100.03,3.36,24.66
2000-07-31,0.15,29.17,76.32,99.99,3.34,24.45
2000-08-01,0.09,28.75,79.94,100.0,4.09,24.86
2000-08-02,2.41,28.63,81.58,100.07,3.7,25.07
2000-08-03,0.59,28.97,78.88,100.07,3.26,24.78
2000-08-04,1.56,28.1,81.99,100.14,3.93,24.67
2000-08-05,10.73,28.12,81.92,100.03,3.62,24.63
2000-08-06,2.0,28.54,78.3,99.94,3.93,24.25
2000-08-07,3.27,28.55,79.6,99.91,3.98,24.52
2000-08-08,3.41,28.49,80.94,99.75,3.63,24.79
2000-08-09,8.07,28.33,81.92,99.38,3.8,24.87
2000-08-10,14.49,27.47,83.65,99.28,5.81,24.4
2000-08-11,2.43,27.76,79.84,99.62,6.29,23.86
2000-08-12,1.23,28.14,79.82,100.01,4.25,24.18
2000-08-13,3.28,28.51,84.07,100.28,4.11,25.52
2000-08-14,5.31,28.42,81.41,100.3,3.86,24.82
2000-08-15,3.19,28.04,83.32,100.24,4.87,24.88
2000-08-16,1.85,28.95,79.44,100.05,5.06,24.89
2000-08-17,1.88,28.8,79.71,99.87,4.8,24.84
2000-08-18,2.34,28.23,78.73,99.78,5.34,24.07
2000-08-19,2.55,28.59,78.73,99.73,5.87,24.44
2000-08-20,1.98,27.56,81.57,99.64,6.08,24.06
2000-08-21,6.33,27.92,81.98,99.3,4.14,24.51
2000-08-22,15.01,27.55,86.76,99.28,3.51,25.11
2000-08-23,14.42,27.74,87.82,99.19,3.82,25.52
2000-08-24,45.2,27.08,88.4,99.33,5.37,25.0
2000-08-25,27.57,26.9,89.35,99.58,3.85,25.01
2000-08-26,11.65,27.24,88.68,99.66,5.02,25.2
2000-08-27,8.72,27.45,86.82,99.55,7.29,25.03
2000-08-28,7.01,27.13,88.83,99.54,7.11,25.13
2000-08-29,7.33,27.93,85.62,99.52,6.63,25.22
2000-08-30,5.16,27.44,86.54,99.64,5.66,24.98
2000-08-31,1.34,27.69,82.76,99.74,5.89,24.43
2000-09-01,1.06,28.27,81.43,99.72,5.78,24.72
2000-09-02,1.14,28.75,81.33,99.65,4.79,25.16
2000-09-03,12.96,28.75,83.3,99.71,3.93,25.57
2000-09-04,5.3,28.2,85.51,99.98,3.81,25.51
2000-09-05,5.25,28.02,86.13,100.01,4.0,25.46
2000-09-06,10.57,27.61,87.2,99.91,4.49,25.28
2000-09-07,5.07,27.16,87.66,100.05,4.84,24.94
2000-09-08,0.9,27.87,84.29,100.16,4.45,24.94
2000-09-09,9.88,27.78,86.08,100.18,3.7,25.23
2000-09-10,4.04,28.25,81.06,100.06,2.07,24.59
2000-09-11,1.69,28.2,82.14,99.97,2.07,24.8
2000-09-12,0.63,28.65,80.65,99.97,2.11,24.96
2000-09-13,0.67,28.3,78.37,100.1,1.86,24.1
2000-09-14,0.55,28.21,81.6,100.07,3.46,24.73
2000-09-15,1.0,28.73,81.16,100.0,3.67,25.14
2000-09-16,3.19,28.35,86.04,100.09,3.42,25.78
2000-09-17,35.46,27.82,90.29,100.25,3.57,26.1
2000-09-18,24.9,27.54,90.47,100.17,4.1,25.85
2000-09-19,3.5,27.72,85.7,100.15,2.69,25.04
2000-09-20,5.31,27.02,90.63,100.22,2.07,25.37
2000-09-21,4.82,26.89,86.96,100.34,1.78,24.53
2000-09-22,4.47,27.68,83.89,100.49,2.27,24.69
2000-09-23,12.57,27.82,83.71,100.5,1.81,24.8
2000-09-24,19.8,27.36,84.61,100.44,1.49,24.55
2000-09-25,3.02,27.3,85.43,100.37,1.73,24.65
2000-09-26,7.97,27.34,85.41,100.4,1.89,24.68
2000-09-27,3.46,27.01,88.72,100.45,2.95,25.0
2000-09-28,1.79,27.36,87.43,100.4,3.0,25.09
2000-09-29,0.37,28.46,78.67,100.33,1.21,24.31
2000-09-30,0.3,28.46,76.0,100.24,1.06,23.77
2000-10-01,0.34,28.12,78.24,100.36,1.51,23.95
2000-10-02,0.23,28.11,78.59,100.42,2.07,23.95
2000-10-03,0.05,28.45,74.75,100.42,1.78,23.45
2000-10-04,0.84,27.8,79.88,100.4,1.61,23.98
2000-10-05,1.65,27.88,78.65,100.48,2.25,23.83
2000-10-06,4.5,27.52,81.19,100.5,2.49,24.0
2000-10-07,3.05,27.85,80.42,100.49,1.77,24.16
2000-10-08,1.2,28.09,78.87,100.38,1.71,24.07
2000-10-09,0.38,28.0,77.35,100.21,1.37,23.65
2000-10-10,3.86,28.22,78.09,100.25,1.56,24.03
2000-10-11,3.14,28.79,78.74,100.33,1.6,24.66
2000-10-12,13.01,29.35,73.27,100.3,0.98,23.97
2000-10-13,4.71,28.58,77.49,100.19,1.73,24.25
2000-10-14,0.28,28.38,70.52,100.15,2.22,22.3
2000-10-15,0.04,27.53,65.77,100.18,4.03,20.37
2000-10-16,5.52,26.76,79.7,100.13,6.49,22.9
2000-10-17,22.71,27.99,85.95,99.97,6.48,25.41
2000-10-18,17.38,27.87,87.28,99.99,6.12,25.57
2000-10-19,12.9,27.8,87.56,100.12,4.37,25.56
2000-10-20,4.94,27.63,86.09,100.33,2.69,25.09
2000-10-21,0.25,27.63,81.51,100.37,1.37,24.12
2000-10-22,0.01,27.9,73.67,100.32,1.09,22.56
2000-10-23,0.0,27.7,66.83,100.31,1.62,20.62
2000-10-24,0.0,27.63,62.34,100.45,2.06,19.55
2000-10-25,0.0,27.31,64.13,100.59,2.04,19.84
2000-10-26,0.0,27.11,69.1,100.48,3.11,20.87
2000-10-27,0.03,26.86,61.35,100.34,2.98,18.63
2000-10-28,0.0,26.54,60.17,100.5,1.72,18.06
2000-10-29,0.0,26.69,65.56,100.67,1.94,19.56
2000-10-30,0.03,26.36,80.05,100.66,2.42,22.59
2000-10-31,0.04,26.5,75.75,100.6,1.71,21.84
2000-11-01,0.01,26.56,76.36,100.68,3.38,22.03
2000-11-02,1.31,26.72,80.34,100.76,4.32,23.02
2000-11-03,0.85,27.18,82.03,100.88,4.06,23.81
2000-11-04,0.02,26.9,80.4,100.98,3.14,23.16
2000-11-05,0.0,27.05,75.82,100.81,2.28,22.33
2000-11-06,0.0,27.04,71.97,100.61,1.47,21.49
2000-11-07,0.03,26.52,71.29,100.72,2.32,20.81
2000-11-08,0.04,26.55,74.67,100.78,3.65,21.61
2000-11-09,0.0,26.69,70.42,100.74,3.22,20.72
2000-11-10,0.0,26.41,69.64,100.83,3.14,20.28
2000-11-11,0.0,26.22,62.23,100.94,2.55,18.2
2000-11-12,0.0,26.48,61.19,100.77,2.03,18.33
2000-11-13,0.0,26.43,63.33,100.59,2.53,18.84
2000-11-14,0.0,26.18,68.47,100.71,2.78,19.81
2000-11-15,0.0,26.07,69.95,100.82,3.24,19.98
2000-11-16,0.06,25.87,70.71,100.84,4.54,19.96
2000-11-17,0.02,25.45,64.63,100.81,3.95,18.03
2000-11-18,0.0,25.36,69.34,100.72,2.76,19.14
2000-11-19,0.04,25.48,70.65,100.72,2.08,19.54
2000-11-20,0.0,25.44,71.52,100.7,1.94,19.77
2000-11-21,0.01,25.79,78.11,100.72,2.96,21.45
2000-11-22,0.74,26.04,79.44,100.88,3.6,22.03
2000-11-23,0.27,26.08,75.37,101.06,3.39,21.11
2000-11-24,0.0,25.89,66.55,100.97,2.58,18.69
2000-11-25,0.0,25.97,59.33,100.81,1.82,17.05
2000-11-26,0.0,25.64,68.45,100.87,2.83,19.12
2000-11-27,0.0,26.13,72.9,100.79,4.71,20.55
2000-11-28,0.31,26.14,75.67,100.66,6.34,21.41
2000-11-29,1.55,25.77,73.46,100.68,6.1,20.47
2000-11-30,1.89,25.77,82.47,100.82,3.88,22.51
2000-12-01,2.1,25.84,81.73,100.84,4.72,22.39
2000-12-02,0.04,25.97,72.57,101.01,5.0,20.47
2000-12-03,0.0,25.64,70.67,101.12,4.34,19.65
2000-12-04,0.0,24.85,62.58,100.99,2.64,16.45
2000-12-05,0.0,24.57,54.68,100.92,1.96,14.11
2000-12-06,0.0,24.73,53.75,100.94,1.62,13.92
2000-12-07,0.0,24.36,59.74,101.02,2.51,15.6
2000-12-08,0.0,23.74,60.71,100.98,3.24,15.12
2000-12-09,0.0,24.07,53.7,100.88,2.42,13.15
2000-12-10,0.0,23.92,53.41,100.98,2.03,13.04
2000-12-11,0.0,23.96,51.96,101.04,1.55,12.9
2000-12-12,0.0,24.38,50.38,100.99,1.33,12.84
2000-12-13,0.0,24.03,56.94,100.91,1.65,14.25
2000-12-14,0.0,23.33,63.87,100.93,1.94,15.4
2000-12-15,0.0,23.4,63.97,101.04,2.35,15.52
2000-12-16,0.0,23.02,61.31,101.15,2.84,14.41
2000-12-17,0.0,23.06,69.3,101.15,3.02,16.7
2000-12-18,0.0,23.45,62.63,100.97,1.86,15.45
2000-12-19,0.0,23.55,55.44,100.82,2.19,13.32
2000-12-20,0.0,23.8,61.73,100.93,2.68,15.32
2000-12-21,0.02,23.52,75.04,100.99,2.83,18.41
2000-12-22,0.0,23.34,74.53,100.99,3.04,17.97
2000-12-23,0.0,23.25,66.78,100.96,3.22,16.03
2000-12-24,0.0,22.82,70.48,100.93,3.65,16.55
2000-12-25,0.0,22.72,72.16,100.92,3.29,16.82
2000-12-26,0.0,22.82,74.52,100.97,4.01,17.56
2000-12-27,0.0,23.02,76.35,100.98,4.27,18.22
2000-12-28,0.0,23.05,73.94,100.99,4.51,17.78
2000-12-29,0.0,23.03,70.63,100.97,3.69,16.86
2000-12-30,0.0,22.9,71.37,100.92,3.77,16.99
2000-12-31,0.0,23.06,71.02,100.88,3.43,17.19
2001-01-01,0.0,23.39,70.64,100.72,2.58,17.56
2001-01-02,0.0,23.67,72.93,100.85,2.54,18.39
2001-01-03,0.0,24.0,76.98,100.96,3.33,19.55
2001-01-04,0.0,24.14,78.04,101.0,3.52,19.89
2001-01-05,0.11,23.9,78.21,101.03,3.22,19.69
2001-01-06,0.08,23.53,75.88,101.11,3.42,18.83
2001-01-07,0.0,22.93,76.8,100.96,2.8,18.49
2001-01-08,0.0,23.39,70.29,100.85,2.21,17.41
2001-01-09,0.0,23.81,66.19,100.91,2.06,16.91
2001-01-10,0.0,23.79,67.64,100.94,1.76,17.01
2001-01-11,0.0,23.47,72.08,100.88,1.85,17.76
2001-01-12,0.0,23.64,74.13,100.88,1.65,18.34
2001-01-13,0.0,23.94,72.81,100.93,1.86,18.48
2001-01-14,0.0,24.0,72.92,100.93,1.81,18.63
2001-01-15,0.0,23.84,75.66,101.04,2.43,19.03
2001-01-16,0.0,23.94,75.96,101.08,2.75,19.22
2001-01-17,0.0,23.85,74.57,101.13,3.38,18.65
2001-01-18,0.0,23.93,72.41,101.1,3.27,18.26
2001-01-19,0.0,23.66,69.3,101.05,3.36,17.02
2001-01-20,0.0,22.91,65.88,101.05,3.62,15.39
2001-01-21,0.0,22.94,61.91,100.86,3.42,14.56
2001-01-22,0.0,23.69,61.18,100.72,2.22,14.93
2001-01-23,0.0,24.61,62.96,100.67,1.74,16.6
2001-01-24,0.0,24.99,57.06,100.69,2.34,14.53
2001-01-25,0.0,24.18,62.53,100.77,2.54,15.21
2001-01-26,0.0,23.48,65.62,100.77,2.38,15.35
2001-01-27,0.0,23.5,59.41,100.82,1.53,14.11
2001-01-28,0.0,23.41,51.52,100.85,1.82,11.9
2001-01-29,0.0,23.45,60.5,100.87,1.5,14.72
2001-01-30,0.0,24.02,62.6,100.82,1.7,15.57
2001-01-31,0.0,23.71,66.33,100.67,1.75,16.57
2001-02-01,0.0,24.12,60.48,100.64,1.61,15.14
2001-02-02,0.0,24.56,59.15,100.58,2.01,15.1
2001-02-03,0.0,25.01,69.65,100.59,2.27,18.2
2001-02-04,0.0,25.46,70.01,100.65,1.73,19.07
2001-02-05,0.0,24.91,68.52,100.72,2.08,18.24
2001-02-06,0.0,26.06,64.75,100.7,2.56,17.97
2001-02-07,0.0,25.74,58.86,100.74,2.28,15.48
2001-02-08,0.0,24.98,74.32,100.74,2.33,19.07
2001-02-09,0.0,25.65,65.89,100.69,2.59,16.73
2001-02-10,0.0,25.77,70.85,100.62,2.82,18.97
2001-02-11,0.0,25.85,74.45,100.55,2.67,20.06
2001-02-12,0.0,25.82,74.67,100.69,2.55,20.55
2001-02-13,0.0,25.55,70.58,100.77,2.22,19.41
2001-02-14,0.0,25.37,71.63,100.78,2.23,19.68
2001-02-15,0.0,24.92,67.28,100.86,2.12,18.08
2001-02-16,0.0,24.76,61.08,100.93,1.83,16.35
2001-02-17,0.0,25.56,67.77,100.95,1.73,18.71
2001-02-18,0.01,26.04,76.29,100.86,2.52,21.07
2001-02-19,0.0,26.8,76.6,100.78,3.44,21.79
2001-02-20,0.0,27.36,74.33,100.68,3.95,21.72
2001-02-21,0.01,27.79,72.27,100.47,4.47,21.75
2001-02-22,0.11,28.5,65.86,100.5,3.61,20.09
2001-02-23,0.0,27.71,66.82,100.67,2.21,19.67
2001-02-24,0.01,27.94,71.27,100.58,3.77,21.16
2001-02-25,0.01,28.23,65.62,100.32,4.65,20.01
2001-02-26,0.01,27.96,72.71,100.39,4.86,21.93
2001-02-27,0.03,27.71,73.91,100.63,4.02,22.08
2001-02-28,0.0,26.96,73.48,100.95,3.05,21.52
2001-03-01,0.0,26.61,72.08,101.02,2.69,20.78
2001-03-02,0.0,26.55,67.02,101.05,1.88,19.22
2001-03-03,0.0,27.28,64.09,101.02,2.32,19.39
2001-03-04,0.0,27.61,65.29,100.95,1.86,19.98
2001-03-05,0.01,27.94,64.96,100.81,2.69,20.11
2001-03-06,0.1,27.76,67.91,100.82,2.53,21.0
2001-03-07,0.61,27.21,68.32,100.83,2.05,20.68
2001-03-08,1.1,27.52,68.64,100.75,2.36,20.93
2001-03-09,0.03,27.74,64.2,100.79,2.43,20.05
2001-03-10,0.0,28.34,57.44,100.77,2.1,18.73
2001-03-11,0.19,27.91,59.19,100.82,2.17,18.76
2001-03-12,0.77,28.17,57.19,100.75,1.89,18.49
2001-03-13,0.18,28.69,60.07,100.65,2.51,19.68
2001-03-14,0.06,29.13,61.32,100.66,2.6,20.53
2001-03-15,0.08,28.91,60.38,100.81,2.54,20.04
2001-03-16,0.0,29.15,60.73,100.6,3.53,20.14
2001-03-17,0.02,29.12,63.83,100.44,3.85,20.92
2001-03-18,0.01,28.65,69.36,100.56,3.5,21.95
2001-03-19,0.02,29.18,63.74,100.64,3.2,20.77
2001-03-20,0.0,29.07,69.05,100.54,3.26,22.29
2001-03-21,0.0,29.47,64.92,100.3,3.41,21.36
2001-03-22,0.01,29.34,66.89,100.19,3.79,21.87
2001-03-23,0.01,29.26,69.41,100.27,4.09,22.73
2001-03-24,0.0,28.87,66.47,100.3,3.97,21.43
2001-03-25,0.01,28.48,69.61,100.27,4.16,22.01
2001-03-26,0.86,29.08,73.67,100.14,4.74,23.57
2001-03-27,0.47,29.22,76.19,100.08,4.31,24.28
2001-03-28,0.09,29.04,78.04,100.16,4.12,24.44
2001-03-29,0.19,28.9,78.35,100.22,3.84,24.46
2001-03-30,0.09,29.03,75.63,100.28,4.4,24.0
2001-03-31,0.61,28.84,74.6,100.5,3.49,23.66
2001-04-01,0.22,29.01,73.49,100.51,3.55,23.55
2001-04-02,0.16,28.65,76.13,100.43,3.94,23.85
2001-04-03,0.09,28.96,73.82,100.53,3.11,23.62
2001-04-04,0.09,29.5,66.32,100.6,2.33,22.22
2001-04-05,0.0,29.86,63.97,100.51,2.98,21.77
2001-04-06,0.0,30.28,64.7,100.51,2.94,22.25
2001-04-07,0.01,30.27,63.37,100.62,2.88,21.77
2001-04-08,0.01,30.67,63.48,100.4,3.57,22.23
2001-04-09,0.05,31.09,61.41,100.33,3.44,21.87
2001-04-10,0.19,30.77,67.14,100.53,3.8,23.35
2001-04-11,0.44,30.22,69.52,100.64,3.53,23.48
2001-04-12,1.49,30.29,64.91,100.57,4.92,22.55
2001-04-13,11.67,26.99,73.2,100.71,3.1,21.72
2001-04-14,11.09,26.8,81.01,100.9,3.56,23.24
2001-04-15,1.33,28.29,74.68,100.85,3.23,23.2
2001-04-16,2.25,29.04,75.35,100.66,3.4,24.01
2001-04-17,5.0,28.84,74.79,100.51,3.98,23.69
2001-04-18,4.02,29.49,73.47,100.45,4.46,24.03
2001-04-19,6.29,29.66,73.63,100.42,4.05,24.21
2001-04-20,1.75,30.06,70.83,100.3,3.89,23.84
2001-04-21,4.27,30.77,68.8,100.14,4.06,24.01
2001-04-22,0.72,30.79,68.33,100.2,3.3,23.78
2001-04-23,0.0,30.32,69.22,100.27,3.49,23.54
2001-04-24,0.0,30.19,68.77,100.38,3.83,23.08
2001-04-25,0.0,30.32,67.25,100.31,4.93,22.9
2001-04-26,0.0,29.98,67.84,100.29,5.36,22.95
2001-04-27,0.0,29.96,70.54,100.26,5.16,23.66
2001-04-28,0.03,30.83,70.64,100.06,5.62,24.43
2001-04-29,0.13,30.95,71.35,100.04,5.36,24.79
2001-04-30,0.08,31.09,71.05,100.19,5.21,24.85
2001-05-01,0.13,30.92,72.64,100.23,5.1,25.1
2001-05-02,0.73,31.07,70.84,100.04,5.09,24.73
2001-05-03,0.67,30.66,73.08,99.91,5.15,24.89
2001-05-04,0.46,30.16,79.04,100.06,4.59,25.93
2001-05-05,0.74,30.42,80.22,100.12,4.25,26.42
2001-05-06,1.21,30.22,80.12,100.1,4.69,26.19
2001-05-07,0.57,29.5,83.14,100.09,3.93,26.2
2001-05-08,0.63,30.07,79.09,99.94,4.74,25.83
2001-05-09,0.64,31.2,73.91,99.77,5.32,25.44
2001-05-10,0.35,32.36,67.51,99.78,5.03,24.62
2001-05-11,0.27,32.77,65.03,99.85,5.43,24.62
2001-05-12,0.49,32.25,70.78,99.73,5.97,25.6
2001-05-13,4.85,31.14,75.59,99.69,4.15,26.07
2001-05-14,8.55,31.54,73.44,99.76,1.87,25.67
2001-05-15,0.5,30.86,77.79,99.95,2.1,26.19
2001-05-16,9.84,30.28,79.84,100.06,1.89,26.22
2001-05-17,2.7,30.63,71.54,100.1,3.08,24.48
2001-05-18,6.78,30.5,74.71,100.04,3.75,25.33
2001-05-19,2.23,31.71,68.55,99.98,3.19,24.73
2001-05-20,0.75,32.99,62.46,99.86,4.21,24.39
2001-05-21,0.09,33.6,60.59,99.84,4.35,24.44
2001-05-22,0.2,32.94,63.86,99.92,4.88,24.83
2001-05-23,0.79,31.88,69.27,99.93,4.61,25.42
2001-05-24,0.87,31.52,68.56,99.76,4.75,24.84
2001-05-25,0.0,33.47,60.56,99.51,5.65,24.19
2001-05-26,0.36,33.57,59.49,99.64,3.05,24.22
2001-05-27,4.1,31.67,66.98,99.89,3.28,24.45
2001-05-28,3.94,30.61,71.9,99.86,3.96,24.77
2001-05-29,2.11,31.41,69.04,99.77,4.15,24.81
2001-05-30,0.49,29.94,73.67,99.78,4.68,24.61
2001-05-31,0.03,29.99,70.83,99.77,3.88,23.95
2001-06-01,0.41,30.4,73.31,99.76,3.67,25.02
2001-06-02,2.32,29.13,74.73,99.98,2.78,24.07
2001-06-03,2.68,29.17,79.11,100.05,2.75,25.16
2001-06-04,2.12,29.61,77.97,99.99,2.97,25.28
2001-06-05,4.06,29.28,79.71,99.85,2.64,25.36
2001-06-06,5.51,29.87,79.68,99.66,2.51,25.84
2001-06-07,4.23,29.57,80.43,99.64,3.09,25.73
2001-06-08,4.26,28.62,77.93,99.64,3.15,24.3
2001-06-09,7.04,28.85,80.86,99.61,4.75,25.17
2001-06-10,15.49,28.62,81.89,99.69,4.09,25.15
2001-06-11,9.24,27.7,83.02,99.68,5.49,24.52
2001-06-12,10.56,28.43,79.59,99.59,7.22,24.45
2001-06-13,5.19,28.72,75.77,99.62,8.17,23.88
2001-06-14,2.62,29.12,71.1,99.62,8.93,23.16
2001-06-15,0.08,29.5,64.36,99.77,7.46,21.84
2001-06-16,0.02,30.09,62.48,99.77,5.92,21.87
2001-06-17,0.08,30.82,65.75,99.73,5.54,23.37
2001-06-18,0.59,30.69,68.54,99.79,5.53,23.93
2001-06-19,2.14,30.29,72.17,99.81,6.13,24.53
2001-06-20,0.69,30.31,69.78,99.81,4.4,23.9
2001-06-21,0.29,30.57,66.3,99.79,3.33,23.33
2001-06-22,0.57,31.16,66.13,99.62,3.47,23.8
2001-06-23,0.6,30.27,71.82,99.56,3.74,24.47
2001-06-24,0.53,31.07,69.64,99.57,3.49,24.58
2001-06-25,0.55,31.54,65.9,99.6,2.78,24.14
2001-06-26,2.45,31.19,66.84,99.56,3.19,24.09
2001-06-27,1.61,30.51,70.31,99.64,2.78,24.32
2001-06-28,0.88,29.85,70.74,99.68,3.64,23.84
2001-06-29,1.14,29.36,76.85,99.7,4.63,24.74
2001-06-30,1.44,29.34,76.83,99.79,5.15,24.72
2001-07-01,0.53,30.13,72.22,99.86,4.41,24.36
2001-07-02,1.01,30.38,71.64,99.79,3.7,24.53
2001-07-03,1.47,29.83,72.22,99.66,4.1,24.06
2001-07-04,4.54,29.1,74.35,99.45,4.79,23.88
2001-07-05,8.36,29.25,75.93,99.22,6.52,24.36
2001-07-06,15.8,27.84,80.99,99.19,8.47,24.24
2001-07-07,4.78,28.12,81.04,99.09,8.36,24.52
2001-07-08,5.49,28.91,78.17,99.02,7.07,24.64
2001-07-09,1.87,29.59,76.31,99.32,6.48,24.76
2001-07-10,1.27,29.79,74.65,99.66,4.99,24.58
2001-07-11,0.47,29.3,75.47,99.82,4.2,24.33
2001-07-12,0.36,29.48,75.0,99.9,3.43,24.4
2001-07-13,0.73,29.22,74.52,100.05,3.71,24.08
2001-07-14,0.82,28.91,74.82,100.09,3.52,23.88
2001-07-15,4.54,27.95,77.94,99.97,5.63,23.65
2001-07-16,3.02,28.02,75.92,99.86,6.91,23.25
2001-07-17,5.72,28.22,71.24,99.83,6.77,22.27
2001-07-18,4.03,28.19,76.19,99.6,5.53,23.48
2001-07-19,3.45,28.78,78.32,99.55,5.01,24.48
2001-07-20,0.74,29.14,77.19,99.73,4.52,24.43
2001-07-21,0.38,29.39,76.03,99.7,3.58,24.53
2001-07-22,2.19,29.62,73.59,99.71,3.76,24.26
2001-07-23,1.44,28.82,77.21,99.76,3.35,24.32
2001-07-24,0.74,28.34,80.12,99.83,4.27,24.55
2001-07-25,0.72,28.17,83.07,99.9,3.11,24.99
2001-07-26,0.56,28.9,82.1,99.97,3.16,25.47
2001-07-27,0.24,29.83,74.53,99.84,1.85,24.58
2001-07-28,0.44,29.71,77.27,99.86,3.41,25.16
2001-07-29,3.91,29.5,78.59,99.95,3.41,25.29
2001-07-30,2.18,29.43,76.93,100.0,2.74,24.81
2001-07-31,2.12,29.21,78.64,100.11,2.98,25.04
2001-08-01,1.76,28.78,81.81,100.01,3.89,25.29
2001-08-02,6.21,27.99,81.98,99.81,3.23,24.56
2001-08-03,6.76,27.41,86.99,99.56,5.09,25.04
2001-08-04,3.1,28.2,80.07,99.82,4.4,24.33
2001-08-05,7.65,28.44,81.06,99.94,4.3,24.8
2001-08-06,3.62,28.85,77.21,99.8,3.88,24.3
2001-08-07,5.31,28.57,80.21,99.75,3.83,24.72
2001-08-08,4.15,28.63,81.92,99.89,4.51,25.14
2001-08-09,21.53,27.97,89.27,99.9,4.49,26.05
2001-08-10,9.22,27.47,88.9,99.94,3.26,25.48
2001-08-11,3.74,28.14,86.87,99.97,4.79,25.71
2001-08-12,1.51,28.46,83.68,99.98,4.73,25.36
2001-08-13,2.61,28.42,80.53,99.94,5.61,24.65
2001-08-14,8.2,27.73,86.12,99.95,6.79,25.18
2001-08-15,4.75,28.29,83.39,100.06,6.53,25.15
2001-08-16,7.31,28.27,82.72,99.97,6.42,24.99
2001-08-17,12.57,27.74,85.17,99.87,6.39,24.99
2001-08-18,16.13,28.48,84.17,99.77,4.67,25.48
2001-08-19,13.48,27.64,84.17,99.66,5.87,24.7
2001-08-20,2.77,27.73,78.27,99.64,6.86,23.52
2001-08-21,1.17,27.99,78.29,99.78,5.66,23.78
2001-08-22,0.41,28.93,76.77,99.58,4.95,24.33
2001-08-23,1.57,28.91,82.64,99.45,3.9,25.61
2001-08-24,6.6,28.42,85.11,99.53,4.94,25.64
2001-08-25,2.98,28.81,81.18,99.77,4.12,25.14
2001-08-26,1.15,28.83,76.91,99.91,3.18,24.32
2001-08-27,0.39,29.57,76.31,99.75,2.56,24.82
2001-08-28,0.31,28.8,80.26,99.67,2.56,25.04
2001-08-29,0.27,29.03,76.53,99.62,3.01,24.4
2001-08-30,0.08,29.05,75.93,99.63,3.13,24.31
2001-08-31,0.24,29.52,73.27,99.6,2.88,24.13
2001-09-01,0.25,29.71,72.31,99.77,3.43,24.04
2001-09-02,0.19,29.92,72.88,99.9,3.95,24.37
2001-09-03,0.3,29.91,77.65,100.05,3.44,25.51
2001-09-04,2.7,29.12,79.83,100.12,2.64,25.24
2001-09-05,13.41,28.2,82.76,100.05,3.01,24.97
2001-09-06,2.78,28.68,77.53,100.11,3.29,24.24
2001-09-07,0.3,29.69,73.01,100.21,2.66,24.23
2001-09-08,3.72,29.61,75.21,100.33,3.29,24.66
2001-09-09,13.92,28.88,81.72,100.25,3.44,25.41
2001-09-10,11.62,28.65,83.57,100.08,3.02,25.54
2001-09-11,4.69,28.18,78.31,100.1,1.12,23.97
2001-09-12,1.09,27.29,79.75,100.2,1.57,23.48
2001-09-13,0.27,26.88,80.83,100.16,0.87,23.27
2001-09-14,0.46,28.03,80.18,100.2,1.9,24.24
2001-09-15,0.54,28.03,85.66,100.29,2.67,25.39
2001-09-16,0.57,27.99,85.16,100.31,4.27,25.25
2001-09-17,1.12,27.62,86.76,100.26,4.69,25.21
2001-09-18,1.04,27.89,82.96,100.21,1.56,24.66
2001-09-19,2.52,28.29,80.39,100.25,3.29,24.53
2001-09-20,7.29,28.43,80.12,100.27,2.18,24.6
2001-09-21,0.68,28.78,76.65,100.29,1.97,24.13
2001-09-22,0.26,29.46,70.75,100.24,1.86,23.4
2001-09-23,0.6,29.9,69.68,100.22,1.4,23.63
2001-09-24,0.9,28.96,78.04,100.19,1.48,24.68
2001-09-25,9.43,28.09,84.49,100.13,1.95,25.23
2001-09-26,5.7,28.0,82.97,100.03,2.06,24.83
2001-09-27,2.39,27.82,86.67,99.98,3.24,25.36
2001-09-28,21.06,27.76,88.24,99.85,4.56,25.63
2001-09-29,66.44,27.7,90.55,99.59,4.95,26.03
2001-09-30,38.95,27.82,88.86,99.69,4.88,25.82
2001-10-01,9.39,28.16,87.75,100.0,4.58,25.95
2001-10-02,11.8,28.11,86.87,100.1,2.81,25.73
2001-10-03,14.12,27.71,88.73,100.16,2.93,25.7
2001-10-04,5.46,27.58,88.66,100.26,2.03,25.55
2001-10-05,1.73,27.05,87.95,100.19,2.12,24.87
2001-10-06,13.69,27.41,90.03,100.09,4.04,25.65
2001-10-07,9.32,28.03,86.05,100.22,4.2,25.49
2001-10-08,1.74,27.9,84.66,100.43,2.5,25.08
2001-10-09,0.67,27.84,83.66,100.49,1.38,24.84
2001-10-10,0.82,27.58,85.09,100.5,1.9,24.84
2001-10-11,3.27,27.29,88.08,100.51,2.46,25.16
2001-10-12,2.23,27.51,87.44,100.42,2.44,25.24
2001-10-13,2.66,27.34,85.69,100.36,2.69,24.73
2001-10-14,2.16,27.57,86.76,100.21,4.55,25.17
2001-10-15,5.29,27.68,88.45,100.25,5.49,25.61
2001-10-16,12.79,27.77,89.17,100.22,5.28,25.84
2001-10-17,7.73,27.78,86.63,100.31,2.59,25.36
2001-10-18,0.52,27.51,86.65,100.41,1.71,25.1
2001-10-19,0.1,27.65,81.93,100.65,2.09,24.23
2001-10-20,0.11,27.84,80.58,100.74,3.39,24.13
2001-10-21,0.0,27.0,80.93,100.62,4.02,23.41
2001-10-22,0.0,26.87,77.39,100.6,4.02,22.52
2001-10-23,0.85,27.0,83.09,100.6,4.29,23.85
2001-10-24,1.4,27.38,85.46,100.5,3.53,24.72
2001-10-25,0.5,27.3,80.84,100.38,2.11,23.69
2001-10-26,0.41,27.12,70.07,100.38,2.65,21.09
2001-10-27,0.0,26.77,69.05,100.55,2.62,20.59
2001-10-28,0.0,26.73,65.7,100.58,2.11,19.67
2001-10-29,0.0,26.99,64.46,100.51,1.68,19.59
2001-10-30,0.0,27.3,63.2,100.49,1.43,19.62
2001-10-31,0.0,27.65,68.94,100.57,1.58,21.35
2001-11-01,0.27,27.93,72.58,100.71,2.49,22.5
2001-11-02,0.02,26.54,72.47,100.8,4.22,21.04
2001-11-03,0.01,26.2,69.69,100.73,4.63,20.13
2001-11-04,4.65,26.77,81.77,100.63,4.8,23.35
2001-11-05,26.29,26.23,88.19,100.76,4.48,24.13
2001-11-06,22.24,25.48,88.93,100.8,5.46,23.51
2001-11-07,8.22,25.85,88.89,100.65,4.53,23.89
2001-11-08,5.83,26.08,88.17,100.53,5.06,23.98
2001-11-09,11.45,26.7,88.29,100.4,6.94,24.61
2001-11-10,29.21,26.65,91.41,100.24,6.78,25.15
2001-11-11,34.52,25.68,92.01,100.08,6.74,24.25
2001-11-12,8.38,24.94,83.37,100.31,5.22,21.89
2001-11-13,0.91,25.68,83.69,100.56,3.05,22.68
2001-11-14,16.61,26.75,88.88,100.74,3.03,24.77
2001-11-15,22.38,26.69,85.32,100.86,3.91,24.03
2001-11-16,17.9,26.28,84.07,100.93,3.57,23.38
2001-11-17,0.96,26.04,85.4,100.97,3.58,23.39
2001-11-18,0.46,25.87,83.65,101.03,2.65,22.88
2001-11-19,0.1,26.08,76.06,101.02,2.35,21.49
2001-11-20,0.01,25.67,78.65,101.1,3.25,21.67
2001-11-21,0.21,25.49,79.11,101.13,3.08,21.58
2001-11-22,0.28,25.45,82.19,101.06,2.66,22.18
2001-11-23,0.26,25.14,75.82,101.04,1.91,20.55
2001-11-24,0.0,25.68,67.47,101.02,2.32,19.19
2001-11-25,0.17,25.03,77.6,101.02,3.45,20.83
2001-11-26,1.14,25.46,79.36,100.95,4.45,21.6
2001-11-27,0.0,24.71,76.09,101.02,3.99,20.16
2001-11-28,0.0,23.82,77.58,100.89,3.51,19.58
2001-11-29,1.74,23.77,81.48,100.9,4.26,20.36
2001-11-30,1.27,24.37,83.64,100.99,4.43,21.4
2001-12-01,0.0,23.61,74.19,100.97,3.44,18.59
2001-12-02,0.0,23.04,68.35,100.95,3.11,16.77
2001-12-03,0.0,22.93,61.65,101.01,2.51,15.01
2001-12-04,0.0,23.08,63.3,100.93,2.0,15.63
2001-12-05,0.0,23.34,66.43,100.92,1.48,16.62
2001-12-06,0.0,22.95,67.91,101.02,2.18,16.62
2001-12-07,0.0,22.95,65.31,100.99,2.0,16.03
2001-12-08,0.0,23.74,61.55,101.01,1.16,15.87
2001-12-09,0.0,24.09,61.55,101.09,1.31,16.21
2001-12-10,0.0,23.55,65.58,101.18,1.95,16.67
2001-12-11,0.0,23.43,65.69,101.17,1.82,16.57
2001-12-12,0.0,23.58,67.32,101.21,1.85,17.12
2001-12-13,0.0,23.39,74.7,101.28,2.27,18.6
2001-12-14,0.0,23.15,79.94,101.3,3.31,19.46
2001-12-15,0.0,22.98,73.11,101.35,3.19,17.82
2001-12-16,0.0,22.97,74.55,101.25,3.3,18.12
2001-12-17,0.0,23.07,73.16,101.26,3.99,17.88
2001-12-18,0.0,22.82,73.74,101.36,4.33,17.76
2001-12-19,0.0,22.56,72.39,101.37,4.17,17.21
2001-12-20,0.01,22.07,71.51,101.34,4.59,16.51
2001-12-21,0.76,22.64,73.66,101.42,4.95,17.57
2001-12-22,2.22,22.38,71.6,101.43,4.78,16.76
2001-12-23,0.9,22.7,71.44,101.4,4.26,17.05
2001-12-24,0.06,23.3,72.91,101.34,3.35,18.09
2001-12-25,0.0,23.09,69.48,101.3,3.24,17.0
2001-12-26,0.0,22.54,76.6,101.41,3.27,18.1
2001-12-27,0.0,22.46,79.11,101.51,3.7,18.47
2001-12-28,0.01,22.47,78.04,101.55,3.83,18.27
2001-12-29,0.02,22.45,75.64,101.42,3.91,17.78
2001-12-30,0.15,22.61,72.96,101.37,3.63,17.37
2001-12-31,0.09,22.68,70.6,101.33,3.09,16.87
2002-01-01,0.01,22.54,71.84,101.41,3.93,16.9
2002-01-02,0.0,21.79,68.03,101.48,4.27,15.18
2002-01-03,0.0,21.29,64.89,101.43,4.3,14.04
2002-01-04,0.0,21.44,71.98,101.37,4.53,15.88
2002-01-05,1.15,22.43,78.81,101.24,4.31,18.35
2002-01-06,9.82,22.81,86.02,101.2,4.35,20.32
2002-01-07,6.95,22.53,86.63,101.24,4.57,20.18
2002-01-08,0.51,22.63,79.41,101.3,4.2,18.83
2002-01-09,0.0,23.48,74.74,101.35,4.49,18.57
2002-01-10,0.0,23.02,70.21,101.35,4.08,17.05
2002-01-11,0.0,22.67,64.28,101.21,2.97,15.34
2002-01-12,0.0,22.72,56.77,101.06,1.58,13.23
2002-01-13,0.0,22.61,57.91,100.96,1.34,13.65
2002-01-14,0.0,23.43,58.6,100.82,1.32,14.69
2002-01-15,0.0,23.45,67.45,100.86,1.59,16.88
2002-01-16,0.0,23.54,70.25,100.88,1.79,17.55
2002-01-17,0.0,23.63,71.85,100.81,1.5,18.12
2002-01-18,0.0,22.99,76.77,100.73,1.98,18.48
2002-01-19,0.0,23.3,75.01,100.85,1.71,18.47
2002-01-20,0.0,24.56,74.53,100.89,1.56,19.59
2002-01-21,0.02,25.23,76.06,100.82,1.46,20.6
2002-01-22,0.0,25.28,79.2,100.78,1.9,21.28
2002-01-23,0.0,25.54,74.11,100.8,2.52,20.39
2002-01-24,0.0,26.08,76.22,100.75,3.69,21.24
2002-01-25,0.01,25.98,76.31,100.72,2.66,21.08
2002-01-26,0.1,25.08,82.15,100.78,2.47,21.69
2002-01-27,0.08,24.77,79.22,100.74,2.8,20.79
2002-01-28,0.13,25.21,78.52,100.86,3.27,21.08
2002-01-29,0.46,25.07,77.63,100.99,2.29,20.8
2002-01-30,0.28,24.59,74.32,101.15,4.22,19.58
2002-01-31,0.21,24.43,72.68,101.25,5.15,18.96
2002-02-01,0.0,24.77,70.03,101.31,4.11,18.67
2002-02-02,0.0,24.51,65.46,101.23,3.24,17.21
2002-02-03,0.0,24.64,61.04,101.1,2.53,16.35
2002-02-04,0.0,24.59,64.01,101.1,2.62,17.08
2002-02-05,0.0,23.86,70.55,101.11,2.67,17.89
2002-02-06,0.0,24.31,69.84,101.01,2.24,18.31
2002-02-07,0.0,24.48,68.91,100.96,2.14,18.17
2002-02-08,0.0,24.43,71.78,100.99,2.34,18.77
2002-02-09,0.0,25.05,74.62,101.02,3.56,19.98
2002-02-10,0.32,25.41,77.27,100.99,4.39,20.94
2002-02-11,0.0,25.59,73.26,101.02,3.15,20.26
2002-02-12,0.01,25.22,72.21,101.12,1.79,19.63
2002-02-13,0.02,26.11,67.47,101.13,3.1,19.11
2002-02-14,0.05,25.6,76.79,101.21,3.82,20.84
2002-02-15,0.0,25.71,73.37,101.15,2.75,20.28
2002-02-16,0.0,25.68,70.6,101.06,2.0,19.57
2002-02-17,0.0,25.33,74.73,101.14,2.01,20.23
2002-02-18,0.0,25.31,70.44,101.3,1.97,19.05
2002-02-19,0.0,25.76,60.27,101.34,1.85,16.74
2002-02-20,0.0,26.39,62.75,101.25,2.15,18.15
2002-02-21,0.0,26.66,66.08,101.22,2.38,19.16
2002-02-22,0.0,26.64,67.33,101.32,2.51,19.57
2002-02-23,0.0,26.79,63.72,101.27,2.06,18.65
2002-02-24,0.0,26.97,58.66,101.04,1.77,17.65
2002-02-25,0.0,27.26,55.12,100.96,1.91,16.72
2002-02-26,0.0,27.12,57.17,100.98,1.97,17.23
2002-02-27,0.0,27.07,63.33,100.88,1.84,18.87
2002-02-28,0.01,27.28,63.22,100.83,1.8,19.06
2002-03-01,0.02,27.26,66.61,100.8,2.0,20.14
2002-03-02,0.29,27.71,65.37,100.71,2.87,20.13
2002-03-03,0.02,28.06,68.67,100.59,3.39,21.38
2002-03-04,0.05,28.41,70.11,100.58,2.49,21.8
2002-03-05,0.01,28.09,71.47,100.71,2.0,22.06
2002-03-06,0.0,27.54,70.3,100.77,2.44,21.3
2002-03-07,0.48,26.97,72.42,100.79,2.39,21.23
2002-03-08,0.11,26.81,72.67,100.81,2.74,21.16
2002-03-09,0.0,27.0,72.07,100.92,2.88,21.08
2002-03-10,0.02,27.88,69.63,100.89,2.78,21.22
2002-03-11,0.07,28.66,69.95,100.75,3.32,21.98
2002-03-12,0.0,28.51,70.64,100.74,2.81,22.14
2002-03-13,0.0,28.15,68.23,100.85,2.5,21.31
2002-03-14,0.0,27.99,70.11,100.83,2.89,21.55
2002-03-15,0.0,28.19,67.27,100.72,3.12,20.95
2002-03-16,0.0,27.93,67.7,100.63,2.88,20.69
2002-03-17,0.0,28.06,63.58,100.7,2.05,19.71
2002-03-18,0.0,28.12,59.9,100.89,1.91,18.98
2002-03-19,0.0,28.09,56.62,100.91,2.03,17.86
2002-03-20,0.0,27.81,60.23,100.81,2.45,18.46
2002-03-21,0.0,27.79,64.26,100.62,3.41,19.43
2002-03-22,0.03,28.47,65.87,100.37,3.62,20.25
2002-03-23,0.04,29.14,69.81,100.26,4.4,22.33
2002-03-24,0.0,28.85,73.71,100.13,4.88,23.17
2002-03-25,0.0,28.88,75.26,100.1,4.87,23.63
2002-03-26,0.0,28.79,75.27,100.27,4.48,23.61
2002-03-27,0.02,28.52,76.7,100.41,4.5,23.64
2002-03-28,0.08,28.61,77.2,100.47,4.1,23.87
2002-03-29,0.59,28.56,75.3,100.61,3.6,23.43
2002-03-30,2.8,28.61,73.84,100.64,2.34,23.12
2002-03-31,0.9,28.95,73.04,100.63,3.48,23.19
2002-04-01,1.02,29.21,72.96,100.71,4.1,23.48
2002-04-02,0.55,29.22,73.59,100.58,4.94,23.62
2002-04-03,2.49,29.15,79.1,100.35,5.24,24.95
2002-04-04,15.68,28.46,82.62,100.33,4.22,25.07
2002-04-05,3.17,28.38,77.52,100.46,3.3,23.69
2002-04-06,0.17,29.08,72.3,100.56,3.89,23.05
2002-04-07,0.11,29.24,70.35,100.56,3.76,22.69
2002-04-08,0.12,28.79,69.51,100.53,3.47,21.69
2002-04-09,0.08,29.15,67.95,100.46,3.57,21.81
2002-04-10,0.03,29.31,68.0,100.28,4.06,22.15
2002-04-11,3.73,29.5,70.66,100.39,3.79,22.97
2002-04-12,6.19,28.74,76.44,100.61,2.68,23.92
2002-04-13,4.18,28.95,73.26,100.65,2.41,23.42
2002-04-14,0.34,29.39,70.94,100.47,3.46,23.21
2002-04-15,0.0,29.38,72.04,100.43,4.15,23.27
2002-04-16,0.0,30.0,70.47,100.32,5.35,23.49
2002-04-17,0.14,30.29,69.61,100.29,5.33,23.64
2002-04-18,0.41,30.39,70.45,100.2,5.42,23.94
2002-04-19,0.07,30.7,67.68,100.34,5.0,23.49
2002-04-20,0.2,30.71,67.89,100.42,4.82,23.49
2002-04-21,0.01,31.5,64.84,100.21,4.49,23.56
2002-04-22,0.0,31.76,63.05,100.18,4.71,23.31
2002-04-23,0.01,31.63,63.92,100.22,4.61,23.48
2002-04-24,0.03,31.48,68.04,100.21,4.68,24.42
2002-04-25,0.01,31.05,69.33,100.17,4.76,24.28
2002-04-26,0.01,30.96,69.28,100.19,5.02,24.28
2002-04-27,0.06,30.88,68.9,100.21,4.78,24.09
2002-04-28,0.03,30.38,70.49,100.24,4.34,24.03
2002-04-29,0.02,30.38,72.19,100.09,4.74,24.3
2002-04-30,0.01,30.34,72.29,100.03,4.85,24.34
2002-05-01,0.01,30.1,71.54,100.07,4.0,24.02
2002-05-02,0.06,29.76,72.81,100.12,3.54,23.76
2002-05-03,0.23,29.67,75.0,100.31,3.46,24.3
2002-05-04,0.19,30.27,74.18,100.19,4.85,24.71
2002-05-05,0.13,31.31,69.53,100.0,5.53,24.65
2002-05-06,0.11,31.48,70.0,99.93,5.56,24.83
2002-05-07,0.16,31.47,70.1,100.0,5.0,24.87
2002-05-08,0.22,31.81,71.33,99.92,5.15,25.53
2002-05-09,0.18,32.36,70.04,99.85,4.83,25.27
2002-05-10,0.03,32.16,68.35,99.72,3.21,24.12
2002-05-11,0.11,32.7,62.92,99.39,3.23,23.16
2002-05-12,0.17,33.48,58.69,99.38,3.95,23.15
2002-05-13,0.38,33.58,59.09,99.55,4.36,23.61
2002-05-14,1.19,31.2,75.62,99.77,3.45,26.18
2002-05-15,1.36,31.63,68.08,99.79,4.65,24.64
2002-05-16,1.87,31.67,68.12,99.53,5.47,24.67
2002-05-17,2.46,31.26,72.69,99.47,4.95,25.46
2002-05-18,2.6,31.94,69.87,99.35,4.43,25.25
2002-05-19,0.03,33.55,58.32,99.22,5.23,23.61
2002-05-20,0.0,34.27,49.86,99.35,4.88,21.43
2002-05-21,0.11,32.75,57.58,99.68,4.55,22.26
2002-05-22,0.03,31.99,63.78,99.89,5.4,23.64
2002-05-23,0.23,31.86,69.84,99.92,4.77,24.97
2002-05-24,2.01,30.71,76.56,100.12,4.57,25.92
2002-05-25,2.31,29.88,75.75,100.23,4.71,25.01
2002-05-26,5.7,30.25,76.55,100.17,3.67,25.44
2002-05-27,2.41,31.22,71.85,99.99,4.91,25.16
2002-05-28,2.49,31.76,67.83,99.93,5.01,24.7
2002-05-29,2.06,30.97,70.75,100.01,4.53,24.8
2002-05-30,1.99,31.26,69.99,99.98,3.84,24.67
2002-05-31,1.51,30.77,73.45,100.08,4.37,25.28
2002-06-01,0.41,31.63,64.84,100.06,4.43,23.83
2002-06-02,3.17,31.38,68.18,100.06,5.27,24.49
2002-06-03,1.02,31.65,70.01,99.97,4.46,25.12
2002-06-04,0.39,31.65,70.28,99.88,4.53,25.38
2002-06-05,4.65,30.9,76.9,99.95,3.98,26.27
2002-06-06,3.36,30.24,78.63,99.96,4.53,26.02
2002-06-07,1.34,30.21,75.33,99.88,4.65,25.21
2002-06-08,0.97,31.18,72.39,99.66,3.27,25.37
2002-06-09,8.78,31.37,69.57,99.62,2.92,24.86
2002-06-10,40.62,29.04,86.56,99.82,3.83,26.58
2002-06-11,14.42,29.02,84.42,99.89,3.63,26.1
2002-06-12,1.11,29.08,86.01,99.88,3.85,26.48
2002-06-13,0.7,29.34,82.82,99.76,3.51,26.01
2002-06-14,0.49,29.62,83.95,99.7,3.51,26.51
2002-06-15,2.25,30.39,76.25,99.68,3.09,25.51
2002-06-16,7.81,30.26,71.56,99.77,3.45,24.39
2002-06-17,11.71,29.16,79.37,99.85,3.0,25.08
2002-06-18,9.8,28.65,83.53,99.73,3.59,25.54
2002-06-19,16.24,28.94,83.54,99.52,4.03,25.8
2002-06-20,12.21,28.15,86.0,99.58,5.56,25.55
2002-06-21,2.27,28.47,82.99,99.62,5.25,25.26
2002-06-22,3.56,29.3,77.06,99.67,5.66,24.73
2002-06-23,1.45,29.5,76.45,99.81,5.77,24.76
2002-06-24,1.73,29.11,79.21,99.74,6.97,25.08
2002-06-25,2.35,29.34,75.71,99.73,6.65,24.49
2002-06-26,0.19,29.65,74.45,99.94,5.48,24.47
2002-06-27,0.58,29.56,78.95,100.15,4.57,25.43
2002-06-28,0.11,29.85,78.2,100.23,3.83,25.51
2002-06-29,0.36,29.87,78.9,100.17,4.12,25.71
2002-06-30,0.15,29.89,78.78,99.99,4.85,25.71
2002-07-01,0.26,30.38,75.38,99.82,4.21,25.36
2002-07-02,2.57,30.35,76.69,99.86,3.64,25.68
2002-07-03,0.63,30.69,73.76,99.84,2.98,25.33
2002-07-04,0.09,30.81,71.25,99.83,3.63,24.86
2002-07-05,0.18,30.79,69.89,99.89,3.74,24.49
2002-07-06,0.11,30.63,70.0,99.82,3.12,24.36
2002-07-07,0.43,30.96,68.71,99.75,2.48,24.34
2002-07-08,0.18,31.73,63.98,99.73,2.82,23.81
2002-07-09,0.07,31.75,63.59,99.76,2.65,23.72
2002-07-10,3.06,31.06,69.69,99.79,2.86,24.74
2002-07-11,2.3,30.33,74.97,99.74,3.07,25.25
2002-07-12,1.23,29.72,78.72,99.8,3.11,25.6
2002-07-13,0.67,30.85,69.57,99.82,1.88,24.4
2002-07-14,0.85,30.92,69.2,99.8,2.63,24.46
2002-07-15,3.36,30.52,70.29,99.77,2.69,24.3
2002-07-16,4.04,29.41,75.81,99.72,3.39,24.62
2002-07-17,44.61,29.23,80.3,99.5,3.65,25.43
2002-07-18,5.0,28.69,82.66,99.52,5.69,25.41
2002-07-19,1.13,29.25,77.47,99.8,6.57,24.79
2002-07-20,0.71,29.87,73.63,99.9,4.67,24.49
2002-07-21,1.78,29.65,73.64,99.99,4.06,24.3
2002-07-22,2.23,28.74,79.84,100.09,5.47,24.86
2002-07-23,1.96,29.26,76.65,100.21,5.25,24.55
2002-07-24,2.13,28.96,77.59,100.14,5.24,24.54
2002-07-25,0.75,29.35,75.6,100.0,4.34,24.47
2002-07-26,0.64,30.3,71.65,99.87,3.13,24.42
2002-07-27,0.54,30.61,71.06,99.81,3.18,24.54
2002-07-28,0.54,30.08,73.67,99.93,3.05,24.76
2002-07-29,1.35,30.16,73.71,99.81,2.24,24.85
2002-07-30,2.76,28.94,78.92,99.71,3.32,24.8
2002-07-31,6.31,28.59,81.13,99.58,2.6,24.96
2002-08-01,6.23,28.62,84.11,99.65,4.29,25.62
2002-08-02,4.83,28.46,87.37,99.81,3.94,26.14
2002-08-03,4.99,28.3,86.33,99.79,3.51,25.77
2002-08-04,8.75,28.11,86.9,99.74,3.97,25.72
2002-08-05,4.82,28.31,83.57,99.76,4.0,25.22
2002-08-06,4.11,28.5,80.15,99.68,5.18,24.67
2002-08-07,22.16,27.47,85.47,99.75,6.36,24.79
2002-08-08,16.68,27.13,83.77,99.68,8.28,24.09
2002-08-09,8.93,27.92,80.84,99.58,7.5,24.22
2002-08-10,1.08,29.12,77.91,99.68,6.23,24.75
2002-08-11,2.77,28.92,77.82,99.85,5.72,24.57
2002-08-12,9.85,28.13,83.0,99.94,5.95,24.91
2002-08-13,5.01,28.32,81.35,99.86,6.39,24.72
2002-08-14,1.52,29.0,78.97,99.76,5.75,24.85
2002-08-15,0.74,28.77,80.15,99.63,5.49,24.9
2002-08-16,1.42,28.9,79.55,99.54,5.77,24.91
2002-08-17,0.39,28.78,76.19,99.55,5.55,23.98
2002-08-18,0.69,28.86,75.14,99.67,4.58,23.88
2002-08-19,0.43,28.96,75.59,99.77,3.95,24.06
2002-08-20,4.11,28.86,79.88,99.69,4.11,24.95
2002-08-21,8.69,28.41,84.27,99.69,4.05,25.44
2002-08-22,7.97,27.51,87.95,99.8,4.41,25.33
2002-08-23,11.53,27.41,85.96,99.8,5.6,24.82
2002-08-24,1.33,27.39,84.79,100.16,5.74,24.57
2002-08-25,1.51,27.72,84.36,100.42,3.34,24.76
2002-08-26,0.97,28.31,82.0,100.47,2.78,24.84
2002-08-27,2.2,28.63,80.03,100.29,2.99,24.76
2002-08-28,3.0,27.98,83.97,100.09,3.92,24.99
2002-08-29,2.39,28.1,79.9,100.13,3.57,24.2
2002-08-30,14.38,28.05,82.36,100.03,5.37,24.63
2002-08-31,14.76,27.97,85.62,99.96,4.74,25.31
2002-09-01,5.36,27.91,86.21,100.02,4.85,25.38
2002-09-02,11.03,27.64,87.66,100.21,4.93,25.41
2002-09-03,9.06,27.45,89.59,100.26,4.25,25.6
2002-09-04,3.27,27.38,90.16,100.12,4.12,25.63
2002-09-05,2.94,27.72,87.69,100.0,4.42,25.49
2002-09-06,1.38,28.02,83.46,99.94,5.1,24.9
2002-09-07,1.65,28.51,81.26,99.83,4.93,24.86
2002-09-08,1.7,28.54,77.74,99.82,4.64,24.17
2002-09-09,1.06,28.7,75.56,99.76,5.03,23.86
2002-09-10,0.46,28.09,77.36,99.76,4.29,23.69
2002-09-11,0.23,28.18,79.55,99.9,4.41,24.18
2002-09-12,1.26,28.49,80.24,100.13,3.88,24.64
2002-09-13,1.65,28.75,78.4,100.35,1.89,24.45
2002-09-14,3.57,28.66,77.2,100.42,1.6,24.17
2002-09-15,2.7,28.1,81.22,100.49,1.32,24.52
2002-09-16,0.99,27.55,85.18,100.57,3.56,24.82
2002-09-17,0.14,29.42,72.34,100.36,2.36,23.59
2002-09-18,0.96,29.38,70.02,100.38,2.1,23.08
2002-09-19,1.43,29.41,73.0,100.44,1.76,23.88
2002-09-20,3.26,28.71,75.14,100.4,1.59,23.79
2002-09-21,0.84,29.27,72.86,100.19,1.76,23.73
2002-09-22,1.31,29.84,67.51,100.07,1.62,23.01
2002-09-23,0.33,29.87,67.25,100.01,1.66,22.88
2002-09-24,0.66,30.09,69.97,99.97,2.74,23.78
2002-09-25,0.75,30.05,74.18,100.07,3.03,24.78
2002-09-26,1.12,30.65,68.38,100.15,1.82,23.78
2002-09-27,0.92,29.86,63.3,100.21,1.8,21.85
2002-09-28,0.24,29.88,65.06,100.35,1.5,22.27
2002-09-29,0.03,29.53,69.91,100.46,2.14,23.1
2002-09-30,0.03,28.87,77.48,100.48,2.54,24.41
2002-10-01,0.03,29.1,72.44,100.6,1.76,23.48
2002-10-02,0.18,29.27,73.85,100.61,2.31,24.0
2002-10-03,0.08,29.48,71.5,100.5,1.7,23.5
2002-10-04,0.0,29.83,68.84,100.46,1.69,23.16
2002-10-05,0.0,29.14,71.67,100.52,1.95,23.33
2002-10-06,0.2,28.94,73.99,100.6,2.31,23.74
2002-10-07,1.11,28.5,77.66,100.62,1.95,24.18
2002-10-08,8.39,28.37,78.98,100.6,3.07,24.3
2002-10-09,8.86,27.82,84.31,100.64,3.44,24.93
2002-10-10,4.46,28.15,83.32,100.66,3.47,25.01
2002-10-11,12.8,27.73,84.55,100.51,2.5,24.85
2002-10-12,14.05,26.92,86.72,100.27,2.81,24.51
2002-10-13,17.88,26.58,91.65,100.2,3.18,25.13
2002-10-14,21.06,27.03,89.77,100.23,3.23,25.22
2002-10-15,7.88,27.13,90.4,100.41,2.24,25.45
2002-10-16,5.83,27.34,89.2,100.58,2.94,25.41
2002-10-17,3.0,27.79,87.86,100.49,3.12,25.59
2002-10-18,3.4,28.05,87.36,100.27,3.25,25.74
2002-10-19,2.19,28.46,75.08,100.29,2.22,23.47
2002-10-20,0.73,27.6,66.12,100.57,3.61,20.56
2002-10-21,0.06,27.36,69.74,100.68,3.87,21.21
2002-10-22,0.24,26.95,73.48,100.61,4.36,21.76
2002-10-23,2.03,26.62,76.34,100.51,4.93,22.04
2002-10-24,4.45,27.07,76.6,100.5,6.04,22.51
2002-10-25,22.78,26.53,85.01,100.63,6.09,23.79
2002-10-26,7.3,25.82,89.09,100.76,3.56,23.9
2002-10-27,1.57,25.96,87.99,100.65,2.91,23.82
2002-10-28,1.78,27.02,73.22,100.55,1.99,21.51
2002-10-29,0.0,26.29,61.36,100.62,2.84,18.01
2002-10-30,0.0,25.95,66.59,100.78,3.09,19.08
2002-10-31,0.0,26.22,70.97,100.88,3.16,20.42
2002-11-01,0.24,26.64,71.32,100.88,3.43,20.86
2002-11-02,0.02,26.6,73.82,100.92,4.02,21.44
2002-11-03,0.0,26.48,71.46,100.94,4.28,20.57
2002-11-04,0.0,26.38,67.54,100.93,4.41,19.65
2002-11-05,0.0,26.03,66.82,100.89,4.26,19.16
2002-11-06,1.04,26.32,66.99,100.84,4.61,19.41
2002-11-07,16.0,25.83,84.13,100.96,4.53,22.9
2002-11-08,1.2,26.34,82.66,100.93,4.5,23.08
2002-11-09,1.47,26.52,83.15,100.82,4.74,23.39
2002-11-10,6.66,26.44,81.85,100.67,5.98,23.06
2002-11-11,5.74,25.68,83.43,100.36,6.28,22.61
2002-11-12,1.29,26.96,69.46,100.27,2.43,20.69
2002-11-13,0.0,27.13,72.85,100.57,2.06,21.68
2002-11-14,0.0,26.89,73.45,100.65,2.22,21.61
2002-11-15,0.04,26.35,70.55,100.82,3.29,20.34
2002-11-16,0.0,25.61,64.17,100.91,3.57,17.95
2002-11-17,0.01,25.26,64.98,100.93,3.35,17.86
2002-11-18,0.0,25.09,65.26,100.91,3.03,17.75
2002-11-19,0.0,24.71,62.71,100.9,2.68,16.67
2002-11-20,0.0,24.93,64.58,100.88,2.61,17.33
2002-11-21,0.0,24.75,67.48,100.99,4.09,18.03
2002-11-22,0.0,24.51,62.82,100.9,3.74,16.64
2002-11-23,0.0,25.06,59.77,100.82,2.66,16.25
2002-11-24,0.09,24.87,64.04,100.68,2.78,17.3
2002-11-25,0.0,25.39,67.99,100.56,3.44,18.52
2002-11-26,0.0,25.88,68.83,100.69,2.87,19.12
2002-11-27,0.0,25.83,68.6,100.85,2.28,18.9
2002-11-28,0.0,25.28,58.78,101.0,1.72,16.0
2002-11-29,0.0,24.67,57.33,101.1,1.66,15.2
2002-11-30,0.0,24.5,59.72,101.0,1.55,15.79
2002-12-01,0.0,25.45,59.08,100.89,1.32,16.56
2002-12-02,0.0,24.97,63.3,100.99,2.34,17.11
2002-12-03,0.0,24.64,70.24,101.08,2.94,18.62
2002-12-04,0.0,24.45,67.88,101.05,3.2,17.8
2002-12-05,0.0,24.09,68.34,101.03,3.45,17.58
2002-12-06,0.01,24.52,63.71,101.06,4.16,16.6
2002-12-07,0.67,24.52,68.0,101.09,3.75,17.84
2002-12-08,0.02,24.56,69.64,101.14,3.62,18.2
2002-12-09,0.0,24.95,69.94,101.22,3.31,18.6
2002-12-10,0.01,24.28,72.21,101.22,2.53,18.59
2002-12-11,0.03,24.17,72.59,101.28,2.87,18.7
2002-12-12,0.0,23.98,71.25,101.43,2.61,18.23
2002-12-13,0.0,23.88,72.82,101.46,2.85,18.45
2002-12-14,0.0,24.17,71.68,101.35,2.57,18.49
2002-12-15,0.0,24.39,71.28,101.21,2.36,18.59
2002-12-16,0.0,24.67,68.51,101.17,1.96,18.15
2002-12-17,0.0,24.57,63.56,101.08,1.5,16.89
2002-12-18,0.0,24.91,60.41,100.98,1.57,16.33
2002-12-19,0.0,25.05,60.82,100.86,1.6,16.51
2002-12-20,0.0,25.21,63.35,100.75,2.13,16.8
2002-12-21,0.0,25.54,63.49,100.79,1.67,17.5
2002-12-22,0.0,25.02,67.17,100.93,2.47,17.97
2002-12-23,0.0,24.56,70.85,101.02,2.89,18.57
2002-12-24,0.0,24.83,61.97,100.98,2.5,16.82
2002-12-25,0.0,25.04,58.92,100.99,1.74,16.16
2002-12-26,0.01,24.79,66.56,101.03,1.98,17.94
2002-12-27,0.0,25.22,63.61,100.97,1.68,17.59
2002-12-28,0.0,24.71,67.74,101.03,2.03,18.09
2002-12-29,0.0,24.26,67.11,101.13,2.5,17.46
2002-12-30,0.0,24.28,64.14,101.14,2.17,16.89
2002-12-31,0.0,24.23,66.22,100.94,2.42,17.35
2003-01-01,0.45,24.96,64.55,100.96,1.93,17.59
2003-01-02,0.83,24.32,74.86,101.23,4.48,19.48
2003-01-03,0.06,23.86,75.5,101.29,4.19,19.13
2003-01-04,0.0,24.44,71.05,101.21,3.03,18.5
2003-01-05,0.0,24.46,71.01,101.26,2.3,18.59
2003-01-06,0.0,24.0,74.12,101.34,2.96,18.73
2003-01-07,0.0,23.76,72.68,101.3,2.58,18.29
2003-01-08,0.0,23.81,70.64,101.19,2.61,17.91
2003-01-09,0.0,23.63,70.93,101.29,3.32,17.85
2003-01-10,0.0,23.58,73.03,101.32,3.32,18.16
2003-01-11,0.0,23.49,73.33,101.31,3.43,18.02
2003-01-12,0.01,23.09,67.4,101.36,3.64,16.42
2003-01-13,0.0,23.06,63.67,101.33,3.96,15.41
2003-01-14,0.04,23.51,65.59,101.35,3.72,16.34
2003-01-15,0.05,23.1,65.28,101.42,4.28,15.7
2003-01-16,0.17,22.32,57.59,101.31,4.27,12.49
2003-01-17,0.0,22.06,62.97,101.36,4.55,14.11
2003-01-18,0.01,22.43,66.44,101.43,4.27,15.16
2003-01-19,0.0,22.7,68.93,101.3,4.03,16.24
2003-01-20,0.0,23.07,70.14,101.18,3.16,16.67
2003-01-21,0.0,23.69,69.66,101.11,2.2,17.25
2003-01-22,0.0,24.03,65.75,101.01,1.74,16.65
2003-01-23,0.0,24.76,70.17,100.77,2.46,18.38
2003-01-24,0.0,25.39,74.14,100.59,3.5,19.86
2003-01-25,0.0,25.14,77.54,100.78,2.29,20.63
2003-01-26,0.0,25.05,73.11,101.01,1.73,19.51
2003-01-27,0.0,24.46,72.13,101.08,1.56,18.58
2003-01-28,0.0,24.19,70.64,101.07,1.86,18.03
2003-01-29,0.0,23.73,69.11,101.07,1.63,17.18
2003-01-30,0.0,24.12,73.44,101.04,2.65,18.62
2003-01-31,0.0,24.72,74.37,101.08,2.54,19.41
2003-02-01,0.0,24.91,75.94,101.15,2.21,20.0
2003-02-02,0.0,25.03,73.19,101.28,2.54,19.48
2003-02-03,0.0,25.09,76.35,101.17,4.11,20.24
2003-02-04,0.03,25.16,78.76,101.08,3.8,20.95
2003-02-05,0.15,25.82,77.31,101.11,3.8,21.16
2003-02-06,0.0,25.38,73.91,101.05,3.37,20.05
2003-02-07,0.0,25.12,71.2,100.9,2.36,19.28
2003-02-08,0.0,25.05,70.24,100.77,2.71,19.04
2003-02-09,0.0,25.49,62.72,100.7,2.45,17.66
2003-02-10,0.0,25.42,65.22,100.81,2.88,18.17
2003-02-11,0.0,25.31,69.73,100.87,2.94,18.99
2003-02-12,0.0,25.62,70.36,100.84,2.11,19.35
2003-02-13,0.0,25.69,70.43,100.79,2.44,19.1
2003-02-14,0.15,25.95,76.04,100.8,2.06,21.13
2003-02-15,0.89,26.14,74.5,100.99,2.36,21.04
2003-02-16,0.52,25.96,74.95,101.06,2.41,21.02
2003-02-17,0.69,26.33,74.36,101.03,2.44,21.23
2003-02-18,0.03,26.39,73.13,101.0,2.45,20.95
2003-02-19,0.0,26.28,73.67,100.89,2.86,20.86
2003-02-20,0.29,26.66,73.42,100.89,2.04,21.23
2003-02-21,0.03,26.87,72.74,101.01,2.11,21.23
2003-02-22,0.06,26.31,75.34,101.05,2.54,21.35
2003-02-23,0.05,26.09,74.88,100.99,2.7,21.1
2003-02-24,0.04,26.67,72.05,100.88,2.68,20.98
2003-02-25,0.05,26.84,73.42,100.8,3.67,21.38
2003-02-26,0.22,27.23,71.12,100.73,3.38,21.2
2003-02-27,0.06,27.16,70.49,100.84,3.55,21.07
2003-02-28,0.15,27.5,66.41,100.84,2.62,20.29
2003-03-01,0.02,27.31,69.91,100.77,3.09,20.92
2003-03-02,0.03,27.63,67.03,100.65,3.48,20.37
2003-03-03,0.06,27.9,65.4,100.61,3.82,20.07
2003-03-04,0.0,28.52,65.72,100.46,4.21,20.73
2003-03-05,0.0,28.4,52.53,100.52,3.11,16.19
2003-03-06,0.05,26.85,73.68,100.77,2.97,21.22
2003-03-07,0.34,26.81,73.67,100.78,2.89,21.35
2003-03-08,0.0,26.9,69.02,100.77,2.41,20.08
2003-03-09,0.0,26.71,73.75,100.84,2.77,21.41
2003-03-10,0.0,26.92,65.52,100.82,2.69,19.57
2003-03-11,0.0,26.66,69.65,100.72,3.29,20.29
2003-03-12,0.12,26.93,75.41,100.76,3.83,21.92
2003-03-13,21.11,27.1,82.08,100.96,2.87,23.66
2003-03-14,2.58,27.65,78.5,100.95,3.1,23.36
2003-03-15,0.22,28.52,73.32,100.68,4.17,22.88
2003-03-16,0.6,28.32,74.39,100.63,3.85,23.08
2003-03-17,12.01,26.97,83.11,100.85,3.39,23.77
2003-03-18,1.72,27.27,73.91,100.91,3.12,21.94
2003-03-19,0.15,27.71,75.89,100.82,2.9,22.79
2003-03-20,1.45,28.23,69.44,100.71,2.68,21.69
2003-03-21,1.08,28.43,68.68,100.68,2.5,21.82
2003-03-22,0.0,28.6,63.41,100.86,2.43,20.43
2003-03-23,0.0,28.65,66.42,100.82,3.26,20.96
2003-03-24,0.0,29.01,65.65,100.67,3.45,20.91
2003-03-25,0.49,28.5,67.12,100.68,3.64,21.38
2003-03-26,0.26,28.63,67.44,100.75,3.31,21.55
2003-03-27,0.32,29.14,65.74,100.69,3.39,21.57
2003-03-28,0.37,28.98,68.79,100.57,3.4,22.3
2003-03-29,0.09,28.72,71.5,100.45,3.43,22.68
2003-03-30,0.01,29.18,71.0,100.45,4.35,23.03
2003-03-31,0.01,29.71,67.9,100.4,4.53,22.5
2003-04-01,0.01,29.64,70.26,100.35,4.01,23.02
2003-04-02,0.01,29.36,74.84,100.31,3.99,24.06
2003-04-03,0.07,29.67,75.77,100.27,4.78,24.65
2003-04-04,0.02,29.95,74.06,100.29,4.45,24.51
2003-04-05,0.12,29.49,74.2,100.36,3.79,24.2
2003-04-06,0.28,29.1,72.66,100.53,3.17,23.49
2003-04-07,0.0,28.89,69.22,100.79,2.38,22.44
2003-04-08,0.01,28.77,68.49,100.66,2.56,22.06
2003-04-09,0.0,28.47,74.91,100.55,2.75,23.34
2003-04-10,0.01,29.41,71.8,100.58,3.67,23.39
2003-04-11,0.2,29.96,73.67,100.67,4.23,24.37
2003-04-12,0.09,30.51,68.07,100.56,4.57,23.27
2003-04-13,0.05,30.61,67.36,100.4,4.37,23.32
2003-04-14,0.07,30.99,66.94,100.44,4.24,23.59
2003-04-15,0.07,30.65,69.54,100.46,4.24,23.87
2003-04-16,0.08,30.99,67.95,100.53,4.71,23.73
2003-04-17,0.04,30.84,69.24,100.47,5.47,24.01
2003-04-18,0.01,30.81,67.08,100.37,5.21,23.5
2003-04-19,0.36,31.02,67.91,100.15,5.52,23.82
2003-04-20,0.4,30.73,69.36,100.16,4.86,24.02
2003-04-21,0.13,31.05,66.27,100.28,5.06,23.48
2003-04-22,0.1,31.39,64.85,100.37,5.21,23.33
2003-04-23,0.07,31.39,64.57,100.4,5.13,23.35
2003-04-24,0.2,31.37,64.19,100.31,4.71,23.17
2003-04-25,0.19,31.15,65.4,100.24,4.38,23.17
2003-04-26,0.07,30.55,66.58,100.23,4.78,22.93
2003-04-27,0.0,30.14,68.26,100.18,3.85,22.47
2003-04-28,0.06,29.99,67.57,100.28,3.65,22.14
2003-04-29,0.27,29.72,68.51,100.56,3.38,22.73
2003-04-30,0.7,30.07,67.83,100.57,3.59,23.03
2003-05-01,0.24,30.35,67.27,100.31,4.82,23.18
2003-05-02,0.05,30.61,68.85,100.16,5.33,23.93
2003-05-03,0.03,31.11,70.52,100.06,5.67,24.61
2003-05-04,0.02,31.2,70.66,99.98,5.19,24.71
2003-05-05,0.06,31.35,70.36,99.99,4.94,24.75
2003-05-06,1.33,31.74,68.41,100.03,4.8,24.7
2003-05-07,1.96,31.49,69.37,100.06,4.09,24.64
2003-05-08,1.19,31.31,67.79,100.12,4.01,24.12
2003-05-09,0.28,30.9,68.68,100.25,3.56,23.96
2003-05-10,0.51,30.7,67.74,100.35,3.12,23.59
2003-05-11,0.04,29.97,67.57,100.21,2.38,22.89
2003-05-12,1.5,30.57,66.94,100.0,4.22,23.18
2003-05-13,2.46,30.48,70.77,99.85,5.9,24.21
2003-05-14,3.03,30.56,70.41,99.72,5.73,24.29
2003-05-15,0.16,30.04,68.82,99.73,4.17,23.33
2003-05-16,0.9,30.05,69.91,99.88,2.75,23.6
2003-05-17,0.26,30.57,69.14,99.82,2.8,23.82
2003-05-18,0.48,31.14,74.56,99.72,4.02,25.71
2003-05-19,1.14,32.3,70.64,99.71,3.9,25.38
2003-05-20,0.35,32.58,67.22,99.83,4.18,24.77
2003-05-21,0.57,32.51,70.78,99.93,3.56,25.79
2003-05-22,0.42,32.4,71.95,99.83,3.57,26.18
2003-05-23,0.75,31.13,76.78,99.95,4.34,26.51
2003-05-24,0.32,32.45,65.64,100.03,4.45,24.58
2003-05-25,9.88,31.77,73.33,100.11,5.25,26.21
2003-05-26,10.64,31.04,79.53,100.13,5.03,27.0
2003-05-27,0.04,32.26,68.58,99.83,5.11,25.14
2003-05-28,0.05,32.15,67.28,99.75,3.85,24.41
2003-05-29,0.24,32.3,70.29,99.81,2.83,25.02
2003-05-30,0.16,32.21,72.72,99.81,2.95,25.81
2003-05-31,0.11,31.68,74.31,99.87,2.93,26.18
2003-06-01,0.04,31.5,71.23,99.8,3.32,25.31
2003-06-02,0.07,30.76,76.11,99.77,4.94,25.93
2003-06-03,0.15,31.38,74.92,99.61,5.29,26.09
2003-06-04,0.15,31.66,75.7,99.51,4.87,26.54
2003-06-05,0.1,32.14,69.89,99.56,5.46,25.41
2003-06-06,0.08,31.39,74.05,99.71,5.95,26.06
2003-06-07,0.05,32.11,70.54,99.67,5.55,25.64
2003-06-08,0.06,31.64,71.19,99.94,5.03,25.51
2003-06-09,0.04,31.35,73.97,100.02,5.51,25.92
2003-06-10,0.43,31.08,69.14,99.94,5.93,24.55
2003-06-11,0.31,31.21,73.2,99.84,4.75,25.65
2003-06-12,1.21,30.96,74.18,99.99,4.72,25.63
2003-06-13,3.95,29.08,79.74,100.07,5.91,25.17
2003-06-14,6.31,28.53,86.08,100.06,6.14,25.94
2003-06-15,2.04,29.29,75.18,99.95,5.97,24.23
2003-06-16,1.43,29.82,76.04,99.81,4.82,25.03
2003-06-17,2.16,29.76,77.21,99.82,3.92,25.2
2003-06-18,7.19,29.05,82.63,99.83,4.83,25.76
2003-06-19,3.64,29.72,74.61,99.74,6.13,24.48
2003-06-20,0.57,30.37,69.66,99.62,6.65,23.92
2003-06-21,0.67,30.3,68.96,99.52,6.59,23.67
2003-06-22,0.4,30.06,71.73,99.56,5.78,24.2
2003-06-23,8.49,28.99,80.12,99.61,5.32,25.1
2003-06-24,5.59,29.0,79.73,99.64,5.55,24.99
2003-06-25,2.34,29.39,78.5,99.71,6.16,25.11
2003-06-26,0.88,29.31,77.53,99.82,5.21,24.79
2003-06-27,0.28,29.17,77.49,99.97,5.25,24.74
2003-06-28,1.18,29.53,75.79,99.94,4.93,24.63
2003-06-29,9.91,28.44,80.68,99.89,5.26,24.73
2003-06-30,7.16,28.46,81.51,99.73,4.81,24.89
2003-07-01,4.25,27.99,82.62,99.75,5.44,24.69
2003-07-02,12.65,27.82,85.03,99.9,5.64,25.03
2003-07-03,12.87,27.9,84.34,100.02,4.72,24.97
2003-07-04,6.24,28.44,80.23,99.82,4.71,24.6
2003-07-05,21.09,28.23,82.35,99.79,3.95,24.88
2003-07-06,9.0,27.94,84.89,99.91,4.67,25.11
2003-07-07,0.85,29.18,78.3,99.89,4.5,24.86
2003-07-08,17.75,28.8,82.33,99.77,3.58,25.43
2003-07-09,9.23,28.17,87.53,99.68,3.19,25.89
2003-07-10,4.4,28.58,82.54,99.7,4.8,25.24
2003-07-11,1.5,28.79,81.89,99.74,4.56,25.3
2003-07-12,1.59,28.87,81.73,99.82,4.6,25.36
2003-07-13,4.15,28.97,83.25,99.83,3.83,25.78
2003-07-14,28.14,27.92,89.27,99.85,4.16,25.99
2003-07-15,16.23,27.55,89.67,99.78,4.9,25.71
2003-07-16,7.72,27.82,86.6,99.9,5.91,25.36
2003-07-17,12.83,27.28,88.54,100.0,6.01,25.23
2003-07-18,8.51,27.54,88.84,99.85,6.68,25.54
2003-07-19,2.4,28.0,85.8,99.7,6.65,25.38
2003-07-20,12.48,27.5,90.9,99.64,6.25,25.89
2003-07-21,3.18,27.94,87.98,99.72,5.28,25.73
2003-07-22,1.36,28.35,84.05,99.68,4.62,25.37
2003-07-23,2.37,28.14,83.68,99.57,4.91,25.06
2003-07-24,14.15,27.76,87.36,99.54,5.61,25.44
2003-07-25,9.51,27.44,85.1,99.54,7.12,24.69
2003-07-26,13.61,27.2,86.67,99.47,7.5,24.78
2003-07-27,4.12,27.78,86.65,99.76,6.63,25.31
2003-07-28,3.28,27.7,86.35,100.15,5.08,25.19
2003-07-29,1.34,28.09,86.64,100.19,3.55,25.64
2003-07-30,15.88,27.77,88.98,100.1,4.93,25.8
2003-07-31,9.77,27.42,88.04,100.1,3.78,25.27
2003-08-01,7.23,27.25,87.56,100.14,4.39,25.01
2003-08-02,5.47,27.24,87.07,100.14,5.04,24.9
2003-08-03,3.28,27.97,84.26,100.05,4.54,25.0
2003-08-04,2.78,27.73,85.13,99.84,3.89,24.93
2003-08-05,6.16,27.5,88.69,99.58,3.31,25.46
2003-08-06,3.99,27.3,92.44,99.4,2.25,25.98
2003-08-07,3.43,27.42,90.38,99.46,3.73,25.7
2003-08-08,3.34,27.87,87.99,99.62,4.67,25.69
2003-08-09,3.98,28.24,86.36,99.62,6.19,25.72
2003-08-10,1.75,28.31,88.01,99.82,4.47,26.11
2003-08-11,0.73,28.38,88.07,100.05,3.91,26.21
2003-08-12,1.64,28.04,87.44,100.05,3.57,25.74
2003-08-13,1.71,28.3,85.89,99.9,3.6,25.68
2003-08-14,0.48,28.21,83.81,99.85,3.9,25.16
2003-08-15,0.75,28.18,83.63,99.85,3.82,25.11
2003-08-16,0.88,28.91,82.9,99.95,3.25,25.63
2003-08-17,1.68,29.22,82.21,99.96,2.7,25.83
2003-08-18,1.98,28.43,84.09,99.89,2.09,25.47
2003-08-19,6.9,27.68,88.24,99.63,5.27,25.56
2003-08-20,5.9,26.97,87.18,99.54,4.67,24.67
2003-08-21,14.79,27.18,89.89,99.5,2.54,25.38
2003-08-22,26.98,27.57,86.87,99.44,2.73,25.18
2003-08-23,5.8,28.28,86.52,99.59,6.35,25.8
2003-08-24,2.33,28.42,85.26,99.82,4.93,25.69
2003-08-25,0.95,28.36,86.03,99.86,3.73,25.79
2003-08-26,7.2,27.46,86.64,99.85,3.95,25.03
2003-08-27,6.37,27.59,84.7,99.93,4.72,24.75
2003-08-28,2.75,27.4,83.14,99.91,5.71,24.25
2003-08-29,1.34,27.83,83.67,100.04,5.55,24.77
2003-08-30,1.2,27.67,87.44,100.17,4.55,25.37
2003-08-31,2.62,27.51,89.34,100.13,4.88,25.6
2003-09-01,3.63,27.09,90.52,100.02,5.42,25.42
2003-09-02,1.73,27.37,87.57,99.98,4.85,25.11
2003-09-03,0.99,28.38,83.53,99.93,4.45,25.26
2003-09-04,2.14,28.24,85.57,99.94,4.04,25.57
2003-09-05,7.74,27.5,88.65,99.87,4.9,25.46
2003-09-06,4.09,27.38,87.67,99.94,6.28,25.15
2003-09-07,1.53,28.21,84.44,99.99,5.19,25.28
2003-09-08,0.42,28.67,80.42,99.94,4.16,24.85
2003-09-09,0.21,28.64,78.41,99.92,3.78,24.38
2003-09-10,2.62,28.64,80.32,99.89,4.21,24.87
2003-09-11,1.48,28.82,80.42,99.93,3.15,25.02
2003-09-12,4.34,28.22,82.18,99.9,2.38,24.83
2003-09-13,3.89,27.08,84.42,99.94,3.27,24.22
2003-09-14,3.23,27.96,79.35,99.97,3.33,23.98
2003-09-15,4.23,28.57,80.72,99.99,3.09,24.86
2003-09-16,2.04,27.65,84.89,100.11,3.1,24.87
2003-09-17,6.56,28.02,84.29,100.16,3.46,25.07
2003-09-18,5.11,27.87,85.52,100.25,3.08,25.19
2003-09-19,2.57,28.06,84.53,100.24,2.4,25.17
2003-09-20,7.71,28.48,86.21,100.18,2.67,25.92
2003-09-21,7.81,28.72,85.49,100.22,2.65,26.01
2003-09-22,5.92,27.89,88.45,100.21,1.86,25.83
2003-09-23,8.16,27.45,86.28,100.15,1.37,24.94
2003-09-24,17.04,27.04,88.74,100.07,1.2,25.03
2003-09-25,21.2,27.62,86.48,100.14,2.11,25.15
2003-09-26,22.19,27.37,89.02,100.23,2.29,25.42
2003-09-27,12.88,27.35,90.71,100.24,3.39,25.72
2003-09-28,2.35,27.68,85.81,100.22,2.97,25.08
2003-09-29,1.74,28.17,82.57,100.25,2.9,24.91
2003-09-30,2.46,28.25,82.78,100.29,2.4,25.04
2003-10-01,2.89,28.6,82.06,100.26,2.17,25.22
2003-10-02,1.06,28.31,83.04,100.24,1.56,25.15
2003-10-03,6.42,27.9,84.87,100.35,3.52,25.11
2003-10-04,10.15,27.31,90.72,100.19,4.19,25.68
2003-10-05,23.69,27.69,91.54,99.96,5.19,26.2
2003-10-06,50.97,27.83,91.07,99.43,5.49,26.25
2003-10-07,55.91,27.49,88.7,99.5,6.38,25.47
2003-10-08,11.89,28.09,89.63,99.81,6.16,26.23
2003-10-09,2.93,27.96,90.51,100.0,4.66,26.27
2003-10-10,0.93,27.69,86.56,100.12,1.89,25.21
2003-10-11,0.34,27.66,83.1,100.33,2.07,24.51
2003-10-12,0.1,27.76,72.76,100.48,2.19,22.34
2003-10-13,0.03,28.18,72.36,100.65,2.08,22.68
2003-10-14,0.0,28.02,72.14,100.68,1.84,22.5
2003-10-15,0.02,27.54,74.46,100.7,2.83,22.57
2003-10-16,9.3,26.55,84.23,100.63,4.74,23.67
2003-10-17,5.53,26.87,88.74,100.43,6.26,24.86
2003-10-18,5.69,26.91,90.56,100.38,3.8,25.25
2003-10-19,8.91,27.39,90.72,100.46,4.33,25.76
2003-10-20,4.81,27.24,88.87,100.53,3.68,25.26
2003-10-21,45.15,27.3,88.97,100.48,3.29,25.33
2003-10-22,66.53,26.84,88.69,100.57,2.52,24.83
2003-10-23,52.57,26.45,92.69,100.59,2.71,25.19
2003-10-24,56.07,26.69,90.64,100.37,3.49,25.05
2003-10-25,2.19,27.77,80.68,100.27,2.16,24.09
2003-10-26,0.34,26.85,74.64,100.43,2.41,21.85
2003-10-27,0.1,26.28,80.59,100.65,2.45,22.66
2003-10-28,13.22,26.35,83.5,100.76,1.68,23.32
2003-10-29,0.43,26.75,84.18,100.96,3.04,23.86
2003-10-30,0.11,26.94,84.42,100.87,2.96,24.08
2003-10-31,0.01,26.94,80.28,100.74,1.8,23.24
2003-11-01,0.05,27.16,73.56,100.74,1.27,22.02
2003-11-02,0.08,27.26,75.93,100.9,1.71,22.64
2003-11-03,0.06,27.04,79.99,100.93,2.34,23.29
2003-11-04,0.32,26.47,83.94,100.89,3.11,23.52
2003-11-05,0.02,25.9,82.61,100.86,2.97,22.68
2003-11-06,0.03,25.81,81.12,100.81,2.35,22.28
2003-11-07,0.01,25.92,76.03,100.76,1.75,21.31
2003-11-08,0.01,26.08,74.76,100.81,2.36,21.23
2003-11-09,0.0,25.96,70.37,100.83,2.42,20.11
2003-11-10,0.0,25.52,71.58,100.87,2.5,20.0
2003-11-11,0.0,25.4,70.69,100.94,3.38,19.66
2003-11-12,0.04,24.89,76.71,100.99,4.02,20.48
2003-11-13,0.14,24.87,79.13,101.05,4.46,20.96
2003-11-14,0.0,24.7,76.82,101.13,4.33,20.29
2003-11-15,0.0,25.2,73.95,101.1,2.72,20.14
2003-11-16,0.0,25.29,70.27,100.96,2.06,19.45
2003-11-17,0.0,24.9,69.2,100.9,1.78,18.85
2003-11-18,0.0,23.83,74.13,100.91,2.67,18.91
2003-11-19,0.0,23.83,77.15,100.96,3.25,19.56
2003-11-20,0.0,24.32,76.2,101.0,3.05,19.82
2003-11-21,0.0,25.09,72.09,101.08,2.32,19.67
2003-11-22,0.01,25.0,73.43,101.13,2.73,19.9
2003-11-23,0.0,24.2,73.04,101.14,3.04,19.01
2003-11-24,0.0,23.44,73.83,101.27,3.25,18.45
2003-11-25,0.0,23.46,74.33,101.24,3.21,18.57
2003-11-26,0.0,23.16,71.21,101.08,2.55,17.61
2003-11-27,0.0,23.62,78.32,100.93,3.04,19.59
2003-11-28,0.0,23.78,77.88,100.95,3.35,19.61
2003-11-29,0.0,23.31,77.34,101.08,4.04,19.06
2003-11-30,0.0,23.35,76.82,101.1,3.34,18.99
2003-12-01,0.0,23.88,78.48,101.12,2.81,19.88
2003-12-02,0.0,23.53,75.78,101.07,3.25,18.97
2003-12-03,0.0,22.89,70.48,100.94,2.79,17.19
2003-12-04,0.0,22.4,69.8,100.97,2.96,16.58
2003-12-05,0.0,22.58,72.39,101.08,3.35,17.31
2003-12-06,0.0,23.15,69.68,101.1,2.56,17.19
2003-12-07,0.0,23.2,64.61,101.08,2.27,16.03
2003-12-08,0.0,23.2,71.21,101.1,2.02,17.63
2003-12-09,0.0,23.34,71.13,101.06,1.56,17.78
2003-12-10,0.0,23.42,78.56,101.07,2.74,19.45
2003-12-11,0.0,23.53,80.65,101.05,4.07,19.96
2003-12-12,0.0,23.12,79.47,101.12,4.93,19.26
2003-12-13,0.0,22.81,72.8,101.07,5.01,17.58
2003-12-14,7.64,22.64,79.95,100.97,6.18,18.9
2003-12-15,18.57,23.96,91.73,100.65,7.27,22.5
2003-12-16,48.16,25.27,88.65,100.46,5.35,23.27
2003-12-17,2.03,24.89,84.47,100.62,3.02,22.07
2003-12-18,0.03,23.71,75.23,101.01,2.63,18.95
2003-12-19,0.0,23.55,74.22,101.22,2.3,18.67
2003-12-20,0.0,22.64,72.88,101.39,3.11,17.47
2003-12-21,0.0,22.2,74.15,101.41,3.74,17.3
2003-12-22,0.0,21.94,74.71,101.36,4.55,17.14
2003-12-23,0.01,22.04,73.86,101.33,4.65,17.02
2003-12-24,0.01,22.6,77.44,101.25,4.44,18.37
2003-12-25,0.03,22.92,76.85,101.23,4.18,18.59
2003-12-26,1.36,22.88,79.73,101.12,4.47,19.18
2003-12-27,0.08,23.22,76.75,101.13,3.37,18.88
2003-12-28,0.0,23.8,79.1,101.27,1.77,19.95
2003-12-29,0.08,22.54,80.02,101.49,4.59,18.83
2003-12-30,0.01,21.66,79.04,101.51,4.33,17.78
2003-12-31,0.0,21.39,77.74,101.4,3.15,17.23
2004-01-01,0.0,21.36,75.23,101.26,2.66,16.66
2004-01-02,0.0,21.36,76.95,101.25,3.31,17.03
2004-01-03,0.0,21.32,76.42,101.3,3.3,16.92
2004-01-04,0.0,21.15,78.0,101.31,3.7,17.08
2004-01-05,0.0,20.96,78.59,101.37,3.68,17.0
2004-01-06,0.0,20.8,78.22,101.31,3.49,16.8
2004-01-07,0.0,21.03,80.54,101.31,3.4,17.46
2004-01-08,0.0,21.56,77.37,101.42,3.65,17.23
2004-01-09,0.0,21.13,69.04,101.45,3.9,14.96
2004-01-10,0.0,21.17,69.41,101.43,3.09,15.21
2004-01-11,0.0,21.29,70.49,101.31,2.98,15.56
2004-01-12,0.0,22.01,68.23,101.23,2.06,15.75
2004-01-13,0.0,22.55,69.31,101.08,1.76,16.48
2004-01-14,0.0,22.9,71.47,100.94,1.31,17.32
2004-01-15,0.0,23.52,69.15,101.02,1.17,17.42
2004-01-16,0.0,23.47,72.71,101.14,1.18,18.21
2004-01-17,0.0,23.1,71.71,101.0,1.41,17.55
2004-01-18,0.0,23.27,76.1,100.94,1.65,18.67
2004-01-19,0.0,23.33,77.72,100.88,2.15,18.97
2004-01-20,0.0,22.88,76.21,100.95,1.64,18.31
2004-01-21,0.0,23.18,73.49,100.92,1.98,18.06
2004-01-22,0.0,23.32,74.43,100.89,2.12,18.44
2004-01-23,0.0,23.73,72.77,100.88,2.28,18.51
2004-01-24,0.01,23.81,73.68,100.85,2.67,18.75
2004-01-25,1.33,23.89,78.98,100.84,2.91,19.95
2004-01-26,4.86,22.86,82.72,100.85,3.52,19.73
2004-01-27,1.25,22.0,80.58,101.0,4.82,18.4
2004-01-28,0.5,23.45,80.0,100.92,4.22,19.69
2004-01-29,1.87,23.62,82.09,100.88,3.53,20.35
2004-01-30,0.57,23.98,79.49,100.87,2.8,20.15
2004-01-31,0.94,24.37,78.47,100.82,2.46,20.33
2004-02-01,0.6,24.65,77.81,100.74,1.81,20.46
2004-02-02,0.15,24.82,79.5,100.81,3.16,20.96
2004-02-03,0.9,24.44,76.85,100.96,3.46,19.94
2004-02-04,0.33,24.23,63.83,100.89,3.08,16.36
2004-02-05,0.01,23.97,65.4,100.94,2.52,16.94
2004-02-06,0.22,24.9,70.89,100.93,2.49,19.18
2004-02-07,0.17,24.22,70.11,101.25,3.34,18.02
2004-02-08,0.0,23.68,59.71,101.33,4.06,14.76
2004-02-09,0.0,23.28,62.51,101.22,2.85,15.36
2004-02-10,0.0,23.75,65.42,101.24,2.51,16.66
2004-02-11,0.0,24.12,62.9,101.28,2.19,16.49
2004-02-12,0.0,24.06,70.66,101.28,3.58,18.1
2004-02-13,0.0,24.45,68.66,101.2,3.87,17.96
2004-02-14,0.0,24.84,62.35,101.07,2.81,16.5
2004-02-15,0.0,25.16,57.24,100.98,1.66,15.67
2004-02-16,0.0,25.11,64.92,101.01,1.65,17.7
2004-02-17,0.0,24.94,65.46,100.92,1.8,17.75
2004-02-18,0.0,25.14,67.73,100.78,2.18,18.58
2004-02-19,0.0,25.26,71.76,100.72,2.68,19.49
2004-02-20,0.0,25.68,71.2,100.84,2.44,19.7
2004-02-21,0.0,25.81,68.37,100.97,1.71,19.22
2004-02-22,0.0,26.2,63.87,100.89,1.86,18.23
2004-02-23,0.0,26.08,71.24,100.85,2.45,19.54
2004-02-24,0.0,26.29,73.58,100.97,2.38,20.41
2004-02-25,0.0,26.17,71.13,100.9,2.77,19.88
2004-02-26,0.0,26.1,67.73,100.78,2.58,18.83
2004-02-27,0.0,25.95,73.61,100.71,2.89,20.33
2004-02-28,0.0,25.96,71.7,100.72,3.21,20.08
2004-02-29,0.0,26.36,70.41,100.71,3.42,20.14
2004-03-01,0.0,27.55,64.85,100.62,3.31,19.55
2004-03-02,0.0,27.76,66.01,100.59,2.74,19.92
2004-03-03,0.0,27.54,64.21,100.63,1.85,19.11
2004-03-04,0.0,27.16,76.13,100.71,2.19,22.06
2004-03-05,0.0,27.17,73.87,100.65,2.55,21.17
2004-03-06,0.0,27.01,75.55,100.67,2.91,21.78
2004-03-07,0.0,27.61,70.7,100.75,3.47,21.12
2004-03-08,0.68,26.52,73.3,101.16,3.79,21.05
2004-03-09,0.76,26.32,71.17,101.19,4.1,20.25
2004-03-10,0.0,26.29,68.54,100.89,2.41,19.56
2004-03-11,0.0,26.91,67.86,100.83,2.12,20.17
2004-03-12,0.0,27.29,66.65,100.88,2.24,20.07
2004-03-13,0.0,27.75,65.23,100.93,2.12,20.14
2004-03-14,0.0,28.48,59.37,100.84,1.99,18.61
2004-03-15,0.0,28.73,60.12,100.68,3.09,18.78
2004-03-16,0.0,29.01,62.51,100.55,3.44,19.55
2004-03-17,0.0,29.12,63.04,100.47,4.0,19.93
2004-03-18,0.0,29.24,66.41,100.43,3.33,20.66
2004-03-19,0.0,29.04,58.36,100.34,2.94,18.24
2004-03-20,0.0,28.15,73.2,100.21,4.05,22.14
2004-03-21,0.0,28.26,74.35,100.31,4.34,22.68
2004-03-22,0.0,28.27,74.8,100.38,4.54,22.87
2004-03-23,0.0,28.46,72.51,100.38,4.77,22.6
2004-03-24,0.0,28.83,69.36,100.3,4.91,22.04
2004-03-25,0.0,28.47,71.58,100.26,4.5,22.45
2004-03-26,0.0,28.07,73.2,100.43,3.19,22.32
2004-03-27,0.03,28.52,73.88,100.71,2.81,23.05
2004-03-28,0.04,28.92,74.44,100.69,3.97,23.49
2004-03-29,0.02,29.7,72.07,100.59,4.14,23.59
2004-03-30,0.11,29.17,77.03,100.63,4.11,24.38
2004-03-31,0.06,29.22,76.04,100.62,3.91,24.16
2004-04-01,0.82,29.68,74.28,100.72,4.03,24.34
2004-04-02,0.45,29.89,71.19,100.67,3.73,23.86
2004-04-03,0.77,29.46,74.05,100.69,4.21,24.07
2004-04-04,0.36,29.33,73.85,100.71,4.12,23.95
2004-04-05,0.66,29.96,69.43,100.51,3.97,23.37
2004-04-06,0.47,29.93,71.64,100.47,3.99,23.85
2004-04-07,0.11,29.23,72.23,100.53,4.36,23.54
2004-04-08,0.12,29.63,71.78,100.42,5.05,23.65
2004-04-09,0.18,30.29,69.93,100.3,5.06,23.71
2004-04-10,0.09,30.29,70.23,100.43,4.72,23.75
2004-04-11,0.0,30.39,68.5,100.46,5.22,23.28
2004-04-12,0.01,30.71,68.88,100.31,5.06,23.58
2004-04-13,0.01,30.64,70.73,100.16,5.75,24.15
2004-04-14,0.02,30.98,69.67,100.11,5.55,24.17
2004-04-15,0.05,30.9,71.82,100.08,5.78,24.68
2004-04-16,0.02,30.93,73.29,100.08,5.71,25.08
2004-04-17,0.02,31.54,70.31,99.99,5.44,24.71
2004-04-18,0.05,31.35,69.89,99.92,5.5,24.5
2004-04-19,0.06,31.42,69.36,100.14,4.7,24.71
2004-04-20,0.06,30.58,71.19,100.53,4.22,24.44
2004-04-21,0.18,30.27,71.95,100.45,4.27,24.34
2004-04-22,26.96,28.98,81.76,100.23,4.92,25.45
2004-04-23,10.2,29.37,76.46,100.26,4.8,24.53
2004-04-24,1.12,29.16,76.44,100.35,3.77,24.43
2004-04-25,0.41,29.07,72.95,100.44,3.22,23.41
2004-04-26,0.52,29.42,70.98,100.49,3.18,23.27
2004-04-27,0.37,29.63,71.35,100.37,4.01,23.59
2004-04-28,3.4,29.54,74.39,100.22,4.07,24.29
2004-04-29,1.91,29.62,73.25,100.22,2.95,24.08
2004-04-30,0.58,29.77,71.32,100.21,2.6,23.73
2004-05-01,0.18,29.86,69.99,100.21,2.07,23.46
2004-05-02,0.06,30.08,72.4,100.18,2.05,24.23
2004-05-03,1.52,30.03,74.22,100.27,2.03,24.76
2004-05-04,5.56,29.28,75.12,100.31,1.92,24.3
2004-05-05,2.48,29.0,76.85,100.25,3.03,24.4
2004-05-06,3.02,29.61,75.83,100.26,3.18,24.74
2004-05-07,1.71,29.28,82.66,100.3,2.6,25.95
2004-05-08,0.31,29.3,79.55,100.22,2.07,25.24
2004-05-09,0.03,30.08,72.97,100.13,2.35,24.45
2004-05-10,0.03,30.68,69.35,100.09,3.32,23.93
2004-05-11,0.02,31.15,69.99,100.01,4.12,24.73
2004-05-12,1.23,29.93,78.8,99.9,3.05,25.81
2004-05-13,1.45,31.67,75.23,99.68,4.66,26.48
2004-05-14,4.12,31.87,70.69,99.78,3.01,25.6
2004-05-15,1.51,31.12,72.75,99.8,4.66,25.53
2004-05-16,1.79,30.29,74.31,99.86,3.51,25.08
2004-05-17,1.57,29.52,80.54,99.79,4.91,25.74
2004-05-18,1.28,31.07,73.39,99.58,5.65,25.52
2004-05-19,0.6,33.44,59.6,99.29,5.52,23.71
2004-05-20,0.01,32.76,60.25,99.55,5.64,23.75
2004-05-21,0.04,33.5,55.4,99.51,3.77,22.4
2004-05-22,0.02,33.31,52.83,99.5,4.27,21.17
2004-05-23,0.07,32.28,61.98,99.73,4.79,23.24
2004-05-24,0.08,31.58,69.48,99.94,5.54,24.84
2004-05-25,3.29,31.11,70.04,100.01,5.36,24.67
2004-05-26,2.17,29.53,71.44,100.19,3.0,23.67
2004-05-27,0.27,29.67,77.31,100.23,3.97,25.19
2004-05-28,2.62,29.61,78.34,100.26,2.72,25.27
2004-05-29,1.31,28.96,80.58,100.18,2.44,25.17
2004-05-30,0.36,29.16,78.55,100.21,2.22,24.94
2004-05-31,0.34,29.6,77.72,100.22,2.8,25.12
2004-06-01,0.84,29.92,74.92,100.29,2.43,24.7
2004-06-02,0.8,30.2,75.93,100.21,4.39,25.19
2004-06-03,6.57,29.58,83.12,100.08,4.25,26.32
2004-06-04,4.66,28.4,85.35,100.09,4.04,25.69
2004-06-05,0.56,30.15,70.37,99.95,3.17,23.91
2004-06-06,1.19,30.65,72.36,99.9,2.2,24.77
2004-06-07,1.68,29.73,76.49,100.08,2.51,25.04
2004-06-08,2.56,30.19,72.28,99.99,3.23,24.39
2004-06-09,10.1,30.56,73.4,99.96,2.81,25.11
2004-06-10,21.93,29.93,78.09,99.86,2.84,25.57
2004-06-11,22.05,28.4,84.43,99.75,2.44,25.45
2004-06-12,37.65,28.41,85.02,99.34,5.96,25.59
2004-06-13,42.56,27.37,86.86,99.08,10.53,25.0
2004-06-14,3.3,28.8,80.97,99.44,8.22,25.15
2004-06-15,0.6,29.3,79.79,99.8,6.58,25.36
2004-06-16,0.67,29.25,82.54,99.85,5.5,25.91
2004-06-17,1.94,29.3,78.82,99.66,6.11,25.12
2004-06-18,2.45,28.8,78.46,99.79,6.47,24.57
2004-06-19,0.17,27.88,77.03,99.81,5.81,23.37
2004-06-20,0.19,28.77,76.57,99.92,4.47,24.12
2004-06-21,0.01,29.11,76.93,100.08,4.14,24.52
2004-06-22,0.01,29.76,76.72,100.14,3.68,25.07
2004-06-23,0.01,29.83,75.89,99.97,3.55,24.95
2004-06-24,0.03,29.7,76.17,99.98,3.27,24.9
2004-06-25,0.13,30.08,73.47,100.03,2.6,24.64
2004-06-26,0.06,30.64,68.85,99.97,2.97,24.01
2004-06-27,0.3,30.5,71.0,100.0,3.59,24.45
2004-06-28,1.12,30.35,75.48,99.97,3.42,25.4
2004-06-29,1.48,29.46,77.48,99.95,3.32,25.03
2004-06-30,2.12,29.95,73.63,99.76,3.17,24.48
2004-07-01,1.27,28.05,80.87,99.81,2.62,24.41
2004-07-02,10.6,28.36,83.27,99.51,3.59,25.21
2004-07-03,15.48,28.08,87.14,99.46,4.65,25.72
2004-07-04,5.78,28.83,82.65,99.64,4.15,25.51
2004-07-05,3.21,29.06,80.81,99.87,4.22,25.34
2004-07-06,0.77,28.9,82.95,100.02,3.98,25.67
2004-07-07,12.37,28.31,85.94,100.08,3.32,25.72
2004-07-08,11.31,27.87,90.38,100.22,3.67,26.17
2004-07-09,1.82,28.11,87.94,100.17,3.14,25.91
2004-07-10,0.83,28.37,85.96,100.05,3.64,25.77
2004-07-11,4.53,28.13,86.41,99.96,4.07,25.64
2004-07-12,5.22,27.08,89.53,99.88,3.7,25.22
2004-07-13,33.09,27.05,89.97,99.72,3.17,25.28
2004-07-14,24.47,27.24,88.59,99.52,2.87,25.19
2004-07-15,6.72,26.96,88.62,99.45,4.08,24.94
2004-07-16,14.42,27.67,87.19,99.76,4.6,25.32
2004-07-17,19.85,27.87,90.45,100.04,4.55,26.17
2004-07-18,4.06,27.93,90.75,100.03,4.68,26.29
2004-07-19,1.94,27.95,90.06,99.95,4.01,26.18
2004-07-20,2.48,27.94,90.53,99.91,3.67,26.25
2004-07-21,16.14,27.86,88.82,99.94,2.83,25.84
2004-07-22,6.93,27.97,83.56,99.92,2.97,24.85
2004-07-23,15.08,27.6,86.04,99.77,2.57,25.04
2004-07-24,11.35,27.75,83.72,99.63,1.84,24.72
2004-07-25,2.78,27.25,89.29,99.64,3.25,25.35
2004-07-26,2.58,27.68,87.68,99.55,4.27,25.44
2004-07-27,3.57,27.13,87.88,99.56,4.04,24.94
2004-07-28,2.02,27.3,87.4,99.49,5.2,25.02
2004-07-29,1.83,27.53,88.19,99.64,6.04,25.39
2004-07-30,2.21,27.67,85.73,99.92,5.83,25.04
2004-07-31,3.14,27.91,86.31,99.97,4.96,25.37
2004-08-01,2.63,27.76,85.67,99.76,4.36,25.1
2004-08-02,19.11,27.05,90.72,99.52,5.18,25.42
2004-08-03,17.84,27.09,90.0,99.09,6.75,25.32
2004-08-04,13.22,27.3,87.9,99.02,7.26,25.12
2004-08-05,1.83,27.52,87.37,99.39,7.47,25.22
2004-08-06,1.64,28.17,87.2,99.72,4.65,25.81
2004-08-07,2.19,28.02,87.74,99.86,4.61,25.77
2004-08-08,1.43,27.95,87.23,99.9,5.05,25.62
2004-08-09,2.93,28.22,85.61,99.93,4.93,25.55
2004-08-10,14.73,27.84,88.15,99.96,4.77,25.7
2004-08-11,5.38,27.51,87.96,99.86,5.75,25.34
2004-08-12,1.83,27.47,88.67,99.86,6.29,25.43
2004-08-13,4.08,27.52,89.82,99.86,5.5,25.69
2004-08-14,2.56,27.97,88.3,99.84,5.22,25.83
2004-08-15,1.93,27.97,86.38,99.86,4.8,25.46
2004-08-16,7.88,27.42,90.39,99.81,5.0,25.72
2004-08-17,3.74,28.22,86.15,99.95,3.79,25.65
2004-08-18,1.67,28.64,84.67,99.99,3.98,25.76
2004-08-19,2.57,27.8,87.9,99.82,4.07,25.61
2004-08-20,4.96,27.61,87.74,99.6,4.59,25.39
2004-08-21,5.42,27.45,88.88,99.58,5.13,25.46
2004-08-22,0.68,27.85,86.69,99.78,4.54,25.4
2004-08-23,0.69,28.19,85.91,100.01,3.6,25.56
2004-08-24,0.24,28.45,84.68,100.12,3.12,25.58
2004-08-25,4.22,28.53,86.47,100.1,3.05,26.04
2004-08-26,2.3,28.58,85.53,100.0,2.7,25.9
2004-08-27,0.2,28.6,83.54,99.89,2.96,25.52
2004-08-28,0.16,28.72,81.39,99.91,3.04,25.15
2004-08-29,0.07,29.38,78.45,99.92,2.51,25.15
2004-08-30,0.12,29.33,78.24,99.93,2.4,25.09
2004-08-31,0.04,29.12,78.1,99.95,2.17,24.82
2004-09-01,0.03,28.95,78.22,99.93,2.3,24.69
2004-09-02,0.04,29.02,78.17,100.12,1.55,24.8
2004-09-03,12.73,28.28,83.87,100.28,1.79,25.28
2004-09-04,20.42,27.19,86.66,100.11,1.41,24.77
2004-09-05,9.36,26.73,87.81,99.9,3.06,24.55
2004-09-06,4.24,27.51,86.26,100.01,2.97,25.01
2004-09-07,9.16,27.45,86.27,100.19,3.03,24.96
2004-09-08,8.14,27.89,86.86,100.18,4.61,25.5
2004-09-09,17.58,28.01,87.96,100.01,4.0,25.82
2004-09-10,19.49,27.15,86.32,100.0,2.77,24.61
2004-09-11,5.03,27.78,87.51,99.9,3.74,25.51
2004-09-12,0.65,28.86,82.51,99.98,2.58,25.52
2004-09-13,0.53,28.51,85.16,100.22,3.09,25.74
2004-09-14,2.19,28.44,87.52,100.2,3.84,26.15
2004-09-15,5.5,28.71,83.47,100.06,2.63,25.56
2004-09-16,3.09,28.65,82.6,100.15,2.82,25.33
2004-09-17,1.04,28.5,82.65,100.19,1.91,25.2
2004-09-18,1.17,28.47,85.89,100.13,2.76,25.83
2004-09-19,1.86,27.85,91.18,100.07,3.8,26.3
2004-09-20,8.46,27.35,90.21,100.19,2.92,25.62
2004-09-21,6.7,27.09,88.5,100.34,1.92,25.01
2004-09-22,1.47,27.18,88.89,100.4,2.37,25.19
2004-09-23,1.46,27.63,84.57,100.44,1.74,24.79
2004-09-24,1.94,27.37,87.83,100.46,1.77,25.19
2004-09-25,2.52,27.32,84.57,100.51,1.31,24.49
2004-09-26,6.56,27.6,82.38,100.59,1.28,24.29
2004-09-27,2.26,27.53,83.01,100.56,1.59,24.36
2004-09-28,0.29,27.38,82.95,100.45,1.72,24.23
2004-09-29,0.24,27.37,82.56,100.55,1.53,24.13
2004-09-30,0.25,27.85,84.23,100.69,1.81,24.93
2004-10-01,0.68,28.24,82.88,100.65,2.02,25.01
2004-10-02,7.18,27.51,86.99,100.46,4.21,25.16
2004-10-03,64.5,27.58,90.07,100.04,5.58,25.81
2004-10-04,26.38,27.67,91.66,99.75,3.88,26.21
2004-10-05,29.75,27.94,87.94,99.81,5.01,25.76
2004-10-06,16.79,28.03,89.17,99.96,6.07,26.09
2004-10-07,3.34,28.28,88.84,100.23,3.33,26.25
2004-10-08,1.75,27.81,86.57,100.44,2.48,25.32
2004-10-09,0.47,27.76,86.24,100.55,1.76,25.21
2004-10-10,1.12,27.0,88.84,100.72,1.98,25.02
2004-10-11,1.19,26.57,90.22,100.75,2.37,24.85
2004-10-12,1.99,26.6,89.27,100.75,2.07,24.69
2004-10-13,0.35,27.0,82.52,100.74,2.51,23.73
2004-10-14,3.03,27.38,82.74,100.71,2.13,24.14
2004-10-15,4.41,27.35,82.72,100.72,1.5,24.14
2004-10-16,5.12,26.63,81.93,100.81,3.57,23.24
2004-10-17,0.01,26.54,77.56,100.86,4.5,22.27
2004-10-18,0.0,25.97,75.57,100.88,4.34,21.29
2004-10-19,0.0,25.36,70.93,100.84,3.54,19.61
2004-10-20,0.26,25.51,78.2,100.78,4.03,21.34
2004-10-21,0.22,26.34,84.91,100.85,4.0,23.59
2004-10-22,0.11,26.62,83.22,100.95,3.94,23.51
2004-10-23,0.29,26.48,81.64,100.93,3.34,23.06
2004-10-24,4.13,26.58,82.0,100.98,3.28,23.24
2004-10-25,0.41,26.58,79.25,101.04,3.89,22.67
2004-10-26,0.18,26.46,81.18,101.04,3.77,22.95
2004-10-27,0.0,26.2,80.02,100.98,3.49,22.46
2004-10-28,0.54,26.09,80.76,100.93,3.79,22.5
2004-10-29,2.97,25.95,84.33,100.95,3.56,23.09
2004-10-30,2.98,26.02,85.41,100.96,3.96,23.37
2004-10-31,0.77,26.26,83.73,100.93,4.52,23.28
2004-11-01,0.16,26.24,80.76,100.92,4.46,22.65
2004-11-02,0.0,26.0,74.32,100.99,3.54,21.02
2004-11-03,0.0,24.47,66.14,101.01,3.98,17.58
2004-11-04,0.0,23.59,68.64,100.99,4.16,17.38
2004-11-05,0.01,24.08,73.5,100.92,4.75,18.95
2004-11-06,0.2,24.99,78.59,100.9,4.77,20.91
2004-11-07,1.39,25.14,81.93,100.83,3.55,21.77
2004-11-08,0.55,25.97,82.24,100.85,2.66,22.68
2004-11-09,0.27,26.35,82.53,100.83,2.22,23.13
2004-11-10,0.1,26.18,82.34,100.86,2.43,22.91
2004-11-11,0.0,26.29,80.88,100.93,3.01,22.72
2004-11-12,0.0,26.19,80.83,101.07,2.87,22.6
2004-11-13,0.0,25.82,81.13,101.14,3.17,22.3
2004-11-14,0.0,25.82,78.56,101.08,2.89,21.74
2004-11-15,0.08,26.24,76.89,101.0,2.13,21.81
2004-11-16,0.01,25.48,76.96,100.98,2.08,21.02
2004-11-17,0.0,25.14,64.93,101.02,2.25,17.84
2004-11-18,0.0,24.84,57.29,101.0,1.86,15.67
2004-11-19,0.0,24.88,59.59,100.98,1.59,16.35
2004-11-20,0.0,24.59,63.29,101.04,2.91,16.97
2004-11-21,0.0,24.3,67.3,101.09,3.59,17.7
2004-11-22,0.0,24.25,64.42,101.03,3.41,16.94
2004-11-23,0.0,24.48,63.49,101.01,2.76,16.97
2004-11-24,0.0,24.6,73.19,100.98,3.2,19.36
2004-11-25,0.0,24.88,73.06,101.12,4.59,19.51
2004-11-26,0.0,24.9,69.71,101.18,4.16,18.76
2004-11-27,0.0,24.85,66.85,101.19,3.59,17.96
2004-11-28,0.0,24.62,65.82,101.29,3.56,17.55
2004-11-29,0.0,24.32,61.67,101.18,3.59,16.08
2004-11-30,0.0,24.16,65.9,101.04,3.18,17.16
2004-12-01,0.0,24.13,66.84,101.05,3.49,17.33
2004-12-02,0.0,24.16,65.75,101.28,4.13,17.04
2004-12-03,0.0,24.0,65.3,101.32,4.1,16.79
2004-12-04,0.0,23.76,61.48,101.2,3.36,15.48
2004-12-05,0.0,23.79,57.32,101.11,2.9,14.28
2004-12-06,0.0,23.74,61.56,101.17,2.57,15.63
2004-12-07,0.0,24.02,69.2,101.32,3.48,17.84
2004-12-08,0.0,24.24,69.27,101.23,3.39,18.0
2004-12-09,0.0,24.01,74.19,101.1,2.65,18.96
2004-12-10,0.0,23.91,75.07,101.14,3.45,19.03
2004-12-11,0.0,23.67,71.36,101.22,3.83,17.92
2004-12-12,0.0,23.71,69.96,101.31,3.88,17.63
2004-12-13,0.0,23.56,74.16,101.23,3.4,18.41
2004-12-14,0.0,23.9,71.05,101.0,3.05,18.05
2004-12-15,0.0,23.98,67.93,100.93,2.71,17.38
2004-12-16,0.0,23.84,69.73,100.98,2.63,17.68
2004-12-17,0.0,23.82,66.93,101.15,2.18,17.01
2004-12-18,0.0,23.58,60.29,101.07,1.86,15.01
2004-12-19,0.0,23.8,61.68,100.87,2.08,15.68
2004-12-20,0.0,24.15,69.39,100.79,1.99,18.06
2004-12-21,0.0,24.54,70.45,100.78,2.1,18.66
2004-12-22,0.0,24.21,68.54,100.82,1.54,17.68
2004-12-23,0.0,24.28,74.44,100.87,2.34,19.22
2004-12-24,0.0,24.07,74.29,101.02,2.84,18.95
2004-12-25,0.0,23.72,71.12,101.12,3.53,17.71
2004-12-26,0.0,24.02,71.78,100.98,2.89,18.24
2004-12-27,0.16,23.67,79.6,101.02,3.39,19.76
2004-12-28,0.05,23.5,75.92,101.09,3.78,18.76
2004-12-29,0.0,22.98,66.44,101.06,2.88,15.68
2004-12-30,0.0,23.27,66.26,101.0,1.9,16.15
2004-12-31,0.0,23.48,70.83,101.06,1.71,17.67
2005-01-01,0.0,23.56,72.31,101.14,2.12,18.14
2005-01-02,0.0,23.42,73.98,101.07,2.15,18.37
2005-01-03,0.0,23.66,75.35,101.02,2.45,18.9
2005-01-04,0.0,24.21,73.27,101.16,3.24,18.86
2005-01-05,0.0,24.2,72.23,101.18,3.68,18.45
2005-01-06,0.0,24.32,75.0,101.13,2.87,19.33
2005-01-07,0.0,24.58,73.43,101.08,2.42,19.13
2005-01-08,0.0,24.67,69.5,101.08,2.06,18.48
2005-01-09,0.0,24.82,67.18,100.98,1.29,17.95
2005-01-10,0.0,24.28,72.22,100.78,3.0,18.72
2005-01-11,0.0,24.3,75.34,100.83,3.38,19.47
2005-01-12,0.0,24.51,72.16,101.02,2.68,18.66
2005-01-13,0.0,24.33,70.19,101.05,3.29,18.24
2005-01-14,0.0,24.26,64.34,100.95,2.42,16.52
2005-01-15,0.0,24.4,59.88,100.96,1.59,15.66
2005-01-16,0.0,24.03,63.95,101.01,1.99,16.38
2005-01-17,0.0,23.6,74.58,100.96,2.49,18.51
2005-01-18,0.0,24.05,76.05,100.93,2.59,19.37
2005-01-19,0.0,24.88,74.1,101.0,1.72,19.68
2005-01-20,0.02,24.62,70.24,101.22,3.47,18.42
2005-01-21,5.12,24.18,79.65,101.4,3.58,20.25
2005-01-22,0.24,24.55,76.44,101.27,3.4,20.01
2005-01-23,0.0,24.9,71.36,101.06,2.85,19.18
2005-01-24,0.0,24.98,75.32,101.04,2.17,20.11
2005-01-25,0.22,25.31,75.41,100.99,2.09,20.51
2005-01-26,1.7,25.16,77.9,100.8,2.2,20.89
2005-01-27,0.63,25.44,78.17,100.69,2.33,21.23
2005-01-28,0.76,25.17,78.53,100.72,2.36,21.1
2005-01-29,0.54,25.26,77.5,100.78,3.79,20.96
2005-01-30,1.25,25.53,75.14,100.87,3.75,20.68
2005-01-31,0.02,25.5,73.75,100.91,3.34,20.31
2005-02-01,6.15,24.87,79.08,100.95,2.73,20.95
2005-02-02,7.59,24.48,72.66,101.05,3.98,18.9
2005-02-03,0.0,24.49,66.94,101.1,3.57,17.48
2005-02-04,0.0,24.36,68.07,101.07,3.02,17.65
2005-02-05,0.0,24.62,69.96,101.02,2.22,18.56
2005-02-06,0.0,25.18,68.41,101.04,2.0,18.73
2005-02-07,0.0,25.78,63.31,101.19,1.76,17.93
2005-02-08,0.0,25.66,67.45,101.24,2.74,18.76
2005-02-09,0.0,25.99,64.34,101.28,2.15,18.12
2005-02-10,0.0,26.46,62.31,101.29,2.75,18.2
2005-02-11,0.0,26.41,67.74,101.28,2.2,19.41
2005-02-12,0.0,26.67,61.6,101.17,1.6,17.94
2005-02-13,0.0,27.64,54.21,100.91,2.29,16.12
2005-02-14,0.0,27.79,58.27,100.7,2.68,17.44
2005-02-15,0.0,27.68,69.61,100.62,3.71,20.74
2005-02-16,0.0,27.62,72.86,100.5,4.41,21.42
2005-02-17,0.02,26.95,75.0,100.58,4.05,21.68
2005-02-18,0.01,27.09,75.37,100.68,4.17,21.78
2005-02-19,0.0,26.54,76.85,100.83,3.21,21.45
2005-02-20,0.0,26.39,73.63,100.88,2.65,20.4
2005-02-21,0.01,25.88,71.69,100.92,2.47,19.48
2005-02-22,0.0,25.91,73.38,101.03,2.5,20.3
2005-02-23,0.0,26.72,70.0,100.99,2.39,20.4
2005-02-24,0.0,27.25,69.64,100.87,1.97,20.78
2005-02-25,0.0,27.66,68.78,100.84,2.21,20.91
2005-02-26,0.0,28.16,66.95,100.89,2.45,20.4
2005-02-27,0.0,27.79,71.99,100.81,2.63,21.42
2005-02-28,0.0,27.44,70.29,100.82,2.24,21.01
2005-03-01,0.0,27.53,65.41,100.91,2.26,19.9
2005-03-02,0.0,27.98,63.06,101.04,2.85,19.54
2005-03-03,0.0,28.11,62.35,101.01,3.18,19.29
2005-03-04,0.0,27.71,66.22,101.07,3.44,19.95
2005-03-05,0.02,27.71,66.94,101.19,2.88,19.92
2005-03-06,0.07,27.12,71.87,101.18,2.91,20.72
2005-03-07,0.0,26.91,75.42,101.13,2.78,21.54
2005-03-08,0.0,27.26,71.2,101.18,2.44,21.03
2005-03-09,0.18,27.42,70.75,101.1,2.3,21.38
2005-03-10,0.11,28.03,69.28,100.88,2.68,21.55
2005-03-11,0.61,28.14,69.86,100.7,3.03,21.83
2005-03-12,0.91,27.57,77.76,100.71,3.4,23.19
2005-03-13,0.58,27.14,75.91,100.85,3.0,22.33
2005-03-14,0.28,27.13,68.77,100.83,2.35,20.58
2005-03-15,0.1,27.75,71.07,100.66,3.07,21.74
2005-03-16,0.0,27.74,73.05,100.73,3.61,22.24
2005-03-17,0.0,27.74,70.2,100.79,3.1,21.56
2005-03-18,0.0,27.98,67.64,100.72,2.46,21.11
2005-03-19,0.0,28.22,66.4,100.66,2.38,20.91
2005-03-20,0.0,28.69,64.43,100.65,3.1,20.59
2005-03-21,0.0,29.25,65.84,100.48,4.83,21.6
2005-03-22,0.0,29.1,71.75,100.38,4.71,22.97
2005-03-23,0.0,28.7,74.04,100.29,5.14,23.28
2005-03-24,1.91,28.34,75.84,100.36,4.95,23.51
2005-03-25,1.78,29.05,72.92,100.46,4.37,23.42
2005-03-26,0.21,29.08,73.57,100.52,3.63,23.48
2005-03-27,0.42,28.7,75.04,100.59,3.39,23.42
2005-03-28,0.0,28.77,74.52,100.54,4.63,23.44
2005-03-29,0.0,28.87,72.1,100.43,4.15,22.92
2005-03-30,0.0,28.95,71.29,100.33,4.05,22.9
2005-03-31,0.09,28.96,73.3,100.32,4.07,23.26
2005-04-01,0.33,29.53,72.07,100.37,3.54,23.6
2005-04-02,0.11,29.46,71.0,100.52,2.38,23.33
2005-04-03,0.0,29.42,64.84,100.66,2.36,21.69
2005-04-04,0.62,29.17,69.07,100.69,2.47,22.64
2005-04-05,0.5,29.23,69.68,100.73,2.79,22.88
2005-04-06,0.01,28.78,70.22,100.63,3.2,22.54
2005-04-07,0.07,28.62,71.92,100.47,2.56,22.82
2005-04-08,0.04,29.22,71.7,100.47,2.53,23.24
2005-04-09,0.5,29.34,75.94,100.44,2.83,24.48
2005-04-10,0.52,29.31,79.35,100.45,3.78,25.23
2005-04-11,0.2,29.35,78.6,100.54,3.73,25.08
2005-04-12,0.05,29.86,73.18,100.63,3.54,24.32
2005-04-13,0.03,30.0,71.77,100.75,3.68,24.0
2005-04-14,0.02,29.94,70.87,100.78,3.83,23.51
2005-04-15,0.01,30.49,69.16,100.72,4.03,23.85
2005-04-16,0.1,31.13,64.08,100.65,4.14,23.04
2005-04-17,1.38,31.09,65.45,100.58,3.51,23.48
2005-04-18,1.33,31.09,66.76,100.57,3.94,23.82
2005-04-19,16.45,29.64,73.47,100.74,2.99,24.32
2005-04-20,5.29,28.92,75.43,100.9,2.16,24.03
2005-04-21,1.15,30.12,67.97,100.68,3.59,22.94
2005-04-22,0.02,30.88,66.24,100.52,4.24,23.33
2005-04-23,0.1,30.81,67.16,100.49,4.25,23.36
2005-04-24,0.09,30.48,71.13,100.51,3.97,24.14
2005-04-25,0.07,30.87,69.29,100.47,3.88,24.22
2005-04-26,0.11,31.17,68.48,100.4,3.54,24.22
2005-04-27,0.16,31.42,67.09,100.32,4.47,24.01
2005-04-28,0.58,31.44,68.18,100.22,4.29,24.46
2005-04-29,2.85,31.54,69.04,100.12,3.95,24.75
2005-04-30,1.4,30.48,69.64,100.2,3.46,24.11
2005-05-01,0.76,29.75,73.65,100.35,3.06,24.41
2005-05-02,0.97,30.02,70.05,100.37,3.15,23.69
2005-05-03,0.68,30.37,69.27,100.29,3.23,23.72
2005-05-04,0.26,30.81,63.45,100.21,3.46,22.64
2005-05-05,0.41,30.68,68.09,100.17,4.28,23.82
2005-05-06,10.15,30.19,73.56,100.11,2.97,24.76
2005-05-07,3.76,30.95,70.96,100.0,3.96,24.75
2005-05-08,2.44,31.66,70.32,99.96,5.0,25.24
2005-05-09,2.58,31.67,71.52,99.94,4.32,25.6
2005-05-10,1.18,32.36,67.49,99.87,4.47,25.15
2005-05-11,0.34,31.8,71.48,99.99,4.81,25.71
2005-05-12,0.02,31.64,73.78,100.07,4.36,26.12
2005-05-13,0.03,32.17,69.94,100.01,4.64,25.57
2005-05-14,0.01,31.83,71.05,100.01,4.84,25.62
2005-05-15,0.02,31.81,71.12,100.0,4.94,25.46
2005-05-16,0.05,31.41,74.92,100.12,4.73,26.05
2005-05-17,0.04,31.37,75.39,100.14,4.57,26.18
2005-05-18,0.07,31.12,75.67,100.13,4.78,26.06
2005-05-19,0.02,31.29,71.23,100.1,5.1,25.1
2005-05-20,0.09,30.99,72.74,100.07,5.04,25.19
2005-05-21,0.04,30.9,73.38,100.07,5.06,25.25
2005-05-22,0.03,31.63,70.01,100.03,5.13,24.96
2005-05-23,0.03,31.62,70.35,100.01,5.21,25.2
2005-05-24,0.06,30.94,74.81,100.06,5.07,25.75
2005-05-25,0.65,31.15,78.02,100.03,5.33,26.65
2005-05-26,0.88,31.63,66.25,100.2,4.98,24.03
2005-05-27,4.21,30.85,72.89,100.14,4.23,25.29
2005-05-28,3.32,30.07,75.61,100.13,3.36,25.17
2005-05-29,5.13,30.56,73.06,100.12,2.86,24.91
2005-05-30,2.89,29.79,76.31,100.1,2.07,25.04
2005-05-31,0.78,30.55,72.29,99.97,4.74,24.82
2005-06-01,10.51,30.95,77.31,99.74,4.72,26.37
2005-06-02,2.33,31.16,77.5,99.73,3.09,26.54
2005-06-03,0.33,31.71,74.23,99.69,3.78,26.25
2005-06-04,0.5,30.84,77.23,99.78,4.8,26.2
2005-06-05,0.61,31.3,73.08,99.77,4.92,25.66
2005-06-06,7.78,29.96,82.7,99.95,3.82,26.64
2005-06-07,1.72,29.29,78.86,99.91,5.04,25.11
2005-06-08,1.65,31.07,76.35,99.66,4.44,26.23
2005-06-09,0.82,30.42,81.12,99.63,4.33,26.75
2005-06-10,2.9,31.17,73.53,99.59,4.5,25.64
2005-06-11,0.9,31.99,70.23,99.6,4.7,25.49
2005-06-12,0.3,32.66,68.31,99.45,4.6,25.54
2005-06-13,0.55,32.0,72.7,99.63,4.77,26.28
2005-06-14,0.72,31.36,70.29,99.82,5.27,25.11
2005-06-15,0.4,31.65,69.48,99.67,3.95,25.15
2005-06-16,0.29,32.21,64.11,99.61,3.09,24.17
2005-06-17,5.21,31.61,71.37,99.57,4.67,25.54
2005-06-18,0.8,32.25,67.36,99.49,5.17,25.04
2005-06-19,0.05,32.32,67.42,99.53,4.8,25.18
2005-06-20,2.93,31.02,73.21,99.7,4.13,25.49
2005-06-21,3.69,29.96,75.38,99.81,4.25,24.99
2005-06-22,2.15,30.25,74.12,99.81,4.05,24.96
2005-06-23,0.91,29.95,77.25,99.76,3.65,25.4
2005-06-24,1.09,30.14,73.58,99.7,3.88,24.69
2005-06-25,13.74,28.49,79.81,99.84,5.75,24.6
2005-06-26,13.3,28.16,79.96,99.91,5.89,24.32
2005-06-27,7.74,29.23,75.86,99.82,6.54,24.27
2005-06-28,7.8,28.83,77.24,99.72,6.85,24.27
2005-06-29,4.67,29.16,72.11,99.83,7.01,23.44
2005-06-30,2.04,30.02,71.97,99.91,6.28,24.11
2005-07-01,2.25,29.85,73.98,100.01,6.37,24.45
2005-07-02,0.65,29.85,75.86,99.97,5.8,24.94
2005-07-03,13.71,30.18,74.21,99.87,5.61,24.93
2005-07-04,11.26,29.45,78.47,99.8,5.31,25.14
2005-07-05,10.53,29.26,78.59,99.78,5.77,24.99
2005-07-06,4.66,28.42,82.06,99.88,3.88,25.0
2005-07-07,5.54,27.68,86.53,99.68,4.41,25.21
2005-07-08,6.2,27.95,84.85,99.55,5.43,25.11
2005-07-09,2.45,27.86,81.42,99.58,6.58,24.32
2005-07-10,0.12,29.1,76.17,99.74,5.48,24.33
2005-07-11,0.19,29.72,74.65,99.98,4.97,24.58
2005-07-12,0.19,29.47,78.85,100.03,4.09,25.31
2005-07-13,1.89,29.4,81.92,100.03,3.36,25.9
2005-07-14,1.51,28.88,84.93,100.21,3.56,26.07
2005-07-15,0.67,28.7,81.17,100.31,2.81,25.08
2005-07-16,4.69,28.16,82.77,100.27,2.38,24.9
2005-07-17,2.38,28.08,83.51,100.11,2.29,24.94
2005-07-18,0.91,28.21,83.01,100.13,1.88,25.01
2005-07-19,0.33,29.0,81.37,100.19,3.14,25.42
2005-07-20,3.84,29.29,82.61,100.06,3.14,25.96
2005-07-21,2.42,29.15,77.34,100.01,4.31,24.69
2005-07-22,5.0,28.5,80.86,99.79,4.23,24.8
2005-07-23,23.48,28.03,83.51,99.53,5.27,24.89
2005-07-24,10.96,27.55,86.89,99.36,7.26,25.17
2005-07-25,8.11,27.69,84.4,99.3,6.39,24.78
2005-07-26,6.67,27.3,84.1,99.16,8.77,24.36
2005-07-27,1.45,28.67,79.05,99.38,7.59,24.58
2005-07-28,3.89,28.59,82.69,99.6,5.38,25.24
2005-07-29,2.65,29.05,79.31,99.58,5.29,24.9
2005-07-30,3.17,28.72,81.76,99.39,5.91,25.2
2005-07-31,11.87,28.19,83.37,99.33,6.5,25.01
2005-08-01,3.06,28.52,83.44,99.48,6.3,25.36
2005-08-02,1.37,28.8,80.55,99.65,6.5,25.02
2005-08-03,6.25,28.41,82.14,99.73,6.7,24.99
2005-08-04,8.51,27.87,85.76,99.81,7.0,25.21
2005-08-05,3.47,29.0,79.56,99.81,6.61,24.96
2005-08-06,0.87,29.09,77.5,99.8,6.0,24.6
2005-08-07,1.14,28.89,79.08,99.76,5.36,24.77
2005-08-08,2.77,28.4,80.53,99.91,5.03,24.62
2005-08-09,2.07,28.01,81.09,100.02,4.47,24.41
2005-08-10,0.87,28.74,79.41,99.9,3.22,24.72
2005-08-11,0.44,29.17,76.13,99.81,2.61,24.4
2005-08-12,8.11,29.52,74.58,99.79,2.49,24.38
2005-08-13,3.9,28.89,77.28,99.77,2.04,24.36
2005-08-14,1.96,28.25,80.62,99.76,3.6,24.48
2005-08-15,5.32,27.7,86.72,99.6,5.36,25.27
2005-08-16,3.48,28.19,80.9,99.74,4.97,24.49
2005-08-17,2.33,28.8,78.59,99.81,4.04,24.59
2005-08-18,2.43,28.85,80.25,99.83,3.56,25.03
2005-08-19,2.4,27.9,85.15,99.86,4.78,25.17
2005-08-20,1.85,28.27,81.03,99.94,5.54,24.61
2005-08-21,3.92,28.78,80.08,99.97,4.96,24.89
2005-08-22,6.31,28.03,86.59,100.15,4.56,25.57
2005-08-23,8.84,27.7,87.22,100.32,4.41,25.38
2005-08-24,2.62,28.37,82.49,100.28,4.24,25.03
2005-08-25,0.1,28.31,81.72,100.23,3.35,24.84
2005-08-26,0.06,28.67,78.25,100.23,1.93,24.43
2005-08-27,2.71,28.35,79.91,100.23,0.96,24.52
2005-08-28,1.05,28.48,80.59,100.22,2.53,24.71
2005-08-29,1.55,28.73,83.33,100.21,3.08,25.56
2005-08-30,1.45,29.37,78.7,100.0,2.05,25.2
2005-08-31,1.49,29.95,73.08,99.85,1.17,24.47
2005-09-01,0.43,29.73,74.72,99.88,0.94,24.72
2005-09-02,2.98,29.11,77.7,100.02,1.33,24.77
2005-09-03,10.35,28.51,86.73,99.97,2.26,26.1
2005-09-04,6.22,28.69,85.5,99.89,2.33,26.02
2005-09-05,4.26,28.67,85.13,99.97,2.23,25.92
2005-09-06,1.31,28.98,81.32,100.02,2.36,25.42
2005-09-07,10.57,28.52,86.05,99.94,3.9,25.95
2005-09-08,18.65,28.85,88.7,99.86,4.1,26.8
2005-09-09,14.64,27.96,90.56,99.83,1.81,26.29
2005-09-10,15.99,27.9,84.51,99.69,3.22,24.98
2005-09-11,17.6,27.89,89.69,99.5,5.89,26.06
2005-09-12,17.99,27.57,87.17,99.54,6.96,25.22
2005-09-13,42.16,27.35,88.79,99.72,6.71,25.35
2005-09-14,41.46,28.14,87.63,100.04,5.48,25.89
2005-09-15,1.95,27.9,87.75,100.26,3.2,25.68
2005-09-16,1.53,28.06,86.1,100.29,4.06,25.51
2005-09-17,1.49,28.26,84.44,100.28,3.7,25.35
2005-09-18,77.97,27.71,85.96,100.08,4.37,25.14
2005-09-19,93.69,27.17,90.13,99.38,8.32,25.42
2005-09-20,93.56,26.83,88.15,99.5,8.84,24.71
2005-09-21,2.79,26.91,87.56,100.1,5.45,24.67
2005-09-22,27.48,27.46,91.87,100.4,4.8,26.04
2005-09-23,11.44,27.23,91.74,100.53,3.84,25.79
2005-09-24,0.53,27.79,88.63,100.43,3.6,25.74
2005-09-25,15.8,28.11,86.91,100.25,3.09,25.72
2005-09-26,2.82,28.27,84.18,100.19,2.06,25.29
2005-09-27,5.27,28.11,82.53,100.25,2.51,24.84
2005-09-28,13.65,27.78,82.48,100.25,1.37,24.5
2005-09-29,6.6,28.06,80.21,100.17,1.93,24.29
2005-09-30,21.1,28.22,78.66,100.23,1.95,24.08
2005-10-01,13.41,27.91,80.09,100.31,2.39,24.1
2005-10-02,1.69,28.63,78.13,100.33,1.99,24.34
2005-10-03,0.54,28.87,76.53,100.25,1.74,24.16
2005-10-04,1.33,28.49,78.08,100.36,1.82,24.17
2005-10-05,1.37,27.89,82.75,100.52,2.02,24.65
2005-10-06,0.61,27.57,83.14,100.56,1.28,24.43
2005-10-07,0.11,27.65,79.78,100.6,1.37,23.83
2005-10-08,0.12,27.84,80.41,100.52,2.05,24.16
2005-10-09,0.61,27.48,86.11,100.53,3.21,24.96
2005-10-10,1.44,27.53,87.19,100.47,4.02,25.21
2005-10-11,3.5,27.14,89.01,100.51,4.3,25.19
2005-10-12,8.01,26.69,89.62,100.47,3.96,24.86
2005-10-13,43.41,26.66,89.83,100.45,5.03,24.85
2005-10-14,72.97,26.54,90.4,100.41,5.14,24.85
2005-10-15,108.19,26.84,90.17,100.51,3.06,25.11
2005-10-16,19.24,26.96,90.18,100.6,2.83,25.23
2005-10-17,2.77,26.93,89.17,100.66,1.59,25.0
2005-10-18,4.97,26.21,89.2,100.58,2.15,24.3
2005-10-19,8.45,26.21,92.35,100.33,3.39,24.89
2005-10-20,6.45,26.14,91.49,100.21,0.93,24.66
2005-10-21,11.89,26.8,89.6,100.31,2.91,24.95
2005-10-22,37.9,26.61,90.22,100.47,2.72,24.88
2005-10-23,14.98,26.31,89.23,100.56,2.4,24.41
2005-10-24,6.96,26.18,90.62,100.64,2.96,24.54
2005-10-25,2.59,26.68,89.67,100.55,3.98,24.86
2005-10-26,4.05,27.13,89.26,100.42,5.5,25.22
2005-10-27,21.09,26.89,92.28,100.28,6.65,25.54
2005-10-28,30.05,27.02,90.47,100.41,4.98,25.34
2005-10-29,13.91,26.93,90.03,100.44,2.88,25.17
2005-10-30,20.1,26.83,89.41,100.43,2.1,24.96
2005-10-31,9.01,26.82,89.0,100.43,1.6,24.87
2005-11-01,19.09,27.18,87.07,100.46,2.69,24.84
2005-11-02,22.13,26.65,84.02,100.6,2.38,23.72
2005-11-03,4.76,26.29,88.54,100.68,3.54,24.27
2005-11-04,0.01,26.29,84.56,100.79,4.14,23.49
2005-11-05,0.05,26.28,82.51,100.84,4.63,23.06
2005-11-06,0.0,25.89,79.61,100.84,4.37,22.09
2005-11-07,0.01,24.99,76.49,100.76,4.0,20.53
2005-11-08,0.01,24.41,79.14,100.75,4.1,20.54
2005-11-09,0.16,24.49,80.17,100.78,4.16,20.81
2005-11-10,0.05,24.2,77.53,100.81,3.96,19.97
2005-11-11,0.0,23.33,73.71,100.82,3.88,18.28
2005-11-12,0.0,23.38,73.22,100.9,3.09,18.27
2005-11-13,0.0,23.83,69.63,100.91,2.67,17.86
2005-11-14,0.0,24.17,60.41,100.9,2.35,15.87
2005-11-15,0.0,24.22,60.81,100.8,2.23,16.1
2005-11-16,0.0,23.96,62.42,100.79,2.46,16.21
2005-11-17,0.0,23.77,68.62,100.88,2.51,17.56
2005-11-18,0.0,23.58,66.86,100.94,2.57,16.93
2005-11-19,0.0,23.07,72.18,101.01,3.48,17.74
2005-11-20,0.0,23.07,77.35,100.99,4.15,18.83
2005-11-21,0.16,23.68,80.83,100.99,4.75,20.13
2005-11-22,0.09,23.73,81.02,101.02,4.02,20.2
2005-11-23,0.21,23.84,78.51,101.03,4.05,19.83
2005-11-24,0.0,23.97,78.22,101.0,3.79,19.91
2005-11-25,0.0,24.14,78.51,101.01,3.72,20.14
2005-11-26,0.0,23.89,76.13,100.98,3.19,19.38
2005-11-27,0.01,23.5,79.12,101.0,3.52,19.64
2005-11-28,0.0,22.96,78.86,101.0,4.44,19.04
2005-11-29,0.0,23.05,78.93,100.89,5.18,19.14
2005-11-30,0.0,23.27,80.64,100.57,4.98,19.72
2005-12-01,0.0,23.76,79.26,100.59,4.86,19.92
2005-12-02,0.04,23.47,80.01,100.84,4.88,19.76
2005-12-03,0.0,24.05,81.93,100.87,4.32,20.71
2005-12-04,0.0,24.25,78.79,100.74,3.61,20.28
2005-12-05,0.0,24.1,76.95,100.75,3.31,19.76
2005-12-06,0.0,22.94,74.08,100.88,4.47,17.95
2005-12-07,0.0,21.63,70.51,100.88,4.7,15.91
2005-12-08,0.0,21.84,72.87,100.8,4.4,16.6
2005-12-09,0.0,22.48,74.86,100.76,4.33,17.65
2005-12-10,0.0,22.7,77.58,100.86,4.63,18.51
2005-12-11,0.0,22.73,76.16,100.96,4.38,18.2
2005-12-12,0.0,22.17,77.04,101.0,4.41,17.79
2005-12-13,0.0,22.32,75.08,101.0,3.65,17.52
2005-12-14,0.0,21.39,69.53,100.92,3.72,15.43
2005-12-15,0.0,21.31,72.66,101.03,3.92,16.11
2005-12-16,0.01,21.06,76.37,101.08,4.46,16.6
2005-12-17,0.81,22.17,84.72,101.0,4.99,19.37
2005-12-18,4.16,23.2,85.04,100.83,5.55,20.48
2005-12-19,3.03,23.6,87.61,100.67,5.6,21.4
2005-12-20,1.49,24.0,90.04,100.7,5.72,22.28
2005-12-21,2.32,23.65,90.41,100.81,5.52,21.99
2005-12-22,0.25,23.72,86.38,100.74,5.3,21.28
2005-12-23,0.04,23.26,84.23,100.68,4.14,20.39
2005-12-24,0.0,22.96,79.59,100.84,3.17,19.18
2005-12-25,0.0,22.8,75.49,101.0,2.42,18.15
2005-12-26,0.0,22.15,64.19,101.17,2.7,14.71
2005-12-27,0.0,21.27,68.87,101.28,2.91,15.25
2005-12-28,0.0,20.84,74.18,101.26,3.0,15.97
2005-12-29,0.0,21.32,71.59,101.21,2.56,15.83
2005-12-30,0.0,21.62,72.91,101.28,2.8,16.46
2005-12-31,0.0,21.72,76.96,101.29,3.48,17.41
2006-01-01,0.0,21.55,73.0,101.28,3.41,16.39
2006-01-02,0.0,21.16,74.82,101.14,3.49,16.42
2006-01-03,0.0,21.15,71.27,101.02,3.09,15.51
2006-01-04,0.0,21.35,69.43,100.96,3.85,15.36
2006-01-05,0.0,21.58,75.24,100.95,3.65,16.89
2006-01-06,0.0,21.43,77.92,100.99,3.43,17.32
2006-01-07,0.01,21.68,79.88,101.02,3.28,17.98
2006-01-08,0.02,22.79,74.03,101.0,3.58,17.78
2006-01-09,0.0,23.09,75.98,100.97,3.55,18.58
2006-01-10,0.0,22.93,80.16,100.99,3.86,19.24
2006-01-11,0.0,22.39,78.51,100.96,2.98,18.34
2006-01-12,0.0,22.59,79.97,100.96,2.96,18.85
2006-01-13,0.0,22.85,80.87,100.92,2.27,19.29
2006-01-14,0.0,23.07,77.02,100.93,1.5,18.65
2006-01-15,0.0,23.17,72.88,100.97,2.03,17.97
2006-01-16,0.0,23.41,72.77,100.98,1.5,18.06
2006-01-17,0.0,24.08,70.23,100.97,1.56,18.15
2006-01-18,0.0,24.55,70.24,100.93,1.59,18.39
2006-01-19,0.0,24.8,68.22,100.9,1.48,18.09
2006-01-20,0.0,24.75,65.38,100.96,1.57,17.36
2006-01-21,0.0,24.91,61.94,101.03,1.45,16.84
2006-01-22,0.0,25.33,62.46,100.93,1.52,17.48
2006-01-23,0.0,25.23,70.42,100.85,1.56,19.35
2006-01-24,0.0,25.39,71.3,100.98,1.95,19.66
2006-01-25,0.06,23.81,69.98,101.22,4.85,17.79
2006-01-26,0.0,23.34,70.9,101.38,4.11,17.54
2006-01-27,0.0,22.62,55.49,101.31,3.41,12.42
2006-01-28,0.0,22.43,59.44,101.14,2.9,13.73
2006-01-29,0.0,22.83,63.37,101.12,2.31,15.19
2006-01-30,0.0,23.83,65.77,101.18,1.89,16.87
2006-01-31,0.0,24.05,70.81,101.29,2.26,18.25
2006-02-01,0.0,24.01,71.36,101.28,2.07,18.3
2006-02-02,0.0,24.39,66.7,101.24,1.46,17.63
2006-02-03,0.0,24.45,66.37,101.28,1.78,17.4
2006-02-04,0.0,24.69,64.57,101.31,1.62,17.0
2006-02-05,0.0,24.89,59.01,101.18,1.7,15.76
2006-02-06,0.0,24.29,66.04,101.11,1.8,17.22
2006-02-07,0.0,24.13,68.37,101.08,1.61,17.7
2006-02-08,0.03,24.14,69.56,101.23,2.27,18.05
2006-02-09,0.2,24.05,71.8,101.3,2.42,18.27
2006-02-10,0.09,24.93,67.88,101.21,2.31,18.07
2006-02-11,0.0,25.3,59.1,101.06,1.52,15.87
2006-02-12,0.0,25.35,59.07,101.07,1.75,16.48
2006-02-13,0.0,24.94,64.93,101.0,1.8,17.58
2006-02-14,0.0,25.7,65.17,100.8,2.38,18.04
2006-02-15,0.0,26.25,66.93,100.69,3.26,18.89
2006-02-16,0.0,25.95,69.43,100.68,3.5,19.18
2006-02-17,0.0,26.41,71.6,100.76,3.42,20.02
2006-02-18,0.0,26.35,71.6,100.82,2.29,20.26
2006-02-19,0.0,26.42,72.43,100.72,2.34,20.53
2006-02-20,0.0,26.76,71.14,100.74,2.44,20.34
2006-02-21,0.0,26.91,65.47,100.7,2.09,19.22
2006-02-22,0.0,26.67,67.67,100.68,2.34,19.24
2006-02-23,0.0,27.09,56.93,100.64,2.2,16.64
2006-02-24,0.0,27.31,54.89,100.58,2.28,16.46
2006-02-25,0.0,27.66,51.06,100.6,2.71,15.45
2006-02-26,0.0,27.55,52.83,100.58,2.87,15.65
2006-02-27,0.0,27.39,54.95,100.56,3.45,16.03
2006-02-28,0.0,26.96,68.04,100.58,3.35,19.5
2006-03-01,0.6,26.86,78.79,100.6,3.09,22.51
2006-03-02,0.0,26.54,73.23,100.71,2.51,20.68
2006-03-03,0.07,26.9,77.38,100.83,2.3,22.36
2006-03-04,0.01,27.26,74.59,100.78,2.97,22.16
2006-03-05,0.02,27.73,69.11,100.78,3.06,21.24
2006-03-06,0.0,27.68,67.49,100.82,2.46,20.86
2006-03-07,0.0,27.79,68.87,100.81,2.53,21.26
2006-03-08,0.04,27.83,70.16,100.88,2.18,21.56
2006-03-09,0.06,27.42,72.42,100.97,1.59,21.71
2006-03-10,0.41,27.29,71.3,100.78,1.76,21.22
2006-03-11,6.32,26.91,69.46,100.71,1.91,20.44
2006-03-12,2.88,27.65,63.32,100.58,2.39,19.74
2006-03-13,0.11,27.59,70.03,100.62,2.64,21.39
2006-03-14,0.0,27.64,70.48,100.75,2.58,21.56
2006-03-15,0.3,27.49,73.87,100.75,3.18,22.21
2006-03-16,4.26,27.47,74.21,100.62,2.94,22.26
2006-03-17,1.07,27.84,68.72,100.58,1.98,21.29
2006-03-18,0.19,28.18,68.33,100.68,2.61,21.41
2006-03-19,0.03,27.71,69.08,100.73,2.82,21.03
2006-03-20,0.0,28.2,63.05,100.68,2.24,19.69
2006-03-21,0.0,28.47,66.03,100.47,3.06,20.53
2006-03-22,0.16,29.05,66.71,100.31,4.23,21.55
2006-03-23,0.03,29.73,64.25,100.23,3.04,21.23
2006-03-24,0.04,29.11,69.74,100.36,2.22,22.37
2006-03-25,0.0,29.1,70.07,100.44,2.84,21.99
2006-03-26,0.02,29.45,67.53,100.47,3.84,21.97
2006-03-27,0.02,30.35,59.62,100.31,4.06,20.61
2006-03-28,0.13,29.63,66.94,100.43,3.11,22.25
2006-03-29,0.04,28.89,67.4,100.64,2.49,21.58
2006-03-30,0.07,29.63,62.63,100.7,2.86,21.13
2006-03-31,0.03,29.36,68.24,100.61,3.69,22.27
2006-04-01,0.02,29.09,72.03,100.5,4.0,23.03
2006-04-02,0.03,29.08,72.35,100.5,4.53,23.27
2006-04-03,0.05,29.7,67.99,100.41,5.01,22.63
2006-04-04,0.01,30.02,68.32,100.32,5.33,23.12
2006-04-05,0.04,30.26,68.9,100.3,5.09,23.43
2006-04-06,0.04,29.82,71.4,100.34,4.11,23.68
2006-04-07,0.14,29.68,74.96,100.32,3.99,24.33
2006-04-08,0.26,29.52,76.42,100.25,4.25,24.61
2006-04-09,0.07,29.75,74.16,100.29,4.52,24.37
2006-04-10,0.01,29.79,70.8,100.39,5.01,23.59
2006-04-11,0.01,30.41,66.35,100.27,5.34,23.0
2006-04-12,0.12,30.36,69.75,100.13,4.68,23.81
2006-04-13,0.09,30.47,69.18,100.17,4.35,23.74
2006-04-14,0.19,29.63,75.54,100.4,3.56,24.48
2006-04-15,2.06,29.33,75.1,100.45,3.74,24.18
2006-04-16,16.35,28.33,83.58,100.4,3.55,25.26
2006-04-17,25.65,26.05,83.86,100.55,2.62,23.11
2006-04-18,1.15,28.19,71.41,100.47,2.36,22.31
2006-04-19,2.48,29.52,69.35,100.59,2.69,22.92
2006-04-20,0.65,29.32,68.77,100.68,2.12,22.58
2006-04-21,0.07,28.99,65.74,100.6,2.0,21.33
2006-04-22,0.0,29.94,60.65,100.39,3.55,20.54
2006-04-23,0.0,30.56,64.74,100.31,3.89,22.47
2006-04-24,0.05,31.29,64.76,100.21,3.75,23.09
2006-04-25,0.11,31.78,64.12,100.14,3.63,23.38
2006-04-26,0.41,32.07,66.05,100.06,3.33,24.18
2006-04-27,0.61,31.35,71.55,100.07,2.91,25.21
2006-04-28,0.74,30.91,69.12,100.02,2.34,24.31
2006-04-29,1.41,30.61,71.8,99.98,2.22,24.65
2006-04-30,0.77,31.42,69.82,99.95,2.87,24.76
2006-05-01,0.65,31.3,74.38,100.11,2.2,25.83
2006-05-02,0.33,30.7,71.51,100.31,2.45,24.74
2006-05-03,0.37,29.78,73.81,100.42,2.22,24.39
2006-05-04,0.14,30.07,73.88,100.45,2.86,24.7
2006-05-05,1.17,29.96,75.0,100.53,3.67,24.75
2006-05-06,0.24,30.35,75.95,100.38,4.85,25.45
2006-05-07,0.16,30.61,74.78,100.17,5.17,25.41
2006-05-08,0.21,30.45,75.3,100.21,5.26,25.48
2006-05-09,0.12,30.46,73.64,100.22,5.44,24.98
2006-05-10,0.33,31.44,68.79,100.01,5.29,24.56
2006-05-11,0.63,31.41,72.29,100.1,4.98,25.55
2006-05-12,0.55,30.7,78.19,100.2,4.51,26.33
2006-05-13,16.27,30.01,84.95,100.25,4.47,27.13
2006-05-14,9.48,29.74,81.79,100.23,4.17,26.23
2006-05-15,2.23,30.89,73.82,100.06,4.34,25.37
2006-05-16,6.12,30.14,80.73,100.12,3.89,26.37
2006-05-17,3.72,29.24,72.48,100.29,3.04,23.61
2006-05-18,3.04,28.77,76.05,100.21,2.95,24.04
2006-05-19,3.52,29.6,70.15,100.06,2.25,23.33
2006-05-20,4.62,30.02,73.69,99.97,3.21,24.71
2006-05-21,1.73,31.96,63.46,99.82,2.97,23.57
2006-05-22,1.18,32.02,68.95,99.82,2.61,25.01
2006-05-23,1.03,31.88,69.08,99.73,2.2,25.02
2006-05-24,12.96,30.51,72.45,99.72,3.25,24.9
2006-05-25,5.34,29.34,78.06,99.72,2.94,25.08
2006-05-26,1.13,29.28,75.98,99.87,3.1,24.47
2006-05-27,0.97,29.22,78.5,99.86,2.05,25.01
2006-05-28,1.56,29.41,80.39,99.88,4.18,25.63
2006-05-29,1.01,30.06,78.61,99.64,4.75,25.83
2006-05-30,2.3,29.59,80.4,99.68,4.46,25.85
2006-05-31,4.85,29.75,80.22,99.86,4.39,25.93
2006-06-01,3.21,30.01,78.43,99.97,4.26,25.73
2006-06-02,0.55,30.84,71.78,99.9,4.8,24.82
2006-06-03,0.93,30.63,71.58,99.83,4.56,24.72
2006-06-04,3.91,29.68,74.85,99.88,5.37,24.61
2006-06-05,7.36,28.83,81.46,99.87,5.53,25.29
2006-06-06,1.46,29.6,75.81,99.86,4.72,24.71
2006-06-07,0.38,29.09,79.13,99.96,3.87,25.07
2006-06-08,0.11,30.64,72.54,99.87,4.49,24.81
2006-06-09,0.79,30.07,78.29,99.91,3.33,25.77
2006-06-10,0.77,29.36,76.94,100.08,3.87,24.76
2006-06-11,0.09,29.9,76.27,100.08,4.21,25.12
2006-06-12,2.28,30.35,78.14,99.96,4.29,25.95
2006-06-13,1.98,30.13,80.33,99.96,2.85,26.22
2006-06-14,0.56,30.82,73.54,100.01,3.45,25.25
2006-06-15,0.3,29.72,75.42,100.09,4.16,24.85
2006-06-16,0.34,30.17,76.33,100.09,3.23,25.4
2006-06-17,0.29,30.78,74.12,100.07,2.44,25.39
2006-06-18,7.16,31.03,73.06,99.96,2.5,25.44
2006-06-19,3.32,30.34,77.8,99.89,2.84,25.89
2006-06-20,3.32,29.45,78.29,99.86,2.45,25.18
2006-06-21,21.84,28.85,78.85,99.76,2.27,24.76
2006-06-22,6.16,29.14,77.97,99.58,2.01,24.79
2006-06-23,19.17,28.45,83.41,99.72,2.68,25.37
2006-06-24,9.12,28.67,83.72,99.88,2.34,25.63
2006-06-25,4.16,28.55,82.94,99.96,2.02,25.33
2006-06-26,1.54,28.44,84.61,99.91,2.47,25.56
2006-06-27,2.48,28.16,88.24,99.76,4.06,26.04
2006-06-28,22.14,28.5,86.29,99.67,4.54,25.98
2006-06-29,12.0,28.03,86.07,99.67,6.32,25.46
2006-06-30,6.69,28.41,80.87,99.72,5.41,24.76
2006-07-01,9.31,28.62,82.64,99.67,5.36,25.32
2006-07-02,30.33,28.0,87.27,99.38,6.51,25.67
2006-07-03,16.84,28.04,85.8,99.18,8.03,25.43
2006-07-04,8.41,28.72,83.79,99.39,7.47,25.64
2006-07-05,0.66,28.75,84.81,99.79,6.0,25.9
2006-07-06,0.0,29.49,78.97,99.96,4.17,25.31
2006-07-07,0.08,29.51,77.66,99.83,3.61,25.12
2006-07-08,0.1,29.41,78.78,99.74,2.8,25.29
2006-07-09,0.1,29.37,78.88,99.74,3.03,25.3
2006-07-10,0.36,28.79,80.72,99.87,3.62,25.13
2006-07-11,0.73,28.92,80.13,99.78,3.65,25.09
2006-07-12,0.84,28.55,81.83,99.72,3.62,25.12
2006-07-13,2.15,28.57,83.52,99.66,3.41,25.45
2006-07-14,3.6,28.32,83.87,99.66,3.97,25.3
2006-07-15,1.39,28.39,83.42,99.61,4.0,25.25
2006-07-16,0.25,29.49,75.93,99.47,3.53,24.69
2006-07-17,0.53,29.64,76.96,99.38,3.41,25.11
2006-07-18,1.74,29.3,78.29,99.58,3.4,25.07
2006-07-19,1.64,29.37,80.12,99.8,2.95,25.51
2006-07-20,5.32,29.08,82.11,99.87,3.85,25.65
2006-07-21,17.06,28.07,85.98,99.85,4.69,25.49
2006-07-22,14.18,28.08,86.26,100.05,4.54,25.54
2006-07-23,1.86,28.49,81.87,100.14,3.6,25.03
2006-07-24,1.4,28.74,80.52,100.14,3.53,24.98
2006-07-25,4.78,28.73,81.92,99.95,3.28,25.3
2006-07-26,10.64,27.96,87.27,99.99,5.21,25.64
2006-07-27,9.0,27.48,85.11,99.87,6.62,24.72
2006-07-28,5.36,27.79,83.21,99.69,6.04,24.61
2006-07-29,3.29,27.26,83.43,99.67,6.65,24.18
2006-07-30,0.59,28.38,79.42,99.84,5.93,24.38
2006-07-31,2.1,28.42,81.18,99.92,4.24,24.82
2006-08-01,20.77,27.73,85.82,99.81,4.83,25.11
2006-08-02,67.97,26.86,89.47,99.55,6.51,24.99
2006-08-03,105.74,26.35,89.07,99.07,10.28,24.42
2006-08-04,47.63,25.93,88.77,99.37,9.9,23.95
2006-08-05,1.73,26.69,86.54,100.02,6.16,24.24
2006-08-06,9.99,27.09,90.82,100.28,4.52,25.48
2006-08-07,6.29,27.22,87.59,100.27,4.85,24.95
2006-08-08,0.91,27.59,87.91,100.13,4.84,25.39
2006-08-09,0.97,27.67,88.27,99.93,5.05,25.54
2006-08-10,3.54,27.27,89.68,99.72,5.6,25.43
2006-08-11,6.4,27.15,90.77,99.73,5.81,25.53
2006-08-12,3.49,27.63,89.99,99.62,5.55,25.84
2006-08-13,2.85,27.88,89.71,99.6,5.45,26.03
2006-08-14,2.98,28.31,88.28,99.6,4.57,26.15
2006-08-15,1.61,28.1,88.03,99.44,4.95,25.91
2006-08-16,4.64,27.29,90.44,99.29,5.63,25.59
2006-08-17,2.95,27.79,88.97,99.38,5.81,25.79
2006-08-18,0.79,27.8,90.29,99.83,4.76,26.06
2006-08-19,4.42,27.96,89.91,100.12,2.91,26.15
2006-08-20,10.39,27.8,91.06,100.16,3.67,26.22
2006-08-21,3.91,27.43,90.63,100.06,4.54,25.77
2006-08-22,8.38,27.12,90.71,99.97,4.68,25.49
2006-08-23,3.76,27.33,90.52,100.0,5.36,25.65
2006-08-24,1.3,27.34,89.77,100.14,4.52,25.51
2006-08-25,1.68,27.67,88.86,100.2,4.55,25.64
2006-08-26,2.47,27.4,90.52,100.09,4.41,25.71
2006-08-27,6.06,26.72,89.81,99.97,4.29,24.92
2006-08-28,3.89,26.92,88.68,99.82,4.6,24.88
2006-08-29,2.63,27.09,87.99,99.74,4.52,24.92
2006-08-30,0.23,27.26,84.87,99.88,4.75,24.45
2006-08-31,1.37,26.93,89.16,100.1,3.14,24.96
2006-09-01,1.1,27.35,89.04,100.17,2.57,25.37
2006-09-02,0.89,27.87,85.97,100.27,2.55,25.27
2006-09-03,1.26,27.68,88.55,100.15,3.06,25.61
2006-09-04,11.8,27.57,90.03,99.92,4.01,25.79
2006-09-05,5.83,27.49,89.18,100.0,3.94,25.55
2006-09-06,1.48,27.8,86.0,100.17,3.32,25.24
2006-09-07,0.38,27.9,81.11,100.3,1.84,24.32
2006-09-08,0.11,27.67,82.65,100.34,1.94,24.42
2006-09-09,0.2,27.93,85.38,100.4,2.0,25.22
2006-09-10,0.22,27.95,83.65,100.37,2.33,24.91
2006-09-11,0.35,27.84,85.04,100.2,2.33,25.08
2006-09-12,0.49,28.2,82.89,100.16,1.97,25.01
2006-09-13,0.86,28.26,81.91,100.29,1.44,24.85
2006-09-14,2.03,27.72,87.42,100.18,1.7,25.44
2006-09-15,33.14,27.73,87.35,100.06,2.12,25.41
2006-09-16,31.75,27.55,85.88,100.04,3.36,24.95
2006-09-17,27.51,27.68,87.6,99.97,4.88,25.43
2006-09-18,16.09,27.68,84.64,99.87,3.54,24.85
2006-09-19,15.9,27.69,86.77,99.7,3.27,25.27
2006-09-20,13.67,27.89,86.28,99.88,4.51,25.36
2006-09-21,6.77,27.86,86.82,99.97,5.98,25.45
2006-09-22,4.77,27.73,86.95,99.99,5.85,25.36
2006-09-23,2.51,27.71,88.1,100.15,4.39,25.56
2006-09-24,25.29,27.69,88.19,100.22,3.96,25.55
2006-09-25,24.9,28.08,83.65,100.3,2.62,24.97
2006-09-26,0.36,27.98,77.58,100.18,1.99,23.58
2006-09-27,0.0,28.46,77.66,100.01,1.79,24.12
2006-09-28,36.72,27.63,82.48,100.07,2.64,24.37
2006-09-29,39.76,26.99,86.59,99.91,2.78,24.56
2006-09-30,2.43,27.64,87.04,99.95,4.73,25.28
2006-10-01,0.32,27.53,83.55,100.27,2.44,24.49
2006-10-02,0.21,27.42,80.83,100.28,1.02,23.82
2006-10-03,0.16,27.75,83.22,100.33,1.79,24.64
2006-10-04,0.46,28.21,86.27,100.32,3.25,25.68
2006-10-05,0.89,29.05,83.41,100.19,2.59,25.91
2006-10-06,0.19,29.56,76.43,100.22,1.59,24.76
2006-10-07,0.01,29.45,73.34,100.25,1.75,24.02
2006-10-08,0.02,29.35,71.03,100.44,1.62,23.37
2006-10-09,0.03,29.09,68.85,100.55,1.52,22.52
2006-10-10,0.01,29.18,68.26,100.66,1.73,22.57
2006-10-11,0.0,29.0,70.56,100.73,2.05,22.97
2006-10-12,0.0,29.08,67.85,100.74,1.82,22.39
2006-10-13,0.09,28.0,73.92,100.88,1.44,22.86
2006-10-14,0.14,27.77,78.65,100.9,1.44,23.7
2006-10-15,0.06,27.94,78.02,100.82,1.6,23.73
2006-10-16,0.03,28.04,78.33,100.84,1.66,23.91
2006-10-17,0.23,27.72,80.47,100.89,1.81,24.06
2006-10-18,0.84,27.87,76.18,100.89,1.26,23.27
2006-10-19,0.33,27.47,77.54,100.82,2.07,23.16
2006-10-20,0.25,27.14,79.61,100.93,3.16,23.28
2006-10-21,0.24,27.01,80.67,100.99,2.77,23.37
2006-10-22,0.16,26.82,81.96,100.96,3.29,23.46
2006-10-23,0.34,26.7,80.13,100.95,3.58,22.96
2006-10-24,0.03,26.63,79.4,100.97,3.84,22.75
2006-10-25,0.18,26.43,79.74,101.04,4.53,22.63
2006-10-26,5.97,26.22,81.54,101.01,4.38,22.77
2006-10-27,9.09,25.86,86.9,101.01,3.17,23.52
2006-10-28,23.02,25.97,82.36,100.9,4.67,22.74
2006-10-29,69.86,25.79,86.44,100.79,4.81,23.35
2006-10-30,52.33,25.49,90.01,100.83,4.58,23.75
2006-10-31,15.86,25.81,88.43,100.88,4.52,23.76
2006-11-01,10.56,25.92,87.87,100.84,4.41,23.77
2006-11-02,2.01,26.19,87.57,100.78,4.02,23.97
2006-11-03,8.11,26.32,88.22,100.82,3.78,24.22
2006-11-04,3.69,26.34,83.97,100.88,2.76,23.41
2006-11-05,0.44,26.15,81.42,100.91,2.11,22.66
2006-11-06,0.11,26.32,83.69,100.86,2.51,23.33
2006-11-07,3.49,25.52,86.53,100.84,2.68,23.13
2006-11-08,26.11,25.35,84.76,100.95,3.15,22.59
2006-11-09,50.63,25.03,87.67,101.06,3.44,22.86
2006-11-10,3.03,24.91,85.77,101.13,3.83,22.37
2006-11-11,0.1,25.26,85.48,101.07,4.18,22.63
2006-11-12,0.18,25.32,85.18,100.98,4.8,22.63
2006-11-13,0.82,24.64,82.72,100.94,4.72,21.46
2006-11-14,0.99,24.47,82.41,100.99,4.56,21.23
2006-11-15,0.49,25.22,85.32,100.99,4.31,22.58
2006-11-16,0.3,25.31,84.04,100.93,3.86,22.41
2006-11-17,0.14,24.98,82.95,100.83,3.73,21.86
2006-11-18,0.0,24.88,81.97,100.87,3.84,21.58
2006-11-19,0.0,24.96,80.77,100.88,2.94,21.39
2006-11-20,0.0,24.57,65.16,100.88,2.3,17.43
2006-11-21,0.0,24.09,60.16,100.85,1.92,15.84
2006-11-22,0.0,24.44,59.5,100.83,1.34,15.99
2006-11-23,0.0,24.18,67.46,100.81,1.15,17.71
2006-11-24,0.0,24.15,79.46,100.88,1.48,20.37
2006-11-25,0.16,24.63,82.09,100.88,1.95,21.37
2006-11-26,0.0,25.02,79.46,100.8,1.66,21.22
2006-11-27,0.0,25.45,75.64,100.8,1.22,20.82
2006-11-28,0.0,25.2,76.53,100.89,1.34,20.76
2006-11-29,0.0,25.06,79.82,101.02,1.9,21.32
2006-11-30,0.0,24.68,81.26,101.04,2.01,21.19
2006-12-01,0.0,25.05,77.89,101.06,1.11,20.91
2006-12-02,0.62,24.76,84.19,101.02,2.44,21.91
2006-12-03,0.0,24.12,82.88,101.14,3.3,21.01
2006-12-04,0.0,23.97,78.1,101.22,2.42,19.84
2006-12-05,0.0,23.54,73.06,101.22,2.1,18.36
2006-12-06,0.0,23.34,76.36,101.13,2.36,18.89
2006-12-07,0.0,23.42,80.09,101.06,3.21,19.74
2006-12-08,0.0,23.51,75.79,101.15,2.97,18.9
2006-12-09,0.0,23.63,73.79,101.19,2.92,18.6
2006-12-10,0.0,23.72,74.46,101.18,2.86,18.85
2006-12-11,0.01,24.22,77.55,101.06,1.99,20.01
2006-12-12,0.0,24.81,75.78,101.04,1.39,20.18
2006-12-13,0.0,24.36,74.07,101.15,2.15,19.37
2006-12-14,0.0,23.56,77.05,101.22,2.79,19.19
2006-12-15,0.0,22.78,65.29,101.13,2.75,15.68
2006-12-16,0.0,22.49,68.08,101.22,3.07,16.21
2006-12-17,0.0,22.5,66.98,101.17,2.95,15.93
2006-12-18,0.0,22.41,69.86,101.09,2.51,16.57
2006-12-19,0.0,22.57,75.82,101.16,3.5,17.99
2006-12-20,0.21,23.31,77.95,101.23,4.09,19.23
2006-12-21,0.32,23.45,84.37,101.17,3.93,20.63
2006-12-22,0.0,23.13,81.89,101.07,3.59,19.81
2006-12-23,0.0,22.86,78.85,101.11,3.46,18.97
2006-12-24,0.0,22.78,77.62,101.09,3.78,18.61
2006-12-25,0.28,22.6,74.95,101.07,3.32,17.88
2006-12-26,0.0,22.54,74.49,101.03,1.59,17.73
2006-12-27,0.0,23.18,69.31,101.04,1.1,17.14
2006-12-28,0.0,23.29,74.66,101.1,1.51,18.43
2006-12-29,0.0,23.27,74.37,101.22,1.04,18.37
2006-12-30,0.0,23.1,74.99,101.21,1.71,18.36
2006-12-31,0.0,23.48,74.35,101.21,1.21,18.62
2007-01-01,0.0,22.91,75.8,101.19,1.36,18.39
2007-01-02,0.0,23.66,70.72,101.19,1.38,17.84
2007-01-03,0.0,22.86,73.76,101.15,2.02,17.83
2007-01-04,0.0,22.68,63.07,101.09,1.77,15.04
2007-01-05,0.0,22.41,67.65,101.1,2.05,16.01
2007-01-06,0.0,22.28,76.85,101.17,3.27,17.93
2007-01-07,0.0,22.0,71.42,101.21,3.57,16.45
2007-01-08,0.0,22.28,73.54,101.23,3.61,17.17
2007-01-09,0.0,22.55,75.34,101.32,3.42,17.85
2007-01-10,0.0,22.77,72.87,101.31,2.77,17.58
2007-01-11,0.0,23.1,71.75,101.18,1.96,17.68
2007-01-12,0.0,23.2,74.96,101.21,2.29,18.46
2007-01-13,0.0,23.08,76.78,101.18,2.25,18.67
2007-01-14,0.0,23.2,73.69,101.11,1.11,18.04
2007-01-15,0.0,23.33,72.03,101.05,1.45,17.88
2007-01-16,0.0,23.58,75.21,101.03,2.13,18.8
2007-01-17,0.0,23.58,78.45,101.13,1.77,19.48
2007-01-18,0.44,23.82,80.65,101.23,2.11,20.2
2007-01-19,0.69,23.7,79.46,101.2,2.56,19.75
2007-01-20,0.0,24.24,72.63,101.12,1.27,18.79
2007-01-21,0.0,24.14,73.24,101.13,1.58,18.78
2007-01-22,0.0,24.44,69.32,101.14,1.85,18.02
2007-01-23,0.0,24.96,74.87,101.27,1.88,20.1
2007-01-24,0.01,24.44,79.13,101.29,3.11,20.46
2007-01-25,0.0,24.12,74.66,101.21,3.09,19.15
2007-01-26,0.0,24.14,67.86,101.17,1.86,17.66
2007-01-27,0.0,24.3,66.49,101.25,1.55,17.52
2007-01-28,0.0,24.13,66.97,101.3,2.12,17.25
2007-01-29,0.0,24.36,70.43,101.23,1.63,18.23
2007-01-30,0.0,24.73,66.86,101.24,1.53,17.73
2007-01-31,0.0,24.7,64.13,101.27,1.85,17.04
2007-02-01,0.0,24.91,66.06,101.19,1.91,17.69
2007-02-02,0.0,24.55,70.21,101.22,1.54,18.5
2007-02-03,0.06,24.44,72.23,101.23,1.97,18.73
2007-02-04,0.35,24.59,75.01,101.04,3.21,19.57
2007-02-05,0.0,25.19,70.74,100.9,3.84,19.2
2007-02-06,0.0,25.51,72.47,100.85,3.63,19.81
2007-02-07,0.0,25.33,77.01,100.91,2.82,20.82
2007-02-08,0.0,25.39,75.21,101.05,2.99,20.46
2007-02-09,0.0,25.06,72.64,101.12,2.36,19.54
2007-02-10,0.0,24.85,74.83,101.08,3.18,19.87
2007-02-11,0.0,24.46,72.83,101.1,2.44,19.0
2007-02-12,0.0,24.8,72.18,100.96,2.18,19.26
2007-02-13,4.36,25.3,80.35,100.63,4.39,21.54
2007-02-14,2.06,25.69,73.48,100.76,2.74,20.08
2007-02-15,0.0,24.78,74.75,100.97,3.0,19.82
2007-02-16,0.02,24.75,75.36,100.85,2.86,19.98
2007-02-17,0.85,25.07,77.82,100.86,2.42,20.77
2007-02-18,1.49,24.75,78.38,101.0,3.38,20.61
2007-02-19,0.0,24.79,71.48,101.06,3.22,18.93
2007-02-20,0.0,24.45,67.07,101.11,2.78,17.48
2007-02-21,0.0,24.61,58.3,101.06,2.12,15.08
2007-02-22,0.0,25.05,53.46,100.87,1.63,14.33
2007-02-23,0.0,24.82,63.18,100.75,2.18,16.84
2007-02-24,0.0,24.92,63.11,100.84,1.84,16.88
2007-02-25,0.0,25.19,61.04,100.76,2.13,16.42
2007-02-26,0.0,25.73,61.78,100.62,2.61,17.04
2007-02-27,0.0,26.08,67.33,100.7,2.13,19.07
2007-02-28,0.0,26.12,70.44,100.76,2.38,19.94
2007-03-01,0.0,26.11,73.75,100.66,3.79,20.65
2007-03-02,0.0,26.75,74.79,100.62,3.97,21.58
2007-03-03,1.33,27.04,76.33,100.73,2.6,22.14
2007-03-04,3.53,26.28,79.44,100.86,2.86,22.33
2007-03-05,0.12,26.4,74.46,100.93,2.51,21.35
2007-03-06,0.0,26.75,74.14,100.77,2.29,21.52
2007-03-07,0.0,26.75,72.78,100.61,2.88,21.26
2007-03-08,0.0,26.99,72.62,100.59,3.34,21.43
2007-03-09,0.0,27.37,71.88,100.68,3.66,21.63
2007-03-10,0.0,27.01,72.82,100.82,3.23,21.53
2007-03-11,0.0,27.12,71.73,100.83,2.5,21.31
2007-03-12,0.0,26.99,69.97,100.91,2.28,20.81
2007-03-13,0.0,26.45,67.91,100.89,2.0,19.63
2007-03-14,0.0,26.57,64.91,100.78,1.67,18.81
2007-03-15,0.0,27.66,65.98,100.64,2.24,20.23
2007-03-16,0.04,28.05,65.93,100.72,2.15,20.87
2007-03-17,0.55,27.58,71.05,100.76,2.05,21.5
2007-03-18,0.0,27.81,71.83,100.55,2.61,21.63
2007-03-19,0.0,28.44,71.61,100.55,3.41,21.92
2007-03-20,0.0,28.27,72.47,100.65,3.34,22.39
2007-03-21,0.0,27.91,73.43,100.69,3.43,22.49
2007-03-22,0.0,28.33,69.83,100.8,3.46,21.98
2007-03-23,0.0,28.72,70.55,100.69,4.35,22.43
2007-03-24,0.0,29.72,65.94,100.56,4.48,22.1
2007-03-25,0.0,29.63,67.61,100.4,2.88,22.51
2007-03-26,0.0,29.01,70.73,100.45,2.99,22.58
2007-03-27,0.0,28.87,71.37,100.61,2.2,22.53
2007-03-28,0.0,28.29,72.64,100.73,2.07,22.48
2007-03-29,0.0,28.14,68.87,100.67,2.44,21.42
2007-03-30,0.0,27.81,69.98,100.7,2.43,21.24
2007-03-31,0.0,27.64,69.71,100.75,2.67,20.95
2007-04-01,0.0,28.34,69.34,100.64,3.8,21.44
2007-04-02,0.0,29.58,70.79,100.37,4.45,22.94
2007-04-03,0.04,29.47,71.86,100.31,4.66,23.26
2007-04-04,0.02,28.86,71.55,100.43,4.05,22.6
2007-04-05,0.41,28.67,72.67,100.59,4.06,22.64
2007-04-06,0.3,28.73,70.74,100.62,4.2,22.2
2007-04-07,0.01,28.6,72.14,100.57,4.39,22.62
2007-04-08,0.05,28.6,74.53,100.54,4.82,23.3
2007-04-09,0.02,28.9,73.53,100.56,5.04,23.2
2007-04-10,0.21,28.83,73.59,100.59,4.88,23.22
2007-04-11,0.48,29.18,74.57,100.4,4.7,23.73
2007-04-12,0.39,29.75,71.12,100.29,4.79,23.41
2007-04-13,0.25,29.66,69.28,100.43,3.81,23.01
2007-04-14,0.11,28.84,68.5,100.54,3.2,22.15
2007-04-15,0.14,28.14,75.88,100.6,2.65,23.24
2007-04-16,0.13,28.71,69.34,100.58,2.99,22.17
2007-04-17,0.06,28.3,73.67,100.51,2.59,22.96
2007-04-18,0.01,28.6,72.24,100.55,2.14,22.8
2007-04-19,0.03,28.86,72.75,100.55,2.5,23.18
2007-04-20,0.05,29.71,70.44,100.53,4.09,23.48
2007-04-21,0.21,30.17,71.6,100.41,4.6,24.13
2007-04-22,0.34,30.95,69.83,100.37,4.85,24.21
2007-04-23,0.13,31.36,66.14,100.24,4.74,23.58
2007-04-24,0.11,31.12,69.99,100.18,4.57,24.34
2007-04-25,0.12,30.56,69.86,100.26,4.21,23.94
2007-04-26,0.1,30.48,70.36,100.41,4.21,23.94
2007-04-27,0.15,30.35,71.98,100.43,5.17,24.36
2007-04-28,0.3,31.01,69.67,100.28,5.25,24.19
2007-04-29,0.12,30.2,74.04,100.3,4.74,24.77
2007-04-30,2.06,30.07,73.48,100.42,3.91,24.56
2007-05-01,3.95,29.5,75.18,100.49,2.64,24.48
2007-05-02,1.64,29.6,74.23,100.32,3.13,24.34
2007-05-03,1.23,29.68,73.45,100.09,3.14,24.27
2007-05-04,1.46,29.83,71.19,100.13,3.14,23.86
2007-05-05,0.52,30.18,71.05,100.15,3.81,24.14
2007-05-06,1.0,30.65,73.11,100.03,4.38,25.07
2007-05-07,5.43,30.85,72.59,99.93,4.96,25.17
2007-05-08,4.61,31.33,67.01,99.89,4.65,24.16
2007-05-09,1.38,32.08,68.43,99.85,3.57,24.99
2007-05-10,0.64,32.34,68.58,99.81,2.3,24.93
2007-05-11,1.05,31.5,71.28,99.79,2.26,25.38
2007-05-12,3.85,30.95,74.9,99.89,2.57,25.8
2007-05-13,2.72,30.9,72.19,99.91,2.48,25.12
2007-05-14,3.43,31.55,71.59,99.69,4.32,25.5
2007-05-15,3.2,32.72,67.51,99.59,3.48,25.1
2007-05-16,0.41,33.34,64.43,99.74,3.26,24.9
2007-05-17,0.34,32.58,70.1,99.83,3.03,25.84
2007-05-18,0.42,31.83,71.33,99.91,4.71,25.74
2007-05-19,0.47,31.82,72.48,99.93,4.48,25.95
2007-05-20,0.37,32.39,69.09,99.78,6.32,25.58
2007-05-21,0.72,32.51,64.49,99.75,5.92,24.62
2007-05-22,1.03,31.93,72.12,99.83,4.89,25.99
2007-05-23,11.99,30.5,79.29,100.05,4.32,26.45
2007-05-24,8.84,30.62,74.54,100.01,5.71,25.35
2007-05-25,0.8,30.7,71.95,100.01,4.82,24.88
2007-05-26,0.92,30.75,75.41,100.08,4.69,25.71
2007-05-27,0.84,31.26,73.43,100.12,3.87,25.72
2007-05-28,0.77,31.43,70.41,100.11,4.76,25.12
2007-05-29,0.35,32.25,65.21,100.09,3.89,24.5
2007-05-30,0.06,31.78,68.54,100.14,3.75,25.04
2007-05-31,0.03,31.66,68.01,100.15,3.68,24.74
2007-06-01,0.18,31.14,71.64,100.11,3.81,25.26
2007-06-02,0.29,31.47,70.0,99.97,4.33,25.08
2007-06-03,0.47,31.86,70.89,99.95,3.97,25.63
2007-06-04,2.88,31.69,74.61,99.97,3.66,26.42
2007-06-05,5.72,30.37,80.82,99.97,3.8,26.67
2007-06-06,2.74,31.19,71.72,99.88,3.72,25.25
2007-06-07,1.89,31.06,76.14,99.78,4.27,26.22
2007-06-08,0.37,29.85,78.8,99.91,4.56,25.75
2007-06-09,1.67,30.84,74.62,99.9,3.95,25.63
2007-06-10,1.2,29.87,81.97,99.83,4.03,26.41
2007-06-11,0.28,30.81,73.66,99.68,4.79,25.37
2007-06-12,1.0,30.72,76.19,99.62,4.13,25.92
2007-06-13,1.33,30.14,81.18,99.75,3.53,26.48
2007-06-14,0.8,29.62,81.16,99.82,3.33,25.94
2007-06-15,0.51,29.22,80.94,99.85,2.77,25.53
2007-06-16,0.86,29.66,80.25,99.79,2.51,25.77
2007-06-17,0.57,30.54,75.88,99.75,2.9,25.6
2007-06-18,21.83,30.44,79.35,99.69,2.98,26.38
2007-06-19,14.94,29.99,78.67,99.61,3.31,25.76
2007-06-20,3.5,29.51,76.83,99.46,1.41,24.98
2007-06-21,17.65,29.26,83.38,98.92,6.85,26.1
2007-06-22,35.21,28.84,84.45,99.11,8.37,25.97
2007-06-23,56.12,28.47,86.88,99.78,6.57,26.08
2007-06-24,18.44,28.68,85.22,100.13,5.41,25.94
2007-06-25,3.84,28.44,84.93,100.01,5.04,25.63
2007-06-26,19.05,27.72,85.92,99.59,6.27,25.14
2007-06-27,34.86,28.17,87.09,99.27,5.75,25.83
2007-06-28,52.6,27.71,90.66,99.26,6.21,26.06
2007-06-29,17.93,27.66,87.25,99.37,7.89,25.34
2007-06-30,5.74,28.34,84.82,99.61,7.81,25.52
2007-07-01,1.77,28.53,84.05,99.71,6.62,25.53
2007-07-02,0.22,28.76,85.43,99.75,5.97,26.04
2007-07-03,0.43,28.7,84.04,99.79,5.55,25.69
2007-07-04,0.88,28.81,84.12,99.75,4.99,25.8
2007-07-05,0.74,28.5,83.82,99.69,4.58,25.45
2007-07-06,2.24,28.41,84.57,99.53,5.22,25.52
2007-07-07,1.97,28.31,84.47,99.58,5.81,25.39
2007-07-08,7.68,27.89,85.6,99.78,4.74,25.22
2007-07-09,5.59,27.92,85.19,99.84,4.05,25.14
2007-07-10,3.96,27.61,90.34,99.74,4.52,25.88
2007-07-11,2.39,27.2,91.84,99.81,5.37,25.77
2007-07-12,6.42,27.81,89.73,99.72,5.08,25.96
2007-07-13,4.53,27.02,91.11,99.6,5.17,25.46
2007-07-14,3.56,27.94,88.0,99.45,4.68,25.74
2007-07-15,5.5,27.9,88.76,99.44,6.06,25.84
2007-07-16,3.46,28.18,86.9,99.6,5.4,25.74
2007-07-17,0.59,28.16,88.69,99.75,4.72,26.1
2007-07-18,1.98,28.63,87.96,99.83,3.3,26.41
2007-07-19,1.46,28.38,89.08,99.99,3.15,26.38
2007-07-20,2.56,27.66,91.85,100.07,4.38,26.23
2007-07-21,1.66,27.44,90.5,100.04,4.16,25.77
2007-07-22,1.3,27.05,88.34,100.05,3.19,24.95
2007-07-23,2.95,27.05,88.08,100.11,2.14,24.89
2007-07-24,2.69,27.28,85.39,100.24,2.3,24.6
2007-07-25,4.21,27.36,87.96,100.19,2.25,25.2
2007-07-26,2.17,27.72,86.34,100.17,2.72,25.22
2007-07-27,0.64,27.49,86.86,100.08,2.21,25.09
2007-07-28,20.74,27.2,89.06,100.03,2.01,25.25
2007-07-29,11.69,27.47,87.82,100.06,2.35,25.26
2007-07-30,3.11,27.69,86.87,100.08,3.62,25.3
2007-07-31,4.96,28.11,84.17,100.07,2.19,25.18
2007-08-01,2.7,27.85,85.93,99.95,1.48,25.27
2007-08-02,2.02,28.19,84.59,99.83,2.6,25.31
2007-08-03,4.97,27.44,88.71,99.96,5.81,25.42
2007-08-04,5.02,27.29,87.84,99.78,6.7,25.1
2007-08-05,6.16,27.62,88.63,99.5,6.9,25.58
2007-08-06,7.62,27.51,88.59,99.35,7.69,25.46
2007-08-07,8.77,28.02,84.9,99.53,7.66,25.19
2007-08-08,0.42,28.06,85.56,99.68,5.89,25.36
2007-08-09,0.35,28.03,85.93,99.7,4.38,25.42
2007-08-10,1.12,27.93,87.29,99.65,3.76,25.61
2007-08-11,7.64,27.63,87.99,99.66,5.02,25.45
2007-08-12,6.44,27.81,85.53,99.8,5.26,25.11
2007-08-13,1.83,28.12,83.18,99.84,4.93,24.91
2007-08-14,0.37,28.26,83.15,99.99,3.9,25.08
2007-08-15,0.03,28.51,81.59,100.01,3.3,24.98
2007-08-16,2.41,28.17,85.96,99.96,3.51,25.58
2007-08-17,7.48,27.56,89.19,99.99,3.73,25.62
2007-08-18,4.51,27.57,86.38,100.01,3.99,25.08
2007-08-19,0.24,28.18,81.58,99.88,4.07,24.67
2007-08-20,0.82,28.27,82.16,99.98,4.08,24.86
2007-08-21,0.65,28.04,82.42,99.96,3.08,24.71
2007-08-22,0.53,28.03,84.88,99.98,3.36,25.23
2007-08-23,3.83,28.03,86.74,99.99,2.22,25.6
2007-08-24,7.09,27.62,88.64,100.04,1.68,25.58
2007-08-25,1.18,27.52,86.83,100.1,2.41,25.12
2007-08-26,2.06,27.84,86.3,100.07,3.33,25.34
2007-08-27,3.29,27.6,88.19,100.07,2.75,25.48
2007-08-28,3.21,27.79,88.61,100.04,2.88,25.73
2007-08-29,8.23,27.78,89.54,100.0,3.29,25.91
2007-08-30,5.91,27.98,87.11,99.92,3.49,25.63
2007-08-31,40.3,28.59,85.77,99.78,2.95,25.92
2007-09-01,26.38,27.96,87.57,99.72,2.39,25.69
2007-09-02,22.2,27.36,89.8,99.72,4.27,25.55
2007-09-03,6.9,28.25,86.32,99.89,6.19,25.72
2007-09-04,1.43,28.25,86.99,99.83,5.18,25.85
2007-09-05,10.56,28.14,90.5,99.72,5.63,26.44
2007-09-06,14.92,27.74,90.16,99.79,6.8,25.99
2007-09-07,2.53,27.88,87.67,99.97,4.73,25.65
2007-09-08,2.37,28.15,88.98,100.07,3.92,26.16
2007-09-09,1.63,27.77,90.07,100.21,3.23,26.0
2007-09-10,0.35,28.03,87.96,100.28,3.18,25.86
2007-09-11,0.27,28.06,85.44,100.23,2.9,25.4
2007-09-12,1.6,27.74,86.67,100.15,2.82,25.31
2007-09-13,2.47,28.53,80.22,100.06,2.52,24.7
2007-09-14,13.01,28.37,81.06,99.94,1.56,24.73
2007-09-15,4.97,28.16,83.05,99.72,2.2,24.95
2007-09-16,17.93,27.57,88.9,99.68,2.62,25.58
2007-09-17,11.82,27.77,88.69,99.83,3.61,25.74
2007-09-18,15.74,27.54,89.16,99.79,4.38,25.6
2007-09-19,32.0,27.8,88.49,99.68,3.55,25.73
2007-09-20,23.03,27.55,84.74,99.72,2.26,24.73
2007-09-21,36.68,27.05,86.59,99.58,2.13,24.63
2007-09-22,22.52,27.59,90.44,99.38,5.41,25.9
2007-09-23,3.61,27.85,87.33,99.39,7.05,25.55
2007-09-24,0.6,28.01,87.7,99.64,6.05,25.78
2007-09-25,3.08,28.2,90.08,100.0,4.66,26.43
2007-09-26,4.07,27.53,91.24,100.22,3.44,25.99
2007-09-27,1.34,27.06,90.31,100.27,3.64,25.35
2007-09-28,8.97,27.17,88.59,100.23,3.61,25.12
2007-09-29,7.78,27.32,89.34,100.3,4.2,25.42
2007-09-30,1.87,27.38,88.84,100.21,3.75,25.39
2007-10-01,0.74,28.31,82.79,100.01,1.41,25.08
2007-10-02,1.93,27.72,87.0,99.94,2.11,25.37
2007-10-03,4.71,27.56,86.43,99.93,2.68,25.09
2007-10-04,94.44,27.63,86.75,99.94,1.92,25.22
2007-10-05,63.87,27.42,84.28,99.87,2.61,24.5
2007-10-06,16.34,27.24,88.05,99.73,3.69,25.09
2007-10-07,5.88,26.99,88.53,99.76,3.22,24.94
2007-10-08,1.71,26.59,75.62,100.08,2.23,21.66
2007-10-09,0.0,28.07,73.63,100.26,1.22,22.83
2007-10-10,0.0,27.93,74.19,100.37,1.49,22.88
2007-10-11,0.04,27.87,71.15,100.54,1.4,22.14
2007-10-12,0.0,28.25,67.46,100.67,1.53,21.61
2007-10-13,0.0,27.52,67.17,100.65,2.15,20.83
2007-10-14,0.0,27.43,68.85,100.58,2.1,21.17
2007-10-15,0.0,27.86,65.16,100.58,1.49,20.61
2007-10-16,1.06,28.19,69.04,100.63,1.21,21.95
2007-10-17,3.45,27.79,73.53,100.66,1.51,22.58
2007-10-18,11.17,26.84,83.97,100.69,1.67,23.89
2007-10-19,7.37,27.21,83.67,100.8,1.67,24.19
2007-10-20,3.69,27.02,81.85,100.74,0.96,23.64
2007-10-21,3.76,26.87,85.11,100.66,2.48,24.16
2007-10-22,14.11,26.72,88.16,100.67,3.31,24.61
2007-10-23,3.97,26.76,79.56,100.67,4.56,22.91
2007-10-24,0.0,25.94,77.67,100.77,4.82,21.72
2007-10-25,0.0,25.49,81.01,100.77,5.03,21.95
2007-10-26,0.05,25.79,80.31,100.69,4.77,22.11
2007-10-27,0.0,25.43,80.98,100.59,4.44,21.88
2007-10-28,0.0,25.28,84.97,100.42,4.51,22.55
2007-10-29,10.74,25.14,84.32,100.29,5.81,22.27
2007-10-30,11.07,26.25,91.05,100.18,4.47,24.66
2007-10-31,4.09,27.09,89.53,100.46,3.74,25.23
2007-11-01,0.51,27.11,85.32,100.66,3.19,24.43
2007-11-02,0.05,26.28,82.5,100.6,2.47,23.05
2007-11-03,0.35,26.58,83.2,100.53,2.11,23.49
2007-11-04,2.12,26.96,83.51,100.72,2.15,23.92
2007-11-05,0.07,26.75,81.43,100.71,2.36,23.28
2007-11-06,0.04,26.56,77.46,100.64,1.84,22.23
2007-11-07,0.0,26.49,70.8,100.65,2.03,20.71
2007-11-08,0.0,25.87,78.25,100.6,2.7,21.78
2007-11-09,0.0,25.93,76.94,100.62,2.66,21.5
2007-11-10,0.04,26.11,76.97,100.64,2.61,21.72
2007-11-11,0.07,25.67,76.59,100.76,3.66,21.19
2007-11-12,0.0,25.09,71.37,100.78,4.23,19.48
2007-11-13,0.0,24.33,69.17,100.67,4.43,18.26
2007-11-14,0.0,23.94,71.64,100.53,4.96,18.4
2007-11-15,0.0,23.81,67.7,100.6,3.26,17.25
2007-11-16,0.0,23.73,73.65,100.9,2.8,18.69
2007-11-17,0.0,23.89,75.39,100.83,3.08,19.22
2007-11-18,0.03,24.18,78.03,100.9,3.4,20.06
2007-11-19,0.03,24.96,81.79,101.1,4.16,21.61
2007-11-20,0.0,25.04,79.9,101.14,3.79,21.29
2007-11-21,0.0,23.92,73.42,101.04,3.45,18.76
2007-11-22,0.0,23.17,69.41,101.05,4.12,17.11
2007-11-23,0.0,22.5,70.81,100.97,4.24,16.86
2007-11-24,0.0,22.42,67.24,100.97,3.6,15.88
2007-11-25,0.01,23.14,77.74,101.02,4.43,18.93
2007-11-26,0.11,24.54,86.37,101.1,4.55,22.09
2007-11-27,0.05,24.95,82.46,101.03,2.66,21.72
2007-11-28,0.02,24.77,73.56,100.88,1.36,19.53
2007-11-29,0.0,23.66,74.02,100.97,2.25,18.69
2007-11-30,0.03,23.82,71.25,101.13,2.41,18.23
2007-12-01,0.02,24.55,78.04,101.16,2.84,20.42
2007-12-02,0.0,24.17,77.05,101.14,3.09,19.88
2007-12-03,0.16,23.86,78.56,101.16,3.05,19.89
2007-12-04,0.04,23.65,74.57,101.2,4.09,18.79
2007-12-05,0.0,23.38,74.63,101.35,5.37,18.58
2007-12-06,0.0,22.97,75.03,101.33,4.92,18.22
2007-12-07,0.14,22.76,78.19,101.14,3.89,18.66
2007-12-08,0.16,23.31,77.67,101.0,2.1,19.04
2007-12-09,0.01,23.39,82.13,100.97,2.76,20.14
2007-12-10,0.13,23.27,82.2,100.94,3.05,20.02
2007-12-11,0.04,24.06,77.3,100.9,2.55,19.8
2007-12-12,0.0,24.0,77.05,100.85,3.52,19.71
2007-12-13,0.02,23.75,76.92,100.8,4.04,19.39
2007-12-14,0.0,23.93,80.83,100.77,4.17,20.37
2007-12-15,0.08,23.91,80.82,100.81,4.71,20.34
2007-12-16,0.0,24.36,77.91,100.97,5.53,20.19
2007-12-17,0.0,23.71,75.75,101.05,6.21,19.08
2007-12-18,0.15,22.83,72.09,101.07,5.75,17.4
2007-12-19,0.38,23.02,69.27,101.02,4.94,16.86
2007-12-20,0.03,24.23,67.69,101.04,3.89,17.68
2007-12-21,0.0,24.59,72.4,101.11,2.72,19.2
2007-12-22,0.0,23.88,62.09,101.04,2.11,15.72
2007-12-23,0.0,24.13,57.65,100.9,1.47,14.8
2007-12-24,0.0,23.99,50.12,100.75,1.83,12.27
2007-12-25,0.0,23.81,57.14,100.78,2.11,14.49
2007-12-26,0.0,23.91,67.15,100.92,2.12,17.3
2007-12-27,0.0,24.14,74.27,100.97,1.88,19.16
2007-12-28,0.0,24.4,74.9,100.73,1.63,19.47
2007-12-29,0.0,24.53,78.21,100.7,2.16,20.31
2007-12-30,0.0,23.9,75.92,100.85,3.26,19.12
2007-12-31,0.0,23.33,71.07,100.93,3.61,17.35
2008-01-01,0.0,22.7,66.02,101.02,3.94,15.48
2008-01-02,0.0,22.17,64.87,101.11,4.38,14.84
2008-01-03,0.0,22.14,63.48,101.19,4.72,14.32
2008-01-04,0.0,22.24,64.27,101.27,4.4,14.61
2008-01-05,0.0,22.78,69.0,101.27,3.72,16.36
2008-01-06,0.0,22.9,72.87,101.28,3.27,17.45
2008-01-07,0.0,23.02,74.68,101.27,3.48,17.83
2008-01-08,0.0,22.9,68.5,101.2,3.61,16.26
2008-01-09,0.0,23.24,62.44,101.11,2.88,15.17
2008-01-10,0.0,23.69,61.3,101.01,2.24,15.29
2008-01-11,0.0,24.19,61.85,101.0,2.0,16.04
2008-01-12,0.0,24.33,63.64,101.04,1.91,16.5
2008-01-13,0.0,24.23,63.93,101.04,2.23,16.55
2008-01-14,0.0,23.81,69.36,101.01,2.43,17.21
2008-01-15,0.0,23.65,68.17,101.11,2.51,16.73
2008-01-16,0.0,23.15,64.87,101.23,2.45,15.49
2008-01-17,0.0,23.19,57.52,101.2,2.03,13.69
2008-01-18,0.0,23.32,60.42,100.91,1.69,14.86
2008-01-19,0.0,23.3,69.79,100.79,2.09,17.22
2008-01-20,0.0,23.66,71.68,100.78,2.5,17.93
2008-01-21,0.0,24.21,75.74,100.72,2.13,19.3
2008-01-22,0.0,24.4,73.87,100.7,1.78,19.27
2008-01-23,0.0,24.12,72.63,100.67,2.1,18.71
2008-01-24,0.0,23.88,74.95,100.65,2.31,18.93
2008-01-25,0.52,24.97,75.92,100.58,2.65,20.32
2008-01-26,1.02,25.64,80.14,100.43,3.79,21.84
2008-01-27,0.26,23.95,73.46,100.7,5.04,18.65
2008-01-28,0.0,23.67,63.5,100.93,4.19,15.79
2008-01-29,0.0,24.11,69.28,100.76,2.47,17.77
2008-01-30,0.01,24.86,77.13,100.55,3.87,20.43
2008-01-31,4.04,25.33,79.33,100.55,2.55,21.27
2008-02-01,4.91,24.45,76.86,100.74,4.31,19.95
2008-02-02,0.02,23.78,74.39,100.86,3.63,18.69
2008-02-03,0.02,24.34,76.9,100.75,3.07,19.91
2008-02-04,2.87,24.45,77.2,100.76,3.34,20.12
2008-02-05,0.18,24.86,71.71,100.82,2.8,19.19
2008-02-06,0.0,24.7,70.59,100.8,2.65,18.69
2008-02-07,0.01,25.02,76.85,100.71,2.42,20.44
2008-02-08,12.8,25.59,80.94,100.65,2.28,21.98
2008-02-09,61.63,25.9,86.95,100.61,3.47,23.55
2008-02-10,19.01,23.94,84.53,100.78,3.61,21.14
2008-02-11,3.31,24.0,86.55,100.89,3.95,21.62
2008-02-12,9.73,24.68,86.88,100.84,3.83,22.34
2008-02-13,5.7,23.27,81.96,101.01,3.87,19.96
2008-02-14,0.06,23.79,78.97,101.14,3.39,19.76
2008-02-15,0.02,23.9,82.47,101.2,3.04,20.63
2008-02-16,0.0,24.6,73.47,101.13,1.65,19.29
2008-02-17,0.0,24.39,77.25,100.99,2.14,19.98
2008-02-18,0.0,24.87,76.76,100.94,2.69,20.26
2008-02-19,0.0,25.18,76.62,100.95,3.52,20.65
2008-02-20,0.06,25.74,73.56,100.96,2.93,20.47
2008-02-21,0.12,24.78,65.67,101.1,2.68,17.33
2008-02-22,0.0,24.42,74.57,101.11,3.3,19.48
2008-02-23,0.0,24.42,74.47,101.01,2.65,19.46
2008-02-24,0.0,25.02,64.66,100.85,1.71,17.72
2008-02-25,0.0,25.45,69.8,100.71,2.6,19.23
2008-02-26,0.0,26.05,68.94,100.74,1.93,19.26
2008-02-27,0.0,25.63,74.27,100.99,2.62,20.42
2008-02-28,0.0,25.49,76.93,101.03,2.21,20.96
2008-02-29,0.0,25.6,72.98,100.85,2.08,20.23
2008-03-01,0.0,26.04,70.53,100.67,2.73,19.75
2008-03-02,0.0,26.18,72.26,100.72,3.11,20.38
2008-03-03,0.0,26.14,73.49,100.78,2.92,20.72
2008-03-04,0.0,26.03,71.05,100.67,2.98,19.97
2008-03-05,0.0,26.23,69.63,100.75,2.75,19.58
2008-03-06,0.0,26.4,67.64,100.82,2.47,19.26
2008-03-07,0.0,26.88,54.05,100.87,2.31,15.56
2008-03-08,0.0,26.94,53.17,100.74,2.2,15.77
2008-03-09,0.0,26.88,59.53,100.7,2.48,17.47
2008-03-10,0.02,26.82,58.75,100.72,1.63,17.31
2008-03-11,0.02,26.97,54.39,100.7,1.6,16.69
2008-03-12,0.14,26.79,59.01,100.67,1.77,17.48
2008-03-13,0.04,26.84,62.99,100.63,1.77,18.62
2008-03-14,0.0,27.24,59.99,100.7,1.66,18.15
2008-03-15,0.0,26.92,66.05,100.61,1.91,19.36
2008-03-16,1.0,27.15,73.06,100.54,2.47,21.4
2008-03-17,0.0,27.83,72.22,100.46,2.22,21.93
2008-03-18,0.65,28.31,70.95,100.37,3.45,21.96
2008-03-19,1.24,28.42,73.52,100.36,3.79,22.74
2008-03-20,0.08,28.88,71.39,100.31,3.68,22.7
2008-03-21,1.43,28.48,72.67,100.44,3.62,22.75
2008-03-22,0.88,28.36,70.59,100.46,2.88,22.25
2008-03-23,12.64,28.41,69.25,100.5,2.51,22.0
2008-03-24,16.04,26.13,86.3,100.56,3.32,23.68
2008-03-25,5.7,27.7,82.17,100.49,4.32,24.34
2008-03-26,2.79,28.21,77.01,100.47,2.64,23.51
2008-03-27,1.18,29.0,72.47,100.34,2.55,23.21
2008-03-28,14.86,28.64,75.32,100.35,2.66,23.62
2008-03-29,6.58,28.01,77.76,100.51,2.32,23.58
2008-03-30,8.06,27.84,76.79,100.49,2.19,23.19
2008-03-31,5.17,28.24,73.89,100.39,2.47,22.91
2008-04-01,1.0,28.33,71.96,100.44,1.9,22.64
2008-04-02,0.38,28.48,72.1,100.56,2.17,22.77
2008-04-03,0.13,28.86,73.29,100.55,2.84,23.31
2008-04-04,0.17,28.75,74.58,100.43,3.48,23.5
2008-04-05,0.34,28.09,77.52,100.72,2.63,23.67
2008-04-06,0.39,28.05,74.65,100.93,2.37,22.98
2008-04-07,0.86,28.34,70.19,100.77,1.97,22.11
2008-04-08,0.0,28.8,64.67,100.57,1.79,21.02
2008-04-09,0.0,28.88,65.69,100.51,1.97,21.28
2008-04-10,0.0,28.95,63.88,100.45,2.38,20.57
2008-04-11,0.0,29.8,60.21,100.27,3.19,20.35
2008-04-12,0.0,29.97,65.33,100.27,3.47,21.78
2008-04-13,0.01,29.58,69.26,100.25,3.99,22.72
2008-04-14,0.0,29.28,72.47,100.25,4.23,23.53
2008-04-15,0.01,29.69,73.36,100.34,4.79,24.14
2008-04-16,0.03,30.13,72.44,100.32,4.95,24.31
2008-04-17,0.09,30.87,69.68,100.14,4.85,24.1
2008-04-18,0.05,31.56,65.62,100.01,4.72,23.49
2008-04-19,0.07,31.45,64.42,100.04,3.77,22.93
2008-04-20,0.01,31.21,68.82,100.07,3.52,23.89
2008-04-21,0.0,30.93,70.09,100.05,3.11,24.05
2008-04-22,0.05,30.53,72.22,100.14,3.26,24.43
2008-04-23,0.0,30.07,70.83,100.36,3.09,23.91
2008-04-24,0.04,29.2,71.81,100.45,3.43,23.28
2008-04-25,0.09,29.45,68.59,100.46,3.1,22.56
2008-04-26,0.04,29.44,69.02,100.35,2.59,22.7
2008-04-27,0.08,29.87,71.19,100.01,3.3,23.74
2008-04-28,0.82,29.74,71.99,99.85,2.54,23.87
2008-04-29,3.26,29.77,73.76,99.88,2.11,24.39
2008-04-30,2.64,29.63,73.0,100.07,1.56,24.11
2008-05-01,0.66,31.78,66.55,99.85,2.94,24.21
2008-05-02,0.2,33.09,60.6,99.6,4.07,22.96
2008-05-03,0.13,33.27,50.06,99.6,3.17,19.48
2008-05-04,0.07,32.18,59.08,99.72,4.26,21.86
2008-05-05,0.42,32.62,63.72,99.79,3.89,23.89
2008-05-06,0.33,31.93,67.59,99.78,4.35,24.68
2008-05-07,0.1,31.05,71.88,99.95,4.15,24.93
2008-05-08,0.26,30.9,72.5,100.06,4.82,25.05
2008-05-09,0.5,30.8,72.24,100.02,4.15,24.91
2008-05-10,0.49,30.91,72.01,100.0,3.87,24.89
2008-05-11,0.32,31.69,69.1,99.91,4.17,24.82
2008-05-12,3.04,31.04,73.47,100.0,3.87,25.53
2008-05-13,0.88,31.43,68.59,100.07,4.01,24.53
2008-05-14,0.08,32.23,65.46,99.96,4.46,24.36
2008-05-15,0.21,32.01,68.09,99.87,4.81,24.9
2008-05-16,0.25,32.45,68.14,99.78,3.98,24.8
2008-05-17,0.03,33.5,60.65,99.65,3.06,23.24
2008-05-18,0.01,34.3,50.49,99.5,2.65,20.75
2008-05-19,0.12,33.35,61.48,99.79,3.72,24.01
2008-05-20,0.12,32.02,70.71,99.95,4.39,25.67
2008-05-21,0.31,32.06,69.46,99.92,5.71,25.42
2008-05-22,0.4,30.85,71.95,100.0,5.71,25.09
2008-05-23,1.22,30.75,74.63,100.07,4.91,25.54
2008-05-24,2.04,30.0,75.83,100.02,4.37,25.11
2008-05-25,2.31,30.0,78.43,99.91,4.49,25.74
2008-05-26,1.26,30.31,74.26,100.03,5.1,25.06
2008-05-27,2.13,29.96,75.8,100.09,4.75,25.1
2008-05-28,0.93,30.49,75.28,99.91,5.12,25.4
2008-05-29,8.88,29.87,81.78,99.95,4.65,26.34
2008-05-30,5.8,29.72,80.77,100.02,2.91,25.95
2008-05-31,1.97,29.59,79.41,100.0,2.58,25.49
2008-06-01,2.72,30.25,77.66,99.96,4.17,25.76
2008-06-02,1.63,29.81,76.85,100.03,3.21,25.18
2008-06-03,1.45,30.06,79.73,100.12,3.86,25.98
2008-06-04,0.88,30.48,73.54,100.23,3.65,24.88
2008-06-05,11.95,30.2,78.8,99.96,3.72,26.05
2008-06-06,8.41,29.66,78.32,99.78,3.41,25.34
2008-06-07,6.61,30.07,75.81,99.79,3.67,25.13
2008-06-08,11.8,28.75,83.04,99.86,5.39,25.52
2008-06-09,20.73,28.12,82.97,99.91,4.67,24.94
2008-06-10,16.6,28.84,80.93,99.9,4.54,25.17
2008-06-11,14.46,28.48,82.68,99.84,4.73,25.2
2008-06-12,6.98,28.5,82.38,99.82,4.51,25.15
2008-06-13,15.31,28.07,80.19,99.8,5.5,24.28
2008-06-14,0.97,28.67,74.9,99.7,4.89,23.59
2008-06-15,1.91,28.66,75.31,99.67,5.74,23.71
2008-06-16,0.62,28.52,79.26,99.65,5.01,24.51
2008-06-17,1.4,29.27,73.16,99.69,4.75,23.76
2008-06-18,0.52,29.28,71.96,99.75,3.7,23.52
2008-06-19,1.32,29.59,74.49,99.87,3.95,24.25
2008-06-20,0.27,29.75,76.86,99.95,3.06,25.09
2008-06-21,0.73,29.29,81.68,99.93,4.05,25.77
2008-06-22,2.53,28.6,78.17,99.92,4.03,24.32
2008-06-23,3.5,28.25,81.89,99.77,4.83,24.76
2008-06-24,4.2,29.06,77.04,99.64,4.74,24.48
2008-06-25,2.06,29.29,76.23,99.65,4.72,24.55
2008-06-26,10.95,28.99,79.67,99.72,5.65,25.01
2008-06-27,3.01,28.29,82.17,99.64,6.81,24.89
2008-06-28,2.72,28.13,81.84,99.75,5.6,24.66
2008-06-29,1.14,29.07,78.86,99.83,5.91,24.86
2008-06-30,1.33,29.0,80.93,99.85,5.55,25.27
2008-07-01,1.65,29.15,78.48,99.94,4.97,24.91
2008-07-02,0.31,29.15,78.5,100.02,3.85,24.89
2008-07-03,0.97,28.62,81.31,100.04,3.76,25.05
2008-07-04,1.3,28.84,79.58,100.07,4.63,24.87
2008-07-05,1.57,28.58,81.68,99.99,5.4,25.08
2008-07-06,2.91,28.72,81.26,99.9,5.27,25.07
2008-07-07,4.73,28.26,81.72,99.73,5.0,24.77
2008-07-08,1.31,28.93,75.06,99.58,4.46,23.88
2008-07-09,2.31,28.91,75.54,99.72,4.75,24.03
2008-07-10,2.84,28.78,80.12,99.87,4.63,24.9
2008-07-11,1.54,28.76,79.46,99.9,4.07,24.72
2008-07-12,0.48,29.48,74.48,99.79,3.32,24.25
2008-07-13,4.19,29.25,78.31,99.93,2.91,24.97
2008-07-14,2.59,28.73,81.39,100.11,3.2,25.18
2008-07-15,2.85,28.63,84.07,100.05,3.69,25.64
2008-07-16,2.57,28.33,84.44,99.89,3.66,25.4
2008-07-17,7.26,28.28,85.29,99.8,4.11,25.51
2008-07-18,5.41,28.75,80.93,99.79,3.1,25.07
2008-07-19,13.36,28.53,81.26,99.8,3.28,24.89
2008-07-20,6.25,28.18,85.83,99.9,3.31,25.55
2008-07-21,4.88,28.32,84.91,100.02,3.87,25.52
2008-07-22,16.27,27.85,87.13,99.93,3.7,25.51
2008-07-23,13.01,27.92,88.29,99.92,3.69,25.81
2008-07-24,9.17,27.74,87.43,99.84,4.59,25.46
2008-07-25,13.55,27.92,85.44,99.64,4.49,25.22
2008-07-26,9.0,28.27,84.8,99.48,4.5,25.42
2008-07-27,9.22,27.77,86.89,99.42,5.24,25.37
2008-07-28,24.91,27.4,88.24,99.29,6.93,25.28
2008-07-29,3.89,27.98,84.1,99.39,6.32,24.98
2008-07-30,3.92,28.18,85.02,99.59,5.37,25.36
2008-07-31,6.66,28.2,87.86,99.61,3.8,25.97
2008-08-01,1.89,28.11,86.95,99.73,3.38,25.71
2008-08-02,3.18,27.85,87.9,99.74,4.12,25.66
2008-08-03,5.19,27.81,87.35,99.59,3.62,25.49
2008-08-04,31.44,27.62,89.88,99.48,4.47,25.81
2008-08-05,13.04,27.78,87.72,99.61,6.32,25.53
2008-08-06,3.52,27.75,88.65,99.65,5.82,25.69
2008-08-07,8.53,27.35,88.44,99.51,5.37,25.25
2008-08-08,15.38,26.72,90.18,99.38,5.99,24.98
2008-08-09,31.3,26.83,89.58,99.16,6.71,24.97
2008-08-10,3.59,27.46,86.51,99.21,7.82,24.97
2008-08-11,0.39,27.54,85.92,99.47,7.3,24.94
2008-08-12,0.07,27.87,86.45,99.79,5.88,25.37
2008-08-13,4.22,27.81,88.62,99.96,4.75,25.75
2008-08-14,4.48,27.06,91.77,99.89,5.75,25.63
2008-08-15,2.42,27.44,89.56,99.76,4.49,25.57
2008-08-16,13.43,27.31,90.76,99.86,4.26,25.68
2008-08-17,8.8,27.84,88.75,100.04,4.55,25.8
2008-08-18,6.97,27.61,88.84,100.13,4.08,25.6
2008-08-19,1.62,27.35,89.57,100.16,4.91,25.49
2008-08-20,2.31,27.33,87.64,100.1,4.16,25.1
2008-08-21,0.61,27.89,79.63,100.08,3.24,23.96
2008-08-22,15.11,28.19,82.61,100.0,3.31,24.9
2008-08-23,12.93,28.39,81.45,99.95,1.73,24.8
2008-08-24,10.84,27.9,86.59,99.96,2.69,25.42
2008-08-25,15.41,27.83,89.24,100.08,3.58,25.9
2008-08-26,2.69,27.92,87.73,100.26,4.09,25.7
2008-08-27,0.32,28.1,84.1,100.25,3.37,25.14
2008-08-28,0.26,27.83,86.34,100.22,3.24,25.34
2008-08-29,0.2,28.12,85.7,100.18,3.11,25.49
2008-08-30,0.36,27.86,86.42,100.26,2.75,25.38
2008-08-31,0.34,28.09,84.36,100.31,2.7,25.18
2008-09-01,0.91,27.91,85.03,100.32,2.27,25.15
2008-09-02,1.49,27.72,84.04,100.33,1.5,24.78
2008-09-03,2.38,27.63,87.2,100.32,2.0,25.33
2008-09-04,1.66,27.43,86.74,100.42,2.97,25.03
2008-09-05,3.4,27.54,87.43,100.35,2.92,25.27
2008-09-06,2.9,27.85,85.17,100.26,2.53,25.12
2008-09-07,1.97,27.95,84.44,100.16,2.39,25.04
2008-09-08,5.02,27.89,83.57,100.01,2.43,24.79
2008-09-09,16.58,27.76,84.23,99.89,1.96,24.83
2008-09-10,21.04,28.19,84.04,99.72,1.87,25.2
2008-09-11,55.12,27.39,89.01,99.66,2.58,25.43
2008-09-12,37.97,26.98,90.4,99.73,4.75,25.29
2008-09-13,2.15,28.12,84.41,99.95,4.66,25.21
2008-09-14,5.62,27.97,83.75,100.14,3.49,24.92
2008-09-15,9.2,27.94,84.4,100.05,3.52,25.04
2008-09-16,6.99,27.18,87.09,99.82,5.81,24.84
2008-09-17,4.76,27.11,87.14,99.81,6.15,24.78
2008-09-18,2.94,27.96,86.07,99.94,5.41,25.37
2008-09-19,0.67,27.77,87.53,100.14,3.91,25.51
2008-09-20,2.48,27.9,86.18,100.34,4.16,25.38
2008-09-21,2.65,27.47,88.56,100.25,4.24,25.41
2008-09-22,4.02,27.26,89.82,100.14,5.83,25.46
2008-09-23,1.24,27.94,83.09,100.17,2.49,24.74
2008-09-24,1.16,28.61,80.24,100.19,1.99,24.77
2008-09-25,1.38,28.57,80.38,100.25,2.45,24.73
2008-09-26,0.2,28.3,78.9,100.22,2.69,24.16
2008-09-27,0.14,28.49,77.49,100.27,2.53,24.07
2008-09-28,0.09,28.32,77.33,100.32,2.78,23.84
2008-09-29,0.01,28.38,73.96,100.37,2.54,23.05
2008-09-30,0.03,28.44,74.67,100.34,1.91,23.39
2008-10-01,0.18,28.43,77.35,100.32,1.34,24.06
2008-10-02,5.99,27.94,80.52,100.37,1.59,24.26
2008-10-03,2.1,27.64,81.11,100.56,1.75,24.11
2008-10-04,0.21,27.51,80.22,100.58,1.82,23.77
2008-10-05,0.05,27.85,82.76,100.56,3.21,24.62
2008-10-06,0.1,27.48,86.9,100.51,3.37,25.12
2008-10-07,1.03,27.72,85.62,100.51,3.21,25.1
2008-10-08,0.59,28.21,82.63,100.46,2.64,24.93
2008-10-09,0.29,28.16,79.93,100.61,1.25,24.32
2008-10-10,0.11,27.39,85.17,100.79,2.29,24.68
2008-10-11,0.05,27.66,82.37,100.85,3.31,24.35
2008-10-12,0.01,27.87,81.25,100.77,2.99,24.34
2008-10-13,0.0,27.87,77.93,100.65,2.07,23.65
2008-10-14,0.0,27.7,75.85,100.69,2.45,23.04
2008-10-15,0.08,27.61,77.46,100.74,3.55,23.29
2008-10-16,0.76,27.93,80.86,100.67,4.09,24.31
2008-10-17,1.15,27.47,86.27,100.58,3.74,24.98
2008-10-18,0.23,27.71,82.61,100.6,4.0,24.46
2008-10-19,1.07,27.72,81.72,100.61,4.5,24.28
2008-10-20,1.3,27.84,81.52,100.49,4.61,24.36
2008-10-21,1.3,27.78,80.69,100.48,4.68,24.14
2008-10-22,17.56,27.33,85.01,100.44,5.1,24.58
2008-10-23,18.59,26.84,88.32,100.4,4.9,24.76
2008-10-24,7.0,26.78,83.68,100.29,5.82,23.76
2008-10-25,1.15,27.08,75.28,100.25,3.93,22.27
2008-10-26,0.04,26.67,71.52,100.24,2.46,21.0
2008-10-27,0.04,26.5,71.68,100.39,2.76,20.89
2008-10-28,0.0,26.12,68.13,100.7,2.78,19.68
2008-10-29,0.0,26.47,64.05,100.69,1.41,19.06
2008-10-30,0.0,26.59,62.31,100.73,1.4,18.57
2008-10-31,0.0,26.29,63.35,100.79,1.83,18.64
2008-11-01,0.0,26.62,58.81,100.69,1.25,17.65
2008-11-02,0.0,26.17,58.76,100.64,2.06,17.24
2008-11-03,0.0,25.59,60.02,100.72,1.71,17.06
2008-11-04,0.0,25.92,63.63,100.69,1.66,18.4
2008-11-05,0.0,25.9,67.84,100.62,1.87,19.43
2008-11-06,0.0,25.61,69.15,100.65,2.37,19.41
2008-11-07,0.0,26.0,72.3,100.78,3.06,20.45
2008-11-08,0.0,25.89,73.16,100.82,3.52,20.51
2008-11-09,0.04,26.19,72.89,100.81,3.68,20.7
2008-11-10,0.0,25.89,78.41,100.83,3.48,21.71
2008-11-11,0.0,25.55,74.62,100.8,3.9,20.44
2008-11-12,0.11,25.49,76.95,100.7,4.24,20.97
2008-11-13,0.33,25.01,73.7,100.59,4.96,19.74
2008-11-14,8.69,24.98,81.36,100.36,7.03,21.45
2008-11-15,14.08,24.92,91.32,100.17,8.21,23.38
2008-11-16,8.6,25.93,90.41,100.38,4.89,24.24
2008-11-17,1.48,26.89,82.7,100.49,4.49,23.66
2008-11-18,0.79,27.13,80.96,100.62,3.55,23.52
2008-11-19,0.77,27.12,80.5,100.78,3.69,23.42
2008-11-20,0.02,26.75,77.98,100.89,3.81,22.39
2008-11-21,0.1,26.21,81.71,100.92,3.56,22.73
2008-11-22,2.64,26.2,80.81,100.98,4.02,22.48
2008-11-23,0.07,26.53,80.01,100.99,4.61,22.72
2008-11-24,0.0,25.84,72.42,100.96,3.85,20.32
2008-11-25,0.0,24.86,67.87,101.0,4.86,18.31
2008-11-26,0.0,24.72,69.29,100.96,5.93,18.59
2008-11-27,0.36,24.65,75.47,100.95,6.26,19.9
2008-11-28,8.71,24.96,86.05,101.05,5.49,22.42
2008-11-29,0.33,24.95,83.31,101.15,4.17,21.85
2008-11-30,0.61,24.89,80.11,101.12,3.31,21.1
2008-12-01,0.01,24.94,77.72,101.03,2.83,20.66
2008-12-02,0.0,24.96,73.75,100.85,2.2,19.85
2008-12-03,0.0,25.3,69.62,100.77,1.4,19.25
2008-12-04,0.0,24.64,74.76,100.85,2.68,19.66
2008-12-05,0.0,24.74,74.15,101.09,3.66,19.66
2008-12-06,0.0,24.82,76.62,101.05,3.17,20.29
2008-12-07,0.0,25.41,74.5,100.94,2.68,20.41
2008-12-08,0.0,25.35,74.08,101.03,2.95,20.3
2008-12-09,0.0,25.19,75.7,100.99,2.59,20.47
2008-12-10,0.0,24.87,76.97,100.94,1.76,20.42
2008-12-11,0.0,25.24,74.67,100.92,1.96,20.24
2008-12-12,0.0,25.14,78.27,100.84,2.36,20.88
2008-12-13,0.0,24.85,77.07,101.04,3.2,20.35
2008-12-14,0.0,24.67,73.25,101.07,2.6,19.2
2008-12-15,0.0,24.73,69.75,100.99,2.2,18.5
2008-12-16,0.0,24.43,77.83,100.98,2.4,20.08
2008-12-17,0.0,24.47,75.24,101.1,3.42,19.52
2008-12-18,0.0,24.18,74.6,101.06,3.75,19.16
2008-12-19,0.0,24.1,70.85,100.99,3.21,18.25
2008-12-20,0.0,24.64,68.12,101.02,1.94,18.23
2008-12-21,0.0,25.21,63.92,100.92,1.25,17.77
2008-12-22,0.0,24.86,71.49,101.0,2.09,19.19
2008-12-23,1.39,24.72,78.66,101.03,3.21,20.63
2008-12-24,0.22,24.99,75.0,101.03,2.54,20.12
2008-12-25,0.03,24.83,74.81,101.01,2.65,19.72
2008-12-26,0.05,24.51,76.33,100.97,1.88,19.77
2008-12-27,0.18,24.79,70.99,100.96,1.65,18.53
2008-12-28,0.0,24.46,66.82,100.92,1.68,17.59
2008-12-29,0.0,24.48,66.05,100.97,1.72,17.53
2008-12-30,0.0,24.68,61.25,101.03,1.6,16.55
2008-12-31,0.0,24.6,64.61,100.98,1.89,17.28
2009-01-01,0.0,24.7,68.4,100.98,2.23,18.3
2009-01-02,0.0,24.35,70.41,101.11,3.03,18.37
2009-01-03,0.05,23.89,70.6,101.19,2.9,18.0
2009-01-04,0.0,23.83,71.56,101.07,2.29,18.19
2009-01-05,0.0,24.43,66.99,100.9,2.04,17.72
2009-01-06,0.0,24.53,66.67,100.93,1.94,17.77
2009-01-07,0.0,24.29,68.68,101.08,2.71,17.99
2009-01-08,0.0,24.37,71.28,101.28,3.72,18.66
2009-01-09,0.0,24.1,77.18,101.33,4.64,19.59
2009-01-10,0.35,23.95,75.23,101.32,3.91,19.0
2009-01-11,0.0,24.1,70.61,101.31,3.03,18.07
2009-01-12,0.0,24.25,69.49,101.46,3.0,17.97
2009-01-13,0.0,24.41,74.51,101.53,4.01,19.32
2009-01-14,0.0,24.33,71.62,101.53,4.37,18.69
2009-01-15,0.0,24.21,69.33,101.47,3.68,18.0
2009-01-16,0.0,24.07,71.94,101.4,2.93,18.45
2009-01-17,0.0,24.12,73.25,101.23,2.39,18.77
2009-01-18,0.0,24.04,72.85,101.12,2.16,18.57
2009-01-19,0.0,24.07,71.01,101.03,2.03,18.15
2009-01-20,0.0,24.34,64.69,101.03,1.9,16.69
2009-01-21,0.0,24.64,63.37,101.01,1.81,16.71
2009-01-22,0.0,24.29,66.07,100.9,1.72,16.99
2009-01-23,0.0,24.25,67.47,100.79,1.31,17.46
2009-01-24,0.0,24.54,67.32,100.82,1.61,17.7
2009-01-25,0.0,24.5,71.73,100.86,1.36,18.78
2009-01-26,0.0,24.76,68.46,100.87,1.61,18.12
2009-01-27,0.0,25.34,62.42,100.85,2.5,16.76
2009-01-28,0.0,25.73,61.6,100.79,2.8,16.59
2009-01-29,0.0,25.75,63.24,100.88,1.85,17.58
2009-01-30,0.0,25.42,74.66,100.91,2.15,20.32
2009-01-31,0.0,25.68,75.0,100.84,2.05,20.64
2009-02-01,0.0,26.14,73.27,100.88,2.82,20.54
2009-02-02,0.0,26.02,72.61,100.96,2.88,20.32
2009-02-03,0.0,25.76,74.95,100.98,2.52,20.79
2009-02-04,0.0,26.05,75.06,101.01,2.43,20.97
2009-02-05,0.0,25.88,75.68,101.01,2.24,20.99
2009-02-06,0.0,25.87,70.16,100.99,1.86,19.78
2009-02-07,0.0,25.79,67.94,100.93,1.99,19.22
2009-02-08,0.0,25.75,69.63,101.09,1.93,19.48
2009-02-09,0.0,25.76,69.94,101.09,2.2,19.68
2009-02-10,0.0,25.46,71.06,100.96,2.39,19.64
2009-02-11,0.0,25.77,66.47,100.82,2.95,18.69
2009-02-12,0.0,26.77,64.17,100.68,2.62,18.75
2009-02-13,0.0,26.65,65.74,100.66,2.4,18.72
2009-02-14,0.0,26.41,70.94,100.68,2.0,20.22
2009-02-15,0.0,26.37,69.66,100.64,2.1,19.7
2009-02-16,0.0,25.84,71.54,100.83,2.05,19.88
2009-02-17,0.0,25.88,71.53,100.9,2.54,19.96
2009-02-18,0.0,26.17,64.38,100.77,1.7,18.49
2009-02-19,0.0,26.26,65.75,100.68,1.77,18.95
2009-02-20,0.0,26.2,71.55,100.9,2.52,20.25
2009-02-21,0.0,26.58,66.37,100.84,2.3,19.1
2009-02-22,0.0,27.51,57.04,100.56,2.21,17.38
2009-02-23,0.0,27.76,61.29,100.57,2.96,18.76
2009-02-24,0.0,28.66,66.0,100.5,4.14,20.63
2009-02-25,0.0,29.17,63.33,100.38,3.97,20.21
2009-02-26,0.0,28.8,58.81,100.43,2.81,17.69
2009-02-27,0.0,28.49,69.77,100.54,3.5,21.55
2009-02-28,0.0,28.74,63.42,100.51,3.33,19.86
2009-03-01,0.0,27.96,71.51,100.55,1.88,21.64
2009-03-02,0.0,27.27,73.76,100.62,2.09,21.36
2009-03-03,0.0,27.47,72.28,100.55,2.85,21.04
2009-03-04,0.0,28.13,69.28,100.49,3.08,20.78
2009-03-05,0.0,29.03,66.24,100.37,3.9,20.66
2009-03-06,0.01,28.74,56.62,100.43,2.82,16.97
2009-03-07,0.0,27.95,71.51,100.52,2.46,21.33
2009-03-08,0.0,28.09,65.73,100.53,3.25,20.03
2009-03-09,0.0,27.49,66.99,100.68,2.6,20.07
2009-03-10,1.34,27.76,62.39,100.9,3.3,19.2
2009-03-11,0.0,29.2,50.55,100.76,2.26,16.82
2009-03-12,0.0,29.22,54.71,100.64,2.2,18.02
2009-03-13,0.02,28.05,64.99,100.86,2.72,20.14
2009-03-14,0.85,26.99,61.62,100.85,2.8,17.87
2009-03-15,1.18,27.17,55.95,100.68,1.79,16.49
2009-03-16,1.43,27.22,67.64,100.66,1.97,20.26
2009-03-17,0.0,27.48,67.85,100.65,1.89,20.43
2009-03-18,0.01,27.8,69.03,100.61,2.12,21.04
2009-03-19,0.15,28.05,70.89,100.56,2.61,21.68
2009-03-20,0.34,28.07,71.74,100.57,3.32,21.85
2009-03-21,2.04,28.37,70.38,100.5,3.55,21.74
2009-03-22,6.0,27.78,72.21,100.53,2.75,21.94
2009-03-23,0.09,28.34,68.55,100.7,2.59,21.56
2009-03-24,0.07,28.29,67.47,100.76,2.69,21.12
2009-03-25,0.85,28.48,64.77,100.69,2.81,20.56
2009-03-26,0.08,28.95,64.18,100.53,3.74,20.8
2009-03-27,0.01,28.8,66.16,100.55,3.58,21.1
2009-03-28,0.03,28.52,71.44,100.62,3.54,22.39
2009-03-29,0.0,28.69,70.59,100.53,4.14,22.31
2009-03-30,0.01,29.24,69.07,100.42,4.55,22.41
2009-03-31,0.01,29.64,67.61,100.3,4.67,22.3
2009-04-01,0.22,29.6,66.46,100.41,3.68,22.0
2009-04-02,0.01,29.05,70.19,100.49,3.64,22.4
2009-04-03,0.01,29.29,69.4,100.52,3.64,22.49
2009-04-04,0.0,30.01,65.68,100.46,4.73,22.01
2009-04-05,0.0,30.23,64.83,100.48,4.93,22.16
2009-04-06,0.04,30.45,65.12,100.33,4.63,22.24
2009-04-07,0.41,30.31,67.81,100.28,4.21,23.0
2009-04-08,0.69,30.11,67.83,100.35,3.3,23.02
2009-04-09,0.0,29.77,66.37,100.47,2.54,22.5
2009-04-10,0.0,29.53,64.62,100.45,2.15,21.77
2009-04-11,0.0,30.06,57.58,100.38,1.94,20.24
2009-04-12,0.0,30.06,61.69,100.31,2.33,21.38
2009-04-13,0.0,29.57,63.07,100.15,2.72,21.11
2009-04-14,0.0,29.33,65.54,100.15,2.78,21.44
2009-04-15,0.41,29.5,71.78,100.2,3.33,23.59
2009-04-16,0.58,29.77,72.78,100.01,3.23,24.18
2009-04-17,0.19,30.44,70.83,99.93,4.21,24.29
2009-04-18,0.5,30.8,73.4,100.18,4.91,25.15
2009-04-19,0.44,31.1,69.06,100.33,5.44,24.25
2009-04-20,0.37,31.24,70.01,100.11,5.49,24.45
2009-04-21,0.16,31.2,72.98,99.88,5.09,25.31
2009-04-22,0.01,31.51,70.96,99.96,5.13,25.11
2009-04-23,0.02,30.96,70.29,100.22,5.07,24.41
2009-04-24,0.01,30.06,72.8,100.31,3.66,24.19
2009-04-25,0.0,29.77,73.74,100.46,3.33,24.2
2009-04-26,0.0,30.54,69.24,100.46,3.92,23.79
2009-04-27,0.88,30.78,68.11,100.41,4.19,23.66
2009-04-28,0.16,30.31,72.27,100.39,4.93,24.35
2009-04-29,0.0,30.31,70.25,100.36,5.44,23.76
2009-04-30,0.02,30.68,70.77,100.23,5.74,24.21
2009-05-01,0.66,30.88,71.21,100.19,5.82,24.49
2009-05-02,4.73,30.53,71.97,100.25,4.98,24.46
2009-05-03,5.34,29.42,79.3,100.27,4.59,25.32
2009-05-04,3.84,29.42,76.56,100.26,3.81,24.65
2009-05-05,0.15,30.52,68.25,100.29,3.37,23.61
2009-05-06,0.01,31.66,66.4,100.18,4.09,23.86
2009-05-07,0.02,31.93,66.55,100.04,4.96,24.34
2009-05-08,0.02,31.69,67.23,100.04,4.57,24.4
2009-05-09,0.55,31.46,68.5,99.97,5.26,24.49
2009-05-10,0.64,31.83,69.79,99.83,4.97,25.08
2009-05-11,0.11,32.12,69.22,99.8,4.72,25.08
2009-05-12,0.32,31.1,75.63,99.92,5.07,25.99
2009-05-13,0.41,30.89,74.21,99.84,4.71,25.43
2009-05-14,0.58,31.13,73.64,99.68,4.42,25.56
2009-05-15,0.73,29.98,73.61,99.95,4.43,24.66
2009-05-16,0.37,30.58,72.54,100.11,4.07,24.75
2009-05-17,2.1,29.83,72.67,100.25,3.45,24.22
2009-05-18,0.97,29.92,76.36,100.17,3.82,25.2
2009-05-19,0.48,30.14,77.57,100.11,3.69,25.63
2009-05-20,0.73,30.45,74.7,99.96,3.08,25.21
2009-05-21,2.02,29.37,78.68,100.01,2.1,25.22
2009-05-22,0.65,30.57,70.28,99.86,1.84,24.34
2009-05-23,1.99,30.58,71.37,99.61,1.85,24.63
2009-05-24,3.64,31.6,69.17,99.21,3.1,24.75
2009-05-25,3.33,32.24,66.08,99.15,3.02,24.56
2009-05-26,0.97,31.87,69.4,99.46,5.02,25.2
2009-05-27,1.67,31.5,72.55,99.73,4.11,25.7
2009-05-28,1.68,31.31,75.04,99.83,3.82,26.12
2009-05-29,3.27,30.57,78.57,99.94,2.81,26.25
2009-05-30,2.68,30.09,73.89,99.97,2.85,24.71
2009-05-31,1.68,30.42,73.03,99.94,4.57,24.84
2009-06-01,0.62,31.52,67.05,99.89,5.06,24.24
2009-06-02,0.66,32.38,62.47,99.81,4.33,23.82
2009-06-03,0.43,33.91,56.74,99.72,2.46,23.45
2009-06-04,4.79,32.99,59.36,99.57,2.29,23.58
2009-06-05,2.92,31.67,67.92,99.47,3.28,24.72
2009-06-06,3.21,30.88,70.96,99.46,5.21,24.83
2009-06-07,1.44,31.04,68.12,99.63,5.19,24.29
2009-06-08,0.43,31.79,66.75,99.64,4.69,24.32
2009-06-09,0.22,32.38,67.54,99.78,2.81,24.98
2009-06-10,2.51,31.67,72.12,99.91,2.87,25.64
2009-06-11,4.61,30.2,72.66,100.1,4.23,24.63
2009-06-12,1.48,29.95,71.22,100.08,5.05,23.97
2009-06-13,0.28,30.61,70.85,100.16,4.98,24.35
2009-06-14,0.49,31.25,70.47,100.1,4.08,24.89
2009-06-15,1.08,30.87,72.47,99.99,4.61,25.21
2009-06-16,1.03,31.24,69.12,99.83,4.98,24.58
2009-06-17,0.34,30.19,76.12,99.85,3.53,25.4
2009-06-18,0.85,30.58,76.76,99.74,4.76,25.84
2009-06-19,2.82,29.67,76.88,99.9,5.87,25.01
2009-06-20,1.69,29.92,75.71,99.89,5.42,25.05
2009-06-21,0.62,30.99,67.07,99.92,4.77,23.8
2009-06-22,0.54,31.53,65.3,99.79,5.19,23.87
2009-06-23,0.78,30.86,66.89,99.68,5.04,23.8
2009-06-24,15.58,29.02,77.79,99.75,4.41,24.64
2009-06-25,7.66,28.67,82.68,99.77,3.85,25.39
2009-06-26,9.51,29.11,76.27,99.69,3.97,24.39
2009-06-27,27.5,28.76,82.01,99.57,4.71,25.32
2009-06-28,7.73,29.04,81.35,99.6,5.3,25.46
2009-06-29,0.78,29.75,76.75,99.72,5.17,25.12
2009-06-30,9.22,29.28,82.17,99.92,4.4,25.88
2009-07-01,10.4,28.55,86.88,100.01,4.17,26.14
2009-07-02,7.17,28.24,85.84,99.84,4.88,25.62
2009-07-03,3.33,29.01,81.03,99.65,4.38,25.34
2009-07-04,6.41,28.57,82.66,99.63,5.06,25.29
2009-07-05,6.87,28.6,81.82,99.62,5.12,25.13
2009-07-06,10.23,28.5,82.38,99.68,5.56,25.16
2009-07-07,10.06,28.13,84.37,99.72,6.17,25.22
2009-07-08,7.4,27.94,83.11,99.69,7.49,24.75
2009-07-09,6.06,27.92,81.19,99.84,6.96,24.35
2009-07-10,2.41,28.88,76.62,99.94,5.77,24.22
2009-07-11,1.73,29.45,75.15,99.96,5.05,24.43
2009-07-12,1.35,29.72,75.1,99.67,4.86,24.71
2009-07-13,20.51,28.25,81.62,99.4,7.13,24.76
2009-07-14,21.9,28.2,80.62,99.27,8.27,24.48
2009-07-15,12.55,27.86,81.23,99.36,8.31,24.31
2009-07-16,0.94,28.82,79.4,99.57,6.68,24.81
2009-07-17,0.8,29.51,77.72,99.58,4.36,25.05
2009-07-18,1.7,28.86,81.51,99.74,4.46,25.3
2009-07-19,8.56,28.45,82.37,99.76,5.02,25.11
2009-07-20,9.93,27.73,84.47,99.55,6.27,24.83
2009-07-21,5.51,28.23,81.32,99.56,7.24,24.66
2009-07-22,2.85,28.73,79.94,99.69,5.52,24.85
2009-07-23,0.74,28.96,79.36,99.89,4.43,24.9
2009-07-24,0.14,29.05,77.35,100.06,3.2,24.57
2009-07-25,0.65,29.09,77.26,99.98,3.19,24.61
2009-07-26,3.74,28.65,81.08,99.87,4.05,25.02
2009-07-27,3.55,28.03,85.04,99.84,4.75,25.23
2009-07-28,1.53,28.88,80.76,99.86,4.22,25.1
2009-07-29,1.28,28.13,85.25,100.03,4.66,25.39
2009-07-30,2.69,29.14,81.58,100.03,4.38,25.56
2009-07-31,8.29,29.14,82.26,99.98,4.24,25.75
2009-08-01,5.65,29.29,81.6,99.86,2.83,25.74
2009-08-02,1.42,29.54,77.05,99.85,2.83,24.99
2009-08-03,0.45,29.76,74.75,99.84,2.96,24.65
2009-08-04,2.0,29.63,75.18,99.83,3.27,24.67
2009-08-05,1.53,29.25,79.95,99.82,3.05,25.33
2009-08-06,0.1,29.98,74.54,99.78,2.49,24.83
2009-08-07,1.84,28.93,78.88,99.81,4.23,24.84
2009-08-08,0.4,29.16,76.65,99.76,3.25,24.56
2009-08-09,1.15,29.83,75.43,99.66,3.73,24.87
2009-08-10,23.08,28.01,83.84,99.65,4.91,24.99
2009-08-11,10.15,28.98,82.15,99.74,4.86,25.55
2009-08-12,0.63,29.77,79.86,99.81,3.91,25.82
2009-08-13,0.96,29.61,81.46,99.85,3.36,26.06
2009-08-14,6.11,29.09,86.89,99.88,3.53,26.67
2009-08-15,2.98,27.93,88.52,100.07,3.99,25.87
2009-08-16,1.8,28.15,83.32,100.11,2.83,25.04
2009-08-17,3.39,28.24,82.89,100.25,2.13,25.05
2009-08-18,4.47,28.04,86.14,100.34,2.44,25.51
2009-08-19,4.53,27.76,85.89,100.45,3.67,25.18
2009-08-20,5.73,27.69,82.27,100.49,3.33,24.36
2009-08-21,4.42,27.86,82.68,100.39,3.76,24.62
2009-08-22,4.26,28.06,83.33,100.22,4.37,24.92
2009-08-23,7.33,27.95,85.21,100.08,3.72,25.21
2009-08-24,3.39,27.83,86.03,99.97,3.77,25.25
2009-08-25,6.63,27.43,87.57,99.83,4.72,25.18
2009-08-26,3.37,28.34,81.13,99.79,5.55,24.71
2009-08-27,1.4,28.97,79.24,99.68,5.49,24.93
2009-08-28,0.44,29.04,80.56,99.85,4.12,25.28
2009-08-29,0.74,29.25,78.52,100.02,2.74,25.02
2009-08-30,14.25,29.01,81.22,100.15,1.42,25.42
2009-08-31,12.36,27.72,88.11,100.14,1.97,25.57
2009-09-01,2.72,27.58,84.0,100.01,1.41,24.64
2009-09-02,4.09,27.92,82.8,99.87,1.3,24.7
2009-09-03,4.24,28.11,85.79,99.79,3.68,25.49
2009-09-04,2.57,28.8,82.72,99.73,4.82,25.49
2009-09-05,4.16,28.01,88.59,99.59,5.9,25.95
2009-09-06,3.96,28.36,85.27,99.41,5.52,25.6
2009-09-07,2.18,29.44,80.24,99.49,4.55,25.53
2009-09-08,0.37,29.01,82.44,99.72,4.64,25.64
2009-09-09,0.06,29.31,80.97,99.96,4.51,25.59
2009-09-10,0.36,28.88,82.39,100.12,3.59,25.54
2009-09-11,0.17,28.79,82.43,100.28,2.46,25.44
2009-09-12,0.09,29.29,78.79,100.44,1.9,25.14
2009-09-13,0.14,29.81,77.48,100.41,2.34,25.34
2009-09-14,0.58,29.99,77.4,100.33,3.04,25.47
2009-09-15,0.61,30.71,68.69,100.08,1.79,24.02
2009-09-16,0.34,30.43,69.43,100.04,1.59,24.01
2009-09-17,0.24,29.84,69.28,100.22,1.91,23.49
2009-09-18,3.32,28.32,79.62,100.33,1.4,24.45
2009-09-19,1.89,28.3,82.62,100.36,1.87,25.04
2009-09-20,1.68,28.79,78.18,100.39,1.2,24.57
2009-09-21,1.03,28.72,79.24,100.42,1.27,24.73
2009-09-22,2.22,28.4,80.4,100.4,1.95,24.64
2009-09-23,5.07,28.87,82.45,100.28,3.71,25.53
2009-09-24,3.86,29.63,78.4,100.19,3.12,25.35
2009-09-25,4.31,29.61,79.04,100.06,2.1,25.52
2009-09-26,4.23,28.29,83.56,100.06,1.71,25.24
2009-09-27,5.6,28.31,82.52,99.95,2.76,25.01
2009-09-28,13.38,27.68,83.55,99.79,2.16,24.59
2009-09-29,45.18,27.97,87.97,99.52,2.84,25.79
2009-09-30,29.05,27.75,88.33,99.56,3.68,25.65
2009-10-01,9.53,28.19,89.01,99.46,5.38,26.23
2009-10-02,13.89,28.1,87.25,99.76,4.75,25.8
2009-10-03,20.15,27.84,88.95,99.79,3.7,25.87
2009-10-04,14.84,28.3,86.45,99.93,4.68,25.81
2009-10-05,3.31,28.11,87.38,100.01,3.82,25.81
2009-10-06,1.31,27.9,87.78,99.99,4.6,25.68
2009-10-07,3.32,28.39,87.61,100.0,4.53,26.14
2009-10-08,1.7,29.05,75.71,100.12,1.71,24.14
2009-10-09,0.12,29.02,67.13,100.24,1.26,22.11
2009-10-10,0.0,29.16,68.59,100.5,1.1,22.74
2009-10-11,0.0,28.85,68.38,100.68,1.08,22.29
2009-10-12,0.0,28.44,70.21,100.74,1.44,22.44
2009-10-13,0.19,28.47,68.25,100.75,1.13,21.98
2009-10-14,0.03,28.1,69.87,100.75,1.8,21.99
2009-10-15,0.0,27.82,68.21,100.71,1.31,21.37
2009-10-16,0.0,27.78,64.69,100.67,1.17,20.48
2009-10-17,0.0,28.17,63.89,100.57,0.85,20.56
2009-10-18,0.04,28.16,67.54,100.51,1.13,21.44
2009-10-19,0.0,28.16,68.73,100.66,1.38,21.69
2009-10-20,0.0,28.32,62.25,100.75,1.9,20.12
2009-10-21,0.0,28.09,57.71,100.83,1.57,18.74
2009-10-22,0.0,28.04,55.51,100.87,2.02,18.09
2009-10-23,0.0,27.13,56.19,100.76,2.25,17.22
2009-10-24,0.0,26.23,56.49,100.69,2.57,16.66
2009-10-25,0.0,26.64,62.5,100.72,2.85,18.7
2009-10-26,0.0,26.67,65.36,100.78,3.02,19.44
2009-10-27,0.0,26.86,66.3,100.8,3.17,19.88
2009-10-28,0.0,27.51,69.24,100.85,3.47,21.23
2009-10-29,0.01,27.35,71.76,100.95,3.51,21.68
2009-10-30,0.47,26.89,65.87,100.92,3.29,19.62
2009-10-31,0.61,26.5,67.25,100.82,3.17,19.62
2009-11-01,0.0,26.07,69.72,100.83,3.61,19.91
2009-11-02,0.22,26.32,74.59,100.9,4.64,21.31
2009-11-03,4.77,26.66,80.47,100.93,5.74,22.93
2009-11-04,2.86,27.06,80.71,100.97,5.54,23.41
2009-11-05,3.11,27.03,80.66,100.87,5.58,23.36
2009-11-06,24.69,26.51,85.7,100.77,4.27,23.91
2009-11-07,15.45,26.31,85.24,100.68,3.61,23.61
2009-11-08,1.43,26.77,83.38,100.63,3.48,23.64
2009-11-09,0.84,27.1,83.44,100.53,3.19,23.98
2009-11-10,0.25,27.24,79.78,100.3,3.4,23.38
2009-11-11,10.82,26.78,81.42,100.24,4.06,23.32
2009-11-12,8.35,27.11,90.12,100.4,3.24,25.36
2009-11-13,0.91,27.39,86.65,100.71,2.43,24.96
2009-11-14,0.11,27.15,82.75,100.65,2.04,23.89
2009-11-15,0.04,26.93,80.89,100.51,1.49,23.29
2009-11-16,2.7,27.01,83.04,100.57,1.79,23.81
2009-11-17,20.26,26.55,87.26,100.67,2.07,24.27
2009-11-18,8.05,26.56,85.63,100.72,2.09,23.96
2009-11-19,5.28,26.77,82.98,100.87,1.86,23.61
2009-11-20,5.17,26.04,87.01,101.05,4.22,23.7
2009-11-21,1.13,26.27,84.48,101.05,4.38,23.43
2009-11-22,0.58,25.98,82.93,101.03,4.8,22.84
2009-11-23,0.0,25.33,76.76,101.11,4.2,20.84
2009-11-24,0.0,25.02,68.88,101.1,3.18,18.79
2009-11-25,0.0,24.83,64.84,101.02,2.26,17.65
2009-11-26,0.0,24.4,61.91,100.93,2.88,16.44
2009-11-27,0.0,24.03,64.93,101.04,3.43,16.86
2009-11-28,0.0,23.92,62.11,101.16,3.71,15.95
2009-11-29,0.0,23.67,61.91,101.17,3.64,15.74
2009-11-30,0.0,23.46,65.0,101.16,3.56,16.29
2009-12-01,0.0,23.63,69.83,101.15,4.19,17.58
2009-12-02,0.0,23.52,74.99,101.15,4.14,18.64
2009-12-03,0.0,23.82,75.63,101.14,3.96,19.07
2009-12-04,0.0,23.7,74.54,101.07,3.46,18.69
2009-12-05,0.0,24.02,71.34,100.97,3.07,18.38
2009-12-06,0.0,24.4,68.39,100.89,2.73,18.09
2009-12-07,0.0,24.33,71.07,100.94,2.63,18.63
2009-12-08,0.0,24.36,74.32,100.98,3.44,19.33
2009-12-09,0.0,24.37,73.75,101.0,3.49,19.15
2009-12-10,0.0,24.38,70.56,100.94,3.64,18.44
2009-12-11,0.0,24.32,72.13,100.9,4.08,18.84
2009-12-12,0.0,24.07,75.48,100.91,4.48,19.29
2009-12-13,0.0,24.33,72.71,100.99,4.33,18.83
2009-12-14,0.0,24.95,71.72,101.09,4.15,19.3
2009-12-15,0.0,25.27,71.93,101.17,3.76,19.69
2009-12-16,0.35,24.9,72.27,101.15,3.3,19.36
2009-12-17,1.31,24.83,72.6,101.16,2.74,19.41
2009-12-18,0.67,25.05,75.04,101.18,3.14,20.17
2009-12-19,0.0,25.04,76.88,101.29,3.82,20.5
2009-12-20,0.0,24.91,78.71,101.37,4.6,20.8
2009-12-21,0.0,24.98,74.91,101.29,4.38,20.05
2009-12-22,0.21,24.7,70.23,101.16,3.81,18.67
2009-12-23,0.55,24.44,63.26,101.16,3.58,16.66
2009-12-24,0.03,23.8,58.22,101.15,3.93,14.27
2009-12-25,0.0,22.88,56.28,101.11,3.73,13.07
2009-12-26,0.0,23.26,61.41,101.0,2.46,14.95
2009-12-27,0.0,23.96,59.64,100.97,2.64,15.34
2009-12-28,0.0,23.71,63.74,100.93,2.73,16.1
2009-12-29,0.0,23.67,63.77,100.94,2.9,16.07
2009-12-30,0.02,23.99,64.36,100.9,2.44,16.65
2009-12-31,0.02,24.67,64.93,100.87,1.82,17.55
2010-01-01,0.05,24.4,70.88,100.99,3.21,18.65
2010-01-02,0.02,23.53,65.28,101.18,3.85,16.18
2010-01-03,0.0,22.71,51.85,101.13,3.32,11.19
2010-01-04,0.0,22.4,59.47,100.94,2.39,13.7
2010-01-05,0.0,23.68,59.21,100.78,2.99,14.73
2010-01-06,0.0,23.4,69.18,100.88,3.58,16.98
2010-01-07,0.0,23.02,68.23,101.01,4.08,16.38
2010-01-08,0.01,23.93,68.79,101.01,4.62,17.47
2010-01-09,0.18,24.55,73.71,100.99,3.87,19.43
2010-01-10,0.16,25.29,78.81,101.0,3.55,21.26
2010-01-11,0.07,25.49,79.37,101.1,3.0,21.55
2010-01-12,0.18,25.35,80.71,101.09,2.64,21.72
2010-01-13,2.6,25.46,77.34,101.16,2.31,21.15
2010-01-14,0.77,25.31,75.64,101.3,2.43,20.66
2010-01-15,0.01,24.77,77.0,101.44,4.31,20.39
2010-01-16,0.02,24.71,73.26,101.52,3.72,19.48
2010-01-17,0.0,24.83,73.36,101.45,2.79,19.57
2010-01-18,0.04,24.63,70.69,101.36,2.25,18.83
2010-01-19,0.0,24.95,65.7,101.17,2.0,17.75
2010-01-20,0.0,23.87,60.72,101.28,2.64,15.3
2010-01-21,0.0,23.1,62.13,101.21,3.41,14.89
2010-01-22,0.0,23.13,61.68,101.17,3.39,14.84
2010-01-23,0.0,23.27,61.97,101.18,3.25,15.01
2010-01-24,0.0,23.45,62.32,101.1,2.77,15.49
2010-01-25,0.0,23.95,61.93,101.11,2.69,15.91
2010-01-26,0.0,24.38,67.3,101.18,2.65,17.63
2010-01-27,0.0,24.4,65.96,101.19,2.89,17.35
2010-01-28,0.0,24.28,64.88,101.24,2.9,16.99
2010-01-29,0.0,24.61,63.53,101.2,2.68,17.02
2010-01-30,0.0,24.72,64.11,101.15,1.9,16.96
2010-01-31,0.0,24.36,62.35,101.18,1.99,16.25
2010-02-01,0.0,23.83,66.88,101.15,2.43,16.91
2010-02-02,0.0,23.82,66.54,101.08,2.11,16.88
2010-02-03,0.0,24.79,60.88,101.03,1.54,16.33
2010-02-04,0.3,25.2,59.29,101.09,1.4,16.44
2010-02-05,0.08,25.11,67.91,101.15,1.97,18.47
2010-02-06,0.0,24.93,69.7,101.2,2.4,18.64
2010-02-07,0.0,24.48,61.27,101.18,2.29,15.75
2010-02-08,0.0,24.65,57.74,100.95,1.5,15.24
2010-02-09,0.0,24.35,65.66,100.87,2.3,16.94
2010-02-10,0.0,24.31,66.49,100.92,1.75,17.14
2010-02-11,0.04,24.53,67.18,101.08,2.48,17.61
2010-02-12,0.02,25.06,71.01,101.08,2.18,18.92
2010-02-13,0.0,25.42,68.87,100.92,2.51,18.59
2010-02-14,0.0,25.75,63.34,100.8,1.84,17.5
2010-02-15,0.0,25.86,68.49,100.82,1.74,19.15
2010-02-16,0.0,25.98,70.24,100.93,1.76,19.7
2010-02-17,0.0,26.45,69.61,100.9,2.67,19.86
2010-02-18,0.0,27.77,59.86,100.88,2.4,18.59
2010-02-19,0.06,27.57,62.2,101.0,1.95,19.27
2010-02-20,0.05,27.32,67.66,100.99,2.31,20.35
2010-02-21,0.0,27.31,67.61,101.0,2.21,20.54
2010-02-22,0.0,27.01,71.02,100.94,2.09,21.04
2010-02-23,0.05,27.43,70.45,100.73,3.07,21.16
2010-02-24,0.15,27.72,75.18,100.55,3.95,22.65
2010-02-25,0.06,28.35,69.16,100.63,3.67,21.45
2010-02-26,0.19,28.0,67.93,100.79,2.45,21.09
2010-02-27,0.19,27.9,65.86,100.76,2.15,20.1
2010-02-28,0.0,27.57,65.32,100.81,2.23,19.44
2010-03-01,0.0,27.3,72.26,100.89,3.04,21.05
2010-03-02,0.0,28.12,65.64,100.76,3.7,20.32
2010-03-03,0.0,28.85,60.58,100.58,4.51,19.5
2010-03-04,0.0,28.45,64.07,100.57,4.43,20.35
2010-03-05,0.0,28.73,66.47,100.56,4.61,21.25
2010-03-06,0.0,28.84,67.8,100.65,4.27,21.79
2010-03-07,0.0,29.02,70.96,100.69,3.93,22.65
2010-03-08,0.04,28.7,75.44,100.74,2.96,23.63
2010-03-09,0.07,28.27,74.91,100.91,2.34,23.12
2010-03-10,0.0,28.06,68.99,101.04,1.76,21.51
2010-03-11,0.0,28.54,64.98,101.13,1.76,20.93
2010-03-12,0.0,29.02,67.49,101.12,2.52,21.97
2010-03-13,0.01,29.45,65.48,100.87,3.46,21.81
2010-03-14,0.0,29.89,65.2,100.62,3.78,21.81
2010-03-15,0.04,29.91,66.56,100.57,3.69,22.09
2010-03-16,6.38,29.18,71.17,100.72,3.53,22.91
2010-03-17,0.01,28.9,66.51,100.93,2.18,21.41
2010-03-18,0.1,28.6,63.72,101.09,2.0,20.34
2010-03-19,0.08,29.35,53.57,100.85,2.31,17.7
2010-03-20,0.0,29.51,58.14,100.65,3.1,19.24
2010-03-21,0.0,29.72,57.33,100.47,3.25,19.05
2010-03-22,0.0,29.59,64.73,100.24,4.12,21.15
2010-03-23,0.0,29.32,67.15,100.16,4.9,21.79
2010-03-24,0.0,29.03,70.31,100.32,4.69,22.5
2010-03-25,0.03,29.16,71.0,100.39,4.67,22.8
2010-03-26,0.03,29.27,69.6,100.45,4.57,22.63
2010-03-27,0.07,29.14,71.52,100.56,4.61,23.0
2010-03-28,0.17,29.54,73.14,100.57,4.65,23.84
2010-03-29,0.59,30.42,70.57,100.57,5.05,23.93
2010-03-30,0.47,30.4,71.97,100.47,5.1,24.28
2010-03-31,1.36,30.01,75.18,100.43,5.74,24.77
2010-04-01,0.47,30.18,76.12,100.33,4.85,25.11
2010-04-02,0.06,30.25,77.19,100.37,4.79,25.36
2010-04-03,0.04,30.34,74.19,100.45,4.52,24.6
2010-04-04,0.0,30.57,70.79,100.56,4.71,24.09
2010-04-05,0.0,31.13,66.8,100.44,4.39,23.43
2010-04-06,0.0,30.73,68.34,100.42,4.34,23.67
2010-04-07,0.06,30.18,69.78,100.61,3.69,23.37
2010-04-08,0.01,30.19,69.48,100.73,3.51,23.28
2010-04-09,0.02,31.23,62.64,100.44,4.42,22.18
2010-04-10,0.1,31.04,68.53,100.14,5.62,23.88
2010-04-11,0.03,30.87,71.42,100.16,4.82,24.55
2010-04-12,0.04,30.37,74.4,100.21,5.16,24.96
2010-04-13,0.12,30.67,73.03,100.21,5.09,24.83
2010-04-14,0.18,30.29,76.45,100.29,4.64,25.41
2010-04-15,0.14,30.06,75.01,100.46,4.13,24.78
2010-04-16,0.02,29.74,73.95,100.53,4.41,24.33
2010-04-17,0.01,30.31,71.78,100.51,5.46,24.19
2010-04-18,0.01,30.61,72.01,100.39,5.7,24.46
2010-04-19,0.05,30.78,74.06,100.24,6.0,25.08
2010-04-20,0.06,30.77,74.95,100.08,5.17,25.45
2010-04-21,1.42,30.66,75.01,100.18,5.3,25.35
2010-04-22,0.35,31.13,70.3,100.26,4.81,24.38
2010-04-23,0.62,31.19,69.94,100.35,4.86,24.54
2010-04-24,0.2,31.44,66.03,100.35,4.72,23.73
2010-04-25,1.78,30.68,71.39,100.35,4.69,24.56
2010-04-26,1.06,30.69,69.53,100.61,4.42,23.85
2010-04-27,0.21,31.06,69.79,100.68,4.57,24.49
2010-04-28,0.27,31.0,71.56,100.57,4.62,24.95
2010-04-29,0.21,30.4,72.8,100.51,4.4,24.7
2010-04-30,0.09,29.95,73.93,100.6,3.39,24.54
2010-05-01,0.4,30.32,69.53,100.61,3.05,23.61
2010-05-02,0.1,30.51,66.56,100.45,2.78,23.21
2010-05-03,1.08,30.1,72.34,100.31,2.5,24.43
2010-05-04,1.43,29.69,72.25,100.19,2.4,23.86
2010-05-05,1.1,30.84,65.14,100.05,3.11,22.89
2010-05-06,1.32,30.92,69.94,100.06,3.34,24.45
2010-05-07,0.66,31.37,68.36,100.07,3.47,24.45
2010-05-08,0.11,31.85,68.08,100.1,3.95,24.86
2010-05-09,0.05,32.31,67.52,99.93,4.72,24.98
2010-05-10,0.05,32.49,68.78,99.9,4.95,25.43
2010-05-11,0.04,32.66,68.65,99.88,5.48,25.58
2010-05-12,0.03,31.62,75.05,100.0,5.1,26.44
2010-05-13,0.02,31.76,73.69,100.01,5.29,26.1
2010-05-14,0.02,30.9,76.5,100.03,5.32,26.12
2010-05-15,0.02,31.08,74.16,100.03,4.93,25.67
2010-05-16,1.85,31.46,72.36,100.02,4.65,25.61
2010-05-17,0.56,31.39,69.45,100.07,3.56,24.88
2010-05-18,8.92,30.6,74.77,100.03,3.96,25.34
2010-05-19,48.73,28.61,88.26,99.92,5.61,26.49
2010-05-20,44.51,28.9,86.69,99.82,5.27,26.47
2010-05-21,45.91,28.87,88.88,99.85,5.07,26.87
2010-05-22,13.9,28.88,90.34,99.73,6.54,27.16
2010-05-23,3.02,29.7,87.23,99.65,4.43,27.34
2010-05-24,0.78,30.1,83.98,99.7,3.4,27.0
2010-05-25,0.76,30.76,82.13,99.52,4.47,27.22
2010-05-26,0.36,32.33,70.49,99.46,4.0,25.75
2010-05-27,0.01,32.81,64.18,99.49,3.8,24.66
2010-05-28,3.12,30.7,77.12,99.76,2.75,26.05
2010-05-29,3.16,30.55,82.52,99.84,2.84,27.19
2010-05-30,0.96,30.38,81.11,99.95,4.13,26.71
2010-05-31,0.72,30.86,78.48,99.94,4.09,26.53
2010-06-01,0.02,31.37,74.97,99.98,3.83,26.23
2010-06-02,0.03,31.27,78.38,100.07,4.19,26.91
2010-06-03,0.07,31.34,79.22,100.1,3.72,27.22
2010-06-04,2.52,31.58,73.48,100.16,2.59,26.09
2010-06-05,0.61,29.77,80.9,100.0,5.62,26.11
2010-06-06,1.68,29.05,82.1,99.88,5.22,25.67
2010-06-07,2.0,30.26,77.84,99.85,4.89,25.88
2010-06-08,3.28,30.29,73.15,99.9,3.24,24.77
2010-06-09,1.74,30.81,73.85,99.87,1.91,25.4
2010-06-10,1.99,30.29,74.12,99.9,1.83,25.04
2010-06-11,8.28,29.47,79.78,99.78,3.66,25.52
2010-06-12,21.83,28.13,89.28,99.56,2.73,26.22
2010-06-13,8.27,28.88,85.44,99.69,4.39,26.19
2010-06-14,1.86,29.62,82.45,99.89,6.02,26.28
2010-06-15,2.21,29.89,78.52,99.98,5.83,25.65
2010-06-16,2.18,29.53,78.98,100.1,6.47,25.4
2010-06-17,11.37,29.19,83.5,100.06,5.75,26.07
2010-06-18,7.24,28.89,81.78,100.07,6.1,25.4
2010-06-19,33.36,28.17,88.58,100.09,5.46,26.12
2010-06-20,14.0,28.24,88.69,100.16,4.72,26.2
2010-06-21,4.92,28.39,87.06,100.07,4.72,26.01
2010-06-22,3.16,28.61,86.5,99.82,4.73,26.1
2010-06-23,16.06,28.93,84.13,99.7,3.52,25.92
2010-06-24,4.3,27.92,88.19,99.58,4.7,25.8
2010-06-25,1.52,28.42,84.67,99.55,4.02,25.53
2010-06-26,4.18,28.71,88.18,99.65,3.11,26.55
2010-06-27,0.42,28.74,87.98,99.81,3.36,26.55
2010-06-28,2.01,29.06,86.3,99.83,4.67,26.52
2010-06-29,8.19,29.26,86.62,99.79,3.58,26.79
2010-06-30,11.99,28.52,90.56,99.77,4.0,26.85
2010-07-01,14.24,27.82,89.99,99.68,3.78,26.04
2010-07-02,7.89,28.08,85.52,99.61,5.53,25.42
2010-07-03,5.95,27.87,85.28,99.73,5.56,25.16
2010-07-04,10.16,28.33,84.44,99.9,4.98,25.44
2010-07-05,37.85,27.12,89.5,100.03,4.95,25.26
2010-07-06,38.21,27.05,89.4,100.01,5.21,25.16
2010-07-07,12.66,27.65,87.87,100.13,5.16,25.45
2010-07-08,3.49,27.79,86.09,100.31,4.92,25.24
2010-07-09,1.27,28.29,84.31,100.24,5.5,25.35
2010-07-10,2.6,28.31,87.92,100.18,5.41,26.12
2010-07-11,6.86,28.41,89.27,100.15,5.56,26.48
2010-07-12,9.8,27.5,90.81,100.1,4.97,25.88
2010-07-13,1.95,27.66,87.07,100.04,4.42,25.31
2010-07-14,1.76,27.96,84.84,99.95,2.83,25.16
2010-07-15,2.2,28.54,84.7,99.75,2.0,25.68
2010-07-16,3.03,28.0,88.86,99.7,3.38,26.0
2010-07-17,1.97,27.85,89.01,99.86,3.03,25.87
2010-07-18,0.44,28.35,85.14,99.87,4.1,25.57
2010-07-19,4.78,28.39,86.98,99.79,3.45,26.0
2010-07-20,4.5,28.09,88.68,99.73,2.94,26.05
2010-07-21,10.06,28.03,87.85,99.69,3.24,25.81
2010-07-22,6.36,28.52,88.16,99.76,6.21,26.37
2010-07-23,7.15,27.98,89.46,99.74,6.02,26.1
2010-07-24,25.69,27.25,89.98,99.61,7.37,25.48
2010-07-25,23.31,27.13,86.76,99.43,7.87,24.73
2010-07-26,2.37,28.09,85.89,99.68,6.06,25.48
2010-07-27,2.86,28.04,87.04,99.93,4.38,25.67
2010-07-28,7.06,28.29,86.61,99.73,3.29,25.81
2010-07-29,8.66,27.76,89.75,99.53,1.84,25.92
2010-07-30,3.43,28.07,88.72,99.67,5.12,26.02
2010-07-31,1.92,28.12,87.81,99.94,5.13,25.9
2010-08-01,2.65,28.13,88.31,99.99,4.51,26.0
2010-08-02,5.39,27.99,88.79,99.94,3.62,25.96
2010-08-03,6.92,27.41,89.72,99.79,5.13,25.58
2010-08-04,23.95,26.99,90.32,99.7,5.54,25.28
2010-08-05,14.18,27.12,83.58,99.83,4.87,24.04
2010-08-06,5.56,26.25,83.37,99.87,6.24,23.18
2010-08-07,0.56,27.5,81.61,100.03,4.46,23.99
2010-08-08,1.42,28.2,81.64,100.0,3.42,24.69
2010-08-09,2.65,28.64,82.12,99.89,2.46,25.23
2010-08-10,1.41,28.66,83.6,99.85,2.29,25.59
2010-08-11,1.97,28.53,88.8,99.79,1.28,26.51
2010-08-12,14.3,28.47,86.55,99.84,2.12,26.0
2010-08-13,9.74,28.48,84.8,99.98,3.52,25.67
2010-08-14,2.72,28.31,86.96,100.0,3.99,25.94
2010-08-15,1.62,28.08,87.56,100.09,3.22,25.83
2010-08-16,2.02,28.05,85.31,100.17,2.6,25.35
2010-08-17,1.2,28.52,80.65,99.97,2.56,24.82
2010-08-18,6.76,28.69,85.53,99.9,3.02,26.03
2010-08-19,5.62,28.45,86.8,100.09,2.02,26.04
2010-08-20,4.75,27.66,83.41,100.36,1.64,24.59
2010-08-21,3.79,28.29,84.21,100.24,1.82,25.38
2010-08-22,0.88,28.41,83.71,100.05,1.84,25.38
2010-08-23,0.21,28.73,83.78,99.92,2.39,25.68
2010-08-24,11.88,28.82,83.97,99.81,2.35,25.84
2010-08-25,36.88,28.36,84.98,99.79,3.51,25.59
2010-08-26,31.49,28.52,88.1,99.79,3.76,26.36
2010-08-27,12.07,27.99,87.61,99.97,3.39,25.75
2010-08-28,1.84,28.3,87.17,100.05,3.81,25.97
2010-08-29,8.96,27.69,89.7,99.97,4.6,25.86
2010-08-30,14.37,26.74,87.41,99.78,7.35,24.48
2010-08-31,2.88,28.08,81.98,99.83,6.28,24.66
2010-09-01,0.64,28.22,82.95,99.99,3.89,25.01
2010-09-02,5.4,28.2,88.02,99.94,3.23,26.02
2010-09-03,14.52,28.21,90.33,99.65,3.71,26.48
2010-09-04,12.89,27.55,90.13,99.65,6.24,25.8
2010-09-05,6.1,28.05,86.84,99.76,7.17,25.65
2010-09-06,3.55,27.38,89.61,99.81,5.72,25.53
2010-09-07,6.65,27.92,88.0,99.69,4.91,25.74
2010-09-08,3.66,27.64,86.51,99.87,5.38,25.17
2010-09-09,9.84,28.1,87.63,100.11,4.31,25.85
2010-09-10,11.05,28.18,86.9,100.15,3.41,25.78
2010-09-11,6.34,28.03,85.88,100.15,2.51,25.42
2010-09-12,6.1,28.2,85.66,100.11,2.75,25.54
2010-09-13,2.98,27.84,88.8,99.9,2.13,25.83
2010-09-14,3.78,27.68,91.15,99.75,2.3,26.12
2010-09-15,5.9,27.91,87.73,99.8,2.38,25.68
2010-09-16,12.73,27.21,88.75,99.88,3.02,25.2
2010-09-17,19.92,27.69,87.57,99.78,3.66,25.43
2010-09-18,8.62,27.42,87.13,99.64,5.74,25.09
2010-09-19,2.58,27.12,86.97,99.95,3.78,24.78
2010-09-20,1.72,27.53,87.14,100.22,2.29,25.2
2010-09-21,0.86,27.83,83.86,100.4,1.82,24.83
2010-09-22,2.9,28.52,84.0,100.39,2.11,25.55
2010-09-23,2.82,28.82,80.16,100.29,0.86,25.03
2010-09-24,0.51,28.56,81.16,100.25,1.94,24.96
2010-09-25,0.54,28.3,82.5,100.34,2.5,24.99
2010-09-26,0.17,28.15,82.21,100.49,1.68,24.82
2010-09-27,0.87,28.21,81.54,100.58,1.34,24.76
2010-09-28,2.95,28.51,81.88,100.55,1.52,25.08
2010-09-29,6.28,28.49,82.95,100.51,1.74,25.28
2010-09-30,4.38,27.72,84.0,100.45,2.09,24.78
2010-10-01,20.4,27.27,86.33,100.35,3.3,24.81
2010-10-02,10.36,27.78,84.84,100.33,2.09,25.01
2010-10-03,4.13,28.08,82.43,100.36,1.77,24.81
2010-10-04,1.24,28.18,79.42,100.25,2.43,24.24
2010-10-05,11.44,27.85,86.11,100.01,4.46,25.31
2010-10-06,17.02,27.36,89.14,99.76,5.27,25.42
2010-10-07,5.68,27.9,83.76,99.63,3.68,24.85
2010-10-08,16.12,28.66,83.59,99.81,3.2,25.59
2010-10-09,15.24,28.43,86.1,99.92,2.26,25.87
2010-10-10,2.53,28.86,80.16,99.93,2.11,25.01
2010-10-11,2.6,28.02,79.13,100.24,2.3,24.06
2010-10-12,0.33,28.84,72.0,100.42,0.92,23.19
2010-10-13,0.03,28.15,73.8,100.33,2.83,22.92
2010-10-14,5.06,27.82,78.28,100.1,3.7,23.59
2010-10-15,11.9,25.87,83.68,99.81,5.22,22.88
2010-10-16,18.02,26.94,85.61,99.65,5.65,24.33
2010-10-17,8.69,27.39,85.03,100.09,3.77,24.66
2010-10-18,7.94,27.46,85.62,100.37,2.47,24.84
2010-10-19,1.36,27.76,80.2,100.47,1.32,24.02
2010-10-20,0.08,27.38,84.1,100.42,2.32,24.44
2010-10-21,0.26,28.14,84.6,100.15,2.6,25.27
2010-10-22,1.01,28.12,88.48,99.99,3.43,26.05
2010-10-23,4.05,28.05,84.31,100.12,2.63,25.13
2010-10-24,3.87,27.72,79.01,100.22,1.23,23.72
2010-10-25,4.01,26.97,84.52,100.39,3.61,24.15
2010-10-26,7.35,25.66,88.46,100.58,4.91,23.61
2010-10-27,2.81,26.06,87.13,100.67,4.32,23.74
2010-10-28,6.81,26.47,84.21,100.74,3.52,23.57
2010-10-29,25.29,26.23,89.35,100.77,4.02,24.36
2010-10-30,65.26,25.99,90.13,100.86,5.34,24.26
2010-10-31,122.2,25.81,90.95,100.73,5.3,24.23
2010-11-01,73.27,25.93,89.82,100.53,4.5,24.15
2010-11-02,23.22,26.07,89.85,100.62,4.09,24.29
2010-11-03,5.22,26.71,87.66,100.78,4.17,24.5
2010-11-04,1.79,26.68,86.63,100.81,4.44,24.28
2010-11-05,0.22,26.07,82.81,100.75,4.94,22.91
2010-11-06,2.8,25.64,84.44,100.54,6.0,22.81
2010-11-07,36.7,26.91,89.14,100.36,7.13,24.99
2010-11-08,27.23,27.52,87.54,100.64,4.23,25.28
2010-11-09,7.4,27.38,86.77,100.94,3.57,24.98
2010-11-10,10.47,26.9,85.16,100.93,3.05,24.2
2010-11-11,0.13,26.87,80.37,100.75,1.97,23.18
2010-11-12,2.55,25.49,86.16,100.5,2.19,23.02
2010-11-13,15.43,26.68,83.29,100.48,1.77,23.59
2010-11-14,2.31,26.35,85.29,100.83,2.59,23.69
2010-11-15,0.15,26.04,85.38,100.93,4.58,23.39
2010-11-16,6.37,26.09,85.59,100.77,4.81,23.48
2010-11-17,2.88,26.37,87.83,100.79,3.98,24.21
2010-11-18,0.48,26.51,84.46,100.86,3.12,23.66
2010-11-19,0.07,25.95,80.93,100.79,1.89,22.4
2010-11-20,2.31,26.06,79.99,100.55,1.16,22.33
2010-11-21,0.58,26.41,80.96,100.5,1.33,22.85
2010-11-22,7.73,26.13,83.11,100.52,2.37,23.04
2010-11-23,28.11,26.08,86.19,100.62,2.76,23.59
2010-11-24,4.61,25.96,83.45,100.74,3.38,22.91
2010-11-25,0.0,25.11,80.0,100.8,3.38,21.4
2010-11-26,0.0,24.34,80.84,100.7,3.0,20.77
2010-11-27,0.1,25.11,81.09,100.66,2.02,21.59
2010-11-28,0.04,25.73,81.05,100.77,2.49,22.23
2010-11-29,0.01,25.65,84.07,100.81,3.04,22.74
2010-11-30,0.11,25.44,85.13,100.72,3.44,22.74
2010-12-01,0.68,25.65,85.71,100.71,4.23,23.07
2010-12-02,0.33,25.21,81.86,100.77,4.81,21.89
2010-12-03,0.0,24.13,78.48,100.79,4.99,20.11
2010-12-04,0.07,23.72,77.84,100.66,5.55,19.58
2010-12-05,2.25,23.27,82.61,100.48,6.56,20.11
2010-12-06,24.81,22.49,89.66,100.41,7.76,20.54
2010-12-07,61.43,24.21,92.21,100.35,7.23,22.83
2010-12-08,47.26,25.28,91.74,100.22,4.82,23.82
2010-12-09,16.62,26.06,89.74,100.11,3.72,24.26
2010-12-10,0.29,26.25,82.72,100.14,1.8,23.0
2010-12-11,0.13,24.88,76.05,100.32,2.16,20.24
2010-12-12,0.06,24.95,77.94,100.33,1.51,20.82
2010-12-13,0.54,25.1,79.2,100.5,1.2,21.22
2010-12-14,0.78,24.89,79.98,100.66,2.59,21.14
2010-12-15,0.02,23.96,82.07,100.79,4.07,20.66
2010-12-16,0.0,22.65,72.07,100.85,3.78,17.28
2010-12-17,0.0,21.91,66.54,100.89,2.97,15.28
2010-12-18,0.0,21.76,69.83,100.91,3.3,15.95
2010-12-19,0.0,21.52,74.29,101.07,4.54,16.66
2010-12-20,0.0,21.0,73.44,101.19,4.44,15.94
2010-12-21,0.0,20.89,68.65,100.99,3.1,14.73
2010-12-22,0.0,21.39,63.05,100.74,2.0,13.93
2010-12-23,0.0,22.03,64.64,100.79,1.69,15.01
2010-12-24,0.0,22.04,71.29,100.88,2.53,16.52
2010-12-25,0.0,22.29,71.63,100.83,2.48,16.75
2010-12-26,0.0,22.36,73.91,100.9,2.92,17.45
2010-12-27,0.0,21.9,76.17,100.96,3.5,17.45
2010-12-28,0.0,21.53,76.18,100.98,3.44,17.1
2010-12-29,0.0,21.54,77.48,100.97,3.47,17.36
2010-12-30,0.0,21.35,72.36,100.91,2.64,16.04
2010-12-31,0.02,21.51,73.29,100.8,1.83,16.46
2011-01-01,0.02,22.67,72.66,100.65,1.69,17.4
2011-01-02,0.01,22.96,81.18,100.72,3.76,19.52
2011-01-03,0.92,22.9,85.16,100.89,4.71,20.24
2011-01-04,0.0,22.08,75.31,100.94,4.37,17.41
2011-01-05,0.0,20.74,71.86,100.88,4.13,15.41
2011-01-06,0.0,20.28,73.6,100.95,4.35,15.29
2011-01-07,0.0,20.74,79.87,100.9,4.75,16.97
2011-01-08,0.05,21.45,79.36,100.73,4.88,17.58
2011-01-09,0.03,22.45,81.24,100.68,3.92,18.95
2011-01-10,0.0,22.61,76.57,100.75,3.61,18.16
2011-01-11,0.0,21.22,65.58,100.83,3.21,14.31
2011-01-12,0.0,20.95,64.11,100.82,2.57,13.75
2011-01-13,0.0,21.16,67.26,100.88,2.3,14.73
2011-01-14,0.0,21.77,68.61,100.93,2.47,15.62
2011-01-15,0.0,22.43,70.66,101.04,1.91,16.77
2011-01-16,0.0,22.92,70.16,100.86,1.93,17.13
2011-01-17,0.0,22.74,64.39,100.81,2.07,15.32
2011-01-18,0.0,22.34,60.71,100.89,1.87,14.2
2011-01-19,0.0,23.13,74.77,100.79,1.67,18.33
2011-01-20,0.0,23.09,78.93,100.91,1.66,19.11
2011-01-21,0.0,22.02,77.56,100.97,2.61,17.75
2011-01-22,0.0,22.05,74.96,101.07,2.43,17.17
2011-01-23,0.0,22.13,73.18,101.19,2.74,16.95
2011-01-24,0.0,22.49,73.21,101.15,1.97,17.37
2011-01-25,0.0,22.98,72.05,101.11,1.97,17.62
2011-01-26,0.0,23.0,74.86,101.2,2.37,18.22
2011-01-27,0.0,23.28,75.63,101.22,2.51,18.56
2011-01-28,0.0,23.33,81.22,101.11,2.72,19.76
2011-01-29,0.0,23.78,83.07,101.05,2.5,20.66
2011-01-30,0.0,23.91,78.64,101.06,2.2,19.9
2011-01-31,0.0,23.77,75.44,101.06,2.29,19.03
2011-02-01,0.0,23.84,74.35,101.08,2.65,18.83
2011-02-02,0.0,23.74,80.63,101.09,2.93,20.1
2011-02-03,0.0,23.62,79.74,101.08,3.05,19.86
2011-02-04,0.01,23.62,77.37,101.04,2.24,19.39
2011-02-05,0.0,23.44,77.72,100.92,1.97,19.27
2011-02-06,0.0,23.41,78.46,100.88,2.29,19.34
2011-02-07,0.0,23.74,72.02,100.81,1.31,18.26
2011-02-08,0.0,24.0,64.99,100.56,1.46,16.65
2011-02-09,0.0,24.53,62.89,100.51,1.58,16.65
2011-02-10,0.0,24.57,65.5,100.71,1.8,17.27
2011-02-11,0.0,24.64,65.49,100.87,1.74,17.48
2011-02-12,0.0,24.92,62.45,100.81,1.61,16.88
2011-02-13,0.0,25.14,62.57,100.65,1.76,17.08
2011-02-14,0.0,24.77,67.78,100.6,2.61,17.93
2011-02-15,0.0,24.23,69.89,100.72,2.46,17.86
2011-02-16,0.0,23.99,76.84,100.77,2.21,19.51
2011-02-17,0.0,25.36,77.16,100.75,1.9,20.9
2011-02-18,0.0,25.52,79.5,100.7,1.66,21.58
2011-02-19,0.23,25.61,82.06,100.83,2.31,22.2
2011-02-20,4.17,25.88,78.73,100.9,2.12,21.83
2011-02-21,14.52,25.99,76.64,100.88,2.15,21.5
2011-02-22,3.62,24.22,73.08,101.03,5.06,18.9
2011-02-23,0.0,24.82,71.73,101.05,3.54,19.25
2011-02-24,0.0,25.18,70.86,100.91,2.67,19.44
2011-02-25,0.0,25.25,68.56,100.71,2.03,19.0
2011-02-26,0.0,25.49,68.51,100.74,2.16,19.17
2011-02-27,0.0,25.77,67.32,100.93,3.06,19.06
2011-02-28,0.0,25.66,71.7,100.99,3.5,19.85
2011-03-01,0.0,25.49,70.89,100.9,2.59,19.53
2011-03-02,0.0,25.75,64.08,100.81,1.73,18.24
2011-03-03,0.0,25.86,62.33,100.79,1.54,17.77
2011-03-04,0.0,26.29,62.43,100.71,1.82,18.09
2011-03-05,0.0,26.93,56.76,100.71,1.88,17.1
2011-03-06,0.0,27.98,52.83,100.81,1.91,16.88
2011-03-07,0.0,28.42,56.32,100.82,1.78,18.14
2011-03-08,0.0,28.38,61.78,100.68,1.85,19.63
2011-03-09,0.0,27.88,66.48,100.65,2.16,20.37
2011-03-10,0.0,27.34,72.65,100.72,2.24,21.37
2011-03-11,0.04,26.49,68.81,100.69,2.13,19.69
2011-03-12,0.58,27.04,73.09,100.71,2.02,21.52
2011-03-13,0.13,27.11,73.85,100.73,1.96,21.77
2011-03-14,0.01,27.21,72.93,100.66,2.25,21.65
2011-03-15,0.03,27.41,69.26,100.62,1.94,20.95
2011-03-16,0.05,27.19,68.59,100.54,1.91,20.6
2011-03-17,0.0,26.95,66.17,100.69,2.07,19.73
2011-03-18,0.0,26.5,71.24,100.56,3.3,20.59
2011-03-19,0.0,26.91,72.67,100.41,4.23,21.28
2011-03-20,0.0,27.49,72.32,100.37,4.77,21.62
2011-03-21,0.0,27.87,72.08,100.43,4.81,21.76
2011-03-22,0.0,28.59,71.9,100.44,4.2,22.2
2011-03-23,0.0,27.8,76.94,100.55,3.22,23.05
2011-03-24,0.0,27.42,74.05,100.62,3.62,21.96
2011-03-25,0.15,27.53,70.04,100.65,2.66,21.14
2011-03-26,0.0,28.34,66.99,100.64,2.96,21.09
2011-03-27,0.01,28.79,69.31,100.58,2.94,22.02
2011-03-28,0.01,28.7,72.96,100.53,3.43,22.67
2011-03-29,0.03,28.66,72.64,100.56,4.01,22.66
2011-03-30,0.01,29.6,68.19,100.52,4.58,22.32
2011-03-31,0.0,29.42,70.28,100.47,4.35,22.48
2011-04-01,0.0,29.14,74.33,100.47,4.2,23.44
2011-04-02,0.01,28.88,74.18,100.49,4.09,23.28
2011-04-03,0.04,28.66,76.0,100.52,4.44,23.73
2011-04-04,0.12,28.91,74.11,100.47,4.4,23.41
2011-04-05,0.7,28.48,76.12,100.64,3.28,23.64
2011-04-06,0.23,28.16,73.09,100.72,2.72,22.49
2011-04-07,0.02,28.48,68.66,100.77,2.56,21.82
2011-04-08,0.0,28.76,64.98,100.73,3.06,21.02
2011-04-09,0.01,29.13,68.12,100.77,3.08,22.23
2011-04-10,0.02,28.55,67.94,100.86,2.53,21.8
2011-04-11,0.0,28.84,65.2,100.7,2.37,21.26
2011-04-12,0.0,28.95,64.53,100.6,2.66,20.95
2011-04-13,0.01,29.13,67.28,100.6,3.18,21.76
2011-04-14,0.12,28.4,73.65,100.52,2.92,22.81
2011-04-15,0.14,28.52,73.3,100.43,3.33,22.78
2011-04-16,0.09,29.31,71.06,100.5,3.52,23.14
2011-04-17,0.18,29.18,70.69,100.57,3.74,22.88
2011-04-18,0.17,29.98,68.33,100.31,4.35,22.91
2011-04-19,0.79,29.58,72.04,100.29,3.98,23.73
2011-04-20,0.43,29.04,76.11,100.4,3.09,24.19
2011-04-21,4.55,28.99,76.43,100.45,3.05,24.09
2011-04-22,15.53,27.99,77.52,100.55,3.32,23.61
2011-04-23,4.74,27.88,72.03,100.47,2.8,22.23
2011-04-24,1.61,27.52,79.21,100.45,3.02,23.55
2011-04-25,0.6,28.12,75.86,100.46,3.36,23.33
2011-04-26,0.59,28.66,73.93,100.44,2.88,23.4
2011-04-27,13.44,28.77,73.97,100.3,2.73,23.48
2011-04-28,13.63,28.67,77.72,100.09,2.99,24.25
2011-04-29,3.56,29.14,75.05,100.1,2.55,24.1
2011-04-30,0.86,29.37,73.31,100.25,2.53,23.95
2011-05-01,0.36,29.64,73.74,100.28,2.98,24.24
2011-05-02,2.38,30.3,73.43,100.16,3.33,24.78
2011-05-03,1.19,31.4,71.61,100.0,3.59,25.16
2011-05-04,0.46,31.84,71.24,100.01,3.47,25.46
2011-05-05,0.37,31.3,76.38,100.02,3.67,26.31
2011-05-06,0.43,30.38,76.12,100.11,3.87,25.61
2011-05-07,1.43,31.05,69.69,100.0,3.58,24.54
2011-05-08,2.52,31.23,70.89,99.85,2.79,24.98
2011-05-09,0.2,31.81,67.64,99.93,3.51,24.63
2011-05-10,0.77,31.81,70.45,99.94,5.34,25.4
2011-05-11,0.4,32.33,65.37,99.97,5.48,24.45
2011-05-12,3.61,31.16,71.53,100.06,4.69,25.17
2011-05-13,1.83,31.29,70.15,100.03,4.69,24.73
2011-05-14,0.67,31.76,67.17,100.03,4.96,24.43
2011-05-15,0.45,31.23,71.58,100.22,4.58,25.1
2011-05-16,1.41,30.24,76.0,100.47,2.98,25.39
2011-05-17,0.85,29.49,78.89,100.49,3.73,25.29
2011-05-18,0.23,30.42,72.41,100.34,5.03,24.64
2011-05-19,5.73,29.73,79.46,100.22,5.31,25.71
2011-05-20,37.76,28.36,90.11,100.07,5.15,26.61
2011-05-21,5.59,29.28,82.4,99.89,5.44,25.84
2011-05-22,0.04,29.55,81.45,99.96,4.28,25.95
2011-05-23,0.04,29.72,82.08,100.06,3.5,26.18
2011-05-24,0.29,30.71,76.75,100.01,4.33,25.84
2011-05-25,1.89,30.21,80.42,99.98,4.19,26.37
2011-05-26,1.59,29.55,79.32,100.07,3.39,25.48
2011-05-27,13.2,30.26,76.51,99.98,3.36,25.5
2011-05-28,3.27,30.89,73.96,99.85,3.33,25.46
2011-05-29,2.45,31.14,74.35,99.87,3.66,25.76
2011-05-30,6.66,30.43,78.98,99.89,4.04,26.28
2011-05-31,8.11,30.3,80.2,99.74,3.06,26.44
2011-06-01,5.11,29.88,80.62,99.82,2.57,26.11
2011-06-02,0.64,30.81,76.37,99.9,3.67,25.91
2011-06-03,0.58,29.98,79.32,100.03,4.02,25.91
2011-06-04,0.5,30.17,77.94,99.92,3.75,25.74
2011-06-05,0.52,30.67,75.12,99.89,4.03,25.62
2011-06-06,3.15,30.36,77.38,99.95,3.88,25.87
2011-06-07,3.5,30.01,76.23,99.95,3.86,25.21
2011-06-08,2.35,30.41,69.64,99.89,5.17,24.06
2011-06-09,1.33,30.42,74.22,99.86,5.18,25.22
2011-06-10,6.51,30.19,75.19,99.85,4.8,25.13
2011-06-11,4.7,29.51,74.05,99.82,5.93,24.21
2011-06-12,0.94,31.12,68.06,99.77,4.25,24.28
2011-06-13,24.06,30.41,72.8,99.77,4.7,24.82
2011-06-14,5.36,29.42,81.44,99.7,5.29,25.83
2011-06-15,0.07,29.08,77.14,99.7,6.3,24.58
2011-06-16,2.51,29.22,74.2,99.71,5.82,24.02
2011-06-17,0.18,28.83,71.94,99.62,5.66,23.18
2011-06-18,0.22,29.44,72.41,99.48,6.21,23.85
2011-06-19,4.62,30.5,68.81,99.37,4.62,23.95
2011-06-20,3.64,29.7,74.74,99.55,3.42,24.64
2011-06-21,1.35,29.14,77.94,99.73,3.79,24.77
2011-06-22,0.52,28.99,78.8,99.63,4.27,24.84
2011-06-23,0.52,29.39,79.81,99.61,3.41,25.41
2011-06-24,0.59,29.02,83.53,99.62,3.24,25.92
2011-06-25,0.99,29.93,72.14,99.52,3.79,24.12
2011-06-26,2.44,29.93,68.52,99.52,4.33,23.38
2011-06-27,0.41,30.38,69.05,99.53,4.28,23.89
2011-06-28,4.39,29.54,77.11,99.58,3.89,25.02
2011-06-29,0.5,29.61,77.87,99.73,3.79,25.18
2011-06-30,0.7,29.89,74.32,99.88,3.39,24.69
2011-07-01,0.68,29.47,79.36,99.92,4.06,25.43
2011-07-02,2.32,29.12,79.2,99.91,3.94,25.05
2011-07-03,7.14,28.62,81.33,99.92,3.58,25.03
2011-07-04,18.05,28.3,81.49,99.95,3.24,24.79
2011-07-05,25.49,26.84,88.33,99.81,3.13,24.74
2011-07-06,36.78,27.3,84.4,99.81,5.91,24.42
2011-07-07,11.43,27.65,83.91,100.0,4.81,24.69
2011-07-08,2.74,27.71,83.4,100.25,4.31,24.65
2011-07-09,0.7,28.56,83.3,100.12,3.26,25.43
2011-07-10,0.4,29.48,77.3,99.93,2.88,24.97
2011-07-11,0.41,29.98,73.58,99.69,2.42,24.69
2011-07-12,3.88,28.83,80.05,99.46,3.17,25.0
2011-07-13,4.83,27.59,87.0,99.37,4.86,25.23
2011-07-14,4.28,27.89,83.35,99.43,6.57,24.75
2011-07-15,0.58,28.59,80.59,99.53,5.36,24.85
2011-07-16,1.47,28.75,81.47,99.54,5.75,25.17
2011-07-17,6.92,28.4,85.88,99.53,5.22,25.77
2011-07-18,1.76,28.1,85.29,99.69,5.97,25.37
2011-07-19,2.13,28.54,84.92,99.71,6.05,25.7
2011-07-20,7.45,28.73,84.69,99.61,5.48,25.82
2011-07-21,7.64,28.18,83.56,99.64,5.7,25.05
2011-07-22,7.61,28.22,83.06,99.68,4.86,25.02
2011-07-23,3.49,28.35,82.09,99.71,4.16,24.89
2011-07-24,2.92,28.88,79.82,99.73,2.57,24.92
2011-07-25,1.92,27.78,83.38,99.97,2.08,24.67
2011-07-26,1.18,27.66,82.37,100.13,2.5,24.34
2011-07-27,19.47,27.86,84.25,100.09,3.02,24.93
2011-07-28,17.46,28.26,86.12,99.85,2.89,25.71
2011-07-29,2.84,28.63,84.68,99.76,2.39,25.78
2011-07-30,2.46,28.95,80.12,99.68,2.99,25.08
2011-07-31,2.43,29.49,81.81,99.57,4.14,26.0
2011-08-01,5.59,28.97,80.56,99.58,4.26,25.25
2011-08-02,14.73,28.17,87.3,99.68,4.07,25.86
2011-08-03,11.43,27.67,86.42,99.71,6.25,25.19
2011-08-04,4.02,28.65,83.33,99.78,5.73,25.49
2011-08-05,4.34,28.49,86.22,99.74,4.85,25.92
2011-08-06,3.18,28.38,85.41,99.67,5.61,25.65
2011-08-07,2.23,28.53,84.88,99.59,4.58,25.68
2011-08-08,10.84,28.23,87.78,99.64,4.71,26.0
2011-08-09,10.52,27.82,87.91,99.86,5.44,25.62
2011-08-10,3.79,28.24,87.13,99.93,4.82,25.86
2011-08-11,2.18,28.59,85.43,99.87,4.12,25.86
2011-08-12,8.4,28.17,86.28,99.64,4.12,25.66
2011-08-13,6.11,27.63,87.77,99.67,3.83,25.41
2011-08-14,3.51,28.14,87.15,100.03,3.77,25.79
2011-08-15,1.66,28.04,87.47,100.23,3.52,25.77
2011-08-16,1.51,27.96,86.86,100.16,3.93,25.57
2011-08-17,2.32,27.57,84.88,100.08,2.57,24.78
2011-08-18,2.98,28.39,81.53,100.0,2.36,24.85
2011-08-19,1.65,27.31,85.29,100.02,2.86,24.6
2011-08-20,1.77,27.33,86.82,100.07,2.46,24.93
2011-08-21,10.45,26.96,86.59,100.17,2.39,24.51
2011-08-22,10.41,27.19,89.32,100.21,3.52,25.28
2011-08-23,2.15,27.65,88.28,100.17,4.05,25.52
2011-08-24,8.72,28.07,88.07,100.01,4.55,25.9
2011-08-25,6.71,27.98,88.55,99.98,4.03,25.9
2011-08-26,4.49,27.9,88.61,99.86,4.84,25.83
2011-08-27,7.09,27.5,85.64,99.77,5.4,24.87
2011-08-28,1.1,27.92,80.21,99.71,5.66,24.11
2011-08-29,10.18,28.18,84.37,99.68,5.01,25.26
2011-08-30,9.71,28.13,86.59,99.74,4.88,25.65
2011-08-31,13.15,27.42,88.84,99.68,5.72,25.42
2011-09-01,30.38,27.79,89.74,99.69,6.38,25.96
2011-09-02,8.97,28.02,87.69,99.78,5.98,25.78
2011-09-03,5.39,27.53,88.9,99.93,5.47,25.55
2011-09-04,1.2,27.94,86.18,99.99,4.61,25.4
2011-09-05,2.47,27.48,88.04,99.97,5.09,25.32
2011-09-06,2.48,27.76,87.16,99.95,4.69,25.42
2011-09-07,2.68,27.74,86.62,99.88,5.45,25.28
2011-09-08,1.93,27.58,87.05,99.88,4.87,25.22
2011-09-09,1.0,27.86,85.82,99.98,3.9,25.25
2011-09-10,2.36,28.06,84.92,100.03,4.0,25.26
2011-09-11,17.95,27.83,87.78,99.93,3.05,25.62
2011-09-12,6.64,28.5,82.5,99.89,1.75,25.18
2011-09-13,5.11,27.78,82.07,99.89,1.42,24.42
2011-09-14,2.85,27.3,83.74,99.91,3.65,24.31
2011-09-15,2.2,27.82,85.27,99.93,4.18,25.11
2011-09-16,2.36,28.1,86.98,99.98,4.45,25.73
2011-09-17,2.99,28.17,87.5,99.91,3.9,25.88
2011-09-18,2.73,27.92,84.62,100.07,3.65,25.06
2011-09-19,2.06,28.69,77.69,100.17,2.61,24.31
2011-09-20,9.39,28.22,82.12,100.17,3.05,24.85
2011-09-21,2.27,28.18,84.41,100.0,3.57,25.27
2011-09-22,5.42,28.53,79.88,99.99,3.41,24.64
2011-09-23,2.58,28.74,81.43,99.93,3.5,25.17
2011-09-24,0.48,28.64,79.41,100.09,4.0,24.65
2011-09-25,0.14,28.76,79.41,100.3,3.46,24.76
2011-09-26,0.06,29.42,74.61,100.34,2.46,24.28
2011-09-27,1.39,29.4,73.99,100.24,1.88,24.14
2011-09-28,1.7,29.32,72.23,100.24,1.47,23.71
2011-09-29,0.06,29.49,66.31,100.27,1.35,22.44
2011-09-30,0.0,29.55,63.94,100.31,1.47,21.85
2011-10-01,0.0,29.37,62.52,100.32,1.62,21.25
2011-10-02,0.0,29.27,58.0,100.35,1.43,19.82
2011-10-03,0.0,29.56,55.32,100.31,1.24,19.4
2011-10-04,0.0,29.06,60.62,100.35,1.76,20.39
2011-10-05,0.06,28.94,65.97,100.51,1.51,21.75
2011-10-06,0.09,29.15,68.14,100.59,1.44,22.48
2011-10-07,0.11,29.34,67.69,100.53,1.87,22.6
2011-10-08,5.1,28.98,74.06,100.49,2.0,23.77
2011-10-09,6.03,28.17,80.31,100.53,1.51,24.44
2011-10-10,2.96,27.48,86.04,100.6,3.04,24.93
2011-10-11,6.08,27.82,83.75,100.64,2.8,24.8
2011-10-12,14.37,27.78,86.97,100.55,3.46,25.4
2011-10-13,3.61,28.2,79.2,100.47,1.03,24.18
2011-10-14,0.25,28.81,74.46,100.43,1.52,23.77
2011-10-15,0.21,29.05,77.44,100.36,1.57,24.6
2011-10-16,0.37,28.81,74.98,100.36,1.98,23.81
2011-10-17,0.5,28.8,74.76,100.4,2.82,23.73
2011-10-18,0.27,29.11,59.66,100.4,2.07,19.95
2011-10-19,0.73,28.45,59.49,100.29,2.06,19.6
2011-10-20,0.05,28.14,66.19,100.38,1.2,21.14
2011-10-21,0.28,28.42,69.42,100.45,1.55,22.13
2011-10-22,1.29,28.34,73.54,100.5,1.62,23.06
2011-10-23,1.16,27.74,79.07,100.64,2.5,23.74
2011-10-24,2.36,27.66,81.38,100.66,4.6,24.15
2011-10-25,10.01,27.19,81.32,100.68,4.16,23.69
2011-10-26,3.92,27.35,79.18,100.76,3.27,23.32
2011-10-27,1.87,27.66,80.25,100.75,4.08,23.84
2011-10-28,0.35,27.88,72.23,100.76,4.57,22.29
2011-10-29,0.19,27.59,69.15,100.73,4.75,21.25
2011-10-30,0.29,27.2,72.54,100.63,4.09,21.64
2011-10-31,1.55,27.14,73.3,100.69,4.02,21.79
2011-11-01,4.32,26.7,76.31,100.79,3.64,22.1
2011-11-02,0.26,26.59,77.77,100.72,3.87,22.35
2011-11-03,0.0,26.94,65.82,100.7,4.33,19.69
2011-11-04,0.0,26.16,60.4,100.81,3.73,17.48
2011-11-05,0.0,26.28,61.68,100.85,2.87,17.99
2011-11-06,0.0,26.64,60.79,100.83,1.75,18.1
2011-11-07,0.0,27.06,52.34,100.83,1.28,15.95
2011-11-08,0.0,26.99,54.77,100.83,2.1,16.71
2011-11-09,0.0,26.35,60.29,100.82,2.88,17.48
2011-11-10,0.0,26.2,65.29,100.83,3.0,18.89
2011-11-11,0.0,25.97,69.87,100.82,2.4,19.84
2011-11-12,0.0,26.46,67.44,100.8,1.74,19.82
2011-11-13,0.0,26.48,70.46,100.87,2.69,20.56
2011-11-14,0.0,26.3,72.57,100.93,3.15,20.83
2011-11-15,0.0,26.33,73.85,100.97,3.82,21.02
2011-11-16,0.0,26.54,69.03,100.89,3.79,19.95
2011-11-17,0.0,26.1,59.56,100.88,3.77,16.82
2011-11-18,0.0,25.78,58.22,100.9,2.64,16.42
2011-11-19,0.0,25.88,56.4,100.89,2.02,16.15
2011-11-20,0.0,25.66,62.87,101.0,2.38,17.78
2011-11-21,0.0,25.37,73.4,101.05,2.93,20.08
2011-11-22,0.0,25.75,70.32,100.97,3.72,19.65
2011-11-23,0.0,25.55,71.02,100.97,4.27,19.7
2011-11-24,0.0,25.8,73.93,100.97,4.83,20.61
2011-11-25,0.5,26.43,73.58,100.88,4.94,21.15
2011-11-26,0.2,26.73,73.42,100.83,4.87,21.4
2011-11-27,0.17,26.62,76.7,100.79,4.21,22.0
2011-11-28,0.0,26.53,74.81,100.73,3.45,21.55
2011-11-29,0.0,26.28,75.51,100.7,2.4,21.44
2011-11-30,0.0,26.05,74.1,100.75,2.29,20.93
2011-12-01,0.0,25.92,74.07,100.77,2.23,20.86
2011-12-02,0.09,26.03,73.81,100.66,2.58,20.92
2011-12-03,5.96,25.6,77.68,100.5,2.09,21.37
2011-12-04,3.17,25.56,79.95,100.66,2.66,21.73
2011-12-05,0.0,25.71,73.65,100.77,2.24,20.4
2011-12-06,0.0,25.61,63.99,100.81,2.67,17.96
2011-12-07,0.0,25.3,65.56,100.89,3.56,18.04
2011-12-08,0.0,25.33,71.4,100.85,4.57,19.47
2011-12-09,0.12,25.65,75.67,100.87,4.08,20.73
2011-12-10,0.0,25.74,76.11,100.85,2.57,20.89
2011-12-11,0.0,25.65,77.89,100.87,2.55,21.22
2011-12-12,0.0,25.62,70.23,100.97,3.85,19.52
2011-12-13,0.0,25.13,65.97,101.04,4.16,18.07
2011-12-14,0.0,24.97,67.87,101.07,3.85,18.38
2011-12-15,0.08,24.65,73.75,101.08,3.84,19.47
2011-12-16,0.0,24.51,72.6,101.1,3.52,19.01
2011-12-17,0.0,24.22,70.59,101.1,3.53,18.21
2011-12-18,0.03,23.74,70.61,101.15,4.03,17.77
2011-12-19,0.11,23.29,70.61,101.1,3.54,17.19
2011-12-20,0.39,23.35,63.87,101.02,4.14,15.59
2011-12-21,0.08,23.39,64.33,101.0,4.22,15.86
2011-12-22,0.0,23.36,62.35,101.0,4.04,15.33
2011-12-23,0.0,23.0,58.5,100.92,3.62,13.59
2011-12-24,0.01,23.11,55.84,100.84,4.03,13.07
2011-12-25,0.0,22.81,61.27,100.88,4.94,14.28
2011-12-26,0.04,22.93,62.18,100.88,5.08,14.43
2011-12-27,0.21,24.15,71.57,100.77,5.92,18.37
2011-12-28,1.38,23.64,76.14,100.8,7.04,19.08
2011-12-29,1.98,23.88,85.08,100.88,6.23,21.14
2011-12-30,5.64,25.23,87.95,100.99,5.38,23.04
2011-12-31,7.67,24.97,86.77,101.08,4.31,22.57
2012-01-01,0.72,24.93,80.44,100.98,3.19,21.2
2012-01-02,1.78,25.08,80.87,100.9,2.02,21.46
2012-01-03,0.86,25.3,82.77,100.87,2.04,22.01
2012-01-04,0.0,25.49,80.79,100.92,1.97,21.75
2012-01-05,0.0,25.38,79.76,101.03,1.92,21.46
2012-01-06,0.0,25.25,79.86,101.09,2.11,21.28
2012-01-07,0.0,24.96,78.75,101.21,2.25,20.71
2012-01-08,0.0,24.64,78.55,101.17,1.87,20.39
2012-01-09,0.02,24.44,76.39,101.06,1.97,19.71
2012-01-10,0.76,24.08,75.27,101.04,2.19,19.24
2012-01-11,1.08,23.87,75.92,101.14,3.45,19.19
2012-01-12,0.04,23.82,72.25,101.15,4.09,18.29
2012-01-13,0.0,23.05,47.24,101.23,3.47,10.06
2012-01-14,0.0,21.59,43.82,101.14,3.66,7.52
2012-01-15,0.0,22.12,44.06,100.98,2.84,8.18
2012-01-16,0.0,23.23,47.92,100.79,1.73,11.01
2012-01-17,0.0,23.57,61.85,100.64,2.42,15.34
2012-01-18,0.0,23.9,69.07,100.59,3.31,17.44
2012-01-19,0.0,24.04,74.43,100.65,3.03,18.95
2012-01-20,0.0,24.02,73.05,100.74,2.61,18.5
2012-01-21,0.0,23.88,68.9,100.85,2.53,17.29
2012-01-22,0.18,23.43,75.41,101.05,3.22,18.63
2012-01-23,0.36,23.63,73.95,101.05,2.56,18.44
2012-01-24,0.0,24.0,69.23,100.98,1.76,17.77
2012-01-25,0.0,24.43,63.69,100.92,1.83,16.89
2012-01-26,0.0,24.41,67.65,100.91,1.73,17.77
2012-01-27,5.73,24.14,74.3,100.9,2.0,19.13
2012-01-28,0.23,24.15,74.29,100.91,2.28,19.05
2012-01-29,0.02,24.43,72.28,100.91,2.6,18.87
2012-01-30,0.43,24.27,74.2,101.06,3.57,19.18
2012-01-31,0.22,24.25,72.38,101.16,3.92,18.66
2012-02-01,0.0,24.51,66.18,101.13,4.04,17.45
2012-02-02,0.0,24.18,68.56,101.19,3.98,17.69
2012-02-03,0.0,23.92,69.32,101.19,3.64,17.63
2012-02-04,0.0,23.6,67.54,101.07,2.95,16.82
2012-02-05,0.0,24.11,63.84,101.04,2.7,16.36
2012-02-06,0.0,24.56,63.15,100.94,1.86,16.49
2012-02-07,0.01,25.11,62.7,100.85,1.81,17.05
2012-02-08,0.01,24.71,64.79,100.75,1.73,17.16
2012-02-09,0.06,25.02,55.33,100.74,2.17,14.45
2012-02-10,0.0,24.68,69.79,100.84,2.89,18.42
2012-02-11,0.0,24.86,75.53,100.9,2.57,19.97
2012-02-12,0.0,25.01,74.84,100.97,2.61,20.08
2012-02-13,0.0,25.39,73.49,100.99,2.63,20.12
2012-02-14,0.0,25.52,71.58,100.94,2.05,19.74
2012-02-15,0.0,25.5,74.6,100.76,2.52,20.38
2012-02-16,0.0,25.69,63.94,100.69,1.96,17.69
2012-02-17,0.0,25.52,67.91,100.82,2.3,18.64
2012-02-18,0.0,25.49,69.57,100.94,2.22,18.61
2012-02-19,0.0,26.29,62.86,100.9,2.18,17.86
2012-02-20,0.0,26.54,64.85,100.75,2.0,18.94
2012-02-21,0.0,26.76,66.76,100.63,2.04,19.36
2012-02-22,0.0,26.74,64.07,100.59,1.71,18.61
2012-02-23,0.0,27.04,59.36,100.57,1.89,17.06
2012-02-24,0.0,27.49,49.37,100.55,1.81,14.7
2012-02-25,0.0,27.24,51.0,100.51,1.98,15.48
2012-02-26,0.0,27.42,49.3,100.44,2.17,14.6
2012-02-27,0.0,27.59,51.21,100.43,2.7,15.16
2012-02-28,0.0,27.39,60.93,100.25,3.95,17.87
2012-02-29,0.06,27.53,72.29,100.21,4.78,21.44
2012-03-01,0.01,27.67,77.53,100.37,4.58,23.0
2012-03-02,0.03,27.87,75.07,100.3,5.22,22.78
2012-03-03,0.02,27.95,75.56,100.25,4.83,22.99
2012-03-04,0.06,27.64,72.97,100.45,2.53,21.6
2012-03-05,0.01,27.63,73.47,100.54,2.82,22.03
2012-03-06,0.0,28.1,71.01,100.4,3.93,21.51
2012-03-07,0.0,28.17,70.38,100.17,4.31,21.46
2012-03-08,0.0,28.22,70.05,100.17,4.09,21.52
2012-03-09,0.0,28.27,70.88,100.18,3.5,21.84
2012-03-10,0.0,27.9,69.35,100.32,2.52,20.85
2012-03-11,0.0,27.64,70.24,100.58,2.58,21.3
2012-03-12,0.2,27.81,72.43,100.83,3.21,21.96
2012-03-13,1.73,28.5,69.32,100.84,1.99,22.09
2012-03-14,0.25,29.14,70.1,100.77,2.83,22.62
2012-03-15,0.04,28.64,70.79,100.82,1.97,22.52
2012-03-16,0.02,28.77,67.89,100.74,2.79,21.7
2012-03-17,0.0,28.52,72.07,100.65,3.0,22.33
2012-03-18,0.0,29.19,69.99,100.58,4.13,22.47
2012-03-19,0.0,29.72,60.75,100.51,3.88,19.91
2012-03-20,0.0,29.15,70.03,100.57,3.4,22.53
2012-03-21,0.0,29.05,67.46,100.52,3.69,21.59
2012-03-22,0.0,29.01,70.95,100.52,4.23,22.57
2012-03-23,0.0,29.01,65.49,100.61,3.05,20.67
2012-03-24,0.0,28.36,66.39,100.72,2.41,20.52
2012-03-25,0.0,28.02,68.79,100.73,2.35,21.12
2012-03-26,0.0,27.72,69.16,100.79,2.96,20.96
2012-03-27,0.0,27.77,65.84,100.86,3.04,20.12
2012-03-28,0.0,27.98,66.16,100.94,3.05,20.29
2012-03-29,0.0,28.55,64.39,100.78,3.68,20.0
2012-03-30,0.04,28.98,67.73,100.59,4.03,21.62
2012-03-31,0.16,28.68,68.15,100.68,3.36,21.92
2012-04-01,0.02,29.16,55.81,100.74,2.39,18.76
2012-04-02,0.0,28.95,64.99,100.78,2.68,21.21
2012-04-03,0.0,28.96,64.24,100.84,3.24,20.56
2012-04-04,0.15,29.47,66.09,100.69,4.23,21.77
2012-04-05,0.42,29.89,67.66,100.48,4.46,22.76
2012-04-06,0.3,29.66,67.96,100.47,3.82,22.63
2012-04-07,0.19,29.59,69.61,100.45,4.03,23.07
2012-04-08,0.13,29.69,70.59,100.45,4.52,23.43
2012-04-09,0.26,29.88,71.34,100.47,5.06,23.77
2012-04-10,0.14,30.04,69.78,100.45,5.15,23.43
2012-04-11,3.6,29.62,72.78,100.42,4.96,23.92
2012-04-12,0.74,30.06,70.11,100.3,4.65,23.59
2012-04-13,5.68,30.13,69.18,100.33,3.94,23.52
2012-04-14,3.28,29.45,72.34,100.53,2.91,23.76
2012-04-15,0.04,30.51,65.68,100.48,3.66,22.9
2012-04-16,0.03,31.07,63.44,100.33,4.5,22.71
2012-04-17,0.12,31.03,65.75,100.16,4.82,23.31
2012-04-18,0.42,30.7,66.66,100.13,4.4,23.35
2012-04-19,0.25,30.48,66.9,100.19,4.53,23.29
2012-04-20,0.16,30.27,71.04,100.31,4.6,24.16
2012-04-21,0.05,30.9,67.6,100.27,3.29,23.66
2012-04-22,0.02,30.29,71.44,100.14,3.56,24.21
2012-04-23,0.05,30.09,70.41,100.18,3.28,23.7
2012-04-24,0.1,29.89,73.01,100.29,3.41,24.22
2012-04-25,0.2,29.62,75.37,100.4,2.91,24.53
2012-04-26,2.59,29.68,74.69,100.44,2.87,24.57
2012-04-27,1.07,30.14,73.84,100.32,3.61,24.74
2012-04-28,0.92,30.85,71.3,100.13,4.69,24.74
2012-04-29,3.19,29.81,79.62,100.18,3.88,25.78
2012-04-30,0.93,30.19,77.8,100.08,4.66,25.69
2012-05-01,0.43,30.58,76.93,100.1,4.51,25.85
2012-05-02,2.44,30.71,76.48,100.15,4.09,25.85
2012-05-03,1.37,30.63,77.78,100.03,4.24,26.06
2012-05-04,3.16,30.75,77.06,99.92,4.39,26.04
2012-05-05,3.26,30.06,78.77,100.1,3.25,25.75
2012-05-06,3.34,31.02,67.9,100.19,3.05,23.89
2012-05-07,1.0,31.52,64.08,100.09,3.15,23.37
2012-05-08,0.33,31.72,63.49,100.05,4.26,23.26
2012-05-09,4.48,31.65,64.4,100.13,5.0,23.67
2012-05-10,4.02,29.78,75.11,100.37,3.69,24.77
2012-05-11,0.48,29.78,74.09,100.21,4.12,24.43
2012-05-12,3.28,29.63,78.28,100.08,4.49,25.33
2012-05-13,4.51,29.97,77.95,100.05,3.52,25.51
2012-05-14,0.26,30.86,72.78,100.07,4.02,25.08
2012-05-15,0.31,31.07,72.57,100.13,4.48,25.27
2012-05-16,0.18,31.8,69.02,99.94,4.48,24.96
2012-05-17,0.03,31.82,70.44,99.8,4.4,25.34
2012-05-18,0.04,32.27,68.64,99.81,4.49,24.98
2012-05-19,1.39,31.75,70.81,99.93,4.84,25.21
2012-05-20,0.72,31.37,70.14,99.95,4.0,24.87
2012-05-21,0.3,31.39,73.85,99.89,3.5,25.74
2012-05-22,0.59,31.34,72.61,99.97,3.26,25.46
2012-05-23,1.75,31.2,74.58,99.97,4.02,25.83
2012-05-24,2.12,31.25,73.43,99.82,4.01,25.57
2012-05-25,0.71,31.61,73.91,99.6,3.93,25.98
2012-05-26,0.75,31.42,71.2,99.66,4.14,25.41
2012-05-27,1.21,31.14,72.43,99.68,4.23,25.37
2012-05-28,0.77,31.59,74.45,99.62,3.1,26.07
2012-05-29,0.91,31.73,77.14,99.73,2.89,26.82
2012-05-30,0.51,31.77,73.16,99.63,4.3,26.04
2012-05-31,0.74,31.29,73.66,99.55,5.0,25.78
2012-06-01,0.35,31.15,77.84,99.48,2.99,26.53
2012-06-02,0.16,32.23,72.1,99.37,3.1,25.66
2012-06-03,0.28,33.41,58.53,99.38,2.79,23.17
2012-06-04,0.31,32.83,67.71,99.5,3.96,25.15
2012-06-05,0.46,32.87,67.16,99.63,5.71,25.48
2012-06-06,1.07,32.31,65.73,99.66,5.62,24.72
2012-06-07,0.77,32.89,65.22,99.57,4.45,25.09
2012-06-08,3.79,32.31,69.03,99.67,3.63,25.63
2012-06-09,4.1,30.86,71.91,99.72,5.04,25.06
2012-06-10,2.43,30.86,71.49,99.66,5.17,24.94
2012-06-11,0.07,31.71,63.69,99.64,2.79,23.76
2012-06-12,6.24,31.23,67.67,99.7,3.87,24.38
2012-06-13,2.27,29.82,74.61,99.96,4.78,24.72
2012-06-14,2.16,30.31,74.35,99.98,4.93,25.07
2012-06-15,1.47,30.53,75.85,99.88,4.09,25.66
2012-06-16,0.69,30.26,73.57,99.68,4.87,24.93
2012-06-17,3.56,29.19,75.92,99.65,5.49,24.43
2012-06-18,3.77,28.77,77.23,99.68,6.23,24.26
2012-06-19,3.69,28.98,71.36,99.64,4.48,23.11
2012-06-20,1.74,28.88,71.02,99.55,5.88,22.94
2012-06-21,15.38,28.49,76.95,99.66,4.76,23.98
2012-06-22,2.92,29.7,73.07,99.8,3.4,24.1
2012-06-23,0.9,30.56,69.86,99.79,3.94,24.19
2012-06-24,2.55,29.88,76.2,99.85,4.37,25.12
2012-06-25,8.26,28.51,82.94,100.07,5.44,25.27
2012-06-26,5.12,28.23,78.55,100.09,6.22,23.99
2012-06-27,1.96,29.27,73.05,100.0,5.42,23.76
2012-06-28,1.72,29.78,72.15,99.92,4.96,24.01
2012-06-29,1.02,30.14,70.94,99.78,4.24,24.03
2012-06-30,15.74,29.69,74.78,99.64,4.2,24.54
2012-07-01,8.86,27.56,86.94,99.5,5.46,25.18
2012-07-02,20.9,26.82,84.68,99.49,4.99,24.0
2012-07-03,12.58,28.46,80.06,99.36,5.68,24.56
2012-07-04,1.14,29.65,74.78,99.36,4.67,24.49
2012-07-05,1.45,29.8,76.41,99.58,3.99,25.08
2012-07-06,1.95,28.96,79.43,99.62,4.14,24.98
2012-07-07,2.67,29.08,78.0,99.56,4.84,24.7
2012-07-08,3.05,29.23,76.93,99.59,4.11,24.58
2012-07-09,6.72,28.07,83.71,99.74,4.1,25.03
2012-07-10,3.05,27.92,84.39,99.93,4.19,25.01
2012-07-11,1.44,28.91,78.05,100.02,3.32,24.54
2012-07-12,0.17,29.58,77.28,100.0,3.35,25.06
2012-07-13,6.06,29.59,79.78,99.9,3.0,25.65
2012-07-14,12.96,29.14,83.4,99.78,3.36,25.99
2012-07-15,9.3,28.28,85.04,99.84,4.63,25.5
2012-07-16,2.79,28.99,79.98,100.01,4.31,25.05
2012-07-17,6.48,28.71,82.86,100.11,5.08,25.43
2012-07-18,6.08,28.58,83.09,99.96,5.8,25.37
2012-07-19,3.8,28.15,82.27,99.84,6.06,24.8
2012-07-20,20.94,27.97,83.88,99.69,5.61,24.97
2012-07-21,13.01,27.49,88.48,99.72,5.68,25.42
2012-07-22,9.52,28.16,85.37,99.68,5.14,25.43
2012-07-23,7.13,28.06,78.25,99.64,4.58,23.78
2012-07-24,5.73,28.63,82.57,99.59,4.66,25.29
2012-07-25,7.22,27.79,84.99,99.72,4.84,25.01
2012-07-26,3.49,28.62,78.57,99.65,5.61,24.42
2012-07-27,2.15,28.59,79.09,99.58,5.31,24.52
2012-07-28,6.29,28.28,84.62,99.67,5.21,25.39
2012-07-29,7.66,28.47,81.68,99.82,5.43,24.93
2012-07-30,6.85,28.12,80.92,99.86,5.47,24.42
2012-07-31,5.92,27.91,81.54,99.85,6.08,24.37
2012-08-01,4.25,28.15,79.66,99.88,5.5,24.18
2012-08-02,12.61,27.75,82.16,99.82,5.39,24.32
2012-08-03,30.85,26.51,89.42,99.63,7.08,24.65
2012-08-04,10.17,26.96,86.11,99.59,6.3,24.41
2012-08-05,5.87,26.77,86.12,99.66,6.5,24.25
2012-08-06,3.13,27.85,83.89,99.7,6.07,24.81
2012-08-07,1.24,27.97,86.65,99.89,5.18,25.49
2012-08-08,5.49,27.97,87.51,99.92,5.42,25.66
2012-08-09,5.38,27.67,88.17,99.71,4.11,25.52
2012-08-10,8.79,27.52,88.44,99.67,4.28,25.44
2012-08-11,3.59,27.6,86.84,99.84,5.84,25.16
2012-08-12,2.95,27.56,87.7,100.06,5.59,25.32
2012-08-13,2.28,27.94,84.58,100.07,5.11,25.06
2012-08-14,6.94,27.85,85.84,100.04,4.7,25.23
2012-08-15,4.42,28.01,85.93,100.04,3.54,25.41
2012-08-16,4.94,27.93,85.64,99.95,3.03,25.28
2012-08-17,1.98,27.95,85.29,99.8,3.82,25.22
2012-08-18,3.54,27.9,85.56,99.6,4.39,25.23
2012-08-19,8.94,27.86,84.94,99.67,5.06,25.05
2012-08-20,5.13,28.2,85.89,99.9,4.76,25.57
2012-08-21,9.19,27.5,90.63,100.06,4.27,25.84
2012-08-22,3.17,27.34,88.67,100.24,3.72,25.28
2012-08-23,1.37,27.84,86.21,100.29,3.35,25.28
2012-08-24,3.41,27.98,86.07,100.18,3.28,25.41
2012-08-25,4.51,27.46,86.91,100.05,2.9,25.08
2012-08-26,4.68,27.68,86.34,99.9,4.27,25.18
2012-08-27,1.8,27.83,84.74,99.83,4.75,24.96
2012-08-28,2.31,27.91,85.41,99.9,3.64,25.2
2012-08-29,14.29,27.5,87.12,99.94,2.4,25.16
2012-08-30,36.1,27.2,88.81,99.97,3.41,25.19
2012-08-31,6.18,27.67,85.17,99.94,5.17,24.95
2012-09-01,2.6,27.85,84.82,99.95,5.42,25.03
2012-09-02,10.89,28.16,87.55,99.81,5.36,25.89
2012-09-03,12.1,28.06,89.84,99.47,6.83,26.24
2012-09-04,15.56,27.78,87.94,99.6,7.18,25.59
2012-09-05,8.57,28.15,85.61,99.93,5.93,25.5
2012-09-06,27.42,27.84,89.06,100.19,4.44,25.89
2012-09-07,17.44,27.52,89.82,100.24,3.44,25.71
2012-09-08,20.72,27.71,87.69,100.09,3.18,25.48
2012-09-09,17.4,27.32,91.33,99.92,5.25,25.8
2012-09-10,19.68,27.47,87.91,100.01,4.81,25.29
2012-09-11,10.98,26.8,89.52,100.08,4.9,24.95
2012-09-12,4.61,27.41,89.5,100.16,4.03,25.54
2012-09-13,2.0,27.5,88.55,100.22,3.92,25.44
2012-09-14,4.09,27.94,87.28,100.12,3.65,25.61
2012-09-15,14.08,27.69,87.88,99.98,3.79,25.49
2012-09-16,11.8,27.39,87.66,99.97,3.68,25.16
2012-09-17,9.68,27.7,83.87,100.15,3.31,24.7
2012-09-18,13.08,28.24,83.0,100.12,3.12,25.02
2012-09-19,4.12,28.17,84.69,100.1,3.46,25.32
2012-09-20,7.85,27.94,86.96,100.23,4.78,25.57
2012-09-21,3.41,27.87,87.66,100.27,3.79,25.62
2012-09-22,5.76,28.0,87.47,100.31,3.72,25.72
2012-09-23,2.26,28.13,86.38,100.22,3.21,25.64
2012-09-24,4.86,27.97,80.49,100.22,1.83,24.21
2012-09-25,1.21,28.53,77.1,100.29,1.45,24.06
2012-09-26,0.39,28.16,75.54,100.5,1.14,23.41
2012-09-27,0.88,28.18,76.64,100.5,1.93,23.62
2012-09-28,9.55,27.39,84.39,100.4,2.83,24.52
2012-09-29,17.11,27.46,87.15,100.33,4.53,25.13
2012-09-30,27.06,27.7,89.74,100.22,5.45,25.88
2012-10-01,16.8,27.79,89.52,100.23,3.93,25.93
2012-10-02,34.32,27.85,88.34,100.36,4.48,25.75
2012-10-03,13.65,27.55,88.66,100.36,4.73,25.53
2012-10-04,3.67,27.82,86.54,100.24,4.81,25.36
2012-10-05,3.72,28.67,80.9,100.34,2.61,24.99
2012-10-06,0.3,28.46,78.44,100.57,1.43,24.32
2012-10-07,0.07,28.4,71.66,100.59,1.74,22.71
2012-10-08,0.04,27.97,67.41,100.43,2.13,21.23
2012-10-09,0.51,28.19,68.36,100.25,1.57,21.68
2012-10-10,0.82,28.36,74.0,100.29,2.28,23.24
2012-10-11,4.77,27.57,84.57,100.4,3.96,24.74
2012-10-12,6.16,27.45,86.44,100.49,3.6,25.0
2012-10-13,2.97,28.07,80.28,100.53,1.81,24.31
2012-10-14,0.32,27.49,77.93,100.67,1.67,23.23
2012-10-15,0.45,27.28,79.24,100.84,2.66,23.32
2012-10-16,0.08,26.81,70.84,100.95,3.4,21.0
2012-10-17,0.0,26.77,73.39,100.89,3.11,21.56
2012-10-18,0.03,26.63,78.82,100.84,3.67,22.63
2012-10-19,3.55,26.63,79.98,100.86,4.22,22.87
2012-10-20,2.29,26.84,83.03,100.87,4.06,23.7
2012-10-21,0.92,26.87,83.12,100.88,4.55,23.75
2012-10-22,0.23,26.91,81.65,100.9,3.83,23.5
2012-10-23,0.03,26.57,81.36,100.83,3.38,23.1
2012-10-24,0.4,26.73,80.91,100.74,2.18,23.16
2012-10-25,0.37,26.55,80.96,100.67,2.5,22.99
2012-10-26,0.0,26.05,76.56,100.68,3.46,21.59
2012-10-27,0.0,26.13,78.34,100.73,4.11,22.02
2012-10-28,0.51,26.32,82.48,100.77,4.2,23.08
2012-10-29,0.01,25.84,77.66,100.7,4.3,21.57
2012-10-30,0.2,25.4,76.36,100.65,4.92,20.87
2012-10-31,24.48,26.38,85.66,100.59,5.9,23.76
2012-11-01,37.7,27.0,87.11,100.55,5.02,24.68
2012-11-02,34.71,26.85,88.09,100.52,3.82,24.73
2012-11-03,75.9,26.97,88.12,100.51,4.81,24.85
2012-11-04,67.26,26.54,89.11,100.52,4.37,24.61
2012-11-05,29.46,26.74,87.26,100.47,4.03,24.46
2012-11-06,3.19,26.31,88.44,100.6,3.26,24.26
2012-11-07,0.1,26.85,85.92,100.61,3.08,24.29
2012-11-08,0.05,26.48,77.28,100.59,2.61,22.09
2012-11-09,0.04,24.68,68.47,100.79,3.4,18.36
2012-11-10,0.0,23.83,73.22,100.93,3.89,18.68
2012-11-11,0.0,23.76,72.81,100.95,2.93,18.55
2012-11-12,0.0,23.57,71.53,100.95,3.39,18.09
2012-11-13,0.0,23.4,71.44,101.0,4.08,17.89
2012-11-14,0.0,23.21,69.72,100.81,4.47,17.27
2012-11-15,0.0,22.88,72.57,100.79,4.66,17.61
2012-11-16,0.0,22.33,71.29,100.89,4.52,16.71
2012-11-17,0.02,22.71,66.1,100.75,3.83,15.57
2012-11-18,0.45,24.01,86.27,100.59,4.45,21.57
2012-11-19,0.69,25.44,87.27,100.57,4.86,23.15
2012-11-20,1.37,25.51,87.55,100.68,6.39,23.28
2012-11-21,1.39,25.78,87.48,100.77,5.31,23.54
2012-11-22,2.67,25.41,87.06,100.81,3.72,23.1
2012-11-23,0.37,25.13,87.09,100.84,3.15,22.82
2012-11-24,0.0,25.29,86.25,100.84,2.19,22.81
2012-11-25,0.0,25.24,84.47,100.94,2.03,22.42
2012-11-26,0.0,24.87,83.09,100.98,2.44,21.79
2012-11-27,0.0,24.31,78.49,100.95,1.93,20.3
2012-11-28,0.0,24.27,72.82,100.92,1.33,19.02
2012-11-29,0.0,23.97,73.7,100.8,1.41,18.95
2012-11-30,0.0,24.34,74.17,100.8,1.51,19.41
2012-12-01,0.01,23.32,74.7,100.87,3.35,18.55
2012-12-02,0.08,22.93,73.88,100.96,4.43,17.96
2012-12-03,0.0,23.01,78.53,100.96,4.43,19.01
2012-12-04,0.63,22.96,76.83,100.94,4.18,18.6
2012-12-05,0.0,23.2,74.41,100.94,3.53,18.29
2012-12-06,0.0,23.56,75.24,101.01,2.33,18.85
2012-12-07,0.0,24.17,71.84,100.94,1.13,18.7
2012-12-08,0.0,24.28,70.35,100.9,1.23,18.48
2012-12-09,0.0,24.58,70.84,100.83,1.17,18.91
2012-12-10,0.0,24.37,74.5,100.82,1.23,19.52
2012-12-11,0.0,24.29,78.71,100.85,2.03,20.34
2012-12-12,0.0,24.13,81.92,100.85,2.3,20.79
2012-12-13,0.0,24.15,80.61,100.95,1.82,20.58
2012-12-14,0.0,24.63,77.79,101.17,1.82,20.44
2012-12-15,0.0,23.91,82.89,101.23,2.96,20.78
2012-12-16,0.72,23.67,82.77,101.24,3.82,20.49
2012-12-17,0.0,23.42,75.91,101.14,4.27,18.81
2012-12-18,0.0,22.96,72.43,101.13,3.82,17.7
2012-12-19,0.0,22.5,65.81,101.0,3.08,15.57
2012-12-20,0.0,22.59,64.24,100.9,2.5,15.35
2012-12-21,0.0,22.84,74.99,100.97,2.58,18.11
2012-12-22,0.0,22.65,77.58,101.01,3.26,18.45
2012-12-23,0.0,21.74,73.0,101.07,4.17,16.54
2012-12-24,0.0,21.68,69.45,101.01,3.3,15.69
2012-12-25,0.0,22.26,72.36,100.89,3.15,16.94
2012-12-26,0.0,22.32,73.95,100.88,3.95,17.33
2012-12-27,0.0,21.98,74.07,100.86,4.18,17.0
2012-12-28,0.0,22.19,74.45,100.77,3.23,17.28
2012-12-29,0.0,22.88,77.65,100.79,3.39,18.64
2012-12-30,0.0,23.45,81.32,100.82,3.09,20.01
2012-12-31,0.0,23.88,80.66,100.78,2.1,20.27
2013-01-01,0.0,24.15,78.18,100.85,1.51,20.08
2013-01-02,0.0,24.35,74.79,100.91,1.49,19.57
2013-01-03,0.12,24.67,78.69,100.94,1.72,20.67
2013-01-04,0.03,25.01,79.95,100.9,1.54,21.21
2013-01-05,0.02,24.51,82.9,100.78,2.04,21.37
2013-01-06,0.01,24.35,81.59,100.82,2.31,20.94
2013-01-07,0.0,24.44,77.88,100.91,2.33,20.27
2013-01-08,1.25,24.7,73.77,101.01,2.42,19.64
2013-01-09,0.05,23.02,77.01,101.09,3.6,18.56
2013-01-10,0.03,22.61,67.33,101.01,2.68,15.77
2013-01-11,0.0,22.6,62.48,101.07,2.39,14.63
2013-01-12,0.0,23.0,52.23,101.15,1.95,12.14
2013-01-13,0.0,23.2,53.87,101.0,2.07,12.98
2013-01-14,0.0,23.57,64.48,100.94,1.62,16.14
2013-01-15,0.0,23.82,72.07,101.1,1.52,18.34
2013-01-16,0.0,24.26,73.68,101.18,1.41,19.1
2013-01-17,0.0,24.03,75.13,101.19,2.2,19.21
2013-01-18,0.0,23.61,77.1,101.2,3.11,19.21
2013-01-19,0.0,23.74,70.48,101.17,2.33,17.82
2013-01-20,0.0,24.23,65.36,101.14,2.21,17.05
2013-01-21,0.0,23.89,70.76,101.27,2.98,18.08
2013-01-22,0.0,24.05,72.58,101.29,3.64,18.62
2013-01-23,0.0,24.07,74.69,101.29,3.61,19.13
2013-01-24,0.0,23.89,73.14,101.22,3.12,18.57
2013-01-25,0.0,23.81,70.01,101.24,3.13,17.66
2013-01-26,0.0,23.83,69.69,101.24,3.02,17.74
2013-01-27,0.0,24.05,71.3,101.24,2.35,18.36
2013-01-28,0.15,24.24,72.54,101.15,2.1,18.86
2013-01-29,0.22,24.09,73.21,101.08,2.01,18.77
2013-01-30,0.0,24.07,74.22,101.16,2.0,19.04
2013-01-31,0.0,24.11,71.18,101.23,2.88,18.38
2013-02-01,0.01,24.28,62.51,101.22,2.35,16.52
2013-02-02,0.0,24.01,64.33,101.13,2.43,16.68
2013-02-03,0.0,24.53,60.1,101.05,1.68,16.11
2013-02-04,0.0,24.57,64.52,101.15,2.68,17.29
2013-02-05,0.0,24.51,69.23,101.21,2.76,18.22
2013-02-06,0.0,24.43,68.88,101.16,2.18,17.82
2013-02-07,0.0,25.33,60.38,100.89,1.48,16.67
2013-02-08,0.0,25.67,64.76,100.84,1.88,18.22
2013-02-09,0.0,25.38,75.18,100.96,3.99,20.49
2013-02-10,0.0,25.23,72.44,100.97,4.05,19.69
2013-02-11,0.0,24.95,69.4,100.96,3.56,18.62
2013-02-12,0.01,25.16,63.07,100.92,3.69,17.07
2013-02-13,0.07,25.28,61.94,100.86,3.34,17.01
2013-02-14,0.03,25.68,63.02,100.89,2.73,17.71
2013-02-15,0.0,25.75,61.54,100.84,2.18,17.45
2013-02-16,2.8,25.16,73.87,100.64,2.7,19.89
2013-02-17,4.29,25.93,77.62,100.51,3.23,21.61
2013-02-18,0.82,25.98,71.91,100.68,4.04,20.0
2013-02-19,0.07,24.79,75.65,100.92,3.85,20.02
2013-02-20,0.0,25.05,72.69,100.97,3.12,19.58
2013-02-21,0.0,25.27,72.1,101.03,2.66,19.65
2013-02-22,0.0,25.35,73.54,101.14,2.91,20.06
2013-02-23,0.0,25.74,66.71,101.1,2.18,18.53
2013-02-24,0.0,26.2,58.46,101.06,1.5,16.87
2013-02-25,0.0,26.55,55.77,101.06,1.82,16.66
2013-02-26,0.0,26.75,59.31,101.03,2.27,17.75
2013-02-27,0.0,26.75,62.18,100.96,1.88,18.5
2013-02-28,0.0,26.84,55.81,100.81,1.59,16.01
2013-03-01,0.0,26.92,52.26,100.85,2.38,15.54
2013-03-02,0.0,26.52,63.34,100.97,2.79,18.07
2013-03-03,0.0,26.13,65.1,100.98,2.55,18.25
2013-03-04,0.0,26.08,64.7,101.03,2.43,18.33
2013-03-05,0.0,26.16,63.64,101.06,3.31,18.0
2013-03-06,0.0,26.5,64.2,101.04,2.48,18.41
2013-03-07,0.0,27.0,69.87,101.04,1.91,20.72
2013-03-08,0.0,27.28,69.11,100.99,2.11,20.64
2013-03-09,0.0,27.96,68.1,100.8,3.49,20.73
2013-03-10,0.0,27.66,70.56,100.64,3.55,21.1
2013-03-11,0.0,27.68,71.21,100.73,4.11,21.59
2013-03-12,0.0,28.5,64.03,100.69,4.49,20.19
2013-03-13,0.0,29.1,59.04,100.69,4.25,19.47
2013-03-14,0.0,28.29,65.51,100.77,3.62,20.78
2013-03-15,0.0,28.55,61.9,100.85,2.68,19.93
2013-03-16,0.0,28.07,60.27,100.97,1.74,19.16
2013-03-17,0.0,28.36,58.63,100.89,1.77,19.27
2013-03-18,0.32,28.1,64.59,100.71,1.96,20.56
2013-03-19,0.96,28.17,66.95,100.68,2.82,20.94
2013-03-20,0.41,28.73,65.89,100.68,3.23,20.94
2013-03-21,0.0,28.95,65.03,100.53,3.77,21.11
2013-03-22,0.0,29.52,64.05,100.38,4.48,21.33
2013-03-23,0.0,28.95,67.45,100.52,3.81,21.78
2013-03-24,0.0,28.84,64.76,100.63,3.32,20.9
2013-03-25,0.0,29.73,61.71,100.46,4.04,20.66
2013-03-26,0.0,30.08,61.84,100.34,4.52,21.13
2013-03-27,0.0,29.53,67.94,100.42,4.57,22.32
2013-03-28,0.0,29.38,66.22,100.51,4.44,21.63
2013-03-29,0.0,29.33,62.06,100.47,3.92,20.45
2013-03-30,0.0,28.99,69.25,100.38,4.33,21.96
2013-03-31,0.04,29.23,68.16,100.42,4.43,22.06
2013-04-01,0.52,29.26,67.58,100.5,4.56,22.08
2013-04-02,0.34,29.14,66.97,100.58,3.77,21.76
2013-04-03,0.0,29.33,64.43,100.52,3.75,21.09
2013-04-04,0.01,30.14,60.54,100.3,4.78,20.72
2013-04-05,0.02,30.7,63.98,100.17,4.73,22.33
2013-04-06,3.12,30.26,70.8,100.22,3.98,23.61
2013-04-07,0.01,29.44,73.11,100.25,3.49,23.69
2013-04-08,0.01,29.28,73.33,100.35,3.9,23.62
2013-04-09,0.0,29.37,71.85,100.4,4.41,23.34
2013-04-10,0.01,29.65,69.54,100.37,4.99,23.0
2013-04-11,0.0,30.06,65.14,100.34,5.33,22.28
2013-04-12,0.0,29.68,65.78,100.5,4.47,22.21
2013-04-13,0.0,29.47,68.04,100.59,4.09,22.46
2013-04-14,0.02,29.37,67.0,100.63,3.33,21.93
2013-04-15,0.05,29.9,67.44,100.35,4.0,22.44
2013-04-16,0.5,30.76,71.15,100.09,5.36,24.37
2013-04-17,0.95,31.02,72.6,99.95,5.23,25.01
2013-04-18,0.55,30.43,75.4,100.07,5.31,25.13
2013-04-19,5.85,29.74,77.09,100.2,4.5,24.99
2013-04-20,14.48,28.21,80.21,100.39,3.27,24.45
2013-04-21,7.28,27.9,76.47,100.52,2.73,23.31
2013-04-22,2.22,28.39,71.48,100.61,2.45,22.55
2013-04-23,0.74,28.82,72.45,100.68,2.57,23.2
2013-04-24,0.82,29.57,71.65,100.68,3.08,23.6
2013-04-25,0.32,29.87,71.61,100.65,3.2,23.92
2013-04-26,0.38,30.32,68.57,100.6,3.32,23.59
2013-04-27,0.19,30.88,66.54,100.44,4.35,23.53
2013-04-28,0.03,31.28,67.1,100.26,4.34,24.06
2013-04-29,0.11,30.53,75.55,100.24,4.56,25.55
2013-04-30,0.03,30.67,73.28,100.28,4.55,25.08
2013-05-01,0.02,31.32,67.36,100.16,5.24,24.04
2013-05-02,0.05,31.25,69.52,99.96,5.83,24.54
2013-05-03,0.12,31.49,70.73,99.88,5.6,25.0
2013-05-04,0.07,31.0,73.76,100.02,5.16,25.49
2013-05-05,0.12,30.72,74.69,100.22,4.81,25.49
2013-05-06,0.15,30.95,72.45,100.23,5.07,25.19
2013-05-07,0.15,31.29,70.27,100.15,4.97,24.85
2013-05-08,0.3,32.16,68.05,100.03,5.31,24.87
2013-05-09,0.36,32.16,70.6,100.02,5.13,25.69
2013-05-10,0.45,32.55,67.56,99.97,4.87,25.21
2013-05-11,2.07,32.57,64.48,99.8,4.97,24.17
2013-05-12,5.83,31.05,74.09,99.99,3.61,25.53
2013-05-13,4.8,30.03,71.88,100.06,2.46,24.19
2013-05-14,4.48,30.5,67.63,99.82,3.64,23.63
2013-05-15,3.23,30.34,72.91,99.78,3.21,24.7
2013-05-16,0.3,31.37,72.81,99.79,4.82,25.56
2013-05-17,0.08,31.07,76.08,100.02,4.46,25.98
2013-05-18,0.27,30.78,78.33,100.03,5.05,26.35
2013-05-19,0.12,31.04,73.81,100.03,4.99,25.39
2013-05-20,0.77,30.62,77.9,99.96,5.35,26.14
2013-05-21,1.08,30.96,73.42,100.01,5.52,25.28
2013-05-22,0.73,30.89,73.3,99.84,5.49,25.21
2013-05-23,0.15,30.83,79.87,99.74,4.46,26.72
2013-05-24,0.11,31.82,73.71,99.61,4.84,26.11
2013-05-25,0.38,33.16,62.76,99.56,4.31,24.23
2013-05-26,1.81,31.48,73.0,99.69,5.73,25.78
2013-05-27,4.04,29.11,74.63,99.89,4.67,24.08
2013-05-28,2.8,30.58,71.9,99.84,4.36,24.66
2013-05-29,3.47,29.95,76.86,99.8,6.16,25.28
2013-05-30,3.49,30.35,77.84,99.69,5.24,25.82
2013-05-31,1.24,30.2,77.03,99.81,4.88,25.54
2013-06-01,0.96,29.69,77.7,99.98,4.46,25.21
2013-06-02,0.7,29.43,76.39,99.94,3.15,24.65
2013-06-03,0.58,29.45,75.97,99.86,2.51,24.69
2013-06-04,0.24,29.55,75.43,99.91,2.34,24.69
2013-06-05,5.63,30.09,77.68,99.94,2.89,25.7
2013-06-06,5.75,29.36,83.57,99.85,3.88,26.28
2013-06-07,25.0,29.18,84.78,99.79,4.21,26.32
2013-06-08,14.78,28.98,80.45,99.82,4.56,25.16
2013-06-09,3.49,29.8,75.77,99.72,4.98,24.92
2013-06-10,2.4,29.6,75.62,99.72,4.26,24.71
2013-06-11,10.68,28.91,78.24,99.61,2.68,24.7
2013-06-12,12.19,28.62,80.92,99.36,4.07,24.97
2013-06-13,10.19,28.49,79.01,99.15,6.37,24.4
2013-06-14,1.61,29.26,74.1,99.14,7.66,24.01
2013-06-15,1.55,29.33,74.77,99.41,6.27,24.13
2013-06-16,1.01,30.31,72.71,99.69,5.06,24.54
2013-06-17,0.44,30.47,72.26,99.72,4.35,24.56
2013-06-18,0.31,31.08,69.04,99.58,4.93,24.49
2013-06-19,0.85,30.69,72.61,99.63,3.64,25.09
2013-06-20,7.12,29.6,76.67,99.74,3.44,24.98
2013-06-21,7.91,28.61,81.95,99.72,3.94,25.19
2013-06-22,2.56,28.66,80.19,99.59,4.55,24.87
2013-06-23,13.1,28.48,79.16,99.4,5.25,24.5
2013-06-24,10.96,28.24,81.77,99.21,8.08,24.74
2013-06-25,3.56,29.56,74.58,99.58,7.43,24.35
2013-06-26,1.44,30.03,71.83,99.83,6.64,24.24
2013-06-27,1.53,30.1,73.93,99.88,5.55,24.75
2013-06-28,1.04,30.24,73.2,99.87,4.11,24.69
2013-06-29,1.93,29.52,74.54,99.94,4.32,24.4
2013-06-30,2.58,28.89,76.42,99.97,5.32,24.21
2013-07-01,2.26,29.12,75.5,99.7,5.75,24.24
2013-07-02,2.35,29.16,76.23,99.56,4.7,24.34
2013-07-03,7.65,29.0,80.08,99.63,4.64,25.1
2013-07-04,2.66,29.02,77.69,99.66,3.83,24.55
2013-07-05,1.11,28.74,77.67,99.72,3.04,24.38
2013-07-06,4.93,28.13,76.66,99.86,2.32,23.57
2013-07-07,17.37,28.04,84.49,99.82,1.77,25.17
2013-07-08,6.5,28.55,80.77,99.78,3.51,24.84
2013-07-09,3.05,28.4,83.4,99.6,4.38,25.26
2013-07-10,24.31,28.38,82.09,99.49,4.25,24.97
2013-07-11,18.36,27.15,87.56,99.47,6.5,24.91
2013-07-12,2.13,27.55,83.64,99.65,7.13,24.47
2013-07-13,2.8,28.43,79.67,99.85,5.85,24.45
2013-07-14,3.67,28.18,82.32,99.76,4.08,24.81
2013-07-15,3.3,28.46,79.51,99.67,4.3,24.47
2013-07-16,3.58,27.63,81.44,99.65,5.12,24.06
2013-07-17,3.26,28.48,79.29,99.63,6.45,24.42
2013-07-18,2.12,28.64,79.9,99.49,6.12,24.71
2013-07-19,1.12,28.24,81.04,99.34,6.96,24.6
2013-07-20,4.93,28.64,78.43,99.5,6.84,24.4
2013-07-21,8.18,28.52,80.21,99.46,4.82,24.66
2013-07-22,16.25,27.99,85.06,99.28,6.05,25.19
2013-07-23,3.53,28.25,80.27,99.36,6.92,24.4
2013-07-24,2.01,27.88,81.29,99.6,6.79,24.31
2013-07-25,3.32,27.68,83.18,99.61,7.12,24.52
2013-07-26,1.42,28.44,79.45,99.6,6.58,24.43
2013-07-27,2.24,28.63,79.87,99.86,5.55,24.64
2013-07-28,3.82,29.02,80.52,100.01,5.29,25.19
2013-07-29,1.02,29.03,77.85,99.87,5.14,24.66
2013-07-30,3.41,28.55,76.25,99.47,6.34,23.86
2013-07-31,2.95,28.11,76.84,99.25,8.55,23.56
2013-08-01,1.85,28.13,78.44,99.5,7.16,23.89
2013-08-02,1.64,28.64,78.33,99.74,4.92,24.3
2013-08-03,1.52,28.85,76.12,99.89,3.53,24.06
2013-08-04,1.55,28.77,75.71,99.79,2.5,23.91
2013-08-05,12.72,27.27,88.12,99.68,5.34,25.13
2013-08-06,10.85,27.5,84.64,99.85,4.64,24.62
2013-08-07,4.16,28.61,80.17,99.94,4.15,24.71
2013-08-08,4.64,28.98,80.46,99.92,3.08,25.16
2013-08-09,5.63,28.74,80.82,99.93,2.66,25.06
2013-08-10,3.14,28.29,79.51,99.99,2.34,24.33
2013-08-11,2.95,27.86,80.03,100.04,1.55,24.06
2013-08-12,4.82,27.9,81.36,99.9,1.63,24.4
2013-08-13,5.7,28.22,82.92,99.78,1.25,25.01
2013-08-14,4.48,28.39,79.26,99.83,1.55,24.41
2013-08-15,4.36,27.89,83.77,99.88,1.9,24.88
2013-08-16,5.44,28.05,83.59,99.71,2.72,24.99
2013-08-17,9.93,28.02,87.03,99.77,4.52,25.65
2013-08-18,11.8,27.89,85.74,99.86,5.74,25.24
2013-08-19,3.23,28.35,82.09,99.8,6.21,24.92
2013-08-20,0.8,28.78,79.0,99.66,6.0,24.63
2013-08-21,0.34,28.92,75.7,99.54,6.05,24.07
2013-08-22,0.23,28.95,75.58,99.66,5.78,24.07
2013-08-23,0.33,29.05,76.18,99.81,4.94,24.28
2013-08-24,0.49,29.26,76.66,99.92,3.96,24.57
2013-08-25,2.21,28.79,78.45,99.92,4.05,24.55
2013-08-26,2.48,28.23,81.83,99.88,4.3,24.79
2013-08-27,5.75,28.27,81.8,99.9,4.37,24.82
2013-08-28,15.4,28.0,82.95,100.12,3.58,24.81
2013-08-29,8.88,28.47,75.96,100.26,3.17,23.65
2013-08-30,0.32,29.11,75.44,100.23,3.52,24.18
2013-08-31,0.58,29.27,77.75,100.18,3.55,24.85
2013-09-01,16.11,28.75,81.91,100.19,3.13,25.29
2013-09-02,16.09,28.03,87.52,100.29,3.74,25.77
2013-09-03,3.02,27.92,85.54,100.29,3.72,25.23
2013-09-04,2.09,28.46,81.93,100.25,3.54,24.99
2013-09-05,1.62,28.79,78.57,100.15,2.98,24.62
2013-09-06,1.55,29.1,75.23,100.17,1.77,24.13
2013-09-07,5.6,28.42,78.68,100.17,1.44,24.31
2013-09-08,6.09,27.22,86.58,100.22,2.89,24.79
2013-09-09,2.51,27.61,84.24,100.28,2.07,24.7
2013-09-10,3.67,27.91,82.94,100.2,2.35,24.73
2013-09-11,3.37,28.37,79.11,100.18,2.65,24.38
2013-09-12,1.32,28.15,82.85,100.28,3.35,24.92
2013-09-13,1.22,28.14,83.8,100.33,2.44,25.13
2013-09-14,0.2,28.66,78.39,100.17,1.69,24.5
2013-09-15,1.23,28.93,81.13,99.92,3.81,25.34
2013-09-16,1.4,28.88,81.28,99.87,3.25,25.27
2013-09-17,5.96,28.05,84.13,99.88,3.92,25.08
2013-09-18,4.22,27.57,86.71,99.9,3.13,25.14
2013-09-19,14.25,28.07,84.86,99.72,4.11,25.25
2013-09-20,20.3,27.78,88.47,99.59,4.43,25.71
2013-09-21,7.85,27.53,86.76,99.66,4.37,25.12
2013-09-22,12.2,28.4,80.59,99.84,3.9,24.65
2013-09-23,0.31,28.8,76.71,99.94,3.22,24.19
2013-09-24,0.18,28.41,75.37,100.12,3.12,23.56
2013-09-25,0.12,28.62,77.66,100.32,3.56,24.25
2013-09-26,1.5,28.92,77.74,100.41,3.53,24.57
2013-09-27,2.84,29.59,75.81,100.36,2.5,24.77
2013-09-28,31.32,28.59,81.89,100.21,2.16,25.15
2013-09-29,16.33,27.95,87.45,99.92,3.16,25.68
2013-09-30,6.41,27.77,84.26,99.84,3.55,24.86
2013-10-01,4.45,28.36,81.96,99.96,3.32,24.94
2013-10-02,11.7,27.64,89.22,100.22,3.3,25.72
2013-10-03,19.79,27.31,85.01,100.35,3.22,24.56
2013-10-04,11.25,27.06,86.96,100.38,3.99,24.71
2013-10-05,0.37,27.62,84.34,100.36,3.95,24.72
2013-10-06,0.22,27.74,81.68,100.37,3.7,24.29
2013-10-07,3.35,28.02,84.4,100.44,3.34,25.14
2013-10-08,4.39,27.72,86.68,100.43,2.81,25.3
2013-10-09,11.02,27.36,85.4,100.4,1.95,24.69
2013-10-10,10.27,26.86,87.23,100.47,2.61,24.57
2013-10-11,4.89,27.83,80.67,100.27,3.33,24.13
2013-10-12,9.65,27.45,82.47,99.44,6.33,24.18
2013-10-13,2.03,28.15,83.22,99.67,6.16,25.0
2013-10-14,0.6,28.51,85.57,100.18,3.51,25.81
2013-10-15,0.22,28.23,82.51,100.4,1.92,24.94
2013-10-16,0.02,27.98,82.66,100.44,2.33,24.72
2013-10-17,0.0,27.89,80.42,100.54,1.99,24.2
2013-10-18,0.06,27.78,78.95,100.62,2.01,23.79
2013-10-19,0.83,27.45,79.79,100.63,2.32,23.63
2013-10-20,8.82,26.69,86.28,100.57,2.98,24.2
2013-10-21,29.81,26.7,88.37,100.34,4.77,24.62
2013-10-22,77.15,26.82,89.79,100.3,6.25,25.02
2013-10-23,118.74,26.89,90.49,100.4,5.07,25.22
2013-10-24,85.57,26.45,90.9,100.4,4.54,24.86
2013-10-25,48.77,26.71,89.77,100.34,4.83,24.92
2013-10-26,26.74,27.05,89.01,100.39,3.49,25.09
2013-10-27,49.94,26.78,91.89,100.21,6.46,25.37
2013-10-28,5.58,26.74,89.68,100.34,3.38,24.92
2013-10-29,0.14,26.82,81.51,100.72,3.5,23.33
2013-10-30,0.0,26.06,78.25,100.86,3.87,21.92
2013-10-31,0.2,25.73,81.51,100.9,4.6,22.3
2013-11-01,0.86,26.11,84.71,100.88,4.06,23.31
2013-11-02,0.03,26.22,82.58,100.88,3.66,22.99
2013-11-03,0.0,26.18,80.24,100.96,3.34,22.49
2013-11-04,0.0,25.25,76.12,101.14,3.73,20.69
2013-11-05,0.0,24.85,75.33,101.14,3.7,20.16
2013-11-06,0.01,25.35,76.15,101.1,3.36,20.83
2013-11-07,0.0,25.73,72.4,100.98,2.76,20.38
2013-11-08,0.0,25.63,77.7,100.86,2.45,21.43
2013-11-09,0.0,25.45,82.14,100.82,2.77,22.14
2013-11-10,0.0,25.09,78.05,100.79,3.49,20.93
2013-11-11,0.0,24.62,74.22,100.7,3.6,19.65
2013-11-12,0.0,24.21,73.02,100.74,3.54,19.01
2013-11-13,0.0,24.02,74.35,100.76,3.63,19.13
2013-11-14,0.0,23.9,73.33,100.82,3.25,18.77
2013-11-15,0.01,23.47,74.54,100.9,3.96,18.63
2013-11-16,0.6,24.12,82.02,100.95,4.63,20.82
2013-11-17,0.12,24.88,79.63,100.91,4.41,21.09
2013-11-18,0.0,24.87,82.11,100.93,4.28,21.57
2013-11-19,1.11,24.65,84.2,100.88,5.19,21.76
2013-11-20,4.82,25.28,88.2,100.69,5.43,23.19
2013-11-21,24.42,25.59,89.43,100.42,5.97,23.73
2013-11-22,70.21,25.94,89.25,100.56,5.32,24.05
2013-11-23,16.4,25.76,85.38,100.78,3.96,23.13
2013-11-24,0.19,25.4,80.83,100.87,2.59,21.86
2013-11-25,0.07,25.57,79.81,100.71,1.75,21.8
2013-11-26,0.0,24.71,74.55,100.61,2.87,19.71
2013-11-27,0.0,23.59,76.57,100.67,4.97,19.15
2013-11-28,3.37,24.84,88.94,100.72,5.93,22.85
2013-11-29,1.11,26.07,87.27,100.93,2.54,23.78
2013-11-30,0.29,25.74,88.11,100.93,2.08,23.61
2013-12-01,1.57,25.42,88.72,100.98,2.2,23.43
2013-12-02,1.27,24.96,84.23,101.03,4.05,22.09
2013-12-03,0.01,24.09,79.98,100.95,3.9,20.41
2013-12-04,0.0,23.55,77.42,100.94,4.47,19.34
2013-12-05,0.0,22.88,72.82,100.88,4.71,17.68
2013-12-06,0.0,22.52,75.38,100.77,4.6,17.89
2013-12-07,0.05,22.59,78.34,100.78,5.17,18.54
2013-12-08,0.1,22.77,80.54,100.7,5.69,19.15
2013-12-09,0.05,22.55,79.34,100.47,7.11,18.7
2013-12-10,0.43,23.4,84.98,100.35,7.68,20.66
2013-12-11,0.5,24.37,87.69,100.55,6.8,22.18
2013-12-12,0.25,24.0,81.92,100.69,5.14,20.65
2013-12-13,0.0,23.52,67.71,100.81,3.71,16.89
2013-12-14,0.0,23.62,58.22,100.82,1.6,14.66
2013-12-15,0.0,23.01,64.4,100.88,2.43,15.8
2013-12-16,0.0,22.32,75.87,101.03,3.31,17.8
2013-12-17,0.0,22.39,71.49,100.97,2.01,16.86
2013-12-18,0.0,23.29,66.0,100.87,1.0,16.54
2013-12-19,0.0,23.99,69.04,100.89,1.23,17.95
2013-12-20,0.0,24.1,68.74,101.01,1.53,17.99
2013-12-21,0.02,23.73,72.97,101.12,2.62,18.59
2013-12-22,0.01,23.34,78.02,101.22,3.71,19.27
2013-12-23,0.0,23.1,75.78,101.3,3.32,18.54
2013-12-24,0.0,22.89,74.33,101.36,3.38,18.03
2013-12-25,0.0,22.92,70.1,101.37,2.14,17.14
2013-12-26,0.0,22.59,75.31,101.25,2.47,17.95
2013-12-27,0.0,22.49,76.59,101.17,2.43,18.14
2013-12-28,0.0,22.6,70.42,101.16,2.26,16.85
2013-12-29,0.0,22.85,67.91,101.12,2.06,16.59
2013-12-30,0.0,22.92,70.74,101.21,2.95,17.31
2013-12-31,0.0,23.35,71.36,101.25,3.67,17.84
2014-01-01,0.0,22.94,72.92,101.2,3.3,17.78
2014-01-02,0.0,22.52,78.76,101.22,3.39,18.59
2014-01-03,0.0,22.8,77.12,101.21,3.22,18.5
2014-01-04,0.0,22.83,78.97,101.1,3.15,18.93
2014-01-05,0.0,23.45,74.68,100.9,1.96,18.62
2014-01-06,0.0,23.95,72.59,100.92,1.53,18.64
2014-01-07,0.0,23.73,78.13,101.04,2.58,19.64
2014-01-08,0.01,23.5,82.51,101.18,3.39,20.3
2014-01-09,0.03,23.31,84.09,101.1,2.69,20.44
2014-01-10,0.0,23.62,80.51,101.08,2.47,20.03
2014-01-11,0.0,23.55,72.2,101.13,1.75,18.2
2014-01-12,0.0,23.79,71.39,101.25,1.47,18.27
2014-01-13,4.21,23.58,81.88,101.25,3.02,20.26
2014-01-14,4.41,23.27,83.86,101.17,2.47,20.37
2014-01-15,0.07,23.34,82.7,101.2,1.78,20.22
2014-01-16,0.0,24.13,74.34,101.25,1.4,19.25
2014-01-17,0.0,23.73,80.79,101.24,3.04,20.21
2014-01-18,0.0,23.77,78.36,101.28,3.5,19.71
2014-01-19,0.0,23.91,79.13,101.44,3.28,19.99
2014-01-20,0.01,23.91,78.87,101.45,3.2,19.9
2014-01-21,0.0,24.22,74.76,101.41,3.32,19.4
2014-01-22,0.0,23.57,76.03,101.3,3.29,19.06
2014-01-23,0.0,23.73,71.61,101.28,2.55,18.24
2014-01-24,0.0,23.61,72.94,101.14,1.9,18.42
2014-01-25,0.0,24.17,73.99,101.06,2.62,19.12
2014-01-26,0.0,23.92,75.27,101.13,3.94,19.13
2014-01-27,0.0,23.73,78.3,101.15,3.37,19.61
2014-01-28,0.0,23.44,75.27,101.13,3.36,18.69
2014-01-29,0.0,22.93,72.61,101.18,3.66,17.49
2014-01-30,0.0,23.13,69.26,101.19,3.17,16.94
2014-01-31,0.0,23.36,73.32,101.2,3.11,18.15
2014-02-01,0.0,23.47,75.51,101.18,3.14,18.69
2014-02-02,0.0,23.73,72.92,101.07,2.55,18.29
2014-02-03,0.0,23.96,67.53,100.84,1.62,17.24
2014-02-04,0.0,24.71,61.13,100.65,1.59,16.24
2014-02-05,0.0,24.67,67.59,100.61,1.33,17.95
2014-02-06,0.0,25.35,62.7,100.68,1.39,17.21
2014-02-07,0.0,25.42,62.27,100.67,2.11,17.36
2014-02-08,0.0,25.46,67.0,100.57,3.93,18.47
2014-02-09,0.0,25.89,67.0,100.5,4.02,18.73
2014-02-10,0.0,25.55,73.45,100.56,4.2,20.07
2014-02-11,0.0,25.43,76.36,100.54,3.75,20.68
2014-02-12,0.0,25.33,75.01,100.6,3.73,20.26
2014-02-13,0.0,24.98,75.73,100.87,2.47,20.2
2014-02-14,0.0,24.88,74.51,100.87,2.51,19.82
2014-02-15,0.02,24.68,77.84,100.67,3.02,20.37
2014-02-16,0.2,25.41,77.43,100.64,4.27,21.08
2014-02-17,0.16,25.29,67.39,101.01,3.61,18.38
2014-02-18,0.0,24.8,62.96,101.22,3.43,16.81
2014-02-19,0.0,23.98,62.91,101.14,2.95,16.15
2014-02-20,0.0,24.3,65.23,101.02,2.47,17.2
2014-02-21,0.0,24.5,66.59,101.06,1.95,17.78
2014-02-22,0.0,24.47,67.87,101.08,2.39,18.01
2014-02-23,0.0,24.55,69.3,101.14,2.99,18.4
2014-02-24,0.0,24.66,72.23,101.19,3.33,19.1
2014-02-25,0.0,24.71,74.76,101.18,2.79,19.6
2014-02-26,0.06,25.06,73.29,101.04,2.16,19.7
2014-02-27,0.13,25.2,68.26,101.01,1.96,18.59
2014-02-28,0.0,24.68,74.72,100.98,2.17,19.59
2014-03-01,0.11,24.89,71.79,100.94,2.56,19.19
2014-03-02,0.06,25.4,69.93,100.89,2.25,19.31
2014-03-03,0.16,25.53,70.9,100.96,2.37,19.71
2014-03-04,0.32,25.5,67.56,101.03,2.38,18.75
2014-03-05,0.0,25.46,71.95,101.04,2.84,19.78
2014-03-06,0.14,26.05,68.7,101.0,2.04,19.58
2014-03-07,0.06,26.11,67.37,101.07,2.42,19.34
2014-03-08,0.39,26.12,67.9,101.16,2.28,19.57
2014-03-09,1.37,26.42,67.72,101.05,1.87,19.72
2014-03-10,0.3,26.65,64.68,101.03,1.61,19.25
2014-03-11,0.02,26.87,64.26,101.08,1.94,19.41
2014-03-12,0.02,27.0,64.8,101.05,1.61,19.6
2014-03-13,0.14,27.88,61.2,100.94,1.42,19.42
2014-03-14,0.0,28.12,59.92,100.92,1.84,19.33
2014-03-15,0.0,28.43,58.41,101.02,1.85,19.05
2014-03-16,0.0,28.53,60.4,101.1,2.0,19.59
2014-03-17,0.0,28.3,63.96,101.02,3.04,20.29
2014-03-18,0.0,28.92,63.29,100.92,3.57,20.36
2014-03-19,0.0,29.3,64.3,100.78,4.08,21.03
2014-03-20,0.0,29.66,62.45,100.66,3.86,20.82
2014-03-21,0.51,28.95,69.27,100.52,4.29,22.15
2014-03-22,0.0,29.11,68.6,100.4,4.53,22.11
2014-03-23,0.0,28.69,69.71,100.57,4.15,21.96
2014-03-24,0.0,28.33,66.84,100.73,3.95,20.9
2014-03-25,0.0,28.31,67.54,100.7,3.29,21.17
2014-03-26,0.0,28.97,63.35,100.66,3.26,20.63
2014-03-27,0.0,29.72,57.26,100.62,4.14,19.38
2014-03-28,0.0,30.48,53.48,100.54,4.33,18.9
2014-03-29,0.0,30.77,55.09,100.41,2.9,19.65
2014-03-30,0.0,30.3,61.6,100.37,3.72,21.2
2014-03-31,0.31,30.62,58.14,100.31,4.76,20.48
2014-04-01,0.0,30.49,56.46,100.21,4.66,19.75
2014-04-02,0.0,30.13,61.15,100.28,4.53,20.94
2014-04-03,0.02,29.99,63.04,100.4,4.53,21.18
2014-04-04,0.0,30.18,62.47,100.47,4.57,21.27
2014-04-05,0.0,30.34,61.17,100.53,3.88,20.64
2014-04-06,0.0,29.18,72.64,100.64,5.11,23.18
2014-04-07,0.03,29.73,70.22,100.6,4.91,23.01
2014-04-08,0.05,30.39,66.56,100.46,4.94,22.41
2014-04-09,0.05,30.27,66.53,100.54,2.71,22.88
2014-04-10,0.01,30.85,61.2,100.56,2.15,21.85
2014-04-11,0.36,30.05,64.3,100.53,2.9,21.91
2014-04-12,0.84,29.45,70.96,100.5,3.48,23.19
2014-04-13,0.54,29.28,70.46,100.63,3.21,23.02
2014-04-14,0.31,29.14,69.69,100.74,3.17,22.66
2014-04-15,0.06,29.62,66.3,100.69,3.64,22.03
2014-04-16,0.46,30.0,66.77,100.52,4.06,22.54
2014-04-17,0.12,30.5,65.64,100.4,4.24,22.93
2014-04-18,0.2,30.24,66.21,100.57,3.38,22.59
2014-04-19,0.04,30.91,61.9,100.5,3.27,22.06
2014-04-20,0.05,31.02,59.29,100.4,2.51,21.65
2014-04-21,0.01,30.73,62.56,100.5,2.18,22.44
2014-04-22,0.29,31.13,59.24,100.66,2.14,21.88
2014-04-23,0.06,31.13,62.06,100.54,3.42,22.39
2014-04-24,0.0,31.42,61.39,100.35,4.36,22.52
2014-04-25,0.04,31.62,63.26,100.33,4.43,23.15
2014-04-26,0.06,31.32,67.13,100.33,4.75,23.96
2014-04-27,0.07,31.03,67.32,100.41,4.54,23.87
2014-04-28,0.04,31.03,66.95,100.43,5.28,23.76
2014-04-29,0.33,30.64,67.94,100.39,4.87,23.5
2014-04-30,0.43,30.17,70.51,100.4,4.78,23.72
2014-05-01,3.08,30.56,67.98,100.33,4.94,23.59
2014-05-02,3.38,29.17,77.54,100.36,4.55,24.75
2014-05-03,0.61,29.75,74.71,100.41,4.9,24.41
2014-05-04,3.88,29.81,73.79,100.37,4.4,24.29
2014-05-05,0.42,29.58,70.23,100.5,3.6,23.04
2014-05-06,0.75,29.86,67.77,100.6,2.77,23.03
2014-05-07,0.38,29.99,69.58,100.51,3.68,23.6
2014-05-08,1.19,30.12,72.03,100.37,4.89,24.35
2014-05-09,26.29,29.91,73.71,100.23,4.54,24.42
2014-05-10,44.08,28.88,84.09,100.07,3.76,25.91
2014-05-11,0.33,30.34,73.17,100.18,3.39,24.72
2014-05-12,0.21,31.14,70.64,100.23,3.84,24.81
2014-05-13,0.18,30.38,77.44,100.28,4.29,25.81
2014-05-14,0.21,31.09,72.26,100.13,4.14,24.98
2014-05-15,2.73,32.05,65.18,100.0,3.18,23.97
2014-05-16,1.67,31.67,68.61,100.03,3.52,24.62
2014-05-17,0.57,31.23,70.54,100.19,3.15,24.9
2014-05-18,2.33,31.02,71.68,100.23,3.76,25.0
2014-05-19,1.5,30.66,72.76,100.3,3.55,25.05
2014-05-20,0.11,31.44,67.61,100.17,4.04,24.4
2014-05-21,0.85,32.08,65.74,99.96,4.23,24.36
2014-05-22,4.61,31.96,69.71,99.73,4.13,25.46
2014-05-23,2.39,30.64,80.2,99.86,4.23,26.71
2014-05-24,2.13,30.58,75.29,100.06,3.21,25.54
2014-05-25,9.45,30.2,72.42,100.09,2.01,24.52
2014-05-26,1.25,29.13,79.74,100.07,4.45,25.21
2014-05-27,0.64,30.24,75.82,100.11,5.19,25.29
2014-05-28,9.42,30.04,79.87,100.21,4.48,26.08
2014-05-29,8.8,30.05,82.24,100.22,4.27,26.58
2014-05-30,0.09,30.6,77.57,100.03,4.81,25.98
2014-05-31,0.22,30.39,80.17,99.85,4.73,26.47
2014-06-01,9.28,29.99,83.49,99.89,3.38,26.81
2014-06-02,5.23,29.59,82.7,100.07,3.45,26.29
2014-06-03,8.88,29.66,82.21,99.95,3.36,26.25
2014-06-04,4.82,29.82,82.65,99.87,3.24,26.49
2014-06-05,0.53,30.38,80.21,99.75,3.24,26.45
2014-06-06,1.03,30.76,81.23,99.64,3.37,27.1
2014-06-07,0.75,31.32,79.92,99.47,3.05,27.25
2014-06-08,26.96,30.52,82.64,99.49,5.42,27.21
2014-06-09,17.03,29.59,82.59,99.56,4.71,26.28
2014-06-10,0.28,31.09,72.39,99.52,3.92,25.38
2014-06-11,0.31,32.12,67.12,99.51,3.21,25.08
2014-06-12,0.81,30.15,81.44,99.58,3.53,26.52
2014-06-13,0.49,30.64,78.72,99.55,5.07,26.3
2014-06-14,0.44,30.98,73.37,99.66,3.22,25.31
2014-06-15,0.78,31.99,70.43,99.71,2.72,25.49
2014-06-16,0.49,32.62,64.22,99.62,3.19,24.77
2014-06-17,2.24,31.98,67.15,99.58,3.41,24.99
2014-06-18,1.17,30.61,71.9,99.58,3.14,24.85
2014-06-19,2.93,30.76,71.53,99.54,4.03,24.87
2014-06-20,1.33,30.59,72.93,99.67,3.54,25.06
2014-06-21,5.36,30.02,73.92,99.88,4.43,24.79
2014-06-22,1.63,30.62,72.67,99.94,3.84,24.94
2014-06-23,0.29,31.42,67.78,99.81,3.42,24.52
2014-06-24,0.08,32.36,62.39,99.55,2.81,23.9
2014-06-25,3.06,32.37,60.94,99.55,1.62,23.62
2014-06-26,4.15,30.11,73.67,99.95,1.89,24.78
2014-06-27,3.49,29.95,73.71,100.16,3.11,24.61
2014-06-28,3.26,29.92,73.46,100.02,4.39,24.55
2014-06-29,4.94,28.44,82.48,99.96,4.44,25.15
2014-06-30,2.98,28.78,78.4,99.87,4.03,24.54
2014-07-01,1.82,29.51,78.84,99.98,4.94,25.35
2014-07-02,0.8,30.88,75.13,99.9,5.02,25.72
2014-07-03,0.33,31.77,66.68,99.62,3.66,24.53
2014-07-04,0.88,31.63,66.17,99.6,2.59,24.28
2014-07-05,2.92,31.15,71.57,99.69,3.03,25.19
2014-07-06,1.79,30.38,76.54,99.92,3.59,25.65
2014-07-07,3.55,30.6,72.81,99.85,3.05,25.0
2014-07-08,3.89,30.11,76.23,99.72,3.41,25.37
2014-07-09,11.72,29.35,82.22,99.7,3.32,25.98
2014-07-10,25.57,28.05,85.43,99.73,4.42,25.37
2014-07-11,36.53,28.1,83.21,99.66,5.63,24.93
2014-07-12,20.02,27.02,86.44,99.58,5.84,24.57
2014-07-13,4.07,28.56,81.5,99.45,4.52,25.02
2014-07-14,5.59,28.35,84.65,99.45,5.33,25.51
2014-07-15,9.73,28.43,83.85,99.47,6.59,25.39
2014-07-16,3.22,28.88,79.46,99.72,6.44,24.88
2014-07-17,5.26,29.35,80.49,99.78,5.44,25.56
2014-07-18,4.35,29.06,82.84,99.77,4.97,25.78
2014-07-19,10.44,28.51,84.16,99.73,6.01,25.55
2014-07-20,8.11,28.51,81.43,99.64,6.91,24.94
2014-07-21,4.55,27.75,80.41,99.55,7.21,24.03
2014-07-22,1.72,28.6,73.81,99.62,5.78,23.37
2014-07-23,18.47,28.19,80.58,99.71,4.17,24.47
2014-07-24,2.07,28.2,79.37,99.89,2.68,24.25
2014-07-25,3.41,29.3,76.14,99.95,2.18,24.58
2014-07-26,3.51,28.55,80.22,100.0,2.38,24.74
2014-07-27,7.67,27.84,85.41,99.88,4.83,25.16
2014-07-28,9.96,27.74,85.4,99.62,5.83,25.05
2014-07-29,7.56,28.25,83.68,99.61,5.43,25.18
2014-07-30,1.65,27.8,83.66,99.7,6.03,24.76
2014-07-31,2.9,28.28,83.8,99.75,4.95,25.19
2014-08-01,1.17,28.77,84.27,99.77,4.66,25.79
2014-08-02,1.54,28.74,80.59,99.77,4.21,25.02
2014-08-03,1.86,28.73,79.84,99.68,4.73,24.81
2014-08-04,3.51,28.63,80.32,99.54,4.89,24.83
2014-08-05,3.6,28.51,80.84,99.6,5.1,24.83
2014-08-06,0.31,28.84,77.71,99.82,4.37,24.46
2014-08-07,0.27,29.03,78.09,99.87,3.66,24.72
2014-08-08,2.79,29.16,77.58,99.86,3.48,24.74
2014-08-09,2.98,28.37,82.68,100.04,3.9,25.08
2014-08-10,4.48,28.26,83.57,100.12,3.66,25.16
2014-08-11,2.53,28.06,84.52,100.07,4.89,25.17
2014-08-12,15.22,28.45,84.2,100.02,4.4,25.45
2014-08-13,8.13,28.26,84.76,100.04,4.12,25.43
2014-08-14,17.65,27.67,86.95,100.1,4.41,25.31
2014-08-15,5.08,28.05,85.38,100.13,4.16,25.34
2014-08-16,2.9,28.19,82.78,100.22,3.04,24.96
2014-08-17,1.01,27.64,83.83,100.24,3.47,24.64
2014-08-18,0.93,28.28,84.01,100.29,2.51,25.3
2014-08-19,0.25,28.94,81.46,100.4,3.19,25.41
2014-08-20,2.06,28.86,82.73,100.3,3.31,25.6
2014-08-21,3.65,28.06,87.75,100.12,3.59,25.85
2014-08-22,0.64,28.35,81.1,100.16,3.44,24.74
2014-08-23,0.29,28.37,81.88,100.29,2.12,24.91
2014-08-24,0.94,28.43,80.64,100.27,1.73,24.69
2014-08-25,6.15,28.1,84.72,100.29,3.0,25.28
2014-08-26,7.66,28.43,82.88,100.15,3.65,25.19
2014-08-27,26.19,27.74,83.36,99.93,2.54,24.64
2014-08-28,49.09,27.38,88.04,99.65,2.77,25.22
2014-08-29,24.05,27.41,89.68,99.49,3.07,25.57
2014-08-30,30.12,27.75,86.49,99.64,6.85,25.3
2014-08-31,19.07,27.19,88.79,99.56,6.0,25.2
2014-09-01,7.93,27.19,86.39,99.62,6.11,24.71
2014-09-02,2.36,27.97,83.97,99.98,4.98,24.96
2014-09-03,2.98,27.67,87.52,100.23,5.1,25.41
2014-09-04,8.51,26.97,88.64,100.22,5.7,24.95
2014-09-05,6.32,26.93,88.7,100.09,5.41,24.92
2014-09-06,20.64,27.14,89.89,99.76,5.09,25.35
2014-09-07,3.1,27.31,84.67,99.75,6.21,24.47
2014-09-08,1.28,27.09,81.59,100.11,4.47,23.61
2014-09-09,0.95,27.7,81.99,100.19,3.82,24.26
2014-09-10,1.32,27.96,82.28,100.11,3.7,24.59
2014-09-11,0.98,27.93,84.41,100.21,3.21,25.03
2014-09-12,13.67,28.34,83.25,100.23,3.02,25.17
2014-09-13,6.44,27.45,85.77,100.16,3.54,24.85
2014-09-14,4.06,27.7,84.96,100.07,1.49,24.95
2014-09-15,5.97,27.99,81.94,99.92,2.01,24.57
2014-09-16,4.33,27.69,87.39,99.68,3.26,25.38
2014-09-17,6.33,28.11,87.01,99.68,2.86,25.72
2014-09-18,23.47,28.39,86.36,99.84,1.97,25.88
2014-09-19,34.64,28.48,85.86,99.84,1.84,25.83
2014-09-20,8.3,28.2,86.28,99.76,3.25,25.66
2014-09-21,2.34,28.79,81.79,100.0,2.63,25.27
2014-09-22,17.2,28.77,84.34,100.23,2.61,25.8
2014-09-23,12.28,28.82,85.28,100.26,2.02,26.08
2014-09-24,0.75,28.71,83.1,100.36,1.51,25.52
2014-09-25,0.11,28.56,81.27,100.5,1.48,24.98
2014-09-26,0.16,28.05,83.74,100.64,2.04,25.03
2014-09-27,0.08,27.86,77.37,100.76,1.23,23.5
2014-09-28,0.08,28.32,73.62,100.78,1.12,23.14
2014-09-29,0.02,28.45,72.14,100.71,1.0,22.92
2014-09-30,0.0,28.64,68.39,100.68,1.1,22.19
2014-10-01,0.06,28.78,69.32,100.67,1.26,22.54
2014-10-02,0.08,28.7,74.7,100.64,1.37,23.74
2014-10-03,0.11,28.62,77.64,100.57,1.94,24.27
2014-10-04,0.28,28.83,78.48,100.58,2.39,24.62
2014-10-05,1.49,28.61,79.58,100.62,1.57,24.68
2014-10-06,0.74,27.47,84.71,100.65,1.72,24.68
2014-10-07,7.18,27.47,84.6,100.5,2.6,24.65
2014-10-08,4.21,27.56,83.31,100.5,2.83,24.45
2014-10-09,0.57,28.26,78.68,100.42,2.77,24.12
2014-10-10,2.5,28.43,81.33,100.14,4.05,24.9
2014-10-11,34.69,28.12,84.03,99.67,7.81,25.16
2014-10-12,74.37,27.32,87.68,98.41,12.31,25.1
2014-10-13,41.1,27.14,84.73,100.04,7.39,24.31
2014-10-14,4.05,27.84,86.53,100.62,2.84,25.39
2014-10-15,2.94,27.49,83.1,100.86,2.49,24.37
2014-10-16,0.32,27.11,84.11,100.83,2.31,24.2
2014-10-17,0.74,27.27,81.65,100.85,1.53,23.85
2014-10-18,7.28,27.06,84.36,100.8,2.25,24.2
2014-10-19,2.43,26.96,82.09,100.78,3.18,23.61
2014-10-20,0.03,26.92,81.3,100.84,2.71,23.43
2014-10-21,0.1,26.95,81.52,100.96,3.03,23.52
2014-10-22,0.0,26.84,79.11,101.01,3.13,22.91
2014-10-23,0.0,26.68,79.92,100.91,3.01,22.93
2014-10-24,0.09,26.73,77.64,100.81,2.8,22.48
2014-10-25,0.47,26.98,76.93,100.8,2.56,22.59
2014-10-26,2.53,26.54,80.98,100.94,3.45,23.02
2014-10-27,3.3,25.9,82.55,100.93,3.99,22.7
2014-10-28,3.75,26.0,81.93,100.82,3.52,22.65
2014-10-29,0.1,25.76,79.34,100.83,4.31,21.84
2014-10-30,0.08,25.55,77.83,100.79,4.57,21.35
2014-10-31,0.0,25.5,78.8,100.74,4.64,21.51
2014-11-01,0.0,25.86,77.35,100.72,3.94,21.57
2014-11-02,0.0,25.53,78.59,100.81,3.43,21.51
2014-11-03,0.02,25.65,78.33,100.79,3.76,21.55
2014-11-04,0.47,25.36,73.04,100.69,3.8,20.05
2014-11-05,0.0,25.2,70.23,100.67,3.94,19.27
2014-11-06,0.0,25.47,76.27,100.55,3.66,20.79
2014-11-07,0.0,25.49,74.48,100.63,3.87,20.49
2014-11-08,0.6,24.23,80.32,100.69,5.45,20.59
2014-11-09,9.5,25.99,91.4,100.71,5.75,24.46
2014-11-10,2.14,26.63,86.85,100.79,3.44,24.26
2014-11-11,0.03,26.71,82.81,100.8,2.7,23.54
2014-11-12,6.34,26.54,85.92,100.84,3.44,23.99
2014-11-13,2.39,26.43,87.19,100.97,3.18,24.14
2014-11-14,0.06,26.56,83.09,101.02,2.97,23.44
2014-11-15,0.0,25.98,77.01,100.94,2.01,21.59
2014-11-16,0.0,26.05,71.56,100.89,1.55,20.48
2014-11-17,0.0,26.18,72.43,100.93,1.82,20.82
2014-11-18,0.0,25.63,80.3,101.06,2.87,21.97
2014-11-19,0.15,24.97,75.04,101.08,3.38,20.17
2014-11-20,0.0,24.24,73.76,101.01,3.1,19.21
2014-11-21,0.0,24.44,68.78,100.96,1.99,18.23
2014-11-22,0.0,24.58,65.82,100.92,1.81,17.7
2014-11-23,0.0,24.85,68.65,100.93,1.89,18.66
2014-11-24,0.0,24.06,71.61,100.97,3.29,18.53
2014-11-25,0.0,23.48,72.22,100.95,3.67,18.11
2014-11-26,0.0,23.36,65.89,100.75,2.68,16.52
2014-11-27,0.02,23.31,67.44,100.79,2.82,16.88
2014-11-28,0.4,23.62,71.08,100.87,3.35,17.97
2014-11-29,0.3,23.59,70.68,100.9,3.7,17.85
2014-11-30,0.0,24.01,63.62,100.88,3.43,16.51
2014-12-01,0.06,24.46,63.53,100.85,2.61,16.88
2014-12-02,0.05,24.36,61.29,100.93,2.08,16.2
2014-12-03,0.06,24.26,60.47,100.9,1.88,15.88
2014-12-04,0.02,23.83,59.12,100.96,1.98,15.21
2014-12-05,0.02,23.65,66.61,101.05,2.46,16.99
2014-12-06,0.01,23.56,71.77,101.02,3.07,18.04
2014-12-07,0.0,23.85,74.53,100.94,3.02,18.89
2014-12-08,0.0,24.19,77.45,100.97,3.18,19.84
2014-12-09,0.0,24.72,80.6,101.05,3.03,21.06
2014-12-10,0.0,24.37,78.52,101.02,2.98,20.28
2014-12-11,0.0,24.46,74.51,101.04,3.15,19.52
2014-12-12,20.27,24.15,79.95,101.1,3.73,20.45
2014-12-13,0.07,24.55,74.8,101.13,3.65,19.72
2014-12-14,0.0,24.27,73.69,101.08,3.13,19.21
2014-12-15,0.18,24.37,78.62,101.07,2.44,20.32
2014-12-16,0.0,24.48,75.76,101.15,3.85,19.75
2014-12-17,0.0,23.87,73.26,101.18,4.73,18.58
2014-12-18,0.0,22.59,65.76,101.32,4.76,15.46
2014-12-19,0.0,21.63,64.71,101.43,4.7,14.28
2014-12-20,0.0,21.25,64.99,101.22,3.74,14.01
2014-12-21,0.0,21.92,66.19,101.04,3.84,14.96
2014-12-22,0.0,22.38,69.76,101.02,4.05,16.33
2014-12-23,0.0,22.52,70.05,101.08,3.76,16.49
2014-12-24,0.0,22.42,67.23,101.21,3.43,15.69
2014-12-25,0.0,22.36,67.29,101.16,3.41,15.77
2014-12-26,0.0,22.27,65.38,100.97,3.73,14.96
2014-12-27,0.0,22.18,66.23,101.0,4.18,15.19
2014-12-28,0.0,22.09,64.0,101.07,5.5,14.53
2014-12-29,4.11,21.97,69.05,100.92,5.31,15.74
2014-12-30,3.72,22.16,79.68,100.68,6.13,18.3
2014-12-31,5.06,22.76,90.72,100.43,6.68,21.1
2015-01-01,1.88,25.23,84.57,100.27,4.8,22.26
2015-01-02,0.04,24.5,76.7,100.85,1.62,19.95
2015-01-03,0.3,24.9,80.97,101.01,1.56,21.29
2015-01-04,0.07,25.53,77.35,100.98,1.23,21.12
2015-01-05,0.02,24.61,72.82,100.97,3.44,19.2
2015-01-06,0.0,23.67,58.37,101.0,3.43,14.26
2015-01-07,0.0,23.65,62.71,100.96,2.04,15.78
2015-01-08,0.01,23.69,72.07,101.03,1.71,18.19
2015-01-09,0.0,23.37,59.24,101.16,2.54,14.25
2015-01-10,0.0,22.33,54.59,101.22,3.25,12.02
2015-01-11,0.0,22.16,59.7,101.24,3.38,13.35
2015-01-12,0.0,22.51,68.16,101.18,3.31,15.96
2015-01-13,0.0,22.73,72.93,101.1,3.21,17.33
2015-01-14,0.0,22.95,71.05,101.06,3.33,17.21
2015-01-15,0.01,23.08,68.84,101.07,3.64,16.49
2015-01-16,0.0,23.28,62.57,101.09,3.28,15.07
2015-01-17,0.0,23.33,53.68,101.13,2.93,12.45
2015-01-18,0.0,22.88,55.86,101.21,2.59,13.1
2015-01-19,0.0,22.36,62.43,101.2,3.04,14.48
2015-01-20,0.0,22.39,66.73,101.38,3.47,15.59
2015-01-21,0.0,22.33,65.68,101.55,3.97,15.35
2015-01-22,0.0,21.96,66.09,101.48,2.92,14.9
2015-01-23,0.0,22.46,66.45,101.24,2.35,15.54
2015-01-24,0.0,23.18,63.05,101.24,2.6,15.37
2015-01-25,0.0,23.61,70.54,101.32,3.08,17.61
2015-01-26,0.0,23.83,71.45,101.26,2.71,18.05
2015-01-27,0.0,23.65,73.76,101.12,2.92,18.41
2015-01-28,0.0,23.88,76.78,100.99,2.83,19.23
2015-01-29,0.02,24.22,74.71,101.06,3.02,19.14
2015-01-30,0.0,24.21,75.03,101.21,2.95,19.26
2015-01-31,0.26,24.14,76.71,101.23,2.7,19.59
2015-02-01,4.17,23.63,78.03,101.24,3.24,19.36
2015-02-02,0.0,23.17,72.12,101.38,3.76,17.6
2015-02-03,0.0,23.48,68.47,101.54,3.75,16.86
2015-02-04,0.0,23.52,66.44,101.42,3.1,16.26
2015-02-05,0.0,24.31,60.0,101.25,2.61,15.38
2015-02-06,0.0,24.09,63.44,101.21,2.81,16.09
2015-02-07,0.0,24.6,67.4,101.17,2.79,17.82
2015-02-08,0.0,24.43,66.79,101.14,2.48,17.65
2015-02-09,0.0,24.71,67.93,101.18,3.33,18.1
2015-02-10,0.03,24.33,75.37,101.25,3.37,19.51
2015-02-11,0.0,24.67,71.89,101.13,2.88,18.9
2015-02-12,0.06,24.87,68.18,101.04,2.14,18.24
2015-02-13,0.21,25.33,70.85,100.91,2.86,19.26
2015-02-14,0.42,25.85,67.17,100.79,2.65,18.39
2015-02-15,0.03,25.78,71.7,100.84,2.52,19.66
2015-02-16,0.04,25.66,75.8,100.95,3.25,20.72
2015-02-17,0.0,25.91,72.24,100.87,3.33,19.91
2015-02-18,0.01,25.8,72.86,100.81,4.08,20.18
2015-02-19,0.02,26.09,71.94,100.87,3.43,20.25
2015-02-20,1.56,25.6,72.44,100.96,2.64,20.01
2015-02-21,0.24,26.16,62.93,100.94,1.67,18.06
2015-02-22,0.0,26.55,58.67,100.96,2.34,17.0
2015-02-23,0.0,26.44,57.1,101.0,2.79,16.52
2015-02-24,0.0,26.12,62.52,100.87,3.54,17.64
2015-02-25,0.0,26.32,67.09,100.71,3.76,19.08
2015-02-26,0.0,26.13,64.91,100.63,3.79,18.6
2015-02-27,0.0,25.69,65.0,100.7,3.54,18.11
2015-02-28,0.0,25.51,66.67,100.81,2.82,18.54
2015-03-01,0.19,25.48,71.3,100.87,3.01,19.73
2015-03-02,0.14,26.22,71.02,100.88,3.18,20.3
2015-03-03,0.42,26.17,76.22,100.79,2.67,21.56
2015-03-04,0.42,27.18,75.22,100.71,4.02,22.1
2015-03-05,0.26,26.92,61.55,100.91,3.05,17.86
2015-03-06,0.09,26.8,71.77,101.02,2.78,20.92
2015-03-07,0.31,27.07,71.47,100.98,1.95,21.28
2015-03-08,0.74,26.8,74.65,101.04,2.2,21.78
2015-03-09,0.0,27.11,68.36,101.14,2.09,20.57
2015-03-10,0.0,27.48,56.93,101.09,2.07,17.62
2015-03-11,0.0,27.4,57.12,101.1,2.55,17.6
2015-03-12,0.0,27.56,64.32,101.1,2.41,19.79
2015-03-13,0.0,27.85,62.03,100.98,2.28,19.31
2015-03-14,0.0,27.76,63.85,101.07,2.61,19.61
2015-03-15,0.0,27.53,64.91,101.05,2.66,19.53
2015-03-16,0.0,27.29,63.43,101.07,2.22,18.99
2015-03-17,0.0,27.73,60.91,100.88,2.59,18.56
2015-03-18,0.01,29.01,57.78,100.62,3.48,18.91
2015-03-19,0.35,28.57,65.33,100.79,2.1,21.09
2015-03-20,0.0,28.68,65.88,100.88,2.14,21.22
2015-03-21,0.21,29.37,64.56,100.93,2.2,21.57
2015-03-22,0.51,29.38,62.68,100.82,2.37,20.79
2015-03-23,0.03,29.3,62.5,100.6,3.52,20.59
2015-03-24,0.37,29.05,69.45,100.61,3.68,22.41
2015-03-25,0.72,28.57,71.21,100.78,3.41,22.45
2015-03-26,0.87,28.16,72.1,100.97,2.67,22.36
2015-03-27,0.97,28.22,69.69,100.99,2.46,21.86
2015-03-28,1.56,28.41,71.07,100.83,3.65,22.32
2015-03-29,0.73,28.72,72.0,100.69,4.23,22.86
2015-03-30,1.12,28.79,70.73,100.68,3.99,22.7
2015-03-31,2.52,28.6,73.5,100.74,3.2,23.23
2015-04-01,0.36,29.05,70.96,100.64,4.41,22.95
2015-04-02,0.12,29.42,70.73,100.47,5.25,23.14
2015-04-03,0.12,30.49,68.24,100.22,4.99,23.35
2015-04-04,0.27,30.92,67.63,100.04,4.99,23.73
2015-04-05,0.26,30.26,71.1,100.19,4.77,23.95
2015-04-06,0.4,29.79,72.4,100.34,4.95,23.98
2015-04-07,0.22,29.35,73.08,100.45,4.24,23.69
2015-04-08,0.3,29.16,72.05,100.61,3.88,23.14
2015-04-09,0.1,29.23,68.74,100.67,3.58,22.36
2015-04-10,0.17,29.85,65.15,100.64,4.18,22.09
2015-04-11,0.46,29.77,64.31,100.66,4.54,21.81
2015-04-12,3.54,29.23,67.43,100.87,2.66,22.42
2015-04-13,3.81,27.94,64.67,100.97,1.8,20.54
2015-04-14,1.67,28.03,66.54,100.82,1.98,21.07
2015-04-15,1.46,28.15,66.87,100.87,1.84,21.19
2015-04-16,1.54,28.38,67.63,100.97,2.34,21.5
2015-04-17,1.15,28.49,70.36,100.69,2.33,22.32
2015-04-18,0.25,29.54,69.41,100.41,3.71,22.9
2015-04-19,0.11,29.6,71.44,100.46,4.06,23.55
2015-04-20,0.11,29.86,72.14,100.58,4.62,23.98
2015-04-21,0.62,30.61,70.74,100.48,5.48,24.23
2015-04-22,1.06,31.21,69.28,100.35,5.81,24.36
2015-04-23,1.98,30.68,72.05,100.42,5.25,24.73
2015-04-24,7.39,28.53,79.63,100.6,3.29,24.61
2015-04-25,0.61,29.0,72.07,100.57,3.75,23.15
2015-04-26,2.27,28.81,71.14,100.67,3.4,22.78
2015-04-27,1.97,28.82,75.24,100.69,3.52,23.74
2015-04-28,3.63,29.33,74.93,100.54,5.1,24.17
2015-04-29,3.15,29.35,77.0,100.47,4.95,24.73
2015-04-30,3.04,29.54,78.0,100.43,4.56,25.08
2015-05-01,2.61,29.59,78.77,100.4,4.36,25.31
2015-05-02,4.61,29.19,79.79,100.4,4.44,25.19
2015-05-03,1.85,29.21,78.01,100.48,4.46,24.83
2015-05-04,2.61,28.83,79.66,100.57,2.96,24.87
2015-05-05,0.38,29.33,73.31,100.49,3.32,23.69
2015-05-06,1.37,29.72,72.23,100.36,3.74,23.9
2015-05-07,0.4,30.38,70.5,100.38,4.22,23.94
2015-05-08,0.51,30.9,70.18,100.25,4.44,24.27
2015-05-09,0.86,30.47,72.47,100.16,4.49,24.58
2015-05-10,0.87,30.22,72.01,100.21,4.14,24.27
2015-05-11,1.92,30.59,68.24,100.4,2.95,23.65
2015-05-12,0.52,31.05,64.38,100.36,3.0,22.93
2015-05-13,1.22,30.73,71.11,100.35,4.21,24.58
2015-05-14,1.38,30.36,73.96,100.44,3.54,25.01
2015-05-15,1.4,30.29,76.77,100.47,3.46,25.63
2015-05-16,2.44,29.53,76.28,100.37,3.02,24.75
2015-05-17,1.33,28.87,77.08,100.22,2.84,24.36
2015-05-18,0.23,30.46,72.6,100.05,3.87,24.73
2015-05-19,0.33,32.26,69.13,99.91,5.27,25.46
2015-05-20,0.95,32.64,70.26,99.82,5.03,26.01
2015-05-21,0.45,32.23,72.65,99.88,4.59,26.28
2015-05-22,0.32,32.23,72.61,99.83,5.2,26.42
2015-05-23,0.29,32.51,69.67,99.78,5.62,25.81
2015-05-24,0.42,32.54,68.36,99.87,4.98,25.4
2015-05-25,0.15,33.38,63.11,99.85,3.97,24.45
2015-05-26,0.38,33.03,61.19,99.92,4.63,24.21
2015-05-27,0.94,31.42,72.26,100.07,4.09,25.46
2015-05-28,0.31,31.86,64.45,99.95,4.29,23.71
2015-05-29,0.34,30.57,80.35,100.01,3.81,26.73
2015-05-30,0.4,30.54,79.63,100.11,3.59,26.39
2015-05-31,1.4,30.26,77.95,100.12,4.86,25.92
2015-06-01,2.51,30.13,75.7,100.08,3.71,25.23
2015-06-02,2.8,30.07,72.33,100.16,3.15,24.43
2015-06-03,0.24,29.82,72.39,100.11,1.84,24.22
2015-06-04,4.1,30.09,75.7,100.15,2.76,25.26
2015-06-05,16.73,29.51,82.44,100.24,4.31,26.18
2015-06-06,22.49,28.76,84.14,100.12,4.23,25.8
2015-06-07,18.67,28.84,82.44,100.08,4.79,25.48
2015-06-08,15.9,29.07,82.83,100.08,4.39,25.82
2015-06-09,2.14,29.77,77.31,100.06,4.18,25.26
2015-06-10,1.33,30.46,73.55,99.96,3.91,24.98
2015-06-11,4.07,30.29,80.44,99.92,3.98,26.46
2015-06-12,10.9,30.04,81.18,100.02,2.86,26.32
2015-06-13,28.23,28.65,86.33,100.06,4.2,26.14
2015-06-14,13.88,28.12,87.07,99.91,4.37,25.78
2015-06-15,5.67,28.17,84.71,99.82,3.39,25.34
2015-06-16,6.83,28.67,84.28,99.65,3.63,25.72
2015-06-17,10.9,28.4,85.49,99.46,3.03,25.71
2015-06-18,17.8,27.66,87.91,99.41,3.55,25.48
2015-06-19,39.63,28.13,84.61,99.39,5.39,25.21
2015-06-20,75.83,26.72,89.12,99.22,8.57,24.78
2015-06-21,18.81,26.33,89.35,99.35,9.61,24.45
2015-06-22,6.53,27.9,82.0,99.57,7.65,24.52
2015-06-23,3.79,28.34,84.97,99.78,5.41,25.51
2015-06-24,2.91,28.75,86.27,99.9,5.71,26.2
2015-06-25,1.16,28.68,86.25,99.85,5.14,26.12
2015-06-26,0.83,28.72,85.11,99.68,4.64,25.94
2015-06-27,1.16,28.95,83.97,99.72,4.01,25.93
2015-06-28,0.72,28.76,85.52,100.0,2.74,26.07
2015-06-29,1.19,28.33,87.5,100.24,2.43,26.06
2015-06-30,3.19,27.94,87.68,100.26,2.55,25.7
2015-07-01,3.59,28.01,88.6,100.29,3.04,25.96
2015-07-02,0.99,28.75,83.96,100.23,3.34,25.73
2015-07-03,1.15,28.36,85.88,100.22,3.28,25.75
2015-07-04,0.82,28.58,84.82,100.03,3.41,25.74
2015-07-05,0.35,29.08,83.34,99.79,3.05,25.93
2015-07-06,0.17,28.96,82.77,99.71,2.91,25.7
2015-07-07,0.16,29.42,79.96,99.65,3.15,25.52
2015-07-08,0.78,28.8,83.75,99.77,4.13,25.74
2015-07-09,1.02,28.97,83.64,99.74,4.15,25.88
2015-07-10,4.47,28.88,83.12,99.62,3.73,25.67
2015-07-11,8.21,28.29,87.82,99.79,3.49,26.07
2015-07-12,2.71,29.4,81.55,99.92,2.03,25.84
2015-07-13,5.99,29.5,81.93,99.88,2.33,26.05
2015-07-14,6.71,29.64,82.46,99.75,2.21,26.27
2015-07-15,4.83,29.4,84.75,99.57,2.96,26.5
2015-07-16,5.33,28.63,85.81,99.52,3.53,26.01
2015-07-17,1.43,29.3,84.03,99.56,3.52,26.27
2015-07-18,2.31,29.15,83.93,99.66,3.78,26.11
2015-07-19,8.43,28.45,85.44,99.66,3.54,25.75
2015-07-20,2.06,28.57,84.84,99.59,4.19,25.73
2015-07-21,9.95,28.1,86.07,99.74,4.31,25.52
2015-07-22,17.52,27.76,89.81,99.89,5.59,25.95
2015-07-23,9.49,27.89,88.31,100.07,5.69,25.79
2015-07-24,4.88,28.04,88.69,100.2,4.71,26.0
2015-07-25,4.75,28.17,87.35,100.09,4.85,25.86
2015-07-26,8.23,27.87,86.77,100.09,4.83,25.45
2015-07-27,2.68,28.18,85.2,100.15,4.49,25.42
2015-07-28,1.19,28.64,82.47,100.17,3.53,25.29
2015-07-29,1.96,28.17,82.43,100.08,3.83,24.83
2015-07-30,2.52,28.39,83.37,100.08,3.49,25.26
2015-07-31,2.29,28.09,85.93,100.07,4.1,25.51
2015-08-01,3.24,28.18,85.02,100.17,4.07,25.4
2015-08-02,2.16,28.28,84.76,100.15,3.33,25.43
2015-08-03,5.69,28.21,85.14,100.03,3.99,25.43
2015-08-04,4.77,27.73,88.58,99.99,3.91,25.67
2015-08-05,1.41,27.83,83.84,99.97,3.79,24.77
2015-08-06,3.87,27.88,81.33,99.88,3.18,24.29
2015-08-07,5.23,28.01,84.02,99.84,3.33,25.01
2015-08-08,3.05,28.42,85.94,99.79,3.17,25.8
2015-08-09,14.79,28.06,90.24,99.65,3.32,26.32
2015-08-10,7.99,28.35,89.42,99.64,3.34,26.45
2015-08-11,9.34,28.34,87.22,99.82,1.47,25.99
2015-08-12,45.3,27.86,87.89,99.86,3.8,25.67
2015-08-13,15.36,28.24,87.27,99.78,6.36,25.9
2015-08-14,1.11,28.62,84.61,99.98,4.3,25.73
2015-08-15,2.25,28.46,86.94,100.14,3.09,26.07
2015-08-16,21.01,28.01,89.95,100.26,3.99,26.22
2015-08-17,6.06,28.18,85.89,100.31,3.43,25.58
2015-08-18,0.94,28.29,87.01,100.44,3.84,25.91
2015-08-19,3.18,28.06,88.42,100.5,4.1,25.97
2015-08-20,5.35,28.11,84.2,100.44,3.21,25.12
2015-08-21,2.94,28.12,85.6,100.27,3.54,25.46
2015-08-22,6.57,27.84,86.78,100.09,3.7,25.42
2015-08-23,9.5,28.47,83.75,100.02,2.83,25.42
2015-08-24,12.69,28.75,81.77,100.1,2.15,25.28
2015-08-25,15.86,28.74,83.75,100.0,2.78,25.67
2015-08-26,23.87,28.46,85.39,99.9,3.42,25.75
2015-08-27,8.07,28.0,87.74,99.85,4.58,25.76
2015-08-28,10.41,28.41,86.64,99.88,5.25,25.95
2015-08-29,6.81,28.69,85.9,99.9,4.31,26.06
2015-08-30,6.29,28.66,87.47,100.03,4.64,26.35
2015-08-31,5.3,28.15,90.39,100.16,4.07,26.44
2015-09-01,8.59,28.4,87.36,100.12,3.69,26.09
2015-09-02,12.15,28.3,86.14,100.19,3.62,25.74
2015-09-03,4.74,28.06,86.8,100.39,3.27,25.65
2015-09-04,2.82,28.19,84.81,100.63,3.08,25.39
2015-09-05,3.22,27.92,87.33,100.65,3.23,25.6
2015-09-06,27.58,26.46,89.69,100.6,4.57,24.64
2015-09-07,8.87,26.74,90.15,100.54,3.97,25.01
2015-09-08,4.48,27.37,86.75,100.48,3.5,24.93
2015-09-09,5.18,28.11,82.62,100.41,2.84,24.8
2015-09-10,8.67,28.88,80.78,100.34,2.16,25.17
2015-09-11,19.18,27.78,84.86,100.26,2.11,24.98
2015-09-12,15.86,27.97,83.56,100.21,2.11,24.92
2015-09-13,11.96,27.23,86.94,100.22,1.42,24.87
2015-09-14,16.24,27.29,91.11,100.01,3.02,25.73
2015-09-15,39.43,27.86,87.59,99.75,5.06,25.6
2015-09-16,18.73,28.18,88.16,99.54,5.85,26.04
2015-09-17,6.23,28.01,88.96,99.72,4.41,26.04
2015-09-18,6.71,27.73,89.93,100.04,2.43,25.94
2015-09-19,18.19,27.96,86.71,100.03,2.28,25.51
2015-09-20,29.16,27.51,89.96,100.03,5.24,25.73
2015-09-21,2.08,28.02,86.55,100.18,3.96,25.56
2015-09-22,1.24,28.37,86.49,100.31,3.52,25.88
2015-09-23,0.24,28.64,84.06,100.44,3.01,25.66
2015-09-24,2.78,28.52,84.62,100.38,3.07,25.66
2015-09-25,3.78,28.58,84.92,100.26,2.51,25.76
2015-09-26,1.93,29.19,82.02,100.25,1.99,25.77
2015-09-27,1.87,27.94,86.4,100.27,1.22,25.47
2015-09-28,1.27,27.85,83.65,100.36,1.86,24.82
2015-09-29,2.93,27.81,83.69,100.45,2.69,24.78
2015-09-30,5.47,27.92,86.0,100.58,3.73,25.37
2015-10-01,9.32,27.91,86.49,100.67,3.06,25.44
2015-10-02,16.8,28.06,81.78,100.7,1.14,24.64
2015-10-03,2.02,28.72,76.0,100.59,1.47,24.0
2015-10-04,7.05,28.6,80.02,100.58,1.19,24.8
2015-10-05,3.75,28.26,82.4,100.5,1.54,24.98
2015-10-06,1.68,28.41,78.23,100.42,1.37,24.17
2015-10-07,0.57,28.65,76.89,100.43,1.43,24.1
2015-10-08,1.59,28.62,79.45,100.43,2.43,24.68
2015-10-09,1.23,28.91,78.39,100.34,2.87,24.72
2015-10-10,0.31,29.22,73.15,100.43,2.4,23.74
2015-10-11,0.06,28.9,69.79,100.6,1.79,22.66
2015-10-12,0.03,29.22,64.89,100.68,1.55,21.73
2015-10-13,0.16,28.67,70.8,100.71,1.7,22.75
2015-10-14,0.68,28.57,75.27,100.8,1.28,23.72
2015-10-15,4.58,27.79,81.26,100.83,1.9,24.29
2015-10-16,2.04,27.78,79.59,100.87,2.01,23.92
2015-10-17,0.19,27.92,78.73,100.89,1.74,23.88
2015-10-18,0.27,28.01,79.7,100.96,1.84,24.17
2015-10-19,0.15,28.06,77.08,100.9,1.63,23.67
2015-10-20,0.0,27.91,73.55,100.72,1.31,22.7
2015-10-21,0.0,27.82,71.86,100.68,1.24,22.2
2015-10-22,0.01,27.74,70.82,100.78,1.18,21.93
2015-10-23,0.67,27.87,72.1,100.76,1.03,22.33
2015-10-24,0.39,28.14,71.65,100.77,1.8,22.52
2015-10-25,2.58,27.51,77.59,100.92,3.18,23.23
2015-10-26,0.45,26.9,75.06,100.97,3.76,22.09
2015-10-27,0.09,26.27,73.49,100.93,3.66,21.13
2015-10-28,10.89,26.46,76.7,100.91,3.45,22.0
2015-10-29,5.67,26.9,81.44,100.88,4.42,23.46
2015-10-30,10.18,26.97,84.74,100.76,4.37,24.18
2015-10-31,78.39,25.77,89.81,100.79,3.53,23.99
2015-11-01,48.25,25.86,89.04,100.82,3.5,23.92
2015-11-02,13.63,26.05,90.73,100.83,3.83,24.43
2015-11-03,1.03,26.07,87.15,100.89,3.68,23.77
2015-11-04,0.15,26.39,83.9,100.85,3.61,23.42
2015-11-05,0.01,26.53,79.42,100.84,3.22,22.64
2015-11-06,0.0,26.2,76.03,100.8,3.14,21.61
2015-11-07,0.01,26.15,77.38,100.89,4.0,21.86
2015-11-08,0.0,26.19,80.26,100.98,5.05,22.5
2015-11-09,4.08,25.78,83.91,100.89,5.54,22.87
2015-11-10,6.33,25.66,81.31,100.78,5.38,22.23
2015-11-11,0.7,25.91,81.4,100.81,4.7,22.47
2015-11-12,0.02,25.51,77.56,100.98,4.7,21.25
2015-11-13,0.0,24.81,74.48,101.0,3.83,19.92
2015-11-14,0.0,25.14,78.47,100.8,3.47,21.1
2015-11-15,0.0,25.24,77.74,100.75,3.82,21.03
2015-11-16,9.89,24.97,81.66,100.75,4.58,21.6
2015-11-17,32.39,23.6,90.72,100.74,5.7,21.94
2015-11-18,13.48,25.39,89.5,100.82,5.23,23.54
2015-11-19,7.57,25.37,88.47,100.97,5.45,23.33
2015-11-20,2.39,25.19,82.15,100.93,4.93,21.88
2015-11-21,0.05,24.78,78.38,100.92,4.09,20.69
2015-11-22,0.0,24.74,78.53,100.92,3.91,20.7
2015-11-23,0.0,24.72,79.61,100.98,3.57,20.9
2015-11-24,0.07,24.8,82.36,100.97,2.87,21.57
2015-11-25,0.0,24.39,77.85,100.95,3.13,20.23
2015-11-26,0.0,24.19,78.86,100.94,2.49,20.29
2015-11-27,0.0,25.14,77.43,100.81,1.78,20.91
2015-11-28,0.0,25.02,80.85,101.05,3.25,21.48
2015-11-29,1.07,24.37,85.5,101.21,4.35,21.78
2015-11-30,0.08,24.88,85.02,101.19,3.91,22.18
2015-12-01,2.58,24.64,81.83,101.06,2.37,21.31
2015-12-02,1.07,24.14,80.08,101.09,2.84,20.48
2015-12-03,1.02,24.71,79.4,101.06,3.13,20.89
2015-12-04,0.0,24.75,80.12,101.02,2.34,21.08
2015-12-05,0.01,24.61,82.42,101.06,3.23,21.37
2015-12-06,0.01,24.52,79.68,101.08,2.72,20.77
2015-12-07,0.04,24.12,79.43,101.12,3.18,20.31
2015-12-08,0.01,24.05,78.61,101.15,2.97,20.07
2015-12-09,0.0,23.56,72.66,101.17,2.68,18.3
2015-12-10,0.0,23.63,68.95,101.09,2.12,17.56
2015-12-11,0.0,23.77,76.93,100.88,1.79,19.44
2015-12-12,0.0,24.48,83.77,100.74,2.2,21.52
2015-12-13,0.03,25.05,81.69,100.85,2.0,21.66
2015-12-14,0.07,24.86,77.25,100.95,1.86,20.6
2015-12-15,0.05,25.16,76.87,100.95,1.55,20.78
2015-12-16,0.25,25.55,73.52,101.02,1.36,20.45
2015-12-17,0.51,25.58,77.97,101.0,1.27,21.45
2015-12-18,0.03,25.46,77.59,101.04,2.21,21.21
2015-12-19,0.78,24.42,79.85,101.25,2.34,20.7
2015-12-20,0.78,24.27,84.05,101.27,2.88,21.39
2015-12-21,0.22,24.43,82.29,101.19,1.84,21.2
2015-12-22,0.31,24.62,82.95,101.27,1.74,21.53
2015-12-23,0.18,24.74,81.95,101.24,1.62,21.42
2015-12-24,0.18,25.28,77.55,101.14,1.36,21.04
2015-12-25,0.62,24.66,78.9,101.2,3.5,20.72
2015-12-26,0.06,22.42,76.29,101.36,4.64,17.89
2015-12-27,0.0,21.95,66.12,101.45,3.71,15.09
2015-12-28,0.0,22.74,62.66,101.5,2.53,15.11
2015-12-29,0.0,23.58,59.88,101.34,1.79,15.18
2015-12-30,0.0,23.4,67.57,101.24,2.18,16.94
2015-12-31,0.0,23.51,76.02,101.35,2.78,18.97
2016-01-01,0.0,23.65,79.31,101.47,2.94,19.76
2016-01-02,0.05,23.64,80.44,101.47,2.42,19.98
2016-01-03,0.0,24.28,70.37,101.29,1.54,18.48
2016-01-04,0.06,23.53,75.45,101.32,2.21,18.89
2016-01-05,0.05,23.3,79.02,101.28,1.89,19.38
2016-01-06,0.0,23.52,72.74,101.28,2.04,18.22
2016-01-07,0.0,23.09,73.12,101.34,2.42,17.91
2016-01-08,0.0,23.51,66.29,101.28,1.28,16.67
2016-01-09,0.0,24.58,61.55,101.05,2.0,16.33
2016-01-10,0.0,24.46,61.99,101.19,1.62,16.47
2016-01-11,0.04,24.35,67.34,101.23,1.63,17.84
2016-01-12,0.0,23.93,68.74,101.07,1.53,17.66
2016-01-13,0.02,23.97,70.36,101.02,1.44,18.09
2016-01-14,0.0,23.5,69.59,101.07,1.75,17.45
2016-01-15,0.0,23.86,61.03,100.97,1.74,15.73
2016-01-16,0.0,23.81,61.69,100.9,1.99,15.82
2016-01-17,0.0,23.67,64.66,100.93,2.13,16.43
2016-01-18,0.0,24.14,68.64,100.87,2.3,17.87
2016-01-19,0.0,24.76,68.7,100.85,2.42,18.48
2016-01-20,2.64,25.05,75.49,100.91,1.99,20.41
2016-01-21,1.08,23.81,74.79,101.09,3.29,18.97
2016-01-22,0.0,23.11,67.22,101.23,4.17,16.11
2016-01-23,0.0,22.69,66.48,101.33,3.97,15.69
2016-01-24,0.0,22.55,66.96,101.31,3.6,15.68
2016-01-25,0.0,23.19,72.43,101.18,2.42,17.8
2016-01-26,0.0,23.91,72.16,101.1,2.08,18.51
2016-01-27,0.04,24.29,74.21,101.04,2.7,19.29
2016-01-28,0.0,25.18,74.78,100.98,2.75,20.13
2016-01-29,0.0,24.94,73.22,101.12,1.91,19.44
2016-01-30,0.0,25.01,71.38,101.1,1.57,19.1
2016-01-31,0.0,25.58,69.22,100.99,2.37,18.82
2016-02-01,0.0,25.78,69.74,101.01,1.95,19.05
2016-02-02,0.0,25.82,72.88,101.06,1.78,20.3
2016-02-03,0.0,25.7,71.99,100.97,2.16,20.02
2016-02-04,0.03,25.55,71.77,101.04,1.85,19.93
2016-02-05,0.17,25.66,71.54,101.02,2.08,19.99
2016-02-06,0.53,25.11,75.56,100.91,2.36,20.41
2016-02-07,0.14,25.46,73.1,101.01,2.22,20.19
2016-02-08,0.01,25.38,74.08,101.0,2.19,20.37
2016-02-09,0.02,25.94,71.86,100.94,2.17,20.25
2016-02-10,0.11,25.63,75.92,100.88,2.47,20.92
2016-02-11,0.03,26.24,75.0,100.78,3.75,21.22
2016-02-12,0.14,26.38,75.12,100.79,3.76,21.37
2016-02-13,0.01,26.2,71.16,100.87,2.45,20.31
2016-02-14,0.0,26.2,71.24,100.93,2.37,20.28
2016-02-15,0.0,26.33,69.75,101.07,2.05,19.91
2016-02-16,0.0,26.31,67.87,101.17,2.08,19.47
2016-02-17,0.0,26.36,65.46,101.16,3.01,18.89
2016-02-18,0.0,26.32,63.88,101.08,2.2,18.23
2016-02-19,0.0,26.71,58.27,101.11,2.34,16.9
2016-02-20,0.0,27.13,63.32,101.01,3.37,18.49
2016-02-21,0.02,27.49,70.76,100.86,4.41,21.0
2016-02-22,0.0,28.19,71.83,100.92,4.28,21.98
2016-02-23,0.0,27.85,71.86,100.89,4.46,21.91
2016-02-24,0.01,27.31,72.79,100.85,4.35,21.72
2016-02-25,0.0,26.78,76.3,100.97,3.23,22.07
2016-02-26,0.03,26.94,72.89,101.15,2.8,21.53
2016-02-27,0.13,26.8,71.71,101.21,2.58,21.09
2016-02-28,3.33,26.95,75.47,101.32,2.26,22.1
2016-02-29,1.01,26.87,75.44,101.29,2.02,22.02
2016-03-01,0.12,27.44,69.7,101.06,2.18,21.19
2016-03-02,5.68,27.17,72.75,101.08,1.99,21.77
2016-03-03,0.03,27.38,63.7,101.14,1.71,19.71
2016-03-04,0.04,27.23,63.96,100.97,2.37,19.42
2016-03-05,0.0,27.17,66.55,100.83,2.98,19.89
2016-03-06,0.0,27.4,65.23,100.82,2.7,19.52
2016-03-07,0.0,26.98,64.65,100.79,2.46,18.97
2016-03-08,0.0,27.33,62.61,100.72,2.8,18.73
2016-03-09,0.0,27.15,65.23,100.77,3.1,19.47
2016-03-10,0.0,27.74,65.62,100.82,3.15,19.9
2016-03-11,0.0,28.04,65.79,100.81,2.94,20.31
2016-03-12,0.0,27.71,66.68,100.75,3.18,20.43
2016-03-13,0.05,27.48,70.01,100.77,3.52,20.95
2016-03-14,1.44,27.12,75.72,100.85,2.52,22.17
2016-03-15,0.46,27.44,73.43,100.81,2.69,21.97
2016-03-16,1.82,27.61,71.93,100.74,2.88,21.73
2016-03-17,0.02,28.19,70.15,100.75,3.32,21.83
2016-03-18,0.02,28.33,71.12,100.68,3.16,22.26
2016-03-19,0.02,29.44,66.17,100.55,4.06,21.67
2016-03-20,0.03,30.05,64.65,100.5,4.44,21.8
2016-03-21,0.14,30.26,63.02,100.39,4.24,21.19
2016-03-22,0.01,30.11,64.1,100.3,4.5,21.1
2016-03-23,0.0,29.45,66.19,100.52,3.49,21.19
2016-03-24,0.0,28.83,76.58,100.82,3.08,23.95
2016-03-25,0.0,28.33,74.65,100.98,3.81,23.15
2016-03-26,0.0,28.55,74.02,100.85,4.42,23.15
2016-03-27,1.08,28.4,73.48,100.84,4.66,23.02
2016-03-28,0.77,28.19,73.62,100.91,3.66,22.9
2016-03-29,0.46,28.37,73.51,100.88,4.29,22.98
2016-03-30,1.66,28.77,75.48,100.85,4.5,23.74
2016-03-31,2.27,28.75,75.39,100.73,4.46,23.62
2016-04-01,1.36,28.89,73.57,100.53,4.07,23.28
2016-04-02,0.08,29.47,71.78,100.56,4.86,23.34
2016-04-03,0.07,29.67,72.12,100.66,5.06,23.67
2016-04-04,0.05,29.84,70.74,100.5,5.08,23.49
2016-04-05,0.04,29.74,69.61,100.44,4.96,23.1
2016-04-06,0.05,29.99,67.14,100.53,4.52,22.5
2016-04-07,0.0,29.94,62.43,100.5,4.39,21.02
2016-04-08,0.0,29.75,65.93,100.54,4.24,21.76
2016-04-09,0.0,29.44,67.09,100.62,4.37,21.63
2016-04-10,0.0,29.74,63.81,100.65,4.97,21.25
2016-04-11,0.0,30.53,59.53,100.47,4.86,20.74
2016-04-12,0.0,30.48,62.47,100.34,5.28,21.67
2016-04-13,0.0,30.42,71.43,100.14,5.06,23.94
2016-04-14,0.0,30.18,77.82,100.23,4.57,25.48
2016-04-15,0.0,29.97,78.92,100.41,4.66,25.61
2016-04-16,0.18,29.98,74.96,100.36,5.5,24.57
2016-04-17,0.23,29.91,75.31,100.29,5.65,24.64
2016-04-18,0.06,29.67,72.13,100.41,4.85,23.46
2016-04-19,0.01,29.48,69.24,100.48,5.02,22.57
2016-04-20,0.12,30.32,68.09,100.5,5.2,23.04
2016-04-21,0.04,30.87,70.12,100.29,5.68,24.21
2016-04-22,0.03,31.1,72.99,100.14,5.58,25.12
2016-04-23,0.06,30.65,76.82,99.94,5.39,25.8
2016-04-24,0.03,31.09,74.74,99.91,4.9,25.41
2016-04-25,0.05,30.55,77.72,100.18,4.83,25.89
2016-04-26,0.79,30.21,76.99,100.43,4.95,25.47
2016-04-27,0.31,31.15,68.54,100.32,4.56,23.99
2016-04-28,0.24,31.73,63.57,100.24,5.24,23.24
2016-04-29,0.3,31.62,66.03,100.3,4.71,23.75
2016-04-30,0.42,30.94,68.45,100.37,4.09,23.57
2016-05-01,0.62,31.66,64.7,100.25,5.15,23.18
2016-05-02,0.72,31.07,68.33,100.26,5.21,23.99
2016-05-03,1.15,30.78,69.94,100.29,3.85,24.11
2016-05-04,0.89,30.72,67.84,100.35,4.77,23.45
2016-05-05,1.27,30.53,69.33,100.42,3.32,23.78
2016-05-06,1.37,31.09,66.94,100.38,3.94,23.69
2016-05-07,0.49,30.9,67.49,100.38,3.89,23.8
2016-05-08,0.68,30.84,68.83,100.49,3.85,24.18
2016-05-09,0.83,30.59,68.41,100.49,3.53,23.93
2016-05-10,1.29,30.73,67.51,100.48,3.78,23.73
2016-05-11,0.91,31.11,68.16,100.36,3.95,24.25
2016-05-12,4.27,31.05,71.79,100.17,4.43,25.13
2016-05-13,3.58,31.15,72.31,100.15,4.44,25.3
2016-05-14,2.74,30.74,75.24,100.31,4.4,25.66
2016-05-15,2.12,30.54,75.8,100.38,4.36,25.56
2016-05-16,0.86,30.85,73.05,100.23,3.51,25.14
2016-05-17,1.5,30.24,76.16,100.08,3.21,25.5
2016-05-18,53.47,28.35,87.64,99.81,5.61,26.1
2016-05-19,74.81,28.49,86.93,99.54,6.63,26.11
2016-05-20,9.48,29.43,82.28,99.36,5.25,26.0
2016-05-21,3.03,30.84,79.82,99.59,4.73,26.74
2016-05-22,0.56,32.07,72.99,99.69,4.12,26.12
2016-05-23,0.11,33.12,63.52,99.69,3.41,24.6
2016-05-24,0.46,33.24,61.34,99.66,2.86,24.15
2016-05-25,0.65,32.97,64.31,99.59,4.25,24.87
2016-05-26,0.32,33.37,59.1,99.7,2.3,23.33
2016-05-27,0.99,32.68,68.99,99.82,3.9,25.5
2016-05-28,3.98,31.16,77.94,99.93,4.31,26.71
2016-05-29,2.48,31.13,74.04,99.9,4.69,25.71
2016-05-30,2.36,31.17,73.88,99.87,4.76,25.76
2016-05-31,4.11,30.52,79.91,100.03,3.78,26.59
2016-06-01,7.09,30.48,80.44,100.08,3.66,26.67
2016-06-02,4.96,30.81,77.81,99.99,4.58,26.38
2016-06-03,5.49,29.81,75.16,100.06,4.78,24.86
2016-06-04,15.2,29.24,81.89,100.06,3.75,25.81
2016-06-05,8.35,28.55,83.77,100.13,2.87,25.53
2016-06-06,12.36,28.51,85.57,100.13,3.72,25.86
2016-06-07,17.8,28.34,85.39,100.08,3.67,25.62
2016-06-08,19.8,28.52,86.3,99.99,4.21,26.0
2016-06-09,3.41,28.73,85.27,100.0,4.11,26.0
2016-06-10,1.35,29.81,81.48,100.03,5.12,26.22
2016-06-11,1.02,29.56,83.71,99.99,4.63,26.49
2016-06-12,0.84,30.6,78.54,99.85,3.4,26.32
2016-06-13,1.65,30.58,78.36,99.84,3.49,26.28
2016-06-14,0.44,30.52,74.66,99.81,2.79,25.31
2016-06-15,0.63,31.53,72.54,99.6,2.78,25.76
2016-06-16,3.61,31.12,72.96,99.58,2.31,25.53
2016-06-17,19.63,28.02,88.84,99.66,2.87,26.02
2016-06-18,25.4,28.03,86.83,99.77,3.76,25.63
2016-06-19,4.28,28.52,82.06,99.88,3.04,25.12
2016-06-20,9.72,28.37,85.28,99.98,2.91,25.66
2016-06-21,1.87,28.29,84.15,100.0,1.87,25.34
2016-06-22,0.86,28.76,81.3,100.07,2.07,25.19
2016-06-23,1.9,29.08,79.47,99.99,1.96,25.12
2016-06-24,3.05,29.69,80.78,99.83,1.82,25.99
2016-06-25,8.51,29.2,82.47,99.87,1.52,25.87
2016-06-26,11.4,28.53,84.43,99.88,2.91,25.63
2016-06-27,31.75,28.04,84.64,99.73,3.72,25.19
2016-06-28,25.17,27.35,89.34,99.5,6.49,25.46
2016-06-29,12.87,28.06,88.67,99.35,7.17,26.02
2016-06-30,24.0,28.06,88.27,99.33,8.35,25.94
2016-07-01,42.39,28.11,89.93,99.38,6.57,26.31
2016-07-02,18.54,28.43,87.79,99.63,5.24,26.2
2016-07-03,9.5,28.63,87.96,99.87,5.44,26.43
2016-07-04,10.56,28.53,87.61,99.89,5.96,26.27
2016-07-05,10.14,28.28,89.12,99.82,6.45,26.33
2016-07-06,1.72,28.93,85.01,99.73,5.73,26.13
2016-07-07,2.69,28.57,85.92,99.72,4.84,25.95
2016-07-08,8.38,28.2,85.6,99.59,5.94,25.54
2016-07-09,15.57,26.98,85.49,99.54,7.09,24.34
2016-07-10,4.1,27.61,82.96,99.49,7.08,24.43
2016-07-11,4.68,27.64,84.01,99.54,6.14,24.66
2016-07-12,2.08,28.3,85.5,99.74,5.31,25.6
2016-07-13,0.89,28.58,85.44,99.83,4.17,25.86
2016-07-14,0.86,28.94,84.14,99.77,3.28,25.94
2016-07-15,6.04,28.34,87.58,99.9,4.27,26.08
2016-07-16,8.27,27.93,89.57,100.13,4.55,26.07
2016-07-17,16.94,27.96,87.42,100.41,3.58,25.68
2016-07-18,15.4,27.74,87.63,100.29,3.81,25.51
2016-07-19,14.75,27.83,85.9,100.12,3.38,25.23
2016-07-20,2.56,28.57,83.37,99.95,2.64,25.43
2016-07-21,7.84,28.06,88.32,99.85,3.26,25.96
2016-07-22,9.48,27.91,88.37,99.85,2.38,25.81
2016-07-23,9.69,27.6,86.11,99.92,2.09,25.05
2016-07-24,7.2,27.46,88.04,100.0,3.56,25.31
2016-07-25,6.63,27.61,87.61,100.17,3.2,25.37
2016-07-26,21.89,27.0,90.15,100.3,2.88,25.27
2016-07-27,11.19,26.92,88.83,100.32,2.39,24.94
2016-07-28,1.21,27.55,86.11,100.22,2.97,25.02
2016-07-29,2.33,27.86,87.55,100.06,3.34,25.61
2016-07-30,8.99,27.97,87.36,99.97,2.57,25.66
2016-07-31,11.96,27.5,90.15,99.93,4.41,25.76
2016-08-01,12.53,27.25,89.67,99.77,5.16,25.42
2016-08-02,7.39,27.04,89.33,99.46,7.0,25.14
2016-08-03,19.64,27.39,88.48,99.48,6.36,25.31
2016-08-04,20.29,27.7,87.34,99.61,6.46,25.4
2016-08-05,5.28,27.9,87.68,99.71,5.72,25.66
2016-08-06,8.17,28.07,87.88,99.79,5.72,25.86
2016-08-07,5.46,28.22,86.48,99.92,5.28,25.73
2016-08-08,1.23,28.22,85.65,100.04,3.82,25.56
2016-08-09,0.97,28.01,87.04,100.0,3.83,25.65
2016-08-10,0.98,28.43,85.16,100.02,3.69,25.67
2016-08-11,1.49,28.44,85.86,100.1,3.63,25.82
2016-08-12,1.34,28.75,83.28,100.04,3.85,25.61
2016-08-13,2.89,28.44,85.56,99.93,3.94,25.78
2016-08-14,2.8,28.54,86.9,99.8,4.24,26.13
2016-08-15,5.2,28.06,86.4,99.7,4.71,25.57
2016-08-16,5.03,28.3,84.28,99.53,4.77,25.37
2016-08-17,0.35,28.16,83.26,99.5,4.8,24.99
2016-08-18,0.15,28.42,81.63,99.69,3.93,24.91
2016-08-19,0.14,28.84,81.11,99.82,3.17,25.18
2016-08-20,0.09,28.85,80.3,99.91,2.78,25.06
2016-08-21,0.16,29.15,80.57,99.99,2.86,25.41
2016-08-22,0.62,28.95,81.93,100.05,2.57,25.54
2016-08-23,2.6,28.96,82.12,100.04,3.2,25.57
2016-08-24,1.07,29.22,80.87,99.93,2.68,25.56
2016-08-25,8.72,29.46,79.92,99.96,1.13,25.61
2016-08-26,24.82,28.11,88.87,99.91,2.33,26.12
2016-08-27,5.18,28.29,86.63,100.05,2.7,25.85
2016-08-28,5.67,28.31,86.76,100.09,3.14,25.89
2016-08-29,1.74,28.57,85.83,99.98,2.6,25.95
2016-08-30,14.1,28.68,82.99,99.91,0.84,25.5
2016-08-31,17.72,28.2,86.07,99.99,3.12,25.65
2016-09-01,6.26,27.91,87.64,100.14,4.44,25.68
2016-09-02,6.73,27.9,88.87,100.09,4.64,25.9
2016-09-03,17.75,27.59,88.79,100.05,4.74,25.59
2016-09-04,10.88,27.59,85.82,100.2,4.07,24.99
2016-09-05,10.24,28.24,80.09,100.19,2.93,24.38
2016-09-06,1.5,28.54,78.97,100.17,3.78,24.47
2016-09-07,0.68,28.46,77.53,100.12,3.59,24.07
2016-09-08,0.36,28.95,76.5,100.13,2.9,24.31
2016-09-09,3.84,28.79,81.31,100.1,3.45,25.21
2016-09-10,7.8,28.34,88.47,99.91,4.19,26.24
2016-09-11,13.21,28.01,87.4,99.82,2.26,25.73
2016-09-12,8.87,28.09,86.64,99.87,0.97,25.66
2016-09-13,20.97,27.97,85.55,99.97,1.3,25.33
2016-09-14,6.85,28.13,84.1,100.01,0.99,25.19
2016-09-15,9.6,27.81,84.32,100.0,2.35,24.91
2016-09-16,1.9,27.68,84.51,100.06,2.91,24.83
2016-09-17,7.3,28.02,84.69,100.09,3.67,25.21
2016-09-18,4.44,27.91,87.47,100.14,4.18,25.64
2016-09-19,3.85,28.44,81.73,100.12,2.86,24.98
2016-09-20,14.56,28.2,83.81,99.99,1.48,25.2
2016-09-21,10.77,28.25,86.92,99.92,4.66,25.87
2016-09-22,17.18,27.76,86.51,100.0,2.4,25.32
2016-09-23,9.56,27.8,87.51,99.85,4.6,25.55
2016-09-24,3.51,28.04,85.79,99.78,4.63,25.44
2016-09-25,9.52,27.97,86.5,99.89,4.24,25.52
2016-09-26,7.08,28.15,87.41,100.04,4.13,25.88
2016-09-27,6.88,28.02,88.07,100.11,2.94,25.87
2016-09-28,9.44,27.95,90.38,99.99,3.84,26.25
2016-09-29,9.36,28.1,87.5,99.97,3.1,25.81
2016-09-30,16.49,27.5,90.3,99.94,3.5,25.79
2016-10-01,12.21,27.64,86.03,100.1,2.91,25.09
2016-10-02,4.02,27.93,82.03,100.4,2.17,24.56
2016-10-03,0.98,27.77,84.76,100.4,2.71,24.96
2016-10-04,1.96,28.43,82.29,100.32,3.34,25.07
2016-10-05,1.16,28.74,80.78,100.19,2.55,25.05
2016-10-06,10.41,27.91,87.59,100.12,1.6,25.67
2016-10-07,13.56,27.84,84.52,100.16,1.86,24.99
2016-10-08,9.39,28.01,86.41,100.17,4.99,25.53
2016-10-09,7.48,27.78,86.64,100.1,5.2,25.34
2016-10-10,10.07,28.33,84.09,100.03,3.09,25.36
2016-10-11,2.01,29.07,73.52,100.12,1.66,23.7
2016-10-12,0.08,29.25,68.92,100.28,1.44,22.87
2016-10-13,0.15,28.77,65.68,100.44,1.91,21.62
2016-10-14,0.0,28.06,66.67,100.51,1.75,21.24
2016-10-15,0.0,27.6,64.55,100.58,2.68,20.19
2016-10-16,0.0,27.3,62.44,100.62,2.56,19.35
2016-10-17,0.0,27.25,63.87,100.51,1.92,19.72
2016-10-18,0.0,27.58,66.47,100.42,1.77,20.75
2016-10-19,0.02,27.67,68.93,100.35,1.98,21.38
2016-10-20,0.01,27.43,65.14,100.28,2.3,20.21
2016-10-21,0.04,27.34,62.16,100.35,2.01,19.35
2016-10-22,0.0,27.84,58.93,100.52,1.49,18.99
2016-10-23,0.0,27.46,60.2,100.55,2.02,18.91
2016-10-24,0.0,26.99,57.93,100.47,2.13,17.71
2016-10-25,0.0,26.61,65.46,100.39,2.41,19.49
2016-10-26,0.01,26.35,67.68,100.46,3.79,19.76
2016-10-27,7.72,26.27,80.22,100.55,5.86,22.57
2016-10-28,2.89,27.17,85.13,100.61,3.76,24.46
2016-10-29,1.12,26.92,83.4,100.65,2.77,23.86
2016-10-30,1.14,26.65,86.15,100.74,3.54,24.14
2016-10-31,0.67,26.89,81.41,100.94,3.7,23.4
2016-11-01,0.09,26.58,78.37,100.86,3.41,22.45
2016-11-02,1.22,26.73,85.55,100.79,4.19,24.09
2016-11-03,5.49,26.64,86.16,100.71,6.03,24.11
2016-11-04,16.9,25.8,90.84,100.38,6.22,24.19
2016-11-05,0.42,26.38,77.4,100.28,3.18,22.05
2016-11-06,0.05,26.96,70.83,100.53,1.6,21.1
2016-11-07,0.24,26.54,62.49,100.77,2.5,18.33
2016-11-08,0.0,25.09,58.66,100.87,2.69,16.23
2016-11-09,0.0,25.31,54.24,100.96,1.44,15.24
2016-11-10,0.0,25.41,54.03,100.9,0.93,15.36
2016-11-11,0.0,24.47,66.82,100.88,1.59,17.87
2016-11-12,0.0,24.37,76.73,100.98,3.05,19.98
2016-11-13,0.0,25.03,78.6,101.06,3.64,21.0
2016-11-14,0.0,25.5,79.41,100.99,3.13,21.61
2016-11-15,0.1,25.95,84.77,100.93,2.92,23.18
2016-11-16,0.16,25.94,86.04,100.95,4.0,23.43
2016-11-17,0.29,25.05,81.15,101.0,3.96,21.54
2016-11-18,0.0,24.07,74.26,100.91,3.51,19.15
2016-11-19,0.0,23.51,72.71,100.82,3.16,18.28
2016-11-20,0.0,23.46,72.37,100.87,2.98,18.11
2016-11-21,0.0,23.68,75.07,100.88,2.31,18.94
2016-11-22,0.0,24.12,64.52,100.82,2.05,16.86
2016-11-23,0.0,23.54,66.53,100.84,2.42,16.89
2016-11-24,0.0,23.5,70.07,100.89,2.29,17.68
2016-11-25,0.0,23.61,68.45,100.85,2.24,17.38
2016-11-26,0.0,23.96,62.16,100.83,1.39,16.1
2016-11-27,0.0,24.54,62.22,100.78,1.9,16.68
2016-11-28,0.0,24.57,65.38,100.83,2.02,17.45
2016-11-29,0.0,24.04,67.67,100.95,2.22,17.52
2016-11-30,0.0,23.84,75.58,101.04,3.31,19.17
2016-12-01,0.13,24.08,82.64,100.96,4.96,20.85
2016-12-02,2.16,24.03,86.42,101.0,4.64,21.57
2016-12-03,0.44,25.29,83.49,101.13,3.32,22.22
2016-12-04,0.36,25.29,81.85,101.17,4.62,21.88
2016-12-05,0.0,24.25,76.46,101.08,4.0,19.73
2016-12-06,0.0,23.48,72.85,101.06,4.38,18.19
2016-12-07,0.0,23.59,69.51,101.01,3.51,17.38
2016-12-08,0.0,23.81,69.44,100.88,2.84,17.69
2016-12-09,0.0,23.68,67.81,100.73,2.82,17.22
2016-12-10,0.01,23.77,67.52,100.62,4.46,17.18
2016-12-11,0.03,23.02,75.17,100.54,6.55,18.26
2016-12-12,0.85,24.4,76.08,100.61,6.21,19.76
2016-12-13,0.52,24.86,76.0,100.76,4.66,20.22
2016-12-14,0.16,25.03,74.43,100.92,4.14,20.02
2016-12-15,0.0,24.28,75.15,101.01,3.63,19.4
2016-12-16,0.0,23.63,65.08,101.13,3.27,16.4
2016-12-17,0.0,23.46,63.87,101.11,2.48,15.93
2016-12-18,0.0,23.26,61.25,101.11,2.7,15.09
2016-12-19,0.0,22.82,63.77,101.11,3.24,15.17
2016-12-20,0.0,23.16,64.54,101.06,2.26,15.77
2016-12-21,0.0,23.54,61.84,101.06,1.44,15.53
2016-12-22,0.0,23.38,56.77,100.98,1.93,13.85
2016-12-23,0.0,22.85,62.67,100.87,1.7,15.14
2016-12-24,0.0,23.56,68.47,100.79,1.33,17.27
2016-12-25,0.0,23.65,69.07,100.9,1.51,17.56
2016-12-26,0.0,24.17,66.78,100.91,1.98,17.22
2016-12-27,0.0,23.67,67.16,100.99,3.64,16.91
2016-12-28,0.0,23.33,75.56,101.06,3.4,18.57
2016-12-29,0.02,23.68,79.18,101.1,2.89,19.71
2016-12-30,0.0,23.94,78.99,101.13,2.76,19.99
2016-12-31,0.0,23.95,75.02,101.07,2.83,19.1
2017-01-01,0.0,23.76,73.42,101.08,2.61,18.51
2017-01-02,0.0,23.67,75.69,101.12,2.68,18.91
2017-01-03,0.03,24.02,72.83,101.06,2.53,18.6
2017-01-04,0.15,23.95,75.27,101.0,3.05,19.11
2017-01-05,0.18,23.99,75.48,100.96,3.06,19.11
2017-01-06,0.01,23.74,68.08,100.93,2.98,16.95
2017-01-07,0.0,23.4,67.29,100.81,2.12,16.71
2017-01-08,0.0,23.66,69.3,100.75,2.63,17.56
2017-01-09,0.0,23.63,66.25,100.79,2.35,16.63
2017-01-10,0.0,24.06,66.17,100.81,1.52,17.21
2017-01-11,0.0,24.14,68.04,100.87,1.79,17.69
2017-01-12,0.02,23.47,70.98,100.86,2.29,17.57
2017-01-13,0.01,22.94,77.97,100.94,3.24,18.56
2017-01-14,0.01,23.1,77.92,101.08,3.33,18.74
2017-01-15,0.0,23.14,71.78,101.2,2.81,17.33
2017-01-16,0.0,23.23,64.66,101.12,2.16,15.61
2017-01-17,0.0,23.29,61.22,101.1,2.36,14.83
2017-01-18,0.0,23.22,72.66,101.26,3.28,17.61
2017-01-19,0.05,23.23,73.0,101.27,4.48,17.65
2017-01-20,0.0,23.63,65.37,101.25,4.86,15.88
2017-01-21,0.0,24.2,67.88,101.29,4.46,17.26
2017-01-22,0.0,24.59,68.28,101.34,4.07,17.88
2017-01-23,0.0,24.82,63.68,101.28,3.79,16.94
2017-01-24,0.0,24.04,65.78,101.27,3.51,16.62
2017-01-25,0.0,23.64,73.57,101.32,4.14,18.23
2017-01-26,1.39,23.45,74.45,101.24,3.56,18.18
2017-01-27,0.03,24.34,70.43,101.13,2.63,18.03
2017-01-28,0.0,25.27,66.19,101.04,2.09,17.96
2017-01-29,0.01,24.65,73.47,101.14,2.78,19.23
2017-01-30,0.12,24.01,76.07,101.07,2.44,19.04
2017-01-31,0.11,24.85,76.39,100.97,1.81,20.15
2017-02-01,0.0,24.93,76.77,101.08,2.12,20.41
2017-02-02,0.0,24.59,72.71,101.26,2.48,19.19
2017-02-03,0.0,24.28,70.33,101.18,1.85,18.26
2017-02-04,0.0,24.16,69.71,101.06,1.88,17.99
2017-02-05,0.0,24.32,72.36,101.0,1.7,18.87
2017-02-06,0.0,25.16,70.01,100.87,2.73,18.39
2017-02-07,0.0,25.63,65.12,100.85,2.28,17.46
2017-02-08,0.0,25.47,66.64,100.95,1.83,18.07
2017-02-09,0.0,25.13,69.32,100.91,2.03,18.64
2017-02-10,0.0,25.12,74.62,100.86,2.41,19.98
2017-02-11,0.01,24.91,73.07,101.03,2.02,19.42
2017-02-12,0.02,24.72,70.36,101.26,2.73,18.64
2017-02-13,0.0,24.73,71.79,101.39,2.92,18.87
2017-02-14,0.0,25.18,72.1,101.47,2.82,19.49
2017-02-15,0.0,25.08,64.63,101.48,2.61,17.31
2017-02-16,0.0,25.18,59.45,101.28,2.17,16.24
2017-02-17,0.0,25.35,65.18,101.13,2.04,17.87
2017-02-18,0.0,25.36,67.96,101.18,2.28,18.67
2017-02-19,0.12,26.13,70.36,100.95,2.93,19.54
2017-02-20,0.0,26.55,71.16,100.63,3.13,19.85
2017-02-21,0.01,26.3,78.0,100.6,3.59,21.65
2017-02-22,0.02,26.67,76.79,100.67,3.92,21.85
2017-02-23,0.0,27.21,74.11,100.79,3.8,21.49
2017-02-24,0.05,26.54,78.92,100.94,2.41,22.24
2017-02-25,1.17,26.45,75.51,100.97,2.08,21.54
2017-02-26,0.2,26.21,73.27,100.79,2.21,20.57
2017-02-27,0.16,26.13,74.33,100.91,2.59,20.67
2017-02-28,0.0,26.35,67.63,100.93,1.95,19.31
2017-03-01,0.0,26.34,63.12,100.91,1.99,18.24
2017-03-02,0.0,26.38,59.65,100.79,2.21,16.97
2017-03-03,0.0,26.42,61.18,100.58,2.26,17.36
2017-03-04,0.0,26.72,69.2,100.5,3.57,20.13
2017-03-05,0.26,27.79,76.1,100.46,4.15,22.88
2017-03-06,0.6,27.98,76.82,100.44,4.22,23.22
2017-03-07,1.58,27.75,77.48,100.47,3.88,23.13
2017-03-08,2.88,27.65,79.14,100.44,4.43,23.53
2017-03-09,3.07,27.85,77.83,100.36,4.51,23.44
2017-03-10,4.49,27.68,78.32,100.38,5.09,23.39
2017-03-11,8.32,27.76,82.27,100.44,4.89,24.36
2017-03-12,1.01,28.28,72.33,100.54,4.17,21.95
2017-03-13,0.04,27.63,61.06,100.74,2.3,17.98
2017-03-14,0.22,27.12,75.46,100.87,3.06,22.18
2017-03-15,0.28,27.06,73.32,100.87,2.31,21.72
2017-03-16,0.19,27.62,71.44,100.74,2.92,21.75
2017-03-17,0.38,28.3,70.14,100.56,4.14,21.95
2017-03-18,0.51,28.68,70.73,100.6,4.78,22.37
2017-03-19,3.15,28.12,74.52,100.68,4.97,22.82
2017-03-20,3.05,28.28,73.11,100.65,4.25,22.62
2017-03-21,1.75,27.58,73.94,100.86,1.8,22.31
2017-03-22,0.08,27.93,71.17,100.82,2.21,21.84
2017-03-23,0.0,28.47,70.95,100.66,3.94,22.0
2017-03-24,0.0,28.8,66.1,100.62,4.09,21.07
2017-03-25,0.0,28.59,68.86,100.65,4.51,21.83
2017-03-26,0.0,28.55,72.27,100.71,4.52,22.64
2017-03-27,0.02,28.47,71.33,100.76,4.36,22.29
2017-03-28,0.01,28.95,69.86,100.71,4.97,22.42
2017-03-29,0.0,29.07,68.54,100.59,5.38,22.13
2017-03-30,0.01,29.18,71.41,100.64,5.14,22.99
2017-03-31,0.04,29.3,73.34,100.67,5.49,23.65
2017-04-01,0.07,29.34,72.33,100.54,5.51,23.38
2017-04-02,0.13,29.16,72.82,100.43,5.82,23.49
2017-04-03,0.84,28.79,75.07,100.56,5.13,23.65
2017-04-04,0.42,28.97,74.55,100.6,5.43,23.64
2017-04-05,0.89,29.53,73.31,100.46,5.08,23.9
2017-04-06,0.58,29.7,74.27,100.37,4.9,24.41
2017-04-07,0.07,30.03,73.42,100.38,4.83,24.32
2017-04-08,0.04,30.14,73.32,100.39,4.39,24.53
2017-04-09,0.04,30.19,71.46,100.4,4.62,24.12
2017-04-10,0.03,30.0,71.63,100.3,4.32,23.74
2017-04-11,1.24,29.73,72.84,100.35,2.73,23.7
2017-04-12,0.57,29.57,70.93,100.41,2.97,22.99
2017-04-13,0.24,28.97,71.88,100.49,3.34,22.74
2017-04-14,0.46,28.37,74.27,100.46,2.96,22.88
2017-04-15,0.23,28.51,72.88,100.26,2.99,22.78
2017-04-16,0.07,29.59,71.76,100.12,4.04,23.52
2017-04-17,0.62,29.61,79.29,100.24,4.02,25.38
2017-04-18,0.87,29.44,80.45,100.33,3.82,25.52
2017-04-19,1.07,29.56,80.37,100.28,5.07,25.65
2017-04-20,0.86,29.98,77.54,100.2,5.4,25.3
2017-04-21,0.5,30.27,76.98,100.23,5.46,25.43
2017-04-22,0.08,30.85,73.24,100.17,5.25,24.93
2017-04-23,0.04,30.72,74.05,100.18,4.66,25.13
2017-04-24,0.05,29.97,78.89,100.25,4.83,25.62
2017-04-25,0.04,30.49,74.29,100.24,4.94,24.81
2017-04-26,0.05,30.74,69.87,100.25,4.66,23.96
2017-04-27,0.08,31.1,67.54,100.32,4.43,23.75
2017-04-28,0.04,31.2,63.43,100.33,4.61,22.63
2017-04-29,2.57,30.92,66.64,100.39,4.19,23.51
2017-04-30,0.23,30.37,69.26,100.38,3.91,23.73
2017-05-01,0.74,29.81,73.0,100.53,4.26,24.09
2017-05-02,0.8,29.52,72.34,100.66,3.7,23.71
2017-05-03,0.6,29.98,71.89,100.6,4.41,23.93
2017-05-04,0.3,30.41,69.4,100.53,4.08,23.69
2017-05-05,0.26,30.49,69.13,100.47,4.72,23.72
2017-05-06,2.28,30.22,73.22,100.58,4.75,24.58
2017-05-07,3.45,29.68,75.07,100.57,4.22,24.52
2017-05-08,1.24,30.28,72.94,100.44,4.83,24.52
2017-05-09,1.77,30.11,74.23,100.34,4.2,24.85
2017-05-10,2.78,28.81,80.95,100.45,2.44,25.18
2017-05-11,0.37,29.64,75.95,100.48,3.62,24.65
2017-05-12,0.45,30.22,75.26,100.45,3.83,25.04
2017-05-13,0.49,30.34,73.99,100.28,4.31,24.87
2017-05-14,0.51,31.09,71.94,100.08,3.96,25.09
2017-05-15,0.38,32.21,69.03,99.85,4.21,25.22
2017-05-16,0.61,32.3,70.8,99.7,3.91,25.85
2017-05-17,0.45,33.27,63.06,99.63,4.04,24.5
2017-05-18,0.28,32.47,63.41,99.76,2.55,24.11
2017-05-19,1.47,31.27,72.64,100.09,2.97,25.43
2017-05-20,2.51,31.44,70.8,99.99,2.92,25.06
2017-05-21,1.0,31.6,71.15,99.89,3.76,25.41
2017-05-22,1.0,31.51,72.44,99.99,3.61,25.55
2017-05-23,1.04,31.4,75.78,100.02,3.82,26.2
2017-05-24,0.95,30.64,77.22,100.01,2.99,25.9
2017-05-25,0.79,30.4,76.24,99.98,3.29,25.53
2017-05-26,5.24,30.86,74.37,99.96,2.91,25.55
2017-05-27,27.34,29.74,76.35,99.94,1.79,25.09
2017-05-28,2.12,31.11,70.11,99.76,2.51,24.78
2017-05-29,3.38,31.48,71.8,99.58,2.36,25.39
2017-05-30,2.45,32.8,68.28,99.45,3.22,25.61
2017-05-31,2.5,32.56,69.67,99.69,3.82,25.84
2017-06-01,0.19,31.44,74.93,99.92,4.3,26.27
2017-06-02,0.41,30.46,80.14,100.05,4.21,26.52
2017-06-03,1.63,30.53,78.65,100.1,4.16,26.22
2017-06-04,1.58,31.13,76.39,99.95,4.28,26.23
2017-06-05,2.08,31.9,74.15,99.87,3.09,26.4
2017-06-06,29.82,29.94,84.37,99.97,3.15,27.0
2017-06-07,20.07,29.76,82.36,100.01,2.68,26.4
2017-06-08,5.41,29.91,78.09,99.83,3.09,25.57
2017-06-09,16.48,29.23,84.08,99.69,2.86,26.2
2017-06-10,20.41,28.75,84.42,99.69,3.99,25.85
2017-06-11,2.7,28.72,82.0,99.77,4.01,25.34
2017-06-12,5.62,29.13,82.63,99.82,5.2,25.84
2017-06-13,6.05,29.22,81.72,99.93,4.15,25.73
2017-06-14,12.68,28.95,87.41,100.04,4.03,26.66
2017-06-15,29.8,28.23,91.26,100.03,5.27,26.69
2017-06-16,4.69,28.01,88.35,100.07,4.69,25.91
2017-06-17,1.5,28.81,81.48,100.03,4.62,25.29
2017-06-18,3.26,29.45,83.21,99.92,4.2,26.27
2017-06-19,5.98,28.65,85.95,99.86,4.56,26.06
2017-06-20,6.8,28.72,85.64,99.86,4.53,26.04
2017-06-21,4.9,28.53,85.43,99.91,3.98,25.83
2017-06-22,7.4,28.71,86.27,99.95,4.05,26.18
2017-06-23,13.14,28.2,86.55,99.87,4.49,25.75
2017-06-24,18.46,28.21,85.77,99.66,4.37,25.58
2017-06-25,14.27,27.8,88.74,99.6,5.28,25.77
2017-06-26,7.23,27.92,85.27,99.76,5.77,25.18
2017-06-27,7.13,28.58,81.03,99.79,5.03,24.87
2017-06-28,11.98,28.23,84.67,99.88,4.42,25.36
2017-06-29,10.51,28.36,83.31,99.86,5.02,25.22
2017-06-30,9.22,28.38,86.0,99.78,4.8,25.78
2017-07-01,11.74,28.05,87.81,99.78,4.74,25.83
2017-07-02,8.22,28.35,86.74,99.89,4.69,25.91
2017-07-03,2.49,28.71,85.62,99.97,4.48,26.04
2017-07-04,1.36,28.93,83.11,99.9,4.02,25.71
2017-07-05,2.05,28.92,81.71,99.92,3.7,25.42
2017-07-06,14.29,28.1,86.4,99.96,3.55,25.61
2017-07-07,4.34,28.05,84.21,99.97,3.84,25.1
2017-07-08,6.38,28.53,83.96,99.89,3.54,25.51
2017-07-09,3.96,28.7,82.93,99.97,4.13,25.48
2017-07-10,2.27,28.69,86.02,100.07,4.08,26.09
2017-07-11,6.71,28.19,87.52,100.02,3.82,25.91
2017-07-12,4.5,28.26,84.33,99.93,3.14,25.31
2017-07-13,10.33,27.51,87.84,99.89,4.08,25.31
2017-07-14,10.53,27.29,87.98,99.88,5.23,25.13
2017-07-15,9.49,27.74,86.66,99.86,5.57,25.3
2017-07-16,39.64,27.17,88.06,99.71,6.24,25.03
2017-07-17,35.23,27.89,84.99,99.48,5.52,25.11
2017-07-18,48.02,27.42,88.09,99.33,7.45,25.28
2017-07-19,22.38,27.79,85.41,99.52,7.95,25.1
2017-07-20,34.02,28.0,87.46,99.68,6.15,25.7
2017-07-21,17.12,28.35,88.55,99.85,5.13,26.27
2017-07-22,1.58,28.34,89.13,99.96,4.7,26.38
2017-07-23,1.08,28.37,88.26,99.92,4.37,26.24
2017-07-24,1.05,28.35,87.28,99.88,4.48,26.01
2017-07-25,0.7,28.4,85.27,99.77,4.03,25.64
2017-07-26,2.76,28.31,88.39,99.82,3.89,26.19
2017-07-27,5.53,28.38,87.21,99.94,3.13,26.02
2017-07-28,2.91,28.32,86.52,100.11,2.92,25.84
2017-07-29,4.91,28.66,85.68,100.15,2.96,25.99
2017-07-30,8.61,28.23,86.29,100.06,2.79,25.7
2017-07-31,2.51,28.79,84.04,100.05,2.74,25.77
2017-08-01,5.51,29.2,83.7,100.08,2.64,26.12
2017-08-02,4.66,28.92,85.82,100.04,3.3,26.28
2017-08-03,1.58,28.43,86.42,99.91,3.49,25.94
2017-08-04,2.99,28.71,83.45,99.69,3.52,25.62
2017-08-05,6.91,28.99,79.04,99.61,2.58,24.89
2017-08-06,5.92,29.02,81.66,99.67,3.01,25.52
2017-08-07,5.14,28.94,83.88,99.88,3.35,25.91
2017-08-08,7.49,27.87,90.82,100.03,4.03,26.25
2017-08-09,4.41,28.12,87.38,100.12,4.29,25.83
2017-08-10,1.14,27.74,87.32,100.15,4.41,25.44
2017-08-11,2.95,28.23,86.97,100.15,4.39,25.86
2017-08-12,11.71,28.13,87.84,100.19,3.92,25.94
2017-08-13,15.04,27.99,87.45,100.29,3.74,25.71
2017-08-14,0.99,28.5,80.48,100.33,2.25,24.71
2017-08-15,0.7,28.83,81.41,100.19,3.07,25.29
2017-08-16,7.39,28.06,86.46,100.06,3.63,25.59
2017-08-17,12.03,28.09,84.14,99.79,3.37,25.11
2017-08-18,17.03,27.11,88.99,99.5,5.81,25.16
2017-08-19,23.95,27.09,85.38,99.66,5.42,24.42
2017-08-20,1.94,27.32,85.15,99.76,5.13,24.62
2017-08-21,1.39,27.85,80.73,99.88,3.62,24.17
2017-08-22,3.9,28.06,84.48,99.94,3.13,25.19
2017-08-23,6.93,28.13,83.64,99.99,2.86,25.08
2017-08-24,19.24,28.66,84.94,99.85,2.84,25.85
2017-08-25,5.6,27.95,89.88,99.69,3.95,26.15
2017-08-26,5.33,28.5,85.68,99.54,3.96,25.84
2017-08-27,28.27,28.02,89.27,99.48,3.14,26.1
2017-08-28,22.62,27.94,89.25,99.48,5.0,26.02
2017-08-29,10.22,27.98,85.73,99.81,4.7,25.36
2017-08-30,10.69,28.5,85.21,100.08,2.54,25.76
2017-08-31,3.88,28.56,85.35,100.21,2.48,25.84
2017-09-01,3.67,28.92,83.05,100.21,1.69,25.72
2017-09-02,1.48,29.04,81.93,100.2,2.04,25.64
2017-09-03,1.84,28.87,84.26,100.24,3.39,25.92
2017-09-04,3.03,28.92,84.72,100.26,3.18,26.07
2017-09-05,7.65,29.06,84.22,100.2,2.29,26.09
2017-09-06,3.07,28.86,85.7,100.17,2.36,26.2
2017-09-07,2.01,28.34,88.14,100.23,2.63,26.19
2017-09-08,0.89,28.36,86.93,100.34,2.26,25.97
2017-09-09,0.25,28.47,84.16,100.28,1.76,25.53
2017-09-10,1.14,28.54,84.32,100.33,2.35,25.64
2017-09-11,3.28,28.45,85.47,100.43,1.63,25.78
2017-09-12,4.5,28.29,86.96,100.53,1.99,25.92
2017-09-13,4.7,28.42,84.76,100.5,2.76,25.58
2017-09-14,7.14,28.17,85.05,100.38,3.1,25.43
2017-09-15,4.78,28.43,83.94,100.17,2.69,25.44
2017-09-16,5.08,28.8,82.99,100.05,2.85,25.58
2017-09-17,26.51,27.91,88.8,100.05,4.16,25.9
2017-09-18,3.72,27.36,88.11,100.05,5.38,25.23
2017-09-19,8.74,28.08,84.94,99.99,4.41,25.29
2017-09-20,1.33,28.11,85.74,99.99,4.35,25.49
2017-09-21,1.95,28.18,85.57,100.07,3.59,25.52
2017-09-22,1.14,28.06,84.99,100.2,3.48,25.31
2017-09-23,4.32,28.23,85.37,100.34,2.4,25.54
2017-09-24,5.94,28.52,84.72,100.3,1.17,25.7
2017-09-25,4.43,28.37,83.26,100.15,1.41,25.24
2017-09-26,5.68,28.38,82.22,100.13,0.98,25.0
2017-09-27,5.34,27.87,84.86,100.19,1.48,25.09
2017-09-28,3.85,27.28,86.2,100.15,2.3,24.78
2017-09-29,14.39,27.43,85.16,100.1,1.41,24.72
2017-09-30,6.89,27.45,87.66,100.25,2.49,25.23
2017-10-01,3.3,28.22,87.56,100.26,3.75,25.97
2017-10-02,3.11,28.11,82.87,100.23,1.8,24.89
2017-10-03,14.26,27.86,85.01,100.25,1.45,25.12
2017-10-04,16.98,27.32,84.84,100.33,1.3,24.55
2017-10-05,11.38,27.48,83.8,100.24,2.02,24.5
2017-10-06,8.4,27.38,84.6,100.25,1.91,24.57
2017-10-07,10.16,28.14,83.13,100.3,2.66,25.01
2017-10-08,3.81,28.23,84.57,100.25,2.52,25.38
2017-10-09,4.75,28.0,86.43,100.21,2.1,25.53
2017-10-10,7.43,27.94,81.5,100.17,1.6,24.44
2017-10-11,4.21,27.98,83.76,100.2,2.09,24.97
2017-10-12,4.03,28.02,85.21,100.23,2.31,25.3
2017-10-13,2.11,27.87,86.7,100.18,2.5,25.46
2017-10-14,0.14,28.36,80.12,100.15,1.23,24.58
2017-10-15,4.34,28.91,78.75,100.16,1.49,24.82
2017-10-16,2.67,28.63,82.91,100.17,2.9,25.44
2017-10-17,0.0,28.23,77.82,100.12,3.66,23.92
2017-10-18,2.5,27.94,78.62,100.03,4.34,23.84
2017-10-19,8.28,27.65,85.31,99.98,3.08,24.97
2017-10-20,6.05,27.6,82.14,100.22,4.14,24.28
2017-10-21,0.36,27.25,82.82,100.36,3.28,24.08
2017-10-22,1.36,28.36,80.83,100.39,2.43,24.69
2017-10-23,3.45,27.37,84.06,100.53,1.66,24.44
2017-10-24,0.33,28.19,70.71,100.75,0.92,22.31
2017-10-25,0.04,27.4,80.91,100.94,1.97,23.82
2017-10-26,0.0,26.95,78.19,101.0,2.03,22.78
2017-10-27,0.04,26.9,74.72,100.88,2.53,21.97
2017-10-28,0.16,26.97,78.75,100.86,3.27,22.94
2017-10-29,0.0,26.77,76.06,100.94,4.0,22.18
2017-10-30,0.0,26.33,74.92,100.93,3.89,21.49
2017-10-31,0.03,25.81,76.64,100.84,4.33,21.34
2017-11-01,0.25,25.26,77.98,100.86,4.82,21.07
2017-11-02,0.41,25.17,76.97,100.76,4.98,20.73
2017-11-03,0.11,24.91,75.25,100.71,4.86,20.16
2017-11-04,4.0,25.64,84.52,100.77,4.77,22.79
2017-11-05,1.03,26.44,84.86,100.83,4.32,23.68
2017-11-06,0.07,26.23,82.78,100.85,3.98,23.04
2017-11-07,0.0,25.98,80.34,100.87,3.92,22.3
2017-11-08,0.0,25.56,77.19,100.87,3.96,21.21
2017-11-09,0.0,25.15,76.95,100.78,3.7,20.75
2017-11-10,0.0,25.03,77.8,100.76,4.54,20.81
2017-11-11,0.06,24.91,77.97,100.74,5.34,20.74
2017-11-12,0.74,25.39,83.02,100.58,5.68,22.26
2017-11-13,3.58,25.25,86.44,100.44,5.87,22.79
2017-11-14,4.63,25.42,89.3,100.31,6.59,23.52
2017-11-15,8.1,25.39,91.89,100.0,7.27,23.96
2017-11-16,11.82,26.17,90.48,100.01,4.79,24.49
2017-11-17,0.39,26.19,87.02,100.45,3.02,23.86
2017-11-18,0.2,26.31,84.68,100.62,2.26,23.52
2017-11-19,0.53,26.32,85.46,100.75,1.97,23.67
2017-11-20,0.95,26.66,86.61,100.8,2.45,24.25
2017-11-21,0.09,26.38,82.02,100.77,3.47,23.0
2017-11-22,0.0,25.86,77.53,100.74,3.22,21.57
2017-11-23,1.84,25.83,76.94,100.69,2.75,21.42
2017-11-24,0.11,24.97,75.69,100.85,3.42,20.3
2017-11-25,0.0,23.2,73.79,101.0,4.09,18.16
2017-11-26,0.0,22.95,77.4,101.1,3.76,18.67
2017-11-27,0.0,23.44,77.04,100.94,3.25,19.12
2017-11-28,0.0,23.44,74.29,100.95,3.2,18.51
2017-11-29,0.0,23.1,71.89,101.09,3.51,17.64
2017-11-30,0.0,22.73,77.61,101.02,3.35,18.53
2017-12-01,0.0,22.82,77.4,100.96,3.83,18.58
2017-12-02,0.03,22.56,76.85,101.04,4.29,18.2
2017-12-03,0.21,21.9,74.62,101.05,3.96,17.03
2017-12-04,0.0,22.09,76.36,100.93,4.0,17.63
2017-12-05,0.0,22.06,76.68,100.85,3.95,17.66
2017-12-06,0.0,22.08,76.1,100.77,3.66,17.59
2017-12-07,0.08,22.71,73.09,100.66,4.93,17.51
2017-12-08,0.21,22.98,73.94,100.58,6.98,17.98
2017-12-09,0.0,24.3,74.11,100.58,3.41,19.36
2017-12-10,0.0,24.75,69.73,100.83,1.68,18.7
2017-12-11,0.04,24.63,79.34,100.97,1.57,20.79
2017-12-12,0.03,25.24,77.19,101.01,1.32,20.93
2017-12-13,0.03,25.1,80.47,101.04,1.71,21.48
2017-12-14,0.11,24.79,81.99,101.11,3.14,21.47
2017-12-15,0.0,24.12,73.43,101.18,3.16,18.88
2017-12-16,0.0,23.8,69.77,101.29,3.68,17.71
2017-12-17,0.0,23.74,72.07,101.36,3.57,18.25
2017-12-18,0.0,22.98,71.55,101.35,3.92,17.37
2017-12-19,0.0,22.2,67.83,101.33,4.0,15.79
2017-12-20,0.0,22.31,66.9,101.4,3.55,15.66
2017-12-21,0.01,22.85,73.07,101.36,3.64,17.55
2017-12-22,0.0,22.91,73.39,101.2,3.03,17.78
2017-12-23,0.0,22.82,76.28,101.0,3.11,18.27
2017-12-24,0.0,22.95,80.05,100.99,3.34,19.16
2017-12-25,0.0,23.04,79.48,101.02,3.1,19.09
2017-12-26,0.0,23.01,64.02,101.06,3.46,15.22
2017-12-27,0.0,22.35,57.41,101.09,3.22,12.92
2017-12-28,0.0,22.09,68.61,101.06,3.86,15.78
2017-12-29,0.01,22.77,76.78,101.1,3.89,18.25
2017-12-30,0.01,22.8,74.43,101.05,3.7,17.61
2017-12-31,0.02,22.81,69.02,100.9,4.88,16.49
2018-01-01,0.06,21.05,79.17,100.72,6.19,17.21
2018-01-02,0.0,22.68,71.98,100.71,4.43,17.01
2018-01-03,0.0,23.18,65.64,100.85,3.0,15.98
2018-01-04,0.0,23.0,63.66,100.99,2.53,15.47
2018-01-05,0.0,22.51,64.12,100.88,3.08,14.91
2018-01-06,0.0,22.28,55.49,100.81,2.82,12.22
2018-01-07,0.0,22.49,58.13,100.88,2.87,13.3
2018-01-08,0.0,22.01,61.44,101.03,4.43,13.83
2018-01-09,0.0,21.79,64.9,101.21,4.44,14.47
2018-01-10,0.0,22.75,64.32,101.24,3.5,15.25
2018-01-11,0.0,23.4,65.57,101.13,2.42,16.25
2018-01-12,0.0,24.01,71.4,101.03,1.65,18.36
2018-01-13,0.04,24.07,76.64,100.98,1.75,19.53
2018-01-14,0.0,23.88,64.97,101.05,2.5,16.17
2018-01-15,0.0,24.3,63.96,101.02,2.1,16.75
2018-01-16,0.0,23.69,65.19,100.93,2.43,16.27
2018-01-17,0.0,23.27,65.65,100.96,1.99,16.31
2018-01-18,0.0,23.27,61.01,100.97,2.07,14.98
2018-01-19,0.0,22.87,60.92,101.04,2.46,14.51
2018-01-20,0.0,22.63,60.81,100.99,2.6,13.96
2018-01-21,0.0,22.47,65.98,100.94,2.45,15.31
2018-01-22,0.0,22.24,71.01,100.84,2.42,16.45
2018-01-23,0.0,23.01,68.72,100.77,1.88,16.79
2018-01-24,0.0,23.98,66.74,100.66,1.46,17.04
2018-01-25,0.0,24.02,65.93,100.63,1.76,16.96
2018-01-26,0.58,23.75,76.46,100.75,2.35,19.15
2018-01-27,0.0,24.06,70.94,100.79,2.43,18.2
2018-01-28,0.01,23.46,71.28,100.92,2.75,17.66
2018-01-29,0.0,23.3,68.5,101.06,2.77,16.61
2018-01-30,0.0,23.51,55.95,101.04,1.59,13.42
2018-01-31,0.0,24.28,53.64,100.97,2.01,13.29
2018-02-01,0.0,24.75,54.54,100.91,2.15,13.75
2018-02-02,0.0,24.45,55.32,100.89,2.01,13.94
2018-02-03,0.0,23.78,62.29,100.97,1.84,15.71
2018-02-04,0.0,23.93,62.05,101.0,2.04,15.81
2018-02-05,0.0,24.33,61.19,101.18,2.01,16.03
2018-02-06,0.0,24.39,59.59,101.12,1.51,15.6
2018-02-07,0.0,24.71,59.74,100.93,2.15,16.03
2018-02-08,0.0,25.63,57.55,100.83,1.79,16.34
2018-02-09,0.0,25.52,60.59,100.8,2.29,16.96
2018-02-10,0.0,25.44,68.67,100.98,2.4,18.97
2018-02-11,0.06,25.48,71.13,101.15,2.07,19.7
2018-02-12,0.1,24.96,76.08,101.24,3.45,20.16
2018-02-13,0.0,24.25,65.08,101.36,3.68,16.44
2018-02-14,0.0,24.45,62.39,101.4,3.78,15.61
2018-02-15,0.0,25.19,62.09,101.38,2.75,16.96
2018-02-16,0.0,24.99,68.65,101.23,2.3,18.46
2018-02-17,0.0,25.0,65.32,100.88,1.8,17.49
2018-02-18,0.0,24.73,70.89,100.81,2.21,18.6
2018-02-19,0.0,24.86,69.37,100.9,1.98,18.6
2018-02-20,0.0,25.06,66.27,100.88,1.76,17.94
2018-02-21,0.0,25.27,65.39,100.74,1.96,17.94
2018-02-22,0.0,25.57,67.91,100.68,2.65,18.53
2018-02-23,0.0,25.49,66.16,100.8,2.22,18.09
2018-02-24,0.0,25.46,61.65,100.97,1.79,16.99
2018-02-25,0.0,26.19,51.63,100.97,1.48,14.37
2018-02-26,0.0,26.71,48.16,100.81,2.35,13.32
2018-02-27,0.0,26.83,56.21,100.74,2.73,16.29
2018-02-28,0.0,26.93,55.81,100.73,2.47,16.24
2018-03-01,0.0,27.04,58.93,100.68,2.33,17.27
2018-03-02,0.0,27.16,62.44,100.6,2.9,18.36
2018-03-03,0.0,27.75,62.52,100.48,3.94,18.8
2018-03-04,0.0,27.72,59.37,100.52,4.16,18.02
2018-03-05,0.0,27.69,60.64,100.63,3.67,18.26
2018-03-06,0.0,27.41,63.99,100.72,3.11,18.95
2018-03-07,0.09,27.5,63.73,100.72,2.57,18.93
2018-03-08,0.28,27.06,69.48,100.79,2.46,20.48
2018-03-09,0.06,27.24,67.53,100.79,2.6,20.24
2018-03-10,0.01,27.65,61.51,100.77,2.13,18.82
2018-03-11,0.42,27.51,62.01,100.84,2.14,18.79
2018-03-12,0.63,27.6,64.69,100.83,3.0,19.39
2018-03-13,0.01,28.45,61.36,100.77,3.79,19.12
2018-03-14,0.0,28.48,59.44,100.64,4.29,18.7
2018-03-15,0.05,28.38,66.31,100.58,4.28,20.7
2018-03-16,1.68,28.43,66.69,100.58,2.99,20.85
2018-03-17,0.52,27.59,64.89,100.7,2.29,19.88
2018-03-18,0.0,28.02,64.49,100.76,2.7,20.06
2018-03-19,0.03,28.26,61.6,100.85,2.56,19.59
2018-03-20,0.13,28.65,65.09,100.69,3.58,20.72
2018-03-21,0.07,29.09,65.73,100.52,4.42,21.33
2018-03-22,0.14,29.49,64.79,100.33,4.15,21.61
2018-03-23,0.3,29.55,66.75,100.34,3.66,21.91
2018-03-24,0.27,28.46,76.9,100.63,2.7,23.77
2018-03-25,0.08,28.22,74.07,100.85,3.07,22.87
2018-03-26,0.0,28.7,66.81,100.82,3.81,21.19
2018-03-27,0.0,29.14,66.23,100.6,3.87,21.44
2018-03-28,0.3,28.63,74.02,100.53,4.14,23.0
2018-03-29,1.18,28.9,76.44,100.47,4.58,23.85
2018-03-30,0.85,28.81,76.0,100.44,4.45,23.8
2018-03-31,2.48,28.46,75.31,100.47,4.22,23.44
2018-04-01,2.64,28.38,75.45,100.49,3.75,23.26
2018-04-02,2.33,27.51,76.19,100.6,2.5,22.69
2018-04-03,1.27,28.09,75.78,100.54,3.66,23.19
2018-04-04,2.3,28.4,75.94,100.4,4.0,23.53
2018-04-05,1.76,28.47,74.69,100.33,4.06,23.31
2018-04-06,1.18,28.6,73.73,100.4,4.17,23.13
2018-04-07,4.2,27.72,79.77,100.52,2.61,23.76
2018-04-08,3.83,27.49,77.15,100.67,2.03,23.01
2018-04-09,2.02,28.24,70.58,100.73,2.25,22.17
2018-04-10,0.29,28.53,69.8,100.62,2.35,22.15
2018-04-11,0.19,29.4,67.73,100.55,2.89,22.37
2018-04-12,0.43,29.64,68.36,100.43,3.29,22.77
2018-04-13,0.5,30.0,66.44,100.53,2.69,22.69
2018-04-14,0.6,30.19,69.42,100.48,3.66,23.56
2018-04-15,1.21,30.47,68.03,100.5,3.04,23.49
2018-04-16,0.61,31.13,65.07,100.51,3.63,23.16
2018-04-17,0.84,30.68,67.57,100.59,3.9,23.6
2018-04-18,1.93,30.88,67.7,100.43,4.71,23.69
2018-04-19,2.48,30.78,70.62,100.25,5.13,24.44
2018-04-20,2.45,30.43,73.11,100.27,5.04,24.78
2018-04-21,1.36,30.04,75.1,100.31,4.59,24.89
2018-04-22,0.99,30.38,74.33,100.33,5.18,25.03
2018-04-23,1.4,30.7,70.24,100.33,4.41,24.15
2018-04-24,3.11,30.13,71.78,100.38,3.84,24.19
2018-04-25,17.25,29.87,72.94,100.31,4.28,24.06
2018-04-26,0.89,29.91,73.02,100.26,4.6,24.05
2018-04-27,2.27,29.94,72.53,100.47,3.93,23.91
2018-04-28,0.95,29.9,73.2,100.52,4.35,24.09
2018-04-29,1.16,30.11,72.6,100.31,5.02,24.26
2018-04-30,3.15,30.06,76.84,100.19,4.85,25.32
2018-05-01,13.02,29.17,83.16,100.34,3.74,25.98
2018-05-02,15.16,29.3,81.37,100.36,3.89,25.67
2018-05-03,15.91,28.93,83.07,100.48,3.37,25.7
2018-05-04,2.9,29.16,77.81,100.49,3.38,24.66
2018-05-05,0.44,30.04,76.85,100.5,4.36,25.33
2018-05-06,0.2,30.5,74.53,100.49,4.52,25.18
2018-05-07,0.25,30.53,74.21,100.33,4.32,25.09
2018-05-08,0.39,29.95,77.51,100.23,4.47,25.44
2018-05-09,0.66,30.18,75.23,100.33,4.29,25.08
2018-05-10,0.69,29.93,75.09,100.47,3.97,24.84
2018-05-11,6.6,30.29,74.78,100.38,4.27,25.02
2018-05-12,7.53,30.07,76.48,100.31,4.23,25.31
2018-05-13,5.9,29.96,76.11,100.29,4.46,25.01
2018-05-14,3.09,29.33,77.58,100.42,3.36,24.85
2018-05-15,1.91,29.64,71.92,100.29,3.71,23.62
2018-05-16,0.37,29.66,72.86,100.19,4.27,23.95
2018-05-17,1.08,29.96,74.72,100.16,4.2,24.69
2018-05-18,0.61,30.75,69.35,100.07,4.2,23.94
2018-05-19,0.74,29.9,76.71,100.06,4.1,25.14
2018-05-20,1.42,29.84,77.32,100.12,3.94,25.19
2018-05-21,0.76,29.57,79.19,100.19,3.34,25.4
2018-05-22,0.53,30.25,72.24,100.17,3.78,24.33
2018-05-23,0.56,29.28,79.42,100.18,3.6,25.31
2018-05-24,0.81,29.84,75.55,100.07,3.75,24.8
2018-05-25,0.52,29.69,77.06,100.03,2.95,25.1
2018-05-26,0.93,29.9,79.23,100.02,3.04,25.78
2018-05-27,0.76,30.3,78.34,99.97,3.38,25.9
2018-05-28,0.71,30.11,80.52,99.82,4.08,26.31
2018-05-29,0.8,30.86,76.99,99.69,4.51,26.01
2018-05-30,2.06,30.98,78.75,99.76,3.87,26.58
2018-05-31,6.44,30.6,81.87,99.99,2.99,26.99
2018-06-01,1.13,30.12,80.89,100.15,2.26,26.36
2018-06-02,1.7,30.74,75.34,100.14,3.83,25.65
2018-06-03,1.24,30.54,76.43,99.95,3.69,25.79
2018-06-04,1.44,30.88,77.19,99.76,3.0,26.19
2018-06-05,5.02,29.65,82.99,99.94,3.75,26.43
2018-06-06,5.7,29.96,78.8,100.12,4.17,25.83
2018-06-07,6.51,29.46,81.61,99.84,5.5,25.92
2018-06-08,10.61,29.2,79.28,99.71,6.49,25.12
2018-06-09,25.29,29.35,80.09,99.47,5.17,25.43
2018-06-10,2.91,29.29,79.7,99.43,5.18,25.36
2018-06-11,8.11,29.47,79.65,99.49,5.23,25.48
2018-06-12,19.91,29.21,82.08,99.55,5.18,25.75
2018-06-13,4.45,30.0,78.87,99.62,5.07,25.81
2018-06-14,0.85,30.95,74.72,99.71,4.42,25.63
2018-06-15,0.12,31.29,71.91,99.78,4.16,25.22
2018-06-16,0.27,31.91,66.83,99.85,3.5,24.51
2018-06-17,0.29,32.22,63.62,99.84,3.58,24.03
2018-06-18,1.94,31.69,64.82,99.78,3.86,24.01
2018-06-19,0.8,30.93,71.12,99.83,3.57,24.94
2018-06-20,4.49,29.77,76.52,99.96,4.05,25.11
2018-06-21,4.51,29.6,79.24,99.98,4.59,25.57
2018-06-22,4.31,28.66,83.77,99.99,3.14,25.64
2018-06-23,2.54,29.03,80.67,99.95,2.89,25.34
2018-06-24,3.63,29.41,80.12,99.93,3.78,25.58
2018-06-25,1.6,29.52,75.08,99.85,4.19,24.49
2018-06-26,6.47,28.69,78.06,99.73,5.11,24.32
2018-06-27,7.32,28.56,80.37,99.65,4.35,24.75
2018-06-28,11.54,28.5,81.26,99.82,4.53,24.88
2018-06-29,8.14,28.02,83.28,100.05,4.18,24.92
2018-06-30,13.53,28.44,81.67,100.1,4.25,24.94
2018-07-01,13.49,28.19,83.22,100.13,4.46,25.05
2018-07-02,4.05,29.08,78.15,100.03,4.59,24.77
2018-07-03,6.19,28.42,82.57,99.98,4.58,25.13
2018-07-04,3.89,28.67,79.43,99.98,4.1,24.68
2018-07-05,3.09,29.17,80.09,99.92,3.3,25.31
2018-07-06,5.9,28.54,83.35,99.72,3.95,25.39
2018-07-07,18.01,27.39,85.35,99.65,4.71,24.7
2018-07-08,7.92,27.9,82.92,99.44,5.46,24.69
2018-07-09,24.35,27.93,86.93,99.38,6.1,25.54
2018-07-10,4.29,28.86,82.44,99.59,5.37,25.49
2018-07-11,11.04,28.5,83.78,99.63,5.49,25.43
2018-07-12,10.01,27.96,85.6,99.55,5.24,25.29
2018-07-13,6.67,27.77,85.84,99.51,5.02,25.15
2018-07-14,8.15,27.92,85.81,99.43,5.36,25.3
2018-07-15,21.64,27.22,90.24,99.34,5.97,25.5
2018-07-16,9.29,27.73,87.01,99.41,6.32,25.36
2018-07-17,1.31,28.58,83.14,99.49,5.88,25.37
2018-07-18,7.27,28.75,84.58,99.59,3.82,25.83
2018-07-19,16.63,27.92,88.82,99.6,3.88,25.89
2018-07-20,31.91,27.15,88.3,99.57,5.47,25.04
2018-07-21,25.08,27.42,87.64,99.63,6.46,25.18
2018-07-22,2.62,28.28,84.41,99.68,5.23,25.34
2018-07-23,0.68,28.41,84.52,99.72,4.06,25.48
2018-07-24,1.33,28.46,84.67,99.89,4.12,25.57
2018-07-25,3.16,28.43,85.46,99.91,3.7,25.71
2018-07-26,0.92,28.52,84.38,99.97,3.52,25.59
2018-07-27,0.92,28.09,84.18,99.96,3.63,25.14
2018-07-28,1.64,28.2,85.17,99.9,3.21,25.44
2018-07-29,7.88,28.17,86.18,99.8,3.07,25.62
2018-07-30,4.16,28.22,85.71,99.8,3.15,25.58
2018-07-31,3.16,28.09,86.54,99.82,3.87,25.62
2018-08-01,2.72,27.99,85.46,99.92,3.11,25.3
2018-08-02,2.24,28.11,85.1,100.03,3.1,25.34
2018-08-03,5.06,27.8,85.09,100.08,2.98,25.03
2018-08-04,3.35,28.43,82.95,99.95,3.22,25.17
2018-08-05,1.45,28.46,83.62,99.92,3.0,25.37
2018-08-06,5.91,27.54,86.63,99.78,3.63,25.1
2018-08-07,24.65,27.17,87.99,99.6,4.33,25.0
2018-08-08,3.51,27.66,86.01,99.62,5.19,25.08
2018-08-09,1.25,28.3,83.48,99.9,3.67,25.15
2018-08-10,9.85,28.59,84.44,99.89,3.23,25.65
2018-08-11,16.79,28.55,86.22,99.58,3.77,25.98
2018-08-12,19.16,27.12,89.55,99.36,5.27,25.27
2018-08-13,53.69,27.42,88.34,99.56,5.81,25.31
2018-08-14,29.74,27.4,88.91,99.48,5.12,25.42
2018-08-15,51.32,27.45,91.29,99.17,5.11,25.92
2018-08-16,12.63,27.56,88.21,99.37,7.28,25.43
2018-08-17,4.62,27.81,85.17,99.54,5.9,25.07
2018-08-18,8.95,27.8,86.92,99.5,4.08,25.4
2018-08-19,30.21,27.75,87.64,99.34,4.65,25.5
2018-08-20,30.96,27.3,88.76,99.42,5.02,25.29
2018-08-21,1.42,28.13,84.31,99.75,5.27,25.17
2018-08-22,0.57,28.45,83.61,99.89,4.02,25.34
2018-08-23,2.36,28.58,85.65,99.91,3.6,25.92
2018-08-24,4.77,28.55,84.89,99.87,3.37,25.71
2018-08-25,15.95,27.96,87.45,99.85,3.94,25.69
2018-08-26,7.71,27.31,88.17,99.79,4.79,25.19
2018-08-27,3.46,27.29,85.68,99.77,4.82,24.67
2018-08-28,3.71,27.3,86.08,99.85,4.26,24.76
2018-08-29,1.2,28.11,84.04,100.01,3.62,25.11
2018-08-30,1.24,28.16,85.74,99.95,3.49,25.53
2018-08-31,9.74,28.2,85.11,99.97,3.3,25.43
2018-09-01,4.6,27.85,84.15,100.05,3.63,24.9
2018-09-02,1.35,28.0,83.71,100.14,3.37,24.96
2018-09-03,2.27,28.17,84.91,100.15,3.16,25.36
2018-09-04,2.57,28.16,84.86,100.18,3.37,25.34
2018-09-05,12.5,27.63,86.16,100.07,4.03,25.1
2018-09-06,2.66,27.11,84.67,99.88,4.53,24.3
2018-09-07,0.41,27.67,82.12,100.01,4.58,24.29
2018-09-08,0.09,28.29,76.94,100.17,2.28,23.78
2018-09-09,0.45,28.07,78.86,100.31,1.73,23.98
2018-09-10,1.45,28.68,77.49,100.51,2.18,24.25
2018-09-11,3.15,28.94,79.52,100.52,2.74,24.97
2018-09-12,3.1,28.52,83.77,100.38,3.23,25.48
2018-09-13,2.12,28.46,83.25,100.29,2.75,25.3
2018-09-14,4.45,29.24,78.9,100.31,1.82,25.09
2018-09-15,1.68,28.62,82.84,100.33,1.95,25.37
2018-09-16,8.81,27.5,83.88,100.18,1.34,24.53
2018-09-17,4.48,27.29,81.96,100.05,0.85,23.94
2018-09-18,1.27,28.36,76.87,100.04,1.58,23.83
2018-09-19,12.53,28.03,83.2,99.99,1.77,24.92
2018-09-20,44.84,27.31,86.06,99.59,3.84,24.77
2018-09-21,33.7,27.59,86.19,99.77,6.62,25.08
2018-09-22,5.28,27.66,86.15,100.5,3.35,25.13
2018-09-23,1.4,27.48,84.94,100.76,1.65,24.71
2018-09-24,1.92,27.62,82.74,100.66,1.86,24.41
2018-09-25,5.2,28.56,82.83,100.47,2.44,25.32
2018-09-26,4.76,28.54,82.37,100.4,2.17,25.18
2018-09-27,1.87,27.84,84.91,100.45,1.98,25.06
2018-09-28,1.81,28.23,79.85,100.5,1.61,24.39
2018-09-29,0.16,28.62,76.21,100.5,1.16,23.97
2018-09-30,0.29,29.1,75.83,100.46,1.47,24.36
2018-10-01,1.29,29.07,76.51,100.51,1.47,24.5
2018-10-02,0.12,28.82,75.5,100.61,1.45,24.02
2018-10-03,0.24,28.68,77.44,100.59,1.76,24.31
2018-10-04,0.04,28.31,76.69,100.64,2.34,23.82
2018-10-05,0.0,28.12,75.61,100.68,2.49,23.39
2018-10-06,0.05,28.36,77.18,100.63,2.07,23.98
2018-10-07,0.06,28.29,79.34,100.57,3.3,24.36
2018-10-08,0.0,27.91,77.84,100.48,4.03,23.63
2018-10-09,0.01,27.87,77.48,100.27,5.4,23.5
2018-10-10,8.85,26.52,80.71,99.9,6.04,22.92
2018-10-11,1.78,27.02,80.84,99.77,5.31,23.45
2018-10-12,1.44,28.01,83.91,100.24,4.6,25.01
2018-10-13,4.72,28.41,84.49,100.57,3.11,25.54
2018-10-14,6.02,28.49,82.2,100.68,2.45,25.12
2018-10-15,8.34,27.9,83.75,100.83,1.37,24.89
2018-10-16,2.62,27.26,83.43,100.86,2.37,24.19
2018-10-17,0.14,27.62,74.19,100.82,1.64,22.58
2018-10-18,0.01,27.7,66.25,100.76,1.27,20.71
2018-10-19,0.0,27.48,65.08,100.78,1.37,20.29
2018-10-20,0.02,27.41,71.23,100.88,1.75,21.73
2018-10-21,0.02,27.43,74.31,100.9,2.09,22.4
2018-10-22,1.69,27.52,73.45,100.83,1.32,22.28
2018-10-23,0.29,27.76,71.12,100.81,1.18,21.97
2018-10-24,0.09,28.11,67.82,100.82,0.94,21.55
2018-10-25,0.12,27.55,70.58,100.98,2.24,21.67
2018-10-26,0.0,26.67,68.27,101.05,3.31,20.2
2018-10-27,0.0,26.02,70.98,101.03,4.19,20.28
2018-10-28,0.89,25.92,77.32,100.89,5.6,21.59
2018-10-29,2.41,25.54,86.63,100.66,5.68,23.12
2018-10-30,4.94,26.51,82.64,100.57,4.31,23.26
2018-10-31,1.21,26.17,83.73,100.78,3.7,23.18
2018-11-01,1.02,26.17,85.5,100.81,3.74,23.52
2018-11-02,0.38,26.58,83.7,100.8,3.13,23.55
2018-11-03,0.37,26.66,83.44,100.88,2.66,23.6
2018-11-04,0.09,26.57,83.75,100.93,2.27,23.57
2018-11-05,0.08,27.03,79.87,100.88,1.47,23.23
2018-11-06,0.02,26.94,78.95,100.91,1.38,22.95
2018-11-07,0.0,26.72,75.59,100.93,1.47,22.02
2018-11-08,0.72,26.45,75.9,100.88,2.25,21.82
2018-11-09,0.78,26.38,78.62,100.78,1.93,22.35
2018-11-10,0.24,26.3,78.64,100.82,2.52,22.23
2018-11-11,0.01,25.88,72.79,100.85,3.9,20.5
2018-11-12,0.0,25.27,73.45,100.75,4.74,20.06
2018-11-13,0.2,25.98,74.08,100.56,4.98,20.93
2018-11-14,0.84,25.79,75.97,100.6,5.34,21.1
2018-11-15,1.17,26.26,76.31,100.78,5.21,21.67
2018-11-16,1.01,26.75,77.01,100.83,3.08,22.3
2018-11-17,0.54,26.94,79.54,100.82,2.06,23.05
2018-11-18,0.15,27.14,78.88,100.86,2.08,23.12
2018-11-19,0.0,26.83,78.15,101.01,3.16,22.62
2018-11-20,0.0,26.29,77.1,101.07,3.36,21.87
2018-11-21,0.02,26.17,75.65,101.07,3.83,21.42
2018-11-22,0.04,25.92,74.79,101.13,3.39,20.95
2018-11-23,0.0,26.09,74.93,101.19,2.58,21.2
2018-11-24,0.0,25.84,62.65,101.19,2.39,17.67
2018-11-25,0.0,24.67,56.23,101.15,2.95,14.94
2018-11-26,0.0,24.2,60.48,101.02,2.78,15.82
2018-11-27,0.0,24.18,68.94,101.13,3.0,17.94
2018-11-28,0.01,24.82,73.53,101.15,3.48,19.55
2018-11-29,0.0,25.22,68.72,101.22,3.19,18.88
2018-11-30,0.0,24.99,72.85,101.2,3.23,19.67
2018-12-01,0.01,24.88,72.83,101.03,3.26,19.51
2018-12-02,0.06,24.56,73.29,100.9,3.87,19.33
2018-12-03,0.17,24.5,75.01,100.98,4.13,19.62
2018-12-04,1.24,24.92,74.75,101.07,4.39,20.0
2018-12-05,0.69,25.23,78.36,100.92,2.87,21.09
2018-12-06,2.62,25.59,80.01,100.81,2.21,21.86
2018-12-07,0.07,25.43,76.62,100.86,2.83,20.86
2018-12-08,0.21,25.1,76.1,100.98,2.86,20.45
2018-12-09,0.99,24.9,76.93,100.95,3.02,20.45
2018-12-10,0.04,24.76,73.15,100.92,2.89,19.49
2018-12-11,0.0,24.95,70.55,100.9,2.88,19.03
2018-12-12,0.0,24.98,75.92,100.98,3.37,20.24
2018-12-13,0.0,25.19,76.9,101.08,3.53,20.68
2018-12-14,0.0,25.16,74.48,101.15,5.46,20.12
2018-12-15,0.0,24.37,67.63,101.16,6.9,17.76
2018-12-16,3.83,22.24,75.52,101.1,8.03,17.53
2018-12-17,76.03,23.38,91.86,100.58,7.94,21.95
2018-12-18,1.58,23.45,82.61,100.75,3.85,20.24
2018-12-19,0.52,22.13,82.64,101.16,4.93,18.96
2018-12-20,0.01,22.56,81.65,101.17,3.96,19.14
2018-12-21,0.0,22.92,79.61,101.09,3.38,19.08
2018-12-22,0.0,22.86,75.09,101.1,4.06,18.06
2018-12-23,0.0,22.61,70.26,101.15,3.76,16.76
2018-12-24,0.0,22.57,69.2,101.08,3.11,16.47
2018-12-25,0.0,22.81,70.41,101.04,2.33,16.93
2018-12-26,0.0,23.14,67.86,101.0,1.94,16.7
2018-12-27,0.3,23.57,70.12,100.93,1.62,17.76
2018-12-28,0.37,23.44,75.14,100.93,2.04,18.56
2018-12-29,0.12,22.32,68.43,101.26,4.23,15.93
2018-12-30,0.0,21.04,56.29,101.44,4.04,11.44
2018-12-31,0.0,20.9,52.51,101.48,2.89,10.11
2019-01-01,0.0,21.06,57.36,101.47,2.66,11.82
2019-01-02,0.0,21.85,64.19,101.44,2.89,14.45
2019-01-03,0.0,22.4,66.95,101.48,2.18,15.56
2019-01-04,0.0,22.1,67.47,101.46,3.36,15.43
2019-01-05,0.0,21.52,71.93,101.31,3.46,15.93
2019-01-06,0.0,21.98,69.99,101.18,3.28,15.89
2019-01-07,0.0,22.61,67.06,101.06,2.95,15.77
2019-01-08,0.0,23.18,60.77,101.03,1.76,14.76
2019-01-09,0.0,22.95,64.89,101.1,2.26,15.61
2019-01-10,0.0,22.36,77.5,101.14,3.18,17.93
2019-01-11,0.0,22.27,75.0,101.21,3.26,17.36
2019-01-12,0.0,22.4,75.7,101.2,3.2,17.67
2019-01-13,0.0,22.64,72.94,101.21,3.02,17.27
2019-01-14,0.0,23.16,69.13,101.1,2.31,16.74
2019-01-15,0.0,23.28,69.12,101.15,2.81,16.99
2019-01-16,1.86,22.73,76.97,101.21,3.38,18.29
2019-01-17,0.01,22.74,76.02,101.07,2.63,18.08
2019-01-18,0.0,23.37,72.95,101.07,2.21,18.0
2019-01-19,0.12,23.12,73.43,101.16,2.46,17.82
2019-01-20,0.0,23.22,71.14,101.22,2.27,17.23
2019-01-21,0.0,23.39,69.05,101.15,2.47,17.01
2019-01-22,0.02,23.43,71.69,101.15,2.35,17.67
2019-01-23,0.04,23.12,72.96,101.1,2.32,17.52
2019-01-24,0.07,23.13,75.6,101.15,2.4,18.08
2019-01-25,0.11,23.77,73.53,101.14,3.0,18.49
2019-01-26,0.05,24.5,69.79,101.14,3.16,18.37
2019-01-27,0.41,24.08,71.36,101.2,3.66,18.4
2019-01-28,0.34,23.81,71.83,101.24,4.13,18.24
2019-01-29,1.0,23.91,70.34,101.26,3.06,17.92
2019-01-30,0.28,22.96,56.44,101.33,3.78,13.1
2019-01-31,0.01,22.45,67.08,101.29,3.68,15.67
2019-02-01,0.0,22.78,66.32,101.23,2.96,15.83
2019-02-02,0.0,23.38,67.55,101.1,2.52,16.63
2019-02-03,0.0,23.84,64.51,101.22,3.41,16.18
2019-02-04,0.0,24.15,65.14,101.38,3.38,16.71
2019-02-05,0.0,24.52,65.57,101.3,2.58,17.13
2019-02-06,0.0,24.57,60.64,101.03,1.61,16.05
2019-02-07,0.0,24.6,61.62,100.99,1.79,16.33
2019-02-08,0.0,25.12,69.02,101.0,2.38,18.8
2019-02-09,0.08,25.81,75.87,100.98,2.21,20.96
2019-02-10,0.3,24.93,72.14,101.23,3.24,19.23
2019-02-11,0.04,23.95,75.27,101.34,3.81,18.99
2019-02-12,0.0,23.94,72.78,101.42,3.65,18.39
2019-02-13,0.01,23.84,70.47,101.42,3.44,17.66
2019-02-14,0.0,24.19,69.93,101.15,2.23,17.94
2019-02-15,0.0,24.38,72.71,101.09,1.94,18.83
2019-02-16,0.0,25.07,71.61,101.08,2.48,19.33
2019-02-17,0.02,25.72,75.69,100.87,2.85,20.88
2019-02-18,0.19,26.13,75.33,100.71,2.1,21.09
2019-02-19,0.22,26.11,80.59,100.94,2.1,22.31
2019-02-20,0.07,26.13,76.8,101.21,2.0,21.5
2019-02-21,0.01,26.28,68.84,101.3,1.71,19.81
2019-02-22,0.0,27.3,63.96,101.02,2.41,19.03
2019-02-23,0.0,27.79,64.89,100.76,3.49,19.65
2019-02-24,0.01,27.81,64.79,100.65,3.91,19.95
2019-02-25,0.06,27.09,72.2,100.62,3.85,21.18
2019-02-26,0.1,26.34,78.02,100.61,3.19,21.8
2019-02-27,0.12,26.11,77.32,100.55,3.65,21.51
2019-02-28,1.89,26.7,74.67,100.61,3.21,21.63
2019-03-01,3.12,26.21,79.69,100.77,2.88,22.29
2019-03-02,2.68,25.83,79.93,100.91,3.51,22.0
2019-03-03,0.57,26.44,75.84,100.73,2.9,21.73
2019-03-04,0.09,27.14,76.41,100.52,4.37,22.49
2019-03-05,0.06,27.67,77.5,100.38,4.94,23.17
2019-03-06,0.4,28.05,78.91,100.44,3.91,23.75
2019-03-07,0.75,28.05,76.43,100.53,2.76,23.15
2019-03-08,3.28,27.51,77.6,100.77,2.01,23.08
2019-03-09,1.69,27.33,75.42,100.88,2.25,22.45
2019-03-10,0.09,27.56,75.82,100.88,3.74,22.69
2019-03-11,0.01,28.21,73.83,100.9,3.82,22.74
2019-03-12,0.05,28.87,69.1,100.9,3.44,22.14
2019-03-13,0.0,29.41,63.57,100.9,3.55,21.19
2019-03-14,0.01,29.51,59.37,100.86,3.08,19.89
2019-03-15,0.08,28.87,64.55,100.93,1.97,20.89
2019-03-16,0.04,28.25,65.38,100.98,2.04,20.67
2019-03-17,0.24,28.29,65.05,100.95,2.43,20.57
2019-03-18,0.02,28.1,60.34,100.96,2.25,19.25
2019-03-19,0.06,27.94,68.14,100.72,3.26,21.12
2019-03-20,0.43,28.14,72.87,100.7,3.35,22.5
2019-03-21,1.57,28.28,71.03,100.83,3.19,22.14
2019-03-22,0.02,28.62,66.72,100.82,4.05,21.29
2019-03-23,0.0,29.16,67.31,100.73,3.49,22.05
2019-03-24,0.12,29.12,66.82,100.7,2.46,21.9
2019-03-25,0.01,29.07,63.43,100.71,2.22,20.88
2019-03-26,0.0,29.0,64.39,100.82,2.62,21.15
2019-03-27,0.03,28.91,67.59,100.89,3.22,21.8
2019-03-28,0.01,29.11,67.9,100.8,3.07,22.02
2019-03-29,0.03,28.85,68.65,100.61,3.4,22.11
2019-03-30,0.12,29.34,69.94,100.55,3.8,22.71
2019-03-31,0.25,29.76,67.88,100.5,5.14,22.56
2019-04-01,0.41,29.22,72.48,100.57,4.51,23.32
2019-04-02,0.23,29.14,69.88,100.59,4.18,22.43
2019-04-03,0.09,29.02,70.18,100.64,3.85,22.56
2019-04-04,0.07,29.02,68.29,100.75,3.89,21.97
2019-04-05,0.45,29.58,68.84,100.68,4.48,22.52
2019-04-06,1.28,29.96,66.08,100.6,4.68,22.26
2019-04-07,1.9,29.35,69.15,100.57,4.31,22.67
2019-04-08,0.79,29.13,73.62,100.49,4.64,23.49
2019-04-09,0.94,29.45,72.92,100.53,4.11,23.55
2019-04-10,2.19,29.74,71.48,100.56,3.85,23.55
2019-04-11,0.69,29.88,68.49,100.47,4.06,22.7
2019-04-12,0.09,30.3,65.42,100.43,3.72,22.43
2019-04-13,0.07,30.7,62.6,100.44,3.7,22.01
2019-04-14,0.11,30.81,61.37,100.47,4.17,21.4
2019-04-15,0.05,30.7,64.18,100.46,4.51,22.21
2019-04-16,0.05,30.74,59.61,100.47,4.17,20.8
2019-04-17,0.07,29.8,64.13,100.56,3.61,21.62
2019-04-18,0.14,29.48,68.93,100.54,3.4,22.31
2019-04-19,0.76,29.4,70.68,100.49,3.34,22.88
2019-04-20,3.6,29.47,72.79,100.35,3.44,23.76
2019-04-21,2.26,30.14,71.01,100.25,3.4,23.96
2019-04-22,3.44,30.7,64.87,100.26,2.42,23.0
2019-04-23,1.33,30.35,66.73,100.42,2.64,23.14
2019-04-24,0.11,30.6,64.61,100.5,3.03,22.62
2019-04-25,0.03,30.79,64.21,100.45,3.96,22.62
2019-04-26,0.09,30.95,66.46,100.31,3.85,23.39
2019-04-27,0.68,31.12,68.7,100.28,4.27,24.03
2019-04-28,1.05,30.9,70.54,100.28,4.57,24.43
2019-04-29,1.1,30.76,71.23,100.31,4.13,24.53
2019-04-30,1.33,30.47,69.46,100.19,2.88,23.65
2019-05-01,3.26,29.57,78.06,100.0,5.84,25.23
2019-05-02,23.84,29.01,72.62,99.67,8.1,23.3
2019-05-03,0.54,30.54,67.31,99.87,3.47,23.16
2019-05-04,0.21,31.04,72.87,100.16,3.81,25.03
2019-05-05,0.25,30.84,72.05,100.29,3.79,24.67
2019-05-06,0.16,31.26,67.22,100.25,3.38,23.54
2019-05-07,0.01,30.72,74.47,100.19,3.79,25.36
2019-05-08,0.02,30.66,75.77,100.16,3.59,25.62
2019-05-09,0.0,31.2,69.72,100.05,3.49,24.62
2019-05-10,0.01,31.0,72.58,100.17,4.15,25.11
2019-05-11,0.99,30.75,76.06,100.34,4.54,25.72
2019-05-12,4.1,30.78,71.8,100.29,4.48,24.62
2019-05-13,1.5,30.4,75.58,100.23,4.73,25.29
2019-05-14,3.81,30.57,73.9,100.18,4.12,25.02
2019-05-15,1.89,30.47,74.12,100.3,4.19,25.05
2019-05-16,1.79,30.24,74.36,100.36,3.89,24.88
2019-05-17,1.34,30.54,74.84,100.34,4.26,25.31
2019-05-18,0.61,31.33,70.97,100.16,4.79,25.0
2019-05-19,0.41,31.61,68.58,100.23,4.72,24.63
2019-05-20,0.24,30.75,71.68,100.38,4.24,24.76
2019-05-21,0.45,30.18,74.71,100.37,4.49,24.94
2019-05-22,0.75,30.06,75.1,100.32,4.77,24.87
2019-05-23,0.26,29.62,80.51,100.3,4.83,25.79
2019-05-24,0.32,30.33,77.26,100.28,5.43,25.54
2019-05-25,0.43,31.16,75.05,100.06,5.37,25.73
2019-05-26,1.19,31.43,77.56,99.94,4.67,26.73
2019-05-27,6.94,30.5,81.82,100.02,3.67,26.89
2019-05-28,3.29,30.71,76.25,99.98,3.86,25.72
2019-05-29,2.23,30.46,78.05,100.0,3.37,26.02
2019-05-30,2.61,30.71,77.01,99.98,4.16,25.99
2019-05-31,2.56,30.33,80.96,100.07,4.5,26.56
2019-06-01,1.85,30.45,79.09,100.07,3.73,26.2
2019-06-02,2.57,30.42,79.93,100.03,3.97,26.43
2019-06-03,7.06,30.03,82.46,100.06,3.11,26.63
2019-06-04,4.14,30.19,78.6,100.05,3.65,25.9
2019-06-05,1.21,30.39,80.02,99.97,4.75,26.43
2019-06-06,5.01,30.03,81.83,99.96,4.57,26.48
2019-06-07,2.98,30.04,82.53,100.02,4.77,26.63
2019-06-08,1.69,31.0,77.01,99.97,4.0,26.14
2019-06-09,6.12,31.14,77.28,99.85,4.24,26.45
2019-06-10,5.1,29.69,82.2,99.86,5.72,26.32
2019-06-11,1.21,30.69,77.63,99.79,5.22,26.12
2019-06-12,2.47,31.58,73.51,99.76,5.04,25.73
2019-06-13,0.95,31.16,72.85,99.85,2.99,25.45
2019-06-14,10.57,31.19,72.01,99.78,4.12,25.35
2019-06-15,0.78,31.99,70.23,99.79,3.93,25.38
2019-06-16,6.8,31.67,69.56,99.88,2.65,25.0
2019-06-17,5.7,29.25,80.68,100.02,3.33,25.47
2019-06-18,11.8,28.65,81.98,99.94,3.82,25.21
2019-06-19,6.92,30.26,78.38,99.83,2.38,25.96
2019-06-20,7.52,29.33,82.22,99.9,4.47,25.97
2019-06-21,30.82,28.65,84.84,99.9,2.74,25.82
2019-06-22,27.89,28.61,86.52,99.81,3.87,26.12
2019-06-23,6.01,28.79,84.75,99.86,3.89,25.93
2019-06-24,0.79,28.76,84.11,100.04,2.33,25.78
2019-06-25,2.63,28.93,85.8,100.13,2.37,26.3
2019-06-26,1.35,29.31,83.09,100.05,3.31,26.13
2019-06-27,0.61,30.33,78.32,99.79,4.04,26.04
2019-06-28,2.63,30.29,79.55,99.7,4.69,26.28
2019-06-29,3.42,29.07,82.27,99.71,4.66,25.68
2019-06-30,5.79,28.68,79.21,99.62,5.75,24.63
2019-07-01,12.71,28.28,84.49,99.53,5.03,25.39
2019-07-02,9.54,29.31,77.8,99.59,5.22,24.92
2019-07-03,2.41,29.62,75.79,99.72,5.11,24.78
2019-07-04,5.21,29.7,77.16,99.71,4.57,25.12
2019-07-05,14.83,29.14,79.29,99.61,5.5,24.98
2019-07-06,6.97,29.13,81.77,99.6,5.91,25.6
2019-07-07,1.03,29.91,75.44,99.73,5.44,24.94
2019-07-08,4.93,29.21,81.34,99.88,5.39,25.61
2019-07-09,4.51,28.88,84.17,99.93,4.61,25.88
2019-07-10,3.73,28.63,84.86,99.97,4.76,25.79
2019-07-11,3.16,28.59,84.03,100.12,5.49,25.58
2019-07-12,2.01,28.88,83.11,100.21,4.42,25.68
2019-07-13,3.82,28.78,84.19,100.25,3.88,25.82
2019-07-14,2.7,28.47,85.54,100.15,3.95,25.79
2019-07-15,2.32,28.82,83.67,99.98,4.36,25.73
2019-07-16,3.78,28.55,83.78,99.98,3.05,25.51
2019-07-17,4.6,28.36,81.98,99.88,1.69,24.97
2019-07-18,25.48,28.4,83.0,99.74,1.32,25.24
2019-07-19,19.53,27.99,84.17,99.65,1.54,25.07
2019-07-20,2.59,28.17,85.19,99.81,3.14,25.43
2019-07-21,2.69,28.33,86.1,99.93,2.91,25.78
2019-07-22,1.82,28.58,84.64,99.93,2.21,25.71
2019-07-23,6.44,28.1,82.08,99.92,1.51,24.73
2019-07-24,3.31,28.83,83.64,99.98,4.15,25.77
2019-07-25,16.22,28.45,87.76,100.02,4.94,26.24
2019-07-26,42.21,27.86,89.22,99.79,6.08,25.94
2019-07-27,19.99,27.69,85.48,99.78,6.63,25.0
2019-07-28,42.04,27.46,89.85,99.65,6.81,25.66
2019-07-29,11.82,27.68,87.3,99.78,7.41,25.38
2019-07-30,3.22,27.97,84.85,99.98,6.29,25.15
2019-07-31,3.26,28.21,85.64,100.03,5.25,25.53
2019-08-01,7.6,27.85,87.53,99.97,5.86,25.57
2019-08-02,14.83,27.31,88.76,99.82,7.26,25.29
2019-08-03,19.06,27.45,86.26,99.89,7.98,24.95
2019-08-04,15.82,27.18,84.79,99.87,7.27,24.4
2019-08-05,3.26,27.16,84.17,99.63,7.04,24.24
2019-08-06,43.81,27.16,91.08,99.38,7.68,25.59
2019-08-07,42.35,26.64,88.65,99.31,9.12,24.63
2019-08-08,20.23,27.47,89.43,99.38,7.53,25.59
2019-08-09,3.23,28.02,90.05,99.76,4.37,26.24
2019-08-10,0.36,28.32,87.7,99.83,3.51,26.04
2019-08-11,1.45,28.82,85.86,99.73,2.72,26.16
2019-08-12,6.4,28.4,87.44,99.72,2.52,26.09
2019-08-13,3.39,27.7,90.63,99.75,4.65,26.04
2019-08-14,1.84,27.86,89.49,99.99,4.36,25.97
2019-08-15,1.85,27.92,89.65,100.14,3.0,26.06
2019-08-16,1.61,28.11,88.94,100.1,2.83,26.11
2019-08-17,2.04,28.26,88.57,100.07,1.22,26.19
2019-08-18,6.94,27.52,89.19,100.18,2.79,25.59
2019-08-19,4.38,28.59,86.19,100.17,2.85,26.04
2019-08-20,2.18,28.41,87.29,100.05,3.6,26.08
2019-08-21,8.33,28.91,84.41,99.86,2.76,25.97
2019-08-22,4.59,28.73,81.85,99.82,3.17,25.28
2019-08-23,7.16,28.19,84.48,99.89,3.46,25.31
2019-08-24,9.83,27.75,85.9,99.91,3.82,25.17
2019-08-25,1.86,28.16,83.09,99.91,4.05,24.95
2019-08-26,1.1,28.14,86.52,99.95,5.49,25.68
2019-08-27,1.15,28.61,84.64,99.93,4.16,25.73
2019-08-28,6.54,28.25,86.81,100.06,4.03,25.84
2019-08-29,2.84,27.92,86.43,100.06,3.52,25.45
2019-08-30,6.11,28.4,88.25,99.79,3.36,26.26
2019-08-31,11.67,27.66,91.22,99.62,3.61,26.12
2019-09-01,16.84,27.84,87.43,99.78,4.23,25.54
2019-09-02,5.79,27.08,88.02,99.88,6.01,24.93
2019-09-03,10.35,28.03,86.24,99.76,5.01,25.48
2019-09-04,8.69,27.59,87.69,99.65,6.45,25.36
2019-09-05,14.32,27.86,88.28,99.66,6.13,25.74
2019-09-06,14.82,27.52,89.85,99.57,7.09,25.72
2019-09-07,20.92,27.76,88.61,99.63,5.69,25.71
2019-09-08,9.41,28.03,88.19,99.87,5.75,25.88
2019-09-09,2.1,28.07,88.39,99.93,4.97,25.96
2019-09-10,5.09,28.02,90.16,100.0,5.01,26.25
2019-09-11,8.03,27.74,91.7,100.15,4.64,26.29
2019-09-12,12.48,27.43,90.84,100.29,5.19,25.81
2019-09-13,3.68,27.56,89.85,100.35,4.26,25.75
2019-09-14,0.99,27.66,89.27,100.33,3.63,25.74
2019-09-15,1.01,28.0,88.73,100.24,3.22,25.96
2019-09-16,1.29,28.57,86.66,100.03,2.34,26.08
2019-09-17,3.57,27.79,90.06,100.07,2.34,26.02
2019-09-18,5.63,27.79,87.04,100.2,4.11,25.44
2019-09-19,9.07,27.81,85.36,100.34,3.06,25.13
2019-09-20,6.13,27.64,87.14,100.37,2.01,25.32
2019-09-21,2.1,27.82,85.8,100.32,2.14,25.24
2019-09-22,1.27,28.01,85.41,100.38,2.36,25.33
2019-09-23,2.34,27.77,85.75,100.38,2.17,25.16
2019-09-24,32.38,27.21,90.12,100.35,2.72,25.47
2019-09-25,39.45,27.27,88.01,100.66,3.58,25.12
2019-09-26,14.08,27.38,88.46,100.94,3.21,25.33
2019-09-27,5.14,27.57,83.12,101.04,1.95,24.43
2019-09-28,2.89,27.58,83.34,100.85,2.2,24.49
2019-09-29,5.29,26.98,83.56,100.92,2.07,23.95
2019-09-30,2.08,27.57,82.38,100.77,2.75,24.3
2019-10-01,1.49,28.16,82.68,100.68,3.37,24.91
2019-10-02,2.62,28.13,85.84,100.63,3.05,25.54
2019-10-03,2.91,28.11,84.41,100.59,2.43,25.22
2019-10-04,3.22,27.99,85.02,100.56,2.72,25.21
2019-10-05,3.04,27.94,83.84,100.53,2.15,24.91
2019-10-06,3.91,27.59,85.22,100.6,2.8,24.9
2019-10-07,4.61,28.2,80.4,100.6,1.54,24.46
2019-10-08,3.58,27.46,82.38,100.6,1.84,24.2
2019-10-09,1.37,26.95,84.64,100.59,1.93,24.15
2019-10-10,2.07,27.54,81.78,100.61,1.75,24.14
2019-10-11,2.55,27.49,85.2,100.59,2.53,24.78
2019-10-12,2.53,27.81,84.7,100.59,2.67,24.99
2019-10-13,37.11,27.18,86.81,100.68,2.19,24.8
2019-10-14,0.72,27.61,85.93,100.75,3.66,25.04
2019-10-15,1.44,27.58,86.09,100.75,4.68,25.04
2019-10-16,5.05,27.23,87.86,100.76,3.12,25.06
2019-10-17,6.49,27.2,85.98,100.82,2.72,24.66
2019-10-18,4.71,27.28,85.75,100.8,3.65,24.69
2019-10-19,20.0,27.1,87.83,100.84,3.93,24.93
2019-10-20,20.01,27.39,86.74,100.82,3.11,25.0
2019-10-21,8.53,26.88,86.05,100.73,3.12,24.37
2019-10-22,19.87,26.27,87.2,100.52,3.07,23.97
2019-10-23,71.53,26.81,89.62,100.28,3.65,24.98
2019-10-24,20.4,27.18,89.56,100.21,4.36,25.33
2019-10-25,6.54,26.83,89.27,100.42,3.84,24.94
2019-10-26,2.65,27.17,82.35,100.63,2.08,23.9
2019-10-27,1.13,27.3,83.92,100.72,1.82,24.34
2019-10-28,1.47,27.21,86.86,100.78,2.91,24.83
2019-10-29,2.08,27.21,88.25,100.85,3.4,25.11
2019-10-30,2.27,26.99,84.21,100.82,2.01,24.06
2019-10-31,8.31,27.23,80.95,100.77,1.23,23.67
2019-11-01,0.67,27.43,79.67,100.72,1.48,23.61
2019-11-02,1.58,27.23,81.99,100.79,2.74,23.88
2019-11-03,0.07,27.1,77.13,100.86,2.09,22.72
2019-11-04,0.0,27.2,70.77,100.88,2.07,21.37
2019-11-05,0.0,27.02,77.76,100.67,2.56,22.79
2019-11-06,0.75,26.88,76.77,100.54,3.08,22.4
2019-11-07,1.09,26.0,77.62,100.51,3.54,21.77
2019-11-08,0.0,26.46,73.68,100.44,3.11,21.29
2019-11-09,0.01,26.94,71.28,100.47,1.57,21.21
2019-11-10,0.22,26.74,77.32,100.59,2.04,22.42
2019-11-11,1.1,26.41,77.81,100.66,2.12,22.19
2019-11-12,0.89,25.75,80.65,100.85,2.92,22.15
2019-11-13,0.01,25.21,81.41,101.0,4.11,21.79
2019-11-14,0.0,24.97,80.92,101.01,4.1,21.44
2019-11-15,0.0,24.54,81.8,100.95,3.67,21.18
2019-11-16,0.02,24.7,82.95,100.9,3.63,21.55
2019-11-17,0.21,25.53,84.96,100.88,3.81,22.8
2019-11-18,0.08,25.31,85.41,100.94,3.71,22.65
2019-11-19,0.01,24.53,83.36,100.94,3.83,21.48
2019-11-20,0.0,24.48,82.96,100.93,4.16,21.37
2019-11-21,0.02,24.67,79.9,101.04,4.03,20.94
2019-11-22,0.0,24.21,80.2,101.12,3.37,20.57
2019-11-23,0.02,24.22,80.65,101.1,2.95,20.65
2019-11-24,0.0,24.11,80.54,101.02,2.66,20.54
2019-11-25,0.07,24.27,82.36,101.03,3.47,21.06
2019-11-26,0.05,24.65,79.69,100.99,4.13,20.87
2019-11-27,0.22,24.96,80.08,100.98,4.29,21.28
2019-11-28,0.23,24.35,83.66,101.02,4.1,21.38
2019-11-29,0.03,24.14,85.76,101.01,3.49,21.56
2019-11-30,0.07,24.93,84.36,101.0,3.67,22.08
2019-12-01,0.05,24.89,84.34,101.05,3.88,22.06
2019-12-02,0.01,24.83,83.07,101.07,4.41,21.75
2019-12-03,0.0,24.29,80.23,101.1,4.5,20.64
2019-12-04,0.0,23.61,79.23,101.22,4.58,19.76
2019-12-05,0.13,22.87,77.98,101.36,4.53,18.77
2019-12-06,0.11,22.55,77.15,101.32,4.04,18.26
2019-12-07,0.61,23.21,82.08,101.21,4.08,19.88
2019-12-08,0.36,24.01,83.57,101.23,3.57,21.01
2019-12-09,0.23,24.18,81.52,101.2,3.31,20.8
2019-12-10,0.02,23.91,78.7,101.06,2.62,19.95
2019-12-11,0.03,24.07,77.93,100.95,2.38,19.97
2019-12-12,0.01,24.1,75.25,100.98,2.94,19.42
2019-12-13,0.21,23.72,82.69,101.12,3.15,20.57
2019-12-14,0.12,24.46,80.25,101.25,3.58,20.81
2019-12-15,0.04,23.96,79.96,101.16,3.72,20.27
2019-12-16,0.01,23.55,80.92,101.14,3.41,20.02
2019-12-17,0.0,23.67,83.67,101.22,4.0,20.67
2019-12-18,0.13,23.75,83.91,101.25,3.9,20.83
2019-12-19,0.45,23.34,79.58,101.16,3.62,19.54
2019-12-20,0.0,22.93,77.91,101.05,2.97,18.81
2019-12-21,0.03,23.09,80.37,101.08,2.75,19.5
2019-12-22,0.12,22.8,79.83,101.1,3.07,19.05
2019-12-23,0.02,22.83,78.28,101.11,3.31,18.78
2019-12-24,0.0,22.74,79.96,101.18,4.18,19.02
2019-12-25,0.0,23.06,74.87,101.11,2.87,18.25
2019-12-26,0.11,24.18,72.36,101.02,1.82,18.87
2019-12-27,0.15,24.41,74.2,100.9,1.32,19.47
2019-12-28,0.42,21.73,74.7,101.1,5.27,16.8
2019-12-29,0.01,21.08,70.98,101.19,4.37,15.36
2019-12-30,0.0,21.65,73.16,101.19,4.27,16.47
2019-12-31,0.01,21.87,79.52,101.26,4.46,18.07
2020-01-01,0.76,22.83,85.28,101.28,5.32,20.14
2020-01-02,2.35,23.51,86.95,101.33,4.88,21.17
2020-01-03,2.66,24.63,85.88,101.06,2.77,22.1
2020-01-04,1.95,21.92,83.85,101.01,4.53,18.98
2020-01-05,1.43,22.74,83.35,101.07,4.42,19.7
2020-01-06,0.0,22.29,76.9,101.29,4.83,17.89
2020-01-07,0.0,21.5,78.4,101.24,3.71,17.44
2020-01-08,0.0,22.11,75.9,101.11,2.7,17.51
2020-01-09,0.0,23.26,75.75,101.04,1.47,18.71
2020-01-10,2.55,23.03,84.28,101.12,3.52,20.21
2020-01-11,0.34,22.46,80.85,101.23,4.2,18.88
2020-01-12,0.0,21.26,69.84,101.11,3.56,15.21
2020-01-13,0.0,21.32,68.52,100.93,1.98,15.06
2020-01-14,0.0,21.94,69.81,100.94,1.97,16.01
2020-01-15,0.0,22.48,73.78,101.03,2.54,17.41
2020-01-16,0.01,22.69,74.18,101.04,2.14,17.73
2020-01-17,0.01,23.5,74.34,101.04,2.47,18.57
2020-01-18,0.0,23.58,77.61,101.05,3.02,19.3
2020-01-19,0.0,24.05,73.76,101.05,2.68,18.89
2020-01-20,0.0,23.93,71.51,101.15,2.32,18.33
2020-01-21,0.0,23.67,78.09,101.28,3.44,19.48
2020-01-22,0.0,24.01,78.89,101.32,3.2,19.94
2020-01-23,0.0,23.97,75.33,101.19,2.24,19.08
2020-01-24,0.0,24.25,69.09,101.15,2.24,18.05
2020-01-25,0.0,24.17,77.76,101.11,2.59,19.88
2020-01-26,0.02,25.18,74.49,100.93,1.81,20.08
2020-01-27,0.01,24.41,70.28,100.93,2.08,18.33
2020-01-28,0.01,25.01,75.72,100.91,2.79,20.33
2020-01-29,0.0,25.48,76.41,101.01,3.19,20.82
2020-01-30,0.03,25.71,74.24,100.93,2.94,20.58
2020-01-31,2.15,24.7,76.33,100.92,2.36,20.11
2020-02-01,2.52,25.05,79.97,101.01,3.04,21.27
2020-02-02,2.47,24.41,82.94,101.23,3.87,21.27
2020-02-03,1.95,24.37,81.67,101.25,4.35,20.96
2020-02-04,1.47,24.62,78.78,101.08,3.17,20.61
2020-02-05,0.79,25.42,75.88,101.0,2.86,20.74
2020-02-06,0.41,25.47,74.23,101.06,2.19,20.41
2020-02-07,0.96,25.5,73.87,101.06,2.93,20.39
2020-02-08,1.41,24.87,77.36,101.13,2.61,20.53
2020-02-09,1.75,24.03,77.82,101.29,4.73,19.71
2020-02-10,0.7,23.86,77.01,101.29,4.81,19.4
2020-02-11,0.03,24.32,74.34,101.31,4.24,19.29
2020-02-12,0.0,24.4,60.58,101.37,3.39,15.7
2020-02-13,0.0,24.95,58.49,101.15,2.03,15.81
2020-02-14,0.0,25.7,62.02,100.86,2.47,17.11
2020-02-15,0.0,26.1,65.91,100.89,2.47,18.62
2020-02-16,0.0,25.93,67.53,101.08,1.93,19.24
2020-02-17,0.0,25.77,70.91,101.13,2.36,19.86
2020-02-18,0.0,25.64,71.43,101.08,1.96,19.87
2020-02-19,0.04,25.46,74.9,101.12,2.52,20.57
2020-02-20,0.0,25.41,69.6,101.13,2.67,19.29
2020-02-21,0.0,25.29,63.66,101.29,3.2,17.65
2020-02-22,0.0,24.95,64.59,101.4,3.63,17.35
2020-02-23,0.0,24.89,63.24,101.26,2.58,16.75
2020-02-24,0.0,26.24,67.92,100.97,2.35,19.56
2020-02-25,1.37,26.26,73.64,100.85,3.11,20.97
2020-02-26,3.01,26.26,73.64,100.91,1.76,21.05
2020-02-27,0.53,25.64,62.77,101.0,3.68,17.25
2020-02-28,0.0,25.32,64.39,100.93,3.16,17.84
2020-02-29,0.27,25.35,69.2,100.87,2.59,19.15
2020-03-01,0.0,25.79,67.03,100.88,2.4,19.05
2020-03-02,0.0,26.22,62.35,100.86,2.2,18.25
2020-03-03,0.0,26.48,64.96,100.79,2.39,19.09
2020-03-04,0.02,26.56,68.71,100.75,2.95,20.08
2020-03-05,0.17,26.55,71.86,100.68,3.21,20.88
2020-03-06,1.85,26.64,75.19,100.81,3.27,21.81
2020-03-07,1.63,27.05,75.89,100.91,4.0,22.34
2020-03-08,0.38,26.89,76.53,100.89,3.0,22.29
2020-03-09,0.43,27.24,73.02,100.77,1.88,21.84
2020-03-10,0.21,27.31,70.84,100.76,2.48,21.42
2020-03-11,0.0,27.28,74.84,100.77,3.39,22.22
2020-03-12,0.04,27.49,76.57,100.89,3.02,22.75
2020-03-13,0.01,27.67,70.49,100.92,2.01,21.3
2020-03-14,0.0,27.37,69.81,100.83,1.92,20.88
2020-03-15,0.01,27.33,71.8,100.83,2.59,21.4
2020-03-16,0.08,27.42,70.45,100.93,2.09,21.28
2020-03-17,0.08,27.64,70.67,101.03,2.11,21.47
2020-03-18,0.63,28.53,65.6,100.88,2.58,20.82
2020-03-19,4.34,28.81,68.0,100.77,1.72,22.03
2020-03-20,4.22,27.86,66.72,100.8,1.92,20.88
2020-03-21,1.31,28.09,66.34,100.76,2.99,20.99
2020-03-22,2.37,27.96,71.63,100.79,3.55,22.09
2020-03-23,2.7,27.81,72.81,100.79,2.28,22.35
2020-03-24,0.08,27.93,69.52,100.64,2.29,21.61
2020-03-25,0.04,28.38,68.44,100.62,2.66,21.78
2020-03-26,0.0,29.01,62.64,100.64,2.68,20.63
2020-03-27,0.0,29.15,62.66,100.79,3.38,20.81
2020-03-28,0.02,29.84,62.66,100.63,3.12,21.47
2020-03-29,0.37,30.26,59.48,100.5,2.89,20.85
2020-03-30,0.57,30.05,62.72,100.62,2.37,21.74
2020-03-31,0.38,30.33,60.89,100.65,2.43,21.41
2020-04-01,0.37,30.09,65.06,100.58,3.07,22.27
2020-04-02,0.02,30.23,65.8,100.5,3.78,22.61
2020-04-03,0.04,29.91,66.47,100.63,3.66,22.53
2020-04-04,0.02,29.72,64.14,100.75,2.75,21.65
2020-04-05,0.03,29.74,62.82,100.79,2.84,21.17
2020-04-06,0.42,29.98,65.79,100.72,2.72,22.13
2020-04-07,1.46,29.71,70.18,100.59,3.11,23.28
2020-04-08,3.35,30.19,67.63,100.61,3.61,23.15
2020-04-09,3.1,29.67,69.06,100.65,3.15,23.07
2020-04-10,0.83,29.77,66.52,100.75,2.92,22.39
2020-04-11,0.4,29.82,65.99,100.83,2.45,22.28
2020-04-12,0.07,29.97,63.64,100.74,2.43,21.77
2020-04-13,0.02,30.53,61.3,100.54,3.66,21.43
2020-04-14,0.03,30.38,60.04,100.63,3.58,21.05
2020-04-15,0.02,30.49,62.21,100.71,4.03,21.84
2020-04-16,0.1,30.33,63.04,100.57,4.29,21.95
2020-04-17,0.05,30.04,67.2,100.51,4.86,22.82
2020-04-18,0.45,30.02,70.11,100.58,4.44,23.62
2020-04-19,0.35,30.11,68.7,100.59,3.85,23.35
2020-04-20,0.43,30.52,67.43,100.53,3.66,23.47
2020-04-21,0.21,30.5,65.31,100.57,3.94,22.81
2020-04-22,1.23,30.07,71.02,100.52,4.07,23.95
2020-04-23,2.18,30.19,74.98,100.45,4.16,24.92
2020-04-24,2.5,30.39,74.14,100.4,4.85,24.98
2020-04-25,10.09,30.15,77.02,100.41,4.73,25.49
2020-04-26,24.05,29.43,81.77,100.54,3.28,25.92
2020-04-27,9.97,29.35,75.73,100.65,2.49,24.41
2020-04-28,2.77,29.52,69.86,100.62,2.16,23.23
2020-04-29,5.29,30.15,70.19,100.47,2.94,23.69
2020-04-30,6.03,30.05,73.41,100.51,3.32,24.51
2020-05-01,7.51,30.72,71.65,100.4,3.26,24.69
2020-05-02,3.96,30.62,71.47,100.28,3.39,24.63
2020-05-03,1.28,31.04,71.39,100.25,4.18,24.91
2020-05-04,2.75,30.8,73.51,100.43,3.77,25.26
2020-05-05,1.36,30.55,74.63,100.39,3.55,25.26
2020-05-06,2.1,30.53,74.04,100.4,3.77,25.08
2020-05-07,1.28,30.54,73.08,100.42,3.96,24.87
2020-05-08,0.51,31.11,70.28,100.4,3.71,24.59
2020-05-09,1.12,31.43,67.27,100.4,2.98,24.07
2020-05-10,3.5,31.15,68.61,100.43,3.17,24.24
2020-05-11,0.87,30.31,69.41,100.52,2.08,23.92
2020-05-12,1.05,30.55,64.36,100.47,2.13,22.82
2020-05-13,0.36,30.43,65.09,100.4,2.29,22.76
2020-05-14,0.77,30.34,70.88,100.36,2.53,24.23
2020-05-15,0.76,30.45,69.7,100.18,2.45,23.86
2020-05-16,2.48,30.64,71.71,100.08,2.53,24.66
2020-05-17,0.61,30.78,69.81,99.93,4.24,24.27
2020-05-18,2.69,29.98,69.85,99.65,6.15,23.7
2020-05-19,0.23,31.5,58.06,99.32,5.04,21.75
2020-05-20,0.02,33.22,46.38,99.37,1.86,19.1
2020-05-21,0.02,32.2,60.61,99.67,3.29,22.24
2020-05-22,0.02,31.8,63.79,99.92,2.88,22.84
2020-05-23,0.02,31.01,78.58,100.08,3.93,26.55
2020-05-24,0.01,30.93,76.78,100.2,4.69,26.12
2020-05-25,0.0,30.6,76.77,100.31,5.32,25.88
2020-05-26,0.08,30.66,73.56,100.29,5.46,25.18
2020-05-27,0.21,30.92,73.63,100.17,5.44,25.36
2020-05-28,1.4,30.23,84.07,100.04,4.71,27.18
2020-05-29,2.64,30.71,81.9,100.06,3.49,27.09
2020-05-30,5.6,29.98,82.49,100.26,3.29,26.54
2020-05-31,1.61,29.98,82.37,100.37,3.26,26.55
2020-06-01,0.22,30.73,74.54,100.4,3.45,25.46
2020-06-02,0.55,30.86,69.5,100.32,4.46,24.25
2020-06-03,0.9,30.96,71.32,100.2,3.91,24.88
2020-06-04,3.58,30.55,76.27,100.16,4.98,25.82
2020-06-05,4.03,30.08,77.61,100.08,4.1,25.65
2020-06-06,1.73,30.66,74.79,100.01,4.73,25.48
2020-06-07,2.98,31.1,72.27,99.87,4.61,25.2
2020-06-08,5.91,29.99,77.59,99.91,4.54,25.54
2020-06-09,37.29,28.43,86.21,99.94,2.83,25.88
2020-06-10,14.96,28.93,79.9,99.79,1.37,25.06
2020-06-11,25.72,28.23,84.87,99.56,1.66,25.42
2020-06-12,20.0,28.58,84.39,99.4,3.9,25.65
2020-06-13,23.92,28.99,82.56,99.61,5.64,25.63
2020-06-14,1.26,29.14,80.48,99.8,5.91,25.36
2020-06-15,6.75,28.86,83.38,99.74,5.39,25.71
2020-06-16,9.06,29.15,85.93,99.68,5.44,26.53
2020-06-17,8.93,28.89,85.92,99.75,6.58,26.29
2020-06-18,7.69,28.83,83.82,99.93,4.8,25.76
2020-06-19,4.55,29.02,83.79,99.89,4.35,25.97
2020-06-20,4.99,29.17,81.94,99.82,3.33,25.67
2020-06-21,5.44,28.59,84.48,99.71,4.44,25.67
2020-06-22,3.24,29.19,82.16,99.6,4.55,25.77
2020-06-23,0.53,29.1,81.48,99.9,3.56,25.54
2020-06-24,2.29,28.79,86.01,100.1,2.45,26.2
2020-06-25,2.48,28.63,86.0,100.1,2.31,26.04
2020-06-26,1.22,28.66,83.26,100.06,2.42,25.53
2020-06-27,1.2,28.96,83.65,100.05,3.02,25.9
2020-06-28,0.77,28.96,85.15,100.01,2.66,26.2
2020-06-29,3.01,28.69,86.95,99.96,2.14,26.3
2020-06-30,3.22,28.57,84.97,99.94,2.2,25.78
2020-07-01,3.92,29.0,81.64,99.87,2.81,25.5
2020-07-02,10.29,29.01,84.58,99.74,4.74,26.13
2020-07-03,7.32,28.96,83.91,99.66,5.15,25.94
2020-07-04,5.77,28.05,88.12,99.54,5.51,25.91
2020-07-05,4.67,28.64,82.51,99.63,6.35,25.33
2020-07-06,5.69,28.91,80.49,99.67,6.3,25.09
2020-07-07,2.39,28.83,82.9,99.98,4.56,25.6
2020-07-08,7.06,28.77,84.75,100.08,3.94,25.92
2020-07-09,3.81,28.52,85.97,99.97,3.79,25.93
2020-07-10,7.18,28.41,86.03,100.0,5.62,25.84
2020-07-11,1.31,28.8,83.66,99.95,4.15,25.7
2020-07-12,4.2,28.98,85.04,99.93,3.76,26.19
2020-07-13,18.59,28.25,86.42,99.88,3.49,25.74
2020-07-14,21.84,27.61,90.45,99.87,4.79,25.92
2020-07-15,9.81,27.84,88.14,99.73,5.34,25.7
2020-07-16,1.81,28.01,83.84,99.72,5.86,24.99
2020-07-17,2.57,28.6,81.46,99.86,5.17,25.05
2020-07-18,2.12,28.46,83.58,100.03,3.76,25.4
2020-07-19,3.72,28.43,84.59,100.07,3.74,25.57
2020-07-20,7.08,28.7,87.36,100.0,4.83,26.39
2020-07-21,2.78,28.6,85.69,100.18,4.27,25.96
2020-07-22,2.97,28.52,85.15,100.25,3.84,25.75
2020-07-23,3.57,27.23,85.83,100.21,4.02,24.66
2020-07-24,5.58,27.65,85.39,100.23,3.67,24.98
2020-07-25,0.49,28.0,84.01,100.29,2.04,25.03
2020-07-26,2.14,28.88,80.69,100.31,2.66,25.13
2020-07-27,2.72,29.65,79.84,100.08,2.19,25.72
2020-07-28,2.58,29.04,84.04,99.98,1.88,26.06
2020-07-29,2.1,28.94,82.22,99.97,1.92,25.57
2020-07-30,0.95,29.33,76.74,100.05,1.21,24.75
2020-07-31,2.01,28.84,81.27,99.99,1.97,25.32
2020-08-01,3.96,29.24,83.48,99.89,3.35,26.13
2020-08-02,14.08,29.19,83.87,99.75,4.22,26.16
2020-08-03,15.74,28.87,85.05,99.47,4.46,26.08
2020-08-04,10.55,28.3,86.64,99.28,6.26,25.84
2020-08-05,14.8,27.87,88.13,99.17,7.32,25.73
2020-08-06,4.38,28.6,85.25,99.63,5.56,25.86
2020-08-07,4.19,28.88,86.21,99.91,4.44,26.33
2020-08-08,8.71,28.76,87.84,99.78,3.87,26.54
2020-08-09,16.66,28.06,89.47,99.62,4.53,26.17
2020-08-10,11.72,28.19,87.26,99.67,5.18,25.85
2020-08-11,1.47,28.56,85.29,99.83,5.21,25.81
2020-08-12,8.02,27.98,89.33,99.86,5.83,26.07
2020-08-13,24.43,27.61,89.79,99.66,6.44,25.79
2020-08-14,25.79,27.07,88.88,99.63,6.98,25.08
2020-08-15,19.61,27.15,87.26,99.66,8.1,24.86
2020-08-16,7.67,27.41,87.33,99.74,6.84,25.11
2020-08-17,4.88,28.3,84.95,99.7,6.31,25.47
2020-08-18,12.85,28.64,86.51,99.75,5.57,26.12
2020-08-19,25.01,27.84,90.45,99.61,5.44,26.14
2020-08-20,29.58,27.68,89.06,99.55,6.85,25.72
2020-08-21,3.21,27.88,87.59,99.98,6.82,25.62
2020-08-22,4.33,27.61,89.11,100.19,5.36,25.66
2020-08-23,3.55,27.52,91.22,100.2,4.59,25.98
2020-08-24,6.42,27.45,91.33,100.2,4.53,25.92
2020-08-25,8.99,27.47,91.16,100.28,3.93,25.91
2020-08-26,15.2,27.52,90.78,100.15,4.43,25.89
2020-08-27,2.25,27.46,88.28,100.01,5.2,25.35
2020-08-28,1.26,27.82,87.53,99.99,4.4,25.54
2020-08-29,0.98,28.16,88.19,100.05,3.55,26.0
2020-08-30,1.61,28.35,87.29,100.14,3.1,26.02
2020-08-31,2.19,29.23,82.14,100.17,1.46,25.8
2020-09-01,8.81,28.98,85.34,100.2,1.66,26.27
2020-09-02,20.09,27.71,84.87,100.31,2.9,24.94
2020-09-03,1.94,27.94,84.32,100.39,1.71,25.05
2020-09-04,1.3,28.08,84.3,100.35,2.02,25.18
2020-09-05,1.08,28.4,83.0,100.25,1.67,25.22
2020-09-06,3.26,28.68,82.82,100.19,2.52,25.46
2020-09-07,1.46,28.61,83.44,100.23,2.53,25.5
2020-09-08,1.56,28.46,85.34,100.25,2.1,25.76
2020-09-09,2.37,28.54,85.08,100.2,1.88,25.77
2020-09-10,3.6,28.51,84.93,99.96,2.0,25.73
2020-09-11,2.92,28.85,83.95,99.94,2.69,25.84
2020-09-12,10.36,28.74,77.89,100.11,1.55,24.42
2020-09-13,10.01,28.46,87.34,99.97,3.15,26.17
2020-09-14,8.58,28.11,86.96,99.88,3.02,25.75
2020-09-15,10.37,28.55,87.19,99.87,3.65,26.21
2020-09-16,9.26,28.38,86.83,100.03,4.13,25.99
2020-09-17,3.95,28.51,87.18,100.04,3.19,26.18
2020-09-18,7.96,29.2,83.95,99.87,1.46,26.18
2020-09-19,12.77,28.76,84.43,99.68,1.38,25.89
2020-09-20,8.88,28.17,81.16,99.57,1.67,24.59
2020-09-21,20.08,27.95,87.92,99.53,5.09,25.76
2020-09-22,7.64,28.03,84.68,99.81,6.4,25.2
2020-09-23,0.54,28.57,83.2,100.04,4.9,25.43
2020-09-24,0.46,28.59,82.52,100.27,4.21,25.3
2020-09-25,4.35,27.72,89.9,100.15,5.77,25.92
2020-09-26,6.74,27.67,87.15,100.11,5.37,25.34
2020-09-27,2.13,28.14,83.15,100.19,2.47,24.98
2020-09-28,1.31,28.95,78.03,100.17,1.3,24.68
2020-09-29,8.0,28.7,80.28,100.07,1.45,24.93
2020-09-30,30.9,28.08,84.56,99.9,2.48,25.16
2020-10-01,9.16,27.67,82.22,99.9,2.73,24.35
2020-10-02,10.97,28.42,74.71,99.94,1.54,23.4
2020-10-03,2.86,28.31,81.58,99.95,1.4,24.85
2020-10-04,12.63,28.17,86.68,100.0,2.4,25.75
2020-10-05,11.25,27.51,85.13,100.04,1.32,24.78
2020-10-06,1.16,27.83,83.36,100.08,1.46,24.75
2020-10-07,4.76,28.0,85.39,100.22,2.26,25.33
2020-10-08,6.12,28.13,86.59,100.31,2.54,25.7
2020-10-09,3.96,28.26,83.64,100.38,1.55,25.23
2020-10-10,10.86,27.55,82.41,100.27,1.6,24.27
2020-10-11,31.6,27.72,87.37,99.97,3.55,25.44
2020-10-12,38.07,27.73,90.6,99.64,6.64,26.07
2020-10-13,54.13,28.3,87.68,99.55,6.03,26.07
2020-10-14,15.23,27.95,87.05,99.88,2.71,25.6
2020-10-15,3.81,27.76,83.74,100.04,2.22,24.76
2020-10-16,8.04,27.37,85.62,100.09,1.89,24.76
2020-10-17,3.47,27.78,86.9,100.17,3.2,25.4
2020-10-18,3.75,27.84,86.98,100.21,3.25,25.47
2020-10-19,10.58,27.43,88.93,100.11,4.23,25.46
2020-10-20,9.19,27.39,87.39,100.12,4.46,25.11
2020-10-21,11.34,28.02,85.9,100.06,4.66,25.44
2020-10-22,2.37,28.34,82.1,99.94,2.62,24.97
2020-10-23,0.91,29.19,75.36,100.08,1.53,24.29
2020-10-24,0.86,28.33,79.55,100.33,1.41,24.42
2020-10-25,0.18,27.89,81.82,100.54,2.07,24.48
2020-10-26,0.51,27.13,85.5,100.63,2.89,24.48
2020-10-27,0.35,27.25,77.62,100.59,3.71,22.94
2020-10-28,0.0,26.94,75.71,100.68,3.99,22.29
2020-10-29,0.0,26.49,69.98,100.68,3.58,20.51
2020-10-30,0.0,26.98,71.61,100.6,3.23,21.33
2020-10-31,0.0,26.95,73.5,100.57,2.34,21.74
2020-11-01,0.05,27.36,76.97,100.63,2.11,22.91
2020-11-02,0.07,27.46,81.41,100.74,1.91,23.98
2020-11-03,0.57,27.11,85.22,100.76,3.33,24.4
2020-11-04,1.11,26.93,88.18,100.73,3.23,24.82
2020-11-05,1.09,26.88,87.25,100.83,3.18,24.58
2020-11-06,0.52,26.61,82.24,100.99,4.46,23.28
2020-11-07,0.0,26.23,79.73,101.08,4.24,22.42
2020-11-08,0.0,25.04,71.52,101.12,4.3,19.4
2020-11-09,0.0,24.16,69.87,100.99,4.06,18.22
2020-11-10,1.85,24.58,81.86,100.8,5.0,21.22
2020-11-11,14.33,26.67,87.1,100.79,5.5,24.35
2020-11-12,8.2,26.83,86.78,100.95,5.0,24.45
2020-11-13,0.25,26.12,83.94,100.92,4.73,23.17
2020-11-14,0.15,25.91,83.91,100.82,4.91,22.95
2020-11-15,1.08,26.33,85.1,100.85,5.17,23.62
2020-11-16,0.04,26.2,83.21,100.9,4.18,23.1
2020-11-17,0.04,25.81,83.37,100.83,3.41,22.75
2020-11-18,0.38,26.14,80.55,100.85,2.54,22.51
2020-11-19,0.05,26.12,78.9,100.83,1.93,22.14
2020-11-20,0.0,26.4,76.15,100.85,1.28,21.81
2020-11-21,0.53,26.38,75.98,100.83,1.29,21.74
2020-11-22,1.57,25.68,84.19,100.95,3.17,22.82
2020-11-23,1.35,25.45,85.16,100.99,5.05,22.76
2020-11-24,0.01,24.81,79.75,100.95,5.15,21.05
2020-11-25,9.87,24.31,84.7,100.87,6.19,21.53
2020-11-26,63.09,23.92,89.57,100.94,5.96,22.07
2020-11-27,27.56,24.2,88.13,101.01,6.28,22.07
2020-11-28,1.19,24.59,85.05,101.13,4.91,21.87
2020-11-29,0.02,24.29,80.99,101.12,4.67,20.74
2020-11-30,0.0,23.69,76.73,101.09,4.31,19.25
2020-12-01,0.0,23.76,78.97,101.11,4.33,19.85
2020-12-02,0.0,23.58,78.59,100.97,4.3,19.54
2020-12-03,0.04,23.85,82.1,100.9,4.32,20.53
2020-12-04,0.07,23.82,82.5,100.85,4.54,20.58
2020-12-05,0.35,23.85,84.01,100.9,4.85,20.88
2020-12-06,0.81,23.64,80.78,101.04,5.05,20.02
2020-12-07,0.2,23.54,79.3,101.18,4.4,19.65
2020-12-08,0.02,23.61,76.15,101.19,3.48,19.08
2020-12-09,0.0,23.62,70.37,101.06,2.31,17.81
2020-12-10,0.0,23.51,74.41,100.99,2.2,18.64
2020-12-11,0.0,23.69,73.0,101.01,1.91,18.52
2020-12-12,0.0,23.98,76.01,100.97,1.88,19.46
2020-12-13,0.01,24.14,73.15,100.87,1.59,19.0
2020-12-14,0.01,23.91,76.88,100.91,2.46,19.58
2020-12-15,0.65,23.99,83.65,101.06,3.93,21.01
2020-12-16,0.32,24.05,82.89,101.15,4.09,20.93
2020-12-17,0.0,24.22,81.38,101.07,3.78,20.79
2020-12-18,3.86,24.03,84.17,101.08,3.88,21.17
2020-12-19,0.1,23.24,76.51,101.18,4.12,18.77
2020-12-20,0.0,21.94,70.04,101.25,4.06,16.09
2020-12-21,0.0,21.3,64.21,101.11,3.36,14.07
2020-12-22,0.0,21.4,64.87,101.02,2.99,14.36
2020-12-23,0.0,21.68,65.33,100.94,2.66,14.79
2020-12-24,0.01,22.02,70.71,100.89,2.73,16.37
2020-12-25,0.0,22.22,72.34,100.97,3.35,16.92
2020-12-26,0.0,22.02,73.38,101.02,3.59,16.91
2020-12-27,0.0,21.94,74.86,100.96,3.09,17.15
2020-12-28,0.0,22.06,74.83,100.91,2.87,17.28
2020-12-29,0.0,22.2,73.54,100.93,3.42,17.1
2020-12-30,0.0,22.64,76.96,100.99,4.18,18.32
2020-12-31,0.0,22.69,76.54,101.03,4.26,18.26
2021-01-01,0.17,22.54,76.62,101.08,4.19,18.14
2021-01-02,0.0,22.19,75.7,101.07,3.83,17.57
2021-01-03,0.0,22.32,75.2,100.93,3.73,17.57
2021-01-04,0.09,22.68,80.72,100.94,3.56,19.11
2021-01-05,0.02,24.0,79.52,100.95,3.15,20.19
2021-01-06,0.0,24.24,78.6,100.86,3.26,20.17
2021-01-07,0.03,24.13,78.94,100.72,2.88,20.14
2021-01-08,0.0,23.57,79.04,100.7,3.06,19.59
2021-01-09,0.08,23.91,79.16,100.75,3.42,19.96
2021-01-10,0.0,24.26,76.32,100.78,2.64,19.67
2021-01-11,0.0,24.84,75.47,100.89,2.11,20.07
2021-01-12,0.0,24.98,75.23,100.93,2.37,20.17
2021-01-13,0.04,24.96,78.86,100.91,2.14,20.95
2021-01-14,0.02,24.78,78.56,100.87,2.22,20.71
2021-01-15,2.19,24.25,80.71,100.81,1.93,20.67
2021-01-16,0.1,24.34,78.73,100.72,1.68,20.31
2021-01-17,0.11,24.56,75.92,100.88,2.16,20.0
2021-01-18,0.1,24.14,75.19,100.98,3.22,19.41
2021-01-19,0.0,24.32,69.92,100.87,1.69,18.26
2021-01-20,0.0,24.75,64.85,100.85,1.44,17.42
2021-01-21,0.0,24.93,68.46,100.8,1.61,18.47
2021-01-22,0.0,24.53,78.17,100.88,2.91,20.32
2021-01-23,0.0,24.4,74.28,100.86,2.17,19.36
2021-01-24,0.0,25.09,77.28,100.9,1.96,20.61
2021-01-25,0.0,25.2,78.57,100.95,2.17,21.03
2021-01-26,0.03,24.87,77.66,100.93,2.03,20.56
2021-01-27,0.1,25.12,72.44,100.97,1.78,19.72
2021-01-28,0.92,24.86,80.12,101.03,3.25,21.11
2021-01-29,0.93,25.04,75.85,101.05,2.45,20.4
2021-01-30,0.19,25.67,71.05,100.98,1.88,19.91
2021-01-31,1.34,24.69,75.97,101.11,2.95,20.14
2021-02-01,0.09,24.01,72.93,101.29,3.84,18.58
2021-02-02,0.0,23.65,59.33,101.27,3.5,14.72
2021-02-03,0.0,23.88,59.91,101.19,2.65,15.14
2021-02-04,0.0,24.01,59.48,101.16,2.45,15.23
2021-02-05,0.0,24.19,61.24,101.05,2.15,16.03
2021-02-06,0.0,24.4,61.82,100.96,2.51,16.24
2021-02-07,0.0,24.58,63.75,101.02,2.86,16.95
2021-02-08,0.12,24.15,70.6,101.12,3.36,18.06
2021-02-09,0.0,23.93,66.74,101.05,2.38,16.99
2021-02-10,0.83,23.89,68.8,100.91,2.11,17.51
2021-02-11,0.0,24.4,65.64,100.88,2.05,17.4
2021-02-12,0.0,24.51,62.44,100.97,1.89,16.66
2021-02-13,0.0,24.8,59.45,101.01,1.86,16.23
2021-02-14,0.0,24.81,63.0,100.96,1.95,17.04
2021-02-15,0.0,25.48,65.24,100.81,2.32,17.9
2021-02-16,0.0,25.71,68.18,100.79,2.49,19.04
2021-02-17,0.01,25.2,71.53,100.87,2.18,19.39
2021-02-18,1.04,25.05,75.07,101.05,3.05,20.08
2021-02-19,0.39,24.97,73.73,101.13,4.1,19.66
2021-02-20,0.09,24.19,75.65,101.15,4.4,19.49
2021-02-21,0.12,24.98,73.5,101.12,3.77,19.7
2021-02-22,0.0,25.67,64.84,101.06,2.85,18.11
2021-02-23,0.0,26.01,61.35,100.89,1.7,17.41
2021-02-24,0.0,26.19,64.86,100.78,2.43,18.54
2021-02-25,0.0,27.03,63.72,100.66,2.87,18.42
2021-02-26,0.0,27.61,58.16,100.47,2.7,16.69
2021-02-27,0.0,27.91,63.57,100.41,2.53,18.85
2021-02-28,0.0,27.66,66.13,100.55,2.59,19.81
2021-03-01,0.0,27.27,71.2,100.81,3.52,20.81
2021-03-02,0.0,27.61,65.51,100.82,3.52,19.72
2021-03-03,0.0,27.44,60.46,100.77,2.05,18.03
2021-03-04,0.0,26.88,65.03,100.84,2.26,18.92
2021-03-05,0.0,27.3,64.13,100.87,3.43,18.86
2021-03-06,0.0,27.9,63.48,100.79,3.75,19.0
2021-03-07,0.15,27.65,66.27,100.78,2.7,19.64
2021-03-08,0.14,26.96,75.3,100.92,2.39,21.79
2021-03-09,0.0,26.63,74.11,100.96,2.94,21.11
2021-03-10,0.05,27.15,72.14,100.91,3.74,21.02
2021-03-11,0.06,27.45,71.68,100.9,3.38,21.35
2021-03-12,0.03,27.01,68.86,101.02,2.52,20.23
2021-03-13,0.0,27.0,59.56,100.98,2.21,17.58
2021-03-14,0.0,27.11,62.22,100.85,1.82,18.71
2021-03-15,0.0,27.68,65.36,100.71,1.96,20.22
2021-03-16,0.11,28.11,68.32,100.69,2.29,21.22
2021-03-17,0.12,28.08,67.21,100.63,2.69,20.88
2021-03-18,0.01,28.08,64.76,100.66,2.87,20.25
2021-03-19,0.0,28.11,60.89,100.6,2.9,19.29
2021-03-20,0.07,28.88,58.8,100.43,2.89,19.17
2021-03-21,0.64,29.39,61.51,100.41,2.37,20.34
2021-03-22,1.14,29.07,65.53,100.62,1.88,21.2
2021-03-23,0.03,29.17,53.87,100.71,1.45,17.96
2021-03-24,0.12,29.38,49.02,100.68,1.82,16.71
2021-03-25,0.01,29.45,50.38,100.55,1.84,17.13
2021-03-26,0.16,29.64,54.32,100.51,2.24,18.69
2021-03-27,0.9,29.39,64.37,100.49,2.48,21.17
2021-03-28,0.4,29.2,68.79,100.41,3.04,22.34
2021-03-29,0.15,29.72,68.98,100.31,4.18,22.57
2021-03-30,0.05,30.41,64.38,100.07,4.58,22.1
2021-03-31,0.02,31.06,56.81,99.83,4.44,19.85
2021-04-01,0.13,30.58,56.21,99.82,3.82,18.5
2021-04-02,1.02,30.27,73.19,99.97,3.19,23.78
2021-04-03,3.57,29.23,78.44,100.23,2.03,24.78
2021-04-04,1.34,29.1,74.48,100.4,1.94,23.74
2021-04-05,0.16,28.83,73.76,100.54,2.31,23.36
2021-04-06,0.2,28.84,71.33,100.62,2.81,22.8
2021-04-07,0.14,28.91,70.38,100.64,3.77,22.68
2021-04-08,0.09,29.16,70.25,100.48,4.38,22.83
2021-04-09,0.62,28.69,71.4,100.5,3.31,22.74
2021-04-10,0.58,28.46,72.75,100.68,2.6,22.79
2021-04-11,0.25,28.71,70.09,100.79,2.6,22.16
2021-04-12,0.55,29.59,66.12,100.78,2.34,21.94
2021-04-13,1.61,29.92,67.12,100.71,2.63,22.78
2021-04-14,3.46,29.77,68.63,100.63,2.56,23.04
2021-04-15,2.66,29.14,69.6,100.59,2.68,22.82
2021-04-16,0.61,29.46,66.46,100.55,3.27,22.23
2021-04-17,0.26,29.56,68.64,100.6,2.92,22.73
2021-04-18,3.71,29.7,70.06,100.67,2.68,23.27
2021-04-19,1.98,30.09,70.02,100.41,3.53,23.64
2021-04-20,1.14,29.82,72.44,100.37,4.0,24.05
2021-04-21,1.43,29.97,71.22,100.5,3.63,23.81
2021-04-22,0.7,29.92,70.29,100.5,3.32,23.47
2021-04-23,2.71,30.04,69.9,100.48,2.82,23.57
2021-04-24,2.46,30.13,69.34,100.46,2.64,23.54
2021-04-25,0.5,30.3,68.47,100.44,3.25,23.15
2021-04-26,0.08,29.94,68.79,100.42,3.75,23.07
2021-04-27,0.4,30.37,69.16,100.43,3.77,23.5
2021-04-28,0.67,30.22,71.2,100.5,3.45,24.02
2021-04-29,0.66,29.43,73.91,100.5,2.69,24.0
2021-04-30,0.76,29.54,72.33,100.46,2.98,23.77
2021-05-01,1.48,29.65,71.89,100.49,3.04,23.78
2021-05-02,1.04,29.72,71.88,100.51,3.17,23.75
2021-05-03,0.8,29.76,70.77,100.43,2.78,23.53
2021-05-04,3.34,29.86,71.87,100.42,3.23,23.96
2021-05-05,4.48,30.09,70.43,100.41,3.11,23.86
2021-05-06,3.94,29.89,71.84,100.55,2.84,24.09
2021-05-07,5.06,29.73,74.16,100.63,2.57,24.45
2021-05-08,3.67,30.15,70.43,100.53,2.33,23.88
2021-05-09,3.06,30.14,71.35,100.4,2.74,24.21
2021-05-10,1.93,30.4,73.55,100.3,3.44,24.99
2021-05-11,8.6,30.5,75.59,100.22,3.8,25.56
2021-05-12,2.29,30.79,73.71,100.09,3.72,25.32
2021-05-13,2.12,31.49,73.28,99.98,4.44,25.81
2021-05-14,5.98,29.96,81.31,100.04,2.9,26.37
2021-05-15,2.18,30.15,78.87,100.15,2.59,25.98
2021-05-16,4.96,29.96,83.29,100.22,3.34,26.8
2021-05-17,1.5,30.3,81.84,100.29,3.03,26.8
2021-05-18,1.09,30.78,78.69,100.29,3.64,26.6
2021-05-19,0.61,30.92,77.61,100.17,4.51,26.45
2021-05-20,0.62,30.93,76.78,100.15,4.94,26.22
2021-05-21,12.84,30.54,78.05,100.08,3.7,26.16
2021-05-22,21.95,29.01,80.84,99.96,2.13,25.34
2021-05-23,2.26,30.64,69.86,99.95,2.98,24.14
2021-05-24,1.8,31.81,67.08,99.81,2.9,24.37
2021-05-25,2.77,31.27,53.1,99.56,2.93,19.9
2021-05-26,0.25,32.58,49.58,99.33,4.76,19.31
2021-05-27,0.03,33.47,54.38,99.42,3.06,21.96
2021-05-28,0.25,32.42,66.41,99.79,3.8,24.86
2021-05-29,0.75,31.0,78.22,100.03,2.52,26.64
2021-05-30,0.73,32.06,71.1,99.96,2.97,25.77
2021-05-31,15.07,31.28,77.71,99.82,2.88,26.82
2021-06-01,2.28,30.84,77.01,99.94,2.3,26.16
2021-06-02,2.93,30.45,78.84,100.09,2.12,26.31
2021-06-03,5.84,29.99,78.31,100.28,2.3,25.66
2021-06-04,1.38,30.2,78.19,100.33,3.02,25.83
2021-06-05,0.37,30.72,75.34,100.29,4.32,25.7
2021-06-06,0.17,30.8,71.63,100.25,4.58,24.77
2021-06-07,0.13,30.94,73.22,100.14,4.58,25.33
2021-06-08,1.23,31.25,74.57,99.94,3.91,26.03
2021-06-09,5.66,29.5,81.4,99.84,4.77,25.96
2021-06-10,3.51,29.18,81.29,99.63,4.96,25.55
2021-06-11,5.52,29.52,77.12,99.54,5.23,24.95
2021-06-12,10.65,29.46,77.4,99.62,4.26,25.01
2021-06-13,6.87,29.22,79.03,99.51,5.32,25.12
2021-06-14,7.08,29.55,75.7,99.44,5.37,24.67
2021-06-15,1.38,29.95,73.74,99.54,5.06,24.54
2021-06-16,2.06,30.46,71.56,99.67,5.28,24.52
2021-06-17,4.48,29.51,74.17,99.82,5.05,24.31
2021-06-18,3.69,29.66,74.61,99.96,4.31,24.52
2021-06-19,2.4,30.25,73.11,100.08,5.09,24.7
2021-06-20,0.63,30.46,69.72,100.1,4.21,24.13
2021-06-21,0.69,30.91,68.46,100.0,3.03,24.19
2021-06-22,3.62,29.9,74.1,100.01,3.6,24.65
2021-06-23,14.8,28.98,82.66,100.01,4.46,25.65
2021-06-24,7.31,28.74,81.01,100.03,4.94,25.07
2021-06-25,1.81,29.37,74.97,99.82,3.85,24.33
2021-06-26,3.57,29.59,75.54,99.82,2.42,24.71
2021-06-27,5.67,28.58,83.76,100.04,3.31,25.54
2021-06-28,2.33,28.92,78.69,100.19,4.55,24.79
2021-06-29,0.97,29.17,80.2,100.16,4.65,25.35
2021-06-30,2.21,29.57,81.03,100.06,5.13,25.89
2021-07-01,5.23,29.11,86.31,99.93,4.15,26.56
2021-07-02,15.43,28.17,87.79,100.01,5.46,25.97
2021-07-03,8.01,28.57,82.94,100.05,3.88,25.31
2021-07-04,3.99,29.17,80.72,100.08,2.8,25.44
2021-07-05,5.59,29.26,80.82,100.0,2.9,25.53
2021-07-06,4.21,29.21,83.74,99.88,3.39,26.13
2021-07-07,11.91,28.47,89.25,99.91,4.24,26.53
2021-07-08,3.58,28.38,81.69,99.91,3.3,24.84
2021-07-09,0.53,29.13,79.93,99.72,3.02,25.22
2021-07-10,17.13,28.09,88.79,99.66,4.45,26.08
2021-07-11,9.7,27.9,85.12,99.69,2.64,25.14
2021-07-12,7.0,28.04,85.41,99.7,3.23,25.37
2021-07-13,13.98,27.53,87.48,99.74,4.35,25.28
2021-07-14,3.86,28.28,82.87,99.81,4.21,25.06
2021-07-15,4.14,28.21,85.21,99.89,3.54,25.49
2021-07-16,1.92,28.32,83.75,100.17,3.77,25.3
2021-07-17,2.54,28.21,85.95,100.15,3.23,25.64
2021-07-18,5.53,28.37,86.84,99.96,3.04,25.96
2021-07-19,4.53,28.88,85.46,99.79,3.94,26.16
2021-07-20,6.16,28.48,84.66,99.82,5.48,25.6
2021-07-21,22.98,27.62,88.44,99.63,6.48,25.54
2021-07-22,17.48,26.86,88.55,99.19,5.56,24.82
2021-07-23,17.17,28.07,88.75,99.21,6.68,26.05
2021-07-24,1.19,28.84,82.28,99.57,5.26,25.43
2021-07-25,1.88,28.86,84.58,99.75,4.75,25.92
2021-07-26,8.81,28.47,88.34,99.79,5.35,26.34
2021-07-27,4.79,28.37,86.06,99.73,5.41,25.78
2021-07-28,2.09,28.7,83.79,99.76,4.84,25.63
2021-07-29,4.12,28.28,82.26,99.8,4.72,24.91
2021-07-30,1.43,28.36,82.66,99.88,4.8,25.04
2021-07-31,2.21,28.75,81.4,99.94,4.77,25.15
2021-08-01,1.4,28.6,82.38,99.84,5.03,25.23
2021-08-02,1.07,28.62,81.96,99.86,4.1,25.15
2021-08-03,1.35,28.12,84.65,100.01,3.81,25.25
2021-08-04,1.96,28.0,85.63,100.06,3.77,25.34
2021-08-05,1.23,28.04,86.57,99.87,3.6,25.57
2021-08-06,1.07,28.92,84.51,99.79,4.0,26.0
2021-08-07,0.35,28.84,85.38,99.98,3.41,26.09
2021-08-08,0.74,29.01,86.32,100.19,3.87,26.46
2021-08-09,2.37,28.92,86.45,100.21,3.45,26.41
2021-08-10,2.85,29.54,84.64,100.0,3.72,26.64
2021-08-11,2.36,29.95,78.48,99.94,1.98,25.69
2021-08-12,7.83,29.8,81.45,100.1,2.32,26.23
2021-08-13,16.63,29.34,83.3,99.94,2.93,26.16
2021-08-14,20.56,29.47,81.46,99.76,2.46,25.89
2021-08-15,14.14,28.5,85.47,99.8,2.29,25.81
2021-08-16,15.44,28.02,86.72,99.89,2.79,25.58
2021-08-17,3.39,28.07,85.73,99.97,6.03,25.45
2021-08-18,1.55,28.57,82.31,99.96,5.72,25.23
2021-08-19,5.54,28.36,83.92,99.95,4.7,25.36
2021-08-20,8.73,28.1,86.33,100.08,3.79,25.6
2021-08-21,3.61,27.89,86.71,100.35,3.61,25.48
2021-08-22,1.14,27.73,84.35,100.35,3.24,24.79
2021-08-23,0.74,28.05,85.29,100.31,3.95,25.33
2021-08-24,0.37,28.3,84.69,100.22,3.81,25.46
2021-08-25,3.81,28.57,85.91,100.03,3.67,25.98
2021-08-26,24.52,28.43,85.58,99.91,2.38,25.77
2021-08-27,5.76,28.05,86.72,99.86,2.11,25.64
2021-08-28,8.01,28.72,80.72,99.67,2.14,25.01
2021-08-29,6.72,27.84,87.82,99.6,3.06,25.65
2021-08-30,5.26,27.75,86.06,99.82,2.31,25.21
2021-08-31,10.85,27.38,88.78,100.13,3.35,25.39
2021-09-01,8.89,27.33,87.11,100.32,2.25,25.01
2021-09-02,0.62,27.72,83.38,100.2,1.43,24.65
2021-09-03,0.84,27.78,83.12,100.05,1.4,24.66
2021-09-04,4.48,28.41,79.99,99.95,1.46,24.62
2021-09-05,36.46,28.2,87.9,99.84,3.27,26.02
2021-09-06,69.86,27.56,91.15,99.62,6.5,26.01
2021-09-07,14.25,27.83,86.75,99.81,6.62,25.42
2021-09-08,4.28,28.65,82.95,100.1,4.67,25.44
2021-09-09,5.26,28.65,84.43,100.11,3.45,25.74
2021-09-10,19.43,27.92,88.12,99.97,1.94,25.77
2021-09-11,8.66,28.63,83.23,99.84,2.26,25.44
2021-09-12,5.99,27.84,89.37,99.69,4.84,25.94
2021-09-13,10.42,28.36,88.92,99.6,5.7,26.36
2021-09-14,2.74,28.77,86.46,99.78,5.4,26.28
2021-09-15,2.4,28.72,87.48,100.05,4.43,26.44
2021-09-16,2.5,28.26,86.99,100.06,3.11,25.89
2021-09-17,5.62,28.03,86.66,100.08,3.54,25.6
2021-09-18,2.97,27.94,86.84,100.24,2.82,25.55
2021-09-19,3.18,28.51,83.27,100.38,2.53,25.35
2021-09-20,3.09,28.31,84.61,100.24,1.83,25.46
2021-09-21,1.49,28.66,83.93,100.07,2.98,25.65
2021-09-22,6.69,28.29,85.24,99.9,2.92,25.56
2021-09-23,9.04,28.27,89.18,100.02,3.56,26.33
2021-09-24,1.65,27.65,89.44,100.21,2.46,25.77
2021-09-25,9.5,28.27,85.28,100.12,2.36,25.55
2021-09-26,38.48,28.4,84.18,99.76,2.01,25.45
2021-09-27,48.33,28.04,88.23,99.57,4.8,25.93
2021-09-28,6.78,28.07,83.33,100.0,3.66,24.98
2021-09-29,1.87,27.59,85.16,100.27,1.97,24.89
2021-09-30,1.64,28.2,83.06,100.38,1.51,25.03
2021-10-01,2.04,27.93,85.25,100.43,2.09,25.23
2021-10-02,1.23,28.12,83.82,100.45,1.39,25.13
2021-10-03,0.51,28.36,79.67,100.39,1.31,24.46
2021-10-04,1.22,28.4,80.69,100.31,1.55,24.76
2021-10-05,0.67,28.46,83.88,100.34,3.09,25.47
2021-10-06,1.66,28.05,86.58,100.27,2.71,25.62
2021-10-07,0.7,28.3,83.02,100.22,1.49,25.13
2021-10-08,1.92,28.93,81.97,100.15,2.05,25.52
2021-10-09,3.92,29.49,81.24,100.16,1.7,25.85
2021-10-10,10.35,27.85,85.74,100.19,2.59,25.25
2021-10-11,0.49,28.41,78.81,100.11,2.03,24.35
2021-10-12,1.03,28.39,80.46,100.1,1.36,24.68
2021-10-13,2.24,28.33,83.17,100.06,1.71,25.22
2021-10-14,2.45,28.65,78.03,100.0,1.62,24.38
2021-10-15,8.63,27.96,87.24,99.73,3.47,25.66
2021-10-16,43.84,28.14,90.62,99.76,4.74,26.48
2021-10-17,6.93,27.47,87.56,100.04,2.27,25.23
2021-10-18,8.01,28.44,83.82,100.12,2.26,25.43
2021-10-19,5.95,28.37,88.05,100.39,2.95,26.22
2021-10-20,2.78,28.52,78.78,100.65,1.0,24.4
2021-10-21,2.88,28.13,80.58,100.72,1.14,24.47
2021-10-22,3.3,28.26,79.81,100.73,1.57,24.37
2021-10-23,4.71,27.2,84.24,100.85,2.62,24.31
2021-10-24,0.45,25.97,77.57,100.91,3.44,21.75
2021-10-25,0.03,26.5,75.77,100.74,3.08,21.85
2021-10-26,0.01,26.41,77.32,100.64,3.49,22.09
2021-10-27,0.48,26.62,82.12,100.61,4.86,23.3
2021-10-28,4.55,26.97,88.25,100.62,4.63,24.87
2021-10-29,5.5,26.8,89.28,100.81,3.41,24.9
2021-10-30,3.65,27.28,85.82,100.87,2.36,24.71
2021-10-31,1.03,27.34,83.33,100.82,2.92,24.27
2021-11-01,7.82,27.02,85.37,100.79,3.64,24.36
2021-11-02,16.72,26.67,89.16,100.82,4.15,24.76
2021-11-03,13.72,25.98,89.22,100.81,4.39,24.08
2021-11-04,5.09,25.96,88.89,100.76,4.44,24.0
2021-11-05,4.33,26.17,86.86,100.72,4.65,23.81
2021-11-06,0.53,25.84,84.89,100.61,4.47,23.11
2021-11-07,0.01,25.25,80.89,100.62,4.58,21.72
2021-11-08,0.03,24.38,79.51,100.72,4.81,20.57
2021-11-09,0.01,24.19,80.43,100.76,4.89,20.56
2021-11-10,0.48,24.89,83.1,100.66,5.48,21.79
2021-11-11,22.56,25.15,89.99,100.47,6.31,23.36
2021-11-12,34.32,26.73,92.25,100.47,4.93,25.38
2021-11-13,41.96,26.74,90.3,100.52,3.5,25.03
2021-11-14,6.58,26.74,89.2,100.52,3.28,24.82
2021-11-15,5.79,26.66,89.21,100.42,2.98,24.75
2021-11-16,2.72,26.63,89.04,100.48,3.55,24.68
2021-11-17,0.57,26.75,87.52,100.66,5.29,24.51
2021-11-18,2.36,26.26,88.0,100.55,6.05,24.12
2021-11-19,19.33,26.33,91.47,100.37,4.99,24.84
2021-11-20,4.79,26.78,89.18,100.41,3.68,24.86
2021-11-21,1.94,26.93,88.03,100.62,3.11,24.77
2021-11-22,3.08,26.78,85.85,100.7,2.21,24.2
2021-11-23,6.8,26.7,85.93,100.65,1.95,24.15
2021-11-24,2.33,26.6,85.67,100.72,3.59,24.0
2021-11-25,0.12,26.21,84.66,100.78,3.94,23.42
2021-11-26,0.14,25.71,84.76,100.81,4.42,22.92
2021-11-27,0.12,25.04,82.08,100.87,4.87,21.76
2021-11-28,0.78,24.84,82.47,100.98,5.59,21.64
2021-11-29,0.26,24.23,76.98,101.02,4.64,19.9
2021-11-30,0.0,23.5,75.29,101.02,4.56,18.78
2021-12-01,0.0,22.92,80.87,100.98,4.5,19.4
2021-12-02,0.04,23.51,82.76,100.92,3.99,20.34
2021-12-03,2.34,23.6,89.23,100.8,5.97,21.7
2021-12-04,2.28,24.82,84.16,100.52,6.28,21.93
2021-12-05,1.75,24.99,84.24,100.51,3.55,22.13
2021-12-06,0.38,25.1,81.28,100.7,1.22,21.66
2021-12-07,0.61,24.93,87.41,100.84,4.08,22.69
2021-12-08,0.42,25.16,86.98,100.93,5.03,22.82
2021-12-09,2.12,24.76,85.92,101.09,4.21,22.21
2021-12-10,0.34,24.84,84.29,101.18,3.78,21.99
2021-12-11,0.09,25.0,84.24,101.12,3.69,22.15
2021-12-12,0.69,24.45,84.75,101.19,4.95,21.71
2021-12-13,0.31,23.8,84.31,101.12,4.72,20.97
2021-12-14,0.01,23.32,82.33,101.06,4.11,20.12
2021-12-15,0.0,22.73,77.76,101.07,3.9,18.62
2021-12-16,0.0,22.5,76.07,101.14,3.99,18.01
2021-12-17,0.0,21.78,73.96,101.17,4.04,16.85
2021-12-18,0.0,21.98,73.43,101.12,4.14,16.91
2021-12-19,0.0,22.4,76.74,101.19,3.35,18.07
2021-12-20,0.0,21.78,73.12,101.21,3.04,16.6
2021-12-21,0.0,21.78,62.5,101.17,1.96,14.15
2021-12-22,0.0,22.52,59.86,101.04,1.36,14.25
2021-12-23,0.0,22.84,60.76,100.99,1.06,14.79
2021-12-24,0.0,22.52,66.23,101.02,1.26,15.86
2021-12-25,0.0,23.65,69.2,101.02,0.98,17.66
2021-12-26,0.01,23.97,73.08,101.17,1.11,18.83
2021-12-27,0.13,23.86,75.91,101.25,1.71,19.34
2021-12-28,0.13,23.47,84.54,101.18,2.72,20.7
2021-12-29,1.47,23.71,84.23,101.16,2.98,20.88
2021-12-30,0.22,23.84,82.35,101.34,4.71,20.63
2021-12-31,0.02,23.16,83.95,101.44,4.74,20.25
2022-01-01,0.0,23.13,83.62,101.41,4.11,20.14
2022-01-02,0.03,22.71,81.66,101.28,3.67,19.34
2022-01-03,0.01,22.09,81.17,101.2,3.58,18.64
2022-01-04,0.0,21.75,79.17,101.24,3.62,17.89
2022-01-05,0.04,22.37,78.11,101.21,2.78,18.29
2022-01-06,0.01,22.55,80.28,101.12,2.58,18.92
2022-01-07,0.01,22.84,79.46,101.16,3.26,19.04
2022-01-08,0.04,22.62,78.5,101.18,2.85,18.62
2022-01-09,0.0,22.57,79.29,101.0,2.63,18.75
2022-01-10,0.09,23.29,79.44,101.01,2.45,19.49
2022-01-11,0.73,23.38,81.56,100.99,2.61,20.01
2022-01-12,0.89,23.69,80.43,100.91,3.02,20.1
2022-01-13,5.61,24.56,80.59,100.89,3.04,20.99
2022-01-14,3.2,24.91,81.19,100.84,2.74,21.45
2022-01-15,4.51,23.53,85.32,100.97,4.1,20.93
2022-01-16,0.13,22.73,82.01,101.23,4.91,19.4
2022-01-17,0.0,22.71,80.62,101.34,4.12,19.12
2022-01-18,0.0,22.63,71.13,101.18,2.8,16.91
2022-01-19,0.0,22.68,64.55,101.0,1.89,15.49
2022-01-20,0.0,23.55,68.94,100.75,1.35,17.46
2022-01-21,0.02,24.04,79.53,100.66,2.95,20.18
2022-01-22,0.01,24.07,66.62,100.56,2.25,17.02
2022-01-23,0.09,24.74,77.29,100.55,2.84,20.46
2022-01-24,0.23,24.53,83.02,100.55,2.19,21.38
2022-01-25,0.54,24.64,79.21,100.62,1.54,20.69
2022-01-26,0.05,23.93,79.7,100.75,2.54,20.16
2022-01-27,0.11,23.12,68.14,100.9,4.14,16.55
2022-01-28,0.0,22.17,62.94,101.08,4.0,14.45
2022-01-29,0.0,21.54,60.26,101.16,4.06,13.09
2022-01-30,0.0,22.61,61.56,100.93,1.8,14.51
2022-01-31,0.0,23.23,63.69,100.83,1.57,15.63
2022-02-01,0.0,24.21,68.61,100.72,2.2,17.6
2022-02-02,0.0,24.22,70.88,100.81,2.16,18.18
2022-02-03,0.0,23.95,76.18,100.78,2.88,19.39
2022-02-04,0.01,24.63,78.6,100.57,3.92,20.55
2022-02-05,0.01,23.98,58.91,100.77,2.77,14.43
2022-02-06,0.0,23.57,68.18,101.1,3.21,17.13
2022-02-07,0.0,24.54,64.54,101.06,1.89,17.21
2022-02-08,0.0,24.22,69.73,100.94,2.14,18.22
2022-02-09,0.0,24.12,72.37,100.98,2.55,18.74
2022-02-10,0.01,24.67,66.32,100.93,1.91,17.88
2022-02-11,1.38,24.87,70.93,100.94,2.99,19.01
2022-02-12,1.4,24.3,70.52,100.91,3.54,18.23
2022-02-13,0.0,23.81,64.11,100.82,3.56,16.12
2022-02-14,0.0,23.51,69.31,100.81,3.52,17.19
2022-02-15,0.0,23.85,68.22,100.77,3.08,17.32
2022-02-16,0.0,24.51,66.03,100.57,2.5,17.45
2022-02-17,0.0,25.46,65.64,100.53,2.42,18.39
2022-02-18,1.11,25.58,71.52,100.67,2.96,19.81
2022-02-19,1.73,25.76,72.73,100.85,2.25,20.25
2022-02-20,0.09,26.67,70.92,100.58,4.19,20.62
2022-02-21,0.0,27.08,66.29,100.51,3.63,19.57
2022-02-22,0.02,26.21,75.91,100.81,1.87,21.29
2022-02-23,0.05,26.04,74.67,101.13,2.47,21.04
2022-02-24,0.01,25.94,71.05,101.16,2.04,20.1
2022-02-25,0.0,25.72,66.6,101.1,2.05,18.69
2022-02-26,0.0,25.7,63.1,101.15,2.26,17.78
2022-02-27,0.0,25.49,63.52,101.14,2.33,17.21
2022-02-28,0.0,26.14,57.12,101.04,1.81,16.31
2022-03-01,0.0,26.79,53.52,101.0,1.98,15.8
2022-03-02,0.0,26.85,61.01,100.97,2.86,18.05
2022-03-03,0.05,26.62,71.42,100.97,3.56,20.68
2022-03-04,0.02,26.78,66.77,100.94,3.59,19.51
2022-03-05,0.0,27.14,64.99,100.84,2.69,19.54
2022-03-06,0.1,27.44,62.34,100.74,2.46,19.14
2022-03-07,2.57,27.49,63.81,100.81,2.23,19.57
2022-03-08,0.02,27.76,64.03,100.75,1.88,19.72
2022-03-09,0.0,27.72,62.04,100.7,1.85,18.95
2022-03-10,0.0,27.81,60.48,100.67,1.83,18.78
2022-03-11,0.0,28.03,58.75,100.62,1.84,18.19
2022-03-12,0.0,27.94,60.0,100.56,1.81,18.56
2022-03-13,0.0,28.4,56.99,100.6,1.57,18.29
2022-03-14,0.0,28.71,53.92,100.6,1.74,17.55
2022-03-15,0.0,28.35,57.65,100.41,2.16,17.91
2022-03-16,0.0,28.91,63.98,100.24,3.55,20.12
2022-03-17,0.0,28.54,72.02,100.28,3.65,22.4
2022-03-18,0.0,27.96,70.84,100.39,2.54,21.67
2022-03-19,0.01,27.83,66.78,100.3,2.14,20.63
2022-03-20,0.06,28.25,70.32,100.18,3.11,21.76
2022-03-21,0.22,28.8,72.6,100.23,2.5,22.7
2022-03-22,0.27,28.81,73.32,100.29,2.55,23.05
2022-03-23,0.04,28.79,72.44,100.34,2.6,22.84
2022-03-24,0.06,28.54,75.05,100.39,3.11,23.37
2022-03-25,0.02,28.72,74.55,100.45,3.88,23.33
2022-03-26,0.02,29.01,76.11,100.58,4.67,24.06
2022-03-27,0.01,29.74,72.48,100.56,4.85,23.82
2022-03-28,0.0,29.72,72.35,100.49,4.4,23.66
2022-03-29,0.0,29.54,73.68,100.36,4.69,23.6
2022-03-30,0.0,29.52,75.98,100.34,5.06,24.36
2022-03-31,0.0,29.19,78.54,100.43,4.63,24.82
2022-04-01,0.07,29.04,78.08,100.49,4.73,24.59
2022-04-02,0.11,29.07,75.2,100.6,5.01,23.94
2022-04-03,0.08,29.12,72.94,100.53,4.91,23.31
2022-04-04,0.25,28.93,73.6,100.65,4.31,23.38
2022-04-05,0.47,28.86,73.26,100.79,3.28,23.08
2022-04-06,0.32,28.64,74.26,100.79,2.89,23.19
2022-04-07,0.04,28.79,72.05,100.71,2.53,22.5
2022-04-08,0.19,28.91,72.42,100.63,2.46,22.96
2022-04-09,0.19,28.71,78.37,100.5,3.55,24.35
2022-04-10,0.13,28.94,76.11,100.43,4.01,23.94
2022-04-11,0.09,29.29,74.31,100.34,3.99,23.85
2022-04-12,0.03,29.16,74.07,100.27,3.83,23.57
2022-04-13,0.07,29.43,73.82,100.22,4.25,23.73
2022-04-14,0.08,29.32,77.3,100.21,4.6,24.53
2022-04-15,0.13,29.97,73.88,100.16,4.74,24.38
2022-04-16,0.64,29.94,72.25,100.15,4.29,23.82
2022-04-17,0.65,29.27,76.44,100.23,3.61,24.41
2022-04-18,0.62,30.15,71.38,100.33,4.15,23.96
2022-04-19,0.51,29.99,74.58,100.45,4.57,24.67
2022-04-20,0.3,30.11,73.56,100.35,4.35,24.42
2022-04-21,0.28,29.21,78.77,100.35,4.29,24.97
2022-04-22,0.08,29.74,74.68,100.43,4.13,24.29
2022-04-23,0.06,30.64,69.1,100.41,4.15,23.84
2022-04-24,0.06,31.25,65.86,100.24,4.23,23.48
2022-04-25,0.06,30.96,69.92,100.18,4.3,24.38
2022-04-26,0.04,30.77,69.48,100.25,4.69,24.17
2022-04-27,0.02,30.8,69.81,100.26,4.42,24.19
2022-04-28,0.03,31.15,68.32,100.28,4.41,24.13
2022-04-29,0.01,31.89,62.24,100.22,4.15,22.89
2022-04-30,0.02,31.28,68.48,100.1,4.53,24.31
2022-05-01,2.0,30.97,72.68,100.02,4.4,25.08
2022-05-02,1.75,30.85,71.57,100.05,3.81,24.73
2022-05-03,4.49,29.58,81.09,100.17,3.71,25.94
2022-05-04,6.57,29.74,77.67,100.28,3.54,25.31
2022-05-05,3.07,30.51,72.1,100.16,3.51,24.63
2022-05-06,2.34,30.38,71.17,100.14,2.6,24.33
2022-05-07,0.79,30.94,66.81,100.06,2.45,23.64
2022-05-08,2.57,30.35,70.29,99.99,3.19,24.06
2022-05-09,4.91,29.34,76.99,99.72,7.33,24.77
2022-05-10,15.26,29.03,80.69,99.55,8.41,25.34
2022-05-11,15.28,28.97,83.81,99.7,5.95,25.94
2022-05-12,6.0,29.04,82.35,99.93,3.58,25.66
2022-05-13,0.21,29.2,79.88,99.88,3.46,25.27
2022-05-14,0.36,30.28,78.15,99.9,3.29,25.91
2022-05-15,0.8,29.87,82.55,100.06,3.56,26.53
2022-05-16,0.86,29.92,81.47,100.05,3.09,26.31
2022-05-17,1.44,29.7,82.57,99.96,3.36,26.33
2022-05-18,1.5,30.03,78.25,100.04,3.13,25.63
2022-05-19,2.95,29.5,84.48,100.15,3.47,26.58
2022-05-20,1.71,29.7,82.81,100.03,4.08,26.45
2022-05-21,1.07,30.97,73.75,99.71,4.67,25.43
2022-05-22,1.27,32.26,68.16,99.41,2.85,24.7
2022-05-23,1.68,33.54,59.91,99.42,2.07,23.21
2022-05-24,6.2,31.69,67.62,99.82,1.96,24.48
2022-05-25,20.45,30.26,76.17,100.08,3.46,25.3
2022-05-26,3.76,30.43,72.71,100.06,3.76,24.72
2022-05-27,3.25,30.85,70.07,99.97,3.16,24.55
2022-05-28,0.56,31.56,65.96,99.76,3.91,23.86
2022-05-29,1.88,32.06,67.99,99.73,3.98,24.6
2022-05-30,4.56,31.16,72.32,99.73,3.78,25.21
2022-05-31,1.23,29.95,75.58,99.75,3.37,25.03
2022-06-01,1.23,29.22,80.29,99.79,2.99,25.46
2022-06-02,0.39,30.98,69.86,99.72,3.88,24.63
2022-06-03,0.49,30.92,69.88,99.66,3.95,24.58
2022-06-04,1.73,30.09,77.56,99.79,2.96,25.6
2022-06-05,4.56,30.1,77.52,99.9,3.4,25.62
2022-06-06,13.33,29.6,81.1,99.89,2.79,25.97
2022-06-07,5.89,29.7,79.96,99.8,4.09,25.78
2022-06-08,2.33,30.08,78.74,99.68,4.3,25.85
2022-06-09,2.25,30.06,80.66,99.71,4.58,26.24
2022-06-10,1.24,30.17,74.34,99.85,4.84,24.97
2022-06-11,2.02,30.15,76.65,100.0,3.97,25.43
2022-06-12,1.06,29.84,76.3,100.06,3.68,25.13
2022-06-13,0.99,30.09,74.68,100.1,2.41,24.86
2022-06-14,0.69,30.91,72.8,99.98,3.31,25.21
2022-06-15,4.3,30.0,79.14,100.0,3.69,25.89
2022-06-16,5.97,29.53,80.44,100.08,3.18,25.7
2022-06-17,3.44,28.92,85.31,100.14,3.24,26.17
2022-06-18,0.96,29.09,82.21,100.18,3.5,25.65
2022-06-19,1.54,29.19,80.91,100.14,4.29,25.51
2022-06-20,6.91,29.3,82.28,99.98,3.8,25.92
2022-06-21,7.27,28.11,86.01,99.8,4.08,25.54
2022-06-22,10.91,28.2,83.17,99.94,3.17,25.03
2022-06-23,4.08,28.61,80.84,100.11,3.79,24.97
2022-06-24,10.51,28.07,86.58,99.99,4.61,25.63
2022-06-25,8.13,28.37,85.92,99.71,4.16,25.78
2022-06-26,14.21,27.9,86.08,99.8,4.21,25.36
2022-06-27,5.53,28.67,82.95,99.97,3.67,25.47
2022-06-28,1.63,28.79,80.85,99.9,3.76,25.1
2022-06-29,2.13,28.69,83.26,99.75,4.2,25.54
2022-06-30,3.03,28.89,85.19,99.75,4.03,26.12
2022-07-01,2.81,29.33,81.29,99.69,2.24,25.68
2022-07-02,5.53,29.11,83.24,99.56,3.49,25.93
2022-07-03,8.68,28.96,85.33,99.51,3.61,26.19
2022-07-04,3.87,28.48,83.75,99.54,4.83,25.42
2022-07-05,13.69,28.19,85.9,99.6,4.31,25.6
2022-07-06,17.27,28.32,87.13,99.66,3.7,25.96
2022-07-07,4.67,28.07,86.44,99.85,5.12,25.59
2022-07-08,12.22,27.64,88.94,99.61,5.89,25.66
2022-07-09,56.52,28.19,87.56,99.17,6.26,25.92
2022-07-10,12.44,28.27,87.45,99.22,5.7,25.95
2022-07-11,34.39,27.79,88.36,99.4,6.26,25.7
2022-07-12,11.64,27.71,84.16,99.33,7.51,24.75
2022-07-13,14.27,26.71,85.06,99.15,9.85,23.99
2022-07-14,14.5,26.78,86.25,99.16,8.23,24.3
2022-07-15,4.58,27.59,84.47,99.5,6.19,24.7
2022-07-16,9.73,27.7,87.42,99.67,4.53,25.4
2022-07-17,15.32,27.25,91.58,99.73,5.27,25.78
2022-07-18,3.35,28.0,88.48,99.86,5.34,25.91
2022-07-19,1.65,28.42,84.33,99.98,3.52,25.45
2022-07-20,2.81,28.62,88.34,99.96,4.03,26.49
2022-07-21,3.93,28.08,91.22,99.9,4.11,26.52
2022-07-22,2.77,27.94,88.4,99.89,4.55,25.84
2022-07-23,5.45,28.14,86.54,99.78,4.28,25.66
2022-07-24,4.41,27.88,86.51,99.87,4.04,25.4
2022-07-25,6.01,27.59,87.55,100.11,2.7,25.33
2022-07-26,5.48,27.42,87.77,100.28,1.64,25.22
2022-07-27,0.81,27.59,86.38,100.3,1.52,25.1
2022-07-28,0.2,28.25,80.68,100.37,1.05,24.58
2022-07-29,2.41,28.51,82.9,100.3,2.49,25.31
2022-07-30,1.83,28.67,83.58,100.13,3.18,25.6
2022-07-31,1.95,28.95,85.33,99.93,3.07,26.23
2022-08-01,4.18,29.14,86.44,99.87,2.82,26.64
2022-08-02,1.42,29.22,83.19,99.78,2.34,26.04
2022-08-03,1.09,28.89,79.25,99.82,2.59,24.91
2022-08-04,17.79,28.19,84.16,99.76,3.36,25.25
2022-08-05,5.26,27.91,86.31,99.66,3.65,25.41
2022-08-06,19.27,28.02,87.67,99.56,3.44,25.78
2022-08-07,22.84,27.91,87.15,99.36,5.04,25.57
2022-08-08,10.67,27.66,87.07,99.26,6.67,25.3
2022-08-09,7.11,27.9,86.16,99.3,7.93,25.37
2022-08-10,1.9,28.35,82.45,99.42,7.1,25.03
2022-08-11,1.05,28.75,83.75,99.69,5.44,25.67
2022-08-12,10.68,28.56,85.99,99.84,3.94,25.94
2022-08-13,13.63,27.8,87.45,99.79,5.08,25.52
2022-08-14,31.79,27.31,87.33,99.74,6.4,25.0
2022-08-15,1.9,27.88,85.21,100.04,5.67,25.14
2022-08-16,2.44,27.99,85.26,100.27,4.07,25.25
2022-08-17,2.52,27.89,87.59,100.21,3.53,25.63
2022-08-18,7.26,27.82,89.93,100.01,3.28,26.03
2022-08-19,8.43,28.48,84.71,99.86,2.38,25.61
2022-08-20,11.81,28.12,87.95,99.77,3.93,25.93
2022-08-21,2.51,28.38,87.53,99.76,4.01,26.08
2022-08-22,2.2,28.0,88.9,99.8,3.43,25.99
2022-08-23,4.35,28.05,86.12,99.95,1.87,25.49
2022-08-24,4.75,28.2,82.52,100.14,1.39,24.87
2022-08-25,0.61,28.78,76.51,100.07,1.26,24.08
2022-08-26,0.72,28.75,80.63,100.0,1.52,25.01
2022-08-27,4.08,28.84,84.24,99.96,2.02,25.86
2022-08-28,3.7,28.75,79.3,100.04,1.72,24.71
2022-08-29,2.08,28.17,82.46,100.27,1.8,24.91
2022-08-30,0.99,28.03,84.9,100.36,2.15,25.26
2022-08-31,2.45,28.06,83.18,100.27,1.32,24.94
2022-09-01,0.9,28.16,81.72,100.31,1.64,24.74
2022-09-02,2.13,28.38,83.02,100.39,1.74,25.23
2022-09-03,0.96,28.57,82.85,100.28,2.25,25.37
2022-09-04,2.98,28.62,85.45,100.18,2.86,25.94
2022-09-05,8.51,28.97,85.12,100.16,3.23,26.2
2022-09-06,4.83,28.76,84.68,100.17,2.48,25.92
2022-09-07,17.09,27.78,81.91,100.21,2.25,24.36
2022-09-08,14.43,27.93,84.04,100.05,2.37,24.99
2022-09-09,14.12,28.47,86.43,99.89,3.1,25.98
2022-09-10,37.72,28.02,88.32,99.73,4.56,25.93
2022-09-11,9.32,28.39,87.48,99.6,7.53,26.11
2022-09-12,5.08,28.56,84.82,99.81,6.95,25.74
2022-09-13,8.47,28.42,86.58,100.14,5.78,25.98
2022-09-14,4.02,28.1,88.05,100.38,4.38,25.95
2022-09-15,1.77,27.99,88.82,100.35,4.14,25.98
2022-09-16,9.41,27.9,88.25,100.12,4.42,25.78
2022-09-17,1.94,28.13,87.77,100.05,4.03,25.92
2022-09-18,7.16,28.46,83.22,100.1,2.8,25.3
2022-09-19,22.57,27.55,83.98,100.04,3.49,24.59
2022-09-20,3.89,27.4,84.7,99.99,4.48,24.59
2022-09-21,1.32,27.52,83.19,100.03,3.8,24.39
2022-09-22,3.83,28.33,84.66,100.09,3.71,25.47
2022-09-23,4.36,28.03,79.93,100.2,2.82,24.2
2022-09-24,1.56,28.25,77.91,100.2,1.77,23.94
2022-09-25,6.18,28.07,81.97,100.2,1.7,24.69
2022-09-26,6.24,27.64,86.29,100.28,1.55,25.15
2022-09-27,3.17,27.73,86.0,100.18,1.92,25.16
2022-09-28,9.29,27.97,84.09,100.05,1.51,25.03
2022-09-29,7.19,28.03,84.6,100.02,1.84,25.2
2022-09-30,7.29,27.85,85.01,100.02,2.3,25.1
2022-10-01,9.39,27.93,87.03,99.97,4.03,25.57
2022-10-02,14.98,28.54,82.12,99.9,2.96,25.15
2022-10-03,14.3,28.28,82.97,99.92,3.29,25.08
2022-10-04,15.98,28.07,88.51,99.98,3.82,26.0
2022-10-05,12.81,27.8,90.1,100.14,3.94,26.05
2022-10-06,18.21,27.25,88.0,100.26,4.45,25.1
2022-10-07,11.11,27.06,88.92,100.37,3.75,25.09
2022-10-08,13.31,26.95,88.71,100.48,3.1,24.94
2022-10-09,16.65,27.27,88.47,100.54,4.15,25.21
2022-10-10,15.37,27.44,84.89,100.73,3.05,24.69
2022-10-11,8.82,27.19,84.72,100.66,2.02,24.41
2022-10-12,6.11,27.36,84.85,100.63,2.04,24.59
2022-10-13,4.16,27.39,84.3,100.56,2.1,24.51
2022-10-14,24.14,27.31,87.14,100.45,3.81,24.99
2022-10-15,19.61,27.47,86.49,100.43,3.34,25.02
2022-10-16,7.09,27.67,85.57,100.67,3.56,25.04
2022-10-17,7.17,27.28,84.81,100.77,3.08,24.51
2022-10-18,6.07,27.25,85.76,100.67,3.06,24.66
2022-10-19,3.06,27.03,83.14,100.64,3.66,23.9
2022-10-20,1.05,27.13,82.44,100.72,4.03,23.86
2022-10-21,0.75,27.24,81.26,100.84,5.01,23.73
2022-10-22,0.16,26.48,75.67,100.86,4.81,21.8
2022-10-23,0.06,26.36,77.3,100.6,4.75,22.05
2022-10-24,0.11,26.98,73.39,100.33,2.78,21.7
2022-10-25,0.12,26.87,72.32,100.57,1.81,21.41
2022-10-26,0.03,27.16,73.07,100.85,2.13,21.89
2022-10-27,0.03,26.38,77.05,100.86,3.16,22.02
2022-10-28,0.01,25.97,74.84,100.81,3.87,21.14
2022-10-29,0.01,25.24,73.99,100.8,3.71,20.22
2022-10-30,0.03,25.18,76.46,100.79,3.75,20.68
2022-10-31,0.49,25.67,75.63,100.79,4.15,20.99
2022-11-01,2.04,26.25,83.81,100.85,3.48,23.27
2022-11-02,0.96,26.15,85.64,100.79,3.56,23.55
2022-11-03,1.44,26.05,86.64,100.79,2.95,23.64
2022-11-04,2.26,26.14,85.47,100.92,2.82,23.5
2022-11-05,0.93,26.37,78.8,101.05,3.27,22.35
2022-11-06,0.0,25.54,75.65,101.1,3.08,20.91
2022-11-07,0.0,25.21,75.83,101.03,2.94,20.61
2022-11-08,0.01,25.38,76.59,101.0,2.99,20.96
2022-11-09,0.22,25.4,80.7,100.97,3.92,21.81
2022-11-10,0.09,25.3,79.41,100.96,4.81,21.44
2022-11-11,0.07,25.31,79.48,100.93,5.26,21.47
2022-11-12,0.57,25.41,78.23,100.95,4.75,21.29
2022-11-13,0.47,24.91,78.62,100.96,4.31,20.9
2022-11-14,0.0,23.96,77.48,101.01,3.91,19.73
2022-11-15,0.0,23.67,73.6,100.98,2.89,18.62
2022-11-16,0.0,23.53,70.69,100.84,3.15,17.79
2022-11-17,0.0,23.74,74.15,100.79,3.89,18.79
2022-11-18,0.0,23.66,74.01,100.86,4.81,18.69
2022-11-19,0.0,23.26,74.1,100.84,5.09,18.3
2022-11-20,0.15,23.41,77.95,100.69,5.63,19.27
2022-11-21,2.45,24.54,82.46,100.63,5.56,21.32
2022-11-22,1.79,25.2,84.71,100.67,4.98,22.41
2022-11-23,0.3,25.33,83.63,100.79,3.55,22.34
2022-11-24,1.78,25.54,84.07,100.8,2.47,22.66
2022-11-25,1.82,25.04,82.82,100.89,3.34,21.91
2022-11-26,0.1,24.07,77.3,100.77,2.99,19.77
2022-11-27,0.0,24.07,71.72,100.6,2.29,18.57
2022-11-28,0.0,23.76,68.95,100.67,2.45,17.64
2022-11-29,0.0,23.43,73.12,100.79,3.14,18.25
2022-11-30,0.03,24.57,79.6,100.84,4.12,20.75
2022-12-01,0.13,25.13,84.18,100.82,4.09,22.24
2022-12-02,3.89,25.26,85.61,100.78,3.95,22.65
2022-12-03,0.91,25.0,84.32,100.84,3.43,22.14
2022-12-04,0.07,25.0,82.8,100.9,3.37,21.85
2022-12-05,0.01,24.5,81.87,100.96,3.71,21.14
2022-12-06,0.0,23.54,76.45,100.87,4.27,19.05
2022-12-07,0.0,22.87,74.02,100.81,4.86,17.85
2022-12-08,0.04,22.78,71.67,100.72,6.42,17.28
2022-12-09,12.18,23.12,78.95,100.65,7.09,19.06
2022-12-10,7.05,24.38,87.43,100.65,5.98,22.09
2022-12-11,9.13,25.23,89.39,100.76,4.83,23.35
2022-12-12,2.16,24.97,85.84,100.81,3.48,22.4
2022-12-13,0.04,25.04,79.48,100.89,2.52,21.18
2022-12-14,0.0,24.66,75.65,100.92,2.13,20.0
2022-12-15,0.0,24.66,74.57,100.82,2.21,19.73
2022-12-16,0.01,24.77,82.03,100.75,2.53,21.41
2022-12-17,0.48,24.69,82.58,100.85,3.43,21.46
2022-12-18,0.07,23.55,76.83,100.89,4.2,19.13
2022-12-19,0.0,22.64,71.59,100.79,3.71,17.11
2022-12-20,0.0,22.74,69.48,100.76,3.75,16.71
2022-12-21,0.0,23.03,74.55,100.79,3.87,18.11
2022-12-22,0.0,23.29,76.03,100.81,4.06,18.74
2022-12-23,0.0,23.22,75.42,100.78,4.56,18.41
2022-12-24,0.01,23.83,75.64,100.87,4.15,19.09
2022-12-25,0.04,24.53,74.74,100.96,3.35,19.6
2022-12-26,0.7,25.01,81.69,101.09,2.86,21.59
2022-12-27,0.09,25.69,78.95,101.12,1.59,21.67
2022-12-28,0.22,25.9,80.27,101.14,1.82,22.07
2022-12-29,0.11,25.26,81.43,101.27,2.17,21.72
2022-12-30,0.01,24.86,82.66,101.35,2.47,21.55
2022-12-31,0.01,25.09,79.49,101.26,1.65,21.18
2023-01-01,0.12,25.19,77.33,101.24,1.85,20.83
2023-01-02,0.25,24.84,75.65,101.28,2.85,20.2
2023-01-03,0.27,24.41,78.5,101.3,3.22,20.38
2023-01-04,1.65,24.3,80.75,101.26,3.98,20.74
2023-01-05,0.56,24.09,77.36,101.34,5.03,19.77
2023-01-06,0.0,23.73,72.78,101.42,4.31,18.4
2023-01-07,0.01,22.99,63.31,101.31,3.47,15.1
2023-01-08,0.0,22.21,52.5,101.23,2.94,11.31
2023-01-09,0.0,22.42,61.52,101.31,3.01,14.23
2023-01-10,0.0,23.26,61.12,101.22,2.74,14.92
2023-01-11,0.0,23.38,59.94,101.02,2.02,14.66
2023-01-12,0.0,23.45,68.48,100.9,1.75,17.14
2023-01-13,0.0,23.68,74.51,100.94,1.82,18.74
2023-01-14,0.0,23.96,70.44,100.92,1.68,17.98
2023-01-15,0.0,24.11,69.02,100.87,1.98,17.82
2023-01-16,0.0,23.95,75.4,100.94,2.26,19.12
2023-01-17,0.0,24.31,75.69,101.02,2.01,19.59
2023-01-18,0.0,24.19,77.3,101.15,2.41,19.76
2023-01-19,0.0,24.26,75.78,101.18,1.79,19.53
2023-01-20,0.02,24.21,77.66,101.14,2.91,19.93
2023-01-21,0.29,24.33,78.77,101.07,2.78,20.26
2023-01-22,0.27,24.27,76.3,101.0,2.89,19.68
2023-01-23,0.0,23.91,71.09,100.97,3.3,17.99
2023-01-24,0.0,24.03,69.41,101.0,2.09,17.72
2023-01-25,0.0,24.03,70.32,100.96,2.63,17.85
2023-01-26,0.0,24.05,70.26,100.94,2.77,17.67
2023-01-27,0.0,24.48,67.92,100.94,2.24,17.54
2023-01-28,0.0,24.8,69.62,100.86,3.2,18.31
2023-01-29,0.12,25.09,78.7,100.83,4.4,20.91
2023-01-30,0.31,25.57,74.36,100.95,4.8,20.48
2023-01-31,0.0,25.23,64.73,100.87,3.65,17.54
2023-02-01,0.0,25.45,61.49,100.86,4.06,16.94
2023-02-02,0.0,25.4,61.62,100.91,4.29,16.88
2023-02-03,0.0,24.55,55.01,100.96,4.08,13.57
2023-02-04,0.0,24.5,50.65,100.87,2.81,12.54
2023-02-05,0.0,24.71,54.86,100.81,2.63,14.21
2023-02-06,0.0,24.73,62.35,100.84,1.74,16.57
2023-02-07,0.0,25.32,65.0,100.79,2.45,18.0
2023-02-08,0.0,25.82,68.11,100.81,2.06,19.05
2023-02-09,0.0,25.6,67.16,100.87,1.97,18.45
2023-02-10,0.0,25.67,67.07,100.94,2.35,18.39
2023-02-11,0.0,26.23,67.96,100.9,2.2,18.84
2023-02-12,0.0,27.02,62.73,100.92,2.21,17.88
2023-02-13,0.0,26.12,49.1,101.03,2.86,13.4
2023-02-14,0.0,25.92,50.92,100.99,1.88,13.98
2023-02-15,0.0,25.73,56.48,100.82,2.08,15.4
2023-02-16,0.0,25.84,66.24,100.85,2.44,18.35
2023-02-17,0.0,25.35,73.54,100.97,3.02,20.06
2023-02-18,0.01,25.49,73.69,101.0,2.48,20.27
2023-02-19,0.0,26.0,70.69,101.0,2.18,20.05
2023-02-20,0.0,26.46,67.69,100.92,2.3,19.57
2023-02-21,0.0,26.68,70.69,100.92,2.84,20.32
2023-02-22,0.0,26.55,71.25,100.88,2.79,20.41
2023-02-23,0.01,26.59,70.87,100.87,3.65,20.39
2023-02-24,0.0,26.85,68.99,100.93,2.7,19.96
2023-02-25,0.0,26.73,66.75,101.11,1.87,19.43
2023-02-26,0.0,26.58,67.22,101.26,1.78,19.63
2023-02-27,0.0,26.65,59.52,101.25,1.77,17.71
2023-02-28,0.0,26.87,55.33,101.27,1.65,16.77
2023-03-01,0.0,26.99,54.53,101.27,1.76,16.6
2023-03-02,0.0,27.17,54.15,101.26,1.9,16.4
2023-03-03,0.0,27.55,53.78,101.29,1.87,16.67
2023-03-04,0.0,27.62,54.05,101.29,1.98,16.55
2023-03-05,0.01,27.52,54.43,101.2,2.22,16.37
2023-03-06,0.01,27.58,53.71,101.05,2.25,16.39
2023-03-07,0.11,27.54,54.72,101.05,2.03,16.96
2023-03-08,0.04,27.47,56.69,101.07,1.76,17.68
2023-03-09,0.45,27.38,58.52,101.0,2.08,17.85
2023-03-10,2.31,27.32,65.07,100.97,2.64,19.73
2023-03-11,1.37,27.09,67.04,100.97,3.17,19.93
2023-03-12,0.21,27.29,61.05,100.96,1.91,18.29
2023-03-13,0.0,27.72,56.67,100.81,1.97,17.4
2023-03-14,0.02,27.53,57.68,100.67,1.92,17.53
2023-03-15,0.63,27.28,71.37,100.61,2.55,21.1
2023-03-16,3.04,27.23,74.38,100.75,2.92,21.94
2023-03-17,2.49,26.82,71.55,100.82,1.45,20.97
2023-03-18,4.8,26.7,74.82,100.72,2.38,21.64
2023-03-19,43.08,25.08,84.74,100.58,3.08,22.29
2023-03-20,6.68,26.02,79.58,100.5,3.16,22.12
2023-03-21,4.12,26.89,78.56,100.49,2.74,22.72
2023-03-22,2.75,27.62,76.84,100.49,2.66,22.94
2023-03-23,2.7,27.76,74.67,100.49,2.74,22.64
2023-03-24,1.79,28.13,74.34,100.54,3.19,22.82
2023-03-25,2.93,28.05,77.87,100.69,2.91,23.64
2023-03-26,0.85,28.45,75.14,100.57,3.13,23.36
2023-03-27,1.27,28.75,75.48,100.53,3.31,23.72
2023-03-28,0.64,28.75,75.48,100.57,3.21,23.74
2023-03-29,0.56,28.51,75.32,100.68,3.62,23.44
2023-03-30,0.38,28.3,76.12,100.57,3.57,23.46
2023-03-31,0.29,28.31,74.85,100.5,4.13,23.15
2023-04-01,3.21,27.96,77.23,100.55,3.5,23.5
2023-04-02,2.19,28.43,75.11,100.47,3.67,23.34
2023-04-03,1.94,28.75,75.91,100.46,3.9,23.78
2023-04-04,2.28,28.59,76.26,100.53,4.1,23.76
2023-04-05,1.02,29.37,71.2,100.47,3.82,23.18
2023-04-06,2.6,29.15,72.01,100.59,2.64,23.19
2023-04-07,1.72,29.07,69.07,100.79,1.54,22.38
2023-04-08,0.65,29.09,64.39,100.94,1.57,21.17
2023-04-09,0.24,29.48,60.89,100.94,2.4,20.48
2023-04-10,0.06,30.08,59.78,100.76,3.05,20.7
2023-04-11,0.01,30.55,57.6,100.71,2.77,20.64
2023-04-12,0.0,31.0,57.11,100.61,2.83,20.78
2023-04-13,0.0,31.37,58.09,100.52,3.06,21.32
2023-04-14,0.0,31.16,63.52,100.47,3.48,22.6
2023-04-15,0.0,31.51,60.85,100.36,3.06,22.14
2023-04-16,0.13,31.49,61.66,100.27,2.37,22.47
2023-04-17,0.37,30.95,64.53,100.38,3.12,22.95
2023-04-18,0.21,31.4,65.65,100.46,3.86,23.35
2023-04-19,0.15,31.84,59.58,100.21,3.91,22.16
2023-04-20,0.43,31.1,61.29,100.04,4.01,21.94
2023-04-21,1.18,30.44,65.07,100.13,2.25,22.65
2023-04-22,0.95,29.93,67.88,100.18,2.91,22.89
2023-04-23,2.31,29.24,68.05,100.35,2.19,22.36
2023-04-24,3.15,28.76,74.72,100.58,2.47,23.68
2023-04-25,1.29,29.28,70.83,100.62,2.24,23.16
2023-04-26,0.4,29.58,69.35,100.51,2.36,23.08
2023-04-27,0.72,30.2,65.59,100.54,2.09,22.78
2023-04-28,1.14,30.45,67.23,100.57,3.07,23.3
2023-04-29,1.57,30.41,67.6,100.51,2.52,23.38
2023-04-30,1.53,30.14,65.9,100.38,2.47,22.54
2023-05-01,13.76,28.26,71.25,100.49,1.84,22.39
2023-05-02,2.25,28.99,69.59,100.57,2.07,22.81
2023-05-03,11.06,28.91,74.42,100.62,2.92,23.8
2023-05-04,2.51,28.83,73.83,100.52,2.58,23.62
2023-05-05,4.29,29.34,73.6,100.33,2.37,24.01
2023-05-06,4.16,30.08,71.8,100.21,2.56,24.23
2023-05-07,5.68,30.53,72.66,100.16,2.83,24.8
2023-05-08,4.07,30.78,72.35,100.15,2.05,25.05
2023-05-09,3.94,30.81,72.26,100.21,1.87,24.97
2023-05-10,0.66,30.58,71.14,100.21,1.61,24.55
2023-05-11,0.74,31.01,67.47,100.24,1.95,23.9
2023-05-12,0.09,31.1,65.8,100.13,3.04,23.09
2023-05-13,0.15,31.51,63.41,100.01,2.2,22.4
2023-05-14,0.23,32.19,64.6,99.84,2.13,23.33
2023-05-15,1.48,32.46,72.85,99.87,3.29,25.98
2023-05-16,1.44,32.53,71.18,100.1,2.56,25.97
2023-05-17,2.07,31.45,77.55,100.41,3.67,26.94
2023-05-18,1.31,30.89,78.19,100.53,3.86,26.49
2023-05-19,4.39,30.97,76.84,100.36,4.22,26.25
2023-05-20,2.34,30.9,74.71,100.35,4.16,25.69
2023-05-21,2.35,30.42,76.55,100.44,3.77,25.73
2023-05-22,3.31,30.73,72.88,100.48,4.14,25.04
2023-05-23,3.53,31.34,69.4,100.46,3.69,24.63
2023-05-24,0.55,31.55,71.18,100.33,4.86,25.37
2023-05-25,4.29,31.32,74.75,100.3,4.35,26.05
2023-05-26,2.78,30.47,77.35,100.38,4.38,25.97
2023-05-27,0.37,31.83,68.68,100.15,2.96,24.58
2023-05-28,0.61,30.92,71.11,100.24,1.84,24.66
2023-05-29,0.35,30.86,67.48,100.35,1.86,23.88
2023-05-30,1.39,31.18,71.58,100.37,3.19,25.26
2023-05-31,0.62,31.71,68.44,100.19,2.82,24.88
2023-06-01,0.97,31.42,74.03,100.11,3.5,25.98
2023-06-02,0.75,31.74,73.47,100.04,3.09,26.09
2023-06-03,0.46,32.14,73.55,100.01,2.73,26.33
2023-06-04,1.7,31.56,73.52,100.07,3.23,25.98
2023-06-05,2.04,31.23,70.97,99.97,3.76,25.05
2023-06-06,1.35,31.79,71.93,99.87,2.78,25.69
2023-06-07,1.32,31.75,73.54,99.86,3.34,26.17
2023-06-08,1.24,32.68,68.08,99.78,2.33,25.22
2023-06-09,1.24,31.67,78.15,99.71,4.13,27.16
2023-06-10,6.03,32.12,73.6,99.61,3.34,26.28
2023-06-11,5.87,31.9,72.43,99.64,4.39,25.91
2023-06-12,3.24,30.6,78.24,99.72,3.8,26.28
2023-06-13,2.27,30.7,76.15,99.8,4.15,25.89
2023-06-14,2.51,31.59,71.38,99.88,3.76,25.42
2023-06-15,1.33,31.15,76.48,99.97,3.97,26.26
2023-06-16,0.84,32.35,75.08,99.8,3.69,26.87
2023-06-17,1.82,31.22,74.22,99.9,3.45,25.92
2023-06-18,6.77,31.21,75.86,99.93,3.33,26.34
2023-06-19,0.57,30.53,79.34,99.9,1.93,26.46
2023-06-20,4.54,30.37,78.18,99.9,2.5,26.04
2023-06-21,4.28,30.23,78.69,99.97,2.87,26.01
2023-06-22,6.6,29.24,82.29,100.03,4.32,25.84
2023-06-23,17.75,28.52,85.42,100.03,5.04,25.83
2023-06-24,10.41,28.71,83.35,99.93,4.71,25.52
2023-06-25,8.83,28.69,84.95,99.81,5.14,25.88
2023-06-26,5.2,29.39,73.77,99.84,4.85,24.0
2023-06-27,1.64,30.03,68.45,99.87,4.96,23.37
2023-06-28,1.39,30.14,73.25,100.06,4.87,24.59
2023-06-29,0.73,30.44,75.04,100.08,4.79,25.32
2023-06-30,0.46,30.54,70.27,100.03,4.3,24.22
2023-07-01,0.35,30.83,72.48,100.03,3.59,25.12
2023-07-02,15.09,30.44,77.17,99.96,1.97,25.87
2023-07-03,6.41,29.61,84.04,99.86,2.9,26.57
2023-07-04,3.87,29.34,83.75,99.7,3.45,26.26
2023-07-05,6.09,28.34,81.87,99.63,4.1,24.88
2023-07-06,4.15,29.19,78.07,99.79,5.36,24.88
2023-07-07,3.98,29.38,77.29,99.99,5.42,24.9
2023-07-08,3.4,29.62,77.61,100.16,4.26,25.16
2023-07-09,5.88,30.14,76.42,100.09,3.31,25.39
2023-07-10,4.08,29.13,79.33,100.08,2.45,25.13
2023-07-11,10.55,28.64,83.57,100.05,2.63,25.56
2023-07-12,8.21,28.75,79.59,99.98,2.32,24.79
2023-07-13,6.54,28.24,83.45,100.06,4.04,25.16
2023-07-14,1.47,29.52,80.92,100.08,4.06,25.81
2023-07-15,8.21,29.06,85.68,100.0,3.53,26.41
2023-07-16,8.97,28.58,83.56,99.86,4.72,25.48
2023-07-17,3.56,28.3,80.07,99.74,6.2,24.43
2023-07-18,6.91,27.58,84.19,99.56,7.97,24.65
2023-07-19,37.84,27.32,87.8,99.36,8.52,25.12
2023-07-20,37.64,27.7,87.57,99.33,6.84,25.43
2023-07-21,16.45,27.4,86.98,99.47,6.59,25.03
2023-07-22,6.71,28.33,85.22,99.75,4.47,25.58
2023-07-23,26.68,28.09,88.99,99.9,4.56,26.1
2023-07-24,12.29,28.0,88.99,99.72,2.82,26.0
2023-07-25,27.18,27.96,90.51,99.59,3.23,26.26
2023-07-26,28.91,28.77,88.7,99.41,4.78,26.68
2023-07-27,23.56,28.26,88.55,99.51,7.94,26.18
2023-07-28,2.52,28.16,88.14,99.57,7.38,26.01
2023-07-29,7.7,29.19,86.52,99.67,4.44,26.69
2023-07-30,15.23,28.94,86.15,99.69,3.82,26.37
2023-07-31,6.91,28.12,89.48,99.73,4.47,26.23
2023-08-01,26.32,28.22,89.39,99.68,5.48,26.31
2023-08-02,6.0,28.35,86.71,99.76,5.84,25.9
2023-08-03,1.98,28.64,86.09,99.82,4.99,26.05
2023-08-04,0.93,28.94,84.98,100.08,4.19,26.09
2023-08-05,1.6,28.9,86.61,100.24,3.95,26.4
2023-08-06,1.73,28.88,85.95,100.12,4.17,26.25
2023-08-07,1.24,28.0,88.23,99.95,4.12,25.87
2023-08-08,0.64,28.58,83.53,100.03,3.48,25.46
2023-08-09,1.23,28.69,84.11,100.24,2.69,25.71
2023-08-10,1.68,28.76,82.77,100.29,2.61,25.49
2023-08-11,1.14,28.77,83.88,100.24,2.08,25.72
2023-08-12,1.07,28.59,85.39,100.17,2.91,25.87
2023-08-13,2.45,28.86,83.61,100.12,2.15,25.76
2023-08-14,6.68,28.25,84.86,100.25,2.47,25.44
2023-08-15,2.4,28.61,81.85,100.22,2.96,25.14
2023-08-16,1.85,28.6,84.41,100.25,3.08,25.68
2023-08-17,6.32,28.49,86.04,100.12,2.97,25.91
2023-08-18,6.74,27.61,89.61,99.89,4.85,25.75
2023-08-19,1.03,28.06,85.48,99.8,6.46,25.37
2023-08-20,0.11,28.17,83.77,100.0,4.05,25.12
2023-08-21,10.84,28.35,85.8,100.04,3.5,25.72
2023-08-22,3.69,28.6,85.99,100.09,3.31,25.98
2023-08-23,5.83,28.03,89.63,100.15,4.01,26.18
2023-08-24,3.0,27.99,89.99,100.03,4.2,26.21
2023-08-25,10.01,27.89,89.1,100.14,3.9,25.93
2023-08-26,6.31,28.01,88.55,100.21,4.25,25.95
2023-08-27,5.08,28.46,86.63,100.18,4.05,26.0
2023-08-28,11.61,29.03,83.08,100.12,2.73,25.81
2023-08-29,0.87,28.91,77.14,100.12,1.75,24.39
2023-08-30,0.47,28.72,77.4,100.21,1.83,24.28
2023-08-31,0.45,28.57,81.02,100.23,1.64,24.97
2023-09-01,0.76,28.7,81.42,100.25,1.58,25.14
2023-09-02,6.98,28.3,88.72,100.18,2.67,26.27
2023-09-03,7.95,27.95,87.43,99.96,1.37,25.67
2023-09-04,13.67,28.52,82.11,99.68,1.47,25.11
2023-09-05,31.83,27.41,89.96,99.61,1.73,25.63
2023-09-06,30.4,27.79,90.31,99.7,1.8,26.07
2023-09-07,12.77,28.53,86.56,99.87,5.29,26.04
2023-09-08,2.89,28.25,83.06,100.06,4.99,25.04
2023-09-09,1.42,28.53,85.92,100.01,4.82,25.93
2023-09-10,4.82,28.41,88.79,99.88,3.86,26.4
2023-09-11,8.78,28.85,85.83,99.79,2.25,26.18
2023-09-12,30.26,28.24,87.06,99.89,3.01,25.86
2023-09-13,34.3,27.5,88.92,99.89,5.7,25.52
2023-09-14,3.32,27.23,87.71,99.85,6.15,25.03
2023-09-15,3.52,28.07,86.58,100.01,4.58,25.6
2023-09-16,3.74,28.4,86.37,100.12,2.47,25.89
2023-09-17,1.94,28.57,81.13,100.07,1.45,24.96
2023-09-18,9.0,28.76,83.5,100.03,2.05,25.63
2023-09-19,12.57,28.21,88.26,100.08,3.47,26.07
2023-09-20,12.54,28.16,87.69,100.18,3.28,25.93
2023-09-21,6.6,28.06,87.43,100.27,3.76,25.77
2023-09-22,2.74,27.96,89.34,100.31,4.41,26.05
2023-09-23,3.26,28.16,88.69,100.35,4.13,26.12
2023-09-24,3.68,27.77,90.91,100.26,2.96,26.17
2023-09-25,6.55,27.6,92.02,100.18,2.58,26.2
2023-09-26,2.7,27.97,87.23,100.22,1.53,25.65
2023-09-27,3.27,28.61,83.17,100.22,1.1,25.43
2023-09-28,2.71,28.9,83.09,100.14,1.96,25.66
2023-09-29,4.65,27.8,87.04,100.21,3.24,25.44
2023-09-30,2.28,28.38,84.12,100.19,3.78,25.43
2023-10-01,5.61,28.1,88.31,100.11,4.87,25.99
2023-10-02,6.78,27.8,90.84,100.12,4.76,26.18
2023-10-03,3.7,29.05,86.65,100.09,3.9,26.57
2023-10-04,2.92,29.17,78.5,100.22,1.63,24.86
2023-10-05,0.0,28.76,75.26,100.26,1.85,23.85
2023-10-06,0.0,28.07,74.96,100.25,2.18,23.05
2023-10-07,0.02,28.35,78.17,100.33,1.43,24.12
2023-10-08,0.25,28.11,82.14,100.54,1.62,24.75
2023-10-09,0.17,28.85,81.64,100.64,2.36,25.28
2023-10-10,0.21,28.66,80.91,100.66,1.98,25.0
2023-10-11,0.02,28.14,77.0,100.68,1.86,23.66
2023-10-12,0.0,28.47,73.83,100.8,1.81,23.33
2023-10-13,0.0,28.16,75.12,100.9,2.56,23.32
2023-10-14,0.02,28.01,75.68,100.86,2.61,23.3
2023-10-15,0.0,27.98,71.9,100.72,2.38,22.36
2023-10-16,0.01,28.02,70.26,100.77,2.57,22.08
2023-10-17,0.0,28.1,69.12,100.83,2.34,21.87
2023-10-18,0.04,27.79,74.81,100.88,2.4,22.89
2023-10-19,1.0,27.51,80.01,100.9,3.37,23.73
2023-10-20,1.1,27.22,80.98,100.91,4.51,23.63
2023-10-21,0.03,26.75,79.71,100.96,5.15,22.92
2023-10-22,0.03,26.33,76.74,100.89,5.1,21.85
2023-10-23,0.36,26.79,76.85,100.65,4.52,22.33
2023-10-24,0.07,27.14,77.11,100.71,2.39,22.76
2023-10-25,0.29,27.09,80.65,100.88,1.99,23.48
2023-10-26,0.46,26.77,80.61,100.91,2.94,23.14
2023-10-27,0.21,26.38,76.24,100.88,3.35,21.83
2023-10-28,0.1,26.31,77.83,100.92,3.47,22.1
2023-10-29,0.0,26.11,73.32,100.89,3.84,20.88
2023-10-30,0.0,25.69,73.81,100.9,4.28,20.64
2023-10-31,0.08,25.66,77.65,100.96,4.26,21.42
2023-11-01,1.82,26.3,81.93,100.95,4.71,22.93
2023-11-02,2.94,26.94,85.07,100.83,4.23,24.2
2023-11-03,13.57,26.93,85.71,100.71,3.26,24.32
2023-11-04,15.29,26.78,86.47,100.71,2.12,24.33
2023-11-05,3.2,26.77,86.32,100.86,3.3,24.28
2023-11-06,3.97,26.8,85.73,100.97,4.6,24.21
2023-11-07,1.06,26.71,80.58,100.97,4.13,23.06
2023-11-08,0.17,26.55,74.17,100.94,3.12,21.52
2023-11-09,0.0,25.59,70.36,100.99,3.66,19.7
2023-11-10,0.0,25.15,73.76,101.11,3.67,20.07
2023-11-11,0.0,25.42,70.21,101.12,3.36,19.47
2023-11-12,0.0,25.63,76.41,101.12,4.07,21.1
2023-11-13,0.02,25.52,77.54,101.11,4.76,21.23
2023-11-14,0.0,25.18,75.1,101.03,5.17,20.35
2023-11-15,0.64,24.83,74.37,100.92,5.91,19.83
2023-11-16,0.09,26.3,73.23,100.76,4.29,21.0
2023-11-17,0.0,25.36,77.51,100.93,3.81,21.04
2023-11-18,0.06,26.18,81.37,100.97,3.58,22.66
2023-11-19,0.02,25.81,82.25,101.0,4.8,22.47
2023-11-20,13.1,25.37,81.5,101.04,5.39,21.92
2023-11-21,0.67,25.48,83.21,100.99,4.37,22.34
2023-11-22,0.06,25.88,79.66,100.9,3.68,22.03
2023-11-23,0.27,25.92,78.8,100.84,4.04,21.9
2023-11-24,0.4,25.61,78.26,100.91,4.5,21.48
2023-11-25,0.14,25.43,76.0,101.04,4.73,20.81
2023-11-26,0.0,25.51,74.62,101.12,4.76,20.58
2023-11-27,0.0,25.25,77.44,101.02,4.39,20.93
2023-11-28,0.03,25.3,79.29,100.9,4.0,21.33
2023-11-29,0.3,25.37,77.71,100.95,4.21,21.04
2023-11-30,0.06,25.4,76.67,100.99,4.56,20.83
2023-12-01,0.06,25.56,79.2,100.9,4.96,21.5
2023-12-02,0.39,25.77,81.11,100.86,6.05,22.18
2023-12-03,3.66,25.95,84.3,100.87,6.84,23.07
2023-12-04,17.2,25.53,88.23,100.69,6.8,23.46
2023-12-05,75.03,25.7,90.12,100.56,6.13,23.97
2023-12-06,23.0,26.13,90.55,100.65,4.73,24.47
2023-12-07,2.78,25.54,87.35,100.75,2.15,23.26
2023-12-08,0.09,25.49,80.95,100.82,1.67,21.92
2023-12-09,0.23,24.8,79.89,100.98,3.13,21.0
2023-12-10,0.06,23.87,74.62,100.96,3.22,19.0
2023-12-11,0.05,23.47,75.83,101.03,3.0,18.95
2023-12-12,0.09,23.15,76.99,100.94,2.77,18.84
2023-12-13,0.11,23.12,75.56,101.04,2.89,18.5
2023-12-14,0.0,22.27,75.78,101.17,3.79,17.7
2023-12-15,0.02,22.35,77.0,101.22,4.33,18.0
2023-12-16,0.0,22.23,72.02,101.11,4.19,16.82
2023-12-17,0.0,22.46,73.19,101.1,4.11,17.32
2023-12-18,0.0,22.26,70.32,101.22,4.16,16.48
2023-12-19,0.0,22.06,70.52,101.27,4.41,16.32
2023-12-20,0.0,21.42,71.62,101.25,4.11,15.89
2023-12-21,0.0,21.33,69.1,101.19,2.98,15.25
2023-12-22,0.0,21.96,71.11,101.16,2.62,16.36
2023-12-23,0.0,22.43,74.7,101.26,3.5,17.61
2023-12-24,0.0,22.27,80.04,101.4,3.81,18.53
2023-12-25,0.01,22.87,77.22,101.29,3.43,18.45
2023-12-26,0.01,23.1,81.12,101.31,3.38,19.57
2023-12-27,0.0,23.17,78.89,101.35,3.61,19.18
2023-12-28,0.0,23.09,78.15,101.27,3.23,18.97
2023-12-29,0.0,22.96,79.29,101.29,3.26,19.08
2023-12-30,0.0,22.85,77.39,101.2,2.93,18.47
2023-12-31,0.05,22.75,79.65,101.18,3.28,18.87
2024-01-01,0.0,22.59,78.67,101.18,3.21,18.53
2024-01-02,0.0,22.22,78.35,101.14,3.58,18.06
2024-01-03,0.08,22.05,79.9,101.11,3.97,18.22
2024-01-04,0.0,22.43,76.08,101.1,3.78,17.78
2024-01-05,0.03,22.6,76.57,101.1,4.4,18.01
2024-01-06,0.01,22.83,79.98,101.15,4.45,19.0
2024-01-07,3.65,22.83,76.38,101.21,4.84,18.23
2024-01-08,0.0,23.64,72.17,101.25,4.95,18.1
2024-01-09,0.0,23.46,75.8,101.22,4.36,18.74
2024-01-10,0.0,23.66,71.4,101.11,3.07,17.79
2024-01-11,0.0,24.66,70.42,101.13,2.21,18.62
2024-01-12,0.0,23.92,82.26,101.14,3.3,20.59
2024-01-13,0.01,23.67,80.3,101.14,2.52,19.79
2024-01-14,0.0,23.41,77.36,101.09,2.37,18.98
2024-01-15,0.0,24.04,76.51,101.04,2.25,19.5
2024-01-16,0.01,24.24,77.37,100.92,1.94,19.94
2024-01-17,0.04,24.29,74.5,100.91,2.25,19.38
2024-01-18,0.0,23.8,74.5,101.0,2.04,18.89
2024-01-19,0.0,23.95,75.08,101.05,2.44,19.15
2024-01-20,0.02,23.92,79.21,101.15,2.85,20.0
2024-01-21,0.0,24.59,75.33,101.11,2.1,19.81
2024-01-22,0.17,24.23,79.92,101.22,2.42,20.51
2024-01-23,0.13,24.32,80.78,101.14,2.79,20.72
2024-01-24,0.04,24.81,79.77,101.06,2.92,20.98
2024-01-25,0.32,23.0,80.15,101.28,3.61,19.3
2024-01-26,0.08,23.54,77.79,101.45,3.72,19.28
2024-01-27,0.13,23.69,75.4,101.44,3.41,18.76
2024-01-28,0.0,23.09,67.03,101.42,3.25,16.19
2024-01-29,0.0,22.94,66.01,101.33,3.01,15.85
2024-01-30,0.0,23.86,65.55,101.22,1.98,16.77
2024-01-31,0.0,24.38,66.75,101.16,1.67,17.59
2024-02-01,0.0,24.8,66.58,101.16,1.41,17.9
2024-02-02,0.0,25.23,70.6,101.12,1.5,19.27
2024-02-03,0.01,25.09,74.57,101.2,2.25,20.08
2024-02-04,0.02,24.65,77.61,101.34,2.74,20.23
2024-02-05,0.0,24.82,73.28,101.33,1.93,19.38
2024-02-06,0.0,25.52,73.63,101.25,2.29,20.16
2024-02-07,0.0,26.41,69.19,101.17,1.73,19.87
2024-02-08,0.0,25.47,77.74,101.16,2.45,21.02
2024-02-09,0.0,24.95,71.32,101.3,3.74,19.18
2024-02-10,0.01,24.42,73.88,101.41,3.52,19.2
2024-02-11,0.0,24.76,70.02,101.46,3.35,18.6
2024-02-12,0.0,25.05,69.8,101.41,3.12,18.8
2024-02-13,0.03,25.15,70.41,101.35,2.84,18.78
2024-02-14,0.01,25.1,71.2,101.22,2.21,18.91
2024-02-15,0.0,25.62,65.42,101.23,2.12,18.11
2024-02-16,0.0,25.6,63.86,101.26,3.18,17.44
2024-02-17,0.0,25.95,64.73,101.05,2.54,18.15
2024-02-18,0.0,26.24,63.35,100.97,1.95,18.24
2024-02-19,0.0,26.36,65.02,100.99,3.02,18.77
2024-02-20,0.0,27.16,65.36,100.88,3.71,19.35
2024-02-21,0.0,27.25,67.58,100.78,4.42,20.23
2024-02-22,0.0,27.22,70.92,100.78,4.4,21.2
2024-02-23,0.05,26.94,74.04,100.84,3.15,21.65
2024-02-24,0.87,26.74,75.98,100.91,2.63,22.05
2024-02-25,0.05,26.81,69.44,100.95,2.46,20.55
2024-02-26,0.04,26.52,73.56,101.05,3.8,21.15
2024-02-27,0.06,26.72,74.06,101.06,3.59,21.42
2024-02-28,0.0,26.88,70.33,100.93,2.49,20.72
2024-02-29,0.23,27.74,66.93,100.94,2.06,20.79
2024-03-01,0.45,27.54,69.56,101.02,2.34,21.14
2024-03-02,0.09,27.6,67.87,100.92,2.61,20.68
2024-03-03,0.0,27.66,68.37,100.84,3.21,20.89
2024-03-04,0.04,27.81,67.28,100.83,3.01,20.8
2024-03-05,0.15,28.24,65.04,100.83,2.68,20.56
2024-03-06,0.07,28.55,63.52,100.81,2.51,20.3
2024-03-07,0.01,28.13,67.05,100.77,2.61,21.04
2024-03-08,0.0,28.5,66.51,100.78,2.44,21.29
2024-03-09,0.26,28.21,68.78,100.88,2.41,21.66
2024-03-10,1.68,27.81,71.65,101.04,2.35,22.05
2024-03-11,0.0,28.12,66.44,101.1,2.6,21.07
2024-03-12,0.0,28.9,69.71,100.89,3.99,22.39
2024-03-13,0.01,29.01,72.29,100.77,4.3,23.15
2024-03-14,0.04,29.08,71.26,100.8,4.25,22.92
2024-03-15,0.01,28.87,66.41,100.76,3.3,21.43
2024-03-16,0.2,28.45,70.47,100.88,2.66,22.17
2024-03-17,0.07,28.73,67.74,100.87,1.99,21.72
2024-03-18,0.04,28.99,64.41,100.79,2.61,21.2
2024-03-19,0.39,29.0,64.88,100.79,2.19,21.46
2024-03-20,13.98,26.54,75.99,100.93,4.12,21.78
2024-03-21,0.06,26.21,64.14,100.94,2.35,18.44
2024-03-22,0.35,27.82,70.13,100.64,3.44,21.61
2024-03-23,0.16,28.35,72.65,100.57,3.81,22.5
2024-03-24,0.12,28.48,72.77,100.78,3.83,22.74
2024-03-25,0.04,28.73,68.92,100.8,3.38,21.93
2024-03-26,0.01,28.77,65.45,100.87,3.54,21.0
2024-03-27,0.0,28.97,63.59,100.98,3.49,20.61
2024-03-28,0.02,29.67,64.63,100.76,3.96,21.67
2024-03-29,0.02,29.68,67.83,100.64,4.2,22.59
2024-03-30,0.05,29.84,64.11,100.75,4.23,21.58
2024-03-31,0.06,30.08,62.13,100.8,4.11,21.37
2024-04-01,0.03,30.25,64.74,100.52,4.54,22.13
2024-04-02,0.0,30.28,68.02,100.36,4.73,23.1
2024-04-03,0.01,30.19,71.11,100.47,4.59,23.89
2024-04-04,0.0,30.71,67.82,100.45,4.66,23.45
2024-04-05,0.0,31.52,62.4,100.32,4.48,22.67
2024-04-06,0.01,31.72,60.29,100.24,4.23,22.05
2024-04-07,0.19,31.08,67.75,100.27,4.03,23.68
2024-04-08,0.39,29.82,73.78,100.64,3.66,24.27
2024-04-09,0.11,29.83,67.44,100.71,2.38,22.56
2024-04-10,0.04,30.1,59.69,100.68,2.0,20.77
2024-04-11,0.03,30.4,57.77,100.73,1.77,20.56
2024-04-12,0.12,30.06,63.41,100.73,2.48,21.87
2024-04-13,0.06,30.4,60.61,100.69,2.15,21.45
2024-04-14,0.07,30.67,60.01,100.7,2.0,21.51
2024-04-15,0.03,31.37,58.09,100.65,3.01,21.31
2024-04-16,0.01,31.71,61.71,100.49,4.5,22.77
2024-04-17,0.0,32.28,62.21,100.32,4.84,23.46
2024-04-18,0.01,32.14,63.54,100.19,4.12,23.55
2024-04-19,0.01,31.64,68.51,100.09,4.32,24.47
2024-04-20,0.17,31.85,66.97,100.13,4.58,24.27
2024-04-21,0.34,31.95,64.48,100.21,3.95,23.86
2024-04-22,0.25,31.73,64.16,100.33,3.11,23.08
2024-04-23,0.06,31.67,60.99,100.28,2.3,22.68
2024-04-24,0.02,31.82,60.92,100.22,3.13,22.54
2024-04-25,0.1,31.55,64.85,100.23,3.2,23.37
2024-04-26,0.24,31.83,63.94,100.22,3.93,23.55
2024-04-27,0.1,32.35,60.89,100.2,3.68,23.05
2024-04-28,0.05,32.24,62.87,100.28,3.96,23.64
2024-04-29,0.34,32.04,62.66,100.37,4.26,23.32
2024-04-30,0.03,32.64,59.35,100.12,4.88,22.93
2024-05-01,0.02,32.42,63.92,99.93,5.32,24.07
2024-05-02,0.06,31.84,71.64,99.95,4.97,25.67
2024-05-03,0.13,32.04,72.34,100.12,4.43,25.94
2024-05-04,0.14,31.82,71.42,100.2,4.72,25.41
2024-05-05,0.08,31.58,73.63,100.07,5.3,25.88
2024-05-06,2.8,31.43,76.1,100.17,5.01,26.41
2024-05-07,6.2,30.31,78.4,100.49,3.25,25.97
2024-05-08,2.67,29.99,71.13,100.47,2.52,23.78
2024-05-09,3.52,29.96,73.7,100.46,3.13,24.58
2024-05-10,5.23,29.54,76.94,100.52,3.19,24.92
2024-05-11,2.66,30.29,77.0,100.55,3.95,25.64
2024-05-12,2.33,30.47,75.19,100.53,3.58,25.43
2024-05-13,2.49,30.94,68.2,100.49,2.41,24.14
2024-05-14,1.26,30.55,68.86,100.5,1.96,24.07
2024-05-15,1.65,30.33,72.2,100.59,2.57,24.62
2024-05-16,22.55,28.74,77.7,100.64,2.41,24.43
2024-05-17,2.09,29.52,73.03,100.45,1.8,24.05
2024-05-18,0.89,30.24,74.42,100.25,2.44,25.04
2024-05-19,1.76,30.52,76.64,100.07,2.88,25.82
2024-05-20,1.82,30.82,76.11,100.08,3.13,25.97
2024-05-21,1.8,30.68,75.95,100.04,2.34,25.86
2024-05-22,1.12,31.08,71.93,99.98,2.65,25.17
2024-05-23,0.52,31.08,70.39,99.76,3.64,24.79
2024-05-24,3.02,30.93,66.78,99.63,2.33,23.79
2024-05-25,7.81,30.69,75.21,99.54,2.7,25.72
2024-05-26,3.96,31.79,73.02,99.45,4.38,26.14
2024-05-27,2.18,32.59,73.13,99.34,4.52,26.68
2024-05-28,0.77,33.39,69.57,99.42,4.51,26.15
2024-05-29,0.75,32.25,73.27,99.58,4.03,26.29
2024-05-30,2.01,31.15,82.48,99.74,3.44,27.69
2024-05-31,4.43,30.87,85.41,99.87,3.39,28.05
2024-06-01,10.78,30.6,85.66,100.02,3.26,27.88
2024-06-02,11.61,30.47,83.1,100.18,3.97,27.23
2024-06-03,15.33,30.65,76.12,100.17,2.33,25.75
2024-06-04,1.72,31.32,74.81,100.19,3.92,26.13
2024-06-05,8.1,30.83,79.36,100.21,3.94,26.78
2024-06-06,5.83,30.87,75.14,100.3,4.2,25.73
2024-06-07,1.08,30.3,77.89,100.18,4.65,25.85
2024-06-08,0.6,29.44,80.28,100.17,5.62,25.61
2024-06-09,2.6,29.32,80.48,100.04,5.54,25.54
2024-06-10,0.89,30.1,77.51,99.96,4.4,25.63
2024-06-11,0.38,30.42,74.58,99.92,4.45,25.16
2024-06-12,2.81,30.52,73.44,99.98,2.57,24.94
2024-06-13,3.55,29.15,77.69,100.08,4.12,24.79
2024-06-14,1.67,30.19,74.68,99.95,1.98,25.01
2024-06-15,2.84,30.64,76.96,99.87,1.35,25.96
2024-06-16,1.74,30.53,75.1,99.96,2.3,25.36
2024-06-17,1.18,30.56,79.32,100.03,3.68,26.32
2024-06-18,1.76,30.49,79.26,99.95,3.67,26.35
2024-06-19,1.04,30.51,75.37,99.79,4.2,25.44
2024-06-20,5.48,30.08,76.73,99.78,5.31,25.38
2024-06-21,13.94,29.41,83.5,99.8,3.34,26.29
2024-06-22,8.41,29.64,80.3,99.66,2.9,25.75
2024-06-23,6.07,28.79,82.84,99.74,4.78,25.51
2024-06-24,2.48,29.37,80.45,99.74,3.79,25.58
2024-06-25,6.77,29.48,81.63,99.68,4.39,25.94
2024-06-26,13.44,29.11,83.27,99.63,4.26,25.94
2024-06-27,22.85,27.69,84.22,99.81,6.4,24.76
2024-06-28,8.68,27.95,79.91,99.85,6.04,24.1
2024-06-29,3.29,29.29,80.08,99.91,4.53,25.36
2024-06-30,4.59,28.97,84.62,100.03,5.98,26.07
2024-07-01,5.05,28.64,82.95,100.05,5.88,25.4
2024-07-02,2.06,29.5,79.36,99.88,5.36,25.43
2024-07-03,2.65,29.55,80.87,99.86,4.31,25.77
2024-07-04,4.38,28.75,86.05,100.0,4.37,26.15
2024-07-05,7.7,28.04,88.97,99.93,5.48,26.04
2024-07-06,3.61,28.51,83.21,99.82,5.6,25.33
2024-07-07,22.11,28.35,84.36,99.86,4.07,25.41
2024-07-08,3.39,28.0,86.36,99.82,3.46,25.5
2024-07-09,4.14,28.29,85.25,100.03,4.21,25.56
2024-07-10,2.16,28.37,84.67,100.22,4.55,25.53
2024-07-11,1.3,28.71,84.48,100.07,4.51,25.79
2024-07-12,1.72,28.65,86.61,99.81,4.92,26.17
2024-07-13,2.17,28.69,83.69,99.64,4.93,25.59
2024-07-14,13.57,28.0,88.08,99.46,4.99,25.83
2024-07-15,34.21,27.05,89.88,99.45,6.15,25.26
2024-07-16,1.14,28.72,84.46,99.46,5.05,25.76
2024-07-17,10.94,28.92,83.03,99.57,4.49,25.67
2024-07-18,59.23,27.61,90.3,99.5,4.7,25.89
2024-07-19,55.47,27.46,91.17,99.2,6.66,25.9
2024-07-20,49.83,27.2,89.08,99.16,9.27,25.25
2024-07-21,29.63,27.56,89.15,99.48,8.2,25.62
2024-07-22,3.79,28.57,86.33,99.74,6.3,26.03
2024-07-23,11.24,28.4,85.14,99.8,6.0,25.63
2024-07-24,12.35,28.2,86.09,99.61,6.51,25.63
2024-07-25,4.32,28.11,87.47,99.45,6.22,25.81
2024-07-26,7.37,27.56,86.59,99.45,6.78,25.1
2024-07-27,11.63,28.18,86.19,99.45,6.38,25.63
2024-07-28,4.2,28.28,86.3,99.45,5.68,25.74
2024-07-29,2.98,28.46,87.25,99.56,4.08,26.08
2024-07-30,5.21,28.43,90.26,99.83,4.91,26.67
2024-07-31,6.55,28.46,90.37,99.89,4.25,26.73
2024-08-01,5.17,28.19,91.17,99.83,4.61,26.61
2024-08-02,5.65,28.29,88.73,99.87,5.05,26.23
2024-08-03,6.22,27.96,89.56,100.06,5.1,26.09
2024-08-04,2.4,27.95,88.84,100.17,4.56,25.94
2024-08-05,4.55,27.86,90.47,100.21,3.76,26.16
2024-08-06,10.36,27.66,92.31,100.0,4.76,26.32
2024-08-07,13.32,27.38,91.67,99.99,4.9,25.92
2024-08-08,4.07,28.15,86.03,100.05,4.03,25.56
2024-08-09,0.67,28.61,86.5,100.14,3.47,26.11
2024-08-10,0.56,28.95,84.54,100.15,2.93,26.04
2024-08-11,1.4,28.58,88.64,100.05,3.07,26.52
2024-08-12,1.52,29.38,84.3,100.02,2.45,26.39
2024-08-13,3.24,29.24,86.98,100.1,2.86,26.83
2024-08-14,2.08,28.56,89.44,100.16,2.48,26.66
2024-08-15,1.69,28.34,90.1,100.11,2.42,26.57
2024-08-16,0.99,28.46,89.71,100.04,2.63,26.6
2024-08-17,1.14,28.56,89.46,100.11,3.14,26.67
2024-08-18,2.61,28.88,86.58,100.21,2.83,26.4
2024-08-19,3.09,28.91,88.68,100.13,3.55,26.85
2024-08-20,1.96,28.97,87.71,100.18,3.49,26.71
2024-08-21,3.25,29.01,85.78,100.3,3.68,26.38
2024-08-22,12.0,28.16,87.81,100.32,3.97,25.96
2024-08-23,5.4,28.15,88.38,100.28,4.29,26.05
2024-08-24,10.46,27.91,88.87,100.26,5.47,25.92
2024-08-25,7.65,28.19,86.97,100.13,5.31,25.8
2024-08-26,6.08,28.48,85.84,100.04,4.96,25.85
2024-08-27,3.79,28.2,87.83,100.2,4.42,25.97
2024-08-28,25.31,27.58,90.57,100.16,4.27,25.91
2024-08-29,33.07,27.13,88.93,99.95,3.47,25.15
2024-08-30,25.27,28.05,86.8,99.84,2.77,25.64
2024-08-31,17.05,28.27,91.08,99.54,3.41,26.69
2024-09-01,8.5,28.19,89.9,99.54,4.55,26.38
2024-09-02,2.99,27.47,86.63,99.92,5.52,25.05
2024-09-03,5.32,27.98,85.46,100.1,4.17,25.31
2024-09-04,7.91,28.2,86.93,99.93,1.98,25.8
2024-09-05,13.71,28.3,86.32,99.82,1.56,25.8
2024-09-06,31.03,28.2,88.88,99.86,1.81,26.2
2024-09-07,23.14,29.0,85.7,99.85,2.4,26.32
2024-09-08,30.34,28.47,90.13,99.76,4.64,26.71
2024-09-09,33.03,27.68,90.15,99.55,6.15,25.94
2024-09-10,5.05,28.11,87.85,99.66,7.13,25.9
2024-09-11,1.51,28.39,86.24,99.97,4.36,25.84
2024-09-12,2.4,28.56,84.38,100.14,3.4,25.65
2024-09-13,3.06,29.03,85.49,100.02,3.46,26.31
2024-09-14,1.7,29.12,83.87,99.9,3.28,26.06
2024-09-15,0.26,28.74,81.99,99.91,3.69,25.31
2024-09-16,0.56,28.71,83.27,99.9,3.87,25.52
2024-09-17,1.03,28.75,84.11,99.92,3.23,25.76
2024-09-18,0.32,28.87,79.36,99.97,2.39,24.85
2024-09-19,4.12,28.49,79.05,100.03,1.58,24.4
2024-09-20,13.94,28.21,84.07,100.06,1.46,25.23
2024-09-21,7.24,28.86,81.45,100.06,1.83,25.32
2024-09-22,1.42,28.83,84.75,100.0,2.75,26.0
2024-09-23,9.08,28.9,78.59,100.0,1.52,24.74
2024-09-24,5.49,28.28,82.37,99.93,1.46,24.98
2024-09-25,10.81,28.36,89.2,99.94,3.63,26.43
2024-09-26,18.95,28.35,88.44,100.02,4.84,26.28
2024-09-27,14.56,27.92,89.06,100.32,4.21,25.97
2024-09-28,1.84,28.26,86.27,100.49,3.14,25.75
2024-09-29,1.16,28.42,86.12,100.58,3.42,25.87
2024-09-30,0.75,28.65,86.9,100.53,3.65,26.25
2024-10-01,1.04,29.26,85.3,100.31,3.17,26.51
2024-10-02,1.55,28.88,87.38,100.29,3.04,26.56
2024-10-03,0.97,29.22,86.6,100.17,2.97,26.73
2024-10-04,1.46,29.74,79.94,100.2,1.87,25.78
2024-10-05,1.67,29.57,78.7,100.34,1.42,25.39
2024-10-06,3.26,28.63,79.44,100.51,1.5,24.66
2024-10-07,1.62,27.75,82.9,100.71,2.17,24.58
2024-10-08,1.85,28.3,80.77,100.77,1.93,24.68
2024-10-09,1.57,28.3,82.86,100.61,2.51,25.09
2024-10-10,3.23,28.0,86.2,100.51,2.7,25.49
2024-10-11,5.44,28.26,84.15,100.5,2.31,25.33
2024-10-12,1.12,28.44,81.99,100.59,2.13,25.07
2024-10-13,1.78,28.48,83.2,100.6,3.17,25.35
2024-10-14,10.89,28.61,85.4,100.56,4.36,25.92
2024-10-15,13.73,28.58,86.41,100.53,3.99,26.09
2024-10-16,8.06,28.86,85.6,100.46,4.71,26.21
2024-10-17,14.04,28.6,88.65,100.47,4.1,26.55
2024-10-18,4.36,28.51,87.81,100.52,2.71,26.3
2024-10-19,4.08,28.46,87.2,100.64,3.04,26.13
2024-10-20,6.97,28.53,82.43,100.75,2.87,25.2
2024-10-21,0.68,28.22,81.0,100.75,2.7,24.66
2024-10-22,0.03,28.09,77.16,100.69,2.82,23.69
2024-10-23,0.0,27.72,73.96,100.5,3.51,22.57
2024-10-24,0.0,27.68,74.46,100.28,3.14,22.65
2024-10-25,3.71,28.06,77.87,100.21,2.15,23.78
2024-10-26,13.63,28.02,84.69,100.25,2.57,25.18
2024-10-27,0.74,28.59,78.63,100.24,1.81,24.44
2024-10-28,0.75,27.9,81.23,100.32,1.36,24.39
2024-10-29,0.28,27.77,78.12,100.45,1.65,23.56
2024-10-30,6.49,27.75,77.33,100.6,1.44,23.43
2024-10-31,0.74,27.71,75.47,100.73,1.34,22.97
2024-11-01,0.01,27.1,79.15,100.81,1.19,23.16
2024-11-02,0.04,27.56,79.58,100.86,2.06,23.7
2024-11-03,0.1,27.08,83.09,100.89,3.47,23.96
2024-11-04,0.0,26.86,75.94,100.79,3.19,22.23
2024-11-05,0.2,26.49,79.7,100.83,4.03,22.65
2024-11-06,0.15,26.89,84.18,100.84,4.29,23.97
2024-11-07,0.31,26.99,84.89,100.85,4.31,24.22
2024-11-08,0.15,26.74,82.01,100.86,4.08,23.38
2024-11-09,0.0,26.57,80.57,100.85,4.43,22.92
2024-11-10,0.0,26.24,76.64,100.8,4.77,21.77
2024-11-11,2.11,25.95,80.93,100.73,5.81,22.4
2024-11-12,2.43,26.29,86.92,100.72,4.73,23.9
2024-11-13,1.33,26.94,84.72,100.68,4.12,24.13
2024-11-14,2.61,26.49,86.54,100.8,4.98,24.05
2024-11-15,0.15,26.35,82.14,100.85,4.07,23.04
2024-11-16,0.0,25.4,80.69,100.8,3.71,21.8
2024-11-17,0.0,24.45,78.24,100.85,4.06,20.37
2024-11-18,0.0,23.81,76.77,100.93,4.03,19.4
2024-11-19,0.0,23.76,74.6,101.0,3.14,18.91
2024-11-20,0.0,23.69,73.8,100.96,3.14,18.68
2024-11-21,0.0,23.58,75.92,100.92,3.23,19.05
2024-11-22,0.0,23.79,76.29,100.89,3.19,19.3
2024-11-23,0.04,24.26,76.97,100.98,3.11,19.9
2024-11-24,0.02,24.28,78.31,101.0,3.57,20.23
2024-11-25,0.07,24.0,80.59,100.94,4.57,20.39
2024-11-26,1.2,24.17,77.19,100.88,5.5,19.82
2024-11-27,0.0,23.56,76.4,100.81,6.0,19.11
2024-11-28,4.03,24.23,82.59,100.74,6.62,20.99
2024-11-29,6.54,25.03,89.85,100.67,5.95,23.21
2024-11-30,9.69,26.22,88.29,100.59,6.09,24.14
2024-12-01,10.91,26.07,91.43,100.42,5.97,24.58
2024-12-02,3.73,25.52,91.4,100.47,3.75,24.02
2024-12-03,1.33,26.21,90.07,100.71,4.43,24.46
2024-12-04,0.23,25.59,86.72,100.82,4.16,23.19
2024-12-05,0.1,25.74,82.98,100.85,3.25,22.62
2024-12-06,0.0,25.73,77.45,100.81,1.61,21.45
2024-12-07,0.52,25.7,74.18,100.79,1.28,20.71
2024-12-08,0.15,25.43,81.98,100.79,1.64,22.14
2024-12-09,0.38,25.72,82.6,100.75,1.49,22.52
2024-12-10,2.32,25.66,84.69,100.8,3.25,22.87
2024-12-11,1.07,24.34,81.99,100.91,4.99,21.01
2024-12-12,0.0,23.77,78.64,100.87,4.04,19.77
2024-12-13,0.0,22.97,73.38,100.95,3.98,17.86
2024-12-14,0.0,22.34,70.2,101.11,4.27,16.45
2024-12-15,0.0,22.03,70.32,101.17,4.15,16.18
2024-12-16,0.0,21.91,68.66,101.06,4.36,15.6
2024-12-17,1.35,22.96,74.67,100.89,5.12,17.9
2024-12-18,5.61,23.52,87.05,100.75,6.06,21.16
2024-12-19,5.03,24.42,91.18,100.72,5.79,22.83
2024-12-20,20.54,24.79,91.29,100.68,5.35,23.29
2024-12-21,6.96,24.78,88.34,100.64,5.2,22.72
2024-12-22,7.84,23.47,85.51,100.81,6.0,20.85
2024-12-23,3.69,23.6,87.27,100.86,6.07,21.33
2024-12-24,4.1,22.94,88.62,100.85,6.66,20.91
2024-12-25,4.93,24.28,90.16,100.98,5.53,22.54
2024-12-26,0.43,24.28,85.24,101.27,5.15,21.63
2024-12-27,0.0,23.85,81.13,101.34,4.68,20.33
2024-12-28,0.0,23.82,79.32,101.25,3.8,19.92
2024-12-29,0.0,23.73,80.23,101.21,3.18,19.97
2024-12-30,0.0,24.07,78.99,101.22,3.27,20.1
2024-12-31,0.26,23.76,83.56,101.22,3.21,20.73
2025-01-01,0.0,23.17,76.86,101.09,2.91,18.68
2025-01-02,0.0,22.18,67.99,101.08,3.29,15.74
2025-01-03,0.0,21.84,69.59,101.11,2.94,15.86
2025-01-04,0.0,22.08,70.2,101.01,2.51,16.21
2025-01-05,0.0,22.61,77.84,101.02,2.05,18.48
2025-01-06,0.0,23.35,74.05,100.99,1.91,18.37
2025-01-07,0.0,23.66,69.41,100.96,1.27,17.63
2025-01-08,0.0,23.4,70.78,100.99,2.29,17.6
2025-01-09,0.01,22.75,74.55,101.13,3.83,17.86
2025-01-10,0.03,22.39,73.94,101.31,4.22,17.36
2025-01-11,0.05,22.41,77.55,101.31,4.24,18.14
2025-01-12,0.01,22.91,76.11,101.21,3.61,18.31
2025-01-13,0.0,23.42,76.97,101.07,3.14,19.0
2025-01-14,0.01,23.75,78.84,101.19,3.77,19.69
2025-01-15,0.3,23.62,76.78,101.26,4.59,19.13
2025-01-16,0.01,23.27,74.87,101.22,4.13,18.44
2025-01-17,0.0,22.98,71.16,101.12,4.34,17.24
2025-01-18,0.01,22.59,70.37,101.09,4.23,16.69
2025-01-19,0.0,23.11,69.69,101.02,4.22,16.92
2025-01-20,0.0,23.57,62.46,100.9,2.56,15.47
2025-01-21,0.0,23.7,60.49,100.84,2.32,15.22
2025-01-22,0.0,23.74,66.32,100.86,2.18,16.6
2025-01-23,0.01,24.09,71.34,100.9,1.52,18.4
2025-01-24,0.0,24.06,68.77,100.85,1.47,17.66
2025-01-25,0.0,24.34,66.42,100.91,1.45,17.35
2025-01-26,0.0,24.29,74.16,100.89,2.23,19.22
2025-01-27,0.09,24.15,75.35,100.79,1.77,19.2
2025-01-28,0.01,24.22,78.69,100.82,2.1,20.09
2025-01-29,0.08,24.34,77.26,101.04,1.99,19.96
2025-01-30,0.08,24.28,76.77,100.85,1.76,19.83
2025-01-31,0.0,24.98,73.87,100.76,2.08,19.72
2025-02-01,0.0,25.42,73.24,100.82,1.72,20.03
2025-02-02,0.0,25.46,70.99,100.84,1.99,19.41
2025-02-03,0.0,26.2,64.14,100.82,1.74,18.45
2025-02-04,0.0,26.45,66.2,100.88,1.46,19.3
2025-02-05,0.0,26.69,72.3,100.77,1.75,21.07
2025-02-06,0.0,26.81,71.0,100.76,2.22,20.6
2025-02-07,0.0,26.7,64.39,100.93,2.09,18.9
2025-02-08,0.0,26.15,69.77,100.94,2.61,19.6
2025-02-09,0.01,25.58,76.34,100.92,2.16,20.77
2025-02-10,0.0,25.64,70.99,100.99,1.71,19.63
2025-02-11,0.0,25.94,66.13,100.98,2.51,18.7
2025-02-12,0.0,26.51,65.92,100.92,2.95,19.02
2025-02-13,0.0,27.06,65.63,100.87,2.97,19.46
2025-02-14,0.0,26.36,65.77,100.83,2.31,18.56
2025-02-15,0.0,26.08,64.36,100.8,2.12,17.92
2025-02-16,0.01,26.18,70.73,100.87,2.09,19.81
2025-02-17,0.02,26.28,72.61,101.01,2.3,20.62
2025-02-18,0.0,26.63,73.09,100.93,3.38,21.05
2025-02-19,0.02,26.69,71.96,100.8,3.09,20.89
2025-02-20,0.0,26.65,71.02,100.92,2.63,20.71
2025-02-21,0.01,26.71,69.79,101.03,2.02,20.49
2025-02-22,0.03,27.25,69.16,101.03,2.52,20.88
2025-02-23,0.13,27.55,66.38,101.06,1.99,20.03
2025-02-24,0.02,26.92,69.41,101.18,3.02,20.51
2025-02-25,0.01,26.94,70.97,101.27,3.15,20.91
2025-02-26,0.0,26.98,69.73,101.27,3.52,20.7
2025-02-27,0.0,26.91,67.59,101.11,2.78,20.19
2025-02-28,0.0,26.94,63.83,101.0,2.31,19.22
2025-03-01,0.0,26.98,63.68,100.87,1.81,19.06
2025-03-02,0.0,27.66,66.22,100.65,2.52,20.21
2025-03-03,0.0,28.68,65.51,100.63,3.05,20.76
2025-03-04,0.02,28.9,66.93,100.65,1.95,21.41
2025-03-05,0.04,28.83,69.11,100.61,2.24,21.63
2025-03-06,0.0,28.06,44.45,100.74,3.36,12.53
2025-03-07,0.0,26.89,54.33,100.66,2.17,16.06
2025-03-08,0.0,27.04,72.24,100.55,3.13,21.15
2025-03-09,0.01,27.13,70.92,100.77,2.5,21.08
2025-03-10,0.0,27.07,69.22,101.04,3.57,20.52
2025-03-11,0.0,26.95,65.2,101.0,2.6,19.11
2025-03-12,0.0,28.0,66.0,100.71,3.1,19.89
2025-03-13,0.05,29.18,67.81,100.53,4.01,21.58
2025-03-14,0.11,29.22,71.79,100.59,4.16,22.97
2025-03-15,0.0,29.05,68.51,100.7,4.08,21.96
2025-03-16,0.0,29.02,65.08,100.72,3.65,20.96
2025-03-17,0.04,28.88,64.53,100.66,4.28,20.66
2025-03-18,0.17,28.71,67.61,100.64,3.59,21.32
2025-03-19,0.28,28.23,75.14,100.92,3.7,22.92
2025-03-20,0.43,27.87,72.16,101.05,3.18,21.77
2025-03-21,0.03,28.29,67.0,101.04,3.83,20.91
2025-03-22,1.41,27.95,74.75,100.98,2.9,22.67
2025-03-23,1.36,27.99,71.15,101.01,2.56,21.83
2025-03-24,2.59,28.27,68.23,100.92,2.16,21.62
2025-03-25,0.21,28.56,63.94,100.61,2.23,20.72
2025-03-26,0.14,29.07,67.89,100.43,3.3,22.05
2025-03-27,0.25,30.19,66.35,100.31,3.74,22.1
2025-03-28,0.02,30.54,67.55,100.22,4.04,22.72
2025-03-29,0.01,30.37,68.2,100.25,3.93,23.09
2025-03-30,0.16,29.75,71.7,100.48,3.45,23.65
2025-03-31,0.02,29.04,71.67,100.58,3.61,23.06
2025-04-01,0.01,28.53,69.06,100.57,3.45,22.01
2025-04-02,0.1,28.67,67.67,100.63,3.06,21.72
2025-04-03,1.37,28.69,73.32,100.78,2.56,23.28
2025-04-04,0.88,29.64,68.01,100.73,2.5,22.73
2025-04-05,1.54,30.0,66.06,100.58,2.69,22.66
2025-04-06,1.04,30.03,67.6,100.47,3.54,22.87
2025-04-07,0.38,29.81,67.89,100.57,2.67,22.71
2025-04-08,1.43,29.13,73.52,100.77,4.24,23.72
2025-04-09,0.79,29.17,71.04,100.58,4.81,23.21
2025-04-10,1.15,28.97,72.16,100.25,2.89,23.21
2025-04-11,2.53,29.32,75.07,100.18,2.64,24.31
2025-04-12,1.1,30.53,71.69,100.24,2.92,24.35
2025-04-13,0.78,30.06,71.04,100.45,2.0,23.9
2025-04-14,1.03,29.97,65.32,100.47,2.38,22.44
2025-04-15,1.44,29.6,67.76,100.53,2.51,22.79
2025-04-16,4.12,29.32,72.68,100.51,3.58,23.71
2025-04-17,0.65,30.0,70.72,100.4,4.29,23.83
2025-04-18,0.37,30.35,70.85,100.31,4.73,24.22
2025-04-19,0.5,30.84,70.53,100.24,4.71,24.51
2025-04-20,0.82,31.1,70.73,100.29,4.4,24.88
2025-04-21,0.17,31.18,70.41,100.44,4.13,24.81
2025-04-22,0.02,30.89,71.43,100.51,4.69,24.78
2025-04-23,0.01,31.35,68.08,100.36,4.85,24.33
2025-04-24,0.03,31.04,69.85,100.28,5.5,24.52
2025-04-25,0.05,30.72,72.38,100.36,5.24,24.95
2025-04-26,0.7,30.5,71.1,100.4,4.75,24.28
2025-04-27,1.53,29.99,71.36,100.54,3.48,23.94
2025-04-28,5.5,29.85,70.48,100.43,3.44,23.68
2025-04-29,6.01,29.75,74.2,100.37,3.77,24.41
2025-04-30,11.27,28.96,78.16,100.47,2.38,24.68
2025-05-01,3.2,29.35,73.65,100.54,2.52,24.0
2025-05-02,3.84,29.43,74.57,100.5,2.61,24.29
2025-05-03,7.74,30.07,76.19,100.35,3.59,25.25
2025-05-04,12.28,29.16,77.93,100.3,3.07,24.83
2025-05-05,3.17,29.54,71.86,100.29,3.12,23.68
2025-05-06,1.8,30.23,72.83,100.31,3.3,24.5
2025-05-07,0.64,30.53,69.26,100.23,3.34,24.03
2025-05-08,0.81,30.3,71.6,100.31,3.39,24.41
2025-05-09,0.39,30.33,72.87,100.36,2.68,24.62
2025-05-10,0.17,30.22,74.4,100.37,2.69,24.82
2025-05-11,0.32,30.71,72.51,100.21,3.07,24.73
2025-05-12,1.34,31.16,74.66,100.04,3.16,25.83
2025-05-13,1.16,31.1,74.04,100.06,2.66,25.71
2025-05-14,3.21,30.76,74.6,100.15,2.58,25.63
2025-05-15,2.87,30.69,75.4,100.18,2.74,25.75
2025-05-16,1.2,30.68,76.15,100.16,2.35,25.82
2025-05-17,3.53,30.05,77.42,100.18,1.75,25.55
2025-05-18,3.33,29.85,78.62,100.18,2.53,25.68
2025-05-19,11.04,30.01,79.59,100.07,4.26,26.04
2025-05-20,15.34,29.63,86.3,99.96,3.48,27.08
2025-05-21,28.81,29.48,86.36,100.05,1.93,26.96
2025-05-22,10.23,29.73,78.22,99.98,1.55,25.44
2025-05-23,2.21,30.13,78.31,99.81,4.26,25.82
2025-05-24,5.81,29.65,82.16,99.8,3.39,26.27
2025-05-25,2.44,29.72,80.91,99.88,4.81,26.04
2025-05-26,7.64,28.84,84.95,99.69,3.89,26.06
2025-05-27,17.47,29.1,81.21,99.49,3.6,25.45
2025-05-28,31.79,29.26,85.32,99.38,3.47,26.52
2025-05-29,7.61,29.8,82.62,99.38,3.49,26.48
2025-05-30,10.25,29.88,84.33,99.51,4.42,26.93
2025-05-31,2.67,30.39,80.19,99.75,3.07,26.51
2025-06-01,0.11,31.18,71.98,99.89,3.13,25.32
2025-06-02,0.03,30.95,71.81,99.96,4.57,25.11
2025-06-03,0.35,31.11,72.81,100.04,4.7,25.52
2025-06-04,0.91,31.0,74.66,100.11,3.65,25.82
2025-06-05,1.56,31.08,74.14,100.2,2.61,25.73
2025-06-06,5.52,30.84,75.48,100.26,2.43,25.89
2025-06-07,2.45,30.33,78.66,100.21,3.0,26.15
2025-06-08,0.59,31.0,74.08,100.03,3.01,25.66
2025-06-09,1.9,31.13,74.52,99.84,3.12,25.88
2025-06-10,2.62,30.36,76.41,99.67,2.13,25.64
2025-06-11,4.6,28.77,80.36,99.63,2.02,25.01
2025-06-12,1.57,29.11,76.57,99.71,1.7,24.52
2025-06-13,6.52,28.92,81.72,99.86,1.84,25.47
2025-06-14,11.15,28.89,86.55,99.82,4.02,26.42
2025-06-15,6.5,28.67,86.19,99.71,4.83,26.14
2025-06-16,2.06,29.36,79.2,99.74,6.07,25.31
2025-06-17,2.03,29.46,78.35,99.87,5.48,25.15
2025-06-18,0.46,30.33,77.33,99.86,5.35,25.74
2025-06-19,2.18,30.01,78.53,99.85,5.95,25.73
2025-06-20,1.52,30.17,77.09,99.93,4.52,25.58
2025-06-21,1.46,30.35,77.76,99.89,4.15,25.9
2025-06-22,19.19,29.44,80.83,99.87,3.49,25.76
2025-06-23,9.16,28.81,82.36,99.76,4.83,25.46
2025-06-24,7.88,28.84,79.7,99.65,5.93,24.88
2025-06-25,22.51,28.36,84.31,99.67,5.69,25.44
2025-06-26,15.82,28.44,83.79,99.8,5.82,25.4
2025-06-27,2.74,29.22,81.83,99.93,4.5,25.73
2025-06-28,9.35,29.01,83.33,99.89,4.75,25.86
2025-06-29,6.3,29.15,80.5,99.76,4.45,25.36
2025-06-30,18.56,28.4,79.98,99.73,5.61,24.54
2025-07-01,28.3,27.77,84.55,99.74,6.94,24.91
2025-07-02,22.07,27.46,87.03,99.76,6.35,25.11
2025-07-03,8.17,28.45,83.94,99.87,5.09,25.42
2025-07-04,6.74,28.79,83.11,99.94,5.48,25.57
2025-07-05,5.0,29.0,83.35,99.83,5.12,25.82
2025-07-06,3.38,28.63,84.63,99.71,4.88,25.76
2025-07-07,1.47,28.6,82.43,99.66,5.31,25.24
2025-07-08,0.17,28.9,77.53,99.74,5.49,24.46
2025-07-09,1.74,28.22,80.31,99.85,4.86,24.45
2025-07-10,1.03,28.9,80.55,99.78,4.32,25.16
2025-07-11,1.14,29.33,78.05,99.75,3.63,25.03
2025-07-12,0.98,29.26,81.72,99.83,3.47,25.78
2025-07-13,4.61,29.02,83.65,99.84,2.69,25.96
2025-07-14,1.63,29.23,82.38,99.82,2.95,25.87
2025-07-15,1.36,29.41,81.22,99.8,3.18,25.8
2025-07-16,2.5,29.05,83.89,99.82,2.94,26.02
2025-07-17,2.93,28.65,85.74,99.96,2.69,26.02
2025-07-18,8.05,28.33,84.81,99.98,1.36,25.52
2025-07-19,6.05,28.94,82.18,99.68,1.86,25.58
2025-07-20,25.12,29.2,83.7,99.53,2.12,26.12
2025-07-21,11.05,28.25,87.68,99.57,2.57,26.02
2025-07-22,17.7,28.83,85.88,99.55,2.6,26.19
2025-07-23,19.3,28.42,90.49,99.41,5.64,26.74
2025-07-24,6.31,28.14,87.21,99.34,5.82,25.79
2025-07-25,32.43,27.56,88.49,99.4,6.82,25.5
2025-07-26,5.53,27.88,87.63,99.57,7.09,25.64
2025-07-27,1.18,28.7,83.04,99.74,5.72,25.47
2025-07-28,0.89,28.81,82.05,99.77,4.55,25.38
2025-07-29,1.38,28.73,81.99,99.74,4.58,25.29
2025-07-30,0.77,28.66,82.92,99.82,4.45,25.41
2025-07-31,0.48,28.94,82.34,99.91,3.45,25.57
2025-08-01,0.45,28.98,83.12,99.93,2.65,25.77
2025-08-02,0.78,29.09,84.51,99.93,2.58,26.19
2025-08-03,0.53,29.48,84.92,100.09,2.39,26.62
2025-08-04,0.43,29.68,82.5,100.2,2.21,26.31
2025-08-05,0.68,28.92,86.5,100.22,2.37,26.44
2025-08-06,0.89,28.68,83.83,100.16,2.11,25.65
2025-08-07,2.74,28.55,86.43,100.14,2.73,26.07
2025-08-08,4.91,28.43,81.55,100.28,1.7,24.9
2025-08-09,7.59,28.21,84.6,100.41,2.04,25.35
2025-08-10,1.56,28.21,85.14,100.28,3.15,25.48
2025-08-11,1.84,28.72,82.78,100.14,3.48,25.46
2025-08-12,11.28,29.33,81.58,99.87,1.94,25.78
2025-08-13,23.53,28.49,85.02,99.71,1.82,25.73
2025-08-14,14.65,28.13,85.88,99.77,4.32,25.53
2025-08-15,5.1,28.25,85.01,99.69,5.7,25.48
2025-08-16,23.3,28.25,84.45,99.52,2.59,25.35
2025-08-17,85.77,27.99,88.54,99.49,2.54,25.93
2025-08-18,20.5,27.51,90.03,99.47,6.56,25.74
2025-08-19,6.23,27.51,87.92,99.61,7.46,25.32
2025-08-20,1.18,28.28,85.46,99.94,6.18,25.57
2025-08-21,2.32,28.5,86.46,100.21,4.08,26.01
2025-08-22,12.08,28.06,89.04,100.19,4.53,26.1
2025-08-23,3.83,28.01,86.81,100.09,5.0,25.61
2025-08-24,2.76,28.08,83.98,100.15,4.66,25.08
2025-08-25,11.16,27.84,84.18,100.14,3.1,24.88
2025-08-26,26.12,26.95,90.23,99.99,4.41,25.24
2025-08-27,89.55,27.31,90.37,99.76,3.64,25.61
2025-08-28,7.14,27.56,89.02,99.86,4.96,25.6
2025-08-29,2.15,28.09,86.18,100.06,5.18,25.56
2025-08-30,1.04,28.01,87.51,100.22,3.94,25.75
2025-08-31,3.29,28.97,84.41,99.99,2.65,26.03
2025-09-01,17.39,28.86,85.02,99.73,2.38,26.04
2025-09-02,70.26,28.44,86.91,99.64,3.15,26.03
2025-09-03,24.05,28.22,84.46,99.71,2.45,25.33
2025-09-04,3.47,28.5,83.99,99.94,3.36,25.48
2025-09-05,1.85,28.61,83.34,100.11,2.78,25.47
2025-09-06,3.53,28.74,82.41,100.21,2.55,25.42
2025-09-07,6.51,29.08,79.99,100.17,1.75,25.19
2025-09-08,3.24,28.7,84.18,100.13,1.66,25.75
2025-09-09,8.73,29.15,81.31,100.22,2.4,25.58
2025-09-10,8.03,28.92,85.61,100.18,3.2,26.25
2025-09-11,6.58,28.48,82.82,100.13,2.18,25.23
2025-09-12,4.73,27.71,86.46,100.14,2.36,25.25
2025-09-13,4.93,27.77,85.42,100.19,1.62,25.1
2025-09-14,3.69,28.03,87.75,100.3,3.23,25.82
2025-09-15,2.73,28.29,87.72,100.27,3.32,26.06
2025-09-16,2.97,28.15,87.88,100.29,3.17,25.97
2025-09-17,2.22,27.73,87.85,100.33,2.38,25.55
2025-09-18,1.17,28.01,84.3,100.34,1.88,25.09
2025-09-19,1.24,28.45,81.68,100.31,1.89,24.95
2025-09-20,3.76,28.8,84.3,100.14,1.81,25.87
2025-09-21,4.09,28.93,81.6,100.09,1.55,25.38
2025-09-22,12.11,28.65,82.5,100.11,2.39,25.37
2025-09-23,15.49,28.12,87.62,100.04,3.25,25.86
2025-09-24,8.35,28.19,87.86,99.81,4.29,25.99
2025-09-25,5.98,28.51,83.54,99.68,3.53,25.41
2025-09-26,20.77,27.85,86.98,99.71,2.68,25.49
2025-09-27,14.4,27.87,86.51,99.83,5.29,25.41
2025-09-28,1.37,28.01,85.49,100.07,3.67,25.35
2025-09-29,3.62,28.24,85.27,100.03,2.82,25.52
2025-09-30,21.71,28.3,87.19,99.91,1.85,25.96
2025-10-01,26.9,28.78,85.56,99.73,2.88,26.1
2025-10-02,20.83,28.43,86.56,99.79,5.75,25.96
2025-10-03,2.11,28.46,87.52,100.18,4.22,26.17
2025-10-04,0.46,28.49,86.69,100.41,3.57,26.05
2025-10-05,1.22,28.22,83.83,100.46,2.82,25.2
2025-10-06,3.85,28.37,85.82,100.52,2.21,25.76
2025-10-07,4.77,28.94,80.2,100.51,1.25,25.12
2025-10-08,7.23,28.32,84.96,100.56,1.51,25.55
2025-10-09,8.32,28.27,82.86,100.59,1.48,25.01
2025-10-10,4.54,27.64,85.11,100.51,1.58,24.92
2025-10-11,4.17,27.53,84.79,100.49,1.94,24.74
2025-10-12,9.68,27.48,85.83,100.49,3.5,24.88
2025-10-13,9.27,27.35,88.48,100.51,3.81,25.29
2025-10-14,2.05,27.7,83.89,100.46,3.91,24.74
2025-10-15,0.38,27.6,82.19,100.46,4.8,24.28
2025-10-16,0.06,27.68,82.76,100.51,4.29,24.48
2025-10-17,0.17,27.22,80.83,100.67,4.57,23.62
2025-10-18,7.25,27.1,83.57,100.6,4.2,24.07
2025-10-19,19.04,26.81,87.43,100.51,2.92,24.56
2025-10-20,8.48,27.14,88.42,100.47,3.73,25.07
2025-10-21,3.52,27.75,87.07,100.54,5.1,25.41
2025-10-22,13.62,28.02,87.57,100.58,5.08,25.78
2025-10-23,28.17,27.66,89.27,100.57,3.66,25.76
2025-10-24,12.62,27.5,87.33,100.58,3.6,25.21
2025-10-25,1.78,27.47,85.45,100.56,3.48,24.8
2025-10-26,1.65,27.71,85.06,100.57,4.37,24.96
2025-10-27,67.89,27.78,89.23,100.35,6.48,25.86
2025-10-28,25.05,27.99,88.39,99.89,8.98,25.91
2025-10-29,13.91,26.92,87.24,100.08,7.88,24.64
2025-10-30,3.3,27.66,84.09,100.5,4.7,24.74
2025-10-31,0.09,27.51,82.51,100.62,3.49,24.24
2025-11-01,0.12,28.16,76.06,100.57,2.55,23.48
2025-11-02,2.84,28.78,79.33,100.58,1.49,24.8
2025-11-03,3.27,27.98,84.3,100.54,2.35,25.08
2025-11-04,2.97,27.64,81.01,100.56,2.39,24.06
2025-11-05,0.23,27.63,76.02,100.48,1.27,23.02
2025-11-06,0.14,27.91,70.65,100.55,1.46,22.0
2025-11-07,0.04,26.66,73.9,100.71,2.93,21.6
2025-11-08,0.0,25.95,74.01,100.83,3.55,20.92
2025-11-09,0.0,24.7,74.88,100.77,3.5,19.88
2025-11-10,0.0,25.08,73.32,100.8,2.76,19.93
2025-11-11,0.0,25.6,75.97,100.85,2.7,21.02
2025-11-12,0.0,25.04,73.7,100.94,3.47,19.95
2025-11-13,0.0,23.08,68.2,101.09,3.73,16.76
2025-11-14,0.01,23.02,75.14,101.05,3.38,18.32
2025-11-15,0.01,22.9,75.01,101.14,3.92,18.17
2025-11-16,0.02,22.58,76.08,101.21,4.79,18.06
2025-11-17,0.0,22.17,76.34,101.15,4.74,17.68
2025-11-18,0.02,22.64,77.75,101.02,4.31,18.44
2025-11-19,0.02,22.94,77.53,100.97,3.81,18.67
2025-11-20,0.08,24.69,86.05,101.0,4.52,22.17
2025-11-21,0.21,25.74,87.17,101.11,4.92,23.43
2025-11-22,0.96,25.4,85.66,101.09,3.93,22.8
2025-11-23,0.11,25.36,84.53,101.08,3.5,22.55
2025-11-24,0.6,24.88,82.43,101.1,3.88,21.66
2025-11-25,0.01,23.74,80.69,101.11,3.94,20.18
2025-11-26,0.0,23.39,81.17,101.13,4.14,19.94
2025-11-27,0.0,22.53,75.48,101.15,4.49,17.9
2025-11-28,0.1,22.67,81.48,101.03,4.39,19.28
2025-11-29,0.22,24.47,83.79,100.88,4.45,21.51
2025-11-30,2.6,24.27,87.16,100.86,4.85,21.99
2025-12-01,8.6,22.62,87.9,100.9,5.52,20.5
2025-12-02,15.29,22.98,86.6,100.89,4.08,20.59
2025-12-03,0.49,23.91,84.99,101.02,4.4,21.2
2025-12-04,0.0,23.62,83.08,101.13,4.57,20.55
2025-12-05,0.0,22.93,78.94,101.25,4.67,19.01
2025-12-06,0.0,22.25,78.61,101.26,4.15,18.28
2025-12-07,0.0,21.42,78.91,101.25,3.85,17.51
2025-12-08,0.0,21.8,76.41,101.18,3.69,17.33
2025-12-09,0.0,21.83,72.21,101.11,3.89,16.46
2025-12-10,0.0,21.91,74.89,101.17,4.23,17.15
2025-12-11,0.0,21.37,70.37,101.14,3.74,15.55
2025-12-12,0.0,21.5,71.25,101.08,3.09,16.0
2025-12-13,0.0,21.68,74.25,101.09,3.13,16.83
2025-12-14,0.0,21.83,79.42,101.13,3.38,18.04
2025-12-15,0.0,21.95,78.73,101.13,3.7,18.02
2025-12-16,0.0,22.0,77.76,101.12,3.52,17.87
2025-12-17,0.0,21.93,79.24,101.21,2.83,18.09
2025-12-18,0.0,21.51,72.62,101.17,2.94,16.23
2025-12-19,0.0,21.42,70.24,101.0,2.4,15.6
2025-12-20,0.0,21.37,74.18,100.93,2.75,16.5
2025-12-21,0.01,21.86,78.09,101.03,2.93,17.81
2025-12-22,0.0,21.43,79.17,101.03,3.51,17.6
2025-12-23,0.0,21.32,76.77,100.96,2.97,17.03
2025-12-24,0.0,21.4,77.28,100.96,3.06,17.18
2025-12-25,0.0,21.39,75.72,101.05,3.16,16.87
2025-12-26,0.04,21.45,79.78,101.05,3.2,17.76
2025-12-27,0.18,21.66,77.97,101.06,2.5,17.55
2025-12-28,0.04,21.38,75.57,101.14,2.81,16.8
2025-12-29,0.0,21.14,77.29,101.11,3.39,16.91
2025-12-30,0.03,21.41,80.3,101.01,3.05,17.76
2025-12-31,0.08,22.17,83.55,100.86,2.75,19.17
