date,rain,T2M,RH2M,PS,WS2M,T2MDEW
1995-01-01,0.0,20.32,63.53,101.15,1.04,12.89
1995-01-02,0.0,19.86,59.72,101.12,1.39,11.34
1995-01-03,0.0,19.16,54.49,101.11,1.43,9.29
1995-01-04,0.0,20.33,68.12,101.19,1.52,13.97
1995-01-05,0.0,20.18,66.25,101.33,1.76,13.36
1995-01-06,0.0,20.21,71.82,101.35,2.11,14.7
1995-01-07,0.0,20.36,71.95,101.4,2.87,14.74
1995-01-08,0.02,20.8,77.36,101.07,2.71,16.55
1995-01-09,8.33,22.61,85.81,100.97,3.64,20.07
1995-01-10,10.82,20.48,83.54,101.08,3.75,17.52
1995-01-11,1.63,19.83,79.38,101.16,1.44,16.07
1995-01-12,4.34,18.42,85.13,101.12,3.17,15.88
1995-01-13,3.27,19.01,71.14,101.14,1.87,13.26
1995-01-14,0.19,18.97,71.21,101.23,2.07,13.34
1995-01-15,0.01,19.62,67.84,101.29,2.16,13.0
1995-01-16,0.0,20.35,62.63,101.28,1.89,12.58
1995-01-17,0.04,19.96,69.43,101.29,2.63,13.72
1995-01-18,1.55,20.73,70.14,101.41,2.52,14.64
1995-01-19,2.38,20.47,63.91,101.31,1.75,12.66
1995-01-20,0.0,20.83,57.91,101.02,1.26,11.86
1995-01-21,0.0,21.04,59.65,100.96,1.49,12.2
1995-01-22,0.0,19.62,62.59,101.07,2.0,11.7
1995-01-23,0.0,20.86,70.78,101.15,1.75,15.11
1995-01-24,0.0,21.06,68.28,101.17,1.29,14.86
1995-01-25,0.02,20.22,57.4,101.27,1.87,10.63
1995-01-26,0.01,19.88,53.93,101.32,1.84,9.1
1995-01-27,0.0,20.9,47.3,101.28,1.56,8.83
1995-01-28,0.0,21.66,49.14,101.24,1.3,10.05
1995-01-29,0.0,21.36,49.59,101.2,1.18,9.87
1995-01-30,0.0,21.28,48.95,101.23,1.46,9.2
1995-01-31,0.0,21.74,57.22,101.29,1.2,12.38
1995-02-01,0.0,21.88,60.83,101.34,1.15,13.55
1995-02-02,0.0,22.03,66.74,101.26,1.59,15.1
1995-02-03,0.0,22.42,71.85,101.22,1.77,16.56
1995-02-04,0.0,23.0,72.05,101.21,2.03,17.42
1995-02-05,1.09,23.35,71.56,101.28,1.7,17.55
1995-02-06,0.51,23.52,73.81,101.35,1.32,18.23
1995-02-07,0.0,22.95,66.39,101.32,1.49,15.34
1995-02-08,0.0,22.72,65.37,101.03,1.69,14.77
1995-02-09,0.0,23.25,65.67,100.88,1.97,15.31
1995-02-10,0.0,24.02,71.37,100.76,2.27,17.33
1995-02-11,0.0,24.8,66.26,100.77,2.36,16.66
1995-02-12,0.0,25.43,67.65,100.79,1.8,17.4
1995-02-13,0.0,25.51,68.53,100.81,2.53,18.12
1995-02-14,0.0,25.65,64.74,100.76,3.44,17.29
1995-02-15,0.0,25.06,61.58,100.58,4.39,15.5
1995-02-16,0.05,24.75,64.89,100.62,2.29,16.94
1995-02-17,0.02,24.56,66.3,100.8,2.34,16.91
1995-02-18,0.24,24.89,76.57,100.65,4.72,20.21
1995-02-19,2.55,26.54,72.25,100.55,2.96,20.42
1995-02-20,0.35,25.26,64.67,100.68,1.48,16.54
1995-02-21,0.0,25.45,65.1,100.68,2.56,16.7
1995-02-22,0.0,26.15,75.31,100.58,3.77,20.64
1995-02-23,0.0,26.53,73.99,100.56,5.18,21.2
1995-02-24,34.77,26.12,69.56,100.64,1.92,19.6
1995-02-25,23.6,23.1,70.17,100.84,1.86,16.72
1995-02-26,0.0,24.71,77.2,100.76,2.1,20.11
1995-02-27,5.88,25.16,79.89,100.62,3.47,21.25
1995-02-28,1.92,26.37,74.21,100.53,3.45,20.51
1995-03-01,0.56,26.87,67.12,100.66,2.28,18.95
1995-03-02,0.17,25.69,61.88,100.84,2.31,16.46
1995-03-03,0.01,26.77,67.92,100.79,1.89,19.28
1995-03-04,0.0,27.46,68.66,100.73,1.89,20.23
1995-03-05,0.0,27.34,74.41,100.7,2.62,21.88
1995-03-06,0.0,26.99,73.87,100.72,3.08,21.62
1995-03-07,2.38,27.43,68.35,100.81,2.64,20.61
1995-03-08,1.71,26.46,65.22,100.92,2.85,18.65
1995-03-09,0.01,27.0,59.73,100.78,2.16,17.91
1995-03-10,0.26,26.2,68.43,100.86,2.6,19.41
1995-03-11,0.49,26.39,65.77,100.91,2.77,18.8
1995-03-12,1.29,27.46,66.89,100.83,1.34,20.2
1995-03-13,12.37,27.3,67.69,100.74,1.89,20.46
1995-03-14,7.45,27.55,69.59,100.84,1.84,21.15
1995-03-15,0.0,28.44,66.92,100.96,2.48,21.05
1995-03-16,0.0,28.97,64.14,100.8,2.1,20.8
1995-03-17,0.04,29.34,54.08,100.78,2.68,18.23
1995-03-18,0.02,29.25,53.12,100.86,1.99,17.81
1995-03-19,0.0,29.9,57.78,100.92,2.02,19.39
1995-03-20,0.02,30.19,58.7,100.72,2.35,19.88
1995-03-21,0.0,29.67,61.44,100.6,2.93,20.18
1995-03-22,0.0,29.3,58.3,100.5,2.51,18.48
1995-03-23,0.0,29.43,59.08,100.33,2.12,18.41
1995-03-24,0.0,30.09,58.26,100.24,2.56,18.76
1995-03-25,0.0,29.6,64.16,100.29,4.19,20.73
1995-03-26,0.02,28.6,63.31,100.34,3.23,20.28
1995-03-27,0.23,28.71,49.14,100.32,2.92,16.03
1995-03-28,0.09,29.0,58.86,100.3,3.19,19.1
1995-03-29,0.0,29.66,66.1,100.21,4.13,21.68
1995-03-30,0.0,30.19,67.21,100.11,4.97,22.74
1995-03-31,0.13,30.62,64.75,100.21,4.38,22.63
1995-04-01,2.65,29.77,69.65,100.24,4.45,23.09
1995-04-02,1.04,29.84,69.65,100.39,2.97,23.04
1995-04-03,0.0,29.74,66.6,100.59,2.37,22.18
1995-04-04,2.39,29.94,61.25,100.53,3.06,21.12
1995-04-05,1.03,29.72,65.71,100.55,3.6,22.06
1995-04-06,0.0,30.43,61.51,100.57,3.87,21.18
1995-04-07,0.23,31.48,58.5,100.17,4.82,20.93
1995-04-08,0.03,31.56,56.86,99.92,4.21,19.05
1995-04-09,0.0,30.79,65.58,100.22,4.95,22.09
1995-04-10,0.0,30.3,68.22,100.57,4.81,22.9
1995-04-11,0.0,31.12,61.14,100.55,3.31,21.01
1995-04-12,0.0,31.83,52.97,100.37,3.84,19.39
1995-04-13,0.15,31.85,53.32,100.17,3.88,20.05
1995-04-14,0.14,31.73,56.94,100.21,4.12,19.89
1995-04-15,0.05,31.64,59.24,100.34,4.93,21.6
1995-04-16,0.16,32.55,49.88,100.24,3.39,19.29
1995-04-17,0.01,32.28,53.76,100.26,3.4,19.99
1995-04-18,0.0,32.14,55.68,100.33,3.54,20.59
1995-04-19,0.04,31.92,58.53,100.31,4.17,21.52
1995-04-20,0.06,31.6,56.97,100.16,3.6,21.18
1995-04-21,0.06,30.93,57.04,100.24,2.59,20.44
1995-04-22,0.25,31.71,59.99,100.26,3.83,21.98
1995-04-23,0.01,31.54,61.87,100.23,4.38,22.52
1995-04-24,0.01,32.61,59.36,100.04,4.51,22.12
1995-04-25,0.0,32.92,59.54,100.06,4.82,22.29
1995-04-26,0.01,32.09,63.68,100.08,5.29,23.28
1995-04-27,0.0,31.85,61.8,100.19,5.6,22.45
1995-04-28,0.0,32.04,61.35,100.23,5.44,22.47
1995-04-29,0.01,32.51,61.29,100.17,5.07,22.81
1995-04-30,0.18,32.64,60.46,99.97,4.18,22.76
1995-05-01,0.06,32.39,62.56,99.87,5.67,23.27
1995-05-02,0.14,32.58,60.14,100.09,4.79,22.73
1995-05-03,0.05,33.01,57.2,100.12,5.08,22.3
1995-05-04,0.32,32.56,57.53,100.02,5.09,22.17
1995-05-05,0.5,31.59,59.93,99.96,4.8,22.24
1995-05-06,0.11,31.17,64.26,100.14,3.8,23.2
1995-05-07,0.0,31.57,57.73,100.32,4.0,21.13
1995-05-08,0.08,29.72,65.1,100.36,3.46,22.14
1995-05-09,2.77,28.07,76.88,99.99,6.04,23.52
1995-05-10,35.93,28.06,84.09,99.67,8.41,25.1
1995-05-11,79.17,27.87,87.33,99.67,5.51,25.57
1995-05-12,65.45,27.91,91.28,99.32,4.36,26.37
1995-05-13,45.33,28.11,90.71,99.07,3.72,26.45
1995-05-14,41.35,27.32,89.54,98.73,4.94,25.45
1995-05-15,62.3,28.29,88.45,98.74,4.53,26.2
1995-05-16,52.52,28.12,86.41,99.19,4.82,25.61
1995-05-17,11.13,29.47,82.82,99.48,4.58,25.97
1995-05-18,2.79,28.68,76.04,99.72,3.3,23.39
1995-05-19,0.0,28.7,77.07,99.96,3.13,23.71
1995-05-20,0.0,28.98,82.29,100.11,4.45,25.41
1995-05-21,0.0,28.92,82.87,99.99,3.87,25.47
1995-05-22,0.0,28.73,82.9,99.93,3.5,25.33
1995-05-23,0.03,28.74,83.89,100.11,3.56,25.57
1995-05-24,0.01,28.89,83.1,100.18,4.12,25.57
1995-05-25,0.0,28.97,82.3,100.22,4.15,25.51
1995-05-26,0.01,29.07,83.86,100.18,3.84,25.93
1995-05-27,0.01,29.25,84.35,100.05,3.53,26.19
1995-05-28,0.0,29.34,85.17,99.96,3.97,26.47
1995-05-29,0.0,29.46,82.76,99.85,3.44,25.95
1995-05-30,0.01,28.86,87.68,99.82,3.89,26.46
1995-05-31,0.0,28.65,90.75,99.85,4.2,26.94
1995-06-01,0.0,28.66,91.25,99.78,4.23,27.06
1995-06-02,0.0,29.16,89.54,99.62,4.5,27.22
1995-06-03,0.76,28.65,91.0,99.61,4.78,27.04
1995-06-04,3.0,28.81,86.22,99.61,4.71,26.18
1995-06-05,1.29,29.18,87.21,99.48,4.79,26.76
1995-06-06,0.4,29.68,85.69,99.34,4.33,26.92
1995-06-07,0.12,29.79,84.68,99.24,4.47,26.78
1995-06-08,0.11,29.92,87.82,99.19,2.24,27.6
1995-06-09,0.47,29.67,87.84,99.08,3.27,27.37
1995-06-10,0.34,30.47,81.79,99.04,3.45,26.73
1995-06-11,0.15,29.78,78.04,99.16,3.59,25.36
1995-06-12,0.44,29.29,88.16,99.43,4.48,27.11
1995-06-13,0.84,28.69,88.61,99.68,4.16,26.6
1995-06-14,0.01,29.08,85.3,99.82,3.72,26.31
1995-06-15,0.0,29.41,85.62,99.79,4.34,26.68
1995-06-16,0.09,29.35,87.63,99.73,4.69,27.04
1995-06-17,0.33,28.91,90.42,99.63,3.72,27.15
1995-06-18,2.5,28.83,90.43,99.65,2.73,27.08
1995-06-19,1.97,28.76,88.45,99.7,3.45,26.62
1995-06-20,11.66,28.6,88.16,99.76,3.02,26.4
1995-06-21,33.82,27.94,87.47,99.77,2.13,25.62
1995-06-22,15.48,27.37,88.79,99.57,5.38,25.36
1995-06-23,4.29,27.79,85.95,99.59,3.91,25.18
1995-06-24,4.03,27.8,88.7,99.62,4.76,25.74
1995-06-25,4.37,28.12,85.03,99.67,3.37,25.27
1995-06-26,4.77,28.14,86.84,99.64,3.56,25.71
1995-06-27,0.22,28.11,84.85,99.55,3.97,25.27
1995-06-28,0.21,28.43,87.27,99.38,4.05,26.06
1995-06-29,0.86,28.47,87.66,99.37,5.17,26.19
1995-06-30,1.36,28.85,87.04,99.31,5.26,26.42
1995-07-01,7.72,28.28,91.17,98.96,5.07,26.71
1995-07-02,15.95,27.99,84.58,99.15,4.47,25.09
1995-07-03,10.13,27.86,87.4,99.54,4.37,25.56
1995-07-04,0.0,28.52,87.89,99.63,3.7,26.3
1995-07-05,0.19,27.64,90.09,99.61,3.51,25.87
1995-07-06,0.06,28.09,84.55,99.61,2.65,25.15
1995-07-07,0.09,28.19,87.47,99.65,3.64,25.88
1995-07-08,2.24,28.19,88.59,99.68,3.64,26.1
1995-07-09,0.52,28.27,87.01,99.6,2.92,25.87
1995-07-10,0.51,27.59,89.55,99.41,2.94,25.72
1995-07-11,2.13,28.08,85.77,99.43,2.72,25.43
1995-07-12,2.43,28.58,84.05,99.54,4.15,25.52
1995-07-13,4.28,28.07,87.55,99.61,3.88,25.78
1995-07-14,9.24,27.99,88.17,99.55,4.07,25.82
1995-07-15,8.16,28.54,85.61,99.45,5.16,25.83
1995-07-16,0.73,28.24,85.77,99.41,5.12,25.56
1995-07-17,0.31,28.4,83.73,99.39,4.34,25.31
1995-07-18,4.44,28.27,85.25,99.35,4.68,25.49
1995-07-19,5.59,27.97,86.81,99.4,3.98,25.54
1995-07-20,5.42,27.91,84.51,99.44,5.45,25.0
1995-07-21,14.73,27.23,88.82,99.6,5.26,25.23
1995-07-22,49.58,26.89,89.39,99.46,6.35,24.99
1995-07-23,16.92,27.18,88.54,99.51,7.0,25.1
1995-07-24,3.24,27.59,86.24,99.84,6.68,25.04
1995-07-25,2.85,27.8,85.1,99.92,3.84,24.98
1995-07-26,0.84,28.7,83.71,99.78,2.71,25.57
1995-07-27,0.46,28.12,87.39,99.77,2.33,25.79
1995-07-28,1.08,28.37,83.06,99.75,2.21,25.07
1995-07-29,1.75,27.9,88.0,99.67,3.47,25.7
1995-07-30,0.13,28.2,87.9,99.6,4.37,25.98
1995-07-31,0.07,28.06,89.7,99.66,3.17,26.2
1995-08-01,3.57,27.71,87.72,99.65,3.04,25.46
1995-08-02,5.93,27.62,88.5,99.42,4.17,25.51
1995-08-03,2.2,27.33,91.03,99.29,5.32,25.75
1995-08-04,0.95,28.06,88.29,99.66,2.79,25.87
1995-08-05,29.01,28.59,88.51,99.77,3.09,26.45
1995-08-06,12.13,28.5,87.8,99.62,3.06,26.21
1995-08-07,3.15,27.79,87.67,99.44,3.19,25.52
1995-08-08,16.76,27.31,88.76,99.24,4.82,25.28
1995-08-09,8.36,27.98,87.46,99.5,3.87,25.64
1995-08-10,8.19,28.34,84.95,99.98,2.78,25.44
1995-08-11,3.36,28.16,89.21,100.17,4.04,26.18
1995-08-12,2.64,28.23,88.97,99.99,4.35,26.2
1995-08-13,2.43,28.04,89.83,99.74,3.87,26.19
1995-08-14,1.37,28.43,87.2,99.72,3.87,26.04
1995-08-15,4.04,27.27,88.32,99.85,3.17,25.14
1995-08-16,7.52,27.42,89.01,99.83,2.84,25.45
1995-08-17,9.55,27.52,85.88,99.86,2.68,24.87
1995-08-18,9.93,27.94,88.84,99.95,4.37,25.9
1995-08-19,0.59,28.01,89.3,100.0,4.25,26.06
1995-08-20,0.75,28.46,88.43,99.95,3.26,26.31
1995-08-21,12.51,28.71,86.04,99.83,2.65,26.05
1995-08-22,9.59,28.35,89.15,99.74,2.15,26.35
1995-08-23,7.27,27.99,92.35,99.73,2.81,26.64
1995-08-24,5.87,27.87,90.45,99.84,2.41,26.14
1995-08-25,7.21,27.89,88.65,99.87,1.96,25.8
1995-08-26,17.12,27.5,90.51,99.72,1.75,25.8
1995-08-27,8.36,27.55,91.23,99.59,1.96,25.99
1995-08-28,7.86,27.94,88.31,99.47,2.58,25.8
1995-08-29,9.16,27.78,89.4,99.33,3.51,25.86
1995-08-30,5.7,27.95,89.28,99.09,4.29,26.0
1995-08-31,4.95,28.15,90.09,98.86,4.52,26.37
1995-09-01,10.69,27.86,89.8,99.09,5.46,26.03
1995-09-02,2.82,28.43,86.19,99.24,5.87,25.84
1995-09-03,2.34,28.32,87.47,99.46,5.62,26.01
1995-09-04,0.84,28.47,86.51,99.61,3.61,25.94
1995-09-05,3.12,28.22,82.94,99.74,3.36,24.91
1995-09-06,2.14,28.3,82.61,99.85,2.76,24.94
1995-09-07,5.32,28.89,78.53,100.01,1.82,24.65
1995-09-08,0.43,29.14,77.44,100.2,1.3,24.68
1995-09-09,0.11,28.52,80.54,100.26,1.61,24.77
1995-09-10,0.07,27.63,85.69,100.26,1.95,25.0
1995-09-11,8.01,27.35,89.37,100.27,3.04,25.44
1995-09-12,17.73,27.6,88.8,100.4,2.38,25.57
1995-09-13,4.64,27.66,87.25,100.33,2.71,25.33
1995-09-14,1.47,27.67,88.63,100.08,2.85,25.61
1995-09-15,0.08,27.66,87.55,99.92,2.02,25.36
1995-09-16,0.24,27.94,84.8,99.81,1.32,25.1
1995-09-17,6.75,27.36,88.97,99.79,4.6,25.38
1995-09-18,10.36,27.89,88.08,99.83,4.65,25.71
1995-09-19,4.17,28.13,86.19,99.82,3.15,25.54
1995-09-20,1.0,28.21,87.71,99.86,2.51,25.95
1995-09-21,0.29,28.39,89.46,99.84,4.19,26.48
1995-09-22,1.1,28.32,83.13,99.85,2.09,25.1
1995-09-23,7.82,28.3,83.05,99.95,1.74,25.09
1995-09-24,0.93,27.1,87.94,100.09,1.66,24.91
1995-09-25,2.96,26.69,90.3,99.88,3.09,24.98
1995-09-26,8.19,27.66,88.16,99.82,5.21,25.49
1995-09-27,31.82,27.51,91.28,99.97,3.93,25.97
1995-09-28,42.5,27.2,91.34,100.17,3.14,25.67
1995-09-29,23.59,27.36,83.19,100.23,1.2,24.17
1995-09-30,12.42,27.39,84.46,100.24,2.04,24.47
1995-10-01,0.0,28.0,83.44,100.31,1.75,24.84
1995-10-02,0.23,28.05,80.31,100.42,1.47,24.19
1995-10-03,1.98,27.86,80.65,100.32,1.56,24.15
1995-10-04,8.71,28.35,80.64,100.2,1.47,24.67
1995-10-05,2.0,27.87,85.2,100.25,2.25,25.13
1995-10-06,2.07,26.91,89.42,100.3,2.72,25.02
1995-10-07,14.11,26.54,90.11,100.27,3.42,24.78
1995-10-08,12.49,26.76,91.08,100.21,4.0,25.18
1995-10-09,41.17,26.59,89.95,100.3,4.44,24.81
1995-10-10,37.43,26.01,90.65,100.26,3.44,24.37
1995-10-11,29.32,26.58,89.53,100.28,3.03,24.71
1995-10-12,37.42,27.01,88.93,100.31,2.53,25.01
1995-10-13,25.54,26.9,91.94,100.37,2.9,25.49
1995-10-14,10.3,26.82,91.33,100.38,2.89,25.29
1995-10-15,7.92,26.47,91.3,100.42,2.53,24.93
1995-10-16,20.68,26.04,93.37,100.44,3.48,24.91
1995-10-17,16.3,26.18,91.23,100.51,2.32,24.64
1995-10-18,7.6,26.83,86.36,100.54,1.19,24.32
1995-10-19,3.63,26.6,87.06,100.4,1.05,24.26
1995-10-20,4.05,26.31,87.72,100.34,1.48,24.1
1995-10-21,7.72,26.99,84.68,100.4,0.89,24.13
1995-10-22,2.84,26.53,89.32,100.57,1.81,24.64
1995-10-23,23.29,25.96,90.97,100.75,2.57,24.38
1995-10-24,0.19,24.84,75.65,100.83,3.4,19.95
1995-10-25,0.6,23.52,73.07,100.84,2.67,18.26
1995-10-26,0.0,23.82,70.54,100.82,2.37,18.04
1995-10-27,0.0,24.16,75.44,100.7,2.38,19.47
1995-10-28,0.0,24.38,79.12,100.64,2.68,20.43
1995-10-29,0.0,24.66,81.97,100.54,2.75,21.29
1995-10-30,0.0,23.94,90.36,100.35,3.57,22.24
1995-10-31,5.72,25.06,94.04,100.17,4.91,24.0
1995-11-01,1.43,24.73,91.66,100.31,3.45,23.26
1995-11-02,0.18,24.91,86.52,100.47,3.11,22.43
1995-11-03,0.0,23.28,77.01,100.63,3.25,18.71
1995-11-04,0.07,23.03,69.37,100.63,2.58,16.96
1995-11-05,0.0,22.92,73.94,100.63,2.61,17.91
1995-11-06,0.0,23.0,77.18,100.63,2.99,18.64
1995-11-07,0.0,23.32,84.23,100.65,3.75,20.45
1995-11-08,0.0,24.02,88.27,100.35,5.5,21.93
1995-11-09,105.11,26.66,91.44,99.63,8.53,25.16
1995-11-10,13.19,26.33,79.9,100.27,3.27,22.52
1995-11-11,24.17,24.95,82.39,100.69,2.48,21.68
1995-11-12,0.0,23.74,78.2,100.73,2.39,19.49
1995-11-13,0.0,23.53,74.86,100.85,2.05,18.68
1995-11-14,0.0,22.77,79.03,100.91,2.34,18.88
1995-11-15,0.0,22.83,83.9,100.65,3.04,19.85
1995-11-16,0.0,24.08,88.71,100.48,3.85,22.06
1995-11-17,1.0,24.74,86.37,100.56,1.61,22.23
1995-11-18,1.16,24.79,92.83,100.42,3.12,23.56
1995-11-19,1.23,24.78,88.9,100.45,2.51,22.8
1995-11-20,0.01,22.44,82.84,100.75,3.35,19.31
1995-11-21,0.02,23.08,81.83,100.86,2.86,19.7
1995-11-22,0.0,23.06,80.34,100.96,2.88,19.43
1995-11-23,0.0,21.7,85.33,101.02,3.84,19.1
1995-11-24,0.04,20.16,90.78,100.72,5.95,18.56
1995-11-25,3.57,21.3,82.89,100.35,4.35,18.13
1995-11-26,0.51,20.89,75.65,100.84,2.13,16.22
1995-11-27,0.0,20.02,69.19,101.05,2.11,13.93
1995-11-28,0.0,19.61,64.15,101.05,2.11,12.34
1995-11-29,0.0,19.87,67.99,101.1,1.94,13.61
1995-11-30,0.0,19.61,68.07,101.14,2.32,13.31
1995-12-01,0.0,21.56,64.1,101.05,1.18,14.36
1995-12-02,0.0,21.78,72.64,101.14,1.39,16.45
1995-12-03,0.0,21.68,71.18,101.14,1.27,16.07
1995-12-04,0.0,22.51,75.4,101.02,1.06,17.89
1995-12-05,0.0,22.42,80.7,101.05,1.4,18.89
1995-12-06,0.0,19.98,71.34,101.22,2.25,14.35
1995-12-07,0.02,19.29,66.04,101.35,2.1,12.64
1995-12-08,0.0,19.47,63.33,101.35,1.55,12.12
1995-12-09,0.0,20.19,65.78,101.23,1.33,13.39
1995-12-10,0.0,20.01,62.92,101.2,1.34,12.54
1995-12-11,0.0,20.32,65.82,101.3,1.62,13.61
1995-12-12,0.0,20.74,68.68,101.29,1.37,14.61
1995-12-13,0.0,21.18,70.14,101.25,1.31,15.36
1995-12-14,0.0,20.32,72.45,101.17,2.06,14.88
1995-12-15,0.0,20.62,64.42,101.21,1.59,13.52
1995-12-16,0.0,21.21,65.32,101.32,1.51,14.23
1995-12-17,0.0,20.93,68.46,101.33,1.57,14.69
1995-12-18,0.0,20.77,71.9,101.33,1.55,15.32
1995-12-19,0.0,19.99,74.57,101.3,2.23,14.99
1995-12-20,0.0,19.84,70.43,101.3,1.99,14.01
1995-12-21,0.0,20.83,65.13,101.28,1.4,13.66
1995-12-22,0.0,21.57,64.7,101.29,1.09,14.54
1995-12-23,0.0,22.31,70.55,101.18,1.24,16.53
1995-12-24,0.0,22.42,73.66,101.15,1.59,17.34
1995-12-25,0.06,22.53,80.48,101.26,1.95,18.88
1995-12-26,0.03,21.45,83.49,101.49,2.9,18.39
1995-12-27,0.0,20.66,81.34,101.57,2.65,17.18
1995-12-28,0.0,20.8,76.96,101.55,2.24,16.47
1995-12-29,0.0,21.75,69.23,101.44,1.17,15.76
1995-12-30,0.01,21.84,71.82,101.22,1.29,16.46
1995-12-31,0.0,21.72,74.32,101.23,1.54,16.88
1996-01-01,0.0,20.89,71.24,101.29,1.95,15.37
1996-01-02,0.0,20.97,75.51,101.36,2.14,16.37
1996-01-03,0.01,21.38,75.06,101.31,1.8,16.63
1996-01-04,0.03,22.65,72.72,101.14,0.94,17.34
1996-01-05,0.02,22.31,76.24,101.08,1.39,17.8
1996-01-06,0.0,21.88,78.6,101.09,1.29,17.81
1996-01-07,0.0,22.21,81.07,101.17,1.77,18.68
1996-01-08,0.38,21.05,82.99,101.3,2.38,18.01
1996-01-09,0.03,21.18,69.62,101.22,1.53,15.23
1996-01-10,0.11,22.14,77.31,101.03,1.82,17.88
1996-01-11,0.43,22.96,81.52,100.84,2.27,19.48
1996-01-12,0.02,22.58,76.45,100.93,1.6,17.86
1996-01-13,0.72,23.02,75.03,100.99,0.95,18.18
1996-01-14,0.0,23.07,78.73,100.82,1.74,19.05
1996-01-15,1.82,23.33,81.86,100.82,2.94,19.9
1996-01-16,0.46,22.94,82.59,100.86,3.42,19.61
1996-01-17,0.02,23.35,81.27,100.92,1.78,19.7
1996-01-18,0.0,23.43,78.16,101.01,1.66,19.22
1996-01-19,32.02,22.55,82.51,100.92,1.53,19.32
1996-01-20,16.59,21.96,82.61,100.82,1.3,18.75
1996-01-21,0.44,22.17,79.45,100.88,1.25,18.3
1996-01-22,0.0,21.72,75.22,101.06,1.61,16.94
1996-01-23,0.0,20.7,65.84,101.12,1.83,13.8
1996-01-24,0.0,21.17,61.56,100.99,1.76,13.21
1996-01-25,0.0,20.69,58.84,100.87,1.96,11.68
1996-01-26,0.0,21.25,52.15,100.82,1.46,10.69
1996-01-27,0.0,21.55,64.01,100.97,1.66,14.16
1996-01-28,0.0,21.67,63.78,101.04,1.48,14.28
1996-01-29,0.0,22.08,66.79,101.0,1.26,15.46
1996-01-30,0.0,22.61,68.09,100.89,1.32,16.02
1996-01-31,4.41,22.37,74.38,100.94,1.12,17.34
1996-02-01,2.83,21.64,71.25,100.96,1.95,15.97
1996-02-02,0.0,21.94,60.35,100.98,1.9,13.64
1996-02-03,0.0,22.97,62.91,100.93,1.34,15.37
1996-02-04,0.0,23.15,67.73,101.0,1.69,16.55
1996-02-05,0.0,23.09,73.58,100.96,1.74,17.83
1996-02-06,0.0,23.45,66.21,100.95,1.46,16.5
1996-02-07,0.0,23.26,64.66,101.0,1.58,16.0
1996-02-08,0.0,22.89,67.04,101.0,2.08,16.21
1996-02-09,0.0,22.63,66.22,101.01,2.4,15.77
1996-02-10,0.0,22.29,70.73,101.04,2.48,16.54
1996-02-11,0.02,23.46,74.54,101.05,1.55,18.43
1996-02-12,0.04,22.68,64.9,101.09,2.35,15.16
1996-02-13,5.97,22.27,54.93,100.89,1.8,12.32
1996-02-14,1.48,22.44,55.3,100.78,1.01,12.52
1996-02-15,0.0,22.73,67.51,100.69,1.32,15.93
1996-02-16,0.0,23.86,68.73,100.69,1.52,17.28
1996-02-17,0.0,23.42,64.67,100.79,1.9,15.47
1996-02-18,0.0,23.48,62.9,100.88,2.16,14.46
1996-02-19,0.0,24.03,63.99,100.85,1.71,15.63
1996-02-20,0.0,24.34,72.74,100.69,4.09,18.59
1996-02-21,0.09,24.5,79.47,100.6,3.99,20.3
1996-02-22,0.29,26.21,80.51,100.51,4.14,22.13
1996-02-23,0.05,26.85,76.58,100.67,3.02,21.72
1996-02-24,0.02,26.24,79.7,100.77,3.51,22.01
1996-02-25,0.0,26.43,76.75,100.68,4.32,21.54
1996-02-26,1.03,26.04,76.4,100.77,3.97,21.13
1996-02-27,0.59,26.67,68.88,100.83,2.9,19.52
1996-02-28,0.05,26.78,64.75,100.86,2.25,18.69
1996-02-29,0.04,26.88,63.81,100.95,1.65,18.43
1996-03-01,0.0,26.77,65.51,101.02,2.29,19.25
1996-03-02,0.0,25.81,71.02,100.87,1.65,19.81
1996-03-03,0.11,26.44,67.9,100.83,1.5,19.34
1996-03-04,1.83,26.09,62.61,100.93,1.9,17.81
1996-03-05,0.53,26.45,58.78,100.84,1.71,17.2
1996-03-06,0.0,26.38,60.01,100.72,1.85,17.14
1996-03-07,0.0,26.61,63.06,100.72,2.27,18.13
1996-03-08,0.0,27.11,61.3,100.67,2.71,17.5
1996-03-09,0.0,27.83,61.12,100.65,2.62,17.83
1996-03-10,0.0,27.89,61.5,100.59,2.52,18.3
1996-03-11,0.0,28.3,59.05,100.52,2.5,17.87
1996-03-12,0.0,28.82,60.55,100.55,2.9,18.4
1996-03-13,0.0,28.91,63.99,100.31,4.21,20.0
1996-03-14,0.0,29.36,64.36,100.22,4.03,20.11
1996-03-15,0.0,28.79,69.09,100.34,3.84,21.61
1996-03-16,0.0,29.43,65.81,100.18,3.93,21.11
1996-03-17,0.0,30.09,62.89,100.19,2.59,20.9
1996-03-18,0.0,29.15,66.71,100.31,2.16,21.49
1996-03-19,0.0,29.05,61.66,100.18,1.58,19.85
1996-03-20,0.0,29.36,62.25,100.19,1.93,19.52
1996-03-21,0.02,28.91,65.8,100.35,2.93,20.57
1996-03-22,0.0,29.12,68.87,100.38,4.04,21.41
1996-03-23,0.01,29.67,66.05,100.3,4.67,21.44
1996-03-24,0.12,29.68,65.58,100.33,3.57,21.45
1996-03-25,0.0,29.61,67.86,100.27,3.55,21.97
1996-03-26,0.0,29.77,68.84,99.91,6.14,22.42
1996-03-27,0.0,29.76,66.35,99.78,4.99,21.41
1996-03-28,0.01,29.47,73.22,99.96,4.01,23.33
1996-03-29,0.0,29.32,74.34,99.93,5.34,23.64
1996-03-30,0.0,30.07,70.24,99.89,5.76,22.85
1996-03-31,0.0,29.9,69.46,99.9,5.38,22.61
1996-04-01,0.56,30.01,62.17,100.0,3.4,20.49
1996-04-02,0.35,29.31,65.29,100.23,2.93,20.48
1996-04-03,0.0,28.9,67.37,100.31,3.81,20.99
1996-04-04,0.0,29.26,64.09,100.34,3.82,20.4
1996-04-05,0.0,28.99,63.46,100.42,4.45,20.07
1996-04-06,0.21,29.6,57.77,100.44,4.64,18.6
1996-04-07,0.06,29.84,58.04,100.54,4.69,19.25
1996-04-08,0.0,30.52,57.79,100.37,5.05,19.67
1996-04-09,0.0,30.68,61.94,100.19,4.55,21.36
1996-04-10,0.0,30.08,65.16,100.14,5.19,22.02
1996-04-11,0.0,30.19,63.69,100.2,4.45,21.79
1996-04-12,0.0,29.08,68.85,100.53,3.38,22.26
1996-04-13,0.0,28.81,68.5,100.68,3.92,22.21
1996-04-14,0.0,28.77,68.32,100.68,2.99,21.98
1996-04-15,0.01,28.82,67.53,100.62,2.64,21.56
1996-04-16,0.01,30.25,62.41,100.3,3.78,21.26
1996-04-17,0.07,30.71,64.15,100.19,4.53,22.49
1996-04-18,0.0,30.74,65.61,100.23,4.83,22.99
1996-04-19,0.0,31.58,63.03,100.11,4.29,22.76
1996-04-20,0.04,32.45,57.96,100.06,3.79,21.9
1996-04-21,0.03,32.6,57.91,100.08,3.66,22.11
1996-04-22,0.01,32.13,59.92,100.26,4.22,22.69
1996-04-23,0.07,31.52,62.07,100.24,5.13,22.66
1996-04-24,0.02,31.85,58.59,100.13,5.17,21.31
1996-04-25,2.4,31.52,58.72,100.0,5.35,21.15
1996-04-26,1.19,30.05,65.33,100.04,4.99,22.23
1996-04-27,0.03,29.69,68.79,100.06,5.06,22.89
1996-04-28,11.34,29.93,73.17,99.88,5.5,24.29
1996-04-29,3.81,30.31,75.41,99.76,5.35,25.06
1996-04-30,1.07,31.42,70.14,99.72,4.17,24.51
1996-05-01,0.85,31.43,71.82,99.62,5.11,25.06
1996-05-02,0.0,30.23,75.59,99.78,5.0,24.87
1996-05-03,0.0,29.8,75.83,100.03,4.35,24.61
1996-05-04,0.0,28.82,77.41,100.16,3.79,24.25
1996-05-05,0.09,29.55,69.46,100.03,2.99,22.93
1996-05-06,1.23,30.67,65.94,99.9,2.44,22.96
1996-05-07,0.06,31.91,61.22,99.87,2.86,22.6
1996-05-08,0.0,32.8,61.43,99.71,4.32,23.05
1996-05-09,0.0,32.41,61.47,99.67,5.15,21.65
1996-05-10,0.1,33.35,58.14,99.7,4.62,21.4
1996-05-11,0.0,33.87,54.41,99.94,4.18,20.31
1996-05-12,0.0,33.19,58.14,100.01,4.61,21.3
1996-05-13,0.0,32.73,64.38,99.87,5.33,23.63
1996-05-14,0.0,33.48,59.94,99.68,5.07,22.65
1996-05-15,0.06,33.38,61.27,99.83,4.2,23.12
1996-05-16,0.0,32.2,67.48,100.12,4.34,24.67
1996-05-17,0.0,32.01,65.04,100.14,4.45,23.78
1996-05-18,0.0,31.26,69.15,99.97,5.08,24.46
1996-05-19,10.07,30.27,75.91,99.94,4.14,25.22
1996-05-20,3.02,30.46,72.22,100.07,3.33,24.43
1996-05-21,5.73,30.07,73.45,100.12,3.62,24.39
1996-05-22,2.37,29.95,73.34,100.09,3.61,24.24
1996-05-23,0.68,29.84,76.11,99.98,3.62,24.92
1996-05-24,0.15,30.95,71.86,99.92,4.38,24.75
1996-05-25,0.01,31.93,70.27,99.8,5.16,25.18
1996-05-26,0.0,32.0,69.64,99.69,4.6,25.2
1996-05-27,0.0,31.57,66.18,99.54,5.92,24.24
1996-05-28,0.62,32.64,62.59,99.28,6.76,23.65
1996-05-29,1.01,33.41,61.0,99.22,5.78,23.36
1996-05-30,0.0,32.28,65.9,99.58,6.08,24.3
1996-05-31,0.33,31.68,64.63,99.96,6.32,23.53
1996-06-01,3.19,30.41,66.89,99.98,5.37,23.15
1996-06-02,0.95,31.35,69.04,99.75,5.67,24.49
1996-06-03,2.66,31.3,70.96,99.69,6.12,24.97
1996-06-04,1.5,30.8,73.62,99.73,6.47,25.31
1996-06-05,0.05,31.07,65.43,99.79,5.53,23.26
1996-06-06,0.24,30.01,71.36,99.93,5.56,23.99
1996-06-07,0.11,29.46,73.96,100.07,3.26,24.06
1996-06-08,9.1,29.34,77.76,100.04,3.81,24.94
1996-06-09,10.11,28.77,81.4,100.13,2.41,25.22
1996-06-10,0.86,29.6,73.95,100.15,1.84,24.23
1996-06-11,1.24,29.09,75.14,100.18,2.43,24.1
1996-06-12,0.22,29.28,75.62,100.03,3.36,24.44
1996-06-13,0.29,29.62,72.53,99.85,4.57,24.0
1996-06-14,6.41,29.24,75.61,99.55,5.68,24.41
1996-06-15,3.38,29.78,74.52,99.34,5.45,24.55
1996-06-16,3.45,29.32,79.75,99.25,4.98,25.38
1996-06-17,16.55,29.14,82.37,99.3,4.62,25.8
1996-06-18,7.97,29.7,80.97,99.34,5.81,25.95
1996-06-19,0.54,30.16,76.19,99.38,5.15,25.27
1996-06-20,2.44,29.9,73.61,99.4,6.17,24.4
1996-06-21,5.01,29.21,73.54,99.46,7.45,23.78
1996-06-22,26.63,29.13,75.29,99.56,5.21,24.11
1996-06-23,8.47,29.07,77.85,99.65,4.2,24.56
1996-06-24,2.63,30.02,75.23,99.75,4.93,24.79
1996-06-25,0.04,28.83,81.9,99.75,4.61,25.36
1996-06-26,0.1,28.67,81.47,99.81,4.12,25.1
1996-06-27,1.45,29.34,76.97,99.93,3.34,24.69
1996-06-28,1.12,29.0,78.86,99.88,4.36,24.83
1996-06-29,0.74,28.62,79.79,99.83,5.32,24.67
1996-06-30,37.89,28.43,79.09,99.88,5.01,24.27
1996-07-01,30.55,28.15,87.32,99.87,3.83,25.81
1996-07-02,0.59,28.19,87.3,100.03,3.84,25.85
1996-07-03,0.59,28.99,81.64,100.13,3.58,25.36
1996-07-04,4.98,28.16,83.78,100.1,3.99,25.07
1996-07-05,1.79,28.06,86.03,99.77,4.27,25.45
1996-07-06,4.7,27.75,85.78,99.6,2.23,25.11
1996-07-07,4.68,27.88,83.32,99.7,3.01,24.71
1996-07-08,1.86,28.1,85.01,99.97,3.88,25.28
1996-07-09,0.28,28.35,84.14,100.09,3.8,25.36
1996-07-10,0.02,29.1,78.79,99.87,3.98,24.82
1996-07-11,0.53,29.3,79.71,99.56,3.66,25.24
1996-07-12,2.86,29.28,80.34,99.57,3.69,25.4
1996-07-13,2.79,29.07,78.52,99.64,1.77,24.76
1996-07-14,0.46,28.91,81.48,99.6,2.75,25.31
1996-07-15,10.33,28.85,85.18,99.57,4.31,26.04
1996-07-16,5.25,28.62,86.27,99.5,4.04,26.04
1996-07-17,0.47,28.85,80.98,99.6,2.59,25.14
1996-07-18,0.33,28.84,82.36,99.59,2.15,25.45
1996-07-19,0.27,29.27,80.87,99.44,1.98,25.49
1996-07-20,4.57,29.06,83.88,99.38,2.25,25.99
1996-07-21,18.14,28.85,83.21,99.22,4.28,25.64
1996-07-22,72.77,28.47,85.08,99.1,4.85,25.67
1996-07-23,20.7,28.72,84.28,99.15,5.88,25.71
1996-07-24,9.43,28.56,85.41,99.02,5.65,25.79
1996-07-25,8.53,28.71,81.24,98.91,6.52,25.06
1996-07-26,7.57,28.49,83.83,99.29,7.37,25.42
1996-07-27,2.15,28.22,85.11,99.62,6.07,25.42
1996-07-28,2.75,28.31,85.39,99.63,4.5,25.55
1996-07-29,2.39,28.27,83.74,99.52,3.63,25.14
1996-07-30,0.19,28.2,83.05,99.41,3.6,24.94
1996-07-31,0.15,27.88,87.94,99.14,4.18,25.67
1996-08-01,1.75,27.67,86.62,99.32,4.2,25.21
1996-08-02,10.2,27.67,85.81,99.39,4.97,25.03
1996-08-03,1.41,28.61,83.77,99.4,4.21,25.47
1996-08-04,8.43,28.68,85.05,99.47,3.8,25.81
1996-08-05,10.55,28.16,88.99,99.7,3.85,26.14
1996-08-06,13.22,27.51,89.78,99.77,4.59,25.67
1996-08-07,15.33,27.71,87.49,99.67,4.76,25.4
1996-08-08,2.23,28.8,81.35,99.54,4.26,25.09
1996-08-09,0.13,28.23,85.08,99.43,3.37,25.42
1996-08-10,0.21,27.94,90.95,99.5,2.61,26.32
1996-08-11,2.92,27.93,88.39,99.63,1.99,25.8
1996-08-12,1.73,27.92,86.77,99.71,2.85,25.47
1996-08-13,4.14,28.06,86.84,99.5,3.01,25.62
1996-08-14,6.78,28.26,86.91,99.49,3.93,25.82
1996-08-15,10.6,28.03,90.66,99.74,3.93,26.35
1996-08-16,5.16,27.89,90.59,99.9,4.17,26.21
1996-08-17,3.69,27.79,88.25,100.0,4.12,25.65
1996-08-18,12.63,27.82,87.45,99.97,4.71,25.52
1996-08-19,14.14,27.19,89.89,99.82,4.95,25.38
1996-08-20,36.76,26.97,90.15,100.0,4.1,25.23
1996-08-21,11.74,26.96,89.69,100.16,4.71,25.12
1996-08-22,4.19,26.74,89.75,100.29,3.64,24.9
1996-08-23,17.6,26.46,89.24,100.19,2.65,24.53
1996-08-24,12.81,26.72,89.36,99.94,3.26,24.81
1996-08-25,2.3,26.69,89.5,99.81,2.73,24.8
1996-08-26,10.6,26.3,88.8,99.73,2.57,24.3
1996-08-27,6.17,27.08,90.08,99.76,4.14,25.3
1996-08-28,7.09,27.15,89.25,99.8,3.37,25.21
1996-08-29,11.46,27.54,87.44,99.82,4.71,25.24
1996-08-30,5.09,27.66,87.79,99.96,4.66,25.42
1996-08-31,7.4,27.91,87.71,100.12,4.38,25.66
1996-09-01,9.5,27.64,86.87,100.18,3.6,25.24
1996-09-02,1.63,27.55,87.53,100.1,3.39,25.27
1996-09-03,0.04,27.09,89.12,100.06,2.46,25.13
1996-09-04,3.21,26.87,87.91,100.04,1.53,24.68
1996-09-05,1.48,26.62,91.03,99.98,3.52,25.05
1996-09-06,0.64,26.83,89.91,100.1,3.72,25.04
1996-09-07,0.96,26.8,91.27,100.08,3.63,25.25
1996-09-08,1.14,26.95,86.07,100.06,3.13,24.37
1996-09-09,0.2,27.39,86.01,100.0,1.68,24.78
1996-09-10,0.07,28.3,79.63,99.93,1.15,24.3
1996-09-11,0.36,28.12,81.98,99.85,1.41,24.67
1996-09-12,0.06,28.63,79.82,99.89,1.21,24.73
1996-09-13,0.02,29.14,79.5,99.86,1.34,25.16
1996-09-14,0.01,29.25,80.48,99.65,1.26,25.45
1996-09-15,0.01,28.38,85.03,99.65,2.15,25.58
1996-09-16,0.08,27.95,85.06,99.63,2.09,25.18
1996-09-17,0.79,28.18,87.0,99.57,2.77,25.77
1996-09-18,3.18,27.83,84.78,99.65,2.2,24.97
1996-09-19,1.18,28.2,83.27,99.68,2.91,25.03
1996-09-20,0.45,28.78,78.4,99.92,2.55,24.48
1996-09-21,0.11,28.98,73.93,100.09,1.79,23.64
1996-09-22,0.03,28.19,77.69,100.18,1.86,23.81
1996-09-23,0.38,28.3,77.83,100.1,2.25,23.89
1996-09-24,0.12,28.69,78.63,100.18,2.12,24.45
1996-09-25,0.03,29.06,79.19,100.13,2.03,24.96
1996-09-26,0.34,28.49,85.59,99.87,2.78,25.81
1996-09-27,13.2,27.64,88.84,99.78,1.83,25.64
1996-09-28,8.24,27.85,84.42,99.88,1.25,24.93
1996-09-29,1.77,27.28,89.89,99.87,2.14,25.47
1996-09-30,18.11,27.2,89.48,99.89,3.25,25.31
1996-10-01,15.83,27.21,88.76,100.1,3.56,25.18
1996-10-02,13.89,27.08,88.86,100.21,3.73,25.08
1996-10-03,21.29,26.45,88.95,100.18,1.81,24.48
1996-10-04,20.98,27.2,88.68,100.15,2.83,25.15
1996-10-05,1.23,27.64,87.47,100.06,3.66,25.33
1996-10-06,12.54,27.33,79.83,100.13,2.61,23.39
1996-10-07,1.58,27.82,71.29,100.46,1.22,22.04
1996-10-08,0.25,27.68,68.3,100.72,1.04,21.19
1996-10-09,0.1,26.34,72.74,100.69,1.61,20.95
1996-10-10,0.0,26.62,65.34,100.62,1.42,19.36
1996-10-11,0.0,26.26,68.02,100.6,1.75,19.77
1996-10-12,0.0,25.94,71.95,100.73,2.26,20.31
1996-10-13,0.0,26.15,75.25,100.83,2.4,21.32
1996-10-14,0.0,26.88,77.05,100.7,2.18,22.38
1996-10-15,0.1,26.84,77.58,100.53,2.09,22.48
1996-10-16,6.23,26.37,78.86,100.53,2.55,22.32
1996-10-17,1.0,25.86,81.22,100.63,3.28,22.31
1996-10-18,0.33,25.91,82.21,100.63,3.35,22.54
1996-10-19,0.58,26.8,78.62,100.6,2.9,22.67
1996-10-20,1.65,26.76,76.19,100.53,2.58,22.08
1996-10-21,0.69,26.63,78.17,100.51,2.04,22.41
1996-10-22,0.11,26.99,75.15,100.51,1.42,22.07
1996-10-23,0.01,26.65,74.11,100.61,1.78,21.58
1996-10-24,0.0,25.95,76.79,100.64,1.89,21.43
1996-10-25,0.0,26.01,81.38,100.63,2.74,22.45
1996-10-26,0.0,25.72,85.42,100.44,3.93,23.05
1996-10-27,7.77,24.77,90.38,100.01,5.15,23.08
1996-10-28,13.56,24.8,90.04,99.82,4.95,23.04
1996-10-29,1.17,25.78,81.65,100.19,3.05,22.3
1996-10-30,2.08,26.85,77.03,100.38,1.22,22.31
1996-10-31,0.17,26.66,74.96,100.44,1.43,21.65
1996-11-01,0.0,26.37,70.32,100.47,1.43,20.36
1996-11-02,0.0,24.28,69.89,100.36,2.19,18.03
1996-11-03,0.0,24.29,68.26,100.32,2.33,17.84
1996-11-04,0.0,24.85,73.26,100.26,3.12,19.46
1996-11-05,0.74,25.39,79.87,100.23,3.36,21.51
1996-11-06,3.62,25.23,89.0,100.33,2.78,23.25
1996-11-07,2.32,25.77,83.14,100.56,1.7,22.59
1996-11-08,1.49,26.47,76.79,100.74,1.08,21.95
1996-11-09,3.58,27.08,72.47,100.72,1.04,21.57
1996-11-10,0.8,26.8,73.74,100.62,1.05,21.61
1996-11-11,0.0,25.94,64.42,100.67,1.15,18.28
1996-11-12,0.0,25.64,55.43,100.68,0.92,15.83
1996-11-13,0.0,25.25,56.75,100.65,1.63,15.83
1996-11-14,0.44,24.62,60.36,100.93,1.81,16.16
1996-11-15,0.0,24.64,59.97,101.13,2.06,16.12
1996-11-16,0.0,23.87,60.66,101.07,2.17,15.51
1996-11-17,0.0,23.11,62.08,101.08,2.06,15.2
1996-11-18,0.0,22.88,56.4,101.16,2.0,13.42
1996-11-19,0.0,22.48,57.33,101.16,2.09,13.28
1996-11-20,0.0,22.74,64.17,101.15,2.24,15.28
1996-11-21,0.0,23.63,70.28,101.01,2.23,17.51
1996-11-22,0.0,24.07,65.48,100.91,1.65,16.81
1996-11-23,0.0,23.88,62.99,100.88,1.74,16.05
1996-11-24,0.0,23.48,56.71,100.84,1.25,14.03
1996-11-25,0.0,23.83,57.73,100.8,1.14,14.74
1996-11-26,0.0,23.44,64.99,100.85,1.68,16.06
1996-11-27,0.0,22.98,66.43,100.8,2.23,15.76
1996-11-28,0.0,22.06,62.95,100.72,3.14,13.92
1996-11-29,0.0,21.67,57.65,100.71,3.56,11.86
1996-11-30,0.0,20.7,55.24,100.72,3.87,10.56
1996-12-01,0.0,20.83,55.67,100.78,3.51,10.87
1996-12-02,0.0,21.2,59.41,100.75,3.89,12.46
1996-12-03,0.01,22.88,69.74,100.78,4.57,16.73
1996-12-04,0.12,20.72,75.12,100.86,4.36,16.01
1996-12-05,0.08,22.85,62.67,100.73,2.68,15.0
1996-12-06,0.01,22.98,61.95,100.86,3.08,14.83
1996-12-07,0.0,23.33,57.02,101.02,2.56,13.74
1996-12-08,0.0,21.93,49.8,101.04,2.32,9.89
1996-12-09,0.0,20.11,49.38,101.0,2.65,8.26
1996-12-10,0.0,19.84,50.87,101.03,2.08,8.49
1996-12-11,0.0,19.94,53.56,101.04,2.2,9.29
1996-12-12,0.0,20.19,55.23,101.08,2.29,10.05
1996-12-13,0.0,20.99,62.44,101.09,2.05,12.8
1996-12-14,0.0,22.43,60.23,100.94,0.94,13.76
1996-12-15,0.0,20.92,47.52,100.86,1.72,7.99
1996-12-16,0.0,21.05,48.67,101.01,1.55,8.67
1996-12-17,0.0,21.14,55.04,101.15,1.4,10.6
1996-12-18,0.0,20.47,49.06,101.12,1.38,8.64
1996-12-19,0.0,19.74,52.39,101.2,2.11,8.57
1996-12-20,0.0,20.08,60.19,101.24,2.2,11.45
1996-12-21,0.0,20.77,60.66,101.26,2.25,11.82
1996-12-22,0.0,21.57,54.25,101.3,1.32,11.0
1996-12-23,0.0,21.05,48.95,101.29,1.12,9.05
1996-12-24,0.0,20.55,46.9,101.22,1.25,7.68
1996-12-25,0.0,20.97,48.39,101.21,1.22,8.52
1996-12-26,0.0,21.59,53.19,101.11,1.0,10.73
1996-12-27,0.0,21.28,57.01,101.12,1.62,11.67
1996-12-28,0.0,21.12,56.91,101.22,1.74,11.48
1996-12-29,0.0,21.42,55.6,101.24,1.49,11.48
1996-12-30,0.0,20.95,59.93,101.29,1.59,12.2
1996-12-31,0.0,20.28,54.68,101.34,2.43,9.79
1997-01-01,0.0,20.54,57.9,101.33,1.87,10.96
1997-01-02,0.0,21.24,55.16,101.2,0.99,10.85
1997-01-03,0.0,21.05,60.05,101.14,1.49,12.17
1997-01-04,0.0,21.04,58.38,101.18,1.17,11.7
1997-01-05,0.0,21.18,57.93,101.18,1.56,12.0
1997-01-06,0.0,21.59,58.62,101.27,2.01,12.46
1997-01-07,0.0,21.76,67.73,101.3,2.05,14.98
1997-01-08,0.0,21.84,68.88,101.37,3.07,15.25
1997-01-09,0.18,22.12,63.67,101.31,2.66,14.16
1997-01-10,0.07,22.33,60.19,101.31,2.08,13.66
1997-01-11,0.0,22.65,54.63,101.31,1.87,12.39
1997-01-12,0.0,22.04,53.74,101.28,1.69,11.73
1997-01-13,0.0,22.63,58.65,101.17,1.78,13.24
1997-01-14,0.1,23.29,66.18,101.11,1.79,16.29
1997-01-15,0.27,23.34,71.93,101.01,2.29,17.75
1997-01-16,44.29,22.66,74.24,101.01,1.76,17.57
1997-01-17,0.0,20.76,63.99,101.17,2.17,12.79
1997-01-18,0.0,21.69,53.18,101.29,0.8,10.84
1997-01-19,0.0,21.43,54.41,101.03,1.41,11.19
1997-01-20,0.0,22.61,72.16,100.67,4.24,17.08
1997-01-21,2.93,22.8,66.67,100.69,3.25,15.8
1997-01-22,0.0,19.26,54.53,100.97,2.89,8.59
1997-01-23,0.0,18.74,43.55,101.03,2.25,5.01
1997-01-24,0.0,20.2,39.65,100.86,1.54,5.22
1997-01-25,0.0,19.99,51.24,100.9,2.2,8.66
1997-01-26,0.0,20.75,61.61,101.06,1.44,11.74
1997-01-27,0.0,20.88,57.44,101.1,1.5,11.02
1997-01-28,0.0,21.66,61.0,100.97,1.39,13.25
1997-01-29,0.0,22.78,67.4,100.94,1.68,15.82
1997-01-30,0.0,23.27,67.4,100.87,2.17,16.45
1997-01-31,0.0,24.01,70.62,100.64,4.29,17.84
1997-02-01,0.0,24.74,62.12,100.54,2.85,15.21
1997-02-02,0.0,23.38,65.99,100.51,1.99,15.41
1997-02-03,0.08,24.57,73.16,100.44,3.27,18.92
1997-02-04,0.07,25.29,64.65,100.5,2.7,16.86
1997-02-05,0.0,24.58,64.26,100.66,1.6,16.11
1997-02-06,0.0,24.07,58.03,100.75,1.67,12.96
1997-02-07,0.0,21.53,40.49,100.83,2.7,5.79
1997-02-08,0.0,21.1,35.58,100.7,2.45,2.53
1997-02-09,0.0,22.74,68.16,100.54,3.95,16.17
1997-02-10,0.35,25.45,70.17,100.5,2.94,18.7
1997-02-11,0.08,24.75,56.61,100.7,2.43,13.43
1997-02-12,0.0,21.77,37.41,100.92,2.61,3.58
1997-02-13,0.0,21.82,36.69,100.84,2.2,3.91
1997-02-14,0.0,23.16,37.67,100.68,1.94,5.99
1997-02-15,0.0,24.48,48.74,100.57,2.58,10.63
1997-02-16,0.0,25.24,67.64,100.57,3.44,16.79
1997-02-17,0.0,25.94,65.91,100.57,2.96,16.77
1997-02-18,0.0,25.5,72.79,100.69,2.74,19.47
1997-02-19,0.0,25.18,69.84,100.75,4.52,18.69
1997-02-20,0.01,26.09,69.14,100.84,3.32,19.17
1997-02-21,4.95,24.92,73.88,101.05,2.47,19.49
1997-02-22,2.12,24.93,69.26,100.98,1.7,18.24
1997-02-23,0.0,24.78,49.03,100.99,1.86,9.88
1997-02-24,0.0,24.82,59.51,101.04,2.26,14.28
1997-02-25,0.0,25.28,67.3,100.98,3.4,17.78
1997-02-26,0.0,25.76,66.48,100.81,4.7,18.48
1997-02-27,0.0,26.72,64.9,100.68,3.62,18.27
1997-02-28,0.0,27.07,65.49,100.79,1.88,18.3
1997-03-01,0.46,26.99,67.09,100.82,2.43,18.71
1997-03-02,1.75,26.68,66.16,100.84,2.4,18.38
1997-03-03,0.0,27.17,60.88,100.93,2.28,16.84
1997-03-04,0.0,27.47,57.96,100.93,3.18,16.23
1997-03-05,0.0,27.18,58.46,100.94,3.31,16.3
1997-03-06,0.0,27.12,60.98,101.0,3.37,17.12
1997-03-07,0.0,27.6,59.51,100.97,3.65,17.14
1997-03-08,0.0,28.11,57.22,100.85,2.21,16.82
1997-03-09,0.0,29.08,55.17,100.73,2.3,16.5
1997-03-10,0.0,29.09,54.51,100.74,2.1,16.15
1997-03-11,0.0,29.43,59.34,100.79,2.18,18.46
1997-03-12,0.0,29.43,63.52,100.6,2.53,19.66
1997-03-13,0.0,29.78,64.84,100.36,3.52,20.67
1997-03-14,0.0,30.23,64.98,100.25,4.45,20.92
1997-03-15,0.0,30.35,63.93,100.44,2.87,20.76
1997-03-16,0.0,30.77,57.46,100.49,2.43,18.64
1997-03-17,0.0,31.15,57.57,100.46,3.03,19.29
1997-03-18,0.0,31.14,55.95,100.53,2.65,19.01
1997-03-19,0.0,30.77,57.07,100.39,3.16,18.77
1997-03-20,0.0,31.18,58.14,100.23,3.78,19.45
1997-03-21,0.0,31.58,54.52,100.18,3.26,19.22
1997-03-22,0.0,31.06,53.22,100.28,3.28,18.55
1997-03-23,1.19,30.95,57.12,100.28,3.56,19.62
1997-03-24,3.35,30.32,60.19,100.38,4.37,20.85
1997-03-25,19.69,27.48,64.78,100.64,2.86,19.65
1997-03-26,7.6,27.3,71.34,100.67,2.79,21.21
1997-03-27,0.08,28.28,67.48,100.7,3.54,21.04
1997-03-28,0.0,28.88,64.64,100.54,3.87,20.68
1997-03-29,0.0,29.27,66.07,100.36,4.67,21.37
1997-03-30,0.15,29.09,66.42,100.36,5.83,21.58
1997-03-31,0.25,29.17,58.82,100.4,4.01,17.99
1997-04-01,0.38,28.64,70.41,100.38,4.1,21.85
1997-04-02,0.09,28.91,66.83,100.35,5.07,21.43
1997-04-03,1.01,28.22,67.24,100.49,4.71,21.01
1997-04-04,30.03,26.95,73.41,100.62,2.52,21.51
1997-04-05,3.28,27.61,63.47,100.62,2.25,19.14
1997-04-06,2.94,28.12,59.28,100.63,2.61,18.43
1997-04-07,0.08,28.85,61.27,100.44,3.83,19.66
1997-04-08,0.08,29.01,61.53,100.4,4.05,19.29
1997-04-09,0.0,29.54,64.73,100.33,4.67,21.04
1997-04-10,0.03,29.69,66.29,100.32,5.54,21.84
1997-04-11,5.23,29.61,66.86,100.39,4.27,21.96
1997-04-12,2.38,29.87,62.18,100.36,3.85,20.27
1997-04-13,0.56,30.26,63.15,100.19,3.51,21.01
1997-04-14,3.43,30.08,62.66,100.25,3.81,20.17
1997-04-15,2.33,29.73,71.15,100.35,5.12,23.11
1997-04-16,0.02,30.31,65.32,100.29,5.41,21.91
1997-04-17,1.15,30.84,59.5,100.39,3.72,20.88
1997-04-18,0.2,30.69,58.79,100.52,3.04,20.11
1997-04-19,0.07,30.08,60.78,100.62,2.77,20.74
1997-04-20,0.01,31.16,49.82,100.52,3.44,17.61
1997-04-21,0.01,30.7,54.35,100.46,3.56,19.31
1997-04-22,0.0,31.01,56.35,100.42,4.42,20.17
1997-04-23,0.65,30.62,60.81,100.53,3.79,21.21
1997-04-24,1.41,30.64,59.24,100.43,4.05,20.72
1997-04-25,0.81,30.36,64.35,100.25,4.72,21.9
1997-04-26,0.07,29.47,70.28,100.3,6.01,22.86
1997-04-27,24.31,28.25,78.5,100.44,5.08,24.03
1997-04-28,31.51,28.4,79.39,100.35,4.71,24.31
1997-04-29,10.87,29.34,74.85,100.4,3.31,24.07
1997-04-30,3.11,29.87,69.37,100.53,2.77,23.21
1997-05-01,0.86,29.7,71.28,100.48,3.13,23.61
1997-05-02,0.02,30.68,65.48,100.45,2.58,22.94
1997-05-03,5.35,30.85,64.29,100.31,2.92,22.69
1997-05-04,0.51,31.76,61.11,100.11,3.68,22.3
1997-05-05,0.07,30.6,63.02,100.18,3.61,22.35
1997-05-06,0.05,29.65,62.25,100.25,4.07,21.33
1997-05-07,0.02,30.43,57.82,100.28,3.63,19.99
1997-05-08,0.14,30.86,61.42,100.27,4.39,21.66
1997-05-09,0.04,30.91,64.89,100.1,4.98,22.85
1997-05-10,0.13,31.49,67.87,99.89,4.91,24.2
1997-05-11,0.05,31.26,71.48,99.99,4.16,24.98
1997-05-12,25.71,30.75,74.82,100.0,4.23,25.25
1997-05-13,16.04,30.23,77.53,99.99,4.62,25.45
1997-05-14,0.0,30.28,74.93,100.06,5.19,24.91
1997-05-15,0.0,30.38,70.96,100.09,4.85,23.77
1997-05-16,0.0,31.2,67.16,99.95,3.96,23.09
1997-05-17,0.0,28.89,76.68,99.9,3.35,24.01
1997-05-18,0.22,30.42,64.15,99.71,2.57,21.83
1997-05-19,0.3,31.42,61.72,99.45,3.43,21.5
1997-05-20,0.0,32.32,61.04,99.48,4.14,21.03
1997-05-21,0.0,31.06,71.64,99.77,3.8,24.53
1997-05-22,0.0,32.51,67.48,99.76,3.63,24.89
1997-05-23,0.02,32.17,67.09,99.85,5.04,24.49
1997-05-24,0.1,30.66,76.57,99.9,4.59,25.91
1997-05-25,1.97,31.09,71.44,99.92,5.92,25.13
1997-05-26,2.4,32.2,65.63,99.86,6.22,24.2
1997-05-27,0.17,32.65,65.73,99.78,6.7,24.57
1997-05-28,0.29,33.05,60.6,99.73,4.77,23.64
1997-05-29,0.79,33.86,59.93,99.57,3.15,23.75
1997-05-30,1.38,31.77,72.13,99.77,2.34,25.49
1997-05-31,0.12,32.18,68.38,99.91,3.39,24.97
1997-06-01,0.1,33.02,65.63,99.89,4.69,25.0
1997-06-02,3.58,34.25,55.54,99.87,4.44,22.66
1997-06-03,1.45,33.93,55.89,100.01,3.75,22.54
1997-06-04,0.0,32.8,63.69,100.11,3.99,24.39
1997-06-05,3.11,31.9,68.53,100.02,5.17,25.06
1997-06-06,3.55,30.81,70.75,99.98,6.34,24.67
1997-06-07,1.8,31.42,69.81,99.97,4.04,24.73
1997-06-08,5.49,29.96,78.66,100.08,5.06,25.82
1997-06-09,1.79,30.32,72.4,100.06,5.45,24.5
1997-06-10,1.17,30.24,70.1,99.95,5.69,23.93
1997-06-11,2.19,31.84,66.84,99.81,3.63,24.34
1997-06-12,4.61,29.75,78.94,99.89,4.55,25.62
1997-06-13,0.41,28.96,78.83,100.09,4.11,24.83
1997-06-14,0.06,28.77,75.07,100.11,3.05,23.76
1997-06-15,0.0,29.48,76.19,100.09,3.79,24.72
1997-06-16,0.01,30.73,72.4,100.03,4.51,25.03
1997-06-17,0.0,31.0,70.86,99.83,4.7,24.81
1997-06-18,19.37,30.77,72.88,99.73,3.83,25.1
1997-06-19,2.9,30.51,71.82,99.78,5.06,24.51
1997-06-20,1.0,30.69,68.33,99.96,4.75,23.94
1997-06-21,0.61,29.32,75.96,100.02,4.98,24.56
1997-06-22,1.83,31.73,66.39,99.75,4.29,24.29
1997-06-23,14.21,31.07,70.45,99.56,3.81,24.85
1997-06-24,7.71,28.94,78.18,99.36,3.87,24.65
1997-06-25,7.37,29.04,80.25,99.1,3.98,25.21
1997-06-26,2.9,29.22,77.8,98.95,5.92,24.83
1997-06-27,59.86,28.68,81.27,98.95,6.12,25.1
1997-06-28,29.52,29.24,83.41,98.93,6.27,26.01
1997-06-29,3.15,29.19,84.09,98.98,5.19,26.16
1997-06-30,0.8,28.72,87.89,99.21,3.49,26.49
1997-07-01,0.46,28.4,86.15,99.28,3.05,25.83
1997-07-02,4.36,28.31,84.75,99.31,3.93,25.42
1997-07-03,2.39,28.65,81.87,99.38,3.7,25.1
1997-07-04,8.54,28.7,82.39,99.4,4.74,25.28
1997-07-05,7.03,28.62,82.0,99.54,4.23,25.13
1997-07-06,1.37,28.77,81.85,99.49,3.85,25.23
1997-07-07,1.74,28.33,86.25,99.45,4.36,25.77
1997-07-08,2.09,28.7,83.98,99.59,5.22,25.64
1997-07-09,1.56,29.18,81.68,99.64,5.72,25.61
1997-07-10,0.94,28.49,83.13,99.57,4.46,25.31
1997-07-11,0.25,28.13,84.18,99.7,4.72,25.18
1997-07-12,0.02,28.79,81.35,99.68,3.48,25.13
1997-07-13,1.49,28.59,84.18,99.72,2.67,25.56
1997-07-14,1.67,28.68,83.83,99.77,2.43,25.57
1997-07-15,0.24,28.44,84.12,99.53,2.81,25.42
1997-07-16,6.54,28.66,83.22,99.29,2.99,25.39
1997-07-17,1.83,28.46,84.71,99.26,3.0,25.58
1997-07-18,1.81,28.2,88.53,99.5,2.95,26.1
1997-07-19,1.66,28.37,87.39,99.68,3.7,26.02
1997-07-20,2.45,27.83,89.83,99.6,4.11,26.0
1997-07-21,4.89,28.47,86.38,99.6,3.7,25.9
1997-07-22,2.29,29.27,83.46,99.58,2.64,26.0
1997-07-23,3.71,28.34,87.04,99.54,2.14,25.92
1997-07-24,3.6,28.12,89.06,99.5,4.05,26.12
1997-07-25,0.77,28.26,84.92,99.56,4.71,25.35
1997-07-26,0.83,28.54,85.0,99.58,3.4,25.67
1997-07-27,2.1,28.66,82.48,99.67,2.9,25.27
1997-07-28,2.47,28.61,85.37,99.59,2.25,25.84
1997-07-29,7.71,28.16,87.84,99.16,3.73,25.94
1997-07-30,145.82,27.91,86.42,98.9,6.64,25.4
1997-07-31,26.51,28.27,85.53,99.03,7.57,25.53
1997-08-01,4.92,28.44,85.92,99.37,5.79,25.78
1997-08-02,0.39,28.99,84.68,99.46,3.98,26.03
1997-08-03,0.2,27.37,86.26,99.3,5.09,24.85
1997-08-04,11.51,26.91,88.15,98.94,7.67,24.78
1997-08-05,111.18,25.97,86.67,98.93,9.67,23.59
1997-08-06,25.19,27.57,84.56,99.45,4.95,24.66
1997-08-07,4.17,28.54,84.14,99.76,2.45,25.41
1997-08-08,0.04,29.25,83.09,99.96,1.77,25.95
1997-08-09,5.01,29.06,83.18,100.04,1.74,25.83
1997-08-10,4.73,28.5,86.23,100.06,1.37,25.93
1997-08-11,25.65,28.6,84.1,100.01,1.92,25.54
1997-08-12,11.27,28.07,87.33,99.98,2.53,25.75
1997-08-13,8.57,28.05,86.19,100.02,2.86,25.47
1997-08-14,3.18,27.42,88.82,100.03,3.56,25.41
1997-08-15,24.13,27.7,86.95,100.02,2.5,25.28
1997-08-16,10.18,28.21,84.53,99.97,2.86,25.28
1997-08-17,5.42,27.67,88.56,99.74,2.62,25.6
1997-08-18,2.99,27.26,88.53,99.46,3.7,25.16
1997-08-19,5.58,28.21,89.0,99.3,1.75,26.2
1997-08-20,79.33,27.78,91.34,99.27,2.38,26.23
1997-08-21,15.44,27.76,88.46,99.45,6.1,25.66
1997-08-22,6.16,27.63,87.31,99.8,5.48,25.32
1997-08-23,1.9,27.24,87.88,99.91,4.02,25.04
1997-08-24,0.21,28.54,83.18,99.87,2.93,25.27
1997-08-25,0.23,28.78,84.5,99.77,2.23,25.83
1997-08-26,0.07,28.53,85.04,99.62,2.32,25.7
1997-08-27,2.91,28.0,90.05,99.37,3.21,26.2
1997-08-28,31.94,27.61,90.33,99.24,4.15,25.9
1997-08-29,53.36,28.25,86.98,99.26,7.1,25.87
1997-08-30,8.44,27.93,84.11,99.69,5.34,24.95
1997-08-31,0.6,28.33,86.74,99.84,4.41,25.87
1997-09-01,0.77,28.65,83.83,99.98,3.02,25.53
1997-09-02,0.57,28.71,84.81,100.05,2.22,25.81
1997-09-03,0.09,27.97,86.63,100.09,2.34,25.5
1997-09-04,0.91,27.33,89.44,100.14,3.04,25.45
1997-09-05,0.42,27.92,86.79,100.16,3.37,25.48
1997-09-06,0.29,27.82,88.06,100.15,3.44,25.63
1997-09-07,26.91,27.48,88.37,100.17,3.38,25.36
1997-09-08,41.52,27.38,89.42,100.12,4.91,25.5
1997-09-09,30.25,27.09,90.79,100.31,3.96,25.47
1997-09-10,3.44,26.64,89.62,100.47,3.67,24.79
1997-09-11,1.99,26.63,90.18,100.43,2.98,24.89
1997-09-12,1.85,26.98,87.53,100.35,3.09,24.7
1997-09-13,5.56,27.34,86.03,100.36,1.33,24.74
1997-09-14,2.45,27.31,87.01,100.33,2.04,24.9
1997-09-15,0.58,27.47,86.86,100.21,1.95,25.04
1997-09-16,1.06,27.51,89.86,100.22,2.73,25.69
1997-09-17,0.72,27.44,88.09,100.37,2.21,25.26
1997-09-18,0.32,27.31,89.95,100.42,2.7,25.52
1997-09-19,6.59,28.07,86.99,100.28,2.19,25.64
1997-09-20,24.71,28.04,87.39,100.3,1.68,25.71
1997-09-21,7.37,27.71,86.84,100.24,1.46,25.3
1997-09-22,0.8,27.46,88.32,100.2,2.29,25.35
1997-09-23,0.26,27.37,88.36,100.15,2.23,25.28
1997-09-24,17.7,27.11,90.15,100.04,1.96,25.36
1997-09-25,31.33,27.96,88.74,99.79,3.44,25.91
1997-09-26,19.27,27.11,91.05,99.59,5.98,25.52
1997-09-27,0.23,28.0,83.21,100.0,2.97,24.76
1997-09-28,3.59,28.61,81.68,100.29,2.46,25.02
1997-09-29,4.67,27.88,84.95,100.49,2.87,25.05
1997-09-30,1.01,28.24,81.18,100.5,2.8,24.6
1997-10-01,0.04,27.85,75.28,100.61,1.96,22.84
1997-10-02,0.06,27.94,71.12,100.76,1.59,22.01
1997-10-03,0.97,28.71,65.26,100.88,0.88,21.45
1997-10-04,1.12,28.33,69.57,100.8,1.12,22.09
1997-10-05,2.3,27.99,72.86,100.64,1.1,22.58
1997-10-06,0.28,27.79,74.27,100.6,1.21,22.73
1997-10-07,0.04,28.25,71.97,100.68,1.09,22.6
1997-10-08,4.3,27.92,75.02,100.82,1.47,22.99
1997-10-09,1.02,27.32,79.46,100.9,1.59,23.39
1997-10-10,0.37,27.31,78.64,100.86,1.47,23.18
1997-10-11,0.02,27.38,76.71,100.88,1.36,22.85
1997-10-12,0.0,27.62,70.53,100.95,1.12,21.6
1997-10-13,0.01,28.12,69.66,100.85,1.17,21.94
1997-10-14,3.5,27.96,70.64,100.79,0.96,22.1
1997-10-15,1.58,27.57,73.06,100.79,0.84,22.27
1997-10-16,0.0,26.91,76.28,100.87,1.21,22.38
1997-10-17,0.0,27.3,72.61,100.98,1.3,21.89
1997-10-18,0.0,27.28,69.14,100.97,1.78,21.02
1997-10-19,0.0,27.56,63.92,100.88,1.18,20.09
1997-10-20,0.02,27.45,67.83,100.83,1.13,20.89
1997-10-21,0.01,28.02,66.75,100.84,0.92,21.19
1997-10-22,0.1,27.85,69.58,100.78,0.66,21.74
1997-10-23,7.07,26.69,77.86,100.77,1.25,22.47
1997-10-24,1.14,26.33,83.63,100.93,2.43,23.32
1997-10-25,0.04,26.5,77.97,101.01,2.15,22.21
1997-10-26,0.0,25.85,79.13,101.06,2.8,21.86
1997-10-27,0.04,25.74,74.4,101.03,1.89,20.7
1997-10-28,0.13,26.76,71.61,101.01,1.47,21.13
1997-10-29,0.58,25.71,81.97,101.01,2.57,22.38
1997-10-30,5.76,25.49,87.2,101.09,2.49,23.21
1997-10-31,1.41,25.83,83.6,101.14,2.18,22.8
1997-11-01,0.2,25.77,82.66,101.07,2.2,22.54
1997-11-02,0.08,25.88,81.26,101.09,2.43,22.33
1997-11-03,0.0,25.3,78.25,101.17,2.71,21.12
1997-11-04,0.0,24.92,76.56,101.23,2.6,20.36
1997-11-05,0.0,23.96,75.81,101.18,2.53,19.25
1997-11-06,0.0,24.62,75.52,101.15,2.53,19.88
1997-11-07,0.0,24.82,78.74,101.19,2.62,20.75
1997-11-08,0.01,24.97,78.37,101.08,2.23,20.78
1997-11-09,0.02,25.59,78.22,100.89,1.68,21.37
1997-11-10,0.0,26.03,77.29,100.89,1.66,21.63
1997-11-11,0.0,26.19,73.65,100.85,1.46,20.98
1997-11-12,0.12,25.93,71.23,100.79,1.19,20.23
1997-11-13,0.07,25.95,74.44,100.81,1.07,21.03
1997-11-14,4.29,25.84,77.63,100.86,1.72,21.57
1997-11-15,0.66,25.22,82.49,100.81,1.99,21.95
1997-11-16,0.3,25.06,83.53,100.83,2.1,22.03
1997-11-17,1.1,25.27,79.06,100.87,1.74,21.34
1997-11-18,0.59,24.95,77.99,100.82,1.18,20.78
1997-11-19,1.14,25.23,77.94,100.83,2.0,21.04
1997-11-20,0.64,24.88,79.74,100.99,2.51,21.06
1997-11-21,0.0,25.07,79.59,101.13,3.06,21.18
1997-11-22,0.04,24.55,76.68,101.15,2.35,20.03
1997-11-23,0.01,24.68,75.78,100.93,1.57,19.98
1997-11-24,0.04,25.37,75.72,100.7,1.44,20.61
1997-11-25,0.01,26.0,74.94,100.76,1.54,21.07
1997-11-26,0.18,26.01,74.2,100.92,1.5,20.96
1997-11-27,0.42,26.37,74.79,100.86,1.13,21.42
1997-11-28,0.19,26.27,78.98,101.0,1.92,22.29
1997-11-29,1.44,25.31,80.63,101.1,2.99,21.65
1997-11-30,3.5,24.59,76.65,101.09,2.33,20.09
1997-12-01,1.74,25.08,77.09,101.1,1.44,20.66
1997-12-02,1.74,24.22,84.31,101.14,1.76,21.38
1997-12-03,1.29,23.75,79.35,101.11,2.62,19.84
1997-12-04,0.14,24.21,79.34,101.1,2.09,20.29
1997-12-05,0.0,23.58,75.87,101.22,2.18,18.9
1997-12-06,0.0,23.29,75.34,101.25,2.27,18.5
1997-12-07,0.0,23.62,73.91,101.0,1.86,18.51
1997-12-08,0.0,24.38,74.86,100.84,1.9,19.48
1997-12-09,1.37,24.62,81.39,100.78,4.24,21.19
1997-12-10,2.18,24.16,77.33,100.69,4.25,19.7
1997-12-11,0.0,20.32,74.55,101.09,2.74,15.24
1997-12-12,0.0,20.79,66.81,101.19,1.73,14.11
1997-12-13,0.47,22.15,73.36,101.1,1.86,16.94
1997-12-14,19.34,22.79,85.65,100.93,2.82,20.25
1997-12-15,0.29,20.55,80.23,101.15,3.19,16.71
1997-12-16,0.0,20.39,74.22,101.35,2.76,15.3
1997-12-17,0.81,20.21,74.0,101.28,2.14,15.33
1997-12-18,0.03,21.48,72.4,101.2,2.33,16.1
1997-12-19,0.0,21.82,70.64,101.18,1.64,15.99
1997-12-20,0.0,22.13,73.71,101.16,1.49,16.98
1997-12-21,0.0,22.35,75.48,101.18,1.11,17.73
1997-12-22,0.0,20.16,76.69,101.33,2.68,15.61
1997-12-23,0.0,20.17,69.18,101.24,2.02,14.01
1997-12-24,0.14,21.48,72.62,101.1,1.33,16.27
1997-12-25,0.18,21.96,74.92,101.16,2.05,17.17
1997-12-26,0.01,21.73,71.5,101.24,2.22,16.15
1997-12-27,0.17,21.44,71.09,101.22,1.92,15.77
1997-12-28,0.3,22.13,73.38,101.23,2.12,16.97
1997-12-29,0.53,22.79,77.16,101.29,1.83,18.44
1997-12-30,0.26,23.26,73.71,101.25,1.54,18.09
1997-12-31,0.02,24.22,72.73,101.17,1.07,18.83
1998-01-01,0.0,22.94,74.31,101.18,2.99,17.93
1998-01-02,0.0,21.95,73.16,101.25,2.37,16.67
1998-01-03,0.0,21.38,70.45,101.4,2.24,15.44
1998-01-04,0.0,19.07,57.25,101.44,2.99,9.68
1998-01-05,0.0,18.83,57.35,101.26,2.31,9.5
1998-01-06,0.0,19.93,60.74,101.17,1.78,11.64
1998-01-07,0.0,21.2,62.74,101.24,1.25,13.36
1998-01-08,0.0,21.18,64.88,101.18,1.58,13.87
1998-01-09,0.0,21.55,67.77,101.02,2.02,14.89
1998-01-10,0.0,21.82,69.46,100.99,1.66,15.56
1998-01-11,0.0,22.36,69.14,101.04,1.25,15.99
1998-01-12,0.0,22.27,65.96,100.8,1.75,14.93
1998-01-13,0.0,23.01,66.78,100.69,1.57,15.89
1998-01-14,0.0,24.09,72.6,100.79,1.54,18.21
1998-01-15,0.0,22.65,63.87,100.8,1.36,14.69
1998-01-16,0.0,23.43,66.58,100.63,1.94,16.13
1998-01-17,6.45,24.42,78.1,100.75,1.88,19.94
1998-01-18,5.59,25.21,77.4,100.77,2.58,20.75
1998-01-19,0.27,23.31,78.47,100.95,2.71,19.21
1998-01-20,0.61,21.74,77.64,101.09,2.73,17.51
1998-01-21,1.34,23.76,75.67,100.88,3.33,19.1
1998-01-22,0.11,20.91,71.36,101.09,2.99,14.98
1998-01-23,0.94,21.55,68.6,101.1,2.06,15.02
1998-01-24,0.17,22.33,72.42,101.2,2.49,16.82
1998-01-25,0.26,22.13,67.65,101.31,2.7,15.65
1998-01-26,2.5,22.99,71.61,101.17,2.87,17.45
1998-01-27,0.81,23.51,76.9,101.19,3.08,19.05
1998-01-28,0.02,23.78,75.24,101.33,2.51,18.73
1998-01-29,1.95,23.65,72.2,101.37,2.13,17.82
1998-01-30,0.23,24.63,70.36,101.39,1.28,18.43
1998-01-31,0.0,24.07,72.38,101.42,1.44,18.4
1998-02-01,0.0,24.54,72.06,101.26,1.15,18.73
1998-02-02,0.02,24.59,70.55,101.23,1.37,18.49
1998-02-03,0.13,25.03,70.62,101.16,1.98,18.87
1998-02-04,0.24,25.73,65.56,101.15,1.89,18.03
1998-02-05,0.07,23.8,65.03,101.18,2.39,16.26
1998-02-06,1.32,23.43,65.32,101.1,2.31,16.18
1998-02-07,4.42,21.03,79.27,101.07,4.15,17.22
1998-02-08,0.24,22.04,66.38,101.26,2.09,14.73
1998-02-09,0.0,23.14,56.01,101.35,1.07,12.95
1998-02-10,0.0,22.27,52.71,101.34,1.5,11.28
1998-02-11,0.0,23.2,50.76,101.24,1.21,11.62
1998-02-12,0.0,23.19,48.47,101.12,1.46,10.65
1998-02-13,0.0,23.17,50.55,101.11,1.9,11.11
1998-02-14,0.0,23.68,51.56,101.09,1.63,12.01
1998-02-15,0.0,23.91,55.43,100.88,2.27,13.09
1998-02-16,0.0,25.19,67.17,100.81,2.39,17.36
1998-02-17,0.0,25.53,68.49,100.81,3.58,18.48
1998-02-18,0.29,26.77,66.16,100.66,3.91,19.49
1998-02-19,0.41,26.73,69.98,100.61,2.69,20.22
1998-02-20,0.06,26.85,66.47,100.67,1.77,18.84
1998-02-21,0.15,26.16,71.76,100.84,3.03,19.95
1998-02-22,0.15,24.66,77.69,100.85,3.3,20.17
1998-02-23,6.58,25.67,74.18,100.82,3.05,20.35
1998-02-24,1.61,26.48,75.62,100.83,3.26,21.57
1998-02-25,0.12,27.48,71.79,100.7,4.7,21.54
1998-02-26,1.13,28.12,70.2,100.58,3.89,21.63
1998-02-27,0.36,28.24,64.13,100.71,1.91,19.63
1998-02-28,0.0,26.77,72.15,100.89,2.93,20.85
1998-03-01,17.16,25.97,75.04,100.94,1.58,20.92
1998-03-02,2.73,26.1,67.51,100.96,1.24,18.64
1998-03-03,0.0,26.43,58.67,101.05,0.78,16.35
1998-03-04,0.0,26.1,59.57,100.99,1.14,16.58
1998-03-05,0.0,26.74,64.44,100.79,2.62,18.81
1998-03-06,0.17,27.22,65.69,100.63,3.79,19.7
1998-03-07,0.26,27.13,69.91,100.46,2.94,20.94
1998-03-08,0.0,28.18,56.26,100.48,2.08,16.8
1998-03-09,0.0,26.98,47.27,100.54,1.7,11.94
1998-03-10,0.0,27.95,71.7,100.47,2.72,21.41
1998-03-11,0.0,29.52,69.29,100.59,3.75,22.43
1998-03-12,6.6,28.57,75.31,100.64,4.05,23.36
1998-03-13,3.76,28.81,72.87,100.55,4.5,22.91
1998-03-14,0.47,28.81,56.02,100.61,2.38,17.49
1998-03-15,0.45,28.0,65.57,100.84,2.34,20.36
1998-03-16,0.07,28.57,62.7,101.0,2.15,20.16
1998-03-17,0.79,28.74,59.3,100.92,1.95,19.49
1998-03-18,0.09,28.74,56.7,100.92,1.38,18.96
1998-03-19,0.0,29.42,50.81,100.8,1.54,17.65
1998-03-20,0.0,29.21,53.6,100.71,1.88,17.5
1998-03-21,0.0,30.08,60.94,100.68,2.88,20.19
1998-03-22,0.0,30.56,63.76,100.44,4.31,21.67
1998-03-23,2.04,30.52,67.15,100.33,6.52,22.94
1998-03-24,1.36,30.0,68.01,100.26,7.02,22.93
1998-03-25,0.01,28.94,47.43,100.45,2.74,13.6
1998-03-26,0.02,27.92,54.4,100.69,2.19,16.07
1998-03-27,0.0,28.47,65.58,100.78,2.55,20.58
1998-03-28,0.0,28.6,67.26,100.75,3.28,21.41
1998-03-29,2.5,28.78,68.73,100.71,4.58,22.07
1998-03-30,2.61,28.67,67.33,100.72,5.07,21.71
1998-03-31,11.18,28.51,69.61,100.8,2.43,21.95
1998-04-01,2.08,28.12,64.24,100.95,3.44,20.08
1998-04-02,0.0,28.03,55.74,100.79,2.44,17.52
1998-04-03,0.0,28.78,63.17,100.68,3.64,20.68
1998-04-04,8.89,28.86,71.35,100.71,3.98,22.85
1998-04-05,5.27,28.87,71.44,100.83,3.4,22.76
1998-04-06,1.93,30.3,64.59,100.72,3.19,21.94
1998-04-07,0.24,30.61,64.94,100.44,4.35,22.21
1998-04-08,0.02,30.59,66.03,100.25,4.82,22.68
1998-04-09,0.04,30.52,64.8,100.22,4.86,22.45
1998-04-10,0.0,30.9,61.12,100.3,5.37,21.92
1998-04-11,0.0,31.78,59.2,100.4,4.69,21.92
1998-04-12,0.0,32.0,60.71,100.2,3.95,22.17
1998-04-13,0.03,31.68,62.88,100.06,4.13,22.69
1998-04-14,0.02,31.56,62.88,100.31,4.56,22.51
1998-04-15,0.05,31.78,59.25,100.5,4.44,21.52
1998-04-16,0.02,31.27,57.54,100.47,3.78,20.32
1998-04-17,0.0,31.37,58.85,100.37,2.84,21.22
1998-04-18,0.0,31.28,63.06,100.28,4.52,22.63
1998-04-19,0.0,31.02,67.66,100.25,4.32,23.37
1998-04-20,0.0,30.54,73.16,100.14,5.66,24.67
1998-04-21,0.0,31.02,72.62,100.12,6.9,24.98
1998-04-22,0.11,32.18,66.3,100.1,6.65,23.9
1998-04-23,0.02,32.37,62.97,100.13,5.83,23.31
1998-04-24,0.47,31.45,68.52,100.22,5.13,24.17
1998-04-25,0.27,31.12,67.1,100.32,4.69,23.39
1998-04-26,0.02,32.14,61.41,100.32,2.79,22.86
1998-04-27,0.12,32.51,60.68,100.24,3.65,23.05
1998-04-28,5.6,31.3,68.48,100.22,3.93,24.44
1998-04-29,0.13,32.7,58.23,100.14,3.64,22.28
1998-04-30,0.0,32.54,58.87,100.14,4.05,22.07
1998-05-01,0.0,31.83,65.57,100.14,4.72,23.63
1998-05-02,0.0,31.89,65.62,100.23,5.44,23.75
1998-05-03,1.76,31.48,67.49,100.21,5.26,23.95
1998-05-04,0.5,31.26,67.42,99.97,5.88,23.8
1998-05-05,0.13,31.16,70.71,99.88,5.54,24.63
1998-05-06,0.04,31.05,69.28,100.2,5.2,24.21
1998-05-07,0.8,31.15,66.45,100.38,5.72,23.58
1998-05-08,21.5,30.15,75.28,100.34,4.65,25.02
1998-05-09,2.67,32.0,65.01,100.1,3.04,23.49
1998-05-10,0.3,32.68,59.55,100.03,3.52,23.22
1998-05-11,0.08,32.15,58.74,100.24,3.34,22.2
1998-05-12,0.02,32.02,59.06,100.22,3.13,22.47
1998-05-13,0.0,32.69,57.7,100.19,2.97,22.4
1998-05-14,0.0,32.6,57.76,100.17,2.95,22.22
1998-05-15,0.0,32.4,58.5,99.97,4.16,22.37
1998-05-16,0.0,31.86,64.33,100.0,4.69,23.8
1998-05-17,0.02,31.43,67.29,100.0,3.64,24.24
1998-05-18,1.01,31.8,61.22,99.77,4.95,22.87
1998-05-19,0.18,32.97,57.62,99.36,3.91,22.73
1998-05-20,0.02,34.5,58.01,99.38,3.77,23.4
1998-05-21,0.14,33.46,65.45,99.66,5.88,25.34
1998-05-22,0.32,33.26,69.53,99.68,5.32,25.98
1998-05-23,0.16,33.0,70.79,99.57,5.13,26.06
1998-05-24,0.0,32.5,73.88,99.62,4.97,26.68
1998-05-25,0.26,32.28,76.34,99.65,4.91,27.13
1998-05-26,0.1,32.67,71.62,99.59,5.9,26.27
1998-05-27,0.08,32.83,71.46,99.57,5.82,26.55
1998-05-28,0.08,34.32,64.61,99.47,4.19,25.15
1998-05-29,0.16,36.34,51.54,99.27,3.88,22.91
1998-05-30,0.01,36.0,51.61,99.28,4.73,23.26
1998-05-31,0.0,35.81,54.14,99.46,4.74,23.08
1998-06-01,0.0,34.2,59.71,99.59,4.53,23.6
1998-06-02,0.06,33.3,67.93,99.48,4.92,25.79
1998-06-03,0.01,33.71,62.91,99.48,4.1,24.37
1998-06-04,0.09,32.53,69.25,99.72,5.74,25.75
1998-06-05,0.3,31.87,63.08,99.86,5.35,23.75
1998-06-06,0.19,31.13,66.38,99.87,5.81,23.95
1998-06-07,0.0,31.03,66.87,99.83,5.05,23.92
1998-06-08,7.93,32.37,68.01,99.62,5.98,25.08
1998-06-09,2.72,33.05,63.33,99.57,5.8,24.68
1998-06-10,0.84,32.89,62.25,99.6,5.49,24.11
1998-06-11,1.67,30.54,70.3,99.78,5.68,24.33
1998-06-12,2.68,28.87,79.71,99.71,2.47,25.0
1998-06-13,2.16,29.32,76.87,99.54,2.87,24.68
1998-06-14,23.87,29.16,85.01,99.43,6.72,26.32
1998-06-15,7.2,29.61,79.87,99.78,6.84,25.68
1998-06-16,1.67,29.87,78.18,100.03,4.68,25.59
1998-06-17,0.1,30.4,76.23,99.85,4.35,25.6
1998-06-18,0.59,30.42,77.41,99.75,4.23,25.89
1998-06-19,5.71,30.68,73.95,99.78,4.77,25.22
1998-06-20,6.35,29.83,80.32,99.55,4.71,25.94
1998-06-21,0.12,29.22,83.67,99.37,3.74,26.15
1998-06-22,16.47,30.04,79.8,99.35,3.55,25.97
1998-06-23,9.2,30.56,75.66,99.29,3.63,25.53
1998-06-24,22.59,30.58,77.67,99.34,4.14,26.0
1998-06-25,27.24,28.89,86.72,99.32,4.8,26.43
1998-06-26,4.36,28.75,86.01,99.26,4.37,26.15
1998-06-27,1.62,29.72,85.23,99.17,3.62,26.89
1998-06-28,0.42,29.8,81.53,99.32,3.61,26.11
1998-06-29,36.55,29.42,87.19,99.19,2.99,27.03
1998-06-30,28.74,29.57,85.96,99.15,2.17,26.89
1998-07-01,43.08,29.01,90.89,99.04,2.64,27.37
1998-07-02,48.61,28.7,89.91,99.04,3.7,26.88
1998-07-03,16.5,28.82,86.53,99.39,5.93,26.3
1998-07-04,2.67,29.06,87.1,99.56,5.88,26.65
1998-07-05,1.0,28.5,88.08,99.67,6.18,26.32
1998-07-06,0.59,29.14,83.44,99.64,5.75,25.92
1998-07-07,1.13,28.96,80.55,99.64,4.74,25.13
1998-07-08,2.22,28.26,84.99,99.54,3.96,25.42
1998-07-09,5.01,28.55,85.36,99.39,4.44,25.78
1998-07-10,9.03,28.92,83.55,99.31,4.39,25.76
1998-07-11,5.74,29.0,84.78,99.36,4.69,26.08
1998-07-12,5.09,29.03,86.68,99.6,4.77,26.52
1998-07-13,9.24,28.55,89.12,99.88,5.14,26.57
1998-07-14,11.13,28.62,88.91,99.99,4.62,26.59
1998-07-15,8.25,28.63,88.96,100.03,4.2,26.6
1998-07-16,0.91,28.39,86.84,99.95,3.01,25.91
1998-07-17,0.26,28.27,89.31,99.89,3.58,26.32
1998-07-18,1.55,27.97,89.08,100.07,4.4,25.99
1998-07-19,2.72,28.31,83.54,100.18,4.3,25.19
1998-07-20,0.13,28.75,82.58,99.95,3.27,25.4
1998-07-21,0.06,29.42,82.17,99.88,3.25,25.93
1998-07-22,0.61,29.83,81.68,99.83,2.99,26.23
1998-07-23,41.35,29.3,86.94,99.81,3.1,26.87
1998-07-24,24.93,28.76,86.4,99.81,2.88,26.21
1998-07-25,5.23,28.97,84.67,99.75,2.62,26.04
1998-07-26,18.06,28.34,86.41,99.64,2.45,25.83
1998-07-27,23.89,28.09,88.39,99.49,2.32,25.98
1998-07-28,27.91,28.11,90.08,99.41,3.95,26.32
1998-07-29,13.41,28.2,87.33,99.43,3.84,25.87
1998-07-30,9.97,28.27,86.34,99.63,4.37,25.75
1998-07-31,3.34,28.2,87.79,99.82,3.75,25.97
1998-08-01,0.27,28.13,88.56,99.86,2.39,26.04
1998-08-02,1.17,28.21,89.9,99.9,5.19,26.4
1998-08-03,0.89,28.81,86.21,99.93,5.12,26.21
1998-08-04,6.48,28.75,85.66,99.78,6.35,26.06
1998-08-05,13.36,28.55,88.19,99.61,3.98,26.37
1998-08-06,8.58,28.24,88.45,99.5,3.09,26.13
1998-08-07,48.24,27.81,91.29,99.58,4.47,26.27
1998-08-08,15.72,28.16,89.13,99.6,2.87,26.16
1998-08-09,0.81,27.51,91.05,99.41,3.64,25.92
1998-08-10,6.85,28.24,89.48,99.52,3.12,26.32
1998-08-11,2.83,28.22,89.67,99.69,4.77,26.35
1998-08-12,1.18,28.3,91.35,99.66,5.59,26.75
1998-08-13,16.23,28.41,89.99,99.64,5.45,26.59
1998-08-14,4.95,28.07,90.77,99.79,4.81,26.43
1998-08-15,1.16,27.94,91.0,100.05,4.51,26.34
1998-08-16,0.79,27.93,88.62,100.17,4.82,25.85
1998-08-17,5.0,28.55,85.84,100.03,3.06,25.86
1998-08-18,4.75,27.29,90.91,100.08,3.11,25.69
1998-08-19,1.4,27.9,88.56,100.01,3.95,25.82
1998-08-20,0.19,28.66,86.24,99.92,3.07,26.08
1998-08-21,0.08,28.64,85.31,99.92,2.04,25.89
1998-08-22,1.51,28.18,87.48,99.95,2.1,25.89
1998-08-23,2.11,28.19,90.57,100.02,3.18,26.5
1998-08-24,2.34,27.86,90.55,100.1,2.78,26.17
1998-08-25,3.52,27.46,90.84,100.08,3.0,25.83
1998-08-26,19.6,27.34,91.74,100.1,3.84,25.89
1998-08-27,19.21,27.37,92.03,100.27,4.95,25.97
1998-08-28,0.46,27.8,88.14,100.29,4.11,25.61
1998-08-29,14.41,28.0,89.1,100.0,4.04,26.02
1998-08-30,2.67,28.29,89.73,99.77,3.18,26.42
1998-08-31,5.46,27.7,92.33,99.81,3.58,26.36
1998-09-01,3.66,28.1,88.84,99.87,3.65,26.04
1998-09-02,2.15,28.1,88.09,99.9,3.21,25.92
1998-09-03,6.94,27.76,92.87,99.91,2.81,26.52
1998-09-04,2.96,28.04,89.68,100.06,4.16,26.18
1998-09-05,0.92,27.84,90.49,100.17,2.96,26.13
1998-09-06,27.58,27.8,91.25,100.01,3.2,26.24
1998-09-07,18.69,27.56,90.4,99.81,2.49,25.82
1998-09-08,13.12,27.35,91.11,99.65,5.64,25.78
1998-09-09,13.31,27.4,92.33,99.89,5.14,26.07
1998-09-10,13.64,27.75,90.46,99.79,4.68,26.05
1998-09-11,14.12,27.68,91.19,99.7,4.97,26.13
1998-09-12,17.75,27.75,90.48,99.86,5.11,26.06
1998-09-13,11.84,27.51,91.72,99.86,4.92,26.06
1998-09-14,2.22,27.1,90.82,99.83,2.91,25.47
1998-09-15,35.44,27.33,89.35,99.67,1.83,25.41
1998-09-16,27.56,27.89,84.55,99.77,1.14,24.98
1998-09-17,0.42,28.15,84.97,99.92,2.3,25.32
1998-09-18,2.5,28.1,86.11,99.98,1.82,25.53
1998-09-19,5.94,27.69,90.81,99.93,2.79,26.06
1998-09-20,12.99,27.58,91.95,99.91,3.3,26.15
1998-09-21,12.53,27.36,91.72,99.94,3.32,25.9
1998-09-22,1.33,27.57,90.3,100.05,2.15,25.83
1998-09-23,0.03,27.5,91.86,100.19,2.39,26.06
1998-09-24,0.08,27.67,89.7,100.31,1.78,25.82
1998-09-25,1.69,28.5,83.56,100.31,1.34,25.38
1998-09-26,0.95,28.13,87.01,100.33,1.78,25.77
1998-09-27,0.19,28.16,87.54,100.31,2.17,25.87
1998-09-28,6.01,27.94,87.69,100.35,1.72,25.69
1998-09-29,6.21,27.64,88.51,100.28,1.88,25.57
1998-09-30,4.29,27.64,85.64,100.25,1.21,25.02
1998-10-01,27.78,28.02,82.07,100.28,1.05,24.64
1998-10-02,6.66,28.14,81.79,100.23,1.37,24.67
1998-10-03,9.55,28.06,85.5,100.08,2.13,25.35
1998-10-04,2.47,27.74,84.11,100.19,2.07,24.79
1998-10-05,0.29,27.8,85.89,100.28,2.38,25.2
1998-10-06,0.36,27.82,83.13,100.32,2.55,24.65
1998-10-07,0.24,27.98,82.44,100.33,2.21,24.67
1998-10-08,0.41,28.32,80.95,100.32,1.86,24.67
1998-10-09,2.74,28.44,81.92,100.25,1.6,25.02
1998-10-10,9.77,28.35,83.64,100.21,1.37,25.3
1998-10-11,5.51,28.2,85.31,100.24,1.44,25.48
1998-10-12,0.71,28.06,86.92,100.34,2.0,25.67
1998-10-13,2.94,27.59,90.12,100.34,3.06,25.83
1998-10-14,36.82,27.47,90.98,100.14,3.36,25.88
1998-10-15,26.07,27.38,91.19,99.82,4.45,25.83
1998-10-16,7.15,27.89,89.73,99.96,2.98,26.06
1998-10-17,1.32,28.45,86.07,100.12,1.2,25.85
1998-10-18,1.07,27.97,86.83,99.98,3.03,25.54
1998-10-19,0.4,28.03,84.88,99.9,2.93,25.2
1998-10-20,25.57,27.29,81.42,100.05,1.96,23.74
1998-10-21,19.35,27.05,84.18,100.18,1.74,24.12
1998-10-22,16.89,27.11,82.8,100.31,3.18,23.91
1998-10-23,2.73,27.18,78.53,100.42,1.97,23.07
1998-10-24,0.11,27.76,78.83,100.5,1.36,23.65
1998-10-25,0.0,27.69,81.03,100.51,1.6,24.07
1998-10-26,0.0,27.86,81.06,100.54,1.06,24.27
1998-10-27,0.05,27.24,83.68,100.61,2.26,24.22
1998-10-28,0.06,25.45,81.8,100.76,3.76,22.06
1998-10-29,4.29,24.51,83.82,100.63,4.45,21.54
1998-10-30,18.26,22.97,89.01,100.65,3.62,21.01
1998-10-31,4.75,25.33,89.88,100.74,2.46,23.51
1998-11-01,1.23,26.49,89.05,100.78,2.52,24.51
1998-11-02,8.9,26.68,87.18,100.77,2.16,24.32
1998-11-03,5.1,26.29,86.12,100.71,2.96,23.73
1998-11-04,0.05,25.4,82.96,100.7,3.18,22.2
1998-11-05,0.44,25.44,85.05,100.7,3.2,22.7
1998-11-06,0.44,26.05,86.21,100.72,3.1,23.51
1998-11-07,0.08,26.09,81.98,100.69,1.92,22.67
1998-11-08,0.22,26.51,77.2,100.72,1.37,22.13
1998-11-09,1.21,26.37,74.0,100.78,1.36,21.31
1998-11-10,0.14,26.45,77.21,100.74,1.05,22.09
1998-11-11,0.01,26.39,81.19,100.74,1.39,22.86
1998-11-12,0.0,25.45,83.65,100.81,3.0,22.44
1998-11-13,0.0,24.06,83.43,100.63,3.56,20.98
1998-11-14,6.62,23.04,87.89,100.52,5.19,20.87
1998-11-15,41.58,24.73,90.38,100.24,6.46,23.0
1998-11-16,18.87,26.2,85.16,100.29,3.8,23.49
1998-11-17,0.4,25.45,80.93,100.38,1.76,21.88
1998-11-18,0.09,25.97,76.62,100.43,1.03,21.5
1998-11-19,0.0,25.46,80.38,100.56,1.88,21.76
1998-11-20,0.57,25.02,86.08,100.51,3.7,22.47
1998-11-21,0.3,24.17,88.62,100.37,6.01,22.14
1998-11-22,0.06,25.3,85.53,100.26,4.94,22.63
1998-11-23,0.0,24.84,84.62,100.63,2.95,21.97
1998-11-24,0.0,24.64,81.31,100.8,2.25,21.1
1998-11-25,0.0,24.22,76.85,100.83,1.93,19.76
1998-11-26,0.0,22.14,75.03,100.83,2.58,17.3
1998-11-27,0.0,20.3,73.46,100.84,2.77,15.14
1998-11-28,0.0,20.25,74.17,100.78,2.34,15.33
1998-11-29,0.0,20.51,74.12,100.87,1.99,15.57
1998-11-30,0.0,20.55,76.68,100.99,2.33,16.16
1998-12-01,0.0,20.46,75.99,100.98,2.07,15.85
1998-12-02,0.0,20.25,72.98,100.98,2.5,14.98
1998-12-03,0.0,19.82,70.09,101.15,2.66,13.9
1998-12-04,0.0,19.52,71.01,101.16,2.27,13.87
1998-12-05,0.0,19.58,69.78,101.07,2.01,13.58
1998-12-06,0.0,19.78,68.3,101.11,1.73,13.55
1998-12-07,0.0,20.29,66.82,101.08,1.29,13.73
1998-12-08,0.0,20.73,69.38,101.03,1.27,14.77
1998-12-09,0.0,20.68,71.82,101.07,1.19,15.12
1998-12-10,0.0,21.26,67.71,101.16,1.12,14.89
1998-12-11,0.0,21.51,72.44,101.21,1.84,16.23
1998-12-12,0.0,20.94,71.25,101.22,1.79,15.32
1998-12-13,0.0,19.92,73.12,101.26,2.62,14.78
1998-12-14,0.0,20.32,79.56,101.22,2.92,16.48
1998-12-15,0.0,20.09,76.04,101.11,2.71,15.52
1998-12-16,0.0,20.29,74.21,101.11,2.3,15.29
1998-12-17,0.0,20.05,67.72,101.11,2.04,13.44
1998-12-18,0.0,20.32,58.66,101.01,1.1,11.65
1998-12-19,0.0,19.9,68.75,100.99,1.61,13.77
1998-12-20,0.0,18.99,70.83,100.9,2.26,13.3
1998-12-21,0.0,19.48,70.95,100.84,1.65,13.91
1998-12-22,0.0,19.81,69.41,100.92,1.47,13.72
1998-12-23,0.0,20.49,63.86,100.96,1.25,13.12
1998-12-24,0.0,20.43,65.38,101.14,1.51,13.55
1998-12-25,0.0,19.41,71.02,101.21,1.99,13.75
1998-12-26,0.0,17.64,69.25,101.16,2.69,11.52
1998-12-27,0.0,17.79,66.69,101.17,2.15,11.13
1998-12-28,0.0,18.54,62.86,101.31,1.67,11.06
1998-12-29,0.0,18.85,60.48,101.24,1.18,10.77
1998-12-30,0.0,18.54,58.82,101.11,1.31,9.96
1998-12-31,0.0,19.29,58.77,101.13,1.2,10.8
1999-01-01,0.0,19.23,63.09,101.25,1.61,11.88
1999-01-02,0.0,18.42,66.43,101.18,1.86,11.79
1999-01-03,0.0,18.06,63.9,101.03,1.85,10.81
1999-01-04,0.0,18.92,61.37,100.92,1.17,11.17
1999-01-05,0.0,19.88,64.7,100.87,0.74,12.93
1999-01-06,0.0,20.71,69.0,100.68,0.66,14.71
1999-01-07,0.0,20.92,78.54,100.73,1.6,16.96
1999-01-08,0.0,21.6,73.21,100.8,1.58,16.25
1999-01-09,0.33,20.88,70.5,100.81,1.42,15.08
1999-01-10,0.05,19.84,71.35,101.04,2.48,14.28
1999-01-11,0.0,18.87,67.45,101.22,2.8,12.38
1999-01-12,0.0,18.6,62.4,101.14,1.99,10.87
1999-01-13,0.0,19.14,58.53,101.09,1.7,10.54
1999-01-14,0.0,19.11,58.92,101.24,1.77,10.42
1999-01-15,0.0,19.34,63.48,101.28,1.68,11.87
1999-01-16,0.0,19.31,58.8,101.26,1.44,10.64
1999-01-17,0.0,19.4,57.7,101.16,1.56,10.39
1999-01-18,0.0,20.01,60.87,101.07,1.28,11.92
1999-01-19,0.0,20.18,57.91,101.05,1.1,11.2
1999-01-20,0.0,19.96,60.63,101.12,1.99,11.67
1999-01-21,0.0,20.43,59.77,101.13,1.59,11.86
1999-01-22,0.0,21.71,56.42,100.94,1.23,12.33
1999-01-23,0.0,21.59,62.42,100.91,1.58,13.62
1999-01-24,0.0,22.23,62.04,100.95,1.68,14.05
1999-01-25,0.0,21.23,62.24,100.91,2.08,13.26
1999-01-26,0.0,20.94,64.91,100.76,2.03,13.4
1999-01-27,0.0,20.99,58.26,100.62,2.26,11.59
1999-01-28,0.0,21.14,56.14,100.72,1.48,11.53
1999-01-29,0.0,21.95,65.7,100.67,1.87,14.73
1999-01-30,0.0,21.43,65.22,100.63,2.06,13.72
1999-01-31,0.0,22.11,76.28,100.64,2.04,17.44
1999-02-01,0.0,21.9,74.51,100.88,2.73,16.66
1999-02-02,0.0,21.82,68.34,101.0,2.29,15.02
1999-02-03,0.0,21.98,64.17,101.05,2.78,14.09
1999-02-04,0.0,22.97,64.95,101.02,2.61,15.33
1999-02-05,0.0,23.95,68.4,101.12,2.3,17.11
1999-02-06,0.0,24.08,64.59,101.18,1.89,16.44
1999-02-07,0.0,24.12,67.94,101.13,1.49,17.44
1999-02-08,0.0,24.09,72.67,101.03,1.67,18.56
1999-02-09,0.02,23.84,70.5,100.94,1.35,17.88
1999-02-10,0.0,23.97,64.21,100.91,1.71,15.97
1999-02-11,0.0,24.56,60.23,101.02,1.7,15.24
1999-02-12,0.0,25.41,58.39,101.16,1.61,15.53
1999-02-13,0.0,25.56,57.72,101.03,1.38,15.45
1999-02-14,0.0,25.56,63.64,100.89,1.56,16.94
1999-02-15,0.0,25.62,69.37,100.99,1.62,18.95
1999-02-16,0.0,25.91,65.42,101.12,1.44,18.25
1999-02-17,0.0,26.23,64.68,101.0,1.53,17.77
1999-02-18,0.0,26.14,60.55,100.93,1.96,15.76
1999-02-19,0.0,26.34,62.78,100.92,1.49,17.36
1999-02-20,0.0,26.47,56.44,100.89,1.65,16.17
1999-02-21,0.0,27.03,60.76,100.89,2.28,18.08
1999-02-22,0.0,27.2,64.54,101.0,1.65,19.01
1999-02-23,0.0,26.89,61.4,100.96,1.47,17.25
1999-02-24,0.0,27.07,65.63,100.78,1.87,18.99
1999-02-25,0.0,27.46,67.51,100.67,2.69,19.77
1999-02-26,0.0,27.7,66.53,100.64,2.65,19.68
1999-02-27,0.0,28.23,63.86,100.7,2.32,19.35
1999-02-28,0.0,27.7,62.05,100.82,2.64,18.4
1999-03-01,0.0,27.82,57.48,100.76,2.07,17.85
1999-03-02,0.0,27.71,60.85,100.64,1.81,17.87
1999-03-03,0.0,27.59,62.65,100.61,1.48,18.23
1999-03-04,0.0,27.45,57.27,100.41,2.15,16.23
1999-03-05,0.0,28.05,46.93,100.17,1.99,13.36
1999-03-06,0.0,28.11,45.69,100.1,2.11,13.25
1999-03-07,0.0,29.08,49.57,100.09,1.82,14.88
1999-03-08,0.0,29.78,48.26,99.95,1.86,15.11
1999-03-09,0.0,29.89,48.57,99.92,2.38,15.28
1999-03-10,0.0,29.94,58.4,100.04,2.27,18.56
1999-03-11,0.0,29.37,63.94,100.08,3.43,20.24
1999-03-12,0.0,29.7,60.0,100.05,4.51,19.34
1999-03-13,0.0,29.5,59.55,100.13,3.82,19.07
1999-03-14,0.0,28.8,64.65,100.34,2.77,20.54
1999-03-15,0.0,28.72,61.21,100.39,2.14,18.57
1999-03-16,0.0,28.8,56.41,100.18,3.04,16.67
1999-03-17,0.0,29.8,59.4,100.02,3.48,18.91
1999-03-18,0.0,31.41,49.99,99.98,3.0,16.36
1999-03-19,0.0,30.05,45.08,100.11,2.32,13.77
1999-03-20,0.0,29.6,63.42,100.16,2.36,19.84
1999-03-21,0.0,29.23,67.83,100.18,2.72,21.58
1999-03-22,0.0,29.62,64.69,100.3,2.6,20.99
1999-03-23,0.0,29.55,62.42,100.4,2.93,19.57
1999-03-24,0.0,29.47,62.89,100.4,3.14,19.35
1999-03-25,0.0,29.46,68.93,100.33,4.93,22.23
1999-03-26,0.0,30.33,58.73,100.15,3.75,17.89
1999-03-27,0.0,30.95,55.98,100.06,3.73,17.61
1999-03-28,0.0,29.91,47.29,100.23,2.61,12.26
1999-03-29,0.0,30.1,56.31,100.27,2.19,16.3
1999-03-30,0.0,30.14,60.88,100.2,3.8,18.46
1999-03-31,0.0,30.12,61.51,100.18,2.81,19.29
1999-04-01,0.0,30.69,59.53,100.21,3.14,18.81
1999-04-02,0.0,30.12,61.63,100.39,4.03,20.15
1999-04-03,0.0,29.89,57.88,100.45,4.11,18.61
1999-04-04,0.0,29.74,58.98,100.39,4.21,18.26
1999-04-05,0.0,30.14,64.74,100.36,4.86,21.29
1999-04-06,0.0,30.35,63.37,100.21,5.04,21.36
1999-04-07,0.0,30.73,62.44,100.0,3.93,20.12
1999-04-08,0.0,30.23,68.52,100.03,5.21,22.53
1999-04-09,0.08,29.95,69.54,100.18,4.85,22.83
1999-04-10,0.03,30.85,65.14,100.05,4.45,21.73
1999-04-11,0.0,31.15,65.16,99.99,4.07,21.95
1999-04-12,0.0,30.62,68.45,99.96,4.08,23.05
1999-04-13,0.0,30.86,68.25,99.85,3.88,23.22
1999-04-14,0.0,31.49,65.19,99.84,2.92,22.61
1999-04-15,0.0,30.67,68.61,100.03,3.03,23.45
1999-04-16,0.0,31.0,63.2,100.15,3.14,22.01
1999-04-17,0.0,30.85,65.57,100.12,3.54,22.56
1999-04-18,0.0,31.46,61.76,100.07,3.58,21.51
1999-04-19,0.0,31.16,63.21,100.03,3.88,21.67
1999-04-20,0.0,31.21,61.53,100.08,4.97,21.41
1999-04-21,0.0,31.09,62.14,100.19,4.88,21.54
1999-04-22,0.0,30.66,65.1,100.03,5.11,22.12
1999-04-23,0.0,30.69,65.52,99.77,5.13,22.49
1999-04-24,0.0,31.26,65.22,99.67,5.95,23.05
1999-04-25,0.0,32.35,63.41,99.65,5.17,22.84
1999-04-26,0.0,31.78,67.32,99.67,5.56,23.55
1999-04-27,0.0,31.29,71.37,99.74,5.74,24.71
1999-04-28,0.0,31.67,68.66,99.76,6.26,24.16
1999-04-29,0.0,31.76,68.08,99.69,6.32,24.16
1999-04-30,0.0,30.5,76.24,99.8,5.56,25.5
1999-05-01,0.0,30.79,74.46,99.94,5.88,25.34
1999-05-02,0.0,31.27,69.56,99.96,5.1,24.61
1999-05-03,0.11,30.37,75.27,99.93,5.84,25.18
1999-05-04,0.06,30.24,74.98,99.96,5.79,25.0
1999-05-05,0.14,29.76,76.34,99.94,6.75,24.86
1999-05-06,0.0,30.54,73.13,99.78,6.35,24.63
1999-05-07,0.0,32.74,63.47,99.54,6.39,23.74
1999-05-08,0.0,33.86,57.11,99.55,5.5,22.72
1999-05-09,1.21,32.7,63.4,99.76,5.27,23.82
1999-05-10,0.59,31.58,64.71,99.9,5.43,23.46
1999-05-11,0.28,31.44,65.28,99.99,4.06,23.59
1999-05-12,17.95,30.67,63.2,100.03,4.84,22.43
1999-05-13,6.88,30.79,69.19,99.93,4.9,23.83
1999-05-14,0.06,31.5,66.21,99.79,5.75,23.86
1999-05-15,2.05,30.51,69.41,99.88,5.29,23.91
1999-05-16,0.08,31.71,63.2,99.82,4.78,23.05
1999-05-17,0.4,31.5,63.92,99.82,5.66,23.18
1999-05-18,0.18,31.9,63.38,99.79,5.07,23.37
1999-05-19,8.34,31.23,71.03,99.75,2.83,24.88
1999-05-20,4.35,31.25,69.96,99.63,2.48,24.47
1999-05-21,5.16,30.85,71.26,99.54,2.21,24.62
1999-05-22,3.84,30.51,74.63,99.54,2.8,25.02
1999-05-23,37.9,29.28,82.2,99.58,4.2,25.87
1999-05-24,28.72,28.53,84.19,99.52,3.11,25.55
1999-05-25,1.27,28.71,79.33,99.25,2.45,24.67
1999-05-26,2.23,29.36,77.3,99.3,3.3,24.82
1999-05-27,12.21,29.35,74.86,99.58,3.44,24.12
1999-05-28,6.66,30.26,75.44,99.46,4.45,24.79
1999-05-29,1.32,30.17,76.08,99.31,3.73,24.9
1999-05-30,0.0,31.79,66.58,99.36,4.12,24.0
1999-05-31,0.0,31.77,68.05,99.67,4.53,24.65
1999-06-01,0.1,31.36,68.71,99.86,4.87,24.53
1999-06-02,0.76,30.78,69.08,99.88,3.13,24.13
1999-06-03,0.28,30.22,68.74,99.85,2.86,23.57
1999-06-04,12.34,29.27,73.69,99.88,2.54,23.94
1999-06-05,2.53,30.38,67.63,99.8,2.12,23.19
1999-06-06,0.0,31.63,64.75,99.66,2.64,23.49
1999-06-07,0.05,30.71,67.76,99.66,3.7,23.82
1999-06-08,0.02,30.79,69.26,99.51,3.54,24.2
1999-06-09,0.81,29.67,77.63,99.46,1.92,25.32
1999-06-10,16.47,28.76,79.72,99.41,3.09,24.82
1999-06-11,19.29,28.6,82.49,99.47,5.82,25.22
1999-06-12,3.92,28.65,84.48,99.74,4.83,25.72
1999-06-13,1.6,28.75,82.72,99.83,3.88,25.43
1999-06-14,1.06,28.15,84.92,99.73,2.87,25.34
1999-06-15,7.72,28.58,85.63,99.43,2.99,25.86
1999-06-16,19.92,28.35,85.67,99.1,6.73,25.65
1999-06-17,13.2,28.28,86.63,98.66,8.43,25.81
1999-06-18,2.49,28.53,81.96,99.32,7.73,25.11
1999-06-19,1.06,28.41,82.31,99.62,6.48,25.0
1999-06-20,7.99,27.8,85.58,99.63,5.99,25.14
1999-06-21,13.38,28.14,85.8,99.51,5.92,25.49
1999-06-22,13.91,27.39,86.65,99.56,6.49,24.95
1999-06-23,3.8,29.16,80.71,99.55,6.63,25.34
1999-06-24,0.65,28.56,80.39,99.71,4.67,24.7
1999-06-25,1.68,28.71,78.53,99.63,4.12,24.48
1999-06-26,0.82,28.38,81.72,99.65,3.95,24.86
1999-06-27,7.43,27.19,85.43,99.77,6.07,24.51
1999-06-28,33.97,27.5,83.43,99.97,4.43,24.36
1999-06-29,6.19,28.5,84.95,99.98,3.18,25.64
1999-06-30,25.09,28.64,83.67,99.89,3.05,25.52
1999-07-01,5.3,28.67,83.0,99.78,3.85,25.33
1999-07-02,0.02,28.48,81.5,99.64,4.71,24.85
1999-07-03,0.02,28.11,82.88,99.67,3.37,24.83
1999-07-04,1.91,28.34,82.92,99.74,2.4,25.06
1999-07-05,1.07,28.1,85.55,99.78,2.77,25.39
1999-07-06,3.28,27.69,89.63,99.81,4.13,25.82
1999-07-07,2.91,27.77,86.27,99.97,4.26,25.21
1999-07-08,0.02,28.36,82.73,100.05,4.48,25.03
1999-07-09,0.01,28.99,80.49,99.96,4.9,25.05
1999-07-10,7.22,28.49,86.75,99.73,4.63,26.02
1999-07-11,17.33,28.12,88.82,99.56,4.99,26.07
1999-07-12,14.89,28.27,88.27,99.52,3.95,26.11
1999-07-13,14.55,28.42,85.65,99.42,4.04,25.73
1999-07-14,5.89,28.83,83.25,99.16,4.27,25.65
1999-07-15,17.16,28.63,85.25,99.15,3.53,25.85
1999-07-16,1.84,28.21,85.15,99.29,4.15,25.41
1999-07-17,0.25,27.54,88.71,99.46,4.81,25.5
1999-07-18,0.5,27.9,89.17,99.52,5.1,25.93
1999-07-19,0.38,28.06,90.04,99.47,5.21,26.27
1999-07-20,8.93,27.84,89.96,99.59,4.28,26.03
1999-07-21,2.91,27.85,87.65,99.53,4.13,25.55
1999-07-22,0.73,27.33,89.04,99.45,4.55,25.35
1999-07-23,1.05,28.07,84.51,99.45,3.69,25.09
1999-07-24,0.38,28.31,84.23,99.34,3.25,25.32
1999-07-25,10.68,28.19,86.4,99.23,3.48,25.65
1999-07-26,23.37,27.8,89.41,99.1,3.61,25.89
1999-07-27,51.43,27.28,91.58,99.06,5.46,25.81
1999-07-28,4.69,27.91,87.37,99.15,4.88,25.58
1999-07-29,1.18,28.05,85.68,99.36,3.73,25.33
1999-07-30,0.8,28.99,82.42,99.45,1.99,25.56
1999-07-31,14.07,27.68,90.2,99.49,2.5,25.92
1999-08-01,29.62,27.67,91.7,99.27,3.95,26.2
1999-08-02,24.89,27.53,90.93,99.08,5.61,25.92
1999-08-03,20.15,27.6,91.65,99.08,5.58,26.13
1999-08-04,11.75,27.9,89.92,99.22,3.67,26.06
1999-08-05,14.19,26.84,89.13,99.32,5.29,24.9
1999-08-06,14.79,26.91,89.33,99.29,4.12,25.0
1999-08-07,8.94,27.87,87.01,99.15,4.97,25.45
1999-08-08,5.19,27.46,88.22,99.21,5.31,25.31
1999-08-09,0.59,27.64,88.13,99.46,5.86,25.47
1999-08-10,4.23,27.89,87.86,99.92,5.21,25.64
1999-08-11,11.19,27.97,88.65,99.85,4.25,25.88
1999-08-12,16.82,28.11,88.29,99.72,4.52,25.93
1999-08-13,13.09,27.28,90.93,99.63,4.1,25.67
1999-08-14,1.04,27.5,88.05,99.73,3.21,25.3
1999-08-15,34.46,27.13,89.81,99.96,2.76,25.31
1999-08-16,15.32,27.02,88.53,100.01,2.77,24.93
1999-08-17,6.39,27.24,87.67,99.94,3.57,24.98
1999-08-18,2.64,27.53,87.61,100.13,3.48,25.23
1999-08-19,1.46,27.4,89.55,100.15,3.31,25.51
1999-08-20,0.7,27.62,91.24,99.92,4.61,26.07
1999-08-21,0.17,28.01,87.22,99.74,2.77,25.6
1999-08-22,0.04,28.62,87.44,99.72,2.56,26.26
1999-08-23,2.22,28.22,89.96,99.87,2.38,26.39
1999-08-24,0.77,28.1,89.4,99.9,1.92,26.17
1999-08-25,0.42,27.7,86.58,99.77,2.03,25.2
1999-08-26,13.96,27.88,83.3,99.74,1.07,24.71
1999-08-27,24.3,27.94,85.96,99.83,1.33,25.32
1999-08-28,19.32,27.42,89.38,99.74,2.57,25.52
1999-08-29,6.33,27.22,88.84,99.74,1.58,25.22
1999-08-30,2.27,27.61,87.73,99.66,2.54,25.36
1999-08-31,1.11,28.01,89.04,99.61,3.86,26.0
1999-09-01,1.16,27.95,87.51,99.63,3.15,25.62
1999-09-02,1.25,28.0,87.29,99.76,3.32,25.63
1999-09-03,2.62,27.91,88.44,99.72,3.11,25.79
1999-09-04,0.54,27.44,88.8,99.74,2.27,25.4
1999-09-05,0.24,28.18,86.98,99.81,1.36,25.74
1999-09-06,0.13,28.22,86.8,99.82,1.31,25.74
1999-09-07,1.5,27.42,88.6,99.74,1.55,25.34
1999-09-08,5.51,27.05,89.65,99.72,3.02,25.2
1999-09-09,4.57,27.52,89.02,99.63,3.84,25.53
1999-09-10,19.93,27.09,89.35,99.78,4.09,25.18
1999-09-11,37.08,27.2,91.02,99.79,5.19,25.62
1999-09-12,15.99,27.17,89.43,99.76,3.79,25.26
1999-09-13,12.1,27.21,92.87,99.72,5.31,25.97
1999-09-14,5.32,27.37,89.5,99.78,5.17,25.48
1999-09-15,6.79,27.82,88.81,99.77,4.84,25.78
1999-09-16,7.93,27.8,88.17,99.71,3.78,25.6
1999-09-17,0.37,27.69,87.35,99.63,3.92,25.35
1999-09-18,0.21,27.32,89.72,99.64,3.76,25.44
1999-09-19,0.11,27.54,89.7,99.91,3.22,25.68
1999-09-20,3.27,27.35,91.42,100.03,1.49,25.83
1999-09-21,9.51,27.47,88.59,100.03,1.33,25.38
1999-09-22,9.95,27.27,92.61,100.03,2.25,25.97
1999-09-23,6.21,27.59,90.96,100.08,3.97,25.95
1999-09-24,4.95,27.3,90.79,100.3,5.02,25.66
1999-09-25,1.9,27.35,89.59,100.19,4.8,25.48
1999-09-26,1.14,27.64,87.45,100.14,2.01,25.33
1999-09-27,1.06,27.02,89.74,100.3,2.3,25.17
1999-09-28,0.53,26.38,89.22,100.41,2.54,24.46
1999-09-29,6.63,26.39,90.9,100.45,2.15,24.79
1999-09-30,1.72,26.65,87.95,100.53,1.2,24.49
1999-10-01,0.54,26.67,85.05,100.46,1.29,23.91
1999-10-02,7.26,26.42,85.56,100.43,1.39,23.79
1999-10-03,5.88,26.45,87.55,100.39,1.61,24.21
1999-10-04,7.27,26.58,85.66,100.46,1.48,23.95
1999-10-05,3.72,26.7,85.61,100.47,1.78,24.07
1999-10-06,1.66,26.46,88.27,100.58,2.86,24.36
1999-10-07,0.67,26.69,88.21,100.48,2.74,24.55
1999-10-08,4.1,27.12,86.57,100.36,2.26,24.65
1999-10-09,14.49,26.96,89.43,100.42,2.04,25.06
1999-10-10,2.76,27.76,81.31,100.5,1.56,24.15
1999-10-11,0.0,27.38,74.79,100.48,2.06,22.34
1999-10-12,0.0,27.18,72.68,100.41,1.39,21.73
1999-10-13,0.03,27.04,77.36,100.47,1.67,22.7
1999-10-14,19.43,26.27,85.62,100.53,2.15,23.63
1999-10-15,2.61,26.64,86.38,100.49,1.75,24.16
1999-10-16,14.37,26.43,88.18,100.26,3.74,24.3
1999-10-17,34.21,26.4,92.62,99.72,5.28,25.11
1999-10-18,9.55,27.22,87.2,99.57,5.65,24.91
1999-10-19,2.78,27.6,82.23,100.06,2.14,24.23
1999-10-20,0.28,26.67,84.8,100.38,2.23,23.84
1999-10-21,1.82,26.01,88.56,100.46,3.6,23.94
1999-10-22,0.84,25.59,91.52,100.67,2.92,24.11
1999-10-23,0.79,25.39,90.34,100.67,2.53,23.68
1999-10-24,0.37,26.58,88.19,100.53,2.33,24.42
1999-10-25,0.4,26.49,89.27,100.48,2.27,24.57
1999-10-26,0.21,26.75,84.19,100.44,2.53,23.77
1999-10-27,0.04,26.04,82.79,100.23,2.82,22.75
1999-10-28,0.62,24.57,86.18,99.92,5.45,21.98
1999-10-29,26.34,25.8,91.33,99.16,8.93,24.28
1999-10-30,22.2,25.7,91.75,99.26,5.19,24.28
1999-10-31,4.13,26.08,92.31,99.52,4.56,24.74
1999-11-01,1.0,26.31,89.17,100.17,3.85,24.38
1999-11-02,1.64,26.14,86.1,100.5,3.74,23.6
1999-11-03,0.54,25.67,87.44,100.54,3.39,23.39
1999-11-04,3.54,25.62,86.58,100.58,1.99,23.17
1999-11-05,0.26,25.92,80.01,100.67,1.49,22.12
1999-11-06,0.0,25.87,77.81,100.7,1.78,21.61
1999-11-07,0.0,25.23,70.73,100.69,2.04,19.35
1999-11-08,0.0,24.64,68.77,100.68,2.25,18.34
1999-11-09,0.0,23.39,71.34,100.69,2.56,17.71
1999-11-10,0.0,22.4,67.97,100.81,2.06,15.74
1999-11-11,0.0,22.41,62.91,100.93,1.82,14.79
1999-11-12,0.0,21.49,70.99,100.97,2.39,15.8
1999-11-13,0.0,21.16,70.59,100.99,2.34,15.35
1999-11-14,0.0,21.32,67.87,100.99,2.15,14.8
1999-11-15,0.0,22.01,67.26,100.95,1.71,15.41
1999-11-16,0.0,22.26,67.62,101.04,1.37,15.84
1999-11-17,0.0,22.57,73.03,101.19,1.65,17.42
1999-11-18,0.0,22.3,73.69,101.16,1.9,17.24
1999-11-19,0.0,22.02,70.42,100.99,1.49,16.23
1999-11-20,0.0,21.52,72.42,100.99,1.83,16.21
1999-11-21,0.0,21.33,72.87,101.03,2.13,16.09
1999-11-22,0.0,21.92,79.32,101.06,2.8,18.05
1999-11-23,0.0,20.8,78.13,101.0,2.6,16.65
1999-11-24,0.0,20.06,76.68,100.94,2.34,15.59
1999-11-25,0.0,20.12,80.68,100.87,2.05,16.42
1999-11-26,0.0,21.69,76.64,100.78,1.58,17.22
1999-11-27,0.0,21.9,72.59,100.85,2.0,16.51
1999-11-28,0.0,21.79,76.19,100.92,1.95,17.28
1999-11-29,0.0,20.33,71.24,100.92,2.28,14.67
1999-11-30,0.0,20.16,66.77,100.93,1.73,13.51
1999-12-01,0.0,20.86,69.81,101.04,1.72,14.98
1999-12-02,0.0,20.87,72.73,101.15,1.66,15.66
1999-12-03,0.0,20.79,73.74,101.16,2.03,15.74
1999-12-04,0.0,20.54,70.17,101.18,2.02,14.69
1999-12-05,0.0,20.54,72.16,101.1,2.04,15.17
1999-12-06,0.0,20.57,72.95,101.05,2.16,15.34
1999-12-07,0.0,20.84,68.16,101.09,1.68,14.54
1999-12-08,0.0,20.36,73.45,101.08,2.37,15.21
1999-12-09,0.0,20.38,80.13,101.02,3.41,16.49
1999-12-10,0.0,20.29,76.42,100.98,3.28,15.61
1999-12-11,0.0,19.39,70.45,101.01,3.03,13.44
1999-12-12,0.0,19.26,67.06,101.1,2.66,12.58
1999-12-13,0.0,19.59,69.42,101.05,2.16,13.61
1999-12-14,0.0,20.26,70.17,100.93,1.97,14.41
1999-12-15,0.0,20.28,70.07,100.88,1.83,14.32
1999-12-16,0.0,19.89,66.52,101.0,2.21,13.0
1999-12-17,0.0,19.04,64.6,101.05,2.17,11.75
1999-12-18,0.0,18.43,62.33,101.01,2.31,10.64
1999-12-19,0.0,19.09,67.32,101.04,1.9,12.68
1999-12-20,0.0,19.8,75.09,101.08,1.59,14.99
1999-12-21,0.0,20.02,76.81,101.14,1.91,15.47
1999-12-22,0.0,19.99,78.45,101.28,2.2,15.88
1999-12-23,0.0,20.56,76.56,101.32,1.98,16.02
1999-12-24,0.0,21.1,71.38,101.31,1.73,15.5
1999-12-25,0.0,21.64,69.77,101.21,1.45,15.69
1999-12-26,0.0,21.31,77.45,101.1,1.62,17.03
1999-12-27,0.0,21.53,75.66,101.19,1.62,16.91
1999-12-28,0.0,21.8,73.4,101.26,1.3,16.7
1999-12-29,0.0,21.58,75.62,101.17,1.59,16.97
1999-12-30,0.0,22.03,68.3,100.89,0.84,15.64
1999-12-31,0.0,21.43,68.66,100.9,1.57,15.13
2000-01-01,0.0,21.35,72.48,101.03,2.21,15.71
2000-01-02,0.0,20.88,59.95,101.02,1.95,12.26
2000-01-03,0.0,20.16,56.1,100.91,1.92,10.61
2000-01-04,0.0,20.28,53.01,100.94,1.89,10.03
2000-01-05,0.0,19.87,57.05,100.97,1.89,10.69
2000-01-06,0.0,19.45,59.96,100.92,2.09,11.12
2000-01-07,0.0,18.5,56.95,100.99,2.46,9.15
2000-01-08,0.0,19.24,52.38,100.97,1.6,8.73
2000-01-09,0.0,19.89,56.98,100.9,2.0,10.57
2000-01-10,0.0,19.89,62.69,100.84,1.85,11.86
2000-01-11,0.0,20.56,64.58,100.87,2.03,13.0
2000-01-12,0.0,21.38,63.96,100.83,1.47,13.57
2000-01-13,0.0,21.86,71.29,100.74,1.4,15.85
2000-01-14,0.0,23.47,69.86,100.58,1.64,16.87
2000-01-15,0.35,23.66,71.79,100.69,1.73,17.71
2000-01-16,0.27,24.64,67.38,100.86,1.1,17.6
2000-01-17,0.0,23.24,70.35,101.09,2.32,17.04
2000-01-18,0.0,21.37,66.03,101.15,1.89,14.16
2000-01-19,0.0,20.06,53.73,100.91,2.44,9.65
2000-01-20,0.0,21.96,59.37,100.65,2.04,12.5
2000-01-21,0.0,23.32,73.73,100.81,2.23,17.44
2000-01-22,0.03,23.22,81.81,100.85,3.21,19.63
2000-01-23,0.06,23.79,74.52,100.78,2.34,18.09
2000-01-24,0.05,22.73,71.71,101.02,2.67,16.61
2000-01-25,0.0,22.45,74.26,101.24,2.79,16.97
2000-01-26,0.0,22.3,65.76,101.22,2.41,14.88
2000-01-27,0.0,21.86,58.68,101.14,1.85,12.69
2000-01-28,0.0,23.47,53.67,101.06,1.54,12.9
2000-01-29,0.0,22.63,53.12,101.04,2.74,11.81
2000-01-30,0.0,19.99,58.65,101.23,2.58,10.58
2000-01-31,0.0,22.06,66.91,101.23,2.18,15.26
2000-02-01,0.0,22.68,68.92,100.97,3.5,16.42
2000-02-02,0.0,23.58,69.96,100.92,3.8,17.45
2000-02-03,0.0,24.15,75.43,101.04,2.96,19.07
2000-02-04,0.0,24.62,75.72,100.86,3.1,19.48
2000-02-05,0.06,24.69,76.31,100.64,4.55,19.91
2000-02-06,1.6,24.99,76.9,100.59,4.3,20.42
2000-02-07,0.55,25.22,73.0,100.64,2.42,19.49
2000-02-08,0.01,24.43,71.74,100.73,2.64,18.68
2000-02-09,19.22,22.77,82.23,100.77,2.37,19.52
2000-02-10,4.67,24.41,74.77,100.72,2.09,19.0
2000-02-11,0.35,23.84,78.82,100.75,3.52,19.64
2000-02-12,3.52,25.78,76.17,100.62,3.69,21.02
2000-02-13,3.13,25.15,78.38,100.66,2.57,20.89
2000-02-14,0.55,23.83,68.09,100.88,3.81,17.06
2000-02-15,0.0,24.05,57.92,100.9,2.59,14.6
2000-02-16,0.0,24.07,64.02,100.79,1.65,16.13
2000-02-17,1.53,25.03,74.85,100.49,3.57,19.93
2000-02-18,0.64,25.57,71.7,100.49,2.85,19.56
2000-02-19,0.11,23.82,71.99,100.68,3.08,18.03
2000-02-20,0.39,23.62,65.4,100.7,2.93,16.15
2000-02-21,0.65,24.2,64.4,100.79,3.12,16.82
2000-02-22,0.09,22.95,63.12,100.9,2.45,15.34
2000-02-23,1.24,23.85,67.77,100.86,2.27,17.11
2000-02-24,0.29,24.62,67.09,100.88,1.85,17.51
2000-02-25,0.27,24.35,67.49,100.81,2.27,17.7
2000-02-26,0.83,22.55,58.59,100.76,2.75,13.79
2000-02-27,0.0,23.58,55.1,100.78,1.5,13.28
2000-02-28,0.0,25.27,52.18,100.86,1.36,13.79
2000-02-29,0.0,24.36,44.23,100.74,1.88,9.61
2000-03-01,0.0,25.93,53.32,100.5,2.37,13.13
2000-03-02,0.0,27.32,62.1,100.38,4.07,17.25
2000-03-03,0.0,27.48,58.33,100.43,3.09,16.25
2000-03-04,0.0,27.81,61.57,100.5,2.09,17.52
2000-03-05,0.0,27.78,69.94,100.45,3.97,20.46
2000-03-06,0.0,28.02,60.49,100.41,3.19,17.62
2000-03-07,0.0,27.71,61.21,100.51,3.28,17.84
2000-03-08,0.0,27.63,68.48,100.43,4.71,20.03
2000-03-09,0.0,28.0,54.23,100.32,2.77,15.18
2000-03-10,0.0,27.09,56.41,100.44,1.84,14.06
2000-03-11,0.0,27.26,68.34,100.39,3.97,18.92
2000-03-12,0.0,28.58,65.27,100.15,4.91,19.46
2000-03-13,0.0,28.52,65.28,100.11,5.28,19.52
2000-03-14,0.0,28.85,60.51,100.29,4.01,18.17
2000-03-15,0.0,28.33,59.61,100.4,2.54,16.95
2000-03-16,0.0,28.26,56.28,100.39,2.15,14.85
2000-03-17,0.0,27.38,61.82,100.37,2.24,17.35
2000-03-18,0.0,27.65,69.79,100.35,4.28,20.56
2000-03-19,0.0,29.18,61.95,100.32,3.53,18.98
2000-03-20,0.0,28.8,65.48,100.4,2.26,20.14
2000-03-21,0.0,28.49,64.01,100.61,2.32,19.74
2000-03-22,0.0,28.28,63.8,100.61,2.5,19.41
2000-03-23,0.0,28.36,62.35,100.55,3.26,18.44
2000-03-24,0.0,28.82,58.85,100.62,2.17,17.73
2000-03-25,0.0,28.75,61.68,100.72,2.92,19.57
2000-03-26,0.0,28.38,60.27,100.77,2.79,18.89
2000-03-27,0.01,28.58,60.37,100.71,2.63,19.08
2000-03-28,0.0,28.68,59.03,100.64,2.49,18.31
2000-03-29,0.0,29.05,57.15,100.59,2.41,17.99
2000-03-30,0.0,28.78,62.14,100.49,2.77,19.43
2000-03-31,0.0,28.57,63.89,100.39,2.7,19.71
2000-04-01,0.0,29.23,68.93,100.28,3.35,21.89
2000-04-02,0.0,30.0,65.92,100.12,5.33,21.51
2000-04-03,0.0,30.38,65.21,100.16,5.22,21.72
2000-04-04,0.0,30.88,63.23,100.11,4.97,21.15
2000-04-05,0.0,30.82,64.78,100.04,6.14,22.23
2000-04-06,0.0,30.97,63.02,100.08,5.95,21.68
2000-04-07,0.0,30.73,66.52,100.31,5.64,22.79
2000-04-08,0.0,31.45,61.71,100.22,3.8,21.3
2000-04-09,0.13,31.75,64.01,99.97,4.8,22.61
2000-04-10,0.19,32.17,58.95,100.0,3.08,20.21
2000-04-11,0.0,31.2,65.15,100.03,4.49,22.39
2000-04-12,0.0,31.71,58.42,100.0,3.53,19.09
2000-04-13,0.0,30.27,68.95,99.94,4.8,22.58
2000-04-14,0.1,29.88,71.03,99.85,5.55,23.32
2000-04-15,0.85,30.05,72.87,99.97,5.41,24.0
2000-04-16,0.57,30.7,67.46,100.11,5.06,23.18
2000-04-17,16.18,29.56,76.04,100.12,4.0,24.64
2000-04-18,7.64,29.9,74.88,100.19,5.31,24.39
2000-04-19,0.0,30.17,71.67,100.21,5.21,23.8
2000-04-20,0.0,30.92,67.32,100.01,5.45,23.1
2000-04-21,0.0,31.57,65.03,99.86,5.47,22.7
2000-04-22,0.0,30.6,70.23,99.93,5.39,23.51
2000-04-23,0.48,30.5,70.39,99.94,5.79,23.79
2000-04-24,0.44,30.91,66.45,99.92,5.77,23.18
2000-04-25,0.12,30.8,66.91,99.75,6.17,23.33
2000-04-26,0.16,30.75,70.01,99.7,6.49,23.87
2000-04-27,5.82,29.68,79.08,99.71,5.41,25.39
2000-04-28,1.09,30.57,72.27,99.67,6.34,24.35
2000-04-29,0.09,30.64,73.03,99.82,6.29,24.81
2000-04-30,0.0,30.58,71.54,100.01,5.99,24.47
2000-05-01,0.02,30.38,73.68,99.94,6.8,24.66
2000-05-02,0.0,30.16,76.26,100.06,6.29,25.1
2000-05-03,18.18,28.28,86.32,100.2,5.27,25.75
2000-05-04,5.5,28.93,68.27,100.28,4.45,21.79
2000-05-05,0.19,29.13,72.98,100.33,3.66,23.48
2000-05-06,0.33,28.43,74.72,100.39,2.73,23.38
2000-05-07,0.51,28.98,71.0,100.37,2.31,22.9
2000-05-08,0.63,29.49,72.36,100.28,2.48,23.69
2000-05-09,0.03,30.25,70.21,100.21,3.63,23.74
2000-05-10,0.02,31.08,68.27,100.06,4.23,24.09
2000-05-11,13.78,31.0,73.52,99.86,3.47,25.33
2000-05-12,1.3,32.37,67.69,99.76,2.63,25.0
2000-05-13,0.0,32.84,63.62,99.73,2.62,24.24
2000-05-14,1.84,31.6,68.54,99.78,2.84,24.62
2000-05-15,1.01,32.6,59.34,99.78,2.86,22.67
2000-05-16,11.29,31.27,65.88,99.75,3.19,23.8
2000-05-17,5.29,31.31,69.97,99.59,4.62,24.77
2000-05-18,0.3,34.97,52.06,99.34,4.48,22.56
2000-05-19,0.04,34.67,52.8,99.46,4.73,22.85
2000-05-20,1.62,33.41,61.45,99.61,3.74,24.39
2000-05-21,1.07,30.14,71.45,99.74,2.53,24.2
2000-05-22,9.2,30.34,74.37,99.72,3.1,25.16
2000-05-23,10.66,30.26,79.89,99.62,4.97,26.28
2000-05-24,0.54,30.27,74.12,99.65,7.47,24.99
2000-05-25,0.02,32.14,67.01,99.53,6.56,24.7
2000-05-26,0.0,32.6,63.59,99.51,6.35,24.24
2000-05-27,0.0,32.21,67.74,99.61,6.3,25.0
2000-05-28,0.0,29.93,76.77,99.82,4.66,25.27
2000-05-29,0.37,30.77,77.17,99.81,3.95,26.1
2000-05-30,0.28,31.89,71.1,99.72,2.98,25.55
2000-05-31,0.04,31.16,72.06,99.7,2.96,25.27
2000-06-01,0.06,31.18,70.27,99.58,2.72,24.75
2000-06-02,0.02,30.56,71.28,99.62,2.58,24.59
2000-06-03,0.07,31.08,68.17,99.55,2.17,24.13
2000-06-04,11.06,29.12,81.17,99.37,4.27,25.48
2000-06-05,23.25,28.85,87.26,99.13,5.04,26.49
2000-06-06,10.11,28.7,85.02,99.13,6.1,25.9
2000-06-07,1.58,29.24,80.43,99.67,7.11,25.45
2000-06-08,0.22,29.09,80.9,99.93,5.8,25.41
2000-06-09,0.04,29.18,79.7,99.9,5.65,25.23
2000-06-10,5.08,29.79,80.61,99.74,5.89,25.96
2000-06-11,2.99,29.58,80.95,99.68,4.73,25.81
2000-06-12,0.17,29.84,73.89,99.62,4.68,24.41
2000-06-13,18.04,28.76,79.91,99.65,3.26,24.82
2000-06-14,9.25,28.38,83.32,99.7,3.45,25.23
2000-06-15,13.68,28.93,81.8,99.6,2.76,25.39
2000-06-16,15.68,28.25,85.09,99.57,3.33,25.48
2000-06-17,27.42,27.93,88.68,99.47,3.19,25.88
2000-06-18,45.15,27.78,89.92,99.17,2.03,25.97
2000-06-19,9.25,28.38,86.27,99.28,4.24,25.81
2000-06-20,23.65,28.49,87.73,99.49,5.69,26.22
2000-06-21,15.23,28.31,89.32,99.66,5.1,26.37
2000-06-22,5.17,28.41,86.77,99.71,4.79,25.93
2000-06-23,2.1,27.73,90.45,99.76,4.42,26.02
2000-06-24,0.03,28.51,82.26,99.75,3.33,25.06
2000-06-25,0.01,28.39,85.85,99.68,2.8,25.74
2000-06-26,8.02,27.71,86.92,99.65,3.39,25.32
2000-06-27,8.6,26.8,87.0,99.63,2.79,24.45
2000-06-28,1.95,27.16,87.85,99.64,2.09,24.96
2000-06-29,2.39,27.7,85.42,99.62,3.9,24.97
2000-06-30,4.69,27.97,85.32,99.6,4.66,25.23
2000-07-01,1.13,27.84,87.06,99.67,3.37,25.47
2000-07-02,0.08,28.26,83.51,99.68,2.46,25.13
2000-07-03,0.03,28.36,82.51,99.65,2.33,25.0
2000-07-04,0.0,28.89,79.32,99.64,2.55,24.77
2000-07-05,0.1,28.59,85.21,99.59,2.31,25.79
2000-07-06,0.13,28.17,85.1,99.57,2.07,25.38
2000-07-07,2.32,28.52,84.82,99.45,2.19,25.65
2000-07-08,0.41,28.72,84.18,99.42,2.12,25.7
2000-07-09,10.39,28.68,84.51,99.29,3.25,25.72
2000-07-10,22.09,28.2,87.38,99.17,2.87,25.89
2000-07-11,62.02,28.23,90.57,98.77,2.75,26.54
2000-07-12,30.41,28.71,85.0,98.99,6.96,25.87
2000-07-13,0.28,28.62,83.0,99.41,6.41,25.36
2000-07-14,1.27,28.91,83.34,99.5,4.65,25.7
2000-07-15,34.94,28.69,85.83,99.36,3.85,26.03
2000-07-16,21.04,27.96,87.49,99.34,3.87,25.67
2000-07-17,7.22,27.62,86.56,99.21,5.55,25.15
2000-07-18,18.19,27.22,88.12,99.03,7.06,25.08
2000-07-19,2.5,27.93,83.75,99.16,5.8,24.84
2000-07-20,0.09,27.89,85.01,99.55,4.2,25.04
2000-07-21,0.02,28.52,84.18,99.85,3.26,25.44
2000-07-22,1.4,28.45,83.61,99.97,2.68,25.27
2000-07-23,0.92,27.84,84.57,99.83,3.09,24.95
2000-07-24,0.52,27.38,84.45,99.78,2.96,24.47
2000-07-25,9.06,27.07,87.17,99.81,4.2,24.71
2000-07-26,1.59,27.66,82.37,99.76,5.53,24.25
2000-07-27,31.83,26.48,88.1,99.61,4.71,24.35
2000-07-28,7.94,27.66,84.42,99.68,3.52,24.71
2000-07-29,21.11,28.0,84.78,99.84,2.97,25.11
2000-07-30,10.74,27.52,91.53,99.95,3.55,26.03
2000-07-31,2.75,28.0,88.53,99.92,3.6,25.9
2000-08-01,0.57,28.12,88.81,99.88,4.04,26.07
2000-08-02,0.02,28.25,86.93,99.95,4.01,25.82
2000-08-03,0.0,28.5,85.86,99.94,3.06,25.83
2000-08-04,0.24,28.2,85.92,99.94,3.5,25.58
2000-08-05,0.21,27.75,86.63,99.83,3.36,25.3
2000-08-06,1.36,27.67,87.12,99.76,2.48,25.33
2000-08-07,0.51,27.7,84.24,99.77,2.53,24.68
2000-08-08,26.5,27.48,88.48,99.58,2.48,25.39
2000-08-09,33.35,28.37,88.98,99.28,3.79,26.36
2000-08-10,14.15,27.89,88.84,99.33,5.25,25.87
2000-08-11,3.46,27.49,84.74,99.63,5.07,24.66
2000-08-12,0.66,27.43,87.05,99.98,4.24,25.07
2000-08-13,0.13,27.6,87.93,100.18,4.88,25.4
2000-08-14,6.56,27.87,87.14,100.13,3.75,25.46
2000-08-15,4.91,27.73,87.66,100.0,4.36,25.47
2000-08-16,2.64,27.45,88.83,99.85,3.51,25.43
2000-08-17,30.07,27.88,87.24,99.59,3.75,25.52
2000-08-18,19.57,27.06,89.25,99.48,3.66,25.14
2000-08-19,1.6,27.84,87.84,99.51,3.27,25.59
2000-08-20,2.34,28.09,87.19,99.38,2.04,25.71
2000-08-21,3.15,28.0,87.62,99.33,3.31,25.72
2000-08-22,4.8,28.06,86.58,99.43,5.37,25.58
2000-08-23,5.87,27.95,87.07,99.52,5.2,25.57
2000-08-24,2.91,27.89,87.32,99.51,4.24,25.56
2000-08-25,6.97,27.89,87.31,99.64,3.23,25.56
2000-08-26,5.06,27.87,87.59,99.64,2.68,25.6
2000-08-27,5.38,27.94,86.72,99.57,3.01,25.49
2000-08-28,8.46,28.52,87.96,99.29,3.96,26.3
2000-08-29,11.2,28.49,89.91,99.16,4.45,26.65
2000-08-30,7.28,27.64,91.04,99.07,5.31,26.06
2000-08-31,1.27,27.29,88.58,99.32,4.62,25.23
2000-09-01,0.43,27.55,88.48,99.37,4.53,25.47
2000-09-02,0.84,28.49,84.78,99.27,4.72,25.61
2000-09-03,5.02,28.05,87.19,99.53,3.85,25.67
2000-09-04,2.03,28.08,87.63,99.88,2.99,25.78
2000-09-05,0.62,27.78,87.35,99.85,2.39,25.44
2000-09-06,4.47,27.5,88.57,99.71,4.16,25.42
2000-09-07,3.62,27.3,88.69,99.81,5.08,25.26
2000-09-08,0.5,27.64,87.19,99.94,4.23,25.28
2000-09-09,2.51,27.59,88.02,99.95,3.45,25.41
2000-09-10,0.66,27.42,88.86,99.88,2.98,25.4
2000-09-11,0.03,27.69,86.72,99.8,1.99,25.23
2000-09-12,0.0,27.45,86.54,99.88,1.78,24.97
2000-09-13,16.53,27.68,85.77,99.95,1.94,25.05
2000-09-14,8.64,27.71,85.34,99.9,3.05,24.96
2000-09-15,0.87,28.28,85.9,99.91,3.91,25.64
2000-09-16,3.93,28.16,87.33,100.02,4.22,25.83
2000-09-17,10.78,27.84,89.2,100.17,4.23,25.89
2000-09-18,16.54,27.59,92.25,100.01,5.11,26.23
2000-09-19,7.29,27.37,90.97,100.07,4.09,25.77
2000-09-20,6.51,27.33,89.77,100.16,4.33,25.5
2000-09-21,4.93,26.93,89.88,100.37,2.58,25.13
2000-09-22,1.32,27.15,86.41,100.54,2.26,24.65
2000-09-23,3.08,27.21,87.14,100.47,2.2,24.85
2000-09-24,3.36,27.08,89.72,100.36,2.73,25.25
2000-09-25,0.06,27.24,87.69,100.31,2.76,24.99
2000-09-26,0.12,27.41,87.94,100.36,2.53,25.2
2000-09-27,0.03,27.96,82.07,100.35,1.35,24.52
2000-09-28,0.34,28.52,78.45,100.28,1.66,24.26
2000-09-29,0.11,28.62,77.44,100.26,1.73,24.11
2000-09-30,0.01,28.76,72.84,100.18,0.71,23.28
2000-10-01,0.0,28.32,73.17,100.25,1.53,22.96
2000-10-02,0.29,28.2,68.12,100.32,1.77,21.56
2000-10-03,0.03,28.51,70.25,100.37,0.82,22.44
2000-10-04,0.33,28.22,73.04,100.36,1.38,22.76
2000-10-05,0.0,27.79,76.22,100.47,1.6,23.09
2000-10-06,0.01,27.51,77.54,100.51,1.35,23.16
2000-10-07,7.25,27.77,79.93,100.47,1.01,23.91
2000-10-08,2.15,27.85,81.05,100.33,1.56,24.22
2000-10-09,2.4,27.77,83.15,100.14,1.81,24.59
2000-10-10,6.15,27.96,82.82,100.16,1.42,24.72
2000-10-11,10.5,28.33,81.43,100.28,1.28,24.79
2000-10-12,13.91,28.48,79.48,100.26,1.44,24.55
2000-10-13,1.87,27.61,77.32,100.13,2.34,23.16
2000-10-14,0.0,25.68,67.69,100.08,2.62,18.96
2000-10-15,0.0,24.8,73.7,100.16,3.55,19.39
2000-10-16,0.58,26.23,85.36,100.26,4.69,23.49
2000-10-17,11.88,26.92,90.84,100.2,3.66,25.31
2000-10-18,2.94,27.35,85.07,100.18,2.45,24.59
2000-10-19,0.02,27.6,81.64,100.23,1.49,24.12
2000-10-20,0.0,28.13,76.7,100.31,1.27,23.55
2000-10-21,0.0,28.27,71.93,100.3,1.46,22.41
2000-10-22,0.0,27.49,72.06,100.23,1.73,21.71
2000-10-23,0.0,27.29,66.02,100.24,1.65,20.03
2000-10-24,0.0,26.71,65.78,100.43,1.8,19.61
2000-10-25,0.0,26.65,67.76,100.57,1.54,20.11
2000-10-26,0.0,25.62,80.61,100.48,3.55,21.86
2000-10-27,0.58,24.03,82.95,100.23,5.39,20.79
2000-10-28,0.44,25.21,82.06,100.39,2.78,21.83
2000-10-29,0.05,25.92,79.78,100.65,2.05,21.99
2000-10-30,0.0,25.02,73.66,100.62,2.33,19.7
2000-10-31,0.0,24.14,75.3,100.6,2.29,19.24
2000-11-01,0.0,24.37,78.61,100.72,2.18,20.25
2000-11-02,0.0,25.42,81.37,100.82,2.28,21.88
2000-11-03,0.0,26.2,79.73,100.95,1.84,22.3
2000-11-04,0.0,26.42,75.31,100.99,1.43,21.56
2000-11-05,0.0,26.35,70.61,100.78,1.2,20.42
2000-11-06,0.0,26.23,69.32,100.58,1.11,20.05
2000-11-07,0.0,25.85,68.42,100.73,1.53,19.5
2000-11-08,0.0,25.61,67.4,100.79,1.94,18.95
2000-11-09,0.0,25.45,56.68,100.71,1.18,16.06
2000-11-10,0.0,25.49,55.33,100.81,1.1,15.66
2000-11-11,0.0,25.48,55.85,100.92,0.98,15.89
2000-11-12,0.0,25.77,59.61,100.72,1.24,17.12
2000-11-13,0.0,25.6,63.68,100.57,1.19,18.03
2000-11-14,0.0,25.42,65.2,100.68,1.28,18.21
2000-11-15,0.0,25.2,65.02,100.83,1.56,18.04
2000-11-16,0.0,23.74,66.39,100.87,2.74,16.75
2000-11-17,0.0,23.76,61.19,100.82,2.01,15.48
2000-11-18,0.0,24.61,61.24,100.69,1.06,16.44
2000-11-19,0.0,24.73,65.67,100.67,1.24,17.53
2000-11-20,0.0,24.85,66.7,100.64,1.49,17.71
2000-11-21,0.0,24.78,66.86,100.73,1.49,17.83
2000-11-22,0.0,24.63,70.4,100.91,1.77,18.53
2000-11-23,0.0,24.63,71.42,101.07,1.75,18.78
2000-11-24,0.0,25.13,60.18,100.9,1.4,16.21
2000-11-25,0.0,24.83,61.99,100.79,1.61,16.74
2000-11-26,0.0,24.12,66.38,100.87,1.94,17.0
2000-11-27,0.0,23.47,66.35,100.87,3.34,16.27
2000-11-28,0.29,22.7,72.57,100.84,3.14,17.28
2000-11-29,0.1,24.55,70.44,100.79,3.06,18.41
2000-11-30,0.0,24.35,78.06,100.9,3.5,20.08
2000-12-01,0.0,24.33,70.03,100.92,2.88,18.12
2000-12-02,0.0,23.43,63.5,101.08,2.84,15.6
2000-12-03,0.0,22.31,52.43,101.17,2.49,10.95
2000-12-04,0.0,21.12,43.48,100.97,1.73,6.92
2000-12-05,0.0,21.47,42.51,100.88,1.55,7.34
2000-12-06,0.0,21.63,44.4,100.9,1.58,8.09
2000-12-07,0.0,21.45,53.25,101.01,1.59,10.35
2000-12-08,0.0,21.77,48.46,100.95,1.69,9.16
2000-12-09,0.0,21.89,45.61,100.84,1.7,8.38
2000-12-10,0.0,22.73,47.63,100.93,1.06,9.97
2000-12-11,0.0,22.2,52.19,100.99,1.09,11.03
2000-12-12,0.0,22.31,56.95,100.94,1.33,11.82
2000-12-13,0.0,22.17,67.93,100.88,1.3,15.24
2000-12-14,0.0,22.04,60.57,100.89,0.92,13.07
2000-12-15,0.0,21.78,51.44,100.99,1.39,10.18
2000-12-16,0.0,21.18,59.18,101.15,1.61,12.2
2000-12-17,0.0,21.28,60.65,101.14,1.46,12.43
2000-12-18,0.0,22.0,54.77,100.92,1.01,11.82
2000-12-19,0.0,22.17,49.78,100.77,1.56,10.11
2000-12-20,0.0,21.86,62.91,100.93,1.63,13.71
2000-12-21,0.0,21.8,66.03,101.0,1.79,14.42
2000-12-22,0.0,21.24,55.7,101.0,1.72,10.75
2000-12-23,0.0,20.51,55.25,100.97,1.89,10.14
2000-12-24,0.0,20.99,63.37,100.92,1.52,12.82
2000-12-25,0.0,21.38,58.95,100.91,1.07,12.09
2000-12-26,0.0,21.3,63.77,100.98,1.44,13.54
2000-12-27,0.0,20.97,65.82,101.0,2.16,13.33
2000-12-28,0.0,20.77,66.23,101.01,2.35,13.16
2000-12-29,0.0,20.92,63.08,101.0,1.58,12.78
2000-12-30,0.0,21.04,64.63,100.94,1.85,13.39
2000-12-31,0.0,21.4,68.13,100.87,1.92,14.75
2001-01-01,0.0,21.7,64.16,100.72,1.75,14.04
2001-01-02,0.04,21.96,63.06,100.88,1.74,14.23
2001-01-03,0.01,22.38,67.31,100.97,2.11,15.58
2001-01-04,0.0,22.32,73.27,101.0,2.18,16.85
2001-01-05,0.0,21.62,69.64,101.06,2.18,15.18
2001-01-06,0.0,20.39,64.38,101.14,2.34,12.43
2001-01-07,0.0,20.36,65.38,100.96,1.57,12.97
2001-01-08,0.0,21.6,63.35,100.81,1.51,13.58
2001-01-09,0.0,22.5,66.51,100.85,2.31,15.22
2001-01-10,0.0,21.53,69.35,100.94,1.98,14.85
2001-01-11,0.0,21.03,64.17,100.87,1.27,12.84
2001-01-12,0.0,20.67,65.33,100.9,1.48,12.75
2001-01-13,0.0,21.97,71.98,100.9,1.26,16.18
2001-01-14,0.0,22.73,73.41,100.92,1.72,17.25
2001-01-15,0.0,22.24,63.86,101.03,1.84,14.25
2001-01-16,0.0,21.76,59.45,101.09,1.86,12.5
2001-01-17,0.0,21.93,57.03,101.14,1.83,11.89
2001-01-18,0.0,21.83,53.68,101.1,1.57,10.76
2001-01-19,0.0,21.3,53.13,101.07,2.0,9.79
2001-01-20,0.0,21.12,51.73,101.04,1.69,9.27
2001-01-21,0.0,21.73,51.08,100.83,1.77,10.08
2001-01-22,0.0,22.25,58.67,100.68,2.06,12.42
2001-01-23,0.0,22.94,66.04,100.6,2.57,14.83
2001-01-24,0.0,23.04,48.02,100.68,2.12,8.7
2001-01-25,0.0,20.8,42.65,100.77,1.95,5.53
2001-01-26,0.0,20.04,37.3,100.73,2.02,3.31
2001-01-27,0.0,20.78,35.36,100.76,1.85,3.18
2001-01-28,0.0,21.29,39.91,100.81,1.77,5.54
2001-01-29,0.0,21.95,51.25,100.82,1.32,9.69
2001-01-30,0.0,22.63,55.26,100.74,1.81,10.34
2001-01-31,0.0,23.33,52.08,100.57,1.95,9.92
2001-02-01,0.0,24.03,56.3,100.53,1.93,11.53
2001-02-02,0.0,23.98,58.48,100.49,1.67,12.42
2001-02-03,0.0,24.09,70.46,100.57,1.76,16.88
2001-02-04,0.0,24.77,69.36,100.65,2.2,17.91
2001-02-05,0.0,24.91,63.98,100.66,2.83,16.67
2001-02-06,0.0,26.4,56.03,100.62,1.95,15.1
2001-02-07,0.0,24.74,63.04,100.73,1.99,15.57
2001-02-08,0.0,25.15,57.74,100.66,1.53,13.23
2001-02-09,0.0,24.27,36.3,100.6,2.07,5.05
2001-02-10,0.0,23.4,43.56,100.56,1.76,7.57
2001-02-11,0.0,24.61,52.66,100.49,1.75,10.59
2001-02-12,0.0,24.88,68.45,100.66,1.64,17.39
2001-02-13,0.0,25.59,65.94,100.74,1.72,17.55
2001-02-14,0.0,25.56,61.88,100.75,2.37,16.48
2001-02-15,0.0,24.98,55.68,100.82,2.53,14.29
2001-02-16,0.0,24.93,58.21,100.88,2.87,14.9
2001-02-17,0.0,25.6,62.99,100.9,2.22,16.53
2001-02-18,0.0,26.29,71.26,100.77,3.09,19.41
2001-02-19,0.0,27.02,69.4,100.69,2.17,19.19
2001-02-20,0.0,27.44,70.86,100.62,2.76,20.27
2001-02-21,0.8,27.49,72.9,100.38,3.89,21.02
2001-02-22,0.23,27.91,46.44,100.38,3.32,11.3
2001-02-23,0.0,26.45,53.76,100.6,1.62,13.51
2001-02-24,0.0,27.67,56.51,100.46,2.95,15.12
2001-02-25,0.0,27.87,65.67,100.18,4.08,18.03
2001-02-26,0.0,28.64,66.35,100.21,5.04,19.39
2001-02-27,0.0,28.09,67.46,100.58,2.86,20.65
2001-02-28,0.3,27.54,66.75,100.94,3.5,20.33
2001-03-01,1.02,27.28,65.89,100.96,3.82,19.69
2001-03-02,0.22,27.43,61.78,101.02,2.0,18.51
2001-03-03,0.0,28.62,57.36,100.99,2.17,18.59
2001-03-04,0.21,28.97,53.22,100.88,1.65,17.47
2001-03-05,0.35,29.26,56.04,100.72,3.33,18.63
2001-03-06,1.57,28.21,59.65,100.77,2.64,18.92
2001-03-07,0.19,28.27,59.85,100.8,2.16,18.52
2001-03-08,17.46,26.96,70.62,100.72,2.42,20.67
2001-03-09,0.88,27.94,60.26,100.71,2.11,18.62
2001-03-10,0.0,28.62,54.23,100.71,2.02,17.47
2001-03-11,0.14,28.54,57.5,100.78,2.46,18.57
2001-03-12,0.17,28.72,54.66,100.69,2.2,17.72
2001-03-13,0.0,29.15,54.77,100.57,3.28,18.16
2001-03-14,0.0,29.36,57.53,100.6,2.66,19.08
2001-03-15,0.0,29.11,55.57,100.74,2.61,17.93
2001-03-16,0.0,29.43,58.93,100.53,2.78,19.18
2001-03-17,0.03,29.61,63.49,100.39,3.25,20.85
2001-03-18,0.16,29.8,61.16,100.5,2.99,20.61
2001-03-19,0.0,30.03,58.53,100.57,2.35,19.41
2001-03-20,0.0,30.13,60.22,100.43,3.4,19.81
2001-03-21,0.02,30.79,57.62,100.17,3.5,19.67
2001-03-22,1.29,30.31,63.22,100.08,5.08,21.7
2001-03-23,3.12,30.09,63.05,100.15,5.57,21.82
2001-03-24,1.3,29.79,63.05,100.2,4.23,21.58
2001-03-25,24.89,28.79,69.03,100.19,4.26,22.16
2001-03-26,19.98,28.11,74.95,100.1,3.63,22.97
2001-03-27,0.0,28.99,70.6,100.07,3.52,22.36
2001-03-28,0.0,29.39,71.53,100.15,4.09,23.1
2001-03-29,0.09,29.15,73.2,100.19,4.97,23.4
2001-03-30,1.28,29.05,74.64,100.2,5.61,23.71
2001-03-31,0.91,28.8,74.09,100.45,4.79,23.44
2001-04-01,0.07,29.09,72.47,100.44,4.29,23.18
2001-04-02,0.08,28.97,73.26,100.39,3.85,23.27
2001-04-03,0.02,29.69,69.97,100.46,3.66,22.94
2001-04-04,0.0,30.45,63.2,100.52,2.84,21.42
2001-04-05,0.01,30.93,58.53,100.39,2.9,20.56
2001-04-06,0.0,31.44,59.84,100.41,3.5,21.61
2001-04-07,0.32,31.77,57.92,100.49,3.92,21.21
2001-04-08,0.07,31.45,56.43,100.26,3.25,19.78
2001-04-09,0.0,31.61,59.15,100.19,3.68,20.74
2001-04-10,0.0,31.54,62.99,100.4,4.77,22.85
2001-04-11,0.0,31.76,58.46,100.44,4.32,21.49
2001-04-12,0.05,31.12,60.48,100.36,3.44,22.07
2001-04-13,2.32,29.52,59.03,100.56,3.7,20.16
2001-04-14,2.36,28.0,66.58,100.86,3.73,20.92
2001-04-15,0.12,29.22,66.65,100.77,3.65,21.94
2001-04-16,0.08,30.1,66.6,100.53,4.31,22.65
2001-04-17,1.16,30.14,65.78,100.37,3.45,22.63
2001-04-18,4.15,29.91,68.69,100.38,2.81,23.15
2001-04-19,3.17,30.48,66.46,100.32,3.06,22.99
2001-04-20,0.15,31.88,54.89,100.14,2.3,20.28
2001-04-21,0.0,32.5,55.5,100.02,2.45,21.12
2001-04-22,0.0,32.08,43.13,100.1,2.37,15.08
2001-04-23,0.0,31.63,50.08,100.14,2.53,17.29
2001-04-24,0.0,31.72,59.2,100.23,4.4,20.73
2001-04-25,0.0,31.79,59.38,100.11,5.5,21.22
2001-04-26,0.0,31.16,62.85,100.09,6.72,22.49
2001-04-27,0.0,31.26,64.38,100.03,7.12,22.94
2001-04-28,0.01,32.68,61.96,99.79,5.88,22.6
2001-04-29,0.05,32.52,64.43,99.79,5.99,23.32
2001-04-30,0.0,32.13,67.0,99.98,6.46,24.14
2001-05-01,0.41,31.48,69.36,100.06,6.56,24.55
2001-05-02,0.62,31.42,69.06,99.87,6.45,24.4
2001-05-03,0.16,32.21,65.78,99.66,5.86,24.1
2001-05-04,0.52,31.55,67.15,99.88,5.41,24.17
2001-05-05,2.83,31.01,72.12,99.95,5.94,24.95
2001-05-06,1.5,31.27,70.61,99.89,7.52,24.74
2001-05-07,0.01,31.05,69.41,99.9,7.44,24.34
2001-05-08,0.87,32.81,64.92,99.59,6.97,24.22
2001-05-09,0.47,33.29,60.74,99.48,5.34,23.15
2001-05-10,0.0,34.69,52.7,99.49,4.5,20.51
2001-05-11,0.0,34.81,51.27,99.51,4.87,20.62
2001-05-12,0.0,33.51,61.42,99.54,5.03,24.0
2001-05-13,0.49,31.61,69.87,99.66,2.43,25.09
2001-05-14,0.12,32.24,62.38,99.81,3.03,23.44
2001-05-15,0.01,31.82,61.5,99.95,3.41,22.94
2001-05-16,39.95,30.14,74.38,100.05,2.91,24.86
2001-05-17,11.96,29.27,78.62,100.04,2.64,25.09
2001-05-18,8.07,30.54,71.87,99.98,2.77,24.64
2001-05-19,2.89,31.08,69.02,99.93,2.74,24.34
2001-05-20,0.66,31.77,67.63,99.8,3.17,24.65
2001-05-21,2.15,32.6,65.76,99.74,3.92,24.77
2001-05-22,1.55,32.4,67.79,99.73,4.21,25.23
2001-05-23,0.15,32.78,66.83,99.68,5.18,25.28
2001-05-24,0.0,31.45,69.93,99.54,6.67,24.86
2001-05-25,0.08,34.08,59.34,99.22,4.26,23.46
2001-05-26,0.97,32.86,63.97,99.46,3.15,24.34
2001-05-27,3.11,31.95,68.74,99.68,2.25,25.11
2001-05-28,5.48,30.17,75.59,99.68,2.93,25.24
2001-05-29,3.36,29.81,76.2,99.61,3.69,25.08
2001-05-30,1.16,30.34,73.26,99.54,3.17,24.82
2001-05-31,1.06,31.22,69.79,99.49,3.21,24.64
2001-06-01,0.52,29.96,76.55,99.64,4.02,25.32
2001-06-02,0.31,29.69,73.73,99.9,4.33,24.3
2001-06-03,3.57,28.81,81.39,100.03,3.61,25.27
2001-06-04,1.71,29.41,79.09,99.95,4.29,25.26
2001-06-05,1.4,29.47,78.48,99.79,3.56,25.22
2001-06-06,0.49,29.94,77.34,99.61,2.64,25.37
2001-06-07,0.5,29.24,77.32,99.64,2.88,24.67
2001-06-08,0.28,29.2,78.62,99.56,2.35,24.95
2001-06-09,0.14,29.37,75.41,99.56,2.49,24.36
2001-06-10,1.24,30.38,69.93,99.46,2.16,23.97
2001-06-11,34.29,28.72,80.94,99.31,4.89,25.11
2001-06-12,139.52,27.27,87.78,98.95,8.49,25.08
2001-06-13,53.26,28.06,86.12,99.12,7.67,25.5
2001-06-14,2.28,27.9,81.28,99.33,6.17,24.29
2001-06-15,4.93,26.14,83.72,99.49,5.78,23.15
2001-06-16,1.64,28.17,75.67,99.49,5.08,23.24
2001-06-17,1.58,28.47,80.9,99.52,4.64,24.75
2001-06-18,0.73,28.52,84.36,99.65,4.89,25.53
2001-06-19,0.15,28.81,83.83,99.58,5.76,25.71
2001-06-20,1.56,27.88,83.68,99.57,4.8,24.82
2001-06-21,1.32,28.32,79.33,99.59,3.62,24.28
2001-06-22,16.28,28.24,83.83,99.41,3.54,25.16
2001-06-23,18.62,28.07,86.09,99.29,4.75,25.5
2001-06-24,11.04,28.8,85.15,99.31,4.91,26.01
2001-06-25,26.67,29.19,83.23,99.4,3.79,25.97
2001-06-26,3.84,29.25,84.35,99.35,3.65,26.23
2001-06-27,1.46,29.11,84.18,99.35,4.24,26.07
2001-06-28,14.79,28.5,85.21,99.35,5.02,25.72
2001-06-29,25.86,28.12,88.92,99.42,5.11,26.1
2001-06-30,14.72,27.94,89.74,99.55,5.71,26.1
2001-07-01,0.6,28.55,88.14,99.73,4.24,26.34
2001-07-02,1.36,28.6,85.58,99.67,2.65,25.86
2001-07-03,77.98,27.62,88.88,99.42,3.68,25.61
2001-07-04,106.86,27.28,92.36,98.89,6.11,25.95
2001-07-05,42.73,28.08,91.4,98.67,6.07,26.54
2001-07-06,14.17,28.4,92.1,98.71,6.14,27.0
2001-07-07,49.79,27.97,92.8,98.56,6.66,26.71
2001-07-08,51.86,27.95,91.97,98.28,7.51,26.54
2001-07-09,16.29,28.19,89.65,99.1,6.03,26.32
2001-07-10,12.38,27.94,89.65,99.51,4.77,26.07
2001-07-11,7.54,27.3,90.45,99.7,4.01,25.6
2001-07-12,2.6,27.82,88.9,99.78,3.42,25.8
2001-07-13,2.15,27.71,90.82,99.87,4.09,26.08
2001-07-14,0.78,27.28,88.81,99.81,5.14,25.27
2001-07-15,33.56,26.96,91.0,99.48,5.57,25.38
2001-07-16,95.98,26.42,89.7,99.19,8.42,24.61
2001-07-17,19.02,26.37,87.76,99.22,7.84,24.19
2001-07-18,91.41,26.62,89.9,98.97,9.08,24.83
2001-07-19,20.87,27.14,89.18,98.89,9.86,25.21
2001-07-20,2.07,27.63,88.84,99.45,6.07,25.62
2001-07-21,2.01,28.1,89.21,99.48,4.36,26.14
2001-07-22,3.78,27.3,91.79,99.58,3.68,25.86
2001-07-23,3.26,27.32,91.15,99.6,3.72,25.75
2001-07-24,3.76,27.29,89.99,99.7,3.03,25.49
2001-07-25,16.07,27.66,90.03,99.73,3.5,25.86
2001-07-26,16.98,27.64,89.67,99.9,3.35,25.77
2001-07-27,2.65,28.0,90.25,99.77,3.48,26.24
2001-07-28,0.46,28.3,90.17,99.75,3.93,26.51
2001-07-29,0.87,28.6,88.96,99.82,3.55,26.57
2001-07-30,0.6,28.44,85.42,99.92,1.93,25.69
2001-07-31,0.47,28.33,87.78,100.03,2.44,26.08
2001-08-01,0.41,28.37,88.36,99.87,2.35,26.23
2001-08-02,30.06,27.42,88.94,99.66,2.91,25.42
2001-08-03,12.15,27.04,91.01,99.49,3.59,25.45
2001-08-04,3.84,27.1,90.08,99.84,3.47,25.33
2001-08-05,2.92,27.31,90.54,99.91,3.03,25.61
2001-08-06,1.61,27.56,90.34,99.76,3.57,25.83
2001-08-07,1.02,27.43,89.47,99.75,1.71,25.53
2001-08-08,7.51,27.64,88.91,99.82,2.02,25.63
2001-08-09,27.32,27.46,87.88,99.94,1.11,25.27
2001-08-10,11.02,27.1,91.47,99.73,3.48,25.6
2001-08-11,8.91,27.71,88.65,99.87,4.04,25.64
2001-08-12,2.67,27.71,91.38,99.76,4.47,26.18
2001-08-13,6.19,27.79,90.06,99.65,3.49,26.01
2001-08-14,3.74,27.67,88.97,99.76,3.2,25.68
2001-08-15,10.35,28.17,88.85,99.81,3.87,26.14
2001-08-16,2.28,28.24,87.96,99.7,3.78,26.02
2001-08-17,0.86,28.23,88.94,99.51,3.68,26.22
2001-08-18,2.03,27.57,89.36,99.46,4.23,25.66
2001-08-19,17.26,28.26,89.94,99.19,3.59,26.44
2001-08-20,13.45,27.59,85.76,99.43,4.49,24.96
2001-08-21,34.98,27.68,86.02,99.57,2.52,25.09
2001-08-22,13.6,28.56,89.12,99.42,2.21,26.56
2001-08-23,1.36,28.42,90.1,99.4,3.24,26.63
2001-08-24,16.62,28.15,90.96,99.44,3.35,26.53
2001-08-25,33.41,28.27,90.83,99.52,3.98,26.63
2001-08-26,6.02,28.16,90.33,99.65,3.17,26.43
2001-08-27,7.1,27.76,91.02,99.57,2.72,26.17
2001-08-28,12.73,27.83,88.88,99.5,2.26,25.81
2001-08-29,25.89,27.29,90.24,99.41,3.16,25.56
2001-08-30,16.17,27.38,89.94,99.35,3.9,25.58
2001-08-31,3.74,27.49,90.01,99.38,3.81,25.7
2001-09-01,0.52,27.96,87.93,99.7,3.33,25.75
2001-09-02,2.98,28.56,85.71,99.83,3.46,25.9
2001-09-03,2.54,28.8,87.81,99.94,3.17,26.56
2001-09-04,0.35,27.86,89.71,99.99,2.92,26.02
2001-09-05,0.96,27.36,91.12,99.86,3.16,25.79
2001-09-06,2.37,27.71,86.49,99.94,2.0,25.21
2001-09-07,4.88,27.62,87.98,100.15,2.55,25.42
2001-09-08,0.28,27.89,88.56,100.23,2.66,25.81
2001-09-09,0.46,28.26,88.11,100.07,2.81,26.09
2001-09-10,0.26,27.88,87.85,99.93,2.35,25.66
2001-09-11,7.23,27.13,86.14,100.03,1.94,24.58
2001-09-12,0.87,26.86,82.46,100.17,1.9,23.56
2001-09-13,5.0,26.67,88.35,100.12,2.84,24.58
2001-09-14,1.21,27.08,88.73,100.15,2.03,25.04
2001-09-15,0.04,27.33,89.72,100.24,2.34,25.49
2001-09-16,0.16,27.8,87.09,100.24,2.16,25.43
2001-09-17,73.01,27.03,89.85,100.19,2.85,25.22
2001-09-18,22.9,27.47,85.99,100.12,2.61,24.9
2001-09-19,0.18,27.94,84.68,100.14,2.12,25.07
2001-09-20,2.4,28.14,82.0,100.17,1.94,24.67
2001-09-21,0.12,28.45,77.72,100.19,1.81,24.05
2001-09-22,1.8,28.3,79.87,100.2,1.51,24.4
2001-09-23,7.05,27.67,84.83,100.23,1.2,24.86
2001-09-24,1.98,27.81,83.93,100.2,1.14,24.82
2001-09-25,0.3,28.0,83.01,100.14,1.45,24.81
2001-09-26,0.16,27.71,86.62,100.04,1.86,25.27
2001-09-27,0.01,28.01,86.42,100.01,2.39,25.51
2001-09-28,4.51,27.64,89.44,99.93,3.73,25.73
2001-09-29,14.75,27.85,90.17,99.79,5.24,26.09
2001-09-30,47.76,27.68,90.8,99.92,5.33,26.06
2001-10-01,25.1,27.98,88.26,100.12,4.02,25.86
2001-10-02,8.93,27.58,90.41,100.19,3.45,25.88
2001-10-03,6.79,27.72,89.26,100.22,3.42,25.8
2001-10-04,5.46,27.75,87.86,100.29,3.15,25.55
2001-10-05,4.37,27.1,89.54,100.21,2.22,25.24
2001-10-06,1.71,27.4,89.61,100.22,2.41,25.54
2001-10-07,2.3,27.53,89.53,100.34,1.91,25.65
2001-10-08,1.56,27.85,85.78,100.46,1.16,25.22
2001-10-09,0.61,27.65,85.85,100.45,1.36,25.03
2001-10-10,1.54,27.68,85.43,100.43,1.24,24.97
2001-10-11,1.1,27.96,80.99,100.44,1.09,24.27
2001-10-12,0.19,27.58,85.38,100.41,1.52,24.9
2001-10-13,1.43,27.08,88.79,100.34,1.92,25.07
2001-10-14,0.6,27.1,88.97,100.25,2.4,25.1
2001-10-15,3.35,27.11,90.78,100.38,2.56,25.48
2001-10-16,17.3,27.34,89.81,100.4,3.02,25.5
2001-10-17,6.64,27.46,88.36,100.36,1.79,25.35
2001-10-18,9.24,27.45,87.78,100.34,1.63,25.21
2001-10-19,3.41,26.66,88.06,100.57,4.09,24.46
2001-10-20,0.0,26.52,81.83,100.77,3.03,23.04
2001-10-21,0.0,25.85,77.24,100.63,2.12,21.52
2001-10-22,0.0,26.04,78.99,100.63,2.41,22.02
2001-10-23,0.0,26.43,82.16,100.65,2.38,23.07
2001-10-24,0.0,26.95,80.75,100.5,1.89,23.29
2001-10-25,0.0,27.0,77.07,100.34,1.71,22.56
2001-10-26,0.0,25.52,73.09,100.37,2.26,20.27
2001-10-27,0.0,25.96,72.96,100.51,2.3,20.67
2001-10-28,0.1,25.37,75.17,100.51,2.62,20.48
2001-10-29,0.27,26.09,80.63,100.43,2.38,22.42
2001-10-30,0.3,26.29,80.65,100.41,1.87,22.58
2001-10-31,0.19,27.11,81.54,100.52,1.79,23.65
2001-11-01,0.0,26.0,80.01,100.71,2.84,22.17
2001-11-02,0.0,24.82,73.06,100.83,2.33,19.49
2001-11-03,0.0,25.23,74.73,100.76,1.76,20.38
2001-11-04,0.0,25.65,79.94,100.68,1.94,21.81
2001-11-05,0.11,25.71,81.12,100.82,2.18,22.16
2001-11-06,0.91,25.4,82.71,100.92,2.93,22.2
2001-11-07,0.36,24.7,86.33,100.79,3.44,22.2
2001-11-08,0.18,24.82,86.44,100.72,3.8,22.36
2001-11-09,0.42,25.25,87.81,100.65,4.8,23.04
2001-11-10,7.14,24.68,91.3,100.52,5.22,23.15
2001-11-11,21.43,22.83,91.81,100.39,5.76,21.4
2001-11-12,15.22,23.27,93.74,100.35,5.92,22.13
2001-11-13,4.77,24.62,92.24,100.63,4.76,23.21
2001-11-14,2.11,25.43,90.24,100.87,3.45,23.67
2001-11-15,0.85,24.89,87.08,100.96,2.74,22.56
2001-11-16,0.65,24.17,81.39,101.02,2.1,20.69
2001-11-17,0.3,24.79,75.47,101.02,1.3,19.98
2001-11-18,0.05,25.52,70.87,101.02,0.85,19.75
2001-11-19,0.03,25.57,68.38,101.02,0.94,19.22
2001-11-20,0.1,24.59,80.86,101.14,2.07,21.04
2001-11-21,0.63,24.27,83.54,101.17,2.11,21.2
2001-11-22,0.13,24.45,80.35,101.09,1.75,20.79
2001-11-23,0.0,24.59,73.89,101.03,0.84,19.59
2001-11-24,0.0,24.04,76.0,101.05,1.34,19.5
2001-11-25,0.01,23.24,80.42,101.07,2.42,19.6
2001-11-26,0.0,22.49,78.81,101.04,2.66,18.53
2001-11-27,0.0,22.36,81.12,101.07,2.05,18.84
2001-11-28,0.0,23.06,77.87,100.91,1.66,18.89
2001-11-29,0.0,23.07,77.49,100.95,2.13,18.85
2001-11-30,0.0,22.66,76.47,101.02,2.02,18.17
2001-12-01,0.0,21.23,73.59,100.98,2.04,16.14
2001-12-02,0.0,19.76,66.53,100.93,2.3,13.07
2001-12-03,0.0,19.43,65.85,101.0,2.01,12.7
2001-12-04,0.0,19.79,64.84,100.92,1.83,12.79
2001-12-05,0.0,20.24,68.12,100.89,1.75,13.95
2001-12-06,0.0,20.34,69.46,101.0,1.73,14.29
2001-12-07,0.0,20.11,68.73,100.97,1.74,13.95
2001-12-08,0.0,20.34,68.93,100.97,1.86,14.22
2001-12-09,0.0,20.66,68.58,101.07,1.54,14.31
2001-12-10,0.0,21.21,61.75,101.17,1.26,13.07
2001-12-11,0.0,21.25,63.68,101.16,1.44,14.0
2001-12-12,0.0,21.55,72.78,101.2,1.32,16.3
2001-12-13,0.0,22.2,72.19,101.29,1.31,16.81
2001-12-14,0.0,21.15,75.96,101.34,2.17,16.57
2001-12-15,0.0,20.59,72.15,101.38,1.71,15.19
2001-12-16,0.0,20.86,68.58,101.26,1.35,14.64
2001-12-17,0.0,20.59,66.76,101.31,1.72,14.05
2001-12-18,0.0,20.03,67.61,101.42,2.41,13.56
2001-12-19,0.0,19.9,64.17,101.43,2.07,12.62
2001-12-20,0.0,19.19,67.6,101.4,2.38,12.87
2001-12-21,0.01,19.03,69.33,101.49,2.62,13.08
2001-12-22,0.12,17.99,66.7,101.5,2.47,11.5
2001-12-23,0.0,18.71,64.22,101.46,1.98,11.58
2001-12-24,0.0,18.76,62.12,101.39,1.73,11.09
2001-12-25,0.0,18.86,57.84,101.36,1.69,10.17
2001-12-26,0.0,20.06,63.96,101.46,0.95,12.77
2001-12-27,0.0,20.53,62.52,101.54,1.06,12.91
2001-12-28,0.0,19.97,68.18,101.6,1.82,13.77
2001-12-29,0.0,19.9,67.6,101.45,1.99,13.38
2001-12-30,0.0,19.0,71.25,101.4,1.49,13.62
2001-12-31,0.0,20.15,70.48,101.35,1.48,14.42
2002-01-01,0.0,19.37,71.76,101.46,2.12,13.9
2002-01-02,0.0,18.61,62.48,101.53,1.99,10.82
2002-01-03,0.0,18.08,62.07,101.48,2.4,10.35
2002-01-04,0.0,18.09,68.52,101.45,2.1,11.86
2002-01-05,0.0,19.12,71.03,101.31,2.0,13.24
2002-01-06,0.52,20.22,71.72,101.28,2.06,14.76
2002-01-07,1.07,20.74,74.62,101.33,1.49,15.87
2002-01-08,1.68,21.23,76.57,101.37,1.97,16.79
2002-01-09,0.0,21.44,71.83,101.41,1.81,15.75
2002-01-10,0.0,21.19,63.93,101.36,1.33,13.75
2002-01-11,0.0,19.95,57.7,101.19,1.73,11.03
2002-01-12,0.0,19.38,57.55,101.03,1.59,10.37
2002-01-13,0.0,18.93,61.32,100.93,1.66,10.71
2002-01-14,0.0,20.98,72.49,100.78,1.34,15.49
2002-01-15,0.0,21.49,77.13,100.8,2.18,16.91
2002-01-16,0.0,22.02,76.86,100.81,2.53,17.39
2002-01-17,0.0,22.02,81.03,100.74,2.61,18.31
2002-01-18,0.0,21.77,83.72,100.68,3.12,18.62
2002-01-19,0.0,21.68,81.73,100.83,2.49,18.07
2002-01-20,0.0,21.79,81.06,100.92,1.77,18.02
2002-01-21,0.0,23.35,79.09,100.81,1.58,19.14
2002-01-22,1.06,23.98,76.46,100.78,1.36,19.32
2002-01-23,0.24,24.01,77.74,100.75,1.88,19.79
2002-01-24,0.0,25.05,78.93,100.7,1.73,20.9
2002-01-25,0.0,23.42,74.23,100.73,2.35,18.01
2002-01-26,0.0,21.92,72.09,100.84,2.57,16.32
2002-01-27,6.13,22.81,79.08,100.77,3.93,18.9
2002-01-28,12.28,24.04,80.94,100.82,3.38,20.48
2002-01-29,16.12,20.43,86.02,101.12,3.74,17.94
2002-01-30,2.92,20.14,78.93,101.31,3.42,16.22
2002-01-31,0.0,20.8,68.65,101.35,2.66,14.56
2002-02-01,0.0,21.0,62.27,101.37,2.15,13.04
2002-02-02,0.0,21.1,53.09,101.25,1.13,10.73
2002-02-03,0.0,20.17,53.23,101.1,1.56,10.03
2002-02-04,0.0,20.31,54.95,101.14,2.01,10.5
2002-02-05,0.0,21.15,61.3,101.11,1.08,12.95
2002-02-06,0.0,21.82,70.42,100.98,1.65,15.87
2002-02-07,0.0,22.86,74.36,100.94,2.23,17.78
2002-02-08,0.01,23.55,75.45,100.99,1.83,18.72
2002-02-09,0.0,23.56,76.96,101.05,2.22,18.89
2002-02-10,0.0,23.56,71.35,101.04,1.99,17.41
2002-02-11,0.0,24.09,72.78,101.02,1.86,18.36
2002-02-12,0.0,24.39,66.81,101.12,0.87,17.31
2002-02-13,0.0,23.96,68.01,101.16,2.32,17.23
2002-02-14,0.0,23.9,68.22,101.24,2.17,17.05
2002-02-15,0.0,24.39,67.09,101.13,1.38,17.4
2002-02-16,0.0,24.29,71.99,101.03,1.51,18.16
2002-02-17,0.0,24.79,71.62,101.11,1.39,18.63
2002-02-18,0.0,25.28,71.3,101.25,1.42,19.08
2002-02-19,0.0,25.88,66.28,101.26,1.47,17.94
2002-02-20,0.0,26.0,69.94,101.18,2.06,19.12
2002-02-21,0.0,26.1,69.65,101.15,3.06,19.22
2002-02-22,0.0,26.34,68.59,101.24,1.89,19.13
2002-02-23,0.0,26.96,63.87,101.22,1.23,18.33
2002-02-24,0.0,26.96,64.73,100.96,2.17,18.81
2002-02-25,0.03,27.38,61.05,100.85,3.11,18.21
2002-02-26,0.0,27.58,62.21,100.9,2.65,18.89
2002-02-27,0.0,26.78,61.44,100.84,2.1,16.8
2002-02-28,5.16,26.29,74.2,100.81,1.93,20.78
2002-03-01,0.8,26.51,71.77,100.77,2.21,20.36
2002-03-02,0.01,27.08,69.77,100.66,2.62,20.44
2002-03-03,0.63,27.86,68.56,100.48,3.93,20.87
2002-03-04,0.34,27.45,63.59,100.56,2.68,19.02
2002-03-05,0.0,27.51,70.01,100.7,1.54,20.59
2002-03-06,0.0,27.65,70.24,100.71,1.96,20.65
2002-03-07,0.0,27.01,70.42,100.77,3.11,20.65
2002-03-08,0.6,26.36,71.59,100.81,3.31,20.42
2002-03-09,0.42,27.46,69.48,100.85,3.88,20.83
2002-03-10,0.05,28.53,66.11,100.81,2.53,20.73
2002-03-11,0.0,28.65,69.43,100.69,2.9,21.44
2002-03-12,0.0,28.73,71.66,100.72,2.39,22.36
2002-03-13,0.0,28.74,66.51,100.8,1.93,21.06
2002-03-14,0.0,28.66,64.51,100.77,2.37,20.44
2002-03-15,0.56,28.99,61.79,100.65,2.62,19.91
2002-03-16,0.27,29.48,56.27,100.53,1.86,18.53
2002-03-17,0.0,29.32,55.89,100.63,2.01,17.92
2002-03-18,0.0,28.88,56.75,100.82,2.01,17.69
2002-03-19,0.0,28.89,52.94,100.81,2.8,16.48
2002-03-20,0.0,28.26,58.86,100.71,3.35,17.5
2002-03-21,0.0,28.45,60.01,100.49,4.18,17.97
2002-03-22,0.0,29.1,61.18,100.22,4.36,19.17
2002-03-23,0.0,29.6,55.22,100.13,3.13,17.61
2002-03-24,0.0,29.36,70.47,99.98,5.13,22.59
2002-03-25,0.0,29.62,68.75,99.93,5.2,22.03
2002-03-26,0.24,29.46,72.56,100.09,6.64,23.4
2002-03-27,0.39,29.52,69.17,100.23,5.46,22.44
2002-03-28,2.98,29.6,69.73,100.33,4.64,22.9
2002-03-29,1.36,28.94,69.57,100.52,3.58,22.45
2002-03-30,0.01,30.1,61.71,100.49,3.07,20.6
2002-03-31,0.0,30.33,62.07,100.46,3.71,20.16
2002-04-01,0.67,30.13,65.59,100.49,5.78,21.82
2002-04-02,0.76,29.57,69.08,100.43,5.33,22.63
2002-04-03,1.09,29.01,76.68,100.19,6.09,24.11
2002-04-04,0.59,29.65,71.46,100.21,4.86,23.03
2002-04-05,0.01,29.28,69.67,100.38,3.83,22.3
2002-04-06,0.0,29.95,67.32,100.41,3.62,21.62
2002-04-07,0.0,30.14,66.32,100.39,4.77,21.89
2002-04-08,0.03,30.75,61.95,100.32,4.63,21.26
2002-04-09,0.03,31.5,54.46,100.26,4.43,20.36
2002-04-10,0.1,31.09,58.78,100.09,5.2,21.01
2002-04-11,0.34,30.68,63.02,100.3,3.54,21.83
2002-04-12,2.52,29.92,65.69,100.6,3.36,22.04
2002-04-13,2.11,29.75,62.34,100.57,3.96,20.99
2002-04-14,0.0,30.17,65.59,100.33,4.81,21.83
2002-04-15,0.0,30.65,66.37,100.21,6.09,22.51
2002-04-16,0.0,30.94,64.85,100.1,5.38,22.0
2002-04-17,0.0,31.43,63.91,100.07,5.28,22.25
2002-04-18,0.04,31.02,67.76,100.0,5.45,23.33
2002-04-19,0.01,31.61,65.63,100.14,5.57,23.21
2002-04-20,0.4,31.81,64.27,100.22,5.29,22.88
2002-04-21,0.46,32.31,61.87,99.99,5.2,22.92
2002-04-22,0.2,32.83,58.71,99.97,4.94,22.5
2002-04-23,0.01,32.34,61.73,100.03,5.66,22.82
2002-04-24,0.0,31.27,67.55,100.04,6.47,23.49
2002-04-25,0.0,30.67,69.46,100.03,6.84,23.56
2002-04-26,0.0,31.55,66.18,99.97,6.65,23.23
2002-04-27,0.0,32.19,58.25,100.03,3.93,19.99
2002-04-28,0.0,30.95,66.44,100.08,5.49,22.73
2002-04-29,0.01,30.82,67.87,99.9,6.84,22.98
2002-04-30,0.07,30.64,70.54,99.87,6.16,23.74
2002-05-01,0.0,30.59,70.69,99.94,5.75,23.69
2002-05-02,0.02,30.47,70.4,99.97,5.91,23.47
2002-05-03,0.33,30.63,68.1,100.14,5.71,23.0
2002-05-04,0.02,31.15,65.61,99.98,6.04,22.7
2002-05-05,0.01,32.29,63.66,99.75,6.17,22.91
2002-05-06,0.43,32.68,62.7,99.64,6.58,23.1
2002-05-07,0.31,33.48,59.2,99.72,5.09,22.54
2002-05-08,0.0,33.53,59.83,99.65,4.67,22.76
2002-05-09,0.01,33.27,62.26,99.72,3.12,23.53
2002-05-10,0.01,33.32,63.79,99.63,2.99,23.68
2002-05-11,0.0,31.48,71.86,99.35,3.71,25.18
2002-05-12,0.0,34.05,59.63,99.25,2.48,22.21
2002-05-13,0.08,32.11,68.63,99.54,3.21,24.71
2002-05-14,11.73,29.99,80.5,99.82,4.26,26.09
2002-05-15,22.33,28.7,87.17,99.79,2.63,26.32
2002-05-16,10.34,30.21,77.14,99.54,1.44,25.51
2002-05-17,0.32,31.28,68.65,99.42,2.74,24.39
2002-05-18,0.04,32.18,68.17,99.13,3.48,24.85
2002-05-19,0.0,34.4,55.26,98.87,3.8,22.31
2002-05-20,0.0,36.17,42.71,99.05,4.6,19.78
2002-05-21,0.0,34.11,53.24,99.44,5.0,21.42
2002-05-22,0.0,34.44,55.42,99.59,4.96,21.97
2002-05-23,3.01,33.14,62.81,99.74,5.46,23.76
2002-05-24,32.68,30.86,78.89,99.87,6.33,26.49
2002-05-25,13.93,30.2,79.09,99.98,6.02,25.99
2002-05-26,1.58,31.02,71.92,99.96,4.63,24.9
2002-05-27,0.25,32.38,64.81,99.76,4.8,23.9
2002-05-28,1.57,32.67,65.04,99.71,4.63,24.24
2002-05-29,0.76,32.91,61.18,99.81,3.91,23.45
2002-05-30,0.16,31.86,66.38,99.85,3.46,24.13
2002-05-31,0.66,31.81,67.6,99.92,4.21,24.23
2002-06-01,0.4,31.92,66.68,99.88,4.31,24.26
2002-06-02,0.39,33.02,63.03,99.81,4.69,24.12
2002-06-03,0.04,33.16,62.99,99.75,4.52,24.6
2002-06-04,0.04,32.51,65.61,99.76,4.34,24.81
2002-06-05,3.28,30.13,77.15,99.85,4.71,25.57
2002-06-06,0.57,30.73,72.27,99.82,3.59,24.77
2002-06-07,0.0,31.85,68.21,99.67,4.61,24.8
2002-06-08,7.82,30.72,77.22,99.55,4.45,26.16
2002-06-09,4.29,29.85,80.03,99.59,3.39,25.91
2002-06-10,3.51,30.22,77.67,99.63,6.15,25.68
2002-06-11,3.22,29.61,77.74,99.77,5.32,25.21
2002-06-12,12.77,29.27,83.89,99.74,5.1,26.23
2002-06-13,7.28,29.29,82.42,99.61,4.82,25.88
2002-06-14,28.69,29.8,82.16,99.5,4.99,26.27
2002-06-15,13.71,28.69,82.72,99.58,4.18,25.39
2002-06-16,18.52,29.08,82.84,99.68,2.98,25.72
2002-06-17,8.61,29.84,80.87,99.72,2.49,26.0
2002-06-18,0.25,29.47,81.4,99.57,1.98,25.81
2002-06-19,12.95,29.21,86.06,99.37,1.66,26.53
2002-06-20,7.62,29.24,85.22,99.29,2.4,26.42
2002-06-21,0.48,28.87,84.41,99.27,3.64,25.92
2002-06-22,7.1,28.74,85.9,99.38,4.66,26.11
2002-06-23,6.1,28.8,85.27,99.5,4.44,26.03
2002-06-24,5.65,28.5,87.12,99.54,4.1,26.1
2002-06-25,8.11,28.35,85.58,99.58,5.49,25.64
2002-06-26,0.12,28.98,81.65,99.88,5.36,25.42
2002-06-27,0.05,29.33,80.1,100.09,5.07,25.4
2002-06-28,0.54,29.24,83.3,100.12,4.25,26.03
2002-06-29,6.79,29.16,85.94,100.02,3.61,26.5
2002-06-30,3.63,29.44,85.33,99.78,5.0,26.65
2002-07-01,14.75,29.25,87.41,99.63,4.76,26.92
2002-07-02,18.46,28.71,88.23,99.57,5.24,26.56
2002-07-03,9.27,29.41,85.25,99.63,3.7,26.62
2002-07-04,3.19,29.5,84.22,99.65,3.34,26.5
2002-07-05,1.16,29.81,80.93,99.72,3.55,26.02
2002-07-06,0.39,29.43,79.72,99.66,2.41,25.42
2002-07-07,0.06,29.61,80.53,99.54,3.35,25.79
2002-07-08,0.0,30.49,74.18,99.5,3.8,25.08
2002-07-09,0.0,30.19,74.93,99.65,2.73,25.01
2002-07-10,0.13,29.86,79.13,99.61,2.12,25.74
2002-07-11,0.05,29.24,79.2,99.52,4.29,25.15
2002-07-12,1.34,28.41,86.21,99.65,3.51,25.87
2002-07-13,1.34,29.2,80.0,99.7,2.72,25.26
2002-07-14,8.95,28.73,81.18,99.71,1.52,25.13
2002-07-15,4.03,28.34,83.84,99.65,2.37,25.27
2002-07-16,44.9,29.16,81.83,99.47,2.95,25.65
2002-07-17,75.47,28.86,88.32,99.4,2.16,26.73
2002-07-18,26.09,29.04,88.07,99.41,2.06,26.85
2002-07-19,3.5,29.05,84.95,99.62,5.75,26.23
2002-07-20,29.54,28.99,85.73,99.68,5.54,26.33
2002-07-21,41.01,28.06,85.94,99.7,5.61,25.48
2002-07-22,1.95,28.11,85.03,99.86,4.4,25.31
2002-07-23,0.27,28.26,86.38,99.96,4.48,25.74
2002-07-24,0.0,28.98,82.02,99.86,4.02,25.47
2002-07-25,0.0,29.08,82.83,99.72,2.95,25.79
2002-07-26,0.02,29.18,81.26,99.68,2.84,25.5
2002-07-27,0.61,29.38,81.02,99.68,2.37,25.65
2002-07-28,0.53,27.95,89.91,99.85,2.47,26.15
2002-07-29,40.76,28.28,87.57,99.69,2.59,26.0
2002-07-30,23.41,28.0,87.86,99.55,2.24,25.76
2002-07-31,5.69,27.61,91.0,99.43,3.93,26.01
2002-08-01,1.59,28.36,88.77,99.57,3.55,26.3
2002-08-02,2.49,28.32,89.38,99.74,3.78,26.4
2002-08-03,24.05,27.63,91.62,99.71,3.68,26.15
2002-08-04,11.56,27.64,89.91,99.62,3.26,25.83
2002-08-05,22.39,27.22,90.13,99.61,3.69,25.46
2002-08-06,16.7,27.9,86.26,99.51,2.84,25.33
2002-08-07,0.46,28.34,86.72,99.44,2.01,25.86
2002-08-08,17.7,27.76,91.53,99.2,4.29,26.26
2002-08-09,7.43,28.08,88.18,99.12,6.29,25.92
2002-08-10,1.33,28.65,85.89,99.33,4.46,26.0
2002-08-11,0.47,28.27,89.98,99.51,4.32,26.46
2002-08-12,2.09,27.91,89.04,99.55,4.88,25.92
2002-08-13,12.54,27.84,86.11,99.54,4.29,25.23
2002-08-14,10.64,27.65,89.66,99.46,3.63,25.79
2002-08-15,28.2,27.98,89.43,99.29,4.64,26.06
2002-08-16,14.18,28.23,86.79,99.16,6.29,25.78
2002-08-17,0.74,27.65,87.98,99.2,6.53,25.47
2002-08-18,0.28,27.98,86.69,99.42,4.82,25.51
2002-08-19,0.17,28.26,85.5,99.57,3.37,25.51
2002-08-20,0.16,28.39,86.93,99.49,3.26,25.94
2002-08-21,0.92,28.11,88.34,99.53,1.67,25.96
2002-08-22,31.09,27.75,91.14,99.56,2.05,26.16
2002-08-23,60.38,27.21,90.32,99.68,5.23,25.49
2002-08-24,30.04,27.37,87.99,100.18,5.4,25.2
2002-08-25,3.71,27.61,87.38,100.4,3.38,25.3
2002-08-26,0.08,28.38,84.99,100.36,2.46,25.54
2002-08-27,41.66,27.73,88.06,100.14,2.64,25.57
2002-08-28,7.88,27.0,85.99,100.03,1.69,24.43
2002-08-29,2.66,27.15,82.02,100.0,1.46,23.75
2002-08-30,1.29,27.09,91.6,99.85,3.92,25.61
2002-08-31,1.18,27.29,89.25,99.84,4.38,25.36
2002-09-01,12.8,27.14,91.82,99.95,3.42,25.71
2002-09-02,8.7,27.19,91.8,100.17,3.75,25.75
2002-09-03,3.7,27.2,91.94,100.23,3.49,25.78
2002-09-04,3.22,27.25,91.24,100.04,3.43,25.71
2002-09-05,5.31,27.21,91.94,99.93,2.71,25.78
2002-09-06,3.95,26.99,90.94,99.86,3.63,25.39
2002-09-07,1.58,27.16,89.37,99.63,2.93,25.24
2002-09-08,20.16,27.49,88.21,99.52,1.97,25.36
2002-09-09,17.12,26.95,93.29,99.37,3.48,25.79
2002-09-10,6.57,26.41,91.87,99.42,3.43,25.0
2002-09-11,4.99,27.26,88.79,99.75,4.05,25.24
2002-09-12,0.94,27.88,87.68,100.07,3.74,25.61
2002-09-13,0.04,28.18,85.1,100.31,2.49,25.34
2002-09-14,0.12,28.24,83.78,100.37,2.13,25.16
2002-09-15,16.93,27.94,82.93,100.4,1.87,24.7
2002-09-16,6.3,26.93,83.42,100.43,1.88,23.86
2002-09-17,0.1,27.96,81.55,100.24,2.82,24.39
2002-09-18,0.0,27.96,80.98,100.3,2.31,24.29
2002-09-19,5.59,27.79,84.33,100.37,2.02,24.89
2002-09-20,4.66,26.94,89.64,100.3,2.6,25.11
2002-09-21,0.77,26.94,91.66,100.1,4.05,25.47
2002-09-22,19.52,27.02,93.33,99.99,3.64,25.86
2002-09-23,9.21,27.12,91.54,99.86,3.16,25.62
2002-09-24,1.39,26.47,86.63,99.83,2.69,24.03
2002-09-25,1.51,28.2,86.72,99.93,2.36,25.68
2002-09-26,40.46,27.34,89.75,100.01,2.01,25.49
2002-09-27,25.91,27.19,87.22,100.11,1.88,24.83
2002-09-28,1.9,27.92,86.56,100.25,2.49,25.42
2002-09-29,0.11,27.66,84.56,100.39,2.27,24.76
2002-09-30,0.0,27.96,81.46,100.45,2.15,24.43
2002-10-01,0.01,28.32,80.78,100.53,2.38,24.6
2002-10-02,7.76,28.59,78.71,100.51,1.64,24.39
2002-10-03,2.75,27.66,70.89,100.43,1.47,21.75
2002-10-04,0.0,28.77,72.36,100.42,1.05,23.18
2002-10-05,0.0,28.01,74.98,100.5,1.01,23.05
2002-10-06,0.0,28.14,77.49,100.6,1.2,23.8
2002-10-07,0.87,28.23,81.51,100.61,1.53,24.74
2002-10-08,4.85,27.5,85.43,100.65,1.72,24.83
2002-10-09,3.34,27.22,87.08,100.72,2.66,24.86
2002-10-10,2.18,27.19,87.86,100.76,2.99,24.99
2002-10-11,0.59,26.81,86.73,100.58,2.68,24.39
2002-10-12,3.92,26.49,86.04,100.36,2.95,23.94
2002-10-13,2.27,26.16,89.86,100.29,4.17,24.37
2002-10-14,0.57,25.28,86.49,100.16,2.53,22.83
2002-10-15,0.08,26.23,85.9,100.33,2.26,23.65
2002-10-16,0.33,26.31,87.33,100.58,1.49,24.02
2002-10-17,1.44,27.01,88.88,100.46,1.95,25.0
2002-10-18,26.56,27.58,91.4,100.17,3.37,26.04
2002-10-19,11.15,26.72,84.94,100.25,2.73,23.93
2002-10-20,0.0,25.96,74.27,100.56,2.11,20.88
2002-10-21,0.0,25.09,69.26,100.69,1.76,18.95
2002-10-22,0.0,25.49,69.34,100.63,1.41,19.42
2002-10-23,0.01,25.58,78.24,100.55,2.02,21.47
2002-10-24,0.03,25.54,81.2,100.61,2.61,22.05
2002-10-25,0.65,25.58,82.47,100.75,2.59,22.32
2002-10-26,0.26,25.62,79.34,100.78,2.47,21.7
2002-10-27,0.0,25.5,73.74,100.64,1.77,20.34
2002-10-28,0.0,24.3,67.64,100.55,1.91,17.7
2002-10-29,0.0,24.01,62.56,100.62,1.63,16.32
2002-10-30,0.0,24.43,65.17,100.78,1.41,17.4
2002-10-31,0.0,24.25,70.55,100.9,1.45,18.49
2002-11-01,0.0,24.09,75.28,100.9,2.15,19.38
2002-11-02,0.0,24.31,80.73,100.94,2.33,20.72
2002-11-03,0.0,24.59,77.5,100.97,2.4,20.24
2002-11-04,0.0,23.67,74.54,100.99,2.65,18.71
2002-11-05,0.0,23.72,67.51,100.95,2.14,17.01
2002-11-06,0.01,23.16,73.71,100.92,2.47,18.1
2002-11-07,0.13,24.01,86.38,101.04,2.66,21.53
2002-11-08,0.0,24.75,83.73,100.99,2.73,21.7
2002-11-09,0.0,24.51,82.82,100.92,2.95,21.31
2002-11-10,0.06,23.93,84.2,100.8,3.57,21.01
2002-11-11,16.58,22.81,91.95,100.48,5.92,21.4
2002-11-12,10.63,22.9,89.51,100.07,6.46,21.07
2002-11-13,0.0,23.92,81.31,100.57,2.18,20.39
2002-11-14,0.0,23.35,76.19,100.67,2.34,18.77
2002-11-15,0.0,22.58,68.08,100.87,2.01,16.15
2002-11-16,0.0,22.25,66.46,100.93,1.96,15.52
2002-11-17,0.0,22.09,65.31,100.96,1.97,15.04
2002-11-18,0.0,21.82,60.71,100.94,1.57,13.7
2002-11-19,0.0,22.36,56.8,100.9,0.97,13.3
2002-11-20,0.0,22.73,59.72,100.9,1.16,14.39
2002-11-21,0.0,21.93,63.6,101.03,1.99,14.56
2002-11-22,0.0,21.95,61.27,100.9,1.65,14.02
2002-11-23,0.0,22.4,62.33,100.82,1.45,14.72
2002-11-24,0.0,21.76,77.66,100.71,2.4,17.6
2002-11-25,0.0,22.89,82.25,100.58,2.76,19.52
2002-11-26,0.0,22.97,79.79,100.71,2.39,19.05
2002-11-27,0.0,22.07,75.96,100.85,2.37,17.39
2002-11-28,0.0,20.4,74.52,100.99,2.7,15.26
2002-11-29,0.0,20.62,72.2,101.07,1.84,15.13
2002-11-30,0.0,21.32,60.92,100.98,1.33,13.14
2002-12-01,0.0,22.33,59.46,100.9,0.97,13.9
2002-12-02,0.0,22.33,65.13,101.01,1.38,15.34
2002-12-03,0.0,21.85,68.28,101.11,1.58,15.47
2002-12-04,0.0,21.75,62.71,101.1,1.46,13.97
2002-12-05,0.0,21.58,56.93,101.07,1.32,12.56
2002-12-06,0.0,21.56,60.42,101.11,1.38,13.4
2002-12-07,0.0,21.64,66.0,101.14,1.47,14.88
2002-12-08,0.0,21.86,67.98,101.17,1.5,15.59
2002-12-09,0.0,21.77,65.61,101.26,1.59,14.84
2002-12-10,0.0,21.54,61.89,101.21,1.23,13.72
2002-12-11,0.0,21.7,65.92,101.3,1.26,14.88
2002-12-12,0.0,21.75,66.32,101.44,1.28,15.04
2002-12-13,0.0,21.38,66.33,101.46,1.38,14.6
2002-12-14,0.0,21.71,67.65,101.35,1.22,15.35
2002-12-15,0.0,22.11,68.29,101.2,0.98,15.76
2002-12-16,0.0,22.01,67.18,101.15,1.08,15.39
2002-12-17,0.0,21.18,63.54,101.03,1.14,13.63
2002-12-18,0.0,21.62,66.94,100.93,1.54,14.69
2002-12-19,0.0,22.16,73.04,100.78,1.79,16.46
2002-12-20,0.0,22.56,65.81,100.67,2.01,15.05
2002-12-21,0.0,21.91,61.14,100.79,1.89,13.49
2002-12-22,0.0,22.48,58.68,100.95,1.49,13.71
2002-12-23,0.0,21.35,64.29,101.04,1.66,13.84
2002-12-24,0.03,22.28,65.6,100.97,1.33,15.19
2002-12-25,0.0,22.95,75.14,100.91,2.46,18.01
2002-12-26,0.0,22.83,70.17,101.03,1.32,16.77
2002-12-27,0.0,21.39,65.72,100.97,1.45,14.4
2002-12-28,0.0,20.5,65.62,101.05,1.66,13.43
2002-12-29,0.0,20.41,57.15,101.14,1.47,11.4
2002-12-30,0.0,20.69,62.41,101.18,1.44,13.03
2002-12-31,0.0,21.18,69.15,100.93,2.07,15.09
2003-01-01,0.04,22.23,74.13,100.97,2.24,17.24
2003-01-02,0.0,20.26,72.82,101.37,3.61,14.89
2003-01-03,0.0,20.3,67.03,101.35,2.39,13.49
2003-01-04,0.0,21.74,63.0,101.21,1.36,14.07
2003-01-05,0.0,21.16,63.32,101.27,2.1,13.52
2003-01-06,0.0,19.9,69.06,101.39,1.95,13.39
2003-01-07,0.0,19.79,63.7,101.33,1.43,12.18
2003-01-08,0.0,20.29,58.69,101.22,1.54,11.58
2003-01-09,0.0,19.32,65.18,101.39,2.36,12.16
2003-01-10,0.0,19.25,60.81,101.38,1.96,10.93
2003-01-11,0.0,19.58,59.03,101.36,2.07,10.95
2003-01-12,0.0,19.0,57.47,101.42,2.49,9.91
2003-01-13,0.0,19.51,57.36,101.38,2.41,10.11
2003-01-14,0.0,19.96,56.33,101.39,2.19,10.43
2003-01-15,0.0,18.34,52.34,101.5,2.83,7.17
2003-01-16,0.0,17.33,55.25,101.4,2.75,7.15
2003-01-17,0.0,17.7,60.44,101.44,2.54,9.25
2003-01-18,0.0,18.7,58.86,101.5,2.26,9.77
2003-01-19,0.0,19.53,59.28,101.34,2.16,10.25
2003-01-20,0.0,20.38,63.29,101.18,1.86,12.3
2003-01-21,0.0,21.29,63.83,101.07,1.29,13.22
2003-01-22,0.0,19.89,64.44,100.98,1.92,11.9
2003-01-23,0.0,21.32,75.92,100.75,1.52,16.15
2003-01-24,0.0,23.06,78.1,100.57,1.66,18.54
2003-01-25,0.0,23.28,81.85,100.8,1.45,19.64
2003-01-26,0.0,23.53,75.36,100.98,1.32,18.26
2003-01-27,0.0,23.66,68.91,101.05,1.07,16.48
2003-01-28,0.0,23.34,70.31,101.03,1.14,16.67
2003-01-29,0.0,23.3,71.56,100.99,2.2,17.16
2003-01-30,0.0,23.59,77.1,100.96,2.9,18.64
2003-01-31,0.0,24.06,78.2,101.04,2.53,19.49
2003-02-01,0.0,23.97,78.21,101.14,2.89,19.42
2003-02-02,0.1,24.51,72.87,101.3,2.1,18.62
2003-02-03,0.0,24.59,67.43,101.19,2.6,17.5
2003-02-04,0.02,24.46,69.01,101.09,2.62,17.84
2003-02-05,0.04,24.39,71.37,101.11,2.75,18.1
2003-02-06,0.0,24.07,68.12,101.07,2.19,17.19
2003-02-07,0.0,24.33,68.46,100.87,2.0,17.57
2003-02-08,0.07,24.32,68.56,100.71,3.46,17.69
2003-02-09,0.08,24.66,66.64,100.67,2.8,17.64
2003-02-10,0.02,24.7,63.99,100.82,2.35,16.92
2003-02-11,1.07,24.84,64.87,100.87,2.07,17.24
2003-02-12,0.71,25.27,65.77,100.8,1.86,17.76
2003-02-13,0.52,26.11,68.4,100.74,2.44,19.09
2003-02-14,1.68,25.69,73.68,100.8,1.9,20.22
2003-02-15,5.41,24.54,77.55,101.04,2.27,20.14
2003-02-16,0.85,25.02,72.61,101.05,1.79,19.3
2003-02-17,0.13,25.9,70.09,101.0,2.16,19.55
2003-02-18,0.15,26.29,66.31,100.97,2.26,19.09
2003-02-19,0.01,26.3,63.14,100.83,3.38,18.08
2003-02-20,0.38,26.18,70.39,100.85,2.54,20.01
2003-02-21,0.42,26.34,60.74,100.97,2.22,16.49
2003-02-22,0.0,25.09,65.9,101.05,2.3,16.76
2003-02-23,0.0,25.4,67.91,100.96,2.15,18.52
2003-02-24,0.0,26.24,67.47,100.81,2.78,18.93
2003-02-25,0.0,27.06,63.63,100.68,2.29,18.03
2003-02-26,0.0,27.52,65.54,100.65,2.77,19.49
2003-02-27,8.93,26.86,70.26,100.76,2.36,20.49
2003-02-28,3.04,26.77,68.05,100.79,1.86,19.51
2003-03-01,0.0,27.42,69.34,100.66,3.58,20.5
2003-03-02,0.02,28.41,64.11,100.51,3.4,19.94
2003-03-03,0.0,28.66,59.35,100.47,3.39,18.59
2003-03-04,0.0,29.28,57.34,100.3,2.97,18.43
2003-03-05,0.0,25.93,38.35,100.52,2.53,7.56
2003-03-06,0.0,25.57,58.63,100.75,1.51,15.09
2003-03-07,0.0,25.41,64.76,100.76,1.72,17.08
2003-03-08,0.0,26.16,61.38,100.69,1.94,15.95
2003-03-09,0.0,26.22,66.39,100.81,2.32,18.27
2003-03-10,0.03,26.73,64.4,100.76,3.15,18.87
2003-03-11,0.67,26.92,64.48,100.62,4.41,19.21
2003-03-12,0.64,27.19,67.86,100.68,4.92,20.31
2003-03-13,2.67,26.83,78.7,100.9,4.79,22.67
2003-03-14,1.66,27.85,72.29,100.83,3.73,21.72
2003-03-15,0.4,28.62,66.7,100.55,3.32,20.24
2003-03-16,2.83,27.31,76.29,100.55,3.74,22.36
2003-03-17,13.96,27.28,79.31,100.78,3.32,23.2
2003-03-18,1.12,28.01,65.65,100.8,2.82,19.97
2003-03-19,0.63,28.39,66.15,100.73,3.0,20.56
2003-03-20,0.13,28.65,62.51,100.61,2.49,19.8
2003-03-21,0.25,29.04,58.81,100.6,1.86,18.11
2003-03-22,0.0,28.87,62.45,100.76,2.17,19.36
2003-03-23,0.0,28.97,61.53,100.74,2.47,19.44
2003-03-24,0.0,29.24,63.23,100.62,2.64,19.94
2003-03-25,0.1,28.76,66.02,100.61,4.04,21.12
2003-03-26,0.04,29.03,63.47,100.65,4.33,20.57
2003-03-27,6.66,28.95,67.67,100.59,3.48,21.67
2003-03-28,4.69,28.87,68.16,100.51,2.82,21.71
2003-03-29,0.2,28.9,67.79,100.33,4.5,21.73
2003-03-30,0.11,29.64,67.48,100.28,5.71,22.42
2003-03-31,0.01,30.64,64.15,100.19,5.65,21.9
2003-04-01,0.0,30.45,60.59,100.2,3.03,19.87
2003-04-02,0.0,30.06,67.53,100.16,4.24,21.83
2003-04-03,0.77,30.06,71.81,100.11,5.89,23.82
2003-04-04,1.04,29.57,71.92,100.23,5.16,23.59
2003-04-05,0.07,29.01,74.27,100.31,3.97,23.75
2003-04-06,0.02,29.35,70.28,100.5,2.71,22.93
2003-04-07,0.0,30.23,66.23,100.7,2.29,22.36
2003-04-08,0.0,30.51,62.58,100.56,3.27,21.55
2003-04-09,0.0,30.52,62.47,100.44,3.51,21.35
2003-04-10,0.01,30.87,61.0,100.47,4.04,21.52
2003-04-11,0.0,31.62,61.75,100.49,4.1,22.4
2003-04-12,0.0,32.45,59.2,100.35,4.27,22.05
2003-04-13,0.03,32.39,60.83,100.19,5.15,22.79
2003-04-14,0.24,32.71,57.78,100.28,3.81,22.04
2003-04-15,0.02,32.37,59.44,100.26,4.77,22.25
2003-04-16,0.0,32.3,62.32,100.32,5.2,23.05
2003-04-17,0.0,32.67,60.1,100.21,5.61,22.27
2003-04-18,0.0,33.24,55.02,100.1,4.75,20.51
2003-04-19,0.13,32.79,60.05,99.9,5.64,22.79
2003-04-20,0.03,32.98,58.07,99.85,6.34,22.49
2003-04-21,0.0,33.31,54.16,100.01,4.99,21.15
2003-04-22,0.0,32.76,58.32,100.15,5.04,21.6
2003-04-23,0.0,32.21,62.99,100.21,5.47,23.14
2003-04-24,0.03,32.16,63.24,100.14,5.37,23.18
2003-04-25,0.0,32.09,63.32,100.08,4.9,23.19
2003-04-26,0.01,31.69,63.57,100.06,4.98,22.89
2003-04-27,0.08,32.22,59.87,99.96,5.75,21.98
2003-04-28,0.25,32.1,56.83,100.12,4.43,20.96
2003-04-29,0.01,31.26,58.56,100.43,4.59,20.66
2003-04-30,0.03,31.25,54.98,100.48,3.61,19.85
2003-05-01,0.24,31.26,61.41,100.13,5.65,22.04
2003-05-02,0.05,32.45,59.01,99.88,6.83,22.18
2003-05-03,0.0,32.81,61.19,99.76,6.71,23.11
2003-05-04,0.0,33.53,58.51,99.69,6.25,22.65
2003-05-05,0.0,33.52,55.19,99.76,4.41,20.6
2003-05-06,0.0,33.56,56.93,99.8,5.4,21.33
2003-05-07,0.0,33.42,56.58,99.87,5.01,21.11
2003-05-08,0.19,33.23,58.45,99.92,5.5,21.88
2003-05-09,6.7,31.86,63.38,100.13,5.94,23.08
2003-05-10,75.67,29.62,75.18,100.32,3.86,24.45
2003-05-11,0.0,30.19,67.07,100.2,2.3,22.69
2003-05-12,0.0,30.49,67.82,100.03,2.56,23.06
2003-05-13,0.0,30.14,72.12,99.94,3.79,24.14
2003-05-14,0.0,28.79,77.55,99.82,4.7,24.36
2003-05-15,0.0,30.16,74.36,99.75,3.64,24.64
2003-05-16,0.0,30.94,71.71,99.81,2.78,24.72
2003-05-17,0.0,30.85,70.26,99.77,2.82,24.36
2003-05-18,0.0,31.46,68.06,99.63,3.76,24.22
2003-05-19,0.2,31.54,72.92,99.66,3.28,25.79
2003-05-20,1.62,31.89,69.75,99.82,4.42,25.19
2003-05-21,1.98,30.93,76.02,99.94,4.24,25.71
2003-05-22,5.25,31.7,71.77,99.75,4.75,25.41
2003-05-23,3.02,31.82,68.54,99.86,4.6,24.6
2003-05-24,0.92,31.8,67.69,99.96,4.58,24.64
2003-05-25,3.12,31.57,71.39,99.97,4.2,25.53
2003-05-26,0.73,32.32,69.38,99.93,4.53,25.5
2003-05-27,0.0,33.91,61.74,99.58,4.09,23.94
2003-05-28,0.0,33.73,55.14,99.57,3.43,21.33
2003-05-29,0.0,33.45,62.6,99.7,2.84,23.86
2003-05-30,0.0,32.44,69.7,99.78,3.89,25.52
2003-05-31,0.0,32.75,67.89,99.78,3.39,25.26
2003-06-01,0.0,32.68,67.37,99.65,4.11,25.23
2003-06-02,0.0,31.86,69.49,99.58,5.19,25.16
2003-06-03,0.0,31.89,72.66,99.44,4.75,25.96
2003-06-04,0.01,31.76,75.3,99.35,5.8,26.53
2003-06-05,1.87,31.15,78.29,99.37,6.86,26.82
2003-06-06,1.25,30.73,73.51,99.58,8.39,25.29
2003-06-07,0.37,32.12,68.85,99.43,6.64,25.1
2003-06-08,0.56,31.88,67.49,99.7,7.94,24.57
2003-06-09,0.22,33.06,64.4,99.61,7.71,24.74
2003-06-10,0.09,33.24,60.86,99.43,7.43,24.19
2003-06-11,0.44,33.39,61.24,99.44,7.18,24.31
2003-06-12,1.21,32.7,64.53,99.66,6.91,24.77
2003-06-13,0.41,31.07,71.64,99.82,4.25,25.15
2003-06-14,8.92,30.83,71.16,99.8,3.67,24.81
2003-06-15,4.3,30.03,73.29,99.69,5.24,24.48
2003-06-16,7.69,29.74,76.61,99.61,3.56,25.04
2003-06-17,50.21,29.15,84.96,99.61,3.84,26.3
2003-06-18,59.35,28.85,86.93,99.58,4.14,26.41
2003-06-19,35.37,28.32,85.84,99.41,4.68,25.68
2003-06-20,17.1,28.63,84.15,99.38,4.08,25.59
2003-06-21,6.24,28.17,88.12,99.33,3.71,25.99
2003-06-22,2.58,28.42,88.03,99.4,4.03,26.2
2003-06-23,0.68,28.27,87.38,99.53,3.74,25.93
2003-06-24,0.54,28.46,86.77,99.52,4.21,26.01
2003-06-25,4.28,28.66,84.94,99.56,5.64,25.8
2003-06-26,2.08,28.43,86.89,99.58,6.18,26.0
2003-06-27,2.05,28.22,87.18,99.79,5.93,25.85
2003-06-28,8.75,28.02,88.59,99.75,4.97,25.93
2003-06-29,30.79,27.65,89.04,99.68,4.31,25.67
2003-06-30,30.05,27.81,88.41,99.53,3.47,25.69
2003-07-01,8.59,27.91,87.38,99.57,2.29,25.57
2003-07-02,2.61,28.03,88.13,99.79,4.69,25.85
2003-07-03,1.63,28.17,86.15,99.9,4.02,25.6
2003-07-04,0.42,28.59,85.1,99.7,2.68,25.77
2003-07-05,6.66,28.33,87.28,99.69,3.91,25.97
2003-07-06,5.48,28.13,86.58,99.85,3.55,25.64
2003-07-07,1.32,28.91,81.95,99.8,4.34,25.41
2003-07-08,0.62,28.71,86.11,99.61,2.84,26.13
2003-07-09,0.75,28.89,87.4,99.61,3.31,26.54
2003-07-10,6.07,28.54,88.3,99.61,3.54,26.39
2003-07-11,9.19,28.62,87.89,99.59,3.97,26.38
2003-07-12,8.18,28.33,88.13,99.63,4.22,26.15
2003-07-13,5.08,28.58,86.94,99.73,2.52,26.15
2003-07-14,16.95,27.8,90.53,99.64,4.05,26.11
2003-07-15,25.63,27.48,90.69,99.49,5.05,25.82
2003-07-16,11.97,28.63,84.35,99.75,3.37,25.65
2003-07-17,8.75,28.16,86.13,99.87,3.44,25.58
2003-07-18,4.14,28.17,85.83,99.88,3.51,25.53
2003-07-19,3.49,28.68,87.12,99.58,3.97,26.29
2003-07-20,3.89,29.05,85.01,99.56,5.07,26.22
2003-07-21,31.09,29.15,86.47,99.51,3.28,26.62
2003-07-22,19.26,28.47,90.87,99.35,3.65,26.84
2003-07-23,2.52,28.19,89.94,99.25,3.36,26.38
2003-07-24,2.39,28.05,88.78,99.17,3.8,26.01
2003-07-25,70.58,27.61,89.38,98.88,6.12,25.72
2003-07-26,32.58,28.0,87.75,98.89,7.37,25.76
2003-07-27,1.36,28.4,85.72,99.56,6.23,25.72
2003-07-28,2.25,28.12,87.14,100.03,5.27,25.75
2003-07-29,5.02,28.41,87.52,100.04,3.54,26.09
2003-07-30,5.0,28.01,89.38,99.91,2.88,26.09
2003-07-31,17.56,27.76,87.04,99.88,2.76,25.38
2003-08-01,8.11,27.25,85.79,99.89,3.82,24.62
2003-08-02,5.54,27.75,82.24,99.87,4.02,24.35
2003-08-03,2.29,27.69,85.24,99.84,2.88,24.94
2003-08-04,21.09,27.78,85.5,99.75,1.48,25.08
2003-08-05,30.81,27.8,88.21,99.61,2.1,25.64
2003-08-06,8.92,28.11,88.14,99.44,3.89,25.92
2003-08-07,0.36,28.14,88.29,99.44,3.11,25.98
2003-08-08,14.29,27.91,88.42,99.56,2.1,25.79
2003-08-09,11.72,27.69,91.0,99.59,4.17,26.09
2003-08-10,2.62,28.32,89.88,99.53,5.39,26.48
2003-08-11,12.04,28.51,88.39,99.84,3.46,26.36
2003-08-12,8.24,28.54,87.37,99.82,3.83,26.19
2003-08-13,3.31,28.35,89.34,99.67,4.26,26.4
2003-08-14,2.01,28.2,88.94,99.63,3.92,26.18
2003-08-15,0.33,28.02,85.77,99.7,3.6,25.37
2003-08-16,0.33,29.14,85.34,99.83,2.78,26.36
2003-08-17,5.08,29.06,86.46,99.84,2.24,26.52
2003-08-18,26.84,28.68,88.94,99.78,2.65,26.67
2003-08-19,23.39,28.26,89.61,99.51,3.49,26.39
2003-08-20,4.13,28.73,87.16,99.34,1.86,26.35
2003-08-21,4.43,28.34,87.75,99.44,2.27,26.09
2003-08-22,29.85,28.03,91.65,99.35,4.13,26.55
2003-08-23,12.74,28.56,87.55,99.63,6.33,26.29
2003-08-24,2.11,28.21,87.8,99.8,4.16,25.99
2003-08-25,25.28,27.7,90.87,99.7,3.12,26.08
2003-08-26,25.76,27.5,90.98,99.54,4.53,25.91
2003-08-27,49.21,27.1,91.13,99.49,5.6,25.55
2003-08-28,15.72,27.98,88.51,99.37,6.7,25.9
2003-08-29,0.52,27.63,89.01,99.74,5.55,25.65
2003-08-30,7.04,28.0,89.17,99.93,4.17,26.03
2003-08-31,41.21,27.34,91.37,99.89,4.67,25.82
2003-09-01,38.75,27.5,89.81,99.69,5.81,25.68
2003-09-02,16.37,27.71,89.98,99.62,5.52,25.92
2003-09-03,8.25,28.29,86.96,99.7,4.05,25.86
2003-09-04,2.2,28.35,89.16,99.66,3.77,26.34
2003-09-05,11.64,27.47,92.49,99.34,6.13,26.16
2003-09-06,14.63,27.51,89.5,99.57,6.73,25.63
2003-09-07,4.34,27.68,88.6,99.67,5.51,25.61
2003-09-08,0.68,27.71,87.93,99.64,4.07,25.51
2003-09-09,0.84,28.13,86.62,99.69,3.63,25.64
2003-09-10,3.42,28.34,87.38,99.71,2.05,26.02
2003-09-11,1.5,27.82,87.23,99.78,2.36,25.47
2003-09-12,0.99,27.31,89.88,99.69,3.14,25.51
2003-09-13,3.46,27.81,85.76,99.72,3.01,25.16
2003-09-14,2.1,27.73,87.14,99.82,1.8,25.37
2003-09-15,1.72,27.85,84.78,99.92,1.58,24.99
2003-09-16,1.49,27.29,90.99,99.95,2.38,25.7
2003-09-17,42.77,27.16,91.03,99.99,1.74,25.57
2003-09-18,22.0,27.32,91.09,100.16,2.59,25.75
2003-09-19,0.11,27.69,89.27,100.17,1.86,25.73
2003-09-20,0.49,27.72,90.21,100.21,2.73,25.97
2003-09-21,7.36,27.72,89.94,100.28,2.25,25.92
2003-09-22,3.33,27.74,88.68,100.23,2.07,25.68
2003-09-23,3.75,27.52,88.11,100.15,2.03,25.35
2003-09-24,10.53,27.57,89.41,100.13,2.68,25.67
2003-09-25,14.36,27.2,91.53,100.24,3.44,25.72
2003-09-26,6.06,26.86,91.2,100.29,2.16,25.31
2003-09-27,3.66,26.76,90.18,100.25,2.75,25.02
2003-09-28,0.6,27.46,89.0,100.16,3.24,25.48
2003-09-29,0.04,27.67,86.32,100.19,3.0,25.15
2003-09-30,0.33,28.12,85.47,100.22,2.16,25.42
2003-10-01,0.26,28.41,83.23,100.21,1.35,25.2
2003-10-02,3.83,28.09,85.42,100.25,1.27,25.38
2003-10-03,10.06,27.6,86.34,100.41,2.67,25.1
2003-10-04,15.66,27.14,91.67,100.33,4.64,25.67
2003-10-05,45.16,27.25,92.72,100.19,6.24,25.97
2003-10-06,66.25,27.3,92.39,99.92,5.86,25.98
2003-10-07,58.92,27.55,92.01,99.77,5.81,26.15
2003-10-08,34.84,27.55,91.86,99.83,5.65,26.13
2003-10-09,21.87,27.76,92.34,99.88,5.09,26.42
2003-10-10,3.05,27.56,89.22,99.99,3.41,25.61
2003-10-11,0.16,27.47,79.8,100.29,1.92,23.53
2003-10-12,0.0,27.05,76.38,100.43,1.74,22.43
2003-10-13,0.0,27.36,76.05,100.62,1.88,22.64
2003-10-14,0.0,26.29,70.45,100.67,2.16,20.15
2003-10-15,0.01,25.48,71.97,100.72,2.2,19.96
2003-10-16,8.08,25.74,89.11,100.73,2.37,23.8
2003-10-17,6.28,25.85,91.87,100.62,4.26,24.43
2003-10-18,2.72,26.47,91.32,100.5,2.99,24.94
2003-10-19,4.04,26.62,91.06,100.57,2.03,25.04
2003-10-20,1.22,26.98,88.23,100.58,1.72,24.84
2003-10-21,6.57,27.35,86.56,100.56,2.11,24.88
2003-10-22,22.71,26.95,89.24,100.66,2.51,25.03
2003-10-23,23.89,26.81,88.96,100.71,2.33,24.84
2003-10-24,34.83,25.72,91.95,100.54,2.97,24.34
2003-10-25,42.94,26.45,90.12,100.34,3.53,24.72
2003-10-26,3.7,27.14,82.8,100.38,1.97,23.89
2003-10-27,7.46,26.69,83.98,100.67,1.33,23.74
2003-10-28,6.92,26.5,89.1,100.87,3.07,24.56
2003-10-29,0.18,26.83,82.24,101.01,1.69,23.52
2003-10-30,0.06,27.72,78.51,100.84,1.03,23.57
2003-10-31,4.44,27.81,76.09,100.68,1.09,23.1
2003-11-01,3.0,27.29,77.42,100.71,1.34,22.89
2003-11-02,3.09,26.99,77.9,100.89,0.8,22.76
2003-11-03,3.92,26.22,84.15,100.93,1.85,23.32
2003-11-04,0.31,25.96,80.75,100.89,1.48,22.32
2003-11-05,0.0,25.88,72.59,100.85,0.88,20.55
2003-11-06,0.0,24.76,70.58,100.79,1.61,18.99
2003-11-07,0.0,24.5,69.42,100.73,1.38,18.41
2003-11-08,0.0,25.07,66.65,100.79,1.17,18.32
2003-11-09,0.0,24.56,74.44,100.79,1.97,19.68
2003-11-10,0.0,24.2,72.15,100.88,1.7,18.77
2003-11-11,0.0,24.06,66.99,100.97,1.46,17.47
2003-11-12,0.0,23.28,73.38,101.02,2.34,18.16
2003-11-13,0.0,22.35,72.52,101.1,2.63,17.0
2003-11-14,0.0,21.59,70.68,101.19,2.47,15.91
2003-11-15,0.0,21.79,69.76,101.12,1.81,15.88
2003-11-16,0.0,22.02,72.77,100.94,1.98,16.79
2003-11-17,0.0,22.17,70.61,100.89,1.45,16.42
2003-11-18,0.0,22.57,71.42,100.88,1.49,17.02
2003-11-19,0.0,23.05,71.65,100.95,1.58,17.51
2003-11-20,0.0,23.58,73.58,100.97,1.8,18.5
2003-11-21,0.0,23.37,81.48,101.07,2.09,19.93
2003-11-22,0.0,22.69,74.79,101.15,1.98,17.71
2003-11-23,0.0,21.26,70.51,101.17,1.91,15.47
2003-11-24,0.0,21.29,69.66,101.29,1.81,15.44
2003-11-25,0.0,21.07,72.77,101.23,1.95,15.89
2003-11-26,0.0,21.59,70.6,101.06,1.52,15.9
2003-11-27,0.0,22.17,69.22,100.94,1.48,16.15
2003-11-28,0.0,21.79,68.18,100.98,1.36,15.51
2003-11-29,0.0,21.38,69.16,101.11,1.64,15.35
2003-11-30,0.0,22.21,71.24,101.1,1.24,16.72
2003-12-01,0.0,22.05,70.33,101.12,1.21,16.16
2003-12-02,0.0,21.49,66.53,101.09,1.54,14.8
2003-12-03,0.0,20.82,64.55,100.95,1.38,13.74
2003-12-04,0.0,20.45,67.23,100.96,1.46,13.99
2003-12-05,0.0,20.66,68.37,101.08,1.86,14.5
2003-12-06,0.0,20.03,73.04,101.08,1.96,14.87
2003-12-07,0.0,19.57,75.03,101.07,2.25,14.8
2003-12-08,0.0,20.23,71.05,101.08,1.45,14.48
2003-12-09,0.0,21.07,67.05,101.04,1.03,14.52
2003-12-10,0.0,21.64,71.1,101.08,1.56,16.1
2003-12-11,0.0,21.4,80.0,101.1,2.42,17.63
2003-12-12,0.0,21.04,76.06,101.17,2.43,16.36
2003-12-13,0.0,20.49,74.99,101.14,2.79,15.71
2003-12-14,0.01,19.99,82.69,101.11,2.84,16.78
2003-12-15,2.15,20.31,91.27,101.0,3.6,18.79
2003-12-16,10.76,21.71,91.9,100.75,4.24,20.24
2003-12-17,8.66,22.05,88.44,100.62,4.48,19.99
2003-12-18,0.01,21.06,83.94,100.97,3.95,18.09
2003-12-19,0.03,20.66,80.42,101.19,3.09,17.0
2003-12-20,0.0,20.07,77.61,101.38,2.56,15.69
2003-12-21,0.0,19.29,72.46,101.44,2.55,13.91
2003-12-22,0.0,18.98,71.02,101.4,2.67,13.38
2003-12-23,0.0,19.07,71.68,101.38,2.42,13.55
2003-12-24,0.0,19.51,70.67,101.28,2.08,13.83
2003-12-25,0.0,19.36,72.98,101.29,2.48,14.16
2003-12-26,0.12,20.11,72.53,101.19,2.81,14.83
2003-12-27,1.78,19.74,71.58,101.22,2.4,14.25
2003-12-28,5.93,18.64,86.16,101.36,2.14,16.22
2003-12-29,0.29,17.87,79.06,101.62,3.06,13.9
2003-12-30,0.0,17.32,74.05,101.6,2.48,12.41
2003-12-31,0.0,17.76,72.24,101.44,1.86,12.5
2004-01-01,0.0,18.29,72.44,101.29,1.61,13.02
2004-01-02,0.0,18.64,71.72,101.29,1.67,13.21
2004-01-03,0.0,18.96,70.2,101.33,1.76,13.27
2004-01-04,0.0,17.81,71.14,101.38,2.42,12.26
2004-01-05,0.0,17.04,68.52,101.44,2.59,10.95
2004-01-06,0.0,17.29,68.12,101.36,1.93,11.17
2004-01-07,0.0,18.27,70.92,101.34,1.82,12.72
2004-01-08,0.0,17.87,70.98,101.46,2.53,12.11
2004-01-09,0.0,17.59,65.39,101.49,1.98,10.45
2004-01-10,0.0,18.07,65.88,101.45,1.82,11.23
2004-01-11,0.0,18.4,63.47,101.3,1.69,10.89
2004-01-12,0.0,19.06,67.44,101.21,1.69,12.61
2004-01-13,0.0,19.36,71.1,101.05,1.49,13.69
2004-01-14,0.0,20.34,73.13,100.9,1.5,14.99
2004-01-15,0.0,21.6,77.01,100.99,1.36,17.08
2004-01-16,0.0,21.8,75.63,101.1,1.31,16.95
2004-01-17,0.0,21.05,68.77,100.95,1.28,14.61
2004-01-18,0.0,21.52,77.48,100.87,1.68,17.01
2004-01-19,0.01,22.67,77.91,100.81,1.88,18.16
2004-01-20,0.0,21.92,79.2,100.93,1.52,17.86
2004-01-21,0.0,22.15,79.33,100.88,1.87,18.15
2004-01-22,0.0,21.87,78.07,100.88,1.85,17.58
2004-01-23,0.14,21.68,81.04,100.88,2.35,18.12
2004-01-24,1.4,22.39,75.35,100.89,1.19,17.65
2004-01-25,0.85,21.04,77.68,100.94,2.49,16.85
2004-01-26,4.97,19.01,84.63,101.05,4.01,16.29
2004-01-27,0.48,19.16,81.23,101.09,2.24,15.74
2004-01-28,0.03,20.57,76.16,100.99,1.89,16.01
2004-01-29,0.11,20.53,75.07,100.94,2.15,15.61
2004-01-30,0.22,20.76,73.75,100.92,1.01,15.88
2004-01-31,1.69,22.68,75.72,100.79,2.15,18.09
2004-02-01,0.13,23.92,75.3,100.71,1.91,19.16
2004-02-02,0.03,22.67,78.55,100.87,1.98,18.61
2004-02-03,0.0,20.77,72.7,101.01,2.77,15.34
2004-02-04,0.0,18.62,57.48,100.95,2.79,9.58
2004-02-05,0.0,19.43,58.71,100.94,1.8,10.46
2004-02-06,1.43,21.93,75.46,100.94,2.21,17.35
2004-02-07,0.97,21.05,69.8,101.28,2.57,14.68
2004-02-08,0.0,19.17,63.41,101.38,2.07,11.66
2004-02-09,0.0,19.38,56.94,101.24,1.4,10.06
2004-02-10,0.0,21.25,56.21,101.23,1.1,11.88
2004-02-11,0.0,21.9,63.62,101.25,1.17,14.31
2004-02-12,0.0,22.24,65.55,101.28,1.86,14.88
2004-02-13,0.0,22.87,60.76,101.19,1.82,14.2
2004-02-14,0.0,23.44,55.92,101.03,1.03,13.58
2004-02-15,0.0,22.35,57.9,100.93,1.61,12.67
2004-02-16,0.0,23.73,69.93,100.97,1.48,17.26
2004-02-17,0.0,23.87,69.05,100.91,1.74,17.52
2004-02-18,0.0,23.81,70.53,100.74,1.97,17.71
2004-02-19,0.0,24.31,73.1,100.65,2.91,18.78
2004-02-20,0.0,24.97,71.96,100.77,2.32,18.79
2004-02-21,0.0,24.64,67.6,100.93,1.59,17.49
2004-02-22,0.0,24.53,61.59,100.81,1.63,15.59
2004-02-23,0.0,24.62,51.85,100.77,2.11,12.51
2004-02-24,0.0,25.38,58.0,100.89,1.61,15.38
2004-02-25,0.0,24.93,57.97,100.82,1.89,14.81
2004-02-26,0.0,24.55,53.75,100.69,2.22,13.13
2004-02-27,0.0,24.92,55.16,100.61,1.76,13.69
2004-02-28,0.0,25.52,61.4,100.59,2.22,16.1
2004-02-29,0.0,26.81,67.05,100.56,2.4,18.83
2004-03-01,0.0,27.47,58.14,100.52,1.94,16.95
2004-03-02,0.0,27.37,47.26,100.51,1.66,13.34
2004-03-03,0.0,26.33,44.84,100.57,1.94,11.1
2004-03-04,0.0,26.72,56.31,100.64,1.5,15.1
2004-03-05,0.0,27.19,50.61,100.56,1.71,13.5
2004-03-06,0.0,27.17,66.25,100.59,2.36,19.1
2004-03-07,0.01,26.06,78.12,100.74,3.5,21.63
2004-03-08,0.37,25.87,70.7,101.23,3.14,19.69
2004-03-09,0.03,26.43,58.12,101.17,1.74,16.92
2004-03-10,0.0,26.68,62.33,100.84,2.07,18.11
2004-03-11,0.0,26.84,65.64,100.78,2.31,19.27
2004-03-12,0.0,27.39,63.36,100.81,2.34,18.91
2004-03-13,0.0,28.33,59.63,100.82,2.0,18.28
2004-03-14,0.0,28.98,53.45,100.72,1.59,15.98
2004-03-15,0.0,29.38,54.04,100.55,1.75,16.77
2004-03-16,0.0,29.44,48.44,100.4,1.98,14.91
2004-03-17,0.0,29.48,48.97,100.26,2.39,14.85
2004-03-18,0.0,29.44,54.63,100.26,2.26,16.83
2004-03-19,0.0,29.58,54.97,100.16,1.63,17.4
2004-03-20,0.0,29.27,50.3,100.02,2.84,15.27
2004-03-21,0.0,29.55,63.55,100.12,4.13,19.98
2004-03-22,0.0,29.31,64.24,100.18,3.89,19.95
2004-03-23,0.0,29.62,63.73,100.14,4.39,20.27
2004-03-24,0.0,29.63,64.58,100.08,4.7,20.77
2004-03-25,0.0,29.81,61.85,100.08,3.75,19.66
2004-03-26,0.0,28.8,69.43,100.29,5.05,21.67
2004-03-27,0.01,28.88,69.33,100.56,5.03,21.38
2004-03-28,0.03,29.12,70.24,100.53,4.78,22.03
2004-03-29,0.26,30.0,68.6,100.43,4.45,22.33
2004-03-30,0.25,29.3,73.16,100.52,4.44,23.45
2004-03-31,2.64,29.39,71.14,100.54,3.36,23.15
2004-04-01,0.54,30.26,67.37,100.58,3.43,22.82
2004-04-02,0.13,30.61,65.89,100.51,3.72,22.57
2004-04-03,0.12,30.78,65.24,100.5,4.57,22.61
2004-04-04,0.0,30.45,67.21,100.54,4.38,22.61
2004-04-05,0.01,30.71,65.64,100.33,4.03,22.47
2004-04-06,0.07,30.65,63.73,100.26,3.17,21.93
2004-04-07,0.39,30.04,64.46,100.38,4.41,22.2
2004-04-08,0.19,30.12,67.68,100.22,5.48,22.6
2004-04-09,0.02,31.35,61.29,100.04,5.44,21.13
2004-04-10,0.01,31.4,63.31,100.17,5.74,22.55
2004-04-11,0.25,32.06,61.2,100.17,5.32,21.99
2004-04-12,0.23,32.73,57.87,100.01,5.2,21.18
2004-04-13,0.0,32.43,59.46,99.86,5.07,21.11
2004-04-14,0.0,32.41,60.84,99.8,6.33,21.65
2004-04-15,0.0,32.63,60.17,99.72,6.2,21.62
2004-04-16,0.0,33.22,53.54,99.71,5.03,19.62
2004-04-17,0.0,33.66,49.84,99.63,4.39,18.4
2004-04-18,0.0,33.12,48.62,99.61,4.4,17.9
2004-04-19,0.06,32.35,58.11,99.95,4.48,20.74
2004-04-20,0.17,31.28,65.86,100.34,6.27,23.35
2004-04-21,0.21,31.26,63.51,100.24,6.01,22.79
2004-04-22,0.5,30.52,69.66,100.09,6.16,23.87
2004-04-23,6.1,30.21,68.7,100.1,5.07,23.34
2004-04-24,15.54,29.06,74.66,100.29,4.38,23.8
2004-04-25,15.45,28.64,73.19,100.39,2.84,22.94
2004-04-26,21.4,28.1,78.0,100.44,3.02,23.66
2004-04-27,1.2,29.29,66.43,100.33,3.19,21.93
2004-04-28,6.89,29.53,71.93,100.18,3.99,23.6
2004-04-29,2.44,30.08,67.31,100.15,3.71,22.56
2004-04-30,1.11,30.38,65.57,100.13,3.83,22.28
2004-05-01,0.01,30.52,64.86,100.12,3.68,22.1
2004-05-02,0.05,30.71,66.55,100.12,3.71,22.77
2004-05-03,0.0,30.8,66.21,100.23,2.77,22.97
2004-05-04,0.02,30.83,65.3,100.22,2.97,22.96
2004-05-05,0.0,31.45,62.69,100.16,3.63,22.85
2004-05-06,0.0,31.46,65.17,100.19,4.14,23.28
2004-05-07,0.0,31.3,68.58,100.26,3.72,24.19
2004-05-08,0.0,30.95,67.92,100.17,3.56,23.63
2004-05-09,0.0,31.21,65.89,100.04,3.92,23.3
2004-05-10,0.0,32.2,62.05,99.93,4.95,23.08
2004-05-11,0.02,33.01,61.55,99.79,5.83,23.95
2004-05-12,0.07,31.45,74.23,99.63,5.49,26.21
2004-05-13,0.03,32.66,67.36,99.42,4.99,25.22
2004-05-14,18.5,32.4,70.29,99.52,3.6,26.02
2004-05-15,12.56,29.54,85.81,99.69,4.12,26.91
2004-05-16,0.7,31.0,73.98,99.59,2.87,25.44
2004-05-17,1.13,30.85,71.45,99.57,2.0,24.95
2004-05-18,1.13,30.36,75.03,99.35,3.26,25.24
2004-05-19,0.09,33.58,61.05,98.96,3.74,23.23
2004-05-20,0.0,34.41,51.48,99.14,4.5,20.83
2004-05-21,0.0,34.06,56.14,99.32,4.71,22.8
2004-05-22,0.02,34.31,57.46,99.35,4.15,22.45
2004-05-23,0.05,33.37,63.58,99.57,4.9,24.56
2004-05-24,0.38,32.81,63.63,99.74,6.51,24.23
2004-05-25,4.54,31.12,70.8,99.88,5.77,24.91
2004-05-26,0.66,31.02,63.02,100.01,4.27,22.38
2004-05-27,0.1,30.9,66.74,100.11,4.75,23.69
2004-05-28,0.04,30.18,73.68,100.18,4.27,24.78
2004-05-29,0.0,29.79,77.12,100.09,3.98,25.16
2004-05-30,0.02,29.86,75.35,100.12,3.96,24.8
2004-05-31,0.35,30.37,71.84,100.1,3.52,24.21
2004-06-01,3.61,30.35,71.88,100.15,4.44,24.35
2004-06-02,1.56,30.31,74.97,100.08,4.43,25.21
2004-06-03,0.52,30.48,74.11,99.88,4.89,25.06
2004-06-04,1.25,30.28,74.34,99.93,4.18,24.92
2004-06-05,0.35,30.81,67.71,99.9,3.16,23.63
2004-06-06,1.14,30.35,74.71,99.89,2.84,25.18
2004-06-07,0.34,31.03,69.87,99.96,2.5,24.39
2004-06-08,0.03,31.09,67.46,99.93,2.62,24.04
2004-06-09,10.63,30.31,73.41,99.92,1.73,24.93
2004-06-10,14.7,29.97,79.05,99.81,1.86,25.84
2004-06-11,3.3,29.88,73.84,99.65,3.74,24.52
2004-06-12,32.51,29.14,84.41,99.03,9.71,26.22
2004-06-13,32.26,29.16,81.58,98.75,11.78,25.66
2004-06-14,13.89,29.81,77.32,99.13,9.38,25.37
2004-06-15,0.44,30.1,77.21,99.62,5.78,25.55
2004-06-16,6.61,29.23,83.46,99.74,5.73,26.1
2004-06-17,4.12,28.89,84.06,99.49,4.38,25.87
2004-06-18,0.41,29.22,79.84,99.53,5.47,25.24
2004-06-19,0.12,28.71,78.54,99.48,4.05,24.53
2004-06-20,0.05,29.33,76.49,99.59,4.71,24.63
2004-06-21,0.02,30.39,73.25,99.79,4.39,24.74
2004-06-22,0.0,30.35,73.36,99.89,4.98,24.79
2004-06-23,0.0,31.37,68.29,99.69,4.44,24.37
2004-06-24,0.29,31.55,66.07,99.71,3.91,24.09
2004-06-25,0.08,32.15,63.66,99.78,2.99,23.94
2004-06-26,0.1,32.11,64.44,99.79,2.8,24.19
2004-06-27,0.11,32.18,64.38,99.77,3.2,24.22
2004-06-28,0.32,31.22,68.18,99.83,3.05,24.32
2004-06-29,0.73,29.39,78.16,99.75,3.93,25.14
2004-06-30,0.81,27.96,81.34,99.6,3.11,24.45
2004-07-01,1.35,30.43,73.8,99.53,2.19,24.94
2004-07-02,1.13,29.99,77.76,99.41,2.71,25.6
2004-07-03,4.77,29.06,83.33,99.26,2.44,25.91
2004-07-04,6.69,29.6,81.75,99.42,4.48,26.06
2004-07-05,5.7,29.7,80.27,99.81,4.35,25.81
2004-07-06,2.56,29.3,82.03,99.94,4.52,25.85
2004-07-07,4.79,29.57,79.13,100.0,5.37,25.43
2004-07-08,12.48,28.79,85.12,100.09,5.08,26.02
2004-07-09,15.11,28.28,86.63,100.06,4.32,25.81
2004-07-10,7.56,28.39,85.33,99.93,4.06,25.64
2004-07-11,2.19,28.42,83.1,99.84,3.45,25.16
2004-07-12,17.92,27.84,84.99,99.72,3.14,25.04
2004-07-13,7.76,28.33,80.23,99.64,1.58,24.43
2004-07-14,1.65,28.54,78.37,99.42,1.55,24.25
2004-07-15,0.96,28.24,83.89,99.21,4.2,25.16
2004-07-16,6.65,28.48,84.22,99.55,5.11,25.51
2004-07-17,3.05,28.71,83.26,99.94,5.64,25.51
2004-07-18,3.28,28.55,84.66,99.87,5.63,25.67
2004-07-19,1.61,28.86,85.07,99.76,4.5,26.03
2004-07-20,24.86,28.51,86.31,99.74,3.57,25.94
2004-07-21,13.55,28.39,78.34,99.74,3.0,24.06
2004-07-22,5.78,28.19,81.11,99.77,2.37,24.56
2004-07-23,4.84,28.29,80.33,99.69,1.35,24.45
2004-07-24,2.48,27.27,87.9,99.6,1.76,25.08
2004-07-25,0.62,27.95,85.85,99.56,1.59,25.32
2004-07-26,4.82,28.05,84.14,99.52,2.08,25.05
2004-07-27,19.3,27.86,85.15,99.46,1.61,25.08
2004-07-28,14.8,28.28,84.56,99.33,2.49,25.35
2004-07-29,7.84,28.26,87.08,99.49,3.66,25.86
2004-07-30,4.12,27.58,88.53,99.75,4.38,25.52
2004-07-31,1.1,28.07,84.25,99.78,3.36,25.06
2004-08-01,0.59,27.57,85.14,99.54,2.88,24.8
2004-08-02,27.72,27.31,87.99,99.26,3.43,25.14
2004-08-03,12.54,27.69,87.86,99.08,3.05,25.47
2004-08-04,15.36,27.9,89.22,98.84,5.41,25.95
2004-08-05,6.76,28.0,87.72,99.17,7.22,25.78
2004-08-06,14.77,28.53,86.45,99.56,4.37,25.98
2004-08-07,24.01,28.05,89.11,99.65,4.28,26.07
2004-08-08,17.27,28.34,85.96,99.63,4.6,25.72
2004-08-09,4.96,27.91,87.14,99.66,4.39,25.53
2004-08-10,7.06,28.26,86.23,99.59,5.11,25.68
2004-08-11,7.81,28.06,85.49,99.54,4.53,25.33
2004-08-12,11.86,27.66,90.08,99.53,5.36,25.89
2004-08-13,13.09,27.75,89.76,99.57,5.39,25.91
2004-08-14,6.26,28.31,86.91,99.58,5.55,25.87
2004-08-15,2.78,27.88,87.63,99.63,3.73,25.6
2004-08-16,10.47,27.71,89.09,99.56,2.95,25.75
2004-08-17,12.64,27.73,90.7,99.7,2.97,26.07
2004-08-18,10.75,27.52,89.98,99.65,5.11,25.73
2004-08-19,8.0,27.33,88.83,99.5,5.39,25.32
2004-08-20,12.32,27.92,88.69,99.27,3.03,25.86
2004-08-21,19.34,27.26,91.01,99.3,4.0,25.67
2004-08-22,3.97,27.79,88.44,99.59,3.72,25.68
2004-08-23,0.72,28.42,85.8,99.87,2.92,25.7
2004-08-24,0.8,28.71,85.39,99.97,2.76,25.93
2004-08-25,0.49,28.74,85.92,99.95,2.44,26.08
2004-08-26,0.08,28.52,86.33,99.83,2.79,25.98
2004-08-27,0.73,27.91,87.23,99.7,2.54,25.58
2004-08-28,15.54,27.84,86.48,99.78,2.42,25.37
2004-08-29,9.19,28.46,83.66,99.82,2.1,25.34
2004-08-30,0.35,28.8,83.91,99.82,1.95,25.73
2004-08-31,0.17,27.9,85.25,99.89,1.72,25.17
2004-09-01,0.09,28.43,82.39,99.87,1.2,25.08
2004-09-02,14.08,27.95,87.31,100.06,1.71,25.63
2004-09-03,5.25,27.76,86.42,100.16,2.68,25.25
2004-09-04,2.44,27.33,90.57,99.88,2.32,25.66
2004-09-05,4.16,27.72,87.3,99.9,2.64,25.4
2004-09-06,0.82,27.95,85.03,100.04,2.43,25.14
2004-09-07,0.01,27.78,85.54,100.1,2.75,25.09
2004-09-08,0.05,28.17,87.06,100.01,2.86,25.78
2004-09-09,0.77,27.86,87.79,99.82,2.82,25.6
2004-09-10,7.92,27.35,90.23,99.77,2.63,25.6
2004-09-11,5.45,27.2,89.41,99.67,3.49,25.31
2004-09-12,4.76,28.36,84.38,99.83,2.44,25.39
2004-09-13,3.55,28.17,86.05,100.06,2.92,25.56
2004-09-14,3.41,28.41,82.27,99.99,3.53,24.97
2004-09-15,0.57,27.88,81.96,99.9,3.84,24.42
2004-09-16,0.43,28.0,82.88,99.98,3.11,24.69
2004-09-17,0.61,28.08,82.83,100.04,2.98,24.78
2004-09-18,7.34,28.09,87.11,100.01,2.94,25.7
2004-09-19,27.51,27.65,91.01,100.03,3.17,26.05
2004-09-20,12.4,27.32,89.83,100.21,2.47,25.49
2004-09-21,0.29,27.21,86.92,100.38,2.63,24.82
2004-09-22,0.81,27.41,85.57,100.44,2.21,24.75
2004-09-23,0.16,27.67,84.33,100.42,1.82,24.74
2004-09-24,0.19,27.82,86.15,100.4,2.79,25.26
2004-09-25,0.11,27.75,86.02,100.46,2.54,25.16
2004-09-26,0.6,27.41,86.89,100.54,1.89,25.0
2004-09-27,1.11,27.62,86.22,100.51,2.05,25.08
2004-09-28,0.37,27.55,85.81,100.39,2.27,24.93
2004-09-29,0.0,27.53,85.08,100.47,2.29,24.76
2004-09-30,5.13,27.71,86.28,100.63,1.82,25.18
2004-10-01,1.95,27.89,84.37,100.65,1.45,24.97
2004-10-02,8.38,27.26,86.7,100.54,2.85,24.84
2004-10-03,41.04,26.89,90.72,100.31,4.82,25.26
2004-10-04,57.43,27.29,90.97,100.05,4.0,25.7
2004-10-05,46.97,27.73,87.75,99.93,4.78,25.52
2004-10-06,29.73,27.77,89.61,99.86,6.73,25.92
2004-10-07,5.99,27.84,91.1,99.96,5.48,26.26
2004-10-08,1.03,27.83,87.99,100.32,2.83,25.61
2004-10-09,0.0,27.49,84.89,100.57,1.46,24.61
2004-10-10,0.04,27.12,85.01,100.75,1.83,24.33
2004-10-11,0.01,27.11,81.78,100.76,1.69,23.64
2004-10-12,0.12,26.56,85.59,100.78,1.39,23.93
2004-10-13,1.17,26.23,86.13,100.76,2.45,23.69
2004-10-14,0.29,26.39,86.76,100.7,2.93,23.93
2004-10-15,1.42,25.28,83.58,100.75,2.87,22.22
2004-10-16,0.08,24.92,78.31,100.84,2.57,20.81
2004-10-17,0.0,24.65,70.95,100.93,2.39,18.94
2004-10-18,0.0,24.04,67.42,100.93,2.41,17.52
2004-10-19,0.0,24.24,68.47,100.85,2.08,17.93
2004-10-20,0.0,24.96,76.32,100.81,2.21,20.4
2004-10-21,0.0,25.63,80.84,100.9,2.08,22.02
2004-10-22,0.0,26.15,78.75,100.99,1.83,22.09
2004-10-23,0.03,26.53,75.12,100.93,1.54,21.69
2004-10-24,0.45,26.24,74.96,101.01,2.04,21.35
2004-10-25,0.0,25.7,76.96,101.09,2.1,21.3
2004-10-26,0.0,25.69,75.56,101.08,1.95,20.97
2004-10-27,0.0,25.41,75.78,101.0,1.66,20.7
2004-10-28,0.0,25.58,74.24,100.96,1.73,20.54
2004-10-29,0.04,25.56,77.59,100.99,1.82,21.25
2004-10-30,0.24,25.07,82.79,101.01,2.38,21.89
2004-10-31,0.0,24.67,80.91,100.98,2.91,21.09
2004-11-01,0.0,24.51,73.25,100.96,2.41,19.18
2004-11-02,0.0,23.97,66.85,100.99,2.21,17.25
2004-11-03,0.0,22.49,63.62,101.02,2.25,14.96
2004-11-04,0.0,21.77,61.84,101.01,2.22,13.97
2004-11-05,0.0,21.7,62.64,101.0,2.23,14.08
2004-11-06,0.0,22.23,65.86,100.97,1.98,15.36
2004-11-07,0.0,22.57,67.92,100.88,1.78,16.09
2004-11-08,0.0,23.95,69.77,100.88,1.07,17.94
2004-11-09,0.03,24.98,68.9,100.83,0.95,18.76
2004-11-10,0.01,24.54,72.57,100.88,1.63,19.14
2004-11-11,0.0,25.28,73.19,100.97,1.41,20.05
2004-11-12,0.01,25.29,73.14,101.09,1.07,20.05
2004-11-13,0.0,25.0,73.21,101.15,1.42,19.8
2004-11-14,0.0,25.14,71.02,101.08,1.31,19.42
2004-11-15,0.0,23.98,74.25,101.0,1.59,18.91
2004-11-16,0.0,22.82,68.31,100.97,1.97,16.43
2004-11-17,0.0,22.26,64.92,101.01,1.91,15.0
2004-11-18,0.0,22.4,65.13,100.96,1.68,15.25
2004-11-19,0.0,22.11,68.18,100.95,1.71,15.75
2004-11-20,0.0,22.53,69.03,101.04,1.81,16.27
2004-11-21,0.0,23.17,68.27,101.1,1.55,16.84
2004-11-22,0.0,23.34,62.0,101.01,0.78,15.52
2004-11-23,0.0,23.51,65.44,101.01,0.69,16.5
2004-11-24,0.0,23.36,69.27,101.01,1.14,17.24
2004-11-25,0.0,23.79,72.02,101.17,1.81,18.27
2004-11-26,0.0,23.49,76.14,101.21,1.97,18.82
2004-11-27,0.0,23.15,67.07,101.21,1.49,16.46
2004-11-28,0.0,22.18,67.93,101.29,1.9,15.75
2004-11-29,0.0,21.54,68.3,101.17,2.25,15.08
2004-11-30,0.0,21.74,67.37,101.05,1.74,15.14
2004-12-01,0.0,21.95,68.68,101.1,2.02,15.77
2004-12-02,0.0,21.93,66.81,101.34,2.15,15.3
2004-12-03,0.0,21.28,67.9,101.35,2.28,14.84
2004-12-04,0.0,20.3,69.42,101.21,2.4,14.15
2004-12-05,0.0,20.29,69.26,101.1,2.07,14.06
2004-12-06,0.0,21.07,62.78,101.18,1.59,13.28
2004-12-07,0.0,21.39,71.56,101.38,1.96,15.83
2004-12-08,0.0,21.5,73.68,101.26,1.53,16.36
2004-12-09,0.0,21.53,67.6,101.12,1.22,14.96
2004-12-10,0.0,21.56,71.14,101.17,1.64,15.9
2004-12-11,0.0,21.42,74.02,101.26,2.22,16.26
2004-12-12,0.0,21.89,76.89,101.34,2.2,17.29
2004-12-13,0.0,22.16,74.66,101.24,1.88,17.13
2004-12-14,0.0,22.16,67.63,100.99,1.61,15.55
2004-12-15,0.0,21.94,67.21,100.91,1.41,15.19
2004-12-16,0.0,21.74,63.13,100.97,1.4,14.03
2004-12-17,0.0,21.43,60.82,101.14,1.34,13.04
2004-12-18,0.0,21.87,69.53,101.06,1.08,15.84
2004-12-19,0.0,22.44,66.68,100.85,0.94,15.7
2004-12-20,0.0,22.33,73.45,100.75,1.85,17.11
2004-12-21,0.0,23.0,73.92,100.72,2.13,17.74
2004-12-22,0.0,22.97,71.22,100.79,1.32,16.95
2004-12-23,0.0,22.87,69.26,100.86,1.3,16.4
2004-12-24,0.0,22.89,68.06,101.02,1.33,16.25
2004-12-25,0.01,23.12,66.11,101.13,1.11,16.02
2004-12-26,0.03,22.56,72.59,100.98,1.31,17.08
2004-12-27,0.0,21.1,68.1,101.07,2.26,14.58
2004-12-28,0.0,19.89,61.05,101.16,1.92,11.56
2004-12-29,0.0,19.43,50.44,101.06,1.99,8.11
2004-12-30,0.0,19.78,54.17,100.98,1.72,9.55
2004-12-31,0.0,20.75,55.44,101.06,1.17,10.97
2005-01-01,0.0,21.64,63.41,101.12,1.28,14.0
2005-01-02,0.0,21.99,66.12,101.06,1.27,14.84
2005-01-03,0.0,22.68,63.28,101.02,1.04,14.65
2005-01-04,0.0,22.73,67.01,101.18,1.72,16.03
2005-01-05,0.0,22.44,65.44,101.21,2.1,14.98
2005-01-06,0.0,23.1,67.43,101.13,1.09,16.36
2005-01-07,0.0,23.47,66.41,101.06,1.16,16.24
2005-01-08,0.0,23.3,66.92,101.06,0.85,16.33
2005-01-09,0.0,22.48,64.81,100.95,1.17,14.94
2005-01-10,0.0,21.87,68.09,100.72,2.03,15.16
2005-01-11,0.06,23.87,73.32,100.74,3.72,18.43
2005-01-12,0.0,21.5,67.22,101.07,2.92,14.49
2005-01-13,0.0,21.52,59.41,101.07,1.98,12.48
2005-01-14,0.0,21.39,57.48,100.94,1.73,12.03
2005-01-15,0.0,21.79,49.55,100.94,1.42,9.71
2005-01-16,0.0,21.7,59.61,100.96,1.47,12.47
2005-01-17,0.0,22.57,71.62,100.89,2.54,16.58
2005-01-18,0.05,23.6,71.28,100.87,2.71,17.78
2005-01-19,0.01,23.54,63.1,101.01,1.57,15.2
2005-01-20,0.0,21.12,62.53,101.29,2.58,12.86
2005-01-21,0.02,21.49,65.46,101.45,2.03,13.94
2005-01-22,0.37,21.25,59.61,101.33,2.49,12.18
2005-01-23,0.04,22.04,63.86,101.04,2.68,14.47
2005-01-24,0.13,23.73,74.79,101.03,2.01,18.6
2005-01-25,0.03,22.61,71.43,101.03,2.15,16.35
2005-01-26,0.3,22.44,69.41,100.82,1.76,15.86
2005-01-27,2.12,23.71,70.82,100.7,1.62,17.8
2005-01-28,10.15,23.26,78.35,100.73,2.16,19.21
2005-01-29,1.59,22.93,73.42,100.84,2.45,17.62
2005-01-30,0.99,22.95,69.91,100.92,3.04,16.8
2005-01-31,0.0,23.28,72.33,100.94,2.56,17.57
2005-02-01,1.69,22.55,73.81,101.0,2.32,17.39
2005-02-02,0.18,22.65,63.15,101.08,2.12,14.61
2005-02-03,0.0,21.19,52.53,101.14,2.15,10.2
2005-02-04,0.0,21.57,55.77,101.09,1.47,11.5
2005-02-05,0.0,22.89,57.43,100.97,1.32,13.1
2005-02-06,0.0,23.92,69.28,100.99,2.19,17.1
2005-02-07,0.0,25.0,69.1,101.16,2.01,18.08
2005-02-08,0.35,25.88,64.38,101.22,1.62,17.97
2005-02-09,0.0,26.75,57.91,101.23,0.93,16.78
2005-02-10,0.0,25.79,66.17,101.28,1.98,18.06
2005-02-11,0.0,26.56,60.14,101.23,1.05,16.67
2005-02-12,0.0,26.97,55.21,101.06,1.61,15.72
2005-02-13,0.0,27.5,52.21,100.75,2.46,15.37
2005-02-14,0.0,26.36,49.12,100.59,2.84,13.15
2005-02-15,0.0,26.96,60.22,100.5,2.8,16.67
2005-02-16,0.0,27.83,66.52,100.36,3.97,19.16
2005-02-17,0.0,27.43,65.26,100.45,3.34,18.91
2005-02-18,0.0,27.74,67.05,100.56,3.8,19.7
2005-02-19,0.0,27.84,66.23,100.71,3.17,19.6
2005-02-20,0.0,27.8,65.4,100.76,3.08,19.57
2005-02-21,0.01,27.13,58.27,100.82,3.47,16.31
2005-02-22,0.02,25.98,69.68,100.96,3.33,18.79
2005-02-23,0.0,26.99,62.49,100.91,2.83,18.27
2005-02-24,0.0,27.81,59.69,100.82,1.54,18.31
2005-02-25,0.0,27.66,59.14,100.8,1.42,17.22
2005-02-26,0.0,28.02,52.9,100.83,1.72,14.75
2005-02-27,0.0,27.88,51.56,100.75,1.72,15.0
2005-02-28,0.0,28.46,60.78,100.74,1.38,18.52
2005-03-01,0.0,28.54,57.22,100.8,1.89,17.71
2005-03-02,0.0,29.4,53.68,100.88,2.32,17.45
2005-03-03,0.0,30.06,49.05,100.86,2.07,16.88
2005-03-04,0.0,29.93,56.53,100.9,2.87,19.03
2005-03-05,0.0,30.17,54.97,101.02,2.92,18.74
2005-03-06,0.0,29.48,54.78,101.04,4.12,17.68
2005-03-07,0.0,28.63,61.63,101.01,4.21,18.77
2005-03-08,0.01,28.04,62.23,101.1,3.33,18.5
2005-03-09,0.0,28.1,62.59,101.0,3.26,19.25
2005-03-10,0.09,28.25,65.25,100.8,3.5,20.45
2005-03-11,0.85,28.68,65.17,100.64,2.74,20.91
2005-03-12,30.49,26.75,80.14,100.71,1.99,22.96
2005-03-13,9.76,26.84,70.21,100.84,1.57,20.2
2005-03-14,0.0,27.02,64.14,100.77,1.83,19.03
2005-03-15,0.0,27.76,64.81,100.58,3.42,19.69
2005-03-16,0.0,27.82,71.41,100.65,4.22,21.58
2005-03-17,0.0,28.01,69.41,100.71,4.54,21.33
2005-03-18,0.0,28.31,66.2,100.64,3.97,20.81
2005-03-19,0.0,28.62,66.19,100.57,3.83,20.86
2005-03-20,0.0,29.64,61.99,100.47,4.73,20.28
2005-03-21,0.0,29.76,60.25,100.28,4.66,19.85
2005-03-22,0.0,30.1,66.7,100.15,5.83,22.27
2005-03-23,0.14,29.23,70.13,100.12,6.37,22.8
2005-03-24,3.69,28.27,74.03,100.24,6.4,23.0
2005-03-25,1.18,29.05,68.48,100.35,3.24,21.98
2005-03-26,0.0,29.31,65.72,100.44,3.19,20.7
2005-03-27,0.0,29.25,68.74,100.46,4.51,21.78
2005-03-28,0.0,28.85,71.43,100.36,6.39,22.4
2005-03-29,0.05,29.84,66.25,100.28,5.05,21.79
2005-03-30,0.05,29.11,70.17,100.24,5.16,22.64
2005-03-31,0.1,29.38,69.1,100.19,5.35,22.37
2005-04-01,1.49,29.13,72.85,100.32,3.55,23.16
2005-04-02,0.34,29.8,67.48,100.49,2.76,22.25
2005-04-03,0.17,29.75,63.36,100.6,2.93,21.27
2005-04-04,0.04,30.06,59.16,100.62,3.3,19.98
2005-04-05,0.0,29.32,67.59,100.71,3.8,22.07
2005-04-06,0.0,29.27,66.35,100.58,4.42,21.58
2005-04-07,0.0,29.25,63.86,100.45,4.05,20.76
2005-04-08,0.0,29.81,66.17,100.44,3.62,21.79
2005-04-09,0.17,29.9,71.67,100.34,4.3,23.62
2005-04-10,0.2,30.1,72.45,100.33,5.32,24.25
2005-04-11,0.06,30.37,71.38,100.38,4.35,24.12
2005-04-12,0.02,31.51,62.12,100.49,2.49,21.72
2005-04-13,0.0,31.42,58.51,100.62,2.59,19.17
2005-04-14,0.0,31.46,58.59,100.63,3.01,19.57
2005-04-15,0.0,30.7,67.31,100.62,3.19,22.84
2005-04-16,0.03,31.11,67.91,100.48,4.47,23.81
2005-04-17,0.01,32.78,58.36,100.37,3.78,22.11
2005-04-18,0.0,32.51,58.98,100.41,4.17,22.11
2005-04-19,19.71,29.29,75.92,100.66,3.31,24.37
2005-04-20,7.58,28.69,77.45,100.84,2.08,24.05
2005-04-21,0.0,30.72,64.87,100.53,3.82,22.04
2005-04-22,0.0,31.24,65.64,100.37,4.52,22.77
2005-04-23,0.0,31.57,63.8,100.33,4.67,22.45
2005-04-24,0.0,31.53,66.06,100.33,4.68,23.48
2005-04-25,0.32,32.14,56.24,100.32,3.46,21.29
2005-04-26,0.14,32.08,50.11,100.26,2.98,19.42
2005-04-27,0.0,32.59,57.28,100.13,4.33,21.46
2005-04-28,0.15,32.54,60.54,100.03,5.17,22.76
2005-04-29,0.51,32.62,59.45,100.0,4.5,22.3
2005-04-30,1.6,31.36,58.97,100.1,5.15,21.46
2005-05-01,21.85,29.21,72.38,100.3,3.96,23.53
2005-05-02,5.19,29.79,67.51,100.27,3.51,22.27
2005-05-03,27.05,29.98,69.21,100.18,3.23,23.35
2005-05-04,9.86,30.7,65.43,100.1,2.47,22.71
2005-05-05,0.04,31.11,63.3,100.04,4.15,22.62
2005-05-06,0.02,31.09,62.61,99.97,3.99,22.35
2005-05-07,0.28,31.45,65.75,99.85,4.42,23.41
2005-05-08,0.19,32.31,64.87,99.78,4.87,23.84
2005-05-09,0.05,33.45,59.64,99.74,3.09,23.29
2005-05-10,0.01,33.5,61.05,99.67,3.31,23.59
2005-05-11,1.64,32.85,62.59,99.82,3.04,23.28
2005-05-12,2.47,32.02,68.3,99.93,4.63,24.81
2005-05-13,0.0,32.64,64.35,99.88,4.0,23.91
2005-05-14,0.0,32.63,66.64,99.81,5.45,24.67
2005-05-15,0.0,32.7,66.05,99.84,4.53,23.98
2005-05-16,0.0,32.36,70.99,99.91,5.36,25.55
2005-05-17,0.0,32.5,69.11,99.95,5.5,25.32
2005-05-18,0.0,32.09,70.35,99.94,6.14,25.45
2005-05-19,0.04,31.86,70.09,99.91,6.01,25.31
2005-05-20,0.12,31.74,69.57,99.88,6.65,24.92
2005-05-21,0.08,32.03,67.3,99.87,6.07,24.56
2005-05-22,0.0,33.01,63.23,99.79,5.63,23.55
2005-05-23,0.02,32.17,69.61,99.81,5.62,25.22
2005-05-24,0.38,32.23,68.62,99.81,6.03,25.07
2005-05-25,0.86,31.81,73.35,99.78,4.5,26.11
2005-05-26,0.14,32.93,63.58,99.92,4.54,24.52
2005-05-27,0.8,31.85,68.85,99.97,5.12,24.99
2005-05-28,0.13,30.91,70.24,100.0,4.98,24.62
2005-05-29,0.0,31.08,66.89,100.07,3.82,23.71
2005-05-30,0.0,30.6,73.57,100.05,3.4,25.08
2005-05-31,0.03,31.39,69.67,99.8,4.94,24.82
2005-06-01,0.37,32.29,67.88,99.52,5.47,25.12
2005-06-02,0.07,32.23,68.18,99.54,4.65,25.2
2005-06-03,0.08,32.84,66.1,99.48,4.44,24.87
2005-06-04,0.1,32.78,65.11,99.5,6.21,24.71
2005-06-05,0.59,31.38,70.79,99.58,6.38,25.26
2005-06-06,2.51,30.56,75.82,99.75,5.32,25.7
2005-06-07,0.14,31.09,68.86,99.69,2.7,24.45
2005-06-08,0.89,30.84,72.76,99.53,3.35,25.15
2005-06-09,0.35,30.61,70.76,99.51,4.07,24.47
2005-06-10,0.07,31.65,70.39,99.42,3.43,25.23
2005-06-11,0.0,32.5,64.57,99.42,4.78,24.27
2005-06-12,0.0,32.97,65.23,99.29,3.97,24.61
2005-06-13,0.0,32.74,67.01,99.42,4.28,25.34
2005-06-14,0.0,33.18,64.8,99.58,4.26,24.98
2005-06-15,1.96,31.68,70.3,99.53,4.63,25.45
2005-06-16,4.62,31.91,69.06,99.37,4.45,25.14
2005-06-17,0.18,32.68,62.33,99.25,6.14,23.63
2005-06-18,4.54,32.41,67.14,99.26,4.5,25.15
2005-06-19,5.79,31.01,75.92,99.39,4.95,26.11
2005-06-20,1.18,29.99,79.73,99.65,4.03,26.04
2005-06-21,0.15,30.64,72.96,99.72,3.56,25.0
2005-06-22,0.18,30.66,73.3,99.73,1.67,25.12
2005-06-23,2.94,30.33,76.76,99.62,3.27,25.62
2005-06-24,34.43,29.44,84.78,99.52,2.71,26.57
2005-06-25,25.49,29.06,83.89,99.59,2.61,26.0
2005-06-26,7.22,28.51,82.96,99.53,4.98,25.31
2005-06-27,17.14,29.04,78.31,99.4,5.4,24.71
2005-06-28,25.75,27.95,81.24,99.27,7.15,24.39
2005-06-29,6.8,28.58,74.76,99.48,7.26,23.46
2005-06-30,4.1,28.78,78.9,99.67,6.96,24.6
2005-07-01,1.61,29.09,80.53,99.8,6.0,25.27
2005-07-02,0.86,29.2,80.13,99.77,5.41,25.29
2005-07-03,1.67,29.31,80.16,99.66,5.34,25.4
2005-07-04,3.28,28.86,82.78,99.58,5.12,25.54
2005-07-05,11.74,27.93,88.18,99.62,4.81,25.79
2005-07-06,7.65,27.63,84.48,99.77,1.97,24.7
2005-07-07,7.31,27.85,82.31,99.65,1.75,24.44
2005-07-08,9.44,28.15,83.76,99.5,1.75,25.07
2005-07-09,5.99,28.54,83.11,99.45,3.89,25.32
2005-07-10,5.3,28.72,81.89,99.6,6.03,25.24
2005-07-11,3.64,29.25,79.26,99.89,5.89,25.13
2005-07-12,2.09,29.45,80.14,99.93,4.91,25.48
2005-07-13,6.56,28.8,86.87,99.94,4.5,26.35
2005-07-14,4.96,28.56,88.66,100.13,3.94,26.47
2005-07-15,2.3,28.13,85.25,100.32,3.57,25.39
2005-07-16,2.11,27.95,82.73,100.28,2.78,24.7
2005-07-17,0.46,28.61,79.53,100.12,2.13,24.61
2005-07-18,0.02,28.48,82.22,100.1,2.68,25.08
2005-07-19,1.41,28.95,83.92,100.06,3.58,25.89
2005-07-20,1.2,29.05,80.55,99.92,3.04,25.28
2005-07-21,2.35,28.3,84.75,99.81,3.54,25.46
2005-07-22,5.13,28.15,84.02,99.58,2.84,25.13
2005-07-23,2.55,28.1,84.83,99.36,2.53,25.27
2005-07-24,17.49,28.25,89.73,98.97,3.04,26.4
2005-07-25,19.89,27.76,88.7,98.83,4.87,25.7
2005-07-26,9.83,28.1,85.69,98.85,7.73,25.48
2005-07-27,1.02,28.75,83.6,99.11,5.72,25.64
2005-07-28,5.41,28.75,83.78,99.28,4.0,25.64
2005-07-29,102.91,26.88,88.53,99.15,6.42,24.84
2005-07-30,47.03,28.03,84.38,98.84,7.45,25.1
2005-07-31,1.53,28.49,85.89,99.03,5.59,25.87
2005-08-01,2.68,28.44,86.54,99.31,3.81,25.92
2005-08-02,2.84,27.78,88.24,99.4,4.46,25.63
2005-08-03,5.56,27.99,88.84,99.43,4.68,25.95
2005-08-04,8.5,28.41,85.33,99.42,6.19,25.66
2005-08-05,1.73,28.99,83.18,99.47,5.94,25.75
2005-08-06,0.22,28.37,84.81,99.44,5.53,25.5
2005-08-07,0.1,28.11,85.43,99.46,4.43,25.41
2005-08-08,0.03,28.55,83.5,99.68,2.9,25.36
2005-08-09,0.02,28.38,85.88,99.72,2.69,25.74
2005-08-10,0.0,28.28,85.16,99.72,3.54,25.49
2005-08-11,0.01,29.31,79.21,99.63,2.64,25.16
2005-08-12,1.19,28.42,83.6,99.68,2.13,25.31
2005-08-13,1.4,27.67,86.2,99.66,2.23,25.15
2005-08-14,5.31,27.22,89.97,99.62,2.87,25.44
2005-08-15,6.29,27.49,89.94,99.48,3.02,25.69
2005-08-16,0.75,27.8,88.67,99.62,2.65,25.73
2005-08-17,1.07,27.68,87.84,99.65,2.46,25.44
2005-08-18,9.89,28.3,87.04,99.66,2.59,25.87
2005-08-19,56.45,27.92,91.2,99.62,4.41,26.36
2005-08-20,22.07,27.88,88.62,99.6,5.45,25.81
2005-08-21,0.54,28.08,86.8,99.71,4.44,25.61
2005-08-22,3.73,28.17,86.78,99.95,3.62,25.69
2005-08-23,23.98,27.45,91.91,100.13,3.67,26.03
2005-08-24,17.02,27.93,86.8,100.13,2.79,25.48
2005-08-25,9.17,27.36,87.91,100.1,2.39,25.15
2005-08-26,0.4,27.43,89.78,100.14,2.19,25.6
2005-08-27,0.57,27.49,84.93,100.19,2.21,24.63
2005-08-28,0.09,27.49,90.15,100.04,3.56,25.74
2005-08-29,21.95,27.69,88.25,100.1,2.28,25.56
2005-08-30,14.52,28.46,86.75,99.9,1.79,26.01
2005-08-31,3.35,29.34,80.07,99.76,1.47,25.41
2005-09-01,0.29,29.01,82.72,99.83,1.06,25.73
2005-09-02,2.88,28.42,85.94,100.02,1.45,25.81
2005-09-03,2.63,27.74,88.68,100.01,1.92,25.7
2005-09-04,9.54,28.19,89.1,99.92,2.28,26.21
2005-09-05,8.72,28.0,87.43,100.0,1.6,25.71
2005-09-06,6.06,28.6,83.3,100.04,1.78,25.44
2005-09-07,9.62,28.18,89.36,100.04,3.41,26.25
2005-09-08,73.48,28.1,91.63,100.01,4.25,26.62
2005-09-09,89.72,27.47,89.45,99.99,2.8,25.58
2005-09-10,39.93,27.32,89.4,99.65,1.54,25.42
2005-09-11,35.16,27.92,89.41,99.24,2.98,26.0
2005-09-12,45.16,27.83,89.65,99.14,4.67,25.97
2005-09-13,16.71,27.59,90.08,99.51,5.61,25.83
2005-09-14,10.75,27.4,91.96,99.98,4.68,26.0
2005-09-15,13.01,27.87,86.26,100.16,1.6,25.32
2005-09-16,1.53,28.06,87.29,100.09,2.97,25.71
2005-09-17,15.76,27.62,89.43,100.08,3.89,25.71
2005-09-18,74.93,26.93,88.84,99.79,2.87,24.92
2005-09-19,18.21,27.43,91.05,99.56,5.02,25.83
2005-09-20,17.55,27.26,89.79,99.78,6.21,25.45
2005-09-21,17.2,27.27,88.85,100.15,5.23,25.27
2005-09-22,4.52,27.46,89.23,100.4,4.34,25.53
2005-09-23,0.17,27.09,91.55,100.43,3.87,25.61
2005-09-24,0.21,27.67,88.7,100.32,3.31,25.6
2005-09-25,0.46,28.17,87.61,100.13,1.9,25.89
2005-09-26,0.05,27.79,88.83,100.07,2.0,25.77
2005-09-27,0.16,27.21,88.88,100.18,2.04,25.21
2005-09-28,0.82,27.48,88.05,100.17,2.16,25.33
2005-09-29,9.05,27.21,90.22,100.1,2.47,25.46
2005-09-30,4.33,26.91,90.27,100.21,2.27,25.17
2005-10-01,2.89,26.34,93.82,100.21,4.63,25.28
2005-10-02,33.65,25.65,92.89,99.99,7.03,24.43
2005-10-03,10.45,26.82,86.2,100.16,2.5,24.27
2005-10-04,7.24,27.1,85.32,100.35,1.46,24.36
2005-10-05,3.19,27.46,82.06,100.5,1.05,24.02
2005-10-06,0.55,27.96,80.98,100.53,1.22,24.31
2005-10-07,11.74,28.02,79.82,100.55,1.09,24.14
2005-10-08,7.74,28.22,78.25,100.51,1.34,24.03
2005-10-09,0.98,27.97,81.69,100.54,1.97,24.52
2005-10-10,0.26,27.3,86.61,100.52,2.45,24.85
2005-10-11,6.11,26.79,89.9,100.57,2.24,25.0
2005-10-12,11.09,26.32,90.46,100.56,2.01,24.64
2005-10-13,6.41,26.61,87.61,100.55,1.5,24.37
2005-10-14,4.97,27.2,86.43,100.53,1.83,24.73
2005-10-15,3.98,26.8,87.03,100.61,1.2,24.46
2005-10-16,3.79,26.93,87.72,100.62,1.72,24.71
2005-10-17,10.62,26.61,90.43,100.66,1.89,24.92
2005-10-18,15.15,26.32,90.0,100.56,1.91,24.54
2005-10-19,34.94,25.31,87.97,100.5,3.68,23.16
2005-10-20,17.02,25.86,92.1,100.21,3.31,24.48
2005-10-21,3.19,26.55,89.9,100.33,2.21,24.74
2005-10-22,30.25,26.43,93.17,100.46,3.97,25.26
2005-10-23,12.97,26.13,89.96,100.57,1.97,24.33
2005-10-24,2.28,26.23,87.79,100.69,1.64,24.04
2005-10-25,0.52,26.33,88.38,100.61,3.14,24.23
2005-10-26,0.1,26.34,89.05,100.56,3.95,24.36
2005-10-27,1.01,26.05,91.32,100.54,4.86,24.52
2005-10-28,5.0,25.41,92.7,100.61,3.58,24.14
2005-10-29,1.14,25.77,87.61,100.54,2.52,23.51
2005-10-30,1.44,25.49,91.93,100.47,1.98,24.08
2005-10-31,22.23,25.97,89.43,100.49,3.07,24.08
2005-11-01,10.53,26.07,91.0,100.42,2.37,24.5
2005-11-02,0.71,24.46,87.53,100.65,3.56,22.22
2005-11-03,0.03,23.99,83.4,100.79,2.42,21.0
2005-11-04,0.0,24.53,80.21,100.86,2.45,20.84
2005-11-05,0.0,24.37,77.86,100.9,2.53,20.14
2005-11-06,0.0,23.31,72.07,100.9,2.43,17.86
2005-11-07,0.0,22.13,73.53,100.8,2.45,17.05
2005-11-08,0.0,22.28,76.33,100.81,1.99,17.84
2005-11-09,0.0,23.02,76.29,100.82,2.19,18.51
2005-11-10,0.0,22.21,74.74,100.83,2.53,17.36
2005-11-11,0.0,21.94,73.4,100.82,2.46,16.84
2005-11-12,0.0,21.69,71.29,100.88,1.87,16.03
2005-11-13,0.0,21.35,71.93,100.87,2.12,15.81
2005-11-14,0.0,20.94,70.8,100.85,2.35,15.1
2005-11-15,0.0,20.55,74.93,100.74,2.74,15.74
2005-11-16,0.0,20.7,72.71,100.75,2.18,15.26
2005-11-17,0.0,21.09,71.64,100.85,2.11,15.53
2005-11-18,0.0,21.04,66.89,100.92,1.7,14.23
2005-11-19,0.0,21.2,64.13,101.02,1.49,13.93
2005-11-20,0.0,21.63,67.09,101.04,1.56,15.11
2005-11-21,0.0,21.6,71.43,101.08,1.7,16.12
2005-11-22,0.0,21.94,68.42,101.06,1.38,15.65
2005-11-23,0.0,22.25,63.0,101.06,1.17,14.72
2005-11-24,0.0,22.07,65.03,101.03,1.38,15.08
2005-11-25,0.0,21.6,70.49,101.05,1.82,15.84
2005-11-26,0.0,21.83,73.72,101.01,1.86,16.81
2005-11-27,0.0,20.99,72.36,101.04,2.1,15.68
2005-11-28,0.0,20.27,75.99,101.06,2.75,15.74
2005-11-29,0.0,20.44,75.58,100.97,2.63,15.78
2005-11-30,0.0,21.05,72.58,100.63,2.0,15.8
2005-12-01,0.0,21.03,69.47,100.68,2.08,15.11
2005-12-02,0.0,22.0,71.27,100.9,2.06,16.49
2005-12-03,0.0,22.27,72.26,100.91,1.88,16.85
2005-12-04,0.0,22.22,71.35,100.77,1.89,16.61
2005-12-05,0.0,21.34,67.44,100.8,2.24,14.82
2005-12-06,0.0,19.18,67.1,100.94,2.55,12.6
2005-12-07,0.0,18.49,67.17,100.93,2.57,12.03
2005-12-08,0.0,18.9,68.03,100.84,2.15,12.66
2005-12-09,0.0,19.09,72.76,100.82,2.18,13.9
2005-12-10,0.0,19.65,74.15,100.92,2.24,14.71
2005-12-11,0.0,19.11,74.38,101.01,2.35,14.22
2005-12-12,0.0,18.33,76.28,101.07,2.64,13.8
2005-12-13,0.0,17.53,73.97,101.04,2.75,12.55
2005-12-14,0.0,16.92,68.41,100.97,2.57,10.66
2005-12-15,0.0,17.36,70.39,101.1,2.32,11.71
2005-12-16,0.0,18.06,74.93,101.16,2.47,13.34
2005-12-17,0.0,18.57,81.41,101.11,2.29,15.2
2005-12-18,0.0,20.08,79.56,100.94,2.53,16.25
2005-12-19,0.02,20.83,85.35,100.8,2.71,18.15
2005-12-20,0.06,20.95,84.79,100.87,3.16,18.22
2005-12-21,1.66,19.87,89.59,101.01,3.09,18.08
2005-12-22,2.83,21.12,88.12,100.89,4.69,19.0
2005-12-23,0.01,20.73,85.88,100.73,3.77,18.15
2005-12-24,0.0,21.28,82.0,100.84,2.53,17.88
2005-12-25,0.0,20.16,80.54,100.97,2.42,16.41
2005-12-26,0.0,18.55,67.11,101.15,2.49,11.74
2005-12-27,0.0,18.52,65.18,101.31,1.64,11.63
2005-12-28,0.0,19.41,64.5,101.25,1.19,12.24
2005-12-29,0.0,20.05,62.42,101.19,1.33,12.52
2005-12-30,0.0,20.43,65.93,101.28,1.12,13.49
2005-12-31,0.0,20.06,63.01,101.31,1.3,12.5
2006-01-01,0.0,19.59,64.16,101.28,1.68,12.38
2006-01-02,0.0,19.25,66.27,101.15,1.95,12.55
2006-01-03,0.0,19.94,64.41,101.05,1.35,12.9
2006-01-04,0.0,19.57,66.41,101.0,1.9,12.95
2006-01-05,0.0,19.88,66.26,100.98,1.71,13.19
2006-01-06,0.0,18.71,70.42,101.04,1.87,13.12
2006-01-07,0.0,19.27,66.72,101.07,1.74,12.84
2006-01-08,0.0,19.79,64.07,101.06,1.8,12.65
2006-01-09,0.0,20.09,64.39,101.02,1.61,12.94
2006-01-10,0.0,20.07,68.02,101.05,1.77,13.78
2006-01-11,0.0,20.07,64.19,100.97,1.24,12.82
2006-01-12,0.0,20.27,64.21,100.98,1.46,13.01
2006-01-13,0.0,20.38,65.39,100.91,1.22,13.2
2006-01-14,0.0,20.87,70.18,100.9,1.45,14.82
2006-01-15,0.0,20.57,67.09,100.97,1.67,13.56
2006-01-16,0.0,20.8,64.03,100.97,1.59,13.26
2006-01-17,0.0,21.19,66.91,100.93,1.61,14.21
2006-01-18,0.0,22.15,68.42,100.85,1.88,15.58
2006-01-19,0.0,22.16,67.42,100.83,2.33,15.3
2006-01-20,0.0,22.53,66.6,100.94,2.13,15.55
2006-01-21,0.0,22.55,67.03,101.02,1.79,15.66
2006-01-22,0.0,22.73,67.33,100.91,1.75,15.77
2006-01-23,0.0,22.64,77.72,100.86,1.82,18.37
2006-01-24,0.0,23.58,81.03,100.98,2.04,19.97
2006-01-25,0.0,21.01,63.7,101.31,2.85,13.29
2006-01-26,0.0,19.35,54.14,101.43,1.92,9.3
2006-01-27,0.0,18.25,55.34,101.32,2.51,8.62
2006-01-28,0.0,19.37,54.18,101.15,1.98,9.39
2006-01-29,0.0,20.31,54.23,101.1,1.53,10.2
2006-01-30,0.0,20.72,57.2,101.17,1.42,11.26
2006-01-31,0.0,21.68,63.43,101.28,1.36,13.84
2006-02-01,0.0,21.94,71.96,101.25,1.34,15.98
2006-02-02,0.0,22.46,70.88,101.21,1.26,15.98
2006-02-03,0.0,22.67,64.35,101.22,1.62,14.58
2006-02-04,0.0,22.55,60.16,101.24,2.18,13.42
2006-02-05,0.0,22.44,54.3,101.15,1.72,11.83
2006-02-06,0.0,22.02,57.34,101.1,1.48,12.41
2006-02-07,0.0,22.11,64.61,101.06,1.4,14.53
2006-02-08,0.0,22.77,67.2,101.21,1.57,15.57
2006-02-09,0.0,22.67,70.56,101.29,1.7,16.33
2006-02-10,0.0,23.41,62.46,101.15,1.45,14.63
2006-02-11,0.0,23.37,55.38,101.03,1.55,12.74
2006-02-12,0.0,24.18,59.86,101.03,1.12,15.41
2006-02-13,0.0,23.75,64.94,100.9,2.23,15.72
2006-02-14,0.0,24.45,64.44,100.69,2.29,15.9
2006-02-15,0.0,25.32,69.98,100.56,2.55,17.99
2006-02-16,0.0,25.89,72.6,100.51,4.21,19.64
2006-02-17,0.0,26.13,66.38,100.63,2.47,17.95
2006-02-18,0.0,26.15,69.7,100.76,2.19,18.62
2006-02-19,0.0,26.16,69.57,100.64,1.95,18.83
2006-02-20,0.0,26.47,62.25,100.64,1.98,17.14
2006-02-21,0.0,26.31,57.93,100.59,1.87,15.61
2006-02-22,0.0,26.78,56.51,100.56,2.05,15.04
2006-02-23,0.0,26.77,59.47,100.56,2.11,16.41
2006-02-24,0.0,27.48,53.75,100.46,2.07,15.02
2006-02-25,0.0,27.14,52.93,100.49,1.99,14.37
2006-02-26,0.0,27.12,49.91,100.47,2.15,13.18
2006-02-27,0.0,27.3,54.28,100.38,2.65,15.02
2006-02-28,0.0,27.39,58.42,100.45,3.38,16.88
2006-03-01,0.0,27.23,74.91,100.52,3.3,21.6
2006-03-02,0.14,26.73,71.15,100.67,2.62,19.85
2006-03-03,0.14,26.75,62.3,100.8,2.13,17.54
2006-03-04,1.83,26.79,70.03,100.75,2.96,20.38
2006-03-05,4.3,26.35,75.49,100.78,2.1,21.49
2006-03-06,0.41,27.35,68.8,100.79,2.43,20.51
2006-03-07,0.36,28.21,64.73,100.76,2.58,20.28
2006-03-08,0.03,28.37,64.82,100.85,2.64,20.26
2006-03-09,0.01,27.74,63.66,100.93,1.89,19.43
2006-03-10,0.03,26.64,63.13,100.75,1.77,18.48
2006-03-11,4.51,25.8,66.85,100.62,2.51,18.5
2006-03-12,1.89,26.76,61.39,100.52,1.75,18.29
2006-03-13,0.0,27.68,58.66,100.57,2.14,18.1
2006-03-14,0.01,27.77,63.67,100.68,2.85,19.57
2006-03-15,0.67,27.58,67.21,100.69,4.02,20.53
2006-03-16,0.88,27.91,66.01,100.55,2.71,20.52
2006-03-17,0.1,28.51,57.41,100.52,1.73,18.39
2006-03-18,0.01,28.63,50.0,100.62,2.37,15.35
2006-03-19,0.0,28.16,56.05,100.67,1.73,16.9
2006-03-20,0.0,28.15,50.62,100.58,2.15,14.43
2006-03-21,0.0,29.29,51.99,100.34,2.73,15.93
2006-03-22,0.0,30.03,58.71,100.14,4.14,19.84
2006-03-23,0.0,29.6,50.81,100.18,2.02,15.9
2006-03-24,0.0,29.72,50.49,100.25,2.28,14.66
2006-03-25,0.0,30.2,52.37,100.3,2.66,16.92
2006-03-26,0.0,31.05,53.53,100.28,2.95,18.27
2006-03-27,0.01,31.57,54.09,100.18,3.11,19.14
2006-03-28,6.04,30.6,65.19,100.4,3.35,22.47
2006-03-29,3.6,29.8,65.05,100.55,2.51,21.61
2006-03-30,0.0,30.23,57.34,100.56,3.56,19.65
2006-03-31,0.0,30.05,58.45,100.49,3.19,19.21
2006-04-01,0.0,29.7,62.06,100.38,3.69,19.5
2006-04-02,0.0,29.67,67.88,100.35,4.98,22.08
2006-04-03,0.4,30.04,67.02,100.22,5.5,22.35
2006-04-04,0.1,30.93,65.36,100.12,5.4,22.47
2006-04-05,0.0,30.61,65.92,100.18,4.39,22.3
2006-04-06,0.0,30.09,71.51,100.27,4.11,23.59
2006-04-07,0.0,30.27,70.01,100.24,4.3,23.34
2006-04-08,0.0,29.94,72.06,100.12,5.91,23.79
2006-04-09,0.0,30.3,70.84,100.12,6.46,23.84
2006-04-10,0.0,30.86,66.99,100.16,6.32,23.24
2006-04-11,0.01,31.78,61.85,100.01,5.64,22.36
2006-04-12,0.01,31.82,63.6,99.92,5.36,23.19
2006-04-13,0.01,31.93,59.42,100.02,5.14,22.31
2006-04-14,1.0,30.58,66.9,100.29,3.92,23.23
2006-04-15,1.08,30.85,63.48,100.33,3.31,22.17
2006-04-16,0.57,30.16,66.88,100.25,2.81,22.97
2006-04-17,4.51,27.42,64.63,100.52,2.09,19.89
2006-04-18,0.92,28.91,61.93,100.39,3.11,20.35
2006-04-19,0.24,30.53,59.62,100.5,3.07,20.8
2006-04-20,0.26,30.48,58.92,100.62,2.25,20.27
2006-04-21,0.0,30.58,55.72,100.46,3.9,19.4
2006-04-22,0.41,31.39,53.26,100.2,4.3,18.97
2006-04-23,0.06,31.62,60.29,100.14,4.26,21.72
2006-04-24,0.0,32.47,58.04,100.05,4.0,21.2
2006-04-25,0.01,32.39,61.51,100.01,4.17,22.49
2006-04-26,0.05,31.95,65.11,99.99,4.72,23.66
2006-04-27,3.17,31.43,63.29,100.04,4.44,22.82
2006-04-28,2.78,30.76,64.1,100.03,3.07,22.42
2006-04-29,0.07,31.56,58.28,99.94,2.9,21.53
2006-04-30,0.0,32.09,60.39,99.93,3.53,22.88
2006-05-01,0.0,32.19,63.35,100.13,3.57,23.72
2006-05-02,0.01,31.8,62.42,100.27,4.4,23.13
2006-05-03,0.15,30.71,66.5,100.34,4.59,23.31
2006-05-04,0.03,31.39,61.58,100.35,4.25,22.65
2006-05-05,0.16,30.78,69.12,100.4,4.62,24.25
2006-05-06,0.04,31.78,66.41,100.15,5.8,24.24
2006-05-07,2.86,31.73,69.04,99.92,6.65,24.83
2006-05-08,2.1,31.6,69.14,99.97,5.97,24.73
2006-05-09,7.05,32.54,64.25,99.88,5.03,23.66
2006-05-10,29.76,31.06,71.5,99.84,4.71,24.83
2006-05-11,0.06,31.77,69.71,99.89,4.69,25.09
2006-05-12,0.89,30.84,75.27,100.03,5.49,25.75
2006-05-13,2.05,30.12,81.12,100.12,5.33,26.39
2006-05-14,0.49,31.11,72.77,100.02,5.49,25.22
2006-05-15,16.42,30.96,76.87,99.92,2.82,26.18
2006-05-16,23.46,29.75,73.75,100.14,1.73,24.22
2006-05-17,0.06,29.86,68.64,100.27,2.5,23.14
2006-05-18,0.0,30.39,63.35,100.15,2.58,22.13
2006-05-19,1.52,30.2,66.23,99.98,3.98,22.81
2006-05-20,3.34,30.65,67.81,99.83,3.53,23.67
2006-05-21,1.19,32.06,62.73,99.77,2.37,23.47
2006-05-22,0.02,32.1,63.56,99.78,3.19,23.81
2006-05-23,0.61,30.04,74.16,99.76,2.06,24.84
2006-05-24,1.69,28.98,80.09,99.68,1.98,25.17
2006-05-25,0.1,29.78,70.54,99.62,1.76,23.63
2006-05-26,0.03,29.17,76.09,99.83,2.71,24.45
2006-05-27,0.04,29.29,78.39,99.89,3.04,25.07
2006-05-28,0.34,29.34,81.55,99.72,4.24,25.83
2006-05-29,0.07,30.17,77.83,99.51,4.81,25.68
2006-05-30,0.08,30.36,78.81,99.53,6.05,26.12
2006-05-31,0.1,30.04,78.48,99.79,5.48,25.8
2006-06-01,8.05,29.9,81.38,99.87,4.26,26.25
2006-06-02,4.54,29.08,82.67,99.82,3.23,25.76
2006-06-03,85.62,28.72,84.75,99.73,2.7,25.86
2006-06-04,27.37,27.95,87.99,99.71,3.59,25.76
2006-06-05,25.6,27.67,89.34,99.58,3.99,25.75
2006-06-06,7.45,27.99,85.08,99.63,3.91,25.22
2006-06-07,1.61,29.0,81.41,99.65,3.91,25.38
2006-06-08,0.35,29.55,80.37,99.67,4.73,25.64
2006-06-09,0.42,29.09,82.76,99.71,5.2,25.77
2006-06-10,0.02,28.51,83.63,99.83,5.08,25.41
2006-06-11,0.0,28.43,81.67,99.87,4.89,24.89
2006-06-12,0.29,30.12,81.09,99.75,3.28,26.28
2006-06-13,0.11,29.35,87.38,99.82,3.15,26.98
2006-06-14,0.0,29.8,83.89,99.87,3.15,26.67
2006-06-15,1.49,29.84,84.98,99.95,2.5,26.94
2006-06-16,0.61,29.5,83.42,99.97,3.21,26.26
2006-06-17,0.4,29.8,79.42,99.97,2.2,25.58
2006-06-18,2.98,29.95,81.58,99.88,1.63,26.27
2006-06-19,0.8,30.44,75.88,99.78,1.75,25.45
2006-06-20,10.95,28.18,86.4,99.84,2.4,25.64
2006-06-21,5.72,27.99,85.18,99.7,2.18,25.21
2006-06-22,8.19,28.51,85.24,99.56,3.4,25.71
2006-06-23,11.5,28.42,87.49,99.68,2.55,26.12
2006-06-24,2.81,28.52,84.3,99.92,2.69,25.57
2006-06-25,11.34,28.5,86.33,99.97,2.36,25.98
2006-06-26,4.2,28.61,85.6,99.9,2.1,25.91
2006-06-27,0.5,28.85,85.5,99.74,1.89,26.14
2006-06-28,0.63,29.49,82.21,99.64,1.51,26.05
2006-06-29,0.3,28.96,84.98,99.52,1.77,26.15
2006-06-30,15.82,28.28,88.1,99.33,4.23,26.12
2006-07-01,50.56,28.06,88.76,99.3,4.76,26.04
2006-07-02,100.74,27.79,90.36,98.71,7.68,26.08
2006-07-03,25.79,28.78,84.72,98.47,9.57,25.92
2006-07-04,2.25,28.79,83.16,99.23,7.86,25.6
2006-07-05,0.26,29.13,84.89,99.67,6.13,26.27
2006-07-06,0.0,29.47,82.61,99.77,4.1,26.08
2006-07-07,0.03,29.36,84.63,99.62,3.15,26.43
2006-07-08,1.63,29.37,83.57,99.5,3.88,26.2
2006-07-09,1.09,28.4,88.86,99.53,3.87,26.36
2006-07-10,0.31,28.82,87.14,99.62,3.91,26.42
2006-07-11,0.15,29.09,84.97,99.55,3.15,26.23
2006-07-12,0.96,28.87,85.66,99.51,2.56,26.16
2006-07-13,1.04,28.55,87.38,99.47,2.87,26.2
2006-07-14,2.43,28.08,88.4,99.44,2.97,25.96
2006-07-15,4.64,28.38,85.43,99.29,4.35,25.66
2006-07-16,8.77,28.73,82.02,99.23,3.86,25.24
2006-07-17,1.68,28.52,81.37,99.21,3.7,24.91
2006-07-18,1.54,28.32,85.27,99.45,4.07,25.54
2006-07-19,3.15,28.61,84.11,99.67,3.83,25.57
2006-07-20,38.22,27.89,90.39,99.72,4.45,26.18
2006-07-21,21.15,27.53,88.93,99.66,5.41,25.54
2006-07-22,3.45,27.79,87.11,99.97,4.63,25.42
2006-07-23,0.29,27.91,87.01,100.01,3.38,25.51
2006-07-24,7.54,28.51,85.14,99.98,2.56,25.7
2006-07-25,4.59,28.83,86.48,99.82,1.72,26.28
2006-07-26,35.6,28.23,89.17,99.81,2.0,26.25
2006-07-27,27.2,27.57,88.27,99.55,3.88,25.43
2006-07-28,5.44,26.67,87.1,99.37,4.22,24.34
2006-07-29,6.52,27.31,86.84,99.34,4.71,24.9
2006-07-30,3.04,27.46,90.47,99.61,4.25,25.77
2006-07-31,11.47,27.49,89.26,99.76,2.86,25.54
2006-08-01,25.07,26.81,91.34,99.43,5.92,25.28
2006-08-02,33.38,27.61,91.03,98.93,4.36,26.01
2006-08-03,16.64,27.68,89.97,98.56,6.84,25.88
2006-08-04,8.93,27.19,85.05,99.23,9.77,24.45
2006-08-05,4.94,27.48,85.1,99.98,5.97,24.73
2006-08-06,2.17,27.59,87.91,100.17,4.84,25.37
2006-08-07,3.85,27.98,86.3,100.06,3.78,25.4
2006-08-08,2.15,28.22,87.28,99.92,3.42,25.85
2006-08-09,2.24,28.12,88.4,99.71,2.84,25.99
2006-08-10,2.37,27.82,89.06,99.49,2.89,25.84
2006-08-11,54.06,27.53,89.18,99.47,3.23,25.58
2006-08-12,71.14,27.42,92.05,99.15,4.89,26.03
2006-08-13,15.87,28.27,90.12,99.32,5.52,26.49
2006-08-14,7.12,27.88,90.61,99.47,3.95,26.2
2006-08-15,15.76,27.64,92.21,99.14,4.13,26.27
2006-08-16,74.98,27.73,90.54,98.72,6.59,26.04
2006-08-17,6.12,28.28,88.91,98.93,5.81,26.25
2006-08-18,5.8,28.05,91.58,99.7,4.53,26.56
2006-08-19,8.98,27.96,90.35,99.99,2.67,26.23
2006-08-20,15.67,27.57,89.16,99.99,2.73,25.61
2006-08-21,21.72,27.51,88.35,99.82,3.51,25.39
2006-08-22,6.62,27.41,89.64,99.65,5.02,25.54
2006-08-23,9.68,27.95,89.08,99.66,5.09,25.95
2006-08-24,1.2,27.56,90.07,99.88,4.92,25.77
2006-08-25,0.12,28.3,87.04,99.93,3.92,25.87
2006-08-26,1.44,27.98,87.61,99.76,3.77,25.7
2006-08-27,2.33,26.91,90.01,99.62,4.49,25.14
2006-08-28,68.1,26.67,91.56,99.53,3.85,25.19
2006-08-29,108.4,26.96,89.77,99.46,4.13,25.13
2006-08-30,11.44,27.45,89.46,99.75,5.12,25.56
2006-08-31,0.01,27.58,86.51,100.01,3.06,25.05
2006-09-01,0.05,28.31,84.76,100.06,1.56,25.42
2006-09-02,0.64,27.84,84.68,100.16,1.8,24.96
2006-09-03,15.75,27.01,88.91,100.05,2.33,25.02
2006-09-04,98.1,26.85,90.55,99.68,3.92,25.18
2006-09-05,21.76,27.78,88.16,99.97,5.24,25.64
2006-09-06,1.79,27.8,88.34,100.16,3.27,25.69
2006-09-07,0.0,27.85,86.53,100.24,3.09,25.37
2006-09-08,5.43,28.24,86.47,100.24,2.53,25.72
2006-09-09,33.82,28.31,87.12,100.31,2.53,25.93
2006-09-10,15.95,28.0,87.51,100.3,2.62,25.71
2006-09-11,0.71,27.71,87.95,100.14,2.38,25.5
2006-09-12,0.45,27.9,88.44,100.12,2.59,25.81
2006-09-13,0.1,27.7,88.3,100.28,1.56,25.58
2006-09-14,1.54,27.84,86.51,100.17,1.84,25.36
2006-09-15,8.13,27.56,90.51,100.1,2.79,25.88
2006-09-16,2.98,27.63,89.5,100.1,3.29,25.75
2006-09-17,7.07,27.7,87.57,100.02,2.41,25.44
2006-09-18,3.65,27.49,88.32,99.91,1.94,25.38
2006-09-19,7.34,27.0,91.7,99.58,3.61,25.54
2006-09-20,15.54,27.22,92.44,99.36,4.72,25.91
2006-09-21,12.93,27.39,90.58,99.62,5.55,25.72
2006-09-22,12.62,27.52,88.99,99.67,5.21,25.53
2006-09-23,9.94,27.57,88.76,99.91,4.4,25.54
2006-09-24,10.73,27.87,87.47,100.07,2.88,25.56
2006-09-25,2.42,27.5,84.43,100.21,1.72,24.58
2006-09-26,0.0,27.06,80.37,100.09,1.86,23.29
2006-09-27,0.0,27.71,84.47,99.92,2.19,24.8
2006-09-28,16.35,27.38,87.43,100.04,2.29,25.1
2006-09-29,19.86,26.77,91.06,99.82,5.64,25.2
2006-09-30,3.96,27.49,88.45,100.09,3.36,25.41
2006-10-01,2.74,27.63,85.01,100.27,1.57,24.84
2006-10-02,0.24,27.76,82.72,100.24,1.62,24.47
2006-10-03,8.13,28.15,84.12,100.25,2.13,25.1
2006-10-04,43.97,28.1,86.82,100.19,2.01,25.67
2006-10-05,10.95,28.72,82.74,100.07,1.88,25.44
2006-10-06,0.0,28.56,81.47,100.07,2.05,24.94
2006-10-07,0.0,28.34,80.41,100.15,2.17,24.46
2006-10-08,0.0,27.42,74.88,100.37,2.11,22.34
2006-10-09,0.0,27.19,70.86,100.48,2.12,21.28
2006-10-10,0.01,27.62,71.66,100.54,1.7,21.83
2006-10-11,0.0,28.26,74.5,100.63,1.67,23.16
2006-10-12,0.0,28.02,70.38,100.69,1.75,21.79
2006-10-13,0.0,28.35,66.06,100.84,1.15,21.32
2006-10-14,0.0,28.09,70.29,100.85,1.37,22.08
2006-10-15,0.0,28.03,71.58,100.77,1.47,22.32
2006-10-16,0.54,27.78,75.34,100.81,1.18,22.96
2006-10-17,0.21,27.52,78.95,100.85,1.03,23.51
2006-10-18,0.51,26.7,79.98,100.85,0.92,22.93
2006-10-19,3.09,26.48,76.73,100.82,1.16,22.01
2006-10-20,1.26,26.85,74.53,100.94,1.52,21.89
2006-10-21,0.23,27.06,71.25,100.98,1.17,21.37
2006-10-22,0.0,26.73,74.43,100.96,1.48,21.77
2006-10-23,0.0,25.96,74.71,100.97,2.04,21.03
2006-10-24,0.0,25.5,75.47,100.99,2.1,20.78
2006-10-25,0.0,24.81,77.72,101.08,2.53,20.57
2006-10-26,0.03,24.76,79.26,101.06,2.34,20.83
2006-10-27,0.12,25.3,84.3,101.07,2.41,22.39
2006-10-28,1.17,24.81,83.67,101.03,1.97,21.81
2006-10-29,0.77,25.21,82.7,100.87,2.27,21.98
2006-10-30,0.94,25.09,85.56,100.92,2.29,22.48
2006-10-31,0.75,25.11,84.15,100.94,2.5,22.2
2006-11-01,1.05,25.09,87.37,100.87,2.74,22.8
2006-11-02,0.04,24.96,88.34,100.85,2.41,22.89
2006-11-03,0.76,25.79,83.93,100.86,1.83,22.82
2006-11-04,0.18,26.23,81.06,100.87,1.56,22.67
2006-11-05,0.12,26.32,77.18,100.9,1.39,21.94
2006-11-06,1.27,26.12,79.06,100.86,1.34,22.17
2006-11-07,0.76,24.67,86.3,100.85,1.51,22.23
2006-11-08,1.97,24.15,87.08,101.01,2.02,21.86
2006-11-09,3.57,23.43,90.25,101.17,2.07,21.75
2006-11-10,3.78,23.11,88.28,101.21,2.02,21.07
2006-11-11,0.24,23.76,84.88,101.12,2.75,20.98
2006-11-12,0.0,23.89,79.43,101.05,2.44,19.98
2006-11-13,0.0,23.27,79.58,100.98,2.0,19.46
2006-11-14,0.0,24.24,77.35,101.01,1.65,19.95
2006-11-15,0.0,24.1,78.44,101.04,1.95,20.0
2006-11-16,0.0,24.15,76.29,100.96,1.88,19.6
2006-11-17,0.0,23.57,74.1,100.86,1.75,18.57
2006-11-18,0.0,23.79,70.17,100.89,1.53,17.86
2006-11-19,0.0,23.15,67.98,100.86,1.73,16.69
2006-11-20,0.0,22.94,66.21,100.81,1.68,16.02
2006-11-21,0.0,22.48,70.04,100.79,1.86,16.55
2006-11-22,0.0,22.95,67.6,100.77,1.52,16.42
2006-11-23,0.0,23.53,69.64,100.75,1.46,17.47
2006-11-24,0.0,23.74,75.41,100.83,1.34,18.82
2006-11-25,0.08,24.11,76.41,100.85,1.32,19.31
2006-11-26,0.09,24.25,77.33,100.76,1.75,19.85
2006-11-27,0.0,24.43,75.26,100.79,1.31,19.63
2006-11-28,0.0,24.41,76.65,100.88,1.07,19.98
2006-11-29,0.0,23.57,79.95,101.03,1.87,19.75
2006-11-30,0.0,22.22,78.45,101.05,1.48,18.03
2006-12-01,0.0,22.47,75.44,101.04,2.03,17.78
2006-12-02,0.0,21.85,65.19,101.04,1.99,14.63
2006-12-03,0.0,21.06,63.88,101.17,1.57,13.67
2006-12-04,0.0,21.12,63.79,101.23,1.58,13.76
2006-12-05,0.0,20.75,64.84,101.21,1.51,13.69
2006-12-06,0.0,21.43,66.91,101.13,1.53,14.86
2006-12-07,0.0,22.38,69.15,101.06,1.68,16.23
2006-12-08,0.0,23.22,64.96,101.14,1.11,16.05
2006-12-09,0.0,23.4,64.82,101.17,1.06,16.21
2006-12-10,0.0,23.14,67.59,101.17,1.03,16.59
2006-12-11,0.0,23.21,68.45,101.01,1.55,16.76
2006-12-12,0.0,22.59,72.94,101.0,2.09,17.14
2006-12-13,0.0,21.53,76.77,101.17,2.44,17.0
2006-12-14,0.0,20.56,66.77,101.24,1.88,13.69
2006-12-15,0.0,19.73,59.5,101.12,2.14,11.16
2006-12-16,0.0,19.85,59.84,101.23,1.85,11.48
2006-12-17,0.0,19.52,65.32,101.16,1.94,12.56
2006-12-18,0.0,20.45,61.93,101.09,1.32,12.65
2006-12-19,0.0,20.86,71.78,101.2,2.12,15.39
2006-12-20,0.0,21.08,80.38,101.31,2.51,17.33
2006-12-21,0.0,21.74,80.42,101.24,2.08,17.99
2006-12-22,0.0,22.28,72.3,101.08,1.19,16.82
2006-12-23,0.0,21.88,70.96,101.12,1.62,16.19
2006-12-24,0.0,21.0,70.05,101.12,2.27,15.01
2006-12-25,0.0,20.66,66.26,101.08,1.38,13.93
2006-12-26,0.0,20.82,63.73,101.0,1.15,13.4
2006-12-27,0.0,21.24,69.67,100.97,1.46,15.03
2006-12-28,0.0,21.91,72.47,101.07,1.35,16.33
2006-12-29,0.0,22.05,75.76,101.21,1.17,17.34
2006-12-30,0.0,20.98,63.15,101.19,1.22,13.04
2006-12-31,0.0,19.91,59.01,101.2,1.5,11.18
2007-01-01,0.0,20.37,55.22,101.15,1.27,10.72
2007-01-02,0.0,20.76,61.82,101.16,2.09,12.72
2007-01-03,0.0,19.62,65.53,101.14,2.2,12.24
2007-01-04,0.0,19.53,61.73,101.09,1.74,11.45
2007-01-05,0.0,20.17,56.84,101.13,1.62,10.79
2007-01-06,0.0,18.79,61.85,101.24,2.81,10.64
2007-01-07,0.0,19.25,58.58,101.23,2.33,10.16
2007-01-08,0.0,20.01,62.81,101.25,2.22,12.04
2007-01-09,0.0,20.37,62.91,101.35,1.52,12.42
2007-01-10,0.0,20.98,59.05,101.3,1.44,12.19
2007-01-11,0.0,21.05,59.24,101.15,1.29,12.27
2007-01-12,0.0,21.28,69.29,101.21,1.4,15.16
2007-01-13,0.0,21.77,69.09,101.15,1.24,15.45
2007-01-14,0.0,21.59,72.05,101.07,1.68,15.83
2007-01-15,0.0,22.13,77.57,101.02,1.76,17.69
2007-01-16,0.31,22.75,78.65,100.96,2.17,18.49
2007-01-17,0.08,23.43,80.27,101.1,1.7,19.55
2007-01-18,0.1,22.55,70.54,101.25,2.38,16.46
2007-01-19,0.0,21.58,57.52,101.18,1.6,11.88
2007-01-20,0.0,21.85,47.11,101.08,1.68,9.17
2007-01-21,0.0,22.34,66.83,101.1,1.37,15.18
2007-01-22,0.0,22.95,73.65,101.13,1.91,17.02
2007-01-23,0.0,23.06,73.79,101.31,1.94,17.67
2007-01-24,0.0,21.84,64.77,101.33,2.3,14.16
2007-01-25,0.0,21.21,61.44,101.24,2.01,12.89
2007-01-26,0.0,22.81,65.31,101.14,1.13,15.49
2007-01-27,0.0,23.38,71.23,101.2,1.45,17.14
2007-01-28,0.0,24.05,65.98,101.27,1.4,16.53
2007-01-29,0.0,24.09,63.49,101.17,1.48,15.76
2007-01-30,0.0,23.64,65.65,101.18,1.99,15.96
2007-01-31,0.0,24.15,64.0,101.17,2.48,15.79
2007-02-01,0.0,24.0,64.73,101.16,1.99,16.16
2007-02-02,9.37,23.9,73.8,101.21,1.43,18.64
2007-02-03,5.89,24.08,74.4,101.17,2.58,18.86
2007-02-04,0.0,24.66,71.28,100.9,4.11,18.56
2007-02-05,0.29,25.12,71.42,100.75,3.77,19.16
2007-02-06,0.09,25.46,71.93,100.77,2.81,19.44
2007-02-07,1.63,25.3,74.63,100.84,3.24,19.94
2007-02-08,0.5,25.13,74.13,100.97,4.37,19.92
2007-02-09,0.0,24.92,70.77,101.12,2.98,18.84
2007-02-10,0.0,24.28,71.24,101.11,2.58,18.23
2007-02-11,0.0,24.0,69.09,101.07,2.48,17.36
2007-02-12,0.12,23.95,71.2,100.91,3.25,17.92
2007-02-13,44.41,24.34,80.47,100.56,4.63,20.64
2007-02-14,10.98,23.91,70.63,100.72,3.17,17.66
2007-02-15,0.0,21.21,65.26,101.0,2.85,13.93
2007-02-16,0.0,22.82,71.32,100.86,3.06,17.17
2007-02-17,2.25,23.16,74.79,100.9,2.12,18.27
2007-02-18,0.1,22.92,71.87,101.04,2.07,17.23
2007-02-19,0.0,23.46,65.78,101.04,1.87,15.84
2007-02-20,0.0,23.46,52.08,101.07,1.52,11.68
2007-02-21,0.0,23.62,49.12,100.98,1.37,11.28
2007-02-22,0.0,23.35,52.76,100.82,1.19,11.99
2007-02-23,0.0,24.11,61.79,100.68,1.73,15.27
2007-02-24,0.0,25.25,63.35,100.73,1.63,16.69
2007-02-25,0.0,25.32,60.41,100.65,2.27,16.11
2007-02-26,0.0,25.52,65.6,100.57,2.22,17.71
2007-02-27,0.0,25.47,67.97,100.69,2.26,18.37
2007-02-28,0.0,25.41,69.05,100.74,2.51,18.71
2007-03-01,0.07,25.61,69.53,100.57,4.52,19.04
2007-03-02,0.04,26.7,69.81,100.53,3.81,19.93
2007-03-03,0.31,25.71,67.7,100.76,3.15,18.49
2007-03-04,0.01,25.24,70.95,100.89,2.74,18.98
2007-03-05,0.0,26.14,65.53,100.87,1.51,18.07
2007-03-06,0.0,25.89,62.95,100.71,1.9,16.55
2007-03-07,0.0,26.04,65.65,100.56,1.58,17.8
2007-03-08,0.0,26.51,69.64,100.57,2.6,19.72
2007-03-09,0.1,26.82,71.41,100.68,3.36,20.91
2007-03-10,0.08,26.84,71.18,100.78,3.86,20.99
2007-03-11,0.0,27.61,68.75,100.76,3.23,20.87
2007-03-12,0.04,27.34,64.03,100.87,2.88,19.27
2007-03-13,0.02,26.97,62.07,100.86,2.28,18.14
2007-03-14,0.0,26.82,61.68,100.72,2.84,17.65
2007-03-15,0.15,27.88,62.6,100.57,2.06,19.31
2007-03-16,0.0,27.39,44.78,100.67,2.16,12.22
2007-03-17,0.0,26.25,46.31,100.71,1.67,12.2
2007-03-18,0.0,27.44,61.09,100.47,1.88,18.09
2007-03-19,0.0,28.31,69.25,100.48,2.43,21.18
2007-03-20,0.0,28.77,70.95,100.59,2.55,22.11
2007-03-21,0.0,28.49,71.6,100.65,3.07,22.19
2007-03-22,0.23,28.98,67.2,100.7,3.92,21.74
2007-03-23,0.0,29.84,66.56,100.55,3.5,22.03
2007-03-24,0.0,30.13,67.07,100.53,2.51,22.6
2007-03-25,0.0,30.63,64.82,100.36,1.92,22.13
2007-03-26,0.0,30.06,66.32,100.39,2.19,21.73
2007-03-27,0.0,29.89,62.03,100.56,1.71,19.81
2007-03-28,0.0,29.19,66.18,100.66,2.79,21.16
2007-03-29,0.0,29.15,62.49,100.59,3.13,20.14
2007-03-30,0.0,28.69,60.91,100.63,3.77,19.25
2007-03-31,0.0,28.42,63.7,100.65,4.01,19.68
2007-04-01,0.0,29.7,59.97,100.47,3.83,19.61
2007-04-02,0.0,30.61,61.05,100.21,3.23,20.34
2007-04-03,0.0,30.39,67.13,100.15,4.4,22.34
2007-04-04,0.0,29.9,67.99,100.3,4.1,22.41
2007-04-05,0.0,29.85,63.67,100.44,4.61,20.47
2007-04-06,0.0,29.75,63.67,100.45,5.34,20.38
2007-04-07,0.0,30.25,62.68,100.37,5.36,20.8
2007-04-08,0.17,30.11,63.76,100.3,6.33,21.6
2007-04-09,0.08,30.02,65.53,100.32,5.77,22.09
2007-04-10,0.03,30.0,66.95,100.33,6.46,22.44
2007-04-11,0.05,30.57,64.09,100.19,5.47,21.48
2007-04-12,0.02,30.73,63.54,100.12,5.23,21.4
2007-04-13,22.8,28.84,75.32,100.35,4.77,23.71
2007-04-14,6.02,29.14,70.96,100.47,4.13,22.63
2007-04-15,0.0,28.11,71.91,100.52,3.93,22.26
2007-04-16,0.01,28.88,67.88,100.51,4.34,21.88
2007-04-17,0.0,28.99,69.09,100.43,4.43,22.07
2007-04-18,0.0,29.34,68.55,100.52,3.38,22.29
2007-04-19,0.0,30.04,63.73,100.49,3.14,21.37
2007-04-20,0.08,30.27,65.55,100.43,4.38,22.52
2007-04-21,2.35,30.92,65.17,100.25,4.68,22.98
2007-04-22,1.29,32.12,62.33,100.18,4.49,22.73
2007-04-23,0.0,32.5,60.71,100.06,4.55,22.61
2007-04-24,0.04,32.1,63.97,100.02,5.34,23.28
2007-04-25,0.04,31.83,62.95,100.13,4.92,22.71
2007-04-26,0.02,31.29,65.03,100.26,5.68,22.87
2007-04-27,0.06,31.19,68.02,100.22,6.61,23.67
2007-04-28,0.22,31.52,66.67,100.12,4.92,23.54
2007-04-29,0.3,30.84,70.58,100.25,4.85,24.21
2007-04-30,0.77,30.79,68.16,100.4,3.88,23.83
2007-05-01,0.25,31.25,63.15,100.42,3.54,22.35
2007-05-02,0.24,30.54,64.89,100.28,4.49,22.33
2007-05-03,0.22,30.76,62.64,100.05,4.05,22.11
2007-05-04,0.11,31.09,58.92,100.07,4.04,21.32
2007-05-05,0.0,31.27,58.68,100.09,3.92,21.36
2007-05-06,0.02,31.54,61.56,99.97,4.45,22.75
2007-05-07,18.81,30.39,73.79,99.85,4.47,24.97
2007-05-08,12.31,31.45,69.26,99.77,2.48,24.46
2007-05-09,14.61,30.67,73.21,99.85,2.81,25.0
2007-05-10,1.94,31.72,65.81,99.84,2.28,23.86
2007-05-11,0.0,31.74,63.33,99.78,2.41,23.36
2007-05-12,0.08,31.22,65.99,99.9,2.55,23.77
2007-05-13,0.04,32.2,59.63,99.82,1.72,22.61
2007-05-14,0.1,33.13,56.48,99.56,2.29,22.3
2007-05-15,0.54,33.36,59.32,99.49,2.58,23.53
2007-05-16,0.68,32.06,67.98,99.79,2.72,25.02
2007-05-17,5.04,30.75,72.89,99.87,2.43,25.15
2007-05-18,2.66,31.18,70.53,99.82,2.39,24.84
2007-05-19,0.68,31.0,73.98,99.84,3.45,25.65
2007-05-20,0.37,32.07,69.22,99.6,4.17,25.29
2007-05-21,0.47,33.45,62.29,99.49,3.54,24.22
2007-05-22,9.78,32.85,64.72,99.59,4.84,24.76
2007-05-23,3.88,30.48,70.27,99.9,4.65,24.19
2007-05-24,0.06,31.95,66.95,99.76,5.05,24.48
2007-05-25,0.0,32.33,65.69,99.77,4.73,24.35
2007-05-26,0.03,31.41,71.25,99.89,5.57,25.19
2007-05-27,0.15,31.6,72.57,99.92,5.5,25.68
2007-05-28,5.9,31.69,70.88,99.91,5.0,25.41
2007-05-29,5.7,31.46,72.59,99.97,3.03,25.51
2007-05-30,0.0,31.75,69.76,100.05,3.35,25.16
2007-05-31,0.01,31.4,71.69,100.05,3.6,25.41
2007-06-01,4.75,31.27,72.12,99.94,4.99,25.46
2007-06-02,2.07,31.53,72.87,99.76,4.64,25.74
2007-06-03,0.0,32.3,69.21,99.75,5.19,25.38
2007-06-04,22.72,30.3,84.63,99.83,5.07,27.36
2007-06-05,9.83,30.47,79.65,99.82,4.64,26.41
2007-06-06,0.07,30.6,75.54,99.71,3.98,25.54
2007-06-07,0.21,31.11,76.72,99.61,5.35,26.35
2007-06-08,4.69,30.18,81.32,99.69,6.08,26.59
2007-06-09,2.06,29.8,81.15,99.75,5.16,26.12
2007-06-10,0.53,29.76,81.13,99.59,4.92,26.09
2007-06-11,0.15,30.68,74.93,99.53,3.44,25.55
2007-06-12,5.53,29.6,82.78,99.51,4.23,26.3
2007-06-13,4.92,29.49,83.31,99.61,4.27,26.29
2007-06-14,2.33,29.2,82.6,99.73,3.95,25.85
2007-06-15,0.99,29.12,79.85,99.78,4.54,25.19
2007-06-16,0.02,30.11,76.76,99.69,4.72,25.3
2007-06-17,3.77,30.47,76.29,99.65,4.08,25.6
2007-06-18,2.53,30.38,76.47,99.62,2.34,25.59
2007-06-19,0.55,30.62,75.99,99.55,1.86,25.7
2007-06-20,0.94,30.77,74.05,99.45,2.78,25.36
2007-06-21,7.19,29.82,81.58,99.28,6.83,26.25
2007-06-22,10.92,29.37,81.67,99.51,5.66,25.86
2007-06-23,11.16,28.84,84.33,99.92,5.06,25.93
2007-06-24,19.27,28.58,83.37,100.06,3.4,25.43
2007-06-25,10.38,28.69,84.95,99.78,2.61,25.86
2007-06-26,1.31,28.64,82.93,99.27,3.3,25.4
2007-06-27,7.86,29.4,83.58,99.12,4.7,26.19
2007-06-28,22.99,28.51,87.77,98.51,7.1,26.27
2007-06-29,10.51,28.98,84.17,98.34,8.41,26.0
2007-06-30,0.73,29.3,80.41,99.38,7.76,25.5
2007-07-01,16.15,29.03,82.35,99.55,5.47,25.64
2007-07-02,16.94,28.17,88.78,99.61,4.39,26.14
2007-07-03,8.63,28.96,85.81,99.55,3.36,26.28
2007-07-04,3.52,28.3,86.8,99.46,4.72,25.85
2007-07-05,5.97,28.51,83.89,99.4,4.35,25.43
2007-07-06,10.9,28.45,84.85,99.09,6.3,25.58
2007-07-07,2.45,28.19,83.2,99.25,6.73,24.99
2007-07-08,0.64,28.71,81.6,99.62,4.05,25.14
2007-07-09,0.06,29.46,75.82,99.68,3.12,24.42
2007-07-10,0.07,29.43,78.39,99.55,3.12,25.06
2007-07-11,0.66,29.54,81.08,99.56,3.86,25.81
2007-07-12,6.56,29.27,83.98,99.46,3.47,26.22
2007-07-13,2.27,29.48,82.63,99.32,2.91,26.09
2007-07-14,3.53,28.97,82.91,99.2,3.52,25.69
2007-07-15,5.17,28.44,87.01,99.18,3.58,26.02
2007-07-16,3.13,28.99,85.18,99.2,4.53,26.16
2007-07-17,10.87,28.84,86.08,99.6,4.98,26.22
2007-07-18,8.58,29.41,85.76,99.69,3.2,26.69
2007-07-19,24.94,28.66,88.48,99.84,3.55,26.55
2007-07-20,21.05,28.35,91.49,99.83,4.53,26.84
2007-07-21,0.64,28.14,86.44,99.87,4.22,25.63
2007-07-22,43.23,27.88,86.63,99.9,3.62,25.4
2007-07-23,9.92,27.16,88.61,100.05,3.73,25.1
2007-07-24,1.0,26.97,87.86,100.19,3.94,24.78
2007-07-25,0.48,27.34,87.59,100.14,3.22,25.08
2007-07-26,0.74,27.81,87.35,100.12,3.71,25.48
2007-07-27,0.7,27.7,87.49,100.02,3.42,25.4
2007-07-28,1.88,27.47,88.1,100.0,2.83,25.31
2007-07-29,0.62,27.81,84.76,100.04,2.19,24.93
2007-07-30,1.84,28.27,84.39,100.13,2.33,25.29
2007-07-31,1.01,28.29,84.21,100.06,2.54,25.3
2007-08-01,0.37,27.91,87.76,99.91,2.18,25.68
2007-08-02,0.24,28.52,81.77,99.78,1.14,24.97
2007-08-03,0.52,28.37,83.19,99.71,2.35,25.15
2007-08-04,77.48,27.45,89.0,99.51,3.31,25.48
2007-08-05,146.26,27.51,90.83,99.2,2.92,25.88
2007-08-06,61.45,27.52,90.34,98.76,8.93,25.81
2007-08-07,4.06,28.33,86.02,99.37,6.82,25.73
2007-08-08,0.5,28.28,86.27,99.52,4.33,25.72
2007-08-09,0.87,28.28,87.55,99.5,3.53,25.98
2007-08-10,13.38,28.27,87.15,99.43,2.2,25.91
2007-08-11,9.76,28.1,87.99,99.35,2.93,25.9
2007-08-12,9.0,27.59,87.42,99.41,4.34,25.29
2007-08-13,4.22,27.37,88.79,99.47,4.63,25.35
2007-08-14,0.12,28.15,85.33,99.72,3.42,25.39
2007-08-15,0.05,28.35,84.64,99.8,3.17,25.45
2007-08-16,0.33,28.15,85.15,99.74,3.16,25.36
2007-08-17,2.43,27.52,87.49,99.75,3.51,25.24
2007-08-18,4.66,26.71,88.8,99.74,4.24,24.7
2007-08-19,5.23,26.57,86.49,99.62,4.27,24.1
2007-08-20,8.94,27.79,84.39,99.85,2.37,24.8
2007-08-21,1.19,28.07,83.59,99.92,1.9,24.92
2007-08-22,0.22,28.18,84.91,99.92,1.78,25.35
2007-08-23,13.67,28.01,88.1,99.95,2.79,25.85
2007-08-24,10.73,27.66,87.24,100.04,2.64,25.33
2007-08-25,3.36,27.72,87.38,100.06,2.35,25.41
2007-08-26,2.87,27.83,87.69,100.0,3.63,25.59
2007-08-27,5.59,27.63,87.92,99.99,3.9,25.45
2007-08-28,1.77,28.07,86.17,99.99,2.52,25.48
2007-08-29,0.19,28.15,87.28,99.95,2.61,25.82
2007-08-30,0.17,28.24,86.97,99.85,1.64,25.83
2007-08-31,6.07,28.48,86.05,99.74,1.41,25.86
2007-09-01,20.03,27.92,89.4,99.67,1.71,26.02
2007-09-02,16.5,28.34,87.29,99.62,3.27,25.99
2007-09-03,5.24,28.53,85.76,99.69,4.98,25.88
2007-09-04,3.33,28.39,87.83,99.59,4.37,26.16
2007-09-05,67.31,28.36,91.21,99.46,3.67,26.8
2007-09-06,24.67,28.19,90.13,99.51,5.28,26.41
2007-09-07,3.39,27.97,88.65,99.78,4.34,25.91
2007-09-08,16.12,28.46,87.98,99.95,2.73,26.24
2007-09-09,9.78,28.13,89.95,100.07,3.1,26.31
2007-09-10,0.07,27.87,89.21,100.14,2.76,25.92
2007-09-11,6.75,27.61,87.01,100.12,2.06,25.21
2007-09-12,6.31,28.04,83.54,99.99,2.06,24.89
2007-09-13,9.45,27.59,88.25,99.9,2.88,25.47
2007-09-14,19.55,27.16,91.01,99.78,2.53,25.57
2007-09-15,20.85,28.04,88.38,99.67,2.15,25.92
2007-09-16,5.17,28.26,87.27,99.75,2.01,25.91
2007-09-17,2.62,28.03,88.93,99.92,2.35,26.03
2007-09-18,21.7,27.58,89.82,99.92,3.04,25.76
2007-09-19,15.66,27.22,91.39,99.76,3.11,25.7
2007-09-20,19.38,26.91,92.63,99.65,4.72,25.62
2007-09-21,44.67,27.06,93.69,99.43,5.86,25.97
2007-09-22,98.98,27.62,91.96,98.71,8.2,26.22
2007-09-23,30.0,27.53,89.31,98.97,8.14,25.63
2007-09-24,2.74,27.9,90.75,99.44,6.54,26.26
2007-09-25,6.44,27.7,92.04,99.95,4.29,26.3
2007-09-26,34.01,27.49,93.47,100.16,3.37,26.36
2007-09-27,25.02,26.95,90.21,100.16,2.74,25.22
2007-09-28,5.65,26.52,89.57,100.11,3.44,24.67
2007-09-29,0.36,27.76,86.22,100.2,2.25,25.15
2007-09-30,4.32,27.7,86.84,100.16,1.52,25.24
2007-10-01,4.34,27.49,86.46,100.01,1.29,25.0
2007-10-02,13.63,27.78,85.62,99.94,1.59,25.13
2007-10-03,7.48,27.54,87.41,99.93,1.82,25.26
2007-10-04,20.59,27.4,90.84,99.97,2.72,25.78
2007-10-05,13.79,27.09,91.26,99.89,3.08,25.55
2007-10-06,3.18,27.12,88.7,99.78,1.7,25.09
2007-10-07,0.45,27.57,86.89,99.73,1.39,25.18
2007-10-08,0.0,26.17,75.38,99.98,2.56,21.21
2007-10-09,0.0,27.04,67.53,100.19,1.61,20.19
2007-10-10,0.0,26.37,68.02,100.32,1.23,19.83
2007-10-11,0.0,26.1,72.46,100.51,1.65,20.64
2007-10-12,0.0,25.4,72.79,100.63,2.22,20.01
2007-10-13,0.0,26.1,72.22,100.62,1.88,20.51
2007-10-14,0.19,26.44,76.14,100.56,1.81,21.83
2007-10-15,0.3,26.91,78.55,100.49,2.11,22.75
2007-10-16,0.0,27.26,72.28,100.6,1.4,21.64
2007-10-17,0.39,26.12,81.44,100.7,1.41,22.64
2007-10-18,3.85,25.83,85.0,100.73,1.39,23.05
2007-10-19,1.59,26.35,86.14,100.81,1.37,23.85
2007-10-20,0.0,25.88,86.98,100.72,1.64,23.52
2007-10-21,0.15,26.19,79.99,100.69,1.72,22.38
2007-10-22,0.04,26.03,71.55,100.71,1.84,20.31
2007-10-23,0.0,24.57,70.59,100.75,2.04,18.8
2007-10-24,0.0,24.14,74.82,100.85,2.41,19.32
2007-10-25,0.0,24.04,77.45,100.83,2.7,19.73
2007-10-26,0.0,24.1,78.04,100.75,2.4,19.93
2007-10-27,0.0,24.06,79.76,100.64,2.05,20.25
2007-10-28,0.0,23.94,78.16,100.48,1.94,19.81
2007-10-29,0.12,23.66,82.77,100.43,2.79,20.45
2007-10-30,6.05,25.68,88.51,100.44,4.95,23.59
2007-10-31,25.3,26.62,88.97,100.59,2.93,24.63
2007-11-01,5.48,27.14,81.65,100.68,1.22,23.62
2007-11-02,3.83,26.83,81.99,100.54,1.25,23.38
2007-11-03,0.43,26.98,80.72,100.49,1.26,23.28
2007-11-04,0.69,25.94,83.67,100.7,1.56,22.94
2007-11-05,0.01,24.69,75.7,100.68,1.83,19.98
2007-11-06,0.0,25.26,73.02,100.6,1.69,19.95
2007-11-07,0.0,26.04,75.96,100.61,1.36,21.44
2007-11-08,0.0,25.53,80.22,100.59,1.9,21.81
2007-11-09,0.0,25.48,77.61,100.62,1.77,21.2
2007-11-10,0.0,25.16,78.61,100.63,2.06,21.07
2007-11-11,0.0,24.45,78.15,100.76,2.29,20.27
2007-11-12,0.0,23.61,70.14,100.78,2.56,17.55
2007-11-13,0.0,22.36,70.3,100.68,2.81,16.53
2007-11-14,0.0,21.24,77.89,100.57,3.82,17.04
2007-11-15,0.0,21.68,83.37,100.47,4.92,18.6
2007-11-16,0.0,23.08,78.84,100.83,2.1,18.93
2007-11-17,0.0,23.12,79.41,100.84,1.89,19.29
2007-11-18,0.0,23.24,80.27,100.93,2.13,19.53
2007-11-19,0.0,23.28,78.59,101.15,2.4,19.21
2007-11-20,0.0,22.71,74.8,101.16,2.12,17.88
2007-11-21,0.0,21.65,69.16,101.06,2.24,15.5
2007-11-22,0.0,20.77,69.31,101.07,2.56,14.74
2007-11-23,0.0,20.26,76.66,100.98,2.84,15.83
2007-11-24,0.0,20.57,79.72,100.99,2.68,16.7
2007-11-25,0.0,21.53,84.76,101.07,2.81,18.67
2007-11-26,0.0,22.47,82.02,101.17,2.16,19.08
2007-11-27,0.0,23.51,76.08,101.03,0.94,18.85
2007-11-28,0.0,21.7,74.53,100.87,1.96,16.75
2007-11-29,0.0,21.68,77.72,100.97,1.68,17.4
2007-11-30,0.0,23.07,71.69,101.13,1.38,17.48
2007-12-01,0.0,22.8,68.84,101.18,1.25,16.5
2007-12-02,0.0,22.39,63.26,101.17,1.19,14.96
2007-12-03,0.0,22.23,64.17,101.21,1.45,15.05
2007-12-04,0.0,21.3,69.4,101.26,2.04,15.38
2007-12-05,0.0,20.25,75.34,101.47,3.02,15.57
2007-12-06,0.0,19.94,75.74,101.43,2.59,15.35
2007-12-07,0.0,20.29,74.67,101.19,2.39,15.43
2007-12-08,0.0,20.66,71.0,101.03,1.56,15.04
2007-12-09,0.0,20.81,77.15,101.0,1.75,16.52
2007-12-10,0.0,21.81,71.3,100.97,1.57,16.19
2007-12-11,0.0,21.61,69.82,100.93,1.47,15.72
2007-12-12,0.0,21.58,69.1,100.88,1.64,15.46
2007-12-13,0.0,21.01,73.31,100.86,1.97,15.88
2007-12-14,0.0,21.5,79.06,100.82,2.17,17.56
2007-12-15,0.0,21.89,80.1,100.88,2.75,18.18
2007-12-16,0.0,21.16,75.9,101.09,3.34,16.59
2007-12-17,0.0,20.03,72.83,101.19,3.1,14.67
2007-12-18,0.0,18.14,65.48,101.21,3.21,11.09
2007-12-19,0.0,19.15,63.53,101.13,2.72,11.72
2007-12-20,0.0,20.41,66.01,101.1,1.97,13.64
2007-12-21,0.0,19.62,71.89,101.13,2.42,14.12
2007-12-22,0.0,18.95,72.63,101.01,2.87,13.38
2007-12-23,0.0,18.64,70.18,100.85,2.76,12.57
2007-12-24,0.0,17.56,70.83,100.76,2.52,11.78
2007-12-25,0.0,18.91,71.77,100.77,1.96,13.47
2007-12-26,0.0,19.92,74.81,100.94,1.74,14.99
2007-12-27,0.0,20.9,70.53,100.96,1.29,15.03
2007-12-28,0.0,20.62,70.55,100.73,1.5,14.76
2007-12-29,0.0,20.36,71.12,100.75,1.77,14.59
2007-12-30,0.0,19.66,70.52,100.91,2.11,13.72
2007-12-31,0.0,18.77,61.53,100.98,2.51,10.56
2008-01-01,0.0,18.24,59.27,101.1,2.39,9.46
2008-01-02,0.0,17.99,59.2,101.21,2.57,9.39
2008-01-03,0.0,18.52,64.27,101.27,2.43,11.02
2008-01-04,0.0,19.58,67.86,101.3,2.04,13.04
2008-01-05,0.0,20.5,66.05,101.28,1.72,13.52
2008-01-06,0.0,20.61,70.5,101.31,1.45,14.78
2008-01-07,0.0,20.28,66.84,101.28,1.81,13.34
2008-01-08,0.0,20.22,59.91,101.22,1.8,11.56
2008-01-09,0.0,20.41,63.11,101.11,2.01,12.57
2008-01-10,0.0,20.8,62.81,101.0,1.58,12.85
2008-01-11,0.0,21.74,63.73,100.97,2.15,14.11
2008-01-12,0.0,21.53,66.48,101.0,2.02,14.63
2008-01-13,0.0,21.48,73.04,101.04,2.15,16.0
2008-01-14,0.0,20.99,67.0,101.01,1.8,13.76
2008-01-15,0.0,19.95,63.95,101.11,1.91,12.22
2008-01-16,0.0,19.86,62.06,101.22,1.78,11.75
2008-01-17,0.0,20.05,60.89,101.17,1.71,11.57
2008-01-18,0.0,21.13,64.85,100.87,1.63,13.8
2008-01-19,0.0,21.74,76.73,100.71,2.66,16.97
2008-01-20,0.0,22.63,75.33,100.7,2.29,17.38
2008-01-21,0.0,22.58,76.7,100.72,1.55,17.77
2008-01-22,0.0,22.35,78.86,100.74,2.02,18.19
2008-01-23,0.0,22.57,78.21,100.68,2.34,18.27
2008-01-24,0.14,22.84,77.65,100.64,2.66,18.47
2008-01-25,11.46,23.1,78.53,100.58,2.55,19.03
2008-01-26,16.87,21.98,84.91,100.47,3.85,19.24
2008-01-27,2.53,19.02,75.63,100.85,3.14,14.4
2008-01-28,0.0,18.32,58.43,101.0,2.43,9.21
2008-01-29,0.0,19.34,56.57,100.77,1.61,10.01
2008-01-30,3.59,22.45,79.62,100.49,3.77,18.49
2008-01-31,1.26,21.6,73.15,100.6,2.19,16.15
2008-02-01,0.36,19.89,71.48,100.86,3.26,14.01
2008-02-02,0.0,19.89,65.66,100.92,2.01,12.8
2008-02-03,0.0,20.77,69.24,100.81,1.9,14.65
2008-02-04,0.85,21.65,73.48,100.82,2.15,16.52
2008-02-05,0.07,23.21,70.21,100.85,2.31,17.29
2008-02-06,0.03,23.48,66.2,100.81,2.16,16.42
2008-02-07,0.0,23.59,68.22,100.71,2.16,16.84
2008-02-08,1.11,24.07,81.01,100.66,2.52,20.32
2008-02-09,20.31,23.13,88.81,100.65,2.76,21.14
2008-02-10,5.31,21.62,83.32,100.84,1.8,18.64
2008-02-11,0.2,21.94,73.86,100.97,2.37,16.7
2008-02-12,0.94,21.98,72.96,100.96,1.78,16.57
2008-02-13,0.12,21.52,72.97,101.05,2.55,15.95
2008-02-14,0.0,22.05,71.95,101.18,1.8,15.97
2008-02-15,0.0,22.41,63.42,101.2,1.01,14.19
2008-02-16,0.0,21.91,55.41,101.07,1.94,10.81
2008-02-17,0.0,22.07,57.77,100.91,2.1,11.91
2008-02-18,0.0,23.14,63.41,100.85,2.12,13.87
2008-02-19,0.0,24.61,79.4,100.83,3.83,20.44
2008-02-20,14.12,24.2,75.94,100.87,2.61,19.16
2008-02-21,4.79,21.74,69.31,101.1,3.03,15.08
2008-02-22,0.0,22.33,65.19,101.12,2.01,14.71
2008-02-23,0.0,23.42,61.39,100.99,1.56,15.14
2008-02-24,0.0,24.15,66.33,100.79,2.08,16.95
2008-02-25,0.0,25.0,69.59,100.59,2.93,18.33
2008-02-26,0.0,24.98,68.95,100.7,2.3,17.83
2008-02-27,0.0,25.06,74.99,101.0,1.82,19.69
2008-02-28,0.0,25.0,71.94,100.98,1.49,18.96
2008-02-29,0.0,25.02,72.9,100.79,1.97,19.35
2008-03-01,0.0,25.67,65.23,100.58,2.2,17.0
2008-03-02,0.0,25.72,63.12,100.63,2.0,16.52
2008-03-03,0.0,25.67,71.07,100.71,2.71,19.31
2008-03-04,0.0,26.14,69.43,100.56,3.47,19.16
2008-03-05,0.0,26.4,63.93,100.64,3.42,17.58
2008-03-06,0.0,26.81,59.72,100.7,2.01,16.45
2008-03-07,0.0,26.76,63.34,100.82,1.85,17.97
2008-03-08,0.0,27.29,61.66,100.68,1.89,18.01
2008-03-09,0.0,27.75,59.08,100.64,2.05,17.83
2008-03-10,0.0,27.84,57.89,100.7,1.65,17.78
2008-03-11,0.0,26.78,59.51,100.68,2.07,17.54
2008-03-12,0.0,26.94,60.9,100.59,2.06,18.01
2008-03-13,0.0,27.63,62.1,100.56,2.44,18.56
2008-03-14,0.0,27.61,60.86,100.65,2.14,18.16
2008-03-15,0.0,27.59,58.99,100.56,2.76,17.57
2008-03-16,0.0,27.36,65.47,100.5,2.88,19.09
2008-03-17,0.0,28.22,66.72,100.38,2.1,19.91
2008-03-18,0.03,28.83,63.71,100.26,2.71,19.49
2008-03-19,0.34,29.03,67.66,100.24,4.37,21.44
2008-03-20,0.31,29.7,65.99,100.18,3.28,22.0
2008-03-21,0.05,29.84,63.03,100.27,3.89,21.24
2008-03-22,1.1,30.74,58.34,100.28,2.99,20.65
2008-03-23,4.21,27.82,68.82,100.47,1.76,21.43
2008-03-24,2.15,25.68,75.44,100.6,1.88,20.84
2008-03-25,0.52,26.36,78.09,100.52,2.48,22.17
2008-03-26,0.31,27.79,75.68,100.4,1.94,22.68
2008-03-27,0.03,29.63,65.26,100.21,2.3,21.13
2008-03-28,1.17,29.79,63.69,100.23,2.85,20.68
2008-03-29,1.12,29.59,67.85,100.39,3.32,21.93
2008-03-30,0.83,29.26,67.17,100.37,4.08,21.83
2008-03-31,0.98,29.78,62.38,100.27,2.92,20.95
2008-04-01,0.79,29.12,60.56,100.4,2.75,20.2
2008-04-02,0.0,29.38,64.81,100.47,3.24,21.18
2008-04-03,0.6,29.75,64.66,100.44,3.7,21.58
2008-04-04,28.25,28.17,76.34,100.41,3.57,23.43
2008-04-05,12.42,27.33,78.38,100.74,2.86,23.07
2008-04-06,0.51,28.31,66.66,100.88,1.24,21.0
2008-04-07,0.06,29.18,61.84,100.67,2.01,20.18
2008-04-08,0.0,29.6,56.5,100.47,1.94,18.62
2008-04-09,0.0,28.73,58.13,100.4,2.65,18.34
2008-04-10,0.0,28.5,54.2,100.33,2.11,17.13
2008-04-11,0.0,30.45,51.74,100.11,2.17,16.97
2008-04-12,0.0,30.85,58.84,100.1,2.76,19.85
2008-04-13,0.1,30.5,65.01,100.08,4.55,21.87
2008-04-14,0.11,29.94,68.34,100.09,6.01,22.93
2008-04-15,0.0,30.35,68.32,100.17,5.68,23.33
2008-04-16,0.0,31.0,67.85,100.14,4.95,23.52
2008-04-17,0.0,31.73,63.78,99.95,4.14,22.27
2008-04-18,0.0,32.25,61.46,99.85,3.59,21.83
2008-04-19,0.0,32.39,60.09,99.95,2.49,21.75
2008-04-20,0.0,31.83,64.54,100.01,2.49,22.67
2008-04-21,0.0,31.68,65.12,99.99,2.48,22.17
2008-04-22,0.0,31.34,65.94,100.07,3.21,22.64
2008-04-23,0.0,30.46,69.71,100.3,4.2,23.61
2008-04-24,0.0,30.1,65.82,100.33,4.86,22.01
2008-04-25,0.01,30.23,63.61,100.35,5.03,21.43
2008-04-26,0.0,30.04,65.63,100.25,4.87,21.99
2008-04-27,0.0,30.18,66.45,99.89,5.53,22.46
2008-04-28,0.0,30.24,70.6,99.77,4.95,23.8
2008-04-29,0.0,30.05,70.29,99.84,3.67,23.69
2008-04-30,0.05,30.34,70.25,100.0,3.3,23.8
2008-05-01,0.0,31.03,64.86,99.83,3.35,22.73
2008-05-02,0.18,32.45,62.54,99.47,2.54,22.89
2008-05-03,0.05,33.95,43.95,99.43,3.28,16.61
2008-05-04,0.04,33.43,53.37,99.58,2.94,19.66
2008-05-05,0.24,32.91,61.8,99.66,4.34,23.25
2008-05-06,18.01,30.83,74.3,99.73,4.05,25.5
2008-05-07,23.63,29.96,72.62,99.93,3.84,24.12
2008-05-08,1.58,29.97,73.27,99.96,4.57,24.4
2008-05-09,0.32,30.45,73.0,99.94,3.7,24.71
2008-05-10,0.0,31.47,67.65,99.87,3.5,24.19
2008-05-11,0.15,31.26,68.94,99.84,3.71,24.35
2008-05-12,0.24,30.85,69.98,99.92,3.62,24.47
2008-05-13,0.02,31.27,63.12,99.98,4.34,22.86
2008-05-14,0.0,31.63,65.58,99.88,3.32,23.73
2008-05-15,8.7,30.79,74.71,99.81,3.96,25.54
2008-05-16,2.84,31.06,72.97,99.74,3.56,25.14
2008-05-17,0.25,32.99,63.48,99.49,3.23,23.9
2008-05-18,0.2,33.33,62.67,99.41,3.81,23.74
2008-05-19,2.48,32.68,67.43,99.65,4.03,25.17
2008-05-20,0.48,33.09,62.47,99.74,5.0,23.93
2008-05-21,0.29,31.96,67.83,99.77,5.81,24.84
2008-05-22,3.45,32.11,66.28,99.77,4.75,24.63
2008-05-23,6.92,30.54,73.41,99.93,4.7,25.04
2008-05-24,0.82,31.58,65.33,99.8,5.31,23.8
2008-05-25,14.77,29.6,75.95,99.81,3.83,24.71
2008-05-26,18.34,29.77,79.77,99.88,3.94,25.8
2008-05-27,0.72,30.21,74.65,99.95,3.6,24.94
2008-05-28,0.06,30.93,70.4,99.72,4.63,24.37
2008-05-29,0.18,31.12,72.07,99.65,4.78,25.19
2008-05-30,0.02,32.14,60.58,99.81,5.48,23.06
2008-05-31,18.26,29.82,80.93,99.85,4.76,26.16
2008-06-01,7.17,29.69,76.46,99.86,4.22,24.84
2008-06-02,0.0,30.45,72.63,99.9,4.87,24.68
2008-06-03,0.27,29.76,77.57,100.04,4.1,25.27
2008-06-04,0.12,30.41,74.3,100.07,4.38,25.07
2008-06-05,26.36,29.15,83.4,99.8,3.96,26.0
2008-06-06,23.67,29.59,81.56,99.54,4.05,25.96
2008-06-07,10.07,28.35,85.61,99.65,3.64,25.68
2008-06-08,4.9,28.28,85.62,99.75,2.32,25.59
2008-06-09,19.85,27.88,84.34,99.84,1.96,24.92
2008-06-10,17.78,28.23,86.37,99.77,1.87,25.69
2008-06-11,5.31,28.38,84.57,99.71,1.83,25.46
2008-06-12,0.76,29.01,81.65,99.62,2.34,25.44
2008-06-13,1.44,29.31,81.64,99.47,3.47,25.74
2008-06-14,16.61,28.69,80.65,99.39,4.04,24.94
2008-06-15,18.21,27.4,84.26,99.38,4.37,24.47
2008-06-16,39.38,27.02,87.81,99.41,4.45,24.82
2008-06-17,12.88,26.89,82.32,99.45,5.56,23.52
2008-06-18,10.05,27.05,82.61,99.54,5.05,23.75
2008-06-19,0.23,27.72,85.98,99.72,4.67,25.07
2008-06-20,0.01,29.15,82.85,99.8,3.33,25.74
2008-06-21,15.36,28.78,86.49,99.73,3.82,26.22
2008-06-22,7.33,27.56,84.89,99.73,3.87,24.75
2008-06-23,32.78,27.84,86.47,99.48,4.12,25.32
2008-06-24,19.69,27.94,89.32,99.25,5.23,26.01
2008-06-25,18.55,28.4,87.39,99.26,5.62,26.07
2008-06-26,10.13,28.84,85.4,99.4,5.51,26.07
2008-06-27,17.89,28.45,87.63,99.32,3.83,26.16
2008-06-28,22.21,28.07,88.55,99.23,5.08,25.98
2008-06-29,2.16,27.97,86.25,99.58,4.35,25.4
2008-06-30,1.77,28.31,86.61,99.68,5.07,25.82
2008-07-01,1.75,28.03,89.52,99.78,4.78,26.14
2008-07-02,5.02,28.28,88.6,99.85,3.85,26.19
2008-07-03,17.26,27.97,89.17,99.86,4.94,26.01
2008-07-04,4.32,28.34,86.11,99.85,5.05,25.72
2008-07-05,4.64,28.47,86.26,99.74,5.28,25.89
2008-07-06,9.38,27.97,88.61,99.69,4.41,25.89
2008-07-07,4.98,27.4,88.02,99.5,3.64,25.22
2008-07-08,11.74,28.08,83.8,99.28,3.7,25.02
2008-07-09,4.98,27.98,85.54,99.5,3.58,25.28
2008-07-10,7.77,27.78,89.07,99.76,3.4,25.79
2008-07-11,5.15,27.96,87.57,99.76,3.5,25.65
2008-07-12,0.9,28.25,85.53,99.68,2.96,25.52
2008-07-13,8.98,27.87,87.93,99.83,2.79,25.67
2008-07-14,8.42,28.12,86.15,100.02,2.06,25.55
2008-07-15,30.67,27.77,91.2,99.9,3.38,26.21
2008-07-16,25.13,27.88,89.44,99.68,4.04,25.96
2008-07-17,4.68,27.85,85.94,99.65,2.59,25.22
2008-07-18,3.32,28.07,86.94,99.69,1.96,25.65
2008-07-19,1.87,27.5,89.5,99.68,2.28,25.61
2008-07-20,0.46,27.59,90.41,99.84,3.05,25.88
2008-07-21,0.72,28.11,88.04,99.92,3.45,25.91
2008-07-22,0.65,28.12,87.8,99.81,4.34,25.87
2008-07-23,10.56,27.98,88.66,99.77,4.27,25.91
2008-07-24,6.79,27.81,88.98,99.66,3.35,25.8
2008-07-25,1.8,27.9,88.12,99.45,2.78,25.72
2008-07-26,3.85,27.72,88.79,99.35,2.49,25.69
2008-07-27,30.78,27.61,88.33,99.2,2.45,25.48
2008-07-28,10.84,27.81,89.81,99.02,4.09,25.98
2008-07-29,4.17,28.13,86.92,99.16,5.06,25.71
2008-07-30,10.79,27.63,89.28,99.35,4.29,25.69
2008-07-31,5.42,28.45,88.03,99.45,3.47,26.23
2008-08-01,0.23,27.93,88.29,99.59,2.09,25.79
2008-08-02,15.26,28.32,85.57,99.61,1.14,25.63
2008-08-03,7.2,28.51,87.91,99.45,2.45,26.28
2008-08-04,5.17,28.67,87.48,99.45,3.54,26.34
2008-08-05,4.53,28.43,87.49,99.52,4.26,26.12
2008-08-06,2.99,28.28,89.26,99.41,4.1,26.32
2008-08-07,19.67,28.72,90.47,99.18,1.98,26.99
2008-08-08,23.35,28.09,87.63,99.06,2.97,25.82
2008-08-09,24.63,27.77,90.2,98.8,2.97,26.02
2008-08-10,83.38,28.63,89.53,98.75,3.88,26.71
2008-08-11,16.19,27.79,88.74,99.26,5.75,25.73
2008-08-12,0.33,28.15,88.04,99.66,4.59,25.94
2008-08-13,0.46,27.82,90.35,99.82,3.74,26.09
2008-08-14,7.6,27.96,89.88,99.75,3.27,26.12
2008-08-15,2.0,28.16,87.0,99.63,2.37,25.74
2008-08-16,17.13,27.85,88.85,99.72,4.01,25.81
2008-08-17,9.11,28.08,87.76,99.9,4.0,25.82
2008-08-18,1.07,27.78,88.87,99.93,3.76,25.75
2008-08-19,7.19,28.08,86.42,100.0,3.14,25.54
2008-08-20,13.48,27.0,89.09,99.98,3.01,25.04
2008-08-21,39.53,27.66,87.9,99.79,3.1,25.44
2008-08-22,15.27,27.85,84.6,99.81,2.59,24.97
2008-08-23,15.66,28.14,84.9,99.87,1.98,25.28
2008-08-24,15.81,27.63,87.83,99.97,2.73,25.39
2008-08-25,6.17,27.79,87.95,100.09,3.9,25.59
2008-08-26,3.58,28.13,86.89,100.17,4.92,25.72
2008-08-27,1.01,28.24,86.31,100.12,4.48,25.71
2008-08-28,0.05,27.77,88.84,100.05,4.59,25.76
2008-08-29,2.18,27.99,89.7,100.01,4.17,26.13
2008-08-30,1.52,27.82,86.77,100.14,3.14,25.37
2008-08-31,0.71,27.71,88.95,100.26,2.79,25.72
2008-09-01,0.45,27.82,87.06,100.28,3.32,25.45
2008-09-02,1.75,27.64,86.93,100.28,2.84,25.25
2008-09-03,8.73,27.26,91.1,100.25,3.15,25.69
2008-09-04,12.54,27.37,88.72,100.26,3.17,25.34
2008-09-05,10.27,27.27,87.76,100.21,2.5,25.04
2008-09-06,8.98,27.32,86.52,100.18,1.7,24.84
2008-09-07,4.64,28.01,84.66,100.09,1.37,25.1
2008-09-08,1.6,27.66,86.76,99.96,1.92,25.23
2008-09-09,11.27,27.26,91.17,99.87,3.34,25.7
2008-09-10,27.8,27.8,89.67,99.79,3.75,25.94
2008-09-11,12.92,27.57,91.35,99.83,3.85,26.04
2008-09-12,2.39,27.52,89.67,99.84,3.18,25.67
2008-09-13,11.68,27.17,89.73,99.89,3.85,25.35
2008-09-14,11.32,27.51,87.59,99.95,3.24,25.24
2008-09-15,22.4,26.94,90.32,99.85,2.98,25.23
2008-09-16,81.58,27.03,91.91,99.14,6.98,25.62
2008-09-17,58.97,27.1,89.26,99.3,7.03,25.18
2008-09-18,20.35,27.54,90.62,99.76,5.11,25.88
2008-09-19,8.0,27.85,88.87,100.07,3.32,25.82
2008-09-20,27.92,27.05,90.26,100.29,2.78,25.32
2008-09-21,72.83,27.33,87.45,100.14,3.11,25.03
2008-09-22,20.73,26.88,90.01,100.04,2.79,25.1
2008-09-23,2.37,26.54,91.11,100.02,2.31,24.98
2008-09-24,59.31,27.04,88.04,100.06,2.41,24.86
2008-09-25,5.51,26.88,87.11,100.07,3.7,24.52
2008-09-26,0.0,26.71,86.07,100.02,3.59,24.12
2008-09-27,0.0,27.23,84.05,100.08,3.21,24.21
2008-09-28,0.0,26.8,86.53,100.18,2.27,24.34
2008-09-29,0.0,27.58,80.72,100.25,2.34,23.84
2008-09-30,0.3,27.93,77.69,100.28,1.3,23.53
2008-10-01,0.03,28.18,80.08,100.29,1.48,24.31
2008-10-02,2.16,27.5,84.1,100.36,1.68,24.54
2008-10-03,1.7,27.34,83.13,100.54,2.2,24.18
2008-10-04,0.7,27.26,83.72,100.51,2.48,24.22
2008-10-05,0.01,27.74,85.34,100.46,2.44,25.02
2008-10-06,2.97,27.52,86.89,100.44,1.64,25.12
2008-10-07,1.37,27.33,86.4,100.42,2.17,24.83
2008-10-08,0.03,27.64,85.31,100.38,1.84,24.93
2008-10-09,15.32,27.65,81.34,100.6,0.87,24.11
2008-10-10,2.08,27.68,81.69,100.76,1.4,24.24
2008-10-11,0.0,27.85,79.64,100.84,1.64,23.95
2008-10-12,0.0,28.17,71.97,100.75,1.29,22.56
2008-10-13,0.0,28.03,67.63,100.61,0.93,21.38
2008-10-14,0.0,27.81,70.74,100.68,1.19,21.97
2008-10-15,0.0,27.62,74.73,100.76,1.85,22.69
2008-10-16,0.0,27.06,80.57,100.71,2.61,23.37
2008-10-17,0.0,27.08,79.92,100.61,2.34,23.21
2008-10-18,0.0,27.33,79.23,100.62,2.12,23.34
2008-10-19,0.0,27.31,79.63,100.63,2.1,23.41
2008-10-20,0.0,26.93,79.81,100.54,2.62,23.11
2008-10-21,0.0,26.06,77.72,100.56,2.95,21.77
2008-10-22,0.38,25.77,79.85,100.55,2.98,21.94
2008-10-23,0.55,24.99,88.12,100.54,3.55,22.86
2008-10-24,2.25,24.77,89.14,100.45,4.98,22.83
2008-10-25,5.76,25.29,91.3,100.21,5.36,23.76
2008-10-26,0.65,24.76,84.94,100.04,5.75,21.95
2008-10-27,0.0,24.01,78.56,100.33,2.79,19.89
2008-10-28,0.0,25.74,65.42,100.66,0.82,18.62
2008-10-29,0.0,25.46,68.85,100.63,1.21,19.26
2008-10-30,0.0,25.56,68.66,100.68,1.14,19.18
2008-10-31,0.0,25.23,70.06,100.73,1.74,19.24
2008-11-01,0.0,24.31,77.82,100.63,2.12,20.06
2008-11-02,0.0,23.69,75.42,100.57,2.12,18.84
2008-11-03,0.0,24.38,68.25,100.69,1.1,17.98
2008-11-04,0.0,25.25,69.2,100.66,0.7,19.1
2008-11-05,0.0,25.4,68.37,100.57,0.87,19.05
2008-11-06,0.0,24.88,69.99,100.63,1.35,18.91
2008-11-07,0.0,24.96,76.26,100.77,2.11,20.35
2008-11-08,0.0,24.9,74.28,100.84,1.83,19.87
2008-11-09,0.0,24.97,70.52,100.84,1.5,19.1
2008-11-10,0.0,24.49,72.61,100.87,1.31,19.14
2008-11-11,0.0,23.94,71.61,100.84,1.72,18.38
2008-11-12,0.0,23.85,70.52,100.76,1.64,18.06
2008-11-13,0.0,22.77,78.76,100.69,2.49,18.82
2008-11-14,0.2,23.17,86.34,100.62,4.14,20.68
2008-11-15,0.88,22.61,89.01,100.6,4.32,20.66
2008-11-16,2.34,23.79,88.0,100.6,3.48,21.61
2008-11-17,0.27,24.63,83.55,100.58,2.35,21.55
2008-11-18,0.0,25.42,83.76,100.67,1.94,22.38
2008-11-19,0.02,25.38,82.01,100.83,1.98,22.01
2008-11-20,0.0,25.01,80.64,100.93,1.84,21.33
2008-11-21,0.04,25.35,79.69,100.95,1.46,21.51
2008-11-22,0.0,25.23,80.44,101.02,2.01,21.52
2008-11-23,0.0,24.61,81.89,101.05,2.2,21.2
2008-11-24,0.0,23.24,71.27,101.0,1.74,17.49
2008-11-25,0.0,21.73,67.63,101.07,2.07,15.32
2008-11-26,0.0,21.51,70.01,101.08,2.37,15.61
2008-11-27,0.0,21.56,76.88,101.1,2.72,17.17
2008-11-28,0.04,22.52,76.87,101.18,2.27,18.08
2008-11-29,0.0,22.88,72.64,101.21,1.57,17.43
2008-11-30,0.0,23.46,70.23,101.13,1.18,17.49
2008-12-01,0.0,23.37,71.85,101.03,1.12,17.91
2008-12-02,0.0,23.16,75.78,100.85,1.13,18.57
2008-12-03,0.0,23.43,75.51,100.75,0.92,18.72
2008-12-04,0.0,22.94,72.12,100.85,1.22,17.39
2008-12-05,0.0,23.56,74.28,101.11,1.21,18.61
2008-12-06,0.0,23.22,73.67,101.06,1.05,18.04
2008-12-07,0.0,23.13,73.05,100.97,1.01,17.98
2008-12-08,0.0,23.21,76.57,101.07,1.38,18.72
2008-12-09,0.0,23.79,76.94,100.99,1.13,19.34
2008-12-10,0.0,23.9,71.78,100.91,0.8,18.35
2008-12-11,0.0,24.19,73.39,100.89,1.03,18.99
2008-12-12,0.0,23.86,76.11,100.83,1.16,19.22
2008-12-13,0.0,24.39,72.32,101.05,1.13,18.88
2008-12-14,0.0,23.78,69.93,101.04,1.34,17.8
2008-12-15,0.0,22.69,72.31,100.98,1.45,17.06
2008-12-16,0.0,22.84,73.4,100.98,1.13,17.59
2008-12-17,0.0,22.42,76.54,101.13,1.58,17.9
2008-12-18,0.0,21.16,70.69,101.13,2.36,15.25
2008-12-19,0.0,21.32,72.74,101.03,1.71,16.01
2008-12-20,0.0,22.18,69.22,101.02,0.87,16.04
2008-12-21,0.0,22.29,70.05,100.91,1.15,16.36
2008-12-22,0.0,23.13,73.21,101.0,1.11,17.9
2008-12-23,0.0,22.65,76.14,101.06,1.97,17.97
2008-12-24,0.0,22.36,71.79,101.04,1.2,16.83
2008-12-25,0.0,21.14,67.28,101.02,1.58,14.52
2008-12-26,0.0,19.9,62.95,100.96,1.76,12.27
2008-12-27,0.0,19.87,60.99,100.96,1.71,11.68
2008-12-28,0.0,20.13,58.64,100.93,1.62,11.24
2008-12-29,0.0,20.67,55.62,100.95,1.08,10.95
2008-12-30,0.0,20.86,59.79,101.03,1.47,12.41
2008-12-31,0.0,22.35,61.42,100.96,0.77,14.37
2009-01-01,0.0,21.82,65.02,100.98,1.16,14.61
2009-01-02,0.0,21.85,66.57,101.13,1.1,15.02
2009-01-03,0.0,21.72,69.11,101.19,0.9,15.46
2009-01-04,0.0,20.9,64.66,101.05,1.24,13.64
2009-01-05,0.0,21.61,70.39,100.88,1.47,15.67
2009-01-06,0.03,22.39,74.77,100.91,2.1,17.41
2009-01-07,0.0,22.66,72.92,101.11,1.74,17.39
2009-01-08,0.0,22.74,76.38,101.32,2.03,18.13
2009-01-09,0.0,22.18,78.91,101.39,2.05,17.93
2009-01-10,0.0,22.7,70.95,101.35,1.27,16.67
2009-01-11,0.0,23.0,69.48,101.28,1.0,16.79
2009-01-12,0.0,22.68,72.1,101.47,1.45,17.1
2009-01-13,0.0,22.55,74.59,101.59,2.06,17.43
2009-01-14,0.0,21.87,66.31,101.57,1.68,14.75
2009-01-15,0.0,22.22,63.39,101.48,1.49,14.6
2009-01-16,0.0,22.15,69.11,101.41,1.23,15.8
2009-01-17,0.0,22.8,70.34,101.22,1.01,16.79
2009-01-18,0.0,23.08,66.33,101.09,0.84,15.84
2009-01-19,0.0,22.91,59.49,100.98,1.14,13.8
2009-01-20,0.0,22.63,61.94,100.97,1.43,14.35
2009-01-21,0.0,22.18,62.82,100.96,2.25,14.09
2009-01-22,0.0,22.81,61.48,100.87,1.45,13.85
2009-01-23,0.0,23.13,68.6,100.76,1.15,16.63
2009-01-24,0.0,23.68,66.19,100.76,1.45,16.08
2009-01-25,0.0,23.6,69.9,100.79,1.8,16.79
2009-01-26,0.0,23.94,63.47,100.78,1.81,15.09
2009-01-27,0.0,24.63,55.85,100.72,1.82,13.93
2009-01-28,0.0,25.25,52.89,100.71,1.55,13.93
2009-01-29,0.0,24.52,72.82,100.88,2.3,18.81
2009-01-30,0.0,24.99,72.3,100.87,1.38,19.05
2009-01-31,0.0,25.34,71.37,100.75,1.5,18.96
2009-02-01,0.0,25.32,77.36,100.86,2.01,20.66
2009-02-02,0.0,25.8,74.62,100.92,1.7,20.55
2009-02-03,0.0,25.77,71.24,100.93,1.54,19.54
2009-02-04,0.0,25.42,60.97,100.96,1.59,15.69
2009-02-05,0.0,25.09,69.96,100.97,1.57,18.4
2009-02-06,0.0,25.52,71.12,100.95,1.71,19.24
2009-02-07,0.0,26.0,66.63,100.86,1.98,18.79
2009-02-08,0.0,25.92,65.23,101.03,2.16,18.36
2009-02-09,0.0,25.65,64.81,101.03,1.86,17.88
2009-02-10,0.0,25.37,66.92,100.9,2.41,18.33
2009-02-11,0.0,25.39,69.36,100.75,3.15,18.83
2009-02-12,0.0,26.05,57.56,100.59,2.5,15.77
2009-02-13,0.0,24.13,54.3,100.65,2.33,13.39
2009-02-14,0.0,25.73,59.17,100.63,1.46,15.48
2009-02-15,0.0,25.48,52.49,100.59,1.86,13.32
2009-02-16,0.0,26.17,64.31,100.81,2.1,17.81
2009-02-17,0.0,25.85,57.48,100.86,1.87,15.92
2009-02-18,0.0,26.28,63.07,100.72,1.69,17.95
2009-02-19,0.0,26.49,66.22,100.64,1.91,18.97
2009-02-20,0.0,26.79,64.84,100.87,1.82,18.63
2009-02-21,0.0,27.29,52.35,100.72,1.75,14.52
2009-02-22,0.0,26.73,38.38,100.47,2.37,9.86
2009-02-23,0.0,26.85,44.19,100.49,2.12,11.36
2009-02-24,0.0,28.98,60.98,100.32,2.93,19.1
2009-02-25,0.0,29.3,49.23,100.23,2.23,14.64
2009-02-26,0.0,28.42,39.3,100.35,1.59,11.49
2009-02-27,0.0,28.81,49.48,100.43,1.58,14.98
2009-02-28,0.0,28.25,47.69,100.45,1.9,14.08
2009-03-01,0.0,27.64,49.17,100.52,1.71,13.66
2009-03-02,0.0,27.57,57.6,100.54,1.64,16.45
2009-03-03,0.0,28.0,56.67,100.42,2.04,16.42
2009-03-04,0.0,28.5,40.93,100.35,2.76,11.52
2009-03-05,0.0,28.71,44.94,100.26,1.99,13.26
2009-03-06,0.0,29.42,46.84,100.34,2.02,13.68
2009-03-07,0.0,28.49,58.35,100.46,2.12,17.14
2009-03-08,0.0,28.82,62.36,100.45,2.78,18.82
2009-03-09,0.0,27.74,71.02,100.63,2.99,21.35
2009-03-10,0.2,28.28,66.61,100.76,2.72,20.54
2009-03-11,0.0,29.84,48.01,100.65,1.72,16.07
2009-03-12,0.0,29.09,47.81,100.59,2.4,13.81
2009-03-13,0.0,27.7,57.27,100.91,2.06,16.22
2009-03-14,0.0,27.22,49.64,100.8,1.96,13.0
2009-03-15,0.0,26.48,49.45,100.64,1.52,13.64
2009-03-16,0.0,26.51,60.77,100.63,1.63,16.96
2009-03-17,0.0,27.64,60.54,100.58,2.08,17.02
2009-03-18,0.0,28.36,59.58,100.54,2.47,17.78
2009-03-19,0.0,29.27,58.17,100.46,2.34,17.91
2009-03-20,0.0,28.88,63.67,100.46,3.87,20.01
2009-03-21,0.62,29.99,59.82,100.32,3.68,19.71
2009-03-22,0.28,30.29,55.6,100.38,2.81,19.01
2009-03-23,0.0,30.12,56.34,100.61,2.71,18.99
2009-03-24,0.0,29.87,58.67,100.66,3.04,19.46
2009-03-25,0.16,30.26,54.17,100.55,3.4,18.58
2009-03-26,0.02,30.63,51.61,100.37,3.38,17.98
2009-03-27,0.0,30.77,47.66,100.42,3.05,16.1
2009-03-28,0.0,30.26,52.03,100.51,3.35,17.18
2009-03-29,0.6,29.86,62.28,100.36,5.45,20.96
2009-03-30,0.42,30.37,62.39,100.25,4.94,21.21
2009-03-31,0.26,30.49,62.89,100.14,5.51,21.65
2009-04-01,0.08,30.85,57.59,100.28,3.01,19.02
2009-04-02,0.0,30.53,61.02,100.35,3.41,20.18
2009-04-03,0.0,31.26,57.23,100.34,3.79,19.6
2009-04-04,0.0,31.25,57.55,100.32,4.52,20.3
2009-04-05,0.0,31.57,58.33,100.29,5.36,21.03
2009-04-06,0.0,31.86,56.43,100.15,2.86,20.46
2009-04-07,0.02,31.68,57.17,100.18,3.09,20.32
2009-04-08,0.28,31.12,59.98,100.27,3.67,21.33
2009-04-09,0.18,30.95,50.94,100.42,2.43,18.67
2009-04-10,0.06,31.45,56.36,100.34,2.52,19.93
2009-04-11,0.0,31.86,52.43,100.3,2.83,18.67
2009-04-12,0.0,31.18,56.57,100.27,3.59,20.0
2009-04-13,0.0,30.61,54.87,100.11,3.34,18.92
2009-04-14,0.0,30.7,56.68,100.09,3.44,19.49
2009-04-15,0.0,30.58,62.77,100.2,3.26,21.61
2009-04-16,0.0,29.17,71.13,100.02,3.83,23.03
2009-04-17,0.0,31.86,60.84,99.74,3.16,21.58
2009-04-18,0.0,33.27,55.82,99.94,4.27,20.71
2009-04-19,0.0,33.22,55.51,100.1,4.49,19.67
2009-04-20,0.0,33.01,54.12,99.84,4.88,18.73
2009-04-21,0.0,33.51,54.83,99.6,4.85,19.75
2009-04-22,0.0,33.97,53.57,99.67,4.76,20.09
2009-04-23,0.0,33.97,46.75,99.97,3.88,17.24
2009-04-24,0.0,32.06,58.46,100.19,2.53,20.14
2009-04-25,0.0,31.2,63.45,100.37,3.22,21.79
2009-04-26,0.0,31.48,63.36,100.36,3.66,22.27
2009-04-27,0.0,31.61,61.02,100.3,3.93,21.44
2009-04-28,0.0,31.52,65.1,100.2,5.36,22.59
2009-04-29,0.0,31.42,65.63,100.13,6.39,23.22
2009-04-30,0.0,31.61,65.71,100.02,5.47,23.52
2009-05-01,0.0,31.41,67.64,100.01,5.35,23.9
2009-05-02,0.13,31.42,68.4,100.08,5.1,23.93
2009-05-03,1.57,30.33,74.04,100.17,4.25,24.88
2009-05-04,0.22,30.6,67.83,100.13,4.72,23.47
2009-05-05,0.0,32.19,60.3,100.11,4.63,22.69
2009-05-06,0.02,32.74,58.7,100.04,3.95,22.3
2009-05-07,0.06,32.35,63.56,99.93,3.77,23.4
2009-05-08,0.0,32.93,58.42,99.92,3.04,21.28
2009-05-09,0.01,32.61,61.54,99.78,4.61,22.82
2009-05-10,0.01,32.87,62.44,99.67,5.06,23.11
2009-05-11,0.07,32.74,65.98,99.68,5.69,24.18
2009-05-12,0.26,31.52,70.75,99.81,6.64,25.07
2009-05-13,0.15,31.68,69.18,99.66,5.72,24.73
2009-05-14,1.38,32.19,66.71,99.58,4.16,24.61
2009-05-15,0.53,31.76,65.64,99.8,4.3,23.92
2009-05-16,0.82,31.29,65.89,100.01,4.77,23.52
2009-05-17,0.49,30.75,67.29,100.14,5.53,23.59
2009-05-18,0.27,30.5,73.92,100.04,5.93,25.09
2009-05-19,0.11,30.17,77.07,100.0,5.16,25.56
2009-05-20,0.38,30.2,75.3,99.92,3.83,25.17
2009-05-21,0.12,30.68,69.55,99.98,3.18,24.11
2009-05-22,0.01,31.5,65.42,99.82,3.08,23.45
2009-05-23,0.0,31.6,65.27,99.55,4.99,23.77
2009-05-24,39.71,29.39,79.42,99.01,6.6,25.27
2009-05-25,35.19,29.21,76.46,98.89,5.96,24.36
2009-05-26,0.23,31.35,71.12,99.32,3.62,24.8
2009-05-27,0.0,30.57,76.11,99.62,4.77,25.55
2009-05-28,0.1,31.65,71.26,99.69,3.86,25.34
2009-05-29,2.35,30.9,73.93,99.84,4.71,25.19
2009-05-30,0.65,30.33,73.79,99.83,3.15,24.79
2009-05-31,0.04,30.61,71.87,99.83,5.11,24.71
2009-06-01,0.62,31.34,71.29,99.69,4.3,25.16
2009-06-02,0.62,32.19,62.7,99.64,3.86,23.66
2009-06-03,0.66,32.84,60.94,99.59,3.5,23.52
2009-06-04,25.57,33.26,63.53,99.32,3.52,24.35
2009-06-05,12.18,30.13,80.74,99.24,2.93,26.34
2009-06-06,0.88,30.23,75.53,99.2,3.0,25.22
2009-06-07,0.02,31.44,69.58,99.28,4.45,24.85
2009-06-08,0.0,31.58,70.0,99.44,5.03,24.92
2009-06-09,0.0,30.51,79.0,99.72,4.55,26.3
2009-06-10,0.04,30.17,80.07,99.87,4.01,26.16
2009-06-11,0.65,31.51,68.07,99.83,5.12,24.38
2009-06-12,0.49,31.51,70.44,99.74,4.46,25.2
2009-06-13,0.0,31.54,65.23,99.99,2.91,23.8
2009-06-14,0.92,31.55,65.86,99.97,3.99,24.11
2009-06-15,0.21,32.39,66.24,99.71,3.32,24.85
2009-06-16,0.05,31.26,69.3,99.67,4.35,24.82
2009-06-17,0.0,30.72,70.52,99.67,4.54,24.6
2009-06-18,0.0,30.53,71.85,99.62,3.57,24.7
2009-06-19,0.25,30.42,74.35,99.66,5.19,25.2
2009-06-20,0.05,31.42,68.26,99.62,3.41,24.41
2009-06-21,0.0,32.0,65.65,99.59,4.49,24.53
2009-06-22,0.0,31.98,63.74,99.47,4.5,23.76
2009-06-23,0.0,32.23,64.47,99.39,4.95,24.19
2009-06-24,7.88,30.66,73.37,99.5,3.52,25.17
2009-06-25,3.58,31.06,70.39,99.49,2.33,24.75
2009-06-26,5.78,31.34,70.62,99.42,3.57,25.17
2009-06-27,3.85,30.19,73.02,99.43,4.43,24.73
2009-06-28,6.44,29.92,79.17,99.51,5.24,25.89
2009-06-29,8.08,29.92,79.44,99.6,5.3,25.91
2009-06-30,14.03,29.44,84.04,99.79,5.07,26.42
2009-07-01,15.34,29.33,84.39,99.84,4.32,26.35
2009-07-02,14.55,28.76,83.98,99.68,4.97,25.74
2009-07-03,16.74,28.73,83.38,99.54,3.82,25.56
2009-07-04,1.74,29.24,78.92,99.46,3.28,25.04
2009-07-05,3.8,28.59,83.01,99.42,3.9,25.36
2009-07-06,8.15,28.18,85.99,99.46,5.6,25.57
2009-07-07,4.45,28.53,84.42,99.48,5.73,25.58
2009-07-08,2.24,28.31,82.08,99.5,6.77,24.92
2009-07-09,24.83,28.37,81.34,99.61,7.22,24.78
2009-07-10,15.79,27.43,85.68,99.77,5.01,24.8
2009-07-11,3.34,28.19,84.95,99.73,4.53,25.37
2009-07-12,63.45,28.27,87.78,99.36,4.51,26.02
2009-07-13,25.75,28.62,87.6,98.78,3.55,26.3
2009-07-14,65.51,28.3,91.17,98.46,6.46,26.73
2009-07-15,21.05,27.67,88.62,98.76,8.65,25.63
2009-07-16,1.51,28.24,84.71,99.35,5.66,25.34
2009-07-17,2.42,28.94,82.87,99.43,2.97,25.58
2009-07-18,36.01,28.42,88.5,99.49,3.29,26.32
2009-07-19,45.12,27.64,90.4,99.42,3.93,25.93
2009-07-20,22.42,28.31,85.61,99.17,4.29,25.6
2009-07-21,12.75,28.27,89.55,99.17,4.96,26.37
2009-07-22,1.07,28.01,88.25,99.47,5.71,25.87
2009-07-23,0.6,28.85,85.79,99.75,3.47,26.17
2009-07-24,0.04,29.25,83.73,99.87,2.78,26.12
2009-07-25,0.97,28.83,84.74,99.75,2.7,25.94
2009-07-26,5.62,28.35,88.29,99.63,3.35,26.22
2009-07-27,7.94,28.2,88.91,99.57,4.19,26.19
2009-07-28,0.64,27.96,88.33,99.66,3.94,25.84
2009-07-29,4.72,28.17,89.46,99.83,3.55,26.26
2009-07-30,2.83,28.58,86.36,99.84,3.04,26.02
2009-07-31,0.5,29.18,84.06,99.76,2.47,26.14
2009-08-01,0.37,28.7,87.01,99.66,2.26,26.31
2009-08-02,4.57,28.49,86.55,99.68,2.55,26.01
2009-08-03,2.6,28.21,83.77,99.69,2.57,25.16
2009-08-04,2.76,28.0,87.69,99.7,3.09,25.75
2009-08-05,1.08,28.49,87.21,99.63,3.42,26.13
2009-08-06,0.06,28.94,84.07,99.63,2.18,25.93
2009-08-07,3.19,28.95,82.28,99.65,2.09,25.51
2009-08-08,16.46,28.31,85.4,99.61,2.6,25.57
2009-08-09,9.89,28.74,85.1,99.49,2.58,25.93
2009-08-10,38.23,29.12,84.6,99.46,3.48,26.18
2009-08-11,30.35,29.01,87.35,99.59,4.58,26.67
2009-08-12,6.65,28.95,88.77,99.74,3.45,26.89
2009-08-13,3.1,28.83,90.47,99.71,3.74,27.1
2009-08-14,16.22,28.17,91.94,99.77,3.94,26.74
2009-08-15,16.82,28.01,90.34,99.97,3.84,26.27
2009-08-16,4.36,27.74,84.75,100.19,3.19,24.87
2009-08-17,0.4,27.95,85.73,100.28,2.28,25.32
2009-08-18,0.9,27.76,88.37,100.32,3.52,25.65
2009-08-19,39.24,27.5,88.96,100.34,4.17,25.51
2009-08-20,36.32,27.04,90.4,100.36,4.16,25.34
2009-08-21,2.08,27.24,87.27,100.24,3.42,24.9
2009-08-22,0.99,27.46,87.45,100.04,3.29,25.16
2009-08-23,30.73,27.6,86.45,99.94,2.16,25.11
2009-08-24,26.56,27.14,85.91,99.84,1.51,24.55
2009-08-25,6.02,27.0,89.63,99.62,2.18,25.15
2009-08-26,2.81,26.8,90.58,99.49,4.19,25.13
2009-08-27,3.31,27.79,91.55,99.4,5.99,26.3
2009-08-28,2.36,27.95,90.91,99.77,3.39,26.32
2009-08-29,17.7,28.33,87.43,99.99,1.64,25.97
2009-08-30,10.47,28.33,86.72,100.13,1.4,25.87
2009-08-31,2.52,27.95,86.57,100.13,1.64,25.49
2009-09-01,0.88,28.16,85.63,99.98,1.91,25.49
2009-09-02,1.94,27.87,86.49,99.82,1.65,25.37
2009-09-03,0.55,28.12,85.38,99.69,1.28,25.4
2009-09-04,7.04,28.15,89.59,99.51,3.23,26.28
2009-09-05,8.03,28.02,88.94,99.35,3.65,26.01
2009-09-06,17.75,28.32,88.63,99.12,3.67,26.23
2009-09-07,9.32,28.59,88.73,99.25,3.51,26.53
2009-09-08,7.3,28.48,88.59,99.55,3.25,26.38
2009-09-09,5.58,28.48,88.49,99.86,4.12,26.37
2009-09-10,0.05,28.17,88.92,100.05,2.85,26.15
2009-09-11,0.01,28.32,86.09,100.24,1.89,25.7
2009-09-12,0.01,28.99,82.84,100.35,1.65,25.69
2009-09-13,10.42,29.34,81.33,100.29,1.77,25.7
2009-09-14,34.89,29.43,81.05,100.23,1.84,25.74
2009-09-15,13.02,29.07,82.06,99.99,1.92,25.61
2009-09-16,0.22,28.61,84.06,99.95,2.35,25.6
2009-09-17,9.36,28.18,85.36,100.12,2.2,25.46
2009-09-18,3.72,27.93,85.57,100.32,1.73,25.28
2009-09-19,0.02,27.84,83.01,100.38,1.2,24.65
2009-09-20,1.55,27.63,85.05,100.39,1.64,24.88
2009-09-21,0.98,27.72,86.16,100.42,1.8,25.17
2009-09-22,1.52,27.37,85.58,100.33,2.82,24.69
2009-09-23,1.25,28.52,84.98,100.1,2.94,25.67
2009-09-24,0.77,28.29,88.44,100.03,2.48,26.19
2009-09-25,0.4,28.13,81.3,100.04,1.86,24.51
2009-09-26,0.07,27.73,86.35,100.03,2.57,25.21
2009-09-27,10.05,28.25,84.42,99.96,1.74,25.28
2009-09-28,23.83,27.27,91.44,99.71,4.83,25.77
2009-09-29,19.61,28.03,90.19,99.68,3.67,26.27
2009-09-30,19.39,27.71,92.87,99.55,4.63,26.47
2009-10-01,48.16,27.48,92.63,99.71,4.81,26.19
2009-10-02,27.1,27.58,90.97,100.02,3.49,25.99
2009-10-03,5.69,27.2,90.27,99.93,2.43,25.48
2009-10-04,13.8,27.25,92.26,99.87,3.08,25.89
2009-10-05,5.19,27.12,92.49,99.81,3.49,25.82
2009-10-06,3.63,27.53,89.4,99.84,3.78,25.61
2009-10-07,2.48,27.85,90.38,99.86,4.36,26.14
2009-10-08,0.72,27.2,81.05,99.98,2.76,23.5
2009-10-09,0.06,27.26,78.79,100.16,2.03,23.08
2009-10-10,0.0,27.39,71.42,100.45,1.77,21.51
2009-10-11,0.0,27.07,69.43,100.61,1.86,20.69
2009-10-12,0.0,26.62,68.1,100.68,1.84,20.0
2009-10-13,0.0,26.77,70.92,100.7,1.93,20.94
2009-10-14,0.0,26.92,73.2,100.71,1.75,21.56
2009-10-15,0.0,26.65,73.99,100.66,1.59,21.49
2009-10-16,0.0,27.1,70.81,100.61,1.05,21.15
2009-10-17,0.0,26.78,71.39,100.49,1.44,21.07
2009-10-18,0.0,26.19,76.48,100.44,2.33,21.61
2009-10-19,0.0,26.06,73.88,100.58,2.06,20.76
2009-10-20,0.0,25.98,69.59,100.69,2.17,19.6
2009-10-21,0.0,25.17,69.81,100.77,2.3,19.06
2009-10-22,0.0,24.84,68.86,100.84,1.95,18.42
2009-10-23,0.0,23.61,67.1,100.73,2.08,16.98
2009-10-24,0.0,24.04,64.85,100.66,1.68,16.89
2009-10-25,0.0,24.23,63.52,100.72,1.87,16.72
2009-10-26,0.0,23.94,63.84,100.81,1.88,16.52
2009-10-27,0.0,24.48,66.68,100.82,1.64,17.77
2009-10-28,0.0,24.96,69.32,100.87,1.52,18.83
2009-10-29,0.0,23.94,74.0,100.98,1.81,18.94
2009-10-30,0.0,23.97,71.43,100.93,1.87,18.38
2009-10-31,0.04,24.31,71.54,100.82,1.7,18.65
2009-11-01,0.0,24.12,73.54,100.86,1.74,18.96
2009-11-02,0.0,23.44,83.26,100.98,2.48,20.32
2009-11-03,0.25,24.01,88.01,101.06,2.77,21.79
2009-11-04,0.15,24.97,85.97,101.07,2.63,22.39
2009-11-05,0.61,25.0,83.72,100.99,2.49,21.95
2009-11-06,1.07,25.37,82.88,100.84,1.61,22.18
2009-11-07,0.22,26.15,80.88,100.69,1.38,22.55
2009-11-08,0.0,26.14,82.96,100.67,2.12,22.92
2009-11-09,0.0,25.56,82.41,100.56,2.02,22.23
2009-11-10,0.0,25.84,74.96,100.35,1.38,20.88
2009-11-11,0.0,25.55,77.01,100.32,1.86,21.13
2009-11-12,4.65,25.85,85.63,100.55,2.39,23.23
2009-11-13,0.32,26.8,81.47,100.76,1.4,23.2
2009-11-14,0.0,27.34,79.42,100.61,0.97,23.37
2009-11-15,2.76,27.67,80.13,100.42,1.92,23.83
2009-11-16,1.36,27.45,81.19,100.5,2.68,23.8
2009-11-17,1.58,26.48,84.75,100.65,2.58,23.63
2009-11-18,10.95,26.46,85.38,100.65,2.49,23.76
2009-11-19,3.77,24.43,85.57,100.91,2.73,21.81
2009-11-20,0.0,24.66,78.68,101.1,2.34,20.63
2009-11-21,0.0,23.54,80.27,101.15,2.42,19.85
2009-11-22,0.0,22.11,72.99,101.14,1.92,16.79
2009-11-23,0.0,20.9,70.04,101.18,2.26,15.01
2009-11-24,0.0,19.92,69.65,101.14,2.38,14.04
2009-11-25,0.0,20.07,69.09,101.04,2.23,14.0
2009-11-26,0.0,20.75,64.68,100.94,1.84,13.62
2009-11-27,0.0,20.68,63.4,101.09,1.96,13.25
2009-11-28,0.0,20.67,63.23,101.21,1.95,13.2
2009-11-29,0.0,20.91,59.95,101.2,1.53,12.53
2009-11-30,0.0,20.53,61.83,101.22,1.62,12.76
2009-12-01,0.0,20.84,65.27,101.21,1.64,13.95
2009-12-02,0.0,21.11,72.62,101.19,1.79,15.86
2009-12-03,0.0,21.43,71.86,101.18,1.66,15.97
2009-12-04,0.0,21.56,67.4,101.09,1.24,14.96
2009-12-05,0.0,21.82,66.48,101.0,1.14,15.15
2009-12-06,0.0,22.19,64.76,100.91,0.75,15.08
2009-12-07,0.0,21.83,66.57,100.96,1.02,15.16
2009-12-08,0.0,21.92,67.38,101.01,1.14,15.36
2009-12-09,0.0,22.25,68.35,101.02,1.15,16.07
2009-12-10,0.0,22.34,71.38,100.96,1.28,16.71
2009-12-11,0.0,22.27,68.39,100.94,1.3,16.02
2009-12-12,0.0,21.73,70.78,100.94,1.67,16.03
2009-12-13,0.0,21.55,70.02,101.04,1.72,15.57
2009-12-14,0.0,22.49,64.62,101.13,0.96,15.29
2009-12-15,0.0,22.48,65.39,101.19,1.39,15.46
2009-12-16,0.0,23.03,64.19,101.15,0.69,15.68
2009-12-17,0.0,23.27,66.46,101.15,1.17,16.47
2009-12-18,0.07,22.96,72.87,101.21,1.42,17.66
2009-12-19,0.0,23.15,73.93,101.33,1.57,18.05
2009-12-20,0.0,22.59,78.37,101.43,2.58,18.42
2009-12-21,0.0,22.25,70.58,101.37,1.84,16.37
2009-12-22,0.0,22.02,64.55,101.22,1.57,14.91
2009-12-23,0.0,21.15,62.0,101.21,1.74,13.41
2009-12-24,0.0,19.51,58.34,101.19,2.54,10.66
2009-12-25,0.0,19.23,56.97,101.11,2.02,10.08
2009-12-26,0.0,20.24,59.63,101.0,1.61,11.91
2009-12-27,0.0,20.2,62.59,100.98,1.77,12.5
2009-12-28,0.0,19.67,61.12,100.93,2.02,11.54
2009-12-29,0.0,19.86,57.89,100.94,1.96,10.8
2009-12-30,0.0,20.37,60.99,100.9,1.26,12.3
2009-12-31,0.0,21.48,68.98,100.89,1.47,15.42
2010-01-01,0.0,20.48,70.76,101.06,2.45,14.56
2010-01-02,0.0,18.26,59.45,101.25,2.73,9.45
2010-01-03,0.0,18.11,58.14,101.18,1.83,9.14
2010-01-04,0.0,18.69,55.1,100.93,1.58,9.1
2010-01-05,0.0,19.64,61.43,100.83,2.39,11.78
2010-01-06,0.0,19.34,64.41,100.96,1.89,11.85
2010-01-07,0.0,19.11,63.79,101.11,2.28,11.61
2010-01-08,0.0,19.81,64.52,101.1,2.42,12.38
2010-01-09,0.0,21.6,67.32,101.03,1.8,14.94
2010-01-10,0.0,22.4,72.38,101.05,1.73,16.82
2010-01-11,0.0,23.05,73.49,101.11,1.26,17.74
2010-01-12,0.02,21.79,73.19,101.13,1.77,16.26
2010-01-13,1.49,22.14,73.78,101.22,1.61,16.97
2010-01-14,2.42,20.73,77.11,101.41,2.16,16.54
2010-01-15,0.17,21.36,73.68,101.53,2.86,16.25
2010-01-16,0.0,21.69,66.65,101.56,1.85,14.76
2010-01-17,0.0,21.06,65.8,101.5,1.78,13.75
2010-01-18,0.0,20.33,62.87,101.42,1.73,12.57
2010-01-19,0.0,21.48,51.16,101.19,1.28,10.68
2010-01-20,0.0,20.28,60.99,101.32,2.01,11.74
2010-01-21,0.0,19.52,55.22,101.23,2.58,9.19
2010-01-22,0.0,20.33,53.17,101.2,1.76,9.08
2010-01-23,0.0,20.6,48.3,101.2,1.63,8.51
2010-01-24,0.0,20.85,53.09,101.13,1.45,10.2
2010-01-25,0.0,21.29,58.51,101.12,1.38,12.09
2010-01-26,0.0,22.58,56.8,101.18,0.86,12.83
2010-01-27,0.0,21.66,55.15,101.21,1.51,11.33
2010-01-28,0.0,22.32,60.4,101.25,1.17,13.57
2010-01-29,0.0,22.74,60.04,101.19,0.91,13.99
2010-01-30,0.0,22.55,46.57,101.12,1.48,9.1
2010-01-31,0.0,22.02,50.99,101.15,1.76,10.51
2010-02-01,0.0,22.63,58.71,101.13,1.18,13.56
2010-02-02,0.0,22.63,58.12,101.03,1.56,12.95
2010-02-03,0.0,24.07,59.04,101.0,1.05,14.9
2010-02-04,0.03,23.96,62.05,101.07,1.09,15.8
2010-02-05,0.0,23.69,55.5,101.13,1.83,13.35
2010-02-06,0.0,22.58,52.8,101.19,1.6,10.67
2010-02-07,0.0,22.92,52.5,101.12,1.13,11.8
2010-02-08,0.0,23.61,52.11,100.86,1.6,11.84
2010-02-09,0.0,23.97,61.64,100.78,2.31,14.92
2010-02-10,0.0,24.54,69.06,100.85,2.0,17.58
2010-02-11,0.0,24.99,64.88,101.06,1.76,17.18
2010-02-12,0.0,25.52,62.34,101.06,1.88,16.87
2010-02-13,0.0,25.74,60.26,100.86,1.52,16.3
2010-02-14,0.0,25.91,63.54,100.75,2.42,17.5
2010-02-15,0.0,25.95,64.72,100.82,2.36,18.13
2010-02-16,0.29,26.19,66.26,100.88,1.97,18.71
2010-02-17,0.03,27.06,67.26,100.82,2.47,19.62
2010-02-18,0.0,27.02,58.77,100.88,2.24,17.08
2010-02-19,0.05,26.25,66.05,101.0,2.19,18.79
2010-02-20,0.09,26.71,62.58,100.96,1.35,17.45
2010-02-21,0.0,26.14,60.75,100.97,1.13,16.71
2010-02-22,0.0,25.67,55.88,100.9,1.35,14.39
2010-02-23,0.0,26.91,61.73,100.63,2.28,16.92
2010-02-24,0.01,27.79,69.97,100.41,4.25,20.89
2010-02-25,0.0,28.31,50.88,100.52,3.25,14.97
2010-02-26,0.26,27.05,51.75,100.74,1.71,14.87
2010-02-27,0.2,27.26,51.97,100.67,2.33,13.97
2010-02-28,0.0,27.0,43.25,100.68,2.2,11.74
2010-03-01,0.0,27.55,47.93,100.76,1.59,13.69
2010-03-02,0.0,28.08,48.12,100.63,1.93,13.58
2010-03-03,0.0,28.83,51.22,100.42,2.51,15.13
2010-03-04,0.0,29.46,59.53,100.37,3.3,18.79
2010-03-05,0.0,29.77,61.43,100.37,3.45,20.09
2010-03-06,0.0,29.99,58.85,100.51,2.62,19.15
2010-03-07,0.0,29.73,67.13,100.63,2.54,21.89
2010-03-08,0.0,29.6,69.12,100.7,2.74,22.53
2010-03-09,0.0,29.32,68.21,100.9,2.53,22.11
2010-03-10,1.85,28.93,68.97,101.0,2.24,21.97
2010-03-11,1.26,28.69,68.15,101.1,2.19,21.62
2010-03-12,0.0,30.14,60.77,101.01,2.36,20.76
2010-03-13,0.0,29.67,60.22,100.79,1.99,20.01
2010-03-14,0.81,30.26,59.64,100.52,2.38,19.71
2010-03-15,0.3,29.86,62.74,100.5,2.86,19.95
2010-03-16,0.0,29.59,67.28,100.64,3.9,21.82
2010-03-17,0.01,29.08,65.77,100.92,2.9,20.99
2010-03-18,0.04,29.49,58.4,101.03,2.05,18.75
2010-03-19,0.0,30.59,51.02,100.71,2.06,17.24
2010-03-20,0.0,30.1,61.03,100.57,2.3,19.88
2010-03-21,0.0,30.34,61.66,100.38,2.85,20.09
2010-03-22,0.0,30.77,54.94,100.09,3.13,17.79
2010-03-23,0.0,30.41,60.48,99.98,3.82,19.44
2010-03-24,0.0,30.67,62.12,100.1,5.0,20.76
2010-03-25,0.0,30.16,65.62,100.22,4.37,21.99
2010-03-26,0.39,30.17,65.86,100.25,4.93,22.03
2010-03-27,0.12,30.77,62.92,100.31,5.88,21.6
2010-03-28,0.18,30.94,64.16,100.3,5.72,22.18
2010-03-29,0.04,31.21,63.5,100.34,4.55,21.86
2010-03-30,0.03,32.07,59.83,100.19,5.12,21.68
2010-03-31,0.0,32.05,61.33,100.09,6.73,22.57
2010-04-01,0.0,32.31,56.9,100.06,4.97,19.79
2010-04-02,0.0,31.62,63.52,100.18,5.05,21.69
2010-04-03,0.0,31.57,66.28,100.28,4.8,22.56
2010-04-04,0.0,31.97,62.94,100.36,5.01,21.97
2010-04-05,0.0,32.19,58.13,100.27,3.85,20.36
2010-04-06,0.0,32.06,62.31,100.27,3.98,21.98
2010-04-07,0.0,31.81,62.18,100.47,3.87,22.0
2010-04-08,0.0,31.23,65.1,100.6,4.06,22.57
2010-04-09,0.0,32.25,51.44,100.25,3.54,17.3
2010-04-10,0.0,32.45,57.37,99.9,4.47,19.73
2010-04-11,0.0,32.44,62.0,99.93,5.05,22.09
2010-04-12,0.0,31.62,67.93,99.99,5.66,23.7
2010-04-13,0.0,32.23,63.39,99.97,5.13,22.21
2010-04-14,0.0,31.52,68.6,100.07,5.02,23.83
2010-04-15,0.0,30.32,74.78,100.36,4.68,24.91
2010-04-16,0.0,30.54,70.34,100.4,5.08,23.84
2010-04-17,0.0,31.7,65.32,100.25,6.4,23.4
2010-04-18,0.0,32.6,62.24,100.1,6.26,22.88
2010-04-19,0.0,32.82,62.15,99.88,7.13,23.19
2010-04-20,0.0,34.12,54.34,99.69,5.95,21.17
2010-04-21,0.0,33.77,55.47,99.84,5.66,20.81
2010-04-22,0.0,33.14,58.12,100.0,5.16,21.84
2010-04-23,0.01,32.69,62.32,100.09,6.02,23.08
2010-04-24,0.01,33.37,55.36,100.06,5.59,21.83
2010-04-25,0.1,32.45,61.47,100.11,6.56,23.08
2010-04-26,0.01,32.38,59.16,100.42,6.39,22.41
2010-04-27,0.0,32.03,63.54,100.49,6.31,23.28
2010-04-28,0.04,31.91,66.74,100.38,6.18,24.29
2010-04-29,0.01,31.48,65.9,100.39,5.45,23.75
2010-04-30,3.55,31.43,62.73,100.46,4.98,22.77
2010-05-01,1.23,30.97,63.87,100.52,3.57,22.62
2010-05-02,0.13,31.79,57.55,100.32,2.9,21.4
2010-05-03,0.34,30.39,66.95,100.2,3.92,23.16
2010-05-04,0.05,30.21,68.2,100.1,3.77,23.31
2010-05-05,42.1,30.01,71.66,99.98,3.64,23.94
2010-05-06,24.58,29.35,76.48,100.0,3.75,24.51
2010-05-07,6.07,30.29,73.12,100.0,3.74,24.53
2010-05-08,1.89,31.39,70.8,99.95,4.73,24.92
2010-05-09,0.0,32.86,65.24,99.74,4.75,24.62
2010-05-10,0.0,33.18,66.25,99.71,5.61,25.04
2010-05-11,0.0,32.54,70.61,99.72,5.29,25.8
2010-05-12,0.0,31.96,73.45,99.8,6.13,26.07
2010-05-13,0.0,31.78,73.93,99.84,6.08,26.16
2010-05-14,0.73,31.74,71.93,99.82,6.76,25.62
2010-05-15,3.14,31.38,72.11,99.85,5.84,25.39
2010-05-16,1.63,31.87,70.88,99.83,5.61,25.4
2010-05-17,0.0,31.43,71.64,99.99,5.01,25.18
2010-05-18,0.36,31.07,70.96,100.1,3.89,24.63
2010-05-19,1.21,30.03,77.34,100.04,4.63,25.52
2010-05-20,8.87,29.42,80.51,100.0,4.58,25.61
2010-05-21,13.21,28.97,85.69,100.08,3.21,26.29
2010-05-22,33.19,28.62,88.4,100.06,3.65,26.5
2010-05-23,14.52,28.47,88.43,99.87,2.84,26.36
2010-05-24,18.35,30.61,79.33,99.57,2.46,26.29
2010-05-25,7.35,30.97,82.31,99.37,5.0,27.41
2010-05-26,0.22,32.56,72.85,99.22,4.67,26.31
2010-05-27,3.98,33.1,67.16,99.29,3.6,25.17
2010-05-28,7.61,31.45,76.27,99.73,2.28,26.45
2010-05-29,0.98,31.16,76.22,99.74,1.67,26.17
2010-05-30,0.13,30.43,79.7,99.79,3.93,26.39
2010-05-31,0.0,31.65,71.76,99.73,5.59,25.49
2010-06-01,0.0,32.18,73.39,99.78,5.17,26.31
2010-06-02,0.0,31.33,78.99,99.89,5.09,27.0
2010-06-03,0.0,31.64,77.51,99.89,4.6,26.95
2010-06-04,0.01,33.31,66.7,99.86,4.45,25.43
2010-06-05,0.0,31.95,73.42,99.66,4.57,26.3
2010-06-06,0.08,32.61,69.68,99.47,3.69,25.77
2010-06-07,0.41,31.04,76.36,99.68,4.25,26.27
2010-06-08,0.32,30.94,76.38,99.78,3.18,26.11
2010-06-09,0.1,30.61,76.94,99.8,3.48,25.92
2010-06-10,7.05,29.98,77.37,99.89,2.13,25.46
2010-06-11,9.6,29.95,78.1,99.83,2.92,25.59
2010-06-12,24.01,29.46,82.82,99.77,2.85,26.2
2010-06-13,47.0,29.13,87.67,99.77,2.66,26.89
2010-06-14,17.22,29.22,87.4,99.81,4.26,26.89
2010-06-15,1.82,29.76,82.53,99.77,5.22,26.36
2010-06-16,1.09,29.37,82.84,99.85,5.65,26.08
2010-06-17,0.3,28.83,84.53,99.9,4.63,25.89
2010-06-18,0.78,28.84,84.74,99.9,4.13,25.96
2010-06-19,2.02,28.8,83.89,99.96,5.14,25.74
2010-06-20,5.16,28.98,84.61,99.99,4.66,26.04
2010-06-21,0.82,28.63,84.98,99.86,4.37,25.81
2010-06-22,0.14,29.22,83.5,99.58,3.14,26.07
2010-06-23,8.87,29.22,82.68,99.49,2.78,25.9
2010-06-24,38.09,28.74,82.91,99.34,1.82,25.48
2010-06-25,25.08,28.81,84.91,99.3,2.61,25.97
2010-06-26,12.55,28.25,90.49,99.49,4.25,26.54
2010-06-27,1.4,28.72,89.24,99.69,4.73,26.73
2010-06-28,2.16,29.16,88.18,99.7,4.49,26.95
2010-06-29,5.59,29.17,88.78,99.66,3.39,27.1
2010-06-30,2.33,28.77,90.22,99.63,2.41,26.99
2010-07-01,4.13,28.86,81.77,99.58,1.26,25.28
2010-07-02,14.13,28.08,83.86,99.58,2.34,25.03
2010-07-03,7.7,27.82,86.48,99.71,4.14,25.35
2010-07-04,2.33,27.87,86.72,99.92,4.14,25.43
2010-07-05,10.71,28.05,84.12,99.96,1.63,25.06
2010-07-06,26.99,27.79,86.67,99.96,3.94,25.35
2010-07-07,6.72,28.15,85.05,100.08,5.54,25.37
2010-07-08,1.1,28.35,83.53,100.19,5.36,25.24
2010-07-09,0.02,28.87,82.71,100.03,4.93,25.55
2010-07-10,2.19,29.09,84.32,99.98,5.28,26.08
2010-07-11,2.26,28.81,87.76,99.94,5.72,26.54
2010-07-12,0.98,28.38,88.64,99.85,4.4,26.3
2010-07-13,1.53,28.52,83.71,99.8,3.59,25.43
2010-07-14,29.34,27.72,84.99,99.81,2.86,24.93
2010-07-15,5.2,28.35,84.96,99.69,3.06,25.53
2010-07-16,0.03,28.87,84.52,99.7,2.93,25.93
2010-07-17,0.21,28.75,85.04,99.81,3.12,25.94
2010-07-18,0.03,28.94,84.22,99.81,3.86,25.93
2010-07-19,0.0,28.9,83.77,99.78,3.65,25.83
2010-07-20,0.26,28.9,83.35,99.75,2.99,25.74
2010-07-21,4.64,28.77,84.17,99.74,2.55,25.8
2010-07-22,20.04,28.65,88.61,99.7,4.03,26.58
2010-07-23,17.78,28.81,87.06,99.54,4.44,26.38
2010-07-24,39.63,28.45,87.64,99.23,4.58,26.16
2010-07-25,36.38,28.15,86.76,98.83,6.37,25.72
2010-07-26,7.06,27.84,83.71,99.47,4.57,24.78
2010-07-27,3.1,28.86,82.7,99.77,2.32,25.49
2010-07-28,2.05,28.59,84.94,99.68,2.64,25.74
2010-07-29,3.02,28.45,86.96,99.5,2.55,26.02
2010-07-30,5.94,27.88,88.38,99.62,3.55,25.79
2010-07-31,4.08,28.2,88.62,99.82,3.95,26.12
2010-08-01,2.18,28.34,88.48,99.85,3.24,26.22
2010-08-02,5.65,27.97,87.31,99.83,1.95,25.6
2010-08-03,28.85,28.05,87.79,99.59,2.17,25.82
2010-08-04,57.3,28.1,87.56,99.39,2.2,25.8
2010-08-05,98.11,27.14,91.07,99.44,3.74,25.56
2010-08-06,19.96,27.26,86.33,99.64,5.48,24.79
2010-08-07,0.86,27.55,82.83,99.89,4.14,24.35
2010-08-08,0.92,28.3,82.06,99.9,2.6,24.84
2010-08-09,0.4,28.98,81.28,99.8,2.06,25.35
2010-08-10,0.17,29.47,81.64,99.78,1.94,25.89
2010-08-11,0.54,28.89,84.58,99.81,1.71,25.99
2010-08-12,2.9,28.17,86.78,99.87,1.82,25.76
2010-08-13,4.86,28.34,86.26,99.93,2.7,25.81
2010-08-14,3.0,27.98,87.96,99.96,3.61,25.8
2010-08-15,0.54,28.08,87.24,100.08,3.52,25.74
2010-08-16,0.85,28.16,86.16,100.14,2.96,25.61
2010-08-17,0.34,28.43,84.88,99.92,2.57,25.6
2010-08-18,0.0,28.55,85.73,99.88,3.18,25.9
2010-08-19,0.42,28.61,84.13,100.1,3.06,25.63
2010-08-20,4.83,28.1,84.36,100.33,3.57,25.2
2010-08-21,0.49,28.24,85.63,100.22,2.73,25.57
2010-08-22,0.05,28.41,82.6,100.03,2.18,25.06
2010-08-23,0.01,28.84,82.42,99.9,1.65,25.45
2010-08-24,0.93,28.94,83.13,99.83,1.88,25.74
2010-08-25,2.28,28.48,85.85,99.9,3.15,25.84
2010-08-26,20.78,28.3,87.32,99.97,3.4,25.97
2010-08-27,13.14,28.32,88.36,99.95,3.24,26.2
2010-08-28,2.06,27.95,86.82,99.95,3.49,25.52
2010-08-29,2.4,27.9,85.91,99.87,3.83,25.28
2010-08-30,7.59,27.92,84.21,99.61,4.98,24.96
2010-08-31,5.45,27.86,83.52,99.58,5.81,24.78
2010-09-01,1.7,28.33,82.61,99.8,2.86,25.01
2010-09-02,3.17,29.27,83.35,99.84,1.51,26.09
2010-09-03,4.21,28.82,86.05,99.79,2.8,26.21
2010-09-04,2.23,28.75,85.36,99.62,4.4,26.01
2010-09-05,0.83,28.65,85.33,99.56,5.64,25.91
2010-09-06,14.04,29.17,85.89,99.53,2.65,26.53
2010-09-07,13.26,28.71,88.76,99.47,2.47,26.65
2010-09-08,4.53,28.47,86.33,99.77,3.13,25.94
2010-09-09,0.3,28.6,85.11,100.02,3.68,25.82
2010-09-10,19.51,28.49,86.03,100.04,2.34,25.88
2010-09-11,32.37,27.77,87.52,100.07,2.26,25.5
2010-09-12,23.6,27.84,85.13,100.07,1.93,25.08
2010-09-13,8.11,27.87,84.77,99.97,1.64,25.03
2010-09-14,1.2,27.66,84.75,99.85,1.75,24.81
2010-09-15,2.71,27.64,85.56,99.85,2.24,24.98
2010-09-16,8.43,27.84,88.54,99.77,3.57,25.75
2010-09-17,46.07,27.5,88.63,99.72,3.03,25.45
2010-09-18,50.26,27.25,89.65,99.7,4.37,25.41
2010-09-19,12.31,27.63,86.27,99.97,4.94,25.12
2010-09-20,6.25,27.73,86.6,100.19,3.26,25.28
2010-09-21,0.9,27.99,85.09,100.32,2.24,25.2
2010-09-22,3.99,28.06,85.89,100.31,1.69,25.46
2010-09-23,13.57,27.45,85.82,100.22,1.24,24.84
2010-09-24,11.06,28.18,80.25,100.15,1.06,24.33
2010-09-25,0.03,28.43,78.18,100.26,1.62,24.07
2010-09-26,0.16,28.14,84.65,100.44,1.99,25.27
2010-09-27,0.13,28.24,84.12,100.5,2.47,25.27
2010-09-28,0.67,28.4,81.92,100.47,1.63,24.98
2010-09-29,0.81,28.29,80.38,100.47,1.41,24.53
2010-09-30,0.5,27.55,80.8,100.44,1.52,23.92
2010-10-01,5.8,27.08,86.5,100.37,2.28,24.61
2010-10-02,5.78,27.4,84.3,100.35,1.17,24.49
2010-10-03,0.16,28.3,78.96,100.35,1.26,24.19
2010-10-04,0.15,28.48,77.85,100.24,1.35,24.17
2010-10-05,6.41,27.37,85.29,100.12,3.03,24.66
2010-10-06,19.97,27.04,91.2,99.85,3.54,25.48
2010-10-07,36.8,27.27,89.69,99.55,3.2,25.42
2010-10-08,11.86,27.17,91.46,99.48,3.77,25.66
2010-10-09,0.32,27.04,84.31,99.93,1.7,24.09
2010-10-10,0.01,27.62,83.05,99.99,1.57,24.41
2010-10-11,0.0,27.98,78.42,100.21,1.23,23.79
2010-10-12,0.0,28.01,73.85,100.33,1.63,22.81
2010-10-13,0.0,26.72,79.49,100.23,2.75,22.76
2010-10-14,18.42,25.97,87.93,100.0,3.81,23.8
2010-10-15,33.56,26.33,92.34,99.46,7.39,24.99
2010-10-16,5.88,27.04,84.31,99.91,5.22,24.14
2010-10-17,5.76,27.28,85.57,100.18,3.5,24.63
2010-10-18,1.55,27.33,84.8,100.4,2.21,24.5
2010-10-19,0.0,27.95,80.6,100.43,1.08,24.17
2010-10-20,0.16,28.16,80.78,100.33,1.28,24.41
2010-10-21,0.42,28.3,81.28,100.06,1.69,24.67
2010-10-22,8.08,27.98,88.16,99.88,2.52,25.81
2010-10-23,2.05,27.43,86.89,100.02,1.23,25.0
2010-10-24,0.5,26.18,86.66,100.16,3.05,23.76
2010-10-25,0.48,25.9,83.49,100.45,2.16,22.8
2010-10-26,0.07,25.86,79.46,100.63,1.59,21.96
2010-10-27,0.02,26.53,77.38,100.69,1.48,22.17
2010-10-28,0.16,26.7,80.07,100.74,1.74,22.92
2010-10-29,0.7,25.67,83.06,100.83,2.86,22.54
2010-10-30,7.08,24.48,84.07,100.99,2.99,21.6
2010-10-31,9.15,24.25,87.42,100.91,2.6,22.01
2010-11-01,6.72,24.82,88.19,100.65,2.57,22.7
2010-11-02,2.75,25.02,89.05,100.73,3.56,23.05
2010-11-03,0.04,25.41,86.07,100.86,3.16,22.84
2010-11-04,0.0,25.37,82.34,100.87,2.66,22.04
2010-11-05,0.0,24.39,78.91,100.81,2.39,20.37
2010-11-06,0.0,24.64,82.99,100.68,3.28,21.47
2010-11-07,6.04,25.77,87.23,100.68,4.15,23.41
2010-11-08,26.94,26.56,87.23,100.85,3.61,24.24
2010-11-09,1.93,26.54,85.65,101.04,2.48,23.89
2010-11-10,0.18,26.37,80.64,100.9,1.37,22.66
2010-11-11,0.0,25.87,84.2,100.68,2.48,22.97
2010-11-12,0.3,25.95,82.37,100.44,1.51,22.66
2010-11-13,0.17,26.03,81.08,100.46,1.36,22.42
2010-11-14,0.0,25.44,83.25,100.88,2.04,22.32
2010-11-15,0.0,25.08,80.61,100.99,2.28,21.4
2010-11-16,0.0,24.74,75.94,100.86,1.77,20.08
2010-11-17,0.23,25.35,69.11,100.87,0.8,19.1
2010-11-18,0.0,26.2,68.55,100.87,0.55,19.86
2010-11-19,0.0,25.92,73.89,100.73,1.3,20.85
2010-11-20,0.05,25.87,78.15,100.47,1.78,21.69
2010-11-21,0.04,25.83,80.97,100.48,1.67,22.23
2010-11-22,0.14,24.53,81.66,100.57,1.93,21.08
2010-11-23,0.0,24.79,69.72,100.66,1.09,18.7
2010-11-24,0.0,24.36,69.2,100.77,0.94,18.24
2010-11-25,0.0,24.47,68.77,100.82,0.88,18.26
2010-11-26,0.0,25.02,73.66,100.67,1.05,19.9
2010-11-27,0.0,26.07,74.27,100.61,0.9,21.06
2010-11-28,0.07,25.98,76.38,100.76,0.99,21.42
2010-11-29,0.0,25.63,77.96,100.8,1.15,21.4
2010-11-30,0.0,25.13,83.18,100.73,1.72,22.04
2010-12-01,0.0,23.47,78.31,100.79,2.76,19.37
2010-12-02,0.0,21.79,68.17,100.87,2.47,15.46
2010-12-03,0.0,21.42,66.03,100.89,2.75,14.55
2010-12-04,0.0,21.07,71.47,100.78,3.09,15.52
2010-12-05,0.26,21.01,79.65,100.66,3.5,17.23
2010-12-06,8.57,21.1,85.43,100.69,4.22,18.5
2010-12-07,2.92,21.47,86.68,100.69,3.78,19.04
2010-12-08,28.15,22.11,93.76,100.51,4.37,21.01
2010-12-09,4.18,24.97,88.89,100.24,1.71,22.97
2010-12-10,0.99,24.8,88.63,100.15,2.04,22.75
2010-12-11,0.02,23.77,82.1,100.27,2.36,20.4
2010-12-12,0.0,22.99,73.49,100.3,1.37,17.71
2010-12-13,0.53,22.57,82.4,100.56,2.01,19.35
2010-12-14,0.22,22.33,81.51,100.74,2.31,18.94
2010-12-15,0.0,20.52,72.45,100.86,2.47,15.17
2010-12-16,0.0,19.55,66.4,100.88,1.86,12.95
2010-12-17,0.0,19.1,65.11,100.89,1.75,12.15
2010-12-18,0.0,19.91,62.34,100.91,1.7,12.35
2010-12-19,0.0,19.51,62.87,101.1,2.26,12.07
2010-12-20,0.0,18.72,62.92,101.2,2.27,11.08
2010-12-21,0.0,17.67,63.43,100.96,2.18,10.32
2010-12-22,0.0,17.27,62.87,100.71,1.91,9.79
2010-12-23,0.0,18.64,59.29,100.8,1.15,10.02
2010-12-24,0.0,20.12,60.25,100.85,1.25,12.04
2010-12-25,0.0,20.09,67.27,100.8,1.7,13.61
2010-12-26,0.0,20.08,71.92,100.91,1.55,14.63
2010-12-27,0.0,20.38,69.0,100.97,1.56,14.28
2010-12-28,0.0,20.17,66.43,101.0,1.44,13.55
2010-12-29,0.0,20.08,63.9,100.99,1.46,12.77
2010-12-30,0.0,20.05,60.74,100.9,1.27,11.99
2010-12-31,0.0,20.37,61.05,100.77,0.98,12.41
2011-01-01,0.0,21.21,71.23,100.62,1.8,15.64
2011-01-02,0.0,20.01,80.28,100.8,3.07,16.31
2011-01-03,0.0,19.38,71.99,101.0,2.76,13.93
2011-01-04,0.0,17.21,66.01,101.03,2.72,10.45
2011-01-05,0.0,16.89,63.98,100.93,2.02,9.86
2011-01-06,0.0,17.71,62.35,101.01,2.41,10.2
2011-01-07,0.0,17.53,65.39,100.99,2.67,10.55
2011-01-08,0.0,17.77,69.94,100.82,2.66,11.84
2011-01-09,0.0,19.74,73.0,100.74,2.18,14.4
2011-01-10,0.0,19.6,66.03,100.75,2.1,12.69
2011-01-11,0.0,16.96,61.25,100.83,2.64,8.75
2011-01-12,0.0,17.22,57.08,100.8,2.25,8.1
2011-01-13,0.0,18.45,55.66,100.86,1.94,8.99
2011-01-14,0.0,19.36,59.47,100.9,1.74,10.88
2011-01-15,0.0,20.93,62.09,101.0,1.31,13.05
2011-01-16,0.0,21.01,71.31,100.71,2.79,15.1
2011-01-17,0.0,18.03,57.54,100.8,2.45,8.18
2011-01-18,0.0,18.05,54.74,100.85,1.84,8.12
2011-01-19,0.0,20.68,69.24,100.72,1.9,14.26
2011-01-20,0.0,19.79,72.09,100.91,2.42,14.03
2011-01-21,0.0,20.09,67.88,100.96,1.8,13.21
2011-01-22,0.0,19.88,61.68,101.04,1.82,11.84
2011-01-23,0.0,20.98,65.39,101.17,1.1,13.82
2011-01-24,0.0,21.32,62.12,101.1,1.32,13.17
2011-01-25,0.0,22.24,65.67,101.08,1.36,14.84
2011-01-26,0.0,22.93,69.88,101.15,1.18,16.65
2011-01-27,0.0,23.6,68.83,101.17,1.2,16.71
2011-01-28,0.0,23.28,75.6,101.12,1.95,18.42
2011-01-29,0.0,23.37,74.05,101.03,1.57,18.21
2011-01-30,0.26,23.78,73.99,101.03,1.6,18.44
2011-01-31,0.01,24.35,67.19,101.01,0.97,17.25
2011-02-01,0.0,22.84,67.6,101.08,2.57,16.04
2011-02-02,0.0,22.99,72.53,101.08,1.61,17.37
2011-02-03,0.0,22.97,71.97,101.07,1.62,17.27
2011-02-04,0.0,23.1,67.85,101.0,1.07,16.51
2011-02-05,0.0,22.86,70.67,100.9,1.5,17.0
2011-02-06,0.0,22.96,67.42,100.85,1.41,16.02
2011-02-07,0.0,23.6,68.9,100.72,1.62,16.83
2011-02-08,0.0,23.41,57.05,100.46,2.11,12.93
2011-02-09,0.0,23.87,55.87,100.42,2.09,13.35
2011-02-10,0.0,23.93,64.7,100.69,2.4,16.05
2011-02-11,0.0,24.59,69.53,100.8,2.06,17.87
2011-02-12,0.0,24.9,65.61,100.7,1.92,16.69
2011-02-13,0.0,24.66,57.44,100.57,1.96,13.76
2011-02-14,0.0,24.81,58.75,100.51,1.92,14.76
2011-02-15,0.0,25.21,67.44,100.59,3.36,17.38
2011-02-16,0.0,24.42,69.17,100.7,3.68,17.26
2011-02-17,0.0,25.27,73.15,100.68,2.63,19.48
2011-02-18,0.0,25.35,72.81,100.72,2.47,19.76
2011-02-19,19.95,24.79,79.91,100.88,2.64,20.99
2011-02-20,21.23,23.97,82.53,100.97,3.48,20.76
2011-02-21,3.6,22.07,80.77,100.94,3.43,18.54
2011-02-22,0.0,22.02,63.75,101.07,2.43,14.07
2011-02-23,0.0,24.25,57.8,101.04,1.17,14.89
2011-02-24,0.0,24.01,62.19,100.87,2.02,15.58
2011-02-25,0.0,24.3,65.71,100.65,2.1,16.73
2011-02-26,0.0,25.05,64.96,100.7,2.04,17.39
2011-02-27,0.0,25.79,62.96,100.9,1.87,17.59
2011-02-28,0.0,25.25,58.9,100.97,2.18,15.49
2011-03-01,0.0,25.05,57.74,100.84,1.88,15.12
2011-03-02,0.0,25.46,60.12,100.74,1.94,16.04
2011-03-03,0.0,26.4,61.47,100.71,1.85,17.33
2011-03-04,0.0,27.3,59.24,100.61,2.26,17.54
2011-03-05,0.0,28.0,58.44,100.59,2.47,17.84
2011-03-06,0.0,29.31,55.82,100.7,1.64,18.21
2011-03-07,0.0,28.16,55.98,100.79,2.21,17.02
2011-03-08,0.0,28.31,52.76,100.6,2.03,15.44
2011-03-09,0.0,28.05,61.89,100.57,2.76,18.15
2011-03-10,0.0,28.18,66.51,100.63,3.62,20.04
2011-03-11,0.04,27.85,59.18,100.62,3.56,17.94
2011-03-12,0.02,27.49,65.4,100.65,3.52,19.79
2011-03-13,0.0,27.51,68.85,100.65,2.65,20.12
2011-03-14,0.0,27.72,66.17,100.57,2.85,19.31
2011-03-15,0.82,27.62,66.33,100.55,2.85,19.83
2011-03-16,0.69,27.7,60.07,100.5,2.09,18.22
2011-03-17,0.0,26.85,63.55,100.6,3.3,18.72
2011-03-18,0.0,27.03,66.51,100.42,5.3,19.73
2011-03-19,0.0,27.98,66.59,100.19,6.08,20.48
2011-03-20,0.0,28.62,67.33,100.14,5.51,21.02
2011-03-21,0.0,28.69,66.0,100.25,5.05,20.5
2011-03-22,0.0,28.89,66.16,100.35,3.64,19.88
2011-03-23,0.0,28.24,73.51,100.48,3.92,22.39
2011-03-24,0.01,28.0,68.83,100.49,4.67,20.98
2011-03-25,0.03,28.31,64.79,100.53,4.11,20.23
2011-03-26,0.13,29.01,62.06,100.52,4.36,20.09
2011-03-27,0.06,29.76,58.64,100.44,3.16,19.04
2011-03-28,0.0,29.34,63.81,100.41,3.69,20.06
2011-03-29,0.0,28.93,68.71,100.44,5.11,21.71
2011-03-30,0.0,29.11,69.43,100.39,5.73,22.18
2011-03-31,0.0,29.22,69.69,100.38,4.36,22.1
2011-04-01,0.0,29.03,70.86,100.43,4.06,22.37
2011-04-02,0.0,28.81,70.5,100.43,4.74,22.34
2011-04-03,0.0,29.2,69.99,100.4,5.22,22.54
2011-04-04,1.22,29.53,68.58,100.37,5.2,22.53
2011-04-05,1.79,29.05,68.36,100.59,3.08,22.1
2011-04-06,0.01,29.68,62.52,100.61,2.4,20.5
2011-04-07,0.0,29.65,61.07,100.65,3.85,20.37
2011-04-08,0.0,30.09,58.25,100.58,4.3,19.59
2011-04-09,0.07,30.12,60.45,100.64,4.16,20.55
2011-04-10,0.01,29.83,59.75,100.76,3.5,20.27
2011-04-11,0.0,30.14,56.75,100.61,3.13,19.54
2011-04-12,0.0,30.57,54.64,100.49,3.25,19.11
2011-04-13,0.03,30.3,59.18,100.5,4.28,20.33
2011-04-14,0.53,30.34,60.76,100.39,4.05,20.96
2011-04-15,3.78,30.59,57.17,100.31,3.82,20.35
2011-04-16,1.06,29.61,66.1,100.4,4.04,22.2
2011-04-17,0.01,30.32,62.89,100.4,4.37,21.83
2011-04-18,0.14,30.72,63.89,100.17,4.2,22.55
2011-04-19,2.57,29.89,69.23,100.19,4.49,23.15
2011-04-20,0.41,29.63,69.91,100.29,3.59,23.21
2011-04-21,0.76,30.17,67.33,100.36,3.69,23.14
2011-04-22,1.55,29.69,63.58,100.4,3.73,21.59
2011-04-23,0.45,29.74,61.52,100.36,3.57,20.99
2011-04-24,0.56,28.93,68.15,100.35,5.16,22.17
2011-04-25,0.49,29.11,67.0,100.41,4.85,22.04
2011-04-26,1.23,29.26,66.59,100.42,3.44,22.0
2011-04-27,2.19,29.64,64.18,100.23,2.6,21.53
2011-04-28,0.53,29.96,63.46,100.05,3.1,21.65
2011-04-29,8.81,29.77,67.96,100.06,2.8,22.81
2011-04-30,3.19,29.84,68.85,100.2,3.56,23.04
2011-05-01,0.75,30.13,69.43,100.21,4.22,23.51
2011-05-02,0.44,30.75,68.65,100.02,5.09,23.83
2011-05-03,0.05,32.09,66.24,99.88,4.44,24.3
2011-05-04,1.19,32.42,65.61,99.91,4.87,24.23
2011-05-05,6.82,31.32,69.88,99.98,4.38,24.64
2011-05-06,3.83,31.31,67.68,99.98,3.91,24.18
2011-05-07,5.37,30.94,66.51,99.91,3.65,23.74
2011-05-08,3.45,30.86,67.64,99.83,2.97,23.66
2011-05-09,0.0,32.09,62.49,99.81,3.7,23.15
2011-05-10,0.0,33.36,60.31,99.68,5.3,23.4
2011-05-11,0.0,34.39,54.87,99.64,4.63,22.22
2011-05-12,0.0,33.82,56.05,99.74,4.58,22.66
2011-05-13,0.0,32.92,60.64,99.83,5.28,23.45
2011-05-14,0.04,32.55,63.64,99.88,4.18,23.95
2011-05-15,0.01,32.03,67.03,100.09,4.65,24.63
2011-05-16,0.0,30.94,74.54,100.36,4.16,25.7
2011-05-17,0.0,30.17,73.31,100.38,4.18,24.51
2011-05-18,0.45,30.75,71.03,100.16,5.94,24.55
2011-05-19,73.28,28.87,84.96,99.98,6.42,26.05
2011-05-20,24.67,28.67,88.48,99.84,5.2,26.56
2011-05-21,0.05,29.63,81.07,99.62,5.84,25.78
2011-05-22,1.56,29.56,80.82,99.82,4.81,25.7
2011-05-23,0.28,31.09,74.86,99.89,3.66,25.49
2011-05-24,0.07,31.27,73.17,99.83,4.24,25.35
2011-05-25,0.05,31.1,74.07,99.75,4.29,25.59
2011-05-26,4.57,31.09,75.17,99.81,3.84,25.9
2011-05-27,3.71,30.77,75.48,99.83,1.54,25.63
2011-05-28,0.79,30.46,74.87,99.82,1.43,25.23
2011-05-29,1.15,31.09,74.18,99.82,2.48,25.58
2011-05-30,2.57,30.62,76.06,99.79,3.83,25.72
2011-05-31,0.38,30.89,77.53,99.63,3.29,26.28
2011-06-01,0.19,31.18,73.65,99.71,3.77,25.46
2011-06-02,0.55,31.0,73.92,99.86,3.12,25.18
2011-06-03,0.26,30.0,79.16,99.97,3.05,25.78
2011-06-04,13.11,30.0,80.4,99.83,3.13,26.1
2011-06-05,8.71,29.85,81.64,99.84,2.37,26.26
2011-06-06,0.04,29.94,82.03,99.87,2.68,26.44
2011-06-07,0.5,30.5,73.69,99.81,2.55,25.04
2011-06-08,0.42,30.09,72.84,99.76,3.34,24.5
2011-06-09,0.12,31.12,71.92,99.6,4.5,25.18
2011-06-10,0.0,31.08,72.21,99.58,4.69,25.26
2011-06-11,2.56,30.94,72.65,99.58,3.67,25.23
2011-06-12,1.49,31.75,70.55,99.55,2.68,25.25
2011-06-13,6.84,29.5,76.91,99.62,3.43,24.86
2011-06-14,9.46,30.47,78.32,99.42,2.21,26.1
2011-06-15,42.3,28.9,87.59,99.33,3.64,26.63
2011-06-16,37.04,28.32,86.92,99.3,4.36,25.93
2011-06-17,6.76,28.22,83.93,99.23,5.63,25.19
2011-06-18,19.27,28.64,84.31,99.11,4.86,25.7
2011-06-19,3.16,29.54,77.78,99.05,5.13,25.14
2011-06-20,3.85,29.28,78.48,99.32,4.2,25.05
2011-06-21,8.5,28.14,86.7,99.56,4.17,25.7
2011-06-22,3.72,28.81,84.49,99.49,4.08,25.85
2011-06-23,12.14,29.11,85.43,99.48,3.64,26.35
2011-06-24,16.65,28.96,86.27,99.48,3.25,26.4
2011-06-25,7.79,28.02,89.0,99.31,4.09,26.03
2011-06-26,3.51,28.5,82.28,99.32,3.81,25.09
2011-06-27,1.13,28.55,83.44,99.34,4.49,25.39
2011-06-28,0.68,29.18,83.05,99.4,4.02,25.86
2011-06-29,1.07,28.64,88.39,99.61,3.69,26.51
2011-06-30,15.62,29.19,85.21,99.74,3.1,26.37
2011-07-01,18.09,28.89,87.19,99.75,3.25,26.5
2011-07-02,6.53,28.61,85.57,99.76,3.17,25.9
2011-07-03,2.68,27.93,84.86,99.82,3.58,25.12
2011-07-04,7.25,27.86,83.43,99.88,1.93,24.73
2011-07-05,5.21,27.02,84.88,99.78,3.07,24.23
2011-07-06,36.94,27.47,86.49,99.75,4.22,25.0
2011-07-07,35.53,27.89,84.26,99.99,5.66,24.97
2011-07-08,2.54,27.86,86.0,100.19,4.33,25.27
2011-07-09,0.48,28.54,84.4,100.0,4.02,25.56
2011-07-10,0.87,29.01,83.49,99.79,2.73,25.83
2011-07-11,6.33,29.03,81.88,99.57,2.16,25.53
2011-07-12,14.84,29.23,83.63,99.32,1.74,26.1
2011-07-13,15.08,28.53,84.68,99.34,2.71,25.64
2011-07-14,10.01,28.41,85.1,99.35,5.0,25.63
2011-07-15,2.5,28.43,84.72,99.42,4.79,25.56
2011-07-16,57.54,28.05,89.77,99.36,4.27,26.22
2011-07-17,32.8,28.36,88.21,99.38,3.73,26.19
2011-07-18,4.34,28.09,90.83,99.49,4.69,26.46
2011-07-19,8.05,28.43,88.8,99.5,4.78,26.39
2011-07-20,27.94,28.29,89.42,99.35,5.12,26.38
2011-07-21,18.48,27.85,86.24,99.24,6.3,25.3
2011-07-22,0.35,27.28,84.64,99.36,5.46,24.4
2011-07-23,2.37,27.93,83.62,99.58,3.68,24.77
2011-07-24,4.7,28.35,81.86,99.74,1.5,24.82
2011-07-25,12.25,27.48,85.19,100.01,2.58,24.75
2011-07-26,5.09,27.51,84.54,100.16,2.34,24.65
2011-07-27,0.23,27.72,84.37,100.04,2.28,24.79
2011-07-28,0.1,28.07,86.0,99.82,2.72,25.47
2011-07-29,0.05,28.66,83.18,99.74,2.18,25.44
2011-07-30,0.03,28.85,82.9,99.64,2.1,25.58
2011-07-31,0.01,29.04,81.9,99.5,1.84,25.54
2011-08-01,28.91,29.93,81.54,99.39,1.9,26.31
2011-08-02,25.27,28.94,87.5,99.44,2.61,26.65
2011-08-03,17.68,28.63,84.8,99.51,3.55,25.76
2011-08-04,1.5,28.71,86.95,99.52,5.12,26.3
2011-08-05,10.32,28.53,88.77,99.53,4.05,26.47
2011-08-06,44.26,28.4,89.68,99.44,4.52,26.53
2011-08-07,19.95,27.94,90.5,99.4,4.01,26.25
2011-08-08,2.37,28.27,90.15,99.5,3.95,26.49
2011-08-09,7.97,27.91,90.12,99.69,5.08,26.14
2011-08-10,13.72,28.05,90.25,99.78,4.6,26.3
2011-08-11,16.56,27.52,91.11,99.71,3.5,25.95
2011-08-12,7.18,27.09,91.43,99.44,4.45,25.58
2011-08-13,3.03,27.62,88.89,99.49,5.04,25.61
2011-08-14,0.75,27.8,89.63,100.0,3.64,25.92
2011-08-15,1.21,28.02,89.18,100.13,3.61,26.05
2011-08-16,1.36,27.92,89.26,100.04,2.69,25.97
2011-08-17,12.69,27.72,87.85,99.93,2.35,25.49
2011-08-18,4.89,26.56,88.98,99.97,2.1,24.6
2011-08-19,13.37,26.58,87.56,99.97,2.08,24.35
2011-08-20,2.8,27.3,86.24,100.08,2.62,24.77
2011-08-21,0.98,27.53,85.8,100.12,2.45,24.9
2011-08-22,0.27,27.17,87.75,100.12,3.89,24.96
2011-08-23,11.6,27.71,86.69,100.06,4.51,25.26
2011-08-24,13.5,28.24,87.69,99.85,4.34,25.97
2011-08-25,4.42,27.99,88.96,99.79,3.76,25.98
2011-08-26,46.78,27.51,89.37,99.72,2.87,25.58
2011-08-27,35.05,27.72,90.34,99.65,1.96,25.98
2011-08-28,7.81,27.55,88.46,99.57,1.75,25.48
2011-08-29,28.96,27.69,88.73,99.68,1.99,25.66
2011-08-30,14.84,27.87,88.19,99.69,2.27,25.73
2011-08-31,30.99,27.54,89.84,99.62,2.87,25.72
2011-09-01,46.66,27.49,91.14,99.52,6.75,25.93
2011-09-02,11.86,27.59,91.32,99.66,5.21,26.06
2011-09-03,27.53,27.54,90.1,99.8,4.18,25.78
2011-09-04,13.99,27.33,91.03,99.87,2.77,25.74
2011-09-05,16.62,27.74,89.96,99.75,3.39,25.93
2011-09-06,22.88,27.68,90.9,99.65,4.68,26.07
2011-09-07,21.67,27.18,91.16,99.51,5.86,25.64
2011-09-08,8.88,27.46,91.2,99.51,3.74,25.9
2011-09-09,2.22,27.53,88.27,99.76,3.35,25.4
2011-09-10,0.9,27.98,85.99,99.92,2.22,25.34
2011-09-11,2.74,28.25,85.42,99.86,1.79,25.51
2011-09-12,0.63,28.84,83.64,99.84,1.29,25.73
2011-09-13,8.15,28.62,81.48,99.83,1.31,25.05
2011-09-14,7.78,27.31,86.09,99.79,2.11,24.78
2011-09-15,12.77,27.34,88.61,99.78,3.35,25.29
2011-09-16,3.29,27.68,90.91,99.89,4.0,26.07
2011-09-17,1.41,27.73,89.58,99.77,2.27,25.85
2011-09-18,3.94,27.29,87.61,99.8,3.76,25.03
2011-09-19,4.81,27.1,86.0,100.0,3.82,24.52
2011-09-20,37.43,27.72,85.79,99.97,2.67,25.05
2011-09-21,29.69,27.3,86.53,99.7,4.28,24.81
2011-09-22,5.17,26.89,89.93,99.51,5.76,25.11
2011-09-23,3.25,27.4,86.18,99.71,4.12,24.83
2011-09-24,0.92,27.71,85.16,99.87,4.05,24.94
2011-09-25,0.08,28.39,83.01,100.14,2.98,25.08
2011-09-26,0.2,28.59,82.18,100.24,2.45,25.14
2011-09-27,0.06,28.2,82.44,100.13,2.77,24.84
2011-09-28,0.0,28.14,80.18,100.16,2.46,24.24
2011-09-29,0.0,27.93,81.29,100.17,2.83,24.35
2011-09-30,0.0,27.98,81.06,100.2,2.8,24.31
2011-10-01,0.0,27.41,81.33,100.2,3.42,23.8
2011-10-02,0.0,27.15,78.18,100.23,2.88,22.77
2011-10-03,0.0,27.66,76.85,100.22,2.45,23.1
2011-10-04,0.0,27.36,77.28,100.29,2.32,22.9
2011-10-05,0.0,27.68,71.24,100.46,1.68,21.82
2011-10-06,8.9,28.43,74.43,100.52,1.3,23.37
2011-10-07,7.48,27.77,83.98,100.5,2.26,24.77
2011-10-08,0.3,27.24,86.98,100.48,2.05,24.85
2011-10-09,0.64,27.2,86.62,100.54,2.01,24.76
2011-10-10,0.45,27.38,85.82,100.62,1.9,24.77
2011-10-11,0.16,27.81,83.62,100.65,1.84,24.75
2011-10-12,0.01,27.71,85.6,100.57,1.4,25.07
2011-10-13,0.05,28.9,77.52,100.42,0.64,24.46
2011-10-14,0.03,28.57,80.79,100.36,1.3,24.92
2011-10-15,0.0,28.12,72.02,100.32,1.37,22.36
2011-10-16,0.0,28.04,73.71,100.35,1.39,22.8
2011-10-17,0.0,27.79,77.8,100.4,1.92,23.49
2011-10-18,0.18,26.84,83.33,100.33,3.45,23.71
2011-10-19,0.03,27.72,77.35,100.2,2.67,23.24
2011-10-20,2.22,27.17,80.93,100.36,1.45,23.58
2011-10-21,0.88,27.3,80.64,100.45,1.37,23.61
2011-10-22,3.37,27.07,81.19,100.5,1.22,23.51
2011-10-23,1.26,26.63,82.31,100.67,1.97,23.31
2011-10-24,1.24,26.25,78.86,100.71,2.58,22.14
2011-10-25,0.01,25.8,74.03,100.71,2.06,20.73
2011-10-26,0.01,26.73,73.61,100.77,1.73,21.5
2011-10-27,0.0,25.92,71.87,100.79,2.17,20.31
2011-10-28,0.0,25.31,70.21,100.82,2.36,19.33
2011-10-29,0.0,25.07,71.76,100.8,2.34,19.5
2011-10-30,0.0,25.0,67.44,100.68,1.7,18.4
2011-10-31,0.0,25.22,63.58,100.75,1.37,17.72
2011-11-01,0.0,24.69,65.37,100.82,1.23,17.62
2011-11-02,0.0,24.38,64.05,100.76,1.49,16.94
2011-11-03,0.0,24.7,57.75,100.74,1.22,15.66
2011-11-04,0.0,24.03,65.22,100.83,1.44,16.96
2011-11-05,0.0,23.76,72.23,100.84,1.93,18.32
2011-11-06,0.0,23.89,73.08,100.79,2.11,18.52
2011-11-07,0.0,23.66,74.36,100.79,2.24,18.56
2011-11-08,0.0,23.08,74.42,100.81,2.37,17.98
2011-11-09,0.0,23.49,73.71,100.84,1.89,18.28
2011-11-10,0.0,23.89,69.74,100.83,1.28,17.85
2011-11-11,0.0,24.24,68.92,100.8,0.96,17.96
2011-11-12,0.0,24.48,76.82,100.79,1.43,19.98
2011-11-13,0.0,25.19,72.36,100.87,1.13,19.71
2011-11-14,0.0,25.07,72.63,100.94,0.98,19.72
2011-11-15,0.0,25.06,72.15,101.0,1.3,19.6
2011-11-16,0.0,24.09,69.18,100.94,1.77,17.92
2011-11-17,0.0,22.84,67.36,100.91,1.98,16.14
2011-11-18,0.0,22.69,68.09,100.86,1.99,16.23
2011-11-19,0.0,22.66,72.09,100.88,2.05,17.08
2011-11-20,0.0,23.18,73.13,101.01,1.58,17.81
2011-11-21,0.0,23.73,72.5,101.08,1.77,18.31
2011-11-22,0.0,23.25,74.51,101.02,2.06,18.32
2011-11-23,0.0,23.41,78.08,101.04,2.37,19.2
2011-11-24,0.0,23.68,75.73,101.06,2.33,18.91
2011-11-25,0.0,23.77,73.79,100.97,2.46,18.56
2011-11-26,0.0,24.08,76.01,100.92,2.02,19.32
2011-11-27,0.0,24.1,74.13,100.87,1.67,18.98
2011-11-28,0.0,22.95,74.46,100.76,2.0,17.97
2011-11-29,0.0,22.66,72.16,100.72,1.51,17.13
2011-11-30,0.0,23.26,70.92,100.75,1.04,17.43
2011-12-01,0.0,23.11,70.06,100.81,1.12,17.2
2011-12-02,0.0,23.32,73.4,100.7,0.94,18.2
2011-12-03,0.44,23.1,72.46,100.54,1.06,17.76
2011-12-04,0.02,23.36,67.34,100.66,0.94,16.7
2011-12-05,0.0,23.46,63.85,100.78,1.02,16.05
2011-12-06,0.0,23.18,68.11,100.83,1.36,16.6
2011-12-07,0.0,22.92,70.24,100.93,1.83,16.95
2011-12-08,0.0,22.45,73.07,100.92,2.28,16.93
2011-12-09,0.0,21.96,70.25,100.94,1.83,15.83
2011-12-10,0.0,21.37,68.26,100.87,1.78,14.93
2011-12-11,0.0,21.85,61.78,100.89,1.13,13.75
2011-12-12,0.0,22.63,63.02,101.05,1.38,14.96
2011-12-13,0.0,22.36,68.35,101.09,1.62,15.98
2011-12-14,0.0,21.77,74.43,101.12,1.89,16.77
2011-12-15,0.0,21.34,72.63,101.14,1.85,15.97
2011-12-16,0.0,20.82,65.09,101.16,1.74,13.7
2011-12-17,0.0,20.64,62.49,101.16,1.67,12.86
2011-12-18,0.0,19.77,63.55,101.21,2.02,12.14
2011-12-19,0.0,19.45,62.53,101.16,1.8,11.7
2011-12-20,0.0,19.53,60.89,101.09,2.24,11.25
2011-12-21,0.0,18.87,61.9,101.08,2.6,10.86
2011-12-22,0.0,18.98,56.21,101.07,2.5,9.32
2011-12-23,0.0,18.27,57.18,100.97,2.07,9.14
2011-12-24,0.0,18.61,59.35,100.91,2.38,10.06
2011-12-25,0.0,18.97,59.25,100.96,2.58,10.04
2011-12-26,0.0,18.97,63.97,100.98,2.62,11.17
2011-12-27,0.0,20.56,72.73,100.92,3.53,14.99
2011-12-28,0.05,20.63,71.74,101.02,4.75,15.13
2011-12-29,0.11,22.01,80.11,101.05,4.04,18.26
2011-12-30,3.9,23.24,78.56,101.13,3.14,19.09
2011-12-31,0.67,23.35,75.32,101.17,2.29,18.31
2012-01-01,0.17,23.63,71.07,100.99,1.65,17.58
2012-01-02,0.9,24.09,76.83,100.88,2.33,19.47
2012-01-03,2.46,23.97,80.67,100.87,1.69,20.27
2012-01-04,0.11,23.82,80.59,100.93,1.96,20.07
2012-01-05,0.0,23.93,82.2,101.02,2.11,20.48
2012-01-06,1.2,24.55,81.2,101.05,1.94,20.79
2012-01-07,0.98,24.26,80.31,101.19,2.42,20.37
2012-01-08,3.5,23.74,81.04,101.17,2.57,20.11
2012-01-09,6.0,23.48,79.82,101.05,2.81,19.61
2012-01-10,16.75,22.55,82.45,101.08,2.27,19.31
2012-01-11,2.21,21.4,76.58,101.21,3.18,16.93
2012-01-12,0.0,20.1,61.48,101.21,2.59,11.87
2012-01-13,0.0,16.95,54.94,101.29,3.72,6.64
2012-01-14,0.0,16.55,52.16,101.16,2.71,5.78
2012-01-15,0.0,17.9,50.62,100.96,2.28,6.81
2012-01-16,0.0,20.17,51.92,100.73,1.53,9.3
2012-01-17,0.0,21.26,66.71,100.57,2.31,14.02
2012-01-18,0.0,22.21,75.62,100.53,2.81,16.97
2012-01-19,0.0,22.78,77.94,100.6,3.43,18.32
2012-01-20,1.01,23.15,75.03,100.68,2.48,17.94
2012-01-21,0.13,20.87,62.58,100.88,2.46,12.75
2012-01-22,0.0,20.09,64.07,101.08,2.05,12.2
2012-01-23,0.0,20.63,57.14,101.06,1.26,10.78
2012-01-24,0.0,21.9,59.61,100.93,1.24,13.04
2012-01-25,0.0,22.69,70.0,100.92,1.39,16.59
2012-01-26,0.0,22.83,71.7,100.9,1.58,16.98
2012-01-27,0.02,22.92,71.87,100.91,1.15,17.24
2012-01-28,0.3,22.43,70.66,100.95,2.2,16.52
2012-01-29,0.0,22.95,64.8,100.94,2.25,15.72
2012-01-30,0.0,22.6,66.73,101.1,2.75,15.56
2012-01-31,0.0,22.52,61.04,101.18,2.4,13.85
2012-02-01,0.0,22.53,58.28,101.16,2.42,13.29
2012-02-02,0.0,21.99,58.91,101.23,2.35,13.05
2012-02-03,0.0,21.85,52.94,101.2,1.61,10.81
2012-02-04,0.0,22.18,53.07,101.07,1.47,11.52
2012-02-05,0.0,23.29,58.66,101.01,1.45,13.94
2012-02-06,0.0,24.5,56.79,100.89,1.37,13.92
2012-02-07,0.0,24.27,57.31,100.84,1.26,14.47
2012-02-08,0.0,23.81,65.4,100.66,2.73,16.31
2012-02-09,0.0,24.15,66.04,100.69,2.98,16.8
2012-02-10,0.0,22.49,61.88,100.89,2.57,14.21
2012-02-11,0.0,22.58,62.53,100.94,1.86,14.48
2012-02-12,0.0,23.2,69.24,100.98,1.56,16.55
2012-02-13,0.0,24.0,71.89,101.0,2.41,18.26
2012-02-14,0.0,25.25,68.82,100.89,2.67,18.73
2012-02-15,0.23,26.06,69.26,100.7,2.55,19.52
2012-02-16,0.35,26.09,69.21,100.66,3.03,19.29
2012-02-17,0.29,25.9,70.22,100.79,2.0,19.32
2012-02-18,0.0,26.53,66.06,100.9,1.51,18.81
2012-02-19,0.0,26.27,64.3,100.84,1.25,18.34
2012-02-20,0.0,25.43,46.01,100.69,1.87,11.39
2012-02-21,0.0,25.6,45.73,100.57,1.14,11.78
2012-02-22,0.0,25.98,50.02,100.52,1.65,13.3
2012-02-23,0.0,27.07,41.74,100.5,2.0,11.05
2012-02-24,0.0,27.39,48.64,100.51,1.29,13.34
2012-02-25,0.0,27.55,53.87,100.46,1.46,15.05
2012-02-26,0.0,27.63,50.42,100.36,1.86,14.24
2012-02-27,0.0,27.15,50.59,100.38,2.12,13.77
2012-02-28,0.0,27.39,54.91,100.16,2.63,15.64
2012-02-29,0.0,27.9,63.49,100.06,3.66,17.93
2012-03-01,0.0,27.82,72.42,100.28,3.11,21.32
2012-03-02,0.0,27.88,72.08,100.18,4.77,21.79
2012-03-03,0.0,28.04,63.81,100.14,2.6,19.11
2012-03-04,0.0,27.69,53.07,100.4,1.64,14.66
2012-03-05,0.0,27.96,61.08,100.43,2.67,17.8
2012-03-06,0.0,28.55,60.57,100.27,3.7,18.18
2012-03-07,0.0,28.69,63.32,100.02,4.12,19.04
2012-03-08,0.0,28.53,60.59,100.08,3.08,17.83
2012-03-09,0.0,28.3,62.85,100.12,2.65,18.38
2012-03-10,0.0,27.81,61.09,100.34,2.02,17.61
2012-03-11,0.0,28.25,63.0,100.6,2.18,19.33
2012-03-12,0.0,28.35,59.41,100.82,2.72,18.03
2012-03-13,0.0,28.62,59.31,100.78,2.59,18.55
2012-03-14,0.0,29.0,59.43,100.72,1.81,18.67
2012-03-15,0.0,27.45,43.72,100.78,2.2,11.35
2012-03-16,0.0,27.96,63.85,100.68,2.52,18.81
2012-03-17,0.0,28.8,58.06,100.53,2.62,16.68
2012-03-18,0.0,29.64,60.85,100.43,3.08,18.7
2012-03-19,0.0,30.07,51.89,100.41,1.85,17.01
2012-03-20,0.0,30.43,57.07,100.45,1.87,19.11
2012-03-21,0.0,30.14,59.5,100.41,2.62,19.76
2012-03-22,0.0,30.44,58.23,100.39,3.72,19.25
2012-03-23,0.0,29.98,48.55,100.55,2.29,14.08
2012-03-24,0.0,29.6,62.92,100.64,2.25,19.76
2012-03-25,0.0,29.53,59.56,100.61,2.9,18.76
2012-03-26,0.0,29.17,58.67,100.65,3.93,18.15
2012-03-27,0.0,29.29,55.56,100.72,4.16,17.47
2012-03-28,0.0,29.56,54.93,100.79,4.24,17.66
2012-03-29,0.0,29.97,56.09,100.6,4.11,18.02
2012-03-30,0.0,30.06,59.9,100.44,4.57,19.66
2012-03-31,0.03,28.89,67.06,100.62,3.02,21.58
2012-04-01,0.12,30.17,54.61,100.68,2.46,18.94
2012-04-02,0.0,30.1,57.71,100.69,3.46,19.55
2012-04-03,0.0,30.4,57.54,100.71,4.15,18.98
2012-04-04,0.01,30.71,59.18,100.53,4.57,20.23
2012-04-05,0.03,30.18,65.11,100.35,5.28,22.23
2012-04-06,0.0,30.91,56.48,100.27,5.38,20.27
2012-04-07,0.56,30.47,62.67,100.3,5.49,21.75
2012-04-08,0.66,30.53,64.29,100.26,6.26,22.35
2012-04-09,0.29,31.13,63.69,100.24,6.46,22.46
2012-04-10,28.32,29.64,72.98,100.28,5.74,23.71
2012-04-11,11.35,29.31,74.61,100.23,6.3,23.92
2012-04-12,0.08,30.7,65.73,100.08,5.56,22.6
2012-04-13,3.26,30.96,64.34,100.13,4.98,22.77
2012-04-14,0.89,30.77,64.34,100.38,3.89,22.37
2012-04-15,0.06,31.61,61.36,100.32,3.75,22.29
2012-04-16,0.0,32.31,58.23,100.14,4.0,21.5
2012-04-17,2.12,31.58,64.01,100.05,3.94,22.99
2012-04-18,1.14,31.34,64.36,100.0,4.86,22.97
2012-04-19,0.02,31.33,64.37,100.05,4.73,22.92
2012-04-20,0.0,30.61,69.3,100.21,4.41,23.86
2012-04-21,0.0,31.79,61.27,100.18,3.04,21.93
2012-04-22,0.63,31.72,62.76,100.0,3.79,22.64
2012-04-23,0.23,31.37,63.49,100.01,4.7,22.85
2012-04-24,1.61,31.8,61.51,100.12,4.84,22.72
2012-04-25,0.23,31.54,59.31,100.23,5.38,21.72
2012-04-26,0.25,31.42,61.14,100.27,4.86,22.3
2012-04-27,0.02,31.87,62.86,100.11,5.08,23.18
2012-04-28,18.65,31.36,69.61,99.95,5.48,24.67
2012-04-29,10.27,30.81,72.76,99.97,5.68,24.88
2012-04-30,0.0,31.18,67.93,99.91,5.91,23.88
2012-05-01,0.0,31.46,69.66,99.93,5.53,24.74
2012-05-02,1.36,31.95,68.74,99.96,5.37,24.7
2012-05-03,0.83,31.42,69.92,99.91,4.6,24.72
2012-05-04,5.37,30.49,74.67,99.88,4.32,25.25
2012-05-05,2.12,29.39,73.61,100.12,2.65,23.95
2012-05-06,0.05,30.62,61.95,100.16,2.82,21.79
2012-05-07,0.02,31.69,60.32,100.03,2.99,21.88
2012-05-08,0.0,31.38,65.93,99.97,4.7,23.36
2012-05-09,8.44,30.27,76.05,100.09,4.29,25.27
2012-05-10,4.5,29.84,75.6,100.26,4.15,24.82
2012-05-11,0.02,30.49,70.15,100.1,4.7,23.99
2012-05-12,0.83,30.54,72.53,99.9,5.65,24.8
2012-05-13,0.45,31.08,71.17,99.89,4.51,24.82
2012-05-14,0.0,31.77,67.96,99.93,4.45,24.66
2012-05-15,0.01,32.29,65.96,99.95,4.36,24.47
2012-05-16,0.0,32.8,64.0,99.75,3.76,24.32
2012-05-17,0.0,32.51,66.41,99.65,4.55,24.78
2012-05-18,0.18,32.61,65.43,99.65,3.97,24.41
2012-05-19,0.11,31.35,72.74,99.79,2.84,25.55
2012-05-20,0.0,31.98,66.5,99.81,3.32,24.52
2012-05-21,0.0,31.32,71.45,99.78,4.23,25.02
2012-05-22,0.0,32.03,67.41,99.79,4.51,24.49
2012-05-23,1.27,31.7,68.71,99.71,5.33,24.69
2012-05-24,0.48,32.36,61.84,99.54,5.46,23.59
2012-05-25,0.0,32.16,66.3,99.48,4.38,24.45
2012-05-26,0.0,31.02,77.11,99.55,4.23,26.26
2012-05-27,0.0,31.01,74.86,99.56,3.79,25.74
2012-05-28,0.0,31.78,68.55,99.58,3.98,24.75
2012-05-29,0.0,31.71,72.57,99.66,2.37,25.53
2012-05-30,0.0,32.07,69.46,99.51,4.89,25.04
2012-05-31,0.0,32.08,67.41,99.38,5.76,24.92
2012-06-01,0.02,31.71,72.34,99.4,4.87,25.75
2012-06-02,3.67,31.65,76.1,99.33,4.21,26.56
2012-06-03,1.95,32.8,68.35,99.19,4.18,25.69
2012-06-04,0.24,34.01,58.16,99.28,4.95,23.64
2012-06-05,0.0,34.37,57.32,99.29,5.02,22.97
2012-06-06,0.0,35.15,52.1,99.28,5.77,23.14
2012-06-07,0.25,34.05,56.27,99.4,3.92,23.59
2012-06-08,0.08,31.87,68.08,99.56,5.16,25.06
2012-06-09,0.06,31.53,68.49,99.54,4.96,24.79
2012-06-10,1.8,33.13,63.1,99.32,4.76,24.67
2012-06-11,0.56,33.44,57.86,99.31,4.74,23.54
2012-06-12,0.13,33.53,59.1,99.42,4.05,23.83
2012-06-13,0.43,31.52,66.9,99.7,4.22,24.48
2012-06-14,0.82,30.77,73.54,99.79,4.82,25.34
2012-06-15,15.73,30.56,78.77,99.67,4.41,26.3
2012-06-16,28.82,29.04,84.98,99.51,4.05,26.2
2012-06-17,9.86,29.4,79.97,99.41,3.33,25.43
2012-06-18,35.14,29.06,79.89,99.44,3.41,25.16
2012-06-19,12.37,29.19,77.72,99.32,4.42,24.72
2012-06-20,14.23,29.33,79.23,99.17,3.94,25.25
2012-06-21,23.92,28.3,85.87,99.26,4.04,25.69
2012-06-22,11.41,29.33,79.41,99.54,4.53,25.28
2012-06-23,3.23,29.24,79.54,99.6,4.09,25.19
2012-06-24,2.78,28.85,83.57,99.65,4.82,25.71
2012-06-25,12.45,28.37,85.04,99.82,6.61,25.56
2012-06-26,5.99,28.29,86.39,99.75,5.48,25.77
2012-06-27,0.04,29.6,77.09,99.69,3.28,24.94
2012-06-28,0.09,30.06,77.15,99.68,3.41,25.41
2012-06-29,0.02,28.55,82.34,99.61,4.11,25.2
2012-06-30,17.45,28.89,80.22,99.45,3.47,24.98
2012-07-01,42.83,29.06,84.63,99.27,2.21,26.12
2012-07-02,22.89,28.73,85.43,99.25,2.25,25.98
2012-07-03,11.42,28.46,84.19,99.16,5.86,25.48
2012-07-04,4.4,28.5,82.08,99.24,4.55,25.05
2012-07-05,21.43,28.79,87.64,99.42,3.65,26.49
2012-07-06,17.48,28.3,89.73,99.44,3.28,26.44
2012-07-07,7.19,28.17,86.63,99.35,4.37,25.67
2012-07-08,1.22,28.27,85.29,99.39,3.22,25.5
2012-07-09,2.32,27.98,87.1,99.56,3.9,25.6
2012-07-10,1.18,27.81,87.21,99.82,3.98,25.46
2012-07-11,1.24,28.57,84.51,99.92,3.71,25.63
2012-07-12,9.09,28.56,86.83,99.92,3.39,26.1
2012-07-13,4.89,28.45,88.84,99.82,3.19,26.4
2012-07-14,0.95,28.69,88.49,99.67,2.98,26.56
2012-07-15,0.69,27.95,89.32,99.77,4.41,26.02
2012-07-16,5.46,28.3,87.56,99.86,3.53,26.01
2012-07-17,7.98,28.57,86.81,99.94,4.12,26.1
2012-07-18,26.73,27.97,90.06,99.72,4.02,26.19
2012-07-19,87.24,28.01,88.97,99.55,3.13,26.01
2012-07-20,39.94,27.92,85.74,99.47,3.62,25.25
2012-07-21,20.59,27.87,88.24,99.45,4.23,25.73
2012-07-22,9.92,28.31,86.0,99.51,5.25,25.69
2012-07-23,0.56,28.24,83.53,99.42,4.94,25.07
2012-07-24,12.07,28.2,86.01,99.4,3.89,25.56
2012-07-25,21.14,28.0,88.54,99.41,4.53,25.91
2012-07-26,7.83,27.54,88.81,99.35,4.87,25.52
2012-07-27,1.72,27.88,87.94,99.31,3.81,25.68
2012-07-28,19.19,27.9,87.2,99.47,4.54,25.53
2012-07-29,7.44,27.65,88.61,99.61,4.79,25.58
2012-07-30,13.76,26.6,87.89,99.46,6.26,24.44
2012-07-31,6.54,27.17,84.97,99.5,5.74,24.37
2012-08-01,0.15,27.72,83.46,99.57,4.96,24.59
2012-08-02,1.62,27.4,86.33,99.49,3.44,24.9
2012-08-03,5.83,27.44,89.39,99.29,2.69,25.53
2012-08-04,11.59,27.59,89.09,99.13,5.16,25.62
2012-08-05,9.36,27.68,88.3,99.27,5.23,25.54
2012-08-06,2.05,28.2,86.49,99.42,5.1,25.66
2012-08-07,0.13,28.28,85.8,99.73,4.53,25.57
2012-08-08,1.23,28.06,88.6,99.76,4.13,25.98
2012-08-09,17.12,27.91,89.18,99.53,3.29,25.95
2012-08-10,17.16,27.7,88.88,99.45,2.85,25.68
2012-08-11,9.39,27.6,90.09,99.66,4.91,25.83
2012-08-12,10.51,27.48,89.97,99.88,5.02,25.69
2012-08-13,6.58,27.35,89.56,99.92,4.27,25.47
2012-08-14,1.6,27.21,90.53,99.88,3.71,25.52
2012-08-15,6.86,27.3,89.28,99.86,3.26,25.37
2012-08-16,5.07,27.54,88.17,99.71,3.42,25.39
2012-08-17,62.41,27.29,90.26,99.53,2.55,25.55
2012-08-18,25.6,27.7,90.53,99.35,2.57,26.02
2012-08-19,11.88,28.03,88.21,99.54,3.32,25.86
2012-08-20,4.69,27.59,89.89,99.79,4.94,25.78
2012-08-21,1.07,27.84,90.27,99.94,4.97,26.09
2012-08-22,1.25,27.93,88.99,100.1,3.69,25.91
2012-08-23,0.58,27.98,86.44,100.15,2.84,25.45
2012-08-24,5.47,27.46,89.9,100.02,2.42,25.65
2012-08-25,3.9,27.31,88.68,99.9,1.85,25.27
2012-08-26,5.71,27.3,87.5,99.79,2.0,25.03
2012-08-27,3.33,27.59,86.4,99.72,3.2,25.07
2012-08-28,0.87,28.09,86.28,99.8,2.81,25.54
2012-08-29,3.2,28.0,85.16,99.93,2.15,25.24
2012-08-30,8.13,27.83,87.04,99.86,3.17,25.46
2012-08-31,3.17,27.81,85.67,99.84,3.97,25.15
2012-09-01,13.14,27.94,87.82,99.8,4.24,25.73
2012-09-02,17.23,28.2,87.26,99.69,2.84,25.85
2012-09-03,25.32,28.23,87.47,99.47,2.61,25.93
2012-09-04,8.55,28.1,89.4,99.49,5.48,26.2
2012-09-05,3.48,28.33,88.4,99.79,4.96,26.21
2012-09-06,1.03,27.95,88.48,100.1,3.27,25.85
2012-09-07,6.24,27.88,84.65,100.14,1.21,25.0
2012-09-08,7.8,27.79,86.34,99.98,1.97,25.25
2012-09-09,18.75,27.89,81.65,99.88,1.73,24.36
2012-09-10,10.87,27.59,86.08,99.89,2.47,25.03
2012-09-11,1.94,27.71,87.47,99.92,3.71,25.42
2012-09-12,2.36,27.9,87.9,99.97,4.16,25.7
2012-09-13,2.21,27.99,87.32,100.0,2.99,25.64
2012-09-14,1.39,27.96,87.08,99.91,2.63,25.58
2012-09-15,1.42,27.84,87.35,99.77,2.87,25.49
2012-09-16,6.88,27.46,85.3,99.81,2.2,24.74
2012-09-17,5.41,27.85,84.88,100.05,1.67,25.01
2012-09-18,1.64,27.87,86.0,100.07,2.02,25.27
2012-09-19,0.93,28.38,84.11,100.05,2.15,25.38
2012-09-20,1.14,28.4,85.68,100.16,3.36,25.72
2012-09-21,0.47,28.42,86.79,100.13,3.56,25.97
2012-09-22,0.33,28.41,86.96,100.14,2.81,25.99
2012-09-23,12.64,28.42,82.87,100.12,1.39,25.14
2012-09-24,6.97,27.72,81.6,100.11,1.93,24.21
2012-09-25,0.0,27.92,75.99,100.21,2.19,23.17
2012-09-26,0.0,27.74,69.49,100.46,1.93,21.49
2012-09-27,0.23,27.69,75.94,100.47,2.12,22.97
2012-09-28,0.56,27.4,84.88,100.41,2.2,24.58
2012-09-29,2.08,27.33,87.69,100.39,2.22,25.1
2012-09-30,2.88,27.54,87.99,100.39,3.18,25.35
2012-10-01,5.26,27.51,87.77,100.42,3.19,25.28
2012-10-02,10.65,27.63,87.87,100.4,3.93,25.44
2012-10-03,7.32,27.47,88.12,100.25,4.7,25.33
2012-10-04,21.08,27.81,86.93,100.04,5.27,25.4
2012-10-05,4.81,28.0,83.36,100.22,2.62,24.83
2012-10-06,0.0,27.57,78.04,100.49,2.01,23.23
2012-10-07,0.0,26.24,78.26,100.51,2.87,21.93
2012-10-08,2.23,25.88,85.97,100.36,3.62,23.33
2012-10-09,1.64,26.81,90.47,100.19,3.49,25.11
2012-10-10,0.89,27.26,83.33,100.31,2.11,24.12
2012-10-11,0.3,26.75,80.56,100.43,2.05,23.06
2012-10-12,0.33,26.44,82.21,100.54,2.22,23.12
2012-10-13,1.27,26.6,81.84,100.59,1.24,23.18
2012-10-14,0.2,26.83,71.43,100.66,1.09,21.09
2012-10-15,0.0,26.04,70.17,100.84,2.29,19.98
2012-10-16,0.0,26.34,62.2,100.94,1.55,18.44
2012-10-17,0.0,25.96,71.51,100.89,1.86,20.32
2012-10-18,0.0,25.42,71.92,100.86,2.02,19.78
2012-10-19,0.01,25.71,73.44,100.89,2.21,20.52
2012-10-20,0.0,25.71,75.78,100.93,2.23,21.02
2012-10-21,0.0,25.16,76.89,100.96,2.56,20.72
2012-10-22,0.0,25.13,74.27,100.95,2.15,20.12
2012-10-23,0.0,25.32,73.38,100.84,1.71,20.13
2012-10-24,0.0,25.64,72.74,100.72,1.43,20.28
2012-10-25,0.0,25.04,65.73,100.66,1.33,17.96
2012-10-26,0.0,25.32,69.69,100.7,1.78,19.29
2012-10-27,0.0,25.29,78.09,100.75,2.08,21.11
2012-10-28,0.0,24.94,76.26,100.8,2.32,20.34
2012-10-29,0.0,23.21,73.36,100.75,2.77,17.93
2012-10-30,0.0,22.97,71.0,100.72,2.61,17.26
2012-10-31,0.0,23.89,77.76,100.77,2.6,19.65
2012-11-01,5.5,24.89,84.2,100.76,2.49,21.95
2012-11-02,35.39,25.35,87.53,100.69,1.97,23.11
2012-11-03,54.58,24.89,91.71,100.69,3.11,23.46
2012-11-04,18.54,25.06,89.24,100.62,3.2,23.15
2012-11-05,17.09,26.02,85.22,100.53,3.09,23.31
2012-11-06,1.97,26.08,84.91,100.6,2.23,23.29
2012-11-07,0.59,25.63,84.71,100.6,1.91,22.83
2012-11-08,0.01,23.96,82.99,100.56,3.23,20.81
2012-11-09,0.0,22.36,70.66,100.78,2.36,16.55
2012-11-10,0.0,21.79,66.79,100.95,2.11,15.12
2012-11-11,0.0,21.13,66.44,100.94,1.76,14.47
2012-11-12,0.0,21.25,66.8,100.95,2.08,14.71
2012-11-13,0.0,21.06,72.47,101.0,2.58,15.74
2012-11-14,0.0,20.97,73.39,100.82,2.56,15.74
2012-11-15,0.0,20.25,76.26,100.83,3.34,15.69
2012-11-16,0.0,18.93,76.47,100.91,4.13,14.41
2012-11-17,0.0,20.3,81.32,100.75,4.56,16.84
2012-11-18,0.0,23.26,83.64,100.65,4.35,20.23
2012-11-19,0.0,23.85,83.77,100.66,3.58,20.84
2012-11-20,0.0,24.22,84.04,100.82,3.92,21.26
2012-11-21,0.0,23.94,83.93,100.89,2.8,20.93
2012-11-22,0.0,23.97,81.78,100.85,1.9,20.56
2012-11-23,0.0,24.09,78.3,100.85,1.31,19.98
2012-11-24,0.0,24.26,72.8,100.84,0.88,18.94
2012-11-25,0.0,22.91,74.2,100.94,1.59,17.93
2012-11-26,0.0,22.23,66.13,100.99,1.36,15.3
2012-11-27,0.0,21.7,70.64,100.92,2.03,15.96
2012-11-28,0.0,20.85,69.79,100.9,1.82,14.83
2012-11-29,0.0,21.0,67.81,100.78,1.56,14.55
2012-11-30,0.0,20.87,69.96,100.77,2.22,14.95
2012-12-01,0.0,20.61,67.07,100.88,2.47,13.82
2012-12-02,0.0,20.41,66.44,101.02,2.41,13.77
2012-12-03,0.0,19.71,71.28,101.04,2.32,14.07
2012-12-04,0.0,19.35,70.8,100.98,2.12,13.68
2012-12-05,0.0,20.34,67.35,100.96,2.06,13.81
2012-12-06,0.0,20.44,65.17,100.97,1.76,13.31
2012-12-07,0.0,20.48,66.54,100.9,2.01,13.66
2012-12-08,0.0,21.04,66.95,100.88,1.78,14.34
2012-12-09,0.0,21.97,71.74,100.79,1.34,16.2
2012-12-10,0.0,22.96,79.18,100.78,1.73,18.94
2012-12-11,1.47,23.68,85.11,100.78,2.37,20.87
2012-12-12,0.64,24.23,83.76,100.77,2.54,21.15
2012-12-13,0.0,23.91,82.16,100.92,1.92,20.49
2012-12-14,0.0,24.05,77.73,101.19,1.36,19.72
2012-12-15,0.0,23.48,77.6,101.23,1.32,19.22
2012-12-16,0.0,22.64,77.35,101.27,2.31,18.23
2012-12-17,0.0,20.93,70.67,101.17,2.57,14.98
2012-12-18,0.0,20.65,71.27,101.13,2.64,14.88
2012-12-19,0.0,19.26,65.82,100.98,2.72,12.01
2012-12-20,0.0,19.53,69.38,100.91,2.22,13.4
2012-12-21,0.0,19.67,64.53,101.0,1.72,12.35
2012-12-22,0.0,19.5,63.66,101.06,1.96,12.02
2012-12-23,0.0,17.82,58.87,101.14,2.82,8.92
2012-12-24,0.0,17.8,57.06,101.07,1.93,8.59
2012-12-25,0.0,19.39,54.91,100.94,1.4,9.76
2012-12-26,0.0,19.22,63.72,100.94,1.98,11.94
2012-12-27,0.0,18.25,61.99,100.94,2.38,10.29
2012-12-28,0.0,18.59,58.84,100.82,1.77,9.95
2012-12-29,0.0,19.78,58.58,100.85,1.49,10.98
2012-12-30,0.0,20.19,61.37,100.85,1.08,12.26
2012-12-31,0.0,20.01,60.98,100.81,1.48,11.88
2013-01-01,0.0,20.9,65.59,100.84,1.27,13.95
2013-01-02,0.08,22.54,76.27,100.86,2.23,18.0
2013-01-03,0.22,23.97,81.72,100.86,1.94,20.52
2013-01-04,0.0,22.55,80.5,100.91,1.87,18.7
2013-01-05,0.0,22.13,79.19,100.8,1.79,18.06
2013-01-06,0.0,21.74,77.97,100.85,1.96,17.5
2013-01-07,0.23,22.11,72.57,100.94,1.72,16.76
2013-01-08,0.13,21.02,72.08,101.08,1.92,15.63
2013-01-09,0.0,17.89,57.49,101.17,2.43,8.61
2013-01-10,0.0,18.31,50.27,101.04,2.13,7.14
2013-01-11,0.0,18.24,57.4,101.06,2.64,9.04
2013-01-12,0.0,17.72,58.87,101.15,2.44,8.58
2013-01-13,0.0,18.77,57.83,100.97,2.12,9.53
2013-01-14,0.0,21.02,63.17,100.91,1.47,13.22
2013-01-15,0.0,21.63,70.95,101.07,1.51,15.53
2013-01-16,0.0,22.82,74.14,101.17,1.0,17.35
2013-01-17,0.0,22.79,73.81,101.19,1.17,17.35
2013-01-18,0.0,22.58,75.09,101.22,1.63,17.48
2013-01-19,0.0,22.29,68.31,101.15,1.36,15.32
2013-01-20,0.0,22.16,64.63,101.13,1.64,14.52
2013-01-21,0.0,21.8,69.85,101.32,2.39,15.58
2013-01-22,0.0,21.27,69.26,101.34,2.44,14.88
2013-01-23,0.0,21.36,59.85,101.32,1.83,12.5
2013-01-24,0.0,21.25,54.94,101.25,1.94,11.05
2013-01-25,0.0,20.81,51.97,101.27,2.17,9.87
2013-01-26,0.0,20.74,52.98,101.28,2.14,10.2
2013-01-27,0.0,21.12,53.52,101.26,1.51,10.56
2013-01-28,0.0,20.73,53.58,101.18,1.62,10.1
2013-01-29,0.0,21.32,52.05,101.08,1.09,10.53
2013-01-30,0.0,21.56,53.43,101.16,1.31,10.36
2013-01-31,0.0,21.65,61.31,101.24,1.59,13.13
2013-02-01,0.0,21.98,60.83,101.21,1.02,13.66
2013-02-02,0.0,22.22,56.32,101.1,1.09,12.71
2013-02-03,0.0,22.87,58.79,101.01,1.32,13.96
2013-02-04,0.0,23.47,62.47,101.15,1.69,15.42
2013-02-05,0.0,24.0,60.86,101.23,1.38,15.37
2013-02-06,0.0,24.48,60.74,101.1,1.34,15.5
2013-02-07,0.0,25.3,61.17,100.82,1.55,16.23
2013-02-08,0.01,24.69,67.87,100.85,2.26,17.83
2013-02-09,0.0,24.21,64.06,100.98,2.41,16.31
2013-02-10,0.0,23.72,53.62,100.99,2.02,12.63
2013-02-11,0.0,23.69,47.67,100.96,1.76,10.66
2013-02-12,0.0,24.41,48.27,100.93,1.69,12.09
2013-02-13,0.0,24.8,48.13,100.86,1.65,12.29
2013-02-14,0.0,25.16,49.45,100.86,1.68,13.08
2013-02-15,0.0,25.05,50.3,100.83,1.94,13.21
2013-02-16,0.55,24.51,58.85,100.65,2.51,15.38
2013-02-17,2.32,24.99,68.5,100.5,2.93,18.36
2013-02-18,1.59,23.58,63.92,100.78,2.57,15.84
2013-02-19,0.0,22.44,57.6,100.93,2.09,13.15
2013-02-20,0.0,24.05,58.52,100.95,1.09,14.6
2013-02-21,0.0,24.64,55.76,101.0,1.13,14.35
2013-02-22,0.0,24.64,52.91,101.11,1.48,13.31
2013-02-23,0.0,25.34,53.74,101.04,1.55,14.07
2013-02-24,0.0,26.16,55.19,100.99,1.73,15.18
2013-02-25,0.0,26.43,55.31,101.01,1.8,15.68
2013-02-26,0.0,26.7,59.77,100.99,2.12,17.08
2013-02-27,0.0,26.96,57.39,100.89,1.3,16.37
2013-02-28,0.0,27.53,45.83,100.7,1.46,13.05
2013-03-01,0.0,26.55,46.79,100.82,1.96,12.5
2013-03-02,0.0,25.38,44.87,100.94,2.25,10.6
2013-03-03,0.0,26.07,54.46,100.94,1.95,14.85
2013-03-04,0.0,26.3,57.56,100.97,1.87,15.69
2013-03-05,0.0,26.57,57.79,101.03,2.05,15.82
2013-03-06,0.0,26.68,58.04,101.0,1.98,16.18
2013-03-07,0.0,26.85,56.69,100.97,2.18,15.83
2013-03-08,0.0,27.15,51.91,100.9,2.08,13.9
2013-03-09,0.0,27.3,43.98,100.69,2.42,11.61
2013-03-10,0.0,27.32,57.36,100.57,2.97,15.39
2013-03-11,0.0,27.7,68.0,100.59,4.11,19.98
2013-03-12,0.0,29.1,58.32,100.53,3.62,18.25
2013-03-13,0.0,29.23,55.13,100.61,2.43,17.27
2013-03-14,0.09,28.26,61.05,100.7,3.0,19.42
2013-03-15,0.52,28.23,61.92,100.82,1.77,19.64
2013-03-16,0.11,28.66,63.04,100.92,2.14,20.03
2013-03-17,0.49,28.96,60.04,100.81,1.43,19.08
2013-03-18,0.15,29.12,47.25,100.58,2.04,15.34
2013-03-19,0.19,28.87,49.19,100.56,2.72,14.76
2013-03-20,0.0,29.64,52.21,100.55,2.55,15.91
2013-03-21,0.0,29.67,52.1,100.38,3.33,16.45
2013-03-22,0.0,30.1,60.83,100.22,4.28,20.37
2013-03-23,0.0,29.14,65.34,100.44,4.19,21.08
2013-03-24,0.0,29.42,61.25,100.51,4.2,20.32
2013-03-25,0.0,30.96,50.98,100.29,3.33,17.77
2013-03-26,0.0,31.55,53.24,100.19,3.03,18.67
2013-03-27,0.0,31.15,59.4,100.28,3.61,21.04
2013-03-28,0.01,30.77,60.18,100.36,3.8,20.92
2013-03-29,0.0,30.23,60.89,100.38,3.19,20.69
2013-03-30,0.01,30.63,59.93,100.22,4.78,20.43
2013-03-31,0.0,30.48,61.57,100.26,5.04,21.41
2013-04-01,0.03,30.41,63.27,100.37,4.42,21.82
2013-04-02,0.95,30.59,59.02,100.46,4.52,20.51
2013-04-03,0.26,31.22,56.38,100.36,3.24,20.33
2013-04-04,0.0,32.27,51.89,100.09,3.75,19.6
2013-04-05,0.0,32.38,50.09,100.05,2.91,18.1
2013-04-06,0.0,31.9,52.14,100.12,2.31,17.61
2013-04-07,0.0,31.24,57.26,100.1,3.53,18.33
2013-04-08,0.0,31.08,59.05,100.2,4.21,19.67
2013-04-09,0.0,30.77,61.87,100.24,4.84,21.17
2013-04-10,0.0,30.76,62.27,100.19,5.17,21.81
2013-04-11,0.07,31.49,58.83,100.15,5.42,21.34
2013-04-12,0.05,31.23,58.75,100.34,5.63,21.29
2013-04-13,3.55,31.07,59.81,100.42,5.07,21.27
2013-04-14,0.14,31.52,56.76,100.46,3.53,20.72
2013-04-15,0.83,31.71,52.6,100.2,2.73,19.33
2013-04-16,0.37,31.98,59.45,99.89,5.32,21.68
2013-04-17,0.52,31.59,65.83,99.79,5.53,23.25
2013-04-18,0.43,31.72,64.47,99.9,6.55,23.1
2013-04-19,4.69,31.18,61.14,100.1,6.26,21.79
2013-04-20,5.46,28.43,65.76,100.37,3.0,20.82
2013-04-21,26.84,26.7,71.74,100.53,2.49,20.98
2013-04-22,6.57,27.51,71.32,100.59,2.61,21.48
2013-04-23,0.37,28.86,67.38,100.64,3.32,21.67
2013-04-24,0.07,29.95,64.77,100.61,3.22,21.85
2013-04-25,0.0,30.42,65.55,100.56,3.74,22.56
2013-04-26,0.01,31.0,63.64,100.46,4.56,22.51
2013-04-27,0.0,31.74,61.11,100.26,4.66,22.42
2013-04-28,0.0,32.12,63.63,100.08,5.43,23.56
2013-04-29,0.0,31.6,68.44,100.1,5.08,24.5
2013-04-30,0.0,31.7,68.61,100.11,5.33,24.57
2013-05-01,0.19,32.29,64.82,99.89,6.2,23.99
2013-05-02,0.01,32.39,63.41,99.66,6.4,23.5
2013-05-03,0.48,32.38,65.07,99.64,6.78,24.07
2013-05-04,0.47,31.29,69.96,99.86,7.57,24.62
2013-05-05,0.17,31.09,70.68,100.03,7.65,24.65
2013-05-06,7.6,31.19,70.87,100.01,7.54,24.83
2013-05-07,4.31,31.24,71.59,99.94,6.78,25.02
2013-05-08,0.0,33.01,65.28,99.79,5.99,24.67
2013-05-09,0.0,32.87,66.18,99.79,6.22,24.86
2013-05-10,0.0,32.56,68.93,99.79,6.19,25.38
2013-05-11,0.0,33.51,62.05,99.64,5.4,23.62
2013-05-12,5.99,31.7,66.44,99.89,5.17,23.93
2013-05-13,8.04,29.46,73.17,100.03,4.22,23.96
2013-05-14,0.02,30.67,63.23,99.86,3.16,22.46
2013-05-15,0.01,31.03,64.86,99.68,3.25,23.09
2013-05-16,0.04,31.41,67.83,99.72,3.82,24.35
2013-05-17,0.07,32.25,66.81,99.83,6.12,24.45
2013-05-18,0.0,31.91,70.21,99.82,6.53,25.28
2013-05-19,0.0,31.63,70.57,99.79,6.83,25.12
2013-05-20,0.03,31.86,69.99,99.72,6.82,25.06
2013-05-21,0.4,31.98,70.45,99.71,6.44,25.55
2013-05-22,0.37,32.05,68.84,99.61,5.74,25.16
2013-05-23,0.0,31.89,72.22,99.54,5.18,25.7
2013-05-24,0.0,32.16,73.06,99.4,5.41,26.0
2013-05-25,0.01,31.89,72.77,99.39,3.43,25.94
2013-05-26,11.19,30.79,78.72,99.55,2.2,26.57
2013-05-27,10.21,29.91,74.94,99.73,2.42,24.83
2013-05-28,0.91,31.68,63.25,99.68,2.55,23.16
2013-05-29,6.19,31.06,70.45,99.57,2.82,24.63
2013-05-30,2.83,30.29,75.49,99.51,6.34,25.26
2013-05-31,0.15,30.33,74.27,99.7,5.44,24.97
2013-06-01,0.36,29.7,77.8,99.88,4.92,25.29
2013-06-02,4.68,29.51,73.71,99.91,3.28,23.93
2013-06-03,0.87,30.48,68.84,99.81,3.41,23.73
2013-06-04,0.01,30.48,68.39,99.86,2.73,23.57
2013-06-05,0.36,30.81,69.37,99.88,3.5,24.19
2013-06-06,0.11,30.99,70.91,99.78,4.45,24.84
2013-06-07,6.17,30.12,73.79,99.74,3.94,24.81
2013-06-08,2.06,29.3,77.2,99.68,3.46,24.8
2013-06-09,5.98,30.38,73.1,99.54,3.69,24.8
2013-06-10,3.55,30.29,74.22,99.52,2.81,25.03
2013-06-11,5.69,29.86,74.55,99.47,2.28,24.68
2013-06-12,21.73,29.03,79.71,99.18,2.59,25.02
2013-06-13,14.61,28.45,85.68,98.86,4.45,25.77
2013-06-14,19.65,28.39,81.69,99.06,7.56,24.92
2013-06-15,6.54,28.51,82.35,99.35,6.38,25.19
2013-06-16,1.23,29.49,77.99,99.66,4.46,25.08
2013-06-17,0.23,30.27,73.76,99.67,3.85,24.74
2013-06-18,0.02,30.81,72.44,99.48,3.59,24.98
2013-06-19,39.75,30.04,79.96,99.48,3.24,26.15
2013-06-20,68.19,28.72,86.87,99.63,2.57,26.29
2013-06-21,12.63,28.39,84.03,99.52,2.64,25.37
2013-06-22,0.7,29.64,79.4,99.39,2.55,25.54
2013-06-23,4.44,29.16,82.77,99.12,3.32,25.84
2013-06-24,22.65,29.05,85.31,99.05,2.95,26.31
2013-06-25,9.02,29.28,82.35,99.27,6.09,25.89
2013-06-26,0.23,29.52,80.68,99.59,6.46,25.74
2013-06-27,0.23,29.78,80.32,99.63,5.33,25.9
2013-06-28,1.01,29.81,80.06,99.63,4.53,25.86
2013-06-29,1.17,28.96,82.96,99.69,3.95,25.7
2013-06-30,4.61,28.15,85.83,99.68,4.21,25.54
2013-07-01,1.85,29.29,79.26,99.39,4.29,25.16
2013-07-02,1.09,28.24,84.91,99.38,3.38,25.42
2013-07-03,0.55,28.7,82.5,99.56,4.41,25.34
2013-07-04,0.02,28.84,81.17,99.59,3.1,25.17
2013-07-05,0.02,28.83,82.4,99.61,2.67,25.44
2013-07-06,14.32,28.57,83.36,99.79,2.95,25.4
2013-07-07,2.58,28.48,81.93,99.83,2.52,25.0
2013-07-08,0.28,28.96,79.46,99.73,1.63,24.93
2013-07-09,0.69,29.2,79.61,99.5,1.83,25.23
2013-07-10,7.09,28.93,83.43,99.3,1.74,25.79
2013-07-11,5.77,28.69,83.54,99.23,2.83,25.57
2013-07-12,2.36,28.6,80.58,99.45,7.42,24.88
2013-07-13,3.2,28.68,80.52,99.65,5.33,24.9
2013-07-14,2.43,28.52,81.78,99.58,3.21,25.04
2013-07-15,7.95,28.4,81.96,99.46,2.58,24.95
2013-07-16,3.95,27.84,83.94,99.45,3.03,24.84
2013-07-17,0.78,29.06,78.92,99.43,4.34,24.91
2013-07-18,0.28,29.62,81.05,99.21,3.69,25.9
2013-07-19,39.05,28.86,85.16,99.18,3.26,26.1
2013-07-20,23.48,29.14,82.54,99.31,1.86,25.77
2013-07-21,4.4,28.15,87.67,99.07,3.9,25.91
2013-07-22,12.65,28.4,87.91,98.79,3.03,26.17
2013-07-23,18.47,29.04,85.46,99.06,4.74,26.29
2013-07-24,14.65,28.26,84.79,99.34,4.61,25.39
2013-07-25,6.94,27.67,89.2,99.21,6.04,25.74
2013-07-26,3.79,27.7,88.46,99.28,5.18,25.6
2013-07-27,5.73,28.13,87.34,99.6,5.13,25.79
2013-07-28,5.44,28.31,88.12,99.8,4.26,26.14
2013-07-29,13.21,28.18,86.02,99.56,4.03,25.57
2013-07-30,11.0,27.31,87.02,98.97,6.56,24.95
2013-07-31,1.83,27.7,84.75,98.91,7.22,24.86
2013-08-01,0.24,27.9,82.18,99.29,6.32,24.51
2013-08-02,0.1,28.34,81.23,99.68,3.64,24.68
2013-08-03,0.01,28.87,80.02,99.77,1.89,24.94
2013-08-04,6.08,28.92,82.09,99.68,2.22,25.46
2013-08-05,10.28,28.03,85.07,99.66,2.08,25.24
2013-08-06,10.32,28.11,85.86,99.71,4.21,25.5
2013-08-07,2.75,28.0,85.25,99.88,4.82,25.26
2013-08-08,5.56,28.05,90.4,99.76,2.81,26.34
2013-08-09,1.08,28.75,81.48,99.83,1.92,25.11
2013-08-10,1.38,28.52,82.87,99.89,1.89,25.22
2013-08-11,6.28,27.72,82.23,99.99,2.54,24.36
2013-08-12,10.07,28.07,80.55,99.89,1.82,24.34
2013-08-13,4.66,28.51,82.82,99.79,2.09,25.26
2013-08-14,4.85,28.47,81.91,99.79,1.23,25.05
2013-08-15,4.15,28.38,83.92,99.85,1.61,25.38
2013-08-16,2.54,28.49,83.55,99.71,1.31,25.4
2013-08-17,9.11,28.24,86.5,99.65,2.84,25.75
2013-08-18,7.93,27.98,84.52,99.63,3.26,25.07
2013-08-19,4.15,27.85,82.16,99.45,4.89,24.45
2013-08-20,4.63,27.64,82.34,99.29,5.92,24.29
2013-08-21,1.74,28.07,83.45,99.19,5.64,24.93
2013-08-22,0.03,28.56,82.2,99.41,4.51,25.1
2013-08-23,0.06,28.5,82.33,99.66,2.99,25.08
2013-08-24,0.44,28.72,82.2,99.79,2.72,25.28
2013-08-25,0.39,28.54,80.81,99.78,3.11,24.8
2013-08-26,1.4,27.97,85.48,99.71,2.58,25.26
2013-08-27,10.05,27.38,89.01,99.77,2.62,25.4
2013-08-28,29.59,27.54,85.3,99.97,3.01,24.77
2013-08-29,6.17,27.87,83.68,100.1,3.1,24.74
2013-08-30,1.56,28.5,80.59,100.07,3.16,24.67
2013-08-31,0.01,28.72,81.56,100.04,3.1,25.08
2013-09-01,0.77,28.49,84.71,100.04,3.15,25.6
2013-09-02,17.2,28.11,88.66,100.15,3.46,26.04
2013-09-03,6.79,28.24,86.5,100.1,3.18,25.73
2013-09-04,1.1,28.17,81.35,100.1,2.6,24.57
2013-09-05,0.82,28.54,82.46,100.02,2.35,25.18
2013-09-06,0.4,27.67,88.27,100.08,2.8,25.55
2013-09-07,28.05,27.15,86.54,100.18,1.45,24.68
2013-09-08,11.94,27.39,83.54,100.27,1.66,24.31
2013-09-09,1.74,27.72,85.34,100.33,1.88,25.0
2013-09-10,5.48,27.27,85.92,100.22,1.59,24.69
2013-09-11,1.45,28.35,78.92,100.19,1.86,24.23
2013-09-12,1.26,28.21,80.38,100.31,1.5,24.45
2013-09-13,0.51,28.66,78.44,100.3,1.38,24.4
2013-09-14,0.09,28.92,78.03,100.08,1.75,24.56
2013-09-15,32.53,28.55,83.38,99.83,2.25,25.4
2013-09-16,18.4,28.3,86.78,99.77,2.38,25.86
2013-09-17,12.84,28.15,83.83,99.78,1.91,25.06
2013-09-18,15.4,27.6,87.44,99.77,2.0,25.32
2013-09-19,24.12,27.34,89.1,99.56,3.87,25.4
2013-09-20,24.37,27.99,88.15,99.62,4.1,25.83
2013-09-21,13.41,27.94,85.3,99.72,4.99,25.23
2013-09-22,1.78,27.9,83.79,99.77,3.4,24.86
2013-09-23,0.05,28.19,81.4,99.84,2.91,24.58
2013-09-24,0.09,28.08,82.21,100.02,2.31,24.69
2013-09-25,0.02,28.28,82.33,100.21,2.1,24.92
2013-09-26,0.15,28.37,82.19,100.29,2.03,24.97
2013-09-27,24.87,28.04,85.53,100.24,1.89,25.38
2013-09-28,26.96,27.29,87.54,100.08,1.89,25.04
2013-09-29,12.66,27.75,83.78,99.77,1.5,24.68
2013-09-30,30.91,27.34,87.66,99.65,2.16,25.11
2013-10-01,16.97,27.5,89.9,99.83,2.77,25.69
2013-10-02,3.99,27.64,87.75,100.23,3.13,25.42
2013-10-03,8.48,26.9,88.12,100.34,2.64,24.77
2013-10-04,3.53,27.06,87.64,100.3,3.42,24.84
2013-10-05,0.53,27.81,85.64,100.23,3.24,25.12
2013-10-06,3.18,27.77,84.51,100.25,2.52,24.84
2013-10-07,2.85,27.76,84.87,100.39,1.94,24.92
2013-10-08,7.22,27.62,85.02,100.41,1.65,24.83
2013-10-09,10.0,26.88,84.82,100.41,1.46,24.07
2013-10-10,4.06,26.75,87.68,100.51,2.68,24.52
2013-10-11,20.7,26.59,88.87,100.28,5.47,24.57
2013-10-12,80.3,26.53,91.26,99.06,12.23,25.0
2013-10-13,88.32,27.41,87.6,99.22,11.11,25.18
2013-10-14,5.53,28.04,90.88,100.08,5.21,26.41
2013-10-15,0.46,27.53,82.96,100.38,2.18,24.27
2013-10-16,0.01,27.38,78.86,100.4,1.33,23.28
2013-10-17,0.0,27.58,77.7,100.5,1.4,23.24
2013-10-18,0.0,27.38,79.76,100.58,1.43,23.49
2013-10-19,0.0,27.52,80.96,100.63,1.44,23.89
2013-10-20,11.22,27.2,81.49,100.56,1.4,23.68
2013-10-21,27.04,26.67,83.78,100.46,1.97,23.63
2013-10-22,56.19,25.66,90.31,100.57,3.96,23.97
2013-10-23,65.57,25.94,91.18,100.62,4.5,24.4
2013-10-24,68.05,25.9,90.5,100.59,4.36,24.24
2013-10-25,80.76,25.94,91.31,100.46,3.97,24.44
2013-10-26,10.65,25.55,87.83,100.53,2.48,23.38
2013-10-27,12.66,25.32,88.9,100.47,2.54,23.35
2013-10-28,0.15,25.85,85.84,100.5,1.72,23.27
2013-10-29,0.0,25.8,82.19,100.73,2.21,22.43
2013-10-30,0.0,24.89,75.89,100.89,1.97,20.22
2013-10-31,0.0,24.43,76.81,100.96,1.95,20.02
2013-11-01,0.0,24.98,77.02,100.93,1.64,20.57
2013-11-02,0.0,25.39,68.05,100.9,1.26,18.93
2013-11-03,0.0,24.91,60.84,100.99,1.14,16.7
2013-11-04,0.0,24.65,60.89,101.15,1.25,16.55
2013-11-05,0.0,24.4,75.95,101.15,1.75,19.83
2013-11-06,0.0,24.55,78.6,101.11,1.43,20.52
2013-11-07,0.0,24.02,78.23,100.98,1.58,19.94
2013-11-08,0.0,24.47,75.82,100.86,1.58,19.9
2013-11-09,0.0,24.25,77.37,100.81,1.85,19.97
2013-11-10,0.0,23.27,77.33,100.8,2.51,18.94
2013-11-11,0.0,22.57,74.86,100.71,2.48,17.67
2013-11-12,0.0,22.23,70.8,100.75,2.23,16.54
2013-11-13,0.0,21.58,74.41,100.79,2.45,16.69
2013-11-14,0.0,21.31,72.99,100.85,2.19,16.14
2013-11-15,0.0,21.69,75.14,100.92,2.11,16.96
2013-11-16,0.01,22.09,78.52,101.0,2.44,18.07
2013-11-17,0.06,23.02,80.16,100.97,2.83,19.31
2013-11-18,0.0,22.27,81.23,100.98,2.89,18.77
2013-11-19,0.0,21.54,83.17,100.97,2.74,18.42
2013-11-20,0.07,22.18,82.29,100.82,2.46,18.89
2013-11-21,1.24,22.55,84.12,100.7,3.64,19.63
2013-11-22,2.14,22.52,85.78,100.85,3.21,19.99
2013-11-23,0.39,23.38,80.88,100.86,2.15,19.81
2013-11-24,0.02,24.45,78.47,100.87,1.3,20.39
2013-11-25,0.0,23.69,81.24,100.68,1.81,20.17
2013-11-26,0.0,21.35,78.72,100.61,2.21,17.26
2013-11-27,0.0,20.79,81.55,100.75,2.81,17.35
2013-11-28,0.09,21.86,89.34,100.96,3.26,19.96
2013-11-29,0.26,24.17,87.8,100.98,1.95,21.92
2013-11-30,0.04,25.04,85.72,100.92,1.27,22.41
2013-12-01,0.03,23.55,84.87,101.0,2.0,20.76
2013-12-02,0.0,22.12,75.01,101.08,2.1,17.24
2013-12-03,0.0,21.21,71.57,101.0,2.12,15.75
2013-12-04,0.0,20.46,72.49,100.98,2.47,15.18
2013-12-05,0.0,20.14,71.03,100.9,2.53,14.51
2013-12-06,0.0,19.55,71.21,100.82,2.44,13.92
2013-12-07,0.0,19.55,73.39,100.88,2.28,14.5
2013-12-08,0.0,19.85,79.41,100.82,2.68,16.02
2013-12-09,0.0,19.75,84.09,100.65,3.45,16.78
2013-12-10,0.0,20.99,87.35,100.6,3.8,18.68
2013-12-11,0.0,21.59,85.24,100.71,3.21,18.86
2013-12-12,0.0,20.43,80.18,100.76,2.33,16.63
2013-12-13,0.0,18.67,72.61,100.82,2.64,13.34
2013-12-14,0.0,19.04,72.78,100.77,2.15,13.8
2013-12-15,0.0,18.89,74.14,100.91,2.17,13.88
2013-12-16,0.0,19.24,73.24,101.08,1.75,14.12
2013-12-17,0.0,20.03,68.78,100.97,0.89,13.92
2013-12-18,0.0,20.51,68.07,100.85,1.0,14.2
2013-12-19,0.0,21.15,63.74,100.89,0.75,13.94
2013-12-20,0.0,21.78,70.13,101.0,1.32,16.04
2013-12-21,0.0,22.17,72.57,101.14,1.6,16.9
2013-12-22,0.0,22.01,71.78,101.28,1.46,16.52
2013-12-23,0.0,22.19,66.37,101.3,0.56,15.35
2013-12-24,0.0,21.27,69.65,101.35,1.84,15.39
2013-12-25,0.0,20.6,78.3,101.36,1.81,16.54
2013-12-26,0.0,19.59,76.76,101.26,1.82,15.11
2013-12-27,0.0,19.58,72.03,101.18,1.99,14.1
2013-12-28,0.0,20.55,61.68,101.15,0.97,12.71
2013-12-29,0.0,21.0,62.26,101.12,1.11,13.3
2013-12-30,0.0,19.96,77.78,101.28,2.41,15.8
2013-12-31,0.0,20.59,78.22,101.32,2.03,16.42
2014-01-01,0.0,20.81,74.01,101.21,1.6,15.8
2014-01-02,0.0,21.14,74.26,101.21,1.86,16.1
2014-01-03,0.0,20.07,78.2,101.23,2.25,15.99
2014-01-04,0.0,20.04,73.13,101.13,1.99,14.83
2014-01-05,0.0,20.78,70.69,100.88,1.28,14.93
2014-01-06,0.0,22.39,71.56,100.9,1.09,16.86
2014-01-07,0.0,21.7,75.51,101.08,1.11,17.05
2014-01-08,0.0,20.26,77.92,101.24,2.54,15.98
2014-01-09,0.0,19.94,69.41,101.14,1.58,13.93
2014-01-10,0.0,20.7,68.88,101.11,1.48,14.56
2014-01-11,0.0,21.39,75.15,101.11,1.9,16.69
2014-01-12,0.02,22.66,74.82,101.24,0.98,17.86
2014-01-13,0.07,21.52,77.57,101.29,2.11,17.24
2014-01-14,0.0,21.56,73.52,101.18,1.27,16.42
2014-01-15,0.0,21.71,70.03,101.19,1.24,15.83
2014-01-16,0.0,21.85,78.12,101.27,1.2,17.76
2014-01-17,0.0,20.78,75.98,101.32,2.8,16.14
2014-01-18,0.0,21.08,73.54,101.33,2.12,15.92
2014-01-19,0.0,22.5,73.6,101.46,1.1,17.29
2014-01-20,0.0,21.5,77.05,101.49,2.23,17.05
2014-01-21,0.0,20.96,72.58,101.48,2.53,15.51
2014-01-22,0.0,20.86,69.34,101.36,2.14,14.73
2014-01-23,0.0,22.03,65.02,101.28,1.08,14.96
2014-01-24,0.0,22.28,63.1,101.13,0.95,14.66
2014-01-25,0.0,22.66,64.0,101.06,1.66,15.24
2014-01-26,0.0,22.01,67.97,101.17,2.31,15.46
2014-01-27,0.0,20.86,67.87,101.19,1.96,14.23
2014-01-28,0.0,20.27,60.5,101.18,1.99,11.99
2014-01-29,0.0,20.83,58.33,101.2,1.94,11.92
2014-01-30,0.0,21.23,58.12,101.21,1.57,12.35
2014-01-31,0.0,20.92,64.01,101.25,1.99,13.43
2014-02-01,0.0,21.01,62.15,101.22,1.9,12.86
2014-02-02,0.0,21.4,60.01,101.07,1.6,12.81
2014-02-03,0.0,21.01,58.73,100.82,1.79,12.03
2014-02-04,0.0,21.08,60.71,100.6,2.6,12.68
2014-02-05,0.0,21.97,62.21,100.56,1.85,13.83
2014-02-06,0.0,22.8,65.33,100.62,2.12,15.51
2014-02-07,0.0,23.57,60.53,100.58,1.62,14.74
2014-02-08,0.0,24.86,67.91,100.4,2.83,17.67
2014-02-09,0.0,25.0,67.17,100.4,1.93,17.63
2014-02-10,0.0,25.09,72.66,100.44,2.17,18.99
2014-02-11,0.0,25.08,77.66,100.44,2.18,20.52
2014-02-12,0.0,24.83,74.88,100.56,2.09,19.75
2014-02-13,0.0,24.1,75.16,100.87,2.17,19.09
2014-02-14,0.0,24.34,76.56,100.81,3.3,19.58
2014-02-15,0.84,24.32,76.3,100.59,4.32,19.67
2014-02-16,14.43,23.68,82.75,100.56,3.58,20.52
2014-02-17,6.7,21.73,65.63,101.03,4.06,14.31
2014-02-18,0.0,19.85,54.06,101.28,2.6,9.16
2014-02-19,0.0,20.97,52.09,101.14,1.55,10.19
2014-02-20,0.0,22.23,56.68,101.0,1.37,12.8
2014-02-21,0.0,23.17,64.45,101.02,1.9,15.78
2014-02-22,0.0,23.64,65.19,101.06,2.46,16.34
2014-02-23,0.0,23.81,68.66,101.15,1.86,17.42
2014-02-24,1.58,24.55,70.97,101.18,1.72,18.6
2014-02-25,0.0,24.9,69.52,101.17,1.69,18.49
2014-02-26,0.24,25.25,67.52,100.98,1.69,18.36
2014-02-27,1.51,25.3,69.51,100.95,2.56,18.89
2014-02-28,0.08,24.83,75.53,100.94,2.83,19.84
2014-03-01,0.04,24.86,72.42,100.91,2.34,18.98
2014-03-02,14.9,24.75,73.12,100.87,1.99,19.28
2014-03-03,3.83,24.48,71.87,100.96,1.52,18.85
2014-03-04,28.46,24.73,75.35,101.01,1.91,19.97
2014-03-05,0.51,23.72,69.82,101.02,2.05,17.51
2014-03-06,0.46,25.07,56.71,100.97,1.27,15.33
2014-03-07,0.0,25.23,64.3,101.02,2.03,17.47
2014-03-08,0.12,25.54,68.79,101.13,1.42,18.95
2014-03-09,0.2,25.43,68.58,101.01,1.63,18.85
2014-03-10,0.03,26.36,65.26,100.98,1.4,18.83
2014-03-11,0.04,26.28,60.37,101.02,1.59,17.31
2014-03-12,0.05,26.72,64.83,100.97,2.05,19.04
2014-03-13,0.21,26.88,64.74,100.89,1.76,19.4
2014-03-14,0.0,27.46,62.83,100.86,2.49,19.1
2014-03-15,0.0,28.31,64.49,100.97,1.46,20.26
2014-03-16,0.0,28.78,59.37,101.0,1.48,19.07
2014-03-17,0.0,27.98,58.75,100.91,2.0,17.98
2014-03-18,0.0,29.18,59.4,100.81,2.42,19.01
2014-03-19,0.41,29.74,60.31,100.62,2.73,19.94
2014-03-20,0.0,29.62,61.4,100.56,2.73,20.48
2014-03-21,0.0,29.12,65.11,100.42,2.77,20.92
2014-03-22,0.01,28.97,69.93,100.25,4.23,22.23
2014-03-23,0.08,29.33,62.23,100.41,3.6,19.75
2014-03-24,0.0,28.62,66.99,100.64,3.32,21.09
2014-03-25,0.12,28.6,67.64,100.61,3.86,21.28
2014-03-26,0.17,29.4,64.29,100.54,3.55,21.02
2014-03-27,0.0,30.37,59.34,100.48,3.09,20.53
2014-03-28,0.04,31.56,54.83,100.38,2.58,19.99
2014-03-29,0.0,31.73,53.73,100.32,2.23,19.51
2014-03-30,0.0,31.7,54.49,100.22,2.54,19.58
2014-03-31,0.0,31.38,55.57,100.17,2.39,19.66
2014-04-01,0.22,31.03,58.7,100.05,2.55,20.39
2014-04-02,0.01,30.55,64.02,100.14,2.97,21.37
2014-04-03,0.0,30.56,62.02,100.25,3.86,20.93
2014-04-04,0.0,30.86,55.33,100.33,2.51,19.02
2014-04-05,0.0,31.0,45.93,100.41,1.83,15.69
2014-04-06,0.0,30.5,57.94,100.46,3.85,19.74
2014-04-07,0.0,31.04,62.31,100.38,4.2,21.38
2014-04-08,0.0,32.44,55.94,100.17,3.82,20.24
2014-04-09,0.0,30.97,49.55,100.35,2.8,18.21
2014-04-10,0.0,31.26,51.52,100.44,2.66,19.15
2014-04-11,0.0,30.53,56.32,100.47,2.67,19.75
2014-04-12,0.24,30.24,61.6,100.4,4.51,21.12
2014-04-13,0.16,30.09,63.59,100.52,4.22,21.57
2014-04-14,0.01,30.51,59.24,100.59,3.39,20.47
2014-04-15,0.01,31.09,56.01,100.54,3.37,19.72
2014-04-16,0.02,31.34,57.29,100.36,3.88,20.41
2014-04-17,0.89,31.4,61.25,100.26,4.22,21.77
2014-04-18,0.15,31.64,59.45,100.47,3.28,21.83
2014-04-19,0.0,32.5,53.84,100.38,2.45,20.31
2014-04-20,4.21,31.72,58.9,100.32,2.36,21.89
2014-04-21,2.23,31.82,58.07,100.43,2.29,21.64
2014-04-22,0.01,32.3,53.57,100.58,2.74,20.7
2014-04-23,0.0,32.91,50.87,100.4,3.65,20.19
2014-04-24,0.0,33.15,53.79,100.18,3.96,21.35
2014-04-25,0.0,33.5,53.85,100.16,4.18,21.45
2014-04-26,0.0,33.08,57.48,100.15,4.29,22.05
2014-04-27,0.0,32.21,61.82,100.25,4.78,23.1
2014-04-28,0.21,32.41,61.51,100.21,5.34,23.07
2014-04-29,0.13,32.69,58.34,100.16,4.95,22.16
2014-04-30,0.01,32.6,56.65,100.17,4.42,21.15
2014-05-01,0.44,32.51,57.86,100.09,5.56,22.02
2014-05-02,0.18,30.96,65.72,100.13,5.82,23.31
2014-05-03,0.12,30.91,65.26,100.23,6.02,22.96
2014-05-04,1.64,31.32,64.12,100.18,6.47,22.99
2014-05-05,0.4,30.95,62.07,100.39,4.56,22.15
2014-05-06,0.0,31.41,58.71,100.47,4.81,21.31
2014-05-07,0.0,31.78,58.48,100.34,5.79,21.82
2014-05-08,0.07,31.78,62.93,100.11,6.95,23.34
2014-05-09,2.2,32.62,60.07,99.94,5.9,23.08
2014-05-10,11.3,30.31,68.97,100.07,3.59,23.54
2014-05-11,3.55,30.84,71.21,100.08,3.25,24.37
2014-05-12,0.0,33.06,59.94,100.01,3.76,22.38
2014-05-13,0.0,32.51,64.83,100.03,5.41,24.29
2014-05-14,0.0,33.02,61.59,99.89,4.11,23.51
2014-05-15,0.01,34.46,51.05,99.8,3.4,20.63
2014-05-16,0.0,33.68,50.02,99.88,2.92,19.14
2014-05-17,0.0,32.68,61.4,100.11,4.28,23.24
2014-05-18,0.14,32.19,63.77,100.14,4.57,23.85
2014-05-19,0.0,33.02,59.9,100.12,4.49,23.36
2014-05-20,2.39,33.43,58.72,100.0,4.03,23.11
2014-05-21,2.25,32.08,66.43,99.78,3.9,24.21
2014-05-22,0.0,32.98,65.33,99.56,3.39,24.74
2014-05-23,0.0,32.2,67.6,99.78,3.98,24.95
2014-05-24,2.17,30.77,70.78,100.02,3.27,24.58
2014-05-25,56.6,28.43,85.73,100.04,3.73,25.8
2014-05-26,85.74,28.21,84.81,100.02,4.8,25.34
2014-05-27,7.82,29.12,82.56,99.9,6.37,25.78
2014-05-28,1.92,29.75,81.99,100.06,4.57,26.18
2014-05-29,1.35,30.58,78.32,100.06,3.95,26.04
2014-05-30,0.02,29.93,82.96,99.84,5.53,26.63
2014-05-31,0.25,29.97,83.0,99.71,4.45,26.67
2014-06-01,0.36,29.93,82.39,99.89,3.38,26.46
2014-06-02,0.08,29.89,80.96,99.99,4.11,26.11
2014-06-03,10.39,29.79,83.32,99.85,4.02,26.58
2014-06-04,3.7,30.2,81.51,99.78,4.29,26.53
2014-06-05,0.0,30.16,82.1,99.66,4.57,26.66
2014-06-06,0.0,30.27,83.81,99.54,4.9,27.15
2014-06-07,0.45,30.41,84.76,99.42,4.56,27.47
2014-06-08,2.08,30.4,84.84,99.3,3.94,27.5
2014-06-09,0.46,30.59,80.18,99.35,3.81,26.51
2014-06-10,0.0,31.51,74.36,99.4,4.05,25.9
2014-06-11,0.0,31.64,75.26,99.35,2.7,26.29
2014-06-12,0.0,33.09,67.69,99.18,4.22,25.61
2014-06-13,0.0,33.77,59.19,99.15,3.49,23.7
2014-06-14,0.94,30.73,74.17,99.48,5.58,25.5
2014-06-15,0.62,32.27,67.2,99.52,3.71,24.87
2014-06-16,0.35,33.14,65.17,99.42,3.15,25.24
2014-06-17,17.62,31.73,73.58,99.37,2.03,26.24
2014-06-18,10.84,29.9,81.27,99.3,2.93,26.26
2014-06-19,3.23,29.77,78.77,99.32,3.56,25.6
2014-06-20,3.31,30.07,77.54,99.43,4.29,25.54
2014-06-21,0.8,29.91,78.21,99.64,4.48,25.53
2014-06-22,0.11,30.41,76.94,99.72,5.01,25.73
2014-06-23,0.0,30.77,74.75,99.57,5.02,25.65
2014-06-24,10.84,31.39,71.27,99.37,3.87,25.27
2014-06-25,4.98,29.35,81.5,99.5,4.13,25.83
2014-06-26,1.89,30.07,74.1,99.77,3.05,24.68
2014-06-27,0.85,30.14,75.63,99.91,2.98,25.16
2014-06-28,1.66,30.57,74.63,99.77,3.73,25.31
2014-06-29,10.66,30.64,77.18,99.65,3.72,26.04
2014-06-30,31.67,29.07,86.52,99.68,1.62,26.55
2014-07-01,20.91,29.36,83.49,99.73,3.33,26.18
2014-07-02,6.97,30.11,81.27,99.65,3.47,26.42
2014-07-03,23.06,30.84,78.48,99.43,2.09,26.47
2014-07-04,6.35,30.39,81.8,99.47,2.55,26.8
2014-07-05,0.6,29.03,85.08,99.65,2.77,26.22
2014-07-06,1.49,29.58,85.16,99.84,3.77,26.75
2014-07-07,1.37,29.33,81.7,99.82,4.29,25.77
2014-07-08,1.74,29.58,82.87,99.61,3.16,26.28
2014-07-09,0.8,29.71,83.78,99.47,2.92,26.6
2014-07-10,11.91,29.3,82.6,99.43,2.62,25.95
2014-07-11,11.91,29.48,82.17,99.36,2.25,26.01
2014-07-12,40.66,29.42,83.65,99.24,1.93,26.29
2014-07-13,22.12,29.59,85.23,99.22,2.03,26.78
2014-07-14,18.5,29.12,85.88,99.28,4.76,26.5
2014-07-15,7.22,28.51,86.88,99.15,7.82,26.11
2014-07-16,0.57,28.98,82.82,99.5,6.55,25.71
2014-07-17,1.59,29.38,83.44,99.58,4.46,26.18
2014-07-18,32.9,28.57,89.95,99.53,3.84,26.76
2014-07-19,28.77,28.48,87.74,99.43,4.19,26.23
2014-07-20,38.93,28.04,87.16,99.2,5.21,25.69
2014-07-21,17.56,27.69,85.35,98.85,8.14,25.0
2014-07-22,2.94,28.16,83.13,99.28,6.28,24.95
2014-07-23,0.18,28.02,81.13,99.62,3.55,24.36
2014-07-24,0.44,28.56,78.21,99.73,2.56,24.22
2014-07-25,2.11,28.31,79.16,99.8,3.84,24.25
2014-07-26,12.63,28.48,82.19,99.83,2.75,25.04
2014-07-27,3.73,28.46,85.96,99.66,1.92,25.85
2014-07-28,7.84,28.96,85.96,99.37,2.15,26.31
2014-07-29,13.58,28.85,87.08,99.29,1.98,26.45
2014-07-30,43.09,27.74,91.21,99.25,5.19,26.19
2014-07-31,14.72,27.81,86.78,99.5,5.81,25.39
2014-08-01,3.27,28.61,87.39,99.58,3.71,26.26
2014-08-02,10.51,28.69,86.82,99.5,2.81,26.24
2014-08-03,27.21,28.25,85.13,99.29,5.56,25.5
2014-08-04,41.97,27.67,88.83,99.03,6.54,25.66
2014-08-05,4.36,28.11,87.35,99.31,5.39,25.78
2014-08-06,0.02,28.8,82.26,99.63,3.65,25.36
2014-08-07,0.4,28.55,84.77,99.69,2.86,25.66
2014-08-08,8.74,28.05,85.3,99.69,2.81,25.33
2014-08-09,7.21,28.27,85.57,99.78,3.54,25.58
2014-08-10,2.56,28.08,84.91,99.89,4.86,25.27
2014-08-11,3.27,28.2,86.27,99.87,4.48,25.64
2014-08-12,12.54,28.41,87.86,99.81,4.4,26.17
2014-08-13,4.64,28.54,86.6,99.8,3.67,26.03
2014-08-14,0.25,28.28,87.94,99.84,3.89,26.07
2014-08-15,2.43,28.24,87.46,99.93,3.36,25.94
2014-08-16,7.95,27.36,89.3,100.08,2.92,25.44
2014-08-17,4.02,27.79,85.57,100.08,2.48,25.11
2014-08-18,1.63,28.06,85.21,100.26,2.55,25.29
2014-08-19,0.0,28.47,85.98,100.33,2.97,25.85
2014-08-20,6.11,28.29,88.42,100.18,2.5,26.18
2014-08-21,3.62,28.49,86.77,99.98,2.86,26.02
2014-08-22,15.68,28.0,87.46,100.01,4.46,25.71
2014-08-23,3.8,28.13,86.35,100.2,4.41,25.61
2014-08-24,0.14,28.4,86.29,100.18,3.23,25.85
2014-08-25,0.65,27.98,87.83,100.17,2.76,25.77
2014-08-26,0.53,28.5,83.53,100.02,1.42,25.38
2014-08-27,1.6,28.26,85.3,99.79,2.31,25.52
2014-08-28,10.53,27.66,87.73,99.76,3.94,25.42
2014-08-29,19.28,27.64,89.96,99.6,4.98,25.85
2014-08-30,19.34,27.69,88.5,99.68,3.89,25.62
2014-08-31,57.71,27.33,90.66,99.49,4.35,25.68
2014-09-01,50.99,27.47,89.93,99.49,4.71,25.68
2014-09-02,5.66,27.11,89.59,99.91,4.54,25.26
2014-09-03,4.09,27.09,88.87,100.07,2.68,25.07
2014-09-04,42.63,27.06,90.32,99.97,3.79,25.34
2014-09-05,41.88,26.77,90.74,99.74,4.88,25.15
2014-09-06,23.41,27.18,91.49,99.37,4.38,25.68
2014-09-07,5.94,27.78,88.63,99.57,5.05,25.73
2014-09-08,0.87,27.35,85.18,99.99,4.13,24.62
2014-09-09,2.41,27.88,83.54,100.06,3.36,24.74
2014-09-10,2.85,27.88,84.55,100.01,2.42,24.98
2014-09-11,1.16,28.02,86.18,100.11,2.18,25.47
2014-09-12,0.09,27.79,85.72,100.15,1.47,25.15
2014-09-13,0.03,27.98,84.94,100.02,1.49,25.18
2014-09-14,0.26,28.31,82.64,100.01,1.4,25.01
2014-09-15,13.84,27.83,83.82,99.88,1.6,24.81
2014-09-16,19.58,27.63,86.07,99.71,2.45,25.07
2014-09-17,14.19,27.81,86.43,99.67,2.65,25.3
2014-09-18,6.18,28.2,87.15,99.83,2.77,25.83
2014-09-19,31.69,28.36,90.88,99.74,3.71,26.73
2014-09-20,26.59,28.08,89.72,99.68,2.4,26.23
2014-09-21,10.99,28.17,86.84,99.83,3.01,25.74
2014-09-22,2.17,28.77,85.67,100.08,2.62,26.09
2014-09-23,0.34,28.4,84.23,100.18,1.61,25.43
2014-09-24,0.07,28.95,78.2,100.26,1.72,24.64
2014-09-25,0.02,28.9,79.84,100.39,1.99,24.98
2014-09-26,0.0,28.6,74.99,100.53,2.0,23.56
2014-09-27,0.0,27.86,71.73,100.68,1.71,22.11
2014-09-28,0.43,28.31,67.34,100.72,1.23,21.54
2014-09-29,0.01,28.49,72.11,100.62,1.41,22.88
2014-09-30,5.63,28.9,74.47,100.59,1.4,23.79
2014-10-01,5.83,29.01,74.41,100.6,1.47,23.92
2014-10-02,0.39,28.96,74.39,100.57,0.96,23.87
2014-10-03,0.01,28.57,76.65,100.47,1.6,23.96
2014-10-04,1.23,28.39,77.44,100.52,1.08,23.98
2014-10-05,0.62,28.14,78.49,100.61,1.08,23.99
2014-10-06,0.01,27.63,81.55,100.64,1.4,24.18
2014-10-07,0.41,27.48,79.53,100.54,1.74,23.52
2014-10-08,0.15,28.37,74.02,100.5,0.89,23.19
2014-10-09,0.17,28.2,78.27,100.4,2.18,23.98
2014-10-10,10.02,27.75,86.73,100.19,3.94,25.28
2014-10-11,27.09,27.2,90.81,99.99,5.53,25.57
2014-10-12,35.92,27.41,90.52,99.92,7.54,25.74
2014-10-13,20.05,27.97,86.56,100.3,6.61,25.52
2014-10-14,0.1,27.44,85.97,100.68,3.33,24.88
2014-10-15,0.0,27.82,79.34,100.86,1.1,23.84
2014-10-16,12.64,27.63,80.06,100.8,1.05,23.81
2014-10-17,6.19,27.11,84.33,100.82,1.36,24.24
2014-10-18,0.18,27.01,79.41,100.79,1.31,23.08
2014-10-19,1.94,27.32,75.13,100.75,0.95,22.45
2014-10-20,0.14,27.19,74.95,100.81,1.26,22.28
2014-10-21,0.0,26.85,73.35,100.95,1.33,21.64
2014-10-22,0.0,26.4,67.51,101.0,1.17,19.87
2014-10-23,0.0,26.39,63.26,100.9,0.94,18.79
2014-10-24,0.0,25.76,65.13,100.82,1.12,18.66
2014-10-25,0.17,25.48,68.38,100.82,1.06,19.09
2014-10-26,0.49,24.2,81.77,101.0,2.46,20.84
2014-10-27,0.7,23.6,81.94,100.97,2.94,20.26
2014-10-28,0.08,24.35,80.64,100.82,2.04,20.7
2014-10-29,0.0,24.62,78.39,100.83,2.39,20.46
2014-10-30,0.0,24.56,75.76,100.8,2.43,19.87
2014-10-31,0.0,24.49,75.22,100.76,2.22,19.7
2014-11-01,0.0,24.76,73.11,100.73,1.97,19.51
2014-11-02,0.0,24.42,78.56,100.8,2.08,20.34
2014-11-03,0.0,24.16,76.2,100.79,2.01,19.54
2014-11-04,0.0,23.13,73.54,100.68,2.56,17.98
2014-11-05,0.0,22.66,76.2,100.62,3.13,18.03
2014-11-06,0.0,22.77,81.06,100.51,3.31,19.05
2014-11-07,0.0,23.19,79.29,100.63,3.02,19.15
2014-11-08,0.0,23.94,82.12,100.74,3.92,20.53
2014-11-09,0.01,25.11,84.89,100.9,2.49,22.33
2014-11-10,0.0,25.82,80.7,100.84,1.48,22.13
2014-11-11,0.0,26.05,81.74,100.82,1.24,22.64
2014-11-12,0.24,26.1,81.32,100.87,1.07,22.61
2014-11-13,0.14,26.51,76.66,100.98,1.09,21.99
2014-11-14,0.0,25.29,70.25,101.01,1.35,19.32
2014-11-15,0.0,24.05,67.83,100.91,1.67,17.54
2014-11-16,0.0,23.85,66.93,100.87,1.42,17.22
2014-11-17,0.0,23.71,70.45,100.94,1.49,17.85
2014-11-18,0.0,23.12,69.3,101.09,1.79,17.05
2014-11-19,0.0,22.47,66.46,101.1,1.77,15.72
2014-11-20,0.0,21.46,66.64,101.0,2.03,14.79
2014-11-21,0.0,21.26,66.27,100.93,1.95,14.5
2014-11-22,0.0,21.76,62.82,100.89,1.34,14.0
2014-11-23,0.0,22.09,62.66,100.93,1.46,14.46
2014-11-24,0.0,21.77,67.93,100.98,1.77,15.4
2014-11-25,0.0,21.11,64.89,100.93,1.95,13.92
2014-11-26,0.0,20.84,64.18,100.71,1.68,13.58
2014-11-27,0.0,21.24,63.47,100.78,1.3,13.78
2014-11-28,0.0,21.1,68.73,100.87,1.79,14.96
2014-11-29,0.0,21.23,70.92,100.88,1.89,15.43
2014-11-30,0.0,21.05,71.85,100.85,2.45,15.52
2014-12-01,0.0,20.96,72.72,100.82,2.39,15.48
2014-12-02,0.0,20.6,73.48,100.89,2.34,15.2
2014-12-03,0.0,20.19,69.38,100.86,2.49,14.03
2014-12-04,0.0,20.06,65.03,100.95,1.93,12.98
2014-12-05,0.0,20.63,67.55,101.06,1.56,14.21
2014-12-06,0.0,20.98,70.77,101.03,1.65,15.3
2014-12-07,0.0,20.87,72.41,100.96,1.72,15.5
2014-12-08,0.0,20.77,70.59,101.01,1.38,14.92
2014-12-09,0.0,20.82,66.41,101.1,1.3,14.04
2014-12-10,0.0,21.01,64.36,101.05,1.28,13.74
2014-12-11,1.25,21.3,70.62,101.09,1.58,15.63
2014-12-12,16.45,20.49,72.08,101.18,2.44,15.09
2014-12-13,0.0,20.4,66.8,101.21,2.31,13.84
2014-12-14,0.0,20.35,70.51,101.16,1.99,14.67
2014-12-15,0.0,20.95,62.16,101.1,1.27,13.13
2014-12-16,0.0,20.69,72.45,101.2,2.25,15.41
2014-12-17,0.0,19.76,75.81,101.25,2.63,15.11
2014-12-18,0.0,18.27,64.52,101.41,2.56,11.2
2014-12-19,0.0,18.1,63.57,101.49,2.61,10.75
2014-12-20,0.0,18.47,64.45,101.24,2.06,11.36
2014-12-21,0.0,19.12,63.53,101.08,1.93,11.75
2014-12-22,0.0,18.8,63.88,101.08,2.35,11.42
2014-12-23,0.0,18.7,60.38,101.14,1.83,10.57
2014-12-24,0.0,19.55,62.08,101.24,1.64,11.8
2014-12-25,0.0,19.38,63.53,101.19,1.69,12.04
2014-12-26,0.0,18.97,63.43,101.01,1.89,11.54
2014-12-27,0.0,17.83,64.84,101.1,2.46,10.74
2014-12-28,0.0,17.25,62.3,101.18,3.14,9.5
2014-12-29,0.06,17.75,63.58,101.04,2.56,10.55
2014-12-30,1.38,18.94,71.48,100.88,3.31,13.49
2014-12-31,3.65,18.79,89.78,100.8,5.63,16.98
2015-01-01,12.82,22.74,92.9,100.6,5.89,21.48
2015-01-02,6.11,24.64,87.23,100.81,1.63,22.24
2015-01-03,1.8,24.52,80.87,100.97,0.72,20.83
2015-01-04,0.32,23.84,80.32,100.93,1.26,20.09
2015-01-05,0.07,21.01,75.38,100.97,3.16,16.15
2015-01-06,0.0,18.73,65.65,101.0,2.89,11.68
2015-01-07,0.0,18.66,61.88,100.96,2.07,10.73
2015-01-08,0.0,19.62,60.02,101.01,1.37,11.28
2015-01-09,0.0,18.44,67.19,101.17,2.77,11.84
2015-01-10,0.0,18.21,62.26,101.24,2.53,10.25
2015-01-11,0.0,18.23,60.2,101.26,2.08,10.0
2015-01-12,0.0,18.73,65.16,101.22,1.88,11.72
2015-01-13,0.0,18.98,68.17,101.15,1.99,12.57
2015-01-14,0.0,19.72,67.92,101.12,1.8,13.14
2015-01-15,0.0,20.11,67.02,101.14,2.29,13.23
2015-01-16,0.0,20.53,66.22,101.1,2.46,13.51
2015-01-17,0.0,19.81,58.96,101.13,2.19,10.9
2015-01-18,0.0,19.05,58.53,101.22,1.82,9.93
2015-01-19,0.0,18.11,58.93,101.25,2.0,9.5
2015-01-20,0.0,18.57,60.59,101.46,2.27,10.21
2015-01-21,0.0,18.97,63.23,101.61,2.34,11.32
2015-01-22,0.0,19.47,53.27,101.51,1.32,9.01
2015-01-23,0.0,20.9,50.25,101.22,0.94,9.77
2015-01-24,0.0,21.43,61.61,101.22,2.17,13.33
2015-01-25,0.0,22.28,65.95,101.33,1.65,15.24
2015-01-26,0.0,22.57,66.03,101.28,1.27,15.41
2015-01-27,0.0,22.85,69.92,101.11,1.16,16.69
2015-01-28,0.0,22.98,70.18,100.98,1.5,16.77
2015-01-29,0.03,23.23,70.72,101.05,1.38,17.12
2015-01-30,0.01,23.05,71.6,101.19,1.23,17.31
2015-01-31,0.02,21.77,62.8,101.23,1.59,13.5
2015-02-01,0.02,19.83,53.93,101.29,2.11,9.2
2015-02-02,0.0,20.58,57.99,101.42,1.75,11.28
2015-02-03,0.0,21.75,54.63,101.56,1.73,11.43
2015-02-04,0.0,22.57,56.18,101.39,1.4,12.59
2015-02-05,0.0,23.16,56.22,101.23,1.58,13.02
2015-02-06,0.0,22.91,60.16,101.23,1.69,14.19
2015-02-07,0.0,22.83,58.26,101.17,1.53,13.56
2015-02-08,0.0,22.86,56.61,101.15,0.75,13.46
2015-02-09,0.0,23.46,58.85,101.21,1.7,14.51
2015-02-10,0.0,23.18,65.39,101.26,1.86,15.7
2015-02-11,0.16,23.74,63.19,101.12,1.72,15.97
2015-02-12,4.33,24.07,64.77,100.99,1.05,16.73
2015-02-13,4.59,24.15,67.59,100.85,1.84,17.21
2015-02-14,1.96,24.29,65.4,100.74,1.26,16.45
2015-02-15,0.1,23.97,62.86,100.78,2.01,15.03
2015-02-16,0.01,24.73,76.32,100.88,2.92,19.65
2015-02-17,0.01,25.11,74.29,100.78,2.97,19.45
2015-02-18,0.01,25.18,75.81,100.72,3.84,20.02
2015-02-19,0.02,26.03,69.8,100.78,3.1,19.33
2015-02-20,1.61,25.1,65.29,100.91,1.73,16.83
2015-02-21,2.23,25.31,60.24,100.85,1.54,15.57
2015-02-22,2.99,25.53,55.08,100.83,2.11,14.69
2015-02-23,0.01,25.91,55.75,100.86,2.04,14.93
2015-02-24,0.0,25.94,55.46,100.75,3.01,14.62
2015-02-25,0.0,26.21,61.25,100.6,3.16,16.76
2015-02-26,0.0,26.17,64.76,100.51,3.69,17.96
2015-02-27,0.0,26.07,65.74,100.61,4.18,18.55
2015-02-28,0.0,25.6,63.92,100.78,3.55,17.46
2015-03-01,0.0,24.77,68.67,100.86,3.48,18.01
2015-03-02,0.0,25.73,66.35,100.83,3.38,18.25
2015-03-03,0.35,25.84,68.81,100.72,2.59,19.38
2015-03-04,1.5,27.35,67.68,100.63,2.49,20.36
2015-03-05,0.18,26.33,50.7,100.9,2.55,14.03
2015-03-06,0.0,26.26,51.11,101.0,1.36,14.07
2015-03-07,0.0,25.88,56.41,100.95,1.73,15.26
2015-03-08,0.0,26.57,60.98,101.0,1.74,17.46
2015-03-09,0.0,27.24,56.41,101.09,1.88,16.87
2015-03-10,0.0,27.98,51.5,101.02,2.09,15.97
2015-03-11,0.0,28.06,54.49,101.07,2.0,17.06
2015-03-12,0.0,28.38,55.4,101.04,1.78,17.69
2015-03-13,0.0,28.62,57.16,100.9,2.08,18.21
2015-03-14,0.04,28.62,59.58,100.98,2.66,18.77
2015-03-15,0.01,28.66,58.86,100.99,2.52,18.43
2015-03-16,0.01,28.03,60.55,101.03,2.3,18.2
2015-03-17,0.0,28.49,57.09,100.8,2.2,17.59
2015-03-18,3.14,29.61,55.9,100.58,2.32,19.14
2015-03-19,11.31,28.84,65.41,100.76,1.87,21.13
2015-03-20,0.06,28.71,62.11,100.84,1.46,19.87
2015-03-21,1.4,29.29,58.87,100.84,1.61,18.7
2015-03-22,2.57,28.95,48.48,100.7,2.14,14.35
2015-03-23,0.0,29.43,61.47,100.51,2.66,19.94
2015-03-24,0.02,29.52,63.2,100.52,3.68,20.7
2015-03-25,0.03,28.83,66.77,100.7,4.84,21.46
2015-03-26,0.05,28.42,67.57,100.92,4.26,21.37
2015-03-27,0.03,28.35,66.45,100.92,4.12,20.81
2015-03-28,1.16,28.78,65.35,100.71,5.16,21.19
2015-03-29,1.25,29.17,68.19,100.54,5.62,22.16
2015-03-30,1.76,29.32,67.57,100.53,5.43,22.22
2015-03-31,4.1,28.0,64.71,100.64,3.0,20.38
2015-04-01,0.85,29.77,67.34,100.45,4.77,22.03
2015-04-02,10.39,30.11,67.63,100.24,5.43,22.59
2015-04-03,4.16,30.74,64.2,100.01,4.03,21.27
2015-04-04,1.27,30.75,62.69,99.9,3.97,20.91
2015-04-05,2.51,30.37,68.65,100.06,4.93,22.73
2015-04-06,1.24,30.18,70.03,100.18,5.23,23.25
2015-04-07,1.01,29.63,72.52,100.35,4.98,23.69
2015-04-08,0.25,29.83,66.76,100.51,3.92,22.31
2015-04-09,0.29,31.03,58.28,100.51,3.44,20.61
2015-04-10,0.07,31.2,55.56,100.5,2.8,19.97
2015-04-11,0.59,30.52,61.03,100.56,4.26,21.26
2015-04-12,2.35,29.23,66.17,100.8,3.08,22.0
2015-04-13,1.24,28.14,58.85,100.91,1.65,19.12
2015-04-14,0.23,29.19,56.48,100.77,1.8,18.98
2015-04-15,0.49,28.82,61.64,100.83,1.74,20.11
2015-04-16,0.09,29.02,57.14,100.91,2.41,18.97
2015-04-17,0.21,29.48,59.3,100.56,3.59,20.3
2015-04-18,0.17,30.55,62.5,100.25,5.26,21.6
2015-04-19,0.06,30.52,65.86,100.3,6.15,22.75
2015-04-20,0.07,30.78,66.43,100.4,6.0,23.17
2015-04-21,1.49,31.69,63.79,100.21,6.3,23.01
2015-04-22,3.72,31.99,64.46,100.07,5.99,23.34
2015-04-23,5.06,31.93,63.33,100.18,6.18,23.16
2015-04-24,27.59,29.1,70.16,100.49,5.89,22.92
2015-04-25,13.09,28.67,69.84,100.52,4.44,22.38
2015-04-26,17.0,28.0,70.75,100.68,3.16,21.88
2015-04-27,3.28,28.62,70.03,100.64,3.48,22.19
2015-04-28,22.87,28.82,76.16,100.43,5.34,23.94
2015-04-29,15.76,29.23,78.49,100.25,5.46,24.86
2015-04-30,6.85,29.42,77.65,100.31,4.57,24.82
2015-05-01,2.87,29.87,77.61,100.26,4.14,25.06
2015-05-02,0.9,29.57,78.73,100.23,5.41,25.25
2015-05-03,0.3,29.07,78.6,100.36,4.88,24.74
2015-05-04,1.29,28.89,77.99,100.48,3.54,24.4
2015-05-05,0.64,29.42,73.57,100.33,3.72,23.83
2015-05-06,0.11,30.14,69.14,100.16,4.23,23.2
2015-05-07,0.04,31.34,63.76,100.18,3.99,22.41
2015-05-08,0.16,31.21,68.82,100.06,4.62,23.91
2015-05-09,0.47,31.1,70.8,99.97,3.81,24.4
2015-05-10,0.14,30.74,70.26,100.05,4.11,24.17
2015-05-11,10.22,29.06,73.88,100.25,4.49,23.82
2015-05-12,0.37,30.99,64.26,100.23,3.11,22.42
2015-05-13,1.11,30.12,75.77,100.24,4.74,25.13
2015-05-14,1.4,30.61,72.52,100.31,3.91,24.68
2015-05-15,1.63,30.42,75.63,100.34,4.51,25.33
2015-05-16,2.02,30.59,71.84,100.22,3.3,24.58
2015-05-17,1.25,30.24,64.04,100.11,4.16,22.12
2015-05-18,0.06,30.51,68.59,99.97,4.21,23.65
2015-05-19,0.79,31.83,70.63,99.77,3.89,25.18
2015-05-20,0.89,31.58,77.3,99.76,2.19,26.78
2015-05-21,0.14,33.02,67.85,99.72,2.77,25.29
2015-05-22,0.0,32.72,69.66,99.66,3.63,25.57
2015-05-23,0.0,32.6,69.43,99.57,5.26,25.83
2015-05-24,0.06,32.51,68.38,99.62,5.7,25.11
2015-05-25,0.04,32.67,67.2,99.57,5.26,24.82
2015-05-26,0.19,31.77,74.09,99.72,3.36,26.24
2015-05-27,0.3,30.88,74.43,99.92,5.6,25.55
2015-05-28,0.16,31.35,71.46,99.83,5.13,24.86
2015-05-29,0.15,30.44,77.81,99.94,5.26,25.94
2015-05-30,0.09,30.4,78.55,100.05,5.4,26.07
2015-05-31,0.49,30.5,74.72,100.01,5.96,25.34
2015-06-01,0.33,30.33,72.24,99.99,4.96,24.6
2015-06-02,0.12,30.59,70.88,100.08,4.1,24.43
2015-06-03,0.44,30.31,71.1,100.11,3.19,24.23
2015-06-04,0.77,30.41,70.7,100.16,2.88,24.31
2015-06-05,1.18,30.08,74.16,100.13,4.1,24.88
2015-06-06,1.32,30.51,71.68,99.97,3.83,24.56
2015-06-07,0.79,31.25,69.36,99.88,2.83,24.51
2015-06-08,0.6,30.64,75.08,99.91,4.52,25.57
2015-06-09,0.35,31.15,72.39,99.8,4.12,25.31
2015-06-10,1.35,31.0,72.89,99.75,5.04,25.3
2015-06-11,7.15,30.15,84.05,99.78,4.87,27.1
2015-06-12,3.26,30.27,77.25,99.96,3.56,25.62
2015-06-13,12.01,29.8,76.25,99.89,4.0,24.93
2015-06-14,16.13,28.98,80.64,99.82,4.63,25.2
2015-06-15,3.44,29.38,77.67,99.65,5.02,24.94
2015-06-16,7.77,28.97,79.74,99.66,2.79,25.03
2015-06-17,6.98,29.12,80.71,99.53,2.8,25.36
2015-06-18,4.12,29.71,76.91,99.47,4.13,25.01
2015-06-19,7.12,29.51,80.31,99.28,4.96,25.62
2015-06-20,19.09,28.89,85.16,99.03,7.25,26.12
2015-06-21,12.3,28.45,80.65,99.02,9.76,24.77
2015-06-22,8.64,28.42,78.46,99.17,9.3,24.23
2015-06-23,6.66,29.53,74.22,99.43,6.22,24.25
2015-06-24,4.57,29.86,78.1,99.63,5.34,25.41
2015-06-25,2.13,29.82,78.03,99.59,4.86,25.35
2015-06-26,0.65,29.78,73.31,99.4,5.23,24.16
2015-06-27,1.02,30.57,71.64,99.5,3.92,24.5
2015-06-28,1.09,29.28,79.35,99.92,2.68,25.25
2015-06-29,1.4,29.59,72.83,100.14,2.01,23.74
2015-06-30,2.41,28.51,81.65,100.11,4.46,24.98
2015-07-01,3.07,28.92,79.6,100.1,4.35,24.88
2015-07-02,1.63,28.46,79.73,100.07,3.88,24.49
2015-07-03,2.36,29.57,75.72,99.97,3.4,24.54
2015-07-04,3.03,29.7,77.86,99.79,3.41,25.27
2015-07-05,1.28,29.14,80.73,99.59,3.47,25.44
2015-07-06,4.97,28.69,83.68,99.49,3.09,25.6
2015-07-07,4.05,29.17,80.08,99.45,2.81,25.24
2015-07-08,5.96,29.74,78.56,99.53,3.28,25.42
2015-07-09,10.15,28.75,85.65,99.49,4.38,26.06
2015-07-10,20.41,28.99,85.94,99.38,4.9,26.32
2015-07-11,6.19,28.53,83.57,99.69,4.11,25.39
2015-07-12,2.67,29.69,77.57,99.83,1.98,25.13
2015-07-13,3.94,29.99,77.31,99.77,2.03,25.42
2015-07-14,10.12,29.41,84.17,99.57,2.25,26.42
2015-07-15,12.22,29.19,87.12,99.4,2.06,26.81
2015-07-16,6.33,28.72,84.53,99.35,1.83,25.8
2015-07-17,18.44,28.23,85.48,99.42,3.63,25.53
2015-07-18,4.42,28.54,84.76,99.52,3.23,25.65
2015-07-19,4.5,28.12,86.19,99.5,3.38,25.56
2015-07-20,9.44,28.64,83.26,99.43,3.71,25.44
2015-07-21,12.23,28.26,85.66,99.58,4.77,25.58
2015-07-22,17.5,28.19,86.31,99.76,5.36,25.68
2015-07-23,5.08,28.44,86.55,99.94,5.8,25.94
2015-07-24,3.59,27.94,87.96,100.07,5.15,25.75
2015-07-25,16.91,27.9,90.04,99.92,4.72,26.12
2015-07-26,19.63,27.33,88.94,99.84,4.13,25.34
2015-07-27,14.75,28.32,82.28,99.87,4.51,24.9
2015-07-28,9.45,27.77,84.37,99.92,4.4,24.82
2015-07-29,11.52,27.62,86.69,99.83,4.32,25.17
2015-07-30,3.34,28.04,85.12,99.76,4.37,25.24
2015-07-31,4.93,28.23,85.23,99.78,3.58,25.46
2015-08-01,16.27,27.89,82.36,99.92,3.56,24.51
2015-08-02,13.07,28.29,83.25,99.88,4.12,25.06
2015-08-03,2.81,28.22,86.26,99.81,4.57,25.65
2015-08-04,1.3,28.36,84.54,99.82,4.32,25.42
2015-08-05,0.43,28.41,80.76,99.82,3.26,24.56
2015-08-06,0.45,28.39,77.51,99.75,3.22,23.85
2015-08-07,0.12,28.7,80.15,99.74,1.7,24.8
2015-08-08,0.02,28.69,80.62,99.78,1.67,24.95
2015-08-09,0.0,29.29,78.18,99.61,1.86,24.94
2015-08-10,0.61,29.12,80.75,99.67,1.87,25.4
2015-08-11,14.14,28.88,86.11,99.82,3.02,26.27
2015-08-12,14.6,28.27,86.56,99.8,2.27,25.8
2015-08-13,7.46,28.62,84.19,99.78,4.17,25.64
2015-08-14,2.44,29.15,83.87,99.85,4.26,26.08
2015-08-15,3.83,28.89,85.9,100.04,3.16,26.26
2015-08-16,9.81,28.57,88.23,100.12,4.14,26.41
2015-08-17,10.85,28.44,86.3,100.15,4.78,25.88
2015-08-18,4.1,28.82,85.01,100.28,5.11,25.98
2015-08-19,13.41,28.84,86.28,100.27,4.62,26.26
2015-08-20,12.3,27.91,85.25,100.25,3.55,25.15
2015-08-21,2.68,28.39,83.88,100.08,2.91,25.3
2015-08-22,4.1,28.36,83.64,99.87,2.89,25.24
2015-08-23,5.27,28.89,82.04,99.8,2.9,25.41
2015-08-24,5.34,28.64,83.22,99.91,2.61,25.45
2015-08-25,22.87,28.12,85.76,99.81,2.53,25.5
2015-08-26,32.25,28.81,85.35,99.7,2.38,26.04
2015-08-27,24.79,29.11,85.25,99.66,2.48,26.3
2015-08-28,16.28,28.56,87.53,99.77,4.23,26.27
2015-08-29,1.71,28.84,85.06,99.73,4.21,26.0
2015-08-30,3.72,29.09,88.63,99.84,3.99,26.99
2015-08-31,1.54,28.51,88.05,99.97,2.19,26.32
2015-09-01,2.24,28.27,88.66,99.95,2.51,26.22
2015-09-02,0.79,28.28,83.54,100.05,2.87,25.15
2015-09-03,15.01,28.06,86.07,100.27,2.61,25.47
2015-09-04,10.06,28.15,86.26,100.5,2.54,25.6
2015-09-05,10.97,27.99,86.92,100.48,2.37,25.58
2015-09-06,11.4,27.74,85.49,100.43,2.33,25.04
2015-09-07,2.52,27.98,84.21,100.33,2.59,25.02
2015-09-08,1.08,28.12,82.53,100.28,2.73,24.78
2015-09-09,0.44,28.71,80.56,100.23,2.31,24.93
2015-09-10,0.38,28.32,82.66,100.26,1.92,25.0
2015-09-11,1.88,28.16,83.97,100.19,1.35,25.15
2015-09-12,5.26,27.96,85.23,100.19,2.44,25.22
2015-09-13,8.23,27.93,86.3,100.16,2.96,25.38
2015-09-14,21.33,27.86,87.64,99.92,3.43,25.58
2015-09-15,11.09,27.95,87.35,99.63,3.52,25.63
2015-09-16,8.35,28.63,88.4,99.5,5.0,26.51
2015-09-17,2.59,28.47,86.78,99.82,4.21,26.04
2015-09-18,0.79,28.35,85.82,100.04,1.85,25.72
2015-09-19,3.04,27.76,88.22,99.94,1.43,25.62
2015-09-20,8.1,27.67,84.92,99.91,1.39,24.86
2015-09-21,8.0,27.99,84.15,100.01,3.63,24.98
2015-09-22,1.47,28.91,84.45,100.16,3.35,25.94
2015-09-23,0.56,28.67,84.4,100.29,2.43,25.71
2015-09-24,0.21,28.12,84.31,100.22,2.59,25.17
2015-09-25,0.05,27.99,82.3,100.17,2.19,24.58
2015-09-26,0.12,28.21,77.58,100.22,1.56,23.79
2015-09-27,0.03,28.24,76.1,100.28,1.39,23.5
2015-09-28,0.42,28.36,75.15,100.36,0.88,23.47
2015-09-29,0.0,28.48,77.3,100.45,1.48,24.04
2015-09-30,0.33,28.41,80.26,100.6,1.95,24.62
2015-10-01,2.33,27.82,85.72,100.7,1.54,25.19
2015-10-02,5.75,28.32,81.02,100.65,0.6,24.7
2015-10-03,9.48,28.53,82.04,100.51,1.4,25.13
2015-10-04,3.49,28.82,79.61,100.52,1.23,24.86
2015-10-05,1.38,28.31,79.23,100.45,1.61,24.27
2015-10-06,3.06,28.07,82.98,100.34,1.85,24.88
2015-10-07,5.11,27.34,86.37,100.36,1.87,24.87
2015-10-08,6.82,28.09,83.25,100.3,2.08,24.92
2015-10-09,2.08,27.62,75.22,100.23,2.19,22.61
2015-10-10,0.07,28.24,65.17,100.32,1.83,20.67
2015-10-11,0.01,28.55,65.53,100.52,1.16,21.23
2015-10-12,5.9,28.66,69.52,100.63,0.79,22.46
2015-10-13,3.11,28.14,72.41,100.68,0.79,22.61
2015-10-14,2.18,27.9,74.59,100.79,0.99,22.89
2015-10-15,0.56,27.35,76.77,100.84,1.24,22.86
2015-10-16,0.13,27.42,78.0,100.88,1.18,23.16
2015-10-17,2.39,28.26,72.47,100.85,0.52,22.74
2015-10-18,0.17,28.39,69.9,100.93,0.88,22.31
2015-10-19,0.0,28.0,65.64,100.85,1.06,20.85
2015-10-20,0.05,27.92,64.47,100.65,1.03,20.5
2015-10-21,0.81,28.19,69.39,100.61,1.12,21.92
2015-10-22,0.19,28.01,71.55,100.71,1.23,22.23
2015-10-23,0.02,27.97,72.2,100.69,1.46,22.4
2015-10-24,0.0,27.43,69.07,100.75,1.74,20.98
2015-10-25,0.0,26.95,64.66,100.94,1.29,19.57
2015-10-26,0.0,26.37,58.8,100.99,1.34,17.53
2015-10-27,0.0,26.17,57.43,100.95,0.97,16.91
2015-10-28,0.02,25.95,64.42,100.95,1.2,18.61
2015-10-29,2.36,25.53,78.04,100.99,1.88,21.39
2015-10-30,1.59,25.88,81.28,100.93,3.27,22.36
2015-10-31,8.4,24.92,88.97,100.87,3.11,22.96
2015-11-01,6.2,25.21,86.66,100.84,2.59,22.77
2015-11-02,0.26,25.61,82.99,100.94,2.46,22.44
2015-11-03,0.0,25.57,79.35,100.94,2.2,21.58
2015-11-04,0.0,26.27,72.5,100.87,1.37,20.77
2015-11-05,0.0,26.26,66.63,100.83,1.5,19.39
2015-11-06,0.0,26.06,66.44,100.78,1.4,19.06
2015-11-07,0.0,26.32,69.34,100.92,1.78,20.07
2015-11-08,0.0,25.73,73.18,101.06,2.19,20.42
2015-11-09,0.0,25.6,69.15,100.97,1.91,19.18
2015-11-10,0.0,25.11,67.29,100.84,1.59,18.51
2015-11-11,0.0,25.5,66.02,100.83,1.71,18.41
2015-11-12,0.0,24.95,63.43,101.0,1.9,17.21
2015-11-13,0.0,24.49,66.83,100.99,1.64,17.64
2015-11-14,0.0,24.5,68.2,100.78,1.33,17.8
2015-11-15,0.0,24.74,65.09,100.75,1.43,17.44
2015-11-16,0.0,24.73,62.27,100.81,1.27,16.66
2015-11-17,3.3,22.99,74.23,100.86,1.3,18.05
2015-11-18,0.06,23.79,79.57,101.0,2.44,19.84
2015-11-19,0.01,24.24,74.04,101.1,2.8,18.86
2015-11-20,0.01,24.25,64.81,100.99,2.6,16.73
2015-11-21,0.0,23.68,65.3,100.95,2.09,16.22
2015-11-22,0.0,23.76,63.91,100.95,1.92,16.03
2015-11-23,0.0,24.35,64.65,101.0,1.36,16.84
2015-11-24,0.0,24.82,62.51,100.97,0.97,16.78
2015-11-25,0.0,24.24,67.01,100.92,1.15,17.45
2015-11-26,0.0,24.85,69.21,100.88,0.87,18.42
2015-11-27,0.0,24.21,69.14,100.78,1.43,17.75
2015-11-28,0.0,24.83,72.12,101.07,1.39,18.98
2015-11-29,0.0,24.93,72.95,101.24,1.96,19.37
2015-11-30,0.0,25.38,70.99,101.18,1.55,19.33
2015-12-01,0.0,25.68,65.46,100.99,1.46,18.35
2015-12-02,0.11,25.23,69.95,101.01,1.42,19.21
2015-12-03,0.93,25.04,67.53,101.03,1.39,18.32
2015-12-04,0.03,25.19,69.22,100.99,1.18,18.75
2015-12-05,0.02,25.12,69.04,101.05,1.09,18.69
2015-12-06,0.0,25.07,68.46,101.04,1.47,18.57
2015-12-07,0.0,24.27,61.42,101.11,0.91,15.92
2015-12-08,0.0,23.6,54.97,101.12,1.42,13.41
2015-12-09,0.0,23.17,50.57,101.14,1.51,11.63
2015-12-10,0.0,22.74,53.69,101.02,1.92,12.0
2015-12-11,0.0,23.98,63.46,100.81,2.04,15.85
2015-12-12,0.0,24.94,75.76,100.68,2.87,19.92
2015-12-13,1.18,25.54,80.29,100.82,2.43,21.73
2015-12-14,1.4,25.19,79.22,100.89,2.45,21.22
2015-12-15,1.78,25.35,77.96,100.91,1.61,21.02
2015-12-16,0.4,23.43,78.81,101.07,2.96,19.31
2015-12-17,0.43,23.92,77.05,101.03,2.46,19.46
2015-12-18,4.89,24.85,79.24,100.97,3.18,20.81
2015-12-19,1.01,22.27,74.99,101.34,2.77,17.35
2015-12-20,0.08,21.91,66.05,101.32,1.89,14.91
2015-12-21,1.13,22.9,74.09,101.21,1.83,17.9
2015-12-22,18.12,22.54,84.85,101.32,3.08,19.84
2015-12-23,4.95,22.76,83.4,101.28,2.47,19.7
2015-12-24,6.92,23.39,82.59,101.15,1.85,20.13
2015-12-25,2.49,22.26,77.13,101.29,3.65,17.78
2015-12-26,0.0,19.5,51.63,101.4,2.64,8.16
2015-12-27,0.0,19.51,44.78,101.45,2.03,6.2
2015-12-28,0.0,21.25,47.02,101.47,1.9,8.75
2015-12-29,0.0,21.44,54.03,101.31,2.01,10.92
2015-12-30,0.0,22.06,53.56,101.22,1.73,11.24
2015-12-31,0.0,23.31,58.57,101.34,1.12,14.26
2016-01-01,0.0,22.66,64.98,101.48,0.99,15.1
2016-01-02,0.0,23.04,68.87,101.44,1.17,16.41
2016-01-03,0.0,22.76,72.36,101.27,1.6,17.1
2016-01-04,0.0,22.25,58.13,101.32,1.59,12.37
2016-01-05,0.0,22.43,64.33,101.26,1.02,14.71
2016-01-06,0.0,22.14,60.52,101.26,1.6,13.06
2016-01-07,0.0,22.32,59.88,101.32,1.03,13.13
2016-01-08,0.0,22.46,58.4,101.19,1.84,12.92
2016-01-09,0.0,23.49,55.44,100.96,1.59,13.21
2016-01-10,0.0,22.89,58.17,101.18,2.04,13.27
2016-01-11,0.0,22.19,59.87,101.24,1.48,13.12
2016-01-12,0.0,22.63,57.22,101.06,1.11,12.92
2016-01-13,0.0,21.66,50.89,100.99,1.56,9.71
2016-01-14,0.0,21.84,50.91,101.03,1.87,9.82
2016-01-15,0.0,22.99,59.5,100.9,2.04,13.98
2016-01-16,0.0,23.74,58.99,100.8,2.16,14.05
2016-01-17,0.44,23.82,63.79,100.85,1.63,15.7
2016-01-18,2.36,23.76,68.41,100.84,1.64,17.19
2016-01-19,2.16,24.08,72.64,100.8,3.33,18.51
2016-01-20,5.44,24.34,74.64,100.86,2.12,19.34
2016-01-21,36.2,20.64,73.73,101.16,2.67,15.51
2016-01-22,0.0,19.9,56.1,101.3,1.98,9.96
2016-01-23,0.0,19.75,53.17,101.39,1.97,9.28
2016-01-24,0.0,19.85,53.03,101.35,1.75,9.22
2016-01-25,0.0,20.54,56.72,101.19,1.21,10.99
2016-01-26,0.0,21.63,68.97,101.11,1.79,15.4
2016-01-27,0.0,22.84,74.77,100.98,3.08,17.89
2016-01-28,0.0,24.37,72.13,100.92,1.89,18.13
2016-01-29,0.0,23.48,65.39,101.11,1.63,15.62
2016-01-30,0.0,24.22,64.23,101.05,1.35,15.91
2016-01-31,0.0,25.06,62.2,100.92,2.1,15.61
2016-02-01,0.01,24.88,68.91,100.99,1.67,17.41
2016-02-02,0.0,25.35,73.39,101.05,1.87,19.71
2016-02-03,0.0,25.19,73.84,100.98,2.19,19.78
2016-02-04,0.07,24.77,71.98,101.07,1.64,19.0
2016-02-05,0.02,24.31,71.37,101.03,1.88,18.26
2016-02-06,0.0,24.77,71.68,100.9,2.08,18.9
2016-02-07,0.0,24.89,74.36,101.01,2.71,19.73
2016-02-08,0.0,25.03,72.31,100.94,3.25,19.39
2016-02-09,0.0,25.51,68.37,100.88,2.42,18.71
2016-02-10,0.0,25.48,64.49,100.79,1.95,16.89
2016-02-11,0.0,26.02,73.24,100.7,4.52,20.48
2016-02-12,0.0,26.78,71.88,100.69,3.99,20.81
2016-02-13,0.0,26.49,69.04,100.82,2.8,19.87
2016-02-14,0.0,26.56,68.61,100.88,3.36,19.84
2016-02-15,0.0,26.99,61.39,101.03,2.63,18.24
2016-02-16,0.0,27.06,59.3,101.15,1.87,17.57
2016-02-17,0.0,27.42,56.27,101.13,1.7,16.99
2016-02-18,0.0,27.46,55.24,101.01,2.05,16.49
2016-02-19,0.0,27.89,52.9,100.98,2.9,15.96
2016-02-20,0.0,28.25,54.94,100.86,2.91,16.86
2016-02-21,0.0,28.14,61.79,100.69,3.61,18.63
2016-02-22,0.0,28.71,66.34,100.8,2.62,20.34
2016-02-23,0.01,28.01,71.68,100.81,3.83,21.84
2016-02-24,0.03,27.77,68.9,100.74,5.57,21.22
2016-02-25,1.9,27.26,72.59,100.92,4.16,21.64
2016-02-26,2.18,26.5,71.86,101.17,3.17,20.8
2016-02-27,2.21,25.3,69.67,101.22,1.63,19.14
2016-02-28,4.25,26.47,69.72,101.28,1.48,20.08
2016-02-29,1.04,27.42,65.15,101.24,2.0,19.41
2016-03-01,0.18,27.51,61.59,101.03,2.33,18.6
2016-03-02,0.06,27.65,61.34,101.04,2.64,18.88
2016-03-03,0.0,28.02,57.12,101.06,2.58,17.8
2016-03-04,0.01,28.26,53.68,100.86,3.19,16.76
2016-03-05,0.1,28.28,55.38,100.73,3.3,17.33
2016-03-06,0.04,28.52,58.63,100.73,3.0,18.41
2016-03-07,0.04,28.25,56.26,100.71,2.02,16.98
2016-03-08,0.0,28.32,56.95,100.62,2.89,17.39
2016-03-09,0.0,28.71,58.15,100.62,3.64,18.21
2016-03-10,0.0,28.83,60.15,100.68,3.28,19.15
2016-03-11,0.0,28.58,59.72,100.72,2.4,18.88
2016-03-12,0.01,28.68,62.67,100.62,2.74,19.73
2016-03-13,0.08,28.64,61.57,100.69,2.82,19.21
2016-03-14,0.85,27.24,63.59,100.82,2.13,18.47
2016-03-15,1.31,28.07,61.48,100.74,1.55,19.45
2016-03-16,0.21,29.42,57.15,100.62,2.66,19.47
2016-03-17,0.43,29.63,60.14,100.68,2.47,20.43
2016-03-18,0.73,29.44,63.53,100.6,2.87,21.07
2016-03-19,0.67,30.15,64.21,100.41,4.47,22.0
2016-03-20,0.18,31.16,55.79,100.32,3.12,18.63
2016-03-21,0.03,31.3,51.46,100.25,2.83,16.99
2016-03-22,0.05,30.63,62.77,100.25,2.82,20.93
2016-03-23,0.0,30.34,64.56,100.46,2.37,21.13
2016-03-24,0.0,30.21,64.58,100.76,2.77,21.26
2016-03-25,0.0,29.46,66.64,100.9,4.06,21.97
2016-03-26,0.0,29.51,67.26,100.75,3.99,21.98
2016-03-27,1.12,29.29,67.86,100.74,5.33,22.28
2016-03-28,2.37,29.32,66.34,100.76,3.24,21.78
2016-03-29,0.32,29.51,66.7,100.75,4.56,21.87
2016-03-30,1.71,29.68,67.94,100.72,5.36,22.55
2016-03-31,2.0,30.11,66.29,100.55,5.34,22.42
2016-04-01,0.57,30.48,64.02,100.35,4.61,21.69
2016-04-02,0.13,30.8,63.68,100.38,5.75,22.21
2016-04-03,0.07,31.06,64.84,100.46,5.51,22.47
2016-04-04,0.04,31.18,64.16,100.29,5.32,22.62
2016-04-05,0.03,31.69,59.98,100.18,4.95,21.44
2016-04-06,0.35,32.46,55.55,100.28,4.44,20.74
2016-04-07,0.14,32.73,50.76,100.28,3.96,19.84
2016-04-08,0.35,32.18,52.37,100.37,3.72,20.44
2016-04-09,0.02,32.43,51.15,100.38,4.78,19.21
2016-04-10,0.01,33.12,47.86,100.37,3.96,18.69
2016-04-11,0.0,33.82,47.66,100.21,4.04,19.1
2016-04-12,0.0,33.46,51.23,100.03,5.16,20.04
2016-04-13,0.0,32.68,57.18,99.94,5.09,20.92
2016-04-14,0.0,32.01,64.67,100.06,4.87,22.97
2016-04-15,0.0,31.96,66.07,100.19,5.55,23.21
2016-04-16,0.05,31.72,66.09,100.08,6.49,23.33
2016-04-17,0.1,32.18,63.56,100.02,6.7,23.01
2016-04-18,0.08,31.99,61.44,100.16,7.06,22.52
2016-04-19,0.01,31.68,59.52,100.23,6.72,21.75
2016-04-20,0.01,31.52,62.01,100.25,6.49,22.26
2016-04-21,0.02,32.63,61.88,99.98,6.55,23.04
2016-04-22,0.01,32.93,62.32,99.83,6.51,23.37
2016-04-23,0.01,33.21,60.87,99.65,6.44,22.64
2016-04-24,0.0,32.62,62.66,99.72,5.35,22.65
2016-04-25,0.01,32.03,68.24,100.01,5.8,24.51
2016-04-26,0.21,31.38,69.78,100.27,5.46,24.63
2016-04-27,0.22,32.45,62.73,100.13,4.54,23.3
2016-04-28,0.31,33.26,58.12,100.04,4.15,22.46
2016-04-29,1.43,32.59,60.57,100.17,4.16,23.01
2016-04-30,1.96,33.64,53.51,100.13,3.85,21.38
2016-05-01,0.28,32.95,57.29,100.04,5.27,21.9
2016-05-02,0.38,32.94,59.12,100.02,5.91,22.09
2016-05-03,0.34,33.0,58.23,100.1,4.0,22.33
2016-05-04,0.24,32.95,51.95,100.21,3.63,20.42
2016-05-05,0.26,32.52,56.81,100.29,3.15,21.48
2016-05-06,1.62,32.59,57.29,100.26,4.08,21.83
2016-05-07,2.8,31.9,60.21,100.28,3.91,22.49
2016-05-08,1.59,31.11,64.96,100.39,4.07,23.33
2016-05-09,1.71,30.56,66.78,100.4,3.15,23.33
2016-05-10,1.93,31.51,62.13,100.39,3.94,22.86
2016-05-11,3.84,31.6,63.77,100.29,3.1,23.42
2016-05-12,2.4,32.05,64.85,100.02,3.8,24.07
2016-05-13,1.01,32.41,65.02,99.98,4.98,24.39
2016-05-14,1.1,31.7,68.43,100.16,5.85,24.82
2016-05-15,0.26,32.13,64.6,100.21,6.16,23.96
2016-05-16,0.17,32.26,63.74,100.06,6.27,23.74
2016-05-17,0.27,31.64,67.89,100.01,6.22,24.55
2016-05-18,3.1,30.06,69.72,100.0,4.85,23.82
2016-05-19,4.82,29.42,77.91,99.86,4.27,25.07
2016-05-20,78.52,27.71,87.11,99.28,6.02,25.37
2016-05-21,2.84,30.48,71.07,99.51,3.21,24.12
2016-05-22,8.58,31.68,76.58,99.53,4.04,26.59
2016-05-23,4.5,32.84,67.63,99.51,3.15,25.26
2016-05-24,2.38,32.78,69.78,99.57,2.15,25.51
2016-05-25,3.19,32.52,71.22,99.49,2.82,25.94
2016-05-26,4.93,32.85,66.05,99.65,2.2,24.38
2016-05-27,1.11,33.25,61.99,99.75,2.59,23.71
2016-05-28,2.92,32.55,67.95,99.78,2.9,25.0
2016-05-29,4.04,31.42,68.93,99.82,2.27,24.66
2016-05-30,2.26,31.26,70.77,99.83,3.61,24.97
2016-05-31,3.94,30.85,74.25,99.95,2.94,25.5
2016-06-01,9.04,30.62,74.76,100.04,3.49,25.41
2016-06-02,6.65,29.75,81.12,99.95,2.49,26.06
2016-06-03,12.5,29.11,84.62,99.96,3.49,26.24
2016-06-04,11.75,28.83,78.04,100.09,2.4,24.47
2016-06-05,2.22,29.5,75.13,100.11,2.08,24.47
2016-06-06,2.12,29.6,76.66,100.07,3.12,24.99
2016-06-07,6.87,29.58,78.11,100.01,3.31,25.28
2016-06-08,8.49,29.04,80.1,99.83,3.34,25.16
2016-06-09,9.29,29.15,81.04,99.75,4.31,25.47
2016-06-10,1.47,30.44,79.63,99.7,5.0,26.3
2016-06-11,0.57,30.71,77.18,99.74,4.92,26.02
2016-06-12,0.89,31.01,79.17,99.67,3.56,26.79
2016-06-13,6.13,29.22,83.66,99.72,2.83,26.14
2016-06-14,0.43,30.46,76.38,99.6,4.28,25.57
2016-06-15,24.25,29.37,82.98,99.51,3.11,26.11
2016-06-16,5.17,28.44,86.8,99.56,2.03,26.04
2016-06-17,10.26,28.98,80.14,99.56,1.68,25.07
2016-06-18,9.09,28.57,83.0,99.74,2.61,25.37
2016-06-19,10.37,28.94,81.96,99.9,3.74,25.5
2016-06-20,6.05,28.81,82.62,99.98,2.98,25.5
2016-06-21,0.53,28.99,79.22,99.99,3.43,24.93
2016-06-22,0.47,29.36,78.85,100.04,3.27,25.21
2016-06-23,0.81,29.61,77.97,99.94,3.23,25.24
2016-06-24,1.46,29.28,80.62,99.8,2.26,25.55
2016-06-25,0.47,30.05,74.89,99.86,2.05,24.89
2016-06-26,23.03,29.23,81.31,99.82,2.15,25.63
2016-06-27,16.15,28.72,84.59,99.55,2.76,25.84
2016-06-28,7.82,28.65,84.39,99.55,3.07,25.71
2016-06-29,9.62,28.97,84.18,99.64,3.96,25.98
2016-06-30,4.28,29.45,82.21,99.51,3.23,26.03
2016-07-01,2.96,29.13,84.73,99.34,1.86,26.24
2016-07-02,17.88,28.9,86.08,99.37,2.6,26.3
2016-07-03,15.83,29.2,85.02,99.6,4.8,26.35
2016-07-04,7.8,28.6,87.81,99.64,6.59,26.38
2016-07-05,5.17,28.6,87.37,99.51,6.05,26.26
2016-07-06,1.79,29.17,85.28,99.48,4.72,26.38
2016-07-07,4.74,29.1,85.25,99.46,4.18,26.29
2016-07-08,24.36,28.36,86.45,99.31,5.39,25.85
2016-07-09,2.79,27.48,82.85,99.23,6.79,24.29
2016-07-10,3.48,27.96,81.67,99.16,6.32,24.45
2016-07-11,3.3,28.67,81.52,99.28,5.3,25.11
2016-07-12,2.41,28.78,82.57,99.49,5.18,25.44
2016-07-13,3.26,29.3,81.82,99.67,3.59,25.71
2016-07-14,3.92,29.55,82.31,99.6,3.03,26.09
2016-07-15,15.79,29.18,85.7,99.7,4.11,26.47
2016-07-16,6.43,28.4,86.97,99.96,4.81,25.99
2016-07-17,5.36,28.18,85.94,100.29,4.35,25.58
2016-07-18,2.65,28.56,81.61,100.13,3.09,24.99
2016-07-19,4.26,28.84,81.87,99.93,3.02,25.29
2016-07-20,2.36,29.06,80.99,99.85,1.83,25.34
2016-07-21,6.5,28.99,83.02,99.85,2.35,25.71
2016-07-22,5.04,28.73,82.56,99.89,3.42,25.4
2016-07-23,10.88,28.24,86.15,99.94,3.59,25.69
2016-07-24,10.0,27.71,85.58,99.97,2.88,25.05
2016-07-25,16.87,27.77,86.52,100.14,4.24,25.31
2016-07-26,25.7,27.2,88.82,100.29,3.95,25.2
2016-07-27,4.4,27.69,84.66,100.28,3.13,24.82
2016-07-28,0.68,28.35,80.67,100.12,3.15,24.56
2016-07-29,2.68,28.49,84.36,99.94,3.11,25.53
2016-07-30,7.63,27.97,87.74,99.85,2.37,25.74
2016-07-31,35.62,27.73,87.09,99.76,2.34,25.36
2016-08-01,23.72,27.5,87.32,99.55,2.5,25.19
2016-08-02,33.91,27.73,88.45,99.2,3.57,25.63
2016-08-03,28.62,28.04,87.08,99.23,2.93,25.63
2016-08-04,36.74,28.0,86.41,99.26,3.79,25.49
2016-08-05,20.31,27.85,87.08,99.43,4.9,25.49
2016-08-06,13.96,28.46,87.63,99.55,5.62,26.18
2016-08-07,4.66,28.66,85.48,99.7,4.41,25.92
2016-08-08,13.33,28.03,87.1,99.84,3.79,25.66
2016-08-09,21.6,27.32,89.89,99.75,4.15,25.52
2016-08-10,9.49,27.65,88.61,99.78,4.34,25.6
2016-08-11,7.04,28.4,86.4,99.87,3.83,25.86
2016-08-12,3.19,28.55,85.72,99.82,3.59,25.87
2016-08-13,2.64,28.76,84.82,99.73,3.21,25.88
2016-08-14,4.91,28.74,86.69,99.62,3.28,26.26
2016-08-15,8.29,28.38,87.93,99.39,3.43,26.17
2016-08-16,44.52,27.58,87.93,99.18,4.18,25.4
2016-08-17,17.71,27.03,87.1,99.09,5.99,24.69
2016-08-18,1.85,28.4,81.21,99.41,4.27,24.74
2016-08-19,0.52,28.92,81.07,99.72,2.75,25.14
2016-08-20,0.29,29.15,80.21,99.82,1.99,25.24
2016-08-21,2.31,28.59,81.97,99.9,2.23,25.13
2016-08-22,21.49,27.71,87.0,100.0,2.48,25.34
2016-08-23,4.16,27.47,86.35,100.03,1.96,24.97
2016-08-24,5.78,28.69,81.35,99.91,1.07,25.09
2016-08-25,10.14,28.66,83.96,99.97,1.35,25.62
2016-08-26,5.27,27.84,87.46,99.98,2.62,25.55
2016-08-27,4.94,28.13,86.89,100.12,2.69,25.73
2016-08-28,1.07,28.16,87.28,100.15,2.22,25.82
2016-08-29,0.43,28.1,85.11,100.01,1.75,25.31
2016-08-30,2.26,28.38,85.41,99.89,1.43,25.68
2016-08-31,5.94,28.43,84.39,99.95,2.9,25.49
2016-09-01,5.88,27.95,87.48,100.02,3.74,25.68
2016-09-02,4.56,28.06,89.15,99.88,2.87,26.09
2016-09-03,20.95,27.85,87.26,99.79,3.13,25.52
2016-09-04,25.11,27.23,88.48,99.85,5.2,25.17
2016-09-05,8.69,26.56,89.38,99.96,4.24,24.69
2016-09-06,3.88,27.86,82.4,99.96,3.42,24.48
2016-09-07,0.97,28.06,81.53,99.9,3.28,24.5
2016-09-08,2.49,27.82,83.09,99.97,3.06,24.65
2016-09-09,1.96,28.29,85.19,99.99,3.0,25.52
2016-09-10,5.5,28.19,86.87,99.97,2.9,25.77
2016-09-11,4.96,28.26,86.97,99.88,2.22,25.86
2016-09-12,9.74,27.91,88.6,99.93,2.2,25.86
2016-09-13,7.19,27.62,88.27,100.03,2.98,25.5
2016-09-14,7.33,27.67,87.41,100.1,2.51,25.36
2016-09-15,4.11,27.8,87.44,100.07,3.28,25.51
2016-09-16,4.77,27.9,87.33,100.05,2.19,25.59
2016-09-17,8.77,27.78,87.16,100.07,2.48,25.44
2016-09-18,4.81,28.05,85.82,100.1,1.95,25.42
2016-09-19,0.21,28.32,84.45,100.06,1.63,25.41
2016-09-20,0.55,28.47,82.9,100.01,2.21,25.24
2016-09-21,5.12,27.66,89.37,100.14,3.07,25.74
2016-09-22,11.51,27.73,88.14,100.15,3.04,25.57
2016-09-23,14.56,27.51,88.92,99.98,2.34,25.51
2016-09-24,19.11,27.38,90.29,99.87,2.98,25.67
2016-09-25,8.71,27.94,88.18,99.93,3.15,25.79
2016-09-26,7.17,27.77,88.75,100.11,2.76,25.74
2016-09-27,22.04,27.96,88.59,100.15,3.02,25.9
2016-09-28,20.02,27.61,89.75,100.05,2.63,25.78
2016-09-29,5.5,27.47,86.6,100.0,2.69,25.02
2016-09-30,8.71,27.38,88.15,99.94,2.63,25.23
2016-10-01,7.23,27.47,87.81,100.12,2.73,25.26
2016-10-02,2.02,27.62,82.45,100.41,1.47,24.33
2016-10-03,0.59,27.81,82.8,100.32,1.37,24.57
2016-10-04,4.03,28.65,81.99,100.18,1.51,25.2
2016-10-05,8.12,28.05,86.48,100.09,1.79,25.55
2016-10-06,23.98,27.5,84.4,100.09,0.7,24.6
2016-10-07,9.44,27.32,86.23,100.08,1.66,24.8
2016-10-08,2.39,27.64,85.16,100.18,2.0,24.9
2016-10-09,4.72,27.54,87.55,100.05,2.01,25.29
2016-10-10,7.84,28.11,83.92,100.0,0.94,25.08
2016-10-11,2.84,27.62,81.04,100.04,2.59,23.97
2016-10-12,1.25,27.34,78.42,100.2,2.35,23.01
2016-10-13,0.0,27.19,69.25,100.41,1.96,20.83
2016-10-14,0.0,26.49,69.56,100.48,1.91,20.4
2016-10-15,0.0,25.79,67.25,100.55,2.23,19.09
2016-10-16,0.0,25.55,69.04,100.59,2.21,19.36
2016-10-17,0.0,25.92,72.74,100.48,2.04,20.56
2016-10-18,0.0,26.2,76.37,100.37,2.44,21.63
2016-10-19,0.0,26.32,75.04,100.32,2.29,21.44
2016-10-20,0.0,25.75,72.06,100.25,2.42,20.17
2016-10-21,0.0,24.97,71.72,100.33,2.45,19.34
2016-10-22,0.0,25.04,72.54,100.47,2.17,19.67
2016-10-23,0.0,24.16,74.16,100.45,2.74,19.04
2016-10-24,0.0,23.75,77.07,100.36,3.08,19.27
2016-10-25,0.0,23.17,78.43,100.3,2.99,19.07
2016-10-26,2.79,23.5,80.64,100.45,3.55,19.82
2016-10-27,4.33,25.88,86.57,100.65,2.61,23.38
2016-10-28,0.25,26.32,84.3,100.65,2.04,23.39
2016-10-29,0.11,26.38,83.39,100.66,2.19,23.28
2016-10-30,0.01,25.97,84.42,100.76,3.06,23.06
2016-10-31,0.02,25.43,82.59,100.95,2.61,22.13
2016-11-01,0.03,25.86,85.81,100.87,2.72,23.22
2016-11-02,0.11,26.11,84.22,100.85,2.7,23.15
2016-11-03,5.7,25.37,87.99,100.86,3.59,23.2
2016-11-04,16.9,24.57,89.33,100.63,4.91,22.68
2016-11-05,47.2,23.72,91.96,100.2,5.2,22.32
2016-11-06,0.02,23.76,80.47,100.47,3.35,20.01
2016-11-07,0.0,22.21,78.24,100.7,2.98,18.06
2016-11-08,0.0,21.61,75.97,100.83,2.38,16.9
2016-11-09,0.0,21.47,71.92,100.92,2.08,15.97
2016-11-10,0.0,20.92,70.49,100.89,1.64,15.15
2016-11-11,0.0,21.72,72.71,100.91,1.43,16.4
2016-11-12,0.0,22.59,70.35,101.0,1.5,16.78
2016-11-13,0.0,23.04,74.74,101.1,1.78,18.2
2016-11-14,0.0,23.76,79.84,101.01,1.69,19.99
2016-11-15,0.0,24.12,83.4,100.95,1.61,21.03
2016-11-16,0.0,23.24,79.53,101.02,2.42,19.34
2016-11-17,0.0,21.2,72.5,101.06,2.57,15.85
2016-11-18,0.0,20.79,69.94,100.94,2.33,14.85
2016-11-19,0.0,20.94,70.65,100.83,1.76,15.22
2016-11-20,0.0,21.65,68.27,100.87,1.33,15.39
2016-11-21,0.0,21.01,73.59,100.85,1.99,15.92
2016-11-22,0.0,20.58,73.17,100.8,2.39,15.36
2016-11-23,0.0,20.22,71.77,100.83,2.21,14.61
2016-11-24,0.0,20.26,71.21,100.88,2.21,14.65
2016-11-25,0.0,20.47,71.24,100.81,2.33,14.77
2016-11-26,0.0,20.35,73.04,100.79,2.3,15.14
2016-11-27,0.0,20.38,78.94,100.75,2.51,16.3
2016-11-28,0.0,20.56,80.27,100.81,2.21,16.73
2016-11-29,0.0,21.06,73.42,100.95,1.65,15.67
2016-11-30,0.0,21.34,75.53,101.07,1.71,16.64
2016-12-01,0.0,21.82,86.12,101.07,2.39,19.28
2016-12-02,0.0,22.41,89.27,101.08,3.41,20.48
2016-12-03,0.0,23.11,83.95,101.19,2.94,20.08
2016-12-04,0.0,22.17,79.16,101.24,2.58,18.12
2016-12-05,0.0,21.64,75.69,101.11,2.42,16.94
2016-12-06,0.0,20.61,73.76,101.12,2.62,15.51
2016-12-07,0.0,20.53,72.56,101.05,2.2,15.22
2016-12-08,0.0,20.84,76.76,100.92,2.14,16.36
2016-12-09,0.0,20.23,72.77,100.78,2.31,14.87
2016-12-10,0.0,19.42,75.18,100.73,3.19,14.66
2016-12-11,0.0,19.77,76.57,100.72,3.13,15.31
2016-12-12,0.0,21.0,72.98,100.78,2.75,15.74
2016-12-13,0.0,20.95,69.52,100.87,2.48,14.93
2016-12-14,0.0,21.19,72.66,101.0,1.96,15.87
2016-12-15,0.0,20.78,62.79,101.07,2.4,12.91
2016-12-16,0.0,19.36,63.23,101.17,2.06,11.79
2016-12-17,0.0,19.23,67.11,101.13,2.14,12.62
2016-12-18,0.0,18.97,66.08,101.16,1.97,12.11
2016-12-19,0.0,19.59,63.89,101.14,1.57,12.25
2016-12-20,0.0,19.08,63.6,101.07,1.91,11.61
2016-12-21,0.0,18.84,63.93,101.05,2.16,11.41
2016-12-22,0.0,18.75,62.67,100.99,2.01,10.98
2016-12-23,0.0,19.0,57.98,100.87,1.38,10.04
2016-12-24,0.0,19.72,62.43,100.81,1.1,12.12
2016-12-25,0.0,20.71,69.38,100.89,0.93,14.69
2016-12-26,0.0,21.42,68.67,100.9,1.27,15.14
2016-12-27,0.0,19.41,77.47,101.04,2.67,15.05
2016-12-28,0.0,19.99,79.47,101.1,1.93,16.06
2016-12-29,0.0,20.33,76.39,101.13,1.53,15.79
2016-12-30,0.0,20.96,75.41,101.14,1.21,16.27
2016-12-31,0.0,21.39,78.16,101.08,1.31,17.29
2017-01-01,0.0,21.96,75.93,101.11,1.42,17.3
2017-01-02,0.08,21.92,74.68,101.13,1.3,16.97
2017-01-03,0.22,22.03,72.88,101.09,1.2,16.77
2017-01-04,0.02,21.61,69.02,101.01,1.75,15.4
2017-01-05,0.0,21.34,61.33,100.98,1.49,13.17
2017-01-06,0.0,21.13,56.42,100.94,1.33,11.74
2017-01-07,0.0,20.88,57.06,100.79,1.12,11.72
2017-01-08,0.0,21.31,59.54,100.76,1.41,12.68
2017-01-09,0.0,21.8,60.46,100.78,1.19,13.34
2017-01-10,0.0,21.7,73.66,100.78,1.86,16.39
2017-01-11,0.0,21.55,71.24,100.88,1.37,16.0
2017-01-12,0.0,20.5,74.62,100.9,2.04,15.66
2017-01-13,0.0,19.42,73.37,101.0,2.54,14.28
2017-01-14,0.0,19.42,67.78,101.14,2.2,12.93
2017-01-15,0.0,19.41,57.92,101.22,1.55,10.28
2017-01-16,0.0,19.79,51.46,101.1,1.77,9.01
2017-01-17,0.0,20.57,54.39,101.11,1.52,10.41
2017-01-18,0.0,21.46,63.89,101.31,1.74,13.98
2017-01-19,0.0,20.62,66.12,101.32,2.7,13.38
2017-01-20,0.0,20.96,63.26,101.32,2.87,13.05
2017-01-21,0.0,21.42,65.4,101.34,2.42,14.02
2017-01-22,0.0,21.66,59.56,101.38,2.41,12.46
2017-01-23,0.0,22.14,57.8,101.31,2.08,12.64
2017-01-24,0.0,21.59,61.42,101.31,1.99,13.18
2017-01-25,0.0,21.84,66.48,101.36,2.27,14.72
2017-01-26,0.0,21.87,66.12,101.26,1.91,14.48
2017-01-27,0.01,22.58,66.13,101.13,1.55,15.39
2017-01-28,0.0,23.0,66.54,101.04,1.97,15.63
2017-01-29,0.01,21.98,68.49,101.16,1.96,15.26
2017-01-30,0.0,22.34,66.84,101.05,1.2,15.08
2017-01-31,0.0,22.83,71.16,100.95,1.75,16.66
2017-02-01,0.0,23.26,75.16,101.07,1.46,18.0
2017-02-02,0.0,23.38,73.78,101.26,1.43,17.94
2017-02-03,0.0,23.04,71.81,101.17,1.0,17.2
2017-02-04,0.0,22.77,69.18,101.05,1.74,16.28
2017-02-05,0.0,23.22,67.06,100.95,1.28,16.22
2017-02-06,0.0,23.99,64.58,100.79,1.86,15.45
2017-02-07,0.0,24.31,57.04,100.79,2.22,13.81
2017-02-08,0.0,24.17,66.99,100.93,1.93,16.52
2017-02-09,0.0,24.52,67.82,100.85,1.51,16.88
2017-02-10,0.0,24.41,70.36,100.81,2.45,17.67
2017-02-11,0.0,24.1,70.34,101.03,2.32,17.45
2017-02-12,0.0,24.13,67.58,101.25,1.49,16.74
2017-02-13,0.0,23.97,61.0,101.4,1.51,15.06
2017-02-14,0.0,24.08,63.16,101.47,1.52,15.84
2017-02-15,0.0,24.83,58.83,101.42,1.64,15.28
2017-02-16,0.0,25.2,56.76,101.22,1.81,15.34
2017-02-17,0.0,24.99,62.72,101.09,2.23,16.44
2017-02-18,0.0,25.0,67.97,101.12,2.59,17.98
2017-02-19,0.0,25.39,70.45,100.88,2.91,18.83
2017-02-20,0.0,26.53,58.86,100.51,2.86,15.54
2017-02-21,0.0,26.3,72.18,100.48,4.11,19.53
2017-02-22,0.0,26.73,74.82,100.57,4.69,21.08
2017-02-23,0.0,27.25,71.79,100.72,2.94,20.49
2017-02-24,0.0,26.84,72.02,100.91,1.84,20.42
2017-02-25,0.0,26.07,50.9,100.92,1.99,11.57
2017-02-26,0.0,25.41,52.04,100.72,2.58,11.2
2017-02-27,0.0,26.03,66.29,100.84,2.34,17.41
2017-02-28,0.0,26.54,65.75,100.88,1.63,18.33
2017-03-01,0.0,27.01,60.56,100.83,2.13,17.27
2017-03-02,0.0,26.95,57.9,100.72,2.89,16.62
2017-03-03,0.0,27.35,54.93,100.46,3.28,15.24
2017-03-04,0.0,26.91,59.7,100.4,4.03,16.75
2017-03-05,0.11,28.11,71.49,100.33,4.14,21.48
2017-03-06,0.66,28.68,67.07,100.35,2.66,20.91
2017-03-07,7.53,27.85,71.65,100.44,2.68,21.74
2017-03-08,14.55,27.21,77.75,100.38,4.07,22.72
2017-03-09,13.05,27.36,78.32,100.25,3.75,22.96
2017-03-10,12.19,27.86,75.49,100.21,5.58,22.67
2017-03-11,12.31,27.7,78.47,100.31,5.55,23.33
2017-03-12,2.94,27.91,65.27,100.45,2.83,19.31
2017-03-13,0.0,25.9,64.73,100.77,3.06,17.95
2017-03-14,0.0,25.79,62.1,100.91,2.48,17.3
2017-03-15,0.0,26.5,62.52,100.85,1.53,17.97
2017-03-16,0.0,26.94,63.76,100.67,2.16,17.98
2017-03-17,0.05,27.27,67.43,100.53,2.96,19.22
2017-03-18,0.52,28.48,68.98,100.51,3.23,21.48
2017-03-19,0.61,27.99,72.14,100.6,3.98,21.94
2017-03-20,0.9,27.82,68.61,100.62,2.21,21.0
2017-03-21,0.01,27.55,61.33,100.87,1.62,18.19
2017-03-22,0.0,27.97,60.32,100.7,2.7,17.06
2017-03-23,0.0,28.54,64.79,100.54,3.05,19.48
2017-03-24,0.0,29.2,64.6,100.51,3.03,20.38
2017-03-25,0.0,28.7,67.9,100.54,4.49,21.45
2017-03-26,0.0,28.73,70.74,100.62,4.15,22.27
2017-03-27,0.0,28.63,71.5,100.64,4.63,22.37
2017-03-28,0.0,29.56,67.85,100.52,5.15,21.83
2017-03-29,0.0,29.43,68.38,100.39,4.86,21.84
2017-03-30,0.0,29.52,69.63,100.43,5.27,22.32
2017-03-31,0.0,29.22,74.4,100.54,5.02,23.52
2017-04-01,0.06,29.46,72.95,100.35,5.25,23.15
2017-04-02,0.63,29.85,70.18,100.16,6.73,22.97
2017-04-03,1.8,29.53,70.34,100.32,6.8,22.89
2017-04-04,0.5,29.32,72.4,100.39,6.58,23.3
2017-04-05,0.67,29.8,71.43,100.25,6.09,23.43
2017-04-06,0.58,30.06,73.22,100.21,4.89,24.18
2017-04-07,0.09,29.64,76.44,100.26,5.0,24.64
2017-04-08,0.06,30.11,74.83,100.28,4.9,24.55
2017-04-09,0.06,30.55,72.15,100.28,4.46,24.2
2017-04-10,0.07,30.5,69.8,100.23,3.5,23.39
2017-04-11,0.03,30.97,60.33,100.27,2.34,19.01
2017-04-12,0.0,30.14,62.77,100.31,3.09,19.65
2017-04-13,0.0,29.16,69.09,100.4,4.37,21.68
2017-04-14,0.0,28.79,67.96,100.38,4.73,21.14
2017-04-15,0.0,28.69,68.18,100.2,4.81,21.44
2017-04-16,0.79,29.15,67.67,100.11,4.3,21.96
2017-04-17,5.67,29.02,76.58,100.26,3.62,24.28
2017-04-18,1.51,29.55,73.95,100.26,5.24,24.12
2017-04-19,4.22,29.6,76.33,100.11,6.58,24.73
2017-04-20,4.18,30.23,75.08,99.99,6.58,24.75
2017-04-21,0.8,30.95,71.25,99.97,6.97,24.39
2017-04-22,0.17,31.5,68.3,99.9,6.61,23.94
2017-04-23,0.11,31.39,66.64,99.96,5.52,23.04
2017-04-24,0.11,31.63,66.24,100.0,6.0,22.75
2017-04-25,0.04,32.01,61.39,100.0,5.43,21.14
2017-04-26,0.02,31.76,59.43,100.08,4.29,20.32
2017-04-27,0.02,31.14,66.85,100.2,4.82,23.13
2017-04-28,0.02,31.67,62.27,100.2,4.02,22.02
2017-04-29,0.02,31.3,66.23,100.28,4.97,23.22
2017-04-30,0.03,31.27,66.25,100.23,5.44,23.28
2017-05-01,0.29,30.3,68.85,100.38,5.6,23.48
2017-05-02,0.51,30.79,63.77,100.53,4.33,22.32
2017-05-03,0.17,31.33,63.05,100.45,4.87,22.41
2017-05-04,0.11,31.93,61.97,100.37,4.69,22.44
2017-05-05,0.06,32.01,61.09,100.3,5.55,22.48
2017-05-06,1.63,31.48,65.72,100.42,5.91,23.66
2017-05-07,1.91,31.24,64.24,100.42,4.78,22.81
2017-05-08,1.62,31.23,65.87,100.29,4.78,23.33
2017-05-09,8.61,30.15,71.85,100.24,5.01,24.14
2017-05-10,12.16,29.22,78.45,100.38,3.47,24.8
2017-05-11,1.15,30.36,70.51,100.38,4.59,23.65
2017-05-12,0.9,30.88,68.96,100.35,3.92,23.7
2017-05-13,1.54,31.91,66.46,100.12,4.81,23.95
2017-05-14,1.1,31.83,69.12,99.89,5.04,24.82
2017-05-15,1.08,32.36,69.31,99.69,4.99,25.25
2017-05-16,1.23,32.21,72.39,99.59,4.33,25.99
2017-05-17,0.44,31.91,73.97,99.58,3.25,26.17
2017-05-18,1.34,31.45,76.42,99.79,3.22,26.44
2017-05-19,1.83,31.05,72.72,100.0,2.41,25.31
2017-05-20,0.49,32.25,65.41,99.88,4.04,23.95
2017-05-21,3.16,31.57,70.06,99.79,3.86,25.05
2017-05-22,0.42,31.66,71.88,99.88,4.55,25.49
2017-05-23,1.08,31.12,76.31,99.94,4.73,26.18
2017-05-24,1.16,31.27,73.42,99.93,5.26,25.56
2017-05-25,1.14,31.77,67.69,99.87,5.33,24.58
2017-05-26,0.81,31.79,66.31,99.88,4.7,24.26
2017-05-27,1.19,30.61,73.34,99.87,3.0,25.09
2017-05-28,0.74,31.37,63.88,99.73,2.06,23.19
2017-05-29,0.63,32.6,59.47,99.5,2.65,23.06
2017-05-30,2.06,33.72,59.09,99.33,3.89,23.81
2017-05-31,5.98,32.96,63.15,99.61,3.58,24.47
2017-06-01,4.03,32.11,70.32,99.78,5.7,25.65
2017-06-02,2.82,31.51,72.78,99.92,5.32,25.81
2017-06-03,6.44,31.07,76.48,99.9,5.66,26.33
2017-06-04,2.37,33.2,66.32,99.69,5.81,25.39
2017-06-05,4.69,32.3,67.53,99.72,5.3,25.07
2017-06-06,5.89,30.73,77.07,99.83,2.78,26.14
2017-06-07,0.49,31.52,62.97,99.93,3.05,23.09
2017-06-08,0.16,31.9,60.14,99.76,2.47,22.85
2017-06-09,1.1,31.46,64.53,99.63,2.13,23.69
2017-06-10,11.76,29.57,78.06,99.55,1.66,25.29
2017-06-11,4.46,29.51,78.63,99.48,3.68,25.34
2017-06-12,7.52,29.81,77.23,99.59,4.67,25.29
2017-06-13,1.41,29.94,77.1,99.78,4.75,25.38
2017-06-14,11.59,29.91,79.33,99.89,4.51,25.8
2017-06-15,17.09,28.98,86.18,99.79,4.41,26.39
2017-06-16,3.92,29.29,80.1,99.85,3.48,25.41
2017-06-17,1.16,30.63,71.92,99.85,4.55,24.56
2017-06-18,0.87,31.41,71.78,99.69,5.03,25.34
2017-06-19,2.11,30.6,74.45,99.67,3.99,25.3
2017-06-20,16.74,29.36,83.08,99.7,3.47,26.11
2017-06-21,8.36,29.01,82.86,99.69,4.18,25.69
2017-06-22,12.4,29.16,80.7,99.75,3.13,25.38
2017-06-23,9.77,28.86,80.81,99.68,2.7,25.12
2017-06-24,26.87,28.16,85.84,99.48,2.38,25.54
2017-06-25,14.2,28.56,83.58,99.36,2.68,25.42
2017-06-26,3.78,28.87,82.58,99.47,5.98,25.56
2017-06-27,5.48,28.68,81.42,99.52,5.62,25.11
2017-06-28,11.61,28.78,81.93,99.61,4.22,25.32
2017-06-29,1.66,28.64,81.63,99.62,4.0,25.1
2017-06-30,8.23,29.04,84.35,99.49,3.75,26.05
2017-07-01,19.22,28.91,84.37,99.48,4.39,25.91
2017-07-02,3.26,29.08,82.19,99.64,5.0,25.62
2017-07-03,4.08,29.42,80.41,99.71,5.42,25.53
2017-07-04,3.8,29.31,81.44,99.66,4.99,25.64
2017-07-05,1.73,29.94,77.82,99.7,3.86,25.36
2017-07-06,6.0,28.93,81.44,99.77,3.46,25.31
2017-07-07,9.39,28.8,82.97,99.77,3.66,25.53
2017-07-08,8.97,28.93,82.77,99.72,3.22,25.59
2017-07-09,7.48,29.12,83.09,99.81,4.24,25.84
2017-07-10,24.76,28.85,87.22,99.9,4.21,26.48
2017-07-11,6.52,28.24,86.78,99.85,2.92,25.79
2017-07-12,8.9,28.01,84.54,99.82,1.95,25.09
2017-07-13,23.14,27.76,84.66,99.75,1.72,24.87
2017-07-14,14.47,28.11,85.47,99.68,2.74,25.38
2017-07-15,7.24,28.1,85.57,99.65,2.19,25.39
2017-07-16,48.83,28.2,87.49,99.42,1.88,25.89
2017-07-17,20.91,28.12,89.55,99.23,3.67,26.22
2017-07-18,20.77,28.27,90.87,99.0,5.05,26.63
2017-07-19,13.48,28.45,84.77,99.19,7.76,25.6
2017-07-20,66.58,28.63,86.02,99.38,6.58,26.01
2017-07-21,43.61,28.47,90.03,99.66,5.54,26.67
2017-07-22,7.86,28.41,90.81,99.77,4.86,26.77
2017-07-23,12.93,28.22,90.43,99.72,4.53,26.51
2017-07-24,8.23,28.33,88.95,99.65,4.92,26.31
2017-07-25,3.12,28.57,85.35,99.58,3.69,25.78
2017-07-26,4.49,28.58,86.73,99.66,3.47,26.09
2017-07-27,1.63,28.43,87.85,99.85,2.67,26.18
2017-07-28,2.28,28.47,85.82,100.02,2.48,25.79
2017-07-29,4.07,28.56,86.08,100.04,2.17,25.95
2017-07-30,5.39,28.07,86.64,99.98,2.17,25.6
2017-07-31,7.04,27.88,87.51,99.94,2.42,25.6
2017-08-01,5.2,29.0,84.6,99.93,2.81,26.08
2017-08-02,4.75,28.57,87.95,99.87,3.07,26.36
2017-08-03,6.41,28.54,86.93,99.69,3.05,26.13
2017-08-04,18.39,28.24,86.8,99.54,2.29,25.81
2017-08-05,8.99,28.31,85.78,99.51,2.38,25.65
2017-08-06,6.04,28.77,84.15,99.61,2.82,25.79
2017-08-07,10.33,28.82,86.22,99.81,3.01,26.27
2017-08-08,14.58,28.77,85.61,99.92,3.36,26.09
2017-08-09,2.46,28.57,85.95,99.97,4.52,25.97
2017-08-10,5.37,28.61,85.35,99.94,4.69,25.87
2017-08-11,5.4,28.7,86.48,99.96,4.81,26.18
2017-08-12,7.55,28.16,89.44,100.02,3.49,26.25
2017-08-13,5.81,27.66,86.21,100.16,2.23,25.11
2017-08-14,4.61,27.91,85.75,100.23,1.94,25.28
2017-08-15,1.96,28.45,85.3,100.08,2.42,25.69
2017-08-16,8.1,28.39,82.87,99.9,2.22,25.11
2017-08-17,33.23,27.31,88.18,99.6,2.45,25.17
2017-08-18,8.78,27.82,87.32,99.46,4.38,25.5
2017-08-19,7.69,27.43,86.09,99.67,2.42,24.89
2017-08-20,3.18,27.16,86.97,99.81,2.9,24.79
2017-08-21,1.8,27.78,85.69,99.85,2.57,25.13
2017-08-22,0.59,28.14,82.93,99.89,2.11,24.91
2017-08-23,1.83,28.56,82.3,99.95,1.6,25.17
2017-08-24,14.35,28.18,86.16,99.84,2.56,25.63
2017-08-25,3.29,28.47,84.76,99.65,1.63,25.63
2017-08-26,4.01,28.8,84.23,99.48,1.86,25.84
2017-08-27,38.67,28.06,87.89,99.43,1.66,25.87
2017-08-28,28.97,27.59,87.49,99.43,1.78,25.31
2017-08-29,13.6,27.85,87.86,99.84,4.47,25.66
2017-08-30,2.35,28.36,85.35,100.06,3.17,25.63
2017-08-31,28.64,28.14,88.72,100.15,3.18,26.1
2017-09-01,19.96,28.09,88.69,100.1,2.37,26.05
2017-09-02,9.51,27.59,88.49,100.12,3.52,25.51
2017-09-03,2.15,28.46,83.76,100.13,2.44,25.37
2017-09-04,0.4,28.93,80.9,100.17,2.1,25.21
2017-09-05,1.11,29.03,83.81,100.13,2.02,25.94
2017-09-06,1.38,28.52,88.52,100.13,2.35,26.42
2017-09-07,1.07,28.16,88.68,100.19,2.45,26.1
2017-09-08,0.6,28.12,87.91,100.28,3.25,25.93
2017-09-09,0.49,28.27,86.75,100.22,3.3,25.84
2017-09-10,0.5,28.23,86.28,100.33,2.43,25.7
2017-09-11,1.25,28.05,86.66,100.41,1.83,25.59
2017-09-12,7.25,27.49,89.88,100.43,3.04,25.69
2017-09-13,6.16,27.51,87.46,100.4,1.66,25.21
2017-09-14,20.37,27.18,88.42,100.27,2.22,25.1
2017-09-15,7.16,28.06,83.61,100.07,1.41,25.0
2017-09-16,3.17,28.46,83.44,99.96,1.49,25.34
2017-09-17,5.08,28.49,85.95,99.89,1.49,25.87
2017-09-18,14.5,28.33,81.51,99.85,1.93,24.71
2017-09-19,18.33,27.73,87.04,99.75,4.36,25.36
2017-09-20,4.07,28.07,86.94,99.89,2.81,25.65
2017-09-21,3.5,28.14,87.56,100.0,3.39,25.88
2017-09-22,1.24,28.05,86.23,100.15,3.1,25.5
2017-09-23,0.66,28.64,84.35,100.3,2.06,25.69
2017-09-24,4.57,28.55,84.28,100.24,1.43,25.61
2017-09-25,4.07,28.6,81.65,100.06,1.34,25.12
2017-09-26,7.47,28.39,84.14,100.07,1.01,25.42
2017-09-27,6.39,28.08,84.85,100.17,1.51,25.26
2017-09-28,27.94,27.21,85.99,100.15,1.57,24.65
2017-09-29,14.6,27.68,83.31,100.12,1.32,24.57
2017-09-30,27.02,27.73,87.57,100.28,1.79,25.47
2017-10-01,6.03,27.57,85.63,100.31,1.4,24.92
2017-10-02,7.63,27.48,87.92,100.22,2.16,25.3
2017-10-03,7.47,27.46,87.2,100.24,2.07,25.13
2017-10-04,1.43,27.71,84.8,100.3,1.42,24.9
2017-10-05,5.43,27.6,86.85,100.26,1.82,25.21
2017-10-06,42.82,26.54,90.0,100.17,2.73,24.78
2017-10-07,14.33,27.08,88.61,100.29,2.33,25.04
2017-10-08,4.73,27.51,87.39,100.24,1.95,25.22
2017-10-09,26.0,27.16,89.28,100.12,2.76,25.24
2017-10-10,3.67,27.74,86.61,100.07,1.93,25.27
2017-10-11,0.73,27.9,85.22,100.15,1.96,25.16
2017-10-12,0.16,27.77,86.68,100.18,2.32,25.32
2017-10-13,0.05,27.85,85.0,100.13,2.35,25.06
2017-10-14,0.19,28.23,79.63,100.11,1.77,24.27
2017-10-15,0.04,28.75,78.96,100.12,1.32,24.65
2017-10-16,0.01,28.35,80.55,100.15,1.96,24.61
2017-10-17,0.0,27.14,80.53,100.14,2.5,23.43
2017-10-18,14.26,26.88,87.81,100.07,3.97,24.66
2017-10-19,66.23,27.19,93.92,99.8,4.24,26.14
2017-10-20,83.17,26.77,90.1,99.94,4.51,25.02
2017-10-21,3.75,27.7,85.37,100.17,3.58,24.98
2017-10-22,1.25,28.08,79.6,100.33,1.28,24.11
2017-10-23,0.0,27.76,71.08,100.48,1.09,21.82
2017-10-24,0.0,27.51,74.41,100.72,1.54,22.45
2017-10-25,0.0,27.3,74.01,100.93,1.35,21.99
2017-10-26,0.02,26.97,70.2,100.99,1.27,20.99
2017-10-27,0.01,26.44,77.85,100.89,1.66,22.22
2017-10-28,0.0,26.51,70.47,100.88,1.44,20.56
2017-10-29,0.0,26.35,64.85,100.97,1.36,19.09
2017-10-30,0.01,25.68,70.27,100.95,1.56,19.79
2017-10-31,0.0,24.64,72.81,100.88,1.92,19.29
2017-11-01,0.0,23.62,79.03,100.92,2.93,19.69
2017-11-02,0.0,23.43,78.56,100.82,2.91,19.39
2017-11-03,0.0,23.47,76.54,100.78,2.45,18.98
2017-11-04,0.0,24.23,82.74,100.86,2.97,21.04
2017-11-05,0.0,25.16,80.31,100.88,1.49,21.37
2017-11-06,0.0,25.35,80.15,100.85,2.26,21.6
2017-11-07,0.0,24.95,79.25,100.88,2.52,21.0
2017-11-08,0.0,24.68,75.52,100.89,2.11,19.98
2017-11-09,0.0,24.41,73.7,100.78,1.81,19.3
2017-11-10,0.0,23.58,73.33,100.8,2.35,18.41
2017-11-11,0.0,23.19,76.23,100.83,2.68,18.65
2017-11-12,0.01,23.63,78.83,100.69,2.73,19.62
2017-11-13,0.02,23.75,81.72,100.56,3.23,20.36
2017-11-14,9.39,23.26,89.09,100.55,4.03,21.33
2017-11-15,66.27,22.58,93.95,100.52,5.4,21.53
2017-11-16,19.24,23.57,93.24,100.51,4.76,22.38
2017-11-17,12.66,23.86,92.5,100.47,4.48,22.55
2017-11-18,4.07,25.38,87.24,100.59,1.38,23.02
2017-11-19,1.06,26.17,82.72,100.73,0.55,22.95
2017-11-20,0.57,25.37,84.21,100.81,2.26,22.42
2017-11-21,0.0,23.78,79.2,100.82,2.67,19.81
2017-11-22,0.0,22.46,72.52,100.77,2.14,17.08
2017-11-23,0.0,22.03,75.88,100.74,2.32,17.51
2017-11-24,0.0,20.66,67.72,100.92,2.31,14.27
2017-11-25,0.0,20.15,69.71,101.04,2.28,14.34
2017-11-26,0.0,20.72,70.59,101.14,1.88,15.05
2017-11-27,0.0,20.01,74.67,100.95,2.25,15.23
2017-11-28,0.0,20.36,69.61,100.96,1.71,14.32
2017-11-29,0.0,21.11,68.59,101.11,1.53,14.88
2017-11-30,0.0,20.93,66.68,101.03,1.43,14.34
2017-12-01,0.0,20.39,69.8,100.99,1.97,14.56
2017-12-02,0.0,20.22,73.06,101.08,2.1,15.12
2017-12-03,0.0,19.59,74.27,101.08,2.17,14.74
2017-12-04,0.0,19.72,70.22,100.97,2.06,13.95
2017-12-05,0.0,19.65,71.35,100.92,2.0,14.19
2017-12-06,0.0,19.02,74.52,100.83,2.14,14.31
2017-12-07,0.01,19.32,79.64,100.78,2.86,15.6
2017-12-08,24.24,19.51,90.41,100.77,4.88,17.88
2017-12-09,15.1,21.95,90.34,100.51,6.42,20.27
2017-12-10,0.31,22.6,87.73,100.75,3.47,20.42
2017-12-11,0.02,22.16,79.55,100.95,1.69,18.25
2017-12-12,0.0,22.2,77.21,101.03,1.22,17.83
2017-12-13,0.0,22.82,78.87,101.05,1.25,18.84
2017-12-14,0.0,21.77,76.27,101.15,1.99,17.18
2017-12-15,0.0,21.64,76.33,101.2,2.05,17.06
2017-12-16,0.0,21.09,76.61,101.31,2.29,16.54
2017-12-17,0.0,20.44,75.15,101.38,2.4,15.55
2017-12-18,0.0,19.15,67.17,101.39,2.39,12.44
2017-12-19,0.0,18.55,65.17,101.4,1.86,11.75
2017-12-20,0.0,18.81,72.45,101.46,1.84,13.58
2017-12-21,0.0,19.67,76.62,101.4,1.73,15.15
2017-12-22,0.0,20.01,73.09,101.23,1.6,14.95
2017-12-23,0.0,20.25,78.31,101.01,1.62,16.19
2017-12-24,0.0,20.24,76.67,101.01,1.55,15.83
2017-12-25,0.0,20.13,71.91,101.02,1.56,14.68
2017-12-26,0.0,18.72,72.1,101.09,2.5,13.38
2017-12-27,0.0,17.49,71.19,101.11,2.13,11.94
2017-12-28,0.0,18.62,72.98,101.1,2.14,13.55
2017-12-29,0.0,19.22,75.16,101.16,2.05,14.5
2017-12-30,0.0,18.97,72.46,101.12,2.19,13.56
2017-12-31,0.0,18.75,74.97,100.96,2.39,14.05
2018-01-01,0.13,18.97,81.01,100.81,2.89,15.53
2018-01-02,0.01,18.96,75.4,100.76,2.37,14.24
2018-01-03,0.0,19.1,66.8,100.87,1.78,12.54
2018-01-04,0.0,17.75,72.61,101.03,2.24,12.54
2018-01-05,0.0,18.22,69.6,100.92,1.79,12.22
2018-01-06,0.0,17.76,62.79,100.82,2.06,10.29
2018-01-07,0.0,17.6,61.29,100.94,2.12,9.78
2018-01-08,0.0,17.65,64.67,101.13,2.24,10.67
2018-01-09,0.0,17.37,63.38,101.29,1.99,9.97
2018-01-10,0.0,17.67,63.19,101.3,1.81,10.25
2018-01-11,0.0,17.73,61.51,101.18,1.87,9.88
2018-01-12,0.0,18.48,61.06,101.06,1.62,10.57
2018-01-13,0.0,18.78,66.42,101.01,1.95,12.08
2018-01-14,0.0,18.83,64.4,101.08,2.27,11.68
2018-01-15,0.0,18.64,63.28,101.05,2.02,11.08
2018-01-16,0.0,18.44,65.65,100.96,2.06,11.58
2018-01-17,0.0,19.58,65.17,100.99,1.11,12.35
2018-01-18,0.0,19.02,55.22,101.0,1.5,9.36
2018-01-19,0.0,18.72,54.19,101.07,1.57,8.96
2018-01-20,0.0,19.01,61.15,101.0,1.5,11.03
2018-01-21,0.0,19.78,62.39,100.94,1.28,12.1
2018-01-22,0.0,19.72,63.93,100.84,1.18,12.4
2018-01-23,0.0,19.96,72.88,100.75,1.41,14.63
2018-01-24,0.0,21.0,72.05,100.62,1.51,15.53
2018-01-25,0.0,20.4,71.96,100.65,1.99,14.79
2018-01-26,0.0,20.73,66.66,100.76,1.42,13.89
2018-01-27,0.0,20.1,63.12,100.84,1.77,12.48
2018-01-28,0.0,20.12,61.98,100.95,1.45,12.11
2018-01-29,0.0,20.43,54.96,101.07,1.32,10.67
2018-01-30,0.0,19.56,51.52,101.01,1.97,8.61
2018-01-31,0.0,20.35,57.06,100.86,2.59,10.98
2018-02-01,0.0,20.44,57.18,100.83,2.58,10.93
2018-02-02,0.0,20.43,60.53,100.85,2.32,11.89
2018-02-03,0.0,21.47,65.33,100.94,1.71,14.23
2018-02-04,0.0,21.73,72.58,100.94,2.32,16.03
2018-02-05,0.0,22.25,74.45,101.16,1.84,17.12
2018-02-06,0.0,22.94,67.4,101.06,1.98,16.02
2018-02-07,0.0,23.02,66.52,100.85,1.79,15.95
2018-02-08,0.0,23.45,63.29,100.77,1.7,15.56
2018-02-09,0.0,23.72,70.35,100.73,2.47,17.37
2018-02-10,0.0,24.09,73.77,100.96,1.92,18.64
2018-02-11,0.0,22.83,74.85,101.21,1.75,17.88
2018-02-12,0.0,22.33,60.38,101.29,2.09,13.6
2018-02-13,0.0,22.16,57.34,101.39,1.86,12.89
2018-02-14,0.0,23.09,60.29,101.37,2.34,14.68
2018-02-15,0.0,22.14,65.09,101.4,2.52,14.41
2018-02-16,0.0,22.53,63.45,101.21,1.49,14.32
2018-02-17,0.0,22.53,59.62,100.81,2.31,13.55
2018-02-18,0.0,23.56,63.85,100.76,1.4,15.53
2018-02-19,0.0,23.5,72.6,100.84,2.1,17.47
2018-02-20,0.0,23.98,70.62,100.8,2.19,17.62
2018-02-21,0.0,24.59,64.94,100.62,2.24,16.54
2018-02-22,0.0,24.47,58.08,100.59,1.99,14.12
2018-02-23,0.0,24.89,62.38,100.71,2.0,15.85
2018-02-24,0.0,24.99,62.09,100.89,2.25,15.94
2018-02-25,0.0,25.82,55.85,100.89,2.08,14.92
2018-02-26,0.0,26.43,56.05,100.71,1.97,16.06
2018-02-27,0.01,26.56,60.42,100.68,2.19,16.98
2018-02-28,0.02,26.15,64.11,100.68,1.81,17.52
2018-03-01,0.0,26.53,61.09,100.62,1.87,17.24
2018-03-02,0.01,27.03,56.67,100.51,2.03,16.11
2018-03-03,0.0,27.56,59.12,100.33,2.82,17.23
2018-03-04,0.0,27.77,57.49,100.39,2.15,16.81
2018-03-05,0.0,27.56,61.11,100.53,2.12,18.02
2018-03-06,0.01,27.37,68.42,100.67,1.95,19.96
2018-03-07,0.0,27.08,68.31,100.7,2.33,19.55
2018-03-08,0.0,26.63,65.05,100.78,1.69,18.42
2018-03-09,0.0,27.29,61.56,100.74,1.87,18.32
2018-03-10,0.0,27.64,60.06,100.71,2.5,17.3
2018-03-11,0.0,27.37,62.94,100.75,3.04,18.19
2018-03-12,0.01,27.92,62.98,100.69,3.61,19.12
2018-03-13,0.0,28.74,56.63,100.59,2.87,17.43
2018-03-14,0.0,28.24,54.23,100.51,2.41,16.13
2018-03-15,0.0,28.6,62.17,100.41,4.11,19.12
2018-03-16,0.41,29.05,52.15,100.44,2.84,16.99
2018-03-17,0.12,27.81,52.74,100.61,3.03,16.85
2018-03-18,0.0,28.44,58.57,100.69,2.33,18.27
2018-03-19,0.0,28.66,56.7,100.77,2.18,17.07
2018-03-20,0.0,29.56,47.25,100.53,2.51,14.34
2018-03-21,0.0,28.93,57.32,100.44,1.99,18.12
2018-03-22,0.05,28.86,68.21,100.27,3.2,21.29
2018-03-23,0.11,29.24,68.57,100.31,3.31,21.85
2018-03-24,0.09,29.14,71.1,100.58,3.09,22.35
2018-03-25,0.15,28.64,71.53,100.79,3.19,22.34
2018-03-26,0.03,29.17,62.33,100.71,3.64,20.15
2018-03-27,0.0,29.38,62.83,100.52,3.46,20.09
2018-03-28,0.04,29.31,65.06,100.44,3.27,20.35
2018-03-29,0.27,28.9,72.58,100.39,4.14,22.64
2018-03-30,0.44,28.94,73.27,100.35,3.79,23.01
2018-03-31,1.15,28.9,72.97,100.36,4.81,23.02
2018-04-01,4.79,28.86,70.74,100.43,4.23,22.19
2018-04-02,4.44,26.97,69.37,100.6,3.25,20.36
2018-04-03,1.55,27.63,70.84,100.5,3.46,21.35
2018-04-04,5.94,28.07,73.89,100.34,3.9,22.66
2018-04-05,4.15,28.41,73.56,100.21,4.82,22.84
2018-04-06,2.02,28.79,72.02,100.28,4.99,22.8
2018-04-07,6.16,27.7,78.46,100.45,3.66,23.48
2018-04-08,3.65,27.37,75.65,100.64,2.91,22.41
2018-04-09,2.6,28.31,67.51,100.68,3.41,21.25
2018-04-10,0.57,28.89,64.29,100.53,3.71,20.89
2018-04-11,0.11,29.82,61.88,100.46,3.88,20.95
2018-04-12,0.93,30.01,63.58,100.37,3.89,21.66
2018-04-13,1.44,30.48,62.47,100.44,2.92,21.62
2018-04-14,0.69,31.08,61.48,100.36,3.67,21.86
2018-04-15,1.21,31.27,58.33,100.38,2.75,20.9
2018-04-16,0.29,31.81,59.15,100.4,2.95,21.46
2018-04-17,0.51,31.61,62.33,100.43,4.78,22.47
2018-04-18,1.95,31.44,64.35,100.26,4.57,22.92
2018-04-19,0.41,31.44,66.06,100.08,4.79,23.33
2018-04-20,0.98,31.31,68.17,100.1,5.71,24.05
2018-04-21,1.2,31.56,65.85,100.1,5.64,23.54
2018-04-22,1.14,31.45,67.23,100.11,5.42,23.47
2018-04-23,5.2,31.08,67.62,100.22,3.83,23.41
2018-04-24,5.18,30.46,68.68,100.28,3.54,23.32
2018-04-25,0.33,31.07,62.5,100.15,3.82,21.69
2018-04-26,3.62,30.25,69.27,100.14,5.15,23.02
2018-04-27,6.1,29.92,70.29,100.36,4.75,23.02
2018-04-28,5.48,29.59,71.54,100.36,5.5,23.22
2018-04-29,10.7,29.81,73.22,100.12,5.77,23.94
2018-04-30,32.6,29.29,79.2,100.11,4.83,25.01
2018-05-01,23.8,28.82,82.59,100.25,4.18,25.39
2018-05-02,4.9,29.45,77.56,100.23,4.85,24.65
2018-05-03,5.9,28.81,79.28,100.42,3.11,24.59
2018-05-04,0.3,29.46,72.91,100.38,4.32,23.47
2018-05-05,0.29,30.18,74.45,100.32,5.47,24.56
2018-05-06,0.08,30.98,72.28,100.27,5.89,24.69
2018-05-07,0.05,31.81,67.78,100.1,5.21,24.03
2018-05-08,0.1,31.5,69.55,100.01,5.67,24.5
2018-05-09,0.25,31.46,68.51,100.14,5.14,24.38
2018-05-10,0.08,30.95,68.57,100.32,3.91,23.93
2018-05-11,2.06,30.74,71.19,100.22,4.8,24.29
2018-05-12,4.34,30.73,71.54,100.13,4.69,24.34
2018-05-13,17.2,30.28,75.68,100.14,5.11,25.16
2018-05-14,12.49,29.05,75.21,100.4,3.25,24.01
2018-05-15,8.74,29.37,68.95,100.22,2.99,22.46
2018-05-16,4.96,29.7,73.68,100.07,4.82,24.17
2018-05-17,9.48,30.16,74.8,100.0,4.57,24.71
2018-05-18,2.85,30.89,70.65,99.91,3.87,24.2
2018-05-19,5.07,29.82,75.81,99.92,4.3,24.68
2018-05-20,3.51,30.24,74.54,100.01,4.84,24.75
2018-05-21,7.28,29.49,79.49,100.06,4.13,25.35
2018-05-22,3.5,29.72,77.93,100.06,4.84,25.16
2018-05-23,8.41,28.66,83.64,100.05,4.94,25.56
2018-05-24,7.96,28.56,84.6,99.98,4.72,25.64
2018-05-25,2.62,29.42,80.75,99.93,4.52,25.56
2018-05-26,0.48,29.23,83.07,99.95,3.86,25.92
2018-05-27,0.13,29.78,79.11,99.92,3.62,25.47
2018-05-28,0.1,30.19,76.79,99.74,3.68,25.28
2018-05-29,0.49,29.99,81.96,99.58,3.8,26.42
2018-05-30,0.38,30.3,79.01,99.65,4.32,25.99
2018-05-31,0.63,30.12,79.75,99.9,3.76,26.05
2018-06-01,1.42,29.4,82.57,100.09,3.75,26.0
2018-06-02,1.54,29.64,82.28,100.05,3.76,26.18
2018-06-03,0.55,29.93,80.05,99.83,3.56,25.95
2018-06-04,0.68,29.87,80.38,99.71,2.96,25.97
2018-06-05,2.31,30.05,79.2,99.88,2.45,25.86
2018-06-06,1.11,29.68,80.01,100.04,3.39,25.81
2018-06-07,0.74,30.9,74.31,99.69,3.26,25.54
2018-06-08,8.08,30.04,78.79,99.49,2.81,25.81
2018-06-09,4.28,29.56,78.84,99.28,4.01,25.36
2018-06-10,1.96,29.69,78.3,99.19,3.69,25.38
2018-06-11,3.91,29.55,79.72,99.21,4.67,25.53
2018-06-12,9.98,29.54,81.64,99.19,4.5,25.95
2018-06-13,1.08,30.67,75.1,99.33,5.25,25.37
2018-06-14,0.8,30.98,74.09,99.46,5.33,25.58
2018-06-15,0.2,32.55,65.86,99.56,4.42,24.41
2018-06-16,0.34,33.05,62.9,99.67,3.71,23.95
2018-06-17,0.25,32.93,61.29,99.62,4.46,23.76
2018-06-18,0.22,32.93,62.05,99.57,3.96,23.91
2018-06-19,2.21,31.99,66.86,99.62,4.29,24.67
2018-06-20,2.84,30.87,74.96,99.76,3.85,25.77
2018-06-21,7.32,29.93,76.96,99.86,3.36,25.32
2018-06-22,23.93,28.44,82.62,99.83,4.36,25.17
2018-06-23,5.36,28.89,79.41,99.85,3.86,24.82
2018-06-24,9.59,29.08,83.16,99.78,4.57,25.86
2018-06-25,19.76,29.0,84.56,99.65,4.2,26.07
2018-06-26,20.03,28.92,80.79,99.53,2.7,25.19
2018-06-27,33.72,27.4,87.37,99.51,2.98,25.1
2018-06-28,36.22,27.77,85.93,99.74,3.87,25.14
2018-06-29,5.59,28.34,81.78,99.91,3.79,24.81
2018-06-30,2.36,28.88,80.89,99.92,4.03,25.12
2018-07-01,8.15,28.28,84.44,99.95,4.09,25.35
2018-07-02,3.22,28.71,82.44,99.87,3.9,25.3
2018-07-03,3.26,28.78,84.28,99.78,4.83,25.76
2018-07-04,3.56,28.64,83.28,99.76,3.5,25.43
2018-07-05,3.43,28.76,81.19,99.74,3.04,25.11
2018-07-06,7.63,28.22,83.0,99.6,2.21,24.98
2018-07-07,10.14,28.51,82.7,99.41,2.74,25.17
2018-07-08,4.09,28.19,84.36,99.3,2.91,25.25
2018-07-09,1.94,28.65,85.14,99.31,4.23,25.87
2018-07-10,4.22,29.14,82.61,99.43,3.83,25.77
2018-07-11,1.75,29.11,80.73,99.41,3.28,25.3
2018-07-12,5.53,28.57,82.65,99.33,2.96,25.27
2018-07-13,8.94,28.92,84.12,99.25,2.52,25.9
2018-07-14,30.04,28.66,85.23,99.17,2.11,25.89
2018-07-15,42.8,28.15,90.08,98.91,2.89,26.37
2018-07-16,66.49,28.49,89.34,98.9,5.12,26.56
2018-07-17,8.58,28.85,85.41,99.2,5.48,26.11
2018-07-18,7.92,29.04,84.44,99.41,2.69,26.05
2018-07-19,16.45,28.49,86.93,99.35,2.7,26.08
2018-07-20,39.5,28.62,88.36,99.18,4.01,26.49
2018-07-21,193.95,27.91,90.64,98.99,6.97,26.24
2018-07-22,60.53,28.4,85.8,99.29,6.11,25.77
2018-07-23,2.66,28.95,85.18,99.53,4.51,26.12
2018-07-24,3.75,28.67,85.69,99.75,3.55,25.96
2018-07-25,3.79,28.63,86.02,99.75,3.21,26.0
2018-07-26,6.73,28.6,86.12,99.78,3.06,26.01
2018-07-27,0.61,28.44,82.34,99.76,3.31,25.04
2018-07-28,0.72,28.66,82.33,99.72,3.11,25.24
2018-07-29,8.07,28.72,84.37,99.61,2.99,25.75
2018-07-30,23.06,28.32,87.38,99.59,3.51,26.0
2018-07-31,8.24,27.78,86.03,99.65,3.48,25.2
2018-08-01,4.8,28.0,84.88,99.72,3.07,25.18
2018-08-02,3.71,28.14,84.69,99.85,3.52,25.25
2018-08-03,6.14,28.27,84.71,99.82,3.51,25.39
2018-08-04,1.34,28.77,82.65,99.75,3.13,25.42
2018-08-05,26.33,27.9,87.55,99.73,2.95,25.63
2018-08-06,53.47,27.41,88.84,99.54,3.18,25.41
2018-08-07,86.51,26.97,90.9,99.2,4.72,25.37
2018-08-08,6.2,27.74,86.52,99.33,5.6,25.28
2018-08-09,1.59,28.25,82.22,99.79,2.48,24.81
2018-08-10,4.94,28.88,83.76,99.76,2.51,25.78
2018-08-11,3.22,28.8,86.13,99.48,1.87,26.2
2018-08-12,6.2,28.92,84.34,99.27,1.53,25.96
2018-08-13,16.86,28.94,83.2,99.31,1.26,25.71
2018-08-14,17.32,28.8,87.75,99.14,3.27,26.54
2018-08-15,7.89,28.4,87.59,99.17,3.32,26.12
2018-08-16,15.02,28.0,89.07,99.35,5.64,26.04
2018-08-17,5.81,28.54,84.99,99.42,3.26,25.73
2018-08-18,9.01,28.32,87.13,99.34,1.66,25.97
2018-08-19,11.43,28.56,86.88,99.28,2.31,26.12
2018-08-20,6.35,28.26,87.41,99.34,2.43,25.95
2018-08-21,3.88,29.1,83.87,99.53,2.84,26.03
2018-08-22,1.1,28.44,82.52,99.71,3.05,25.12
2018-08-23,2.82,28.77,82.34,99.75,2.78,25.39
2018-08-24,8.92,28.65,85.09,99.69,2.5,25.87
2018-08-25,15.26,28.41,85.79,99.55,3.39,25.77
2018-08-26,23.68,27.66,89.86,99.27,5.2,25.84
2018-08-27,7.88,27.77,88.08,99.36,4.44,25.6
2018-08-28,1.77,27.83,84.02,99.61,4.9,24.85
2018-08-29,4.75,27.92,82.46,99.88,2.94,24.57
2018-08-30,2.12,27.89,86.6,99.8,2.74,25.42
2018-08-31,10.93,27.96,86.25,99.82,2.58,25.42
2018-09-01,31.35,27.56,89.46,99.9,2.12,25.68
2018-09-02,8.44,27.79,86.28,99.95,2.59,25.27
2018-09-03,5.73,27.7,86.26,99.99,2.79,25.17
2018-09-04,6.32,27.86,85.97,100.0,2.86,25.26
2018-09-05,49.05,27.24,88.73,99.8,3.72,25.22
2018-09-06,58.33,27.45,87.5,99.42,4.19,25.18
2018-09-07,4.44,27.74,85.58,99.75,4.82,25.08
2018-09-08,0.32,28.05,81.11,100.06,1.98,24.4
2018-09-09,0.62,28.39,82.48,100.22,1.94,25.04
2018-09-10,1.65,28.32,82.23,100.43,1.97,24.93
2018-09-11,8.48,27.98,83.43,100.45,2.17,24.86
2018-09-12,1.46,28.34,81.78,100.25,2.28,24.83
2018-09-13,0.67,28.41,82.42,100.15,2.25,25.06
2018-09-14,2.29,27.66,81.46,100.24,2.44,24.13
2018-09-15,3.9,28.21,82.91,100.24,1.86,25.01
2018-09-16,12.85,27.41,87.16,100.12,1.82,25.08
2018-09-17,4.14,27.58,85.89,99.97,1.69,24.99
2018-09-18,2.25,28.57,82.54,99.93,2.04,25.24
2018-09-19,13.13,27.97,87.05,99.9,2.39,25.61
2018-09-20,55.52,27.47,91.41,99.46,6.4,25.96
2018-09-21,22.41,27.44,86.44,99.93,7.57,24.99
2018-09-22,7.27,27.32,88.18,100.57,3.83,25.2
2018-09-23,7.67,27.4,85.31,100.75,1.82,24.69
2018-09-24,1.37,28.02,83.34,100.56,2.0,24.86
2018-09-25,3.79,28.01,85.56,100.39,1.95,25.32
2018-09-26,3.19,28.16,83.78,100.32,1.61,25.1
2018-09-27,0.93,28.24,81.85,100.39,1.44,24.77
2018-09-28,0.28,28.57,81.05,100.44,1.42,24.88
2018-09-29,0.01,29.03,80.24,100.42,1.22,25.17
2018-09-30,0.0,29.08,80.0,100.41,1.2,25.2
2018-10-01,0.0,28.94,80.07,100.48,1.42,25.07
2018-10-02,0.0,29.07,74.65,100.55,1.3,23.96
2018-10-03,0.0,28.85,73.55,100.54,1.57,23.49
2018-10-04,0.0,28.85,73.38,100.6,1.36,23.49
2018-10-05,0.0,28.74,73.09,100.63,1.35,23.33
2018-10-06,0.0,28.67,73.74,100.6,1.57,23.45
2018-10-07,0.0,28.35,72.28,100.57,1.62,22.8
2018-10-08,0.0,27.53,73.69,100.52,2.32,22.32
2018-10-09,0.59,26.53,81.24,100.38,3.93,22.96
2018-10-10,54.3,25.83,92.65,99.93,6.67,24.55
2018-10-11,111.46,26.73,87.63,99.86,8.97,24.52
2018-10-12,24.35,27.32,84.3,100.21,6.51,24.45
2018-10-13,2.24,27.51,83.32,100.52,2.95,24.41
2018-10-14,0.02,26.42,84.16,100.72,1.23,23.53
2018-10-15,0.03,26.67,78.19,100.85,1.08,22.47
2018-10-16,0.0,25.77,74.18,100.85,1.59,20.71
2018-10-17,0.0,26.02,69.52,100.76,1.41,19.81
2018-10-18,0.0,26.53,71.43,100.68,1.77,20.75
2018-10-19,0.0,27.12,73.33,100.72,1.51,21.79
2018-10-20,0.0,27.22,74.17,100.83,1.61,22.09
2018-10-21,0.0,26.47,73.58,100.87,1.92,21.18
2018-10-22,0.0,26.99,66.97,100.78,1.04,20.21
2018-10-23,0.05,27.31,72.44,100.75,1.21,21.79
2018-10-24,0.3,27.14,72.15,100.78,1.53,21.58
2018-10-25,0.03,25.85,69.87,100.99,2.13,19.64
2018-10-26,0.0,25.27,58.95,101.05,1.54,16.53
2018-10-27,0.0,24.71,67.38,101.08,2.16,18.14
2018-10-28,0.75,23.75,78.81,101.0,2.73,19.74
2018-10-29,1.83,23.95,88.98,100.82,4.12,21.99
2018-10-30,0.36,24.17,90.22,100.73,3.43,22.44
2018-10-31,0.06,25.18,84.32,100.82,1.97,22.26
2018-11-01,0.02,25.42,85.05,100.83,2.45,22.66
2018-11-02,0.09,25.51,84.05,100.83,1.62,22.55
2018-11-03,0.07,26.39,78.19,100.89,0.87,22.18
2018-11-04,0.02,26.48,77.64,100.9,1.01,22.12
2018-11-05,0.0,26.63,76.53,100.84,1.38,21.97
2018-11-06,0.0,26.65,78.53,100.85,1.75,22.49
2018-11-07,0.0,26.57,77.79,100.91,1.35,22.26
2018-11-08,0.0,26.03,77.63,100.87,0.97,21.77
2018-11-09,0.0,25.59,76.43,100.77,1.08,21.03
2018-11-10,0.0,25.27,73.07,100.83,1.24,20.0
2018-11-11,0.0,23.88,76.75,100.9,2.34,19.44
2018-11-12,0.0,23.03,77.78,100.81,2.8,18.81
2018-11-13,0.0,23.55,75.74,100.64,2.49,18.87
2018-11-14,0.0,23.69,75.77,100.69,2.17,19.03
2018-11-15,0.0,24.61,70.33,100.85,1.66,18.62
2018-11-16,0.0,24.96,65.52,100.84,1.21,17.8
2018-11-17,0.0,25.03,64.82,100.8,1.13,17.66
2018-11-18,0.0,24.54,72.07,100.9,1.46,19.02
2018-11-19,0.0,24.46,73.0,101.07,1.57,19.15
2018-11-20,0.0,25.34,70.61,101.08,0.82,19.45
2018-11-21,0.0,24.56,70.61,101.1,1.5,18.76
2018-11-22,0.0,24.13,66.95,101.15,1.29,17.46
2018-11-23,0.0,22.99,69.41,101.19,1.63,16.96
2018-11-24,0.0,21.46,67.27,101.18,2.59,14.91
2018-11-25,0.0,21.03,62.61,101.16,1.91,13.45
2018-11-26,0.0,21.4,60.35,101.04,1.35,13.24
2018-11-27,0.0,22.11,70.33,101.17,1.62,16.36
2018-11-28,0.0,22.51,76.02,101.2,1.72,17.95
2018-11-29,0.0,22.84,72.34,101.26,1.41,17.53
2018-11-30,0.0,22.75,71.87,101.24,1.55,17.31
2018-12-01,0.0,23.38,64.44,101.05,1.13,16.22
2018-12-02,0.0,22.55,69.59,100.94,1.81,16.65
2018-12-03,0.0,22.44,68.64,101.04,1.81,16.31
2018-12-04,0.0,21.59,72.66,101.15,2.26,16.33
2018-12-05,0.0,22.45,72.11,100.95,1.55,17.05
2018-12-06,0.0,23.26,69.44,100.83,1.27,17.27
2018-12-07,0.0,22.06,68.91,100.88,1.46,15.89
2018-12-08,0.0,21.46,73.09,101.03,1.64,16.3
2018-12-09,0.0,21.47,70.97,100.99,1.59,15.79
2018-12-10,0.01,21.31,66.17,100.96,1.97,14.6
2018-12-11,0.0,21.48,68.94,100.93,1.54,15.38
2018-12-12,0.0,21.9,74.36,101.03,1.9,16.98
2018-12-13,0.0,22.07,76.82,101.14,2.04,17.6
2018-12-14,0.0,21.65,76.21,101.26,2.83,17.08
2018-12-15,0.0,20.64,72.06,101.35,3.77,15.18
2018-12-16,1.67,19.13,77.68,101.37,4.39,15.02
2018-12-17,12.45,20.01,88.25,101.12,5.59,17.92
2018-12-18,29.62,22.91,88.72,100.77,4.69,20.84
2018-12-19,0.19,19.72,81.31,101.24,3.18,16.32
2018-12-20,0.01,19.54,75.78,101.24,2.36,14.9
2018-12-21,0.0,19.25,72.51,101.15,1.97,13.98
2018-12-22,0.0,18.46,69.62,101.2,2.41,12.48
2018-12-23,0.0,17.7,61.8,101.22,2.34,9.87
2018-12-24,0.0,17.68,62.6,101.12,2.21,10.11
2018-12-25,0.0,18.16,64.89,101.06,1.97,11.16
2018-12-26,0.0,18.43,64.97,101.01,2.13,11.39
2018-12-27,0.3,19.82,65.45,100.93,1.21,13.02
2018-12-28,1.23,19.57,71.26,101.01,1.72,14.12
2018-12-29,0.0,17.12,64.35,101.35,2.31,9.85
2018-12-30,0.0,15.76,63.14,101.47,2.61,8.38
2018-12-31,0.0,16.1,63.59,101.48,2.32,8.83
2019-01-01,0.0,17.03,63.15,101.48,1.97,9.67
2019-01-02,0.0,17.81,64.42,101.46,1.87,10.73
2019-01-03,0.0,18.02,64.82,101.47,2.04,11.02
2019-01-04,0.0,17.74,67.85,101.51,2.14,11.17
2019-01-05,0.0,18.19,64.18,101.35,2.03,10.91
2019-01-06,0.0,18.56,64.85,101.21,1.93,11.48
2019-01-07,0.0,19.14,62.25,101.07,1.53,11.29
2019-01-08,0.0,18.87,67.27,101.0,2.15,12.45
2019-01-09,0.0,18.59,68.0,101.12,1.72,12.06
2019-01-10,0.0,18.9,65.78,101.17,1.92,11.95
2019-01-11,0.0,19.32,72.71,101.25,1.57,13.84
2019-01-12,0.0,19.32,65.98,101.24,1.3,12.51
2019-01-13,0.0,19.99,63.98,101.24,1.17,12.78
2019-01-14,0.0,20.23,67.54,101.08,1.47,13.77
2019-01-15,0.0,19.45,74.73,101.17,2.32,14.53
2019-01-16,0.0,19.33,70.95,101.25,1.53,13.46
2019-01-17,0.0,19.35,64.47,101.09,1.29,12.09
2019-01-18,0.0,20.01,63.57,101.06,1.49,12.27
2019-01-19,0.0,19.81,59.63,101.17,1.49,10.98
2019-01-20,0.0,19.98,56.44,101.21,1.39,10.41
2019-01-21,0.0,19.94,61.4,101.14,1.75,11.66
2019-01-22,0.0,21.13,74.17,101.16,1.36,15.89
2019-01-23,0.0,21.23,77.28,101.1,1.35,16.57
2019-01-24,0.0,21.22,73.29,101.15,1.35,15.58
2019-01-25,0.0,21.16,74.59,101.19,1.68,15.89
2019-01-26,0.0,21.98,71.85,101.21,1.53,16.1
2019-01-27,0.0,21.14,72.99,101.25,2.35,15.8
2019-01-28,0.0,21.29,74.16,101.28,2.35,16.16
2019-01-29,0.0,20.89,65.01,101.26,2.44,13.63
2019-01-30,0.0,18.09,61.3,101.38,2.61,9.71
2019-01-31,0.0,19.08,57.64,101.34,1.88,9.52
2019-02-01,0.0,20.09,53.2,101.23,1.65,9.26
2019-02-02,0.0,20.98,51.3,101.08,1.54,9.76
2019-02-03,0.0,21.5,57.58,101.24,1.54,12.11
2019-02-04,0.0,22.57,57.77,101.37,1.19,12.88
2019-02-05,0.0,22.28,54.34,101.27,1.49,11.99
2019-02-06,0.0,22.57,57.4,100.97,1.59,12.96
2019-02-07,0.0,23.14,66.31,100.96,1.79,15.82
2019-02-08,0.0,23.44,72.16,100.96,2.68,17.6
2019-02-09,0.02,24.04,70.67,100.99,1.29,17.99
2019-02-10,0.0,20.78,56.32,101.31,2.76,10.9
2019-02-11,0.0,21.11,56.05,101.39,1.96,11.09
2019-02-12,0.0,21.39,54.62,101.46,1.83,11.05
2019-02-13,0.0,22.13,55.88,101.41,1.74,12.1
2019-02-14,0.0,23.35,60.98,101.13,1.56,14.65
2019-02-15,0.0,24.05,66.06,101.05,1.47,16.6
2019-02-16,1.7,23.88,67.54,101.04,2.08,16.86
2019-02-17,0.38,24.88,64.6,100.78,2.6,17.28
2019-02-18,0.0,23.58,52.34,100.71,1.8,12.19
2019-02-19,0.05,25.08,67.09,100.91,1.74,17.73
2019-02-20,0.21,25.74,74.8,101.16,2.26,20.01
2019-02-21,0.18,26.19,69.44,101.23,1.58,19.24
2019-02-22,0.0,27.43,60.28,100.92,1.98,17.76
2019-02-23,0.1,28.39,63.02,100.63,2.23,19.42
2019-02-24,0.21,27.64,63.1,100.57,2.03,19.09
2019-02-25,2.2,27.21,72.58,100.52,4.32,21.2
2019-02-26,1.37,26.65,74.23,100.53,4.81,21.14
2019-02-27,2.53,26.28,74.9,100.49,4.81,21.06
2019-02-28,5.71,25.93,72.71,100.59,1.42,20.29
2019-03-01,2.18,24.4,71.95,100.87,3.39,18.65
2019-03-02,0.0,24.35,65.9,100.93,2.18,17.02
2019-03-03,0.0,25.32,68.11,100.69,2.09,18.52
2019-03-04,0.28,26.78,73.74,100.41,4.76,21.37
2019-03-05,1.17,27.61,75.07,100.26,5.07,22.43
2019-03-06,1.56,27.5,76.66,100.41,2.24,22.68
2019-03-07,0.36,26.88,71.22,100.57,2.49,20.72
2019-03-08,0.0,26.12,65.05,100.79,1.63,18.21
2019-03-09,0.0,26.62,66.27,100.83,2.08,18.57
2019-03-10,0.0,27.17,73.12,100.79,4.51,21.29
2019-03-11,0.0,28.48,69.77,100.82,2.63,21.54
2019-03-12,0.61,28.74,71.18,100.82,2.93,22.14
2019-03-13,0.59,29.73,66.84,100.8,2.5,21.77
2019-03-14,0.41,29.42,67.61,100.84,2.34,21.68
2019-03-15,1.84,28.81,64.41,100.92,1.81,20.6
2019-03-16,1.72,28.62,64.44,100.93,2.44,20.54
2019-03-17,0.28,29.23,60.27,100.87,2.81,19.65
2019-03-18,1.59,28.24,64.47,100.87,2.43,20.14
2019-03-19,0.05,28.31,61.66,100.62,2.71,19.41
2019-03-20,0.59,28.63,65.38,100.65,2.86,20.74
2019-03-21,1.08,29.33,65.55,100.69,3.45,21.51
2019-03-22,0.33,30.16,58.27,100.67,3.07,20.19
2019-03-23,0.05,30.24,57.71,100.65,2.24,20.03
2019-03-24,0.02,30.14,55.87,100.62,1.82,18.11
2019-03-25,0.04,29.84,60.46,100.64,1.79,19.31
2019-03-26,0.1,29.6,61.36,100.73,3.32,20.03
2019-03-27,0.18,29.11,63.09,100.84,3.28,20.3
2019-03-28,0.02,29.25,63.85,100.77,2.62,20.16
2019-03-29,0.08,29.34,65.27,100.51,3.75,20.81
2019-03-30,0.23,30.08,63.13,100.43,3.86,20.98
2019-03-31,0.94,29.99,67.34,100.33,4.89,22.31
2019-04-01,1.43,30.13,66.82,100.37,5.56,22.33
2019-04-02,0.88,30.35,64.25,100.43,3.82,21.56
2019-04-03,0.13,29.97,65.81,100.51,4.11,21.75
2019-04-04,0.09,29.96,64.65,100.57,4.64,21.62
2019-04-05,0.25,30.88,61.8,100.46,4.66,21.19
2019-04-06,0.5,31.06,60.54,100.37,4.73,21.39
2019-04-07,1.14,30.33,62.75,100.37,5.82,21.48
2019-04-08,2.06,30.0,66.35,100.29,6.5,22.21
2019-04-09,1.16,30.26,67.29,100.35,5.18,22.34
2019-04-10,0.98,30.31,68.33,100.42,4.88,22.83
2019-04-11,1.14,31.08,63.1,100.29,4.31,21.72
2019-04-12,2.35,31.05,62.34,100.24,3.58,21.73
2019-04-13,0.53,31.91,54.89,100.3,3.03,20.15
2019-04-14,0.21,31.97,57.75,100.33,3.32,21.08
2019-04-15,0.2,32.03,59.57,100.29,4.37,21.72
2019-04-16,0.2,32.91,53.86,100.29,3.31,20.19
2019-04-17,0.12,31.81,57.21,100.41,3.74,20.08
2019-04-18,0.32,30.49,62.5,100.5,3.14,20.95
2019-04-19,1.47,30.73,61.04,100.38,3.1,21.11
2019-04-20,0.86,30.75,57.84,100.25,3.47,20.29
2019-04-21,6.38,30.8,63.57,100.15,4.35,22.26
2019-04-22,10.9,30.36,66.89,100.18,3.41,22.8
2019-04-23,4.39,30.31,66.61,100.38,3.25,22.56
2019-04-24,1.14,30.95,63.23,100.42,3.89,22.09
2019-04-25,0.82,31.15,63.69,100.33,4.42,22.32
2019-04-26,0.6,31.51,65.63,100.19,4.4,23.32
2019-04-27,0.74,32.27,63.48,100.1,5.21,23.3
2019-04-28,0.13,31.83,66.3,100.1,5.53,23.83
2019-04-29,0.02,31.39,68.88,100.18,5.61,24.11
2019-04-30,0.18,30.94,65.94,100.16,5.27,22.82
2019-05-01,0.91,29.61,73.37,100.11,4.38,24.17
2019-05-02,76.46,29.57,74.28,99.95,5.74,24.36
2019-05-03,120.62,26.46,88.12,99.26,7.97,24.32
2019-05-04,0.69,28.46,76.44,100.16,3.53,23.57
2019-05-05,2.89,29.13,83.48,100.29,2.63,25.81
2019-05-06,1.68,29.93,77.75,100.18,2.7,25.11
2019-05-07,0.95,29.93,75.9,100.08,4.55,24.65
2019-05-08,0.2,30.37,75.34,100.0,4.86,25.1
2019-05-09,0.16,31.06,71.17,99.87,4.41,24.67
2019-05-10,0.36,30.89,72.9,99.99,5.41,24.89
2019-05-11,0.92,30.37,79.09,100.15,5.19,26.01
2019-05-12,2.22,30.88,75.02,100.1,4.74,25.44
2019-05-13,1.26,31.15,72.09,100.04,5.16,24.97
2019-05-14,1.91,31.09,72.03,100.02,4.38,24.81
2019-05-15,3.99,30.57,73.81,100.15,4.88,24.92
2019-05-16,3.54,30.58,74.67,100.21,3.94,25.11
2019-05-17,0.11,30.58,75.21,100.14,4.87,25.38
2019-05-18,0.07,31.34,72.54,99.98,4.38,24.9
2019-05-19,0.13,31.66,72.3,100.08,3.62,25.48
2019-05-20,0.06,30.68,74.91,100.24,4.71,25.37
2019-05-21,0.21,30.44,75.41,100.22,4.83,25.27
2019-05-22,0.27,30.77,73.46,100.12,5.03,25.01
2019-05-23,0.58,30.08,77.1,100.1,6.0,25.3
2019-05-24,0.54,31.12,72.16,100.0,7.01,24.98
2019-05-25,0.59,31.45,72.86,99.77,6.32,25.32
2019-05-26,1.27,31.71,73.64,99.77,4.48,25.84
2019-05-27,0.39,31.56,74.16,99.85,4.33,25.97
2019-05-28,0.22,31.6,70.2,99.83,4.31,24.91
2019-05-29,0.33,31.56,69.47,99.86,4.71,24.9
2019-05-30,0.1,31.51,70.13,99.82,5.15,24.91
2019-05-31,1.38,31.12,74.67,99.86,6.3,25.71
2019-06-01,2.68,31.08,73.51,99.91,5.31,25.33
2019-06-02,2.18,30.97,75.96,99.9,5.47,25.96
2019-06-03,5.84,29.88,80.61,99.98,4.56,26.07
2019-06-04,1.08,30.63,75.86,99.9,5.25,25.59
2019-06-05,8.61,30.75,77.99,99.74,6.62,26.22
2019-06-06,4.64,30.18,80.31,99.77,5.55,26.24
2019-06-07,2.52,30.16,82.25,99.88,2.75,26.65
2019-06-08,0.76,30.96,75.77,99.87,2.88,25.74
2019-06-09,0.84,30.87,77.55,99.71,4.5,26.25
2019-06-10,2.2,31.63,73.11,99.53,3.51,25.73
2019-06-11,1.27,32.41,66.82,99.47,4.9,24.9
2019-06-12,3.91,31.78,71.88,99.52,4.15,25.74
2019-06-13,8.18,31.7,71.84,99.6,5.05,25.46
2019-06-14,2.86,31.88,71.03,99.6,4.62,25.61
2019-06-15,4.03,30.81,79.19,99.7,4.23,26.64
2019-06-16,4.28,31.12,74.08,99.73,4.6,25.71
2019-06-17,1.59,31.16,71.22,99.72,4.4,25.03
2019-06-18,5.7,30.89,74.28,99.63,4.29,25.56
2019-06-19,6.73,29.98,80.37,99.63,4.82,26.14
2019-06-20,14.23,29.09,84.16,99.75,3.25,26.12
2019-06-21,39.42,28.22,87.35,99.72,3.34,25.9
2019-06-22,8.26,28.74,82.65,99.71,4.83,25.43
2019-06-23,2.27,29.46,80.91,99.8,4.24,25.76
2019-06-24,0.41,30.16,78.09,99.99,4.06,25.69
2019-06-25,0.15,30.21,78.11,100.06,4.13,25.82
2019-06-26,0.1,30.25,78.86,99.95,5.0,26.07
2019-06-27,7.5,30.47,79.32,99.66,4.24,26.35
2019-06-28,8.55,30.37,81.31,99.52,3.49,26.69
2019-06-29,9.21,29.6,81.88,99.5,4.07,26.05
2019-06-30,4.65,28.28,86.07,99.44,2.51,25.69
2019-07-01,23.7,29.25,80.2,99.29,3.05,25.33
2019-07-02,25.12,29.35,80.66,99.28,5.05,25.55
2019-07-03,3.71,29.81,78.94,99.47,5.52,25.63
2019-07-04,6.97,29.8,77.47,99.53,4.89,25.21
2019-07-05,26.07,28.7,85.0,99.3,4.62,25.87
2019-07-06,22.13,28.15,82.49,99.26,6.12,24.83
2019-07-07,2.51,29.53,79.34,99.46,6.02,25.39
2019-07-08,2.56,29.45,83.17,99.6,5.82,26.16
2019-07-09,8.75,28.47,87.67,99.71,4.3,26.19
2019-07-10,3.69,28.86,85.78,99.72,5.53,26.16
2019-07-11,1.29,28.41,87.1,99.91,5.86,26.03
2019-07-12,2.66,28.44,86.55,100.04,4.72,25.95
2019-07-13,5.93,28.52,87.72,100.08,4.45,26.24
2019-07-14,0.89,29.31,83.98,99.85,3.91,26.22
2019-07-15,2.1,29.63,81.79,99.73,3.75,26.04
2019-07-16,4.43,28.54,86.05,99.74,3.66,25.95
2019-07-17,6.68,29.47,83.23,99.69,1.89,26.2
2019-07-18,16.71,29.14,84.86,99.62,1.62,26.29
2019-07-19,6.45,28.68,84.25,99.62,3.89,25.68
2019-07-20,2.24,28.85,83.62,99.79,4.15,25.75
2019-07-21,0.78,28.95,81.61,99.93,3.3,25.42
2019-07-22,0.61,29.04,80.87,99.91,3.46,25.35
2019-07-23,0.38,28.74,81.39,99.89,3.08,25.18
2019-07-24,8.14,29.43,80.12,99.85,2.73,25.48
2019-07-25,42.29,28.34,90.32,99.83,4.32,26.62
2019-07-26,30.91,28.57,85.41,99.59,3.07,25.81
2019-07-27,18.89,27.8,86.19,99.52,3.76,25.24
2019-07-28,17.82,27.93,85.9,99.46,2.16,25.31
2019-07-29,28.8,27.74,86.34,99.5,6.1,25.25
2019-07-30,0.6,28.0,81.93,99.78,7.03,24.57
2019-07-31,3.03,28.08,84.6,99.82,5.23,25.2
2019-08-01,2.88,28.66,83.5,99.7,4.29,25.48
2019-08-02,2.56,28.57,84.87,99.52,3.59,25.71
2019-08-03,4.49,28.22,86.07,99.47,5.69,25.63
2019-08-04,10.24,29.05,82.16,99.46,5.06,25.57
2019-08-05,44.9,28.16,84.07,99.32,3.93,25.17
2019-08-06,37.17,28.44,89.79,99.01,3.82,26.59
2019-08-07,61.74,27.75,90.13,98.58,7.03,25.99
2019-08-08,12.45,28.2,86.48,99.08,7.42,25.69
2019-08-09,2.44,28.92,85.58,99.62,3.5,26.17
2019-08-10,1.7,29.04,83.07,99.7,2.66,25.73
2019-08-11,5.01,29.21,84.33,99.58,3.05,26.22
2019-08-12,41.21,27.74,90.55,99.45,3.45,26.07
2019-08-13,9.06,27.78,90.05,99.41,3.88,25.98
2019-08-14,0.46,28.46,86.81,99.81,5.08,26.0
2019-08-15,0.37,28.34,87.82,100.08,2.88,26.09
2019-08-16,2.14,28.47,88.23,100.0,2.77,26.29
2019-08-17,12.05,27.94,90.02,99.99,1.87,26.14
2019-08-18,11.87,27.59,89.31,100.03,4.39,25.67
2019-08-19,0.47,28.34,85.85,100.1,3.02,25.68
2019-08-20,1.35,28.78,87.09,99.94,3.18,26.37
2019-08-21,3.05,28.31,86.06,99.78,2.15,25.7
2019-08-22,6.75,28.29,83.41,99.75,1.35,25.15
2019-08-23,7.41,28.16,86.22,99.78,2.68,25.61
2019-08-24,3.02,28.78,81.61,99.77,1.94,25.2
2019-08-25,18.77,27.54,88.27,99.73,2.51,25.44
2019-08-26,10.54,27.72,87.99,99.75,4.69,25.54
2019-08-27,4.78,28.08,84.08,99.78,4.68,25.09
2019-08-28,5.09,28.39,83.37,99.93,2.74,25.2
2019-08-29,6.89,27.99,85.83,99.9,2.38,25.36
2019-08-30,3.17,28.48,86.01,99.7,2.12,25.85
2019-08-31,2.96,28.29,86.83,99.59,1.98,25.86
2019-09-01,6.55,28.39,84.43,99.68,1.68,25.48
2019-09-02,14.32,27.67,88.17,99.67,2.88,25.52
2019-09-03,27.83,28.32,85.89,99.52,2.86,25.68
2019-09-04,18.47,28.21,86.46,99.45,2.62,25.69
2019-09-05,16.3,28.85,85.56,99.42,1.81,26.12
2019-09-06,37.07,29.0,87.08,99.27,2.64,26.59
2019-09-07,26.2,28.63,88.77,99.26,4.71,26.59
2019-09-08,12.66,28.57,87.87,99.58,5.52,26.35
2019-09-09,2.99,28.54,88.64,99.75,3.94,26.46
2019-09-10,5.31,28.22,90.42,99.81,4.29,26.51
2019-09-11,13.54,27.94,91.13,99.99,4.66,26.37
2019-09-12,8.6,27.74,90.43,100.11,5.36,26.04
2019-09-13,0.95,27.98,87.56,100.24,4.31,25.69
2019-09-14,1.44,27.62,89.34,100.24,3.27,25.7
2019-09-15,0.73,28.2,86.58,100.18,2.49,25.68
2019-09-16,0.57,28.01,88.3,100.05,2.54,25.88
2019-09-17,1.68,28.23,86.04,100.13,2.72,25.64
2019-09-18,5.35,27.98,87.87,100.3,3.26,25.76
2019-09-19,2.19,28.04,87.4,100.4,2.8,25.73
2019-09-20,0.96,28.23,83.93,100.39,1.67,25.22
2019-09-21,0.33,28.37,81.01,100.32,1.4,24.75
2019-09-22,3.37,28.32,82.07,100.39,1.57,24.93
2019-09-23,19.01,27.64,87.97,100.41,3.0,25.46
2019-09-24,30.53,27.36,91.16,100.37,3.56,25.8
2019-09-25,56.83,27.12,89.93,100.73,3.58,25.34
2019-09-26,18.96,27.05,87.71,101.01,2.7,24.84
2019-09-27,9.41,26.36,86.73,101.03,1.78,23.98
2019-09-28,7.77,26.43,89.03,100.82,2.33,24.49
2019-09-29,13.63,26.32,89.56,100.87,2.25,24.48
2019-09-30,1.01,27.1,85.17,100.65,2.59,24.34
2019-10-01,3.32,27.35,86.25,100.57,2.4,24.81
2019-10-02,2.96,27.84,83.64,100.55,1.54,24.69
2019-10-03,1.5,27.82,84.22,100.51,1.67,24.86
2019-10-04,0.73,27.66,81.57,100.5,1.75,24.16
2019-10-05,0.46,27.72,79.09,100.48,1.31,23.68
2019-10-06,2.29,27.77,82.52,100.53,1.66,24.47
2019-10-07,6.25,27.26,84.4,100.59,1.29,24.39
2019-10-08,9.81,26.56,84.96,100.62,1.39,23.82
2019-10-09,2.98,26.76,82.07,100.58,1.05,23.41
2019-10-10,3.02,27.03,83.69,100.57,1.52,24.0
2019-10-11,7.19,27.29,84.59,100.54,1.33,24.42
2019-10-12,7.09,26.61,87.93,100.61,2.26,24.44
2019-10-13,2.19,26.88,82.51,100.71,1.91,23.59
2019-10-14,3.27,27.38,80.83,100.76,1.84,23.76
2019-10-15,0.76,26.72,82.38,100.81,2.62,23.42
2019-10-16,5.48,26.32,86.12,100.83,2.32,23.79
2019-10-17,4.71,26.57,84.48,100.85,1.27,23.73
2019-10-18,0.28,27.14,82.04,100.84,1.5,23.79
2019-10-19,0.55,27.25,81.07,100.89,1.85,23.62
2019-10-20,0.76,27.64,78.88,100.85,1.37,23.57
2019-10-21,0.38,27.91,76.52,100.71,1.06,23.27
2019-10-22,1.61,28.01,74.5,100.53,0.78,22.91
2019-10-23,98.73,26.56,87.02,100.42,2.86,24.23
2019-10-24,123.25,26.96,90.68,100.36,4.75,25.32
2019-10-25,39.74,26.82,89.71,100.36,4.54,25.0
2019-10-26,14.78,26.79,86.13,100.62,0.9,24.25
2019-10-27,4.53,26.88,85.91,100.72,1.17,24.31
2019-10-28,0.9,26.7,86.68,100.81,2.2,24.27
2019-10-29,0.0,26.44,83.88,100.87,1.59,23.46
2019-10-30,0.0,26.8,81.18,100.79,0.99,23.28
2019-10-31,0.01,26.83,80.63,100.72,1.31,23.18
2019-11-01,0.01,26.18,78.38,100.71,1.97,22.05
2019-11-02,0.0,26.1,80.8,100.78,1.93,22.51
2019-11-03,0.0,25.29,79.1,100.83,1.89,21.32
2019-11-04,0.0,25.41,79.38,100.82,2.42,21.53
2019-11-05,0.0,25.66,79.39,100.63,2.0,21.75
2019-11-06,0.0,25.18,80.84,100.54,2.26,21.61
2019-11-07,0.0,24.69,77.69,100.53,2.88,20.45
2019-11-08,10.07,23.14,88.78,100.36,6.07,21.16
2019-11-09,11.23,24.32,88.4,100.15,6.76,22.25
2019-11-10,0.28,25.62,86.67,100.47,3.31,23.17
2019-11-11,0.27,25.34,83.25,100.61,1.93,22.19
2019-11-12,0.0,24.59,78.62,100.84,1.9,20.5
2019-11-13,0.0,23.47,75.37,101.03,1.99,18.74
2019-11-14,0.0,22.78,73.41,101.07,1.96,17.71
2019-11-15,0.0,23.02,78.28,100.97,1.68,18.93
2019-11-16,0.0,23.27,80.85,100.93,2.12,19.71
2019-11-17,0.0,23.39,80.0,100.91,1.85,19.64
2019-11-18,0.0,22.52,78.26,100.97,2.17,18.44
2019-11-19,0.0,22.72,78.87,100.97,1.71,18.75
2019-11-20,0.0,22.78,78.67,100.99,1.85,18.8
2019-11-21,0.0,22.67,76.98,101.1,1.84,18.36
2019-11-22,0.0,22.99,74.09,101.13,1.29,18.01
2019-11-23,0.0,23.12,73.33,101.09,0.99,17.97
2019-11-24,0.0,23.05,75.15,101.01,1.22,18.31
2019-11-25,0.0,22.66,79.77,101.05,1.68,18.93
2019-11-26,0.0,22.85,82.71,101.04,1.9,19.67
2019-11-27,0.0,23.04,82.92,101.07,2.04,19.92
2019-11-28,0.0,22.96,85.01,101.07,1.92,20.23
2019-11-29,0.0,23.05,81.57,101.04,1.39,19.62
2019-11-30,0.0,22.73,81.34,101.04,1.89,19.28
2019-12-01,0.0,22.44,83.34,101.11,1.95,19.4
2019-12-02,0.0,21.86,81.64,101.15,2.27,18.48
2019-12-03,0.0,21.73,77.13,101.16,1.94,17.42
2019-12-04,0.0,21.41,78.94,101.28,2.4,17.52
2019-12-05,0.0,19.97,72.39,101.44,2.66,14.62
2019-12-06,0.01,20.17,72.97,101.39,1.71,15.05
2019-12-07,0.58,21.71,84.06,101.26,1.98,18.81
2019-12-08,0.0,23.2,79.2,101.26,1.31,19.29
2019-12-09,0.0,23.22,74.15,101.23,0.82,18.25
2019-12-10,0.0,22.24,73.3,101.06,1.0,17.14
2019-12-11,0.0,22.3,70.49,100.97,0.8,16.53
2019-12-12,0.07,22.03,71.51,101.04,1.09,16.57
2019-12-13,1.83,22.46,80.34,101.18,1.93,18.86
2019-12-14,0.03,22.69,79.29,101.29,1.68,18.83
2019-12-15,0.0,22.64,76.95,101.22,1.53,18.34
2019-12-16,0.02,22.07,79.83,101.17,1.56,18.29
2019-12-17,0.0,22.03,83.69,101.26,1.85,19.04
2019-12-18,0.0,20.87,83.98,101.31,2.45,17.97
2019-12-19,0.0,18.39,78.54,101.23,2.39,14.39
2019-12-20,0.0,17.79,72.36,101.11,1.96,12.56
2019-12-21,0.0,18.19,73.14,101.14,1.71,13.17
2019-12-22,0.0,19.7,71.13,101.14,1.72,14.2
2019-12-23,0.0,19.6,77.51,101.16,2.04,15.44
2019-12-24,0.0,19.37,79.81,101.24,2.58,15.59
2019-12-25,0.0,20.0,73.34,101.14,1.42,14.89
2019-12-26,0.14,20.44,79.46,101.06,1.07,16.74
2019-12-27,0.11,18.95,88.28,100.99,2.57,16.94
2019-12-28,0.0,15.2,72.22,101.25,3.59,9.74
2019-12-29,0.0,16.13,74.13,101.28,2.49,11.26
2019-12-30,0.0,17.13,73.61,101.29,2.4,12.24
2019-12-31,0.0,17.34,79.62,101.39,2.18,13.56
2020-01-01,0.09,18.23,81.14,101.46,2.8,14.72
2020-01-02,0.91,20.08,83.07,101.49,2.65,17.02
2020-01-03,4.52,19.01,89.15,101.25,4.43,17.14
2020-01-04,4.09,18.4,88.45,101.11,2.97,16.42
2020-01-05,0.01,19.02,84.56,101.15,2.64,16.19
2020-01-06,0.0,17.42,79.55,101.4,2.45,13.54
2020-01-07,0.0,18.03,72.65,101.27,1.12,12.75
2020-01-08,0.0,18.88,70.51,101.13,1.38,13.22
2020-01-09,0.11,21.03,82.54,101.05,1.38,17.86
2020-01-10,0.1,19.4,85.67,101.21,2.65,16.86
2020-01-11,0.0,17.18,78.34,101.33,2.71,13.09
2020-01-12,0.0,16.01,71.43,101.16,2.49,10.52
2020-01-13,0.0,17.11,65.82,100.95,2.04,10.29
2020-01-14,0.0,18.34,64.89,100.95,1.54,11.22
2020-01-15,0.0,19.6,69.18,101.05,1.34,13.53
2020-01-16,0.0,20.91,74.35,101.05,1.08,15.98
2020-01-17,0.0,21.02,77.03,101.09,1.12,16.65
2020-01-18,0.0,21.17,72.1,101.09,1.04,15.6
2020-01-19,0.0,21.75,62.63,101.06,0.91,13.95
2020-01-20,0.0,20.85,76.29,101.19,1.67,16.32
2020-01-21,0.0,20.4,81.18,101.35,1.8,16.86
2020-01-22,0.0,20.57,76.75,101.38,1.55,16.06
2020-01-23,0.0,21.74,72.48,101.16,1.12,16.33
2020-01-24,0.0,21.11,76.09,101.17,2.26,16.49
2020-01-25,0.0,19.72,65.69,101.13,1.68,12.66
2020-01-26,0.0,19.8,66.91,100.96,1.98,13.23
2020-01-27,0.01,19.1,65.9,100.96,2.69,12.0
2020-01-28,0.0,21.44,65.99,100.92,1.81,14.6
2020-01-29,0.76,24.02,83.13,100.97,2.37,20.76
2020-01-30,1.87,23.14,79.21,100.92,2.53,19.1
2020-01-31,0.2,20.58,80.36,101.0,2.57,16.82
2020-02-01,0.25,20.77,78.42,101.13,2.37,16.69
2020-02-02,0.02,20.85,78.11,101.34,2.38,16.67
2020-02-03,0.0,20.39,75.65,101.35,2.55,15.78
2020-02-04,1.02,20.52,74.7,101.16,1.97,15.68
2020-02-05,4.25,20.67,79.41,101.06,1.59,16.94
2020-02-06,2.03,21.11,76.98,101.14,2.21,16.77
2020-02-07,4.78,21.77,80.94,101.12,3.17,18.25
2020-02-08,9.64,20.49,87.44,101.19,2.55,18.21
2020-02-09,1.91,19.86,82.89,101.41,3.6,16.74
2020-02-10,0.0,20.3,68.57,101.38,2.23,14.01
2020-02-11,0.0,19.89,58.78,101.4,1.96,11.14
2020-02-12,0.0,19.57,54.91,101.38,1.92,9.59
2020-02-13,0.0,20.04,62.53,101.12,2.77,12.05
2020-02-14,0.0,21.98,63.42,100.76,2.69,14.09
2020-02-15,0.0,22.72,62.37,100.87,1.71,14.59
2020-02-16,0.0,22.28,61.58,101.09,1.67,13.81
2020-02-17,0.0,22.27,60.38,101.13,1.63,13.53
2020-02-18,0.0,21.79,57.19,101.05,2.22,12.1
2020-02-19,0.0,21.71,65.98,101.15,1.86,14.38
2020-02-20,0.0,23.22,72.04,101.15,2.25,17.48
2020-02-21,0.0,23.25,62.72,101.34,1.79,15.43
2020-02-22,0.0,23.2,61.33,101.42,1.51,14.83
2020-02-23,0.0,23.36,57.68,101.25,1.12,13.76
2020-02-24,0.13,23.85,66.84,100.96,2.08,16.93
2020-02-25,21.07,24.12,78.34,100.83,2.38,19.95
2020-02-26,11.75,23.08,74.76,100.94,2.4,17.98
2020-02-27,0.0,21.87,61.17,101.01,2.13,13.46
2020-02-28,0.01,22.3,60.86,100.96,1.36,13.88
2020-02-29,0.0,23.59,67.6,100.85,1.4,16.99
2020-03-01,0.0,24.09,68.61,100.84,1.67,17.58
2020-03-02,0.01,24.56,67.81,100.79,2.01,17.67
2020-03-03,0.01,25.0,67.26,100.73,2.69,17.92
2020-03-04,3.49,25.48,72.22,100.71,3.54,19.83
2020-03-05,14.17,25.42,72.88,100.69,2.86,19.93
2020-03-06,15.48,24.7,77.58,100.81,3.09,20.4
2020-03-07,8.22,25.51,79.17,100.88,3.67,21.51
2020-03-08,5.84,26.23,76.65,100.85,2.26,21.55
2020-03-09,0.3,25.44,65.24,100.76,1.71,17.93
2020-03-10,0.09,25.56,68.49,100.76,1.52,18.9
2020-03-11,0.16,26.32,77.65,100.73,3.03,21.86
2020-03-12,0.62,27.03,78.81,100.85,3.06,22.75
2020-03-13,0.34,27.35,75.99,100.9,2.25,22.35
2020-03-14,0.0,27.06,70.39,100.82,1.92,20.54
2020-03-15,0.04,26.76,73.74,100.82,2.03,21.29
2020-03-16,0.09,27.24,68.21,100.91,1.36,20.41
2020-03-17,0.08,27.92,66.54,100.99,1.44,20.63
2020-03-18,0.11,28.04,59.34,100.86,1.7,18.52
2020-03-19,7.77,27.96,59.4,100.74,1.69,18.55
2020-03-20,2.83,27.24,65.63,100.75,1.47,19.9
2020-03-21,3.32,27.45,64.84,100.72,2.16,19.66
2020-03-22,5.19,27.04,71.83,100.75,2.17,21.25
2020-03-23,1.58,27.29,68.48,100.78,1.63,20.49
2020-03-24,0.22,27.36,68.0,100.62,1.96,20.34
2020-03-25,0.05,28.56,64.87,100.51,2.3,20.63
2020-03-26,0.0,28.82,59.53,100.59,2.42,19.21
2020-03-27,0.0,29.38,62.39,100.71,2.28,20.59
2020-03-28,0.0,30.4,59.38,100.54,1.69,20.77
2020-03-29,0.28,30.66,60.17,100.45,2.28,21.23
2020-03-30,0.24,30.51,60.12,100.55,2.06,20.96
2020-03-31,0.05,30.69,56.47,100.6,1.52,19.75
2020-04-01,0.04,30.84,55.09,100.48,2.24,19.33
2020-04-02,0.16,30.71,59.21,100.38,3.47,20.78
2020-04-03,0.32,30.71,60.67,100.5,3.5,21.13
2020-04-04,0.74,30.55,58.63,100.63,2.78,20.62
2020-04-05,0.29,30.55,56.52,100.68,2.07,19.97
2020-04-06,0.01,30.7,47.2,100.63,1.93,16.07
2020-04-07,0.1,30.07,56.79,100.47,3.26,19.26
2020-04-08,1.42,30.38,63.64,100.53,2.97,21.92
2020-04-09,0.85,30.13,62.11,100.55,2.4,21.07
2020-04-10,0.33,30.27,62.39,100.68,2.87,21.23
2020-04-11,0.49,30.66,60.59,100.74,2.43,20.74
2020-04-12,0.09,31.18,52.8,100.59,2.13,18.62
2020-04-13,0.12,31.61,54.66,100.36,2.94,19.62
2020-04-14,0.08,31.33,53.92,100.49,3.09,19.5
2020-04-15,0.07,31.4,57.14,100.52,4.29,20.47
2020-04-16,0.46,31.13,59.79,100.39,3.99,21.21
2020-04-17,0.29,30.98,62.88,100.31,5.57,22.16
2020-04-18,3.31,31.01,65.77,100.39,5.21,22.96
2020-04-19,3.85,30.38,68.25,100.46,4.21,22.96
2020-04-20,1.11,31.02,63.3,100.42,3.6,22.28
2020-04-21,2.96,30.76,64.0,100.47,4.56,22.5
2020-04-22,7.21,29.98,67.61,100.41,4.52,22.75
2020-04-23,5.78,30.31,69.35,100.38,4.07,23.47
2020-04-24,20.62,29.68,76.25,100.29,5.42,24.7
2020-04-25,20.3,29.59,78.64,100.32,4.15,25.19
2020-04-26,9.87,29.53,77.1,100.49,3.69,24.82
2020-04-27,4.29,29.11,72.91,100.64,2.78,23.41
2020-04-28,3.59,28.9,69.86,100.59,2.46,22.53
2020-04-29,3.21,29.57,68.58,100.43,3.24,22.58
2020-04-30,6.86,29.75,71.4,100.46,3.59,23.58
2020-05-01,8.54,30.5,69.59,100.34,2.82,23.61
2020-05-02,10.41,30.09,72.83,100.22,3.1,24.18
2020-05-03,2.7,30.89,71.45,100.16,3.06,24.37
2020-05-04,3.34,30.87,73.34,100.35,4.03,25.01
2020-05-05,4.45,31.11,71.11,100.27,4.27,24.64
2020-05-06,6.18,31.4,69.15,100.27,2.79,24.36
2020-05-07,0.6,31.39,66.15,100.3,3.0,23.45
2020-05-08,0.19,31.7,63.7,100.3,2.32,22.73
2020-05-09,0.36,32.6,59.12,100.3,2.7,22.37
2020-05-10,0.9,32.27,60.7,100.32,3.45,22.77
2020-05-11,3.66,31.05,65.15,100.44,2.36,23.24
2020-05-12,0.19,31.2,60.02,100.39,2.81,21.75
2020-05-13,0.17,31.03,60.92,100.31,3.94,21.78
2020-05-14,0.24,31.46,63.86,100.26,4.59,23.13
2020-05-15,0.49,31.58,62.24,100.09,4.17,22.7
2020-05-16,1.42,31.93,62.75,100.02,3.58,23.15
2020-05-17,1.99,31.56,64.15,99.96,2.77,23.4
2020-05-18,0.22,30.49,67.4,99.74,3.32,23.34
2020-05-19,24.05,27.97,71.33,99.38,7.76,22.23
2020-05-20,48.48,27.14,73.72,98.99,8.65,21.8
2020-05-21,0.0,30.31,62.05,99.61,2.22,21.04
2020-05-22,0.0,30.62,74.04,99.86,3.19,24.55
2020-05-23,0.01,30.78,79.26,99.98,4.69,26.34
2020-05-24,0.0,30.77,78.54,100.02,6.31,26.27
2020-05-25,0.0,30.44,77.27,100.1,7.24,25.74
2020-05-26,0.11,30.52,75.34,100.07,7.43,25.42
2020-05-27,0.48,30.8,74.53,99.98,7.14,25.41
2020-05-28,9.2,30.37,79.06,99.9,5.97,26.13
2020-05-29,13.73,29.88,83.05,100.0,3.6,26.52
2020-05-30,3.75,30.61,75.0,100.14,4.08,25.03
2020-05-31,1.09,30.16,78.98,100.3,3.99,25.86
2020-06-01,1.99,30.37,76.68,100.33,2.67,25.57
2020-06-02,7.67,30.84,70.87,100.25,3.59,24.5
2020-06-03,7.08,30.03,75.86,100.17,3.52,25.11
2020-06-04,5.77,29.64,78.82,100.09,4.05,25.45
2020-06-05,2.73,29.85,81.11,99.96,4.6,26.14
2020-06-06,1.25,30.61,74.09,99.92,3.08,25.09
2020-06-07,3.31,29.85,76.17,99.81,2.67,25.0
2020-06-08,10.44,30.05,75.15,99.78,2.37,24.94
2020-06-09,2.48,30.05,74.85,99.8,2.06,24.83
2020-06-10,3.77,29.81,76.45,99.72,1.49,25.08
2020-06-11,9.94,28.77,85.87,99.44,2.8,26.15
2020-06-12,7.61,29.45,80.76,99.33,3.57,25.69
2020-06-13,23.04,29.7,81.9,99.43,2.64,26.21
2020-06-14,7.03,29.21,84.56,99.68,4.29,26.31
2020-06-15,13.65,28.97,84.51,99.64,4.0,26.06
2020-06-16,13.42,29.18,85.94,99.48,4.65,26.52
2020-06-17,22.74,28.73,86.27,99.59,5.68,26.15
2020-06-18,14.47,29.21,81.95,99.69,4.86,25.66
2020-06-19,4.99,29.11,82.56,99.73,3.39,25.73
2020-06-20,12.38,29.08,84.95,99.66,2.93,26.21
2020-06-21,11.2,28.83,84.28,99.43,4.1,25.83
2020-06-22,2.88,28.74,85.39,99.4,5.25,26.01
2020-06-23,1.94,29.46,82.57,99.83,4.52,26.06
2020-06-24,2.0,28.88,85.18,100.08,3.89,26.1
2020-06-25,1.28,29.21,82.73,100.04,4.08,25.89
2020-06-26,2.85,28.93,82.92,99.99,3.89,25.66
2020-06-27,1.38,28.68,85.56,99.98,3.51,25.97
2020-06-28,4.19,28.5,87.97,99.94,3.39,26.29
2020-06-29,9.65,28.46,86.11,99.9,2.8,25.85
2020-06-30,2.9,28.74,83.78,99.91,3.15,25.64
2020-07-01,0.38,29.02,80.21,99.8,3.66,25.17
2020-07-02,0.37,29.4,82.25,99.63,3.43,25.96
2020-07-03,1.24,29.67,81.74,99.6,3.38,26.12
2020-07-04,12.04,28.9,84.7,99.48,2.4,26.04
2020-07-05,7.58,29.16,82.8,99.33,4.56,25.85
2020-07-06,5.66,28.98,83.68,99.32,5.33,25.85
2020-07-07,1.66,29.44,79.99,99.82,4.22,25.46
2020-07-08,6.13,28.97,84.33,99.98,4.39,25.99
2020-07-09,4.99,28.88,85.37,99.84,4.15,26.13
2020-07-10,3.56,29.12,86.22,99.79,4.67,26.55
2020-07-11,3.74,29.02,85.16,99.78,3.88,26.22
2020-07-12,5.24,29.03,84.31,99.82,2.52,26.04
2020-07-13,8.15,28.17,85.06,99.78,2.6,25.37
2020-07-14,12.49,27.9,86.37,99.76,3.55,25.4
2020-07-15,3.51,28.48,81.7,99.74,5.56,24.97
2020-07-16,2.46,28.96,81.3,99.63,5.31,25.35
2020-07-17,1.28,29.16,80.36,99.74,4.42,25.34
2020-07-18,0.84,28.77,82.12,99.95,4.55,25.37
2020-07-19,4.88,29.19,82.12,99.96,4.65,25.72
2020-07-20,1.69,29.21,83.0,99.87,5.72,25.97
2020-07-21,2.65,28.84,85.29,100.07,5.14,26.08
2020-07-22,14.23,28.56,85.9,100.1,4.43,25.93
2020-07-23,3.06,28.35,82.3,100.01,4.14,24.94
2020-07-24,6.18,27.57,85.57,100.14,3.8,24.91
2020-07-25,0.29,28.76,80.1,100.21,3.39,24.85
2020-07-26,0.97,29.72,77.98,100.2,2.69,25.24
2020-07-27,4.4,29.92,78.68,100.01,2.03,25.66
2020-07-28,9.32,28.52,86.72,99.98,2.23,26.06
2020-07-29,1.49,29.07,81.53,99.99,3.15,25.44
2020-07-30,0.61,29.04,80.41,100.06,1.88,25.22
2020-07-31,0.5,29.49,77.56,99.94,1.71,25.0
2020-08-01,1.74,29.41,80.74,99.81,2.08,25.66
2020-08-02,7.73,29.57,82.85,99.59,2.0,26.29
2020-08-03,10.13,28.96,84.47,99.27,2.51,26.03
2020-08-04,50.77,27.92,89.43,98.9,4.05,26.02
2020-08-05,26.07,27.98,87.64,98.85,4.57,25.72
2020-08-06,4.33,28.63,84.81,99.54,4.83,25.76
2020-08-07,4.66,28.97,86.19,99.78,3.99,26.37
2020-08-08,11.56,28.71,85.76,99.67,2.72,26.04
2020-08-09,5.9,28.82,84.75,99.49,2.41,25.93
2020-08-10,1.84,29.3,86.06,99.51,2.64,26.68
2020-08-11,1.75,28.89,85.39,99.63,3.62,26.14
2020-08-12,3.73,29.63,85.03,99.6,2.12,26.79
2020-08-13,8.93,29.28,83.43,99.42,2.41,26.11
2020-08-14,28.17,28.44,85.79,99.24,4.05,25.8
2020-08-15,41.75,27.92,89.45,99.16,5.54,26.03
2020-08-16,13.21,27.93,86.36,99.23,6.7,25.42
2020-08-17,4.34,28.47,83.67,99.46,5.07,25.37
2020-08-18,8.4,28.48,89.01,99.5,4.53,26.48
2020-08-19,35.34,27.95,90.29,99.2,4.11,26.21
2020-08-20,16.38,28.23,88.37,99.27,4.96,26.09
2020-08-21,5.4,28.32,88.03,99.79,6.32,26.14
2020-08-22,2.17,28.03,89.31,100.04,4.96,26.11
2020-08-23,6.2,27.87,88.96,100.01,2.89,25.86
2020-08-24,10.32,27.41,89.95,100.03,3.69,25.61
2020-08-25,37.41,27.52,89.77,100.07,3.22,25.69
2020-08-26,51.43,27.33,91.33,99.83,4.83,25.81
2020-08-27,3.13,27.43,88.8,99.67,5.29,25.41
2020-08-28,0.49,27.9,84.99,99.82,4.37,25.07
2020-08-29,1.11,28.47,85.85,99.96,3.35,25.78
2020-08-30,0.68,29.02,84.27,100.05,1.78,26.01
2020-08-31,0.37,28.6,84.81,100.13,1.85,25.77
2020-09-01,8.46,28.29,85.99,100.17,1.41,25.68
2020-09-02,2.39,27.51,82.92,100.3,1.44,24.3
2020-09-03,0.23,27.93,83.22,100.39,1.58,24.78
2020-09-04,0.02,28.59,80.68,100.32,1.33,24.85
2020-09-05,0.07,28.53,83.48,100.18,2.75,25.39
2020-09-06,0.11,28.65,85.46,100.1,3.67,25.94
2020-09-07,0.66,28.68,84.67,100.14,3.33,25.8
2020-09-08,6.02,28.84,85.15,100.18,2.8,26.03
2020-09-09,3.51,28.7,85.3,100.14,2.54,25.93
2020-09-10,1.81,28.35,88.26,99.9,3.12,26.22
2020-09-11,0.63,28.91,83.3,99.92,2.81,25.72
2020-09-12,3.32,28.83,83.4,100.11,2.05,25.7
2020-09-13,1.18,28.8,85.42,100.12,2.8,26.07
2020-09-14,1.62,28.41,87.71,100.03,2.68,26.17
2020-09-15,1.42,28.78,85.23,100.02,2.61,26.03
2020-09-16,1.64,28.61,85.67,100.07,3.11,25.96
2020-09-17,1.09,28.69,85.4,100.02,2.02,25.98
2020-09-18,0.29,29.1,81.62,99.86,1.28,25.52
2020-09-19,2.15,29.47,81.6,99.62,1.06,25.93
2020-09-20,13.8,28.87,82.21,99.47,1.16,25.47
2020-09-21,22.54,28.45,83.92,99.34,3.45,25.42
2020-09-22,11.61,28.62,84.94,99.65,5.61,25.82
2020-09-23,0.98,28.84,84.45,99.95,5.23,25.94
2020-09-24,0.84,28.66,85.29,100.15,4.37,25.93
2020-09-25,0.61,28.25,86.54,100.01,5.51,25.79
2020-09-26,5.61,27.99,88.72,99.92,4.41,25.95
2020-09-27,0.69,27.93,85.18,100.01,3.93,25.15
2020-09-28,0.53,28.09,79.0,100.1,2.03,23.93
2020-09-29,16.67,27.93,82.87,100.0,1.58,24.73
2020-09-30,42.02,27.07,89.5,99.85,1.92,25.21
2020-10-01,23.11,26.92,91.03,99.78,3.55,25.33
2020-10-02,20.46,27.11,92.0,99.81,3.15,25.69
2020-10-03,20.6,27.86,90.62,99.94,1.6,26.19
2020-10-04,16.98,27.67,88.5,100.05,2.03,25.6
2020-10-05,4.51,27.64,86.57,100.03,2.27,25.16
2020-10-06,10.47,27.78,89.98,100.09,3.09,25.98
2020-10-07,4.84,27.89,86.74,100.26,1.47,25.46
2020-10-08,1.61,28.05,84.58,100.36,1.53,25.2
2020-10-09,0.45,28.64,82.04,100.36,1.05,25.19
2020-10-10,5.65,27.81,86.13,100.22,1.48,25.26
2020-10-11,1.9,28.09,84.44,100.04,3.43,25.17
2020-10-12,8.46,27.83,89.17,99.87,4.89,25.87
2020-10-13,14.0,28.3,86.81,99.85,5.42,25.87
2020-10-14,24.09,27.5,90.34,99.92,3.32,25.79
2020-10-15,17.05,27.57,87.39,100.06,1.96,25.26
2020-10-16,7.62,27.7,85.64,100.11,1.98,25.06
2020-10-17,0.67,27.98,83.76,100.2,1.73,24.95
2020-10-18,3.59,27.46,84.77,100.22,2.38,24.64
2020-10-19,9.82,26.76,89.73,100.2,2.67,24.92
2020-10-20,6.08,27.55,87.25,100.17,1.86,25.22
2020-10-21,10.54,27.1,92.01,100.1,3.75,25.7
2020-10-22,24.23,27.0,91.83,99.86,3.23,25.56
2020-10-23,0.92,27.19,87.17,99.94,3.87,24.81
2020-10-24,0.19,28.01,80.22,100.28,1.82,24.1
2020-10-25,0.16,27.11,82.36,100.54,1.98,23.79
2020-10-26,0.01,26.56,79.7,100.63,1.99,22.66
2020-10-27,0.0,25.63,75.0,100.6,2.41,20.75
2020-10-28,0.0,25.06,72.06,100.71,2.42,19.51
2020-10-29,0.0,24.16,74.08,100.68,2.59,19.16
2020-10-30,0.01,24.93,78.95,100.58,2.7,20.89
2020-10-31,0.0,25.32,85.39,100.53,2.74,22.6
2020-11-01,0.03,26.42,86.74,100.6,2.4,23.96
2020-11-02,0.01,26.07,87.11,100.72,3.14,23.69
2020-11-03,0.0,26.07,85.01,100.77,2.23,23.28
2020-11-04,0.0,25.98,79.23,100.76,1.73,22.01
2020-11-05,0.0,25.1,68.22,100.87,1.8,18.73
2020-11-06,0.0,24.25,73.02,101.08,2.27,18.99
2020-11-07,0.0,23.7,71.85,101.13,2.24,18.18
2020-11-08,0.0,22.53,72.92,101.14,2.45,17.28
2020-11-09,0.0,22.35,76.74,101.01,2.5,17.91
2020-11-10,0.69,23.32,85.71,100.88,2.96,20.71
2020-11-11,1.14,24.85,87.23,100.97,3.54,22.5
2020-11-12,0.13,24.55,84.94,101.09,2.93,21.77
2020-11-13,0.0,24.25,84.59,100.99,2.71,21.39
2020-11-14,0.0,23.74,83.77,100.91,2.83,20.67
2020-11-15,0.0,23.87,83.82,100.95,2.8,20.83
2020-11-16,0.0,25.03,78.83,100.93,1.74,20.99
2020-11-17,0.0,25.25,77.83,100.83,1.61,20.96
2020-11-18,0.1,25.8,74.21,100.84,0.93,20.72
2020-11-19,0.01,25.79,72.81,100.8,1.22,20.46
2020-11-20,0.04,26.12,74.85,100.79,1.46,21.18
2020-11-21,2.51,25.72,79.47,100.8,1.4,21.8
2020-11-22,3.37,23.7,83.15,101.0,2.6,20.57
2020-11-23,0.0,21.84,76.61,101.11,2.65,17.4
2020-11-24,0.0,20.77,75.44,101.08,2.77,16.11
2020-11-25,0.0,20.74,78.85,101.04,3.14,16.78
2020-11-26,0.87,21.2,86.18,101.11,2.7,18.72
2020-11-27,0.21,21.13,81.18,101.18,3.4,17.6
2020-11-28,0.0,21.13,79.97,101.22,2.86,17.31
2020-11-29,0.0,21.39,74.49,101.18,2.7,16.41
2020-11-30,0.0,21.09,72.65,101.14,2.53,15.75
2020-12-01,0.0,21.27,69.42,101.16,2.25,15.23
2020-12-02,0.0,21.74,69.32,101.01,1.53,15.69
2020-12-03,0.0,21.69,75.41,100.94,1.49,16.97
2020-12-04,0.0,21.39,70.84,100.89,1.41,15.53
2020-12-05,0.0,21.67,70.33,100.97,1.44,15.78
2020-12-06,0.0,21.75,68.95,101.12,1.56,15.59
2020-12-07,0.0,21.71,71.35,101.2,1.52,16.03
2020-12-08,0.0,21.38,71.12,101.18,1.65,15.6
2020-12-09,0.0,21.37,75.24,101.04,2.01,16.46
2020-12-10,0.0,21.72,67.54,100.97,1.67,15.01
2020-12-11,0.0,21.82,68.07,101.0,1.66,15.47
2020-12-12,0.0,21.78,69.53,100.95,1.28,15.76
2020-12-13,0.0,21.98,68.95,100.83,1.51,15.75
2020-12-14,0.0,22.54,73.77,100.92,1.57,17.52
2020-12-15,0.0,22.37,81.17,101.1,2.34,18.85
2020-12-16,0.0,22.43,79.09,101.19,2.25,18.46
2020-12-17,0.0,22.49,80.25,101.1,1.95,18.79
2020-12-18,0.0,21.87,80.46,101.12,2.01,18.24
2020-12-19,0.0,19.89,75.82,101.25,2.46,15.27
2020-12-20,0.0,18.17,65.11,101.29,2.32,11.14
2020-12-21,0.0,17.67,60.51,101.14,2.02,9.65
2020-12-22,0.0,18.08,60.05,101.04,1.8,9.82
2020-12-23,0.0,18.65,62.89,100.96,1.57,11.13
2020-12-24,0.0,19.25,64.3,100.92,1.71,12.16
2020-12-25,0.0,19.47,68.78,100.99,1.88,13.38
2020-12-26,0.0,19.01,68.46,101.05,2.1,12.81
2020-12-27,0.0,18.81,66.81,100.98,1.89,12.18
2020-12-28,0.0,19.26,62.3,100.94,1.44,11.63
2020-12-29,0.0,20.07,63.35,100.95,1.53,12.67
2020-12-30,0.0,19.88,70.93,101.06,2.15,14.22
2020-12-31,0.0,19.58,72.75,101.1,2.41,14.26
2021-01-01,0.0,19.38,67.01,101.15,2.45,12.61
2021-01-02,0.0,19.05,67.96,101.13,2.17,12.75
2021-01-03,0.0,19.98,68.92,100.96,1.92,13.9
2021-01-04,0.0,20.57,71.14,101.0,1.96,14.83
2021-01-05,0.0,21.0,77.18,101.0,2.1,16.55
2021-01-06,0.0,22.4,71.58,100.88,1.52,16.59
2021-01-07,0.0,23.2,65.91,100.74,1.05,16.11
2021-01-08,0.0,23.02,71.3,100.74,1.58,17.28
2021-01-09,0.0,22.79,75.49,100.77,1.86,17.84
2021-01-10,0.0,23.66,71.05,100.78,1.08,17.67
2021-01-11,0.0,24.18,68.71,100.87,1.28,17.72
2021-01-12,0.0,23.48,75.35,100.95,1.79,18.68
2021-01-13,0.0,22.76,78.86,100.93,1.37,18.63
2021-01-14,0.0,22.42,74.75,100.92,1.59,17.38
2021-01-15,0.0,20.67,67.64,100.84,1.64,13.78
2021-01-16,0.0,20.38,58.95,100.75,1.99,11.54
2021-01-17,0.0,20.19,73.85,100.96,2.3,15.07
2021-01-18,0.0,20.22,68.06,101.05,1.96,13.61
2021-01-19,0.0,21.36,67.92,100.85,1.23,14.95
2021-01-20,0.0,23.28,74.98,100.78,2.01,18.14
2021-01-21,0.0,22.61,65.79,100.82,1.95,15.22
2021-01-22,0.0,20.79,58.87,100.93,1.8,11.64
2021-01-23,0.0,20.89,56.52,100.87,1.48,11.14
2021-01-24,0.0,22.09,70.92,100.89,1.43,15.92
2021-01-25,0.0,23.62,79.66,100.93,1.44,19.51
2021-01-26,0.08,23.66,78.06,100.93,1.46,19.38
2021-01-27,0.0,22.29,74.99,101.03,2.4,17.31
2021-01-28,0.0,21.89,70.14,101.11,2.48,15.76
2021-01-29,0.04,22.36,66.88,101.07,1.51,15.56
2021-01-30,0.01,23.03,65.47,101.0,1.15,16.03
2021-01-31,0.0,20.36,61.49,101.19,2.48,11.88
2021-02-01,0.0,20.16,52.55,101.36,2.06,8.83
2021-02-02,0.0,20.74,45.93,101.29,1.54,7.89
2021-02-03,0.0,21.46,49.41,101.19,1.21,9.73
2021-02-04,0.0,21.64,54.75,101.14,1.49,11.38
2021-02-05,0.0,21.97,55.0,101.02,1.38,11.82
2021-02-06,0.0,22.26,57.14,100.93,1.53,12.35
2021-02-07,0.0,22.71,61.3,101.03,1.49,14.33
2021-02-08,0.0,22.2,59.95,101.13,1.88,12.94
2021-02-09,0.0,22.12,51.38,101.03,1.15,10.99
2021-02-10,0.0,22.45,59.51,100.86,1.91,13.39
2021-02-11,0.0,23.01,65.06,100.83,2.07,15.05
2021-02-12,0.0,23.52,66.38,100.93,2.02,16.27
2021-02-13,0.0,24.03,60.79,100.95,2.64,15.43
2021-02-14,0.0,24.12,63.43,100.88,2.27,15.87
2021-02-15,0.0,25.24,56.02,100.73,1.96,14.3
2021-02-16,0.0,24.8,59.2,100.73,1.76,15.21
2021-02-17,0.09,25.28,68.22,100.83,1.76,18.04
2021-02-18,0.02,25.16,64.98,101.04,1.71,17.38
2021-02-19,0.03,25.1,60.28,101.15,2.45,16.16
2021-02-20,0.0,24.0,61.7,101.19,2.37,15.88
2021-02-21,0.0,24.85,57.27,101.12,2.31,15.28
2021-02-22,0.0,25.21,54.65,101.0,1.57,14.46
2021-02-23,0.0,25.45,51.71,100.8,1.95,13.1
2021-02-24,0.0,25.56,45.64,100.66,2.14,11.3
2021-02-25,0.0,26.19,47.37,100.55,2.31,11.94
2021-02-26,0.0,26.97,47.13,100.35,2.31,12.62
2021-02-27,0.0,27.37,47.93,100.34,1.69,13.07
2021-02-28,0.0,27.48,48.75,100.45,2.15,13.42
2021-03-01,0.0,27.98,59.51,100.69,2.94,17.55
2021-03-02,0.0,28.22,54.19,100.7,1.64,16.15
2021-03-03,0.0,26.85,44.21,100.73,1.99,11.66
2021-03-04,0.0,27.09,49.57,100.77,1.82,12.81
2021-03-05,0.0,27.63,55.31,100.72,3.82,15.35
2021-03-06,0.0,28.13,53.96,100.66,3.14,15.21
2021-03-07,0.05,27.56,56.69,100.72,1.82,15.19
2021-03-08,0.08,27.15,67.13,100.83,2.55,18.91
2021-03-09,0.0,27.53,66.96,100.82,4.29,19.42
2021-03-10,0.03,27.99,66.38,100.78,4.13,19.98
2021-03-11,0.37,27.76,68.4,100.83,3.73,20.55
2021-03-12,1.39,27.53,68.26,100.96,2.93,20.02
2021-03-13,0.34,28.36,56.06,100.91,1.27,16.83
2021-03-14,0.08,28.22,56.56,100.77,1.31,18.03
2021-03-15,0.0,28.49,58.87,100.64,2.04,18.47
2021-03-16,0.03,29.01,51.95,100.61,2.29,15.92
2021-03-17,0.04,29.18,57.77,100.55,2.52,18.45
2021-03-18,0.0,29.67,53.78,100.53,2.18,17.96
2021-03-19,0.0,29.58,49.2,100.46,2.33,16.06
2021-03-20,0.0,29.91,46.28,100.32,2.06,15.83
2021-03-21,0.0,30.87,48.1,100.31,2.18,17.13
2021-03-22,0.01,30.78,55.09,100.55,1.93,18.64
2021-03-23,0.0,30.98,52.95,100.64,2.09,18.73
2021-03-24,0.0,31.34,47.97,100.57,2.06,17.5
2021-03-25,0.0,31.29,47.55,100.47,2.26,17.02
2021-03-26,0.01,30.89,52.47,100.46,1.98,18.61
2021-03-27,0.42,30.62,55.05,100.43,2.31,19.2
2021-03-28,2.06,30.19,58.89,100.32,3.1,20.09
2021-03-29,0.19,30.99,59.23,100.13,4.03,20.2
2021-03-30,0.14,31.76,52.87,99.84,4.14,17.87
2021-03-31,0.0,32.2,46.64,99.61,3.8,15.61
2021-04-01,0.05,31.08,47.94,99.74,2.93,14.03
2021-04-02,0.17,31.0,65.09,100.0,2.85,21.99
2021-04-03,0.2,30.21,67.7,100.25,3.02,22.7
2021-04-04,0.4,30.6,60.75,100.35,2.8,20.91
2021-04-05,1.13,29.9,58.08,100.52,2.78,19.42
2021-04-06,0.76,29.47,62.63,100.53,4.03,20.65
2021-04-07,0.26,29.53,67.14,100.52,5.44,22.24
2021-04-08,3.5,29.68,66.22,100.36,5.87,22.25
2021-04-09,6.58,29.04,69.32,100.4,4.79,22.48
2021-04-10,3.63,28.95,68.03,100.61,3.36,21.78
2021-04-11,0.41,30.28,61.26,100.68,3.28,20.91
2021-04-12,0.24,30.93,55.08,100.69,3.0,19.25
2021-04-13,0.39,31.27,56.11,100.59,3.64,20.33
2021-04-14,0.76,31.68,55.88,100.49,4.2,20.52
2021-04-15,0.74,30.67,58.19,100.42,3.81,20.85
2021-04-16,0.51,30.47,57.68,100.42,4.11,20.27
2021-04-17,0.48,30.15,62.19,100.53,4.53,21.22
2021-04-18,0.87,30.51,61.32,100.54,4.73,21.03
2021-04-19,2.73,31.11,61.02,100.3,3.46,21.36
2021-04-20,0.63,30.98,63.33,100.25,4.87,22.28
2021-04-21,0.96,31.1,64.15,100.36,4.86,22.67
2021-04-22,0.89,31.32,61.65,100.39,3.16,21.81
2021-04-23,0.9,31.6,58.27,100.4,2.44,21.35
2021-04-24,1.06,32.19,55.9,100.35,3.08,20.89
2021-04-25,0.19,32.42,53.46,100.29,3.9,19.64
2021-04-26,0.19,31.66,56.82,100.28,4.79,20.71
2021-04-27,0.36,31.62,59.37,100.31,4.02,21.03
2021-04-28,0.76,31.04,64.53,100.41,4.41,22.43
2021-04-29,0.53,29.69,70.05,100.43,4.06,23.22
2021-04-30,0.85,30.23,67.98,100.36,4.65,23.01
2021-05-01,1.45,30.72,63.78,100.39,4.02,22.1
2021-05-02,0.59,30.97,63.81,100.38,4.73,22.59
2021-05-03,2.09,31.32,59.8,100.26,4.98,21.65
2021-05-04,5.28,30.34,64.97,100.34,3.84,22.57
2021-05-05,2.0,30.62,62.36,100.34,4.31,22.04
2021-05-06,4.11,30.61,65.21,100.49,4.21,22.87
2021-05-07,5.6,30.81,65.51,100.56,4.16,22.99
2021-05-08,5.42,30.82,66.13,100.46,3.32,23.08
2021-05-09,7.47,30.76,66.58,100.34,4.23,23.45
2021-05-10,7.41,30.92,67.81,100.21,3.62,23.9
2021-05-11,10.48,31.6,69.55,100.1,3.59,24.86
2021-05-12,10.94,31.32,69.89,99.98,3.04,24.62
2021-05-13,10.09,32.33,66.07,99.87,4.27,24.27
2021-05-14,11.82,31.71,69.18,99.91,3.73,24.59
2021-05-15,1.82,31.63,66.77,100.08,4.06,24.17
2021-05-16,1.01,30.87,72.99,100.24,3.49,25.28
2021-05-17,0.02,31.31,73.34,100.26,3.9,25.73
2021-05-18,0.01,31.97,71.52,100.15,4.8,25.73
2021-05-19,0.03,31.59,72.9,100.03,4.64,25.87
2021-05-20,0.09,31.15,76.61,100.02,5.36,26.44
2021-05-21,8.87,30.88,74.2,100.01,4.5,25.49
2021-05-22,1.36,31.19,69.03,99.88,2.38,24.51
2021-05-23,2.18,31.47,66.53,99.77,2.19,23.97
2021-05-24,5.5,30.71,64.29,99.66,4.58,22.38
2021-05-25,40.76,26.98,75.45,99.16,8.08,22.07
2021-05-26,33.21,28.55,76.54,98.85,8.31,23.88
2021-05-27,0.15,30.91,68.63,99.28,4.6,23.92
2021-05-28,0.98,30.98,78.75,99.81,3.2,26.52
2021-05-29,1.28,30.86,75.53,100.01,3.58,25.71
2021-05-30,0.64,30.1,81.04,99.92,3.37,26.38
2021-05-31,1.15,31.23,75.64,99.7,3.91,26.07
2021-06-01,3.67,30.82,77.93,99.87,2.72,26.34
2021-06-02,8.34,30.39,77.51,100.05,2.1,25.87
2021-06-03,4.84,30.18,77.22,100.2,3.05,25.55
2021-06-04,1.18,30.94,72.9,100.2,2.92,25.22
2021-06-05,1.2,31.25,75.23,100.12,3.54,26.1
2021-06-06,0.69,31.38,72.33,100.07,3.58,25.51
2021-06-07,1.74,31.37,73.44,99.95,4.31,25.78
2021-06-08,7.72,30.71,79.81,99.81,4.3,26.67
2021-06-09,12.5,29.04,87.23,99.64,3.59,26.69
2021-06-10,4.1,28.26,78.09,99.45,3.2,23.93
2021-06-11,10.92,28.88,81.4,99.3,2.2,25.3
2021-06-12,18.14,28.82,80.09,99.42,2.18,24.94
2021-06-13,16.81,29.1,79.5,99.38,3.26,25.1
2021-06-14,18.29,29.45,82.7,99.19,2.92,26.14
2021-06-15,3.85,28.89,78.09,99.3,3.81,24.6
2021-06-16,3.26,29.8,78.56,99.47,3.87,25.5
2021-06-17,3.35,28.73,82.39,99.64,4.03,25.39
2021-06-18,3.15,28.42,81.38,99.78,3.93,24.84
2021-06-19,4.49,28.84,84.18,99.89,5.06,25.84
2021-06-20,3.89,29.14,81.01,99.96,3.22,25.44
2021-06-21,4.49,29.85,78.81,99.88,2.14,25.6
2021-06-22,42.73,28.44,84.0,99.9,3.19,25.45
2021-06-23,5.65,28.83,83.35,99.9,4.24,25.67
2021-06-24,4.59,28.7,82.74,99.81,5.63,25.39
2021-06-25,3.09,28.61,81.16,99.67,2.42,25.0
2021-06-26,0.47,29.35,77.69,99.76,2.27,24.92
2021-06-27,1.98,28.53,84.87,100.06,3.0,25.7
2021-06-28,0.84,28.47,83.66,100.13,4.12,25.39
2021-06-29,0.52,29.41,81.56,100.0,4.96,25.85
2021-06-30,5.34,29.0,86.31,99.88,5.18,26.46
2021-07-01,2.04,29.26,86.5,99.75,4.33,26.72
2021-07-02,12.77,28.67,87.14,99.8,4.99,26.29
2021-07-03,3.62,28.45,83.91,99.88,2.82,25.43
2021-07-04,5.51,28.9,82.32,99.94,2.38,25.51
2021-07-05,2.77,29.27,81.39,99.93,1.78,25.62
2021-07-06,2.17,29.23,83.65,99.79,2.29,26.11
2021-07-07,18.19,28.22,90.62,99.76,3.0,26.55
2021-07-08,9.32,28.39,85.54,99.63,4.91,25.68
2021-07-09,3.93,28.52,84.01,99.59,4.5,25.48
2021-07-10,8.89,28.6,83.92,99.64,2.96,25.53
2021-07-11,6.39,28.11,85.96,99.69,2.1,25.52
2021-07-12,11.96,28.56,84.66,99.83,3.55,25.66
2021-07-13,8.08,28.24,85.73,99.77,3.11,25.59
2021-07-14,6.99,28.63,83.86,99.83,3.63,25.59
2021-07-15,1.66,28.68,84.55,99.98,3.22,25.77
2021-07-16,0.97,28.75,84.28,100.17,3.28,25.8
2021-07-17,0.81,28.76,83.26,100.11,3.49,25.59
2021-07-18,0.83,28.95,83.19,99.89,3.97,25.74
2021-07-19,2.94,29.05,84.44,99.7,3.32,26.11
2021-07-20,19.13,29.59,80.36,99.65,1.82,25.73
2021-07-21,18.88,28.92,84.65,99.38,2.51,26.0
2021-07-22,28.16,28.4,87.13,99.01,2.58,26.03
2021-07-23,25.42,28.86,85.78,98.95,3.57,26.19
2021-07-24,3.65,29.04,81.45,99.31,4.51,25.45
2021-07-25,2.56,29.39,83.43,99.54,4.24,26.19
2021-07-26,1.99,28.73,85.21,99.57,3.45,25.95
2021-07-27,13.15,28.28,88.65,99.43,4.38,26.22
2021-07-28,2.43,28.36,84.43,99.49,4.23,25.43
2021-07-29,5.38,27.57,84.59,99.51,4.69,24.71
2021-07-30,7.09,27.75,82.59,99.61,5.16,24.44
2021-07-31,0.56,28.81,82.61,99.69,4.0,25.48
2021-08-01,6.02,28.58,84.39,99.64,3.04,25.63
2021-08-02,2.05,29.06,82.27,99.67,2.57,25.59
2021-08-03,3.39,28.4,83.88,99.81,3.28,25.34
2021-08-04,2.59,27.91,85.49,99.86,2.8,25.22
2021-08-05,3.45,28.92,83.61,99.69,2.45,25.79
2021-08-06,5.11,28.98,83.41,99.65,2.54,25.79
2021-08-07,3.68,28.89,82.82,99.87,2.64,25.56
2021-08-08,2.78,28.86,87.51,100.08,3.42,26.54
2021-08-09,3.28,29.14,86.41,100.1,3.39,26.57
2021-08-10,8.41,29.6,85.01,99.86,2.66,26.73
2021-08-11,3.75,29.53,84.19,99.81,2.32,26.51
2021-08-12,4.16,29.36,85.89,99.99,2.27,26.68
2021-08-13,0.65,29.14,83.03,99.89,2.21,25.86
2021-08-14,4.13,29.61,80.92,99.72,2.23,25.86
2021-08-15,2.87,29.34,83.73,99.73,1.34,26.22
2021-08-16,3.11,28.87,82.23,99.87,2.2,25.46
2021-08-17,8.95,28.43,83.99,99.92,2.54,25.43
2021-08-18,5.74,28.37,85.42,99.86,4.97,25.68
2021-08-19,4.85,28.35,84.84,99.89,4.86,25.53
2021-08-20,12.78,27.98,87.12,100.09,3.81,25.63
2021-08-21,7.04,28.11,86.46,100.33,3.84,25.62
2021-08-22,1.45,28.12,83.44,100.28,3.08,24.98
2021-08-23,2.97,28.72,82.37,100.17,3.18,25.32
2021-08-24,8.1,28.9,84.49,100.06,3.13,25.94
2021-08-25,5.31,28.69,86.12,99.86,2.37,26.11
2021-08-26,17.55,27.98,89.42,99.75,3.19,26.09
2021-08-27,17.92,27.24,89.37,99.74,2.91,25.34
2021-08-28,9.97,28.13,84.9,99.62,2.4,25.29
2021-08-29,12.74,28.18,87.51,99.63,3.53,25.9
2021-08-30,6.9,28.29,85.89,99.92,4.6,25.69
2021-08-31,2.52,28.09,85.72,100.2,3.72,25.44
2021-09-01,6.02,28.11,84.09,100.31,2.05,25.13
2021-09-02,0.75,28.2,82.99,100.17,1.31,24.98
2021-09-03,0.52,28.17,82.56,100.03,1.6,24.87
2021-09-04,4.14,28.3,83.78,99.89,1.71,25.23
2021-09-05,9.79,28.5,85.25,99.74,2.24,25.73
2021-09-06,17.74,28.01,88.86,99.63,4.57,26.01
2021-09-07,8.84,28.2,85.16,99.96,4.99,25.48
2021-09-08,9.48,28.11,86.07,100.11,3.61,25.56
2021-09-09,7.38,28.18,83.67,100.01,1.32,25.11
2021-09-10,5.83,28.08,84.08,99.9,2.16,25.1
2021-09-11,5.55,27.86,86.63,99.67,2.62,25.4
2021-09-12,162.15,27.47,90.81,99.38,4.48,25.84
2021-09-13,76.03,27.49,91.88,99.23,6.62,26.07
2021-09-14,30.08,28.41,88.78,99.64,6.34,26.38
2021-09-15,7.51,28.17,91.34,100.03,3.95,26.64
2021-09-16,4.38,28.0,88.38,100.02,2.37,25.87
2021-09-17,3.3,26.99,88.4,100.0,1.85,24.9
2021-09-18,7.16,27.43,86.89,100.17,2.44,25.02
2021-09-19,18.56,26.85,89.1,100.35,1.52,24.91
2021-09-20,7.11,27.39,86.44,100.21,2.19,24.89
2021-09-21,8.76,27.62,87.1,99.98,2.23,25.24
2021-09-22,4.67,27.78,89.32,99.87,2.57,25.86
2021-09-23,2.76,27.5,89.59,100.09,2.75,25.65
2021-09-24,0.42,27.88,83.94,100.22,1.6,24.9
2021-09-25,2.29,28.44,81.2,100.09,1.2,24.85
2021-09-26,10.98,27.33,90.32,99.76,5.04,25.62
2021-09-27,7.51,27.56,89.02,99.84,4.78,25.59
2021-09-28,5.61,27.39,86.95,100.08,2.34,25.0
2021-09-29,1.85,26.94,89.36,100.26,2.31,25.04
2021-09-30,1.0,27.6,85.69,100.4,2.25,24.96
2021-10-01,0.3,27.65,85.69,100.42,2.02,25.01
2021-10-02,0.23,28.08,84.55,100.42,2.33,25.17
2021-10-03,0.77,28.11,84.46,100.32,2.97,25.19
2021-10-04,12.03,28.05,84.63,100.26,2.12,25.18
2021-10-05,7.03,27.85,85.91,100.37,1.77,25.26
2021-10-06,1.01,28.02,82.46,100.31,1.31,24.69
2021-10-07,2.32,28.46,80.49,100.17,1.41,24.66
2021-10-08,3.23,29.0,80.72,100.06,1.59,25.27
2021-10-09,4.28,28.94,79.42,100.1,1.25,24.96
2021-10-10,3.63,28.26,82.92,100.14,2.3,25.04
2021-10-11,1.5,28.07,84.19,100.08,1.72,25.12
2021-10-12,0.7,28.65,81.38,100.05,0.96,25.11
2021-10-13,1.61,27.82,85.16,100.0,2.03,25.1
2021-10-14,10.42,27.29,89.88,99.97,2.54,25.49
2021-10-15,8.41,27.99,89.59,99.81,3.37,26.1
2021-10-16,25.75,27.44,89.95,99.95,2.3,25.65
2021-10-17,14.13,27.23,86.01,100.05,1.81,24.67
2021-10-18,13.65,27.7,84.81,100.09,3.96,24.89
2021-10-19,6.6,28.08,87.32,100.39,3.91,25.78
2021-10-20,1.79,27.8,88.4,100.61,2.58,25.71
2021-10-21,0.06,27.3,78.29,100.67,1.8,23.07
2021-10-22,0.01,26.27,74.03,100.73,1.96,21.1
2021-10-23,0.0,25.78,66.7,100.87,1.62,19.03
2021-10-24,0.0,26.51,65.98,100.88,1.06,19.58
2021-10-25,0.0,25.87,71.65,100.74,1.7,20.32
2021-10-26,0.4,25.23,82.32,100.65,2.51,21.93
2021-10-27,3.41,25.71,87.77,100.67,4.19,23.5
2021-10-28,23.27,25.83,90.83,100.7,3.32,24.2
2021-10-29,15.02,26.04,89.33,100.86,3.35,24.14
2021-10-30,3.49,25.9,84.81,100.91,2.65,23.07
2021-10-31,0.29,26.06,84.5,100.85,2.31,23.18
2021-11-01,9.18,25.83,83.73,100.87,2.15,22.84
2021-11-02,1.81,25.49,85.01,100.93,2.89,22.76
2021-11-03,0.04,25.33,84.3,100.88,2.55,22.45
2021-11-04,0.01,25.09,83.46,100.85,2.15,22.04
2021-11-05,0.0,24.79,82.02,100.78,2.21,21.47
2021-11-06,0.0,24.08,80.25,100.67,2.22,20.39
2021-11-07,0.0,23.12,73.87,100.68,2.4,18.09
2021-11-08,0.0,22.34,76.04,100.76,2.61,17.81
2021-11-09,0.01,22.35,80.32,100.81,2.59,18.68
2021-11-10,0.16,22.57,81.9,100.77,2.91,19.2
2021-11-11,3.15,23.54,87.77,100.68,3.51,21.34
2021-11-12,51.02,25.05,92.45,100.68,3.38,23.72
2021-11-13,21.28,25.69,92.9,100.68,2.92,24.45
2021-11-14,9.4,25.94,89.22,100.61,2.36,24.0
2021-11-15,8.55,25.96,88.15,100.48,1.93,23.83
2021-11-16,4.21,25.66,88.89,100.55,2.42,23.67
2021-11-17,0.76,24.62,88.71,100.81,3.77,22.59
2021-11-18,0.03,23.92,85.98,100.71,2.97,21.34
2021-11-19,0.19,24.46,85.08,100.54,2.6,21.74
2021-11-20,1.36,24.86,86.59,100.54,2.56,22.43
2021-11-21,0.28,25.22,85.71,100.68,1.74,22.59
2021-11-22,2.26,26.32,83.07,100.68,0.93,23.15
2021-11-23,4.48,26.4,83.65,100.64,1.1,23.34
2021-11-24,2.76,25.45,85.92,100.78,2.27,22.89
2021-11-25,0.16,24.32,82.74,100.85,2.2,21.13
2021-11-26,0.12,23.79,80.34,100.88,2.19,20.12
2021-11-27,0.0,22.81,82.29,100.97,2.43,19.55
2021-11-28,0.0,21.36,78.88,101.1,2.95,17.41
2021-11-29,0.0,20.65,78.57,101.1,2.84,16.66
2021-11-30,0.0,20.48,78.96,101.07,2.72,16.6
2021-12-01,0.0,20.59,81.21,101.03,2.55,17.16
2021-12-02,0.01,21.18,84.43,101.0,2.27,18.33
2021-12-03,2.53,21.44,90.19,100.98,3.85,19.71
2021-12-04,21.16,22.35,94.18,100.74,5.95,21.32
2021-12-05,38.99,24.67,94.75,100.55,4.28,23.74
2021-12-06,31.91,25.19,91.05,100.6,2.33,23.61
2021-12-07,0.26,23.04,87.92,100.91,3.4,20.88
2021-12-08,0.28,22.69,87.13,101.06,3.59,20.38
2021-12-09,3.48,22.45,91.18,101.2,3.36,20.91
2021-12-10,0.18,22.42,88.85,101.23,2.79,20.42
2021-12-11,0.01,22.59,84.41,101.22,2.48,19.76
2021-12-12,0.0,21.16,84.06,101.29,3.39,18.25
2021-12-13,0.0,20.75,81.84,101.22,2.69,17.43
2021-12-14,0.0,20.45,79.67,101.13,2.09,16.73
2021-12-15,0.0,20.15,77.67,101.11,1.94,16.04
2021-12-16,0.0,19.5,75.0,101.18,2.56,14.86
2021-12-17,0.0,18.85,74.17,101.18,2.49,14.0
2021-12-18,0.0,19.78,79.11,101.12,2.51,15.95
2021-12-19,0.0,19.27,76.04,101.22,2.12,14.7
2021-12-20,0.0,17.85,71.44,101.24,2.2,12.44
2021-12-21,0.0,16.47,64.59,101.18,2.15,9.57
2021-12-22,0.0,16.52,61.88,101.03,2.05,8.93
2021-12-23,0.0,17.45,59.1,101.01,1.51,9.1
2021-12-24,0.0,19.17,59.06,101.01,0.94,10.75
2021-12-25,0.0,20.71,68.36,101.0,1.0,14.6
2021-12-26,0.0,21.72,79.3,101.17,1.01,17.94
2021-12-27,0.15,21.6,82.31,101.27,1.33,18.36
2021-12-28,0.34,21.26,85.91,101.22,1.78,18.73
2021-12-29,0.9,21.54,83.65,101.22,1.99,18.58
2021-12-30,1.57,21.14,85.42,101.43,2.78,18.49
2021-12-31,0.03,20.45,86.98,101.52,2.76,18.1
2022-01-01,0.01,20.11,83.75,101.47,2.49,17.15
2022-01-02,0.0,19.26,77.03,101.35,2.32,14.96
2022-01-03,0.0,18.78,73.73,101.25,2.18,13.82
2022-01-04,0.0,18.93,73.35,101.27,2.05,13.91
2022-01-05,0.0,19.49,73.16,101.24,1.69,14.33
2022-01-06,0.0,20.78,70.46,101.13,1.07,15.11
2022-01-07,0.0,20.52,77.02,101.21,1.78,16.24
2022-01-08,0.0,19.98,77.37,101.23,1.88,15.74
2022-01-09,0.0,20.36,74.14,101.02,1.39,15.43
2022-01-10,0.0,21.27,75.48,101.06,1.2,16.63
2022-01-11,1.02,21.43,78.82,101.04,1.55,17.51
2022-01-12,8.98,20.46,85.32,101.0,2.15,17.89
2022-01-13,5.69,20.41,88.89,101.06,2.99,18.49
2022-01-14,5.69,20.61,89.87,101.01,4.24,18.85
2022-01-15,10.99,19.27,86.55,101.12,3.69,16.9
2022-01-16,0.0,19.13,82.16,101.33,2.91,15.88
2022-01-17,0.0,18.74,78.02,101.42,2.28,14.62
2022-01-18,0.0,18.69,66.87,101.22,1.64,12.0
2022-01-19,0.0,19.01,64.43,101.0,1.33,11.88
2022-01-20,0.0,19.74,62.0,100.74,1.24,11.96
2022-01-21,0.03,20.45,71.83,100.65,1.32,14.94
2022-01-22,0.07,21.52,78.46,100.56,1.39,17.32
2022-01-23,2.63,22.39,84.03,100.51,2.52,19.42
2022-01-24,4.44,22.36,79.47,100.55,2.36,18.43
2022-01-25,0.08,20.9,77.72,100.7,1.66,16.73
2022-01-26,0.39,20.68,76.57,100.8,1.47,16.2
2022-01-27,0.0,18.3,71.11,100.98,2.9,12.7
2022-01-28,0.0,17.1,66.51,101.15,2.81,10.43
2022-01-29,0.0,16.55,64.67,101.21,2.45,9.47
2022-01-30,0.0,17.76,59.39,100.92,2.15,9.36
2022-01-31,0.0,19.65,59.86,100.8,1.56,11.28
2022-02-01,0.0,20.57,63.12,100.67,1.81,12.76
2022-02-02,0.0,20.36,64.58,100.8,1.57,12.8
2022-02-03,0.06,21.57,80.7,100.72,3.06,17.94
2022-02-04,4.51,23.14,82.35,100.48,4.38,19.86
2022-02-05,0.28,19.2,65.94,100.81,3.02,12.02
2022-02-06,0.0,19.31,55.71,101.13,1.91,9.93
2022-02-07,0.0,20.05,56.57,101.1,1.42,10.9
2022-02-08,0.0,20.37,59.48,100.96,1.45,11.82
2022-02-09,0.0,21.44,66.29,101.0,1.61,14.66
2022-02-10,0.0,22.58,69.5,100.91,1.54,16.59
2022-02-11,0.01,21.44,70.73,100.97,1.99,15.6
2022-02-12,0.0,19.93,59.91,100.96,2.62,11.16
2022-02-13,0.0,20.22,63.76,100.86,2.07,12.38
2022-02-14,0.0,20.35,62.31,100.84,1.98,12.5
2022-02-15,0.0,21.0,60.11,100.78,1.61,12.66
2022-02-16,0.0,21.81,64.81,100.58,1.8,14.57
2022-02-17,0.37,23.06,70.89,100.54,1.45,17.22
2022-02-18,1.6,22.89,75.23,100.7,1.69,18.02
2022-02-19,1.26,23.47,68.33,100.83,1.33,16.92
2022-02-20,8.45,24.42,78.81,100.44,3.12,20.35
2022-02-21,0.71,23.39,68.48,100.49,1.86,16.28
2022-02-22,0.03,23.66,76.44,100.83,1.42,18.61
2022-02-23,0.13,24.2,78.76,101.14,1.84,19.99
2022-02-24,0.0,24.19,77.38,101.11,2.62,19.67
2022-02-25,0.18,24.5,74.48,101.05,2.65,19.28
2022-02-26,0.05,24.6,68.09,101.15,1.57,17.79
2022-02-27,0.0,24.91,64.81,101.11,1.2,16.86
2022-02-28,0.0,25.64,60.22,100.98,1.92,16.51
2022-03-01,0.01,25.98,61.15,101.0,1.72,17.24
2022-03-02,0.02,25.84,65.58,100.99,1.69,18.44
2022-03-03,0.0,26.14,64.28,100.98,1.2,18.26
2022-03-04,0.0,26.11,65.89,100.92,1.53,18.66
2022-03-05,0.0,26.64,66.73,100.78,1.56,19.16
2022-03-06,0.0,26.42,62.04,100.71,2.22,17.87
2022-03-07,0.0,26.44,65.4,100.8,1.57,18.86
2022-03-08,0.0,27.01,61.83,100.72,1.19,18.28
2022-03-09,0.0,26.71,59.88,100.66,1.71,16.92
2022-03-10,0.0,27.73,59.43,100.61,1.36,17.78
2022-03-11,0.0,27.53,56.52,100.58,1.8,17.11
2022-03-12,0.0,27.68,60.29,100.54,1.04,18.57
2022-03-13,0.0,27.62,52.86,100.56,1.67,15.44
2022-03-14,0.0,28.13,52.89,100.55,1.18,16.08
2022-03-15,0.0,28.12,53.05,100.32,1.9,15.8
2022-03-16,0.0,28.3,61.3,100.15,3.19,18.72
2022-03-17,0.0,28.34,69.99,100.23,4.06,21.63
2022-03-18,0.0,28.05,63.44,100.36,3.5,19.48
2022-03-19,0.0,27.77,60.7,100.23,2.9,18.44
2022-03-20,0.0,28.1,64.73,100.11,3.57,19.95
2022-03-21,0.0,28.74,69.39,100.19,3.05,21.83
2022-03-22,0.0,29.35,69.24,100.23,2.92,22.21
2022-03-23,0.0,29.32,68.36,100.27,3.19,21.9
2022-03-24,0.0,29.05,71.09,100.26,4.29,22.42
2022-03-25,0.0,29.12,69.89,100.29,5.09,22.26
2022-03-26,0.0,29.72,72.23,100.38,5.32,23.63
2022-03-27,0.01,30.21,68.82,100.43,3.34,22.92
2022-03-28,0.0,30.0,63.88,100.38,2.91,20.36
2022-03-29,0.0,29.49,70.76,100.24,4.38,22.28
2022-03-30,0.0,29.31,74.92,100.23,4.94,23.73
2022-03-31,0.0,29.25,76.91,100.31,5.27,24.34
2022-04-01,0.0,29.43,75.2,100.33,6.02,24.09
2022-04-02,0.0,29.71,73.75,100.43,5.73,24.0
2022-04-03,0.0,29.39,73.2,100.42,5.25,23.57
2022-04-04,0.0,29.27,71.65,100.55,5.66,23.15
2022-04-05,0.0,29.33,69.42,100.71,4.95,22.37
2022-04-06,0.01,29.02,70.67,100.7,4.58,22.47
2022-04-07,0.02,29.25,68.91,100.63,4.19,21.68
2022-04-08,0.04,29.63,65.93,100.49,4.73,21.3
2022-04-09,0.03,29.83,70.52,100.31,5.5,23.02
2022-04-10,0.03,30.12,68.96,100.21,6.07,22.89
2022-04-11,0.03,30.11,70.1,100.12,6.19,23.24
2022-04-12,0.01,30.19,69.25,100.07,5.39,22.98
2022-04-13,0.03,29.99,69.96,100.02,5.65,23.15
2022-04-14,0.03,30.96,65.6,99.95,5.42,22.49
2022-04-15,0.03,31.23,64.59,99.93,5.37,22.76
2022-04-16,0.1,31.55,61.47,99.92,5.54,22.3
2022-04-17,0.12,31.09,61.79,100.02,5.55,22.27
2022-04-18,0.04,31.14,62.27,100.15,4.21,21.9
2022-04-19,0.07,30.67,68.13,100.29,5.28,23.04
2022-04-20,0.11,30.56,70.25,100.19,5.64,23.66
2022-04-21,0.16,30.05,73.19,100.19,5.93,24.17
2022-04-22,0.12,31.26,65.74,100.24,4.56,23.0
2022-04-23,0.07,31.92,59.43,100.23,3.65,21.64
2022-04-24,0.06,32.83,57.3,100.07,3.59,21.86
2022-04-25,0.14,32.06,62.39,100.04,4.42,22.67
2022-04-26,0.12,31.46,65.76,100.09,4.8,23.35
2022-04-27,0.07,31.65,65.2,100.07,5.15,23.21
2022-04-28,0.08,32.15,64.45,100.09,4.85,23.25
2022-04-29,0.07,32.55,60.92,100.07,4.31,22.35
2022-04-30,0.06,31.63,64.8,99.94,5.72,23.2
2022-05-01,1.38,31.14,67.64,99.91,5.5,23.51
2022-05-02,1.85,31.79,62.59,99.93,4.64,22.64
2022-05-03,6.31,30.68,71.72,100.04,5.64,24.53
2022-05-04,10.27,30.29,74.1,100.15,4.74,24.7
2022-05-05,9.02,30.78,70.76,100.09,3.05,24.19
2022-05-06,8.57,31.01,66.67,100.08,1.94,23.12
2022-05-07,0.21,31.38,62.32,100.03,2.96,22.42
2022-05-08,0.06,30.95,64.18,100.01,3.06,22.57
2022-05-09,1.61,30.01,70.53,99.91,4.71,23.78
2022-05-10,10.27,29.45,76.54,99.89,4.74,24.77
2022-05-11,3.42,29.89,72.39,99.93,4.65,24.21
2022-05-12,2.41,30.56,71.78,99.93,5.28,24.68
2022-05-13,0.3,30.86,69.56,99.76,6.41,24.28
2022-05-14,0.27,31.04,72.4,99.8,6.25,25.2
2022-05-15,0.37,30.51,76.67,99.96,6.13,25.77
2022-05-16,0.32,30.7,74.83,99.92,5.38,25.36
2022-05-17,0.06,30.36,77.3,99.86,5.47,25.68
2022-05-18,0.19,30.3,76.95,99.95,4.73,25.64
2022-05-19,0.2,31.08,72.61,100.02,5.62,25.16
2022-05-20,0.25,31.51,71.99,99.83,5.77,25.32
2022-05-21,5.41,31.47,73.07,99.5,6.29,25.55
2022-05-22,16.16,30.76,74.96,99.38,3.72,25.35
2022-05-23,5.26,32.28,65.8,99.39,2.44,24.02
2022-05-24,5.74,31.47,67.18,99.8,2.08,23.87
2022-05-25,2.42,31.95,62.87,99.93,2.47,23.08
2022-05-26,0.63,32.1,59.61,99.87,3.46,21.6
2022-05-27,0.64,33.12,57.55,99.67,3.6,22.61
2022-05-28,0.55,33.61,54.55,99.55,3.16,22.19
2022-05-29,1.06,33.84,56.54,99.55,3.28,22.75
2022-05-30,3.49,32.42,66.17,99.57,2.73,24.74
2022-05-31,0.93,32.06,67.1,99.51,3.46,24.81
2022-06-01,1.74,30.96,71.25,99.6,4.73,24.91
2022-06-02,0.84,31.04,73.72,99.64,3.98,25.46
2022-06-03,1.55,30.74,78.7,99.6,4.31,26.43
2022-06-04,1.81,30.46,77.93,99.7,4.93,26.01
2022-06-05,1.7,30.64,75.62,99.81,4.22,25.5
2022-06-06,0.99,30.68,71.79,99.73,4.42,24.42
2022-06-07,0.17,31.0,73.45,99.65,4.84,25.26
2022-06-08,0.6,31.25,75.66,99.54,4.57,26.11
2022-06-09,0.42,31.17,75.28,99.56,6.3,26.13
2022-06-10,0.62,30.95,73.56,99.64,4.27,25.45
2022-06-11,1.31,31.34,68.87,99.76,4.92,24.51
2022-06-12,0.99,31.5,67.09,99.81,3.87,24.36
2022-06-13,0.51,30.59,74.85,99.97,3.53,25.34
2022-06-14,1.44,30.73,75.96,99.88,4.05,25.69
2022-06-15,3.21,30.35,78.5,99.94,3.77,25.97
2022-06-16,2.32,29.99,76.94,100.01,4.62,25.36
2022-06-17,2.09,29.9,76.17,100.07,5.35,25.11
2022-06-18,6.2,29.76,77.32,100.1,5.12,25.21
2022-06-19,4.86,29.38,78.59,100.04,4.54,25.14
2022-06-20,10.64,28.81,84.24,99.87,3.97,25.85
2022-06-21,5.34,29.21,77.46,99.69,4.62,24.65
2022-06-22,1.97,29.12,73.86,99.88,3.25,23.8
2022-06-23,4.21,29.47,72.95,99.96,3.5,23.93
2022-06-24,3.37,29.04,76.24,99.85,4.38,24.32
2022-06-25,11.12,28.8,80.86,99.62,4.32,25.08
2022-06-26,0.6,29.62,75.34,99.78,3.72,24.48
2022-06-27,0.79,29.97,73.59,99.95,3.43,24.49
2022-06-28,1.7,30.17,73.6,99.81,3.06,24.75
2022-06-29,2.92,30.26,74.84,99.65,4.1,25.16
2022-06-30,3.12,29.89,78.65,99.58,4.75,25.72
2022-07-01,11.36,29.23,80.38,99.6,3.43,25.4
2022-07-02,7.25,29.24,81.67,99.46,1.97,25.7
2022-07-03,21.18,28.36,85.51,99.46,1.64,25.64
2022-07-04,7.45,28.19,86.18,99.41,2.46,25.63
2022-07-05,27.37,27.93,84.36,99.49,2.46,25.0
2022-07-06,6.5,28.93,82.15,99.65,3.38,25.47
2022-07-07,7.82,28.32,86.71,99.75,2.18,25.87
2022-07-08,9.76,28.49,86.49,99.57,3.12,25.99
2022-07-09,9.2,27.88,86.84,99.3,3.54,25.46
2022-07-10,7.64,28.37,85.41,99.15,3.67,25.61
2022-07-11,11.46,28.64,83.62,99.28,1.86,25.55
2022-07-12,9.1,29.18,82.67,99.1,2.22,25.86
2022-07-13,13.75,28.29,85.02,98.91,4.18,25.51
2022-07-14,12.02,28.33,82.97,98.99,2.45,25.1
2022-07-15,14.4,28.97,83.29,99.24,2.09,25.78
2022-07-16,30.69,28.94,86.46,99.41,1.8,26.41
2022-07-17,42.17,28.44,86.66,99.54,4.91,25.96
2022-07-18,9.73,28.7,84.77,99.74,5.63,25.84
2022-07-19,9.08,29.13,78.09,99.83,3.68,24.69
2022-07-20,16.91,29.12,83.48,99.81,3.65,25.94
2022-07-21,4.86,28.5,87.22,99.77,3.72,26.14
2022-07-22,8.46,28.68,86.71,99.75,4.4,26.22
2022-07-23,8.51,28.56,86.94,99.7,4.13,26.15
2022-07-24,11.01,28.11,86.4,99.82,3.19,25.6
2022-07-25,7.27,27.83,87.69,100.1,3.65,25.6
2022-07-26,4.01,28.06,85.17,100.31,2.93,25.29
2022-07-27,1.04,28.22,83.15,100.29,2.29,25.03
2022-07-28,0.58,28.55,82.16,100.32,2.06,25.12
2022-07-29,3.68,28.9,82.98,100.22,2.53,25.65
2022-07-30,4.5,29.14,82.57,100.04,3.13,25.78
2022-07-31,3.86,29.11,85.01,99.85,3.48,26.28
2022-08-01,7.42,29.13,85.57,99.81,2.44,26.41
2022-08-02,7.57,29.41,83.71,99.76,2.16,26.26
2022-08-03,3.56,28.79,81.31,99.85,2.24,25.2
2022-08-04,7.96,28.27,82.44,99.82,2.32,24.94
2022-08-05,8.14,28.67,81.2,99.66,1.37,25.09
2022-08-06,21.56,28.62,84.58,99.43,1.53,25.72
2022-08-07,25.25,28.49,87.14,99.2,2.01,26.12
2022-08-08,19.84,28.03,84.48,99.07,1.63,25.14
2022-08-09,26.73,28.31,86.99,98.81,7.0,25.92
2022-08-10,21.19,28.17,85.82,99.15,5.78,25.53
2022-08-11,15.19,28.62,85.61,99.54,4.48,25.9
2022-08-12,18.64,28.13,87.5,99.68,3.32,25.85
2022-08-13,35.23,27.84,90.05,99.41,4.2,26.05
2022-08-14,40.26,27.28,89.71,99.29,6.53,25.45
2022-08-15,3.86,27.91,85.98,99.78,7.12,25.34
2022-08-16,1.01,28.68,83.51,100.16,2.84,25.5
2022-08-17,3.64,28.47,85.73,100.06,2.5,25.8
2022-08-18,12.99,28.23,89.4,99.77,3.15,26.32
2022-08-19,26.53,27.31,90.26,99.54,5.18,25.59
2022-08-20,1.89,27.41,90.32,99.41,5.54,25.7
2022-08-21,3.22,28.57,86.26,99.6,3.4,26.01
2022-08-22,2.2,28.4,85.89,99.71,2.82,25.71
2022-08-23,9.82,27.51,89.4,99.9,1.94,25.62
2022-08-24,7.63,27.19,88.77,100.05,2.83,25.16
2022-08-25,0.24,28.37,80.04,100.01,1.56,24.42
2022-08-26,0.14,28.67,80.87,99.91,2.18,24.94
2022-08-27,5.5,28.13,86.54,99.91,2.51,25.65
2022-08-28,3.47,27.98,86.91,100.05,2.05,25.58
2022-08-29,0.49,27.92,85.4,100.3,1.79,25.22
2022-08-30,0.24,28.13,83.81,100.37,1.27,25.1
2022-08-31,0.42,28.05,84.58,100.24,1.54,25.18
2022-09-01,0.23,28.33,84.44,100.29,2.37,25.42
2022-09-02,0.12,28.46,83.22,100.36,2.06,25.3
2022-09-03,2.34,28.67,84.52,100.16,2.8,25.77
2022-09-04,3.03,28.89,83.87,100.07,2.3,25.83
2022-09-05,1.52,28.73,82.94,100.1,2.03,25.46
2022-09-06,1.47,28.74,84.85,100.13,1.73,25.88
2022-09-07,7.6,28.48,85.03,100.18,1.33,25.68
2022-09-08,40.55,28.14,89.08,100.09,3.6,26.17
2022-09-09,13.84,28.42,87.93,100.01,4.58,26.22
2022-09-10,19.9,27.65,89.76,99.81,3.81,25.83
2022-09-11,34.06,28.06,89.67,99.62,5.42,26.22
2022-09-12,11.57,28.21,86.8,99.72,6.92,25.8
2022-09-13,11.38,28.26,87.98,100.07,6.14,26.09
2022-09-14,6.3,27.78,89.07,100.31,4.49,25.82
2022-09-15,1.19,28.08,88.2,100.22,3.13,25.91
2022-09-16,0.96,27.62,90.1,99.97,3.52,25.85
2022-09-17,3.17,27.92,88.04,99.94,2.46,25.74
2022-09-18,18.27,27.7,87.26,99.97,2.08,25.37
2022-09-19,12.89,27.65,88.16,99.82,2.97,25.48
2022-09-20,14.42,27.55,85.0,99.75,2.37,24.74
2022-09-21,6.74,27.7,87.12,99.93,4.29,25.36
2022-09-22,4.75,27.9,87.78,100.01,2.62,25.67
2022-09-23,4.13,28.13,84.52,100.11,2.23,25.22
2022-09-24,4.9,28.55,80.67,100.12,1.42,24.84
2022-09-25,5.98,27.67,82.81,100.18,1.56,24.45
2022-09-26,3.4,27.78,83.63,100.27,1.46,24.72
2022-09-27,1.94,27.82,83.25,100.16,1.39,24.69
2022-09-28,0.95,27.95,83.94,100.05,1.42,24.96
2022-09-29,5.02,28.02,85.65,100.01,2.37,25.36
2022-09-30,1.6,27.9,84.37,100.03,2.64,24.98
2022-10-01,2.27,27.88,83.63,99.99,2.16,24.79
2022-10-02,6.68,28.03,84.54,99.84,1.57,25.15
2022-10-03,21.47,27.86,86.27,99.92,1.94,25.3
2022-10-04,47.59,28.27,90.19,100.08,3.84,26.52
2022-10-05,15.1,28.25,86.28,100.29,4.6,25.73
2022-10-06,21.02,27.26,87.43,100.43,3.33,24.98
2022-10-07,12.96,27.06,88.34,100.49,2.65,24.96
2022-10-08,6.73,27.14,87.16,100.55,2.42,24.81
2022-10-09,7.85,26.99,88.99,100.66,2.77,25.01
2022-10-10,10.23,26.89,88.84,100.77,1.84,24.89
2022-10-11,1.68,26.82,86.84,100.65,1.83,24.42
2022-10-12,8.6,27.03,85.58,100.61,1.71,24.37
2022-10-13,6.95,26.75,84.24,100.58,1.07,23.86
2022-10-14,8.32,26.96,86.56,100.52,2.43,24.51
2022-10-15,2.82,27.25,86.13,100.5,2.06,24.69
2022-10-16,1.68,27.66,82.27,100.71,1.66,24.33
2022-10-17,3.02,27.42,83.98,100.75,1.82,24.43
2022-10-18,0.31,27.29,81.33,100.66,1.79,23.78
2022-10-19,0.11,26.84,78.85,100.64,1.84,22.82
2022-10-20,0.14,26.32,83.11,100.76,2.95,23.19
2022-10-21,0.0,25.33,77.66,100.9,3.34,21.03
2022-10-22,0.0,25.17,80.1,100.89,3.47,21.39
2022-10-23,0.06,25.13,85.39,100.57,4.63,22.41
2022-10-24,0.27,25.02,84.95,100.13,4.98,22.22
2022-10-25,0.0,25.96,77.7,100.52,2.05,21.52
2022-10-26,0.0,26.2,70.29,100.86,1.15,20.23
2022-10-27,0.0,25.18,65.76,100.87,1.46,18.16
2022-10-28,0.0,24.91,66.24,100.81,1.58,18.12
2022-10-29,0.0,24.35,69.9,100.82,2.02,18.42
2022-10-30,0.0,23.21,70.19,100.82,2.27,17.27
2022-10-31,0.0,24.37,75.18,100.83,1.96,19.61
2022-11-01,0.0,25.27,78.79,100.89,1.72,21.25
2022-11-02,0.0,26.01,78.87,100.77,1.57,21.99
2022-11-03,0.0,25.73,79.05,100.78,1.13,21.79
2022-11-04,0.0,24.48,71.04,100.94,1.82,18.62
2022-11-05,0.0,24.4,66.47,101.08,1.27,17.69
2022-11-06,0.0,24.7,69.78,101.1,0.83,18.76
2022-11-07,0.0,24.59,70.53,101.04,0.93,18.8
2022-11-08,0.0,24.83,68.4,101.01,0.85,18.56
2022-11-09,0.0,24.53,70.5,101.04,1.51,18.76
2022-11-10,0.0,23.99,71.6,101.03,2.12,18.44
2022-11-11,0.0,23.69,73.26,101.0,2.25,18.5
2022-11-12,0.0,23.39,74.43,101.0,2.38,18.47
2022-11-13,0.0,22.8,71.14,100.99,2.16,17.12
2022-11-14,0.0,21.78,70.49,101.03,2.22,16.05
2022-11-15,0.0,21.1,72.17,100.97,2.43,15.67
2022-11-16,0.0,21.44,74.66,100.84,2.33,16.55
2022-11-17,0.0,21.75,75.95,100.81,2.68,17.1
2022-11-18,0.0,21.64,75.69,100.91,3.14,16.94
2022-11-19,0.0,20.7,74.55,100.92,3.42,15.72
2022-11-20,0.0,20.85,74.27,100.79,2.72,15.93
2022-11-21,0.0,22.6,75.38,100.72,2.47,17.9
2022-11-22,0.0,23.32,73.62,100.76,2.13,18.19
2022-11-23,0.0,22.46,74.67,100.84,2.03,17.6
2022-11-24,0.0,21.51,74.69,100.85,2.04,16.64
2022-11-25,0.0,20.95,71.93,100.95,2.27,15.42
2022-11-26,0.0,20.37,67.98,100.8,1.87,13.91
2022-11-27,0.0,19.83,70.17,100.62,2.08,13.94
2022-11-28,0.0,20.2,74.64,100.69,2.22,15.38
2022-11-29,0.0,21.75,75.77,100.8,2.5,17.07
2022-11-30,0.0,22.76,78.41,100.89,2.67,18.65
2022-12-01,0.0,23.46,76.67,100.87,1.9,18.96
2022-12-02,0.0,23.13,76.53,100.84,1.87,18.62
2022-12-03,0.0,22.3,76.04,100.89,1.95,17.71
2022-12-04,0.0,22.0,76.14,100.94,1.98,17.49
2022-12-05,0.0,21.34,75.17,101.03,2.23,16.55
2022-12-06,0.0,20.54,75.07,100.93,2.37,15.78
2022-12-07,0.0,19.37,72.9,100.9,2.54,14.16
2022-12-08,0.0,19.01,70.54,100.88,3.36,13.24
2022-12-09,0.75,19.33,74.69,100.86,3.19,14.48
2022-12-10,0.25,21.27,74.93,100.85,2.68,16.45
2022-12-11,0.12,22.17,72.78,100.92,2.05,16.86
2022-12-12,0.0,22.24,71.07,100.87,1.56,16.48
2022-12-13,0.0,22.69,70.85,100.9,1.28,16.96
2022-12-14,0.0,22.48,74.0,100.93,2.2,17.31
2022-12-15,0.0,23.22,74.11,100.83,1.32,18.12
2022-12-16,0.0,22.64,71.71,100.79,1.65,17.08
2022-12-17,0.0,21.32,67.48,100.92,1.82,14.7
2022-12-18,0.0,20.0,64.95,100.94,2.2,12.96
2022-12-19,0.0,19.76,64.94,100.84,1.89,12.7
2022-12-20,0.0,20.17,64.09,100.81,1.61,12.89
2022-12-21,0.0,20.7,69.62,100.85,1.63,14.73
2022-12-22,0.0,20.57,69.22,100.86,1.15,14.58
2022-12-23,0.0,20.91,68.04,100.84,2.05,14.51
2022-12-24,0.0,20.97,67.35,100.91,1.43,14.21
2022-12-25,0.0,22.47,68.0,100.96,1.22,15.86
2022-12-26,0.0,23.03,73.83,101.11,1.25,17.75
2022-12-27,0.0,24.17,79.92,101.07,1.7,20.25
2022-12-28,0.0,23.43,76.47,101.11,1.57,18.73
2022-12-29,0.0,22.39,73.18,101.31,1.83,16.98
2022-12-30,0.0,21.43,63.75,101.37,1.46,13.68
2022-12-31,0.0,21.45,63.16,101.27,1.33,13.83
2023-01-01,0.0,22.61,76.69,101.29,1.19,18.1
2023-01-02,0.0,21.97,78.97,101.35,2.08,17.96
2023-01-03,0.0,21.06,77.58,101.37,2.48,16.72
2023-01-04,0.01,20.39,75.29,101.37,2.9,15.63
2023-01-05,0.0,19.78,72.26,101.46,3.04,14.42
2023-01-06,0.0,19.25,69.52,101.5,2.8,13.08
2023-01-07,0.0,17.57,56.45,101.38,2.75,7.84
2023-01-08,0.0,18.01,56.05,101.25,2.37,8.39
2023-01-09,0.0,19.07,63.65,101.33,2.33,11.49
2023-01-10,0.0,20.17,58.2,101.22,1.66,10.9
2023-01-11,0.0,19.86,59.37,101.01,1.76,11.17
2023-01-12,0.0,20.88,66.84,100.87,1.51,14.03
2023-01-13,0.0,22.15,78.18,100.89,2.11,17.68
2023-01-14,0.0,22.7,69.85,100.86,1.61,15.98
2023-01-15,0.0,22.24,65.27,100.83,1.48,14.62
2023-01-16,0.0,21.92,74.05,100.93,1.57,16.59
2023-01-17,0.01,22.65,78.18,101.01,1.42,18.42
2023-01-18,0.04,23.15,78.09,101.15,1.36,18.89
2023-01-19,0.01,22.48,78.78,101.21,1.99,18.4
2023-01-20,0.0,22.0,76.54,101.16,1.69,17.29
2023-01-21,0.0,22.81,71.66,101.06,1.47,16.89
2023-01-22,0.0,23.04,66.88,101.0,1.12,15.89
2023-01-23,0.0,23.36,63.1,100.95,1.36,15.08
2023-01-24,0.0,23.11,61.14,100.96,1.49,14.16
2023-01-25,0.0,23.37,62.9,100.96,1.51,15.17
2023-01-26,0.0,23.93,62.04,100.9,1.31,15.15
2023-01-27,0.0,23.93,63.18,100.92,1.8,15.65
2023-01-28,0.0,23.86,68.62,100.88,2.13,17.26
2023-01-29,0.0,23.37,72.38,100.9,2.86,17.54
2023-01-30,0.0,23.23,64.41,101.04,2.59,14.78
2023-01-31,0.0,23.57,55.14,100.89,1.77,12.97
2023-02-01,0.0,24.12,55.62,100.89,1.85,14.22
2023-02-02,0.0,22.97,54.94,100.95,2.42,12.45
2023-02-03,0.0,21.83,44.64,100.96,2.06,7.61
2023-02-04,0.0,21.41,45.03,100.84,2.36,7.42
2023-02-05,0.0,22.6,46.38,100.77,1.98,9.18
2023-02-06,0.0,23.43,48.58,100.79,1.23,10.63
2023-02-07,0.0,23.63,56.33,100.72,2.02,12.93
2023-02-08,0.0,24.25,62.06,100.75,1.96,14.89
2023-02-09,0.0,23.51,53.32,100.8,2.08,12.59
2023-02-10,0.0,24.8,54.98,100.88,1.59,13.83
2023-02-11,0.0,25.48,54.19,100.82,2.24,13.49
2023-02-12,0.0,25.07,46.15,100.85,3.12,11.1
2023-02-13,0.0,23.14,36.38,100.99,2.98,5.76
2023-02-14,0.0,22.65,38.37,100.93,2.35,6.16
2023-02-15,0.0,23.23,39.35,100.74,2.26,7.51
2023-02-16,0.0,24.02,54.84,100.79,2.11,12.82
2023-02-17,0.01,24.63,72.73,100.96,3.05,18.98
2023-02-18,0.0,24.7,70.33,101.0,2.44,18.6
2023-02-19,0.0,25.62,65.3,100.94,1.81,18.2
2023-02-20,0.0,26.13,68.01,100.84,2.21,19.13
2023-02-21,0.0,26.89,60.68,100.81,2.13,16.6
2023-02-22,0.0,26.54,65.3,100.76,3.12,17.98
2023-02-23,0.0,26.88,67.09,100.77,3.74,18.87
2023-02-24,0.0,27.04,63.64,100.85,1.96,17.94
2023-02-25,0.0,26.79,66.02,101.09,2.13,19.07
2023-02-26,0.0,26.84,64.96,101.23,2.09,18.92
2023-02-27,0.0,27.04,59.28,101.19,2.42,17.55
2023-02-28,0.0,27.11,52.6,101.22,2.46,15.66
2023-03-01,0.0,27.33,51.98,101.21,1.92,15.53
2023-03-02,0.0,27.79,51.76,101.21,1.76,15.94
2023-03-03,0.0,28.31,52.28,101.24,1.53,16.3
2023-03-04,0.0,28.64,48.34,101.19,1.67,14.44
2023-03-05,0.0,28.46,50.97,101.12,1.84,15.26
2023-03-06,0.0,28.26,50.3,101.0,1.94,15.4
2023-03-07,0.0,28.18,56.6,101.0,2.03,17.47
2023-03-08,0.0,28.01,56.35,101.04,1.65,17.49
2023-03-09,0.0,28.05,52.06,100.99,1.87,16.57
2023-03-10,0.0,28.45,53.29,100.94,1.72,17.12
2023-03-11,0.01,28.57,54.67,100.94,1.76,17.51
2023-03-12,0.0,28.84,53.56,100.9,1.57,17.09
2023-03-13,0.0,29.06,53.2,100.76,1.88,16.94
2023-03-14,0.0,28.3,57.43,100.6,3.25,17.9
2023-03-15,0.04,28.47,59.08,100.51,3.75,18.51
2023-03-16,0.17,27.69,65.58,100.68,4.56,19.98
2023-03-17,1.13,27.71,61.46,100.75,2.38,18.89
2023-03-18,6.68,26.99,66.4,100.7,2.83,19.8
2023-03-19,18.86,23.75,79.26,100.62,3.01,19.9
2023-03-20,4.09,24.55,72.8,100.47,3.8,19.07
2023-03-21,7.29,26.54,73.86,100.48,2.78,20.99
2023-03-22,7.28,27.09,68.29,100.46,1.54,20.09
2023-03-23,0.95,28.1,59.51,100.41,2.02,18.69
2023-03-24,1.8,28.66,61.98,100.5,2.3,19.74
2023-03-25,0.83,28.94,67.82,100.62,3.11,21.6
2023-03-26,0.3,29.47,65.17,100.47,3.65,21.43
2023-03-27,2.38,29.72,64.29,100.43,3.06,21.4
2023-03-28,2.95,29.49,65.47,100.5,2.97,21.64
2023-03-29,4.21,29.2,69.08,100.58,4.34,22.41
2023-03-30,2.08,29.31,67.85,100.45,4.47,21.99
2023-03-31,13.23,28.36,73.35,100.44,3.99,22.76
2023-04-01,19.79,27.66,76.34,100.45,3.99,22.87
2023-04-02,5.8,28.41,69.82,100.35,3.8,21.63
2023-04-03,2.69,28.98,64.57,100.37,2.67,20.44
2023-04-04,1.85,29.33,69.48,100.41,4.53,22.39
2023-04-05,1.55,30.24,63.94,100.35,2.93,21.66
2023-04-06,3.58,30.42,58.51,100.53,1.98,19.98
2023-04-07,3.46,30.19,60.85,100.74,1.39,20.68
2023-04-08,0.24,30.32,57.43,100.87,2.12,19.9
2023-04-09,0.1,30.74,51.48,100.83,2.14,18.44
2023-04-10,0.15,31.26,53.19,100.62,2.47,19.17
2023-04-11,0.04,32.03,50.08,100.58,2.24,18.64
2023-04-12,0.03,32.03,48.15,100.49,2.23,16.96
2023-04-13,0.0,31.8,47.91,100.42,2.09,16.91
2023-04-14,0.01,31.82,54.93,100.35,2.55,19.58
2023-04-15,0.12,32.32,56.25,100.25,2.32,20.88
2023-04-16,0.07,32.49,55.64,100.16,2.14,20.81
2023-04-17,0.0,32.41,58.03,100.26,2.66,21.36
2023-04-18,0.0,32.69,57.51,100.31,2.92,21.15
2023-04-19,0.0,32.82,55.54,100.06,3.17,20.66
2023-04-20,0.01,32.78,54.98,99.85,3.83,20.64
2023-04-21,0.09,32.78,49.3,99.95,3.8,19.21
2023-04-22,1.78,31.46,56.61,100.05,3.68,20.82
2023-04-23,5.76,30.11,59.26,100.29,2.42,20.64
2023-04-24,0.59,29.57,62.85,100.56,3.06,21.22
2023-04-25,1.56,29.76,62.26,100.6,1.76,21.18
2023-04-26,0.4,30.64,58.12,100.44,2.61,20.78
2023-04-27,0.42,31.3,58.52,100.43,3.33,21.41
2023-04-28,3.06,31.48,59.92,100.46,2.96,21.86
2023-04-29,3.37,31.39,58.75,100.4,2.82,21.37
2023-04-30,1.19,32.0,54.08,100.28,2.72,20.63
2023-05-01,2.11,29.82,55.33,100.44,2.6,19.25
2023-05-02,0.12,29.55,57.38,100.53,3.07,19.9
2023-05-03,3.23,29.81,64.93,100.6,3.48,22.13
2023-05-04,2.68,29.4,66.05,100.49,3.17,22.01
2023-05-05,4.91,30.31,66.67,100.22,3.52,22.86
2023-05-06,2.43,31.46,62.26,100.08,3.37,22.43
2023-05-07,0.36,32.42,57.07,100.05,3.13,21.23
2023-05-08,0.24,32.61,59.68,100.04,3.21,22.53
2023-05-09,0.11,33.16,58.21,100.1,3.22,22.73
2023-05-10,0.11,32.88,58.35,100.11,3.57,22.65
2023-05-11,0.12,32.39,58.99,100.21,3.21,22.36
2023-05-12,0.09,31.37,63.83,100.13,3.09,22.88
2023-05-13,0.19,31.67,62.47,99.95,4.31,22.64
2023-05-14,0.13,33.19,54.29,99.65,2.85,21.17
2023-05-15,0.26,32.96,62.33,99.77,4.8,23.69
2023-05-16,2.77,32.83,66.13,100.04,5.18,24.86
2023-05-17,3.3,32.46,66.01,100.25,6.04,24.81
2023-05-18,2.04,32.42,66.05,100.35,5.54,24.73
2023-05-19,2.14,31.65,70.67,100.21,5.37,25.35
2023-05-20,1.43,32.02,66.27,100.2,4.79,24.23
2023-05-21,0.98,31.95,67.22,100.28,5.12,24.52
2023-05-22,0.91,31.82,66.26,100.28,5.57,24.17
2023-05-23,1.34,32.68,61.21,100.24,4.84,23.06
2023-05-24,1.05,33.23,60.24,100.09,4.73,23.27
2023-05-25,4.83,32.32,67.33,100.07,5.12,24.89
2023-05-26,4.04,32.15,67.4,100.13,4.97,24.47
2023-05-27,4.84,32.64,62.72,100.05,2.73,23.29
2023-05-28,0.88,32.35,56.96,100.18,2.32,21.59
2023-05-29,0.22,32.31,57.18,100.31,3.07,21.77
2023-05-30,3.42,31.75,65.26,100.27,3.5,23.9
2023-05-31,1.45,32.53,63.07,100.07,2.49,24.06
2023-06-01,0.52,32.46,64.27,100.0,3.37,24.4
2023-06-02,0.78,32.69,63.35,99.98,4.04,24.22
2023-06-03,0.85,32.6,64.71,100.0,4.1,24.46
2023-06-04,0.95,32.19,66.82,100.02,4.08,24.82
2023-06-05,0.55,32.4,63.39,99.9,2.68,24.1
2023-06-06,0.37,32.9,59.38,99.81,2.91,23.3
2023-06-07,2.09,33.01,61.96,99.77,3.8,24.17
2023-06-08,2.12,32.81,63.42,99.71,3.55,24.46
2023-06-09,2.64,31.45,72.0,99.63,5.28,25.67
2023-06-10,2.29,32.14,68.03,99.5,5.0,25.25
2023-06-11,3.01,32.47,68.77,99.45,4.83,25.59
2023-06-12,12.13,32.24,69.2,99.47,3.44,25.58
2023-06-13,7.31,31.32,74.12,99.53,4.21,25.84
2023-06-14,2.15,32.79,66.05,99.61,4.2,25.06
2023-06-15,0.95,33.29,60.76,99.65,5.36,23.85
2023-06-16,1.08,33.16,66.2,99.64,4.06,25.42
2023-06-17,1.56,32.37,70.18,99.76,4.48,25.96
2023-06-18,6.55,31.47,75.15,99.82,3.63,26.34
2023-06-19,6.66,30.04,80.72,99.86,2.54,26.31
2023-06-20,2.35,30.85,75.63,99.82,3.53,25.77
2023-06-21,1.42,30.39,78.25,99.89,4.46,26.06
2023-06-22,19.86,30.39,74.37,99.92,3.89,25.08
2023-06-23,14.46,29.05,81.4,99.85,2.08,25.5
2023-06-24,19.45,28.87,80.59,99.72,2.77,25.11
2023-06-25,44.07,28.01,86.17,99.63,3.87,25.47
2023-06-26,8.55,28.43,82.43,99.61,5.0,25.08
2023-06-27,2.39,29.22,75.69,99.66,5.62,24.31
2023-06-28,2.6,29.48,79.51,99.93,5.7,25.4
2023-06-29,1.53,29.25,82.29,100.01,4.91,25.83
2023-06-30,0.48,29.75,81.09,99.95,3.87,26.02
2023-07-01,0.51,30.35,76.65,99.96,2.51,25.53
2023-07-02,1.64,29.6,81.37,99.9,1.91,25.98
2023-07-03,1.46,29.41,81.83,99.87,2.39,25.91
2023-07-04,2.23,30.14,76.43,99.73,2.42,25.37
2023-07-05,7.8,29.44,78.4,99.57,2.1,25.14
2023-07-06,8.78,28.93,80.4,99.66,3.48,25.11
2023-07-07,4.3,29.26,79.07,99.88,4.61,25.19
2023-07-08,1.34,29.24,79.85,100.06,4.09,25.3
2023-07-09,1.66,30.25,76.33,100.01,3.1,25.36
2023-07-10,3.83,29.6,79.96,100.01,2.89,25.65
2023-07-11,5.53,29.46,75.77,100.0,3.98,24.48
2023-07-12,12.62,29.03,79.54,99.94,2.74,25.03
2023-07-13,5.14,29.16,78.72,99.94,3.45,24.97
2023-07-14,15.63,28.6,83.4,99.99,3.85,25.47
2023-07-15,51.61,27.77,90.31,99.89,3.62,26.05
2023-07-16,9.63,29.11,82.54,99.64,3.27,25.69
2023-07-17,10.46,28.74,83.76,99.5,3.35,25.65
2023-07-18,3.07,28.55,84.09,99.38,3.25,25.55
2023-07-19,3.5,28.83,85.12,99.15,3.35,26.02
2023-07-20,8.39,29.24,84.91,99.19,3.82,26.37
2023-07-21,7.27,28.85,85.5,99.5,3.48,26.14
2023-07-22,11.6,28.95,84.85,99.76,3.59,26.1
2023-07-23,5.89,29.01,84.58,99.87,2.85,26.09
2023-07-24,4.56,28.72,87.11,99.68,3.51,26.33
2023-07-25,9.36,29.45,83.64,99.57,5.45,26.28
2023-07-26,14.3,29.44,84.85,99.46,4.87,26.56
2023-07-27,9.93,29.34,85.05,99.49,6.46,26.54
2023-07-28,5.64,30.09,85.2,99.33,4.94,27.27
2023-07-29,8.13,30.1,86.1,99.4,3.29,27.48
2023-07-30,4.27,29.05,86.14,99.39,5.04,26.47
2023-07-31,43.31,28.24,89.14,99.37,5.02,26.29
2023-08-01,83.97,28.19,91.1,99.23,4.17,26.62
2023-08-02,26.47,27.66,86.16,99.27,6.38,25.13
2023-08-03,1.99,28.99,84.41,99.47,5.78,26.03
2023-08-04,1.89,28.69,84.14,99.86,4.26,25.66
2023-08-05,5.42,29.13,84.97,100.05,4.11,26.27
2023-08-06,4.49,29.06,86.27,99.9,4.28,26.46
2023-08-07,1.55,28.79,84.4,99.71,3.94,25.81
2023-08-08,0.53,28.85,81.56,99.82,3.67,25.26
2023-08-09,0.55,29.08,80.61,100.06,2.79,25.26
2023-08-10,0.92,28.99,80.72,100.17,2.69,25.24
2023-08-11,1.33,29.07,80.87,100.12,2.33,25.34
2023-08-12,7.07,28.78,83.5,100.02,2.51,25.65
2023-08-13,13.53,28.71,82.46,100.04,1.82,25.37
2023-08-14,5.13,28.55,82.11,100.12,2.29,25.14
2023-08-15,1.82,28.84,79.94,100.1,2.6,24.9
2023-08-16,3.41,29.07,80.93,100.09,2.55,25.38
2023-08-17,31.74,28.06,88.53,99.96,2.75,25.99
2023-08-18,28.56,27.51,87.52,99.66,3.91,25.25
2023-08-19,2.94,28.5,85.56,99.76,4.96,25.8
2023-08-20,2.92,28.72,83.59,99.93,4.37,25.63
2023-08-21,4.02,28.85,84.78,99.94,3.22,25.98
2023-08-22,3.5,28.66,87.91,100.0,2.91,26.45
2023-08-23,6.3,28.26,89.79,99.97,3.28,26.42
2023-08-24,10.41,28.47,87.31,99.82,2.68,26.12
2023-08-25,4.06,28.25,85.62,99.96,3.3,25.54
2023-08-26,7.86,28.03,87.61,100.04,3.22,25.74
2023-08-27,1.29,28.77,83.75,99.97,3.27,25.63
2023-08-28,0.42,28.79,82.07,99.97,2.81,25.3
2023-08-29,1.11,28.61,81.49,100.0,3.08,25.02
2023-08-30,0.73,28.63,78.58,100.12,2.34,24.4
2023-08-31,0.33,29.04,79.54,100.16,1.67,25.08
2023-09-01,1.72,28.86,82.67,100.17,1.9,25.55
2023-09-02,32.02,28.57,86.79,100.07,2.49,26.14
2023-09-03,3.19,28.14,88.35,99.83,2.09,26.02
2023-09-04,13.93,27.76,84.62,99.64,1.45,24.88
2023-09-05,22.54,27.65,86.79,99.63,1.55,25.25
2023-09-06,4.34,27.75,85.83,99.7,1.42,25.14
2023-09-07,25.56,27.84,87.38,99.77,3.46,25.56
2023-09-08,7.42,28.5,84.61,99.95,4.68,25.61
2023-09-09,2.66,28.23,86.99,100.0,3.75,25.85
2023-09-10,0.3,28.7,86.03,99.85,3.22,26.1
2023-09-11,2.46,28.65,87.31,99.75,1.95,26.3
2023-09-12,10.06,28.56,85.33,99.78,1.22,25.83
2023-09-13,10.76,28.25,86.39,99.67,1.65,25.71
2023-09-14,93.11,28.12,89.48,99.4,5.19,26.22
2023-09-15,3.33,28.36,87.3,99.86,3.75,26.03
2023-09-16,4.25,28.41,83.5,100.06,2.25,25.27
2023-09-17,11.01,28.38,83.41,99.97,2.53,25.23
2023-09-18,7.31,28.95,83.07,99.91,2.31,25.68
2023-09-19,10.13,28.02,87.5,99.97,2.47,25.73
2023-09-20,41.72,27.62,91.62,99.91,2.98,26.14
2023-09-21,5.9,27.96,86.9,100.1,4.58,25.56
2023-09-22,4.83,28.18,87.74,100.16,4.5,25.94
2023-09-23,5.23,28.4,86.49,100.23,3.51,25.89
2023-09-24,4.72,28.04,88.33,100.19,2.64,25.91
2023-09-25,1.43,28.22,85.71,100.16,1.55,25.55
2023-09-26,0.76,28.24,85.64,100.19,1.64,25.57
2023-09-27,0.49,28.66,83.05,100.16,1.05,25.42
2023-09-28,1.13,28.9,83.78,100.08,1.62,25.8
2023-09-29,2.69,28.73,84.92,100.07,1.77,25.9
2023-09-30,10.73,27.88,84.98,100.02,2.58,25.09
2023-10-01,16.02,28.04,86.32,99.9,3.94,25.51
2023-10-02,7.08,27.65,88.56,99.97,3.08,25.58
2023-10-03,15.85,28.18,90.43,99.92,4.81,26.47
2023-10-04,2.66,28.31,85.35,100.03,3.72,25.56
2023-10-05,0.12,26.93,77.69,100.16,2.62,22.55
2023-10-06,0.05,27.26,78.03,100.17,2.27,23.01
2023-10-07,0.33,28.32,79.97,100.27,1.65,24.46
2023-10-08,1.15,28.28,82.59,100.45,1.75,24.95
2023-10-09,0.0,28.05,78.7,100.59,2.05,23.87
2023-10-10,0.0,28.26,77.35,100.62,2.27,23.8
2023-10-11,0.0,28.12,77.52,100.6,2.21,23.72
2023-10-12,0.0,28.09,73.95,100.76,1.8,22.81
2023-10-13,0.03,28.46,68.29,100.87,1.12,21.96
2023-10-14,0.1,27.98,71.46,100.82,1.66,22.22
2023-10-15,0.0,26.76,71.3,100.69,2.14,20.98
2023-10-16,0.03,27.42,69.83,100.74,1.81,21.29
2023-10-17,0.01,26.89,74.22,100.79,1.99,21.85
2023-10-18,0.04,26.64,78.34,100.86,2.2,22.48
2023-10-19,0.08,26.41,81.42,100.9,2.47,22.89
2023-10-20,0.0,25.85,79.65,100.96,2.91,21.96
2023-10-21,0.0,25.22,78.79,101.01,2.91,21.16
2023-10-22,0.53,24.41,80.35,100.96,3.52,20.72
2023-10-23,14.41,25.21,88.26,100.68,4.88,23.09
2023-10-24,1.02,26.37,83.54,100.62,3.58,23.24
2023-10-25,0.14,26.31,80.76,100.85,2.08,22.65
2023-10-26,0.04,25.13,76.64,100.91,2.37,20.6
2023-10-27,0.04,24.59,76.14,100.89,2.25,20.0
2023-10-28,0.01,23.91,73.42,100.95,2.35,18.67
2023-10-29,0.0,23.79,71.3,100.93,2.33,18.1
2023-10-30,0.0,24.04,75.81,100.94,2.21,19.37
2023-10-31,0.0,24.39,76.9,101.0,2.35,19.93
2023-11-01,0.0,25.1,80.01,101.03,2.68,21.32
2023-11-02,1.67,25.87,83.24,100.9,2.17,22.7
2023-11-03,2.08,26.48,81.62,100.73,1.68,22.97
2023-11-04,3.02,26.9,79.38,100.73,0.99,22.95
2023-11-05,2.39,26.26,81.42,100.9,1.84,22.74
2023-11-06,0.52,25.53,79.1,101.04,2.73,21.51
2023-11-07,0.0,24.68,67.93,101.01,2.1,18.14
2023-11-08,0.0,23.45,70.87,100.97,2.49,17.66
2023-11-09,0.0,22.84,70.21,101.01,2.36,16.97
2023-11-10,0.0,23.68,72.96,101.1,2.27,18.32
2023-11-11,0.0,23.16,75.64,101.13,2.37,18.44
2023-11-12,0.0,23.86,78.21,101.15,2.46,19.64
2023-11-13,0.0,23.34,78.37,101.17,2.81,19.18
2023-11-14,0.0,22.66,75.24,101.11,2.93,17.84
2023-11-15,0.01,22.58,78.5,101.04,3.69,18.57
2023-11-16,0.61,22.46,88.31,100.79,7.25,20.37
2023-11-17,0.39,24.28,84.47,100.82,4.86,21.41
2023-11-18,0.05,24.79,83.56,101.0,2.42,21.7
2023-11-19,0.01,24.12,81.86,101.09,2.76,20.67
2023-11-20,1.57,23.14,80.94,101.14,3.05,19.59
2023-11-21,0.3,23.15,77.64,101.05,2.11,18.94
2023-11-22,0.02,22.93,75.76,100.96,2.42,18.28
2023-11-23,0.0,22.35,73.49,100.92,2.24,17.2
2023-11-24,0.0,22.39,73.04,101.0,2.44,17.18
2023-11-25,0.0,22.16,75.75,101.14,2.61,17.52
2023-11-26,0.0,22.18,74.41,101.21,2.66,17.23
2023-11-27,0.0,22.01,78.31,101.1,2.18,17.97
2023-11-28,0.0,22.49,73.98,100.97,1.95,17.36
2023-11-29,0.0,23.38,70.71,101.02,1.85,17.55
2023-11-30,0.0,23.33,76.19,101.07,2.33,18.73
2023-12-01,0.0,23.45,83.47,100.99,3.03,20.26
2023-12-02,0.03,23.19,81.66,101.01,3.34,19.69
2023-12-03,0.15,23.52,82.33,101.05,3.48,20.08
2023-12-04,0.29,23.75,82.9,100.92,3.18,20.54
2023-12-05,4.05,23.2,86.16,100.85,3.71,20.72
2023-12-06,16.07,22.61,90.15,100.93,4.99,20.89
2023-12-07,3.55,23.75,86.76,100.79,2.81,21.33
2023-12-08,0.1,23.37,86.25,100.83,1.91,20.87
2023-12-09,0.02,22.08,79.32,101.04,2.81,18.13
2023-12-10,0.0,20.7,73.64,100.99,2.42,15.53
2023-12-11,0.0,19.66,68.39,101.08,2.53,13.37
2023-12-12,0.0,19.21,64.77,100.98,2.05,12.02
2023-12-13,0.0,19.56,69.31,101.09,2.12,13.53
2023-12-14,0.0,19.51,74.25,101.23,2.42,14.51
2023-12-15,0.0,18.37,66.85,101.31,2.61,11.68
2023-12-16,0.0,17.81,65.02,101.19,2.45,10.68
2023-12-17,0.0,18.27,65.19,101.18,2.46,11.18
2023-12-18,0.0,18.36,64.24,101.28,2.36,11.14
2023-12-19,0.0,18.49,68.3,101.33,2.56,12.22
2023-12-20,0.0,17.61,66.2,101.31,2.67,10.85
2023-12-21,0.0,17.65,64.15,101.21,2.11,10.34
2023-12-22,0.0,18.62,64.46,101.18,1.89,11.47
2023-12-23,0.0,20.12,71.75,101.3,1.83,14.59
2023-12-24,0.0,20.49,74.93,101.44,1.86,15.58
2023-12-25,0.0,20.92,71.77,101.31,1.73,15.21
2023-12-26,0.0,21.53,72.2,101.33,1.26,15.92
2023-12-27,0.0,21.73,71.15,101.39,1.29,15.98
2023-12-28,0.0,20.72,69.67,101.3,1.2,14.6
2023-12-29,0.0,20.45,70.58,101.31,1.88,14.64
2023-12-30,0.0,20.47,69.88,101.22,1.91,14.45
2023-12-31,0.0,20.03,69.75,101.22,2.11,13.94
2024-01-01,0.0,20.16,70.35,101.2,1.88,14.17
2024-01-02,0.0,19.86,72.19,101.17,2.19,14.34
2024-01-03,0.0,19.86,70.27,101.14,2.55,13.73
2024-01-04,0.0,20.04,71.46,101.12,2.44,14.23
2024-01-05,0.0,20.66,75.6,101.14,2.46,15.67
2024-01-06,0.0,20.89,74.96,101.21,2.3,15.72
2024-01-07,0.0,20.79,72.86,101.28,2.57,15.17
2024-01-08,0.0,21.14,71.33,101.32,2.79,15.1
2024-01-09,0.0,21.42,69.87,101.26,2.19,15.12
2024-01-10,0.0,22.43,63.17,101.11,1.93,14.64
2024-01-11,0.0,22.38,69.91,101.17,2.13,16.38
2024-01-12,0.0,21.49,73.17,101.17,2.07,16.02
2024-01-13,0.0,20.47,59.48,101.17,1.87,11.32
2024-01-14,0.0,20.46,57.17,101.1,1.42,11.12
2024-01-15,0.0,20.73,66.76,101.04,1.44,13.87
2024-01-16,0.06,21.63,75.06,100.97,1.67,16.78
2024-01-17,0.25,21.56,77.67,100.95,1.79,17.29
2024-01-18,0.22,22.86,79.3,100.97,2.39,18.92
2024-01-19,0.3,22.4,79.53,101.09,2.26,18.44
2024-01-20,0.1,21.47,75.44,101.19,2.13,16.55
2024-01-21,3.01,22.4,79.68,101.13,1.07,18.6
2024-01-22,0.67,21.22,69.64,101.3,2.99,14.81
2024-01-23,0.28,21.13,65.73,101.22,2.15,14.18
2024-01-24,19.75,20.07,86.57,101.14,3.42,17.72
2024-01-25,0.88,19.5,75.76,101.36,3.45,14.78
2024-01-26,0.0,19.78,67.95,101.52,2.54,13.04
2024-01-27,0.0,19.64,56.39,101.49,1.98,9.98
2024-01-28,0.0,19.54,54.83,101.45,1.65,9.32
2024-01-29,0.0,20.85,57.47,101.32,1.09,11.52
2024-01-30,0.0,21.4,65.72,101.19,1.9,14.27
2024-01-31,0.0,22.41,74.42,101.13,2.19,17.12
2024-02-01,0.01,23.52,71.88,101.15,1.71,17.81
2024-02-02,0.34,24.05,70.63,101.11,1.33,17.92
2024-02-03,0.02,23.21,60.59,101.21,1.74,14.47
2024-02-04,0.0,22.5,53.34,101.33,1.72,11.68
2024-02-05,0.0,23.33,61.38,101.26,1.81,14.9
2024-02-06,0.0,24.92,74.64,101.19,2.73,19.43
2024-02-07,0.0,24.75,70.12,101.17,1.68,18.37
2024-02-08,0.0,23.17,55.64,101.19,2.12,12.64
2024-02-09,0.0,21.39,55.78,101.37,2.7,11.51
2024-02-10,0.0,21.4,51.3,101.46,1.87,9.91
2024-02-11,0.0,22.99,55.08,101.47,1.68,12.9
2024-02-12,0.72,24.02,59.92,101.42,1.25,15.21
2024-02-13,0.0,24.64,59.8,101.36,1.71,15.7
2024-02-14,0.0,24.94,62.93,101.2,1.78,16.77
2024-02-15,0.0,25.61,59.06,101.22,1.25,16.36
2024-02-16,0.02,25.93,56.07,101.26,1.37,15.79
2024-02-17,0.0,25.35,52.01,101.02,1.27,14.15
2024-02-18,0.01,25.29,54.93,100.95,1.18,15.2
2024-02-19,0.02,25.97,59.08,100.94,1.44,16.67
2024-02-20,0.0,26.95,58.91,100.76,2.22,17.08
2024-02-21,0.03,27.66,58.99,100.64,2.65,17.79
2024-02-22,0.2,27.94,66.06,100.6,4.81,20.21
2024-02-23,0.86,26.8,63.06,100.79,2.72,18.27
2024-02-24,3.1,25.38,71.82,100.96,2.65,19.48
2024-02-25,2.38,25.5,72.67,101.0,2.13,19.92
2024-02-26,0.2,25.41,69.06,101.11,3.0,18.68
2024-02-27,0.03,26.07,61.41,101.06,1.85,17.45
2024-02-28,1.44,26.68,63.06,100.89,1.01,18.68
2024-02-29,0.06,27.34,57.51,100.92,1.4,17.46
2024-03-01,0.39,26.53,48.71,100.99,1.67,13.39
2024-03-02,0.01,27.17,58.01,100.85,1.99,17.0
2024-03-03,0.0,27.58,64.76,100.78,3.04,19.4
2024-03-04,0.02,27.97,65.19,100.78,3.42,20.14
2024-03-05,0.22,28.54,60.94,100.81,1.57,19.38
2024-03-06,0.21,28.53,53.75,100.79,1.81,17.11
2024-03-07,2.38,28.24,64.71,100.75,1.67,20.47
2024-03-08,5.07,27.25,63.95,100.79,1.82,19.19
2024-03-09,1.21,27.17,62.43,100.9,1.41,18.64
2024-03-10,0.02,27.31,57.98,101.01,1.45,17.74
2024-03-11,0.09,27.8,61.45,101.04,1.89,19.23
2024-03-12,0.04,29.01,63.66,100.81,2.96,20.56
2024-03-13,0.79,29.41,69.54,100.68,3.55,22.28
2024-03-14,1.41,29.97,66.76,100.65,3.81,22.36
2024-03-15,0.26,29.49,56.56,100.69,2.14,18.09
2024-03-16,0.57,28.56,67.06,100.83,2.79,21.3
2024-03-17,0.51,29.76,60.49,100.82,1.55,20.32
2024-03-18,1.26,29.55,53.59,100.75,1.81,18.58
2024-03-19,14.42,28.15,65.65,100.8,1.39,20.64
2024-03-20,13.26,22.72,71.4,101.02,4.01,17.04
2024-03-21,0.43,24.81,49.63,100.86,2.06,12.42
2024-03-22,1.3,27.26,64.41,100.57,2.99,19.27
2024-03-23,0.4,28.19,65.83,100.5,2.73,19.81
2024-03-24,0.24,28.98,68.2,100.66,3.85,21.38
2024-03-25,0.77,29.45,63.68,100.66,3.91,20.58
2024-03-26,0.96,29.57,64.37,100.74,3.39,21.04
2024-03-27,0.01,29.91,58.57,100.88,2.79,19.73
2024-03-28,0.04,30.23,62.04,100.62,2.86,20.68
2024-03-29,0.03,30.65,65.03,100.48,4.09,22.18
2024-03-30,0.09,30.95,61.69,100.58,3.85,21.55
2024-03-31,0.17,31.42,59.27,100.62,2.96,21.34
2024-04-01,0.01,31.97,54.95,100.31,3.45,20.39
2024-04-02,0.0,31.88,61.02,100.18,3.44,22.07
2024-04-03,0.0,31.15,64.88,100.35,3.22,22.36
2024-04-04,0.0,31.33,64.96,100.35,3.23,22.7
2024-04-05,0.0,32.83,57.48,100.2,2.65,21.53
2024-04-06,0.22,32.63,56.25,100.18,2.95,21.04
2024-04-07,4.52,31.63,65.54,100.23,2.72,23.66
2024-04-08,4.28,30.4,58.54,100.65,2.87,20.41
2024-04-09,0.02,31.06,45.16,100.65,2.53,16.93
2024-04-10,0.06,31.27,49.14,100.61,1.98,17.59
2024-04-11,1.15,30.89,52.12,100.7,2.58,18.83
2024-04-12,0.08,31.09,45.26,100.68,2.25,17.13
2024-04-13,0.01,31.34,47.55,100.62,1.85,17.34
2024-04-14,0.01,32.08,49.7,100.61,1.99,19.1
2024-04-15,0.0,32.79,50.69,100.55,2.58,20.16
2024-04-16,0.01,33.19,55.35,100.35,3.8,21.77
2024-04-17,0.02,34.22,53.66,100.12,3.71,22.01
2024-04-18,0.07,34.42,46.61,100.04,2.41,18.75
2024-04-19,0.05,33.81,48.96,99.92,3.16,19.12
2024-04-20,0.0,33.72,55.68,99.95,4.43,21.69
2024-04-21,0.49,34.74,51.39,99.98,3.54,21.26
2024-04-22,0.59,34.46,48.89,100.15,3.94,20.88
2024-04-23,0.01,35.01,37.9,100.12,3.75,17.18
2024-04-24,0.62,34.21,48.39,100.11,2.91,20.19
2024-04-25,2.15,33.85,51.31,100.1,2.99,20.54
2024-04-26,0.19,33.6,55.55,100.08,3.63,21.73
2024-04-27,0.08,34.19,53.42,100.06,3.52,21.23
2024-04-28,0.1,34.39,53.43,100.11,3.89,21.83
2024-04-29,0.4,34.0,53.86,100.23,3.54,21.97
2024-04-30,0.0,34.84,50.71,99.89,3.82,21.29
2024-05-01,0.67,34.64,54.7,99.69,4.71,22.57
2024-05-02,2.01,33.55,59.93,99.74,4.65,23.15
2024-05-03,0.38,33.52,56.13,100.02,2.95,20.97
2024-05-04,0.3,32.56,64.39,100.08,4.3,23.78
2024-05-05,0.2,32.01,67.41,99.93,5.2,24.22
2024-05-06,3.18,32.43,68.59,100.01,6.02,24.93
2024-05-07,5.78,30.54,70.58,100.41,3.95,24.2
2024-05-08,1.26,30.87,64.55,100.41,3.4,22.86
2024-05-09,2.82,30.82,66.02,100.36,4.07,23.26
2024-05-10,1.99,31.11,64.43,100.4,4.34,23.16
2024-05-11,20.8,30.63,73.62,100.44,4.42,25.1
2024-05-12,23.99,30.39,75.98,100.45,3.23,25.28
2024-05-13,7.99,31.09,67.95,100.43,2.43,23.81
2024-05-14,3.37,30.59,67.2,100.47,2.14,23.45
2024-05-15,2.77,30.86,67.48,100.56,2.6,23.74
2024-05-16,1.48,30.88,62.89,100.56,2.88,22.53
2024-05-17,0.18,32.89,58.08,100.29,3.9,22.89
2024-05-18,0.93,32.17,63.68,100.13,3.68,23.87
2024-05-19,2.27,32.14,65.17,99.96,3.34,24.24
2024-05-20,3.84,32.22,67.31,99.98,3.74,24.85
2024-05-21,5.3,31.35,71.47,100.0,3.15,25.26
2024-05-22,0.52,31.72,65.82,99.99,2.58,23.93
2024-05-23,0.7,31.41,67.37,99.82,2.93,24.24
2024-05-24,4.53,30.99,71.21,99.62,4.4,24.91
2024-05-25,3.63,31.3,70.68,99.42,4.22,25.02
2024-05-26,9.07,32.6,65.64,99.1,2.84,24.88
2024-05-27,9.01,33.11,69.13,99.17,3.74,26.07
2024-05-28,1.59,33.1,72.17,99.26,5.49,26.57
2024-05-29,0.54,32.75,74.28,99.45,5.19,26.95
2024-05-30,0.61,31.84,76.94,99.66,5.52,26.94
2024-05-31,2.1,31.41,79.18,99.83,5.37,27.12
2024-06-01,5.27,30.86,80.45,99.96,4.53,26.96
2024-06-02,16.87,30.63,80.62,100.07,4.57,26.78
2024-06-03,25.89,30.33,79.3,100.06,3.62,26.09
2024-06-04,3.6,30.99,75.71,100.06,3.59,25.89
2024-06-05,1.08,31.41,75.17,100.05,3.23,26.19
2024-06-06,0.59,31.84,71.11,100.1,3.91,25.56
2024-06-07,1.51,30.8,75.73,100.01,5.16,25.82
2024-06-08,0.57,30.3,76.68,99.93,5.31,25.57
2024-06-09,0.32,31.66,70.13,99.8,4.01,25.03
2024-06-10,0.17,31.73,69.09,99.81,4.5,24.91
2024-06-11,0.06,30.68,73.96,99.83,4.32,25.16
2024-06-12,0.15,31.8,65.84,99.79,4.23,24.04
2024-06-13,1.64,32.0,67.56,99.74,4.97,24.88
2024-06-14,5.79,28.98,81.45,99.82,4.49,25.47
2024-06-15,1.46,30.03,74.3,99.75,3.29,24.78
2024-06-16,0.75,30.5,69.33,99.88,3.69,23.93
2024-06-17,0.63,31.33,74.45,99.9,3.47,25.95
2024-06-18,1.56,31.31,74.55,99.77,4.79,25.95
2024-06-19,4.64,31.11,74.74,99.6,3.46,25.87
2024-06-20,10.76,30.74,77.46,99.6,3.67,26.12
2024-06-21,9.31,28.99,82.24,99.72,3.08,25.57
2024-06-22,5.25,29.22,79.48,99.63,2.66,25.16
2024-06-23,3.55,29.49,78.07,99.7,3.16,25.16
2024-06-24,2.45,30.52,73.1,99.65,4.39,24.92
2024-06-25,2.57,31.04,72.85,99.57,3.36,25.39
2024-06-26,6.57,29.96,79.62,99.57,2.45,25.98
2024-06-27,10.61,29.63,80.32,99.65,2.81,25.79
2024-06-28,10.32,29.96,76.89,99.58,3.74,25.34
2024-06-29,55.36,29.89,81.47,99.65,3.65,26.31
2024-06-30,12.65,29.59,83.54,99.81,4.19,26.44
2024-07-01,7.3,28.59,85.22,99.78,5.06,25.83
2024-07-02,4.39,28.91,83.88,99.69,4.25,25.84
2024-07-03,5.48,29.34,84.16,99.69,3.42,26.29
2024-07-04,6.72,28.75,86.72,99.88,3.96,26.29
2024-07-05,8.25,29.37,84.35,99.77,3.47,26.37
2024-07-06,3.95,28.1,88.32,99.71,3.17,25.99
2024-07-07,11.42,29.1,82.23,99.77,1.27,25.65
2024-07-08,4.81,28.88,83.01,99.78,2.3,25.61
2024-07-09,2.26,28.94,83.01,99.95,2.89,25.69
2024-07-10,1.51,29.56,79.54,100.1,4.82,25.52
2024-07-11,2.82,29.3,82.88,99.9,4.5,26.02
2024-07-12,17.53,28.55,86.74,99.65,4.04,26.08
2024-07-13,6.7,29.31,83.67,99.45,3.22,26.15
2024-07-14,19.06,29.23,84.01,99.29,2.61,26.15
2024-07-15,11.7,28.77,83.79,99.36,2.61,25.69
2024-07-16,3.67,28.64,83.52,99.55,3.57,25.53
2024-07-17,3.19,28.85,86.15,99.49,2.14,26.27
2024-07-18,12.34,29.37,84.32,99.35,3.5,26.37
2024-07-19,14.43,29.48,85.45,99.0,3.82,26.71
2024-07-20,16.87,29.34,84.5,98.98,3.09,26.4
2024-07-21,6.79,29.44,83.96,99.18,4.81,26.39
2024-07-22,17.64,29.02,84.92,99.46,6.35,26.19
2024-07-23,29.31,28.22,86.08,99.43,5.79,25.66
2024-07-24,19.47,29.06,83.57,99.2,5.18,25.9
2024-07-25,6.18,29.16,82.58,99.08,4.95,25.78
2024-07-26,11.39,28.89,85.97,99.03,4.64,26.26
2024-07-27,4.34,28.79,87.61,99.13,4.1,26.5
2024-07-28,5.91,29.84,84.07,99.24,2.36,26.72
2024-07-29,7.83,29.02,85.48,99.41,3.51,26.27
2024-07-30,4.84,29.22,86.28,99.66,3.73,26.63
2024-07-31,7.79,28.61,88.99,99.68,4.43,26.6
2024-08-01,7.05,28.93,88.48,99.57,4.38,26.79
2024-08-02,3.9,28.61,87.43,99.61,5.41,26.28
2024-08-03,4.29,28.68,85.49,99.83,5.14,25.93
2024-08-04,4.08,28.44,87.64,100.06,4.79,26.17
2024-08-05,9.44,28.3,87.76,100.06,3.38,26.04
2024-08-06,30.92,28.24,88.18,99.84,2.5,26.08
2024-08-07,15.78,28.35,86.52,99.78,3.11,25.84
2024-08-08,4.16,28.29,86.4,99.88,3.41,25.76
2024-08-09,12.35,28.99,85.53,100.02,3.03,26.26
2024-08-10,1.69,29.12,84.21,100.05,2.29,26.09
2024-08-11,4.33,28.92,85.76,99.94,2.41,26.23
2024-08-12,4.15,29.21,85.95,99.94,2.39,26.56
2024-08-13,6.77,28.8,87.67,100.04,2.26,26.52
2024-08-14,11.33,28.52,90.19,100.04,2.84,26.75
2024-08-15,13.1,28.37,89.11,99.97,2.69,26.38
2024-08-16,11.14,28.06,90.7,99.92,3.23,26.39
2024-08-17,21.03,28.63,87.07,99.97,2.59,26.2
2024-08-18,6.41,28.92,87.11,100.07,2.15,26.52
2024-08-19,3.36,28.59,88.08,99.98,2.77,26.4
2024-08-20,2.63,28.66,88.43,100.07,3.15,26.53
2024-08-21,1.67,28.52,90.05,100.21,3.8,26.71
2024-08-22,8.46,27.94,89.62,100.16,3.84,26.07
2024-08-23,4.47,27.91,88.24,100.12,3.9,25.77
2024-08-24,13.1,27.69,89.77,100.1,4.72,25.86
2024-08-25,4.44,27.56,90.0,99.97,5.04,25.78
2024-08-26,15.8,27.8,89.04,99.89,4.0,25.81
2024-08-27,16.95,27.93,88.06,100.08,2.92,25.75
2024-08-28,7.55,28.38,85.42,100.03,1.4,25.64
2024-08-29,8.59,27.61,88.62,99.85,2.89,25.55
2024-08-30,6.23,28.32,87.32,99.82,4.06,25.95
2024-08-31,8.3,28.52,89.53,99.68,5.04,26.61
2024-09-01,7.85,28.42,89.42,99.82,4.89,26.52
2024-09-02,2.74,28.33,86.45,100.02,3.65,25.83
2024-09-03,1.41,28.13,85.96,100.14,3.03,25.54
2024-09-04,2.94,28.42,85.51,99.95,2.33,25.73
2024-09-05,4.41,28.77,82.67,99.79,1.52,25.48
2024-09-06,5.73,28.82,83.13,99.83,1.79,25.61
2024-09-07,14.8,28.34,89.66,99.75,3.27,26.47
2024-09-08,15.76,28.75,90.14,99.56,5.06,26.96
2024-09-09,36.48,28.77,91.48,98.94,6.99,27.26
2024-09-10,1.73,28.9,87.31,99.36,6.94,26.58
2024-09-11,1.64,29.12,85.5,99.78,3.4,26.37
2024-09-12,1.43,29.07,83.9,99.97,2.68,25.99
2024-09-13,2.38,28.45,86.45,99.85,3.44,25.93
2024-09-14,20.68,28.02,88.7,99.65,4.2,25.98
2024-09-15,5.83,27.64,86.09,99.57,5.57,25.07
2024-09-16,5.28,28.05,85.0,99.58,5.15,25.24
2024-09-17,5.85,28.35,84.26,99.83,3.15,25.39
2024-09-18,5.03,28.28,83.2,99.96,1.68,25.11
2024-09-19,0.3,28.57,79.53,100.0,1.33,24.62
2024-09-20,2.07,29.41,79.29,99.97,1.22,25.4
2024-09-21,1.88,28.89,85.87,100.02,2.44,26.25
2024-09-22,2.87,28.36,86.81,99.97,1.94,25.91
2024-09-23,10.92,28.23,88.6,99.93,2.86,26.16
2024-09-24,13.58,27.45,91.61,99.72,4.09,25.97
2024-09-25,70.82,27.85,90.63,99.88,3.91,26.18
2024-09-26,24.46,28.27,88.94,100.07,4.85,26.28
2024-09-27,11.83,28.1,88.57,100.32,4.06,26.04
2024-09-28,1.96,28.2,87.24,100.43,3.29,25.85
2024-09-29,1.89,28.46,87.26,100.49,2.47,26.1
2024-09-30,1.4,29.13,85.7,100.4,1.92,26.44
2024-10-01,0.98,28.82,87.16,100.18,2.05,26.44
2024-10-02,1.06,28.5,87.98,100.13,2.47,26.3
2024-10-03,1.68,28.87,86.24,100.02,2.6,26.3
2024-10-04,2.58,28.37,85.55,100.1,1.51,25.66
2024-10-05,3.02,28.86,81.42,100.31,1.28,25.27
2024-10-06,1.17,28.04,83.25,100.51,1.41,24.91
2024-10-07,5.39,27.4,85.91,100.74,1.45,24.82
2024-10-08,2.66,28.21,80.73,100.78,1.07,24.53
2024-10-09,0.44,28.1,79.83,100.62,1.49,24.18
2024-10-10,0.03,27.87,80.78,100.53,1.5,24.17
2024-10-11,0.08,28.41,80.23,100.49,1.52,24.57
2024-10-12,0.08,28.56,78.67,100.59,1.37,24.36
2024-10-13,0.04,28.48,79.76,100.64,1.6,24.59
2024-10-14,0.24,28.34,82.96,100.61,2.04,25.1
2024-10-15,0.09,28.59,80.61,100.58,1.8,24.82
2024-10-16,0.26,28.42,81.56,100.56,1.88,24.89
2024-10-17,1.16,28.55,81.82,100.57,1.79,25.07
2024-10-18,1.86,28.54,82.05,100.56,1.48,25.12
2024-10-19,4.11,28.84,78.67,100.64,1.12,24.66
2024-10-20,10.9,27.87,83.33,100.77,1.65,24.77
2024-10-21,0.05,27.07,82.44,100.73,2.32,23.74
2024-10-22,0.01,26.53,80.21,100.65,2.92,22.75
2024-10-23,1.79,26.47,84.69,100.44,4.31,23.57
2024-10-24,26.14,25.64,91.04,99.84,7.26,24.08
2024-10-25,25.14,26.29,89.77,99.76,6.13,24.48
2024-10-26,4.24,26.41,89.28,99.93,5.66,24.52
2024-10-27,1.11,27.42,86.47,100.24,3.27,24.95
2024-10-28,3.8,27.15,85.43,100.32,1.73,24.46
2024-10-29,2.06,27.65,81.39,100.43,1.0,24.1
2024-10-30,0.19,27.27,82.46,100.59,1.54,23.95
2024-10-31,0.34,27.29,79.68,100.68,1.51,23.35
2024-11-01,1.02,27.75,78.83,100.76,1.25,23.64
2024-11-02,0.43,26.96,78.57,100.87,1.68,22.81
2024-11-03,0.16,26.58,70.06,100.9,1.36,20.48
2024-11-04,0.0,26.03,68.42,100.8,1.29,19.69
2024-11-05,0.45,25.55,80.75,100.85,2.41,21.92
2024-11-06,0.31,26.0,84.86,100.89,2.51,23.2
2024-11-07,0.03,26.05,83.0,100.9,2.56,22.85
2024-11-08,0.0,25.68,81.69,100.9,2.3,22.23
2024-11-09,0.0,25.37,80.63,100.9,2.75,21.69
2024-11-10,0.0,24.65,79.89,100.88,3.52,20.79
2024-11-11,0.0,24.46,80.15,100.82,4.25,20.71
2024-11-12,0.04,24.41,86.2,100.77,4.12,21.89
2024-11-13,0.0,24.73,86.49,100.72,3.71,22.25
2024-11-14,0.0,24.67,78.78,100.88,2.76,20.63
2024-11-15,0.0,23.69,75.42,100.9,2.44,18.93
2024-11-16,0.0,22.84,71.59,100.84,2.15,17.26
2024-11-17,0.0,22.45,71.5,100.87,2.2,16.89
2024-11-18,0.0,22.5,69.02,100.93,1.79,16.38
2024-11-19,0.0,21.67,69.73,101.0,2.07,15.79
2024-11-20,0.0,21.67,72.9,100.97,1.94,16.5
2024-11-21,0.0,22.28,71.81,100.92,1.53,16.81
2024-11-22,0.0,22.2,72.49,100.92,1.95,16.89
2024-11-23,0.0,21.94,70.28,101.03,1.93,16.13
2024-11-24,0.0,21.48,74.08,101.06,1.99,16.58
2024-11-25,0.0,21.51,78.02,101.04,2.36,17.34
2024-11-26,0.0,21.36,74.84,101.0,2.43,16.56
2024-11-27,0.0,20.71,78.44,100.91,2.94,16.72
2024-11-28,0.2,21.22,84.24,100.94,3.65,18.35
2024-11-29,4.07,22.43,88.47,100.91,4.43,20.35
2024-11-30,1.26,23.18,89.34,100.82,3.88,21.26
2024-12-01,2.12,23.21,87.73,100.67,4.13,21.0
2024-12-02,1.8,22.84,89.26,100.7,4.1,20.92
2024-12-03,0.1,23.66,82.56,100.86,3.16,20.42
2024-12-04,0.0,24.0,80.22,100.87,2.02,20.29
2024-12-05,0.0,24.45,77.49,100.87,1.52,20.14
2024-12-06,0.0,24.58,74.93,100.8,1.42,19.7
2024-12-07,0.03,22.87,79.41,100.82,1.56,18.96
2024-12-08,0.79,23.65,84.88,100.82,2.02,20.9
2024-12-09,1.27,24.52,82.89,100.74,1.66,21.37
2024-12-10,1.59,23.54,83.38,100.87,2.08,20.51
2024-12-11,0.01,20.69,78.28,101.04,3.11,16.59
2024-12-12,0.0,19.24,71.13,100.96,2.31,13.62
2024-12-13,0.0,19.27,65.28,101.02,2.49,12.34
2024-12-14,0.0,18.83,64.35,101.18,2.66,11.76
2024-12-15,0.0,18.04,64.34,101.26,2.89,10.9
2024-12-16,0.0,17.96,63.43,101.16,2.31,10.57
2024-12-17,0.03,19.58,74.1,101.01,2.52,14.64
2024-12-18,0.39,21.02,77.93,100.93,2.88,16.88
2024-12-19,1.58,21.39,79.39,100.95,3.29,17.56
2024-12-20,14.23,21.63,85.01,100.87,3.37,18.89
2024-12-21,35.52,20.05,91.03,100.85,4.59,18.49
2024-12-22,4.41,20.61,85.83,100.96,3.63,18.05
2024-12-23,0.68,20.78,80.73,101.01,3.07,17.21
2024-12-24,7.89,19.67,87.78,101.07,3.12,17.57
2024-12-25,1.23,20.78,86.44,101.22,2.98,18.38
2024-12-26,7.93,21.36,81.91,101.38,2.32,18.01
2024-12-27,0.09,21.35,80.5,101.4,2.79,17.63
2024-12-28,0.0,21.54,79.17,101.28,1.77,17.51
2024-12-29,0.0,23.14,76.36,101.2,0.99,18.59
2024-12-30,0.0,22.23,80.95,101.23,2.08,18.62
2024-12-31,0.0,21.58,80.08,101.26,1.86,17.82
2025-01-01,0.0,19.67,70.27,101.13,1.98,13.77
2025-01-02,0.0,18.6,67.32,101.13,2.14,12.15
2025-01-03,0.0,18.1,66.76,101.15,1.78,11.66
2025-01-04,0.0,18.58,69.27,101.05,1.79,12.65
2025-01-05,0.0,19.82,69.79,101.06,1.29,13.98
2025-01-06,0.0,20.03,72.69,101.0,1.26,14.7
2025-01-07,0.0,20.73,71.91,100.93,1.65,15.24
2025-01-08,0.0,19.41,70.69,101.02,2.32,13.42
2025-01-09,0.0,18.68,73.69,101.23,2.18,13.57
2025-01-10,0.0,18.56,74.46,101.4,2.36,13.73
2025-01-11,0.0,18.62,75.15,101.4,2.35,13.81
2025-01-12,0.0,19.04,71.77,101.28,1.6,13.45
2025-01-13,0.0,20.42,70.85,101.12,1.31,14.55
2025-01-14,0.0,21.02,73.1,101.26,1.88,15.78
2025-01-15,0.0,20.3,79.14,101.36,2.47,16.33
2025-01-16,0.0,20.01,72.32,101.3,2.5,14.54
2025-01-17,0.0,19.61,65.89,101.19,2.42,12.65
2025-01-18,0.0,19.72,68.88,101.15,2.22,13.52
2025-01-19,0.0,20.71,66.47,101.04,1.94,13.87
2025-01-20,0.0,20.54,61.98,100.9,2.07,12.36
2025-01-21,0.0,20.19,62.11,100.84,2.16,12.21
2025-01-22,0.0,21.56,66.05,100.84,1.76,14.44
2025-01-23,0.0,22.25,70.13,100.88,1.46,15.94
2025-01-24,0.0,22.31,74.97,100.82,1.46,17.02
2025-01-25,0.0,22.82,76.03,100.9,1.45,18.0
2025-01-26,0.0,22.7,77.63,100.89,1.54,18.35
2025-01-27,0.0,21.85,71.09,100.76,1.57,15.74
2025-01-28,0.0,22.19,76.6,100.81,1.52,17.45
2025-01-29,0.0,23.13,78.96,101.02,2.11,19.06
2025-01-30,0.0,23.42,80.83,100.77,2.94,19.71
2025-01-31,0.0,24.18,79.81,100.7,2.32,19.93
2025-02-01,0.0,24.93,77.84,100.76,1.9,20.32
2025-02-02,0.0,25.87,71.72,100.75,1.94,19.55
2025-02-03,0.0,25.45,73.76,100.8,2.05,19.93
2025-02-04,0.0,25.74,76.79,100.86,1.14,20.97
2025-02-05,0.0,26.18,75.14,100.7,1.91,20.78
2025-02-06,0.0,26.35,67.74,100.72,2.02,19.19
2025-02-07,0.0,24.88,62.79,100.94,1.69,16.45
2025-02-08,0.0,23.39,52.77,100.94,2.32,11.96
2025-02-09,0.0,23.3,60.14,100.91,1.35,14.03
2025-02-10,0.0,23.69,63.46,100.94,1.85,14.94
2025-02-11,0.0,24.89,68.14,100.86,2.52,17.48
2025-02-12,0.0,26.04,69.68,100.82,2.79,19.27
2025-02-13,0.0,26.11,59.71,100.78,2.21,16.16
2025-02-14,0.0,23.87,47.8,100.8,2.1,10.43
2025-02-15,0.0,24.75,40.6,100.74,1.78,8.96
2025-02-16,0.0,25.07,52.86,100.8,1.98,13.5
2025-02-17,0.01,25.62,69.08,100.93,3.38,18.63
2025-02-18,0.0,26.17,68.31,100.85,2.99,19.12
2025-02-19,2.42,26.43,71.98,100.73,3.31,20.43
2025-02-20,3.75,26.16,72.4,100.87,3.5,20.51
2025-02-21,2.92,26.21,71.53,100.98,2.22,20.23
2025-02-22,1.49,26.43,71.21,100.99,2.96,20.31
2025-02-23,4.42,26.87,64.73,101.03,1.68,18.87
2025-02-24,0.29,26.07,63.4,101.18,1.71,17.76
2025-02-25,0.03,26.46,63.65,101.27,1.29,18.2
2025-02-26,0.0,26.42,63.08,101.27,1.46,18.4
2025-02-27,0.0,26.83,60.93,101.06,2.06,18.27
2025-02-28,0.0,26.72,60.71,100.95,2.23,17.78
2025-03-01,0.0,27.0,61.76,100.79,2.87,18.16
2025-03-02,0.0,27.97,58.49,100.53,2.63,17.81
2025-03-03,0.0,28.32,62.18,100.56,2.25,18.95
2025-03-04,0.0,28.28,54.85,100.61,2.08,16.28
2025-03-05,0.0,27.8,51.81,100.53,2.15,15.1
2025-03-06,0.0,25.17,31.92,100.73,2.34,4.93
2025-03-07,0.0,25.26,35.34,100.58,1.78,7.05
2025-03-08,0.0,26.36,57.52,100.47,3.15,15.74
2025-03-09,0.0,27.03,67.76,100.77,2.58,19.46
2025-03-10,0.0,27.24,58.74,101.05,2.0,17.17
2025-03-11,0.0,27.44,54.03,100.92,2.5,16.08
2025-03-12,0.0,28.39,54.66,100.56,2.83,16.42
2025-03-13,0.01,29.45,61.41,100.36,3.69,19.03
2025-03-14,0.03,30.06,64.83,100.43,4.2,20.98
2025-03-15,0.01,30.52,62.72,100.56,3.53,20.99
2025-03-16,0.0,30.21,62.41,100.56,3.94,20.98
2025-03-17,0.03,30.26,60.61,100.47,4.03,20.32
2025-03-18,0.21,30.0,59.81,100.54,2.8,20.14
2025-03-19,1.7,28.96,70.7,100.84,3.67,22.4
2025-03-20,0.46,28.82,66.53,100.93,4.58,20.82
2025-03-21,0.26,28.31,66.4,100.94,4.77,20.62
2025-03-22,17.64,26.94,76.29,100.98,3.38,22.23
2025-03-23,11.98,27.76,66.46,100.98,1.75,20.33
2025-03-24,2.56,28.28,62.14,100.88,1.99,19.71
2025-03-25,0.13,28.71,58.53,100.54,2.4,18.73
2025-03-26,0.0,29.12,62.73,100.33,3.58,19.81
2025-03-27,0.01,30.13,59.52,100.18,2.63,18.99
2025-03-28,0.0,30.36,60.39,100.09,2.61,19.12
2025-03-29,0.0,30.4,64.57,100.18,2.76,21.04
2025-03-30,0.0,29.87,71.66,100.44,3.6,23.45
2025-03-31,0.0,29.72,67.94,100.49,4.65,22.34
2025-04-01,0.0,29.1,67.63,100.48,4.59,21.93
2025-04-02,0.01,28.84,67.46,100.59,3.97,21.68
2025-04-03,0.12,28.91,66.06,100.73,2.93,21.02
2025-04-04,0.09,30.13,60.52,100.64,2.49,20.32
2025-04-05,0.12,30.99,59.36,100.46,2.86,20.74
2025-04-06,0.67,30.58,64.86,100.38,4.28,22.36
2025-04-07,0.73,30.18,64.83,100.54,3.98,21.71
2025-04-08,1.05,29.05,69.35,100.84,3.69,22.61
2025-04-09,0.29,29.36,63.54,100.64,3.22,21.28
2025-04-10,2.03,28.82,67.69,100.25,2.83,21.88
2025-04-11,6.04,29.1,71.04,100.13,2.26,23.02
2025-04-12,3.64,28.87,75.17,100.23,2.94,23.81
2025-04-13,4.53,29.27,71.16,100.42,2.48,22.99
2025-04-14,3.03,29.88,63.95,100.44,2.55,21.55
2025-04-15,6.96,28.86,69.6,100.53,2.75,22.34
2025-04-16,6.33,28.6,73.16,100.49,3.36,22.99
2025-04-17,5.41,30.04,69.37,100.31,4.5,23.28
2025-04-18,8.51,29.73,73.44,100.19,5.28,24.22
2025-04-19,9.76,30.34,72.98,100.12,4.5,24.48
2025-04-20,4.83,30.95,73.95,100.17,4.16,25.34
2025-04-21,1.44,31.39,72.63,100.32,4.63,25.32
2025-04-22,0.0,31.67,69.85,100.34,4.72,24.7
2025-04-23,0.0,32.07,67.08,100.16,4.75,24.08
2025-04-24,0.0,31.97,67.87,100.07,5.63,24.48
2025-04-25,0.0,31.92,65.84,100.17,5.25,23.62
2025-04-26,0.82,31.28,67.27,100.23,5.72,23.71
2025-04-27,4.94,31.1,64.95,100.41,3.89,22.96
2025-04-28,5.85,30.77,63.19,100.33,3.47,22.3
2025-04-29,8.74,29.77,69.71,100.33,3.84,23.17
2025-04-30,10.4,29.34,69.57,100.45,2.61,22.8
2025-05-01,4.48,29.55,64.94,100.55,2.22,21.64
2025-05-02,4.61,29.23,66.38,100.46,2.25,21.7
2025-05-03,5.75,29.89,69.54,100.31,3.5,23.28
2025-05-04,5.7,30.05,69.3,100.2,2.51,23.21
2025-05-05,1.51,30.68,65.37,100.21,2.78,22.64
2025-05-06,1.73,31.05,65.17,100.24,3.16,23.07
2025-05-07,0.62,31.12,64.77,100.17,3.04,23.06
2025-05-08,0.47,31.1,66.02,100.23,3.14,23.45
2025-05-09,0.18,32.13,59.77,100.27,2.42,22.29
2025-05-10,0.12,32.04,59.22,100.26,3.26,21.99
2025-05-11,0.11,32.25,59.66,100.1,3.4,22.24
2025-05-12,0.41,32.6,63.21,99.93,3.77,23.86
2025-05-13,1.13,31.97,67.24,99.99,4.01,24.58
2025-05-14,2.21,31.9,67.99,100.07,4.28,24.8
2025-05-15,1.72,31.1,71.72,100.13,3.36,25.15
2025-05-16,0.87,30.7,75.59,100.13,3.74,25.67
2025-05-17,0.24,30.9,69.47,100.13,3.54,24.25
2025-05-18,0.47,30.79,71.57,100.18,2.8,24.76
2025-05-19,1.9,31.0,70.43,100.12,3.03,24.63
2025-05-20,4.07,30.74,74.89,100.0,3.05,25.59
2025-05-21,5.73,30.04,79.53,100.09,3.27,25.99
2025-05-22,9.55,29.82,78.55,100.01,1.85,25.5
2025-05-23,14.04,29.68,72.78,99.83,1.59,23.96
2025-05-24,14.52,28.39,85.8,99.71,3.28,25.79
2025-05-25,10.83,28.55,86.87,99.75,2.39,26.12
2025-05-26,2.8,29.11,79.11,99.68,2.27,25.01
2025-05-27,9.62,29.86,75.33,99.42,1.66,24.87
2025-05-28,16.67,28.47,85.81,99.16,4.19,25.83
2025-05-29,19.67,29.55,80.76,99.1,4.57,25.76
2025-05-30,5.03,30.35,82.49,99.38,3.85,26.91
2025-05-31,3.29,30.15,80.86,99.66,2.11,26.37
2025-06-01,2.07,31.61,71.64,99.68,2.58,25.46
2025-06-02,0.19,32.34,62.78,99.7,4.07,23.71
2025-06-03,5.72,31.94,67.68,99.86,3.37,24.7
2025-06-04,3.7,31.73,68.25,100.0,3.0,24.59
2025-06-05,2.51,31.4,68.47,100.14,2.4,24.52
2025-06-06,3.99,31.27,70.04,100.19,2.5,24.73
2025-06-07,3.05,31.17,71.73,100.11,2.51,25.06
2025-06-08,1.69,31.28,73.18,99.93,2.57,25.55
2025-06-09,5.3,30.97,76.14,99.76,2.98,26.06
2025-06-10,4.52,29.47,79.42,99.68,2.6,25.47
2025-06-11,3.57,29.41,77.85,99.71,3.44,25.0
2025-06-12,8.96,29.36,80.15,99.76,3.22,25.49
2025-06-13,0.86,29.89,75.78,99.86,3.03,25.01
2025-06-14,0.85,29.99,78.12,99.71,3.89,25.64
2025-06-15,5.32,29.76,81.91,99.53,2.41,26.27
2025-06-16,16.43,28.74,84.09,99.58,3.63,25.74
2025-06-17,7.4,29.05,83.67,99.64,3.99,25.95
2025-06-18,6.8,29.53,81.12,99.61,4.99,25.83
2025-06-19,5.02,29.34,81.36,99.63,5.17,25.68
2025-06-20,5.25,29.71,80.61,99.76,4.52,25.9
2025-06-21,5.88,30.09,79.81,99.77,3.12,25.98
2025-06-22,3.18,29.09,82.81,99.7,3.43,25.78
2025-06-23,6.77,28.57,82.73,99.53,3.2,25.27
2025-06-24,3.14,29.05,80.23,99.4,3.04,25.19
2025-06-25,17.46,28.86,83.02,99.47,2.19,25.61
2025-06-26,20.36,28.95,83.67,99.56,4.78,25.85
2025-06-27,11.33,28.51,85.59,99.76,4.12,25.81
2025-06-28,18.95,27.98,87.01,99.68,4.21,25.6
2025-06-29,20.58,27.45,84.34,99.49,5.2,24.54
2025-06-30,1.88,28.28,81.66,99.34,4.56,24.75
2025-07-01,12.63,28.71,82.81,99.37,3.86,25.44
2025-07-02,10.94,29.11,82.35,99.47,2.91,25.66
2025-07-03,16.45,28.85,83.85,99.62,4.21,25.76
2025-07-04,11.15,28.72,85.41,99.67,3.66,25.97
2025-07-05,14.64,28.66,84.63,99.58,4.03,25.75
2025-07-06,13.39,28.02,89.31,99.42,4.46,26.1
2025-07-07,6.75,28.64,84.82,99.34,5.03,25.77
2025-07-08,3.64,28.1,81.39,99.38,5.58,24.55
2025-07-09,1.48,28.3,81.8,99.5,4.75,24.81
2025-07-10,3.06,28.56,85.19,99.57,3.68,25.76
2025-07-11,4.09,29.2,83.82,99.57,3.16,26.08
2025-07-12,3.82,29.27,84.3,99.67,2.96,26.24
2025-07-13,7.23,28.81,86.57,99.68,2.48,26.29
2025-07-14,11.63,28.36,87.4,99.72,2.18,26.04
2025-07-15,6.23,29.13,84.54,99.67,2.56,26.17
2025-07-16,8.2,28.86,87.5,99.78,2.62,26.53
2025-07-17,4.03,28.58,87.91,99.95,3.28,26.35
2025-07-18,1.21,28.58,85.06,99.94,2.4,25.78
2025-07-19,8.68,29.24,82.37,99.6,1.9,25.82
2025-07-20,4.69,29.48,82.55,99.49,1.45,26.08
2025-07-21,3.5,28.96,83.56,99.6,1.7,25.84
2025-07-22,1.82,29.39,81.05,99.5,1.54,25.7
2025-07-23,8.34,30.08,82.03,99.22,2.18,26.58
2025-07-24,9.15,29.18,87.01,99.01,2.9,26.78
2025-07-25,23.44,28.16,87.54,99.02,4.88,25.88
2025-07-26,4.36,28.7,86.15,99.23,6.55,26.12
2025-07-27,3.79,29.63,80.74,99.51,4.49,25.81
2025-07-28,3.19,29.47,83.18,99.55,3.45,26.21
2025-07-29,21.07,28.58,86.76,99.53,3.18,26.14
2025-07-30,5.0,28.73,82.37,99.65,3.33,25.35
2025-07-31,5.78,29.21,81.08,99.75,2.92,25.49
2025-08-01,3.43,29.64,79.18,99.79,2.88,25.48
2025-08-02,4.74,29.15,82.47,99.84,2.28,25.75
2025-08-03,5.23,29.42,84.58,100.03,2.42,26.46
2025-08-04,2.07,29.25,86.5,100.16,2.37,26.69
2025-08-05,2.11,28.7,88.15,100.19,2.43,26.52
2025-08-06,2.0,28.79,84.89,100.11,2.1,25.94
2025-08-07,9.81,28.64,83.85,100.04,2.86,25.56
2025-08-08,7.95,27.89,84.21,100.22,3.16,24.94
2025-08-09,2.14,28.21,82.98,100.37,2.66,24.97
2025-08-10,1.1,28.4,84.55,100.19,2.89,25.5
2025-08-11,2.77,29.37,81.85,100.02,2.23,25.82
2025-08-12,6.64,29.67,82.1,99.79,1.92,26.18
2025-08-13,8.15,28.89,85.16,99.75,2.97,26.12
2025-08-14,14.1,28.14,88.84,99.63,3.99,26.13
2025-08-15,18.29,28.28,86.63,99.63,3.6,25.83
2025-08-16,6.57,28.48,85.15,99.55,2.84,25.71
2025-08-17,6.58,28.45,85.52,99.57,4.19,25.74
2025-08-18,24.07,28.28,87.56,99.55,4.07,25.98
2025-08-19,6.29,28.21,86.92,99.57,4.98,25.82
2025-08-20,4.38,28.62,84.12,99.78,4.5,25.62
2025-08-21,7.57,27.91,89.88,100.05,3.39,26.1
2025-08-22,16.55,27.76,90.07,99.92,4.1,25.99
2025-08-23,7.39,27.76,88.39,99.84,4.75,25.66
2025-08-24,4.66,27.93,86.22,99.95,3.75,25.38
2025-08-25,4.65,27.92,83.83,99.97,2.38,24.86
2025-08-26,6.42,27.78,86.42,99.83,2.59,25.26
2025-08-27,5.31,27.65,86.15,99.76,3.23,25.07
2025-08-28,2.89,28.47,85.43,99.76,4.21,25.74
2025-08-29,1.01,28.26,84.99,100.01,4.58,25.46
2025-08-30,4.36,28.19,86.13,100.14,3.34,25.62
2025-08-31,8.3,28.87,83.74,99.94,1.48,25.76
2025-09-01,7.21,28.8,86.09,99.65,1.66,26.2
2025-09-02,11.97,27.82,88.83,99.51,2.6,25.81
2025-09-03,21.08,27.72,86.14,99.58,3.62,25.16
2025-09-04,8.88,27.96,85.72,99.9,2.54,25.33
2025-09-05,8.71,28.16,84.75,100.08,1.54,25.32
2025-09-06,6.16,27.96,85.65,100.19,1.67,25.29
2025-09-07,1.21,28.09,83.68,100.17,1.34,25.02
2025-09-08,0.46,28.33,82.43,100.12,1.77,24.98
2025-09-09,0.15,28.72,80.91,100.22,1.43,25.04
2025-09-10,0.27,29.2,80.43,100.13,1.42,25.34
2025-09-11,2.0,28.64,84.71,100.1,1.69,25.78
2025-09-12,3.17,28.42,83.3,100.16,2.38,25.28
2025-09-13,4.47,28.45,85.34,100.22,2.52,25.72
2025-09-14,11.51,28.47,86.81,100.24,2.9,26.06
2025-09-15,18.98,28.09,87.77,100.22,2.76,25.87
2025-09-16,14.53,28.17,87.2,100.26,2.73,25.83
2025-09-17,1.59,28.05,86.85,100.29,3.09,25.64
2025-09-18,0.59,28.61,83.05,100.27,2.68,25.35
2025-09-19,0.48,28.82,82.6,100.24,1.81,25.49
2025-09-20,2.25,28.53,84.84,100.09,1.3,25.71
2025-09-21,6.63,28.16,87.08,99.97,1.37,25.8
2025-09-22,4.21,28.14,86.27,100.03,1.19,25.59
2025-09-23,13.1,27.58,86.5,99.95,1.75,25.1
2025-09-24,6.57,27.34,87.01,99.65,2.5,24.97
2025-09-25,4.44,27.81,86.23,99.66,3.07,25.26
2025-09-26,16.97,27.35,89.33,99.67,1.71,25.44
2025-09-27,10.22,28.01,86.83,99.93,4.32,25.6
2025-09-28,3.72,28.21,85.72,100.11,2.94,25.57
2025-09-29,3.16,27.88,85.64,100.03,1.91,25.24
2025-09-30,0.21,28.57,82.27,99.89,1.79,25.19
2025-10-01,10.33,28.56,86.37,99.78,3.26,26.04
2025-10-02,26.98,28.09,89.76,99.57,7.83,26.25
2025-10-03,7.7,28.45,87.63,100.06,5.59,26.2
2025-10-04,7.42,28.39,89.33,100.32,3.63,26.47
2025-10-05,12.08,28.17,88.1,100.4,2.23,26.0
2025-10-06,13.23,27.95,84.02,100.51,1.62,24.9
2025-10-07,11.17,27.39,85.22,100.51,1.02,24.64
2025-10-08,10.38,27.2,84.94,100.54,1.02,24.4
2025-10-09,2.61,27.12,85.39,100.58,1.68,24.43
2025-10-10,3.43,27.25,85.75,100.48,1.96,24.62
2025-10-11,4.33,26.89,86.27,100.48,2.54,24.35
2025-10-12,3.99,26.45,84.94,100.53,2.92,23.66
2025-10-13,8.73,26.53,86.86,100.62,3.36,24.13
2025-10-14,0.09,26.71,82.56,100.53,2.57,23.42
2025-10-15,0.01,26.84,81.64,100.51,2.46,23.37
2025-10-16,0.0,26.25,79.31,100.56,2.33,22.28
2025-10-17,0.0,25.86,75.38,100.72,2.02,21.05
2025-10-18,1.56,25.96,79.54,100.64,2.11,22.08
2025-10-19,7.33,26.63,84.06,100.54,2.23,23.66
2025-10-20,7.15,27.09,86.05,100.53,2.45,24.52
2025-10-21,2.06,27.01,87.18,100.64,3.04,24.65
2025-10-22,0.76,26.96,83.59,100.69,2.71,23.86
2025-10-23,0.53,27.07,83.99,100.65,2.12,24.04
2025-10-24,1.09,27.12,81.81,100.63,2.04,23.65
2025-10-25,0.99,27.28,82.28,100.6,2.15,23.93
2025-10-26,0.93,27.2,83.86,100.65,2.66,24.14
2025-10-27,6.53,27.55,86.28,100.6,4.28,25.01
2025-10-28,28.67,27.72,90.28,100.42,4.75,25.99
2025-10-29,18.12,27.75,85.98,100.38,4.26,25.17
2025-10-30,6.31,27.44,84.42,100.51,3.67,24.56
2025-10-31,1.16,27.57,83.22,100.54,3.26,24.41
2025-11-01,8.79,28.12,84.25,100.47,1.84,25.17
2025-11-02,0.23,27.25,83.56,100.53,2.9,24.13
2025-11-03,0.01,25.68,81.91,100.56,2.68,22.23
2025-11-04,0.0,24.34,73.63,100.55,2.41,19.09
2025-11-05,0.0,23.05,71.64,100.46,2.54,17.41
2025-11-06,0.0,25.1,78.67,100.51,2.29,21.03
2025-11-07,0.0,24.64,80.05,100.71,2.51,20.85
2025-11-08,0.0,23.18,76.48,100.83,3.2,18.62
2025-11-09,0.0,21.43,73.92,100.79,3.07,16.36
2025-11-10,0.0,21.16,72.36,100.84,2.55,15.82
2025-11-11,0.0,20.65,75.55,100.89,2.6,15.99
2025-11-12,0.0,20.19,72.01,100.99,2.84,14.74
2025-11-13,0.0,20.7,71.2,101.09,2.33,15.13
2025-11-14,0.0,20.64,72.44,101.06,2.36,15.31
2025-11-15,0.0,20.28,74.61,101.17,2.55,15.41
2025-11-16,0.0,19.99,75.62,101.26,2.82,15.31
2025-11-17,0.0,19.74,76.46,101.22,2.72,15.26
2025-11-18,0.0,20.63,77.25,101.06,2.25,16.26
2025-11-19,0.0,21.52,79.83,101.02,2.15,17.72
2025-11-20,0.0,22.81,81.76,101.08,2.65,19.36
2025-11-21,0.0,23.73,81.1,101.19,2.19,20.16
2025-11-22,0.0,22.95,77.31,101.15,1.73,18.61
2025-11-23,0.0,22.57,75.46,101.15,1.88,17.91
2025-11-24,0.0,21.63,79.08,101.17,2.29,17.74
2025-11-25,0.0,21.38,77.56,101.14,2.42,17.1
2025-11-26,0.0,20.35,72.84,101.19,2.8,15.1
2025-11-27,0.0,19.14,74.11,101.22,2.76,14.22
2025-11-28,0.02,20.7,82.3,101.1,2.67,17.42
2025-11-29,0.02,22.29,81.19,100.97,2.02,18.73
2025-11-30,0.03,22.23,77.04,100.95,1.83,17.83
2025-12-01,0.76,19.62,84.39,100.99,2.29,16.88
2025-12-02,0.0,21.1,80.35,100.95,2.26,17.44
2025-12-03,0.0,21.13,83.01,101.1,2.5,17.97
2025-12-04,0.0,20.63,79.95,101.2,2.64,16.82
2025-12-05,0.0,19.75,73.75,101.32,2.93,14.72
2025-12-06,0.0,18.97,72.13,101.31,2.48,13.6
2025-12-07,0.0,19.0,71.26,101.27,2.34,13.53
2025-12-08,0.0,19.16,72.04,101.2,2.25,13.77
2025-12-09,0.0,19.28,72.98,101.13,2.44,14.14
2025-12-10,0.0,19.02,74.13,101.21,2.56,14.11
2025-12-11,0.0,18.45,67.6,101.15,2.16,11.99
2025-12-12,0.0,18.89,66.68,101.08,1.81,12.21
2025-12-13,0.0,19.02,72.61,101.12,1.9,13.8
2025-12-14,0.0,19.08,79.28,101.17,2.43,15.2
2025-12-15,0.0,19.42,72.11,101.17,2.0,13.87
2025-12-16,0.0,19.97,73.01,101.14,1.25,14.74
2025-12-17,0.0,19.15,76.96,101.2,2.12,14.71
2025-12-18,0.0,18.7,80.46,101.17,2.18,15.01
2025-12-19,0.0,18.98,75.56,101.0,1.9,14.34
2025-12-20,0.0,19.44,76.9,100.95,1.95,15.09
2025-12-21,0.0,18.51,79.23,101.1,2.47,14.57
2025-12-22,0.0,18.57,78.12,101.08,2.46,14.4
2025-12-23,0.0,18.86,75.54,100.99,1.57,14.21
2025-12-24,0.0,19.07,75.27,100.98,1.81,14.29
2025-12-25,0.0,18.92,76.73,101.08,1.95,14.54
2025-12-26,0.0,18.3,71.93,101.09,1.99,12.83
2025-12-27,0.0,17.73,71.14,101.1,2.07,12.11
2025-12-28,0.0,17.9,70.62,101.18,1.84,12.15
2025-12-29,0.0,18.14,72.25,101.15,1.83,12.77
2025-12-30,0.0,18.26,74.83,101.04,1.6,13.38
2025-12-31,0.0,18.89,74.05,100.9,1.55,13.87
